episode,hero_reward,villain_reward,steps,winner,hero_avg_prob,villain_avg_prob
1,-4.999999999999998,-4.999999999999998,50,None,0.29541657499969004,0.41504280984401704
2,-9.999999999999998,1.7763568394002505e-15,50,Villain,0.2879340289533138,0.6455829425901175
3,-5.199999999999999,4.800000000000001,2,Villain,0.4143562540411949,0.659087598323822
4,-4.999999999999998,-4.999999999999998,50,None,0.3371771884709597,0.5150741803646087
5,-4.999999999999998,-4.999999999999998,50,None,0.5476195473968982,0.606583207398653
6,-4.999999999999998,-4.999999999999998,50,None,0.4310812416672707,0.6199580256640911
7,-4.999999999999998,-4.999999999999998,50,None,0.48192895971238614,0.7210772912949324
8,-4.999999999999998,-4.999999999999998,50,None,0.7504588009417057,0.78006975190714
9,-4.999999999999998,-4.999999999999998,50,None,0.4114681067317724,0.7232419965788722
10,-4.999999999999998,-4.999999999999998,50,None,0.4848684786260128,0.9510542535781861
11,-5.5,4.5,5,Villain,0.4509038835763931,0.6114644438028336
12,-4.999999999999998,-4.999999999999998,50,None,0.5202004855871201,0.7805690417438745
13,-4.999999999999998,-4.999999999999998,50,None,0.8336055327951908,0.8302150743827224
14,-8.100000000000001,1.899999999999999,31,Villain,0.7782495984387013,0.785746568273152
15,-4.999999999999998,-4.999999999999998,50,None,0.8451585626602173,0.8283433840423823
16,-4.999999999999998,-4.999999999999998,50,None,0.3626695391535759,0.6759219716489315
17,-4.999999999999998,-4.999999999999998,50,None,0.3269148151576519,0.5468924251198769
18,-5.3,4.7,3,Villain,0.24711856245994568,0.8971234957377116
19,-5.1,4.9,1,Villain,0.17537906765937805,0.2906119227409363
20,-4.999999999999998,-4.999999999999998,50,None,0.4955620748270303,0.9148460486903787
21,-6.1,3.9000000000000004,11,Villain,0.325595886869864,0.49517126923257654
22,-9.5,0.5,45,Villain,0.36101908021503026,0.35005838556422125
23,-4.999999999999998,-4.999999999999998,50,None,0.6481786531582475,0.852345281727612
24,-4.999999999999998,-4.999999999999998,50,None,0.7265913509577513,0.9194590296223759
25,3.0999999999999996,-6.9,19,Hero,0.4996125032439044,0.8297204749756738
26,-4.999999999999998,-4.999999999999998,50,None,0.7713909038901329,0.643562625516206
27,3.3,-6.7,17,Hero,0.6061271453166709,0.8801001376088928
28,-4.999999999999998,-4.999999999999998,50,None,0.7380257622897625,0.8789122892171144
29,4.4,-5.6,6,Hero,0.7501956423123678,0.966762532790502
30,-4.999999999999998,-4.999999999999998,50,None,0.344171756953001,0.6845754751563072
31,-4.999999999999998,-4.999999999999998,50,None,0.9502634962648153,0.8693544674105942
32,-4.999999999999998,-4.999999999999998,50,None,0.7485500511527061,0.9444395157694817
33,-4.999999999999998,-4.999999999999998,50,None,0.813893654239364,0.8002579091861844
34,-4.999999999999998,-4.999999999999998,50,None,0.6125997507572174,0.5238979952037335
35,-4.999999999999998,-4.999999999999998,50,None,0.8246323901414871,0.8594366229884326
36,-4.999999999999998,-4.999999999999998,50,None,0.8335341086238622,0.5965816600620747
37,-4.999999999999998,-4.999999999999998,50,None,0.8415518668293953,0.6227540704235435
38,-4.999999999999998,-4.999999999999998,50,None,0.9242639328213409,0.9507078969478607
39,-4.999999999999998,-4.999999999999998,50,None,0.8452523428411223,0.5965486862137914
40,-4.999999999999998,-4.999999999999998,50,None,0.987710794210434,0.9089537177234888
41,-4.999999999999998,-4.999999999999998,50,None,0.9856808054447174,0.9626480710506439
42,-4.999999999999998,-4.999999999999998,50,None,0.9104215584695339,0.7415885969996452
43,-4.999999999999998,-4.999999999999998,50,None,0.9986599552631378,0.9283440344408155
44,-4.999999999999998,-4.999999999999998,50,None,0.9522602137178182,0.7421686978824437
45,-4.999999999999998,-4.999999999999998,50,None,0.9713958316296339,0.66258699872531
46,-4.999999999999998,-4.999999999999998,50,None,0.9843341767787933,0.7709373000264168
47,-4.999999999999998,-4.999999999999998,50,None,0.9923194360733032,0.7325025489926338
48,-4.999999999999998,-4.999999999999998,50,None,0.9732364720292389,0.8930119596421718
49,-4.999999999999998,-4.999999999999998,50,None,0.9130440090596675,0.6756838618591428
50,-4.999999999999998,-4.999999999999998,50,None,0.9306503347307443,0.9683845162391662
51,-4.999999999999998,-4.999999999999998,50,None,0.8478314635157586,0.9347274104319513
52,-4.999999999999998,-4.999999999999998,50,None,0.9550294470787049,0.9674610865116119
53,-5.3999999999999995,4.6000000000000005,4,Villain,0.6464530155062675,0.5591742731630802
54,-4.999999999999998,-4.999999999999998,50,None,0.9426408666372299,0.6155169755220413
55,-4.999999999999998,-4.999999999999998,50,None,0.9415163154155016,0.6738056407123804
56,-4.999999999999998,-4.999999999999998,50,None,0.9678293016925454,0.5746742849051952
57,-4.999999999999998,-4.999999999999998,50,None,0.989216982126236,0.9156736528780312
58,-4.999999999999998,-4.999999999999998,50,None,0.9964724218845368,0.9271563762053847
59,-4.999999999999998,-4.999999999999998,50,None,0.9988861191272735,0.8199324520025403
60,-4.999999999999998,-4.999999999999998,50,None,0.9962034177780151,0.8690964341163635
61,-4.999999999999998,-4.999999999999998,50,None,0.955278253108263,0.7010203407332302
62,-4.999999999999998,-4.999999999999998,50,None,0.9901523578166962,0.8335913035273552
63,-4.999999999999998,-4.999999999999998,50,None,0.9491560047864914,0.9208296592533588
64,-4.999999999999998,-4.999999999999998,50,None,0.9469264581799507,0.6264919608458877
65,-4.999999999999998,-4.999999999999998,50,None,0.999065853357315,0.8322228108160198
66,-4.999999999999998,-4.999999999999998,50,None,0.986326117515564,0.6115113593637943
67,-4.999999999999998,-4.999999999999998,50,None,0.9997497606277466,0.9247938404977322
68,-4.999999999999998,-4.999999999999998,50,None,0.9713074197806418,0.9006777690351009
69,-4.999999999999998,-4.999999999999998,50,None,0.9563742338586598,0.8540682873874903
70,-4.999999999999998,-4.999999999999998,50,None,0.9885131776332855,0.5850047245249153
71,4.9,-5.1,1,Hero,0.9998862743377686,0.9959210157394409
72,-4.999999999999998,-4.999999999999998,50,None,0.9884117269515991,0.6955064883455634
73,-4.999999999999998,-4.999999999999998,50,None,0.9922360062599183,0.7200576706882567
74,-4.999999999999998,-4.999999999999998,50,None,0.9962483203411102,0.7499455599114299
75,-4.999999999999998,-4.999999999999998,50,None,0.9641797002777457,0.9543582493718713
76,3.8000000000000007,-6.199999999999999,12,Hero,0.7248354141289989,0.9668903897205988
77,-4.999999999999998,-4.999999999999998,50,None,0.9848631370067596,0.8831893785763532
78,4.4,-5.6,6,Hero,0.9995020031929016,0.9404175877571106
79,-4.999999999999998,-4.999999999999998,50,None,0.9708151458576322,0.6401010425388813
80,-4.999999999999998,-4.999999999999998,50,None,0.9997613620758057,0.910172730833292
81,-4.999999999999998,-4.999999999999998,50,None,0.9912035048007966,0.8485972423665226
82,-4.999999999999998,-4.999999999999998,50,None,0.9922432005405426,0.8153241603076458
83,-4.999999999999998,-4.999999999999998,50,None,0.9705044909566641,0.6187552499771118
84,-4.999999999999998,-4.999999999999998,50,None,0.9622255072370172,0.8411818245798349
85,-4.999999999999998,-4.999999999999998,50,None,0.9882974874973297,0.8464879628270865
86,-5.1,4.9,1,Villain,0.9939086437225342,0.8218963146209717
87,-4.999999999999998,-4.999999999999998,50,None,0.9782598185539245,0.5759766374155879
88,-4.999999999999998,-4.999999999999998,50,None,0.9891013860702514,0.6734398831054569
89,-4.999999999999998,-4.999999999999998,50,None,0.9961887931823731,0.7348922603670508
90,4.300000000000001,-5.699999999999999,7,Hero,0.9894148026193891,0.9795643602098737
91,-4.999999999999998,-4.999999999999998,50,None,0.9927951729297638,0.6493693873286247
92,-4.999999999999998,-4.999999999999998,50,None,0.9654346231557429,0.5981964990124107
93,-4.999999999999998,-4.999999999999998,50,None,0.9874156129360199,0.7373177489638328
94,-4.999999999999998,-4.999999999999998,50,None,0.9970379447937012,0.9536339158564806
95,-4.999999999999998,-4.999999999999998,50,None,0.999202835559845,0.9779165518283844
96,-4.999999999999998,-4.999999999999998,50,None,0.9895320820808411,0.7257519813627005
97,-4.999999999999998,-4.999999999999998,50,None,0.9998926317691803,0.9812578094005585
98,-4.999999999999998,-4.999999999999998,50,None,0.9986133265495301,0.8560794619470835
99,-4.999999999999998,-4.999999999999998,50,None,0.985541146993637,0.7617137665301561
100,-4.999999999999998,-4.999999999999998,50,None,0.9999168014526367,0.9821473085880279
101,-4.999999999999998,-4.999999999999998,50,None,0.9787627624045127,0.8667627337574959
102,-4.999999999999998,-4.999999999999998,50,None,0.9554364014603197,0.6724557123146951
103,-4.999999999999998,-4.999999999999998,50,None,0.996750762462616,0.7823317416198552
104,-4.999999999999998,-4.999999999999998,50,None,0.9994411289691925,0.9469055430218577
105,-4.999999999999998,-4.999999999999998,50,None,0.9948764634132385,0.9542829306796193
106,4.800000000000001,-5.199999999999999,2,Hero,0.9988491833209991,0.9952614009380341
107,-4.999999999999998,-4.999999999999998,50,None,0.9960675907135009,0.8435894568264485
108,-4.999999999999998,-4.999999999999998,50,None,0.9914368724822998,0.8393363231420516
109,-4.999999999999998,-4.999999999999998,50,None,0.9794453460979275,0.8952990512130782
110,-5.3,4.7,3,Villain,0.9989241560300192,0.9350073933601379
111,4.7,-5.3,3,Hero,0.9998964468638102,0.9922498067220052
112,-4.999999999999998,-4.999999999999998,50,None,0.9930111408233643,0.9036310744285584
113,-4.999999999999998,-4.999999999999998,50,None,0.9955685567855835,0.9158590811677277
114,-4.999999999999998,-4.999999999999998,50,None,0.9998734712600708,0.9223014406859875
115,-4.999999999999998,-4.999999999999998,50,None,0.9995920753479004,0.9519190722703934
116,-4.999999999999998,-4.999999999999998,50,None,0.9504799184156582,0.6631754465028643
117,-4.999999999999998,-4.999999999999998,50,None,0.9731401913083392,0.8103289870359004
118,-4.999999999999998,-4.999999999999998,50,None,0.9903942763805389,0.7757478155940771
119,-4.999999999999998,-4.999999999999998,50,None,0.9976291167736053,0.991392183303833
120,-4.999999999999998,-4.999999999999998,50,None,0.9447005287930369,0.677960633635521
121,-4.999999999999998,-4.999999999999998,50,None,0.9995762586593628,0.8930570491403341
122,-4.999999999999998,-4.999999999999998,50,None,0.9962635743618011,0.7572455687820911
123,-4.999999999999998,-4.999999999999998,50,None,0.9833096992969513,0.9353237946610897
124,4.300000000000001,-5.699999999999999,7,Hero,0.993897523198809,0.9890399490083966
125,-4.999999999999998,-4.999999999999998,50,None,0.9907198071479797,0.7305491865612567
126,-4.999999999999998,-4.999999999999998,50,None,0.9992315900325776,0.9366523164510727
127,-4.999999999999998,-4.999999999999998,50,None,0.9991549062728882,0.9361457622377202
128,-4.999999999999998,-4.999999999999998,50,None,0.9991500771045685,0.8708771781623363
129,-4.999999999999998,-4.999999999999998,50,None,0.9772518997214502,0.9467481606360525
130,-4.999999999999998,-4.999999999999998,50,None,0.9924805915355682,0.7107473032549023
131,-4.999999999999998,-4.999999999999998,50,None,0.9999216175079346,0.9675664553232491
132,4.5,-5.5,5,Hero,0.9997623801231384,0.9943398356437683
133,-4.999999999999998,-4.999999999999998,50,None,0.9998430442810059,0.9685310031101108
134,4.300000000000001,-5.699999999999999,7,Hero,0.9998962964330401,0.993165842124394
135,-4.999999999999998,-4.999999999999998,50,None,0.989135457277298,0.928430415391922
136,-4.999999999999998,-4.999999999999998,50,None,0.9973992645740509,0.8867154487967491
137,-4.999999999999998,-4.999999999999998,50,None,0.9973031044006347,0.8136750249937177
138,-4.999999999999998,-4.999999999999998,50,None,0.9927725851535797,0.8606034956872464
139,-4.999999999999998,-4.999999999999998,50,None,0.9807529950141907,0.6895022758096456
140,-4.999999999999998,-4.999999999999998,50,None,0.9996812570095063,0.87783036401961
141,-4.999999999999998,-4.999999999999998,50,None,0.9998977041244507,0.9394716852158308
142,-4.999999999999998,-4.999999999999998,50,None,0.9966075050830842,0.9461389580927789
143,4.5,-5.5,5,Hero,0.998941433429718,0.986506724357605
144,4.9,-5.1,1,Hero,0.999967098236084,0.9886673092842102
145,-4.999999999999998,-4.999999999999998,50,None,0.9726021465659141,0.6744484470412135
146,-4.999999999999998,-4.999999999999998,50,None,0.9992791759967804,0.9606024520471692
147,-4.999999999999998,-4.999999999999998,50,None,0.9974284815788269,0.7213262087106704
148,-4.999999999999998,-4.999999999999998,50,None,0.9936290752887725,0.8575870021432638
149,-4.999999999999998,-4.999999999999998,50,None,0.9996307969093323,0.9188343326374888
150,4.800000000000001,-5.199999999999999,2,Hero,0.9996745586395264,0.9931748509407043
151,-4.999999999999998,-4.999999999999998,50,None,0.9973592269420624,0.8934838069975376
152,-4.999999999999998,-4.999999999999998,50,None,0.9996588969230652,0.9653198681212962
153,-4.999999999999998,-4.999999999999998,50,None,0.9986883640289307,0.9680069750547409
154,-4.999999999999998,-4.999999999999998,50,None,0.993468495607376,0.775138979498297
155,-4.999999999999998,-4.999999999999998,50,None,0.9984397804737091,0.9621703922376037
156,-4.999999999999998,-4.999999999999998,50,None,0.9877317214012146,0.809247005134821
157,-4.999999999999998,-4.999999999999998,50,None,0.9992916572093964,0.9860535669326782
158,4.9,-5.1,1,Hero,0.9997534155845642,0.9952373504638672
159,-4.999999999999998,-4.999999999999998,50,None,0.9521241923911293,0.9865123105049133
160,-4.999999999999998,-4.999999999999998,50,None,0.999725672006607,0.9657160718552769
161,-4.999999999999998,-4.999999999999998,50,None,0.9986847150325775,0.9195278552174568
162,-4.999999999999998,-4.999999999999998,50,None,0.9700882516801357,0.9499694233830087
163,-4.999999999999998,-4.999999999999998,50,None,0.9897510194778443,0.9440515314927325
164,-4.999999999999998,-4.999999999999998,50,None,0.989619426727295,0.6090184871479869
165,4.5,-5.5,5,Hero,0.9974716782569886,0.9946688294410706
166,-4.999999999999998,-4.999999999999998,50,None,0.9994457423686981,0.8660629550192971
167,-4.999999999999998,-4.999999999999998,50,None,0.9997035908699036,0.9213337327539921
168,-4.999999999999998,-4.999999999999998,50,None,0.9888406753540039,0.8111037002503871
169,-4.999999999999998,-4.999999999999998,50,None,0.9928111577033997,0.8502397195994854
170,-4.999999999999998,-4.999999999999998,50,None,0.9995447552204132,0.8082697582244873
171,-4.999999999999998,-4.999999999999998,50,None,0.987181932926178,0.638698206152767
172,-4.999999999999998,-4.999999999999998,50,None,0.999654244184494,0.9515260954201221
173,-4.999999999999998,-4.999999999999998,50,None,0.9997899091243744,0.9383900678157806
174,4.1000000000000005,-5.8999999999999995,9,Hero,0.9965822498003641,0.9876882897482978
175,-4.999999999999998,-4.999999999999998,50,None,0.9966154897212982,0.8869944752659649
176,4.2,-5.8,8,Hero,0.9990236237645149,0.9802273362874985
177,-4.999999999999998,-4.999999999999998,50,None,0.9993451011180877,0.9443922650627792
178,-4.999999999999998,-4.999999999999998,50,None,0.9992272579669952,0.7415375467762351
179,-4.999999999999998,-4.999999999999998,50,None,0.9975113439559936,0.9444600073248148
180,-5.1,4.9,1,Villain,0.8136889934539795,0.6316033005714417
181,-5.1,4.9,1,Villain,0.9911267161369324,0.8395121097564697
182,4.7,-5.3,3,Hero,0.9996107419331869,0.9964237411816915
183,-4.999999999999998,-4.999999999999998,50,None,0.9986538290977478,0.982648811340332
184,-4.999999999999998,-4.999999999999998,50,None,0.9972091507911682,0.9639675939083099
185,-4.999999999999998,-4.999999999999998,50,None,0.9996132552623749,0.9909911787509919
186,-4.999999999999998,-4.999999999999998,50,None,0.9961863350868225,0.8250617668032646
187,-5.3,4.7,3,Villain,0.9174072941144308,0.9693348606427511
188,-4.999999999999998,-4.999999999999998,50,None,0.9950386428833008,0.9737885628826917
189,-4.999999999999998,-4.999999999999998,50,None,0.9951582396030426,0.8247152036800981
190,-4.999999999999998,-4.999999999999998,50,None,0.9984409058094025,0.9461334175849333
191,-4.999999999999998,-4.999999999999998,50,None,0.9974233543872834,0.8046391102671623
192,-4.999999999999998,-4.999999999999998,50,None,0.9992694222927093,0.9934936273097992
193,-4.999999999999998,-4.999999999999998,50,None,0.9944011211395264,0.9415637910366058
194,-4.999999999999998,-4.999999999999998,50,None,0.9931606972217559,0.8325023401156068
195,-4.999999999999998,-4.999999999999998,50,None,0.9962219715118408,0.996532336473465
196,-4.999999999999998,-4.999999999999998,50,None,0.9970173501968383,0.9099306412599981
197,-4.999999999999998,-4.999999999999998,50,None,0.9994483768939972,0.9740849985263776
198,-4.999999999999998,-4.999999999999998,50,None,0.9975624430179596,0.995616352558136
199,-4.999999999999998,-4.999999999999998,50,None,0.9971013975143432,0.7970323078613728
200,-5.1,4.9,1,Villain,0.9997264742851257,0.9940212368965149
201,-4.999999999999998,-4.999999999999998,50,None,0.9766495561599732,0.9860978245735168
202,-4.999999999999998,-4.999999999999998,50,None,0.9980032503604889,0.9095041198655963
203,-4.999999999999998,-4.999999999999998,50,None,0.9701241331920027,0.8250409702956677
204,-4.999999999999998,-4.999999999999998,50,None,0.9975521636009216,0.7533996175974608
205,-4.999999999999998,-4.999999999999998,50,None,0.9995072984695434,0.9965897917747497
206,-4.999999999999998,-4.999999999999998,50,None,0.9994110560417175,0.8644314454495907
207,-4.999999999999998,-4.999999999999998,50,None,0.9997574925422669,0.9943528687953949
208,-4.999999999999998,-4.999999999999998,50,None,0.9998517942428589,0.95401751807658
209,-4.999999999999998,-4.999999999999998,50,None,0.9997867202758789,0.9630715616047383
210,-4.999999999999998,-4.999999999999998,50,None,0.9987452852725983,0.996618355512619
211,-4.999999999999998,-4.999999999999998,50,None,0.9989754343032837,0.9211840816354379
212,-4.999999999999998,-4.999999999999998,50,None,0.9973322105407715,0.9523572370549664
213,-4.999999999999998,-4.999999999999998,50,None,0.9992201852798462,0.9805365705490112
214,-4.999999999999998,-4.999999999999998,50,None,0.9974370384216309,0.8799043960124254
215,-4.999999999999998,-4.999999999999998,50,None,0.9988846611976624,0.9394116311706603
216,-4.999999999999998,-4.999999999999998,50,None,0.999091386795044,0.9952127933502197
217,-4.999999999999998,-4.999999999999998,50,None,0.9981933236122131,0.9862123155593872
218,-4.999999999999998,-4.999999999999998,50,None,0.9996876275539398,0.9634366464614869
219,-4.999999999999998,-4.999999999999998,50,None,0.9980936527252198,0.9935277652740478
220,-4.999999999999998,-4.999999999999998,50,None,0.998779958486557,0.9598134928941726
221,-4.999999999999998,-4.999999999999998,50,None,0.9996348881721496,0.8886413308978081
222,-4.999999999999998,-4.999999999999998,50,None,0.9976728951931,0.8929490131139756
223,-4.999999999999998,-4.999999999999998,50,None,0.9991105663776397,0.9798813402652741
224,-4.999999999999998,-4.999999999999998,50,None,0.9994488418102264,0.9232041507959365
225,-4.999999999999998,-4.999999999999998,50,None,0.999775437116623,0.9966418993473053
226,-4.999999999999998,-4.999999999999998,50,None,0.9972143280506134,0.9012185918836622
227,-4.999999999999998,-4.999999999999998,50,None,0.9997649812698364,0.909806851670146
228,-4.999999999999998,-4.999999999999998,50,None,0.999792650938034,0.8565305819362402
229,-4.999999999999998,-4.999999999999998,50,None,0.999687728881836,0.8890385564789176
230,-4.999999999999998,-4.999999999999998,50,None,0.9987670540809631,0.9944399333000183
231,4.7,-5.3,3,Hero,0.9995895226796468,0.999532957871755
232,-4.999999999999998,-4.999999999999998,50,None,0.9993193626403809,0.9960353291034698
233,-4.999999999999998,-4.999999999999998,50,None,0.9974455189704895,0.9445661732601002
234,-4.999999999999998,-4.999999999999998,50,None,0.9992744064331055,0.9793199324607849
235,-4.999999999999998,-4.999999999999998,50,None,0.9993728721141815,0.9904759740829467
236,-4.999999999999998,-4.999999999999998,50,None,0.9998726749420166,0.9949702548980713
237,-4.999999999999998,-4.999999999999998,50,None,0.9985056304931641,0.8775963426381349
238,-4.999999999999998,-4.999999999999998,50,None,0.9991301929950714,0.9078799064829945
239,4.9,-5.1,1,Hero,0.9999933242797852,0.9994773268699646
240,-4.999999999999998,-4.999999999999998,50,None,0.9989682745933532,0.9601432234793902
241,-4.999999999999998,-4.999999999999998,50,None,0.9986012768745423,0.8226787614822387
242,-4.999999999999998,-4.999999999999998,50,None,0.9696142695099116,0.8100117780268192
243,-4.999999999999998,-4.999999999999998,50,None,0.9994739389419556,0.968465336356312
244,-4.999999999999998,-4.999999999999998,50,None,0.977958236229606,0.9504596230760217
245,-4.999999999999998,-4.999999999999998,50,None,0.9995718502998352,0.9822152948379517
246,-4.999999999999998,-4.999999999999998,50,None,0.9994432771205902,0.9962245178222656
247,-4.999999999999998,-4.999999999999998,50,None,0.9989841854572297,0.9954978966712952
248,-4.999999999999998,-4.999999999999998,50,None,0.974885485265404,0.7985322994086892
249,-4.999999999999998,-4.999999999999998,50,None,0.9995144295692444,0.9412609608098864
250,-4.999999999999998,-4.999999999999998,50,None,0.9997079956531525,0.9970877885818481
251,-4.999999999999998,-4.999999999999998,50,None,0.9998854613304138,0.9830164730548858
252,-4.999999999999998,-4.999999999999998,50,None,0.9999337577819825,0.9841043817996978
253,-4.999999999999998,-4.999999999999998,50,None,0.9999506640434265,0.933622180223465
254,-4.999999999999998,-4.999999999999998,50,None,0.9998318266868591,0.9880479848384858
255,-4.999999999999998,-4.999999999999998,50,None,0.9970960342884063,0.8198129720985889
256,-4.999999999999998,-4.999999999999998,50,None,0.9997730040550232,0.9957184076309205
257,-4.999999999999998,-4.999999999999998,50,None,0.9999392366409302,0.8941485594213009
258,4.800000000000001,-5.199999999999999,2,Hero,0.9999613761901855,0.9983902871608734
259,4.6000000000000005,-5.3999999999999995,4,Hero,0.9989845752716064,0.9980787336826324
260,-4.999999999999998,-4.999999999999998,50,None,0.9998681378364563,0.8507416987605393
261,-4.999999999999998,-4.999999999999998,50,None,0.9997051548957825,0.8680111174844205
262,-4.999999999999998,-4.999999999999998,50,None,0.9997652304172516,0.9321912456676364
263,-4.999999999999998,-4.999999999999998,50,None,0.9995708441734314,0.9323450016975403
264,-4.999999999999998,-4.999999999999998,50,None,0.9963565301895142,0.9970651745796204
265,-4.999999999999998,-4.999999999999998,50,None,0.9983438408374786,0.798425584230572
266,-4.999999999999998,-4.999999999999998,50,None,0.9999514782428741,0.8611021749302745
267,-4.999999999999998,-4.999999999999998,50,None,0.9992467629909515,0.8596646358817815
268,-4.999999999999998,-4.999999999999998,50,None,0.9999689435958863,0.9773120784759521
269,-4.999999999999998,-4.999999999999998,50,None,0.999931983947754,0.9279821933805943
270,-4.999999999999998,-4.999999999999998,50,None,0.9999534320831299,0.9953826487064361
271,-4.999999999999998,-4.999999999999998,50,None,0.9974530923366547,0.9546996212005615
272,-4.999999999999998,-4.999999999999998,50,None,0.9997520053386688,0.8654189747571945
273,-4.999999999999998,-4.999999999999998,50,None,0.9988507509231568,0.967086175091099
274,-5.199999999999999,4.800000000000001,2,Villain,0.9996901750564575,0.9953109622001648
275,-4.999999999999998,-4.999999999999998,50,None,0.9997165477275849,0.9361277379840612
276,-4.999999999999998,-4.999999999999998,50,None,0.9998700332641601,0.926017915904522
277,-4.999999999999998,-4.999999999999998,50,None,0.9998010754585266,0.9562444047257305
278,-4.999999999999998,-4.999999999999998,50,None,0.9997847819328308,0.992139447927475
279,-4.999999999999998,-4.999999999999998,50,None,0.9996876859664917,0.9535849764198064
280,-4.999999999999998,-4.999999999999998,50,None,0.999802223443985,0.9957876682281495
281,-4.999999999999998,-4.999999999999998,50,None,0.9944984340667724,0.9718699138006195
282,4.5,-5.5,5,Hero,0.9992083668708801,0.9986716508865356
283,-4.999999999999998,-4.999999999999998,50,None,0.9997418856620789,0.9700164591707289
284,-4.999999999999998,-4.999999999999998,50,None,0.9999250793457031,0.880421709343791
285,-4.999999999999998,-4.999999999999998,50,None,0.999488765001297,0.9963762700557709
286,-4.999999999999998,-4.999999999999998,50,None,0.9996675038337708,0.9701113039115444
287,-4.999999999999998,-4.999999999999998,50,None,0.9997289478778839,0.9538284631865099
288,-4.999999999999998,-4.999999999999998,50,None,0.9997615170478821,0.9237098014354705
289,-4.999999999999998,-4.999999999999998,50,None,0.9997487354278565,0.9589575433731079
290,-4.999999999999998,-4.999999999999998,50,None,0.9964146399497986,0.8576284042280168
291,-4.999999999999998,-4.999999999999998,50,None,0.9996284687519074,0.8713171049952507
292,-4.999999999999998,-4.999999999999998,50,None,0.9999499464035034,0.9936354291439057
293,-4.999999999999998,-4.999999999999998,50,None,0.9998320114612579,0.9932774424552917
294,-4.999999999999998,-4.999999999999998,50,None,0.9985103535652161,0.9961955463886261
295,-4.999999999999998,-4.999999999999998,50,None,0.9997081708908081,0.9501141869835555
296,-4.999999999999998,-4.999999999999998,50,None,0.9998459923267364,0.9288400865346194
297,-4.999999999999998,-4.999999999999998,50,None,0.999687477350235,0.9500746073015034
298,-4.999999999999998,-4.999999999999998,50,None,0.9997078335285187,0.9232821641117335
299,-4.999999999999998,-4.999999999999998,50,None,0.9997363138198853,0.9831037151813508
300,-4.999999999999998,-4.999999999999998,50,None,0.9998493695259094,0.9452078667283058
301,-4.999999999999998,-4.999999999999998,50,None,0.9999447083473205,0.997258005142212
302,4.4,-5.6,6,Hero,0.9836458563804626,0.9978226721286774
303,-4.999999999999998,-4.999999999999998,50,None,0.9996373975276946,0.8944133710395544
304,-4.999999999999998,-4.999999999999998,50,None,0.9998466742038726,0.9926991808414459
305,-4.999999999999998,-4.999999999999998,50,None,0.9998798644542695,0.9964716243743896
306,4.9,-5.1,1,Hero,0.9999868869781494,0.9975541234016418
307,-4.999999999999998,-4.999999999999998,50,None,0.9999826002120972,0.9979377245903015
308,4.5,-5.5,5,Hero,0.9998291492462158,0.9983626246452332
309,-4.999999999999998,-4.999999999999998,50,None,0.9626168674230575,0.8562632460147143
310,-4.999999999999998,-4.999999999999998,50,None,0.9999712479114532,0.9693492188118398
311,-4.999999999999998,-4.999999999999998,50,None,0.9999680709838867,0.9838878405094147
312,-4.999999999999998,-4.999999999999998,50,None,0.9966183435916901,0.8643496921658516
313,-4.999999999999998,-4.999999999999998,50,None,0.9999888586997986,0.9959483218193054
314,-4.999999999999998,-4.999999999999998,50,None,0.9999042177200317,0.923474791648332
315,-4.999999999999998,-4.999999999999998,50,None,0.9999802672863006,0.9962520790100098
316,-4.999999999999998,-4.999999999999998,50,None,0.9999785375595093,0.9965999639034271
317,-4.999999999999998,-4.999999999999998,50,None,0.9978684449195862,0.9559678493160755
318,-4.999999999999998,-4.999999999999998,50,None,0.9999617195129394,0.9401884311437607
319,-4.999999999999998,-4.999999999999998,50,None,0.99996422290802,0.9847778427600861
320,-4.999999999999998,-4.999999999999998,50,None,0.999274640083313,0.9895628023147583
321,-4.999999999999998,-4.999999999999998,50,None,0.9999866175651551,0.9813756775856018
322,-4.999999999999998,-4.999999999999998,50,None,0.9999398231506348,0.8993108909577131
323,-4.999999999999998,-4.999999999999998,50,None,0.9999738538265228,0.9915398895740509
324,-4.999999999999998,-4.999999999999998,50,None,0.9999798536300659,0.9947757720947266
325,-4.999999999999998,-4.999999999999998,50,None,0.9988522160053254,0.9931821024417877
326,-4.999999999999998,-4.999999999999998,50,None,0.9999637389183045,0.930028212852776
327,-4.999999999999998,-4.999999999999998,50,None,0.9999859762191773,0.9917255115509033
328,-4.999999999999998,-4.999999999999998,50,None,0.9999654769897461,0.9394983073091134
329,-4.999999999999998,-4.999999999999998,50,None,0.999941338300705,0.9959028744697571
330,-4.999999999999998,-4.999999999999998,50,None,0.9997245931625366,0.969009028673172
331,-4.999999999999998,-4.999999999999998,50,None,0.9999870109558106,0.9971366727352142
332,4.6000000000000005,-5.3999999999999995,4,Hero,0.9999423623085022,0.9991982877254486
333,-4.999999999999998,-4.999999999999998,50,None,0.9999860620498657,0.9941046559810638
334,-4.999999999999998,-4.999999999999998,50,None,0.9992000579833984,0.9819424307346344
335,-4.999999999999998,-4.999999999999998,50,None,0.9999537718296051,0.9011041790992022
336,-4.999999999999998,-4.999999999999998,50,None,0.9999504399299621,0.8815000997483731
337,-4.999999999999998,-4.999999999999998,50,None,0.9999921774864197,0.9982935690879822
338,-4.999999999999998,-4.999999999999998,50,None,0.999891173839569,0.9178420616686345
339,-4.999999999999998,-4.999999999999998,50,None,0.9998197603225708,0.9768719436135143
340,-4.999999999999998,-4.999999999999998,50,None,0.9999247860908508,0.9132231429964304
341,-4.999999999999998,-4.999999999999998,50,None,0.9999766731262207,0.9906307876110076
342,-4.999999999999998,-4.999999999999998,50,None,0.9999568545818329,0.9289651204040275
343,-4.999999999999998,-4.999999999999998,50,None,0.9999956703186035,0.9976616203784943
344,-4.999999999999998,-4.999999999999998,50,None,0.9997244417667389,0.776083397557959
345,-4.999999999999998,-4.999999999999998,50,None,0.9999636375904083,0.9708278943505139
346,-4.999999999999998,-4.999999999999998,50,None,0.9999857831001282,0.9983413517475128
347,-4.999999999999998,-4.999999999999998,50,None,0.999968079328537,0.9315512555465102
348,-4.999999999999998,-4.999999999999998,50,None,0.9999543499946594,0.8576584308873862
349,-4.999999999999998,-4.999999999999998,50,None,0.9996378242969512,0.9121686137467623
350,-4.999999999999998,-4.999999999999998,50,None,0.9999883532524109,0.9764451839431422
351,-4.999999999999998,-4.999999999999998,50,None,0.9999796962738037,0.9905976605415344
352,-4.999999999999998,-4.999999999999998,50,None,0.9999272310733796,0.9741363391373307
353,-4.999999999999998,-4.999999999999998,50,None,0.9999180126190186,0.9270823562517763
354,-4.999999999999998,-4.999999999999998,50,None,0.9998094594478607,0.9950729763507843
355,-4.999999999999998,-4.999999999999998,50,None,0.9999825978279113,0.9954485321044921
356,-4.999999999999998,-4.999999999999998,50,None,0.9999636793136597,0.8806502629816532
357,-4.999999999999998,-4.999999999999998,50,None,0.9999723362922669,0.9655842228792608
358,-4.999999999999998,-4.999999999999998,50,None,0.9994803416728973,0.9727469549700618
359,4.2,-5.8,8,Hero,0.9993660375475883,0.9962843656539917
360,-4.999999999999998,-4.999999999999998,50,None,0.9999701452255249,0.9843125009536743
361,4.7,-5.3,3,Hero,0.99996018409729,0.9986629287401835
362,-4.999999999999998,-4.999999999999998,50,None,0.9999755907058716,0.9966246235370636
363,4.5,-5.5,5,Hero,0.9997050046920777,0.9980849862098694
364,-4.999999999999998,-4.999999999999998,50,None,0.999866201877594,0.9976053619384766
365,-4.999999999999998,-4.999999999999998,50,None,0.9982715499401092,0.8651275001186878
366,4.1000000000000005,-5.8999999999999995,9,Hero,0.9998066756460402,0.9987005790074667
367,-4.999999999999998,-4.999999999999998,50,None,0.999964348077774,0.9492505142092704
368,-4.999999999999998,-4.999999999999998,50,None,0.9998856484889984,0.9293575881421566
369,-4.999999999999998,-4.999999999999998,50,None,0.9999241840839386,0.9336897794902325
370,-4.999999999999998,-4.999999999999998,50,None,0.9999576365947723,0.9170501755177974
371,-4.999999999999998,-4.999999999999998,50,None,0.9963674128055573,0.8994690699735657
372,-4.999999999999998,-4.999999999999998,50,None,0.999112890958786,0.955779613686027
373,-4.999999999999998,-4.999999999999998,50,None,0.9999888110160827,0.998104727268219
374,-4.999999999999998,-4.999999999999998,50,None,0.9999405717849732,0.86359849229455
375,-4.999999999999998,-4.999999999999998,50,None,0.999976634979248,0.9955830490589141
376,-4.999999999999998,-4.999999999999998,50,None,0.9987849700450897,0.9253044330701232
377,-4.999999999999998,-4.999999999999998,50,None,0.9999615395069122,0.9854984438419342
378,-4.999999999999998,-4.999999999999998,50,None,0.999877245426178,0.9984887194633484
379,4.9,-5.1,1,Hero,0.9999942779541016,0.999666690826416
380,-4.999999999999998,-4.999999999999998,50,None,0.9999434351921082,0.9069917143881321
381,-4.999999999999998,-4.999999999999998,50,None,0.9999565958976746,0.9856829333305359
382,-4.999999999999998,-4.999999999999998,50,None,0.9999839758872986,0.9965553307533264
383,-4.999999999999998,-4.999999999999998,50,None,0.9999627900123597,0.9701487004756928
384,-4.999999999999998,-4.999999999999998,50,None,0.9949048101902008,0.9217102482914925
385,-4.999999999999998,-4.999999999999998,50,None,0.9997402942180633,0.9753713700734079
386,4.9,-5.1,1,Hero,0.9999970197677612,0.9995002746582031
387,-4.999999999999998,-4.999999999999998,50,None,0.9999357283115387,0.9280818619951606
388,-4.999999999999998,-4.999999999999998,50,None,0.9999322044849396,0.9409852357208729
389,-4.999999999999998,-4.999999999999998,50,None,0.9998880970478058,0.9688535346835851
390,-4.999999999999998,-4.999999999999998,50,None,0.9999214696884156,0.9803714978694916
391,-4.999999999999998,-4.999999999999998,50,None,0.9998542642593384,0.9212769005447626
392,-4.999999999999998,-4.999999999999998,50,None,0.9999253821372985,0.9667853026278317
393,-4.999999999999998,-4.999999999999998,50,None,0.9998519861698151,0.9592105056345462
394,-4.999999999999998,-4.999999999999998,50,None,0.9999700212478637,0.99860102891922
395,-4.999999999999998,-4.999999999999998,50,None,0.9999021267890931,0.9130049004405737
396,-4.999999999999998,-4.999999999999998,50,None,0.9999354648590087,0.9479897343739867
397,-4.999999999999998,-4.999999999999998,50,None,0.999719672203064,0.888501653932035
398,-4.999999999999998,-4.999999999999998,50,None,0.9993863654136658,0.9978485000133515
399,-4.999999999999998,-4.999999999999998,50,None,0.9984959614276886,0.9955292689800262
400,-4.999999999999998,-4.999999999999998,50,None,0.9999052166938782,0.9619933687709272
401,-4.999999999999998,-4.999999999999998,50,None,0.9771609058929607,0.9476458868384361
402,-4.999999999999998,-4.999999999999998,50,None,0.9955214726924896,0.8962711288779974
403,-4.999999999999998,-4.999999999999998,50,None,0.9999411273002624,0.9917691576480866
404,-4.999999999999998,-4.999999999999998,50,None,0.9999618196487426,0.9563644339516759
405,-4.999999999999998,-4.999999999999998,50,None,0.9999203634262085,0.9354850813746453
406,-4.999999999999998,-4.999999999999998,50,None,0.9999328899383545,0.9877610826492309
407,-4.999999999999998,-4.999999999999998,50,None,0.9999099683761596,0.9519027043506503
408,-4.999999999999998,-4.999999999999998,50,None,0.9997763764858246,0.9522895438969136
409,-4.999999999999998,-4.999999999999998,50,None,0.9998759865760803,0.8861710939649492
410,4.7,-5.3,3,Hero,0.9999315738677979,0.9991756280263265
411,-4.999999999999998,-4.999999999999998,50,None,0.9999258267879486,0.9871373176574707
412,4.7,-5.3,3,Hero,0.9999738136927286,0.9996146162350973
413,-4.999999999999998,-4.999999999999998,50,None,0.9999774551391601,0.9984395444393158
414,-4.999999999999998,-4.999999999999998,50,None,0.9996848964691162,0.8659356344491244
415,-4.999999999999998,-4.999999999999998,50,None,0.9972996115684509,0.9179259016364812
416,-4.999999999999998,-4.999999999999998,50,None,0.999909737110138,0.9139111811295152
417,4.9,-5.1,1,Hero,0.9999980926513672,0.9994215965270996
418,-4.999999999999998,-4.999999999999998,50,None,0.9999216032028199,0.9632909647701308
419,-4.999999999999998,-4.999999999999998,50,None,0.9999187994003296,0.992537932395935
420,-4.999999999999998,-4.999999999999998,50,None,0.9997777998447418,0.9819319593906403
421,-4.999999999999998,-4.999999999999998,50,None,0.9998171389102936,0.9421197071671485
422,-4.999999999999998,-4.999999999999998,50,None,0.9997855043411255,0.8924392630159855
423,-4.999999999999998,-4.999999999999998,50,None,0.9998747146129608,0.9826555168628692
424,-4.999999999999998,-4.999999999999998,50,None,0.9985425579547882,0.9967965734004974
425,-4.999999999999998,-4.999999999999998,50,None,0.9999397850036621,0.9971475148200989
426,-4.999999999999998,-4.999999999999998,50,None,0.9995253252983093,0.9355120764672756
427,-4.999999999999998,-4.999999999999998,50,None,0.999592432975769,0.8383067452162504
428,-4.999999999999998,-4.999999999999998,50,None,0.9998115599155426,0.963189545404166
429,4.1000000000000005,-5.8999999999999995,9,Hero,0.9965762562221951,0.9983572827445136
430,-4.999999999999998,-4.999999999999998,50,None,0.9997892725467682,0.9687864371575415
431,-4.999999999999998,-4.999999999999998,50,None,0.9998901534080505,0.953139440594241
432,-4.999999999999998,-4.999999999999998,50,None,0.9993009853363037,0.9859886825084686
433,-4.999999999999998,-4.999999999999998,50,None,0.9983915734291077,0.9135439440608024
434,-4.999999999999998,-4.999999999999998,50,None,0.9997479462623596,0.9514862811379134
435,-4.999999999999998,-4.999999999999998,50,None,0.9978311729431152,0.969022620189935
436,-4.999999999999998,-4.999999999999998,50,None,0.9978618001937867,0.8916707170382142
437,-4.999999999999998,-4.999999999999998,50,None,0.9999680233001709,0.9980668878555298
438,4.800000000000001,-5.199999999999999,2,Hero,0.9999903440475464,0.9996437132358551
439,-4.999999999999998,-4.999999999999998,50,None,0.9997515618801117,0.9733442842960358
440,-4.999999999999998,-4.999999999999998,50,None,0.9981331276893616,0.9305291290581227
441,-4.999999999999998,-4.999999999999998,50,None,0.9994500875473022,0.9985278820991517
442,-4.999999999999998,-4.999999999999998,50,None,0.9822112929821014,0.8769656508415937
443,4.0,-6.0,10,Hero,0.8957895919680595,0.9969147562980651
444,-4.999999999999998,-4.999999999999998,50,None,0.9965263938903809,0.9646162247657776
445,-4.999999999999998,-4.999999999999998,50,None,0.9985288190841675,0.9706967843230814
446,-4.999999999999998,-4.999999999999998,50,None,0.9997281587123871,0.9889812958240509
447,-4.999999999999998,-4.999999999999998,50,None,0.99932648062706,0.9608841259777546
448,-4.999999999999998,-4.999999999999998,50,None,0.9991584479808807,0.9309420222789049
449,-4.999999999999998,-4.999999999999998,50,None,0.9983198738098145,0.8958000578731299
450,-4.999999999999998,-4.999999999999998,50,None,0.9990760433673859,0.9863781309127808
451,4.9,-5.1,1,Hero,0.9999713897705078,0.9998437166213989
452,-4.999999999999998,-4.999999999999998,50,None,0.999582484960556,0.9965548694133759
453,-4.999999999999998,-4.999999999999998,50,None,0.9999020767211914,0.9988259196281433
454,-4.999999999999998,-4.999999999999998,50,None,0.9914575898647309,0.9817365074157715
455,-4.999999999999998,-4.999999999999998,50,None,0.9774601991841336,0.9971942210197449
456,-4.999999999999998,-4.999999999999998,50,None,0.9982990753650666,0.9951771962642669
457,-4.999999999999998,-4.999999999999998,50,None,0.9308497114130296,0.9886808395385742
458,-4.999999999999998,-4.999999999999998,50,None,0.9983461248874664,0.9668340320303105
459,-4.999999999999998,-4.999999999999998,50,None,0.9939031505584717,0.8650191221386194
460,-4.999999999999998,-4.999999999999998,50,None,0.9920908522605896,0.9963804101943969
461,-4.999999999999998,-4.999999999999998,50,None,0.9985137414932251,0.9663648010790348
462,-4.999999999999998,-4.999999999999998,50,None,0.9992777240276337,0.9967250454425812
463,-4.999999999999998,-4.999999999999998,50,None,0.9984102571010589,0.9701686884090305
464,-4.999999999999998,-4.999999999999998,50,None,0.9959874677658082,0.9939076828956604
465,-4.999999999999998,-4.999999999999998,50,None,0.9992695558071136,0.9687554999440908
466,-4.999999999999998,-4.999999999999998,50,None,0.9973077845573425,0.9939613807201385
467,-4.999999999999998,-4.999999999999998,50,None,0.9994674229621887,0.997652143239975
468,-4.999999999999998,-4.999999999999998,50,None,0.9777661069203168,0.973963185371831
469,-4.999999999999998,-4.999999999999998,50,None,0.9954976499080658,0.9481019887328148
470,-4.999999999999998,-4.999999999999998,50,None,0.9965219473838807,0.9120035965472926
471,4.0,-6.0,10,Hero,0.819319024682045,0.9966818809509277
472,-4.999999999999998,-4.999999999999998,50,None,0.9989427173137665,0.9856629395484924
473,-4.999999999999998,-4.999999999999998,50,None,0.9995987057685852,0.9779443907737732
474,-4.999999999999998,-4.999999999999998,50,None,0.9982583177089691,0.9253560383617878
475,-4.999999999999998,-4.999999999999998,50,None,0.9973064768314361,0.9897345507144928
476,-4.999999999999998,-4.999999999999998,50,None,0.9998075044155121,0.9969526004791259
477,-4.999999999999998,-4.999999999999998,50,None,0.9997686040401459,0.9269713350012898
478,-4.999999999999998,-4.999999999999998,50,None,0.9999530386924743,0.9909732043743134
479,-4.999999999999998,-4.999999999999998,50,None,0.9999818992614746,0.9980827152729035
480,-4.999999999999998,-4.999999999999998,50,None,0.9998534095287323,0.8084743598848582
481,-4.999999999999998,-4.999999999999998,50,None,0.9998941898345948,0.9674677751213312
482,-4.999999999999998,-4.999999999999998,50,None,0.9979542791843414,0.8724989382177591
483,-4.999999999999998,-4.999999999999998,50,None,0.9998382902145386,0.9980623865127564
484,-4.999999999999998,-4.999999999999998,50,None,0.9974300837516785,0.9706303265318275
485,-4.999999999999998,-4.999999999999998,50,None,0.9999430882930755,0.918202213542536
486,-4.999999999999998,-4.999999999999998,50,None,0.9999874711036683,0.9984847116470337
487,4.9,-5.1,1,Hero,0.9999641180038452,0.9993133544921875
488,3.6000000000000005,-6.3999999999999995,14,Hero,0.8059733573879514,0.9984250749860492
489,-4.999999999999998,-4.999999999999998,50,None,0.9498807434737683,0.9373074671626092
490,-4.999999999999998,-4.999999999999998,50,None,0.9802237649261951,0.9958537220954895
491,-5.5,4.5,5,Villain,0.2886230796575546,0.9014656901359558
492,4.9,-5.1,1,Hero,0.9999983310699463,0.9989932179450989
493,-4.999999999999998,-4.999999999999998,50,None,0.999992265701294,0.9939137184619904
494,-4.999999999999998,-4.999999999999998,50,None,0.9999251008033753,0.9776808297634125
495,-4.999999999999998,-4.999999999999998,50,None,0.9997945475578308,0.8980018122494221
496,-4.999999999999998,-4.999999999999998,50,None,0.9999807047843933,0.9871448147296905
497,-4.999999999999998,-4.999999999999998,50,None,0.948922261595726,0.9326008400321006
498,-4.999999999999998,-4.999999999999998,50,None,0.9999811661243438,0.9968228888511658
499,-4.999999999999998,-4.999999999999998,50,None,0.9996445655822754,0.9762650430202484
500,-4.999999999999998,-4.999999999999998,50,None,0.9998827052116394,0.8594390686508269
501,-4.999999999999998,-4.999999999999998,50,None,0.9999911308288574,0.9945484161376953
502,-4.999999999999998,-4.999999999999998,50,None,0.9991197299957275,0.8936504861712455
503,-4.999999999999998,-4.999999999999998,50,None,0.9999815213680268,0.9984489643573761
504,-4.999999999999998,-4.999999999999998,50,None,0.9999783897399902,0.9517469404265284
505,-4.999999999999998,-4.999999999999998,50,None,0.9999970889091492,0.9988267719745636
506,4.5,-5.5,5,Hero,0.999957823753357,0.9984296441078186
507,-4.999999999999998,-4.999999999999998,50,None,0.9999762284755707,0.9598429023101925
508,-4.999999999999998,-4.999999999999998,50,None,0.9988829350471496,0.9975205659866333
509,-4.999999999999998,-4.999999999999998,50,None,0.9981486809253692,0.9515349954064004
510,4.7,-5.3,3,Hero,0.9999922513961792,0.998208244641622
511,-4.999999999999998,-4.999999999999998,50,None,0.999729231595993,0.9974722874164581
512,-4.999999999999998,-4.999999999999998,50,None,0.9999024164676666,0.9969891691207886
513,-4.999999999999998,-4.999999999999998,50,None,0.9941535365581512,0.8648713441193103
514,4.9,-5.1,1,Hero,0.999994158744812,0.9998395442962646
515,-4.999999999999998,-4.999999999999998,50,None,0.999998152256012,0.9983509910106659
516,-4.999999999999998,-4.999999999999998,50,None,0.9997481453418732,0.9510826479457318
517,4.300000000000001,-5.699999999999999,7,Hero,0.999769253390176,0.9968318087714059
518,-4.999999999999998,-4.999999999999998,50,None,0.9999419379234314,0.959888504743576
519,-4.999999999999998,-4.999999999999998,50,None,0.9969566547870636,0.9177902315557003
520,-4.999999999999998,-4.999999999999998,50,None,0.9999583077430725,0.9378734687715768
521,-4.999999999999998,-4.999999999999998,50,None,0.999975061416626,0.9806879484653472
522,-4.999999999999998,-4.999999999999998,50,None,0.9999391269683838,0.8582016321271658
523,-4.999999999999998,-4.999999999999998,50,None,0.9984753775596619,0.9961208581924439
524,-4.999999999999998,-4.999999999999998,50,None,0.9907077527046204,0.7950357493758201
525,-4.999999999999998,-4.999999999999998,50,None,0.9720034000277519,0.8858439766615629
526,-4.999999999999998,-4.999999999999998,50,None,0.9986557674407959,0.8080924057029187
527,4.2,-5.8,8,Hero,0.9991487711668015,0.9964237883687019
528,-4.999999999999998,-4.999999999999998,50,None,0.9477949449419976,0.9852562403678894
529,-4.999999999999998,-4.999999999999998,50,None,0.9999733674526214,0.998676552772522
530,-5.3,4.7,3,Villain,0.4442076434691747,0.9500407973925272
531,-4.999999999999998,-4.999999999999998,50,None,0.9958986282348633,0.9984502410888672
532,-4.999999999999998,-4.999999999999998,50,None,0.9992275273799897,0.9739694994222373
533,3.8000000000000007,-6.199999999999999,12,Hero,0.8756333986918131,0.9975952406724294
534,-4.999999999999998,-4.999999999999998,50,None,0.9784493404626846,0.8853369030472823
535,-4.999999999999998,-4.999999999999998,50,None,0.9999777126312256,0.9960532104969024
536,-4.999999999999998,-4.999999999999998,50,None,0.9984371852874756,0.8923871232569218
537,-4.999999999999998,-4.999999999999998,50,None,0.9913746988773346,0.9859126031398773
538,-4.999999999999998,-4.999999999999998,50,None,0.9999427199363708,0.9864542853832244
539,-4.999999999999998,-4.999999999999998,50,None,0.9999192774295806,0.9597776902467012
540,-4.999999999999998,-4.999999999999998,50,None,0.9997934639453888,0.8219651608541608
541,-4.999999999999998,-4.999999999999998,50,None,0.9967443764209747,0.9569431737810373
542,-4.999999999999998,-4.999999999999998,50,None,0.9316384917497635,0.9761793242581188
543,-4.999999999999998,-4.999999999999998,50,None,0.9999860548973083,0.9930094814300537
544,-4.999999999999998,-4.999999999999998,50,None,0.9999049973487854,0.9950392723083497
545,-4.999999999999998,-4.999999999999998,50,None,0.9843057215213775,0.99904993891716
546,-4.999999999999998,-4.999999999999998,50,None,0.9793275690171868,0.9680306831211783
547,-4.999999999999998,-4.999999999999998,50,None,0.9998692703247071,0.9127754881232977
548,-4.999999999999998,-4.999999999999998,50,None,0.9995624279975891,0.9949383950233459
549,-4.999999999999998,-4.999999999999998,50,None,0.9906377077102662,0.9758593928813935
550,-4.999999999999998,-4.999999999999998,50,None,0.9801936095952988,0.9760035940445959
551,-4.999999999999998,-4.999999999999998,50,None,0.9995860028266906,0.9092860720306635
552,-4.999999999999998,-4.999999999999998,50,None,0.9989570307731629,0.9607546479813754
553,-4.999999999999998,-4.999999999999998,50,None,0.9982202243804932,0.9958634424209595
554,4.2,-5.8,8,Hero,0.9980229809880257,0.99785016477108
555,-4.999999999999998,-4.999999999999998,50,None,0.9995227468013763,0.8366220604814589
556,-4.999999999999998,-4.999999999999998,50,None,0.9992962610721589,0.9986766946315765
557,-4.999999999999998,-4.999999999999998,50,None,0.9935381519794464,0.9541961368173361
558,-4.999999999999998,-4.999999999999998,50,None,0.9987865769863129,0.969044260806404
559,-4.999999999999998,-4.999999999999998,50,None,0.9996429586410522,0.9976971685886383
560,-4.999999999999998,-4.999999999999998,50,None,0.9986801540851593,0.8553801564127207
561,-4.999999999999998,-4.999999999999998,50,None,0.9957417833805084,0.8326288123428821
562,-4.999999999999998,-4.999999999999998,50,None,0.953271324634552,0.8674772319709882
563,-4.999999999999998,-4.999999999999998,50,None,0.9994841146469117,0.9950083446502686
564,-5.3,4.7,3,Villain,0.2992418060700099,0.88477889696757
565,-5.699999999999999,4.300000000000001,7,Villain,0.4004068842955998,0.8439394515007734
566,4.1000000000000005,-5.8999999999999995,9,Hero,0.9381025234858195,0.998280922571818
567,-4.999999999999998,-4.999999999999998,50,None,0.9916026604175567,0.9272301620990038
568,-4.999999999999998,-4.999999999999998,50,None,0.9997846627235413,0.9755901123769581
569,-4.999999999999998,-4.999999999999998,50,None,0.988766747713089,0.9975659012794494
570,-4.999999999999998,-4.999999999999998,50,None,0.8855964782461524,0.6795940856612287
571,-4.999999999999998,-4.999999999999998,50,None,0.987823366522789,0.9942779564857482
572,-4.999999999999998,-4.999999999999998,50,None,0.9997280824184418,0.9950560045242309
573,-4.999999999999998,-4.999999999999998,50,None,0.9966778182983398,0.9549255430698395
574,-4.999999999999998,-4.999999999999998,50,None,0.9165181757509708,0.8841167050413787
575,-9.999999999999998,1.7763568394002505e-15,50,Villain,0.8413926117774099,0.5194796338677407
576,-4.999999999999998,-4.999999999999998,50,None,0.9998561191558838,0.9953305065631867
577,-5.5,4.5,5,Villain,0.33479745090007784,0.7657182604074478
578,-4.999999999999998,-4.999999999999998,50,None,0.9647664118558168,0.9896720910072326
579,-5.8999999999999995,4.1000000000000005,9,Villain,0.7130779441859987,0.9962569011582268
580,-4.999999999999998,-4.999999999999998,50,None,0.999949358701706,0.9757666314113885
581,-4.999999999999998,-4.999999999999998,50,None,0.9801052869670093,0.9953139197826385
582,-4.999999999999998,-4.999999999999998,50,None,0.999328397512436,0.9714053308963776
583,-4.999999999999998,-4.999999999999998,50,None,0.9704645645618438,0.9719235551729798
584,-4.999999999999998,-4.999999999999998,50,None,0.9998584604263305,0.9699670115113258
585,-4.999999999999998,-4.999999999999998,50,None,0.9987530338764191,0.7655940863490105
586,-4.999999999999998,-4.999999999999998,50,None,0.9981390905380249,0.724048310443759
587,-4.999999999999998,-4.999999999999998,50,None,0.9992744183540344,0.7287378479726613
588,3.9000000000000004,-6.1,11,Hero,0.8848019987344742,0.9969464161179282
589,-4.999999999999998,-4.999999999999998,50,None,0.9997043073177337,0.7748882094025612
590,-4.999999999999998,-4.999999999999998,50,None,0.922342730164528,0.9756884002685546
591,4.4,-5.6,6,Hero,0.8255080063245259,0.9979685644308726
592,-4.999999999999998,-4.999999999999998,50,None,0.999992482662201,0.9961900377273559
593,-4.999999999999998,-4.999999999999998,50,None,0.9994519460201263,0.8052732586860657
594,-4.999999999999998,-4.999999999999998,50,None,0.9986404645442962,0.9876475155353546
595,4.800000000000001,-5.199999999999999,2,Hero,0.9998713433742523,0.9986280202865601
596,-4.999999999999998,-4.999999999999998,50,None,0.998937349319458,0.9064249350130558
597,4.800000000000001,-5.199999999999999,2,Hero,0.9996762573719025,0.9995105266571045
598,-4.999999999999998,-4.999999999999998,50,None,0.9764740765094757,0.7103104156441986
599,-4.999999999999998,-4.999999999999998,50,None,0.9969170010089874,0.9931403005123138
600,-4.999999999999998,-4.999999999999998,50,None,0.9497911291569472,0.892473980858922
601,4.6000000000000005,-5.3999999999999995,4,Hero,0.7491361486027017,0.9998386800289154
602,-4.999999999999998,-4.999999999999998,50,None,0.9518333100527525,0.9635906990244985
603,-4.999999999999998,-4.999999999999998,50,None,0.7914146191626787,0.58379797372967
604,-5.3999999999999995,4.6000000000000005,4,Villain,0.6863247752189636,0.7166432128287852
605,-6.6,3.4000000000000004,16,Villain,0.8579989910358563,0.39856630651047453
606,-4.999999999999998,-4.999999999999998,50,None,0.8439656890928745,0.9506682275049388
607,-4.999999999999998,-4.999999999999998,50,None,0.8909703841805459,0.8604136914014816
608,-4.999999999999998,-4.999999999999998,50,None,0.6533184433262795,0.9493641304969788
609,-4.999999999999998,-4.999999999999998,50,None,0.9118655052781105,0.9688976130820811
610,-7.0,3.0,20,Villain,0.9993757277727127,0.6881584075745195
611,3.3,-6.7,17,Hero,0.894518207101261,0.9954643775435055
612,-5.8,4.2,8,Villain,0.553345774882473,0.5243081767112017
613,-4.999999999999998,-4.999999999999998,50,None,0.8798757493495941,0.9103717703744769
614,-4.999999999999998,-4.999999999999998,50,None,0.9990129709243775,0.9794754374027252
615,3.6000000000000005,-6.3999999999999995,14,Hero,0.7739726155996323,0.9667093753814697
616,-4.999999999999998,-4.999999999999998,50,None,0.9673686590790749,0.7300209109671414
617,-4.999999999999998,-4.999999999999998,50,None,0.9754411560297013,0.8396830321103335
618,4.0,-6.0,10,Hero,0.9262876123189926,0.9846547842025757
619,4.1000000000000005,-5.8999999999999995,9,Hero,0.8605941898292966,0.9834601018163893
620,-4.999999999999998,-4.999999999999998,50,None,0.9981156563758851,0.577486748341471
621,-4.999999999999998,-4.999999999999998,50,None,0.988436484336853,0.923819713764824
622,-4.999999999999998,-4.999999999999998,50,None,0.9350431928038597,0.6372737273573875
623,-4.999999999999998,-4.999999999999998,50,None,0.9995948553085328,0.968884916305542
624,-5.1,4.9,1,Villain,0.36209240555763245,0.9361224174499512
625,-6.7,3.3,17,Villain,0.8964988562990638,0.3594856718007256
626,-4.999999999999998,-4.999999999999998,50,None,0.9938736116886139,0.8972193655371666
627,-4.999999999999998,-4.999999999999998,50,None,0.9579355067014694,0.9849493432044983
628,3.5,-6.5,15,Hero,0.8881254891554514,0.9911743879318238
629,-6.199999999999999,3.8000000000000007,12,Villain,0.6660536217192808,0.4187381664911906
630,-5.1,4.9,1,Villain,0.9993813037872314,0.9705933332443237
631,-5.8,4.2,8,Villain,0.9808443933725357,0.6943895164877176
632,-5.3999999999999995,4.6000000000000005,4,Villain,0.9209628999233246,0.8671380281448364
633,-4.999999999999998,-4.999999999999998,50,None,0.9997783327102661,0.988557734489441
634,4.1000000000000005,-5.8999999999999995,9,Hero,0.9302292267481486,0.9976251721382141
635,-4.999999999999998,-4.999999999999998,50,None,0.8987321341037751,0.7891051091626287
636,-4.999999999999998,-4.999999999999998,50,None,0.9564534979313613,0.9960571563243866
637,-6.0,4.0,10,Villain,0.9844839036464691,0.8151568681001663
638,-4.999999999999998,-4.999999999999998,50,None,0.9626244494970888,0.9795826756954193
639,-7.1,2.9,21,Villain,0.9977663783800035,0.5578451028891972
640,-5.8,4.2,8,Villain,0.9882636293768883,0.5290175152476877
641,-6.1,3.9000000000000004,11,Villain,0.9953494288704612,0.7565874552184885
642,-4.999999999999998,-4.999999999999998,50,None,0.9594765472412109,0.7746889539156109
643,-6.1,3.9000000000000004,11,Villain,0.9848609295758334,0.6635377772829749
644,-4.999999999999998,-4.999999999999998,50,None,0.9825080132484436,0.9685724836587906
645,-4.999999999999998,-4.999999999999998,50,None,0.9995366668701172,0.9472025185870007
646,-4.999999999999998,-4.999999999999998,50,None,0.999605473279953,0.9758944070339203
647,4.2,-5.8,8,Hero,0.9987965971231461,0.9635185077786446
648,-6.6,3.4000000000000004,16,Villain,0.8607914958847687,0.6049948073923588
649,-4.999999999999998,-4.999999999999998,50,None,0.9171281723398715,0.7872729441523552
650,-4.999999999999998,-4.999999999999998,50,None,0.9428262493014335,0.9929736185073853
651,-4.999999999999998,-4.999999999999998,50,None,0.9863880038261413,0.9611284674145282
652,-6.3,3.7,13,Villain,0.9691609327609723,0.43137886317876667
653,-4.999999999999998,-4.999999999999998,50,None,0.926772975656204,0.7861942774057389
654,-4.999999999999998,-4.999999999999998,50,None,0.9620644682645798,0.9437226602807641
655,-6.3,3.7,13,Villain,0.9646978424145625,0.42440990530527556
656,-4.999999999999998,-4.999999999999998,50,None,0.9190143567323684,0.7756383138895034
657,-6.7,3.3,17,Villain,0.9880768376238206,0.4604821774889441
658,-7.0,3.0,20,Villain,0.986425718665123,0.519839762058109
659,4.2,-5.8,8,Hero,0.9353991076350212,0.9976252242922783
660,-5.6,4.4,6,Villain,0.988558848698934,0.6452974180380503
661,4.6000000000000005,-5.3999999999999995,4,Hero,0.9998211413621902,0.7476546608959325
662,-4.999999999999998,-4.999999999999998,50,None,0.9770066342363134,0.8826537276804447
663,-4.999999999999998,-4.999999999999998,50,None,0.9669306194782257,0.9424336525797844
664,-6.3,3.7,13,Villain,0.9841084526135371,0.5180126867042139
665,-4.999999999999998,-4.999999999999998,50,None,0.9708028944954276,0.8219829692691565
666,-4.999999999999998,-4.999999999999998,50,None,0.9396203434467316,0.9266360434517265
667,-4.999999999999998,-4.999999999999998,50,None,0.9717395585775376,0.9226936622336507
668,-4.999999999999998,-4.999999999999998,50,None,0.9639782182499766,0.8519889444299042
669,-4.999999999999998,-4.999999999999998,50,None,0.9857324469089508,0.7819582882151007
670,-7.0,3.0,20,Villain,0.9679570436477661,0.391967517323792
671,-6.3999999999999995,3.6000000000000005,14,Villain,0.9199747598863074,0.5535548124462366
672,-5.8,4.2,8,Villain,0.9450517818331718,0.4240008946508169
673,-4.999999999999998,-4.999999999999998,50,None,0.9498662602901459,0.8211689762771129
674,-6.3,3.7,13,Villain,0.9521086445221534,0.6353172636949099
675,-6.0,4.0,10,Villain,0.6258339697495103,0.4219514213502407
676,4.300000000000001,-5.699999999999999,7,Hero,0.8365246126694339,0.9787333352225167
677,3.7,-6.3,13,Hero,0.8841529763661898,0.9145949775926195
678,4.2,-5.8,8,Hero,0.9258835688233376,0.9988693222403526
679,-4.999999999999998,-4.999999999999998,50,None,0.9597966911271214,0.9281322966516018
680,-4.999999999999998,-4.999999999999998,50,None,0.8136000308953225,0.9135380592755973
681,-4.999999999999998,-4.999999999999998,50,None,0.9989767432212829,0.9944226157665252
682,-6.5,3.5,15,Villain,0.9342829192678134,0.46474874118963877
683,-4.999999999999998,-4.999999999999998,50,None,0.9903193283081054,0.9922404944896698
684,-6.3,3.7,13,Villain,0.9938866037588853,0.4195458791576899
685,-6.0,4.0,10,Villain,0.9978556513786316,0.8244065150618554
686,-4.999999999999998,-4.999999999999998,50,None,0.9923406875133515,0.9725389226200059
687,-4.999999999999998,-4.999999999999998,50,None,0.9213108266890049,0.9668501409888267
688,3.7,-6.3,13,Hero,0.7821357135589306,0.9937462439903846
689,3.7,-6.3,13,Hero,0.9256475063470694,0.9976199681942279
690,-6.1,3.9000000000000004,11,Villain,0.998048560185866,0.7815046066587622
691,-6.3999999999999995,3.6000000000000005,14,Villain,0.9389431817190987,0.45630625635385513
692,-4.999999999999998,-4.999999999999998,50,None,0.9787514590797946,0.957153417430818
693,3.6000000000000005,-6.3999999999999995,14,Hero,0.8857643769920936,0.9968275555542537
694,3.9000000000000004,-6.1,11,Hero,0.7188714417544279,0.9901453906839545
695,3.9000000000000004,-6.1,11,Hero,0.9134681251916018,0.9992128935727206
696,-6.9,3.0999999999999996,19,Villain,0.805680093012358,0.5239998443346274
697,-4.999999999999998,-4.999999999999998,50,None,0.9940934908390046,0.9847882950305938
698,-5.5,4.5,5,Villain,0.98679678440094,0.6778268873691559
699,-5.8999999999999995,4.1000000000000005,9,Villain,0.7797438502311707,0.9604747295379639
700,-5.6,4.4,6,Villain,0.9094200332959493,0.5736333032449087
701,-4.999999999999998,-4.999999999999998,50,None,0.9592986439168453,0.8328479780629278
702,-6.0,4.0,10,Villain,0.9752529442310334,0.7387120336294174
703,-5.699999999999999,4.300000000000001,7,Villain,0.9885946256773812,0.9723738772528512
704,-6.1,3.9000000000000004,11,Villain,0.9854016683318398,0.5796559182080355
705,-6.0,4.0,10,Villain,0.9983292698860169,0.4684185840189457
706,-7.1,2.9,21,Villain,0.9113346425195535,0.44253414394777446
707,-4.999999999999998,-4.999999999999998,50,None,0.9992248821258545,0.9989909195899963
708,-7.2,2.8,22,Villain,0.9566332724961367,0.5328128608790311
709,4.4,-5.6,6,Hero,0.9215467572212219,0.9996376037597656
710,4.6000000000000005,-5.3999999999999995,4,Hero,0.8114595413208008,0.9992964267730713
711,-6.3,3.7,13,Villain,0.866920679807663,0.47507598537665147
712,-5.8999999999999995,4.1000000000000005,9,Villain,0.9939034448729621,0.48865187499258256
713,-6.199999999999999,3.8000000000000007,12,Villain,0.9620930204788843,0.4574856186906497
714,-5.8999999999999995,4.1000000000000005,9,Villain,0.7993615062700378,0.8197625309435858
715,4.0,-6.0,10,Hero,0.9481675207614899,0.9992580711841583
716,4.7,-5.3,3,Hero,0.9822544455528259,0.999824583530426
717,-4.999999999999998,-4.999999999999998,50,None,0.9600154962390661,0.8830932773649692
718,-4.999999999999998,-4.999999999999998,50,None,0.9302051252126694,0.9922477805614471
719,-4.999999999999998,-4.999999999999998,50,None,0.9395369279384613,0.9608313424885273
720,-6.0,4.0,10,Villain,0.841709190607071,0.4623121239244938
721,-6.0,4.0,10,Villain,0.9202539145946502,0.49557297453284266
722,-4.999999999999998,-4.999999999999998,50,None,0.9944436573982238,0.9930118644237518
723,4.5,-5.5,5,Hero,0.8551285624504089,0.9927157163619995
724,3.8000000000000007,-6.199999999999999,12,Hero,0.9659966131051382,0.9934169898430506
725,-4.999999999999998,-4.999999999999998,50,None,0.9164002127945423,0.9382387455180288
726,-5.8,4.2,8,Villain,0.7880325629375875,0.5975301861763
727,-4.999999999999998,-4.999999999999998,50,None,0.9172351308213547,0.7862574066594243
728,-4.999999999999998,-4.999999999999998,50,None,0.9929252350330353,0.9479348257184028
729,3.5,-6.5,15,Hero,0.97325545946757,0.9981379230817159
730,-5.1,4.9,1,Villain,0.18505318462848663,0.9721829295158386
731,-5.699999999999999,4.300000000000001,7,Villain,0.8583337856190545,0.5397764870098659
732,-4.999999999999998,-4.999999999999998,50,None,0.9588009694218635,0.9639703522622586
733,-6.6,3.4000000000000004,16,Villain,0.9378610188141465,0.5482766435015947
734,-5.5,4.5,5,Villain,0.9681072115898133,0.5335024569183588
735,-6.9,3.0999999999999996,19,Villain,0.71033120763145,0.4197457464117753
736,-4.999999999999998,-4.999999999999998,50,None,0.9812568664550781,0.8888692062161863
737,3.9000000000000004,-6.1,11,Hero,0.9455882148309187,0.8969796872274443
738,-5.8999999999999995,4.1000000000000005,9,Villain,0.8944813335935274,0.44890524860885406
739,-4.999999999999998,-4.999999999999998,50,None,0.9867268782854081,0.972457332573831
740,4.300000000000001,-5.699999999999999,7,Hero,0.7944676961217608,0.9982057724680219
741,-4.999999999999998,-4.999999999999998,50,None,0.9433735489845276,0.751135735232383
742,4.5,-5.5,5,Hero,0.9749358057975769,0.9805437564849854
743,-4.999999999999998,-4.999999999999998,50,None,0.9275500524044037,0.8351431220024824
744,-6.199999999999999,3.8000000000000007,12,Villain,0.9958730886379877,0.6917988682786623
745,-4.999999999999998,-4.999999999999998,50,None,0.9728252965211869,0.9462591000366956
746,-4.999999999999998,-4.999999999999998,50,None,0.9839320543408394,0.9749171283887699
747,-6.8,3.2,18,Villain,0.9891748329003652,0.6013614568445418
748,-6.3,3.7,13,Villain,0.9964036024533786,0.7526074051856995
749,4.9,-5.1,1,Hero,0.9694452881813049,0.9995961785316467
750,3.9000000000000004,-6.1,11,Hero,0.9126580479470167,0.9765351468866522
751,3.7,-6.3,13,Hero,0.969831278690925,0.9973919345782354
752,-5.6,4.4,6,Villain,0.8365007986625036,0.6757524410883585
753,-6.3999999999999995,3.6000000000000005,14,Villain,0.9519760864121574,0.8260133670909064
754,4.4,-5.6,6,Hero,0.9979231357574463,0.9919129014015198
755,-4.999999999999998,-4.999999999999998,50,None,0.9914586961269378,0.9897502660751343
756,-4.999999999999998,-4.999999999999998,50,None,0.9498452001810074,0.784140835404396
757,-4.999999999999998,-4.999999999999998,50,None,0.9888198626041412,0.9390284591913223
758,4.300000000000001,-5.699999999999999,7,Hero,0.9471072810036796,0.9983523573194232
759,-4.999999999999998,-4.999999999999998,50,None,0.9893387591838837,0.9614015364088118
760,-4.999999999999998,-4.999999999999998,50,None,0.9914217960834503,0.9201234994828701
761,-4.999999999999998,-4.999999999999998,50,None,0.9363261732459068,0.8456412389874458
762,-4.999999999999998,-4.999999999999998,50,None,0.9814302086830139,0.889444007128477
763,-4.999999999999998,-4.999999999999998,50,None,0.9712805998325348,0.910843434035778
764,-4.999999999999998,-4.999999999999998,50,None,0.9350554592930712,0.8664408102631569
765,-4.999999999999998,-4.999999999999998,50,None,0.9543411040306091,0.8254585763812066
766,-5.6,4.4,6,Villain,0.8988753855228424,0.5154999792575836
767,-7.0,3.0,20,Villain,0.9201691463589668,0.49705576673150065
768,-4.999999999999998,-4.999999999999998,50,None,0.9513762944936752,0.7274888818524778
769,-4.999999999999998,-4.999999999999998,50,None,0.9828312140703201,0.9859920775890351
770,-4.999999999999998,-4.999999999999998,50,None,0.9988946676254272,0.998691416978836
771,-4.999999999999998,-4.999999999999998,50,None,0.9999967122077942,0.9945583939552307
772,-4.999999999999998,-4.999999999999998,50,None,0.9652775593008847,0.9008034705743193
773,-4.999999999999998,-4.999999999999998,50,None,0.9787436044216156,0.8999404161050916
774,-4.999999999999998,-4.999999999999998,50,None,0.9821739101409912,0.922033651471138
775,-4.999999999999998,-4.999999999999998,50,None,0.9455888198316097,0.8641741122677922
776,4.9,-5.1,1,Hero,0.9997215867042542,0.9960638880729675
777,-4.999999999999998,-4.999999999999998,50,None,0.9999998211860657,0.9974742960929871
778,-4.999999999999998,-4.999999999999998,50,None,0.8974707946181297,0.7390582954138517
779,-4.999999999999998,-4.999999999999998,50,None,0.9998035991191864,0.9589753657765686
780,-6.8,3.2,18,Villain,0.7436969296799766,0.4972179900440905
781,-4.999999999999998,-4.999999999999998,50,None,0.9799884927272796,0.8707773409411311
782,3.8000000000000007,-6.199999999999999,12,Hero,0.9584430505832037,0.9980749636888504
783,-4.999999999999998,-4.999999999999998,50,None,0.9999996018409729,0.9944793725013733
784,-4.999999999999998,-4.999999999999998,50,None,0.9880452394485474,0.9346911985054612
785,-4.999999999999998,-4.999999999999998,50,None,0.991735737323761,0.9551180398464203
786,-4.999999999999998,-4.999999999999998,50,None,0.976425513625145,0.877763528060168
787,-4.999999999999998,-4.999999999999998,50,None,0.9705113185942174,0.8967653840780259
788,-4.999999999999998,-4.999999999999998,50,None,0.9793902730941773,0.997389931678772
789,-4.999999999999998,-4.999999999999998,50,None,0.9520551180839538,0.801765709221363
790,4.6000000000000005,-5.3999999999999995,4,Hero,0.9977082759141922,0.9987755864858627
791,-4.999999999999998,-4.999999999999998,50,None,0.9800056451559067,0.8992022404819727
792,-4.999999999999998,-4.999999999999998,50,None,0.9991735994815827,0.8169681196659804
793,-4.999999999999998,-4.999999999999998,50,None,0.999997591972351,0.9343888765200973
794,-4.999999999999998,-4.999999999999998,50,None,0.9788462847471238,0.8652690055364292
795,-4.999999999999998,-4.999999999999998,50,None,0.968827221095562,0.8696063955873251
796,-4.999999999999998,-4.999999999999998,50,None,0.9999377012252808,0.9783133339881896
797,4.300000000000001,-5.699999999999999,7,Hero,0.9281001261302403,0.9941357970237732
798,-4.999999999999998,-4.999999999999998,50,None,0.9705725574493408,0.9609721589833498
799,-4.999999999999998,-4.999999999999998,50,None,0.9681999258697033,0.998036652803421
800,-4.999999999999998,-4.999999999999998,50,None,0.9870445191860199,0.9524622723460198
801,-4.999999999999998,-4.999999999999998,50,None,0.9909616708755493,0.9915989243984222
802,-4.999999999999998,-4.999999999999998,50,None,0.9972494006156921,0.9724830992519855
803,-4.999999999999998,-4.999999999999998,50,None,0.9999914419651031,0.9401792044751346
804,-4.999999999999998,-4.999999999999998,50,None,0.976935625076294,0.8900833068788052
805,-4.999999999999998,-4.999999999999998,50,None,0.9824136137962342,0.7381745613738895
806,4.4,-5.6,6,Hero,0.9574426611264547,0.9987222750981649
807,-6.3999999999999995,3.6000000000000005,14,Villain,0.798482885318143,0.6111279853752681
808,-4.999999999999998,-4.999999999999998,50,None,0.9826063179969787,0.9512087242491544
809,-4.999999999999998,-4.999999999999998,50,None,0.988342038989067,0.9264565324783325
810,-4.999999999999998,-4.999999999999998,50,None,0.9479958234727383,0.7439965538680553
811,-4.999999999999998,-4.999999999999998,50,None,0.9991842174530029,0.9349712311476469
812,-4.999999999999998,-4.999999999999998,50,None,0.9764753283560276,0.9951945662498474
813,3.9000000000000004,-6.1,11,Hero,0.9360175024379384,0.9981391375715082
814,-5.6,4.4,6,Villain,0.8444806337356567,0.9956958393255869
815,-4.999999999999998,-4.999999999999998,50,None,0.9868998289108276,0.9616049508564174
816,-4.999999999999998,-4.999999999999998,50,None,0.9866381013393402,0.8949835824593901
817,-4.999999999999998,-4.999999999999998,50,None,0.9815352320671081,0.8816196921467782
818,-4.999999999999998,-4.999999999999998,50,None,0.9928805899620056,0.9579783666133881
819,-4.999999999999998,-4.999999999999998,50,None,0.9613040292263031,0.6697615417093039
820,-4.999999999999998,-4.999999999999998,50,None,0.9644418674707412,0.7035251461714506
821,-4.999999999999998,-4.999999999999998,50,None,0.9799567449092865,0.9960882842540741
822,-4.999999999999998,-4.999999999999998,50,None,0.7684754611877724,0.4749523325031623
823,-4.999999999999998,-4.999999999999998,50,None,0.9893687665462494,0.9417349927872419
824,-5.3999999999999995,4.6000000000000005,4,Villain,0.8273872211575508,0.7513356897979975
825,-4.999999999999998,-4.999999999999998,50,None,0.9995998549461365,0.885200485503301
826,-4.999999999999998,-4.999999999999998,50,None,0.978235003054142,0.9156587652862072
827,-4.999999999999998,-4.999999999999998,50,None,0.9779371011257172,0.9746795613598078
828,-4.999999999999998,-4.999999999999998,50,None,0.9661388248205185,0.9944282150268555
829,-4.999999999999998,-4.999999999999998,50,None,0.9379503685235977,0.6548025389015675
830,4.300000000000001,-5.699999999999999,7,Hero,0.9001743580613818,0.9995363865579877
831,-4.999999999999998,-4.999999999999998,50,None,0.9739366871118545,0.8652716168761253
832,4.0,-6.0,10,Hero,0.9639463424682617,0.9970283925533294
833,-4.999999999999998,-4.999999999999998,50,None,0.9999825298786164,0.9382765803532674
834,-4.999999999999998,-4.999999999999998,50,None,1.0,0.9941943573951721
835,-4.999999999999998,-4.999999999999998,50,None,0.9908230006694794,0.8401318100094796
836,-5.5,4.5,5,Villain,0.8666823506355286,0.9779780268669128
837,-4.999999999999998,-4.999999999999998,50,None,0.9941485631465912,0.7155351678468287
838,4.1000000000000005,-5.8999999999999995,9,Hero,0.9542465209960938,0.9977667927742004
839,4.0,-6.0,10,Hero,0.8636105544865131,0.9922903895378112
840,3.7,-6.3,13,Hero,0.9694474477034348,0.9975024094948401
841,-5.1,4.9,1,Villain,0.7001351714134216,0.6585062146186829
842,-4.999999999999998,-4.999999999999998,50,None,0.9997150063514709,0.7968235252052546
843,-4.999999999999998,-4.999999999999998,50,None,0.9664622342586517,0.9038190214615315
844,4.300000000000001,-5.699999999999999,7,Hero,0.920276267187936,0.9996915544782367
845,4.0,-6.0,10,Hero,0.9146085113286972,0.9995167970657348
846,-4.999999999999998,-4.999999999999998,50,None,0.9894528579711914,0.9928202629089355
847,-4.999999999999998,-4.999999999999998,50,None,0.9843960750102997,0.9305174013227224
848,-4.999999999999998,-4.999999999999998,50,None,0.9999990129470825,0.9631655594985932
849,-4.999999999999998,-4.999999999999998,50,None,0.9791133922338485,0.9350941778719425
850,-4.999999999999998,-4.999999999999998,50,None,0.9550613340735435,0.7457067887112498
851,-4.999999999999998,-4.999999999999998,50,None,0.9998861587047577,0.9886736762523651
852,-4.999999999999998,-4.999999999999998,50,None,0.9761584442853928,0.8190169748663902
853,4.0,-6.0,10,Hero,0.9311092793941498,0.9967145383358001
854,-4.999999999999998,-4.999999999999998,50,None,0.982164260149002,0.8369034478068351
855,-5.8999999999999995,4.1000000000000005,9,Villain,0.5847194989522299,0.6745178972681364
856,-4.999999999999998,-4.999999999999998,50,None,0.9990330696105957,0.7542117832601071
857,-4.999999999999998,-4.999999999999998,50,None,0.9796759670972824,0.9468004110455513
858,-4.999999999999998,-4.999999999999998,50,None,0.9999668848514557,0.9906119203567505
859,-4.999999999999998,-4.999999999999998,50,None,0.9563425183296204,0.7738287072256207
860,-6.1,3.9000000000000004,11,Villain,0.859135008671067,0.5724039402875033
861,-4.999999999999998,-4.999999999999998,50,None,0.9887123000621796,0.9904164040088653
862,3.9000000000000004,-6.1,11,Hero,0.9030327871441841,0.9990468675440008
863,-4.999999999999998,-4.999999999999998,50,None,0.9999729657173156,0.9230348379164934
864,-4.999999999999998,-4.999999999999998,50,None,0.9999974584579467,0.9918608582019806
865,-4.999999999999998,-4.999999999999998,50,None,0.9818753796815872,0.9947802519798279
866,-4.999999999999998,-4.999999999999998,50,None,0.9497617619484663,0.7473698374629021
867,-6.1,3.9000000000000004,11,Villain,0.8738889274272051,0.7274280082095753
868,-4.999999999999998,-4.999999999999998,50,None,0.999978506565094,0.998357561826706
869,-4.999999999999998,-4.999999999999998,50,None,0.9999046623706818,0.9445967557653785
870,4.1000000000000005,-5.8999999999999995,9,Hero,0.9345027903715769,0.998804145389133
871,-4.999999999999998,-4.999999999999998,50,None,0.9568337454646826,0.9127407322824002
872,-4.999999999999998,-4.999999999999998,50,None,0.989410525560379,0.9976791679859162
873,-4.999999999999998,-4.999999999999998,50,None,0.9701603507995605,0.8117175386566668
874,4.6000000000000005,-5.3999999999999995,4,Hero,0.9933321923017502,0.9929756075143814
875,-4.999999999999998,-4.999999999999998,50,None,0.9973870491981507,0.9442261104192585
876,-4.999999999999998,-4.999999999999998,50,None,0.9268960160389542,0.8843439143896102
877,-4.999999999999998,-4.999999999999998,50,None,0.9902979803085327,0.9980260014533997
878,4.300000000000001,-5.699999999999999,7,Hero,0.9999994891030448,0.838870749941894
879,-4.999999999999998,-4.999999999999998,50,None,0.9970874154567718,0.9770562314987182
880,-4.999999999999998,-4.999999999999998,50,None,0.9985955345630646,0.9036227963864804
881,-4.999999999999998,-4.999999999999998,50,None,0.9420381267368794,0.8784692633152008
882,-4.999999999999998,-4.999999999999998,50,None,0.9999965119361878,0.9984675049781799
883,3.6000000000000005,-6.3999999999999995,14,Hero,0.9553108406918389,0.9975547577653613
884,-4.999999999999998,-4.999999999999998,50,None,0.9976770055294036,0.9491405769623816
885,3.9000000000000004,-6.1,11,Hero,0.9755098928104747,0.9979716701941057
886,-4.999999999999998,-4.999999999999998,50,None,0.946415355540812,0.7335768643766641
887,3.9000000000000004,-6.1,11,Hero,0.9793478954922069,0.9944866841489618
888,-4.999999999999998,-4.999999999999998,50,None,0.9902975237369538,0.9012345253676176
889,-4.999999999999998,-4.999999999999998,50,None,0.9509618981555105,0.9549322175700218
890,-4.999999999999998,-4.999999999999998,50,None,0.9896563768386841,0.8957615068554878
891,4.9,-5.1,1,Hero,0.9983094930648804,0.9984776377677917
892,-4.999999999999998,-4.999999999999998,50,None,0.9880554342269897,0.996759557723999
893,-4.999999999999998,-4.999999999999998,50,None,0.9798447149991989,0.9988775265216827
894,-4.999999999999998,-4.999999999999998,50,None,0.9995220959186554,0.9639063929021359
895,-4.999999999999998,-4.999999999999998,50,None,0.9999999952316284,0.9090875758230686
896,-4.999999999999998,-4.999999999999998,50,None,0.9953690397739411,0.8593354631587863
897,-4.999999999999998,-4.999999999999998,50,None,0.9999758911132812,0.8355391857028007
898,-4.999999999999998,-4.999999999999998,50,None,0.9999999976158143,0.9760342104115989
899,-4.999999999999998,-4.999999999999998,50,None,0.999372501373291,0.9629381581395865
900,-4.999999999999998,-4.999999999999998,50,None,0.9999015974998474,0.9777969011594542
901,4.9,-5.1,1,Hero,0.9999991655349731,0.9990302324295044
902,3.6000000000000005,-6.3999999999999995,14,Hero,0.9648048111370632,0.9967375780854907
903,-4.999999999999998,-4.999999999999998,50,None,0.9872933620214462,0.9981308031082153
904,-4.999999999999998,-4.999999999999998,50,None,0.99917755484581,0.9291825976967811
905,4.800000000000001,-5.199999999999999,2,Hero,0.858079582452774,0.9997802078723907
906,-4.999999999999998,-4.999999999999998,50,None,0.946059700846672,0.977678452739492
907,-4.999999999999998,-4.999999999999998,50,None,0.9999974608421326,0.9941970002651215
908,-4.999999999999998,-4.999999999999998,50,None,0.9999998617172241,0.9912321841716767
909,-4.999999999999998,-4.999999999999998,50,None,0.9999675035476685,0.8752071053534746
910,4.9,-5.1,1,Hero,1.0,0.9990719556808472
911,-4.999999999999998,-4.999999999999998,50,None,0.98269397854805,0.941981464321725
912,-4.999999999999998,-4.999999999999998,50,None,0.9746609878540039,0.864097703024745
913,-4.999999999999998,-4.999999999999998,50,None,0.9999992704391479,0.9272351809591055
914,4.1000000000000005,-5.8999999999999995,9,Hero,0.8780085941155752,0.999521103170183
915,-4.999999999999998,-4.999999999999998,50,None,0.9995844531059265,0.9090391749888659
916,-4.999999999999998,-4.999999999999998,50,None,0.9895245718955994,0.9962131237983703
917,-4.999999999999998,-4.999999999999998,50,None,0.9692863309383393,0.8787162312120199
918,4.1000000000000005,-5.8999999999999995,9,Hero,0.9473208983739217,0.999658829636044
919,-4.999999999999998,-4.999999999999998,50,None,0.9782021600008011,0.9159938684850931
920,-4.999999999999998,-4.999999999999998,50,None,0.9305937299877405,0.774746243879199
921,-4.999999999999998,-4.999999999999998,50,None,0.9695090717077255,0.8151650432497263
922,4.1000000000000005,-5.8999999999999995,9,Hero,0.927562458647622,0.9993834826681349
923,4.4,-5.6,6,Hero,0.9917182823022207,0.9978626767794291
924,3.4000000000000004,-6.6,16,Hero,0.9863050952553749,0.993223562836647
925,-4.999999999999998,-4.999999999999998,50,None,0.9729818999767303,0.7340388897061348
926,-4.999999999999998,-4.999999999999998,50,None,0.9974292695522309,0.8979223424196243
927,-4.999999999999998,-4.999999999999998,50,None,0.9867583632469177,0.9816298389434814
928,4.2,-5.8,8,Hero,0.9680762737989426,0.9993719607591629
929,-4.999999999999998,-4.999999999999998,50,None,0.9999971556663513,0.9550440021976828
930,-4.999999999999998,-4.999999999999998,50,None,0.9983500659465789,0.9951637971401215
931,-4.999999999999998,-4.999999999999998,50,None,0.9912519550323486,0.974555406908039
932,-4.999999999999998,-4.999999999999998,50,None,0.9941541159152985,0.9983355677127839
933,-4.999999999999998,-4.999999999999998,50,None,0.9739047050476074,0.7788205705955624
934,-5.8999999999999995,4.1000000000000005,9,Villain,0.7946438892847962,0.6796114014254676
935,-4.999999999999998,-4.999999999999998,50,None,0.989112080335617,0.7607218865305185
936,-4.999999999999998,-4.999999999999998,50,None,0.9805811098217965,0.9181321208178997
937,3.9000000000000004,-6.1,11,Hero,0.8882553699341688,0.9975755648179487
938,3.5,-6.5,15,Hero,0.9817003409067789,0.9839904944101969
939,-4.999999999999998,-4.999999999999998,50,None,0.9695815885066986,0.7855620650574565
940,-4.999999999999998,-4.999999999999998,50,None,0.9711597344279289,0.8136727553606034
941,-4.999999999999998,-4.999999999999998,50,None,0.9997807264328002,0.9979950761795044
942,-5.1,4.9,1,Villain,0.5514257550239563,0.9975951313972473
943,-4.999999999999998,-4.999999999999998,50,None,0.9983039712905883,0.8139314936473966
944,-4.999999999999998,-4.999999999999998,50,None,0.9697895658016205,0.8463966658338904
945,-4.999999999999998,-4.999999999999998,50,None,0.9680420035123825,0.9944722247123718
946,-4.999999999999998,-4.999999999999998,50,None,0.9847110950946808,0.8998743402585387
947,4.9,-5.1,1,Hero,1.0,0.9986188411712646
948,3.6000000000000005,-6.3999999999999995,14,Hero,0.9784612102167947,0.9102760465549571
949,4.300000000000001,-5.699999999999999,7,Hero,0.7662661118166787,0.9976731283324105
950,4.6000000000000005,-5.3999999999999995,4,Hero,0.7391777792945504,0.9998740404844284
951,-4.999999999999998,-4.999999999999998,50,None,0.9999447202682495,0.8686024446412921
952,-4.999999999999998,-4.999999999999998,50,None,0.9999503850936889,0.9160252160578967
953,-4.999999999999998,-4.999999999999998,50,None,0.9265627042204142,0.8399151003360749
954,-4.999999999999998,-4.999999999999998,50,None,0.9680235809087754,0.9967937934398651
955,-4.999999999999998,-4.999999999999998,50,None,0.9789964312314987,0.9956012213230133
956,-4.999999999999998,-4.999999999999998,50,None,0.9922653698921203,0.8625046075880527
957,-4.999999999999998,-4.999999999999998,50,None,1.0,0.9722315650992095
958,4.7,-5.3,3,Hero,0.7037070939938227,0.9998930295308431
959,-4.999999999999998,-4.999999999999998,50,None,0.9038438838720322,0.7231873725354672
960,-4.999999999999998,-4.999999999999998,50,None,0.9705085325241088,0.9944355380535126
961,-4.999999999999998,-4.999999999999998,50,None,0.9862868750095367,0.8293970849364996
962,-4.999999999999998,-4.999999999999998,50,None,0.9872523009777069,0.7818733287602663
963,-4.999999999999998,-4.999999999999998,50,None,0.9656235852837562,0.8707744021341205
964,-4.999999999999998,-4.999999999999998,50,None,0.9143387776426971,0.9358682717941701
965,-4.999999999999998,-4.999999999999998,50,None,0.9999961078166961,0.9205010796897113
966,-4.999999999999998,-4.999999999999998,50,None,0.9914714705944061,0.8720086835324764
967,-4.999999999999998,-4.999999999999998,50,None,0.9985731160640716,0.9964666974544525
968,-4.999999999999998,-4.999999999999998,50,None,0.9865724498033523,0.8828069994226098
969,-4.999999999999998,-4.999999999999998,50,None,0.9991651332378387,0.9406242610514164
970,-4.999999999999998,-4.999999999999998,50,None,0.9999992775917054,0.9970947551727295
971,-4.999999999999998,-4.999999999999998,50,None,0.9999999642372132,0.9405335227400065
972,4.0,-6.0,10,Hero,0.9301591217517853,0.9943869769573211
973,4.9,-5.1,1,Hero,0.9802660346031189,0.9999485015869141
974,-4.999999999999998,-4.999999999999998,50,None,0.9859259504079819,0.9255431389808655
975,-4.999999999999998,-4.999999999999998,50,None,0.9449323085322976,0.8029056508094072
976,-4.999999999999998,-4.999999999999998,50,None,0.9576818984746933,0.7672008585557342
977,-4.999999999999998,-4.999999999999998,50,None,0.9320506242848933,0.8536615706980228
978,3.8000000000000007,-6.199999999999999,12,Hero,0.9461154465874037,0.998874306678772
979,4.9,-5.1,1,Hero,0.9984973669052124,0.9999669790267944
980,-4.999999999999998,-4.999999999999998,50,None,0.9935880935192108,0.9970241415500641
981,-4.999999999999998,-4.999999999999998,50,None,0.9981089258193969,0.9174165016412735
982,-4.999999999999998,-4.999999999999998,50,None,0.9999528062343598,0.9338728404045105
983,-4.999999999999998,-4.999999999999998,50,None,0.9522554573416709,0.9243365524662659
984,3.4000000000000004,-6.6,16,Hero,0.972394697368145,0.9984234422445297
985,-4.999999999999998,-4.999999999999998,50,None,0.9897997117042542,0.9246643684618175
986,-4.999999999999998,-4.999999999999998,50,None,0.9969752299785614,0.9245930420607329
987,-4.999999999999998,-4.999999999999998,50,None,0.9759755516052246,0.9132224153727293
988,-4.999999999999998,-4.999999999999998,50,None,0.963904750943184,0.8604121503233909
989,4.9,-5.1,1,Hero,0.9877826571464539,0.9989346861839294
990,3.5,-6.5,15,Hero,0.9261603288352489,0.9983278791109721
991,-4.999999999999998,-4.999999999999998,50,None,0.9536593049764633,0.8124738811329008
992,-4.999999999999998,-4.999999999999998,50,None,0.9986010885238648,0.9974444603919983
993,-4.999999999999998,-4.999999999999998,50,None,0.9998461985588074,0.8979221183806658
994,-4.999999999999998,-4.999999999999998,50,None,0.9933459389209748,0.996637407541275
995,4.7,-5.3,3,Hero,0.8721310496330261,0.9999091625213623
996,4.5,-5.5,5,Hero,0.9013027667999267,0.9996690392494202
997,-4.999999999999998,-4.999999999999998,50,None,0.9968591678142548,0.9971791100502014
998,4.6000000000000005,-5.3999999999999995,4,Hero,0.9295501857995987,0.9996287077665329
999,-4.999999999999998,-4.999999999999998,50,None,0.9798440909385682,0.8369053421169519
1000,4.9,-5.1,1,Hero,0.9988685846328735,0.9997919201850891
1001,-4.999999999999998,-4.999999999999998,50,None,0.9959469747543335,0.9756915647163987
1002,-4.999999999999998,-4.999999999999998,50,None,1.0,0.8847760189371183
1003,-4.999999999999998,-4.999999999999998,50,None,0.9843679344654084,0.9248107056319713
1004,-4.999999999999998,-4.999999999999998,50,None,0.9528127932175994,0.8420023562014103
1005,-4.999999999999998,-4.999999999999998,50,None,0.9889883458614349,0.9970310413837433
1006,-4.999999999999998,-4.999999999999998,50,None,0.9999823379516601,0.9973159444332123
1007,-4.999999999999998,-4.999999999999998,50,None,0.9504850468039513,0.8784372118115426
1008,-4.999999999999998,-4.999999999999998,50,None,0.9863094198703766,0.9970288074016571
1009,4.6000000000000005,-5.3999999999999995,4,Hero,1.0,0.9882413744926453
1010,-4.999999999999998,-4.999999999999998,50,None,0.9999251759052277,0.8459959617257118
1011,-4.999999999999998,-4.999999999999998,50,None,0.9871618092060089,0.9662463176250458
1012,-4.999999999999998,-4.999999999999998,50,None,0.9924375700950623,0.9960231137275696
1013,4.4,-5.6,6,Hero,0.9577077329158783,0.999398817618688
1014,-4.999999999999998,-4.999999999999998,50,None,0.9672953370213508,0.9928160572052002
1015,-4.999999999999998,-4.999999999999998,50,None,0.9999794161319733,0.9955759358406067
1016,4.4,-5.6,6,Hero,0.9345958828926086,0.9999512036641439
1017,-4.999999999999998,-4.999999999999998,50,None,0.9999160552024842,0.9143548952788114
1018,-4.999999999999998,-4.999999999999998,50,None,0.979361846446991,0.9129691151157021
1019,-4.999999999999998,-4.999999999999998,50,None,0.984820362329483,0.903749852925539
1020,-4.999999999999998,-4.999999999999998,50,None,0.9459473969554528,0.870365964397788
1021,-4.999999999999998,-4.999999999999998,50,None,0.9999858379364014,0.9828813517093659
1022,-4.999999999999998,-4.999999999999998,50,None,0.9859603464603424,0.8525135458633304
1023,-4.999999999999998,-4.999999999999998,50,None,0.976892963051796,0.8800306753953919
1024,3.7,-6.3,13,Hero,0.9810382769658015,0.9989710450172424
1025,-4.999999999999998,-4.999999999999998,50,None,0.9861176407337189,0.805412033945322
1026,3.9000000000000004,-6.1,11,Hero,0.9622715386477384,0.9974276531826366
1027,-4.999999999999998,-4.999999999999998,50,None,0.9933141267299652,0.8977975995838642
1028,-4.999999999999998,-4.999999999999998,50,None,0.9999998617172241,0.9629713100194931
1029,3.5,-6.5,15,Hero,0.9683504660924276,0.8574074001361927
1030,-4.999999999999998,-4.999999999999998,50,None,0.9998461639881134,0.9987440276145935
1031,-4.999999999999998,-4.999999999999998,50,None,0.9999960660934448,0.9934270513057709
1032,-4.999999999999998,-4.999999999999998,50,None,0.9780828332901002,0.9662958160508424
1033,-4.999999999999998,-4.999999999999998,50,None,0.9940062928199768,0.8416023220866918
1034,-4.999999999999998,-4.999999999999998,50,None,0.9916298592090607,0.967929003983736
1035,-4.999999999999998,-4.999999999999998,50,None,0.9620747816562653,0.7977481792494655
1036,-4.999999999999998,-4.999999999999998,50,None,0.9726381945610046,0.8514718812704086
1037,-4.999999999999998,-4.999999999999998,50,None,1.0,0.947241668626666
1038,-4.999999999999998,-4.999999999999998,50,None,0.9805442816019059,0.9270607347041369
1039,4.4,-5.6,6,Hero,0.9607357978820801,0.9996940890947977
1040,-4.999999999999998,-4.999999999999998,50,None,0.9682787173986435,0.9961851692199707
1041,4.300000000000001,-5.699999999999999,7,Hero,0.9999966961996896,0.836440173642976
1042,4.2,-5.8,8,Hero,1.0,0.9748828113079071
1043,-4.999999999999998,-4.999999999999998,50,None,0.8963848371058702,0.7105099713057279
1044,4.9,-5.1,1,Hero,0.9999996423721313,0.9978258013725281
1045,3.7,-6.3,13,Hero,0.968228477698106,0.9991924991974463
1046,-4.999999999999998,-4.999999999999998,50,None,0.9894087958335877,0.9761639681831003
1047,3.9000000000000004,-6.1,11,Hero,0.974364849654111,0.9981339790604331
1048,-4.999999999999998,-4.999999999999998,50,None,0.9651924085617065,0.8602445933222771
1049,-4.999999999999998,-4.999999999999998,50,None,0.9823289322853088,0.9982750654220581
1050,-4.999999999999998,-4.999999999999998,50,None,0.9950575459003449,0.9962701117992401
1051,-4.999999999999998,-4.999999999999998,50,None,0.9992345249652863,0.9497106454707682
1052,-4.999999999999998,-4.999999999999998,50,None,0.9926291525363922,0.9717978072166443
1053,-4.999999999999998,-4.999999999999998,50,None,0.9697179783880711,0.9992037761211395
1054,-4.999999999999998,-4.999999999999998,50,None,0.987159241437912,0.9331165422871709
1055,-4.999999999999998,-4.999999999999998,50,None,0.9999999570846557,0.9782279467582703
1056,4.4,-5.6,6,Hero,0.7525153793394566,0.9998505214850107
1057,-4.999999999999998,-4.999999999999998,50,None,0.9976838636398315,0.9302014113217593
1058,-4.999999999999998,-4.999999999999998,50,None,0.9834131836891175,0.8749775652587414
1059,3.5,-6.5,15,Hero,0.9475146055221557,0.9273052310105413
1060,-4.999999999999998,-4.999999999999998,50,None,0.9963888108730317,0.7891335698310286
1061,-4.999999999999998,-4.999999999999998,50,None,0.9778162175416947,0.9784427378152032
1062,-4.999999999999998,-4.999999999999998,50,None,0.9998580920696258,0.9366549018397927
1063,-4.999999999999998,-4.999999999999998,50,None,0.9732498097419738,0.8914588847011328
1064,3.9000000000000004,-6.1,11,Hero,0.9791607477448203,0.9981665665453131
1065,-4.999999999999998,-4.999999999999998,50,None,0.9908354353904724,0.8769836422801017
1066,-4.999999999999998,-4.999999999999998,50,None,0.9640323539078236,0.8661761582642794
1067,-4.999999999999998,-4.999999999999998,50,None,0.989287782907486,0.9637818291783333
1068,-4.999999999999998,-4.999999999999998,50,None,0.9941996264457703,0.9337470977567136
1069,4.800000000000001,-5.199999999999999,2,Hero,0.6417888402938843,0.999807596206665
1070,-4.999999999999998,-4.999999999999998,50,None,0.942867259979248,0.9167201028671116
1071,4.7,-5.3,3,Hero,0.7331045866012573,0.9998562137285868
1072,-4.999999999999998,-4.999999999999998,50,None,0.9954634952545166,0.8698348678648472
1073,4.300000000000001,-5.699999999999999,7,Hero,0.9704612067767552,0.9999156934874398
1074,3.8000000000000007,-6.199999999999999,12,Hero,0.9808011005322138,0.999422882994016
1075,-4.999999999999998,-4.999999999999998,50,None,0.9654624104499817,0.8797186180949211
1076,4.6000000000000005,-5.3999999999999995,4,Hero,0.9219284653663635,0.9990282952785492
1077,-4.999999999999998,-4.999999999999998,50,None,0.9914292991161346,0.9981931161880493
1078,-4.999999999999998,-4.999999999999998,50,None,0.9999657845497132,0.899093097448349
1079,4.5,-5.5,5,Hero,0.9346429347991944,0.9998417973518372
1080,-4.999999999999998,-4.999999999999998,50,None,0.9999988794326782,0.9955299699306488
1081,-4.999999999999998,-4.999999999999998,50,None,0.9834513127803802,0.9037067368626595
1082,4.800000000000001,-5.199999999999999,2,Hero,0.9997363686561584,0.9999527335166931
1083,-4.999999999999998,-4.999999999999998,50,None,0.9823363372683525,0.9153766240179538
1084,-4.999999999999998,-4.999999999999998,50,None,0.9984646821022034,0.8994695527851582
1085,-4.999999999999998,-4.999999999999998,50,None,0.9497166076302528,0.9076994398236274
1086,3.6000000000000005,-6.3999999999999995,14,Hero,0.9648495869977134,0.9217111938799333
1087,-4.999999999999998,-4.999999999999998,50,None,0.9999432647228241,0.9912986230850219
1088,-4.999999999999998,-4.999999999999998,50,None,0.9865051674842834,0.9768947792053223
1089,-4.999999999999998,-4.999999999999998,50,None,0.9999980640411377,0.8970223267376423
1090,-4.999999999999998,-4.999999999999998,50,None,0.9669999329559505,0.9446954644843936
1091,-4.999999999999998,-4.999999999999998,50,None,0.9803065526485443,0.7920545805245638
1092,-4.999999999999998,-4.999999999999998,50,None,0.9967307531833649,0.9985316407680511
1093,-4.999999999999998,-4.999999999999998,50,None,0.9916839611530304,0.9945190525054932
1094,-4.999999999999998,-4.999999999999998,50,None,0.9821195733547211,0.9972960031032563
1095,-4.999999999999998,-4.999999999999998,50,None,0.9863707399368287,0.9934582507610321
1096,3.8000000000000007,-6.199999999999999,12,Hero,0.9041923160354296,0.9939435770114263
1097,-4.999999999999998,-4.999999999999998,50,None,0.9998502647876739,0.8745809814333916
1098,-4.999999999999998,-4.999999999999998,50,None,0.9616820186376571,0.7881372942216694
1099,-4.999999999999998,-4.999999999999998,50,None,0.9520051576197147,0.874745305776596
1100,-4.999999999999998,-4.999999999999998,50,None,0.99991849899292,0.9927972626686096
1101,-4.999999999999998,-4.999999999999998,50,None,0.9997977304458618,0.9260874615516513
1102,-4.999999999999998,-4.999999999999998,50,None,0.9943185257911682,0.9906778454780578
1103,4.800000000000001,-5.199999999999999,2,Hero,0.8327350914478302,0.9986946880817413
1104,-4.999999999999998,-4.999999999999998,50,None,0.9773069852590561,0.979693410396576
1105,3.6000000000000005,-6.3999999999999995,14,Hero,0.9688610562256404,0.9984973669052124
1106,4.5,-5.5,5,Hero,0.8738694310188293,0.9909841060638428
1107,-4.999999999999998,-4.999999999999998,50,None,0.9964371871948242,0.9923672831058502
1108,-4.999999999999998,-4.999999999999998,50,None,0.9877462387084961,0.9919673120975494
1109,-4.999999999999998,-4.999999999999998,50,None,0.9812883895635605,0.942914430629462
1110,-4.999999999999998,-4.999999999999998,50,None,0.9817681956291199,0.8849565770477057
1111,-4.999999999999998,-4.999999999999998,50,None,0.9999403786659241,0.9425282301194966
1112,-4.999999999999998,-4.999999999999998,50,None,0.9914351904392242,0.9961161494255066
1113,4.300000000000001,-5.699999999999999,7,Hero,0.9541016135896955,0.9978853464126587
1114,-4.999999999999998,-4.999999999999998,50,None,0.9999999952316284,0.9968130719661713
1115,4.2,-5.8,8,Hero,0.9743559062480927,0.9997732043266296
1116,-4.999999999999998,-4.999999999999998,50,None,0.9954186952114106,0.9988922250270843
1117,4.1000000000000005,-5.8999999999999995,9,Hero,0.9795565671390958,0.9982507228851318
1118,-4.999999999999998,-4.999999999999998,50,None,0.9999974799156189,0.819543237099424
1119,-4.999999999999998,-4.999999999999998,50,None,0.9914933753013611,0.9727849370986223
1120,-4.999999999999998,-4.999999999999998,50,None,0.9851219999790192,0.9941179609298706
1121,-4.999999999999998,-4.999999999999998,50,None,0.9565550017356873,0.8040387872606516
1122,4.2,-5.8,8,Hero,0.9522649198770523,0.9960168302059174
1123,-4.999999999999998,-4.999999999999998,50,None,0.9914308917522431,0.9890321671962738
1124,-4.999999999999998,-4.999999999999998,50,None,0.9794621658325195,0.8675321899354458
1125,-4.999999999999998,-4.999999999999998,50,None,0.9953155636787414,0.9986462903022766
1126,-4.999999999999998,-4.999999999999998,50,None,0.9999998807907104,0.9815211892127991
1127,4.6000000000000005,-5.3999999999999995,4,Hero,0.9126797467470169,0.999677762389183
1128,-4.999999999999998,-4.999999999999998,50,None,0.9849089175462723,0.8736361171305179
1129,-4.999999999999998,-4.999999999999998,50,None,0.9676044774055481,0.8960453211516142
1130,-4.999999999999998,-4.999999999999998,50,None,0.9981418812274933,0.9936237704753875
1131,-4.999999999999998,-4.999999999999998,50,None,0.9596343462914229,0.9056691076233983
1132,-4.999999999999998,-4.999999999999998,50,None,0.9998498511314392,0.8602304092794657
1133,4.1000000000000005,-5.8999999999999995,9,Hero,1.0,0.9949768251842923
1134,4.1000000000000005,-5.8999999999999995,9,Hero,0.945402655336592,0.9888286391894022
1135,-4.999999999999998,-4.999999999999998,50,None,0.999996747970581,0.9989156258106232
1136,-5.5,4.5,5,Villain,0.8305429100990296,0.34282208532094954
1137,3.8000000000000007,-6.199999999999999,12,Hero,0.9773546705643336,0.9980839490890503
1138,-4.999999999999998,-4.999999999999998,50,None,0.9999844479560852,0.9256985258124769
1139,-4.999999999999998,-4.999999999999998,50,None,0.9301355522871018,0.814213119354099
1140,-4.999999999999998,-4.999999999999998,50,None,1.0,0.9304624233394861
1141,-4.999999999999998,-4.999999999999998,50,None,0.9999276864528656,0.8886413306742906
1142,-4.999999999999998,-4.999999999999998,50,None,0.9553922122716904,0.9010284900665283
1143,3.7,-6.3,13,Hero,0.9474266607027787,0.9970135918030372
1144,-4.999999999999998,-4.999999999999998,50,None,0.9977640581130981,0.9920081210136413
1145,4.1000000000000005,-5.8999999999999995,9,Hero,0.9043761673900816,0.9909166362550523
1146,-4.999999999999998,-4.999999999999998,50,None,0.9876725095510482,0.9930839204788208
1147,-4.999999999999998,-4.999999999999998,50,None,0.9905002534389495,0.9629820899665356
1148,-4.999999999999998,-4.999999999999998,50,None,0.9995034563541413,0.8432864024210721
1149,-4.999999999999998,-4.999999999999998,50,None,0.9928264546394349,0.9950398778915406
1150,-4.999999999999998,-4.999999999999998,50,None,0.9924731492996216,0.976680520772934
1151,-4.999999999999998,-4.999999999999998,50,None,0.9901572048664093,0.9446070212498308
1152,-4.999999999999998,-4.999999999999998,50,None,0.9999994087219238,0.852218363918364
1153,-4.999999999999998,-4.999999999999998,50,None,0.9999771690368653,0.885167478658259
1154,-4.999999999999998,-4.999999999999998,50,None,0.9825288313627243,0.9059831542475149
1155,-4.999999999999998,-4.999999999999998,50,None,0.9998394417762756,0.7043876349180936
1156,4.7,-5.3,3,Hero,0.9998512466748556,0.999222199122111
1157,-4.999999999999998,-4.999999999999998,50,None,0.9759894083440304,0.9942804968357086
1158,-4.999999999999998,-4.999999999999998,50,None,0.9430813598632812,0.7763619492202998
1159,-4.999999999999998,-4.999999999999998,50,None,0.9838706690073014,0.9856152546405792
1160,-4.999999999999998,-4.999999999999998,50,None,0.9997967743873596,0.7808430856093764
1161,-4.999999999999998,-4.999999999999998,50,None,0.9999999523162841,0.8871839495003223
1162,4.4,-5.6,6,Hero,0.9076990187168121,0.9942110379536947
1163,-4.999999999999998,-4.999999999999998,50,None,0.9999044239521027,0.7848829563707114
1164,4.1000000000000005,-5.8999999999999995,9,Hero,0.9726840853691101,0.8635486459566487
1165,4.5,-5.5,5,Hero,0.926644241809845,0.9913154244422913
1166,-4.999999999999998,-4.999999999999998,50,None,0.999925389289856,0.8581626073084772
1167,-4.999999999999998,-4.999999999999998,50,None,0.9953127837181092,0.9922991800308227
1168,-4.999999999999998,-4.999999999999998,50,None,0.975611384883523,0.958145660161972
1169,3.4000000000000004,-6.6,16,Hero,0.9788397327065468,0.9828876219689846
1170,4.5,-5.5,5,Hero,0.9115792036056518,0.9922311305999756
1171,4.2,-5.8,8,Hero,0.9306227266788483,0.9971179589629173
1172,-4.999999999999998,-4.999999999999998,50,None,0.9951148879528046,0.924016779595986
1173,-4.999999999999998,-4.999999999999998,50,None,0.9999994158744812,0.9472871154174208
1174,3.9000000000000004,-6.1,11,Hero,0.9377232708714225,0.8982659472491253
1175,-4.999999999999998,-4.999999999999998,50,None,0.9974288153648376,0.9564572611823678
1176,-4.999999999999998,-4.999999999999998,50,None,0.9837077590823173,0.987604386806488
1177,-4.999999999999998,-4.999999999999998,50,None,0.9938281524181366,0.9629209490958601
1178,-4.999999999999998,-4.999999999999998,50,None,1.0,0.9417698346823454
1179,-4.999999999999998,-4.999999999999998,50,None,0.9969718062877655,0.9855629503726959
1180,4.300000000000001,-5.699999999999999,7,Hero,0.9366412333079747,0.8482050033552306
1181,-4.999999999999998,-4.999999999999998,50,None,0.9559918298944831,0.8095731846243143
1182,4.6000000000000005,-5.3999999999999995,4,Hero,0.7935743406414986,0.9974106699228287
1183,4.6000000000000005,-5.3999999999999995,4,Hero,0.8858676850795746,0.9969591796398163
1184,-4.999999999999998,-4.999999999999998,50,None,0.9940613782405854,0.9449407671019435
1185,4.4,-5.6,6,Hero,0.9928651551405588,0.9819856782754263
1186,4.4,-5.6,6,Hero,0.8678501298030218,0.9982854227224985
1187,-4.999999999999998,-4.999999999999998,50,None,0.9905461752414704,0.8353363697230816
1188,-4.999999999999998,-4.999999999999998,50,None,0.9969698739051819,0.6992459139227867
1189,-4.999999999999998,-4.999999999999998,50,None,0.9999988961219788,0.8473302852921187
1190,3.7,-6.3,13,Hero,0.9870546689400306,0.9895007564471319
1191,-4.999999999999998,-4.999999999999998,50,None,0.9976006746292114,0.9474608758068643
1192,3.7,-6.3,13,Hero,0.957183491725188,0.989252548951369
1193,-4.999999999999998,-4.999999999999998,50,None,0.9988392412662506,0.8312387865781784
1194,-4.999999999999998,-4.999999999999998,50,None,0.9884252154827118,0.7321090042963624
1195,-5.1,4.9,1,Villain,0.9999964237213135,0.6086227893829346
1196,-4.999999999999998,-4.999999999999998,50,None,0.9527636262774467,0.8148668412864208
1197,3.8000000000000007,-6.199999999999999,12,Hero,0.9763304789861044,0.9869522899389267
1198,3.4000000000000004,-6.6,16,Hero,0.9928959347307682,0.9489263854920864
1199,4.4,-5.6,6,Hero,0.999969611565272,0.6273051649332047
1200,-4.999999999999998,-4.999999999999998,50,None,0.9593080679327249,0.8593680208176374
1201,-4.999999999999998,-4.999999999999998,50,None,0.9983922314643859,0.6780857807397842
1202,-4.999999999999998,-4.999999999999998,50,None,0.9687212592363358,0.8926563987135887
1203,-4.999999999999998,-4.999999999999998,50,None,0.9887130796909332,0.8995881062746048
1204,-4.999999999999998,-4.999999999999998,50,None,0.9838838332891464,0.7839839438721538
1205,3.9000000000000004,-6.1,11,Hero,0.9675742441957648,0.8909347672015429
1206,-4.999999999999998,-4.999999999999998,50,None,0.9903569340705871,0.9358033509925008
1207,3.6000000000000005,-6.3999999999999995,14,Hero,0.9860608407429287,0.9749128435339246
1208,-4.999999999999998,-4.999999999999998,50,None,0.9619606173038483,0.655613529458642
1209,-4.999999999999998,-4.999999999999998,50,None,0.9979374897480011,0.7886004499346018
1210,-4.999999999999998,-4.999999999999998,50,None,0.9946395325660705,0.906844829134643
1211,3.7,-6.3,13,Hero,0.9180973576238523,0.8422376782848284
1212,-4.999999999999998,-4.999999999999998,50,None,0.9999978566169738,0.9311312073469162
1213,4.0,-6.0,10,Hero,0.9865227282047272,0.8814383897930383
1214,3.9000000000000004,-6.1,11,Hero,0.9372929307547483,0.9779491370374506
1215,-4.999999999999998,-4.999999999999998,50,None,0.9950152254104614,0.8408908238261938
1216,4.2,-5.8,8,Hero,0.870671221986413,0.7305084653198719
1217,4.1000000000000005,-5.8999999999999995,9,Hero,0.9869296418295966,0.9858978986740112
1218,-4.999999999999998,-4.999999999999998,50,None,0.9990024709701538,0.8433591847866774
1219,3.7,-6.3,13,Hero,0.9470178026419419,0.5399506905904183
1220,3.2,-6.8,18,Hero,0.9506806052393384,0.7065389975905418
1221,4.9,-5.1,1,Hero,0.9988620281219482,0.9701259136199951
1222,4.5,-5.5,5,Hero,0.9102916955947876,0.9265441060066223
1223,3.6000000000000005,-6.3999999999999995,14,Hero,0.9216335458414895,0.7157019324866789
1224,-4.999999999999998,-4.999999999999998,50,None,0.9999988412857056,0.7645531118661165
1225,-4.999999999999998,-4.999999999999998,50,None,0.9921712756156922,0.7637814351916313
1226,-4.999999999999998,-4.999999999999998,50,None,0.9999192488193512,0.829985615760088
1227,-4.999999999999998,-4.999999999999998,50,None,0.9893156027793885,0.8734975227713585
1228,4.1000000000000005,-5.8999999999999995,9,Hero,0.9587886068556044,0.8375384832421938
1229,-4.999999999999998,-4.999999999999998,50,None,0.9920581245422363,0.9024121624045074
1230,-4.999999999999998,-4.999999999999998,50,None,0.9167518261075019,0.822774691618979
1231,4.800000000000001,-5.199999999999999,2,Hero,0.8505904674530029,0.9913290143013
1232,-4.999999999999998,-4.999999999999998,50,None,0.997531784772873,0.9660076037049293
1233,-4.999999999999998,-4.999999999999998,50,None,0.9917930448055268,0.9856257331371308
1234,-4.999999999999998,-4.999999999999998,50,None,0.9996836566925049,0.8013068675808609
1235,3.8000000000000007,-6.199999999999999,12,Hero,0.9890498866637548,0.8742885539929072
1236,4.4,-5.6,6,Hero,0.99988521138827,0.6395968093226353
1237,-4.999999999999998,-4.999999999999998,50,None,0.9974273526668549,0.8621913650631905
1238,3.8000000000000007,-6.199999999999999,12,Hero,0.9816208978494009,0.9885948697725931
1239,-4.999999999999998,-4.999999999999998,50,None,0.9997844338417053,0.9511846867576241
1240,4.9,-5.1,1,Hero,0.9988929629325867,0.9958220720291138
1241,-4.999999999999998,-4.999999999999998,50,None,0.9728212666511535,0.8866528528928757
1242,-4.999999999999998,-4.999999999999998,50,None,0.9523442147672176,0.8661316052824258
1243,-4.999999999999998,-4.999999999999998,50,None,0.9678468397259712,0.8760606983304023
1244,4.6000000000000005,-5.3999999999999995,4,Hero,0.9999978542327881,0.5132406055927277
1245,-4.999999999999998,-4.999999999999998,50,None,0.9995375871658325,0.8449537454545498
1246,4.0,-6.0,10,Hero,0.9679378569126129,0.9883375465869904
1247,4.300000000000001,-5.699999999999999,7,Hero,0.8890184504645211,0.9930285896573748
1248,4.1000000000000005,-5.8999999999999995,9,Hero,0.9776685304111905,0.9846795333756341
1249,4.2,-5.8,8,Hero,0.970710851252079,0.9910160675644875
1250,-4.999999999999998,-4.999999999999998,50,None,0.892553977817297,0.9199022364616394
1251,-4.999999999999998,-4.999999999999998,50,None,0.9860839760303497,0.9663745536655187
1252,-4.999999999999998,-4.999999999999998,50,None,0.9858522021770477,0.8779580599069595
1253,4.4,-5.6,6,Hero,0.8461419095595678,0.6289403239885966
1254,-4.999999999999998,-4.999999999999998,50,None,0.9589473907649517,0.9251936736702919
1255,4.7,-5.3,3,Hero,1.0,0.9993584156036377
1256,-4.999999999999998,-4.999999999999998,50,None,0.9626257108896971,0.8167895568907261
1257,-4.999999999999998,-4.999999999999998,50,None,0.9331746762990951,0.8680152504518628
1258,-4.999999999999998,-4.999999999999998,50,None,0.7716776432096958,0.9142370516061783
1259,0.9999999999999982,-9.000000000000002,40,Hero,0.7955908294767141,0.8972717192256823
1260,3.7,-6.3,13,Hero,0.9656388163566589,0.9912446645589975
1261,1.4999999999999987,-8.500000000000002,35,Hero,0.7414230025240354,0.8918996334075928
1262,4.4,-5.6,6,Hero,0.8713432153066,0.7903350380559763
1263,4.9,-5.1,1,Hero,0.9999967813491821,0.9924139380455017
1264,-4.999999999999998,-4.999999999999998,50,None,0.8932658048719168,0.877968777846545
1265,3.7,-6.3,13,Hero,0.7219355660669792,0.8771303786466328
1266,1.1999999999999984,-8.8,38,Hero,0.8589304000825474,0.9729741560785394
1267,3.6000000000000005,-6.3999999999999995,14,Hero,0.9859412908554077,0.9795935366834913
1268,-4.999999999999998,-4.999999999999998,50,None,0.83416862398386,0.8137398012727499
1269,-4.999999999999998,-4.999999999999998,50,None,0.9805334615707397,0.904569872636348
1270,4.6000000000000005,-5.3999999999999995,4,Hero,0.9695277363061905,0.9849231541156769
1271,-4.999999999999998,-4.999999999999998,50,None,0.9947483253479004,0.8232829800993204
1272,0.6999999999999993,-9.3,43,Hero,0.8458196745189124,0.9281692941521489
1273,4.800000000000001,-5.199999999999999,2,Hero,1.0,0.9989274442195892
1274,3.7,-6.3,13,Hero,0.9779497935221746,0.914163659971494
1275,3.5,-6.5,15,Hero,0.8550548473993937,0.8869911809762319
1276,3.9000000000000004,-6.1,11,Hero,0.9688783884048462,0.9767987890677019
1277,3.3,-6.7,17,Hero,0.9763284360661226,0.915672275073388
1278,4.0,-6.0,10,Hero,0.9173300623893738,0.5858380310237408
1279,3.6000000000000005,-6.3999999999999995,14,Hero,0.5855902518544879,0.9344441337244851
1280,3.0999999999999996,-6.9,19,Hero,0.9924108166443674,0.6274189269660335
1281,2.6999999999999997,-7.300000000000001,23,Hero,0.6295832321047783,0.8127053846483645
1282,-5.6,4.4,6,Villain,0.9526706437269846,0.753477414449056
1283,3.2,-6.8,18,Hero,0.7458415379126867,0.9233043307645453
1284,3.9000000000000004,-6.1,11,Hero,0.9695038524540988,0.9784544706344604
1285,4.0,-6.0,10,Hero,0.7224450677633285,0.8889247726649046
1286,3.8000000000000007,-6.199999999999999,12,Hero,0.7949211945136389,0.8913256249700984
1287,3.0999999999999996,-6.9,19,Hero,0.603021939358625,0.7907759315873447
1288,-4.999999999999998,-4.999999999999998,50,None,0.923993359953165,0.9044654130935669
1289,3.3,-6.7,17,Hero,0.6570062551866559,0.8964938933358473
1290,3.0999999999999996,-6.9,19,Hero,0.7160140432809529,0.9875865296313637
1291,4.2,-5.8,8,Hero,0.9636133909225464,0.9908643960952759
1292,-4.999999999999998,-4.999999999999998,50,None,0.9237243321537971,0.9408613884449005
1293,4.1000000000000005,-5.8999999999999995,9,Hero,0.9163823326428732,0.9839715229140388
1294,3.3,-6.7,17,Hero,0.7700635782059502,0.8456171396845842
1295,-4.999999999999998,-4.999999999999998,50,None,0.981126354932785,0.9639574323873967
1296,4.6000000000000005,-5.3999999999999995,4,Hero,0.9010461717844009,0.9883439987897873
1297,3.0999999999999996,-6.9,19,Hero,0.6892704120592067,0.9097322696133664
1298,-4.999999999999998,-4.999999999999998,50,None,0.9340207071602344,0.9898780357837677
1299,3.4000000000000004,-6.6,16,Hero,0.735689063789323,0.8069988489151001
1300,4.2,-5.8,8,Hero,0.9747385531663895,0.9886356368660927
1301,3.0,-7.0,20,Hero,0.840255256742239,0.8815913490019739
1302,3.9000000000000004,-6.1,11,Hero,0.6179957999424501,0.970210774378343
1303,3.8000000000000007,-6.199999999999999,12,Hero,0.9614869356155396,0.9916998942693075
1304,4.1000000000000005,-5.8999999999999995,9,Hero,0.8235282003879547,0.9915633532736037
1305,4.1000000000000005,-5.8999999999999995,9,Hero,0.6706951409578323,0.9902108311653137
1306,4.9,-5.1,1,Hero,0.9999678134918213,0.996684730052948
1307,3.6000000000000005,-6.3999999999999995,14,Hero,0.7757702342101506,0.9377219208649227
1308,4.9,-5.1,1,Hero,1.0,0.9999600648880005
1309,4.6000000000000005,-5.3999999999999995,4,Hero,0.9942855685949326,0.9886960387229919
1310,3.5,-6.5,15,Hero,0.9201979398727417,0.9161103384879729
1311,4.2,-5.8,8,Hero,0.812707431614399,0.9806358590722084
1312,2.099999999999999,-7.9,29,Hero,0.8383658291964695,0.8874215936159779
1313,3.4000000000000004,-6.6,16,Hero,0.7570383446291089,0.9647389464080334
1314,4.7,-5.3,3,Hero,1.0,0.9998496572176615
1315,4.5,-5.5,5,Hero,0.9161160588264465,0.996826457977295
1316,-4.999999999999998,-4.999999999999998,50,None,0.9682377033354714,0.8935675961151719
1317,-4.999999999999998,-4.999999999999998,50,None,0.9914928936958313,0.9777945590019226
1318,3.5,-6.5,15,Hero,0.8791939576466878,0.9906399011611938
1319,4.1000000000000005,-5.8999999999999995,9,Hero,0.9125201006730398,0.9858210219277276
1320,4.300000000000001,-5.699999999999999,7,Hero,0.7303447510514941,0.9809479713439941
1321,4.300000000000001,-5.699999999999999,7,Hero,0.9561502933502197,0.9919328604425702
1322,3.8000000000000007,-6.199999999999999,12,Hero,0.8041179180145264,0.9898931433757147
1323,-4.999999999999998,-4.999999999999998,50,None,0.9685042881965638,0.9138527250289917
1324,-4.999999999999998,-4.999999999999998,50,None,0.9890825939178467,0.9674508979171514
1325,-4.999999999999998,-4.999999999999998,50,None,0.9673352957330644,0.9888554537296295
1326,-5.6,4.4,6,Villain,0.8755295723676682,0.9787192444006602
1327,-4.999999999999998,-4.999999999999998,50,None,0.9834787559509277,0.959516532663256
1328,4.5,-5.5,5,Hero,0.9995587468147278,0.998425567150116
1329,4.2,-5.8,8,Hero,0.9635597839951515,0.9885096251964569
1330,4.0,-6.0,10,Hero,0.9336344927549363,0.8965915379114449
1331,4.4,-5.6,6,Hero,0.9999142487843832,0.9974271953105927
1332,4.7,-5.3,3,Hero,0.9930071433385214,0.982362687587738
1333,3.4000000000000004,-6.6,16,Hero,0.6832447573542595,0.7781499058473855
1334,4.0,-6.0,10,Hero,0.8328207120299339,0.9873106181621552
1335,3.8000000000000007,-6.199999999999999,12,Hero,0.9619478682676951,0.985075001915296
1336,3.6000000000000005,-6.3999999999999995,14,Hero,0.7441343015858105,0.9450225915227618
1337,4.0,-6.0,10,Hero,0.8379134267568589,0.8661471561528742
1338,1.5999999999999988,-8.400000000000002,34,Hero,0.6884512916097746,0.810922115274212
1339,3.9000000000000004,-6.1,11,Hero,0.8159883482889696,0.7891730727966536
1340,4.1000000000000005,-5.8999999999999995,9,Hero,0.9145470692051781,0.9930053088400099
1341,3.6000000000000005,-6.3999999999999995,14,Hero,0.6733807240213666,0.7913924801562514
1342,4.300000000000001,-5.699999999999999,7,Hero,0.9634153161730085,0.9846859063420977
1343,3.8000000000000007,-6.199999999999999,12,Hero,0.7147431448101997,0.8693612779801091
1344,3.4000000000000004,-6.6,16,Hero,0.668058380484581,0.8746577091515064
1345,4.0,-6.0,10,Hero,0.9366766929626464,0.8922112988308072
1346,3.8000000000000007,-6.199999999999999,12,Hero,0.9834007720152537,0.9910449981689453
1347,4.2,-5.8,8,Hero,0.8692859285511076,0.8595333789708093
1348,-4.999999999999998,-4.999999999999998,50,None,0.9233282110095025,0.9778980898857117
1349,4.2,-5.8,8,Hero,0.9340785220265388,0.7948153018951416
1350,3.6000000000000005,-6.3999999999999995,14,Hero,0.8138246610760689,0.991771114724023
1351,3.7,-6.3,13,Hero,0.9040070313673753,0.8137459591604196
1352,3.8000000000000007,-6.199999999999999,12,Hero,0.931499108672142,0.9915408988793691
1353,3.9000000000000004,-6.1,11,Hero,0.8523395220664415,0.9734813950278542
1354,4.1000000000000005,-5.8999999999999995,9,Hero,0.9998943739467197,0.9936928616629707
1355,2.1999999999999993,-7.800000000000001,28,Hero,0.7340563003505979,0.8829849543316024
1356,1.3999999999999986,-8.600000000000001,36,Hero,0.8593740079603676,0.9739647987816069
1357,4.1000000000000005,-5.8999999999999995,9,Hero,0.845167264342308,0.8713700067665842
1358,-4.999999999999998,-4.999999999999998,50,None,0.999006599187851,0.9562961582839489
1359,3.6000000000000005,-6.3999999999999995,14,Hero,0.9195883154336896,0.9660095061574664
1360,4.5,-5.5,5,Hero,0.998646867275238,0.9365327596664429
1361,3.9000000000000004,-6.1,11,Hero,0.8191510764035311,0.9786544767293063
1362,3.6000000000000005,-6.3999999999999995,14,Hero,0.8091317553605352,0.8590226769447327
1363,3.7,-6.3,13,Hero,0.5812006432276505,0.9701255009724543
1364,4.4,-5.6,6,Hero,0.9413256843884786,0.9931933085123698
1365,-4.999999999999998,-4.999999999999998,50,None,0.9217510387301445,0.9758201897144317
1366,-4.999999999999998,-4.999999999999998,50,None,0.9352606152743101,0.8763534381799399
1367,3.6000000000000005,-6.3999999999999995,14,Hero,0.9603620256696429,0.982578022139413
1368,2.6999999999999997,-7.300000000000001,23,Hero,0.6906575197758882,0.8888440575936566
1369,3.5,-6.5,15,Hero,0.7246858249107997,0.97995951573054
1370,3.9000000000000004,-6.1,11,Hero,0.6602076786485586,0.9779877066612244
1371,4.300000000000001,-5.699999999999999,7,Hero,0.9684561916760036,0.9839005896023342
1372,3.6000000000000005,-6.3999999999999995,14,Hero,0.8687059858015606,0.9930270399366107
1373,-4.999999999999998,-4.999999999999998,50,None,0.9070455451309681,0.9371340477466583
1374,4.0,-6.0,10,Hero,0.7458197832107544,0.8768155723810196
1375,-4.999999999999998,-4.999999999999998,50,None,0.8517960864305496,0.9416891598701477
1376,-4.999999999999998,-4.999999999999998,50,None,0.8999645816534758,0.9507393348775804
1377,-5.3999999999999995,4.6000000000000005,4,Villain,0.9999999403953552,0.998170018196106
1378,-4.999999999999998,-4.999999999999998,50,None,0.972087281588465,0.939812239408493
1379,4.2,-5.8,8,Hero,0.8444621078670025,0.9842535331845284
1380,4.300000000000001,-5.699999999999999,7,Hero,0.8128508627414703,0.9624500955854144
1381,-5.1,4.9,1,Villain,0.9999996423721313,0.9978892207145691
1382,3.3,-6.7,17,Hero,0.9384664367226994,0.7960121561499203
1383,-4.999999999999998,-4.999999999999998,50,None,0.9004729372262955,0.9569422752410174
1384,0.6999999999999993,-9.3,43,Hero,0.883540672704924,0.9401500314300837
1385,4.1000000000000005,-5.8999999999999995,9,Hero,0.7200529972712199,0.8658983450796869
1386,4.2,-5.8,8,Hero,0.9986305683851242,0.9875745847821236
1387,4.5,-5.5,5,Hero,0.9026915788650512,0.9917636632919311
1388,4.2,-5.8,8,Hero,0.9010093025863171,0.9976011142134666
1389,0.9999999999999982,-9.000000000000002,40,Hero,0.8456020604819059,0.957356039993465
1390,4.5,-5.5,5,Hero,0.9988242268562317,0.9952891945838929
1391,4.2,-5.8,8,Hero,0.7466556988656521,0.9859579652547836
1392,3.9000000000000004,-6.1,11,Hero,0.9580582542852922,0.8749275031414899
1393,4.1000000000000005,-5.8999999999999995,9,Hero,0.8882046838601431,0.994034469127655
1394,4.4,-5.6,6,Hero,0.8406650970379511,0.9874481856822968
1395,3.0999999999999996,-6.9,19,Hero,0.8254109291653884,0.8848865975282694
1396,-5.5,4.5,5,Villain,0.9961617350578308,0.967896330356598
1397,4.5,-5.5,5,Hero,0.8206387877464294,0.7900250459089875
1398,3.5,-6.5,15,Hero,0.8353308608134588,0.9117475634440779
1399,2.099999999999999,-7.9,29,Hero,0.808229503960445,0.9444663890733801
1400,-4.999999999999998,-4.999999999999998,50,None,0.9481370651721954,0.9780892288684845
1401,4.4,-5.6,6,Hero,0.9405436217784882,0.9960284431775411
1402,2.9,-7.1,21,Hero,0.8295554508055959,0.8894034622325784
1403,-5.3,4.7,3,Villain,0.9999999602635702,0.9988357822100321
1404,-4.999999999999998,-4.999999999999998,50,None,0.8740726462006569,0.9271206548996269
1405,1.0999999999999983,-8.900000000000002,39,Hero,0.8057473703550223,0.8935234949756892
1406,4.7,-5.3,3,Hero,1.0,0.9994670947392782
1407,3.0999999999999996,-6.9,19,Hero,0.7123169020602578,0.8675928382497085
1408,4.0,-6.0,10,Hero,0.9571940660476684,0.9952002882957458
1409,0.8999999999999986,-9.100000000000001,41,Hero,0.9089695390586446,0.9793980717658997
1410,-4.999999999999998,-4.999999999999998,50,None,0.8638294667005539,0.973511996269226
1411,2.5999999999999996,-7.4,24,Hero,0.808485493917639,0.9765272041161855
1412,3.9000000000000004,-6.1,11,Hero,0.7605893832038749,0.8950253237377513
1413,-4.999999999999998,-4.999999999999998,50,None,0.9751737439632415,0.9824119639396668
1414,3.0,-7.0,20,Hero,0.8280215784907341,0.8860146446153522
1415,3.9000000000000004,-6.1,11,Hero,0.8099753206426447,0.984918708151037
1416,2.4999999999999996,-7.5,25,Hero,0.708715193271637,0.8322115740180016
1417,3.4000000000000004,-6.6,16,Hero,0.7422111164778471,0.9144402374513447
1418,3.9000000000000004,-6.1,11,Hero,0.8945185027339242,0.9885783574797891
1419,4.1000000000000005,-5.8999999999999995,9,Hero,0.9753084050284492,0.9871706830130683
1420,4.2,-5.8,8,Hero,0.7258100807666779,0.8077351190149784
1421,3.8000000000000007,-6.199999999999999,12,Hero,0.759906263401111,0.7908499877279004
1422,3.3,-6.7,17,Hero,0.7819606933523627,0.8689905603361481
1423,3.5,-6.5,15,Hero,0.8076812619964282,0.7935610930124919
1424,4.6000000000000005,-5.3999999999999995,4,Hero,0.6903569549322128,0.9754557609558105
1425,1.7763568394002505e-15,-9.999999999999998,50,Hero,0.8817838075757026,0.9551667343825102
1426,3.0,-7.0,20,Hero,0.8511481534689664,0.8667359594255686
1427,4.1000000000000005,-5.8999999999999995,9,Hero,0.8149225927061505,0.977734711435106
1428,4.2,-5.8,8,Hero,0.7740441858768463,0.9605491161346436
1429,4.0,-6.0,10,Hero,0.8615990400314331,0.9685526669025422
1430,3.5,-6.5,15,Hero,0.8630540668964386,0.8051699247521659
1431,3.2,-6.8,18,Hero,0.7085645333346393,0.764815729111433
1432,4.1000000000000005,-5.8999999999999995,9,Hero,0.7225388652748532,0.839409206683437
1433,4.5,-5.5,5,Hero,0.7557113170623779,0.979194164276123
1434,4.6000000000000005,-5.3999999999999995,4,Hero,0.7118291035294533,0.9634588956832886
1435,4.1000000000000005,-5.8999999999999995,9,Hero,0.9556889533996582,0.9946611457400851
1436,4.800000000000001,-5.199999999999999,2,Hero,0.811227560043335,0.99088254570961
1437,-4.999999999999998,-4.999999999999998,50,None,0.7783881318569184,0.9550700163841248
1438,3.6000000000000005,-6.3999999999999995,14,Hero,0.6531542092561722,0.8240099602511951
1439,-4.999999999999998,-4.999999999999998,50,None,0.9042186707258224,0.9443530797958374
1440,4.800000000000001,-5.199999999999999,2,Hero,1.0,0.996547132730484
1441,4.1000000000000005,-5.8999999999999995,9,Hero,0.9512282543712192,0.9940705630514357
1442,4.4,-5.6,6,Hero,0.8473111800849438,0.9575326840082804
1443,4.6000000000000005,-5.3999999999999995,4,Hero,1.0,0.9995699226856232
1444,4.6000000000000005,-5.3999999999999995,4,Hero,0.9381554573774338,0.9780710488557816
1445,3.5,-6.5,15,Hero,0.7890857776006063,0.8919655396292607
1446,-4.999999999999998,-4.999999999999998,50,None,0.864958757981658,0.8888889113068581
1447,4.1000000000000005,-5.8999999999999995,9,Hero,0.9579780830277337,0.9971255461374918
1448,3.3,-6.7,17,Hero,0.8305726174046012,0.918239301399273
1449,3.6000000000000005,-6.3999999999999995,14,Hero,0.743457168340683,0.8349027314356395
1450,3.6000000000000005,-6.3999999999999995,14,Hero,0.9239482307540519,0.8924881052225828
1451,4.4,-5.6,6,Hero,0.7335357517004013,0.8032418408741554
1452,4.4,-5.6,6,Hero,0.8407730360825857,0.8065700648973385
1453,3.8000000000000007,-6.199999999999999,12,Hero,0.8723362336556116,0.8792366329580545
1454,4.4,-5.6,6,Hero,1.0,0.9968169331550598
1455,-5.3999999999999995,4.6000000000000005,4,Villain,0.9953348338603973,0.29151543974876404
1456,3.6000000000000005,-6.3999999999999995,14,Hero,0.8089770036084312,0.8267285738672528
1457,2.3999999999999995,-7.6000000000000005,26,Hero,0.8938767801110561,0.879455987077493
1458,4.1000000000000005,-5.8999999999999995,9,Hero,0.8854377534654405,0.838940484656228
1459,4.0,-6.0,10,Hero,0.8964043363928795,0.7456349581480026
1460,3.8000000000000007,-6.199999999999999,12,Hero,0.87001933157444,0.8154618929450711
1461,3.4000000000000004,-6.6,16,Hero,0.6273301208857447,0.5056639006361365
1462,1.5999999999999988,-8.400000000000002,34,Hero,0.7736119787920924,0.6117651508573223
1463,4.0,-6.0,10,Hero,0.9314040184020996,0.6257556490600109
1464,4.800000000000001,-5.199999999999999,2,Hero,1.0,0.5074642710387707
1465,4.300000000000001,-5.699999999999999,7,Hero,0.7791338179792676,0.6324602663516998
1466,3.5,-6.5,15,Hero,0.8870617508888244,0.582613417506218
1467,3.8000000000000007,-6.199999999999999,12,Hero,0.6567459143698215,0.6068672761321068
1468,2.8,-7.2,22,Hero,0.7636953910643404,0.6699137701229616
1469,3.7,-6.3,13,Hero,0.9590131732133719,0.6475700128536958
1470,4.6000000000000005,-5.3999999999999995,4,Hero,0.9999998211860657,0.9567394107580185
1471,4.300000000000001,-5.699999999999999,7,Hero,0.9095662747110639,0.5377328826912812
1472,4.1000000000000005,-5.8999999999999995,9,Hero,0.9800320400132073,0.6953802638583713
1473,4.0,-6.0,10,Hero,0.8178776144981384,0.7399153292179108
1474,3.7,-6.3,13,Hero,0.9094257618372257,0.7234396275419456
1475,3.3,-6.7,17,Hero,0.6621985312770394,0.6091340337606037
1476,3.9000000000000004,-6.1,11,Hero,0.8592426655814052,0.6373542161150412
1477,3.6000000000000005,-6.3999999999999995,14,Hero,0.988321874822889,0.5983254874923399
1478,3.7,-6.3,13,Hero,0.9416439441534189,0.7361910956410261
1479,3.5,-6.5,15,Hero,0.9330128391583761,0.7810217797756195
1480,3.7,-6.3,13,Hero,0.8779328259137961,0.834157040485969
1481,3.4000000000000004,-6.6,16,Hero,0.9672291129827499,0.7798604983836412
1482,3.6000000000000005,-6.3999999999999995,14,Hero,0.8451026784522193,0.666752176625388
1483,4.300000000000001,-5.699999999999999,7,Hero,0.6965266476784434,0.8388279676437378
1484,3.4000000000000004,-6.6,16,Hero,0.9744842536747456,0.6582668778137304
1485,3.9000000000000004,-6.1,11,Hero,0.8293981619856574,0.7798301631754095
1486,3.6000000000000005,-6.3999999999999995,14,Hero,0.9235471785068512,0.81508789198207
1487,4.5,-5.5,5,Hero,1.0,0.9836226820945739
1488,3.8000000000000007,-6.199999999999999,12,Hero,0.8630617211262385,0.5695103605588278
1489,3.4000000000000004,-6.6,16,Hero,0.8757697325199842,0.8251373087987304
1490,4.300000000000001,-5.699999999999999,7,Hero,0.9649831993239266,0.8888426508222308
1491,4.0,-6.0,10,Hero,0.8610804483294487,0.6137002609670162
1492,3.7,-6.3,13,Hero,0.9287761724912204,0.651773625268386
1493,4.1000000000000005,-5.8999999999999995,9,Hero,0.8460561003949907,0.7269081854157977
1494,3.6000000000000005,-6.3999999999999995,14,Hero,0.9819906992571694,0.6484893225133419
1495,4.4,-5.6,6,Hero,0.9965834319591522,0.734355840831995
1496,3.4000000000000004,-6.6,16,Hero,0.9859624914824963,0.6297598015516996
1497,4.7,-5.3,3,Hero,1.0,0.6620510295033455
1498,3.4000000000000004,-6.6,16,Hero,0.7163774203509092,0.4865890252403915
1499,4.9,-5.1,1,Hero,1.0,0.9164559245109558
1500,4.1000000000000005,-5.8999999999999995,9,Hero,0.9758634567260742,0.6713266173998514
1501,4.4,-5.6,6,Hero,0.9999999006589254,0.8125579381982485
1502,4.0,-6.0,10,Hero,0.8953453700989484,0.5733247220516204
1503,3.8000000000000007,-6.199999999999999,12,Hero,0.9621904194355011,0.7509840801358223
1504,4.0,-6.0,10,Hero,0.8053675383329392,0.47124266177415847
1505,4.0,-6.0,10,Hero,0.8776913851499557,0.6172294981777668
1506,3.6000000000000005,-6.3999999999999995,14,Hero,0.8153770619205066,0.6228777021169662
1507,3.7,-6.3,13,Hero,0.8945991947100713,0.6424484528028048
1508,3.5,-6.5,15,Hero,0.9335645059744517,0.6648684777319431
1509,4.6000000000000005,-5.3999999999999995,4,Hero,0.9999993741512299,0.9805365353822708
1510,4.9,-5.1,1,Hero,0.9999892711639404,0.9009698629379272
1511,3.8000000000000007,-6.199999999999999,12,Hero,0.7781941046317419,0.6978171256681284
1512,4.2,-5.8,8,Hero,0.9866324439644814,0.5451334752142429
1513,4.300000000000001,-5.699999999999999,7,Hero,0.9023479180676597,0.8018879187958581
1514,3.9000000000000004,-6.1,11,Hero,0.8825894783843647,0.6698385612531141
1515,4.2,-5.8,8,Hero,0.7076025903224945,0.6491294652223587
1516,4.300000000000001,-5.699999999999999,7,Hero,0.7829636111855507,0.7560038885899952
1517,3.4000000000000004,-6.6,16,Hero,0.7287635267712176,0.6927800253033638
1518,4.0,-6.0,10,Hero,0.8002567991614342,0.6645284160971642
1519,3.3,-6.7,17,Hero,0.6716758551843026,0.5421809790765538
1520,4.1000000000000005,-5.8999999999999995,9,Hero,0.8051202197869619,0.6506938445899222
1521,3.7,-6.3,13,Hero,0.8292508331628946,0.6274876399682119
1522,4.2,-5.8,8,Hero,0.8092472851276398,0.7916463166475296
1523,4.0,-6.0,10,Hero,0.9508804619312287,0.7240476906299591
1524,4.0,-6.0,10,Hero,0.8724362254142761,0.6748102225363255
1525,4.4,-5.6,6,Hero,0.989899734656016,0.8748110930124918
1526,4.4,-5.6,6,Hero,0.9290940562884012,0.6198531401654085
1527,4.2,-5.8,8,Hero,0.9555811434984207,0.9196305945515633
1528,3.9000000000000004,-6.1,11,Hero,0.9726066589355469,0.8161475482312116
1529,3.7,-6.3,13,Hero,0.7100761441084055,0.6910330779277362
1530,3.4000000000000004,-6.6,16,Hero,0.7717455052770674,0.6411491532344371
1531,4.6000000000000005,-5.3999999999999995,4,Hero,0.8511525988578796,0.8446812927722931
1532,3.5,-6.5,15,Hero,0.7275669276714325,0.5412983510643243
1533,3.8000000000000007,-6.199999999999999,12,Hero,0.8298157850901285,0.5672811903059483
1534,3.9000000000000004,-6.1,11,Hero,0.8970977332104336,0.8736361536112699
1535,2.9,-7.1,21,Hero,0.8093791492283344,0.6765411276192892
1536,3.9000000000000004,-6.1,11,Hero,0.9810971617698669,0.9323527867143805
1537,3.8000000000000007,-6.199999999999999,12,Hero,0.8786057904362679,0.8446208822230498
1538,4.5,-5.5,5,Hero,0.7990497352555395,0.766671559214592
1539,4.6000000000000005,-5.3999999999999995,4,Hero,0.7546483352780342,0.6447953768074512
1540,3.7,-6.3,13,Hero,0.8081137996453506,0.58346844292604
1541,4.9,-5.1,1,Hero,0.9993448853492737,0.8922020792961121
1542,4.0,-6.0,10,Hero,0.9887329161167144,0.7726388972252607
1543,4.1000000000000005,-5.8999999999999995,9,Hero,0.7327781816323599,0.5211582105192873
1544,4.4,-5.6,6,Hero,0.8287002046902975,0.7304264480868975
1545,3.6000000000000005,-6.3999999999999995,14,Hero,0.7753209705863681,0.5898319812757629
1546,3.7,-6.3,13,Hero,0.754361188182464,0.5695538804508172
1547,4.4,-5.6,6,Hero,0.9567655622959137,0.838249921798706
1548,4.4,-5.6,6,Hero,0.9621880650520325,0.7362176695217689
1549,-4.999999999999998,-4.999999999999998,50,None,0.8862790709733963,0.7768992668390274
1550,2.4999999999999996,-7.5,25,Hero,0.9492063927650451,0.8282092469930649
1551,4.800000000000001,-5.199999999999999,2,Hero,0.9999734163284302,0.9152927994728088
1552,3.7,-6.3,13,Hero,0.7794286792094891,0.796409412072255
1553,3.7,-6.3,13,Hero,0.9023187229266534,0.77342888712883
1554,4.4,-5.6,6,Hero,0.9196892480055491,0.951500803232193
1555,3.9000000000000004,-6.1,11,Hero,0.8183304477821697,0.8337306082248688
1556,4.2,-5.8,8,Hero,0.9539224579930305,0.9115013778209686
1557,4.5,-5.5,5,Hero,0.7423159778118134,0.7117784425616265
1558,3.8000000000000007,-6.199999999999999,12,Hero,0.9593636045853297,0.7842258761326472
1559,2.6999999999999997,-7.300000000000001,23,Hero,0.7819531436847604,0.8415924051533574
1560,4.7,-5.3,3,Hero,0.8971641461054484,0.634186215698719
1561,4.4,-5.6,6,Hero,0.9043629616498947,0.4212411642074585
1562,4.2,-5.8,8,Hero,0.7911824584007263,0.6637279149144888
1563,4.5,-5.5,5,Hero,0.999997353553772,0.7814925730228424
1564,4.1000000000000005,-5.8999999999999995,9,Hero,0.8485126064883338,0.9051308102077908
1565,4.9,-5.1,1,Hero,0.9948846697807312,0.9402332901954651
1566,4.1000000000000005,-5.8999999999999995,9,Hero,0.9999319381184049,0.6115882198015848
1567,4.1000000000000005,-5.8999999999999995,9,Hero,0.917996883392334,0.7632678714063432
1568,4.9,-5.1,1,Hero,0.9999995231628418,0.9870114326477051
1569,4.0,-6.0,10,Hero,0.8971478030085563,0.7512891930411569
1570,3.6000000000000005,-6.3999999999999995,14,Hero,0.8756275294082505,0.7267646150929588
1571,3.9000000000000004,-6.1,11,Hero,0.9821515896103599,0.8962073488668962
1572,3.7,-6.3,13,Hero,0.9930373521951529,0.8778350141185981
1573,3.4000000000000004,-6.6,16,Hero,0.7685606083832681,0.8016254864633083
1574,4.4,-5.6,6,Hero,0.7336328277985255,0.767719612767299
1575,3.5,-6.5,15,Hero,0.809102334578832,0.649062026043733
1576,4.1000000000000005,-5.8999999999999995,9,Hero,0.9726885490947299,0.9460687438646952
1577,3.6000000000000005,-6.3999999999999995,14,Hero,0.6850489702607904,0.7236873688442367
1578,3.3,-6.7,17,Hero,0.7987505881225362,0.6722526076961967
1579,4.800000000000001,-5.199999999999999,2,Hero,0.5594509392976761,0.5059449039399624
1580,3.8000000000000007,-6.199999999999999,12,Hero,0.9605385710795721,0.83219138905406
1581,3.4000000000000004,-6.6,16,Hero,0.7525085965171456,0.5855795135721564
1582,4.7,-5.3,3,Hero,0.9996585647265116,0.9480180740356445
1583,3.8000000000000007,-6.199999999999999,12,Hero,0.8010857105255127,0.8439455523621291
1584,3.9000000000000004,-6.1,11,Hero,0.7058306217870929,0.46281255747784267
1585,4.2,-5.8,8,Hero,0.9524020925164223,0.7614419180899858
1586,4.300000000000001,-5.699999999999999,7,Hero,0.8339231546436038,0.795896223613194
1587,4.9,-5.1,1,Hero,0.9997090697288513,0.9631160497665405
1588,4.300000000000001,-5.699999999999999,7,Hero,0.888456649013928,0.9624013900756836
1589,3.8000000000000007,-6.199999999999999,12,Hero,0.8960204323132833,0.6198689738909403
1590,3.8000000000000007,-6.199999999999999,12,Hero,0.8509082098801931,0.7160329781472683
1591,2.099999999999999,-7.9,29,Hero,0.8834991146778238,0.9179568369070004
1592,4.4,-5.6,6,Hero,0.9991798301537832,0.7795989215373993
1593,4.1000000000000005,-5.8999999999999995,9,Hero,0.8619455529583825,0.6564391598933272
1594,2.5999999999999996,-7.4,24,Hero,0.8388659233848254,0.8048442323282264
1595,4.1000000000000005,-5.8999999999999995,9,Hero,0.9995673563745286,0.7963498334089915
1596,3.7,-6.3,13,Hero,0.925852005298321,0.8528223840089945
1597,3.5,-6.5,15,Hero,0.8590499420960744,0.7903176054358483
1598,2.4999999999999996,-7.5,25,Hero,0.8416349971294403,0.8426381783187389
1599,4.5,-5.5,5,Hero,0.9817757844924927,0.6140846490859986
1600,4.6000000000000005,-5.3999999999999995,4,Hero,0.9999998211860657,0.9852373600006104
1601,3.8000000000000007,-6.199999999999999,12,Hero,0.8723349099357923,0.7617362312351664
1602,3.7,-6.3,13,Hero,0.7966866395794429,0.9501231221052316
1603,4.0,-6.0,10,Hero,0.9437381386756897,0.9599681079387665
1604,3.9000000000000004,-6.1,11,Hero,0.7479770291935314,0.6641757461157712
1605,4.0,-6.0,10,Hero,0.9353726357221603,0.9229842901229859
1606,3.2,-6.8,18,Hero,0.7864294896523157,0.8557047107153468
1607,4.4,-5.6,6,Hero,0.8793886105219523,0.9542839725812277
1608,4.1000000000000005,-5.8999999999999995,9,Hero,0.9855973455641005,0.6637463205390506
1609,3.7,-6.3,13,Hero,0.8060363164314857,0.6011615550288787
1610,4.9,-5.1,1,Hero,1.0,0.9963434338569641
1611,3.9000000000000004,-6.1,11,Hero,0.7794227031144229,0.8239336013793945
1612,-5.3999999999999995,4.6000000000000005,4,Villain,0.788306213915348,0.5351805239915848
1613,3.9000000000000004,-6.1,11,Hero,0.721629420464689,0.7647524340586229
1614,4.6000000000000005,-5.3999999999999995,4,Hero,0.7300067916512489,0.98879574239254
1615,4.7,-5.3,3,Hero,0.8902111450831095,0.9840688904126486
1616,2.1999999999999993,-7.800000000000001,28,Hero,0.7931820208738957,0.7912237966167075
1617,3.6000000000000005,-6.3999999999999995,14,Hero,0.7728006105337825,0.9807167053222656
1618,3.7,-6.3,13,Hero,0.9333231815925012,0.9832056439839877
1619,3.8000000000000007,-6.199999999999999,12,Hero,0.8556618392467499,0.9646720190842947
1620,4.0,-6.0,10,Hero,0.861252361536026,0.9890423238277435
1621,4.300000000000001,-5.699999999999999,7,Hero,0.9463542870112828,0.9973670159067426
1622,3.5,-6.5,15,Hero,0.7071144918600718,0.7687587549289068
1623,3.7,-6.3,13,Hero,0.7764578324097854,0.8003185636122138
1624,4.0,-6.0,10,Hero,0.8532279372215271,0.8698865408077836
1625,-4.999999999999998,-4.999999999999998,50,None,0.9926192533969879,0.9723142838478088
1626,0.40000000000000036,-9.6,46,Hero,0.9100575826292776,0.9670396499011827
1627,3.9000000000000004,-6.1,11,Hero,0.764830694957213,0.9594527970660817
1628,4.2,-5.8,8,Hero,0.9661419838666916,0.9886645078659058
1629,-4.999999999999998,-4.999999999999998,50,None,0.9437496593594551,0.9505281484127045
1630,2.8,-7.2,22,Hero,0.8141202156177976,0.8170100464062258
1631,3.6000000000000005,-6.3999999999999995,14,Hero,0.7142492032476834,0.9682271778583527
1632,4.4,-5.6,6,Hero,0.7672001967827479,0.9848787685235342
1633,4.2,-5.8,8,Hero,0.8522737938910723,0.9650283083319664
1634,-4.999999999999998,-4.999999999999998,50,None,0.8714675877988338,0.9183030909299851
1635,3.6000000000000005,-6.3999999999999995,14,Hero,0.8325110865490777,0.9471871767725263
1636,0.8999999999999986,-9.100000000000001,41,Hero,0.9087259409404019,0.9551102840682355
1637,3.2,-6.8,18,Hero,0.7964387320809894,0.8594586484962039
1638,3.4000000000000004,-6.6,16,Hero,0.8262914419174194,0.736961436457932
1639,4.1000000000000005,-5.8999999999999995,9,Hero,0.945284472571479,0.9970836904313829
1640,4.0,-6.0,10,Hero,0.9255609333515167,0.8828106004744768
1641,4.2,-5.8,8,Hero,0.9976227432489395,0.962842084467411
1642,2.8,-7.2,22,Hero,0.843116010454568,0.9398317039012909
1643,4.0,-6.0,10,Hero,0.8784965366125107,0.9889981687068939
1644,3.0,-7.0,20,Hero,0.7826301112771035,0.9289223143830896
1645,3.5,-6.5,15,Hero,0.8709382096926371,0.8336643154422442
1646,4.0,-6.0,10,Hero,0.831403274834156,0.8691715946421027
1647,-5.3,4.7,3,Villain,0.8297444780667623,0.9953076044718424
1648,4.9,-5.1,1,Hero,1.0,0.999528169631958
1649,2.5999999999999996,-7.4,24,Hero,0.7824958277245363,0.8577151397864023
1650,3.7,-6.3,13,Hero,0.7414484918117523,0.7814895401780422
1651,2.2999999999999994,-7.700000000000001,27,Hero,0.8507635379555049,0.9806615953092221
1652,-5.5,4.5,5,Villain,0.8260230988264083,0.6953080773353577
1653,4.2,-5.8,8,Hero,0.8331438228487968,0.9895520806312561
1654,4.0,-6.0,10,Hero,0.6927209697663784,0.7584968641400337
1655,4.4,-5.6,6,Hero,0.9998703896999359,0.9894222418467203
1656,0.8999999999999986,-9.100000000000001,41,Hero,0.8855733106412539,0.9610274039754053
1657,-4.999999999999998,-4.999999999999998,50,None,0.965781706571579,0.9888257765769959
1658,3.7,-6.3,13,Hero,0.7552873194217682,0.947287211051354
1659,3.9000000000000004,-6.1,11,Hero,0.9170443686571988,0.9807174368338152
1660,4.7,-5.3,3,Hero,1.0,0.9981193741162618
1661,4.4,-5.6,6,Hero,0.7498525852958361,0.9932662745316824
1662,3.8000000000000007,-6.199999999999999,12,Hero,0.9046953444679579,0.9926078220208486
1663,-4.999999999999998,-4.999999999999998,50,None,0.8928385877609253,0.9671372389793396
1664,-5.3999999999999995,4.6000000000000005,4,Villain,0.9815346896648407,0.9606302976608276
1665,3.8000000000000007,-6.199999999999999,12,Hero,0.8979606851935387,0.7840521578521779
1666,3.3,-6.7,17,Hero,0.8071679593447376,0.9157461247352117
1667,2.5999999999999996,-7.4,24,Hero,0.7694577897588412,0.8824885808862746
1668,-5.1,4.9,1,Villain,0.9999998807907104,0.9881228804588318
1669,3.7,-6.3,13,Hero,0.7613065813023311,0.9817624871547406
1670,3.7,-6.3,13,Hero,0.8350683129750766,0.9953342630312993
1671,3.8000000000000007,-6.199999999999999,12,Hero,0.9347017904122671,0.8934434416393439
1672,3.4000000000000004,-6.6,16,Hero,0.7645458085462451,0.8482521791011095
1673,3.5,-6.5,15,Hero,0.8898328691720963,0.9907162904739379
1674,3.9000000000000004,-6.1,11,Hero,0.9076813811605627,0.9967868273908441
1675,3.6000000000000005,-6.3999999999999995,14,Hero,0.7520506477781704,0.8595118586506162
1676,3.9000000000000004,-6.1,11,Hero,0.8499797257510099,0.9932130520994013
1677,3.6000000000000005,-6.3999999999999995,14,Hero,0.8152594587632588,0.8740542075995889
1678,4.6000000000000005,-5.3999999999999995,4,Hero,0.8024255931377411,0.9901467263698578
1679,-5.6,4.4,6,Villain,0.9708183308442434,0.9621488551298777
1680,3.9000000000000004,-6.1,11,Hero,0.9216887896711176,0.9040939970449968
1681,3.3,-6.7,17,Hero,0.7843443086809095,0.778771137489992
1682,3.9000000000000004,-6.1,11,Hero,0.8557829531756315,0.9969383857466958
1683,4.2,-5.8,8,Hero,0.9110380858182907,0.995790958404541
1684,3.3,-6.7,17,Hero,0.7733839697697583,0.7629934027791023
1685,3.9000000000000004,-6.1,11,Hero,0.8824879195202481,0.9947153492407366
1686,4.2,-5.8,8,Hero,0.9727016091346741,0.992949366569519
1687,3.8000000000000007,-6.199999999999999,12,Hero,0.8170515795548757,0.8433677653471628
1688,4.0,-6.0,10,Hero,0.7752962976694107,0.792517802119255
1689,3.8000000000000007,-6.199999999999999,12,Hero,0.9345307101806005,0.9953989138205847
1690,4.0,-6.0,10,Hero,0.8536838620901108,0.8576678648591042
1691,3.4000000000000004,-6.6,16,Hero,0.7764664492569864,0.9062334969639778
1692,2.4999999999999996,-7.5,25,Hero,0.7510123091936112,0.8777777010202408
1693,4.4,-5.6,6,Hero,0.8326386529952288,0.990585575501124
1694,1.2999999999999985,-8.700000000000001,37,Hero,0.8898772345604123,0.9922647943367829
1695,2.5999999999999996,-7.4,24,Hero,0.7710542020698389,0.8981037435587496
1696,3.9000000000000004,-6.1,11,Hero,0.8975803608244116,0.9803400960835543
1697,3.2,-6.8,18,Hero,0.8596042833394475,0.9498411880599128
1698,3.8000000000000007,-6.199999999999999,12,Hero,0.8369959319631258,0.8902265851696333
1699,-5.3999999999999995,4.6000000000000005,4,Villain,0.9510661512613297,0.9855203330516815
1700,3.2,-6.8,18,Hero,0.8350942308704058,0.9667977160877652
1701,3.9000000000000004,-6.1,11,Hero,0.7128586118871515,0.9971460862593218
1702,3.8000000000000007,-6.199999999999999,12,Hero,0.8375336825847626,0.852315234641234
1703,4.4,-5.6,6,Hero,0.9996091723442078,0.989726056655248
1704,4.6000000000000005,-5.3999999999999995,4,Hero,0.8379500210285187,0.7471309194806963
1705,-5.6,4.4,6,Villain,0.8995504875977834,0.537158285578092
1706,3.4000000000000004,-6.6,16,Hero,0.8653278220444918,0.8647924746619537
1707,3.2,-6.8,18,Hero,0.6945255663659837,0.8796224171916643
1708,4.1000000000000005,-5.8999999999999995,9,Hero,0.9511108464664884,0.9738646613226997
1709,4.2,-5.8,8,Hero,0.8547744676470757,0.8419082732871175
1710,3.7,-6.3,13,Hero,0.6862370411937053,0.9929031271200913
1711,3.9000000000000004,-6.1,11,Hero,0.893279259855097,0.9735866297375072
1712,4.0,-6.0,10,Hero,0.9221944153308869,0.8946629090234637
1713,3.7,-6.3,13,Hero,0.729872353374958,0.8766114436663114
1714,4.300000000000001,-5.699999999999999,7,Hero,0.9189710744789669,0.9480208158493042
1715,4.4,-5.6,6,Hero,0.6175717314084371,0.6670812846471866
1716,3.9000000000000004,-6.1,11,Hero,0.8678484261035919,0.9669630256566134
1717,2.8,-7.2,22,Hero,0.7973701371388002,0.8400283780964938
1718,3.9000000000000004,-6.1,11,Hero,0.93848332491788,0.7415205727924
1719,3.9000000000000004,-6.1,11,Hero,0.7997811545025219,0.7059715539216995
1720,3.9000000000000004,-6.1,11,Hero,0.9678660251877524,0.9788287390362133
1721,3.9000000000000004,-6.1,11,Hero,0.7796081900596619,0.8333599365908991
1722,4.5,-5.5,5,Hero,0.7320408284664154,0.9449545502662658
1723,3.4000000000000004,-6.6,16,Hero,0.8006693925708532,0.8013374377042055
1724,3.6000000000000005,-6.3999999999999995,14,Hero,0.8450387567281723,0.9161469593111958
1725,4.2,-5.8,8,Hero,0.8300078883767128,0.5824518870795146
1726,3.9000000000000004,-6.1,11,Hero,0.8579944317991083,0.9842217347838662
1727,3.7,-6.3,13,Hero,0.7530010136274191,0.8683057129383087
1728,3.8000000000000007,-6.199999999999999,12,Hero,0.7487290178736051,0.8801289784411589
1729,3.3,-6.7,17,Hero,0.7791566217646879,0.7317308796679273
1730,-5.1,4.9,1,Villain,0.9999980926513672,0.9791642427444458
1731,4.0,-6.0,10,Hero,0.804253850877285,0.9671046257019043
1732,4.300000000000001,-5.699999999999999,7,Hero,0.7132471789206777,0.9855961203575134
1733,-5.699999999999999,4.300000000000001,7,Villain,0.9926356758390155,0.7091104473386493
1734,4.0,-6.0,10,Hero,0.7899040803313255,0.9768616914749145
1735,4.0,-6.0,10,Hero,0.9622098207473755,0.6716616742312909
1736,3.3,-6.7,17,Hero,0.9044658296248492,0.6389425094513332
1737,3.7,-6.3,13,Hero,0.832836763216899,0.7463188526722101
1738,4.2,-5.8,8,Hero,0.6816102685406804,0.9470658451318741
1739,4.1000000000000005,-5.8999999999999995,9,Hero,0.8447897318336699,0.6939640310075548
1740,4.0,-6.0,10,Hero,0.982507836818695,0.9294642865657806
1741,4.0,-6.0,10,Hero,0.9861671924591064,0.8477186068892479
1742,3.8000000000000007,-6.199999999999999,12,Hero,0.9301855949064096,0.665605704455326
1743,4.800000000000001,-5.199999999999999,2,Hero,0.9999570250511169,0.9901618361473083
1744,3.4000000000000004,-6.6,16,Hero,0.8678853241726756,0.9448180869221687
1745,3.9000000000000004,-6.1,11,Hero,0.9874490011822094,0.8894538276574828
1746,4.300000000000001,-5.699999999999999,7,Hero,0.932524928024837,0.9758656024932861
1747,4.0,-6.0,10,Hero,0.7644465535879135,0.5663402532692998
1748,-5.1,4.9,1,Villain,0.9110982418060303,0.43224984407424927
1749,3.8000000000000007,-6.199999999999999,12,Hero,0.9730469236771265,0.9828244944413503
1750,3.8000000000000007,-6.199999999999999,12,Hero,0.7399298350016276,0.6036214033762614
1751,3.8000000000000007,-6.199999999999999,12,Hero,0.7244309838861227,0.789801170428594
1752,4.4,-5.6,6,Hero,0.9982134501139323,0.8025451265275478
1753,4.5,-5.5,5,Hero,0.9349588751792908,0.9901631116867066
1754,4.300000000000001,-5.699999999999999,7,Hero,0.8522338611739022,0.946740482534681
1755,4.300000000000001,-5.699999999999999,7,Hero,0.7788813625063215,0.6366259877436927
1756,4.1000000000000005,-5.8999999999999995,9,Hero,0.9988839228947958,0.8177424383660158
1757,3.7,-6.3,13,Hero,0.8054119603565106,0.8834358213039545
1758,3.8000000000000007,-6.199999999999999,12,Hero,0.882838507493337,0.6011882630797724
1759,3.4000000000000004,-6.6,16,Hero,0.9233300369232893,0.8941345675848424
1760,3.8000000000000007,-6.199999999999999,12,Hero,0.7936313624183337,0.6918824433038632
1761,4.5,-5.5,5,Hero,0.8505035758018493,0.7492385357618332
1762,4.300000000000001,-5.699999999999999,7,Hero,0.7529122997075319,0.9442620277404785
1763,3.9000000000000004,-6.1,11,Hero,0.8454563021659851,0.747133114121177
1764,4.4,-5.6,6,Hero,0.885715072353681,0.9508479237556458
1765,4.4,-5.6,6,Hero,0.689483051498731,0.7556441773970922
1766,3.9000000000000004,-6.1,11,Hero,0.8945907083424655,0.9537461454218085
1767,4.2,-5.8,8,Hero,0.9262226969003677,0.8707919241860509
1768,4.7,-5.3,3,Hero,0.9999987681706747,0.9984005490938822
1769,3.7,-6.3,13,Hero,0.8446103173952836,0.7633301019668579
1770,4.0,-6.0,10,Hero,0.9014193773269653,0.6269091391935945
1771,3.6000000000000005,-6.3999999999999995,14,Hero,0.8203408462660653,0.6862603777221271
1772,3.6000000000000005,-6.3999999999999995,14,Hero,0.8108231286917414,0.7698344098670142
1773,3.7,-6.3,13,Hero,0.8393137409136846,0.8507725458878738
1774,4.4,-5.6,6,Hero,0.8015273045748472,0.9854410489400228
1775,4.7,-5.3,3,Hero,0.869413157304128,0.9890660047531128
1776,3.3,-6.7,17,Hero,0.8253573617514443,0.9193409462185467
1777,4.1000000000000005,-5.8999999999999995,9,Hero,0.8877637767129474,0.9077627592616611
1778,4.0,-6.0,10,Hero,0.930532819032669,0.8328493863344193
1779,4.300000000000001,-5.699999999999999,7,Hero,0.9985588959285191,0.9927278416497367
1780,3.6000000000000005,-6.3999999999999995,14,Hero,0.8426354378461838,0.7295301673667771
1781,4.1000000000000005,-5.8999999999999995,9,Hero,0.9675460788938735,0.6206107473828726
1782,4.800000000000001,-5.199999999999999,2,Hero,1.0,0.9998399317264557
1783,4.0,-6.0,10,Hero,0.9457982003688812,0.8718786126002669
1784,3.7,-6.3,13,Hero,0.8189158645960001,0.8064169746178848
1785,3.9000000000000004,-6.1,11,Hero,0.8497040488503196,0.9255188703536987
1786,4.800000000000001,-5.199999999999999,2,Hero,0.9076223075389862,0.9761124551296234
1787,4.1000000000000005,-5.8999999999999995,9,Hero,0.9471674760182699,0.993075344297621
1788,4.0,-6.0,10,Hero,0.8881734579801559,0.5920239448547363
1789,3.9000000000000004,-6.1,11,Hero,0.8922184380618009,0.8595037023452196
1790,4.800000000000001,-5.199999999999999,2,Hero,0.9849609434604645,0.972029447555542
1791,4.4,-5.6,6,Hero,0.8967130482196808,0.9244589408238729
1792,3.6000000000000005,-6.3999999999999995,14,Hero,0.8045094204800469,0.7203887219407729
1793,4.1000000000000005,-5.8999999999999995,9,Hero,0.8741430110401578,0.7346618593566947
1794,4.9,-5.1,1,Hero,0.768301784992218,0.9711049199104309
1795,3.8000000000000007,-6.199999999999999,12,Hero,0.8164064362645149,0.9490414460500082
1796,4.2,-5.8,8,Hero,0.960029661655426,0.8684620587155223
1797,4.300000000000001,-5.699999999999999,7,Hero,0.7963982820510864,0.983118610722678
1798,4.0,-6.0,10,Hero,0.9615880668163299,0.8639962524175644
1799,3.5,-6.5,15,Hero,0.7167601570487022,0.6845237452536821
1800,4.2,-5.8,8,Hero,0.9032463952898979,0.8046819604933262
1801,3.5,-6.5,15,Hero,0.8101630111535391,0.7606969058513642
1802,4.5,-5.5,5,Hero,0.9038107872009278,0.9935920357704162
1803,3.9000000000000004,-6.1,11,Hero,0.8872349059039896,0.9862669381228361
1804,4.5,-5.5,5,Hero,0.9892480969429016,0.7315401822328568
1805,3.8000000000000007,-6.199999999999999,12,Hero,0.8036473716298739,0.7153234779834747
1806,3.5,-6.5,15,Hero,0.8213364640871684,0.7752824887633324
1807,4.4,-5.6,6,Hero,0.995544046163559,0.6939224706341823
1808,4.2,-5.8,8,Hero,0.72655682079494,0.987896591424942
1809,4.2,-5.8,8,Hero,0.9998698681592941,0.9960456117987633
1810,3.3,-6.7,17,Hero,0.7520663904793122,0.649234809419688
1811,4.4,-5.6,6,Hero,0.879113644361496,0.9905482729276022
1812,4.1000000000000005,-5.8999999999999995,9,Hero,0.8459773461023966,0.7496246521671613
1813,3.8000000000000007,-6.199999999999999,12,Hero,0.8445741931597391,0.9686586558818817
1814,3.6000000000000005,-6.3999999999999995,14,Hero,0.763032561966351,0.9164075673158679
1815,3.8000000000000007,-6.199999999999999,12,Hero,0.8533404457072417,0.8766612634062767
1816,3.6000000000000005,-6.3999999999999995,14,Hero,0.780272110232285,0.8490609909806933
1817,3.5,-6.5,15,Hero,0.8145255148410797,0.7402507225672404
1818,3.9000000000000004,-6.1,11,Hero,0.9409934173930775,0.9847272526134144
1819,4.1000000000000005,-5.8999999999999995,9,Hero,0.9981310897403293,0.6075529439581765
1820,4.4,-5.6,6,Hero,0.9561742742856344,0.6296655088663101
1821,3.8000000000000007,-6.199999999999999,12,Hero,0.9154648184776306,0.9723379711310068
1822,4.0,-6.0,10,Hero,0.8505515277385711,0.8406814932823181
1823,4.2,-5.8,8,Hero,0.8808328732848167,0.8480729052098468
1824,4.300000000000001,-5.699999999999999,7,Hero,0.9997956582478115,0.99190867798669
1825,4.5,-5.5,5,Hero,0.8808072686195374,0.9295851230621338
1826,4.0,-6.0,10,Hero,0.8734108716249466,0.767599406093359
1827,3.4000000000000004,-6.6,16,Hero,0.8561631990596652,0.622440904378891
1828,4.0,-6.0,10,Hero,0.8531636398285627,0.9868295192718506
1829,4.6000000000000005,-5.3999999999999995,4,Hero,0.732940286397934,0.9497758448123932
1830,3.9000000000000004,-6.1,11,Hero,0.9694430990652605,0.9896339665759694
1831,3.7,-6.3,13,Hero,0.7005830146372318,0.7972829313232348
1832,4.1000000000000005,-5.8999999999999995,9,Hero,0.8903559413221147,0.9856027232276069
1833,4.5,-5.5,5,Hero,0.8388816356658936,0.9682334780693054
1834,3.7,-6.3,13,Hero,0.8902637500029343,0.631572044812716
1835,4.0,-6.0,10,Hero,0.921649631857872,0.6980574280023575
1836,4.4,-5.6,6,Hero,0.9912773470083872,0.5529817994683981
1837,4.1000000000000005,-5.8999999999999995,9,Hero,0.8614774412579007,0.9163109925058153
1838,4.7,-5.3,3,Hero,0.9896863500277201,0.9754524429639181
1839,3.9000000000000004,-6.1,11,Hero,0.7793170775879513,0.7386602501977574
1840,4.300000000000001,-5.699999999999999,7,Hero,0.9933409946305412,0.8705722349030631
1841,4.1000000000000005,-5.8999999999999995,9,Hero,0.7597450837492943,0.8726902802785238
1842,4.2,-5.8,8,Hero,0.9490945935249329,0.9961231052875519
1843,4.2,-5.8,8,Hero,0.9424087628722191,0.7361150085926056
1844,4.300000000000001,-5.699999999999999,7,Hero,0.8011572957038879,0.6130211693899972
1845,3.9000000000000004,-6.1,11,Hero,0.8418254229155454,0.8475089940157804
1846,3.6000000000000005,-6.3999999999999995,14,Hero,0.801071035010474,0.5974489543586969
1847,3.4000000000000004,-6.6,16,Hero,0.8402446182444692,0.8809227515012026
1848,4.5,-5.5,5,Hero,0.6754355788230896,0.7841817077249289
1849,4.2,-5.8,8,Hero,0.8092706594616175,0.9610523656010628
1850,4.5,-5.5,5,Hero,0.9994475245475769,0.9731642127037048
1851,4.300000000000001,-5.699999999999999,7,Hero,0.919934800692967,0.9649115800857544
1852,4.300000000000001,-5.699999999999999,7,Hero,0.9888182197298322,0.9952510935919625
1853,4.1000000000000005,-5.8999999999999995,9,Hero,0.7929547561539544,0.8066989928483963
1854,3.4000000000000004,-6.6,16,Hero,0.8177315494976938,0.7918113972991705
1855,4.2,-5.8,8,Hero,0.6732896044850349,0.9792808294296265
1856,4.2,-5.8,8,Hero,0.8189350739121437,0.8326789736747742
1857,3.9000000000000004,-6.1,11,Hero,0.8433971560814164,0.8059894042936239
1858,4.1000000000000005,-5.8999999999999995,9,Hero,0.6360159241076973,0.7864941954612732
1859,3.6000000000000005,-6.3999999999999995,14,Hero,0.8239340824740273,0.8375823715967792
1860,3.4000000000000004,-6.6,16,Hero,0.7940958775579929,0.7774534272029996
1861,4.6000000000000005,-5.3999999999999995,4,Hero,0.9999497383832932,0.9974365085363388
1862,3.5,-6.5,15,Hero,0.7846760849157969,0.7022783597310384
1863,4.9,-5.1,1,Hero,0.9999994039535522,0.9993698000907898
1864,3.6000000000000005,-6.3999999999999995,14,Hero,0.8697701735155923,0.8565995315355914
1865,4.5,-5.5,5,Hero,0.8949444055557251,0.9179921984672547
1866,4.7,-5.3,3,Hero,0.8014648954073588,0.9059336185455322
1867,3.3,-6.7,17,Hero,0.7181109531837351,0.7526914442286772
1868,4.800000000000001,-5.199999999999999,2,Hero,0.9995103478431702,0.9745317995548248
1869,3.4000000000000004,-6.6,16,Hero,0.8285573059692979,0.8411687212064862
1870,3.0,-7.0,20,Hero,0.8265304431319237,0.8333893816918134
1871,4.6000000000000005,-5.3999999999999995,4,Hero,0.872736245393753,0.7508773603476584
1872,4.800000000000001,-5.199999999999999,2,Hero,0.9999998807907104,0.999738484621048
1873,3.6000000000000005,-6.3999999999999995,14,Hero,0.7818756912435804,0.9395625804151807
1874,3.7,-6.3,13,Hero,0.9959351970599248,0.9439081457945017
1875,3.4000000000000004,-6.6,16,Hero,0.7975179925560951,0.7495240162825212
1876,3.8000000000000007,-6.199999999999999,12,Hero,0.7639184376845757,0.7749187126755714
1877,3.8000000000000007,-6.199999999999999,12,Hero,0.7143972590565681,0.6525211359063784
1878,4.300000000000001,-5.699999999999999,7,Hero,0.9888009769575936,0.9775297812053135
1879,-5.1,4.9,1,Villain,0.9990412592887878,0.95912766456604
1880,4.1000000000000005,-5.8999999999999995,9,Hero,0.8370948765012953,0.7735900398757722
1881,4.4,-5.6,6,Hero,0.9776618083318075,0.6851046284039816
1882,3.7,-6.3,13,Hero,0.8402800353673788,0.8477090929563229
1883,4.2,-5.8,8,Hero,0.998810738325119,0.9659609422087669
1884,3.5,-6.5,15,Hero,0.7573115020990372,0.8184029499689738
1885,4.7,-5.3,3,Hero,0.6819304823875427,0.984395444393158
1886,3.8000000000000007,-6.199999999999999,12,Hero,0.8797812710205714,0.8946755301828185
1887,-5.1,4.9,1,Villain,0.999971866607666,0.9972579479217529
1888,3.6000000000000005,-6.3999999999999995,14,Hero,0.7591053290026528,0.7801888084837368
1889,3.5,-6.5,15,Hero,0.8379365503787994,0.6624921639760335
1890,4.5,-5.5,5,Hero,0.8929756641387939,0.9794331669807435
1891,3.9000000000000004,-6.1,11,Hero,0.8226038400422443,0.679771669886329
1892,3.5,-6.5,15,Hero,0.7654725790023804,0.8192022601763408
1893,4.2,-5.8,8,Hero,0.9815163686871529,0.9912854358553886
1894,4.800000000000001,-5.199999999999999,2,Hero,1.0,0.9997908174991608
1895,4.0,-6.0,10,Hero,0.8411554872989655,0.9647181987762451
1896,3.9000000000000004,-6.1,11,Hero,0.7490490485321392,0.6322342028672044
1897,3.8000000000000007,-6.199999999999999,12,Hero,0.7446474091460308,0.8057581509153048
1898,4.1000000000000005,-5.8999999999999995,9,Hero,0.9808600544929504,0.9818474451700846
1899,4.7,-5.3,3,Hero,0.8946942885716757,0.9959048430124918
1900,3.8000000000000007,-6.199999999999999,12,Hero,0.7355662453919649,0.774517689521114
1901,2.8,-7.2,22,Hero,0.7715561789545146,0.6142616974697872
1902,2.5999999999999996,-7.4,24,Hero,0.866862913283209,0.8409891565873598
1903,3.9000000000000004,-6.1,11,Hero,0.7788694555109198,0.7570359219204296
1904,4.5,-5.5,5,Hero,0.6316343069076538,0.6266879051923752
1905,4.300000000000001,-5.699999999999999,7,Hero,0.9981231689453125,0.9369638391903469
1906,4.300000000000001,-5.699999999999999,7,Hero,0.8511823979871613,0.5661039096968514
1907,4.9,-5.1,1,Hero,0.9999886751174927,0.9990959167480469
1908,3.4000000000000004,-6.6,16,Hero,0.8409194722771645,0.6812284640036523
1909,4.4,-5.6,6,Hero,0.8891789317131042,0.9906460146109263
1910,3.9000000000000004,-6.1,11,Hero,0.8027598343112252,0.7993120930411599
1911,3.7,-6.3,13,Hero,0.7951729068389306,0.8769746480079798
1912,3.8000000000000007,-6.199999999999999,12,Hero,0.9696181118488312,0.988539586464564
1913,3.5,-6.5,15,Hero,0.8676191320021948,0.8282874181866646
1914,4.6000000000000005,-5.3999999999999995,4,Hero,0.5799029171466827,0.7174396030604839
1915,4.2,-5.8,8,Hero,0.8661417700350285,0.4986379574984312
1916,3.5,-6.5,15,Hero,0.8071288625399272,0.6831230742546419
1917,3.7,-6.3,13,Hero,0.8194117889954493,0.7234688252210617
1918,4.9,-5.1,1,Hero,0.9929463267326355,0.9850152730941772
1919,4.4,-5.6,6,Hero,0.9280015329519907,0.7892695913712183
1920,4.300000000000001,-5.699999999999999,7,Hero,0.9523753779275077,0.9439592361450195
1921,4.4,-5.6,6,Hero,0.8392492607235909,0.6007972608009974
1922,4.4,-5.6,6,Hero,0.9884290794531504,0.9880493879318237
1923,4.1000000000000005,-5.8999999999999995,9,Hero,0.8860509792963663,0.9852712286843194
1924,4.300000000000001,-5.699999999999999,7,Hero,0.9290926371301923,0.8884716629981995
1925,4.2,-5.8,8,Hero,0.8814122825860977,0.9898887947201729
1926,4.1000000000000005,-5.8999999999999995,9,Hero,0.9964638948440552,0.8320339007510079
1927,4.1000000000000005,-5.8999999999999995,9,Hero,0.8194874251882235,0.9909836451212565
1928,3.6000000000000005,-6.3999999999999995,14,Hero,0.8616228492132255,0.5512271137309394
1929,4.0,-6.0,10,Hero,0.9318335235118866,0.5718166798353195
1930,4.9,-5.1,1,Hero,0.9999961853027344,0.999478280544281
1931,3.9000000000000004,-6.1,11,Hero,0.8736925517970865,0.6922209669243206
1932,4.2,-5.8,8,Hero,0.7842059601098299,0.9940253272652626
1933,3.4000000000000004,-6.6,16,Hero,0.7867451040074229,0.754115751478821
1934,4.0,-6.0,10,Hero,0.8859710395336151,0.7894335109740496
1935,3.8000000000000007,-6.199999999999999,12,Hero,0.9605910927057266,0.9842845300833384
1936,4.4,-5.6,6,Hero,0.9919759333133698,0.6883731186389923
1937,-5.3999999999999995,4.6000000000000005,4,Villain,0.9693355858325958,0.73232726380229
1938,4.4,-5.6,6,Hero,0.9995744129021963,0.8198048057965934
1939,4.1000000000000005,-5.8999999999999995,9,Hero,0.9355385932657454,0.9850899047321744
1940,4.1000000000000005,-5.8999999999999995,9,Hero,0.9993658065795898,0.6005072063869901
1941,4.2,-5.8,8,Hero,0.9096458107233047,0.7557202577590942
1942,4.4,-5.6,6,Hero,0.6941951264937719,0.9280061523119608
1943,4.2,-5.8,8,Hero,0.9117643944919109,0.9451665952801704
1944,3.4000000000000004,-6.6,16,Hero,0.6921447836793959,0.776526230853051
1945,4.4,-5.6,6,Hero,0.6656567951043447,0.8032557846357425
1946,1.0999999999999983,-8.900000000000002,39,Hero,0.8661132883758117,0.8694948778989223
1947,4.6000000000000005,-5.3999999999999995,4,Hero,0.9999161660671234,0.5825697407126427
1948,3.6000000000000005,-6.3999999999999995,14,Hero,0.8829611491944108,0.9780057924134391
1949,4.2,-5.8,8,Hero,0.9999792277812958,0.8194578131660819
1950,2.9,-7.1,21,Hero,0.7653585509175346,0.7952878787404015
1951,3.7,-6.3,13,Hero,0.7526452306371468,0.9757413176389841
1952,3.6000000000000005,-6.3999999999999995,14,Hero,0.8524600947275758,0.806293779052794
1953,4.5,-5.5,5,Hero,0.7158466935157776,0.9363327622413635
1954,4.0,-6.0,10,Hero,0.9573845386505127,0.7214638468343765
1955,4.4,-5.6,6,Hero,0.7422201562051972,0.6922378341356913
1956,3.3,-6.7,17,Hero,0.82359527708853,0.9090860158972004
1957,3.9000000000000004,-6.1,11,Hero,0.788220839066939,0.9846085093238137
1958,4.2,-5.8,8,Hero,0.9339496120810509,0.9961711466312408
1959,4.0,-6.0,10,Hero,0.8179903715848923,0.832368603348732
1960,4.1000000000000005,-5.8999999999999995,9,Hero,0.8609895904858907,0.6767361660798391
1961,3.8000000000000007,-6.199999999999999,12,Hero,0.8627909322579702,0.6808742893238863
1962,4.0,-6.0,10,Hero,0.7502589747309685,0.8403049353510141
1963,3.0999999999999996,-6.9,19,Hero,0.7968577483766958,0.7964878207758853
1964,4.4,-5.6,6,Hero,0.7913441757361094,0.9952763915061951
1965,3.7,-6.3,13,Hero,0.7244925934534806,0.6756875727039117
1966,3.9000000000000004,-6.1,11,Hero,0.9646647789261558,0.9945829023014415
1967,4.2,-5.8,8,Hero,0.8318506786599755,0.9891703799366951
1968,4.1000000000000005,-5.8999999999999995,9,Hero,0.8267001178529527,0.9899764127201505
1969,3.8000000000000007,-6.199999999999999,12,Hero,0.8539214630921682,0.7019328624010086
1970,4.2,-5.8,8,Hero,0.9950020164251328,0.6903229355812073
1971,4.4,-5.6,6,Hero,0.99779412150383,0.665552536646525
1972,4.4,-5.6,6,Hero,0.9260033071041107,0.7111257885893186
1973,4.2,-5.8,8,Hero,0.8508704528212547,0.6825453788042068
1974,3.5,-6.5,15,Hero,0.7933006564776103,0.6298868551850318
1975,3.5,-6.5,15,Hero,0.859060819943746,0.7591443534940481
1976,3.8000000000000007,-6.199999999999999,12,Hero,0.7743464323381583,0.8189887168506781
1977,4.300000000000001,-5.699999999999999,7,Hero,0.994930488722665,0.9278392451150077
1978,3.7,-6.3,13,Hero,0.878947533093966,0.750942133510342
1979,3.5,-6.5,15,Hero,0.7567366028825442,0.9367831230163575
1980,4.5,-5.5,5,Hero,0.9056339979171752,0.9975137352943421
1981,-5.6,4.4,6,Villain,0.9847518304983774,0.9486940105756124
1982,4.0,-6.0,10,Hero,0.8880730330944061,0.5431077510118485
1983,4.300000000000001,-5.699999999999999,7,Hero,0.857499612229211,0.996161801474435
1984,3.6000000000000005,-6.3999999999999995,14,Hero,0.7610737404653004,0.8296774797407644
1985,3.5,-6.5,15,Hero,0.7488428821166356,0.7252248703191678
1986,4.9,-5.1,1,Hero,0.9998654127120972,0.9931011199951172
1987,3.9000000000000004,-6.1,11,Hero,0.8656215884468772,0.8048295727507635
1988,4.300000000000001,-5.699999999999999,7,Hero,0.9200700180871146,0.9994931391307286
1989,4.1000000000000005,-5.8999999999999995,9,Hero,0.9360773629612393,0.7549361056751676
1990,3.8000000000000007,-6.199999999999999,12,Hero,0.8790904991328716,0.6755225084101161
1991,3.7,-6.3,13,Hero,0.8124183829014118,0.7833616641851572
1992,3.7,-6.3,13,Hero,0.8309402589041454,0.9932038004581745
1993,2.8,-7.2,22,Hero,0.8133907433260571,0.9899539351463318
1994,3.8000000000000007,-6.199999999999999,12,Hero,0.8427803814411163,0.7625069295366605
1995,4.1000000000000005,-5.8999999999999995,9,Hero,0.8688019050492181,0.7979045775201585
1996,4.7,-5.3,3,Hero,0.932198723157247,0.9520443081855774
1997,4.300000000000001,-5.699999999999999,7,Hero,0.8919833898544312,0.8863574010985238
1998,4.4,-5.6,6,Hero,0.9016875823338827,0.9993946452935537
1999,4.5,-5.5,5,Hero,0.8049157083034515,0.998435914516449
2000,3.6000000000000005,-6.3999999999999995,14,Hero,0.8701936581305095,0.9635896767888751
2001,3.0,-7.0,20,Hero,0.804099440574646,0.9866571515798569
2002,4.1000000000000005,-5.8999999999999995,9,Hero,0.8800873243146472,0.9989182816611396
2003,-5.1,4.9,1,Villain,0.9255281686782837,0.7189947962760925
2004,3.0999999999999996,-6.9,19,Hero,0.6749763159375441,0.8006591202789232
2005,4.0,-6.0,10,Hero,0.7988744765520096,0.6467178851366043
2006,4.1000000000000005,-5.8999999999999995,9,Hero,0.9208084245522817,0.7666874859068129
2007,3.8000000000000007,-6.199999999999999,12,Hero,0.9104250768820444,0.6801372012123466
2008,4.0,-6.0,10,Hero,0.9008793354034423,0.9987387359142303
2009,4.9,-5.1,1,Hero,0.9952219128608704,0.9998960494995117
2010,3.5,-6.5,15,Hero,0.8826673028369745,0.9139202972253163
2011,3.0999999999999996,-6.9,19,Hero,0.7661756298651821,0.9600781265058016
2012,3.7,-6.3,13,Hero,0.8385333716869354,0.7126058042049408
2013,3.4000000000000004,-6.6,16,Hero,0.7033206624910235,0.6628598875831813
2014,3.6000000000000005,-6.3999999999999995,14,Hero,0.8475640139409474,0.9973388612270355
2015,4.2,-5.8,8,Hero,0.9352443888783455,0.9768392443656921
2016,3.5,-6.5,15,Hero,0.8283780117829641,0.7443242212136586
2017,3.5,-6.5,15,Hero,0.787920747200648,0.6720731522267064
2018,4.0,-6.0,10,Hero,0.8998238116502761,0.6638988137245179
2019,4.4,-5.6,6,Hero,0.9994386235872904,0.6519246237973372
2020,4.300000000000001,-5.699999999999999,7,Hero,0.8876859205109733,0.7109627691762788
2021,4.1000000000000005,-5.8999999999999995,9,Hero,0.8792245835065842,0.8630170557234023
2022,3.8000000000000007,-6.199999999999999,12,Hero,0.8489417162102958,0.6070819571614265
2023,3.7,-6.3,13,Hero,0.7501933368352743,0.6875345775714288
2024,3.9000000000000004,-6.1,11,Hero,0.8018124618313529,0.7876751456748355
2025,3.6000000000000005,-6.3999999999999995,14,Hero,0.8583089453833443,0.6696185458983693
2026,4.1000000000000005,-5.8999999999999995,9,Hero,0.967538959450192,0.6536376310719384
2027,3.6000000000000005,-6.3999999999999995,14,Hero,0.8652901096003396,0.8961736730166844
2028,3.2,-6.8,18,Hero,0.7457286069790522,0.6291055623441935
2029,4.300000000000001,-5.699999999999999,7,Hero,0.8610177167824337,0.8531067499092647
2030,3.3,-6.7,17,Hero,0.7158788633258903,0.7600706606445944
2031,4.300000000000001,-5.699999999999999,7,Hero,0.8983433246612549,0.5403049417904445
2032,3.6000000000000005,-6.3999999999999995,14,Hero,0.7377969750336238,0.6192114294639656
2033,4.1000000000000005,-5.8999999999999995,9,Hero,0.89079240626759,0.4687296317683326
2034,4.300000000000001,-5.699999999999999,7,Hero,0.7612945778029305,0.5452678884778704
2035,4.1000000000000005,-5.8999999999999995,9,Hero,0.9212759203381009,0.6650441255834367
2036,4.0,-6.0,10,Hero,0.7216968327760697,0.6410583615303039
2037,3.2,-6.8,18,Hero,0.8354046162631776,0.846394583168957
2038,4.1000000000000005,-5.8999999999999995,9,Hero,0.8396865096357133,0.9829403559366862
2039,3.4000000000000004,-6.6,16,Hero,0.7806613217107952,0.9596779756247997
2040,4.5,-5.5,5,Hero,0.8735312461853028,0.998285460472107
2041,4.4,-5.6,6,Hero,0.9998021423816681,0.9878056347370148
2042,3.8000000000000007,-6.199999999999999,12,Hero,0.907987246910731,0.7720836475491524
2043,4.1000000000000005,-5.8999999999999995,9,Hero,0.8949280505379041,0.9253051082293192
2044,4.300000000000001,-5.699999999999999,7,Hero,0.8340414592197963,0.9528081927980695
2045,3.3,-6.7,17,Hero,0.7982325273401597,0.8981115818023682
2046,3.4000000000000004,-6.6,16,Hero,0.8121205158531666,0.7992447689175606
2047,4.1000000000000005,-5.8999999999999995,9,Hero,0.9959174924426608,0.7363137900829315
2048,3.9000000000000004,-6.1,11,Hero,0.8723472898656671,0.854310152205554
2049,3.3,-6.7,17,Hero,0.76607787083177,0.7780093831174514
2050,4.4,-5.6,6,Hero,0.9998198747634888,0.9980949362119039
2051,4.9,-5.1,1,Hero,0.9875136017799377,0.9646316766738892
2052,3.6000000000000005,-6.3999999999999995,14,Hero,0.8717509508132935,0.6736886203289032
2053,4.2,-5.8,8,Hero,0.949205756187439,0.827929301187396
2054,3.4000000000000004,-6.6,16,Hero,0.7429767940193415,0.8196878023445606
2055,3.8000000000000007,-6.199999999999999,12,Hero,0.9025049780805906,0.7464838325977325
2056,4.1000000000000005,-5.8999999999999995,9,Hero,0.7391214503182305,0.8184986313184103
2057,-5.5,4.5,5,Villain,0.9646121859550476,0.7554294884204864
2058,4.0,-6.0,10,Hero,0.8164436042308807,0.7761522814631462
2059,4.300000000000001,-5.699999999999999,7,Hero,0.9998806970460075,0.6564836459500449
2060,3.9000000000000004,-6.1,11,Hero,0.7510649941184304,0.6008933423594995
2061,3.6000000000000005,-6.3999999999999995,14,Hero,0.7249107339552471,0.6173933872154781
2062,3.6000000000000005,-6.3999999999999995,14,Hero,0.7727681164230619,0.6394234853131431
2063,4.2,-5.8,8,Hero,0.8254493772983551,0.5760081000626087
2064,4.6000000000000005,-5.3999999999999995,4,Hero,0.9926067888736725,0.4951719902455807
2065,3.4000000000000004,-6.6,16,Hero,0.8489742539823055,0.9666382409632206
2066,3.6000000000000005,-6.3999999999999995,14,Hero,0.6576997573886599,0.6642828264406749
2067,3.8000000000000007,-6.199999999999999,12,Hero,0.870617521305879,0.8529558877150217
2068,3.9000000000000004,-6.1,11,Hero,0.7996307882395658,0.9175110459327698
2069,3.5,-6.5,15,Hero,0.7999324520428975,0.7894807947178681
2070,3.6000000000000005,-6.3999999999999995,14,Hero,0.728743390845401,0.6004196211163487
2071,4.5,-5.5,5,Hero,0.9991363406181335,0.6361430883407593
2072,4.1000000000000005,-5.8999999999999995,9,Hero,0.8554798364639282,0.6049080391724905
2073,3.4000000000000004,-6.6,16,Hero,0.9041085881181061,0.9827700704336166
2074,-5.3,4.7,3,Villain,0.681434745589892,0.6671082178751627
2075,3.3,-6.7,17,Hero,0.6062706556609448,0.8859423363910002
2076,4.2,-5.8,8,Hero,0.8388641960918903,0.5734553970396519
2077,-4.999999999999998,-4.999999999999998,50,None,0.972326307296753,0.8549896366894245
2078,4.800000000000001,-5.199999999999999,2,Hero,0.9999992847442627,0.968760073184967
2079,2.8,-7.2,22,Hero,0.7088861434974454,0.7286935570565137
2080,3.4000000000000004,-6.6,16,Hero,0.7744334561284631,0.8845483590848744
2081,3.0999999999999996,-6.9,19,Hero,0.7950517378355327,0.8428712922981695
2082,3.0999999999999996,-6.9,19,Hero,0.6985267220359099,0.5799210706823751
2083,2.6999999999999997,-7.300000000000001,23,Hero,0.6937324761048608,0.7077370525702186
2084,4.1000000000000005,-5.8999999999999995,9,Hero,0.6834085252549913,0.6632209552658929
2085,3.0999999999999996,-6.9,19,Hero,0.7817176447102898,0.6162558178368368
2086,3.8000000000000007,-6.199999999999999,12,Hero,0.8343579744299253,0.7805980059007803
2087,4.1000000000000005,-5.8999999999999995,9,Hero,0.7724639144208696,0.675031926896837
2088,4.300000000000001,-5.699999999999999,7,Hero,0.7299731118338448,0.6025293235267911
2089,3.8000000000000007,-6.199999999999999,12,Hero,0.8511177922288576,0.736065703133742
2090,3.9000000000000004,-6.1,11,Hero,0.830467318946665,0.5833671553568407
2091,3.6000000000000005,-6.3999999999999995,14,Hero,0.8582251157079425,0.773165316720094
2092,4.2,-5.8,8,Hero,0.952264703810215,0.997722253203392
2093,3.9000000000000004,-6.1,11,Hero,0.8703222166408192,0.6600848842750896
2094,4.2,-5.8,8,Hero,0.8855081349611282,0.725580956786871
2095,3.8000000000000007,-6.199999999999999,12,Hero,0.8708826874693235,0.8377233811964592
2096,3.9000000000000004,-6.1,11,Hero,0.8273410336537794,0.6121265200728719
2097,4.1000000000000005,-5.8999999999999995,9,Hero,0.998025139172872,0.9770900938245985
2098,4.300000000000001,-5.699999999999999,7,Hero,0.7713367087500436,0.8830337354115078
2099,4.2,-5.8,8,Hero,0.809962086379528,0.8278464004397392
2100,4.7,-5.3,3,Hero,0.9954728682835897,0.7015777230262756
2101,4.2,-5.8,8,Hero,0.8671189472079277,0.6975064221769571
2102,-5.199999999999999,4.800000000000001,2,Villain,1.0,0.921304315328598
2103,4.2,-5.8,8,Hero,0.699794938787818,0.9534726068377495
2104,4.1000000000000005,-5.8999999999999995,9,Hero,0.9970718092388577,0.6151374363236957
2105,4.1000000000000005,-5.8999999999999995,9,Hero,0.7765717324283388,0.9570258127318488
2106,4.9,-5.1,1,Hero,0.03482216224074364,0.9686892628669739
2107,4.0,-6.0,10,Hero,0.8925884008407593,0.6678749710321427
2108,4.0,-6.0,10,Hero,0.7804373189806938,0.7128083497285843
2109,4.7,-5.3,3,Hero,0.7112300395965576,0.9741113583246866
2110,4.6000000000000005,-5.3999999999999995,4,Hero,0.7759001180529594,0.9976823180913925
2111,4.1000000000000005,-5.8999999999999995,9,Hero,0.9512661364343431,0.9911106891102262
2112,4.0,-6.0,10,Hero,0.8725463807582855,0.6616478115320206
2113,3.5,-6.5,15,Hero,0.75034251237909,0.7284595092137655
2114,4.4,-5.6,6,Hero,0.8791706562042236,0.9588130513827006
2115,4.4,-5.6,6,Hero,0.999977191289266,0.9989753464857737
2116,4.1000000000000005,-5.8999999999999995,9,Hero,0.8886738220850626,0.6310048488279184
2117,3.5,-6.5,15,Hero,0.8107023040453593,0.7380605975786845
2118,4.2,-5.8,8,Hero,0.9693042486906052,0.6634853631258011
2119,4.1000000000000005,-5.8999999999999995,9,Hero,0.9977469709184434,0.6146467990345426
2120,4.300000000000001,-5.699999999999999,7,Hero,0.9981383510998317,0.9764186229024615
2121,4.1000000000000005,-5.8999999999999995,9,Hero,0.9411602682537503,0.638949496878518
2122,-5.3999999999999995,4.6000000000000005,4,Villain,0.6829409077763557,0.818778321146965
2123,4.1000000000000005,-5.8999999999999995,9,Hero,0.9118337962362502,0.9298556844393412
2124,4.6000000000000005,-5.3999999999999995,4,Hero,0.9488711357116699,0.9927882105112076
2125,3.5,-6.5,15,Hero,0.795287349820137,0.6744059840838115
2126,4.5,-5.5,5,Hero,0.8271035552024841,0.98575918674469
2127,4.1000000000000005,-5.8999999999999995,9,Hero,0.8925986389319102,0.7571783910195032
2128,3.5,-6.5,15,Hero,0.8058674822251002,0.6165490627288819
2129,4.5,-5.5,5,Hero,0.7469500839710236,0.9827241659164428
2130,4.0,-6.0,10,Hero,0.9176760897040367,0.986013662815094
2131,4.1000000000000005,-5.8999999999999995,9,Hero,0.8867519059114986,0.8138323889838325
2132,4.4,-5.6,6,Hero,0.8962918321291605,0.6424138036866983
2133,4.7,-5.3,3,Hero,0.959269126256307,0.6818801611661911
2134,4.2,-5.8,8,Hero,0.8592075519263744,0.9809976294636726
2135,-5.1,4.9,1,Villain,0.9999359846115112,0.9989266991615295
2136,3.2,-6.8,18,Hero,0.8133189363612069,0.6620330148273044
2137,3.9000000000000004,-6.1,11,Hero,0.7669492495161566,0.7016367614269257
2138,-5.1,4.9,1,Villain,1.0,0.6187322735786438
2139,4.4,-5.6,6,Hero,0.9135183393955231,0.6642445226510366
2140,4.6000000000000005,-5.3999999999999995,4,Hero,0.7663408517837524,0.9962427765130997
2141,-5.199999999999999,4.800000000000001,2,Villain,0.9991143047809601,0.9990037083625793
2142,4.7,-5.3,3,Hero,0.9005600611368815,0.5408684810002645
2143,3.9000000000000004,-6.1,11,Hero,0.9208290387283672,0.996576650576158
2144,3.7,-6.3,13,Hero,0.8496168393355149,0.5479635608454163
2145,4.2,-5.8,8,Hero,0.9954798519611359,0.9735860452055931
2146,3.9000000000000004,-6.1,11,Hero,0.7553342391144146,0.7948216552084143
2147,4.0,-6.0,10,Hero,0.7167636179365218,0.9685781180858613
2148,4.300000000000001,-5.699999999999999,7,Hero,0.9484998413494655,0.9998180185045514
2149,3.3,-6.7,17,Hero,0.7164642951067757,0.7359327060334823
2150,4.5,-5.5,5,Hero,0.9671785950660705,0.99733065366745
2151,3.3,-6.7,17,Hero,0.7699695808046004,0.7450922569807839
2152,3.5,-6.5,15,Hero,0.7522385553767283,0.894910317659378
2153,3.7,-6.3,13,Hero,0.6927882258135539,0.7750608539925172
2154,4.1000000000000005,-5.8999999999999995,9,Hero,0.8725408895148171,0.9722949200206332
2155,3.8000000000000007,-6.199999999999999,12,Hero,0.9295745690663656,0.7227786506215731
2156,4.300000000000001,-5.699999999999999,7,Hero,0.8809932938643864,0.9994873319353376
2157,3.6000000000000005,-6.3999999999999995,14,Hero,0.8062387917722974,0.7950471528040778
2158,4.0,-6.0,10,Hero,0.7135076254606247,0.7198281764984131
2159,3.0999999999999996,-6.9,19,Hero,0.8446189533723029,0.8061389793690882
2160,4.2,-5.8,8,Hero,0.7517372518777847,0.8546272590756416
2161,4.0,-6.0,10,Hero,0.7524535328149795,0.8660204444080591
2162,3.4000000000000004,-6.6,16,Hero,0.7954806196503341,0.7301444923505187
2163,2.6999999999999997,-7.300000000000001,23,Hero,0.8029044352006167,0.8890638086215957
2164,4.1000000000000005,-5.8999999999999995,9,Hero,0.9067051311333975,0.7625760502285428
2165,4.6000000000000005,-5.3999999999999995,4,Hero,0.7521642008796334,0.9542413800954819
2166,-4.999999999999998,-4.999999999999998,50,None,0.9572421139478684,0.9194385912269354
2167,-4.999999999999998,-4.999999999999998,50,None,0.9517119604349137,0.8767651888821274
2168,-4.999999999999998,-4.999999999999998,50,None,0.954111997038126,0.9706806603074074
2169,-4.999999999999998,-4.999999999999998,50,None,0.9253824639320374,0.8604117354005575
2170,-4.999999999999998,-4.999999999999998,50,None,0.99999596118927,0.9942891550064087
2171,-4.999999999999998,-4.999999999999998,50,None,0.9706346678733826,0.9243529400229454
2172,-4.999999999999998,-4.999999999999998,50,None,0.931327223032713,0.9271295063942671
2173,-4.999999999999998,-4.999999999999998,50,None,0.929634497910738,0.8935905630793423
2174,4.4,-5.6,6,Hero,1.0,0.7176127930482229
2175,-4.999999999999998,-4.999999999999998,50,None,0.9993636596202851,0.8365683095902204
2176,-4.999999999999998,-4.999999999999998,50,None,0.9270254117250443,0.9852771186828613
2177,4.2,-5.8,8,Hero,1.0,0.9859788194298744
2178,-4.999999999999998,-4.999999999999998,50,None,0.923301761597395,0.90085844039917
2179,-4.999999999999998,-4.999999999999998,50,None,0.9502638645097613,0.9697574769146741
2180,-4.999999999999998,-4.999999999999998,50,None,0.9438939915597439,0.9313547528535128
2181,-4.999999999999998,-4.999999999999998,50,None,0.8909820856899023,0.9011983495205641
2182,-4.999999999999998,-4.999999999999998,50,None,0.9784742863476277,0.9646423078328371
2183,-4.999999999999998,-4.999999999999998,50,None,0.9437525317817926,0.986375766992569
2184,-4.999999999999998,-4.999999999999998,50,None,0.9999926233291626,0.8990890662372112
2185,-4.999999999999998,-4.999999999999998,50,None,0.999993441104889,0.8175974752008915
2186,-4.999999999999998,-4.999999999999998,50,None,0.9141247081011534,0.8789788855612278
2187,4.5,-5.5,5,Hero,1.0,0.542806601524353
2188,-5.6,4.4,6,Villain,0.7697110230413576,0.9594767689704895
2189,-4.999999999999998,-4.999999999999998,50,None,0.8983692200481892,0.9446710151433945
2190,-4.999999999999998,-4.999999999999998,50,None,0.9356650401651859,0.8583979780972004
2191,-4.999999999999998,-4.999999999999998,50,None,0.9999915862083435,0.9616064279526472
2192,-4.999999999999998,-4.999999999999998,50,None,0.9374734160304069,0.9814752972126007
2193,-4.999999999999998,-4.999999999999998,50,None,0.9299661684036254,0.8378437983058393
2194,-4.999999999999998,-4.999999999999998,50,None,0.9517046704143286,0.9220647629350424
2195,-4.999999999999998,-4.999999999999998,50,None,0.9395893698558211,0.9839622735977173
2196,-4.999999999999998,-4.999999999999998,50,None,0.9341308863461018,0.8937015964835883
2197,-4.999999999999998,-4.999999999999998,50,None,0.9275651288032531,0.9300013413932174
2198,-4.999999999999998,-4.999999999999998,50,None,0.9374360076338053,0.7895245965663343
2199,4.1000000000000005,-5.8999999999999995,9,Hero,1.0,0.7601700557602776
2200,-4.999999999999998,-4.999999999999998,50,None,0.9997455739974975,0.9339179831463844
2201,-4.999999999999998,-4.999999999999998,50,None,0.9761522550880909,0.8702324432134628
2202,-4.999999999999998,-4.999999999999998,50,None,0.9791445051878691,0.8682797621190548
2203,-4.999999999999998,-4.999999999999998,50,None,0.9999977326393128,0.9927744364738464
2204,-4.999999999999998,-4.999999999999998,50,None,0.9999033308029175,0.9922800922393799
2205,-4.999999999999998,-4.999999999999998,50,None,0.9623191411420703,0.8686503770947457
2206,-4.999999999999998,-4.999999999999998,50,None,0.9553072762489319,0.8998552621901035
2207,-4.999999999999998,-4.999999999999998,50,None,0.9091310016810894,0.9901235723495483
2208,-5.1,4.9,1,Villain,0.9999948740005493,0.9983300566673279
2209,-4.999999999999998,-4.999999999999998,50,None,0.9483795219659805,0.92843121945858
2210,-4.999999999999998,-4.999999999999998,50,None,0.9918152570724488,0.934366549551487
2211,-4.999999999999998,-4.999999999999998,50,None,0.9938546204566956,0.9139504899084568
2212,-4.999999999999998,-4.999999999999998,50,None,0.9433238783478737,0.9070870290789753
2213,-4.999999999999998,-4.999999999999998,50,None,0.9999996948242188,0.8596541294455529
2214,-4.999999999999998,-4.999999999999998,50,None,0.999999692440033,0.8808895173668861
2215,-4.999999999999998,-4.999999999999998,50,None,0.9495323300361633,0.9433487917296588
2216,-4.999999999999998,-4.999999999999998,50,None,0.9999996447563171,0.8623474724590778
2217,-4.999999999999998,-4.999999999999998,50,None,0.9999995875358582,0.9654542728513479
2218,-4.999999999999998,-4.999999999999998,50,None,0.9756893968582153,0.9044799268245697
2219,-4.999999999999998,-4.999999999999998,50,None,0.9999636173248291,0.8802130814269185
2220,-4.999999999999998,-4.999999999999998,50,None,0.9711763471364975,0.9349460922926665
2221,-4.999999999999998,-4.999999999999998,50,None,0.9949308681488037,0.8525962869077921
2222,4.2,-5.8,8,Hero,1.0,0.8647704967297614
2223,-4.999999999999998,-4.999999999999998,50,None,0.9607490880787373,0.9904580008983612
2224,-4.999999999999998,-4.999999999999998,50,None,0.977727998495102,0.8696091017127037
2225,-4.999999999999998,-4.999999999999998,50,None,0.9486324934847653,0.8622890663146973
2226,-4.999999999999998,-4.999999999999998,50,None,0.9999995756149292,0.9699257826805114
2227,-4.999999999999998,-4.999999999999998,50,None,0.999959557056427,0.9082280095666647
2228,-4.999999999999998,-4.999999999999998,50,None,0.999999532699585,0.9474483877047897
2229,-4.999999999999998,-4.999999999999998,50,None,0.999999680519104,0.8362898841500283
2230,-4.999999999999998,-4.999999999999998,50,None,0.9999995613098145,0.9923903155326843
2231,-4.999999999999998,-4.999999999999998,50,None,0.9999995994567871,0.8538043710589409
2232,-4.999999999999998,-4.999999999999998,50,None,0.9999628067016602,0.8795485128392465
2233,-4.999999999999998,-4.999999999999998,50,None,0.9364880581200122,0.905878119058907
2234,-4.999999999999998,-4.999999999999998,50,None,0.9543629031069577,0.9102294100821018
2235,-4.999999999999998,-4.999999999999998,50,None,0.9999996280670166,0.8927534834900871
2236,-4.999999999999998,-4.999999999999998,50,None,0.963445485830307,0.792737483670935
2237,-5.1,4.9,1,Villain,0.999988317489624,0.9978916049003601
2238,-4.999999999999998,-4.999999999999998,50,None,0.9999996900558472,0.9010618913918733
2239,-4.999999999999998,-4.999999999999998,50,None,0.9652124989032745,0.841209977529943
2240,-4.999999999999998,-4.999999999999998,50,None,0.9174604856967926,0.8365996356401593
2241,-5.3,4.7,3,Villain,0.6718973871320486,0.9980709354082743
2242,-4.999999999999998,-4.999999999999998,50,None,0.9520432984828949,0.8394142075628043
2243,-4.999999999999998,-4.999999999999998,50,None,0.9999988603591919,0.9054239216446877
2244,-4.999999999999998,-4.999999999999998,50,None,0.9691997814178467,0.8000918051600456
2245,-4.999999999999998,-4.999999999999998,50,None,0.9452853838726878,0.9893007779121399
2246,-4.999999999999998,-4.999999999999998,50,None,0.929765850007534,0.78387251987122
2247,-4.999999999999998,-4.999999999999998,50,None,0.9353996533155441,0.9620163822174073
2248,-4.999999999999998,-4.999999999999998,50,None,0.9318123953789472,0.962275698184967
2249,-4.999999999999998,-4.999999999999998,50,None,0.9999971103668213,0.9751975172199309
2250,-5.3999999999999995,4.6000000000000005,4,Villain,0.9585058689117432,0.9956572502851486
2251,-4.999999999999998,-4.999999999999998,50,None,0.9999951004981995,0.8513427443802357
2252,-4.999999999999998,-4.999999999999998,50,None,0.9994913458824157,0.8840083311870695
2253,-4.999999999999998,-4.999999999999998,50,None,0.9221729135513306,0.8227811589837074
2254,-4.999999999999998,-4.999999999999998,50,None,0.9042905578017235,0.784567971425131
2255,-4.999999999999998,-4.999999999999998,50,None,0.9997162890434265,0.9906426763534546
2256,-4.999999999999998,-4.999999999999998,50,None,0.9503331010043621,0.882791487313807
2257,-4.999999999999998,-4.999999999999998,50,None,0.9998330366611481,0.9925826740264893
2258,-4.999999999999998,-4.999999999999998,50,None,0.9801147964596748,0.9544747813791037
2259,-4.999999999999998,-4.999999999999998,50,None,0.9441285710036754,0.9612030839920044
2260,4.300000000000001,-5.699999999999999,7,Hero,1.0,0.9957170401300702
2261,-4.999999999999998,-4.999999999999998,50,None,0.999493442773819,0.9664869135804475
2262,-4.999999999999998,-4.999999999999998,50,None,0.9546533304452897,0.8624248683452607
2263,-4.999999999999998,-4.999999999999998,50,None,0.9683315548300743,0.9120028928853572
2264,-4.999999999999998,-4.999999999999998,50,None,0.9004951328784228,0.8990416093915701
2265,-4.999999999999998,-4.999999999999998,50,None,0.9512294670939445,0.8747673045098782
2266,-4.999999999999998,-4.999999999999998,50,None,0.916989326775074,0.8703061234205961
2267,-4.999999999999998,-4.999999999999998,50,None,0.9710576725006104,0.9888187110424042
2268,-4.999999999999998,-4.999999999999998,50,None,0.9999806785583496,0.8015771066024899
2269,-4.999999999999998,-4.999999999999998,50,None,0.9332113733887673,0.946983654703945
2270,-4.999999999999998,-4.999999999999998,50,None,0.9762934416532516,0.944232995212078
2271,-4.999999999999998,-4.999999999999998,50,None,0.9729941459000111,0.9584576910734177
2272,-4.999999999999998,-4.999999999999998,50,None,0.9543433913588524,0.9884324550628663
2273,-4.999999999999998,-4.999999999999998,50,None,0.9455524036288261,0.8833550254441798
2274,-4.999999999999998,-4.999999999999998,50,None,0.9439967334270477,0.9168271870911121
2275,-4.999999999999998,-4.999999999999998,50,None,0.9289666646718979,0.9855004239082337
2276,-4.999999999999998,-4.999999999999998,50,None,0.9999844694137573,0.9520057528093457
2277,-4.999999999999998,-4.999999999999998,50,None,0.9424138146638871,0.9477096551656723
2278,-4.999999999999998,-4.999999999999998,50,None,0.9993273329734802,0.9891385746002197
2279,-4.999999999999998,-4.999999999999998,50,None,0.9685086506605148,0.927989229047671
2280,-4.999999999999998,-4.999999999999998,50,None,0.9767387068271637,0.9307665674388409
2281,-4.999999999999998,-4.999999999999998,50,None,0.9999618196487426,0.8615490379929542
2282,-4.999999999999998,-4.999999999999998,50,None,0.8991866290569306,0.9217605476733297
2283,4.4,-5.6,6,Hero,1.0,0.5818978175520897
2284,-4.999999999999998,-4.999999999999998,50,None,0.9873598682880401,0.8604463873803616
2285,-4.999999999999998,-4.999999999999998,50,None,0.9733205460011959,0.7621615694579669
2286,4.9,-5.1,1,Hero,1.0,0.9999973773956299
2287,-5.3,4.7,3,Villain,0.5800287822882334,0.9922826488812765
2288,-4.999999999999998,-4.999999999999998,50,None,0.9587382346391677,0.9882249963283539
2289,-4.999999999999998,-4.999999999999998,50,None,0.9748791229724884,0.9303236648440361
2290,-4.999999999999998,-4.999999999999998,50,None,0.9529559820890426,0.9326586816459894
2291,-4.999999999999998,-4.999999999999998,50,None,0.9357354632019996,0.9053957891464234
2292,-4.999999999999998,-4.999999999999998,50,None,0.9326167605817318,0.7932006847858429
2293,4.9,-5.1,1,Hero,1.0,0.9999265670776367
2294,-4.999999999999998,-4.999999999999998,50,None,0.9301356933265924,0.7336714404891245
2295,-4.999999999999998,-4.999999999999998,50,None,0.9176054356992245,0.881101940125227
2296,-4.999999999999998,-4.999999999999998,50,None,0.9997701799869537,0.8918749812990427
2297,-4.999999999999998,-4.999999999999998,50,None,0.9380222815275192,0.969693213282153
2298,-4.999999999999998,-4.999999999999998,50,None,0.9297103482857346,0.9628893904387951
2299,-4.999999999999998,-4.999999999999998,50,None,0.9457793802022934,0.9658880856074393
2300,-4.999999999999998,-4.999999999999998,50,None,0.9715479460358619,0.8354573699831963
2301,-4.999999999999998,-4.999999999999998,50,None,0.9993757200241089,0.8626801598072052
2302,-4.999999999999998,-4.999999999999998,50,None,0.9995643305778503,0.8792321929335594
2303,-4.999999999999998,-4.999999999999998,50,None,0.9548419887572527,0.8727258911728859
2304,-4.999999999999998,-4.999999999999998,50,None,0.9628032273054123,0.9593327780067921
2305,-4.999999999999998,-4.999999999999998,50,None,0.9218499368429184,0.8013214548490941
2306,-4.999999999999998,-4.999999999999998,50,None,0.9734154599905014,0.9840707421302796
2307,-4.999999999999998,-4.999999999999998,50,None,0.9543070790171623,0.939918542150408
2308,-4.999999999999998,-4.999999999999998,50,None,0.9342960773408413,0.9634599192440509
2309,4.4,-5.6,6,Hero,0.9999971985816956,0.9934564928213755
2310,-4.999999999999998,-4.999999999999998,50,None,0.9990013062953949,0.842968055009842
2311,-4.999999999999998,-4.999999999999998,50,None,0.9502179485559463,0.9929519212245941
2312,-4.999999999999998,-4.999999999999998,50,None,0.9341478016972542,0.8254523912025615
2313,-4.999999999999998,-4.999999999999998,50,None,0.9500601693987847,0.8562595391273499
2314,-4.999999999999998,-4.999999999999998,50,None,0.9285607823729515,0.9233713620901107
2315,-4.999999999999998,-4.999999999999998,50,None,0.9564839309453964,0.8835188079625368
2316,-4.999999999999998,-4.999999999999998,50,None,0.9992594015598297,0.9418744991812855
2317,-4.999999999999998,-4.999999999999998,50,None,0.9991486608982086,0.9309626792371273
2318,-4.999999999999998,-4.999999999999998,50,None,0.9651662996411323,0.8818294760584832
2319,-5.1,4.9,1,Villain,0.9974008798599243,0.9986514449119568
2320,-4.999999999999998,-4.999999999999998,50,None,0.9434206742048263,0.9343231046199798
2321,-4.999999999999998,-4.999999999999998,50,None,0.9762489557266235,0.9280448656529188
2322,4.2,-5.8,8,Hero,0.9999996721744537,0.5731438286602497
2323,-4.999999999999998,-4.999999999999998,50,None,0.9757591497898102,0.7955718210991471
2324,-4.999999999999998,-4.999999999999998,50,None,0.9789223970472812,0.9939433062076568
2325,-4.999999999999998,-4.999999999999998,50,None,0.9627344724535942,0.9415728150308132
2326,-4.999999999999998,-4.999999999999998,50,None,0.9637783133983612,0.8115679153800011
2327,-4.999999999999998,-4.999999999999998,50,None,0.9121809589862824,0.9513418138027191
2328,-4.999999999999998,-4.999999999999998,50,None,0.9464727140963077,0.9724995687790216
2329,-4.999999999999998,-4.999999999999998,50,None,0.9879775023460389,0.846965701431036
2330,-4.999999999999998,-4.999999999999998,50,None,0.9977063906192779,0.9162566888332367
2331,-5.199999999999999,4.800000000000001,2,Villain,0.9958632588386536,0.9937293827533722
2332,-4.999999999999998,-4.999999999999998,50,None,0.9580495940893888,0.9403514870535582
2333,-4.999999999999998,-4.999999999999998,50,None,0.9635093095153571,0.9909626424312592
2334,1.5999999999999988,-8.400000000000002,34,Hero,0.9160485829069169,0.8485147349317285
2335,-4.999999999999998,-4.999999999999998,50,None,0.9543283995985985,0.9663930684328079
2336,2.4999999999999996,-7.5,25,Hero,0.8261254790425301,0.7771768698096275
2337,-4.999999999999998,-4.999999999999998,50,None,0.9315541785955429,0.9505910493433476
2338,-4.999999999999998,-4.999999999999998,50,None,0.9664917597174645,0.9936511516571045
2339,-4.999999999999998,-4.999999999999998,50,None,0.9188948807120323,0.8470788966398686
2340,3.4000000000000004,-6.6,16,Hero,0.6798322553513572,0.9919972121715546
2341,-4.999999999999998,-4.999999999999998,50,None,0.8761123609542847,0.9084621522575617
2342,-4.999999999999998,-4.999999999999998,50,None,0.9634033063054085,0.981926064491272
2343,4.800000000000001,-5.199999999999999,2,Hero,0.9999948740005493,0.9675861597061157
2344,-4.999999999999998,-4.999999999999998,50,None,0.9499360996484757,0.8066459669917821
2345,4.5,-5.5,5,Hero,0.9999994754791259,0.8008649185299873
2346,-4.999999999999998,-4.999999999999998,50,None,0.998140594959259,0.9031791314017028
2347,-4.999999999999998,-4.999999999999998,50,None,0.8821485318243504,0.8493848586454987
2348,-4.999999999999998,-4.999999999999998,50,None,0.9761103002727032,0.930126733451616
2349,4.4,-5.6,6,Hero,0.9999997218449911,0.658295194307963
2350,-4.999999999999998,-4.999999999999998,50,None,0.9641763657331467,0.833227868899703
2351,-4.999999999999998,-4.999999999999998,50,None,0.9470737220346928,0.9017958415299654
2352,-4.999999999999998,-4.999999999999998,50,None,0.9615741211175919,0.8501937352120876
2353,-4.999999999999998,-4.999999999999998,50,None,0.9471816818416119,0.9217972135543824
2354,-4.999999999999998,-4.999999999999998,50,None,0.9500783920288086,0.960736100524664
2355,-4.999999999999998,-4.999999999999998,50,None,0.8855078529566527,0.8882063867896796
2356,-4.999999999999998,-4.999999999999998,50,None,0.8898683792352676,0.8628070252016187
2357,-4.999999999999998,-4.999999999999998,50,None,0.9399157574772835,0.901940795108676
2358,-4.999999999999998,-4.999999999999998,50,None,0.9982688879966736,0.9078683602903038
2359,4.5,-5.5,5,Hero,0.999993085861206,0.9963740348815918
2360,-4.999999999999998,-4.999999999999998,50,None,0.9517253431677818,0.826243884973228
2361,-4.999999999999998,-4.999999999999998,50,None,0.9502041989564896,0.9206341198831797
2362,4.800000000000001,-5.199999999999999,2,Hero,0.9999905824661255,0.9950189590454102
2363,-4.999999999999998,-4.999999999999998,50,None,0.9512872824072838,0.9868023622035981
2364,-4.999999999999998,-4.999999999999998,50,None,0.901197400689125,0.8568607865646481
2365,-4.999999999999998,-4.999999999999998,50,None,0.9977571034431457,0.9765174973011017
2366,4.7,-5.3,3,Hero,0.9999978939692179,0.5621640384197235
2367,-4.999999999999998,-4.999999999999998,50,None,0.9199375818669796,0.9512051013763994
2368,-4.999999999999998,-4.999999999999998,50,None,0.9244080427289009,0.9513486841320992
2369,-4.999999999999998,-4.999999999999998,50,None,0.9119383420050144,0.9266070435941219
2370,-4.999999999999998,-4.999999999999998,50,None,0.9966753673553467,0.8570556379854679
2371,4.800000000000001,-5.199999999999999,2,Hero,0.999996542930603,0.9985801875591278
2372,-4.999999999999998,-4.999999999999998,50,None,0.9593437540531159,0.8059082224965095
2373,-4.999999999999998,-4.999999999999998,50,None,0.9658693039417267,0.8566800809651614
2374,-4.999999999999998,-4.999999999999998,50,None,0.9970136427879334,0.9865564370155334
2375,-4.999999999999998,-4.999999999999998,50,None,0.9387948778271675,0.9668325955048204
2376,-4.999999999999998,-4.999999999999998,50,None,0.9450456041097641,0.8612208238244057
2377,-4.999999999999998,-4.999999999999998,50,None,0.9030330780148507,0.9239145479351282
2378,-4.999999999999998,-4.999999999999998,50,None,0.9486257961392403,0.9722190701961517
2379,-4.999999999999998,-4.999999999999998,50,None,0.9492624625563622,0.8736537702567876
2380,-4.999999999999998,-4.999999999999998,50,None,0.9680711174011231,0.8350471318513155
2381,3.5,-6.5,15,Hero,0.7368231982613603,0.8822928706804911
2382,-4.999999999999998,-4.999999999999998,50,None,0.9407329556345939,0.8892904362175613
2383,-4.999999999999998,-4.999999999999998,50,None,0.8723323993384838,0.9407863046228886
2384,-4.999999999999998,-4.999999999999998,50,None,0.957513325214386,0.8384149870276452
2385,-4.999999999999998,-4.999999999999998,50,None,0.9369245159626007,0.886952230706811
2386,-4.999999999999998,-4.999999999999998,50,None,0.8397269460186362,0.8900873602926731
2387,-4.999999999999998,-4.999999999999998,50,None,0.9975655710697174,0.9742421677755192
2388,-4.999999999999998,-4.999999999999998,50,None,0.9274205054342747,0.9159923987090588
2389,-4.999999999999998,-4.999999999999998,50,None,0.9645254051685334,0.9020060681551695
2390,-4.999999999999998,-4.999999999999998,50,None,0.9977728390693664,0.9547932806145399
2391,-4.999999999999998,-4.999999999999998,50,None,0.9786119470000267,0.9939376139640808
2392,-4.999999999999998,-4.999999999999998,50,None,0.9496603992581367,0.8525979660172015
2393,-4.999999999999998,-4.999999999999998,50,None,0.8830516701936721,0.9571880513429641
2394,3.3,-6.7,17,Hero,0.8660001605338252,0.8011303140836603
2395,-4.999999999999998,-4.999999999999998,50,None,0.9310011756420136,0.8657876834273338
2396,-4.999999999999998,-4.999999999999998,50,None,0.9839813041687012,0.796048153117299
2397,-4.999999999999998,-4.999999999999998,50,None,0.9232860824465752,0.7987257463298738
2398,0.10000000000000142,-9.899999999999999,49,Hero,0.9472143700232312,0.972672840475808
2399,1.0999999999999983,-8.900000000000002,39,Hero,0.8629112590868504,0.8775455785485414
2400,0.6999999999999993,-9.3,43,Hero,0.8885001954297687,0.8723982767483522
2401,-4.999999999999998,-4.999999999999998,50,None,0.938087198138237,0.9502087595872581
2402,0.3000000000000007,-9.7,47,Hero,0.8725421013746489,0.8241672563426038
2403,-4.999999999999998,-4.999999999999998,50,None,0.8881141224503517,0.9151954947412014
2404,4.5,-5.5,5,Hero,0.8056314319372178,0.9827221989631653
2405,3.7,-6.3,13,Hero,0.8144716459971207,0.7964577273680613
2406,3.4000000000000004,-6.6,16,Hero,0.7316504344344139,0.9377207420766354
2407,2.8,-7.2,22,Hero,0.8536311415108767,0.7042609849436716
2408,3.8000000000000007,-6.199999999999999,12,Hero,0.7937464937567711,0.79575240239501
2409,4.4,-5.6,6,Hero,0.8771873513857523,0.6565541202823321
2410,3.9000000000000004,-6.1,11,Hero,0.8951433754780076,0.9539702805605802
2411,3.7,-6.3,13,Hero,0.8618098268142114,0.9709167205370389
2412,3.9000000000000004,-6.1,11,Hero,0.9084358757192438,0.7592610730366274
2413,3.6000000000000005,-6.3999999999999995,14,Hero,0.8454903098089355,0.7503110298088619
2414,4.300000000000001,-5.699999999999999,7,Hero,0.6125699984175819,0.9981374655451093
2415,4.5,-5.5,5,Hero,0.8403550207614898,0.9953804254531861
2416,4.5,-5.5,5,Hero,0.9960179924964905,0.9768391728401185
2417,4.2,-5.8,8,Hero,0.7245684526860714,0.9937644377350807
2418,4.2,-5.8,8,Hero,0.8860665634274483,0.9873906522989273
2419,3.3,-6.7,17,Hero,0.7806073374607984,0.7098912785158438
2420,4.6000000000000005,-5.3999999999999995,4,Hero,0.9993941336870193,0.9838137626647949
2421,4.2,-5.8,8,Hero,0.7822124697268009,0.8722567111253738
2422,4.0,-6.0,10,Hero,0.9087581157684326,0.9838923811912537
2423,4.2,-5.8,8,Hero,0.9644696936011314,0.9982430785894394
2424,4.5,-5.5,5,Hero,0.9999967813491821,0.9994217038154602
2425,-5.3,4.7,3,Villain,0.9999770720799764,0.9990379611651102
2426,3.9000000000000004,-6.1,11,Hero,0.7541615990075198,0.7061650604009628
2427,4.1000000000000005,-5.8999999999999995,9,Hero,0.844405859708786,0.7881008181720972
2428,4.2,-5.8,8,Hero,0.8795162830501795,0.9985386803746223
2429,3.6000000000000005,-6.3999999999999995,14,Hero,0.8393739515117237,0.9242592368807111
2430,3.2,-6.8,18,Hero,0.8314088276690907,0.9544106390741136
2431,3.5,-6.5,15,Hero,0.8143580863873164,0.8377839893102645
2432,3.3,-6.7,17,Hero,0.856689337421866,0.6496689626399208
2433,4.4,-5.6,6,Hero,0.8932039340337118,0.990690290927887
2434,-5.3,4.7,3,Villain,0.8612784743309021,0.6643855373064677
2435,2.5999999999999996,-7.4,24,Hero,0.8708735387772322,0.8033441612496972
2436,4.0,-6.0,10,Hero,0.8947324812412262,0.9979657828807831
2437,2.8,-7.2,22,Hero,0.8177089860493486,0.8152863202108578
2438,3.6000000000000005,-6.3999999999999995,14,Hero,0.8678070950720992,0.9791689727987561
2439,3.5,-6.5,15,Hero,0.8116789186994234,0.8331626171867053
2440,2.8,-7.2,22,Hero,0.916290476240895,0.6825509962879799
2441,2.9,-7.1,21,Hero,0.699183790456681,0.9409878310703096
2442,-4.999999999999998,-4.999999999999998,50,None,0.9333871857076883,0.8955022777616978
2443,-4.999999999999998,-4.999999999999998,50,None,0.9680666166543961,0.901425186228007
2444,-4.999999999999998,-4.999999999999998,50,None,0.9496373796463012,0.9095952454954386
2445,4.6000000000000005,-5.3999999999999995,4,Hero,1.0,0.999788910150528
2446,-4.999999999999998,-4.999999999999998,50,None,0.975567067116499,0.8480380358267575
2447,4.800000000000001,-5.199999999999999,2,Hero,1.0,0.9982244372367859
2448,-4.999999999999998,-4.999999999999998,50,None,0.9232045620214194,0.9419938308745622
2449,-4.999999999999998,-4.999999999999998,50,None,0.9387442484498024,0.8610739356279373
2450,-4.999999999999998,-4.999999999999998,50,None,0.9014518296718598,0.8348719530925155
2451,4.2,-5.8,8,Hero,1.0,0.9964147880673409
2452,-4.999999999999998,-4.999999999999998,50,None,0.9490923762321473,0.8898586145415902
2453,-4.999999999999998,-4.999999999999998,50,None,0.9028480083495378,0.8824316340684891
2454,-4.999999999999998,-4.999999999999998,50,None,0.9999964094161987,0.8198271626234055
2455,-4.999999999999998,-4.999999999999998,50,None,0.955228616297245,0.8117384988069535
2456,-4.999999999999998,-4.999999999999998,50,None,0.9188148605823517,0.9135263054072857
2457,-4.999999999999998,-4.999999999999998,50,None,0.9474907480925322,0.8419322502613068
2458,-4.999999999999998,-4.999999999999998,50,None,0.9022759081423283,0.8969659946113825
2459,-4.999999999999998,-4.999999999999998,50,None,0.9181375676393508,0.9645678868889809
2460,-5.699999999999999,4.300000000000001,7,Villain,0.9824989778654916,0.6556045711040497
2461,-4.999999999999998,-4.999999999999998,50,None,0.9996049690246582,0.8390178093314171
2462,-4.999999999999998,-4.999999999999998,50,None,0.940911431312561,0.8705610182136297
2463,-4.999999999999998,-4.999999999999998,50,None,0.8970551697909832,0.8715650659799575
2464,-4.999999999999998,-4.999999999999998,50,None,0.9924486398696899,0.8128948105871677
2465,-4.999999999999998,-4.999999999999998,50,None,0.9511946702003479,0.9603308856487274
2466,-4.999999999999998,-4.999999999999998,50,None,0.9335234959423542,0.7689974996447563
2467,-4.999999999999998,-4.999999999999998,50,None,0.9409702607989311,0.8859976213052869
2468,4.9,-5.1,1,Hero,1.0,0.9999980926513672
2469,4.1000000000000005,-5.8999999999999995,9,Hero,1.0,0.8039069837994046
2470,-4.999999999999998,-4.999999999999998,50,None,0.9666253954172135,0.9715958303213119
2471,-4.999999999999998,-4.999999999999998,50,None,0.9999945473670959,0.9164645495638252
2472,4.9,-5.1,1,Hero,0.9999998807907104,0.9863144159317017
2473,-4.999999999999998,-4.999999999999998,50,None,0.9033035778999329,0.8317840479314327
2474,-4.999999999999998,-4.999999999999998,50,None,0.8981360439956189,0.8365396571159363
2475,-5.3999999999999995,4.6000000000000005,4,Villain,0.9999953508377075,0.9443788379430771
2476,-4.999999999999998,-4.999999999999998,50,None,0.9954369688034057,0.993510570526123
2477,-4.999999999999998,-4.999999999999998,50,None,0.9349806648492813,0.8811440589278936
2478,-4.999999999999998,-4.999999999999998,50,None,0.9999595236778259,0.9952588045597076
2479,-4.999999999999998,-4.999999999999998,50,None,0.9273394476249814,0.9235159626975655
2480,-4.999999999999998,-4.999999999999998,50,None,0.9244197402894497,0.853438126668334
2481,-4.999999999999998,-4.999999999999998,50,None,0.9797541396692395,0.9805842924118042
2482,-4.999999999999998,-4.999999999999998,50,None,0.9133908650279046,0.9211486069113016
2483,-4.999999999999998,-4.999999999999998,50,None,0.9999562168121338,0.9757235601590947
2484,-4.999999999999998,-4.999999999999998,50,None,0.9086122345924378,0.946352931149304
2485,-4.999999999999998,-4.999999999999998,50,None,0.9282972142845393,0.9318759833276272
2486,-4.999999999999998,-4.999999999999998,50,None,0.9550070338696242,0.9602065078471788
2487,-4.999999999999998,-4.999999999999998,50,None,0.955830095410347,0.9317855775263161
2488,4.1000000000000005,-5.8999999999999995,9,Hero,1.0,0.5517205794652303
2489,-5.199999999999999,4.800000000000001,2,Villain,0.9999886751174927,0.5729033946990967
2490,4.2,-5.8,8,Hero,1.0,0.9754506051540375
2491,-4.999999999999998,-4.999999999999998,50,None,0.9965397930145263,0.9517504999600351
2492,-4.999999999999998,-4.999999999999998,50,None,0.950330540202558,0.8400776925683021
2493,-4.999999999999998,-4.999999999999998,50,None,0.9633348885178566,0.7968661326542497
2494,-4.999999999999998,-4.999999999999998,50,None,0.962783172801137,0.8088308143615722
2495,-4.999999999999998,-4.999999999999998,50,None,0.9654861009120941,0.9915609407424927
2496,-4.999999999999998,-4.999999999999998,50,None,0.9376487159729003,0.8191649083793163
2497,-4.999999999999998,-4.999999999999998,50,None,0.9292162177339196,0.8859088070690632
2498,-4.999999999999998,-4.999999999999998,50,None,0.9733686825633049,0.9442066996358335
2499,4.800000000000001,-5.199999999999999,2,Hero,1.0,0.9790410995483398
2500,-4.999999999999998,-4.999999999999998,50,None,0.9299532368779182,0.9550566553324461
2501,-5.199999999999999,4.800000000000001,2,Villain,0.93658846616745,0.7505391538143158
2502,-4.999999999999998,-4.999999999999998,50,None,0.9264269518852234,0.8390664524491876
2503,4.800000000000001,-5.199999999999999,2,Hero,1.0,0.9999852180480957
2504,-4.999999999999998,-4.999999999999998,50,None,0.9246035441034474,0.8876743802428245
2505,-4.999999999999998,-4.999999999999998,50,None,0.9563797700405121,0.8474575454369188
2506,-4.999999999999998,-4.999999999999998,50,None,0.9963597941398621,0.8534100443124771
2507,-4.999999999999998,-4.999999999999998,50,None,0.9630390387773514,0.9582398790121078
2508,4.800000000000001,-5.199999999999999,2,Hero,1.0,0.7469160854816437
2509,4.9,-5.1,1,Hero,1.0,0.9877868294715881
2510,-4.999999999999998,-4.999999999999998,50,None,0.9981120705604554,0.8918756113201379
2511,-4.999999999999998,-4.999999999999998,50,None,0.9461245703697204,0.9421308130025864
2512,-4.999999999999998,-4.999999999999998,50,None,0.9401686123013496,0.8284366869926453
2513,-4.999999999999998,-4.999999999999998,50,None,0.9468820717558265,0.7948514001816511
2514,-5.1,4.9,1,Villain,1.0,0.9265201687812805
2515,4.800000000000001,-5.199999999999999,2,Hero,1.0,0.9996645450592041
2516,-4.999999999999998,-4.999999999999998,50,None,0.9230137255508453,0.9092502681165934
2517,-4.999999999999998,-4.999999999999998,50,None,0.958534746170044,0.9275272397138178
2518,-4.999999999999998,-4.999999999999998,50,None,0.9393987667560577,0.8468363066017628
2519,-4.999999999999998,-4.999999999999998,50,None,0.9431639513373375,0.9066971800476312
2520,-4.999999999999998,-4.999999999999998,50,None,0.9183192667365074,0.9496436107158661
2521,-4.999999999999998,-4.999999999999998,50,None,0.9481031866371632,0.837130721770227
2522,-4.999999999999998,-4.999999999999998,50,None,0.9999460172653198,0.9172821771353483
2523,-4.999999999999998,-4.999999999999998,50,None,0.9549117033928632,0.8433376936148852
2524,-4.999999999999998,-4.999999999999998,50,None,0.9086518520861864,0.9813320243358612
2525,-4.999999999999998,-4.999999999999998,50,None,0.9609130537509918,0.8321099385619164
2526,-4.999999999999998,-4.999999999999998,50,None,0.9313263693451881,0.7800790810212493
2527,-5.3,4.7,3,Villain,0.9999723434448242,0.6322117149829865
2528,-4.999999999999998,-4.999999999999998,50,None,0.9999968075752258,0.8649891763925552
2529,-4.999999999999998,-4.999999999999998,50,None,0.9999892902374268,0.8233437345270067
2530,-4.999999999999998,-4.999999999999998,50,None,0.9587268131971359,0.896921046897769
2531,-4.999999999999998,-4.999999999999998,50,None,0.8761829404532909,0.8249306955840439
2532,-4.999999999999998,-4.999999999999998,50,None,0.9667913281917572,0.8950698733702303
2533,-4.999999999999998,-4.999999999999998,50,None,0.9122305104136467,0.844150105342269
2534,-4.999999999999998,-4.999999999999998,50,None,0.9433134113252163,0.7999699886422604
2535,-4.999999999999998,-4.999999999999998,50,None,0.9237790787220002,0.9295772193372249
2536,-4.999999999999998,-4.999999999999998,50,None,0.9852778220176697,0.9036602085735649
2537,-4.999999999999998,-4.999999999999998,50,None,0.9999631071090698,0.8334236688166857
2538,-4.999999999999998,-4.999999999999998,50,None,0.9999628233909607,0.8318380809761584
2539,4.4,-5.6,6,Hero,1.0,0.4782967021067937
2540,4.7,-5.3,3,Hero,1.0,0.8955385287602743
2541,-4.999999999999998,-4.999999999999998,50,None,0.9185712018795311,0.9002110637072473
2542,-5.199999999999999,4.800000000000001,2,Villain,1.0,0.9690775871276855
2543,-4.999999999999998,-4.999999999999998,50,None,0.9999154806137085,0.9462209560722112
2544,-4.999999999999998,-4.999999999999998,50,None,0.9999776935577392,0.821103665754199
2545,-4.999999999999998,-4.999999999999998,50,None,0.9730351009964943,0.8915166739374399
2546,-4.999999999999998,-4.999999999999998,50,None,0.9383878952264786,0.9880313277244568
2547,-4.999999999999998,-4.999999999999998,50,None,0.8740989696979523,0.8576273983716964
2548,4.1000000000000005,-5.8999999999999995,9,Hero,1.0,0.6846444408098856
2549,4.300000000000001,-5.699999999999999,7,Hero,1.0,0.9939232128007072
2550,-4.999999999999998,-4.999999999999998,50,None,0.945332593023777,0.8139450997114182
2551,-4.999999999999998,-4.999999999999998,50,None,0.923075466454029,0.8014949698001146
2552,-5.3,4.7,3,Villain,0.9999994436899821,0.6677926182746887
2553,-4.999999999999998,-4.999999999999998,50,None,0.8318321871757507,0.7690908780414611
2554,-4.999999999999998,-4.999999999999998,50,None,0.9310336390137672,0.9025694723427296
2555,-4.999999999999998,-4.999999999999998,50,None,0.9999705743789673,0.8091098492965102
2556,-4.999999999999998,-4.999999999999998,50,None,0.9999919033050537,0.8256349505484104
2557,-4.999999999999998,-4.999999999999998,50,None,0.9492362138628959,0.9331971756741404
2558,-4.999999999999998,-4.999999999999998,50,None,0.9213655546493829,0.9201717935316265
2559,-4.999999999999998,-4.999999999999998,50,None,0.9953704702854157,0.9013104416709393
2560,-4.999999999999998,-4.999999999999998,50,None,0.9999758720397949,0.8862987264245749
2561,-4.999999999999998,-4.999999999999998,50,None,0.9539271763898433,0.9877219569683074
2562,-4.999999999999998,-4.999999999999998,50,None,0.9999652194976807,0.8518005979806185
2563,-4.999999999999998,-4.999999999999998,50,None,0.9999887418746948,0.9041766168735922
2564,4.2,-5.8,8,Hero,1.0,0.6744583696126938
2565,-4.999999999999998,-4.999999999999998,50,None,0.9530444151163101,0.9258005117624998
2566,-4.999999999999998,-4.999999999999998,50,None,0.9029259718209505,0.7934974944591522
2567,-4.999999999999998,-4.999999999999998,50,None,0.9427106580138207,0.9663298738747835
2568,-4.999999999999998,-4.999999999999998,50,None,0.9188705533742905,0.9425594645924866
2569,4.300000000000001,-5.699999999999999,7,Hero,1.0,0.846970799778189
2570,-4.999999999999998,-4.999999999999998,50,None,0.9631640315800906,0.8974645775556565
2571,4.300000000000001,-5.699999999999999,7,Hero,1.0,0.8237262410776955
2572,-4.999999999999998,-4.999999999999998,50,None,0.8962744802236557,0.9170016767363995
2573,-4.999999999999998,-4.999999999999998,50,None,0.9145441028475761,0.9067202211916446
2574,-4.999999999999998,-4.999999999999998,50,None,0.966500311344862,0.9063183225132525
2575,-5.199999999999999,4.800000000000001,2,Villain,0.9999967813491821,0.9587299227714539
2576,-4.999999999999998,-4.999999999999998,50,None,0.9999534440040588,0.8866937574744225
2577,-4.999999999999998,-4.999999999999998,50,None,0.9514708250761033,0.89537826532498
2578,-4.999999999999998,-4.999999999999998,50,None,0.8993532179296017,0.8020288540422916
2579,-4.999999999999998,-4.999999999999998,50,None,0.9590507787466049,0.9370095748174936
2580,-4.999999999999998,-4.999999999999998,50,None,0.9294051352143288,0.7933081515133381
2581,-4.999999999999998,-4.999999999999998,50,None,0.9376959264278412,0.9065074345842004
2582,-4.999999999999998,-4.999999999999998,50,None,0.9282838380336762,0.8507608698680997
2583,-4.999999999999998,-4.999999999999998,50,None,0.9655393597483635,0.8633387755230069
2584,-4.999999999999998,-4.999999999999998,50,None,0.9353693971037864,0.8525120164081454
2585,-4.999999999999998,-4.999999999999998,50,None,0.9933925449848175,0.9650708003714681
2586,-4.999999999999998,-4.999999999999998,50,None,0.9983287346363068,0.9165006550401449
2587,-4.999999999999998,-4.999999999999998,50,None,0.933608302436769,0.830747664757073
2588,-5.199999999999999,4.800000000000001,2,Villain,1.0,0.5182690024375916
2589,-4.999999999999998,-4.999999999999998,50,None,0.9675462168455123,0.9016734968032688
2590,-4.999999999999998,-4.999999999999998,50,None,0.9222081986069679,0.7364114440605044
2591,-4.999999999999998,-4.999999999999998,50,None,0.9076749665290117,0.8754429715126752
2592,-4.999999999999998,-4.999999999999998,50,None,0.920380815565586,0.8506482255458832
2593,-4.999999999999998,-4.999999999999998,50,None,0.9641333431005478,0.8732357795163989
2594,4.800000000000001,-5.199999999999999,2,Hero,1.0,0.6215390861034393
2595,-4.999999999999998,-4.999999999999998,50,None,0.9476525943726302,0.8529191386699676
2596,-4.999999999999998,-4.999999999999998,50,None,0.9999395990371704,0.8780177957937121
2597,-4.999999999999998,-4.999999999999998,50,None,0.9647905802726746,0.8845488642901183
2598,-4.999999999999998,-4.999999999999998,50,None,0.8983909291401505,0.8531435617804527
2599,-4.999999999999998,-4.999999999999998,50,None,0.9974443531036377,0.840565031915903
2600,4.5,-5.5,5,Hero,1.0,0.6193525861948729
2601,-4.999999999999998,-4.999999999999998,50,None,0.9400004637241364,0.8703916699811817
2602,-4.999999999999998,-4.999999999999998,50,None,0.9951167738437653,0.8747509839013219
2603,-4.999999999999998,-4.999999999999998,50,None,0.9438140985369682,0.7964772544428707
2604,-4.999999999999998,-4.999999999999998,50,None,0.9372988286614418,0.8071917944028973
2605,4.6000000000000005,-5.3999999999999995,4,Hero,1.0,0.9990372210741043
2606,-4.999999999999998,-4.999999999999998,50,None,0.9251627997681499,0.8617966510355473
2607,-4.999999999999998,-4.999999999999998,50,None,0.9360658872127533,0.8868848088383675
2608,-4.999999999999998,-4.999999999999998,50,None,0.9544728443771601,0.918571508526802
2609,-4.999999999999998,-4.999999999999998,50,None,0.9035344933625311,0.8515923329070211
2610,4.800000000000001,-5.199999999999999,2,Hero,1.0,0.5175655633211136
2611,-4.999999999999998,-4.999999999999998,50,None,0.9999560618400574,0.8798711654543877
2612,-4.999999999999998,-4.999999999999998,50,None,0.9084672826528549,0.772558048069477
2613,-4.999999999999998,-4.999999999999998,50,None,0.968248056769371,0.9314192615076899
2614,-4.999999999999998,-4.999999999999998,50,None,0.9999590611457825,0.834632521122694
2615,-4.999999999999998,-4.999999999999998,50,None,0.8767429852485656,0.7814119306951761
2616,-4.999999999999998,-4.999999999999998,50,None,0.9738628348708153,0.732388631515205
2617,-4.999999999999998,-4.999999999999998,50,None,0.9459231832623481,0.7855862836167217
2618,-4.999999999999998,-4.999999999999998,50,None,0.956673306375742,0.8304170053079725
2619,-4.999999999999998,-4.999999999999998,50,None,0.9972282218933105,0.807290815114975
2620,-4.999999999999998,-4.999999999999998,50,None,0.9599482461810112,0.9174548272788524
2621,-4.999999999999998,-4.999999999999998,50,None,0.9376039925217629,0.8416836342215538
2622,-4.999999999999998,-4.999999999999998,50,None,0.9190327757759951,0.8567465452849865
2623,4.9,-5.1,1,Hero,1.0,0.9988586902618408
2624,-4.999999999999998,-4.999999999999998,50,None,0.9366668717749417,0.8302575780451298
2625,-4.999999999999998,-4.999999999999998,50,None,0.9624567566905171,0.8826055450364947
2626,4.9,-5.1,1,Hero,1.0,0.8549248576164246
2627,-4.999999999999998,-4.999999999999998,50,None,0.9748055014014244,0.9028937942907214
2628,-4.999999999999998,-4.999999999999998,50,None,0.9999695158004761,0.8632937872037292
2629,4.6000000000000005,-5.3999999999999995,4,Hero,1.0,0.9880832582712173
2630,-4.999999999999998,-4.999999999999998,50,None,0.8945804840326309,0.8216501282900572
2631,4.1000000000000005,-5.8999999999999995,9,Hero,1.0,0.7654375632603964
2632,-4.999999999999998,-4.999999999999998,50,None,0.92547995634377,0.7605177643150092
2633,-4.999999999999998,-4.999999999999998,50,None,0.9157065096870065,0.8174541500583291
2634,-4.999999999999998,-4.999999999999998,50,None,0.9535667008161545,0.7354737915098667
2635,-4.999999999999998,-4.999999999999998,50,None,0.9100532843172551,0.8120824464410543
2636,-4.999999999999998,-4.999999999999998,50,None,0.9031817415356636,0.872719407826662
2637,4.800000000000001,-5.199999999999999,2,Hero,1.0,0.9917614459991455
2638,-4.999999999999998,-4.999999999999998,50,None,0.8919589549303055,0.7834465593099594
2639,-4.999999999999998,-4.999999999999998,50,None,0.96002826243639,0.762029704041779
2640,-5.3,4.7,3,Villain,1.0,0.4818306813637416
2641,-4.999999999999998,-4.999999999999998,50,None,0.9693478509783745,0.8413892966136336
2642,-4.999999999999998,-4.999999999999998,50,None,0.9441468226909637,0.8046788612008094
2643,4.5,-5.5,5,Hero,1.0,0.8125574111938476
2644,-4.999999999999998,-4.999999999999998,50,None,0.9492608883976936,0.7643896289914847
2645,-4.999999999999998,-4.999999999999998,50,None,0.9108639127016067,0.8252122074365615
2646,-4.999999999999998,-4.999999999999998,50,None,0.9958774399757385,0.7044136717170477
2647,-4.999999999999998,-4.999999999999998,50,None,0.9999301695823669,0.8042527411133051
2648,-4.999999999999998,-4.999999999999998,50,None,0.9999290299415589,0.8001741029322147
2649,4.6000000000000005,-5.3999999999999995,4,Hero,1.0,0.7514458745718002
2650,-4.999999999999998,-4.999999999999998,50,None,0.9083294463157654,0.803799850717187
2651,-4.999999999999998,-4.999999999999998,50,None,0.9454569958150387,0.8125070014595985
2652,-4.999999999999998,-4.999999999999998,50,None,0.9799172143777832,0.6727682959288359
2653,-4.999999999999998,-4.999999999999998,50,None,0.9999124836921692,0.7037721355631947
2654,-4.999999999999998,-4.999999999999998,50,None,0.9999241018295288,0.77272940158844
2655,-4.999999999999998,-4.999999999999998,50,None,0.9106923865154386,0.665026923790574
2656,-4.999999999999998,-4.999999999999998,50,None,0.9573644772171974,0.7365054243803024
2657,4.2,-5.8,8,Hero,1.0,0.7670708727091551
2658,-4.999999999999998,-4.999999999999998,50,None,0.9211776678077876,0.8401427546143532
2659,-4.999999999999998,-4.999999999999998,50,None,0.9571598679199815,0.682367497459054
2660,4.4,-5.6,6,Hero,1.0,0.7047790884971619
2661,-4.999999999999998,-4.999999999999998,50,None,0.9091855995170772,0.7487974696606398
2662,-4.999999999999998,-4.999999999999998,50,None,0.9254457232356071,0.6802164575830102
2663,1.6999999999999988,-8.3,33,Hero,0.8950416233273052,0.8057022817207106
2664,4.7,-5.3,3,Hero,1.0,0.9988920489947001
2665,-4.999999999999998,-4.999999999999998,50,None,0.9290213738754391,0.6837997418642044
2666,-4.999999999999998,-4.999999999999998,50,None,0.9434026286751032,0.7949835523217916
2667,-4.999999999999998,-4.999999999999998,50,None,0.9343476402759552,0.746977094784379
2668,-4.999999999999998,-4.999999999999998,50,None,0.999570279121399,0.8235339333862066
2669,-4.999999999999998,-4.999999999999998,50,None,0.944865812882781,0.752643262296915
2670,-4.999999999999998,-4.999999999999998,50,None,0.9412413775920868,0.8351397628337145
2671,-4.999999999999998,-4.999999999999998,50,None,0.9994964003562927,0.9253412067890168
2672,-4.999999999999998,-4.999999999999998,50,None,0.9995214176177979,0.8379458346217871
2673,-4.999999999999998,-4.999999999999998,50,None,0.947860698774457,0.7501221314072609
2674,-4.999999999999998,-4.999999999999998,50,None,0.9403855264186859,0.7797929845750332
2675,-4.999999999999998,-4.999999999999998,50,None,0.9344848234951496,0.7384538888186216
2676,-4.999999999999998,-4.999999999999998,50,None,0.9667262816429139,0.737157261967659
2677,-4.999999999999998,-4.999999999999998,50,None,0.8412665651738643,0.7375053665693849
2678,-4.999999999999998,-4.999999999999998,50,None,0.9673187398910522,0.7442242192476988
2679,-4.999999999999998,-4.999999999999998,50,None,0.9784062075614929,0.6528323922306299
2680,-4.999999999999998,-4.999999999999998,50,None,0.8723155065439642,0.7491208627820015
2681,-4.999999999999998,-4.999999999999998,50,None,0.9276197630167008,0.6977691125124693
2682,-4.999999999999998,-4.999999999999998,50,None,0.9475406043231487,0.8053165492415428
2683,-4.999999999999998,-4.999999999999998,50,None,0.9192480921745301,0.7923759146034718
2684,-4.999999999999998,-4.999999999999998,50,None,0.9379958581924438,0.8487607062608004
2685,-4.999999999999998,-4.999999999999998,50,None,0.8961852517724037,0.711329403296113
2686,-4.999999999999998,-4.999999999999998,50,None,0.9997091543674469,0.7015774050354957
2687,1.0999999999999983,-8.900000000000002,39,Hero,0.868412745559815,0.7119031353638723
2688,-4.999999999999998,-4.999999999999998,50,None,0.8965203583240509,0.7783695898205042
2689,4.5,-5.5,5,Hero,1.0,0.7209724903106689
2690,-4.999999999999998,-4.999999999999998,50,None,0.9205568896606564,0.6783542765676975
2691,-4.999999999999998,-4.999999999999998,50,None,0.9504716385900974,0.8357299229502678
2692,4.2,-5.8,8,Hero,1.0,0.6362458970397711
2693,-4.999999999999998,-4.999999999999998,50,None,0.8899200225621462,0.8010103610157967
2694,-4.999999999999998,-4.999999999999998,50,None,0.9357206401228905,0.6633588878810406
2695,-4.999999999999998,-4.999999999999998,50,None,0.922692470792681,0.757433847412467
2696,-4.999999999999998,-4.999999999999998,50,None,0.868925875723362,0.7807363050431013
2697,-4.999999999999998,-4.999999999999998,50,None,0.9347342255711556,0.6860102933645248
2698,-4.999999999999998,-4.999999999999998,50,None,0.9247464126348496,0.7315475763380528
2699,-4.999999999999998,-4.999999999999998,50,None,0.9490806463360787,0.745096759647131
2700,4.800000000000001,-5.199999999999999,2,Hero,1.0,0.9998717904090881
2701,-4.999999999999998,-4.999999999999998,50,None,0.9990231442451477,0.693080629631877
2702,-4.999999999999998,-4.999999999999998,50,None,0.9775259000808001,0.7605818636715412
2703,4.9,-5.1,1,Hero,1.0,0.9571909308433533
2704,-4.999999999999998,-4.999999999999998,50,None,0.8401500065624714,0.6879408065974713
2705,-5.1,4.9,1,Villain,1.0,0.9973887801170349
2706,-4.999999999999998,-4.999999999999998,50,None,0.9579012590646744,0.7681523285061121
2707,-4.999999999999998,-4.999999999999998,50,None,0.9791866406053304,0.7692011934518814
2708,-4.999999999999998,-4.999999999999998,50,None,0.9993413722515107,0.6552573688328266
2709,-4.999999999999998,-4.999999999999998,50,None,0.9545096239447594,0.6951732416450978
2710,-4.999999999999998,-4.999999999999998,50,None,0.8930640149116517,0.7946218980103731
2711,-4.999999999999998,-4.999999999999998,50,None,0.9549157226085663,0.7061613216996193
2712,4.4,-5.6,6,Hero,1.0,0.5379571343461672
2713,-4.999999999999998,-4.999999999999998,50,None,0.9983576583862305,0.8468771548569203
2714,-4.999999999999998,-4.999999999999998,50,None,0.9364580580592156,0.7861560737341642
2715,-4.999999999999998,-4.999999999999998,50,None,0.9991197609901428,0.7456529794633389
2716,-4.999999999999998,-4.999999999999998,50,None,0.9541404796391726,0.829718340113759
2717,-4.999999999999998,-4.999999999999998,50,None,0.9098630133271217,0.65187395170331
2718,-4.999999999999998,-4.999999999999998,50,None,0.9516265630722046,0.7087251321971416
2719,-4.999999999999998,-4.999999999999998,50,None,0.963647081553936,0.762983461767435
2720,-4.999999999999998,-4.999999999999998,50,None,0.8943104642629623,0.820986163392663
2721,-4.999999999999998,-4.999999999999998,50,None,0.9986309874057769,0.8444710393249989
2722,-4.999999999999998,-4.999999999999998,50,None,0.9991651391983032,0.6997655160725117
2723,-4.999999999999998,-4.999999999999998,50,None,0.9087099136412143,0.713661025390029
2724,-4.999999999999998,-4.999999999999998,50,None,0.9107664458081126,0.7360729195922613
2725,-4.999999999999998,-4.999999999999998,50,None,0.9434645456075669,0.7103276044875383
2726,-5.1,4.9,1,Villain,0.9999886751174927,0.9982408285140991
2727,-4.999999999999998,-4.999999999999998,50,None,0.9506450444459915,0.7247570023685693
2728,-4.999999999999998,-4.999999999999998,50,None,0.947066278681159,0.8472253159433604
2729,-4.999999999999998,-4.999999999999998,50,None,0.9597618460655213,0.7157600885629654
2730,-4.999999999999998,-4.999999999999998,50,None,0.9983570289611816,0.8297130544483662
2731,-4.999999999999998,-4.999999999999998,50,None,0.9337318396568298,0.7654116523265838
2732,-4.999999999999998,-4.999999999999998,50,None,0.8870180132985115,0.6611692561767996
2733,-4.999999999999998,-4.999999999999998,50,None,0.9156184911727905,0.69111960940063
2734,-4.999999999999998,-4.999999999999998,50,None,0.9431084761023522,0.6754269024729729
2735,-4.999999999999998,-4.999999999999998,50,None,0.942123850286007,0.7696651971712708
2736,-4.999999999999998,-4.999999999999998,50,None,0.9276453876495361,0.719653627872467
2737,2.099999999999999,-7.9,29,Hero,0.9646078900450135,0.7245657063763717
2738,-4.999999999999998,-4.999999999999998,50,None,0.9982368612289428,0.7092510061711073
2739,-4.999999999999998,-4.999999999999998,50,None,0.9065119343996048,0.6596107866615057
2740,-5.1,4.9,1,Villain,1.0,0.5005999207496643
2741,-4.999999999999998,-4.999999999999998,50,None,0.9266933292150498,0.7593415661156178
2742,1.2999999999999985,-8.700000000000001,37,Hero,0.9177732498485696,0.6437029979518942
2743,-4.999999999999998,-4.999999999999998,50,None,0.9376053002476692,0.6726776075363159
2744,0.7999999999999989,-9.200000000000001,42,Hero,0.9231824259983287,0.574628961228189
2745,2.8,-7.2,22,Hero,0.7974736041982066,0.7008341320536353
2746,3.6000000000000005,-6.3999999999999995,14,Hero,0.7287038369104266,0.7338382814611707
2747,-4.999999999999998,-4.999999999999998,50,None,0.9671052718162536,0.6149043247103692
2748,-4.999999999999998,-4.999999999999998,50,None,0.8977914947271347,0.6199042555689812
2749,-4.999999999999998,-4.999999999999998,50,None,0.9428722363710403,0.6702133637666702
2750,2.9,-7.1,21,Hero,0.9430892550874324,0.6144294731673741
2751,3.0,-7.0,20,Hero,0.789174197986722,0.6368409249931574
2752,1.899999999999999,-8.100000000000001,31,Hero,0.8614254299431078,0.5467653829724558
2753,1.5999999999999988,-8.400000000000002,34,Hero,0.8507095737492337,0.5676118453197619
2754,0.8999999999999986,-9.100000000000001,41,Hero,0.9362548407076335,0.6465930215469221
2755,3.9000000000000004,-6.1,11,Hero,0.853077544407411,0.4688741886480288
2756,3.3,-6.7,17,Hero,0.7974490050007316,0.5961873566403109
2757,3.3,-6.7,17,Hero,0.7163100676501498,0.6435204533969655
2758,3.9000000000000004,-6.1,11,Hero,0.8424389091405001,0.6428196389566768
2759,3.2,-6.8,18,Hero,0.7962046292506986,0.779500327176518
2760,2.9,-7.1,21,Hero,0.7778117309014002,0.6824398920649574
2761,3.0999999999999996,-6.9,19,Hero,0.8281259497529582,0.5957128762414581
2762,0.5999999999999996,-9.4,44,Hero,0.8732684816826474,0.6516290674494072
2763,3.2,-6.8,18,Hero,0.7853034428424306,0.690337259736326
2764,3.2,-6.8,18,Hero,0.8526248431040181,0.6831454535325369
2765,3.9000000000000004,-6.1,11,Hero,0.7912048758430914,0.6059710376641967
2766,3.4000000000000004,-6.6,16,Hero,0.7870418396778405,0.6293581398203969
2767,2.9,-7.1,21,Hero,0.778219801329431,0.7519047249640737
2768,3.2,-6.8,18,Hero,0.8929200478725963,0.8093325114912457
2769,3.6000000000000005,-6.3999999999999995,14,Hero,0.861642908837114,0.7568797916173935
2770,3.3,-6.7,17,Hero,0.7709153031601625,0.760850641219055
2771,1.799999999999999,-8.200000000000001,32,Hero,0.798928446136415,0.6099147398490459
2772,3.3,-6.7,17,Hero,0.7518853299758014,0.7045866882099825
2773,3.0999999999999996,-6.9,19,Hero,0.7763623410933896,0.5948292769883808
2774,3.9000000000000004,-6.1,11,Hero,0.8602312464605678,0.6495603783564134
2775,3.3,-6.7,17,Hero,0.852658831021365,0.599029644008945
2776,2.4999999999999996,-7.5,25,Hero,0.7944124060869217,0.7737908667325973
2777,4.800000000000001,-5.199999999999999,2,Hero,1.0,0.9989931285381317
2778,1.4999999999999987,-8.500000000000002,35,Hero,0.8755382542099271,0.6621829697063991
2779,1.0999999999999983,-8.900000000000002,39,Hero,0.8997926763617076,0.6286363128381662
2780,3.0,-7.0,20,Hero,0.7809010799974203,0.5986819902434946
2781,1.0999999999999983,-8.900000000000002,39,Hero,0.8772723835248214,0.6659093445692307
2782,3.7,-6.3,13,Hero,0.8773328105990703,0.722409019103417
2783,4.800000000000001,-5.199999999999999,2,Hero,1.0,0.9984355568885803
2784,4.0,-6.0,10,Hero,0.7999925091862679,0.6894344761967659
2785,3.6000000000000005,-6.3999999999999995,14,Hero,0.715137352668015,0.5377852150372097
2786,3.9000000000000004,-6.1,11,Hero,0.8072813911871477,0.6551102081483061
2787,4.7,-5.3,3,Hero,1.0,0.8014609416325887
2788,3.0999999999999996,-6.9,19,Hero,0.8201581490667242,0.6120161759225946
2789,4.300000000000001,-5.699999999999999,7,Hero,0.8642550472702298,0.634232188974108
2790,3.8000000000000007,-6.199999999999999,12,Hero,0.8361703331271807,0.5634677881995837
2791,3.7,-6.3,13,Hero,0.870148526934477,0.765907305937547
2792,3.9000000000000004,-6.1,11,Hero,0.8408083847977899,0.8309617049314759
2793,3.6000000000000005,-6.3999999999999995,14,Hero,0.8687094513859067,0.5860779197620494
2794,3.9000000000000004,-6.1,11,Hero,0.7518028583038937,0.7127097574147311
2795,3.7,-6.3,13,Hero,0.8259744506615859,0.7818172528193548
2796,4.6000000000000005,-5.3999999999999995,4,Hero,0.9999995529651642,0.8330153375864029
2797,4.800000000000001,-5.199999999999999,2,Hero,0.8472154140472412,0.8650677502155304
2798,3.8000000000000007,-6.199999999999999,12,Hero,0.797898918390274,0.6456569160024325
2799,4.2,-5.8,8,Hero,1.0,0.7721825409680605
2800,3.7,-6.3,13,Hero,0.7245250275501838,0.6800970423680085
2801,2.8,-7.2,22,Hero,0.7085120962424711,0.6618666838515889
2802,4.0,-6.0,10,Hero,0.7230330180376768,0.5976219177246094
2803,3.7,-6.3,13,Hero,0.8235800655988547,0.8286661574473748
2804,3.9000000000000004,-6.1,11,Hero,0.8774063560095701,0.7579550675370477
2805,4.6000000000000005,-5.3999999999999995,4,Hero,0.8732268735766411,0.7566189169883728
2806,3.9000000000000004,-6.1,11,Hero,0.8764598992737856,0.7011178521947428
2807,4.0,-6.0,10,Hero,0.7622481033205986,0.7674210637807846
2808,2.6999999999999997,-7.300000000000001,23,Hero,0.8196491942457531,0.675128912796145
2809,3.6000000000000005,-6.3999999999999995,14,Hero,0.8951575926371983,0.8035455883613655
2810,3.4000000000000004,-6.6,16,Hero,0.8096640647854656,0.777969965711236
2811,3.0,-7.0,20,Hero,0.8550269968807698,0.7377305649220943
2812,2.8,-7.2,22,Hero,0.8202686140483076,0.848306080834432
2813,3.2,-6.8,18,Hero,0.8456583561168777,0.7713244060675303
2814,3.2,-6.8,18,Hero,0.9153816029429436,0.7549672842853599
2815,3.3,-6.7,17,Hero,0.8323446503456902,0.7583125110934762
2816,3.2,-6.8,18,Hero,0.6798919967065254,0.6473622885015275
2817,3.2,-6.8,18,Hero,0.7114147405243583,0.6423186651534505
2818,3.7,-6.3,13,Hero,0.7802490202280191,0.8388027952840695
2819,3.2,-6.8,18,Hero,0.754439287715488,0.7517528819541136
2820,4.0,-6.0,10,Hero,0.8101225644350052,0.6810083851218224
2821,2.9,-7.1,21,Hero,0.7549934983253479,0.6500374987011864
2822,4.5,-5.5,5,Hero,0.9999999284744263,0.9918157577514648
2823,3.8000000000000007,-6.199999999999999,12,Hero,0.7783508077263832,0.7185053688784441
2824,3.7,-6.3,13,Hero,0.74134144702783,0.759721411481643
2825,3.9000000000000004,-6.1,11,Hero,0.8861732320352034,0.8886661333116618
2826,3.3,-6.7,17,Hero,0.8287980065626257,0.7610713611630833
2827,3.5,-6.5,15,Hero,0.9159712831179301,0.7725200623273849
2828,3.3,-6.7,17,Hero,0.8188547860173618,0.6659405505394235
2829,3.4000000000000004,-6.6,16,Hero,0.8169941143132746,0.6751793026924133
2830,3.4000000000000004,-6.6,16,Hero,0.835047036409378,0.7726937737315893
2831,4.4,-5.6,6,Hero,0.8294610977172852,0.9092320005098978
2832,3.5,-6.5,15,Hero,0.8332537670930227,0.6611111601193745
2833,3.0999999999999996,-6.9,19,Hero,0.8596439157661638,0.6700615898558968
2834,-5.1,4.9,1,Villain,1.0,0.8978752493858337
2835,3.7,-6.3,13,Hero,0.7586851624342111,0.8041786597325251
2836,3.8000000000000007,-6.199999999999999,12,Hero,0.8788494567076365,0.7490952052175999
2837,4.1000000000000005,-5.8999999999999995,9,Hero,0.9999788006146749,0.6092348164982266
2838,3.7,-6.3,13,Hero,0.7726794624557862,0.6181693332126508
2839,3.6000000000000005,-6.3999999999999995,14,Hero,0.8104139209858009,0.6791994082076209
2840,3.9000000000000004,-6.1,11,Hero,0.8825028890913184,0.8094146929003976
2841,3.7,-6.3,13,Hero,0.827250226185872,0.6888097077608109
2842,3.8000000000000007,-6.199999999999999,12,Hero,0.8800800939400991,0.5516988349457582
2843,3.7,-6.3,13,Hero,0.7479917636284461,0.5661767984812076
2844,3.3,-6.7,17,Hero,0.7974561610642601,0.6510384345755857
2845,4.800000000000001,-5.199999999999999,2,Hero,1.0,0.9985439777374268
2846,3.2,-6.8,18,Hero,0.8176012519333098,0.5368392715851465
2847,3.5,-6.5,15,Hero,0.8558612863222758,0.7064067721366882
2848,3.8000000000000007,-6.199999999999999,12,Hero,0.8453567326068878,0.7029107610384623
2849,3.6000000000000005,-6.3999999999999995,14,Hero,0.7924855351448059,0.6649878003767559
2850,4.1000000000000005,-5.8999999999999995,9,Hero,0.8259144940723976,0.7479293280177646
2851,4.4,-5.6,6,Hero,0.9999988277753195,0.6381245652834574
2852,3.8000000000000007,-6.199999999999999,12,Hero,0.7823873683810234,0.8103952879707018
2853,3.8000000000000007,-6.199999999999999,12,Hero,0.7930475970109304,0.6236648311217626
2854,3.9000000000000004,-6.1,11,Hero,0.8952872265468944,0.6274297670884565
2855,3.3,-6.7,17,Hero,0.8049387020223281,0.5555443492005853
2856,3.6000000000000005,-6.3999999999999995,14,Hero,0.9549319169351033,0.8146757909229824
2857,4.7,-5.3,3,Hero,0.9999998807907104,0.772099127372106
2858,-5.199999999999999,4.800000000000001,2,Villain,0.9999999403953552,0.5977086126804352
2859,4.300000000000001,-5.699999999999999,7,Hero,0.7796146486486707,0.5913147798606327
2860,-5.3,4.7,3,Villain,1.0,0.9503172834714254
2861,3.7,-6.3,13,Hero,0.7901820723827069,0.7482845599834735
2862,4.800000000000001,-5.199999999999999,2,Hero,1.0,0.9994558990001678
2863,3.0999999999999996,-6.9,19,Hero,0.7624023976294618,0.6440899623067755
2864,3.2,-6.8,18,Hero,0.7773941879471143,0.7456050117810568
2865,2.4999999999999996,-7.5,25,Hero,0.7468568295240402,0.7104382610321045
2866,3.3,-6.7,17,Hero,0.8172105704160297,0.696493066409055
2867,3.2,-6.8,18,Hero,0.7817579201526113,0.6203375723626878
2868,3.9000000000000004,-6.1,11,Hero,0.7015074786137451,0.7335746450857683
2869,3.9000000000000004,-6.1,11,Hero,0.6811596751213074,0.6212591339241375
2870,4.6000000000000005,-5.3999999999999995,4,Hero,1.0,0.7554804347455502
2871,3.9000000000000004,-6.1,11,Hero,0.8514644422314384,0.7530150467699225
2872,4.0,-6.0,10,Hero,0.8748702555894852,0.6161314517259597
2873,3.0999999999999996,-6.9,19,Hero,0.7661246061325073,0.6936507128963345
2874,3.6000000000000005,-6.3999999999999995,14,Hero,0.8293927567345756,0.6398307659796306
2875,4.1000000000000005,-5.8999999999999995,9,Hero,0.8386248879962497,0.6004407356182734
2876,-5.199999999999999,4.800000000000001,2,Villain,1.0,0.7258234620094299
2877,4.300000000000001,-5.699999999999999,7,Hero,0.9999820334570748,0.7205272827829633
2878,4.2,-5.8,8,Hero,0.999999925494194,0.7109945006668568
2879,3.9000000000000004,-6.1,11,Hero,0.9328602010553534,0.5492409616708755
2880,4.300000000000001,-5.699999999999999,7,Hero,0.7586763075419835,0.8884269595146179
2881,3.3,-6.7,17,Hero,0.8650986184092129,0.6708647670114741
2882,3.8000000000000007,-6.199999999999999,12,Hero,0.8346583247184753,0.5865594161053499
2883,4.1000000000000005,-5.8999999999999995,9,Hero,0.8346759809388055,0.6918916785054736
2884,4.1000000000000005,-5.8999999999999995,9,Hero,0.7925367222891914,0.899835103087955
2885,4.4,-5.6,6,Hero,0.8791066308816274,0.6117708086967468
2886,4.4,-5.6,6,Hero,1.0,0.8969275852044424
2887,3.6000000000000005,-6.3999999999999995,14,Hero,0.7444635501929692,0.6861149391957692
2888,3.6000000000000005,-6.3999999999999995,14,Hero,0.8846163217510495,0.7760582034076963
2889,4.0,-6.0,10,Hero,0.7920617267489434,0.6532267808914185
2890,3.6000000000000005,-6.3999999999999995,14,Hero,0.7620798466461045,0.6888200214930943
2891,4.0,-6.0,10,Hero,0.8834980189800262,0.7686508029699326
2892,-5.1,4.9,1,Villain,0.998467743396759,0.9989789724349976
2893,4.2,-5.8,8,Hero,0.7875608056783676,0.6380808725953102
2894,3.4000000000000004,-6.6,16,Hero,0.744521991815418,0.6545360973104835
2895,3.5,-6.5,15,Hero,0.873404081662496,0.5879867603381475
2896,4.0,-6.0,10,Hero,0.8386877477169037,0.7968780785799027
2897,3.9000000000000004,-6.1,11,Hero,0.8438043838197534,0.6241907030344009
2898,4.6000000000000005,-5.3999999999999995,4,Hero,0.9993122965097427,0.6649054437875748
2899,3.7,-6.3,13,Hero,0.8376410294037598,0.8084635688708379
2900,3.8000000000000007,-6.199999999999999,12,Hero,0.9293862593670686,0.6830490306019783
2901,4.1000000000000005,-5.8999999999999995,9,Hero,0.9349412322044373,0.5391669828030798
2902,3.5,-6.5,15,Hero,0.7180977582931518,0.6484675645828247
2903,3.4000000000000004,-6.6,16,Hero,0.717800525482744,0.6447276826947927
2904,-5.1,4.9,1,Villain,1.0,0.345315545797348
2905,4.2,-5.8,8,Hero,0.8440241515636444,0.7635548189282417
2906,3.6000000000000005,-6.3999999999999995,14,Hero,0.7869790749890464,0.5441738449569259
2907,3.6000000000000005,-6.3999999999999995,14,Hero,0.6550307135496821,0.6261922142335347
2908,3.9000000000000004,-6.1,11,Hero,0.9177340214902704,0.6017930426380851
2909,4.2,-5.8,8,Hero,0.9999804198741913,0.7746026776731014
2910,3.7,-6.3,13,Hero,0.829141996227778,0.6237528650806501
2911,3.7,-6.3,13,Hero,0.9163250097861657,0.7611274283665878
2912,3.6000000000000005,-6.3999999999999995,14,Hero,0.8283436894416809,0.6340629341346877
2913,4.2,-5.8,8,Hero,0.7264997698366642,0.5629597883671522
2914,4.0,-6.0,10,Hero,0.8736747980117798,0.6309877321124077
2915,3.7,-6.3,13,Hero,0.8856277809693263,0.7023751300114852
2916,4.300000000000001,-5.699999999999999,7,Hero,0.9463569521903992,0.7188907308237893
2917,4.1000000000000005,-5.8999999999999995,9,Hero,0.9997194078233507,0.7001152402824826
2918,3.9000000000000004,-6.1,11,Hero,0.7979601892558011,0.7411188591610302
2919,4.6000000000000005,-5.3999999999999995,4,Hero,0.8400170803070068,0.5908527970314026
2920,4.9,-5.1,1,Hero,1.0,0.9814292192459106
2921,4.0,-6.0,10,Hero,0.7889643967151642,0.5220933854579926
2922,3.7,-6.3,13,Hero,0.88741135597229,0.6850040085040606
2923,4.2,-5.8,8,Hero,0.8852006793022156,0.7643008828163147
2924,4.9,-5.1,1,Hero,0.9999986886978149,0.0323522686958313
2925,4.0,-6.0,10,Hero,0.8542960971593857,0.6760872900485992
2926,3.7,-6.3,13,Hero,0.8445271001412318,0.608531959927999
2927,3.8000000000000007,-6.199999999999999,12,Hero,0.9079877237478892,0.8341005891561508
2928,4.4,-5.6,6,Hero,1.0,0.8692760219176611
2929,3.3,-6.7,17,Hero,0.7962054957443958,0.615548316608457
2930,3.7,-6.3,13,Hero,0.8982796898254981,0.7185167028353765
2931,3.6000000000000005,-6.3999999999999995,14,Hero,0.7695061585732869,0.5905437416263989
2932,4.1000000000000005,-5.8999999999999995,9,Hero,0.8687824408213297,0.8473378055625491
2933,3.7,-6.3,13,Hero,0.8640034955281478,0.6150049085800464
2934,3.9000000000000004,-6.1,11,Hero,0.8540624271739613,0.7916350743987344
2935,4.2,-5.8,8,Hero,0.9266383238136768,0.6377909258008003
2936,3.6000000000000005,-6.3999999999999995,14,Hero,0.7613619651113238,0.6433745335255351
2937,3.7,-6.3,13,Hero,0.9044536260458139,0.6371400511035552
2938,4.1000000000000005,-5.8999999999999995,9,Hero,0.792942914697859,0.6162630998426013
2939,4.0,-6.0,10,Hero,0.8997051358222962,0.6815141558647155
2940,4.0,-6.0,10,Hero,0.890216800570488,0.5520876914262771
2941,3.4000000000000004,-6.6,16,Hero,0.7811006847769022,0.5602736212313175
2942,4.0,-6.0,10,Hero,0.7456301733851433,0.6507014155387878
2943,3.6000000000000005,-6.3999999999999995,14,Hero,0.8038720030869756,0.617053957922118
2944,3.9000000000000004,-6.1,11,Hero,0.9065764790231531,0.6184144643220034
2945,3.8000000000000007,-6.199999999999999,12,Hero,0.9176632910966873,0.6708047472250959
2946,3.8000000000000007,-6.199999999999999,12,Hero,0.9037233938773473,0.5740018660823504
2947,4.4,-5.6,6,Hero,0.9998907744884491,0.6737605382998785
2948,4.2,-5.8,8,Hero,0.9975414499640465,0.7581070885062218
2949,4.0,-6.0,10,Hero,0.8716606378555298,0.7758980244398117
2950,4.0,-6.0,10,Hero,0.9505831658840179,0.8939338803291321
2951,3.9000000000000004,-6.1,11,Hero,0.795160794799978,0.5420148650353606
2952,3.9000000000000004,-6.1,11,Hero,0.9196441146460447,0.5824647129259326
2953,4.0,-6.0,10,Hero,0.7904136061668396,0.493783637881279
2954,4.0,-6.0,10,Hero,0.9293337643146515,0.7433668285608291
2955,4.1000000000000005,-5.8999999999999995,9,Hero,0.999985933303833,0.7324993626938926
2956,4.5,-5.5,5,Hero,0.9995852470397949,0.976574969291687
2957,4.0,-6.0,10,Hero,0.6696509808301926,0.821188873052597
2958,3.8000000000000007,-6.199999999999999,12,Hero,0.8144529511531194,0.5659460251530012
2959,3.7,-6.3,13,Hero,0.9216468380047724,0.7161647803508319
2960,3.5,-6.5,15,Hero,0.7908856603472183,0.6762724002202352
2961,4.300000000000001,-5.699999999999999,7,Hero,0.9999999148505074,0.9933834842273167
2962,3.8000000000000007,-6.199999999999999,12,Hero,0.9470253437757492,0.7132895737886429
2963,4.1000000000000005,-5.8999999999999995,9,Hero,0.6546695844994651,0.866595490111245
2964,3.8000000000000007,-6.199999999999999,12,Hero,0.752000238125523,0.6553563264509042
2965,4.4,-5.6,6,Hero,0.7445859760046005,0.9475416243076324
2966,3.7,-6.3,13,Hero,0.8542228088929102,0.7559009458010013
2967,4.1000000000000005,-5.8999999999999995,9,Hero,0.9570242895020379,0.5995742264721129
2968,4.2,-5.8,8,Hero,0.9103169813752174,0.7543210834264755
2969,4.6000000000000005,-5.3999999999999995,4,Hero,0.997450441122055,0.6524961516261101
2970,3.7,-6.3,13,Hero,0.9525920336063092,0.6538082613394811
2971,3.9000000000000004,-6.1,11,Hero,0.9594163569537076,0.7199264466762543
2972,3.8000000000000007,-6.199999999999999,12,Hero,0.732356820255518,0.5745925928155581
2973,3.5,-6.5,15,Hero,0.8985996981461842,0.7148673276106516
2974,-5.1,4.9,1,Villain,1.0,0.8323143124580383
2975,3.3,-6.7,17,Hero,0.7973591019125545,0.580351966268876
2976,4.6000000000000005,-5.3999999999999995,4,Hero,0.9472754150629044,0.6332124024629593
2977,3.6000000000000005,-6.3999999999999995,14,Hero,0.8590227344206401,0.702944067972047
2978,4.300000000000001,-5.699999999999999,7,Hero,0.8723178420748029,0.6866853364876339
2979,3.7,-6.3,13,Hero,0.8887978196144104,0.5403773718728468
2980,4.300000000000001,-5.699999999999999,7,Hero,0.9049264533179147,0.6039892584085464
2981,4.0,-6.0,10,Hero,0.9647946417331695,0.5574258863925934
2982,3.9000000000000004,-6.1,11,Hero,0.9103851968591864,0.7223912152377042
2983,4.0,-6.0,10,Hero,0.7102616786956787,0.720433485507965
2984,4.2,-5.8,8,Hero,0.6260606460273266,0.6718622650951147
2985,4.300000000000001,-5.699999999999999,7,Hero,0.8914087159293038,0.7588409589869636
2986,4.5,-5.5,5,Hero,0.8508572697639465,0.773084568977356
2987,3.9000000000000004,-6.1,11,Hero,0.7317224280400709,0.7725393121892755
2988,3.3,-6.7,17,Hero,0.9208992859896492,0.6253293689121219
2989,4.5,-5.5,5,Hero,0.8230768740177155,0.820687985420227
2990,3.2,-6.8,18,Hero,0.9015613512860404,0.6013328143292003
2991,3.9000000000000004,-6.1,11,Hero,0.9294444756074385,0.6977272494272753
2992,4.0,-6.0,10,Hero,0.8866935312747956,0.5619156360626221
2993,3.8000000000000007,-6.199999999999999,12,Hero,0.8044784987966219,0.8431242158015569
2994,3.6000000000000005,-6.3999999999999995,14,Hero,0.7865894364991358,0.7360291970627648
2995,3.3,-6.7,17,Hero,0.8464915283462581,0.6521489024162292
2996,3.3,-6.7,17,Hero,0.9149289148695329,0.6339376060401692
2997,3.9000000000000004,-6.1,11,Hero,0.8469931043007157,0.7068209837783467
2998,3.4000000000000004,-6.6,16,Hero,0.8791377767920494,0.6276620719581842
2999,3.8000000000000007,-6.199999999999999,12,Hero,0.7955061569809914,0.6908097093303999
3000,-5.3999999999999995,4.6000000000000005,4,Villain,1.0,0.8579153120517731
