episode,hero_reward,villain_reward,steps,winner,hero_avg_prob,villain_avg_prob
1,-4.999999999999998,-4.999999999999998,50,None,0.5634245195239782,0.48763117764145136
2,-4.999999999999998,-4.999999999999998,50,None,0.5610535668209196,0.5644858200848103
3,-4.999999999999998,-4.999999999999998,50,None,0.627391681149602,0.5472081994451582
4,-4.999999999999998,-4.999999999999998,50,None,0.31919847026467324,0.5275806254148483
5,-4.999999999999998,-4.999999999999998,50,None,0.8183568592742085,0.4317129011452198
6,-4.999999999999998,-4.999999999999998,50,None,0.40885300397872926,0.44734946720302105
7,1.0999999999999983,-8.900000000000002,39,Hero,0.6860315948247145,0.5042571166578012
8,-4.999999999999998,-4.999999999999998,50,None,0.7499891659617424,0.44582774009555576
9,-4.999999999999998,-4.999999999999998,50,None,0.48474996626377104,0.49325960911810396
10,-4.999999999999998,-4.999999999999998,50,None,0.5694117426872254,0.4340625911206007
11,-5.199999999999999,4.800000000000001,2,Villain,0.31034744530916214,0.3333743214607239
12,-4.999999999999998,-4.999999999999998,50,None,0.6069924007356167,0.47068842858076093
13,3.0999999999999996,-6.9,19,Hero,0.5664988195425585,0.3576194591035968
14,2.8,-7.2,22,Hero,0.5787165586582639,0.44266822189092636
15,2.9,-7.1,21,Hero,0.6622530147433281,0.42241189540142104
16,3.2,-6.8,18,Hero,0.5858698243068324,0.4336831946339872
17,0.10000000000000142,-9.899999999999999,49,Hero,0.6546338243143899,0.49093129360402116
18,-4.999999999999998,-4.999999999999998,50,None,0.6280126371234656,0.46058650881052016
19,4.4,-5.6,6,Hero,0.9120437900225321,0.5597749774654707
20,0.5,-9.5,45,Hero,0.827218235615227,0.44724943728910554
21,-4.999999999999998,-4.999999999999998,50,None,0.6293397533893585,0.4063655624911189
22,0.5999999999999996,-9.4,44,Hero,0.9358548291281543,0.48552631806920876
23,-4.999999999999998,-4.999999999999998,50,None,0.8506946714222431,0.5551602527499199
24,-4.999999999999998,-4.999999999999998,50,None,0.8650341042131185,0.5103422993049026
25,4.0,-6.0,10,Hero,0.8602944431826473,0.6214574955403804
26,-4.999999999999998,-4.999999999999998,50,None,0.9115783640742302,0.5129418977722525
27,1.0999999999999983,-8.900000000000002,39,Hero,0.8227753611520315,0.410314543507038
28,4.1000000000000005,-5.8999999999999995,9,Hero,0.9776888820860121,0.4764810961981614
29,3.3,-6.7,17,Hero,0.8702055885292151,0.5269670144600027
30,-4.999999999999998,-4.999999999999998,50,None,0.8043999024480581,0.4785607209801674
31,-5.199999999999999,4.800000000000001,2,Villain,0.2429622933268547,0.12728101946413517
32,-4.999999999999998,-4.999999999999998,50,None,0.8224158785119653,0.40961954146623614
33,-4.999999999999998,-4.999999999999998,50,None,0.9611799776554107,0.4220876453816891
34,2.9,-7.1,21,Hero,0.7202182248944328,0.4042677095248586
35,-4.999999999999998,-4.999999999999998,50,None,0.8299629666283727,0.4255275258421898
36,3.0,-7.0,20,Hero,0.6591069079935551,0.4242826711386442
37,2.3999999999999995,-7.6000000000000005,26,Hero,0.7307124625031765,0.5785527812460294
38,4.4,-5.6,6,Hero,0.9658408463001251,0.6912866650770108
39,3.4000000000000004,-6.6,16,Hero,0.6099408594891429,0.35311591485515237
40,-4.999999999999998,-4.999999999999998,50,None,0.8069544371962547,0.45425506740808486
41,-4.999999999999998,-4.999999999999998,50,None,0.8671922411024571,0.4577180863916874
42,-4.999999999999998,-4.999999999999998,50,None,0.8487304570525884,0.4727282692492008
43,3.3,-6.7,17,Hero,0.6954926496700329,0.4592570767683141
44,3.0,-7.0,20,Hero,0.8479004047811032,0.3749630255624652
45,-4.999999999999998,-4.999999999999998,50,None,0.816239425688982,0.3719820986688137
46,3.6000000000000005,-6.3999999999999995,14,Hero,0.6928244339568275,0.39111720451286863
47,-4.999999999999998,-4.999999999999998,50,None,0.8306095809151884,0.44464908495545385
48,-4.999999999999998,-4.999999999999998,50,None,0.816078278310597,0.5425686511397362
49,-4.999999999999998,-4.999999999999998,50,None,0.8948546304553747,0.47341351211071014
50,-4.999999999999998,-4.999999999999998,50,None,0.8682879852503538,0.520138453245163
51,-4.999999999999998,-4.999999999999998,50,None,0.8565718565881252,0.4102660731226206
52,-4.999999999999998,-4.999999999999998,50,None,0.815083260089159,0.5345145872980356
53,4.6000000000000005,-5.3999999999999995,4,Hero,0.9661171734333038,0.33379329554736614
54,4.5,-5.5,5,Hero,0.790976707264781,0.41130958795547484
55,-4.999999999999998,-4.999999999999998,50,None,0.7338050416111946,0.5324062552303076
56,4.2,-5.8,8,Hero,0.7809296362102032,0.38180408626794815
57,3.9000000000000004,-6.1,11,Hero,0.4564021053639325,0.3671868204731833
58,2.099999999999999,-7.9,29,Hero,0.8098706433485294,0.5021001724847431
59,2.4999999999999996,-7.5,25,Hero,0.6496254672110081,0.5278776410222054
60,4.7,-5.3,3,Hero,0.6236719290415446,0.43806501229604083
61,3.4000000000000004,-6.6,16,Hero,0.6224527074955404,0.4317422709427774
62,3.4000000000000004,-6.6,16,Hero,0.6430542096495628,0.38687074603512883
63,-5.699999999999999,4.300000000000001,7,Villain,0.5713874452880451,0.3808419890701771
64,3.3,-6.7,17,Hero,0.5633448336054298,0.36312544860822316
65,2.099999999999999,-7.9,29,Hero,0.6978414305325212,0.48853804736301815
66,0.9999999999999982,-9.000000000000002,40,Hero,0.7779066629707814,0.5853989550843834
67,-5.6,4.4,6,Villain,0.7707649618387222,0.40101590007543564
68,4.1000000000000005,-5.8999999999999995,9,Hero,0.7321130553415666,0.5966112696462207
69,2.2999999999999994,-7.700000000000001,27,Hero,0.8458326235413551,0.43597742087311214
70,3.2,-6.8,18,Hero,0.633782945987251,0.5442470092740324
71,3.0999999999999996,-6.9,19,Hero,0.7701159386258376,0.4081689919296064
72,2.9,-7.1,21,Hero,0.5471021845227196,0.5208874965707461
73,3.6000000000000005,-6.3999999999999995,14,Hero,0.47031122871807646,0.5054102571947234
74,3.3,-6.7,17,Hero,0.4882485147784738,0.5708222064901801
75,3.0999999999999996,-6.9,19,Hero,0.5870816331160696,0.6304002929674951
76,4.300000000000001,-5.699999999999999,7,Hero,0.527305224112102,0.40383908578327726
77,3.4000000000000004,-6.6,16,Hero,0.5335889086127281,0.5184327466413379
78,3.4000000000000004,-6.6,16,Hero,0.48645601607859135,0.43138263549190015
79,3.9000000000000004,-6.1,11,Hero,0.42535015466538345,0.372364456680688
80,3.4000000000000004,-6.6,16,Hero,0.5286154672503471,0.4065321497619152
81,4.2,-5.8,8,Hero,0.5258263386785984,0.5104000717401505
82,2.9,-7.1,21,Hero,0.4428870429040953,0.6218740844300815
83,3.8000000000000007,-6.199999999999999,12,Hero,0.501752495765686,0.6760645670195421
84,4.0,-6.0,10,Hero,0.5911575347185135,0.31682760268449783
85,2.9,-7.1,21,Hero,0.4576909833898147,0.4285332112617436
86,3.8000000000000007,-6.199999999999999,12,Hero,0.5547998535136381,0.5037547039488951
87,3.4000000000000004,-6.6,16,Hero,0.526475053280592,0.41371405590325594
88,4.4,-5.6,6,Hero,0.577978844443957,0.3702716076125701
89,3.2,-6.8,18,Hero,0.5548085785574384,0.42813207064237857
90,4.0,-6.0,10,Hero,0.5436693400144577,0.3695085234940052
91,3.2,-6.8,18,Hero,0.47399788598219555,0.3282291765014331
92,2.5999999999999996,-7.4,24,Hero,0.4554081770280997,0.29161052010022104
93,3.5,-6.5,15,Hero,0.5450099190076192,0.5475010712941487
94,3.9000000000000004,-6.1,11,Hero,0.5521618385206569,0.47195252640680835
95,-5.5,4.5,5,Villain,0.5819926261901855,0.3060723662376404
96,4.2,-5.8,8,Hero,0.6378682628273964,0.42258371226489544
97,4.300000000000001,-5.699999999999999,7,Hero,0.7059734889439174,0.5838420156921659
98,4.4,-5.6,6,Hero,0.6116381411751112,0.6310323079427084
99,3.8000000000000007,-6.199999999999999,12,Hero,0.6994686474402746,0.5807787937422594
100,4.7,-5.3,3,Hero,0.8931113878885905,0.14770213390390077
101,4.2,-5.8,8,Hero,0.6726959366351366,0.463490828871727
102,3.3,-6.7,17,Hero,0.582200470216134,0.4686470901703133
103,3.0,-7.0,20,Hero,0.5780326738953591,0.38476749826222656
104,2.8,-7.2,22,Hero,0.7005069106817245,0.5204528414390304
105,3.3,-6.7,17,Hero,0.5560656461645576,0.5132447575383327
106,1.5999999999999988,-8.400000000000002,34,Hero,0.7171278727405211,0.5436508624321398
107,0.7999999999999989,-9.200000000000001,42,Hero,0.6897059700318745,0.434608529809685
108,2.8,-7.2,22,Hero,0.6454644856805151,0.3617649440738288
109,2.5999999999999996,-7.4,24,Hero,0.6542747498800358,0.3668514167269071
110,3.0999999999999996,-6.9,19,Hero,0.8614415667558971,0.5302066359865037
111,3.6000000000000005,-6.3999999999999995,14,Hero,0.5981853657535144,0.29000868940992014
112,4.300000000000001,-5.699999999999999,7,Hero,0.6126037750925336,0.3959699885121414
113,2.4999999999999996,-7.5,25,Hero,0.6336519527435303,0.4381334732472897
114,4.0,-6.0,10,Hero,0.5696715891361237,0.5787136521190405
115,3.0,-7.0,20,Hero,0.570580305159092,0.4882640531286597
116,3.7,-6.3,13,Hero,0.5745283044301547,0.3637519719508978
117,4.300000000000001,-5.699999999999999,7,Hero,0.49824680175100056,0.5399732855813844
118,4.5,-5.5,5,Hero,0.44202755093574525,0.4337285399436951
119,-5.5,4.5,5,Villain,0.5562679439783096,0.3619518388062716
120,4.300000000000001,-5.699999999999999,7,Hero,0.4655949217932565,0.3691750818065235
121,3.0,-7.0,20,Hero,0.5411091819405556,0.45254862643778326
122,3.9000000000000004,-6.1,11,Hero,0.5169361477548425,0.43611961738629773
123,3.7,-6.3,13,Hero,0.5426640166686132,0.4605035220201199
124,4.0,-6.0,10,Hero,0.6348416805267334,0.5209582328796387
125,4.300000000000001,-5.699999999999999,7,Hero,0.5600226819515228,0.509422168135643
126,3.5,-6.5,15,Hero,0.5310817539691925,0.6556904517114163
127,1.899999999999999,-8.100000000000001,31,Hero,0.6318218957993292,0.5706492994100817
128,-5.199999999999999,4.800000000000001,2,Villain,0.45611123740673065,0.3322503864765167
129,3.5,-6.5,15,Hero,0.532520612080892,0.5179265677928925
130,4.4,-5.6,6,Hero,0.41502218100746785,0.7406579156716665
131,3.2,-6.8,18,Hero,0.44348793311251533,0.7497530691325665
132,4.5,-5.5,5,Hero,0.5209962010383606,0.5455199621617794
133,2.5999999999999996,-7.4,24,Hero,0.42839479881028336,0.47403401508927345
134,3.9000000000000004,-6.1,11,Hero,0.5711524215611544,0.7443268038332462
135,4.300000000000001,-5.699999999999999,7,Hero,0.5176487181867871,0.6146256460675171
136,4.800000000000001,-5.199999999999999,2,Hero,0.6783760786056519,0.2469068318605423
137,3.3,-6.7,17,Hero,0.5637399762430612,0.45399240294800086
138,4.9,-5.1,1,Hero,0.6880185008049011,0.7746813893318176
139,3.8000000000000007,-6.199999999999999,12,Hero,0.48386217157046,0.5265821730718017
140,-5.3,4.7,3,Villain,0.4427604228258133,0.38389047235250473
141,3.6000000000000005,-6.3999999999999995,14,Hero,0.5269894578627178,0.7177829635994775
142,3.4000000000000004,-6.6,16,Hero,0.5203411094844341,0.7933091160375625
143,4.2,-5.8,8,Hero,0.4399278610944748,0.777268978767097
144,3.5,-6.5,15,Hero,0.5604841098189354,0.6998897870381673
145,3.9000000000000004,-6.1,11,Hero,0.633618178692731,0.7595280270007524
146,3.7,-6.3,13,Hero,0.5643541835821592,0.6147355981744252
147,3.3,-6.7,17,Hero,0.47380099840023937,0.5969970603199566
148,4.4,-5.6,6,Hero,0.5579783668120702,0.6863309772064289
149,4.4,-5.6,6,Hero,0.8211453358332316,0.5513553743561109
150,3.7,-6.3,13,Hero,0.5383259676969968,0.684399789915635
151,4.0,-6.0,10,Hero,0.6708472490310669,0.67107610758394
152,3.3,-6.7,17,Hero,0.5527694926542395,0.5056866409585756
153,2.5999999999999996,-7.4,24,Hero,0.5027286595044037,0.6354638269792
154,4.800000000000001,-5.199999999999999,2,Hero,0.5259524285793304,0.7573826611042023
155,4.1000000000000005,-5.8999999999999995,9,Hero,0.675982124482592,0.5826122454471059
156,4.1000000000000005,-5.8999999999999995,9,Hero,0.668861942158805,0.7164732681380378
157,-5.1,4.9,1,Villain,0.19767171144485474,0.45249947905540466
158,4.2,-5.8,8,Hero,0.5732177440077066,0.7326959110796452
159,3.7,-6.3,13,Hero,0.6364696587507541,0.909388216642233
160,4.0,-6.0,10,Hero,0.6751922458410263,0.8107164427638054
161,4.300000000000001,-5.699999999999999,7,Hero,0.6318059244326183,0.8944569315229144
162,4.1000000000000005,-5.8999999999999995,9,Hero,0.7779607143667009,0.7639354781972038
163,3.8000000000000007,-6.199999999999999,12,Hero,0.6604081392288208,0.6947262532388171
164,4.9,-5.1,1,Hero,0.5894480347633362,0.9248302578926086
165,4.0,-6.0,10,Hero,0.8091616481542587,0.4228740432765335
166,3.4000000000000004,-6.6,16,Hero,0.5023178141564131,0.6415139413438737
167,4.300000000000001,-5.699999999999999,7,Hero,0.6748930737376213,0.9181367925235203
168,2.9,-7.1,21,Hero,0.5500778882276445,0.6020594256752658
169,3.9000000000000004,-6.1,11,Hero,0.6471191129901193,0.4490386281501163
170,4.1000000000000005,-5.8999999999999995,9,Hero,0.8117498407761256,0.33775723063283497
171,-6.1,3.9000000000000004,11,Villain,0.49185035174543207,0.6480027357624336
172,3.3,-6.7,17,Hero,0.5668946504592896,0.6737785168430385
173,4.0,-6.0,10,Hero,0.5925615966320038,0.3712132913991809
174,3.8000000000000007,-6.199999999999999,12,Hero,0.5563136053582033,0.6354511796186367
175,3.3,-6.7,17,Hero,0.5263532138881547,0.8001723815413082
176,3.5,-6.5,15,Hero,0.63223690589269,0.6805829459180435
177,3.8000000000000007,-6.199999999999999,12,Hero,0.62525591502587,0.8450933401472867
178,4.6000000000000005,-5.3999999999999995,4,Hero,0.5084644928574562,0.6833801632747054
179,3.6000000000000005,-6.3999999999999995,14,Hero,0.6499510215861457,0.46938579502914635
180,4.0,-6.0,10,Hero,0.5649224013090134,0.8256552636623382
181,2.9,-7.1,21,Hero,0.5091866606935149,0.5291174025762648
182,-5.6,4.4,6,Villain,0.6849499469002088,0.7161864737669627
183,3.9000000000000004,-6.1,11,Hero,0.6822003275156021,0.6113278405232863
184,3.0,-7.0,20,Hero,0.4991342142224312,0.7253015749156475
185,4.5,-5.5,5,Hero,0.7011133015155793,0.8459659934043884
186,4.4,-5.6,6,Hero,0.4339386373758316,0.7182657048106194
187,4.0,-6.0,10,Hero,0.7853778451681137,0.6369274880737066
188,3.7,-6.3,13,Hero,0.5564128687748542,0.7665405485492486
189,4.2,-5.8,8,Hero,0.5615599332377315,0.7390920389443636
190,4.1000000000000005,-5.8999999999999995,9,Hero,0.7319667438666025,0.8810440368122525
191,-5.1,4.9,1,Villain,0.6805335879325867,0.1353066861629486
192,-5.3999999999999995,4.6000000000000005,4,Villain,0.3499769940972328,0.29386062175035477
193,3.9000000000000004,-6.1,11,Hero,0.6902496299960397,0.7566628808324988
194,4.0,-6.0,10,Hero,0.502688829600811,0.8130738317966462
195,3.5,-6.5,15,Hero,0.543099907040596,0.6168411855896314
196,3.4000000000000004,-6.6,16,Hero,0.7647028509527445,0.5265757013112307
197,1.3999999999999986,-8.600000000000001,36,Hero,0.604836247757905,0.48019033960170215
198,4.300000000000001,-5.699999999999999,7,Hero,0.6258413110460553,0.46201349049806595
199,4.800000000000001,-5.199999999999999,2,Hero,0.8929046094417572,0.8060000538825989
200,2.5999999999999996,-7.4,24,Hero,0.5921838252494732,0.4849753601786991
201,0.40000000000000036,-9.6,46,Hero,0.7378610474583895,0.4935085201716941
202,0.5,-9.5,45,Hero,0.7301088687446382,0.504695949703455
203,4.300000000000001,-5.699999999999999,7,Hero,0.818394369312695,0.7161382889108998
204,3.3,-6.7,17,Hero,0.6325488397303749,0.5111465501215529
205,4.800000000000001,-5.199999999999999,2,Hero,0.9342638254165649,0.45086344331502914
206,2.4999999999999996,-7.5,25,Hero,0.6123298817873001,0.53217420399189
207,-6.0,4.0,10,Villain,0.9760596930980683,0.4507129732519388
208,3.7,-6.3,13,Hero,0.6083103716373444,0.4817714232664842
209,4.1000000000000005,-5.8999999999999995,9,Hero,0.5109213557508256,0.42967442743894124
210,-6.1,3.9000000000000004,11,Villain,0.8577967651865699,0.3606445237316869
211,4.2,-5.8,8,Hero,0.5698741339147091,0.4891411326825619
212,4.300000000000001,-5.699999999999999,7,Hero,0.5606443115643093,0.7718237383025033
213,3.4000000000000004,-6.6,16,Hero,0.5451877291779965,0.4717701063491404
214,3.4000000000000004,-6.6,16,Hero,0.6488562813028693,0.4070675973780453
215,2.9,-7.1,21,Hero,0.5827709727344059,0.37839381041980924
216,3.8000000000000007,-6.199999999999999,12,Hero,0.6054871703187624,0.5587320302923521
217,4.5,-5.5,5,Hero,0.5550931692123413,0.5791073590517044
218,3.7,-6.3,13,Hero,0.6168121122396909,0.5011297705081793
219,-6.0,4.0,10,Villain,0.5959288440644741,0.3997759658843279
220,3.0,-7.0,20,Hero,0.6712978400290013,0.5417920708656311
221,-5.6,4.4,6,Villain,0.9295157591501871,0.30314311757683754
222,4.4,-5.6,6,Hero,0.7570595145225525,0.6542483537147442
223,4.0,-6.0,10,Hero,0.5394218392670155,0.5392716102302074
224,4.2,-5.8,8,Hero,0.634438406676054,0.28174583055078983
225,3.0999999999999996,-6.9,19,Hero,0.5505649745464325,0.7893935826263929
226,3.7,-6.3,13,Hero,0.5743267054741199,0.6698570331701865
227,2.5999999999999996,-7.4,24,Hero,0.49556344747543335,0.3400794329742591
228,2.9,-7.1,21,Hero,0.5734419425328573,0.5958950066761601
229,4.5,-5.5,5,Hero,0.7050059258937835,0.7537502646446228
230,4.4,-5.6,6,Hero,0.7118821144104004,0.4351177377005418
231,3.8000000000000007,-6.199999999999999,12,Hero,0.5227377787232399,0.4113886095583439
232,4.1000000000000005,-5.8999999999999995,9,Hero,0.8070625563462576,0.6449563155571619
233,3.7,-6.3,13,Hero,0.7026960368339832,0.645133453206374
234,3.6000000000000005,-6.3999999999999995,14,Hero,0.5664080849715641,0.3359225993709905
235,-5.3999999999999995,4.6000000000000005,4,Villain,0.5473417192697525,0.29914908297359943
236,3.6000000000000005,-6.3999999999999995,14,Hero,0.567358421427863,0.4057243210928781
237,4.6000000000000005,-5.3999999999999995,4,Hero,0.48321617394685745,0.26964344270527363
238,4.4,-5.6,6,Hero,0.499193012714386,0.7407166163126627
239,3.4000000000000004,-6.6,16,Hero,0.6377125829458237,0.33546609338372946
240,-5.199999999999999,4.800000000000001,2,Villain,0.4570871889591217,0.28741903603076935
241,3.8000000000000007,-6.199999999999999,12,Hero,0.5513773411512375,0.36313384988655645
242,3.0999999999999996,-6.9,19,Hero,0.6705606743497284,0.5018502536572909
243,3.2,-6.8,18,Hero,0.4715539241830508,0.447698961943388
244,3.8000000000000007,-6.199999999999999,12,Hero,0.5315802743037542,0.4244839946428935
245,4.6000000000000005,-5.3999999999999995,4,Hero,0.5134338885545731,0.5297556295990944
246,3.3,-6.7,17,Hero,0.4880158442127354,0.5189911451409844
247,4.7,-5.3,3,Hero,0.7897907296816508,0.40322574724753696
248,3.3,-6.7,17,Hero,0.6081891997772104,0.4658365911420654
249,3.3,-6.7,17,Hero,0.4921949998859097,0.44289927096927867
250,3.2,-6.8,18,Hero,0.6137657877471712,0.4379708502027724
251,3.4000000000000004,-6.6,16,Hero,0.6563370004296303,0.5555566567927599
252,1.3999999999999986,-8.600000000000001,36,Hero,0.7526639207369752,0.5555517475845085
253,2.6999999999999997,-7.300000000000001,23,Hero,0.6409785190354222,0.5600497029397798
254,3.0999999999999996,-6.9,19,Hero,0.5446782964036653,0.4886381488881613
255,0.40000000000000036,-9.6,46,Hero,0.5165144512834756,0.4226561287498992
256,3.5,-6.5,15,Hero,0.5930519009629885,0.4628025357921918
257,3.2,-6.8,18,Hero,0.5135412000947528,0.3229629347721736
258,4.9,-5.1,1,Hero,0.6988876461982727,0.13352707028388977
259,3.5,-6.5,15,Hero,0.5477059591251116,0.3287710040807724
260,3.7,-6.3,13,Hero,0.5221256407407614,0.5012731414574844
261,4.300000000000001,-5.699999999999999,7,Hero,0.7039364704063961,0.42025082664830343
262,3.2,-6.8,18,Hero,0.4979145566208495,0.4176645775636037
263,0.9999999999999982,-9.000000000000002,40,Hero,0.753649927303195,0.3783060787245631
264,2.6999999999999997,-7.300000000000001,23,Hero,0.6467376033896985,0.35208317459277483
265,2.9,-7.1,21,Hero,0.7178792754809061,0.35365700792698634
266,4.4,-5.6,6,Hero,0.626136859258016,0.41339996705452603
267,4.9,-5.1,1,Hero,0.9462976455688477,0.5817568302154541
268,3.3,-6.7,17,Hero,0.627003632924136,0.40305845001164603
269,-5.3999999999999995,4.6000000000000005,4,Villain,0.9242567867040634,0.3392261788249016
270,4.9,-5.1,1,Hero,0.9024552702903748,0.1824973076581955
271,3.5,-6.5,15,Hero,0.792813515663147,0.3902848074833552
272,2.6999999999999997,-7.300000000000001,23,Hero,0.5863162633841452,0.34772211701973627
273,-5.8999999999999995,4.1000000000000005,9,Villain,0.48167793452739716,0.2950912117958069
274,3.5,-6.5,15,Hero,0.5890499095122019,0.36586054364840187
275,3.5,-6.5,15,Hero,0.6164457266529401,0.35524525940418245
276,3.2,-6.8,18,Hero,0.7090478655364778,0.37767482962873244
277,4.300000000000001,-5.699999999999999,7,Hero,0.7939983010292053,0.4338717779942921
278,3.0999999999999996,-6.9,19,Hero,0.6400210308401209,0.4053498404590707
279,4.0,-6.0,10,Hero,0.6200300231575966,0.3485105291008949
280,4.2,-5.8,8,Hero,0.517150217667222,0.3146824277937412
281,0.5,-9.5,45,Hero,0.5264665247665511,0.4369230849875344
282,4.0,-6.0,10,Hero,0.640558984875679,0.30325680449604986
283,4.0,-6.0,10,Hero,0.5090029239654541,0.29577147364616396
284,3.4000000000000004,-6.6,16,Hero,0.5466337446123362,0.3327025957405567
285,3.0,-7.0,20,Hero,0.5102258354425431,0.363375411555171
286,3.3,-6.7,17,Hero,0.5981735197060248,0.4028235722114058
287,3.6000000000000005,-6.3999999999999995,14,Hero,0.5544261932373047,0.3310717787327511
288,2.9,-7.1,21,Hero,0.5169217118195125,0.37081771876130787
289,3.9000000000000004,-6.1,11,Hero,0.5804948820309206,0.3042974228208715
290,4.0,-6.0,10,Hero,0.5442286565899849,0.3324198052287102
291,4.300000000000001,-5.699999999999999,7,Hero,0.4541535143341337,0.46310703243528095
292,3.5,-6.5,15,Hero,0.4994891952723265,0.32219687253236773
293,4.9,-5.1,1,Hero,0.78811115026474,0.4785871207714081
294,4.0,-6.0,10,Hero,0.7492498964071274,0.5646150827407836
295,3.9000000000000004,-6.1,11,Hero,0.790713520212607,0.44095663861794904
296,3.0,-7.0,20,Hero,0.5111631086096168,0.3707421563565731
297,3.9000000000000004,-6.1,11,Hero,0.6026049771092155,0.3370382860302925
298,4.7,-5.3,3,Hero,0.624487449725469,0.31728174289067584
299,4.4,-5.6,6,Hero,0.9266925354798635,0.4353216091791789
300,3.8000000000000007,-6.199999999999999,12,Hero,0.584546098485589,0.4363428068657716
301,4.7,-5.3,3,Hero,0.43030614654223126,0.2846974680821101
302,3.7,-6.3,13,Hero,0.6465545170582258,0.2910456625887981
303,4.7,-5.3,3,Hero,0.6304760140677294,0.3690227270126343
304,4.0,-6.0,10,Hero,0.5739867389202118,0.5850847713649273
305,-5.3999999999999995,4.6000000000000005,4,Villain,0.7062189131975174,0.3385090231895447
306,3.5,-6.5,15,Hero,0.5425132681926091,0.41816245888670284
307,4.6000000000000005,-5.3999999999999995,4,Hero,0.9659472107887268,0.5122342854738235
308,4.4,-5.6,6,Hero,0.8212007706363996,0.493344247341156
309,2.9,-7.1,21,Hero,0.5992374484028135,0.4434398937793005
310,3.3,-6.7,17,Hero,0.5579062354038743,0.3569537000182797
311,3.9000000000000004,-6.1,11,Hero,0.6885289035060189,0.3712293112819845
312,2.4999999999999996,-7.5,25,Hero,0.4465553046390414,0.3728849530220032
313,2.6999999999999997,-7.300000000000001,23,Hero,0.5106044251714712,0.46168887323659397
314,3.2,-6.8,18,Hero,0.5081183595789803,0.3954053840910395
315,3.8000000000000007,-6.199999999999999,12,Hero,0.5412669802705447,0.43581511080265045
316,4.5,-5.5,5,Hero,0.5354980051517486,0.456150883436203
317,4.0,-6.0,10,Hero,0.6188611954450607,0.37978025525808334
318,3.9000000000000004,-6.1,11,Hero,0.6141737442124974,0.42405594885349274
319,-5.3,4.7,3,Villain,0.9114227493604025,0.40333543221155804
320,-5.8999999999999995,4.1000000000000005,9,Villain,0.7075122131241692,0.38798141934805447
321,-5.8999999999999995,4.1000000000000005,9,Villain,0.4470996293756697,0.3208431584967507
322,3.2,-6.8,18,Hero,0.5101274756921662,0.48885753316183883
323,4.7,-5.3,3,Hero,0.5176209708054861,0.4305168688297272
324,3.9000000000000004,-6.1,11,Hero,0.6389842683618719,0.3800270225514065
325,2.5999999999999996,-7.4,24,Hero,0.5256260534127554,0.4484207658097148
326,4.9,-5.1,1,Hero,0.4020795524120331,0.7609327435493469
327,4.0,-6.0,10,Hero,0.5979569643735886,0.3680816452950239
328,3.8000000000000007,-6.199999999999999,12,Hero,0.5562154774864515,0.42803629984458286
329,3.5,-6.5,15,Hero,0.6197359681129455,0.35789365544915197
330,3.2,-6.8,18,Hero,0.6925353424416648,0.6994057154903809
331,3.5,-6.5,15,Hero,0.5418496449788411,0.4227612850566705
332,4.0,-6.0,10,Hero,0.6903370581567287,0.531820160895586
333,2.9,-7.1,21,Hero,0.5016870040978704,0.5108792155626274
334,4.0,-6.0,10,Hero,0.8588024199008941,0.3779882129281759
335,3.2,-6.8,18,Hero,0.621985536482599,0.5341335636460118
336,3.2,-6.8,18,Hero,0.5094104591343138,0.5076398132368922
337,-6.199999999999999,3.8000000000000007,12,Villain,0.5890861103932062,0.3001145937790473
338,4.7,-5.3,3,Hero,0.9744873046875,0.5343188966313998
339,3.3,-6.7,17,Hero,0.5676117872490603,0.5630835768054513
340,4.0,-6.0,10,Hero,0.5925422370433807,0.5526790760457516
341,2.9,-7.1,21,Hero,0.6420133926329159,0.5850525574669951
342,4.0,-6.0,10,Hero,0.8326110959053039,0.346984950453043
343,2.6999999999999997,-7.300000000000001,23,Hero,0.7342828683879065,0.6262989580307318
344,1.0999999999999983,-8.900000000000002,39,Hero,0.7842367430910085,0.6187312005039973
345,4.4,-5.6,6,Hero,0.5021455188592275,0.5775332649548849
346,3.8000000000000007,-6.199999999999999,12,Hero,0.6726090982556343,0.6801315775762001
347,3.5,-6.5,15,Hero,0.5870764950911204,0.3509669338663419
348,3.4000000000000004,-6.6,16,Hero,0.5506366780027747,0.5658597107976675
349,4.1000000000000005,-5.8999999999999995,9,Hero,0.5823910203244951,0.5686160433623526
350,4.2,-5.8,8,Hero,0.72380181401968,0.46494515356607735
351,3.2,-6.8,18,Hero,0.6274234437280231,0.6453718696203496
352,4.2,-5.8,8,Hero,0.77821034938097,0.5566388396546245
353,4.300000000000001,-5.699999999999999,7,Hero,0.6187401797090258,0.7184145791190011
354,-6.3999999999999995,3.6000000000000005,14,Villain,0.5400721430778503,0.5662633297698838
355,4.9,-5.1,1,Hero,0.7358647584915161,0.14210954308509827
356,-6.9,3.0999999999999996,19,Villain,0.4822419403414977,0.5870019864094885
357,3.7,-6.3,13,Hero,0.6705532245911084,0.47204029072935766
358,4.800000000000001,-5.199999999999999,2,Hero,0.7874452769756317,0.4288273435086012
359,4.4,-5.6,6,Hero,0.49354416380325955,0.709767073392868
360,3.7,-6.3,13,Hero,0.5776512107023826,0.4234728549535458
361,4.6000000000000005,-5.3999999999999995,4,Hero,0.5653000771999359,0.5163229256868362
362,3.6000000000000005,-6.3999999999999995,14,Hero,0.553862282208034,0.40995883622339796
363,3.6000000000000005,-6.3999999999999995,14,Hero,0.5498276012284415,0.38764882180839777
364,4.1000000000000005,-5.8999999999999995,9,Hero,0.7228728416893218,0.44768967893388534
365,4.1000000000000005,-5.8999999999999995,9,Hero,0.671558689739969,0.5461869272920821
366,4.300000000000001,-5.699999999999999,7,Hero,0.566634293113436,0.532636936221804
367,2.8,-7.2,22,Hero,0.566816249650649,0.3543230594897812
368,3.4000000000000004,-6.6,16,Hero,0.610237268730998,0.4175305855460465
369,3.8000000000000007,-6.199999999999999,12,Hero,0.5701168949405352,0.42023134231567383
370,3.4000000000000004,-6.6,16,Hero,0.5747331473976374,0.5423735794611275
371,3.9000000000000004,-6.1,11,Hero,0.593287936665795,0.6380590119145133
372,4.4,-5.6,6,Hero,0.5987430661916733,0.4491323505838712
373,4.800000000000001,-5.199999999999999,2,Hero,0.6712318956851959,0.5932979583740234
374,3.9000000000000004,-6.1,11,Hero,0.5416552234779705,0.47122814641757443
375,3.6000000000000005,-6.3999999999999995,14,Hero,0.5911101166691098,0.566653739128794
376,4.7,-5.3,3,Hero,0.47396527727444965,0.6773709654808044
377,4.800000000000001,-5.199999999999999,2,Hero,0.5543121844530106,0.34967777132987976
378,3.0999999999999996,-6.9,19,Hero,0.5332364722302085,0.502094807593446
379,3.8000000000000007,-6.199999999999999,12,Hero,0.6946362083156904,0.42805413839717704
380,4.300000000000001,-5.699999999999999,7,Hero,0.44452287895338877,0.46335534006357193
381,3.5,-6.5,15,Hero,0.5891396959622701,0.48107538868983585
382,3.8000000000000007,-6.199999999999999,12,Hero,0.5959056243300438,0.7120532294114431
383,4.1000000000000005,-5.8999999999999995,9,Hero,0.8342760768201616,0.45446765464213157
384,3.7,-6.3,13,Hero,0.6708507125194256,0.5606158903011909
385,3.6000000000000005,-6.3999999999999995,14,Hero,0.5666572153568268,0.6541414856910706
386,3.7,-6.3,13,Hero,0.6195347767609817,0.3687563017010689
387,4.7,-5.3,3,Hero,0.5462664564450582,0.5544731815656027
388,3.7,-6.3,13,Hero,0.5907723811956552,0.46260686218738556
389,4.2,-5.8,8,Hero,0.6235606726258993,0.42719615483656526
390,3.9000000000000004,-6.1,11,Hero,0.746268478306857,0.5330512007190422
391,4.4,-5.6,6,Hero,0.5314086675643921,0.3031050165494283
392,4.9,-5.1,1,Hero,0.5335547924041748,0.7936438918113708
393,4.5,-5.5,5,Hero,0.581958195567131,0.42058951072394846
394,3.8000000000000007,-6.199999999999999,12,Hero,0.5403372359772524,0.6144497921535125
395,4.0,-6.0,10,Hero,0.5064354974856542,0.6650251746177673
396,3.9000000000000004,-6.1,11,Hero,0.6458185518329794,0.540963049639355
397,3.2,-6.8,18,Hero,0.5376642975542281,0.370959578288926
398,4.4,-5.6,6,Hero,0.6607576757669449,0.4383203461766243
399,3.8000000000000007,-6.199999999999999,12,Hero,0.5883872111638387,0.5052164969965816
400,4.1000000000000005,-5.8999999999999995,9,Hero,0.9175711009237502,0.6947566370169321
401,4.6000000000000005,-5.3999999999999995,4,Hero,0.612796775996685,0.6813140660524368
402,4.7,-5.3,3,Hero,0.8765187660853068,0.5651801725228628
403,3.4000000000000004,-6.6,16,Hero,0.568811321631074,0.4116760571487248
404,4.0,-6.0,10,Hero,0.8295830249786377,0.6254817251116037
405,4.1000000000000005,-5.8999999999999995,9,Hero,0.5894027716583676,0.76361040936576
406,4.300000000000001,-5.699999999999999,7,Hero,0.696874703679766,0.6026402584144047
407,3.4000000000000004,-6.6,16,Hero,0.5928701851516962,0.41435552714392543
408,4.1000000000000005,-5.8999999999999995,9,Hero,0.693700909614563,0.5704902228381898
409,4.1000000000000005,-5.8999999999999995,9,Hero,0.6982899142636193,0.47662513703107834
410,4.2,-5.8,8,Hero,0.6209363602101803,0.7962046712636948
411,3.8000000000000007,-6.199999999999999,12,Hero,0.6856776926045617,0.4377764721090595
412,3.3,-6.7,17,Hero,0.6117212518173105,0.42083339393138885
413,3.6000000000000005,-6.3999999999999995,14,Hero,0.6246563707079206,0.334639631743942
414,3.0999999999999996,-6.9,19,Hero,0.5150472923721138,0.6493664618189398
415,4.0,-6.0,10,Hero,0.5061623126268386,0.7205339454114437
416,4.0,-6.0,10,Hero,0.7867825090885162,0.3499531422741711
417,3.3,-6.7,17,Hero,0.5625842722023234,0.49993952319902535
418,3.6000000000000005,-6.3999999999999995,14,Hero,0.5481798031500408,0.5864555058734757
419,4.2,-5.8,8,Hero,0.6872792113572359,0.4893213885370642
420,4.0,-6.0,10,Hero,0.6573939338326454,0.32154420502483844
421,4.6000000000000005,-5.3999999999999995,4,Hero,0.5381726548075676,0.5688345767557621
422,4.6000000000000005,-5.3999999999999995,4,Hero,0.5738766193389893,0.5410407343879342
423,4.300000000000001,-5.699999999999999,7,Hero,0.5724336632660457,0.7085210084915161
424,3.3,-6.7,17,Hero,0.579001347787733,0.6974490048254237
425,-5.3999999999999995,4.6000000000000005,4,Villain,0.650356337428093,0.26286570727825165
426,4.0,-6.0,10,Hero,0.5532547473907471,0.7273076131939888
427,3.9000000000000004,-6.1,11,Hero,0.5880479622970928,0.5530838146805763
428,3.9000000000000004,-6.1,11,Hero,0.6362349885431203,0.4087944376197728
429,3.5,-6.5,15,Hero,0.5865009506543477,0.4029619053006172
430,3.9000000000000004,-6.1,11,Hero,0.5784412663091313,0.6048934730616483
431,4.4,-5.6,6,Hero,0.5791542728741964,0.6893867254257202
432,4.4,-5.6,6,Hero,0.6775611241658529,0.5561243320504824
433,3.5,-6.5,15,Hero,0.5482946356137594,0.3694558173418045
434,4.2,-5.8,8,Hero,0.6957352831959724,0.5597905633039773
435,-5.3,4.7,3,Villain,0.5649614731470743,0.22666983306407928
436,3.7,-6.3,13,Hero,0.6542244599415705,0.5825069632667762
437,3.8000000000000007,-6.199999999999999,12,Hero,0.49972246509666246,0.40427647655208904
438,4.1000000000000005,-5.8999999999999995,9,Hero,0.5690740810500251,0.6338062244984839
439,4.2,-5.8,8,Hero,0.7956371828913689,0.4515352342277765
440,3.5,-6.5,15,Hero,0.5604447861512502,0.33943023681640627
441,3.5,-6.5,15,Hero,0.5820677757263184,0.5078161458174387
442,4.5,-5.5,5,Hero,0.7333754301071167,0.4184856951236725
443,-5.3,4.7,3,Villain,0.42039481550455093,0.3320017258326213
444,4.1000000000000005,-5.8999999999999995,9,Hero,0.5029147681262758,0.587244399719768
445,4.4,-5.6,6,Hero,0.6224838842948278,0.4511603483309348
446,4.4,-5.6,6,Hero,0.46555239458878833,0.5366518497467041
447,4.0,-6.0,10,Hero,0.7607517302036285,0.6380242630839348
448,4.300000000000001,-5.699999999999999,7,Hero,0.6610749214887619,0.3778037226625851
449,3.8000000000000007,-6.199999999999999,12,Hero,0.48247530466566485,0.4762868384520213
450,1.0999999999999983,-8.900000000000002,39,Hero,0.5658269686958729,0.45680351975636607
451,3.9000000000000004,-6.1,11,Hero,0.5175306363539263,0.4586521793495525
452,4.1000000000000005,-5.8999999999999995,9,Hero,0.7133723464277055,0.3970257631606526
453,4.0,-6.0,10,Hero,0.48110505044460294,0.5182741105556488
454,2.5999999999999996,-7.4,24,Hero,0.4724832409992814,0.4637547681728999
455,4.0,-6.0,10,Hero,0.5858996585011482,0.5367387592792511
456,4.300000000000001,-5.699999999999999,7,Hero,0.5290692235742297,0.31362704932689667
457,4.2,-5.8,8,Hero,0.7532074116170406,0.6718807425349951
458,2.9,-7.1,21,Hero,0.4922715049414408,0.4642975042973246
459,3.6000000000000005,-6.3999999999999995,14,Hero,0.514193565451673,0.483536563281502
460,3.8000000000000007,-6.199999999999999,12,Hero,0.5901758819818497,0.5894938937077919
461,3.3,-6.7,17,Hero,0.5214748810154989,0.47515305701424093
462,3.3,-6.7,17,Hero,0.5175666274393306,0.5301890934214872
463,3.5,-6.5,15,Hero,0.5924622704585393,0.5097745494296153
464,3.2,-6.8,18,Hero,0.50228836801317,0.3431095431248347
465,3.4000000000000004,-6.6,16,Hero,0.5517253950238228,0.4713067701086402
466,4.7,-5.3,3,Hero,0.6214863558610281,0.2289244905114174
467,4.300000000000001,-5.699999999999999,7,Hero,0.7118304031235831,0.45939357578754425
468,4.5,-5.5,5,Hero,0.5887895345687866,0.42993985414505004
469,3.9000000000000004,-6.1,11,Hero,0.58010948788036,0.49575577811761334
470,3.8000000000000007,-6.199999999999999,12,Hero,0.7227689598997434,0.3865719810128212
471,4.1000000000000005,-5.8999999999999995,9,Hero,0.6215283589230644,0.3937565533237325
472,-6.0,4.0,10,Villain,0.4570621058344841,0.31019998639822005
473,4.5,-5.5,5,Hero,0.855576753616333,0.4009546548128128
474,3.9000000000000004,-6.1,11,Hero,0.7943137111988935,0.5544907491315495
475,3.3,-6.7,17,Hero,0.7081158695852056,0.43807466892415986
476,3.2,-6.8,18,Hero,0.5482284107969867,0.4402923319074843
477,3.3,-6.7,17,Hero,0.5322050715194029,0.4693254675058758
478,4.5,-5.5,5,Hero,0.5508462190628052,0.41955467462539675
479,4.9,-5.1,1,Hero,0.6047885417938232,0.570543646812439
480,3.9000000000000004,-6.1,11,Hero,0.5957463519139723,0.4938291839577935
481,4.0,-6.0,10,Hero,0.6907726734876632,0.49073591753840445
482,4.5,-5.5,5,Hero,0.5662008285522461,0.3524094671010971
483,4.2,-5.8,8,Hero,0.6719710854813457,0.7241745665669441
484,-5.1,4.9,1,Villain,0.9500919580459595,0.7239652276039124
485,3.3,-6.7,17,Hero,0.4539171203642207,0.4063028379836503
486,4.7,-5.3,3,Hero,0.7730566064516703,0.5571963141361872
487,4.6000000000000005,-5.3999999999999995,4,Hero,0.6527154445648193,0.6490227840840816
488,4.0,-6.0,10,Hero,0.583448226749897,0.762363076210022
489,-4.999999999999998,-4.999999999999998,50,None,0.9617056238651276,0.5501132152229548
490,4.300000000000001,-5.699999999999999,7,Hero,0.7830518292529243,0.48378349521330427
491,-4.999999999999998,-4.999999999999998,50,None,0.9663572495151311,0.5398265018314123
492,-4.999999999999998,-4.999999999999998,50,None,0.5885983608663082,0.48264490321278575
493,-4.999999999999998,-4.999999999999998,50,None,0.9895891320705413,0.6697480437159539
494,0.9999999999999982,-9.000000000000002,40,Hero,0.6730019158683718,0.5540191913954914
495,2.9,-7.1,21,Hero,0.8161056879020873,0.7585583843645596
496,4.5,-5.5,5,Hero,0.7478185281157493,0.5165801548399032
497,4.800000000000001,-5.199999999999999,2,Hero,0.9289260804653168,0.46281737834215164
498,-4.999999999999998,-4.999999999999998,50,None,0.9311566103808582,0.5344640277326107
499,3.9000000000000004,-6.1,11,Hero,0.7025299979881807,0.5486319105733525
500,4.5,-5.5,5,Hero,0.5608931899070739,0.6753350049257278
501,4.300000000000001,-5.699999999999999,7,Hero,0.5055562044892993,0.5952513928392104
502,-4.999999999999998,-4.999999999999998,50,None,0.9525809800624847,0.7125464238971472
503,1.9999999999999991,-8.0,30,Hero,0.539284438888232,0.50898516861101
504,2.8,-7.2,22,Hero,0.383932903747667,0.581766724247824
505,3.9000000000000004,-6.1,11,Hero,0.46749814532019873,0.6755342168564146
506,4.9,-5.1,1,Hero,0.5745548009872437,0.7330780029296875
507,3.4000000000000004,-6.6,16,Hero,0.5670626405626535,0.4834237457253039
508,3.8000000000000007,-6.199999999999999,12,Hero,0.673853199928999,0.3593019505497068
509,4.300000000000001,-5.699999999999999,7,Hero,0.5651555189064571,0.7124089843460492
510,2.2999999999999994,-7.700000000000001,27,Hero,0.48724868672865407,0.4856625665669088
511,3.4000000000000004,-6.6,16,Hero,0.4235396720468998,0.7350142560899258
512,3.5,-6.5,15,Hero,0.6383295019467672,0.552853403488795
513,3.0,-7.0,20,Hero,0.514649824053049,0.5498422629199922
514,3.4000000000000004,-6.6,16,Hero,0.5032135145738721,0.7592012153472751
515,3.7,-6.3,13,Hero,0.5970755677956802,0.4994036973668979
516,4.1000000000000005,-5.8999999999999995,9,Hero,0.7532749142911699,0.7759427163336012
517,2.9,-7.1,21,Hero,0.49954438351449515,0.4567384074131648
518,4.7,-5.3,3,Hero,0.5287964344024658,0.6109430342912674
519,-6.6,3.4000000000000004,16,Villain,0.5942553458735347,0.5091402251273394
520,4.4,-5.6,6,Hero,0.7323088596264521,0.7140496571858724
521,1.2999999999999985,-8.700000000000001,37,Hero,0.801421414557341,0.7841933111886721
522,4.2,-5.8,8,Hero,0.8413102282211185,0.6469481363892555
523,4.1000000000000005,-5.8999999999999995,9,Hero,0.4887162016497718,0.7710432749655511
524,4.7,-5.3,3,Hero,0.48597873250643414,0.8291456898053488
525,4.5,-5.5,5,Hero,0.6977767825126648,0.5559407114982605
526,2.9,-7.1,21,Hero,0.5507364315646035,0.49496869033291224
527,3.0,-7.0,20,Hero,0.5653651043772697,0.6084600146859884
528,4.6000000000000005,-5.3999999999999995,4,Hero,0.4733775779604912,0.6370515748858452
529,3.0,-7.0,20,Hero,0.7983894623816014,0.7125435573980212
530,3.5,-6.5,15,Hero,0.5462953786055247,0.43811672056714696
531,2.2999999999999994,-7.700000000000001,27,Hero,0.598354241086377,0.57216069723169
532,3.7,-6.3,13,Hero,0.5606468113569113,0.566605915243809
533,4.2,-5.8,8,Hero,0.5981541238725185,0.3950268141925335
534,3.5,-6.5,15,Hero,0.560651304324468,0.6815271799763044
535,4.300000000000001,-5.699999999999999,7,Hero,0.5049511066504887,0.584145514028413
536,4.4,-5.6,6,Hero,0.6432182490825653,0.7037666837374369
537,4.300000000000001,-5.699999999999999,7,Hero,0.5096295773983002,0.7595392465591431
538,3.7,-6.3,13,Hero,0.8817938205141288,0.638420992745803
539,4.800000000000001,-5.199999999999999,2,Hero,0.6682227551937103,0.8220409154891968
540,3.0,-7.0,20,Hero,0.5280766934156418,0.5824803505092859
541,3.7,-6.3,13,Hero,0.5741769052468814,0.47821732982993126
542,3.6000000000000005,-6.3999999999999995,14,Hero,0.5424086664404187,0.46313206532171797
543,4.2,-5.8,8,Hero,0.43672139942646027,0.6031215980183333
544,3.5,-6.5,15,Hero,0.5271231035391489,0.6373933126529058
545,3.6000000000000005,-6.3999999999999995,14,Hero,0.5643913288201604,0.5644889394087451
546,3.9000000000000004,-6.1,11,Hero,0.49870302460410376,0.4570309194651517
547,-6.5,3.5,15,Villain,0.5915893102685611,0.5987107132871946
548,-4.999999999999998,-4.999999999999998,50,None,0.9143743649125099,0.7302286268398166
549,2.3999999999999995,-7.6000000000000005,26,Hero,0.6424802077504305,0.5699417513007154
550,4.9,-5.1,1,Hero,0.9497227072715759,0.1080801784992218
551,4.2,-5.8,8,Hero,0.9726189970970154,0.7546187890693545
552,2.8,-7.2,22,Hero,0.848848341202194,0.5963725776157596
553,4.1000000000000005,-5.8999999999999995,9,Hero,0.51891780561871,0.5826787534687254
554,-6.1,3.9000000000000004,11,Villain,0.5322727750648152,0.5570830696008422
555,2.4999999999999996,-7.5,25,Hero,0.6692453235387802,0.7242919892072678
556,4.7,-5.3,3,Hero,0.524603545665741,0.7652162710825602
557,4.2,-5.8,8,Hero,0.8425348624587059,0.7069257833063602
558,4.1000000000000005,-5.8999999999999995,9,Hero,0.6691686477926042,0.4002603160010444
559,4.0,-6.0,10,Hero,0.5184049785137177,0.6304406687617302
560,4.0,-6.0,10,Hero,0.5774124324321747,0.6532797023653985
561,4.4,-5.6,6,Hero,0.5754764427741369,0.7249819040298462
562,4.5,-5.5,5,Hero,0.7321769669651985,0.45223923325538634
563,-5.3999999999999995,4.6000000000000005,4,Villain,0.7414584457874298,0.32980483025312424
564,-5.8,4.2,8,Villain,0.6710147447884083,0.561496052891016
565,4.5,-5.5,5,Hero,0.9511204600334168,0.364523845911026
566,-4.999999999999998,-4.999999999999998,50,None,0.7311576883494854,0.5190477241016924
567,0.20000000000000107,-9.799999999999999,48,Hero,0.8211937417120984,0.6181089592864737
568,1.3999999999999986,-8.600000000000001,36,Hero,0.7065998188530406,0.602061261009011
569,-4.999999999999998,-4.999999999999998,50,None,0.7992355033010244,0.6069518176466226
570,3.7,-6.3,13,Hero,0.8724329798267438,0.5288008970136826
571,2.2999999999999994,-7.700000000000001,27,Hero,0.6241211204065217,0.546412209117854
572,-4.999999999999998,-4.999999999999998,50,None,0.8511544504761696,0.6932750791311264
573,1.0999999999999983,-8.900000000000002,39,Hero,0.7422289653466299,0.579707646694703
574,3.3,-6.7,17,Hero,0.575897286481717,0.5210127371418125
575,2.9,-7.1,21,Hero,0.6585964333443415,0.6138679661921093
576,2.6999999999999997,-7.300000000000001,23,Hero,0.6045569542633451,0.6696806763825209
577,1.2999999999999985,-8.700000000000001,37,Hero,0.7098295446988698,0.6414454793809233
578,3.0,-7.0,20,Hero,0.6872606568038464,0.7125627987086773
579,2.9,-7.1,21,Hero,0.5268476889246986,0.45629847546418506
580,4.300000000000001,-5.699999999999999,7,Hero,0.6183406072003501,0.5146067312785557
581,-6.6,3.4000000000000004,16,Villain,0.5597461052238941,0.5027335822815076
582,2.9,-7.1,21,Hero,0.5019529504435403,0.5272939996350379
583,3.3,-6.7,17,Hero,0.599724177051993,0.6027323515976176
584,4.7,-5.3,3,Hero,0.6059406995773315,0.7767680486043295
585,3.4000000000000004,-6.6,16,Hero,0.5858606994152069,0.5449944008141756
586,3.8000000000000007,-6.199999999999999,12,Hero,0.5475379303097725,0.5064156834656993
587,4.6000000000000005,-5.3999999999999995,4,Hero,0.5150241702795029,0.6948011070489883
588,3.6000000000000005,-6.3999999999999995,14,Hero,0.5962630978652409,0.8349173324448722
589,4.2,-5.8,8,Hero,0.6096454411745071,0.753738522529602
590,3.9000000000000004,-6.1,11,Hero,0.6869096539237283,0.5759650793942538
591,3.6000000000000005,-6.3999999999999995,14,Hero,0.5895386849130902,0.7284034192562103
592,3.2,-6.8,18,Hero,0.5516294207837846,0.5793002912153801
593,4.0,-6.0,10,Hero,0.8492382124066353,0.5616754611954093
594,2.9,-7.1,21,Hero,0.5559313254696983,0.7514273506544885
595,4.1000000000000005,-5.8999999999999995,9,Hero,0.8256532814767625,0.5191945284605026
596,3.7,-6.3,13,Hero,0.5575369355770258,0.4983197935641958
597,2.9,-7.1,21,Hero,0.5406402981884423,0.9023353996730986
598,3.6000000000000005,-6.3999999999999995,14,Hero,0.5371587255171367,0.6876853656555925
599,3.9000000000000004,-6.1,11,Hero,0.6100109029899944,0.7728575142947111
600,4.1000000000000005,-5.8999999999999995,9,Hero,0.5336261259184943,0.7377356394297547
601,3.5,-6.5,15,Hero,0.5118061463038127,0.6786044751604398
602,3.4000000000000004,-6.6,16,Hero,0.6035680006607436,0.455353218363598
603,3.7,-6.3,13,Hero,0.5546549421090347,0.5435589503210324
604,4.2,-5.8,8,Hero,0.698036827147007,0.7693460043519735
605,4.1000000000000005,-5.8999999999999995,9,Hero,0.7081454992294312,0.5119415207041634
606,3.5,-6.5,15,Hero,0.55689896941185,0.6834899683793386
607,4.7,-5.3,3,Hero,0.6331599553426107,0.6199361681938171
608,3.7,-6.3,13,Hero,0.6122599714077436,0.8206367721924415
609,4.300000000000001,-5.699999999999999,7,Hero,0.5238182715007237,0.7324413465602058
610,-6.0,4.0,10,Villain,0.49809846878051756,0.7209612429141998
611,-5.8999999999999995,4.1000000000000005,9,Villain,0.5616432825724283,0.5896866342259778
612,3.7,-6.3,13,Hero,0.6634937708194439,0.5800347448541567
613,3.7,-6.3,13,Hero,0.5901194077271682,0.5715682053795228
614,3.5,-6.5,15,Hero,0.6007970144351323,0.7059264282385508
615,4.6000000000000005,-5.3999999999999995,4,Hero,0.5761623829603195,0.8593056052923203
616,4.4,-5.6,6,Hero,0.7462683320045471,0.8697673281033834
617,3.5,-6.5,15,Hero,0.5655424694220225,0.8522291296472152
618,4.300000000000001,-5.699999999999999,7,Hero,0.6649647291217532,0.8677095430237907
619,3.8000000000000007,-6.199999999999999,12,Hero,0.6153950374573469,0.6343629773085316
620,3.0999999999999996,-6.9,19,Hero,0.5384815978376489,0.7358011109264273
621,3.4000000000000004,-6.6,16,Hero,0.5827881507575512,0.7670166079187766
622,4.300000000000001,-5.699999999999999,7,Hero,0.7041855816330228,0.6429723458630698
623,4.1000000000000005,-5.8999999999999995,9,Hero,0.7940383748047881,0.909017350938585
624,3.9000000000000004,-6.1,11,Hero,0.6514764766801487,0.7221074544570663
625,3.9000000000000004,-6.1,11,Hero,0.5608703168955717,0.8567381988872181
626,4.4,-5.6,6,Hero,0.4907340506712596,0.9453773498535156
627,4.300000000000001,-5.699999999999999,7,Hero,0.6342220732143947,0.891126675265176
628,4.2,-5.8,8,Hero,0.5533384531736374,0.7672385293990374
629,4.7,-5.3,3,Hero,0.6905893484751383,0.9177800814310709
630,3.7,-6.3,13,Hero,0.6027732915603198,0.8442255413303008
631,3.5,-6.5,15,Hero,0.5423722485701243,0.6697701434294383
632,3.7,-6.3,13,Hero,0.5809484628530649,0.8641094840489901
633,4.800000000000001,-5.199999999999999,2,Hero,0.48884083330631256,0.8870375454425812
634,4.5,-5.5,5,Hero,0.6755945324897766,0.8773962259292603
635,4.300000000000001,-5.699999999999999,7,Hero,0.5873095308031354,0.6630130420838084
636,-5.1,4.9,1,Villain,0.17194928228855133,0.6954183578491211
637,4.0,-6.0,10,Hero,0.5428988814353943,0.9074202477931976
638,2.1999999999999993,-7.800000000000001,28,Hero,0.6584809731159892,0.8690697993817074
639,-4.999999999999998,-4.999999999999998,50,None,0.7965545694530011,0.9225627138093114
640,-4.999999999999998,-4.999999999999998,50,None,0.7979401379823685,0.8986372012645006
641,-4.999999999999998,-4.999999999999998,50,None,0.780826403805986,0.9264136728551239
642,4.0,-6.0,10,Hero,0.8683935947716236,0.8348631411790848
643,3.8000000000000007,-6.199999999999999,12,Hero,0.8609837157030901,0.9445932904879252
644,0.8999999999999986,-9.100000000000001,41,Hero,0.7079132697204265,0.9557722094582348
645,1.9999999999999991,-8.0,30,Hero,0.7055373872319858,0.9492018679777782
646,4.1000000000000005,-5.8999999999999995,9,Hero,0.7061073101229138,0.7461602605051465
647,4.4,-5.6,6,Hero,0.9818278849124908,0.9059796134630839
648,3.8000000000000007,-6.199999999999999,12,Hero,0.7786210911969343,0.8489117560287317
649,3.6000000000000005,-6.3999999999999995,14,Hero,0.7717322419796672,0.9282298258372715
650,3.5,-6.5,15,Hero,0.6407681286334992,0.9596408446629842
651,1.899999999999999,-8.100000000000001,31,Hero,0.7476965770606072,0.9425211529577932
652,4.1000000000000005,-5.8999999999999995,9,Hero,0.9936621983846029,0.918512655629052
653,4.1000000000000005,-5.8999999999999995,9,Hero,0.7984993076986737,0.8269229870703485
654,3.8000000000000007,-6.199999999999999,12,Hero,0.6582108909885088,0.8627235166883717
655,2.6999999999999997,-7.300000000000001,23,Hero,0.6780522938655771,0.8537083002536193
656,-5.5,4.5,5,Villain,0.9154073357582092,0.752344898506999
657,2.6999999999999997,-7.300000000000001,23,Hero,0.7217524064623791,0.8968336107614248
658,4.6000000000000005,-5.3999999999999995,4,Hero,0.68067891523242,0.9698680490255356
659,0.3000000000000007,-9.7,47,Hero,0.9023859802078693,0.9532005228894822
660,2.6999999999999997,-7.300000000000001,23,Hero,0.6481640325940173,0.8022629889943029
661,-5.8999999999999995,4.1000000000000005,9,Villain,0.6937205261654324,0.5350653156638145
662,2.6999999999999997,-7.300000000000001,23,Hero,0.646714669206868,0.9354979240376017
663,3.0999999999999996,-6.9,19,Hero,0.5922819030912299,0.7831849551906711
664,3.5,-6.5,15,Hero,0.5560100038846334,0.9140510241190593
665,3.4000000000000004,-6.6,16,Hero,0.5959879253059626,0.8359652422368526
666,2.8,-7.2,22,Hero,0.5869541107253595,0.9273231354626742
667,4.0,-6.0,10,Hero,0.7274682775139809,0.8577574715018272
668,3.5,-6.5,15,Hero,0.6086836343010267,0.9457877119382222
669,-5.699999999999999,4.300000000000001,7,Villain,0.6770135973181043,0.8885540791920253
670,3.4000000000000004,-6.6,16,Hero,0.5602007070556283,0.9377194046974182
671,3.8000000000000007,-6.199999999999999,12,Hero,0.8058839738368988,0.6203502559413513
672,2.4999999999999996,-7.5,25,Hero,0.7445254799723625,0.9230896329879761
673,4.7,-5.3,3,Hero,0.9884129762649536,0.35763288537661236
674,3.4000000000000004,-6.6,16,Hero,0.6472567701712251,0.929531030356884
675,4.300000000000001,-5.699999999999999,7,Hero,0.981613644531795,0.7943157766546521
676,4.6000000000000005,-5.3999999999999995,4,Hero,0.9863358438014984,0.908891886472702
677,3.2,-6.8,18,Hero,0.7649153288867738,0.9463165038161807
678,3.0999999999999996,-6.9,19,Hero,0.6017387430918845,0.5515869589228379
679,4.300000000000001,-5.699999999999999,7,Hero,0.5705624265330178,0.690668562161071
680,3.6000000000000005,-6.3999999999999995,14,Hero,0.5569663345813751,0.7331564591399261
681,-5.8999999999999995,4.1000000000000005,9,Villain,0.8778122663497925,0.6883883964684274
682,3.0,-7.0,20,Hero,0.6114830896258354,0.9345060497522354
683,-5.1,4.9,1,Villain,0.42342638969421387,0.9351539015769958
684,3.3,-6.7,17,Hero,0.7332296117263681,0.8280496301458162
685,3.3,-6.7,17,Hero,0.8689636588096619,0.7763926816337249
686,2.1999999999999993,-7.800000000000001,28,Hero,0.714002948520439,0.83208026218095
687,1.6999999999999988,-8.3,33,Hero,0.7406858239661563,0.8347872876082406
688,1.5999999999999988,-8.400000000000002,34,Hero,0.8471803991671871,0.8870566646184992
689,3.3,-6.7,17,Hero,0.505245583022342,0.7718715235481367
690,0.8999999999999986,-9.100000000000001,41,Hero,0.7671468886660366,0.8732578887990335
691,-4.999999999999998,-4.999999999999998,50,None,0.8132797613739967,0.8880646939575673
692,-4.999999999999998,-4.999999999999998,50,None,0.8564158122241498,0.8429048421978951
693,-4.999999999999998,-4.999999999999998,50,None,0.815814107209444,0.8497675485908985
694,1.5999999999999988,-8.400000000000002,34,Hero,0.8234428910209852,0.9156939229544472
695,1.3999999999999986,-8.600000000000001,36,Hero,0.7799705411824915,0.7637094285649558
696,1.6999999999999988,-8.3,33,Hero,0.6828837783047648,0.7551871424145771
697,4.5,-5.5,5,Hero,0.7756162151694298,0.876902949810028
698,3.6000000000000005,-6.3999999999999995,14,Hero,0.5699499105768544,0.8906664976051876
699,4.5,-5.5,5,Hero,0.5533174216747284,0.9284246802330017
700,1.799999999999999,-8.200000000000001,32,Hero,0.7244207430630922,0.8176729175174842
701,-4.999999999999998,-4.999999999999998,50,None,0.8546620830893517,0.8673562920838594
702,4.6000000000000005,-5.3999999999999995,4,Hero,0.7242853008210659,0.934269905090332
703,-4.999999999999998,-4.999999999999998,50,None,0.8395541170239449,0.9207113880291581
704,-4.999999999999998,-4.999999999999998,50,None,0.9104732778668404,0.9098493905365467
705,-4.999999999999998,-4.999999999999998,50,None,0.8977632668614387,0.8381519536231644
706,0.5999999999999996,-9.4,44,Hero,0.7614570278674364,0.767764419243163
707,3.3,-6.7,17,Hero,0.7598175792133107,0.7247457427575308
708,-4.999999999999998,-4.999999999999998,50,None,0.8934560500085353,0.9379297518730163
709,1.3999999999999986,-8.600000000000001,36,Hero,0.6652570085393058,0.8191542574721906
710,1.6999999999999988,-8.3,33,Hero,0.7648362050002272,0.816023030812203
711,-4.999999999999998,-4.999999999999998,50,None,0.8296198752522469,0.809153883755207
712,0.7999999999999989,-9.200000000000001,42,Hero,0.7915499268010968,0.8974203176441646
713,0.8999999999999986,-9.100000000000001,41,Hero,0.7564859477939402,0.9218868951245052
714,1.2999999999999985,-8.700000000000001,37,Hero,0.8978881213713337,0.8650260181040377
715,1.3999999999999986,-8.600000000000001,36,Hero,0.7320699634858303,0.8610385556110285
716,4.2,-5.8,8,Hero,0.9946613982319832,0.5385463628917933
717,2.2999999999999994,-7.700000000000001,27,Hero,0.7197439049982846,0.6544366934233241
718,2.9,-7.1,21,Hero,0.6224501111677715,0.6982761021880877
719,3.4000000000000004,-6.6,16,Hero,0.5710905911400914,0.8462162911891937
720,3.4000000000000004,-6.6,16,Hero,0.5765628721565008,0.780600075609982
721,4.800000000000001,-5.199999999999999,2,Hero,0.9795210361480713,0.48837609589099884
722,3.4000000000000004,-6.6,16,Hero,0.7092262322548777,0.8690136335790157
723,2.8,-7.2,22,Hero,0.7430751703002236,0.7457760409875349
724,-6.8,3.2,18,Villain,0.5599894093142616,0.7694758073323302
725,3.9000000000000004,-6.1,11,Hero,0.7724804268641905,0.8338406682014465
726,4.1000000000000005,-5.8999999999999995,9,Hero,0.6567631595664554,0.7600726832946142
727,4.5,-5.5,5,Hero,0.5997721642255783,0.8500773310661316
728,3.7,-6.3,13,Hero,0.61224548633282,0.6324602030217648
729,3.6000000000000005,-6.3999999999999995,14,Hero,0.6224128380417824,0.6902118027210236
730,2.9,-7.1,21,Hero,0.5622824927171072,0.6937162491182486
731,4.1000000000000005,-5.8999999999999995,9,Hero,0.7757464879088931,0.7179170503384538
732,4.1000000000000005,-5.8999999999999995,9,Hero,0.5785825947920481,0.7229542202419705
733,-5.8999999999999995,4.1000000000000005,9,Villain,0.6290437678496043,0.5764247609509362
734,4.4,-5.6,6,Hero,0.9813890059789022,0.6432494024435679
735,4.800000000000001,-5.199999999999999,2,Hero,0.8981298506259918,0.7830296158790588
736,4.0,-6.0,10,Hero,0.8544851750135422,0.8550100982189178
737,4.6000000000000005,-5.3999999999999995,4,Hero,0.7356846663169563,0.6112458854913712
738,3.2,-6.8,18,Hero,0.5541614124344455,0.7211508841978179
739,4.0,-6.0,10,Hero,0.6378058984875679,0.657297773566097
740,3.4000000000000004,-6.6,16,Hero,0.5754070151597261,0.640134765766561
741,4.2,-5.8,8,Hero,0.6098161302506924,0.8168603479862213
742,3.3,-6.7,17,Hero,0.621260355500614,0.657495957087068
743,4.0,-6.0,10,Hero,0.8661747563630342,0.6004567408934236
744,3.0,-7.0,20,Hero,0.5458120543509721,0.6370657489169389
745,4.7,-5.3,3,Hero,0.8495806455612183,0.8712106744448344
746,3.9000000000000004,-6.1,11,Hero,0.8005515391176398,0.6996126798066226
747,3.8000000000000007,-6.199999999999999,12,Hero,0.7054237698515257,0.6990267100433508
748,3.9000000000000004,-6.1,11,Hero,0.635243914344094,0.7689360041509975
749,3.9000000000000004,-6.1,11,Hero,0.7371461526914076,0.5820924272676083
750,3.0999999999999996,-6.9,19,Hero,0.5254563385816781,0.6357536376453936
751,4.0,-6.0,10,Hero,0.7973480060696602,0.6909693583846093
752,4.1000000000000005,-5.8999999999999995,9,Hero,0.5059425019555621,0.7735442918621831
753,3.7,-6.3,13,Hero,0.5776636222234139,0.7291008884517046
754,4.0,-6.0,10,Hero,0.6519512459635735,0.7004611410200596
755,3.0,-7.0,20,Hero,0.7078792430460453,0.7270460009574891
756,3.5,-6.5,15,Hero,0.6478426545858383,0.7853494256734848
757,4.2,-5.8,8,Hero,0.8705959024373442,0.48626706190407276
758,-4.999999999999998,-4.999999999999998,50,None,0.8631774245202541,0.8484412628412247
759,-4.999999999999998,-4.999999999999998,50,None,0.8913260323554277,0.7737215805053711
760,4.4,-5.6,6,Hero,0.8293553863962492,0.47597004457687336
761,4.0,-6.0,10,Hero,0.8957068134099245,0.6104763612151146
762,-4.999999999999998,-4.999999999999998,50,None,0.9140177865326404,0.8245878721773624
763,3.4000000000000004,-6.6,16,Hero,0.5383777683600783,0.6853810870088637
764,-4.999999999999998,-4.999999999999998,50,None,0.9162996581941844,0.7521976065635682
765,-4.999999999999998,-4.999999999999998,50,None,0.7822086919285357,0.7480235685221851
766,-4.999999999999998,-4.999999999999998,50,None,0.8240272979438305,0.727260405421257
767,4.5,-5.5,5,Hero,0.9992979526519775,0.6631789803504944
768,1.9999999999999991,-8.0,30,Hero,0.7708828611920278,0.7838800710005065
769,-4.999999999999998,-4.999999999999998,50,None,0.970319538153708,0.7621629884187132
770,4.1000000000000005,-5.8999999999999995,9,Hero,0.9992382393942939,0.7900267177157931
771,3.5,-6.5,15,Hero,0.919146652892232,0.6642509871162474
772,-4.999999999999998,-4.999999999999998,50,None,0.9074660938978195,0.8419895340502263
773,0.20000000000000107,-9.799999999999999,48,Hero,0.8208187566682076,0.7715996371892592
774,-4.999999999999998,-4.999999999999998,50,None,0.8468156471848488,0.7376035860925912
775,-4.999999999999998,-4.999999999999998,50,None,0.808060929775238,0.8025650143623352
776,4.2,-5.8,8,Hero,0.9987485557794571,0.707128468900919
777,3.0,-7.0,20,Hero,0.6626991622149945,0.7897586017847061
778,3.2,-6.8,18,Hero,0.8550246525555849,0.7922516895665063
779,3.6000000000000005,-6.3999999999999995,14,Hero,0.9194504953920841,0.5844073533745748
780,1.9999999999999991,-8.0,30,Hero,0.7843928828835487,0.734037225196759
781,1.9999999999999991,-8.0,30,Hero,0.6792984986056884,0.8235224194824695
782,-5.699999999999999,4.300000000000001,7,Villain,0.9743742176464626,0.5840462259948254
783,3.4000000000000004,-6.6,16,Hero,0.8611845886334777,0.7291179890744388
784,3.2,-6.8,18,Hero,0.5811063465144899,0.5575650398515992
785,4.0,-6.0,10,Hero,0.7602990359067917,0.6445380769670009
786,4.1000000000000005,-5.8999999999999995,9,Hero,0.5697481085856756,0.7598258496986495
787,4.0,-6.0,10,Hero,0.7102378100156784,0.8467980265617371
788,-5.6,4.4,6,Villain,0.5568611721197764,0.4515620457629363
789,4.5,-5.5,5,Hero,0.9221179246902466,0.85728440284729
790,4.1000000000000005,-5.8999999999999995,9,Hero,0.7884091171953413,0.8058687912093269
791,3.6000000000000005,-6.3999999999999995,14,Hero,0.5844158668603215,0.6202018755887236
792,4.6000000000000005,-5.3999999999999995,4,Hero,0.5124452337622643,0.6677844598889351
793,3.4000000000000004,-6.6,16,Hero,0.595629739575088,0.6132240877486765
794,4.1000000000000005,-5.8999999999999995,9,Hero,0.9341385232077705,0.7115058667129941
795,4.300000000000001,-5.699999999999999,7,Hero,0.7951819811548505,0.7747869959899357
796,3.6000000000000005,-6.3999999999999995,14,Hero,0.5960348205907005,0.7321854941546917
797,4.2,-5.8,8,Hero,0.8727414682507515,0.5540137272328138
798,3.2,-6.8,18,Hero,0.555991105735302,0.76397476461716
799,4.0,-6.0,10,Hero,0.6808502227067947,0.6962368220090867
800,3.2,-6.8,18,Hero,0.6509216709269418,0.807492652701007
801,3.5,-6.5,15,Hero,0.7438925743103028,0.8486511086424192
802,3.9000000000000004,-6.1,11,Hero,0.6457237980582498,0.8418143337423151
803,4.1000000000000005,-5.8999999999999995,9,Hero,0.9953537517123752,0.6366705165969001
804,3.7,-6.3,13,Hero,0.6588008438165371,0.72536528053192
805,3.0999999999999996,-6.9,19,Hero,0.6283261211294877,0.5601017747662569
806,4.0,-6.0,10,Hero,0.6696263462305069,0.6941493898630142
807,4.2,-5.8,8,Hero,0.6675242967903614,0.609830342233181
808,3.4000000000000004,-6.6,16,Hero,0.6563027873635292,0.6710580280050635
809,4.2,-5.8,8,Hero,0.6240757182240486,0.7782327737659216
810,4.1000000000000005,-5.8999999999999995,9,Hero,0.8185116748015085,0.7814465684609281
811,4.5,-5.5,5,Hero,0.6895069479942322,0.8255779147148132
812,4.300000000000001,-5.699999999999999,7,Hero,0.6463424563407898,0.892305280481066
813,4.1000000000000005,-5.8999999999999995,9,Hero,0.745537146098084,0.6785499697758092
814,3.4000000000000004,-6.6,16,Hero,0.5897620152682066,0.7619588989764452
815,4.1000000000000005,-5.8999999999999995,9,Hero,0.8884535829226176,0.647850438952446
816,-5.6,4.4,6,Villain,0.9959269265333811,0.6729243149360021
817,4.9,-5.1,1,Hero,0.8124133348464966,0.8646577596664429
818,4.7,-5.3,3,Hero,0.9231054186820984,0.8321510950724283
819,4.7,-5.3,3,Hero,0.89044056336085,0.617842510342598
820,4.800000000000001,-5.199999999999999,2,Hero,0.6297940313816071,0.9178702533245087
821,4.1000000000000005,-5.8999999999999995,9,Hero,0.8280565539995829,0.7483121570613649
822,4.2,-5.8,8,Hero,0.9644748345017433,0.823169601848349
823,4.1000000000000005,-5.8999999999999995,9,Hero,0.6247804330454932,0.8728599349657694
824,3.6000000000000005,-6.3999999999999995,14,Hero,0.5598387271165848,0.5853388930803963
825,3.6000000000000005,-6.3999999999999995,14,Hero,0.5911116376519203,0.88967507651874
826,3.9000000000000004,-6.1,11,Hero,0.6985826736146753,0.82806903665716
827,4.1000000000000005,-5.8999999999999995,9,Hero,0.7304163972536722,0.6974532372421689
828,3.3,-6.7,17,Hero,0.6005014251260197,0.5991795646465
829,4.7,-5.3,3,Hero,0.5911882519721985,0.6330546786387762
830,4.1000000000000005,-5.8999999999999995,9,Hero,0.608521795935101,0.815216378412313
831,3.7,-6.3,13,Hero,0.813143239571498,0.8909542468877939
832,4.800000000000001,-5.199999999999999,2,Hero,0.9675146341323853,0.9271129071712494
833,3.8000000000000007,-6.199999999999999,12,Hero,0.5420810201515754,0.794765854254365
834,3.8000000000000007,-6.199999999999999,12,Hero,0.6295770158370336,0.838989494368434
835,3.6000000000000005,-6.3999999999999995,14,Hero,0.5853172210710389,0.7498141218508992
836,4.0,-6.0,10,Hero,0.6208306387066841,0.7559742659330368
837,4.800000000000001,-5.199999999999999,2,Hero,0.6354027688503265,0.4930940940976143
838,3.8000000000000007,-6.199999999999999,12,Hero,0.6167391004661719,0.8084502276033163
839,3.6000000000000005,-6.3999999999999995,14,Hero,0.6489928790501186,0.5698420687445572
840,4.0,-6.0,10,Hero,0.6415517300367355,0.8852174997329711
841,3.4000000000000004,-6.6,16,Hero,0.6106122266501188,0.8711072765290737
842,4.300000000000001,-5.699999999999999,7,Hero,0.6967697654451642,0.6603030380792916
843,4.1000000000000005,-5.8999999999999995,9,Hero,0.7582203017340766,0.8065670347876019
844,3.7,-6.3,13,Hero,0.6185654653952672,0.714999140598453
845,3.7,-6.3,13,Hero,0.73799745623882,0.8708847715304449
846,3.9000000000000004,-6.1,11,Hero,0.8362414267930117,0.7382005669853904
847,4.300000000000001,-5.699999999999999,7,Hero,0.9794551645006452,0.7972478877220835
848,3.9000000000000004,-6.1,11,Hero,0.6356867070902478,0.7344838570464741
849,4.1000000000000005,-5.8999999999999995,9,Hero,0.7634322618444761,0.9104451404677497
850,3.7,-6.3,13,Hero,0.6743130454650292,0.6723321475661718
851,-6.3999999999999995,3.6000000000000005,14,Villain,0.533783208578825,0.756608570260661
852,3.4000000000000004,-6.6,16,Hero,0.6470466442406178,0.690317124594003
853,3.6000000000000005,-6.3999999999999995,14,Hero,0.606803121311324,0.7218059693862285
854,4.9,-5.1,1,Hero,0.7897597551345825,0.928685188293457
855,3.8000000000000007,-6.199999999999999,12,Hero,0.6645773574709892,0.9285298983256022
856,3.7,-6.3,13,Hero,0.6217805250332906,0.8855258730741647
857,4.0,-6.0,10,Hero,0.7533555924892426,0.7074772266671061
858,4.2,-5.8,8,Hero,0.7351838983595371,0.7907697698101401
859,4.0,-6.0,10,Hero,0.6432967007160186,0.7328533962368965
860,4.0,-6.0,10,Hero,0.8804034441709518,0.7265498348511755
861,4.5,-5.5,5,Hero,0.7576047450304031,0.5498292446136475
862,3.4000000000000004,-6.6,16,Hero,0.5913659781217575,0.6426910012960434
863,4.1000000000000005,-5.8999999999999995,9,Hero,0.7789147264427609,0.7986331706245741
864,3.7,-6.3,13,Hero,0.6232560047736535,0.6032458847531905
865,4.1000000000000005,-5.8999999999999995,9,Hero,0.6671799619992574,0.8917423552936978
866,4.2,-5.8,8,Hero,0.875653114169836,0.7226234842091799
867,3.4000000000000004,-6.6,16,Hero,0.5641483413055539,0.7466880946885794
868,4.1000000000000005,-5.8999999999999995,9,Hero,0.6512292358610365,0.703293206791083
869,4.5,-5.5,5,Hero,0.7212018996477128,0.9171058058738708
870,4.300000000000001,-5.699999999999999,7,Hero,0.7348902225494385,0.657107301056385
871,4.9,-5.1,1,Hero,0.8992412686347961,0.8602222800254822
872,4.0,-6.0,10,Hero,0.591746062040329,0.9058112263679504
873,4.4,-5.6,6,Hero,0.7998125503460566,0.9178174138069153
874,3.9000000000000004,-6.1,11,Hero,0.8181932243433866,0.878027471629056
875,4.1000000000000005,-5.8999999999999995,9,Hero,0.6917784992191527,0.9292248090108236
876,4.6000000000000005,-5.3999999999999995,4,Hero,0.9132380187511444,0.6686777994036674
877,3.4000000000000004,-6.6,16,Hero,0.6302231000736356,0.628021395765245
878,4.1000000000000005,-5.8999999999999995,9,Hero,0.813908189535141,0.5963230973316563
879,4.0,-6.0,10,Hero,0.8729258924722672,0.703369602560997
880,4.5,-5.5,5,Hero,0.8927037119865417,0.8781306624412537
881,4.5,-5.5,5,Hero,0.5990005537867547,0.7517884112894535
882,-6.1,3.9000000000000004,11,Villain,0.5449106747453863,0.6773091039874337
883,4.4,-5.6,6,Hero,0.9568296571572622,0.8114801148573557
884,4.7,-5.3,3,Hero,0.8924751877784729,0.8898286620775858
885,4.0,-6.0,10,Hero,0.694683575630188,0.7822333797812462
886,4.7,-5.3,3,Hero,0.7128087282180786,0.8979230721791586
887,4.2,-5.8,8,Hero,0.5669116619974375,0.6979318149387836
888,3.3,-6.7,17,Hero,0.6046358145335141,0.5982461830272394
889,4.300000000000001,-5.699999999999999,7,Hero,0.7503107403005872,0.4506272513951574
890,4.2,-5.8,8,Hero,0.5722492448985577,0.7611358314752579
891,3.2,-6.8,18,Hero,0.6440523523423407,0.5656596872334679
892,4.0,-6.0,10,Hero,0.7296886146068573,0.5388045404106379
893,4.1000000000000005,-5.8999999999999995,9,Hero,0.6448844075202942,0.8550259073575338
894,3.2,-6.8,18,Hero,0.6082642210854424,0.6273999731573794
895,-6.5,3.5,15,Villain,0.6237129092216491,0.6188050088783105
896,4.800000000000001,-5.199999999999999,2,Hero,0.6282387375831604,0.47870397567749023
897,3.2,-6.8,18,Hero,0.6131713046795793,0.6561514826284515
898,4.1000000000000005,-5.8999999999999995,9,Hero,0.6281178527408176,0.5671365201059315
899,4.6000000000000005,-5.3999999999999995,4,Hero,0.7430991381406784,0.6161691024899483
900,4.2,-5.8,8,Hero,0.8625195026397705,0.6432309448719025
901,4.9,-5.1,1,Hero,0.8050127625465393,0.21528829634189606
902,3.3,-6.7,17,Hero,0.5853967228356529,0.6464594407554936
903,4.0,-6.0,10,Hero,0.7427585870027542,0.7261077404022217
904,4.9,-5.1,1,Hero,0.40643569827079773,0.27106693387031555
905,4.1000000000000005,-5.8999999999999995,9,Hero,0.6584429442882538,0.4136561242242654
906,4.0,-6.0,10,Hero,0.7153862297534943,0.4771355424076319
907,3.7,-6.3,13,Hero,0.6279384998174814,0.48423924812903774
908,4.0,-6.0,10,Hero,0.62122383415699,0.46409506667405365
909,4.2,-5.8,8,Hero,0.6604471728205681,0.503745473921299
910,4.5,-5.5,5,Hero,0.6346556901931762,0.5048938393592834
911,3.8000000000000007,-6.199999999999999,12,Hero,0.5360523462295532,0.4792320046884318
912,-5.8,4.2,8,Villain,0.8629357665777206,0.5940566342324018
913,3.9000000000000004,-6.1,11,Hero,0.7572300975972955,0.48120909658345307
914,3.6000000000000005,-6.3999999999999995,14,Hero,0.4960877224802971,0.4388173640306507
915,4.300000000000001,-5.699999999999999,7,Hero,0.6476763784885406,0.5250002145767212
916,4.2,-5.8,8,Hero,0.7260567024350166,0.5260816439986229
917,4.7,-5.3,3,Hero,0.6580501223603884,0.3651682734489441
918,4.9,-5.1,1,Hero,0.6022773385047913,0.5405601263046265
919,4.1000000000000005,-5.8999999999999995,9,Hero,0.6702035119136175,0.42679930705991054
920,3.6000000000000005,-6.3999999999999995,14,Hero,0.5510850088404757,0.49804372739578995
921,3.5,-6.5,15,Hero,0.5929033738250534,0.4147163172562917
922,4.6000000000000005,-5.3999999999999995,4,Hero,0.5350007936358452,0.4519096836447716
923,3.6000000000000005,-6.3999999999999995,14,Hero,0.5833749824336597,0.4446836882936103
924,4.5,-5.5,5,Hero,0.9668238878250122,0.49941712617874146
925,3.7,-6.3,13,Hero,0.6231711690242474,0.4906928768524757
926,3.9000000000000004,-6.1,11,Hero,0.6217963885177266,0.4932752847671509
927,3.5,-6.5,15,Hero,0.5695677608251571,0.4508142153422038
928,4.0,-6.0,10,Hero,0.8909351468086243,0.577108746767044
929,3.5,-6.5,15,Hero,0.637279889980952,0.5222023444871108
930,4.2,-5.8,8,Hero,0.9062580466270447,0.5613079422619194
931,3.7,-6.3,13,Hero,0.6748507905464906,0.5755800536045661
932,-5.3999999999999995,4.6000000000000005,4,Villain,0.5839334204792976,0.4676857367157936
933,4.4,-5.6,6,Hero,0.6252962003151575,0.536756232380867
934,4.5,-5.5,5,Hero,0.5874496936798096,0.4516766700893641
935,3.5,-6.5,15,Hero,0.6077616949876149,0.515406875188152
936,4.4,-5.6,6,Hero,0.9905897378921509,0.4871956706047058
937,3.7,-6.3,13,Hero,0.652246491267131,0.5000864129800063
938,3.0999999999999996,-6.9,19,Hero,0.5811925122612401,0.4697361917872178
939,4.1000000000000005,-5.8999999999999995,9,Hero,0.5492345790068308,0.4708908928765191
940,2.6999999999999997,-7.300000000000001,23,Hero,0.7895800898904386,0.5349856822387032
941,3.7,-6.3,13,Hero,0.7976749780086371,0.4824165472617516
942,3.3,-6.7,17,Hero,0.7474966662771562,0.4781797324471614
943,3.4000000000000004,-6.6,16,Hero,0.6498273815959692,0.3658936300780624
944,3.6000000000000005,-6.3999999999999995,14,Hero,0.6232629918626377,0.5029360822268895
945,3.0,-7.0,20,Hero,0.6132586754160002,0.4201977657154202
946,4.300000000000001,-5.699999999999999,7,Hero,0.6811463183590344,0.557803852217538
947,4.300000000000001,-5.699999999999999,7,Hero,0.7436924747058323,0.5886468759604863
948,4.300000000000001,-5.699999999999999,7,Hero,0.7978966651218278,0.5512729925768716
949,3.8000000000000007,-6.199999999999999,12,Hero,0.7486780434846878,0.4217715325454871
950,-5.199999999999999,4.800000000000001,2,Villain,0.9999273419380188,0.4681955575942993
951,4.0,-6.0,10,Hero,0.6087075561285019,0.4370005754753947
952,4.7,-5.3,3,Hero,0.7137092550595602,0.5206479728221893
953,4.2,-5.8,8,Hero,0.5847366638481617,0.6646242886781693
954,4.1000000000000005,-5.8999999999999995,9,Hero,0.7501388556427426,0.5248546782467101
955,3.5,-6.5,15,Hero,0.7836864789326986,0.637139274397244
956,3.9000000000000004,-6.1,11,Hero,0.7374670288779519,0.4177809300070459
957,4.5,-5.5,5,Hero,0.6481292009353637,0.7565230250358581
958,4.6000000000000005,-5.3999999999999995,4,Hero,0.6380823701620102,0.6291408911347389
959,-6.3,3.7,13,Villain,0.7145630625578073,0.6127205433753821
960,4.5,-5.5,5,Hero,0.5641779512166977,0.6477030575275421
961,4.300000000000001,-5.699999999999999,7,Hero,0.6445592109646116,0.6752251046044486
962,4.9,-5.1,1,Hero,0.880046546459198,0.1625821441411972
963,4.300000000000001,-5.699999999999999,7,Hero,0.8241278103419712,0.6998029351234436
964,3.5,-6.5,15,Hero,0.59699999888738,0.6445551584164302
965,3.4000000000000004,-6.6,16,Hero,0.6513045253232121,0.6056625110213645
966,4.0,-6.0,10,Hero,0.7664024055004119,0.43852442111819984
967,4.4,-5.6,6,Hero,0.8774281938870748,0.49441661934057873
968,4.300000000000001,-5.699999999999999,7,Hero,0.3798984331744058,0.809256740978786
969,-5.5,4.5,5,Villain,0.997462022304535,0.5035931868478656
970,4.1000000000000005,-5.8999999999999995,9,Hero,0.8409732414616479,0.49725446436140275
971,4.300000000000001,-5.699999999999999,7,Hero,0.6757520394665855,0.7152892564024244
972,-5.699999999999999,4.300000000000001,7,Villain,0.6065363160201481,0.48773334068911417
973,4.300000000000001,-5.699999999999999,7,Hero,0.7447293102741241,0.722811901143619
974,4.9,-5.1,1,Hero,0.8377296328544617,0.7174121737480164
975,-6.3,3.7,13,Villain,0.6427450753175296,0.6062907301462613
976,3.9000000000000004,-6.1,11,Hero,0.5645126050168817,0.78614680333571
977,4.9,-5.1,1,Hero,0.5421304702758789,0.7502310276031494
978,4.4,-5.6,6,Hero,0.8118031074603399,0.5459841837485632
979,4.1000000000000005,-5.8999999999999995,9,Hero,0.7646047348777453,0.6625316275490655
980,3.6000000000000005,-6.3999999999999995,14,Hero,0.6349472456744739,0.7706764893872398
981,-5.6,4.4,6,Villain,0.6992776791254679,0.6715803692738215
982,3.6000000000000005,-6.3999999999999995,14,Hero,0.7299461662769318,0.6189153684037072
983,3.4000000000000004,-6.6,16,Hero,0.609217481687665,0.5524514690041542
984,3.2,-6.8,18,Hero,0.5363513876994451,0.6781917504138417
985,3.2,-6.8,18,Hero,0.5335203548375931,0.4858166735826267
986,3.9000000000000004,-6.1,11,Hero,0.6825223348357461,0.6322033622048118
987,3.9000000000000004,-6.1,11,Hero,0.8313837823542681,0.6530835858800195
988,4.1000000000000005,-5.8999999999999995,9,Hero,0.5448330901563168,0.6641197115596797
989,3.9000000000000004,-6.1,11,Hero,0.6515332054008137,0.7871942736885764
990,3.9000000000000004,-6.1,11,Hero,0.7160435887900266,0.6422497440468181
991,4.1000000000000005,-5.8999999999999995,9,Hero,0.6504543986585405,0.6947615378432803
992,4.1000000000000005,-5.8999999999999995,9,Hero,0.7618561519516839,0.5227388987938563
993,4.6000000000000005,-5.3999999999999995,4,Hero,0.7499847635626793,0.7961310893297195
994,-5.699999999999999,4.300000000000001,7,Villain,0.9814101883343288,0.657988258770534
995,3.8000000000000007,-6.199999999999999,12,Hero,0.6551467043658098,0.6544482723499337
996,3.5,-6.5,15,Hero,0.6096221288045247,0.6699399666239818
997,3.9000000000000004,-6.1,11,Hero,0.8312485597350381,0.6711314090273597
998,3.5,-6.5,15,Hero,0.6084218581517538,0.709737753868103
999,-5.8999999999999995,4.1000000000000005,9,Villain,0.7457277029752731,0.7630549139446683
1000,4.1000000000000005,-5.8999999999999995,9,Hero,0.4827667408519321,0.8702016870180765
1001,3.3,-6.7,17,Hero,0.6026553989333265,0.7041308406521293
1002,3.2,-6.8,18,Hero,0.45282454954253304,0.7229438126087189
1003,4.300000000000001,-5.699999999999999,7,Hero,0.7389205566474369,0.8646593604769025
1004,4.2,-5.8,8,Hero,0.8278259858489037,0.6835910174995661
1005,4.2,-5.8,8,Hero,0.592279426753521,0.8751393258571625
1006,4.2,-5.8,8,Hero,0.8345694355666637,0.7772510051727295
1007,-5.8,4.2,8,Villain,0.40648920834064484,0.34815972205251455
1008,4.0,-6.0,10,Hero,0.7138345032930374,0.8684375405311584
1009,4.7,-5.3,3,Hero,0.5797784974177679,0.6155311232432723
1010,4.800000000000001,-5.199999999999999,2,Hero,0.47729719430208206,0.9161609411239624
1011,4.6000000000000005,-5.3999999999999995,4,Hero,0.9230651706457138,0.9074747115373611
1012,3.6000000000000005,-6.3999999999999995,14,Hero,0.5832648692386491,0.6912314178688186
1013,4.1000000000000005,-5.8999999999999995,9,Hero,0.8397804896036783,0.7026095754570432
1014,1.2999999999999985,-8.700000000000001,37,Hero,0.4802555155915183,0.6709154187827497
1015,4.1000000000000005,-5.8999999999999995,9,Hero,0.7496279527743658,0.9019100864728292
1016,3.9000000000000004,-6.1,11,Hero,0.5036127601157535,0.7384130338376219
1017,4.1000000000000005,-5.8999999999999995,9,Hero,0.5981447994709015,0.8753509057892693
1018,3.3,-6.7,17,Hero,0.47844935756395846,0.6429969256415087
1019,3.2,-6.8,18,Hero,0.5619758549663756,0.725040023525556
1020,4.7,-5.3,3,Hero,0.8395523428916931,0.37939595182736713
1021,-5.8999999999999995,4.1000000000000005,9,Villain,0.41993968851036495,0.7660595526297888
1022,4.300000000000001,-5.699999999999999,7,Hero,0.7397244444915226,0.6561943452273097
1023,4.0,-6.0,10,Hero,0.7617733895778656,0.8021152213215827
1024,4.2,-5.8,8,Hero,0.6329118944704533,0.8685262948274612
1025,4.300000000000001,-5.699999999999999,7,Hero,0.6651382318564824,0.6582028940320015
1026,3.7,-6.3,13,Hero,0.5774646246662507,0.78304467522181
1027,4.0,-6.0,10,Hero,0.651456543803215,0.6237000830471515
1028,4.5,-5.5,5,Hero,0.47250100076198576,0.7117012768983841
1029,4.300000000000001,-5.699999999999999,7,Hero,0.8334887623786926,0.671084072973047
1030,4.0,-6.0,10,Hero,0.7623499929904938,0.8916459262371064
1031,4.0,-6.0,10,Hero,0.836848683655262,0.6181633128784597
1032,3.6000000000000005,-6.3999999999999995,14,Hero,0.5211102677775281,0.7331703895969051
1033,4.9,-5.1,1,Hero,0.8041574358940125,0.9219129085540771
1034,4.800000000000001,-5.199999999999999,2,Hero,0.6573050320148468,0.8703696429729462
1035,2.5999999999999996,-7.4,24,Hero,0.6176299937069416,0.7084800141553084
1036,1.899999999999999,-8.100000000000001,31,Hero,0.5295145256865409,0.7803943695560578
1037,4.9,-5.1,1,Hero,0.8615608811378479,0.9282926917076111
1038,3.0,-7.0,20,Hero,0.7186569884419441,0.8180408984422683
1039,3.8000000000000007,-6.199999999999999,12,Hero,0.7033045912782351,0.8986475666364034
1040,3.8000000000000007,-6.199999999999999,12,Hero,0.6441000029444695,0.8576099822918574
1041,3.5,-6.5,15,Hero,0.6219245652357738,0.7138814836740494
1042,3.0999999999999996,-6.9,19,Hero,0.5278637856245041,0.8054898181243947
1043,3.0999999999999996,-6.9,19,Hero,0.5661455698703465,0.5862847360733309
1044,4.9,-5.1,1,Hero,0.3592020869255066,0.9416559934616089
1045,-5.1,4.9,1,Villain,0.98419189453125,0.8701118230819702
1046,3.9000000000000004,-6.1,11,Hero,0.6936261870644309,0.7639887217770923
1047,3.9000000000000004,-6.1,11,Hero,0.6786412109028209,0.9241744388233532
1048,4.2,-5.8,8,Hero,0.7156801111996174,0.6892038891091943
1049,2.9,-7.1,21,Hero,0.6461913865503102,0.8831529844374884
1050,3.3,-6.7,17,Hero,0.6162671096184674,0.6564306811813045
1051,4.4,-5.6,6,Hero,0.6918534139792124,0.8785971899827322
1052,4.4,-5.6,6,Hero,0.6081386928757032,0.9029857913653055
1053,4.9,-5.1,1,Hero,0.8811420202255249,0.9146444201469421
1054,3.4000000000000004,-6.6,16,Hero,0.5644892761483788,0.7354501533409348
1055,4.1000000000000005,-5.8999999999999995,9,Hero,0.618823872672187,0.9133599599202474
1056,2.5999999999999996,-7.4,24,Hero,0.493075813477238,0.6592905344441533
1057,4.300000000000001,-5.699999999999999,7,Hero,0.6417909892542022,0.8856674177306039
1058,3.7,-6.3,13,Hero,0.602958470582962,0.8828927966264578
1059,4.1000000000000005,-5.8999999999999995,9,Hero,0.795789510011673,0.8384487144649029
1060,4.5,-5.5,5,Hero,0.6897168219089508,0.9329724431037902
1061,3.9000000000000004,-6.1,11,Hero,0.5937689082189039,0.81703336130489
1062,4.800000000000001,-5.199999999999999,2,Hero,0.6079152524471283,0.9370191991329193
1063,3.8000000000000007,-6.199999999999999,12,Hero,0.682617242137591,0.912504201134046
1064,3.2,-6.8,18,Hero,0.518031615143021,0.843493878427479
1065,-5.5,4.5,5,Villain,0.759921309351921,0.9215017437934876
1066,3.7,-6.3,13,Hero,0.6142340233692756,0.7563590275553557
1067,4.0,-6.0,10,Hero,0.8213469445705414,0.9088097393512726
1068,4.0,-6.0,10,Hero,0.728446763753891,0.9459675073623657
1069,3.6000000000000005,-6.3999999999999995,14,Hero,0.6261166653462819,0.4191947289343391
1070,4.1000000000000005,-5.8999999999999995,9,Hero,0.6910397609074911,0.8961208131578233
1071,3.6000000000000005,-6.3999999999999995,14,Hero,0.7094865483897073,0.776596371616636
1072,4.7,-5.3,3,Hero,0.6588936497767767,0.899300217628479
1073,4.300000000000001,-5.699999999999999,7,Hero,0.6413777428013938,0.8996056233133588
1074,4.300000000000001,-5.699999999999999,7,Hero,0.5414547962801797,0.7808520091431481
1075,4.300000000000001,-5.699999999999999,7,Hero,0.6819189148289817,0.93830235515322
1076,3.4000000000000004,-6.6,16,Hero,0.6252417899668217,0.8711447038804181
1077,4.0,-6.0,10,Hero,0.6688794732093811,0.9279448866844178
1078,3.9000000000000004,-6.1,11,Hero,0.6259499476714567,0.8507195765321905
1079,4.300000000000001,-5.699999999999999,7,Hero,0.7913720011711121,0.8879115922110421
1080,4.1000000000000005,-5.8999999999999995,9,Hero,0.7263828234540092,0.8908278544743856
1081,4.6000000000000005,-5.3999999999999995,4,Hero,0.6268750354647636,0.6833189716562629
1082,3.0999999999999996,-6.9,19,Hero,0.6058477743675834,0.8149300053421604
1083,4.5,-5.5,5,Hero,0.9762841105461121,0.716853610612452
1084,4.2,-5.8,8,Hero,0.6990728192031384,0.8233240386471152
1085,4.6000000000000005,-5.3999999999999995,4,Hero,0.5460051447153091,0.9562158584594727
1086,4.1000000000000005,-5.8999999999999995,9,Hero,0.6706219679779477,0.6060562142067485
1087,3.9000000000000004,-6.1,11,Hero,0.6284493018280376,0.8217165896838362
1088,3.7,-6.3,13,Hero,0.6181576091509599,0.8374241246626928
1089,4.5,-5.5,5,Hero,0.7455607831478119,0.9540825247764587
1090,4.4,-5.6,6,Hero,0.9470838308334351,0.7702769686778387
1091,3.4000000000000004,-6.6,16,Hero,0.663656996563077,0.766939084045589
1092,4.300000000000001,-5.699999999999999,7,Hero,0.6038656107016972,0.9588870235851833
1093,4.0,-6.0,10,Hero,0.6587656617164612,0.8042327485978603
1094,3.3,-6.7,17,Hero,0.5806920423227198,0.6923590483253493
1095,4.7,-5.3,3,Hero,0.9686564405759176,0.9423750440279642
1096,4.300000000000001,-5.699999999999999,7,Hero,0.9786454013415745,0.7756702581952725
1097,3.8000000000000007,-6.199999999999999,12,Hero,0.5502944514155388,0.8074848434577385
1098,4.2,-5.8,8,Hero,0.9588689431548119,0.9234612435102463
1099,4.1000000000000005,-5.8999999999999995,9,Hero,0.7399586505360074,0.9319236410988702
1100,3.9000000000000004,-6.1,11,Hero,0.6162376539273695,0.9019329168579795
1101,4.2,-5.8,8,Hero,0.6315668560564518,0.7090684822760522
1102,-5.8999999999999995,4.1000000000000005,9,Villain,0.7293964392609067,0.9017853008376228
1103,4.6000000000000005,-5.3999999999999995,4,Hero,0.5436163544654846,0.9534884095191956
1104,3.6000000000000005,-6.3999999999999995,14,Hero,0.6057816381965365,0.956399645124163
1105,4.5,-5.5,5,Hero,0.5436751186847687,0.9156402468681335
1106,2.5999999999999996,-7.4,24,Hero,0.5123383921260635,0.7571017232936962
1107,3.9000000000000004,-6.1,11,Hero,0.7721676934849132,0.959035336971283
1108,4.5,-5.5,5,Hero,0.6082148611545563,0.9154217958450317
1109,4.4,-5.6,6,Hero,0.5757856170336405,0.9425950845082601
1110,4.9,-5.1,1,Hero,0.6401530504226685,0.913236141204834
1111,3.2,-6.8,18,Hero,0.4680781844072044,0.8628845199321707
1112,-5.6,4.4,6,Villain,0.6795281420151392,0.7964605235805114
1113,4.0,-6.0,10,Hero,0.7676670283079148,0.7433057948946953
1114,-5.6,4.4,6,Villain,0.5277691235144933,0.7862837449647486
1115,3.5,-6.5,15,Hero,0.5784091413021087,0.9220076441764832
1116,4.1000000000000005,-5.8999999999999995,9,Hero,0.7201227752698792,0.8969354497061836
1117,3.9000000000000004,-6.1,11,Hero,0.6173031492666765,0.745576028119434
1118,4.6000000000000005,-5.3999999999999995,4,Hero,0.7482222616672516,0.674220566637814
1119,4.0,-6.0,10,Hero,0.8594538033008575,0.9166747152805328
1120,4.6000000000000005,-5.3999999999999995,4,Hero,0.6546465754508972,0.9396588802337646
1121,-5.1,4.9,1,Villain,0.613377034664154,0.8640390038490295
1122,3.7,-6.3,13,Hero,0.6051332973516904,0.9036123844293448
1123,-6.199999999999999,3.8000000000000007,12,Villain,0.6818052766223749,0.7565606712984542
1124,4.5,-5.5,5,Hero,0.6472189545631408,0.7451847046613693
1125,4.300000000000001,-5.699999999999999,7,Hero,0.7063194939068386,0.9429504786218915
1126,4.1000000000000005,-5.8999999999999995,9,Hero,0.7874698274665408,0.8891008165147569
1127,4.1000000000000005,-5.8999999999999995,9,Hero,0.8902476347155042,0.8105306136939261
1128,3.8000000000000007,-6.199999999999999,12,Hero,0.6864369337757429,0.7996440439795455
1129,4.7,-5.3,3,Hero,0.9824484388033549,0.9295869668324789
1130,-6.1,3.9000000000000004,11,Villain,0.5575572394511916,0.8152954348108985
1131,3.4000000000000004,-6.6,16,Hero,0.6362315365367976,0.8156222584657371
1132,3.9000000000000004,-6.1,11,Hero,0.7718002525242892,0.9302152774550698
1133,3.2,-6.8,18,Hero,0.577197560419639,0.5719766409860717
1134,2.9,-7.1,21,Hero,0.5265000849252656,0.7700784655199164
1135,3.4000000000000004,-6.6,16,Hero,0.6058677192777395,0.6752303118119016
1136,4.2,-5.8,8,Hero,0.6952740848064423,0.8104400672018528
1137,-5.6,4.4,6,Villain,0.8171484023332596,0.9127213855584463
1138,4.300000000000001,-5.699999999999999,7,Hero,0.847343270267759,0.6846406172428813
1139,4.0,-6.0,10,Hero,0.7942640483379364,0.9466050326824188
1140,4.7,-5.3,3,Hero,0.536811093489329,0.9215297102928162
1141,4.1000000000000005,-5.8999999999999995,9,Hero,0.7704993651972877,0.8299890632430712
1142,4.0,-6.0,10,Hero,0.6005489960312843,0.8578884065151214
1143,4.2,-5.8,8,Hero,0.7731747664511204,0.8329270842950791
1144,4.2,-5.8,8,Hero,0.6559278853237629,0.8273979839868844
1145,4.2,-5.8,8,Hero,0.9782965630292892,0.825936306733638
1146,3.2,-6.8,18,Hero,0.6053979082239999,0.7653749667935901
1147,4.7,-5.3,3,Hero,0.8851274450620016,0.9564610918362936
1148,4.2,-5.8,8,Hero,0.6638087034225464,0.9485426619648933
1149,-5.3999999999999995,4.6000000000000005,4,Villain,0.9357679188251495,0.9353749454021454
1150,3.5,-6.5,15,Hero,0.6103644013404846,0.9329378048578898
1151,2.9,-7.1,21,Hero,0.5447730698755809,0.8317132278212479
1152,-4.999999999999998,-4.999999999999998,50,None,0.7432743993401527,0.8242342405859381
1153,-5.3999999999999995,4.6000000000000005,4,Villain,0.4234312977641821,0.963566467165947
1154,-4.999999999999998,-4.999999999999998,50,None,0.9611701118946075,0.8474098960589618
1155,-4.999999999999998,-4.999999999999998,50,None,0.9583517622202635,0.9039183449745178
1156,-4.999999999999998,-4.999999999999998,50,None,0.9992786395549774,0.8456979652121663
1157,4.5,-5.5,5,Hero,0.41483952552080156,0.9646383285522461
1158,-4.999999999999998,-4.999999999999998,50,None,0.3507755659520626,0.7165829839557409
1159,4.800000000000001,-5.199999999999999,2,Hero,0.8411259651184082,0.9579183161258698
1160,-4.999999999999998,-4.999999999999998,50,None,0.892446290999651,0.9171255616098642
1161,2.4999999999999996,-7.5,25,Hero,0.5146048212051392,0.9287336254119873
1162,3.5,-6.5,15,Hero,0.6080839266379674,0.8155912523468335
1163,3.7,-6.3,13,Hero,0.7543439681713398,0.8451726115666903
1164,3.7,-6.3,13,Hero,0.5277687322321492,0.9326121348601121
1165,2.5999999999999996,-7.4,24,Hero,0.5587251888743291,0.7806156955969831
1166,4.300000000000001,-5.699999999999999,7,Hero,0.9931617294039045,0.8083257323929242
1167,-4.999999999999998,-4.999999999999998,50,None,0.6677620398998261,0.8063666322268546
1168,3.2,-6.8,18,Hero,0.5582668260904029,0.712572883348912
1169,-4.999999999999998,-4.999999999999998,50,None,0.8017976014409214,0.8657128588482738
1170,4.1000000000000005,-5.8999999999999995,9,Hero,0.5846389515532388,0.82800200002061
1171,4.6000000000000005,-5.3999999999999995,4,Hero,0.9673917293548584,0.9702526032924652
1172,-4.999999999999998,-4.999999999999998,50,None,0.970811587893404,0.8661385570652783
1173,3.9000000000000004,-6.1,11,Hero,0.5986259498379447,0.9204472411762584
1174,3.5,-6.5,15,Hero,0.661338226000468,0.8631982525189718
1175,-4.999999999999998,-4.999999999999998,50,None,0.941288765668869,0.8813417130708694
1176,4.300000000000001,-5.699999999999999,7,Hero,0.6384596122162682,0.8138613939019186
1177,-4.999999999999998,-4.999999999999998,50,None,0.8728649860527367,0.8805551823973655
1178,2.4999999999999996,-7.5,25,Hero,0.6654012084007264,0.8255823654308915
1179,4.7,-5.3,3,Hero,0.7239219745000204,0.9668747385342916
1180,3.7,-6.3,13,Hero,0.6695832260526143,0.8722438055735368
1181,-6.7,3.3,17,Villain,0.49599593658657637,0.953158602995031
1182,4.7,-5.3,3,Hero,0.7054067999124527,0.9483175277709961
1183,4.1000000000000005,-5.8999999999999995,9,Hero,0.7493851714664035,0.9578152034017775
1184,3.4000000000000004,-6.6,16,Hero,0.5504683889448643,0.7894968749023974
1185,4.0,-6.0,10,Hero,0.543613959569484,0.9467835903167725
1186,4.0,-6.0,10,Hero,0.5952995449304581,0.957457160949707
1187,4.7,-5.3,3,Hero,0.9350815216700236,0.639790183554093
1188,-4.999999999999998,-4.999999999999998,50,None,0.6885542294383049,0.9313189041614532
1189,3.4000000000000004,-6.6,16,Hero,0.7417156263254583,0.948292251676321
1190,4.6000000000000005,-5.3999999999999995,4,Hero,0.5544009134173393,0.9588736295700073
1191,4.6000000000000005,-5.3999999999999995,4,Hero,0.6370740011334419,0.9493318498134613
1192,0.6999999999999993,-9.3,43,Hero,0.6895732873141073,0.8306206015999927
1193,0.5999999999999996,-9.4,44,Hero,0.7753142328424887,0.8879485598511316
1194,4.4,-5.6,6,Hero,0.9992473324139913,0.9695299863815308
1195,1.4999999999999987,-8.500000000000002,35,Hero,0.5425143039652279,0.8565872541495732
1196,3.7,-6.3,13,Hero,0.7773340688301966,0.9687057458437406
1197,-4.999999999999998,-4.999999999999998,50,None,0.7058097666501999,0.7992006382346153
1198,2.9,-7.1,21,Hero,0.787119634449482,0.9195098264054173
1199,2.1999999999999993,-7.800000000000001,28,Hero,0.7064273682023797,0.8338997438549995
1200,3.6000000000000005,-6.3999999999999995,14,Hero,0.6773179663079125,0.9578430652618408
1201,4.5,-5.5,5,Hero,0.593298590183258,0.9813514351844788
1202,3.0,-7.0,20,Hero,0.6781697776168585,0.8921364717185497
1203,3.5,-6.5,15,Hero,0.6360015014807383,0.9507421334584554
1204,4.800000000000001,-5.199999999999999,2,Hero,0.9923429191112518,0.9807698726654053
1205,3.5,-6.5,15,Hero,0.6495475639899572,0.887359452744325
1206,0.3000000000000007,-9.7,47,Hero,0.5459624459927387,0.9001674071905461
1207,2.3999999999999995,-7.6000000000000005,26,Hero,0.6616992383049085,0.8723763807748373
1208,2.5999999999999996,-7.4,24,Hero,0.6257553193718195,0.7381053970505794
1209,4.300000000000001,-5.699999999999999,7,Hero,0.6931951322725841,0.8143024045441832
1210,4.4,-5.6,6,Hero,0.6939152280489603,0.9274822970231374
1211,2.6999999999999997,-7.300000000000001,23,Hero,0.6735723893279615,0.8761263956194338
1212,4.5,-5.5,5,Hero,0.8186098337173462,0.9674314379692077
1213,3.0,-7.0,20,Hero,0.6884991977363825,0.781902053207159
1214,3.9000000000000004,-6.1,11,Hero,0.5981886698441072,0.9354408491741527
1215,4.1000000000000005,-5.8999999999999995,9,Hero,0.6971578366226621,0.9623722831408182
1216,4.4,-5.6,6,Hero,0.782629390557607,0.8022439044628603
1217,3.8000000000000007,-6.199999999999999,12,Hero,0.7211119538793961,0.8249859816084305
1218,3.4000000000000004,-6.6,16,Hero,0.8054685313254595,0.9805529229342937
1219,3.8000000000000007,-6.199999999999999,12,Hero,0.6724699785312017,0.7993834773078561
1220,-5.6,4.4,6,Villain,0.8292093475659689,0.9699738621711731
1221,3.8000000000000007,-6.199999999999999,12,Hero,0.6350777241556594,0.9218267848094305
1222,4.2,-5.8,8,Hero,0.5683748014271259,0.9545039460062981
1223,2.5999999999999996,-7.4,24,Hero,0.5357306509952954,0.8485700748860836
1224,4.9,-5.1,1,Hero,0.974699854850769,0.9746837615966797
1225,3.9000000000000004,-6.1,11,Hero,0.6118045042861592,0.9185473593798551
1226,3.8000000000000007,-6.199999999999999,12,Hero,0.6367350071668625,0.91811503469944
1227,4.4,-5.6,6,Hero,0.8046583334604899,0.9631880819797516
1228,4.0,-6.0,10,Hero,0.7389170840382576,0.9407672047615051
1229,4.2,-5.8,8,Hero,0.6113618724048138,0.9439873397350311
1230,3.0999999999999996,-6.9,19,Hero,0.584980276070143,0.6691462009360916
1231,3.7,-6.3,13,Hero,0.7038238048553467,0.5723117099931607
1232,4.1000000000000005,-5.8999999999999995,9,Hero,0.63127311401897,0.9188650051752726
1233,4.6000000000000005,-5.3999999999999995,4,Hero,0.6278221160173416,0.7175928903743625
1234,4.6000000000000005,-5.3999999999999995,4,Hero,0.7542028725147247,0.9720244705677032
1235,-6.5,3.5,15,Villain,0.5326431900262832,0.8352742036183675
1236,4.0,-6.0,10,Hero,0.6707780808210373,0.9384525358676911
1237,4.300000000000001,-5.699999999999999,7,Hero,0.9772561703409467,0.9568051440375192
1238,4.9,-5.1,1,Hero,0.8343949317932129,0.9565725922584534
1239,4.2,-5.8,8,Hero,0.8203258216381073,0.8290969494264573
1240,3.8000000000000007,-6.199999999999999,12,Hero,0.7743547633290291,0.9707478930552801
1241,4.6000000000000005,-5.3999999999999995,4,Hero,0.6336013525724411,0.9767135828733444
1242,3.8000000000000007,-6.199999999999999,12,Hero,0.6869263971845309,0.8421369735151529
1243,4.2,-5.8,8,Hero,0.6252955514937639,0.9701454415917397
1244,4.6000000000000005,-5.3999999999999995,4,Hero,0.7589507400989532,0.9763362258672714
1245,4.9,-5.1,1,Hero,0.8281248807907104,0.0031087070237845182
1246,4.0,-6.0,10,Hero,0.8160785436630249,0.9729242563247681
1247,4.0,-6.0,10,Hero,0.5522471576929092,0.9676351964473724
1248,4.1000000000000005,-5.8999999999999995,9,Hero,0.9182241625256009,0.8544755075126886
1249,-5.8999999999999995,4.1000000000000005,9,Villain,0.775463193655014,0.9407309359974332
1250,-5.1,4.9,1,Villain,0.9993164539337158,0.9492338299751282
1251,3.9000000000000004,-6.1,11,Hero,0.840573332526467,0.947855906053023
1252,1.9999999999999991,-8.0,30,Hero,0.6106399257977804,0.8506856452673673
1253,4.5,-5.5,5,Hero,0.638719791173935,0.9411838531494141
1254,3.8000000000000007,-6.199999999999999,12,Hero,0.8353676795959473,0.8840455875421563
1255,3.7,-6.3,13,Hero,0.6619509137593783,0.8624359615720235
1256,4.2,-5.8,8,Hero,0.583135224878788,0.9595286399126053
1257,4.0,-6.0,10,Hero,0.5901544600725174,0.9393121600151062
1258,3.8000000000000007,-6.199999999999999,12,Hero,0.6942916934688886,0.8565980431934198
1259,3.9000000000000004,-6.1,11,Hero,0.754437573931434,0.9715484760024331
1260,4.0,-6.0,10,Hero,0.743552777171135,0.8781639577820897
1261,2.8,-7.2,22,Hero,0.578412277116017,0.851746565238996
1262,3.2,-6.8,18,Hero,0.6870204951200221,0.941129015551673
1263,3.8000000000000007,-6.199999999999999,12,Hero,0.6526479721069336,0.9241556624571482
1264,3.5,-6.5,15,Hero,0.587285632888476,0.9434761842091878
1265,4.4,-5.6,6,Hero,0.8345727125803629,0.6378908501937985
1266,4.2,-5.8,8,Hero,0.9798965230584145,0.9443703144788742
1267,4.4,-5.6,6,Hero,0.700954427321752,0.9521620372931162
1268,4.5,-5.5,5,Hero,0.7928883075714112,0.9782562017440796
1269,4.6000000000000005,-5.3999999999999995,4,Hero,0.6800645757466555,0.723736179061234
1270,4.0,-6.0,10,Hero,0.48305537849664687,0.968290239572525
1271,4.2,-5.8,8,Hero,0.9835033491253853,0.9442976862192154
1272,3.7,-6.3,13,Hero,0.5527116924954149,0.8856087409389707
1273,3.9000000000000004,-6.1,11,Hero,0.8048350242051211,0.8756312473931096
1274,4.0,-6.0,10,Hero,0.8059711746871472,0.9599216699600219
1275,4.5,-5.5,5,Hero,0.6201260283589363,0.9470366835594177
1276,4.5,-5.5,5,Hero,0.6049811482429505,0.939340603351593
1277,4.0,-6.0,10,Hero,0.5938239216804504,0.8426399867981672
1278,3.8000000000000007,-6.199999999999999,12,Hero,0.6736847298840681,0.9700929373502731
1279,-5.3,4.7,3,Villain,0.631366973121961,0.6359207816421986
1280,3.7,-6.3,13,Hero,0.6960751064694845,0.8893571431533649
1281,4.2,-5.8,8,Hero,0.8566067889332771,0.8459228104329668
1282,-5.3,4.7,3,Villain,0.9953368902206421,0.938448170820872
1283,3.0999999999999996,-6.9,19,Hero,0.6401632710507041,0.8504495279569375
1284,4.0,-6.0,10,Hero,0.5880896300077438,0.72619253937155
1285,4.2,-5.8,8,Hero,0.7616057805716991,0.9338644221425056
1286,4.0,-6.0,10,Hero,0.6886334747076035,0.8118193417787551
1287,4.300000000000001,-5.699999999999999,7,Hero,0.7561319087232862,0.9468391963413784
1288,3.9000000000000004,-6.1,11,Hero,0.7480395680124109,0.8472647998820652
1289,3.8000000000000007,-6.199999999999999,12,Hero,0.7001119131843249,0.9264032145341238
1290,3.5,-6.5,15,Hero,0.6359058228631814,0.8110287142296632
1291,3.8000000000000007,-6.199999999999999,12,Hero,0.7819650943080584,0.8664290222028891
1292,4.2,-5.8,8,Hero,0.9423702955245972,0.8278744104318321
1293,4.0,-6.0,10,Hero,0.6117120087146759,0.8394597753882408
1294,4.4,-5.6,6,Hero,0.8074153562386831,0.7938631276289622
1295,4.2,-5.8,8,Hero,0.7970705814659595,0.81963502895087
1296,2.8,-7.2,22,Hero,0.6079870875586163,0.7817218603396957
1297,3.8000000000000007,-6.199999999999999,12,Hero,0.6534893723825613,0.7219827696681023
1298,-5.1,4.9,1,Villain,0.9970490336418152,0.9390403628349304
1299,4.300000000000001,-5.699999999999999,7,Hero,0.8635665689195905,0.9400610327720642
1300,3.9000000000000004,-6.1,11,Hero,0.6750986915272237,0.9482230273160067
1301,3.0,-7.0,20,Hero,0.5021553620696068,0.6927975535392761
1302,3.8000000000000007,-6.199999999999999,12,Hero,0.7614960471789042,0.7658294842888912
1303,4.1000000000000005,-5.8999999999999995,9,Hero,0.6772280136744181,0.7055851978560289
1304,4.5,-5.5,5,Hero,0.8277929306030274,0.7545629993081093
1305,3.8000000000000007,-6.199999999999999,12,Hero,0.7883853067954382,0.6672215318928162
1306,3.9000000000000004,-6.1,11,Hero,0.7873720282858069,0.8401187780228528
1307,-5.6,4.4,6,Villain,0.8160561298330625,0.6502164167662462
1308,4.7,-5.3,3,Hero,0.6398009459177653,0.9693776567776998
1309,4.2,-5.8,8,Hero,0.6041713356971741,0.942490391433239
1310,4.0,-6.0,10,Hero,0.5742992013692856,0.8599072568118572
1311,4.800000000000001,-5.199999999999999,2,Hero,0.9780280590057373,0.9511359930038452
1312,3.9000000000000004,-6.1,11,Hero,0.5882232893596996,0.6847205852920358
1313,4.2,-5.8,8,Hero,0.9015985801815987,0.8165212953463197
1314,4.300000000000001,-5.699999999999999,7,Hero,0.688803357737405,0.40435533757720676
1315,3.5,-6.5,15,Hero,0.5816720008850098,0.7284753039479256
1316,4.2,-5.8,8,Hero,0.7688317010179162,0.8038269123062491
1317,-5.1,4.9,1,Villain,0.9200843572616577,0.055607520043849945
1318,4.1000000000000005,-5.8999999999999995,9,Hero,0.6463024715582529,0.9323362178272672
1319,3.0999999999999996,-6.9,19,Hero,0.6443239050476175,0.795430633386499
1320,3.0999999999999996,-6.9,19,Hero,0.5675330938477265,0.6961299933885273
1321,4.800000000000001,-5.199999999999999,2,Hero,0.9640747308731079,0.9356512427330017
1322,4.0,-6.0,10,Hero,0.8254087880253792,0.7271177229471505
1323,4.2,-5.8,8,Hero,0.5024703643284738,0.8109104530885816
1324,3.5,-6.5,15,Hero,0.7054137825965882,0.9266927321751912
1325,4.4,-5.6,6,Hero,0.5394685610663146,0.9067038794358572
1326,3.8000000000000007,-6.199999999999999,12,Hero,0.5166960246860981,0.8348755786816279
1327,3.7,-6.3,13,Hero,0.7924932195590093,0.6867422404197546
1328,4.9,-5.1,1,Hero,0.9140622615814209,0.9360028505325317
1329,-5.5,4.5,5,Villain,0.5901752762496472,0.902890944480896
1330,-5.199999999999999,4.800000000000001,2,Villain,0.9521332383155823,0.7414225935935974
1331,4.0,-6.0,10,Hero,0.7711598202586174,0.8394050523638725
1332,4.1000000000000005,-5.8999999999999995,9,Hero,0.6976891689830356,0.7864513968427976
1333,2.8,-7.2,22,Hero,0.724504526365887,0.8916574574329637
1334,2.5999999999999996,-7.4,24,Hero,0.4573551642242819,0.4624853495818873
1335,-4.999999999999998,-4.999999999999998,50,None,0.47485348731279375,0.6872927390411496
1336,4.2,-5.8,8,Hero,0.7624523192644119,0.8299051774665713
1337,4.4,-5.6,6,Hero,0.5799333192408085,0.6300061435128251
1338,4.1000000000000005,-5.8999999999999995,9,Hero,0.684549586640464,0.8019562380181419
1339,4.7,-5.3,3,Hero,0.6178018885354201,0.9689958294232687
1340,3.9000000000000004,-6.1,11,Hero,0.8008275817741047,0.6674772793935104
1341,3.8000000000000007,-6.199999999999999,12,Hero,0.6235409093399843,0.7732243205731114
1342,3.5,-6.5,15,Hero,0.6105879517892997,0.8061863938967387
1343,-5.699999999999999,4.300000000000001,7,Villain,0.39371346150125774,0.39688414548124584
1344,4.4,-5.6,6,Hero,0.7382221768299738,0.9327145516872406
1345,4.1000000000000005,-5.8999999999999995,9,Hero,0.5751756856657771,0.9328231083022224
1346,3.2,-6.8,18,Hero,0.5363336586289935,0.8381242702404658
1347,3.9000000000000004,-6.1,11,Hero,0.754780727353963,0.7449821599505164
1348,2.9,-7.1,21,Hero,0.6080051735043526,0.790436884477025
1349,4.300000000000001,-5.699999999999999,7,Hero,0.6516995813165393,0.9374576381274632
1350,4.1000000000000005,-5.8999999999999995,9,Hero,0.5703658064206442,0.8454313928054439
1351,3.2,-6.8,18,Hero,0.44159319893353516,0.7552370722923014
1352,3.9000000000000004,-6.1,11,Hero,0.7557790794155814,0.761449477889321
1353,4.0,-6.0,10,Hero,0.6165536224842072,0.9334220230579376
1354,3.9000000000000004,-6.1,11,Hero,0.6629539972001856,0.6522185479883443
1355,3.9000000000000004,-6.1,11,Hero,0.690845018083399,0.820280450311574
1356,-5.8999999999999995,4.1000000000000005,9,Villain,0.567418178750409,0.8295915130939748
1357,3.6000000000000005,-6.3999999999999995,14,Hero,0.6671090221830777,0.6724956131407193
1358,4.4,-5.6,6,Hero,0.7672219177087148,0.788808905829986
1359,4.2,-5.8,8,Hero,0.7087282277643681,0.8022252043010667
1360,3.6000000000000005,-6.3999999999999995,14,Hero,0.7139468310134751,0.7179720598672118
1361,3.2,-6.8,18,Hero,0.5752750097049607,0.7119546578162246
1362,3.9000000000000004,-6.1,11,Hero,0.7059390219775113,0.8090025958689776
1363,4.4,-5.6,6,Hero,0.6215804666280746,0.7962746135890484
1364,4.1000000000000005,-5.8999999999999995,9,Hero,0.8818593637810813,0.6238593997226821
1365,4.5,-5.5,5,Hero,0.5265257894992829,0.9478677153587342
1366,3.4000000000000004,-6.6,16,Hero,0.6001734221354127,0.7896567827556282
1367,4.5,-5.5,5,Hero,0.642601391673088,0.7437992120627314
1368,3.5,-6.5,15,Hero,0.6814101916039362,0.8486404180526733
1369,4.1000000000000005,-5.8999999999999995,9,Hero,0.5947311686144935,0.92505192094379
1370,3.0999999999999996,-6.9,19,Hero,0.5902821939242514,0.6675350152348217
1371,4.2,-5.8,8,Hero,0.7177239805459976,0.9037414044141769
1372,3.5,-6.5,15,Hero,0.6373792608579,0.7131144990523656
1373,4.1000000000000005,-5.8999999999999995,9,Hero,0.6812705000241598,0.9032122426562839
1374,4.7,-5.3,3,Hero,0.6934081713358561,0.9474802414576212
1375,4.9,-5.1,1,Hero,0.7184016704559326,0.9512527585029602
1376,3.7,-6.3,13,Hero,0.6990327021250358,0.7863038150736918
1377,-5.8,4.2,8,Villain,0.7297965064644814,0.6887114520650357
1378,4.300000000000001,-5.699999999999999,7,Hero,0.8199408437524524,0.7846658719437463
1379,4.4,-5.6,6,Hero,0.5348374384144942,0.7821948658674955
1380,3.9000000000000004,-6.1,11,Hero,0.5751984891566363,0.7687641507522627
1381,3.8000000000000007,-6.199999999999999,12,Hero,0.6212616239984831,0.7827306650578976
1382,4.4,-5.6,6,Hero,0.9291284481684366,0.916956235965093
1383,3.9000000000000004,-6.1,11,Hero,0.6783931499177759,0.8584363297982649
1384,-7.700000000000001,2.2999999999999994,27,Villain,0.7848997712135315,0.738616449965371
1385,3.9000000000000004,-6.1,11,Hero,0.8200717798688195,0.7333803271705454
1386,4.0,-6.0,10,Hero,0.5857598543167114,0.715977468714118
1387,-8.100000000000001,1.899999999999999,31,Villain,0.7258910349299831,0.841178749838183
1388,0.5,-9.5,45,Hero,0.682289824841751,0.7380965441465378
1389,3.9000000000000004,-6.1,11,Hero,0.7490236569534648,0.5634560530835931
1390,4.0,-6.0,10,Hero,0.8692163050174713,0.7053864762187004
1391,3.9000000000000004,-6.1,11,Hero,0.6206156719814647,0.6512293923984874
1392,4.4,-5.6,6,Hero,0.7466914504766464,0.8559424181779226
1393,3.0999999999999996,-6.9,19,Hero,0.6438405215740204,0.8288951186757338
1394,3.7,-6.3,13,Hero,0.7159592715593485,0.6709276924912746
1395,4.1000000000000005,-5.8999999999999995,9,Hero,0.98823391728931,0.7830966437856356
1396,4.2,-5.8,8,Hero,0.7959413081407547,0.48417606204748154
1397,-5.1,4.9,1,Villain,0.834218442440033,0.8760088086128235
1398,3.9000000000000004,-6.1,11,Hero,0.7355455729094419,0.7236408144235611
1399,2.4999999999999996,-7.5,25,Hero,0.6016496121883392,0.7259152060747147
1400,0.40000000000000036,-9.6,46,Hero,0.8217017608492271,0.853732878352394
1401,4.800000000000001,-5.199999999999999,2,Hero,0.5008599162101746,0.8993333876132965
1402,2.4999999999999996,-7.5,25,Hero,0.876654276996851,0.724050158560276
1403,1.3999999999999986,-8.600000000000001,36,Hero,0.8353627090238862,0.8513306900858879
1404,4.6000000000000005,-5.3999999999999995,4,Hero,0.7350126318633556,0.7032882869243622
1405,-5.8,4.2,8,Villain,0.8696634273510426,0.48308684793300927
1406,3.0999999999999996,-6.9,19,Hero,0.6857958835990805,0.8384456254149738
1407,4.9,-5.1,1,Hero,0.9943116903305054,0.9197996854782104
1408,4.7,-5.3,3,Hero,0.991004208723704,0.8909473816553751
1409,-6.1,3.9000000000000004,11,Villain,0.990634333003651,0.735429586334662
1410,4.4,-5.6,6,Hero,0.6570564433932304,0.6205882815023264
1411,3.5,-6.5,15,Hero,0.6254537562529247,0.7197825352350871
1412,2.099999999999999,-7.9,29,Hero,0.5612238067491301,0.5406605461291198
1413,4.1000000000000005,-5.8999999999999995,9,Hero,0.9922326074706184,0.5462447040610843
1414,4.300000000000001,-5.699999999999999,7,Hero,0.6670509874820709,0.7145020397646087
1415,3.8000000000000007,-6.199999999999999,12,Hero,0.6761329215951264,0.8427741924921671
1416,4.7,-5.3,3,Hero,0.7027109165986379,0.8556422392527262
1417,3.0,-7.0,20,Hero,0.6140109840780497,0.5924039263278246
1418,1.4999999999999987,-8.500000000000002,35,Hero,0.8155162180108684,0.6693668011043753
1419,-4.999999999999998,-4.999999999999998,50,None,0.8143654394149781,0.6874551412463188
1420,-4.999999999999998,-4.999999999999998,50,None,0.9172651922702789,0.7164518037438392
1421,4.4,-5.6,6,Hero,0.7253057261308035,0.8087562719980875
1422,-5.699999999999999,4.300000000000001,7,Villain,0.9755035298211234,0.6540442407131195
1423,-9.5,0.5,45,Villain,0.8348281225396528,0.6949676726427343
1424,-5.8,4.2,8,Villain,0.400590380653739,0.32064166851341724
1425,3.5,-6.5,15,Hero,0.6886901319026947,0.6680079917112987
1426,4.9,-5.1,1,Hero,0.40498480200767517,0.8773244619369507
1427,3.9000000000000004,-6.1,11,Hero,0.5956730165264823,0.5858912840485573
1428,3.3,-6.7,17,Hero,0.6552825079244726,0.7039713105734657
1429,3.3,-6.7,17,Hero,0.5439730295363594,0.6900871273349313
1430,3.4000000000000004,-6.6,16,Hero,0.6348762437701225,0.5305680758319795
1431,4.7,-5.3,3,Hero,0.6724844699104627,0.8734854658444723
1432,3.0999999999999996,-6.9,19,Hero,0.6558128814948233,0.6945421454055529
1433,4.1000000000000005,-5.8999999999999995,9,Hero,0.7928360733720992,0.6608799522121748
1434,2.8,-7.2,22,Hero,0.8147250352935358,0.8289380744099617
1435,3.6000000000000005,-6.3999999999999995,14,Hero,0.6891460248402187,0.7241324734474931
1436,2.6999999999999997,-7.300000000000001,23,Hero,0.7809141174606655,0.7604075531961153
1437,-5.3999999999999995,4.6000000000000005,4,Villain,0.996021181344986,0.8087004870176315
1438,4.800000000000001,-5.199999999999999,2,Hero,0.6456986963748932,0.8969634473323822
1439,3.4000000000000004,-6.6,16,Hero,0.6065450366586447,0.6012818049639463
1440,4.7,-5.3,3,Hero,0.9015646179517111,0.629299042125543
1441,-7.300000000000001,2.6999999999999997,23,Villain,0.6784724489502285,0.733536184117522
1442,4.6000000000000005,-5.3999999999999995,4,Hero,0.7001514956355095,0.7186644840985537
1443,4.1000000000000005,-5.8999999999999995,9,Hero,0.6369508769777086,0.7958490699529648
1444,4.4,-5.6,6,Hero,0.7573802769184113,0.916560043891271
1445,4.6000000000000005,-5.3999999999999995,4,Hero,0.6347850263118744,0.9194164127111435
1446,4.1000000000000005,-5.8999999999999995,9,Hero,0.8972908986939324,0.7017933825651804
1447,4.0,-6.0,10,Hero,0.7203789949417114,0.696570010483265
1448,4.1000000000000005,-5.8999999999999995,9,Hero,0.5315973228878446,0.7879853387777176
1449,4.300000000000001,-5.699999999999999,7,Hero,0.565730882542474,0.9072344388280597
1450,3.8000000000000007,-6.199999999999999,12,Hero,0.7739645143349966,0.7940954479078451
1451,4.1000000000000005,-5.8999999999999995,9,Hero,0.9715648293495178,0.6846642831547393
1452,3.7,-6.3,13,Hero,0.6420201131930718,0.7405589750179877
1453,3.6000000000000005,-6.3999999999999995,14,Hero,0.6150885639446122,0.7026665349091802
1454,-5.1,4.9,1,Villain,0.9829459190368652,0.1874927133321762
1455,4.9,-5.1,1,Hero,0.4857950508594513,0.9304717183113098
1456,3.7,-6.3,13,Hero,0.6984196144800919,0.7667586711736826
1457,4.2,-5.8,8,Hero,0.6627622917294502,0.7910187765955925
1458,3.9000000000000004,-6.1,11,Hero,0.7129019932313398,0.703649328513579
1459,3.4000000000000004,-6.6,16,Hero,0.667748810723424,0.6061183577403426
1460,-5.1,4.9,1,Villain,0.9584417343139648,0.7712595462799072
1461,4.0,-6.0,10,Hero,0.7709425985813141,0.6265106186270714
1462,-6.5,3.5,15,Villain,0.6596438472469648,0.5836628268162409
1463,4.0,-6.0,10,Hero,0.5016985215246678,0.6958338737487793
1464,4.4,-5.6,6,Hero,0.8047434935967127,0.859510729710261
1465,4.1000000000000005,-5.8999999999999995,9,Hero,0.7904416918754578,0.7698928962151209
1466,4.0,-6.0,10,Hero,0.8500027745962143,0.7793837577104569
1467,3.9000000000000004,-6.1,11,Hero,0.6077645177190955,0.6442696154117584
1468,3.5,-6.5,15,Hero,0.5756462166706721,0.6725306560595831
1469,4.300000000000001,-5.699999999999999,7,Hero,0.6139158989701953,0.6636880348835673
1470,1.899999999999999,-8.100000000000001,31,Hero,0.6224695328743227,0.6805767645278284
1471,-5.199999999999999,4.800000000000001,2,Villain,0.9972151815891266,0.7947431206703186
1472,2.2999999999999994,-7.700000000000001,27,Hero,0.6907170017560323,0.8510935869481828
1473,1.6999999999999988,-8.3,33,Hero,0.5945018158491814,0.5719881118698553
1474,0.40000000000000036,-9.6,46,Hero,0.8987281166179024,0.7639241315495304
1475,-4.999999999999998,-4.999999999999998,50,None,0.8905648741126061,0.7548849909380079
1476,1.9999999999999991,-8.0,30,Hero,0.7923124431322018,0.7746907551772892
1477,1.799999999999999,-8.200000000000001,32,Hero,0.7878368641249835,0.7994492748985067
1478,3.7,-6.3,13,Hero,0.7480016892346052,0.9198040870519785
1479,0.9999999999999982,-9.000000000000002,40,Hero,0.853670385107398,0.8062714651226998
1480,-5.3999999999999995,4.6000000000000005,4,Villain,0.5574145838618279,0.7631113976240158
1481,-6.199999999999999,3.8000000000000007,12,Villain,0.5136248717705408,0.9014531224966049
1482,1.799999999999999,-8.200000000000001,32,Hero,0.8344913644250482,0.7651191051118076
1483,-5.5,4.5,5,Villain,0.7055694967508316,0.928951895236969
1484,-5.6,4.4,6,Villain,0.5054698164264361,0.8538383940855662
1485,-4.999999999999998,-4.999999999999998,50,None,0.7152782948315144,0.7678397531807423
1486,-6.1,3.9000000000000004,11,Villain,0.597245296294039,0.8398985253138975
1487,4.300000000000001,-5.699999999999999,7,Hero,0.8415171924446311,0.9515823807035174
1488,4.7,-5.3,3,Hero,0.9990381797154745,0.9749956925710043
1489,3.7,-6.3,13,Hero,0.5776962635035698,0.8426739487510461
1490,3.9000000000000004,-6.1,11,Hero,0.68561121144078,0.9097366333007812
1491,4.300000000000001,-5.699999999999999,7,Hero,0.986170939036778,0.9341811878340585
1492,4.0,-6.0,10,Hero,0.6710860371589661,0.8798986554145813
1493,4.4,-5.6,6,Hero,0.7974831412235895,0.9297776520252228
1494,3.9000000000000004,-6.1,11,Hero,0.7080690589818087,0.9333884770219977
1495,3.8000000000000007,-6.199999999999999,12,Hero,0.6648857916394869,0.8662641424064835
1496,4.2,-5.8,8,Hero,0.6204261481761932,0.9207422658801079
1497,3.5,-6.5,15,Hero,0.6766147176424663,0.7040811439355215
1498,-5.8999999999999995,4.1000000000000005,9,Villain,0.8248111986451678,0.9429237643877665
1499,4.0,-6.0,10,Hero,0.5704908788204193,0.932107824087143
1500,4.5,-5.5,5,Hero,0.8441476702690125,0.7740699615329504
1501,4.6000000000000005,-5.3999999999999995,4,Hero,0.7226146906614304,0.968167245388031
1502,4.7,-5.3,3,Hero,0.9461483359336853,0.9536134799321493
1503,4.300000000000001,-5.699999999999999,7,Hero,0.8563931073461261,0.9678248848233905
1504,4.1000000000000005,-5.8999999999999995,9,Hero,0.9737589822875129,0.9479851788944669
1505,3.6000000000000005,-6.3999999999999995,14,Hero,0.6898097742481956,0.7493303104170731
1506,4.4,-5.6,6,Hero,0.9160055220127106,0.9588905771573385
1507,4.4,-5.6,6,Hero,0.5561313033103943,0.8123949693981558
1508,3.2,-6.8,18,Hero,0.6559369191527367,0.6971852278543843
1509,3.3,-6.7,17,Hero,0.584815081428079,0.8131004646420479
1510,4.9,-5.1,1,Hero,0.9636662602424622,0.9798665046691895
1511,4.2,-5.8,8,Hero,0.6789310174062848,0.9479443207383156
1512,4.4,-5.6,6,Hero,0.6535318940877914,0.9555381039778391
1513,4.2,-5.8,8,Hero,0.8331773690879345,0.8514368544565514
1514,4.4,-5.6,6,Hero,0.6766348655025164,0.9544999301433563
1515,4.5,-5.5,5,Hero,0.6304559588432312,0.9695204019546508
1516,4.300000000000001,-5.699999999999999,7,Hero,0.7781394464629037,0.7900894081685692
1517,-5.3999999999999995,4.6000000000000005,4,Villain,0.9945574700832367,0.9577372670173645
1518,3.2,-6.8,18,Hero,0.6044710733824306,0.6686132326722145
1519,3.5,-6.5,15,Hero,0.6570178687572479,0.7904647330443064
1520,-5.699999999999999,4.300000000000001,7,Villain,0.7688056102820805,0.9170552321842739
1521,4.2,-5.8,8,Hero,0.8719639554619789,0.6798195606097579
1522,4.300000000000001,-5.699999999999999,7,Hero,0.9829678535461426,0.7959418392607144
1523,4.1000000000000005,-5.8999999999999995,9,Hero,0.7939239343007406,0.9249387582143148
1524,4.2,-5.8,8,Hero,0.6791087128221989,0.9787414371967316
1525,3.7,-6.3,13,Hero,0.7117011588639938,0.7623809123268495
1526,4.6000000000000005,-5.3999999999999995,4,Hero,0.713357824832201,0.9757829010486603
1527,3.8000000000000007,-6.199999999999999,12,Hero,0.7081940099596977,0.8641948066651821
1528,3.8000000000000007,-6.199999999999999,12,Hero,0.8209691271185875,0.8345670495182276
1529,4.0,-6.0,10,Hero,0.7537485152482987,0.9432959437370301
1530,4.0,-6.0,10,Hero,0.6031097501516343,0.9547194421291352
1531,3.7,-6.3,13,Hero,0.708960004723989,0.7643431846338969
1532,3.7,-6.3,13,Hero,0.6719663739204407,0.8097894822175686
1533,4.6000000000000005,-5.3999999999999995,4,Hero,0.9878741204738617,0.9561236202716827
1534,3.5,-6.5,15,Hero,0.7230694929758708,0.9226470708847045
1535,3.8000000000000007,-6.199999999999999,12,Hero,0.7292342012127241,0.7915416397154331
1536,3.9000000000000004,-6.1,11,Hero,0.7922325296835466,0.9090407707474448
1537,4.6000000000000005,-5.3999999999999995,4,Hero,0.6620323210954666,0.9816799014806747
1538,4.2,-5.8,8,Hero,0.842574767768383,0.9583286195993423
1539,4.6000000000000005,-5.3999999999999995,4,Hero,0.9875155836343765,0.9496663957834244
1540,4.0,-6.0,10,Hero,0.8914336502552033,0.914325374364853
1541,3.4000000000000004,-6.6,16,Hero,0.6414543678984046,0.7670798215549439
1542,3.5,-6.5,15,Hero,0.6921730935573578,0.6875655703246594
1543,4.7,-5.3,3,Hero,0.669605553150177,0.6580729844669501
1544,4.300000000000001,-5.699999999999999,7,Hero,0.6918924413621426,0.9365061351231166
1545,4.0,-6.0,10,Hero,0.6823412463068962,0.9057129859924317
1546,4.4,-5.6,6,Hero,0.9831511874993643,0.9484730263551077
1547,3.6000000000000005,-6.3999999999999995,14,Hero,0.6830074148518699,0.908573295388903
1548,4.1000000000000005,-5.8999999999999995,9,Hero,0.890357600318061,0.8910799158944024
1549,4.1000000000000005,-5.8999999999999995,9,Hero,0.7951616810427772,0.8213467258546088
1550,3.9000000000000004,-6.1,11,Hero,0.880599008365111,0.9227513345805082
1551,3.5,-6.5,15,Hero,0.6399908969799678,0.7024597013990085
1552,4.2,-5.8,8,Hero,0.7039007693529129,0.7189404419623315
1553,4.300000000000001,-5.699999999999999,7,Hero,0.7056763555322375,0.9667155572346279
1554,4.4,-5.6,6,Hero,0.8151449710130692,0.9667817751566569
1555,3.9000000000000004,-6.1,11,Hero,0.7340096452019431,0.8913467634807933
1556,3.9000000000000004,-6.1,11,Hero,0.7017881748351184,0.8804702162742615
1557,4.7,-5.3,3,Hero,0.6799344718456268,0.647089246660471
1558,3.6000000000000005,-6.3999999999999995,14,Hero,0.7646044694951603,0.8328162214186575
1559,4.6000000000000005,-5.3999999999999995,4,Hero,0.9701892137527466,0.965649738907814
1560,3.7,-6.3,13,Hero,0.707931053179961,0.6899178781761572
1561,3.7,-6.3,13,Hero,0.7577759738151844,0.8744983218896848
1562,4.1000000000000005,-5.8999999999999995,9,Hero,0.5747093309958776,0.9635011686219109
1563,-5.199999999999999,4.800000000000001,2,Villain,0.9999845027923584,0.9434728622436523
1564,3.9000000000000004,-6.1,11,Hero,0.8431576131419702,0.8583565503358841
1565,4.6000000000000005,-5.3999999999999995,4,Hero,0.6363968774676323,0.9621572047472
1566,4.2,-5.8,8,Hero,0.6951141431927681,0.9219576418399811
1567,3.6000000000000005,-6.3999999999999995,14,Hero,0.7259414941072464,0.955881131546838
1568,4.4,-5.6,6,Hero,0.7513329982757568,0.7983818097660939
1569,-6.0,4.0,10,Villain,0.6378614932298661,0.7020891539752483
1570,3.5,-6.5,15,Hero,0.6350287899374962,0.7127739941080411
1571,3.4000000000000004,-6.6,16,Hero,0.614728526212275,0.7746303451713175
1572,3.8000000000000007,-6.199999999999999,12,Hero,0.5864916034042835,0.9338217874368032
1573,-5.1,4.9,1,Villain,0.9999068975448608,0.9298129677772522
1574,-5.3999999999999995,4.6000000000000005,4,Villain,0.532456174492836,0.6544500328600407
1575,3.9000000000000004,-6.1,11,Hero,0.8715709149837494,0.8526793576099656
1576,4.6000000000000005,-5.3999999999999995,4,Hero,0.7731630727648735,0.7238099090754986
1577,4.4,-5.6,6,Hero,0.8111506452163061,0.9427179793516794
1578,4.300000000000001,-5.699999999999999,7,Hero,0.8485195977347237,0.9097000701086861
1579,4.1000000000000005,-5.8999999999999995,9,Hero,0.9720002677705553,0.8136118501424789
1580,4.0,-6.0,10,Hero,0.8142818659543991,0.8339418150484562
1581,4.9,-5.1,1,Hero,0.4368511140346527,0.9763463735580444
1582,3.0999999999999996,-6.9,19,Hero,0.6537520799197649,0.6794484155742746
1583,4.300000000000001,-5.699999999999999,7,Hero,0.8501907459327153,0.9474856087139675
1584,4.2,-5.8,8,Hero,0.6542026326060295,0.9274338930845261
1585,4.0,-6.0,10,Hero,0.7713765231892467,0.846551088988781
1586,4.0,-6.0,10,Hero,0.6770642578601838,0.7284995600581169
1587,4.2,-5.8,8,Hero,0.8417399637401104,0.9477887973189354
1588,4.2,-5.8,8,Hero,0.71161949634552,0.8046599272638559
1589,3.3,-6.7,17,Hero,0.5606600887635175,0.648546024280436
1590,-5.699999999999999,4.300000000000001,7,Villain,0.8318037475858416,0.9666421328272138
1591,1.9999999999999991,-8.0,30,Hero,0.4864211616416772,0.594837217281262
1592,3.5,-6.5,15,Hero,0.5030492085342606,0.792892070983847
1593,3.4000000000000004,-6.6,16,Hero,0.6709255967289209,0.7171250944957137
1594,3.5,-6.5,15,Hero,0.5999022006988526,0.8997714678446452
1595,3.8000000000000007,-6.199999999999999,12,Hero,0.7742216649154822,0.8724492409576973
1596,2.5999999999999996,-7.4,24,Hero,0.6479318236621717,0.7086594918121895
1597,3.3,-6.7,17,Hero,0.7920012140975279,0.8709057411726784
1598,3.5,-6.5,15,Hero,0.7139552851517995,0.7330547670523325
1599,4.4,-5.6,6,Hero,0.5545193031430244,0.8011540528386831
1600,3.9000000000000004,-6.1,11,Hero,0.7634192244573073,0.9125370166518472
1601,3.6000000000000005,-6.3999999999999995,14,Hero,0.7384399165000234,0.8134451742683139
1602,3.7,-6.3,13,Hero,0.6178159805444571,0.770318410001122
1603,3.6000000000000005,-6.3999999999999995,14,Hero,0.674476965197495,0.6746483388622957
1604,4.1000000000000005,-5.8999999999999995,9,Hero,0.8966479963726468,0.840668766759336
1605,3.8000000000000007,-6.199999999999999,12,Hero,0.7808129539092382,0.6884614640536407
1606,4.2,-5.8,8,Hero,0.7536898553371429,0.8969166576862335
1607,4.9,-5.1,1,Hero,0.8255595564842224,0.9644762277603149
1608,4.7,-5.3,3,Hero,0.5386237452427546,0.9505554040273031
1609,4.0,-6.0,10,Hero,0.8532057419419289,0.8484055088250898
1610,4.1000000000000005,-5.8999999999999995,9,Hero,0.71845799850093,0.9675074948204888
1611,4.4,-5.6,6,Hero,0.6381434996922811,0.9582895040512085
1612,3.7,-6.3,13,Hero,0.8286414971718421,0.6307436084518065
1613,4.0,-6.0,10,Hero,0.8638216435909272,0.7272109370678663
1614,4.0,-6.0,10,Hero,0.8442115426063538,0.7557802066206932
1615,4.300000000000001,-5.699999999999999,7,Hero,0.852487217102732,0.9596362795148577
1616,-5.699999999999999,4.300000000000001,7,Villain,0.7143155825989587,0.9643166405814034
1617,3.8000000000000007,-6.199999999999999,12,Hero,0.820817177494367,0.7096079210750759
1618,3.7,-6.3,13,Hero,0.6932799758819433,0.9711364140877357
1619,4.2,-5.8,8,Hero,0.8634327314794064,0.8116993363946676
1620,3.4000000000000004,-6.6,16,Hero,0.621528722345829,0.7566492285113782
1621,1.1999999999999984,-8.8,38,Hero,0.7279857489231386,0.886331243146407
1622,4.300000000000001,-5.699999999999999,7,Hero,0.6818212143012455,0.819726251065731
1623,2.3999999999999995,-7.6000000000000005,26,Hero,0.6918362682828536,0.8146834728809503
1624,4.300000000000001,-5.699999999999999,7,Hero,0.653005661708968,0.9253840957369123
1625,4.9,-5.1,1,Hero,0.9262175559997559,0.971710205078125
1626,2.1999999999999993,-7.800000000000001,28,Hero,0.6766014892075743,0.8677943712100387
1627,3.8000000000000007,-6.199999999999999,12,Hero,0.7255634108247856,0.9451121191183726
1628,2.4999999999999996,-7.5,25,Hero,0.744624878380564,0.8965516688674688
1629,3.8000000000000007,-6.199999999999999,12,Hero,0.6378966756165028,0.8684391230344772
1630,4.2,-5.8,8,Hero,0.6539781728060916,0.8480711821466684
1631,4.5,-5.5,5,Hero,0.983180558681488,0.9647684574127198
1632,-4.999999999999998,-4.999999999999998,50,None,0.8340648838877678,0.9469614073261619
1633,3.4000000000000004,-6.6,16,Hero,0.7482235180214047,0.8229638022530708
1634,4.9,-5.1,1,Hero,0.9923537969589233,0.9775596857070923
1635,4.7,-5.3,3,Hero,0.3440045366684596,0.9715652068456014
1636,3.3,-6.7,17,Hero,0.6701010009821724,0.8773786526392487
1637,3.9000000000000004,-6.1,11,Hero,0.8927783180366863,0.8654004946689714
1638,4.2,-5.8,8,Hero,0.8574757799506187,0.609486754052341
1639,2.8,-7.2,22,Hero,0.6003594926812432,0.814067058603872
1640,-5.699999999999999,4.300000000000001,7,Villain,0.6195049200739179,0.7807159956012454
1641,3.6000000000000005,-6.3999999999999995,14,Hero,0.699312761425972,0.7785064828182969
1642,2.2999999999999994,-7.700000000000001,27,Hero,0.6838798103509126,0.9284186890279805
1643,3.6000000000000005,-6.3999999999999995,14,Hero,0.6346044524439743,0.7804885671607086
1644,4.7,-5.3,3,Hero,0.3763332335899274,0.9844504992167155
1645,4.1000000000000005,-5.8999999999999995,9,Hero,0.8782796843184365,0.9208487802081637
1646,3.6000000000000005,-6.3999999999999995,14,Hero,0.6018684176462037,0.8194529685590949
1647,4.800000000000001,-5.199999999999999,2,Hero,0.9751923978328705,0.9648188948631287
1648,4.4,-5.6,6,Hero,0.9313669304052988,0.8081589493279656
1649,4.0,-6.0,10,Hero,0.6873313009738922,0.9575515210628509
1650,4.5,-5.5,5,Hero,0.7932351529598236,0.7819826290477068
1651,4.0,-6.0,10,Hero,0.678096130490303,0.8408628184348345
1652,4.1000000000000005,-5.8999999999999995,9,Hero,0.8246144122547574,0.7465985640883446
1653,3.0999999999999996,-6.9,19,Hero,0.6086747732601667,0.7621088566650686
1654,4.4,-5.6,6,Hero,0.7270771165688833,0.9517704347769419
1655,4.1000000000000005,-5.8999999999999995,9,Hero,0.8841418342457877,0.8614734949337112
1656,3.6000000000000005,-6.3999999999999995,14,Hero,0.678917655987399,0.8802396902548415
1657,3.8000000000000007,-6.199999999999999,12,Hero,0.7621749465664228,0.8281742160518965
1658,4.300000000000001,-5.699999999999999,7,Hero,0.9738362857273647,0.8275243541491883
1659,4.300000000000001,-5.699999999999999,7,Hero,0.9954817891120911,0.685597475618124
1660,4.6000000000000005,-5.3999999999999995,4,Hero,0.7861592322587967,0.981670007109642
1661,2.4999999999999996,-7.5,25,Hero,0.6877447831630706,0.8124484941363335
1662,4.300000000000001,-5.699999999999999,7,Hero,0.5363401068108422,0.9789877193314689
1663,3.8000000000000007,-6.199999999999999,12,Hero,0.6673273593187332,0.9684681942065557
1664,4.1000000000000005,-5.8999999999999995,9,Hero,0.9860764940579733,0.8338032844993803
1665,3.2,-6.8,18,Hero,0.6621826804346509,0.6747304363590148
1666,4.2,-5.8,8,Hero,0.989686980843544,0.8023705980740488
1667,4.2,-5.8,8,Hero,0.7466969387605786,0.9619967862963676
1668,4.1000000000000005,-5.8999999999999995,9,Hero,0.6576219681236479,0.7432480927867194
1669,4.1000000000000005,-5.8999999999999995,9,Hero,0.737162235710356,0.9589079088634915
1670,3.0999999999999996,-6.9,19,Hero,0.6244185923745758,0.6146839928666228
1671,4.5,-5.5,5,Hero,0.8254856139421463,0.9444523096084595
1672,4.2,-5.8,8,Hero,0.7836141726002097,0.7217295615701005
1673,4.6000000000000005,-5.3999999999999995,4,Hero,0.5725883431732655,0.9609611928462982
1674,3.3,-6.7,17,Hero,0.7011564759647145,0.9097076163572424
1675,4.0,-6.0,10,Hero,0.654135923460126,0.7432039296429138
1676,4.9,-5.1,1,Hero,0.76225346326828,0.9822106957435608
1677,3.6000000000000005,-6.3999999999999995,14,Hero,0.7612986585923603,0.7060295375330108
1678,-5.3999999999999995,4.6000000000000005,4,Villain,0.9994359910488129,0.9461584240198135
1679,2.5999999999999996,-7.4,24,Hero,0.6007563954529663,0.7879296038299799
1680,4.6000000000000005,-5.3999999999999995,4,Hero,0.7682955414056778,0.9610004276037216
1681,4.2,-5.8,8,Hero,0.8126077875494957,0.9397673085331917
1682,4.6000000000000005,-5.3999999999999995,4,Hero,0.8065616935491562,0.9594909846782684
1683,4.0,-6.0,10,Hero,0.8029650256037713,0.9469701468944549
1684,3.4000000000000004,-6.6,16,Hero,0.6179130561649799,0.8769259350374341
1685,3.4000000000000004,-6.6,16,Hero,0.6535750543698668,0.8228666055947542
1686,-5.3999999999999995,4.6000000000000005,4,Villain,0.676220528781414,0.9612985998392105
1687,2.5999999999999996,-7.4,24,Hero,0.7169460927446684,0.7892819081122676
1688,1.3999999999999986,-8.600000000000001,36,Hero,0.5926106729182519,0.6574817071151402
1689,3.3,-6.7,17,Hero,0.6299042237155578,0.7175489627098774
1690,-8.500000000000002,1.4999999999999987,35,Villain,0.6066557745848383,0.6486917065190417
1691,2.9,-7.1,21,Hero,0.5289455668202468,0.8779730683281308
1692,4.1000000000000005,-5.8999999999999995,9,Hero,0.9912975033124288,0.8888735771179199
1693,2.6999999999999997,-7.300000000000001,23,Hero,0.4588177330468012,0.9461992227512858
1694,3.7,-6.3,13,Hero,0.7287877981479352,0.4494978798768268
1695,3.7,-6.3,13,Hero,0.5485527721735147,0.931838755424206
1696,4.2,-5.8,8,Hero,0.6771601960062981,0.9338674619793892
1697,3.5,-6.5,15,Hero,0.6342028429110845,0.7966501345237096
1698,4.7,-5.3,3,Hero,0.5848221927881241,0.9802349805831909
1699,4.4,-5.6,6,Hero,0.6488904307285944,0.962317705154419
1700,3.6000000000000005,-6.3999999999999995,14,Hero,0.7276000593389783,0.8056735907282148
1701,3.0999999999999996,-6.9,19,Hero,0.5320986870088076,0.9082665206178239
1702,1.5999999999999988,-8.400000000000002,34,Hero,0.4109889266683775,0.7965261984397384
1703,3.9000000000000004,-6.1,11,Hero,0.7904207747090947,0.955524043603377
1704,2.6999999999999997,-7.300000000000001,23,Hero,0.5664855668969129,0.7297146939065146
1705,-5.699999999999999,4.300000000000001,7,Villain,0.7001119341169085,0.6864964246217694
1706,-4.999999999999998,-4.999999999999998,50,None,0.5868689084053039,0.754926992058754
1707,3.8000000000000007,-6.199999999999999,12,Hero,0.6479796941081682,0.9537478188673655
1708,3.2,-6.8,18,Hero,0.6134027791106038,0.7084364576730877
1709,4.0,-6.0,10,Hero,0.6318741276860237,0.8268077649176121
1710,-9.100000000000001,0.8999999999999986,41,Villain,0.5461594451491426,0.8852831338782136
1711,1.899999999999999,-8.100000000000001,31,Hero,0.4988587248709894,0.8817207985106976
1712,3.4000000000000004,-6.6,16,Hero,0.6659143949091231,0.6678101982688531
1713,4.1000000000000005,-5.8999999999999995,9,Hero,0.841246936056349,0.9290880759557089
1714,-4.999999999999998,-4.999999999999998,50,None,0.5022622391581535,0.7461227819323539
1715,4.9,-5.1,1,Hero,0.960176944732666,0.960852324962616
1716,-5.199999999999999,4.800000000000001,2,Villain,0.9874347746372223,0.12508680671453476
1717,3.2,-6.8,18,Hero,0.738993732465638,0.9026108649041917
1718,4.9,-5.1,1,Hero,0.9681869745254517,0.9368599057197571
1719,2.4999999999999996,-7.5,25,Hero,0.5723111382126809,0.6121496153622865
1720,3.8000000000000007,-6.199999999999999,12,Hero,0.6624955168614785,0.5793651944647232
1721,3.9000000000000004,-6.1,11,Hero,0.676652231677012,0.6620259799740531
1722,4.1000000000000005,-5.8999999999999995,9,Hero,0.8124856667386161,0.8094463878207736
1723,2.5999999999999996,-7.4,24,Hero,0.6091586351394653,0.6510449225703875
1724,3.5,-6.5,15,Hero,0.7024147311846415,0.6208005785942078
1725,1.9999999999999991,-8.0,30,Hero,0.7633722164978584,0.5973299955793967
1726,4.300000000000001,-5.699999999999999,7,Hero,0.9391890934535435,0.5253958074109895
1727,3.9000000000000004,-6.1,11,Hero,0.8560248775915666,0.7647553167559884
1728,4.2,-5.8,8,Hero,0.759458837506827,0.6182861160486937
1729,-6.8,3.2,18,Villain,0.5272253428896269,0.6044447190231748
1730,-6.1,3.9000000000000004,11,Villain,0.5867186005819928,0.5930856412107294
1731,4.2,-5.8,8,Hero,0.8666404411196709,0.7778967600315809
1732,3.5,-6.5,15,Hero,0.6484461019436518,0.523674271379908
1733,4.1000000000000005,-5.8999999999999995,9,Hero,0.8329032990667555,0.6015119858913951
1734,2.3999999999999995,-7.6000000000000005,26,Hero,0.6906392636279074,0.5312566373210686
1735,3.4000000000000004,-6.6,16,Hero,0.6714573819190264,0.63550722040236
1736,4.6000000000000005,-5.3999999999999995,4,Hero,0.5598522499203682,0.5011597294360399
1737,4.2,-5.8,8,Hero,0.75421953946352,0.7991063818335533
1738,4.6000000000000005,-5.3999999999999995,4,Hero,0.9540460705757141,0.8973015993833542
1739,4.6000000000000005,-5.3999999999999995,4,Hero,0.7883985191583633,0.5098783448338509
1740,4.4,-5.6,6,Hero,0.8163783053557078,0.7351534689466158
1741,3.3,-6.7,17,Hero,0.6643354419399711,0.5098381060011247
1742,4.2,-5.8,8,Hero,0.8667343970155343,0.5387159027159214
1743,4.7,-5.3,3,Hero,0.7631909648577372,0.8540297150611877
1744,-5.699999999999999,4.300000000000001,7,Villain,0.9916832617350987,0.6211614438465664
1745,4.9,-5.1,1,Hero,0.9857695698738098,0.9014471769332886
1746,4.6000000000000005,-5.3999999999999995,4,Hero,0.7199762165546417,0.6339181432267651
1747,4.7,-5.3,3,Hero,0.5964832107226054,0.8582460681597391
1748,4.2,-5.8,8,Hero,0.902793362736702,0.5223288144916296
1749,4.6000000000000005,-5.3999999999999995,4,Hero,0.7404063604772091,0.8229222148656845
1750,4.9,-5.1,1,Hero,0.4633595943450928,0.7747990489006042
1751,4.0,-6.0,10,Hero,0.7834112912416458,0.5421235129237175
1752,-7.1,2.9,21,Villain,0.6988590148588022,0.517984478823131
1753,4.4,-5.6,6,Hero,0.49229471385478973,0.8646427492300669
1754,4.4,-5.6,6,Hero,0.8449088111519814,0.6962769826253256
1755,-6.8,3.2,18,Villain,0.6540690950221486,0.5156924318936136
1756,2.3999999999999995,-7.6000000000000005,26,Hero,0.6180436777380797,0.5247302089746182
1757,4.5,-5.5,5,Hero,0.820508873462677,0.5846113950014115
1758,-5.6,4.4,6,Villain,0.5235555072625478,0.5388476947943369
1759,3.7,-6.3,13,Hero,0.7342990934848785,0.6136929943011358
1760,-5.1,4.9,1,Villain,0.067818284034729,0.8233492970466614
1761,3.9000000000000004,-6.1,11,Hero,0.7148300300944935,0.7926385213028301
1762,-9.5,0.5,45,Villain,0.6780053875512547,0.5153006977505155
1763,-4.999999999999998,-4.999999999999998,50,None,0.7892485907673836,0.5106210375670344
1764,4.4,-5.6,6,Hero,0.6834493974844614,0.73111925025781
1765,-5.199999999999999,4.800000000000001,2,Villain,0.9907315075397491,0.4900624454021454
1766,4.6000000000000005,-5.3999999999999995,4,Hero,0.9665946364402771,0.8611036092042923
1767,3.2,-6.8,18,Hero,0.6581698242161009,0.5525485396695634
1768,4.1000000000000005,-5.8999999999999995,9,Hero,0.6726970821619034,0.5234789964225557
1769,3.7,-6.3,13,Hero,0.6365950818245227,0.5122356208471152
1770,-4.999999999999998,-4.999999999999998,50,None,0.8519410479068756,0.5174076420068741
1771,-5.199999999999999,4.800000000000001,2,Villain,0.9347068071365356,0.4936300069093704
1772,3.9000000000000004,-6.1,11,Hero,0.6561849191784859,0.5554015732962977
1773,4.5,-5.5,5,Hero,0.8478527426719665,0.7039255559444427
1774,4.9,-5.1,1,Hero,0.9321781992912292,0.8873499631881714
1775,4.0,-6.0,10,Hero,0.6626669645309449,0.5400406837463378
1776,4.7,-5.3,3,Hero,0.722911516825358,0.5310605511379739
1777,3.7,-6.3,13,Hero,0.6850803116193185,0.5243594273924828
1778,4.9,-5.1,1,Hero,0.9732958078384399,0.870363712310791
1779,-4.999999999999998,-4.999999999999998,50,None,0.9871282458305359,0.5069650959782303
1780,-5.1,4.9,1,Villain,0.8721035718917847,0.6613114476203918
1781,-4.999999999999998,-4.999999999999998,50,None,0.9779481768608094,0.5186039662361145
1782,4.5,-5.5,5,Hero,0.5103031456470489,0.550347912311554
1783,-5.1,4.9,1,Villain,0.37437188625335693,0.4754439890384674
1784,4.5,-5.5,5,Hero,0.9913848519325257,0.8598598957061767
1785,-4.999999999999998,-4.999999999999998,50,None,0.993907459974289,0.5172906425595284
1786,-4.999999999999998,-4.999999999999998,50,None,0.951331971026957,0.45330363729968665
1787,3.9000000000000004,-6.1,11,Hero,0.7442406713962555,0.8037378090349111
1788,4.0,-6.0,10,Hero,0.841785940527916,0.7935575269162655
1789,-4.999999999999998,-4.999999999999998,50,None,0.6591633798182011,0.4200036869943142
1790,-5.1,4.9,1,Villain,0.8491837382316589,0.29569441080093384
1791,0.9999999999999982,-9.000000000000002,40,Hero,0.7480648586526513,0.5451954528689384
1792,4.0,-6.0,10,Hero,0.6753866955637932,0.5752434607595205
1793,-5.3,4.7,3,Villain,0.5453028281529745,0.4606834352016449
1794,3.2,-6.8,18,Hero,0.45417431700560784,0.641763896577888
1795,-4.999999999999998,-4.999999999999998,50,None,0.8370463752001523,0.5477290710806847
1796,2.8,-7.2,22,Hero,0.5474540489641103,0.6009796343066476
1797,4.800000000000001,-5.199999999999999,2,Hero,0.8645457923412323,0.15597143024206161
1798,4.1000000000000005,-5.8999999999999995,9,Hero,0.8522481885221269,0.7064251270559099
1799,-5.699999999999999,4.300000000000001,7,Villain,0.4905314360346113,0.6326286005122321
1800,0.10000000000000142,-9.899999999999999,49,Hero,0.5796895392087041,0.5078892908534225
1801,4.2,-5.8,8,Hero,0.6313529275357723,0.6360070593655109
1802,-4.999999999999998,-4.999999999999998,50,None,0.9506448113918304,0.5347885429859162
1803,-4.999999999999998,-4.999999999999998,50,None,0.824258107021451,0.4529150121472776
1804,-4.999999999999998,-4.999999999999998,50,None,0.6927104539051652,0.5128651124238968
1805,4.7,-5.3,3,Hero,0.4521527886390686,0.8051115671793619
1806,-5.3,4.7,3,Villain,0.6730641797184944,0.7797689636548361
1807,4.4,-5.6,6,Hero,0.7408204029003779,0.6028727988402048
1808,-5.199999999999999,4.800000000000001,2,Villain,0.5204084068536758,0.47355009615421295
1809,-4.999999999999998,-4.999999999999998,50,None,0.9723061716556549,0.5359647771716118
1810,2.1999999999999993,-7.800000000000001,28,Hero,0.7438482934875148,0.6154664659074375
1811,3.5,-6.5,15,Hero,0.6093807319800059,0.541984514395396
1812,-4.999999999999998,-4.999999999999998,50,None,0.9907761693000794,0.4976006945967674
1813,4.4,-5.6,6,Hero,0.7769399856527647,0.6418119867642721
1814,4.4,-5.6,6,Hero,0.853131502866745,0.7047910019755363
1815,3.8000000000000007,-6.199999999999999,12,Hero,0.8546929682294527,0.6167195638020834
1816,1.5999999999999988,-8.400000000000002,34,Hero,0.7230398889411899,0.5568440696772408
1817,3.5,-6.5,15,Hero,0.6145651578282316,0.5497779508431753
1818,4.7,-5.3,3,Hero,0.5834121704101562,0.586499015490214
1819,3.5,-6.5,15,Hero,0.620896793405215,0.5426804701487223
1820,3.7,-6.3,13,Hero,0.7639198222985635,0.5610095537625827
1821,3.0,-7.0,20,Hero,0.6535686889663339,0.515751875936985
1822,-5.3999999999999995,4.6000000000000005,4,Villain,0.8357730507850647,0.5368780046701431
1823,3.9000000000000004,-6.1,11,Hero,0.5083038525825198,0.6041777296499773
1824,4.6000000000000005,-5.3999999999999995,4,Hero,0.5566864386200905,0.6576711088418961
1825,-4.999999999999998,-4.999999999999998,50,None,0.9427750009298325,0.5421852246299386
1826,3.3,-6.7,17,Hero,0.6057846739011652,0.520008665673873
1827,3.7,-6.3,13,Hero,0.7312675222324637,0.5195529208733485
1828,3.9000000000000004,-6.1,11,Hero,0.8506265661933206,0.595641320401972
1829,4.6000000000000005,-5.3999999999999995,4,Hero,0.7559989653527737,0.6768105551600456
1830,2.9,-7.1,21,Hero,0.6725767488990512,0.5949323347636631
1831,3.7,-6.3,13,Hero,0.8583081731429467,0.5791179383030305
1832,-4.999999999999998,-4.999999999999998,50,None,0.8961457023024559,0.5344612857699395
1833,4.9,-5.1,1,Hero,0.9227153062820435,0.10747922956943512
1834,3.5,-6.5,15,Hero,0.6986179480950038,0.5556440432866414
1835,-5.699999999999999,4.300000000000001,7,Villain,0.6039274885718312,0.5635040785585131
1836,4.5,-5.5,5,Hero,0.9708436846733093,0.4556072622537613
1837,4.4,-5.6,6,Hero,0.7048866053422292,0.6211277693510056
1838,4.0,-6.0,10,Hero,0.5988723866641521,0.6145614147186279
1839,4.9,-5.1,1,Hero,0.9480994939804077,0.8708348870277405
1840,1.0999999999999983,-8.900000000000002,39,Hero,0.5858027556767831,0.5393087267875671
1841,4.4,-5.6,6,Hero,0.6070321661730608,0.6462679704030355
1842,4.2,-5.8,8,Hero,0.9879843890666962,0.7908516824245453
1843,4.2,-5.8,8,Hero,0.6993691520765424,0.7209785059094429
1844,4.9,-5.1,1,Hero,0.8778792023658752,0.7529480457305908
1845,4.300000000000001,-5.699999999999999,7,Hero,0.6504677832126617,0.6100710119519915
1846,3.3,-6.7,17,Hero,0.5629393169108559,0.5448351274518406
1847,-4.999999999999998,-4.999999999999998,50,None,0.9678044649586082,0.5206605456024408
1848,-4.999999999999998,-4.999999999999998,50,None,0.9802633035182953,0.5166868991591036
1849,4.1000000000000005,-5.8999999999999995,9,Hero,0.8906430767642127,0.5476884179645114
1850,4.5,-5.5,5,Hero,0.827718198299408,0.6757726311683655
1851,4.0,-6.0,10,Hero,0.5657404452562332,0.4928816556930542
1852,4.0,-6.0,10,Hero,0.5431855097413063,0.5770176023244857
1853,-6.199999999999999,3.8000000000000007,12,Villain,0.6484043002128601,0.5063590643306574
1854,4.1000000000000005,-5.8999999999999995,9,Hero,0.6993292272090912,0.500519118582209
1855,4.2,-5.8,8,Hero,0.6474588047713041,0.5576816126704216
1856,4.5,-5.5,5,Hero,0.7128968179225922,0.5496975123882294
1857,4.1000000000000005,-5.8999999999999995,9,Hero,0.845307297176785,0.5612882077693939
1858,3.9000000000000004,-6.1,11,Hero,0.8454715961759741,0.5801397426561876
1859,3.7,-6.3,13,Hero,0.62891656438632,0.585567655471655
1860,4.1000000000000005,-5.8999999999999995,9,Hero,0.7425113519032797,0.6790649990240732
1861,4.0,-6.0,10,Hero,0.660476553440094,0.5540500193834305
1862,3.3,-6.7,17,Hero,0.650918993879767,0.4939899878466831
1863,3.8000000000000007,-6.199999999999999,12,Hero,0.7129801685611407,0.4562525153160095
1864,4.5,-5.5,5,Hero,0.996500551700592,0.6976922869682312
1865,4.5,-5.5,5,Hero,0.792589109763503,0.669412124156952
1866,4.0,-6.0,10,Hero,0.7682415798306466,0.5138698503375053
1867,-5.6,4.4,6,Villain,0.5220203498999277,0.5271914899349213
1868,4.0,-6.0,10,Hero,0.812341333925724,0.4866880506277084
1869,3.5,-6.5,15,Hero,0.6818347712357838,0.5583066582679749
1870,4.300000000000001,-5.699999999999999,7,Hero,0.8301639791045871,0.5098857028143746
1871,4.7,-5.3,3,Hero,0.7764267325401306,0.8207696874936422
1872,4.0,-6.0,10,Hero,0.7376312196254731,0.5003830969333649
1873,4.1000000000000005,-5.8999999999999995,9,Hero,0.9531398283110725,0.47372645139694214
1874,4.6000000000000005,-5.3999999999999995,4,Hero,0.7350132018327713,0.5109160915017128
1875,3.6000000000000005,-6.3999999999999995,14,Hero,0.7364013173750469,0.5059511257069451
1876,4.7,-5.3,3,Hero,0.687904566526413,0.8328569134076437
1877,4.0,-6.0,10,Hero,0.6867789626121521,0.63856211155653
1878,3.5,-6.5,15,Hero,0.6622320612271627,0.5490865780661504
1879,3.9000000000000004,-6.1,11,Hero,0.7365620623935353,0.46781573275273497
1880,3.9000000000000004,-6.1,11,Hero,0.717798029834574,0.5503278618509119
1881,4.9,-5.1,1,Hero,0.8489166498184204,0.7509164214134216
1882,4.2,-5.8,8,Hero,0.6404065825045109,0.5129598900675774
1883,4.0,-6.0,10,Hero,0.7179902827832848,0.6761223018169403
1884,4.6000000000000005,-5.3999999999999995,4,Hero,0.8459109663963318,0.8393115401268005
1885,4.800000000000001,-5.199999999999999,2,Hero,0.9737662076950073,0.5292919725179672
1886,4.5,-5.5,5,Hero,0.5469160974025726,0.581625497341156
1887,3.7,-6.3,13,Hero,0.6587166213072263,0.600834846496582
1888,4.1000000000000005,-5.8999999999999995,9,Hero,0.8178187310695648,0.5795184506310357
1889,-4.999999999999998,-4.999999999999998,50,None,0.8772326248697937,0.5023698779195547
1890,3.0,-7.0,20,Hero,0.6611128218472004,0.5137539703398943
1891,4.9,-5.1,1,Hero,0.9612002372741699,0.7927919626235962
1892,3.9000000000000004,-6.1,11,Hero,0.602687044577165,0.5517326430840925
1893,2.3999999999999995,-7.6000000000000005,26,Hero,0.7362199471547053,0.5240758554293559
1894,3.7,-6.3,13,Hero,0.7037520569104415,0.5689991552096146
1895,3.7,-6.3,13,Hero,0.6651154429866717,0.5506585263288938
1896,-4.999999999999998,-4.999999999999998,50,None,0.963291982114315,0.5500482213497162
1897,2.9,-7.1,21,Hero,0.6720493499721799,0.5907284248442877
1898,4.800000000000001,-5.199999999999999,2,Hero,0.5379116237163544,0.7969731390476227
1899,4.9,-5.1,1,Hero,0.8921343088150024,0.7879619002342224
1900,3.4000000000000004,-6.6,16,Hero,0.619074247777462,0.510368351242505
1901,-4.999999999999998,-4.999999999999998,50,None,0.9836739349365234,0.47380157344043256
1902,4.6000000000000005,-5.3999999999999995,4,Hero,0.8020670562982559,0.4820549115538597
1903,-5.199999999999999,4.800000000000001,2,Villain,0.4861137270927429,0.5541587471961975
1904,4.7,-5.3,3,Hero,0.6420561422904333,0.5807730356852213
1905,4.2,-5.8,8,Hero,0.697596613317728,0.6109434925019741
1906,-4.999999999999998,-4.999999999999998,50,None,0.9113130472041666,0.4894276414066553
1907,4.1000000000000005,-5.8999999999999995,9,Hero,0.8736106571224,0.5505494475364685
1908,4.0,-6.0,10,Hero,0.6227947115898133,0.5137935255886987
1909,-4.999999999999998,-4.999999999999998,50,None,0.9351022267341613,0.5105100412294269
1910,3.7,-6.3,13,Hero,0.7039583061750119,0.5157915835197155
1911,4.4,-5.6,6,Hero,0.9722349246342977,0.5054659297068914
1912,4.6000000000000005,-5.3999999999999995,4,Hero,0.4890584796667099,0.571997731924057
1913,4.7,-5.3,3,Hero,0.48515358567237854,0.5837871929009756
1914,4.0,-6.0,10,Hero,0.7939456760883331,0.5682512238621712
1915,3.4000000000000004,-6.6,16,Hero,0.49362583039328456,0.5482250563800335
1916,-4.999999999999998,-4.999999999999998,50,None,0.7887361317873001,0.5427129393815995
1917,2.8,-7.2,22,Hero,0.8740163716402921,0.5069910734891891
1918,4.2,-5.8,8,Hero,0.7535457275807858,0.6490897834300995
1919,3.5,-6.5,15,Hero,0.6171298728634914,0.5496903344988823
1920,4.2,-5.8,8,Hero,0.6388998948968947,0.46980658173561096
1921,-4.999999999999998,-4.999999999999998,50,None,0.9407288008928298,0.5159177792072296
1922,4.6000000000000005,-5.3999999999999995,4,Hero,0.6868453286588192,0.5330693572759628
1923,4.7,-5.3,3,Hero,0.636746863524119,0.5071967641512553
1924,-4.999999999999998,-4.999999999999998,50,None,0.9377695507369935,0.5342006677389145
1925,4.0,-6.0,10,Hero,0.6462193861603737,0.5511208951473237
1926,4.6000000000000005,-5.3999999999999995,4,Hero,0.6931916773319244,0.5445451587438583
1927,-4.999999999999998,-4.999999999999998,50,None,0.89573485433124,0.5187424981594085
1928,4.5,-5.5,5,Hero,0.5357452273368836,0.5150978565216064
1929,3.8000000000000007,-6.199999999999999,12,Hero,0.7353567034006119,0.6087585687637329
1930,-4.999999999999998,-4.999999999999998,50,None,0.7539127177000046,0.5307499325275421
1931,-4.999999999999998,-4.999999999999998,50,None,0.8632467228919267,0.4832046694960445
1932,-4.999999999999998,-4.999999999999998,50,None,0.9654197144508362,0.519974695071578
1933,4.0,-6.0,10,Hero,0.8058189831674099,0.5481504291296005
1934,-4.999999999999998,-4.999999999999998,50,None,0.906651746109128,0.5192762458324433
1935,3.8000000000000007,-6.199999999999999,12,Hero,0.7624267401794592,0.5178054844339689
1936,-4.999999999999998,-4.999999999999998,50,None,0.9079865285940468,0.5040535596013069
1937,4.6000000000000005,-5.3999999999999995,4,Hero,0.7408770620822906,0.549403615295887
1938,-4.999999999999998,-4.999999999999998,50,None,0.8502243643254042,0.49298301128670574
1939,3.9000000000000004,-6.1,11,Hero,0.8167647556825117,0.5734056451103904
1940,4.2,-5.8,8,Hero,0.6570408865809441,0.5184654109179974
1941,4.4,-5.6,6,Hero,0.5461393843094507,0.545262465874354
1942,-4.999999999999998,-4.999999999999998,50,None,0.6468057869374753,0.5287751020747237
1943,4.2,-5.8,8,Hero,0.724986158311367,0.5279854573309422
1944,4.0,-6.0,10,Hero,0.64605233669281,0.5045621395111084
1945,4.0,-6.0,10,Hero,0.7336909294128418,0.5253110527992249
1946,3.6000000000000005,-6.3999999999999995,14,Hero,0.7785610173429761,0.6353290123598916
1947,4.4,-5.6,6,Hero,0.7223040213187536,0.6298560301462809
1948,4.4,-5.6,6,Hero,0.6916632826129595,0.5400807758172353
1949,3.6000000000000005,-6.3999999999999995,14,Hero,0.697285250893661,0.5529419540294579
1950,4.2,-5.8,8,Hero,0.5427651777863503,0.5653561651706696
1951,3.6000000000000005,-6.3999999999999995,14,Hero,0.7075320530150618,0.5237055591174534
1952,4.7,-5.3,3,Hero,0.6657382572690645,0.8101523319880167
1953,1.0999999999999983,-8.900000000000002,39,Hero,0.6932958425619663,0.5139290644572332
1954,3.8000000000000007,-6.199999999999999,12,Hero,0.7251127834121386,0.49847615758577984
1955,3.7,-6.3,13,Hero,0.7085416328448516,0.536706092265936
1956,-5.8999999999999995,4.1000000000000005,9,Villain,0.6878617190652423,0.708126511838701
1957,4.1000000000000005,-5.8999999999999995,9,Hero,0.989574564827813,0.5279785494009653
1958,3.6000000000000005,-6.3999999999999995,14,Hero,0.6726698949933052,0.49961222069604055
1959,0.6999999999999993,-9.3,43,Hero,0.8327892800403196,0.5172775096671526
1960,3.0,-7.0,20,Hero,0.8606185488402843,0.5266447395086289
1961,2.6999999999999997,-7.300000000000001,23,Hero,0.7383788927741672,0.4707553725203742
1962,3.0999999999999996,-6.9,19,Hero,0.9314658351634678,0.5245299605946792
1963,2.1999999999999993,-7.800000000000001,28,Hero,0.8022846095263958,0.5265851765871048
1964,2.8,-7.2,22,Hero,0.7037821784615517,0.5464084365151145
1965,-5.5,4.5,5,Villain,0.7508637890219688,0.4617747366428375
1966,1.7763568394002505e-15,-9.999999999999998,50,Hero,0.7258642593026161,0.525073938369751
1967,2.4999999999999996,-7.5,25,Hero,0.8497025027871132,0.5301278281211853
1968,3.8000000000000007,-6.199999999999999,12,Hero,0.873882457613945,0.5269814083973566
1969,3.2,-6.8,18,Hero,0.7817237815923161,0.5391052767841352
1970,3.6000000000000005,-6.3999999999999995,14,Hero,0.6176526312317167,0.5644061959215573
1971,3.0999999999999996,-6.9,19,Hero,0.6917318254709244,0.5578960446934951
1972,3.5,-6.5,15,Hero,0.8890837838252386,0.5505403021971385
1973,3.6000000000000005,-6.3999999999999995,14,Hero,0.7712406505431447,0.6623293800013406
1974,-6.8,3.2,18,Villain,0.7143090772959921,0.5611747105916342
1975,1.2999999999999985,-8.700000000000001,37,Hero,0.7927424621743124,0.5700942741052525
1976,-5.1,4.9,1,Villain,0.9998475313186646,0.5245169997215271
1977,3.8000000000000007,-6.199999999999999,12,Hero,0.8820834644138813,0.5656500682234764
1978,4.9,-5.1,1,Hero,0.8224385380744934,0.8549360036849976
1979,3.9000000000000004,-6.1,11,Hero,0.8351594318043102,0.5438311926343224
1980,4.4,-5.6,6,Hero,0.8459755753477415,0.5536108811696371
1981,3.5,-6.5,15,Hero,0.6836155027151107,0.525966348250707
1982,3.9000000000000004,-6.1,11,Hero,0.6641402596777136,0.5114078196612272
1983,3.7,-6.3,13,Hero,0.6607093553130443,0.5835438737502465
1984,4.1000000000000005,-5.8999999999999995,9,Hero,0.644388901690642,0.5668195320500268
1985,3.4000000000000004,-6.6,16,Hero,0.655462424387224,0.5364439412951469
1986,-7.5,2.4999999999999996,25,Villain,0.5551056522130966,0.45737677574157715
1987,3.5,-6.5,15,Hero,0.6592098106940587,0.6411322911580404
1988,2.4999999999999996,-7.5,25,Hero,0.5832506948709488,0.5334642244875432
1989,4.2,-5.8,8,Hero,0.8249676139093935,0.6439981646835804
1990,3.9000000000000004,-6.1,11,Hero,0.680962240154093,0.5447040183300321
1991,4.4,-5.6,6,Hero,0.9335225721200308,0.6170072257518768
1992,3.2,-6.8,18,Hero,0.5921973673005899,0.5005858971012963
1993,3.9000000000000004,-6.1,11,Hero,0.700521349656893,0.4664021737196229
1994,4.300000000000001,-5.699999999999999,7,Hero,0.8620687595435551,0.5363484578473228
1995,3.8000000000000007,-6.199999999999999,12,Hero,0.6436864342540503,0.5773405643800894
1996,4.300000000000001,-5.699999999999999,7,Hero,0.8386033219950539,0.6583637467452458
1997,3.9000000000000004,-6.1,11,Hero,0.6572338437492197,0.5812760347669775
1998,3.6000000000000005,-6.3999999999999995,14,Hero,0.6747806199959346,0.5917961080891213
1999,-5.3,4.7,3,Villain,0.9993653098742167,0.507474680741628
2000,4.0,-6.0,10,Hero,0.9042367041110992,0.5528361767530441
2001,3.8000000000000007,-6.199999999999999,12,Hero,0.8425544102986654,0.5328388586640358
2002,-5.8,4.2,8,Villain,0.6223893314599991,0.5894216559827328
2003,3.4000000000000004,-6.6,16,Hero,0.7120085898786783,0.5559689737856388
2004,4.300000000000001,-5.699999999999999,7,Hero,0.8483684573854718,0.64873149565288
2005,4.300000000000001,-5.699999999999999,7,Hero,0.9950599670410156,0.8249927844320025
2006,3.7,-6.3,13,Hero,0.5689798610714766,0.5609158953795066
2007,4.300000000000001,-5.699999999999999,7,Hero,0.579968276832785,0.5751086579901832
2008,3.0999999999999996,-6.9,19,Hero,0.693431367999629,0.5673295926106604
2009,3.9000000000000004,-6.1,11,Hero,0.868261995640668,0.6031349118460309
2010,-4.999999999999998,-4.999999999999998,50,None,0.8350842295587063,0.5321077865362167
2011,4.1000000000000005,-5.8999999999999995,9,Hero,0.6255127622021569,0.5510411842001809
2012,0.10000000000000142,-9.899999999999999,49,Hero,0.8595361410431108,0.5798033171770524
2013,-5.5,4.5,5,Villain,0.9860918045043945,0.5554850697517395
2014,-7.2,2.8,22,Villain,0.523746401748874,0.5075896033509211
2015,4.1000000000000005,-5.8999999999999995,9,Hero,0.6710894339614444,0.4353769256008996
2016,4.2,-5.8,8,Hero,0.6754804737865925,0.6183064393699169
2017,3.8000000000000007,-6.199999999999999,12,Hero,0.6989147358884414,0.7138603913287321
2018,3.8000000000000007,-6.199999999999999,12,Hero,0.706468523790439,0.5525101167149842
2019,-6.6,3.4000000000000004,16,Villain,0.735869768075645,0.6378436739323661
2020,4.1000000000000005,-5.8999999999999995,9,Hero,0.8087304068936242,0.523198319805993
2021,4.4,-5.6,6,Hero,0.9907425741354624,0.8995252947012583
2022,4.800000000000001,-5.199999999999999,2,Hero,0.9972299635410309,0.7437487840652466
2023,1.2999999999999985,-8.700000000000001,37,Hero,0.8196185740667421,0.5409769246707091
2024,3.6000000000000005,-6.3999999999999995,14,Hero,0.7633467689156532,0.5279817123498235
2025,4.4,-5.6,6,Hero,0.8518421798944473,0.6896301135420799
2026,3.9000000000000004,-6.1,11,Hero,0.7581687691536817,0.5908194062384692
2027,4.9,-5.1,1,Hero,0.9099882245063782,0.07557045668363571
2028,3.5,-6.5,15,Hero,0.6938711841901143,0.5971339156230291
2029,1.5999999999999988,-8.400000000000002,34,Hero,0.6125229015836821,0.5521635440561701
2030,3.9000000000000004,-6.1,11,Hero,0.8839272213253108,0.5046433860605414
2031,4.4,-5.6,6,Hero,0.8385561183094978,0.6742425138751665
2032,-6.7,3.3,17,Villain,0.7586539720787722,0.5622653873527751
2033,3.8000000000000007,-6.199999999999999,12,Hero,0.6724721702436606,0.6195207784573237
2034,4.5,-5.5,5,Hero,0.8193824887275696,0.6824058711528778
2035,3.3,-6.7,17,Hero,0.7215301149031695,0.5925350855378544
2036,4.800000000000001,-5.199999999999999,2,Hero,0.9945642054080963,0.8119483590126038
2037,-5.699999999999999,4.300000000000001,7,Villain,0.8020998069218227,0.6029240318707058
2038,3.5,-6.5,15,Hero,0.592969004313151,0.4873472392559052
2039,3.9000000000000004,-6.1,11,Hero,0.7189428393136371,0.4870346938683228
2040,4.2,-5.8,8,Hero,0.9622137919068336,0.5899111703038216
2041,4.4,-5.6,6,Hero,0.9404586851596832,0.6878649989763895
2042,3.9000000000000004,-6.1,11,Hero,0.7639518149874427,0.5968255779959939
2043,-6.3,3.7,13,Villain,0.6018870014410752,0.5788856313850445
2044,3.9000000000000004,-6.1,11,Hero,0.8780114921656522,0.5890215093439276
2045,4.300000000000001,-5.699999999999999,7,Hero,0.6473494470119476,0.5800287255219051
2046,-6.0,4.0,10,Villain,0.5242340350523591,0.586643198132515
2047,4.300000000000001,-5.699999999999999,7,Hero,0.6852038289819445,0.7267993858882359
2048,3.7,-6.3,13,Hero,0.6300645378919748,0.5619094330960741
2049,4.2,-5.8,8,Hero,0.991404615342617,0.6769609376788139
2050,4.4,-5.6,6,Hero,0.7893974930047989,0.740982656677564
2051,3.2,-6.8,18,Hero,0.7136462463272942,0.5514948632982042
2052,3.3,-6.7,17,Hero,0.6855346718255211,0.6076877897276598
2053,-6.0,4.0,10,Villain,0.9846274793148041,0.5099706381559372
2054,-5.699999999999999,4.300000000000001,7,Villain,0.8149399842534747,0.5015304088592529
2055,4.2,-5.8,8,Hero,0.7707091420888901,0.4800170548260212
2056,3.4000000000000004,-6.6,16,Hero,0.6618881840258837,0.5998153742402792
2057,4.6000000000000005,-5.3999999999999995,4,Hero,0.6301413923501968,0.5857528373599052
2058,3.7,-6.3,13,Hero,0.6688612882907574,0.6465091155125544
2059,2.2999999999999994,-7.700000000000001,27,Hero,0.7671873111415792,0.5373282300101386
2060,3.5,-6.5,15,Hero,0.5679296523332595,0.6622496863206228
2061,4.1000000000000005,-5.8999999999999995,9,Hero,0.655410475201077,0.5235075030682815
2062,4.2,-5.8,8,Hero,0.6335638221353292,0.615383829921484
2063,4.9,-5.1,1,Hero,0.9279460310935974,0.8782075643539429
2064,3.0,-7.0,20,Hero,0.7501202434301376,0.550213813688606
2065,4.0,-6.0,10,Hero,0.7669465750455856,0.5990493476390839
2066,3.0999999999999996,-6.9,19,Hero,0.5395509600639343,0.5199887928503909
2067,-8.600000000000001,1.3999999999999986,36,Villain,0.7324974648654461,0.540959662447373
2068,4.1000000000000005,-5.8999999999999995,9,Hero,0.6150510186950365,0.7904215761356883
2069,4.7,-5.3,3,Hero,0.973613977432251,0.8539162079493204
2070,4.9,-5.1,1,Hero,0.2955268323421478,0.8779788613319397
2071,4.1000000000000005,-5.8999999999999995,9,Hero,0.880698092488779,0.5662630663977729
2072,4.300000000000001,-5.699999999999999,7,Hero,0.5748539923557213,0.5850728792803628
2073,4.300000000000001,-5.699999999999999,7,Hero,0.5912444038050515,0.8059177611555371
2074,4.0,-6.0,10,Hero,0.8906536851078272,0.5998079836368561
2075,3.6000000000000005,-6.3999999999999995,14,Hero,0.7150145024061203,0.6407810140933309
2076,3.7,-6.3,13,Hero,0.760566492493336,0.5156848132610321
2077,2.2999999999999994,-7.700000000000001,27,Hero,0.5363411581902592,0.552741754938055
2078,4.2,-5.8,8,Hero,0.6662451066076756,0.6448321677744389
2079,4.2,-5.8,8,Hero,0.8012600131332874,0.8189771687611938
2080,4.300000000000001,-5.699999999999999,7,Hero,0.681765867131097,0.5613599717617035
2081,3.4000000000000004,-6.6,16,Hero,0.5434301362838596,0.6053353436291218
2082,-6.1,3.9000000000000004,11,Villain,0.5693052702329375,0.6201141642575915
2083,-5.8,4.2,8,Villain,0.9386874213814735,0.6446163170039654
2084,4.300000000000001,-5.699999999999999,7,Hero,0.5881215631961823,0.6965947193758828
2085,3.7,-6.3,13,Hero,0.6303853667699374,0.6113658639100882
2086,3.6000000000000005,-6.3999999999999995,14,Hero,0.7839456732783999,0.5958571795906339
2087,-5.1,4.9,1,Villain,0.9995774626731873,0.7288784384727478
2088,0.7999999999999989,-9.200000000000001,42,Hero,0.8621014808969838,0.6437495315358752
2089,4.1000000000000005,-5.8999999999999995,9,Hero,0.9992011123233371,0.6421445541911655
2090,4.5,-5.5,5,Hero,0.9908025145530701,0.6412937194108963
2091,2.1999999999999993,-7.800000000000001,28,Hero,0.7400746153933662,0.6981437828923974
2092,4.800000000000001,-5.199999999999999,2,Hero,0.511582663282752,0.5206883400678635
2093,4.9,-5.1,1,Hero,0.9770903587341309,0.972305417060852
2094,4.1000000000000005,-5.8999999999999995,9,Hero,0.6691502663824294,0.6209402531385422
2095,4.4,-5.6,6,Hero,0.7562368710835775,0.8642260928948721
2096,3.6000000000000005,-6.3999999999999995,14,Hero,0.7415349196110453,0.7235733273306063
2097,-6.7,3.3,17,Villain,0.5309821577633128,0.5592436790466309
2098,-6.1,3.9000000000000004,11,Villain,0.6643593392588876,0.6251862970265475
2099,3.9000000000000004,-6.1,11,Hero,0.5605518343773755,0.8264354135502469
2100,4.800000000000001,-5.199999999999999,2,Hero,0.5674631595611572,0.9191884100437164
2101,4.0,-6.0,10,Hero,0.7695086985826493,0.6607954144477844
2102,-5.699999999999999,4.300000000000001,7,Villain,0.958405043397631,0.81233492067882
2103,3.2,-6.8,18,Hero,0.5567217585113313,0.5589549640814463
2104,-4.999999999999998,-4.999999999999998,50,None,0.7833229199051857,0.6168718826770783
2105,3.0,-7.0,20,Hero,0.7020458026789129,0.7031485676765442
2106,3.7,-6.3,13,Hero,0.6641420412522095,0.667457830447417
2107,3.9000000000000004,-6.1,11,Hero,0.7985691279172897,0.7827528230845928
2108,3.8000000000000007,-6.199999999999999,12,Hero,0.6744523979723454,0.6041081522901853
2109,3.6000000000000005,-6.3999999999999995,14,Hero,0.6407487488218716,0.6044625810214451
2110,4.0,-6.0,10,Hero,0.6406923964619636,0.733860032260418
2111,4.6000000000000005,-5.3999999999999995,4,Hero,0.5392512828111649,0.9628306180238724
2112,4.300000000000001,-5.699999999999999,7,Hero,0.8280758772577558,0.5724482642752784
2113,3.6000000000000005,-6.3999999999999995,14,Hero,0.6969603598117828,0.5702563268797738
2114,4.1000000000000005,-5.8999999999999995,9,Hero,0.6608558595180511,0.7828918960359361
2115,4.300000000000001,-5.699999999999999,7,Hero,0.6252260250704629,0.848516583442688
2116,4.2,-5.8,8,Hero,0.7423510327935219,0.5621565748006105
2117,4.7,-5.3,3,Hero,0.744854470094045,0.8669285376866659
2118,3.9000000000000004,-6.1,11,Hero,0.6597415913235057,0.684716368263418
2119,3.6000000000000005,-6.3999999999999995,14,Hero,0.64364015098129,0.6789844940815654
2120,4.300000000000001,-5.699999999999999,7,Hero,0.5953788416726249,0.8730301090649196
2121,3.8000000000000007,-6.199999999999999,12,Hero,0.5920975146194299,0.7632803053905567
2122,3.3,-6.7,17,Hero,0.7089624483795727,0.5287514166796908
2123,3.9000000000000004,-6.1,11,Hero,0.6839614808559418,0.6582781076431274
2124,4.2,-5.8,8,Hero,0.9857598915696144,0.743521586060524
2125,4.300000000000001,-5.699999999999999,7,Hero,0.5484916142054966,0.7009620983153582
2126,4.0,-6.0,10,Hero,0.6276465147733689,0.7970500007271767
2127,3.5,-6.5,15,Hero,0.6429032305876414,0.5734052588542302
2128,4.5,-5.5,5,Hero,0.7214943051338196,0.5965185217559338
2129,3.9000000000000004,-6.1,11,Hero,0.8039675354957581,0.5456431765447963
2130,-5.6,4.4,6,Villain,0.6521190832912301,0.6380290140708288
2131,4.1000000000000005,-5.8999999999999995,9,Hero,0.8445183104938931,0.5763862480719885
2132,4.5,-5.5,5,Hero,0.9210763692855835,0.5978459566831589
2133,3.4000000000000004,-6.6,16,Hero,0.6377241928130388,0.5411291755735874
2134,-6.6,3.4000000000000004,16,Villain,0.5394511985359713,0.5146741289645433
2135,4.0,-6.0,10,Hero,0.8442181646823883,0.7993805855512619
2136,4.6000000000000005,-5.3999999999999995,4,Hero,0.9670440107584,0.5403104871511459
2137,3.8000000000000007,-6.199999999999999,12,Hero,0.623841634641091,0.7384976937125126
2138,3.6000000000000005,-6.3999999999999995,14,Hero,0.6151277508054461,0.5711991492924946
2139,3.2,-6.8,18,Hero,0.700476641042365,0.6032470721337531
2140,4.1000000000000005,-5.8999999999999995,9,Hero,0.9810095826784769,0.7254241340690188
2141,4.6000000000000005,-5.3999999999999995,4,Hero,0.7480602079303935,0.936507448554039
2142,4.0,-6.0,10,Hero,0.8491634964942932,0.5938831776380539
2143,3.7,-6.3,13,Hero,0.7290712314156386,0.47016997520740217
2144,4.300000000000001,-5.699999999999999,7,Hero,0.5510820405823844,0.5664008813244956
2145,4.4,-5.6,6,Hero,0.8170530001322428,0.7540958101550738
2146,4.5,-5.5,5,Hero,0.7893315702676773,0.765810115635395
2147,4.5,-5.5,5,Hero,0.9800900340080261,0.7263908743858337
2148,-5.1,4.9,1,Villain,0.09802208840847015,0.8435201644897461
2149,4.300000000000001,-5.699999999999999,7,Hero,0.8036372448716845,0.8491242783410209
2150,4.7,-5.3,3,Hero,0.9982856909434,0.9440664450327555
2151,4.1000000000000005,-5.8999999999999995,9,Hero,0.5654543273978763,0.7667781412601471
2152,3.5,-6.5,15,Hero,0.7399712443351746,0.8500961581865947
2153,4.7,-5.3,3,Hero,0.9994596044222513,0.9039329290390015
2154,3.2,-6.8,18,Hero,0.7857011780142784,0.6483679322732819
2155,3.4000000000000004,-6.6,16,Hero,0.6479095984250307,0.6807872164063156
2156,4.7,-5.3,3,Hero,0.9999091426531473,0.9404569466908773
2157,3.3,-6.7,17,Hero,0.7364079172120375,0.619731113752898
2158,3.2,-6.8,18,Hero,0.8202480574448904,0.681519688003593
2159,4.1000000000000005,-5.8999999999999995,9,Hero,0.8013221058580611,0.7745598091019524
2160,3.0999999999999996,-6.9,19,Hero,0.5508115589618683,0.5851311715025651
2161,-6.199999999999999,3.8000000000000007,12,Villain,0.7342935924728712,0.4898417430134335
2162,3.9000000000000004,-6.1,11,Hero,0.8412194550037384,0.705307044766166
2163,4.0,-6.0,10,Hero,0.6620948985219002,0.5184823513031006
2164,4.4,-5.6,6,Hero,0.5946145206689835,0.9538457890351614
2165,4.7,-5.3,3,Hero,0.7583409945170084,0.8887905875841776
2166,4.0,-6.0,10,Hero,0.9350500583648682,0.5752811267971992
2167,4.2,-5.8,8,Hero,0.7662707790732384,0.9410970360040665
2168,4.0,-6.0,10,Hero,0.659455944597721,0.5923315107822418
2169,4.4,-5.6,6,Hero,0.6893242796262106,0.8989166716734568
2170,4.5,-5.5,5,Hero,0.7085064947605133,0.9384989857673645
2171,3.8000000000000007,-6.199999999999999,12,Hero,0.7523532584309578,0.629070316751798
2172,4.4,-5.6,6,Hero,0.8365603089332581,0.5248763014872869
2173,3.2,-6.8,18,Hero,0.7073692116472456,0.6778646442625258
2174,4.0,-6.0,10,Hero,0.7077554285526275,0.7025041222572327
2175,3.6000000000000005,-6.3999999999999995,14,Hero,0.6558511214596885,0.6676425470837525
2176,4.4,-5.6,6,Hero,0.6073397497336069,0.8066898062825203
2177,4.4,-5.6,6,Hero,0.6635420968135198,0.9084734519322714
2178,4.6000000000000005,-5.3999999999999995,4,Hero,0.7376623637974262,0.8484576344490051
2179,3.7,-6.3,13,Hero,0.7401079604258904,0.5600036913529038
2180,3.4000000000000004,-6.6,16,Hero,0.732347771525383,0.5528528708964586
2181,4.9,-5.1,1,Hero,0.9277681708335876,0.8921663165092468
2182,4.2,-5.8,8,Hero,0.8140328899025917,0.9566078931093216
2183,3.6000000000000005,-6.3999999999999995,14,Hero,0.8322728531701225,0.6209343416350228
2184,3.4000000000000004,-6.6,16,Hero,0.7286461452022195,0.6317875422537327
2185,3.4000000000000004,-6.6,16,Hero,0.8260061163455248,0.514732925221324
2186,3.8000000000000007,-6.199999999999999,12,Hero,0.6370115255316099,0.5882919753591219
2187,4.2,-5.8,8,Hero,0.6095915287733078,0.851154793985188
2188,-6.3,3.7,13,Villain,0.6634491292329935,0.622633294417308
2189,3.7,-6.3,13,Hero,0.8508506417274475,0.5925960494921758
2190,4.0,-6.0,10,Hero,0.8984333723783493,0.718097759783268
2191,-5.199999999999999,4.800000000000001,2,Villain,0.985771119594574,0.5291540026664734
2192,-5.699999999999999,4.300000000000001,7,Villain,0.9007071852684021,0.5091701961521592
2193,4.2,-5.8,8,Hero,0.8572973683476448,0.8578372374176979
2194,3.4000000000000004,-6.6,16,Hero,0.7646663030609488,0.5054734433069825
2195,4.2,-5.8,8,Hero,0.7301215436309576,0.6020381934940815
2196,3.4000000000000004,-6.6,16,Hero,0.6625188458710909,0.4928289490635507
2197,4.1000000000000005,-5.8999999999999995,9,Hero,0.8172909507734908,0.45477502492980826
2198,3.3,-6.7,17,Hero,0.7404714577338275,0.652681299868752
2199,4.0,-6.0,10,Hero,0.6826356887817383,0.6684529930353165
2200,4.2,-5.8,8,Hero,0.749982075765729,0.5754165966063738
2201,4.9,-5.1,1,Hero,0.9658555388450623,0.9227679967880249
2202,4.0,-6.0,10,Hero,0.8472453385591507,0.701578508876264
2203,3.5,-6.5,15,Hero,0.7645636896292368,0.6451675177862247
2204,4.300000000000001,-5.699999999999999,7,Hero,0.8405176401138306,0.5753144068377358
2205,4.9,-5.1,1,Hero,0.9361603260040283,0.8381439447402954
2206,3.9000000000000004,-6.1,11,Hero,0.7531486079096794,0.5815129821950739
2207,3.8000000000000007,-6.199999999999999,12,Hero,0.8172283594806989,0.702408853918314
2208,4.4,-5.6,6,Hero,0.9594220717748007,0.6028479337692261
2209,4.1000000000000005,-5.8999999999999995,9,Hero,0.6807688218024042,0.7838037129905489
2210,4.6000000000000005,-5.3999999999999995,4,Hero,0.7427282556891441,0.8563349843025208
2211,4.5,-5.5,5,Hero,0.9705266952514648,0.7086495816707611
2212,4.2,-5.8,8,Hero,0.8879715800285339,0.6954929362982512
2213,3.9000000000000004,-6.1,11,Hero,0.7330773526971991,0.6366134218194268
2214,2.4999999999999996,-7.5,25,Hero,0.5695263993740082,0.5353663720190525
2215,3.4000000000000004,-6.6,16,Hero,0.7197020541061647,0.4987341817468405
2216,3.3,-6.7,17,Hero,0.7237707043395323,0.5682765280499178
2217,-6.199999999999999,3.8000000000000007,12,Villain,0.5975207400818666,0.5560624773303667
2218,3.6000000000000005,-6.3999999999999995,14,Hero,0.642155089548656,0.567671739895429
2219,4.1000000000000005,-5.8999999999999995,9,Hero,0.665430830584632,0.8272261280152533
2220,3.9000000000000004,-6.1,11,Hero,0.6248931857672605,0.6743182905695655
2221,3.8000000000000007,-6.199999999999999,12,Hero,0.7307132904728254,0.5961653192838033
2222,4.1000000000000005,-5.8999999999999995,9,Hero,0.811675070060624,0.7890275592605273
2223,-5.3,4.7,3,Villain,0.9950759212176005,0.7972795764605204
2224,4.5,-5.5,5,Hero,0.7884534120559692,0.8389964461326599
2225,-5.8999999999999995,4.1000000000000005,9,Villain,0.8561699390411377,0.6364830103185442
2226,4.1000000000000005,-5.8999999999999995,9,Hero,0.7039124965667725,0.6007683608267043
2227,4.0,-6.0,10,Hero,0.7926613360643386,0.8064692080020904
2228,4.2,-5.8,8,Hero,0.6702182786539197,0.7984011042863131
2229,3.4000000000000004,-6.6,16,Hero,0.6220798445865512,0.5977086946368217
2230,4.0,-6.0,10,Hero,0.8022710233926773,0.7010395554592833
2231,4.6000000000000005,-5.3999999999999995,4,Hero,0.999607726931572,0.9166095554828644
2232,-4.999999999999998,-4.999999999999998,50,None,0.5865478986501693,0.555571670201607
2233,3.0999999999999996,-6.9,19,Hero,0.6757385542518214,0.5742720665508195
2234,2.5999999999999996,-7.4,24,Hero,0.6786911642799774,0.5727132407094663
2235,4.2,-5.8,8,Hero,0.8331175521016121,0.6873173546046019
2236,-4.999999999999998,-4.999999999999998,50,None,0.8910910874605179,0.5264412696659565
2237,-5.1,4.9,1,Villain,0.9978173971176147,0.8014756441116333
2238,3.5,-6.5,15,Hero,0.6979499697685242,0.5764050841331482
2239,3.9000000000000004,-6.1,11,Hero,0.7417571497234431,0.5920097055760297
2240,-5.6,4.4,6,Villain,0.7680800644059976,0.5237304816643397
2241,3.7,-6.3,13,Hero,0.7764606928596129,0.6701397872888125
2242,4.0,-6.0,10,Hero,0.6084083557128906,0.8786525785923004
2243,4.300000000000001,-5.699999999999999,7,Hero,0.8101244270801544,0.6468071447951453
2244,4.0,-6.0,10,Hero,0.6523470640182495,0.5858445078134537
2245,2.6999999999999997,-7.300000000000001,23,Hero,0.6249452298102172,0.747852530816327
2246,-7.0,3.0,20,Villain,0.736106576770544,0.6222445361316205
2247,3.7,-6.3,13,Hero,0.5320058098206153,0.7920249058650091
2248,0.7999999999999989,-9.200000000000001,42,Hero,0.6528060782168593,0.5867796594365722
2249,4.4,-5.6,6,Hero,0.6049978037675222,0.6082758083939552
2250,2.8,-7.2,22,Hero,0.809282052246007,0.6572124050422148
2251,3.0,-7.0,20,Hero,0.6268618807196618,0.6751786336302757
2252,4.0,-6.0,10,Hero,0.7331352055072784,0.7580796048045159
2253,3.9000000000000004,-6.1,11,Hero,0.8812276260419325,0.6743123558434573
2254,-5.3,4.7,3,Villain,0.8159651954968771,0.652864009141922
2255,4.300000000000001,-5.699999999999999,7,Hero,0.8224710311208453,0.6722649186849594
2256,4.0,-6.0,10,Hero,0.7230043262243271,0.6388761654496193
2257,3.9000000000000004,-6.1,11,Hero,0.8286040425300598,0.4951676658608697
2258,4.4,-5.6,6,Hero,0.6985582311948141,0.7200535833835602
2259,4.800000000000001,-5.199999999999999,2,Hero,0.5823513269424438,0.8289886713027954
2260,3.8000000000000007,-6.199999999999999,12,Hero,0.7975342273712158,0.6468590522805849
2261,4.2,-5.8,8,Hero,0.6491592824459076,0.7303285165689886
2262,-6.6,3.4000000000000004,16,Villain,0.628457436338067,0.5955999251455069
2263,4.2,-5.8,8,Hero,0.881122313439846,0.6166601665318012
2264,4.2,-5.8,8,Hero,0.7327309064567089,0.5872948355972767
2265,4.2,-5.8,8,Hero,0.7474057525396347,0.5094990320503712
2266,-5.699999999999999,4.300000000000001,7,Villain,0.7158274778297969,0.8726446032524109
2267,-5.6,4.4,6,Villain,0.929717610279719,0.5267929484446844
2268,4.1000000000000005,-5.8999999999999995,9,Hero,0.9238462183210585,0.6883182260725234
2269,2.3999999999999995,-7.6000000000000005,26,Hero,0.725810055835889,0.6062789651063772
2270,3.6000000000000005,-6.3999999999999995,14,Hero,0.7747534151588168,0.6454500460198948
2271,-6.5,3.5,15,Villain,0.6296163926521937,0.6735740164915721
2272,4.4,-5.6,6,Hero,0.5400916039943695,0.529138520359993
2273,4.4,-5.6,6,Hero,0.8495435416698456,0.5812649528185526
2274,4.2,-5.8,8,Hero,0.7081888448446989,0.5660277828574181
2275,4.0,-6.0,10,Hero,0.7905401721596718,0.5526018887758255
2276,-5.8,4.2,8,Villain,0.732428390532732,0.620063092559576
2277,-5.1,4.9,1,Villain,0.9748774766921997,0.6822283864021301
2278,3.9000000000000004,-6.1,11,Hero,0.7189420326189562,0.6478981998833743
2279,4.300000000000001,-5.699999999999999,7,Hero,0.8483875095844269,0.6812627400670733
2280,4.0,-6.0,10,Hero,0.796749871969223,0.5307757735252381
2281,4.4,-5.6,6,Hero,0.8738869031270345,0.5278779963652293
2282,4.2,-5.8,8,Hero,0.8002875857055187,0.8865484967827797
2283,4.1000000000000005,-5.8999999999999995,9,Hero,0.793439182970259,0.5888504385948181
2284,3.2,-6.8,18,Hero,0.6703175302180979,0.5407412739263641
2285,3.7,-6.3,13,Hero,0.7971212967084005,0.6186501429631159
2286,3.9000000000000004,-6.1,11,Hero,0.7029498788443479,0.7469217844984748
2287,4.2,-5.8,8,Hero,0.8363261483609676,0.5562071055173874
2288,3.7,-6.3,13,Hero,0.7689147454041702,0.5934397750175916
2289,4.2,-5.8,8,Hero,0.7692942693829536,0.8692599311470985
2290,-5.199999999999999,4.800000000000001,2,Villain,0.9487905204296112,0.47141891717910767
2291,3.6000000000000005,-6.3999999999999995,14,Hero,0.7143138104251453,0.5986262751477105
2292,3.5,-6.5,15,Hero,0.6059148033459981,0.5739298204580943
2293,-5.199999999999999,4.800000000000001,2,Villain,0.7191557884216309,0.7269487679004669
2294,3.9000000000000004,-6.1,11,Hero,0.7345836000009016,0.5604719709266316
2295,3.0,-7.0,20,Hero,0.6211762088816613,0.5851213064510375
2296,3.6000000000000005,-6.3999999999999995,14,Hero,0.7557353882917336,0.762763683285032
2297,4.300000000000001,-5.699999999999999,7,Hero,0.990815886429378,0.6158733866177499
2298,3.8000000000000007,-6.199999999999999,12,Hero,0.6986643150448799,0.6281514279544353
2299,4.2,-5.8,8,Hero,0.6724697342142463,0.8297454863786697
2300,2.2999999999999994,-7.700000000000001,27,Hero,0.7644389144800328,0.5925260622192312
2301,4.5,-5.5,5,Hero,0.7829183004796505,0.5020849823951721
2302,3.4000000000000004,-6.6,16,Hero,0.6600295063108206,0.6998038599267602
2303,3.6000000000000005,-6.3999999999999995,14,Hero,0.6988184292401586,0.6015528185026986
2304,3.9000000000000004,-6.1,11,Hero,0.8054330538619648,0.7121981626207178
2305,4.5,-5.5,5,Hero,0.6299438714981079,0.7245693325996398
2306,3.9000000000000004,-6.1,11,Hero,0.7540636387738314,0.693571535023776
2307,4.300000000000001,-5.699999999999999,7,Hero,0.77233267894813,0.5425853899547032
2308,4.4,-5.6,6,Hero,0.9990604917208353,0.6281018182635307
2309,3.6000000000000005,-6.3999999999999995,14,Hero,0.6669696377856391,0.5298681697375807
2310,3.3,-6.7,17,Hero,0.6661500825601465,0.6513856789645027
2311,-6.6,3.4000000000000004,16,Villain,0.8037963826209307,0.7650309167802334
2312,2.9,-7.1,21,Hero,0.813669870297114,0.6438700741245633
2313,-6.199999999999999,3.8000000000000007,12,Villain,0.5076130206386248,0.6967836755017439
2314,-7.0,3.0,20,Villain,0.4569703698158264,0.6172312084585428
2315,4.1000000000000005,-5.8999999999999995,9,Hero,0.6568383408917321,0.8514846099747552
2316,3.6000000000000005,-6.3999999999999995,14,Hero,0.8477736307041985,0.6634603972945895
2317,3.3,-6.7,17,Hero,0.6658113388454213,0.5631705259575563
2318,-5.8999999999999995,4.1000000000000005,9,Villain,0.9760799871550666,0.9535603986846076
2319,-5.199999999999999,4.800000000000001,2,Villain,0.6594744920730591,0.44638510048389435
2320,-5.6,4.4,6,Villain,0.8841850757598877,0.5737024794022242
2321,3.8000000000000007,-6.199999999999999,12,Hero,0.7913926113396883,0.5437127227584521
2322,3.8000000000000007,-6.199999999999999,12,Hero,0.5973058479527632,0.5308145309487978
2323,-6.6,3.4000000000000004,16,Villain,0.5438040439039469,0.5174282193183899
2324,3.7,-6.3,13,Hero,0.6609920664475515,0.6054516388819768
2325,-5.6,4.4,6,Villain,0.800771435101827,0.5513543834288915
2326,-5.1,4.9,1,Villain,0.5038868188858032,0.6816474795341492
2327,4.5,-5.5,5,Hero,0.7274900525808334,0.6480304658412933
2328,3.4000000000000004,-6.6,16,Hero,0.8146119941957295,0.7673878408968449
2329,-6.3,3.7,13,Villain,0.8715583315262427,0.8561349379328581
2330,2.2999999999999994,-7.700000000000001,27,Hero,0.7078862595889304,0.7626467098792394
2331,2.4999999999999996,-7.5,25,Hero,0.5403562140464783,0.7110540819168091
2332,-5.5,4.5,5,Villain,0.7081021368503571,0.6180675446987152
2333,4.1000000000000005,-5.8999999999999995,9,Hero,0.8879978375302421,0.8723850436508656
2334,2.6999999999999997,-7.300000000000001,23,Hero,0.5975488974996235,0.8244881817828054
2335,3.8000000000000007,-6.199999999999999,12,Hero,0.7999467141926289,0.6841283954369525
2336,-5.699999999999999,4.300000000000001,7,Villain,0.6817980025495801,0.8130784056016377
2337,-5.8,4.2,8,Villain,0.7461904585361481,0.9422588497400284
2338,3.3,-6.7,17,Hero,0.7613702696912429,0.5799613399978947
2339,3.3,-6.7,17,Hero,0.6863712607061162,0.7073542462552295
2340,-7.0,3.0,20,Villain,0.6126324906945229,0.760475029796362
2341,4.0,-6.0,10,Hero,0.7039861500263214,0.6202550545334816
2342,3.7,-6.3,13,Hero,0.6407142671254965,0.537655973699517
2343,-6.1,3.9000000000000004,11,Villain,0.5763276273554022,0.5580813193863089
2344,3.5,-6.5,15,Hero,0.665916700164477,0.625668070713679
2345,2.4999999999999996,-7.5,25,Hero,0.6605408960580825,0.5866685152053833
2346,4.0,-6.0,10,Hero,0.5979152202606202,0.8587385088205337
2347,-5.1,4.9,1,Villain,0.8088301420211792,0.8361697793006897
2348,4.5,-5.5,5,Hero,0.7714393854141235,0.8667668700218201
2349,2.9,-7.1,21,Hero,0.7042633550507682,0.7174803359167916
2350,3.7,-6.3,13,Hero,0.7532372084947733,0.7461802270263433
2351,2.6999999999999997,-7.300000000000001,23,Hero,0.7585659318644068,0.6807481879773347
2352,4.0,-6.0,10,Hero,0.8267079830169678,0.8613121636211872
2353,3.9000000000000004,-6.1,11,Hero,0.7649775608019396,0.6041634340177883
2354,4.300000000000001,-5.699999999999999,7,Hero,0.8169796637126377,0.8003400899469852
2355,3.3,-6.7,17,Hero,0.5524176984258434,0.7225207276642323
2356,-5.1,4.9,1,Villain,0.9994738698005676,0.942450225353241
2357,3.4000000000000004,-6.6,16,Hero,0.6127532043028623,0.6947031496092677
2358,3.4000000000000004,-6.6,16,Hero,0.6293459758162498,0.5694565661251545
2359,-5.8,4.2,8,Villain,0.7729682810604572,0.9610040336847305
2360,-5.3999999999999995,4.6000000000000005,4,Villain,0.967610239982605,0.36655402183532715
2361,4.4,-5.6,6,Hero,0.9903027514616648,0.9074362913767496
2362,3.4000000000000004,-6.6,16,Hero,0.655224122107029,0.7327128221077146
2363,-5.6,4.4,6,Villain,0.48188753922780353,0.8068980282793442
2364,4.4,-5.6,6,Hero,0.9707634051640829,0.8094890626768271
2365,2.9,-7.1,21,Hero,0.7080620598225367,0.766213167990957
2366,-4.999999999999998,-4.999999999999998,50,None,0.878906300663948,0.5701300683617592
2367,2.8,-7.2,22,Hero,0.7955260060050271,0.731200784444809
2368,3.2,-6.8,18,Hero,0.7022659857239988,0.6592178005311224
2369,3.0999999999999996,-6.9,19,Hero,0.7022017060141814,0.5743770520938071
2370,3.7,-6.3,13,Hero,0.7440135937470657,0.6053731447229018
2371,2.8,-7.2,22,Hero,0.7638007280501452,0.578128503804857
2372,2.2999999999999994,-7.700000000000001,27,Hero,0.6816797844237752,0.6393517851829529
2373,3.6000000000000005,-6.3999999999999995,14,Hero,0.6385603914303439,0.5910171227795737
2374,4.0,-6.0,10,Hero,0.6467636018991471,0.6301633536815643
2375,-5.5,4.5,5,Villain,0.9623178720474244,0.5843754231929779
2376,3.8000000000000007,-6.199999999999999,12,Hero,0.7845597720394532,0.5607213601469994
2377,4.0,-6.0,10,Hero,0.6562588840723038,0.6883711785078048
2378,4.1000000000000005,-5.8999999999999995,9,Hero,0.6601219160689248,0.578005196319686
2379,3.3,-6.7,17,Hero,0.7674302958390292,0.6541898171691334
2380,3.9000000000000004,-6.1,11,Hero,0.6518525318665938,0.7899876277555119
2381,3.6000000000000005,-6.3999999999999995,14,Hero,0.8739400399582726,0.6091679664594787
2382,4.5,-5.5,5,Hero,0.6820019125938416,0.8827062487602234
2383,4.1000000000000005,-5.8999999999999995,9,Hero,0.7688186334239112,0.8351177175839742
2384,3.8000000000000007,-6.199999999999999,12,Hero,0.6511146618674198,0.6592923924326897
2385,3.9000000000000004,-6.1,11,Hero,0.8129039935090325,0.6416400298476219
2386,4.0,-6.0,10,Hero,0.7586129635572434,0.7096055716276168
2387,3.5,-6.5,15,Hero,0.6979755853613218,0.693689892689387
2388,4.2,-5.8,8,Hero,0.7219825442880392,0.7202396625652909
2389,2.1999999999999993,-7.800000000000001,28,Hero,0.7416720693664891,0.5818179968212333
2390,4.7,-5.3,3,Hero,0.6465843270222346,0.6583015670379003
2391,-4.999999999999998,-4.999999999999998,50,None,0.884983878582716,0.5425166064500808
2392,1.6999999999999988,-8.3,33,Hero,0.7977927710973856,0.5696174529465762
2393,4.300000000000001,-5.699999999999999,7,Hero,0.4450973868370056,0.5932487440960748
2394,4.4,-5.6,6,Hero,0.9875776370366415,0.9750601351261139
2395,-5.6,4.4,6,Villain,0.9001958469549814,0.6344968055685362
2396,4.6000000000000005,-5.3999999999999995,4,Hero,0.7967917025089264,0.6835602708160877
2397,4.300000000000001,-5.699999999999999,7,Hero,0.7935224090303693,0.5774907703910556
2398,4.300000000000001,-5.699999999999999,7,Hero,0.8149547640766416,0.6528292085443225
2399,-6.8,3.2,18,Villain,0.6898739768399132,0.5854127340846591
2400,3.2,-6.8,18,Hero,0.6857097935345438,0.5999901195367178
2401,3.6000000000000005,-6.3999999999999995,14,Hero,0.6775737585765975,0.6743369624018669
2402,4.0,-6.0,10,Hero,0.7243825629353523,0.8654716596007347
2403,4.300000000000001,-5.699999999999999,7,Hero,0.8398581487791879,0.5758686023099082
2404,3.3,-6.7,17,Hero,0.7618806526503142,0.7630560678594253
2405,0.7999999999999989,-9.200000000000001,42,Hero,0.914342885393472,0.6843818248737426
2406,4.5,-5.5,5,Hero,0.6480692028999329,0.9293358206748963
2407,3.0999999999999996,-6.9,19,Hero,0.6922877481893489,0.5936047477941764
2408,4.300000000000001,-5.699999999999999,7,Hero,0.6929161016430173,0.796653188765049
2409,4.0,-6.0,10,Hero,0.7561811439692974,0.8266967132687568
2410,-6.3,3.7,13,Villain,0.72066507431177,0.6282021334538093
2411,-4.999999999999998,-4.999999999999998,50,None,0.8929225286841392,0.5857862626388669
2412,3.9000000000000004,-6.1,11,Hero,0.69112398407676,0.6965451633388345
2413,-4.999999999999998,-4.999999999999998,50,None,0.8468405178189278,0.5654527440667152
2414,-5.3,4.7,3,Villain,0.4426056543986003,0.5955044031143188
2415,4.1000000000000005,-5.8999999999999995,9,Hero,0.7684290905793508,0.7297716869248284
2416,1.5999999999999988,-8.400000000000002,34,Hero,0.8523907860850587,0.5327567418708521
2417,2.6999999999999997,-7.300000000000001,23,Hero,0.9354069474274698,0.5948514627373737
2418,3.0999999999999996,-6.9,19,Hero,0.6377002347848917,0.5399841917188544
2419,3.2,-6.8,18,Hero,0.7572407606575224,0.5642680293466482
2420,3.8000000000000007,-6.199999999999999,12,Hero,0.6163944527506828,0.6373606051007906
2421,4.7,-5.3,3,Hero,0.6156089206536611,0.6569498628377914
2422,4.800000000000001,-5.199999999999999,2,Hero,0.9983983635902405,0.9785600006580353
2423,3.8000000000000007,-6.199999999999999,12,Hero,0.7073982693254948,0.6073036367694536
2424,4.0,-6.0,10,Hero,0.5692925967276097,0.6271953254938125
2425,4.1000000000000005,-5.8999999999999995,9,Hero,0.6530576580100589,0.44484931064976585
2426,3.5,-6.5,15,Hero,0.7168323328097661,0.7379633024334907
2427,-6.5,3.5,15,Villain,0.6623529712359111,0.5847563068072001
2428,3.8000000000000007,-6.199999999999999,12,Hero,0.6851586401462555,0.6491519163052241
2429,3.8000000000000007,-6.199999999999999,12,Hero,0.7326003462076187,0.6477994012335936
2430,4.1000000000000005,-5.8999999999999995,9,Hero,0.7806714442041185,0.7653099762068855
2431,4.1000000000000005,-5.8999999999999995,9,Hero,0.7878911130958133,0.6554106341467963
2432,3.6000000000000005,-6.3999999999999995,14,Hero,0.7903299395527158,0.6570178895656552
2433,-5.5,4.5,5,Villain,0.830635952949524,0.5387163460254669
2434,3.4000000000000004,-6.6,16,Hero,0.6183879170566797,0.6594152031466365
2435,-5.699999999999999,4.300000000000001,7,Villain,0.8667703015463692,0.8674997687339783
2436,4.1000000000000005,-5.8999999999999995,9,Hero,0.6447387627429433,0.7827014327049255
2437,3.8000000000000007,-6.199999999999999,12,Hero,0.8044119576613108,0.6641060175995032
2438,2.5999999999999996,-7.4,24,Hero,0.7358469118674597,0.635452524603655
2439,4.1000000000000005,-5.8999999999999995,9,Hero,0.7034362289640639,0.5628587707049317
2440,4.300000000000001,-5.699999999999999,7,Hero,0.5685868752854211,0.5747288380350385
2441,3.0,-7.0,20,Hero,0.5603987371549011,0.5208128928905353
2442,2.4999999999999996,-7.5,25,Hero,0.8050555273890495,0.6339587968587875
2443,-8.500000000000002,1.4999999999999987,35,Villain,0.7112077189343317,0.660050636104175
2444,3.8000000000000007,-6.199999999999999,12,Hero,0.6950026700894038,0.6544311592976252
2445,4.1000000000000005,-5.8999999999999995,9,Hero,0.585186340742641,0.6255677988131841
2446,4.2,-5.8,8,Hero,0.7719338834285736,0.671538308262825
2447,-6.0,4.0,10,Villain,0.5532715629786253,0.8259395077824593
2448,1.3999999999999986,-8.600000000000001,36,Hero,0.6544123389240768,0.6338123637768958
2449,3.8000000000000007,-6.199999999999999,12,Hero,0.6648275752862295,0.6294433486958345
2450,3.9000000000000004,-6.1,11,Hero,0.8386875472285531,0.8261942877010866
2451,4.5,-5.5,5,Hero,0.9989518642425537,0.9715768456459045
2452,-5.6,4.4,6,Villain,0.5923150192247704,0.6108878602584203
2453,-5.8999999999999995,4.1000000000000005,9,Villain,0.7490474491819946,0.8785980873637729
2454,4.2,-5.8,8,Hero,0.7543727159500122,0.9464057460427284
2455,4.0,-6.0,10,Hero,0.7361863046884537,0.8264689847826958
2456,3.7,-6.3,13,Hero,0.7097723220403378,0.6464395018724295
2457,3.5,-6.5,15,Hero,0.7463316828012466,0.7507588565349579
2458,4.0,-6.0,10,Hero,0.8648043870925903,0.9362238466739654
2459,3.9000000000000004,-6.1,11,Hero,0.8247159502723,0.8530400815335187
2460,3.0,-7.0,20,Hero,0.6698928718222306,0.53882946819067
2461,4.300000000000001,-5.699999999999999,7,Hero,0.5798569577080863,0.4652004156793867
2462,3.9000000000000004,-6.1,11,Hero,0.8168504536151886,0.6543624075976285
2463,4.7,-5.3,3,Hero,0.6236599087715149,0.7650487820307413
2464,4.0,-6.0,10,Hero,0.8497590959072113,0.7757013767957688
2465,-6.199999999999999,3.8000000000000007,12,Villain,0.9044856578111649,0.7693249148627123
2466,-6.7,3.3,17,Villain,0.8395816021982361,0.6525952837922994
2467,4.4,-5.6,6,Hero,0.7820474704106649,0.5899318754673004
2468,4.1000000000000005,-5.8999999999999995,9,Hero,0.711680591934257,0.6201047947009405
2469,-6.7,3.3,17,Villain,0.8154800525482964,0.6483256992171792
2470,3.6000000000000005,-6.3999999999999995,14,Hero,0.8466384687594005,0.6672089770436287
2471,-5.8999999999999995,4.1000000000000005,9,Villain,0.717305156091849,0.847055541144477
2472,-4.999999999999998,-4.999999999999998,50,None,0.8808078746497631,0.5938457170128822
2473,-4.999999999999998,-4.999999999999998,50,None,0.8358134335279465,0.6774091775715351
2474,4.0,-6.0,10,Hero,0.7159610897302627,0.7102062672376632
2475,4.1000000000000005,-5.8999999999999995,9,Hero,0.768298453754849,0.7824170688788096
2476,-7.2,2.8,22,Villain,0.7242434024810791,0.7551188983700492
2477,3.0999999999999996,-6.9,19,Hero,0.6651926824921056,0.5705733810992617
2478,-5.3,4.7,3,Villain,0.506714736421903,0.3632149050633113
2479,4.9,-5.1,1,Hero,0.9975987076759338,0.9732604622840881
2480,4.5,-5.5,5,Hero,0.6193645358085632,0.7282114177942276
2481,4.0,-6.0,10,Hero,0.7844416052103043,0.8090141892433167
2482,-5.5,4.5,5,Villain,0.8181808829307556,0.6335959911346436
2483,-6.8,3.2,18,Villain,0.6669436713887585,0.6917088950673739
2484,3.5,-6.5,15,Hero,0.6114433811356624,0.6621669113636017
2485,3.5,-6.5,15,Hero,0.8011342724164326,0.5418635795513789
2486,3.3,-6.7,17,Hero,0.7733314791146446,0.6738278208410039
2487,4.1000000000000005,-5.8999999999999995,9,Hero,0.8866108225451576,0.667140844795439
2488,3.7,-6.3,13,Hero,0.522065458389429,0.6255926398130564
2489,-5.8,4.2,8,Villain,0.6257190173491836,0.5323024597018957
2490,3.0,-7.0,20,Hero,0.6965527102351189,0.5873784244060516
2491,2.8,-7.2,22,Hero,0.640120383436707,0.615992397069931
2492,3.0,-7.0,20,Hero,0.6828329123556613,0.5354989783838391
2493,3.8000000000000007,-6.199999999999999,12,Hero,0.6694887056946754,0.5819892200330893
2494,3.5,-6.5,15,Hero,0.8130685115853945,0.6780768888692061
2495,4.4,-5.6,6,Hero,0.6692336052656174,0.6110058849056562
2496,-6.199999999999999,3.8000000000000007,12,Villain,0.7324498246113459,0.5733311795629561
2497,-5.199999999999999,4.800000000000001,2,Villain,0.5855691134929657,0.501324862241745
2498,3.9000000000000004,-6.1,11,Hero,0.5467551574110985,0.5534733615138314
2499,3.3,-6.7,17,Hero,0.651617165435763,0.5351901106974658
2500,3.8000000000000007,-6.199999999999999,12,Hero,0.8583418602744738,0.6864543457825979
2501,-9.899999999999999,0.10000000000000142,49,Villain,0.7816042106370537,0.57053057666944
2502,3.6000000000000005,-6.3999999999999995,14,Hero,0.8415310893739972,0.6640603223017284
2503,-4.999999999999998,-4.999999999999998,50,None,0.9059523162245751,0.5888052594661712
2504,-7.2,2.8,22,Villain,0.6457480266690254,0.6633387953042984
2505,4.5,-5.5,5,Hero,0.7067964553833008,0.5484297871589661
2506,3.5,-6.5,15,Hero,0.7790826827287674,0.7554040178656578
2507,3.7,-6.3,13,Hero,0.6245917299619088,0.7634306134512792
2508,-7.300000000000001,2.6999999999999997,23,Villain,0.8436679679738439,0.6329779825780703
2509,-4.999999999999998,-4.999999999999998,50,None,0.7878327856957913,0.5905704432725907
2510,3.9000000000000004,-6.1,11,Hero,0.7850436801937494,0.6480847895145416
2511,3.0,-7.0,20,Hero,0.7058702409267426,0.6709378242492676
2512,4.1000000000000005,-5.8999999999999995,9,Hero,0.8255769941541884,0.8394527369075351
2513,4.0,-6.0,10,Hero,0.8165611743927002,0.6093677043914795
2514,4.800000000000001,-5.199999999999999,2,Hero,0.9963499307632446,0.9250188171863556
2515,3.6000000000000005,-6.3999999999999995,14,Hero,0.6446580248219627,0.6113753638097218
2516,-4.999999999999998,-4.999999999999998,50,None,0.9255593471229077,0.5911500081419945
2517,3.9000000000000004,-6.1,11,Hero,0.8251594867218625,0.7619649253108285
2518,4.4,-5.6,6,Hero,0.6284942030906677,0.6112427711486816
2519,2.3999999999999995,-7.6000000000000005,26,Hero,0.6493883923842356,0.6637662494411836
2520,4.1000000000000005,-5.8999999999999995,9,Hero,0.7447392410702176,0.8966797325346205
2521,-4.999999999999998,-4.999999999999998,50,None,0.8682112839818,0.6463162948191166
2522,4.5,-5.5,5,Hero,0.724333131313324,0.9605055689811707
2523,4.0,-6.0,10,Hero,0.6188372030854226,0.5839507728815079
2524,3.3,-6.7,17,Hero,0.7305056060500005,0.7105706351644853
2525,3.8000000000000007,-6.199999999999999,12,Hero,0.8013947121798992,0.7305015275875727
2526,3.8000000000000007,-6.199999999999999,12,Hero,0.6260504374901453,0.7143553383648396
2527,3.8000000000000007,-6.199999999999999,12,Hero,0.8826858848333359,0.6615506447851658
2528,-5.1,4.9,1,Villain,0.6281473636627197,0.5547833442687988
2529,1.899999999999999,-8.100000000000001,31,Hero,0.7310366818020421,0.5838229125065189
2530,3.3,-6.7,17,Hero,0.8268564431106343,0.7046748575042275
2531,-4.999999999999998,-4.999999999999998,50,None,0.934743703007698,0.5791317933797836
2532,3.9000000000000004,-6.1,11,Hero,0.6091723719781096,0.652470587329431
2533,3.5,-6.5,15,Hero,0.6643522679805756,0.621614913145701
2534,-4.999999999999998,-4.999999999999998,50,None,0.9089332472160458,0.5484401369094849
2535,-5.3,4.7,3,Villain,0.5993657410144806,0.5817736585934957
2536,1.4999999999999987,-8.500000000000002,35,Hero,0.7235725238919258,0.5811186850070953
2537,4.7,-5.3,3,Hero,0.6224250793457031,0.9111096064249674
2538,4.2,-5.8,8,Hero,0.8877586089074612,0.7193857748061419
2539,3.6000000000000005,-6.3999999999999995,14,Hero,0.751825074000018,0.7096665150352887
2540,3.9000000000000004,-6.1,11,Hero,0.6285058991475538,0.6134401559829712
2541,3.5,-6.5,15,Hero,0.7774641687671343,0.7076085686683655
2542,2.099999999999999,-7.9,29,Hero,0.8275236482250279,0.5454509946806677
2543,4.1000000000000005,-5.8999999999999995,9,Hero,0.6830751763449775,0.5155009726683298
2544,4.0,-6.0,10,Hero,0.8177445277571678,0.7134961068630219
2545,3.8000000000000007,-6.199999999999999,12,Hero,0.7188029239575068,0.7294491833696762
2546,4.2,-5.8,8,Hero,0.9478645473718643,0.5407654065638781
2547,3.9000000000000004,-6.1,11,Hero,0.8184076087041334,0.6801907230507244
2548,3.8000000000000007,-6.199999999999999,12,Hero,0.7457689295212427,0.6815764307975769
2549,3.8000000000000007,-6.199999999999999,12,Hero,0.690706787010034,0.5893986169248819
2550,3.8000000000000007,-6.199999999999999,12,Hero,0.8073215211431185,0.5748007421692213
2551,3.4000000000000004,-6.6,16,Hero,0.8581985514611006,0.5555033311247826
2552,4.800000000000001,-5.199999999999999,2,Hero,0.6487361192703247,0.511257566511631
2553,4.1000000000000005,-5.8999999999999995,9,Hero,0.7807999783092074,0.7416480912102593
2554,4.5,-5.5,5,Hero,0.7844466805458069,0.8687054753303528
2555,3.8000000000000007,-6.199999999999999,12,Hero,0.589087039232254,0.55703021834294
2556,3.5,-6.5,15,Hero,0.6937316693365574,0.6642599860827129
2557,4.2,-5.8,8,Hero,0.8678111173212528,0.7388142561540008
2558,4.2,-5.8,8,Hero,0.6494250055402517,0.8640114590525627
2559,3.9000000000000004,-6.1,11,Hero,0.8546821502122012,0.6691385751420801
2560,3.0,-7.0,20,Hero,0.5977155677974224,0.561284473654814
2561,4.300000000000001,-5.699999999999999,7,Hero,0.639402700322015,0.9314154556819371
2562,3.2,-6.8,18,Hero,0.5093005845944086,0.5976878942714797
2563,4.6000000000000005,-5.3999999999999995,4,Hero,0.6033997237682343,0.6016927435994148
2564,3.6000000000000005,-6.3999999999999995,14,Hero,0.737231216260365,0.6043551202331271
2565,3.8000000000000007,-6.199999999999999,12,Hero,0.7150878086686134,0.7044068922599157
2566,3.8000000000000007,-6.199999999999999,12,Hero,0.7302890742818514,0.6811533365398645
2567,-5.699999999999999,4.300000000000001,7,Villain,0.5244147681764194,0.650116000856672
2568,4.4,-5.6,6,Hero,0.7662902772426605,0.6304488976796468
2569,4.4,-5.6,6,Hero,0.8012661362687746,0.8296366631984711
2570,4.0,-6.0,10,Hero,0.6374772161245346,0.6639476254582405
2571,3.4000000000000004,-6.6,16,Hero,0.6731155713787302,0.5856143441051245
2572,3.6000000000000005,-6.3999999999999995,14,Hero,0.7813131532498768,0.7120189464518002
2573,4.1000000000000005,-5.8999999999999995,9,Hero,0.7605247596899668,0.6236276295449998
2574,3.4000000000000004,-6.6,16,Hero,0.6998937833122909,0.6729264258174226
2575,4.2,-5.8,8,Hero,0.6228007366880774,0.8280641995370388
2576,-5.699999999999999,4.300000000000001,7,Villain,0.9705360531806946,0.5927727946213314
2577,3.4000000000000004,-6.6,16,Hero,0.643882516771555,0.6037138774991035
2578,0.5,-9.5,45,Hero,0.937835579779413,0.5632438807825868
2579,4.1000000000000005,-5.8999999999999995,9,Hero,0.6251532269848717,0.5621879763073392
2580,4.6000000000000005,-5.3999999999999995,4,Hero,0.8552258312702179,0.6999688372015953
2581,3.6000000000000005,-6.3999999999999995,14,Hero,0.8167704939842224,0.7182021981903485
2582,3.6000000000000005,-6.3999999999999995,14,Hero,0.7823848128318787,0.641843610576221
2583,4.4,-5.6,6,Hero,0.7203075811266899,0.9055124521255493
2584,4.4,-5.6,6,Hero,0.9381687839825948,0.8204705715179443
2585,2.6999999999999997,-7.300000000000001,23,Hero,0.7098038633880408,0.6218626421430836
2586,3.0,-7.0,20,Hero,0.7876983404159545,0.5999570325016975
2587,3.9000000000000004,-6.1,11,Hero,0.8976004448803988,0.6620356223799966
2588,3.2,-6.8,18,Hero,0.6390602394110627,0.6193951173788972
2589,3.4000000000000004,-6.6,16,Hero,0.8416350111365318,0.5718186739832163
2590,4.6000000000000005,-5.3999999999999995,4,Hero,0.5128966197371483,0.5422899648547173
2591,3.5,-6.5,15,Hero,0.6535943473378817,0.607034100095431
2592,2.5999999999999996,-7.4,24,Hero,0.7117935977876186,0.6301850092907747
2593,-6.199999999999999,3.8000000000000007,12,Villain,0.6624568079908689,0.6011936043699583
2594,3.9000000000000004,-6.1,11,Hero,0.7757053564895283,0.5838827206329866
2595,3.9000000000000004,-6.1,11,Hero,0.8223102377219633,0.5901971299370582
2596,4.4,-5.6,6,Hero,0.6801571100950241,0.7889565310130516
2597,4.5,-5.5,5,Hero,0.6404904127120972,0.9173412561416626
2598,3.4000000000000004,-6.6,16,Hero,0.8017185037024319,0.7027118601836264
2599,4.800000000000001,-5.199999999999999,2,Hero,0.9995550513267517,0.9780307710170746
2600,3.0999999999999996,-6.9,19,Hero,0.7328759274984661,0.6551677270939475
2601,-5.199999999999999,4.800000000000001,2,Villain,0.5448256246745586,0.6692660748958588
2602,3.4000000000000004,-6.6,16,Hero,0.6151643423363566,0.6451880242675543
2603,3.9000000000000004,-6.1,11,Hero,0.7521970786831595,0.7779482047666203
2604,4.0,-6.0,10,Hero,0.8831441313028335,0.6673495471477509
2605,4.300000000000001,-5.699999999999999,7,Hero,0.7510372357709068,0.5807787009647915
2606,4.0,-6.0,10,Hero,0.8350281417369843,0.6821622878313065
2607,3.2,-6.8,18,Hero,0.6975840859942966,0.588344547069735
2608,3.7,-6.3,13,Hero,0.7274342179298401,0.6969989733054087
2609,3.7,-6.3,13,Hero,0.7018033942350974,0.5631196888593527
2610,-5.8999999999999995,4.1000000000000005,9,Villain,0.8538278672430251,0.7778752909766303
2611,3.7,-6.3,13,Hero,0.7750273633461732,0.617920156281728
2612,3.4000000000000004,-6.6,16,Hero,0.9268880784511566,0.5897072739899158
2613,2.099999999999999,-7.9,29,Hero,0.8724328166451948,0.5182701919613213
2614,-5.3,4.7,3,Villain,0.6776809493700663,0.7782193024953207
2615,4.0,-6.0,10,Hero,0.8277954200282693,0.847279554605484
2616,3.2,-6.8,18,Hero,0.7164830466111501,0.5393081666487787
2617,3.6000000000000005,-6.3999999999999995,14,Hero,0.781092708664281,0.6645823014633996
2618,-4.999999999999998,-4.999999999999998,50,None,0.8802915529161691,0.5612147056311368
2619,-4.999999999999998,-4.999999999999998,50,None,0.9199065887928009,0.5771287947893142
2620,3.6000000000000005,-6.3999999999999995,14,Hero,0.7301131548093898,0.5836817451885769
2621,3.4000000000000004,-6.6,16,Hero,0.6481510961893946,0.5949888983741403
2622,4.300000000000001,-5.699999999999999,7,Hero,0.7835772676127297,0.9446915813854763
2623,4.1000000000000005,-5.8999999999999995,9,Hero,0.8362433314323425,0.6888971841997571
2624,-5.1,4.9,1,Villain,0.999860405921936,0.9051023721694946
2625,3.8000000000000007,-6.199999999999999,12,Hero,0.6442668419331312,0.8177425507456064
2626,4.0,-6.0,10,Hero,0.669640788435936,0.626888245344162
2627,3.9000000000000004,-6.1,11,Hero,0.8459264067086306,0.6152375313368711
2628,4.5,-5.5,5,Hero,0.657843679189682,0.7797763727605342
2629,4.0,-6.0,10,Hero,0.7114705502986908,0.6726078376173973
2630,-5.3999999999999995,4.6000000000000005,4,Villain,0.9098688513040543,0.7111300751566887
2631,3.6000000000000005,-6.3999999999999995,14,Hero,0.8250128137213844,0.5693685359188488
2632,3.7,-6.3,13,Hero,0.8097987507398312,0.6946320694226485
2633,3.0999999999999996,-6.9,19,Hero,0.7079393220575232,0.573863394166294
2634,4.6000000000000005,-5.3999999999999995,4,Hero,0.6880306452512741,0.9356847554445267
2635,3.2,-6.8,18,Hero,0.7220688089728355,0.6173789186610116
2636,4.7,-5.3,3,Hero,0.6052712301413218,0.6144702533880869
2637,4.300000000000001,-5.699999999999999,7,Hero,0.7316576157297406,0.9691192507743835
2638,-6.199999999999999,3.8000000000000007,12,Villain,0.6242982496817907,0.748667617328465
2639,3.0999999999999996,-6.9,19,Hero,0.7219157571855345,0.6027983811340833
2640,4.800000000000001,-5.199999999999999,2,Hero,0.9973162114620209,0.9529255926609039
2641,3.5,-6.5,15,Hero,0.7689341483948131,0.6835186402002971
2642,3.0999999999999996,-6.9,19,Hero,0.5677174819927466,0.6198208606311757
2643,3.6000000000000005,-6.3999999999999995,14,Hero,0.730129348380225,0.5499739109405449
2644,3.5,-6.5,15,Hero,0.7166326651970546,0.611815478404363
2645,4.6000000000000005,-5.3999999999999995,4,Hero,0.9806649088859558,0.6954632513225079
2646,4.7,-5.3,3,Hero,0.9608167211214701,0.6482724448045095
2647,3.6000000000000005,-6.3999999999999995,14,Hero,0.8284488820603916,0.7267766690679959
2648,3.4000000000000004,-6.6,16,Hero,0.783576900139451,0.5503879874013364
2649,3.6000000000000005,-6.3999999999999995,14,Hero,0.6894185010875974,0.6476660248424325
2650,3.9000000000000004,-6.1,11,Hero,0.8733793469992551,0.7556588107889349
2651,4.300000000000001,-5.699999999999999,7,Hero,0.9855083056858608,0.8528692637171064
2652,4.300000000000001,-5.699999999999999,7,Hero,0.5842066832951137,0.6569572942597526
2653,3.9000000000000004,-6.1,11,Hero,0.8368583904071287,0.5849669453772631
2654,4.300000000000001,-5.699999999999999,7,Hero,0.5515542796679905,0.6073103206498283
2655,4.4,-5.6,6,Hero,0.6607901205619177,0.7627028351028761
2656,3.4000000000000004,-6.6,16,Hero,0.801832701487001,0.690704716835171
2657,4.0,-6.0,10,Hero,0.6501272898167372,0.910624760389328
2658,3.0999999999999996,-6.9,19,Hero,0.8419527285977414,0.6393760089811525
2659,3.8000000000000007,-6.199999999999999,12,Hero,0.6402285123864809,0.6528980309764544
2660,4.1000000000000005,-5.8999999999999995,9,Hero,0.740064207257496,0.7379682859561095
2661,4.4,-5.6,6,Hero,0.6778025676806768,0.957785944143931
2662,-6.0,4.0,10,Villain,0.8527376174926757,0.5481727540493011
2663,4.300000000000001,-5.699999999999999,7,Hero,0.6608692833355495,0.8468118139675685
2664,4.800000000000001,-5.199999999999999,2,Hero,0.8995530009269714,0.8123278617858887
2665,4.4,-5.6,6,Hero,0.7105613251527151,0.979229728380839
2666,-5.699999999999999,4.300000000000001,7,Villain,0.6190831246120589,0.9121866651943752
2667,2.2999999999999994,-7.700000000000001,27,Hero,0.7858042606601009,0.58008912647212
2668,2.099999999999999,-7.9,29,Hero,0.8645247658714652,0.6203737207527819
2669,4.300000000000001,-5.699999999999999,7,Hero,0.7180772141686508,0.9483342681612287
2670,1.899999999999999,-8.100000000000001,31,Hero,0.8939913203639369,0.6275090834786815
2671,-4.999999999999998,-4.999999999999998,50,None,0.8684577976167202,0.5739214411377906
2672,2.099999999999999,-7.9,29,Hero,0.7809702265879204,0.5981500672883001
2673,2.6999999999999997,-7.300000000000001,23,Hero,0.8038685347722925,0.5928928171810897
2674,4.2,-5.8,8,Hero,0.8102458491921425,0.8678469406440854
2675,-4.999999999999998,-4.999999999999998,50,None,0.8679207733273506,0.5519710969924927
2676,3.7,-6.3,13,Hero,0.5678620017491854,0.5319601446390152
2677,3.5,-6.5,15,Hero,0.8389905949433645,0.5687821288437893
2678,-6.3,3.7,13,Villain,0.8652371801435947,0.4764312580227852
2679,3.7,-6.3,13,Hero,0.7835948834052453,0.6181160647135514
2680,-5.3,4.7,3,Villain,0.4530072808265686,0.8327336311340332
2681,2.5999999999999996,-7.4,24,Hero,0.5753801004805913,0.5321620057026545
2682,4.6000000000000005,-5.3999999999999995,4,Hero,0.5553568452596664,0.8743111789226532
2683,-6.1,3.9000000000000004,11,Villain,0.7645558281378313,0.8729092099449851
2684,-6.5,3.5,15,Villain,0.860984914501508,0.610071325302124
2685,4.300000000000001,-5.699999999999999,7,Hero,0.6094322172658784,0.8055550094161715
2686,4.0,-6.0,10,Hero,0.7329807311296463,0.795769813656807
2687,4.1000000000000005,-5.8999999999999995,9,Hero,0.858254955874549,0.5980372826258341
2688,-5.199999999999999,4.800000000000001,2,Villain,0.417649582028389,0.2771817147731781
2689,4.4,-5.6,6,Hero,0.6009132117033005,0.7208246290683746
2690,2.5999999999999996,-7.4,24,Hero,0.6982068885117769,0.6478333940419058
2691,3.8000000000000007,-6.199999999999999,12,Hero,0.8138540713116527,0.7869834626714388
2692,3.8000000000000007,-6.199999999999999,12,Hero,0.6569932053486506,0.7328781920174757
2693,4.2,-5.8,8,Hero,0.6548777930438519,0.8573485445231199
2694,3.9000000000000004,-6.1,11,Hero,0.7427646084265276,0.7187685695561495
2695,4.2,-5.8,8,Hero,0.9979498088359833,0.7262008190155029
2696,4.4,-5.6,6,Hero,0.9962806900342306,0.6465112020572027
2697,3.8000000000000007,-6.199999999999999,12,Hero,0.6229539575676123,0.5902854179342588
2698,4.1000000000000005,-5.8999999999999995,9,Hero,0.8451072143183814,0.7220751427941852
2699,4.1000000000000005,-5.8999999999999995,9,Hero,0.689801381693946,0.5724313722716438
2700,-7.700000000000001,2.2999999999999994,27,Villain,0.7980735776601015,0.5466286882206246
2701,4.0,-6.0,10,Hero,0.8789873391389846,0.7063532039523125
2702,4.1000000000000005,-5.8999999999999995,9,Hero,0.7609591086705526,0.9406484034326341
2703,-5.8999999999999995,4.1000000000000005,9,Villain,0.6770380126933256,0.7116497159004211
2704,3.4000000000000004,-6.6,16,Hero,0.5957462750375271,0.7574258353561163
2705,4.5,-5.5,5,Hero,0.9990096092224121,0.9273557662963867
2706,-5.699999999999999,4.300000000000001,7,Villain,0.706591781760965,0.6219571019921984
2707,3.3,-6.7,17,Hero,0.6379074092735263,0.6452486620229834
2708,4.4,-5.6,6,Hero,0.8821194569269816,0.7532217353582382
2709,4.1000000000000005,-5.8999999999999995,9,Hero,0.904990573724111,0.6920265058676401
2710,3.6000000000000005,-6.3999999999999995,14,Hero,0.7032094874552318,0.6310158975954566
2711,4.5,-5.5,5,Hero,0.9612356901168824,0.672311294078827
2712,4.1000000000000005,-5.8999999999999995,9,Hero,0.7758059431281354,0.6452865261170599
2713,-5.8,4.2,8,Villain,0.4931927006691694,0.6000241376459599
2714,3.9000000000000004,-6.1,11,Hero,0.7865204892375253,0.6060269380157645
2715,4.1000000000000005,-5.8999999999999995,9,Hero,0.840529869000117,0.7613944411277771
2716,4.4,-5.6,6,Hero,0.9999001026153564,0.8070891400178274
2717,3.9000000000000004,-6.1,11,Hero,0.7257040901617571,0.6294764307412234
2718,3.2,-6.8,18,Hero,0.6551325933800803,0.5888189226388931
2719,3.5,-6.5,15,Hero,0.644399760166804,0.625875024870038
2720,4.300000000000001,-5.699999999999999,7,Hero,0.6408190258911678,0.7744325995445251
2721,3.2,-6.8,18,Hero,0.6144959057370821,0.7486609881743789
2722,3.9000000000000004,-6.1,11,Hero,0.6449130380695517,0.7986281202598051
2723,2.6999999999999997,-7.300000000000001,23,Hero,0.8171635143782782,0.6728840288908585
2724,-6.3,3.7,13,Villain,0.8555239118062533,0.7787195435510232
2725,4.4,-5.6,6,Hero,0.9999679327011108,0.7750471457839012
2726,3.5,-6.5,15,Hero,0.7752427518367767,0.719205163915952
2727,4.1000000000000005,-5.8999999999999995,9,Hero,0.9889896644486321,0.6247894333468543
2728,4.0,-6.0,10,Hero,0.8705264657735825,0.717011708021164
2729,3.6000000000000005,-6.3999999999999995,14,Hero,0.9066995275872094,0.7025441740240369
2730,0.7999999999999989,-9.200000000000001,42,Hero,0.8418295358618101,0.6155253649977523
2731,4.1000000000000005,-5.8999999999999995,9,Hero,0.6969856222470602,0.6954929017358356
2732,3.4000000000000004,-6.6,16,Hero,0.7945620678365231,0.6392967291176319
2733,4.0,-6.0,10,Hero,0.8673000663518906,0.5519366651773453
2734,-6.5,3.5,15,Villain,0.5693467617034912,0.7018428886930148
2735,4.300000000000001,-5.699999999999999,7,Hero,0.94280891759055,0.6021952969687325
2736,-5.8,4.2,8,Villain,0.7428680621087551,0.7291135564446449
2737,-5.199999999999999,4.800000000000001,2,Villain,0.4934960827231407,0.41808411478996277
2738,3.0,-7.0,20,Hero,0.7180831797420979,0.7632924191653728
2739,4.300000000000001,-5.699999999999999,7,Hero,0.9979367171015058,0.5747066267899105
2740,-4.999999999999998,-4.999999999999998,50,None,0.8605621383339167,0.6607296460866928
2741,3.8000000000000007,-6.199999999999999,12,Hero,0.6433891815443834,0.7971461651225885
2742,1.799999999999999,-8.200000000000001,32,Hero,0.8884436006192118,0.6388573116855696
2743,3.7,-6.3,13,Hero,0.572256496319404,0.8124151894679437
2744,2.9,-7.1,21,Hero,0.639244444668293,0.747952496721631
2745,3.5,-6.5,15,Hero,0.6236934224764507,0.5737572956830264
2746,-6.5,3.5,15,Villain,0.7083195547262827,0.8459932605425516
2747,-6.3999999999999995,3.6000000000000005,14,Villain,0.69027600224529,0.7057617264134544
2748,3.7,-6.3,13,Hero,0.7905653577584487,0.7855727638189609
2749,3.6000000000000005,-6.3999999999999995,14,Hero,0.5938957695450101,0.5577698690550668
2750,-4.999999999999998,-4.999999999999998,50,None,0.9620478117465973,0.7313780209422112
2751,-5.5,4.5,5,Villain,0.8203026175498962,0.6441870391368866
2752,4.300000000000001,-5.699999999999999,7,Hero,0.8682233265468052,0.9056985804012844
2753,3.4000000000000004,-6.6,16,Hero,0.8024570159614086,0.7597844474948943
2754,4.1000000000000005,-5.8999999999999995,9,Hero,0.7205315662754906,0.8640043867958916
2755,2.8,-7.2,22,Hero,0.6558131230148402,0.6674624844030901
2756,3.7,-6.3,13,Hero,0.6841281744150015,0.731482302913299
2757,4.300000000000001,-5.699999999999999,7,Hero,0.8137220825467791,0.8891378385680062
2758,4.4,-5.6,6,Hero,0.9845702250798544,0.8915964066982269
2759,-8.100000000000001,1.899999999999999,31,Villain,0.7624875487339112,0.7285614508774972
2760,-6.199999999999999,3.8000000000000007,12,Villain,0.9212692479292551,0.7731430195271969
2761,3.9000000000000004,-6.1,11,Hero,0.9180136268789117,0.7482448856938969
2762,4.4,-5.6,6,Hero,0.8617151081562042,0.6074029554923376
2763,4.800000000000001,-5.199999999999999,2,Hero,0.9793646335601807,0.8984676897525787
2764,3.0999999999999996,-6.9,19,Hero,0.5320252089908248,0.7575998619983071
2765,4.0,-6.0,10,Hero,0.7232549309730529,0.8411591142416001
2766,4.6000000000000005,-5.3999999999999995,4,Hero,0.7680079266428947,0.76972296833992
2767,4.300000000000001,-5.699999999999999,7,Hero,0.9960940991129194,0.9594792212758746
2768,4.0,-6.0,10,Hero,0.776905819773674,0.8862007483839989
2769,4.300000000000001,-5.699999999999999,7,Hero,0.6761348630700793,0.9760689905711583
2770,-5.8,4.2,8,Villain,0.5174724536482245,0.9651411846280098
2771,3.9000000000000004,-6.1,11,Hero,0.7367657585577532,0.8279292786663229
2772,3.0999999999999996,-6.9,19,Hero,0.8185745807070481,0.6779258611955141
2773,4.6000000000000005,-5.3999999999999995,4,Hero,0.7672330439090729,0.9914434105157852
2774,3.9000000000000004,-6.1,11,Hero,0.7269584373994307,0.8484545742923563
2775,0.5,-9.5,45,Hero,0.8132246817979548,0.6094096422195434
2776,3.4000000000000004,-6.6,16,Hero,0.6460509933531284,0.6095093968324363
2777,-6.6,3.4000000000000004,16,Villain,0.8523093312978745,0.8676838672254235
2778,-4.999999999999998,-4.999999999999998,50,None,0.8734323373436927,0.6758055666089058
2779,-5.6,4.4,6,Villain,0.9811449646949768,0.7016792794068655
2780,4.0,-6.0,10,Hero,0.7706446774303913,0.8421015575528145
2781,4.2,-5.8,8,Hero,0.8971201665699482,0.9379714131355286
2782,0.7999999999999989,-9.200000000000001,42,Hero,0.8497686753315585,0.6624461907804722
2783,4.6000000000000005,-5.3999999999999995,4,Hero,0.6665307097136974,0.9171911925077438
2784,3.9000000000000004,-6.1,11,Hero,0.8709099238569086,0.7982768565416336
2785,4.9,-5.1,1,Hero,0.3281368613243103,0.9686576128005981
2786,3.0999999999999996,-6.9,19,Hero,0.7406444031941263,0.5984761707092586
2787,-6.0,4.0,10,Villain,0.7281826466321946,0.8619682535529136
2788,-5.6,4.4,6,Villain,0.7149477402369181,0.9484307169914246
2789,3.3,-6.7,17,Hero,0.8162335963810191,0.7225715596886242
2790,-5.699999999999999,4.300000000000001,7,Villain,0.828075895352023,0.9023708190236773
2791,4.2,-5.8,8,Hero,0.8785716444253922,0.9640664607286453
2792,4.9,-5.1,1,Hero,0.9526136517524719,0.9483287334442139
2793,4.1000000000000005,-5.8999999999999995,9,Hero,0.5814716484811571,0.5826263427734375
2794,3.9000000000000004,-6.1,11,Hero,0.7844791717149995,0.8681213340976022
2795,4.4,-5.6,6,Hero,0.8275799552599589,0.9752969443798065
2796,-5.6,4.4,6,Villain,0.6739373430609703,0.8499597012996674
2797,3.8000000000000007,-6.199999999999999,12,Hero,0.8295506921907266,0.6764053540925185
2798,3.8000000000000007,-6.199999999999999,12,Hero,0.7323842483262221,0.6277608821789423
2799,3.4000000000000004,-6.6,16,Hero,0.7496261284686625,0.5760561525821686
2800,3.8000000000000007,-6.199999999999999,12,Hero,0.6752167021234831,0.6161139619847139
2801,3.4000000000000004,-6.6,16,Hero,0.6676956424489617,0.6910501746460795
2802,-4.999999999999998,-4.999999999999998,50,None,0.8937458400428295,0.8059480806440115
2803,2.5999999999999996,-7.4,24,Hero,0.7298374058057865,0.7046129442751408
2804,2.9,-7.1,21,Hero,0.678503964628492,0.6747916369211107
2805,4.1000000000000005,-5.8999999999999995,9,Hero,0.735817152592871,0.6994866298304664
2806,3.6000000000000005,-6.3999999999999995,14,Hero,0.6723237386239427,0.7119503915309906
2807,2.9,-7.1,21,Hero,0.8591763728431293,0.7467438777287801
2808,4.4,-5.6,6,Hero,0.8619578232367834,0.9859437644481659
2809,2.3999999999999995,-7.6000000000000005,26,Hero,0.7398316428924983,0.6089418834218612
2810,4.6000000000000005,-5.3999999999999995,4,Hero,0.9825408309698105,0.9492225348949432
2811,3.4000000000000004,-6.6,16,Hero,0.6637501623481512,0.631446716201026
2812,4.300000000000001,-5.699999999999999,7,Hero,0.7040025527988162,0.9836706178528922
2813,4.5,-5.5,5,Hero,0.951442813873291,0.7321603536605835
2814,4.1000000000000005,-5.8999999999999995,9,Hero,0.9966131183836195,0.958395414882236
2815,3.5,-6.5,15,Hero,0.7585793117682139,0.8693815469741821
2816,3.6000000000000005,-6.3999999999999995,14,Hero,0.6646594405174255,0.707558698952198
2817,3.4000000000000004,-6.6,16,Hero,0.81016994593665,0.6259631020948291
2818,3.0999999999999996,-6.9,19,Hero,0.7750256265464582,0.6379741116573936
2819,3.8000000000000007,-6.199999999999999,12,Hero,0.6109384757777055,0.9081336657206217
2820,3.7,-6.3,13,Hero,0.7893048777030065,0.7053059935569763
2821,4.1000000000000005,-5.8999999999999995,9,Hero,0.8295165002346039,0.8797248560521338
2822,3.8000000000000007,-6.199999999999999,12,Hero,0.5961510166525841,0.5977770866205295
2823,3.6000000000000005,-6.3999999999999995,14,Hero,0.6895247644611767,0.7078398966363498
2824,4.300000000000001,-5.699999999999999,7,Hero,0.9034199033464704,0.9265284197671073
2825,4.4,-5.6,6,Hero,0.7206076681613922,0.5959317112962405
2826,4.300000000000001,-5.699999999999999,7,Hero,0.6233893420015063,0.9499184489250183
2827,-5.3999999999999995,4.6000000000000005,4,Villain,0.7863221019506454,0.5219860672950745
2828,4.1000000000000005,-5.8999999999999995,9,Hero,0.8725068966547648,0.9079302549362183
2829,-5.1,4.9,1,Villain,0.9874699711799622,0.915215015411377
2830,4.2,-5.8,8,Hero,0.823971152305603,0.6599458567798138
2831,3.6000000000000005,-6.3999999999999995,14,Hero,0.6535954134804862,0.8392879068851471
2832,4.2,-5.8,8,Hero,0.9212496653199196,0.8124457970261574
2833,4.1000000000000005,-5.8999999999999995,9,Hero,0.689117776023017,0.834427862531609
2834,3.4000000000000004,-6.6,16,Hero,0.7341802737209946,0.9286098554730415
2835,4.0,-6.0,10,Hero,0.7313841938972473,0.6350576296448708
2836,4.2,-5.8,8,Hero,0.8348185122013092,0.7167559508234262
2837,4.0,-6.0,10,Hero,0.7086999699473381,0.8565446764230729
2838,-5.1,4.9,1,Villain,0.9977269768714905,0.8676170110702515
2839,3.8000000000000007,-6.199999999999999,12,Hero,0.7603356844435135,0.9756572345892588
2840,3.7,-6.3,13,Hero,0.7049480355702914,0.9674032192963821
2841,3.8000000000000007,-6.199999999999999,12,Hero,0.858091035236915,0.896230178574721
2842,4.1000000000000005,-5.8999999999999995,9,Hero,0.8982805808385214,0.9878422485457526
2843,4.6000000000000005,-5.3999999999999995,4,Hero,0.5975387711077929,0.9801051318645477
2844,3.4000000000000004,-6.6,16,Hero,0.6591886365786195,0.6981037282384932
2845,4.800000000000001,-5.199999999999999,2,Hero,0.9999529123306274,0.9967616200447083
2846,4.1000000000000005,-5.8999999999999995,9,Hero,0.7686345082604222,0.6730291148026785
2847,4.300000000000001,-5.699999999999999,7,Hero,0.6848646104335785,0.6166796790702003
2848,4.0,-6.0,10,Hero,0.7020984407514334,0.9773768126964569
2849,-6.9,3.0999999999999996,19,Villain,0.6987188495695591,0.5628647106258493
2850,4.0,-6.0,10,Hero,0.6526713520288467,0.9563494324684143
2851,-4.999999999999998,-4.999999999999998,50,None,0.8826918059587479,0.8019887110590935
2852,4.7,-5.3,3,Hero,0.8803758025169373,0.6815271576245626
2853,3.6000000000000005,-6.3999999999999995,14,Hero,0.7517025289790971,0.8255251858915601
2854,4.4,-5.6,6,Hero,0.8281436115503311,0.9190199176470438
2855,2.099999999999999,-7.9,29,Hero,0.7802951418120285,0.7996448571312016
2856,3.4000000000000004,-6.6,16,Hero,0.8303926684893668,0.8019296275451779
2857,3.7,-6.3,13,Hero,0.7826738770191486,0.7968636384377112
2858,4.300000000000001,-5.699999999999999,7,Hero,0.9077168532780239,0.8441556649548667
2859,3.6000000000000005,-6.3999999999999995,14,Hero,0.7547694614955357,0.6248024925589561
2860,3.4000000000000004,-6.6,16,Hero,0.7610096950083971,0.681338198017329
2861,1.899999999999999,-8.100000000000001,31,Hero,0.74187501255543,0.730701721603832
2862,3.4000000000000004,-6.6,16,Hero,0.7558701867237687,0.7548418380320072
2863,4.2,-5.8,8,Hero,0.8932011500000954,0.8639378789812326
2864,2.5999999999999996,-7.4,24,Hero,0.6783205922693014,0.6063344857345024
2865,4.0,-6.0,10,Hero,0.7669890880584717,0.6524454563856125
2866,-6.9,3.0999999999999996,19,Villain,0.6150451691723183,0.6844733602514392
2867,3.8000000000000007,-6.199999999999999,12,Hero,0.6487149049838384,0.7243855421741804
2868,4.300000000000001,-5.699999999999999,7,Hero,0.6877648447241101,0.5634654068521091
2869,4.5,-5.5,5,Hero,0.681441706418991,0.9677446126937866
2870,-5.8999999999999995,4.1000000000000005,9,Villain,0.8596272601021661,0.9754827684826322
2871,4.800000000000001,-5.199999999999999,2,Hero,0.9976137578487396,0.9748562276363373
2872,3.2,-6.8,18,Hero,0.693306633995639,0.6316559010495743
2873,-5.8,4.2,8,Villain,0.6652224734425545,0.4505419014021754
2874,-6.3999999999999995,3.6000000000000005,14,Villain,0.8367344673190799,0.9708080930369241
2875,3.8000000000000007,-6.199999999999999,12,Hero,0.85551778289179,0.8098913636058569
2876,3.3,-6.7,17,Hero,0.4833187574849409,0.8908669356914127
2877,2.4999999999999996,-7.5,25,Hero,0.6841942566633225,0.5984919273853302
2878,4.7,-5.3,3,Hero,0.9994687040646871,0.9730455676714579
2879,4.2,-5.8,8,Hero,0.9964730143547058,0.6437925943173468
2880,3.4000000000000004,-6.6,16,Hero,0.6975026172585785,0.6629743254743516
2881,-4.999999999999998,-4.999999999999998,50,None,0.6585182146728039,0.5314882748946548
2882,3.3,-6.7,17,Hero,0.509326071204508,0.7771662094575518
2883,-6.0,4.0,10,Villain,0.6775892093777657,0.8187438115477562
2884,4.300000000000001,-5.699999999999999,7,Hero,0.9680160709789821,0.9772146599633353
2885,3.5,-6.5,15,Hero,0.7333166952555378,0.7385388513406118
2886,4.2,-5.8,8,Hero,0.7170921452343464,0.99104343354702
2887,4.1000000000000005,-5.8999999999999995,9,Hero,0.8982115255461799,0.6584399773014916
2888,4.7,-5.3,3,Hero,0.9957863688468933,0.982422411441803
2889,-5.8,4.2,8,Villain,0.7526186164468527,0.9041389152407646
2890,4.4,-5.6,6,Hero,0.9940312306086222,0.9475648204485575
2891,4.6000000000000005,-5.3999999999999995,4,Hero,0.8626006990671158,0.9036634117364883
2892,3.5,-6.5,15,Hero,0.8109937876462936,0.8275794386863708
2893,3.8000000000000007,-6.199999999999999,12,Hero,0.7633711717401942,0.6310161153475443
2894,4.0,-6.0,10,Hero,0.82249313890934,0.9370402872562409
2895,3.0,-7.0,20,Hero,0.6103001654148101,0.6495002940297127
2896,-6.199999999999999,3.8000000000000007,12,Villain,0.7651329077780247,0.9748495121796926
2897,3.8000000000000007,-6.199999999999999,12,Hero,0.6211671127627293,0.6540007696797451
2898,2.6999999999999997,-7.300000000000001,23,Hero,0.790443530022774,0.6468335692163395
2899,-5.6,4.4,6,Villain,0.7389874358971914,0.6244074626204869
2900,4.6000000000000005,-5.3999999999999995,4,Hero,0.788833424448967,0.9871591776609421
2901,3.0,-7.0,20,Hero,0.6579629387240857,0.6807934135198593
2902,3.4000000000000004,-6.6,16,Hero,0.6977594490163028,0.7121297810226679
2903,3.7,-6.3,13,Hero,0.7289436746102113,0.9153692309673016
2904,3.0999999999999996,-6.9,19,Hero,0.6682911005459333,0.729669088399724
2905,-4.999999999999998,-4.999999999999998,50,None,0.8662571109831333,0.5341208625584841
2906,-4.999999999999998,-4.999999999999998,50,None,0.6795388063788415,0.6308504788577557
2907,0.5,-9.5,45,Hero,0.7256170015782117,0.5471107335347268
2908,3.0,-7.0,20,Hero,0.5149149253964425,0.5878116268664598
2909,4.2,-5.8,8,Hero,0.7173665799200535,0.9734249785542488
2910,4.1000000000000005,-5.8999999999999995,9,Hero,0.5595985684129927,0.6858933965365092
2911,4.5,-5.5,5,Hero,0.6773247063159943,0.7507012993097305
2912,4.5,-5.5,5,Hero,0.8175713300704956,0.9894768118858337
2913,4.1000000000000005,-5.8999999999999995,9,Hero,0.6134476686517397,0.5926985773775313
2914,4.800000000000001,-5.199999999999999,2,Hero,0.9991736114025116,0.9948620200157166
2915,4.1000000000000005,-5.8999999999999995,9,Hero,0.9925576514667935,0.9655950665473938
2916,3.5,-6.5,15,Hero,0.6940053125222524,0.6630437185366949
2917,-4.999999999999998,-4.999999999999998,50,None,0.8558567362395115,0.5370084525004495
2918,-5.5,4.5,5,Villain,0.7486129701137543,0.8958545804023743
2919,-5.5,4.5,5,Villain,0.6066134035587311,0.6137624055147171
2920,4.7,-5.3,3,Hero,0.6427207589149475,0.8909544944763184
2921,4.6000000000000005,-5.3999999999999995,4,Hero,0.9935874342918396,0.993702232837677
2922,3.8000000000000007,-6.199999999999999,12,Hero,0.7252226249935726,0.5558750548710426
2923,4.1000000000000005,-5.8999999999999995,9,Hero,0.7778062489297655,0.8237120430502627
2924,3.8000000000000007,-6.199999999999999,12,Hero,0.6582851770023505,0.6855499123533567
2925,4.1000000000000005,-5.8999999999999995,9,Hero,0.728343548046218,0.9770143495665656
2926,4.5,-5.5,5,Hero,0.860860002040863,0.985212242603302
2927,3.6000000000000005,-6.3999999999999995,14,Hero,0.5897052437067032,0.7895771775926862
2928,-4.999999999999998,-4.999999999999998,50,None,0.9494437497854232,0.5446577733755111
2929,4.1000000000000005,-5.8999999999999995,9,Hero,0.6814630693859525,0.65113855070538
2930,4.9,-5.1,1,Hero,0.9997162222862244,0.9890424609184265
2931,-6.199999999999999,3.8000000000000007,12,Villain,0.47891020161720615,0.8653755287329356
2932,-4.999999999999998,-4.999999999999998,50,None,0.9243411230482161,0.5314759451150894
2933,-4.999999999999998,-4.999999999999998,50,None,0.8943837013840675,0.6545676472783089
2934,4.7,-5.3,3,Hero,0.9832207759221395,0.9781405131022135
2935,3.9000000000000004,-6.1,11,Hero,0.8790256624872034,0.7600631009448658
2936,3.8000000000000007,-6.199999999999999,12,Hero,0.8403558308879534,0.744504738599062
2937,3.8000000000000007,-6.199999999999999,12,Hero,0.7467614809672037,0.658837211628755
2938,4.2,-5.8,8,Hero,0.8798065185546875,0.98927141726017
2939,-5.699999999999999,4.300000000000001,7,Villain,0.6707342096737453,0.8435094846146447
2940,-6.9,3.0999999999999996,19,Villain,0.44080092601085963,0.49809792324116353
2941,-4.999999999999998,-4.999999999999998,50,None,0.9083277833461761,0.5551173320412636
2942,4.5,-5.5,5,Hero,0.6804539382457733,0.9401452898979187
2943,-5.1,4.9,1,Villain,0.8777804374694824,0.8032990097999573
2944,3.9000000000000004,-6.1,11,Hero,0.6935703469948336,0.7808542441238057
2945,4.1000000000000005,-5.8999999999999995,9,Hero,0.686728815237681,0.9257341490851508
2946,4.1000000000000005,-5.8999999999999995,9,Hero,0.5910982290903727,0.7976279109716415
2947,-4.999999999999998,-4.999999999999998,50,None,0.7239936509728432,0.5142236793413758
2948,-4.999999999999998,-4.999999999999998,50,None,0.8203977121412754,0.8459519624710083
2949,-4.999999999999998,-4.999999999999998,50,None,0.9236238996312022,0.5568701957911253
2950,4.1000000000000005,-5.8999999999999995,9,Hero,0.6004113919205136,0.94134611553616
2951,-4.999999999999998,-4.999999999999998,50,None,0.878969197254628,0.4989993350021541
2952,4.1000000000000005,-5.8999999999999995,9,Hero,0.6546471847428216,0.637025985866785
2953,4.800000000000001,-5.199999999999999,2,Hero,0.9487760365009308,0.8944553732872009
2954,-4.999999999999998,-4.999999999999998,50,None,0.970134854502976,0.5448107356205583
2955,3.8000000000000007,-6.199999999999999,12,Hero,0.6535907834768295,0.6614347572127978
2956,4.6000000000000005,-5.3999999999999995,4,Hero,0.6208215318620205,0.6992081962525845
2957,-4.999999999999998,-4.999999999999998,50,None,0.7915610874444247,0.5575676304101944
2958,4.0,-6.0,10,Hero,0.8182968944311142,0.7836090959608555
2959,-4.999999999999998,-4.999999999999998,50,None,0.9795279967784881,0.5682846526801586
2960,4.1000000000000005,-5.8999999999999995,9,Hero,0.6428479353586832,0.9587578177452087
2961,-4.999999999999998,-4.999999999999998,50,None,0.9784071631822735,0.5642430876940489
2962,4.1000000000000005,-5.8999999999999995,9,Hero,0.9941413270102607,0.6211677226755354
2963,2.099999999999999,-7.9,29,Hero,0.5707395471118647,0.5703870494817865
2964,4.5,-5.5,5,Hero,0.5721270680427551,0.9888761520385743
2965,-4.999999999999998,-4.999999999999998,50,None,0.9387612333893776,0.5622622150182724
2966,4.300000000000001,-5.699999999999999,7,Hero,0.7726704818861825,0.9830017771039691
2967,-4.999999999999998,-4.999999999999998,50,None,0.9139356748759746,0.5642605923116207
2968,3.7,-6.3,13,Hero,0.7281837297173647,0.5856124631917248
2969,4.800000000000001,-5.199999999999999,2,Hero,0.49800369143486023,0.8261698484420776
2970,4.800000000000001,-5.199999999999999,2,Hero,0.648629367351532,0.9586119055747986
2971,4.9,-5.1,1,Hero,0.9313942790031433,0.9381498694419861
2972,-4.999999999999998,-4.999999999999998,50,None,0.9620081460475922,0.5679190634191036
2973,4.0,-6.0,10,Hero,0.7843041718006134,0.8736942827701568
2974,3.8000000000000007,-6.199999999999999,12,Hero,0.8141017258167267,0.721545882212619
2975,-4.999999999999998,-4.999999999999998,50,None,0.7390624168515205,0.5341373500227928
2976,-5.8999999999999995,4.1000000000000005,9,Villain,0.5082248424490293,0.9644563595453898
2977,2.5999999999999996,-7.4,24,Hero,0.6269063539803028,0.5545190225044886
2978,-5.6,4.4,6,Villain,0.4412504720191161,0.9421757857004801
2979,-4.999999999999998,-4.999999999999998,50,None,0.7447115232422948,0.5514758270978928
2980,4.1000000000000005,-5.8999999999999995,9,Hero,0.8972546723153856,0.787913077407413
2981,3.8000000000000007,-6.199999999999999,12,Hero,0.7972245290875435,0.8615223107238611
2982,-4.999999999999998,-4.999999999999998,50,None,0.7451040071994066,0.5180486939521507
2983,-4.999999999999998,-4.999999999999998,50,None,0.910855006868951,0.579875858426094
2984,-4.999999999999998,-4.999999999999998,50,None,0.798945819362998,0.765185631364584
2985,3.7,-6.3,13,Hero,0.7791840376762244,0.5490829050540924
2986,2.5999999999999996,-7.4,24,Hero,0.7148369698164364,0.6704712205876907
2987,3.3,-6.7,17,Hero,0.721241972025703,0.7581521325251636
2988,-4.999999999999998,-4.999999999999998,50,None,0.8283043003082275,0.5326379759050905
2989,4.300000000000001,-5.699999999999999,7,Hero,0.7498691848346165,0.9778978909764972
2990,-9.000000000000002,0.9999999999999982,40,Villain,0.6828396085649728,0.580796655267477
2991,3.9000000000000004,-6.1,11,Hero,0.7670224363153632,0.7900126468051564
2992,4.2,-5.8,8,Hero,0.9985597655177116,0.6986639127135277
2993,4.1000000000000005,-5.8999999999999995,9,Hero,0.6916612519158257,0.796592480606503
2994,4.2,-5.8,8,Hero,0.7037153504788876,0.6909637348726392
2995,4.0,-6.0,10,Hero,0.8278911083936691,0.6075817808508873
2996,4.7,-5.3,3,Hero,0.9333569606145223,0.9721317887306213
2997,4.2,-5.8,8,Hero,0.740386288613081,0.9882762581110001
2998,3.8000000000000007,-6.199999999999999,12,Hero,0.6917219633857409,0.7332724804679552
2999,-4.999999999999998,-4.999999999999998,50,None,0.5923669910430909,0.5600024497509003
3000,4.0,-6.0,10,Hero,0.7137213721871376,0.831422857940197
