episode,hero_reward,villain_reward,steps,winner,hero_avg_prob,villain_avg_prob
1,-4.999999999999998,-4.999999999999998,50,None,0.4425497697293758,0.4341149429231882
2,-4.999999999999998,-4.999999999999998,50,None,0.3605086320638657,0.3210868144035339
3,-9.6,0.40000000000000036,46,Villain,0.3306096158111873,0.3319615640718004
4,-4.999999999999998,-4.999999999999998,50,None,0.43008214980363846,0.5096510070562362
5,-4.999999999999998,-4.999999999999998,50,None,0.43710862994194033,0.37334851641207933
6,-4.999999999999998,-4.999999999999998,50,None,0.40762130334973334,0.35691278778016566
7,-4.999999999999998,-4.999999999999998,50,None,0.4466941425949335,0.279785121679306
8,-4.999999999999998,-4.999999999999998,50,None,0.4171634367108345,0.3071225357055664
9,-4.999999999999998,-4.999999999999998,50,None,0.4881258076801896,0.45240692265331744
10,-4.999999999999998,-4.999999999999998,50,None,0.35203480131924153,0.2728705158829689
11,-4.999999999999998,-4.999999999999998,50,None,0.39955622389912604,0.31807921946048734
12,-4.999999999999998,-4.999999999999998,50,None,0.36826560124754903,0.29057499185204505
13,-5.8999999999999995,4.1000000000000005,9,Villain,0.5582015017668406,0.43647173129849964
14,-4.999999999999998,-4.999999999999998,50,None,0.4046074032783508,0.39300401128828527
15,-4.999999999999998,-4.999999999999998,50,None,0.29255444288253785,0.3135006596148014
16,-4.999999999999998,-4.999999999999998,50,None,0.35034699795767665,0.38709017194807527
17,-6.3,3.7,13,Villain,0.4401570575741621,0.359476092343147
18,-4.999999999999998,-4.999999999999998,50,None,0.30590031027793885,0.3518709760904312
19,-4.999999999999998,-4.999999999999998,50,None,0.48264526404440405,0.3714407106116414
20,-8.200000000000001,1.799999999999999,32,Villain,0.4702096728142351,0.4848966534482315
21,-9.200000000000001,0.7999999999999989,42,Villain,0.3133064430384409,0.3726254011548701
22,-7.6000000000000005,2.3999999999999995,26,Villain,0.5975176497147634,0.4392611001833127
23,-5.8999999999999995,4.1000000000000005,9,Villain,0.8530216150813632,0.46196573227643967
24,-6.0,4.0,10,Villain,0.48963180035352705,0.635364469140768
25,-5.699999999999999,4.300000000000001,7,Villain,0.5260173992386886,0.7427675979478019
26,-4.999999999999998,-4.999999999999998,50,None,0.44286147445440294,0.8080360555648803
27,-4.999999999999998,-4.999999999999998,50,None,0.38341237951070073,0.7029250052571296
28,-4.999999999999998,-4.999999999999998,50,None,0.5607107995357364,0.8606748737394809
29,-4.999999999999998,-4.999999999999998,50,None,0.61839012414217,0.6400802731513977
30,-4.999999999999998,-4.999999999999998,50,None,0.6195505224540829,0.6926236992329359
31,-4.999999999999998,-4.999999999999998,50,None,0.7194945606589317,0.7606566850095987
32,-4.999999999999998,-4.999999999999998,50,None,0.6976138865668327,0.6363826150819659
33,-4.999999999999998,-4.999999999999998,50,None,0.7527334712445736,0.5895973777770996
34,-4.999999999999998,-4.999999999999998,50,None,0.7880725568905472,0.8591683623567223
35,-4.999999999999998,-4.999999999999998,50,None,0.8308553671836854,0.7901480605080724
36,-4.999999999999998,-4.999999999999998,50,None,0.7853375797718763,0.7226959285885095
37,-4.999999999999998,-4.999999999999998,50,None,0.8716724749840796,0.8514695690199733
38,-4.999999999999998,-4.999999999999998,50,None,0.7490846648137085,0.791313817948103
39,-4.999999999999998,-4.999999999999998,50,None,0.8470127322897315,0.66823748935014
40,-4.999999999999998,-4.999999999999998,50,None,0.7818173710256815,0.8852964965254069
41,-4.999999999999998,-4.999999999999998,50,None,0.7361193425953388,0.7377138501033187
42,-4.999999999999998,-4.999999999999998,50,None,0.7585909782163799,0.8288721937686205
43,-4.999999999999998,-4.999999999999998,50,None,0.9458196999132633,0.7985335080698133
44,-4.999999999999998,-4.999999999999998,50,None,0.6913543555885553,0.6191962770745159
45,-4.999999999999998,-4.999999999999998,50,None,0.8851073081605136,0.7507559937983751
46,-4.999999999999998,-4.999999999999998,50,None,0.9278255945444107,0.5896997896581888
47,-4.999999999999998,-4.999999999999998,50,None,0.8608851469308137,0.6352922596037388
48,-5.5,4.5,5,Villain,0.3901278577744961,0.9888423204421997
49,-4.999999999999998,-4.999999999999998,50,None,0.7932074142666533,0.7132854507118463
50,-4.999999999999998,-4.999999999999998,50,None,0.9460133020766079,0.6554764768108725
51,-4.999999999999998,-4.999999999999998,50,None,0.9710249197483063,0.7479144319146872
52,-4.999999999999998,-4.999999999999998,50,None,0.7318975502997637,0.6318285375088454
53,-4.999999999999998,-4.999999999999998,50,None,0.5587680868804454,0.507087811306119
54,-4.999999999999998,-4.999999999999998,50,None,0.9153926408290863,0.7797608686983586
55,-8.500000000000002,1.4999999999999987,35,Villain,0.710059576268707,0.6111874674047743
56,-4.999999999999998,-4.999999999999998,50,None,0.9295767069607973,0.8861951641738415
57,-4.999999999999998,-4.999999999999998,50,None,0.8089948027208448,0.8209309278428555
58,-4.999999999999998,-4.999999999999998,50,None,0.9699020789470524,0.9690363931655884
59,-4.999999999999998,-4.999999999999998,50,None,0.6323171988129616,0.4346275995671749
60,-4.999999999999998,-4.999999999999998,50,None,0.631210464462638,0.5366661597043276
61,-4.999999999999998,-4.999999999999998,50,None,0.9323659735172987,0.8421221055462956
62,-4.999999999999998,-4.999999999999998,50,None,0.7018032310903073,0.4993113145232201
63,-4.999999999999998,-4.999999999999998,50,None,0.9490852643549442,0.9275765443220735
64,-4.999999999999998,-4.999999999999998,50,None,0.9060750870220363,0.904778612293303
65,-4.999999999999998,-4.999999999999998,50,None,0.9478109186235816,0.8730135592957958
66,-4.999999999999998,-4.999999999999998,50,None,0.9513906314782798,0.7754263934493065
67,-4.999999999999998,-4.999999999999998,50,None,0.9434277473390102,0.9453997164219617
68,-4.999999999999998,-4.999999999999998,50,None,0.93119826965034,0.8399799131788314
69,-4.999999999999998,-4.999999999999998,50,None,0.9721625859150663,0.9583262395858765
70,-4.999999999999998,-4.999999999999998,50,None,0.8950896396581084,0.8690132350847125
71,-4.999999999999998,-4.999999999999998,50,None,0.7339061173796654,0.6738243715465069
72,-4.999999999999998,-4.999999999999998,50,None,0.9928637301921844,0.965705833863467
73,-4.999999999999998,-4.999999999999998,50,None,0.9707789361476898,0.8155649560689926
74,-4.999999999999998,-4.999999999999998,50,None,0.5814860393479466,0.5730179737508297
75,-4.999999999999998,-4.999999999999998,50,None,0.8123124449327588,0.6926981116458774
76,-4.999999999999998,-4.999999999999998,50,None,0.7254061476141215,0.4948722780495882
77,-4.999999999999998,-4.999999999999998,50,None,0.8058452730812132,0.7720645090192556
78,-4.999999999999998,-4.999999999999998,50,None,0.7329732741415501,0.5970133955776692
79,-4.999999999999998,-4.999999999999998,50,None,0.6110039857774973,0.5571671367436647
80,-4.999999999999998,-4.999999999999998,50,None,0.74729745618999,0.7147039058804512
81,-4.999999999999998,-4.999999999999998,50,None,0.8128057664632797,0.855087968967855
82,4.9,-5.1,1,Hero,0.06893004477024078,0.9996857643127441
83,-4.999999999999998,-4.999999999999998,50,None,0.8673223562538623,0.8887772683799267
84,-4.999999999999998,-4.999999999999998,50,None,0.7266080241650343,0.7899979219585657
85,4.7,-5.3,3,Hero,0.8631394108136495,0.999034066994985
86,4.5,-5.5,5,Hero,0.8972205400466919,0.9968045473098754
87,-4.999999999999998,-4.999999999999998,50,None,0.46007389917969704,0.9710790443420411
88,-4.999999999999998,-4.999999999999998,50,None,0.5022059062123299,0.8119451067224145
89,-4.999999999999998,-4.999999999999998,50,None,0.41706267759203913,0.7818738579750061
90,-4.999999999999998,-4.999999999999998,50,None,0.7363467946648597,0.990448945760727
91,-4.999999999999998,-4.999999999999998,50,None,0.939445893522352,0.9988630747795105
92,-4.999999999999998,-4.999999999999998,50,None,0.9909130871295929,0.9992339587211609
93,-4.999999999999998,-4.999999999999998,50,None,0.9191322857094929,0.9980893671512604
94,-4.999999999999998,-4.999999999999998,50,None,0.5910991108679445,0.9893492245674134
95,-4.999999999999998,-4.999999999999998,50,None,0.6028136049583555,0.9128526595979929
96,-4.999999999999998,-4.999999999999998,50,None,0.9309970352053643,0.9927675271034241
97,4.6000000000000005,-5.3999999999999995,4,Hero,0.9891327023506165,0.9979538023471832
98,-4.999999999999998,-4.999999999999998,50,None,0.628926793038845,0.9934545183181762
99,-4.999999999999998,-4.999999999999998,50,None,0.5401184338331223,0.8890851917117835
100,-4.999999999999998,-4.999999999999998,50,None,0.5652634586393833,0.9150309518538415
101,-4.999999999999998,-4.999999999999998,50,None,0.92217749055475,0.993900694847107
102,-4.999999999999998,-4.999999999999998,50,None,0.9676101672649383,0.9984344589710236
103,-4.999999999999998,-4.999999999999998,50,None,0.5260193140804768,0.9530588467046619
104,-4.999999999999998,-4.999999999999998,50,None,0.876392356902361,0.9958415055274963
105,-4.999999999999998,-4.999999999999998,50,None,0.5375321857631207,0.9226928979717195
106,-4.999999999999998,-4.999999999999998,50,None,0.49029026232659817,0.9922587668895722
107,-4.999999999999998,-4.999999999999998,50,None,0.9333016328513623,0.9975083422660828
108,-4.999999999999998,-4.999999999999998,50,None,0.3794061000645161,0.990098272562027
109,-4.999999999999998,-4.999999999999998,50,None,0.4671149364858866,0.9735062802769243
110,-4.999999999999998,-4.999999999999998,50,None,0.4919913509488106,0.972259404649958
111,-4.999999999999998,-4.999999999999998,50,None,0.39781959608197215,0.9712049663066864
112,-4.999999999999998,-4.999999999999998,50,None,0.47294226706027986,0.7783180764317512
113,-4.999999999999998,-4.999999999999998,50,None,0.9414015225693584,0.9992648410797119
114,-4.999999999999998,-4.999999999999998,50,None,0.9929156577587128,0.9995530378818512
115,-4.999999999999998,-4.999999999999998,50,None,0.5273463230580091,0.9761296922969632
116,-4.999999999999998,-4.999999999999998,50,None,0.5195109713077545,0.9964791023731232
117,-4.999999999999998,-4.999999999999998,50,None,0.38594035401940346,0.8597095284238457
118,-4.999999999999998,-4.999999999999998,50,None,0.960932297706604,0.998620355129242
119,4.9,-5.1,1,Hero,0.9981813430786133,0.9999194145202637
120,-9.000000000000002,0.9999999999999982,40,Villain,0.37406601570546627,0.7856577125377953
121,-4.999999999999998,-4.999999999999998,50,None,0.9134697884321212,0.9983026421070099
122,-9.6,0.40000000000000036,46,Villain,0.4493544926138028,0.8469834482580747
123,-4.999999999999998,-4.999999999999998,50,None,0.397709426805377,0.7885355857014656
124,-4.999999999999998,-4.999999999999998,50,None,0.9905107009410858,0.9995265209674835
125,-4.999999999999998,-4.999999999999998,50,None,0.8361706477589905,0.9992945957183837
126,-4.999999999999998,-4.999999999999998,50,None,0.45899144649505613,0.9621600925922393
127,-6.9,3.0999999999999996,19,Villain,0.40048184441892726,0.6666649070225263
128,-9.3,0.6999999999999993,43,Villain,0.3723665571143461,0.6063390741947778
129,-9.200000000000001,0.7999999999999989,42,Villain,0.41257912417252857,0.658756032541749
130,-8.3,1.6999999999999988,33,Villain,0.41070285936196643,0.8183363439007239
131,4.4,-5.6,6,Hero,0.9750498036543528,0.9986730217933655
132,-4.999999999999998,-4.999999999999998,50,None,0.3652389173209667,0.8957856626994908
133,-8.8,1.1999999999999984,38,Villain,0.43028660601397095,0.8967193467052359
134,-4.999999999999998,-4.999999999999998,50,None,0.5385030878335237,0.9915601193904877
135,-4.999999999999998,-4.999999999999998,50,None,0.47413683488965036,0.987905764579773
136,-4.999999999999998,-4.999999999999998,50,None,0.37738042447715997,0.9776744139194489
137,-4.999999999999998,-4.999999999999998,50,None,0.9834164440631866,0.999236307144165
138,-4.999999999999998,-4.999999999999998,50,None,0.3699217949062586,0.9420605715364218
139,-4.999999999999998,-4.999999999999998,50,None,0.9062277472019196,0.998251131772995
140,-4.999999999999998,-4.999999999999998,50,None,0.6107292693853378,0.974222255628556
141,4.800000000000001,-5.199999999999999,2,Hero,0.998386025428772,0.9999132752418518
142,-4.999999999999998,-4.999999999999998,50,None,0.9023741975426673,0.9977505922317504
143,-4.999999999999998,-4.999999999999998,50,None,0.9460959215089679,0.9980503857135773
144,-4.999999999999998,-4.999999999999998,50,None,0.40843071408569814,0.9811126494407654
145,-4.999999999999998,-4.999999999999998,50,None,0.31817071825265886,0.774996948838234
146,-4.999999999999998,-4.999999999999998,50,None,0.8831980011984706,0.9984602618217469
147,-4.999999999999998,-4.999999999999998,50,None,0.4326706960052252,0.9433100154995918
148,-4.999999999999998,-4.999999999999998,50,None,0.8615899036824703,0.998658059835434
149,-4.999999999999998,-4.999999999999998,50,None,0.4248577079921961,0.9395918188989163
150,-4.999999999999998,-4.999999999999998,50,None,0.9195534138381481,0.9992931115627289
151,-4.999999999999998,-4.999999999999998,50,None,0.8456857469491661,0.9987115144729615
152,4.5,-5.5,5,Hero,0.9942511677742004,0.9993548274040223
153,-4.999999999999998,-4.999999999999998,50,None,0.6478715575858951,0.9967094123363495
154,-4.999999999999998,-4.999999999999998,50,None,0.934312753751874,0.9995302355289459
155,-4.999999999999998,-4.999999999999998,50,None,0.9392443674802781,0.9996011590957642
156,-4.999999999999998,-4.999999999999998,50,None,0.46480246547609566,0.8672438478469848
157,-4.999999999999998,-4.999999999999998,50,None,0.5672197884321213,0.9957133233547211
158,-4.999999999999998,-4.999999999999998,50,None,0.42864283561706545,0.8270820324122906
159,-4.999999999999998,-4.999999999999998,50,None,0.5550354444980621,0.9768898017890751
160,-4.999999999999998,-4.999999999999998,50,None,0.4690827906131744,0.8014382895152085
161,-4.999999999999998,-4.999999999999998,50,None,0.5123088725656271,0.9618205071985721
162,-4.999999999999998,-4.999999999999998,50,None,0.5367590506002307,0.9969292747974395
163,-4.999999999999998,-4.999999999999998,50,None,0.539941594004631,0.9939490449428559
164,-4.999999999999998,-4.999999999999998,50,None,0.5595463155396283,0.9943769967556
165,-4.999999999999998,-4.999999999999998,50,None,0.5143259195238352,0.8839909347705543
166,4.300000000000001,-5.699999999999999,7,Hero,0.9591795120920453,0.999458874974932
167,-4.999999999999998,-4.999999999999998,50,None,0.5715089696645737,0.9971676385402679
168,-9.7,0.3000000000000007,47,Villain,0.43512409501411814,0.652205680675329
169,-4.999999999999998,-4.999999999999998,50,None,0.5342903983592987,0.9598987200856208
170,-4.999999999999998,-4.999999999999998,50,None,0.48710591934621333,0.8025569672137499
171,-4.999999999999998,-4.999999999999998,50,None,0.5442622048035264,0.9977682888507843
172,-4.999999999999998,-4.999999999999998,50,None,0.47643388882279397,0.9161034722626209
173,-7.6000000000000005,2.3999999999999995,26,Villain,0.33996983101734746,0.552300372805733
174,-4.999999999999998,-4.999999999999998,50,None,0.4029011928290129,0.7760340160131455
175,-4.999999999999998,-4.999999999999998,50,None,0.5281326835416258,0.97852598965168
176,-4.999999999999998,-4.999999999999998,50,None,0.42731890723109245,0.8121011150255799
177,-4.999999999999998,-4.999999999999998,50,None,0.49377558469772337,0.9696717083454132
178,-7.9,2.099999999999999,29,Villain,0.3148557104427239,0.6807167101009138
179,-8.600000000000001,1.3999999999999986,36,Villain,0.29550420348015094,0.503769596417745
180,-4.999999999999998,-4.999999999999998,50,None,0.34233355075120925,0.5958618406951427
181,-4.999999999999998,-4.999999999999998,50,None,0.4151620830595493,0.6568017483502626
182,-4.999999999999998,-4.999999999999998,50,None,0.5609258648753166,0.9947337770462036
183,-4.999999999999998,-4.999999999999998,50,None,0.5118600698187947,0.8264925101399422
184,-4.999999999999998,-4.999999999999998,50,None,0.49546174742281435,0.824274804033339
185,-4.999999999999998,-4.999999999999998,50,None,0.4873226733319461,0.757677120193839
186,-4.999999999999998,-4.999999999999998,50,None,0.5261651029065252,0.8133535831794143
187,-6.7,3.3,17,Villain,0.5811839971472236,0.5596788052250358
188,-4.999999999999998,-4.999999999999998,50,None,0.5558316481113433,0.9963215208053589
189,-4.999999999999998,-4.999999999999998,50,None,0.559924249202013,0.9157751759886742
190,-4.999999999999998,-4.999999999999998,50,None,0.6058899170160293,0.9866673624515534
191,4.5,-5.5,5,Hero,0.7909422278404236,0.9799005389213562
192,-4.999999999999998,-4.999999999999998,50,None,0.5642586006224155,0.9593097191676497
193,-4.999999999999998,-4.999999999999998,50,None,0.6212902775406838,0.9384510953724384
194,-4.999999999999998,-4.999999999999998,50,None,0.5965028899908066,0.8673533250391483
195,-4.999999999999998,-4.999999999999998,50,None,0.8610379713773727,0.975659863948822
196,-8.8,1.1999999999999984,38,Villain,0.4556194192876941,0.6092921620921085
197,-4.999999999999998,-4.999999999999998,50,None,0.4395050749182701,0.5171781109273433
198,-4.999999999999998,-4.999999999999998,50,None,0.46560052685439585,0.5712677165865898
199,-4.999999999999998,-4.999999999999998,50,None,0.4740668145567179,0.5589764278382063
200,2.4999999999999996,-7.5,25,Hero,0.9416713586635888,0.9011939365416766
201,-4.999999999999998,-4.999999999999998,50,None,0.7013330758363009,0.8357956302165985
202,-4.999999999999998,-4.999999999999998,50,None,0.8820857160165906,0.9647246170043945
203,0.9999999999999982,-9.000000000000002,40,Hero,0.7533972730394453,0.9480095916893333
204,-4.999999999999998,-4.999999999999998,50,None,0.4443763542175293,0.6736768099665642
205,-4.999999999999998,-4.999999999999998,50,None,0.5759490324556827,0.8927129072695971
206,4.9,-5.1,1,Hero,0.9927418231964111,0.9982908368110657
207,-4.999999999999998,-4.999999999999998,50,None,0.3731140999868512,0.7953948481380939
208,-4.999999999999998,-4.999999999999998,50,None,0.8701988099515439,0.9903119659423828
209,-4.999999999999998,-4.999999999999998,50,None,0.7211325900256633,0.8941823174897582
210,3.0999999999999996,-6.9,19,Hero,0.5405382564977596,0.8962024701269049
211,-4.999999999999998,-4.999999999999998,50,None,0.7117856034636497,0.8858026266098022
212,4.9,-5.1,1,Hero,0.9911649823188782,0.9980949759483337
213,2.2999999999999994,-7.700000000000001,27,Hero,0.5889170438879066,0.9579145555143003
214,2.3999999999999995,-7.6000000000000005,26,Hero,0.5117024154617236,0.850733227454699
215,2.8,-7.2,22,Hero,0.6774534295228395,0.9396826243874702
216,3.4000000000000004,-6.6,16,Hero,0.5323286699131131,0.8449467348400503
217,4.1000000000000005,-5.8999999999999995,9,Hero,0.47322657373216415,0.8515928958853086
218,3.4000000000000004,-6.6,16,Hero,0.4496454002801329,0.7352469814941287
219,3.2,-6.8,18,Hero,0.4851008529464404,0.7814354482624266
220,4.2,-5.8,8,Hero,0.6955783851444721,0.9948641657829285
221,3.3,-6.7,17,Hero,0.563369466977961,0.8508326998528313
222,3.6000000000000005,-6.3999999999999995,14,Hero,0.5223327055573463,0.8191357050756258
223,4.0,-6.0,10,Hero,0.5651004403829575,0.9943903684616089
224,3.5,-6.5,15,Hero,0.5339450816313426,0.9248069047927856
225,3.6000000000000005,-6.3999999999999995,14,Hero,0.6143865713051387,0.8453373504536492
226,-5.199999999999999,4.800000000000001,2,Villain,0.10698597691953182,0.5436283648014069
227,3.8000000000000007,-6.199999999999999,12,Hero,0.5782779008150101,0.8282648473978043
228,3.3,-6.7,17,Hero,0.5887176184093251,0.8732992585967568
229,3.6000000000000005,-6.3999999999999995,14,Hero,0.6411035646285329,0.7459627368620464
230,3.8000000000000007,-6.199999999999999,12,Hero,0.6319266383846601,0.6423317914207777
231,4.5,-5.5,5,Hero,0.5977342844009399,0.7829589962959289
232,3.5,-6.5,15,Hero,0.5217932204405467,0.7536996821562449
233,3.9000000000000004,-6.1,11,Hero,0.7140629643743689,0.743121546777812
234,3.7,-6.3,13,Hero,0.6794519000328504,0.7727556045238788
235,3.3,-6.7,17,Hero,0.53133245250758,0.8527383072685231
236,4.2,-5.8,8,Hero,0.607212757691741,0.6682525128126144
237,4.0,-6.0,10,Hero,0.5941066220402718,0.8836855895817279
238,3.5,-6.5,15,Hero,0.5650627454121907,0.8000327279170354
239,3.7,-6.3,13,Hero,0.5929690393117758,0.6186451957775996
240,3.9000000000000004,-6.1,11,Hero,0.5538225092671134,0.645625813440843
241,3.8000000000000007,-6.199999999999999,12,Hero,0.5953722844521204,0.5105014915267626
242,4.5,-5.5,5,Hero,0.5641961395740509,0.4031987637281418
243,3.7,-6.3,13,Hero,0.5635736194940714,0.7160898286562699
244,3.6000000000000005,-6.3999999999999995,14,Hero,0.5728670390588897,0.5823470556310245
245,3.7,-6.3,13,Hero,0.6110696437267157,0.5212981448723719
246,4.1000000000000005,-5.8999999999999995,9,Hero,0.5737148324648539,0.5918923219045004
247,4.0,-6.0,10,Hero,0.5610410630702972,0.7943165086209774
248,4.1000000000000005,-5.8999999999999995,9,Hero,0.6590202500422796,0.5599340299765269
249,4.5,-5.5,5,Hero,0.5012782454490662,0.6518604576587677
250,3.6000000000000005,-6.3999999999999995,14,Hero,0.5726841241121292,0.672700394477163
251,3.4000000000000004,-6.6,16,Hero,0.5129847442731261,0.5169755350798368
252,3.9000000000000004,-6.1,11,Hero,0.726497694849968,0.580438267100941
253,4.1000000000000005,-5.8999999999999995,9,Hero,0.859114471409056,0.6111157751745648
254,3.2,-6.8,18,Hero,0.53797304795848,0.7147053707804945
255,4.300000000000001,-5.699999999999999,7,Hero,0.6605505687849862,0.7264145761728287
256,3.9000000000000004,-6.1,11,Hero,0.7985700910741632,0.6941555792635138
257,4.0,-6.0,10,Hero,0.5785403937101364,0.6618210852146149
258,4.1000000000000005,-5.8999999999999995,9,Hero,0.5785617563459609,0.5039355953534445
259,4.0,-6.0,10,Hero,0.5957746148109436,0.7287892818450927
260,3.7,-6.3,13,Hero,0.6953125750789275,0.725136708181638
261,3.5,-6.5,15,Hero,0.5421546220779419,0.7498790062963963
262,3.5,-6.5,15,Hero,0.5556955416997273,0.8568111856778463
263,4.4,-5.6,6,Hero,0.6293206413586935,0.4952499767144521
264,3.9000000000000004,-6.1,11,Hero,0.6881308582696047,0.4980759894983335
265,4.7,-5.3,3,Hero,0.6080446640650431,0.9651632507642111
266,4.300000000000001,-5.699999999999999,7,Hero,0.7256842170442853,0.45599370130470823
267,3.5,-6.5,15,Hero,0.5760773917039236,0.47758988936742147
268,4.7,-5.3,3,Hero,0.5411419868469238,0.9709955255190531
269,4.300000000000001,-5.699999999999999,7,Hero,0.5594897057328906,0.8617014033453805
270,3.6000000000000005,-6.3999999999999995,14,Hero,0.5588162104998317,0.7788170757038253
271,3.8000000000000007,-6.199999999999999,12,Hero,0.6436820824941,0.73883934567372
272,4.300000000000001,-5.699999999999999,7,Hero,0.8218256618295398,0.9232421347073146
273,3.3,-6.7,17,Hero,0.5825440655736362,0.6893335738602806
274,3.5,-6.5,15,Hero,0.5782925804456075,0.4951373219490051
275,4.300000000000001,-5.699999999999999,7,Hero,0.6089166700839996,0.8329910806247166
276,4.1000000000000005,-5.8999999999999995,9,Hero,0.7248199615213606,0.8069760832521651
277,4.300000000000001,-5.699999999999999,7,Hero,0.5925197345869881,0.6595884327377591
278,-5.199999999999999,4.800000000000001,2,Villain,0.6901388168334961,0.8372222185134888
279,3.7,-6.3,13,Hero,0.5535609756524746,0.7620972681504029
280,4.4,-5.6,6,Hero,0.7967845102151235,0.9970495700836182
281,3.4000000000000004,-6.6,16,Hero,0.6555289425887167,0.9884331859648228
282,3.9000000000000004,-6.1,11,Hero,0.6879677447405729,0.9931251623413779
283,2.8,-7.2,22,Hero,0.7546960189938545,0.9996084245768461
284,2.3999999999999995,-7.6000000000000005,26,Hero,0.667198400084789,0.9119350789831235
285,2.2999999999999994,-7.700000000000001,27,Hero,0.7013066824939516,0.9990649753146701
286,3.5,-6.5,15,Hero,0.6211828351020813,0.9992264032363891
287,4.0,-6.0,10,Hero,0.7153824210166931,0.9996663570404053
288,4.0,-6.0,10,Hero,0.715629655122757,0.9985092341899872
289,3.8000000000000007,-6.199999999999999,12,Hero,0.6479714409991478,0.9930965155363083
290,4.300000000000001,-5.699999999999999,7,Hero,0.9637207218578884,0.9859909500394549
291,3.0999999999999996,-6.9,19,Hero,0.5611020350142529,0.9251994153386668
292,4.300000000000001,-5.699999999999999,7,Hero,0.7870584087712424,0.9997398427554539
293,3.7,-6.3,13,Hero,0.637310422383822,0.9997853086544917
294,3.6000000000000005,-6.3999999999999995,14,Hero,0.6228033793824059,0.994547175509589
295,3.5,-6.5,15,Hero,0.6583402832349141,0.9444313605626424
296,4.4,-5.6,6,Hero,0.8865174551804861,0.999648799498876
297,4.1000000000000005,-5.8999999999999995,9,Hero,0.6469986869229211,0.9984246161248949
298,4.0,-6.0,10,Hero,0.6817432202398777,0.9948789656162262
299,4.800000000000001,-5.199999999999999,2,Hero,0.7009746134281158,0.9999669790267944
300,4.0,-6.0,10,Hero,0.6949255555868149,0.9976016104221344
301,4.4,-5.6,6,Hero,0.9454345703125,0.9999846418698629
302,3.5,-6.5,15,Hero,0.6884899417559306,0.996997618675232
303,3.8000000000000007,-6.199999999999999,12,Hero,0.815664197007815,0.9048268222250044
304,3.0,-7.0,20,Hero,0.5481143116136081,0.9857343465089798
305,4.1000000000000005,-5.8999999999999995,9,Hero,0.8501569678386053,0.997537288400862
306,4.4,-5.6,6,Hero,0.6337134192387263,0.9998223384221395
307,3.4000000000000004,-6.6,16,Hero,0.6070380695164204,0.9912521727383137
308,4.9,-5.1,1,Hero,0.9147086143493652,0.9999823570251465
309,4.300000000000001,-5.699999999999999,7,Hero,0.7537458283560616,0.9899983746664864
310,4.2,-5.8,8,Hero,0.9601037129759789,0.876756944693625
311,4.2,-5.8,8,Hero,0.9541429206728935,0.9769030064344406
312,4.7,-5.3,3,Hero,0.759752094745636,0.9999561707178751
313,3.6000000000000005,-6.3999999999999995,14,Hero,0.672176929456847,0.9992923566273281
314,4.0,-6.0,10,Hero,0.7807108230888844,0.976641047000885
315,4.4,-5.6,6,Hero,0.6427127768596014,0.9996828138828278
316,4.0,-6.0,10,Hero,0.8844967305660247,0.8800125052221119
317,4.4,-5.6,6,Hero,0.8674705922603607,0.9959584375222524
318,4.300000000000001,-5.699999999999999,7,Hero,0.5471776340688977,0.9999464069093976
319,3.3,-6.7,17,Hero,0.6031548985663582,0.9373592664213741
320,3.7,-6.3,13,Hero,0.6197451674021207,0.9734231508695163
321,3.8000000000000007,-6.199999999999999,12,Hero,0.6600435897707939,0.9966089030106863
322,4.0,-6.0,10,Hero,0.7449107021093369,0.9954723238945007
323,4.800000000000001,-5.199999999999999,2,Hero,0.9843399226665497,0.9999975562095642
324,3.9000000000000004,-6.1,11,Hero,0.7806983515620232,0.9991860389709473
325,4.6000000000000005,-5.3999999999999995,4,Hero,0.6643399149179459,0.9999777674674988
326,4.7,-5.3,3,Hero,0.9313894112904867,0.9989007711410522
327,4.1000000000000005,-5.8999999999999995,9,Hero,0.7667172185869681,0.9862654010454813
328,4.1000000000000005,-5.8999999999999995,9,Hero,0.5973334676689572,0.9985675546858046
329,4.0,-6.0,10,Hero,0.5874893814325333,0.9999419212341308
330,4.1000000000000005,-5.8999999999999995,9,Hero,0.8314697560336854,0.9989121754964193
331,3.8000000000000007,-6.199999999999999,12,Hero,0.6399124537905058,0.9968979358673096
332,4.5,-5.5,5,Hero,0.6222831785678864,0.9997966051101684
333,4.300000000000001,-5.699999999999999,7,Hero,0.9774106911250523,0.9985895497458321
334,4.2,-5.8,8,Hero,0.7371097262948751,0.9933329597115517
335,4.5,-5.5,5,Hero,0.7070591390132904,0.9990466475486756
336,3.9000000000000004,-6.1,11,Hero,0.604778690771623,0.9963558532974937
337,4.6000000000000005,-5.3999999999999995,4,Hero,0.9433031529188156,0.9999587535858154
338,3.9000000000000004,-6.1,11,Hero,0.6322047737511721,0.9880021214485168
339,3.8000000000000007,-6.199999999999999,12,Hero,0.6832273999849955,0.9241903883715471
340,4.1000000000000005,-5.8999999999999995,9,Hero,0.6163856354024675,0.9971294270621406
341,3.9000000000000004,-6.1,11,Hero,0.6036678173325278,0.9963280341841958
342,4.1000000000000005,-5.8999999999999995,9,Hero,0.7460425628556145,0.9998876651128134
343,3.6000000000000005,-6.3999999999999995,14,Hero,0.6726102232933044,0.9967013086591449
344,4.4,-5.6,6,Hero,0.8303767840067545,0.9987890720367432
345,3.8000000000000007,-6.199999999999999,12,Hero,0.5996293736000856,0.9932298560937246
346,4.1000000000000005,-5.8999999999999995,9,Hero,0.922395818763309,0.8095654348532358
347,4.1000000000000005,-5.8999999999999995,9,Hero,0.861209856139289,0.8723376856909858
348,3.4000000000000004,-6.6,16,Hero,0.6066448632627726,0.9834499321877956
349,4.2,-5.8,8,Hero,0.9684798046946526,0.9999715089797974
350,3.8000000000000007,-6.199999999999999,12,Hero,0.6999779244263967,0.994115874171257
351,3.9000000000000004,-6.1,11,Hero,0.6596602987159382,0.9991610700433905
352,3.7,-6.3,13,Hero,0.6414660788499392,0.985199144253364
353,3.7,-6.3,13,Hero,0.6770734190940857,0.9915548975651081
354,4.1000000000000005,-5.8999999999999995,9,Hero,0.572915878560808,0.9994418091244168
355,3.7,-6.3,13,Hero,0.6782124581245276,0.9056520691284766
356,4.1000000000000005,-5.8999999999999995,9,Hero,0.8415609962410397,0.9950748019748263
357,4.2,-5.8,8,Hero,0.6903759781271219,0.9985401481389999
358,4.0,-6.0,10,Hero,0.6948131456971168,0.9973897337913513
359,3.8000000000000007,-6.199999999999999,12,Hero,0.6224440609415373,0.9522016247113546
360,-5.199999999999999,4.800000000000001,2,Villain,0.5216513872146606,0.9879173636436462
361,3.9000000000000004,-6.1,11,Hero,0.7715251472863284,0.9830566482110457
362,4.0,-6.0,10,Hero,0.5679330721497535,0.9997736096382142
363,4.4,-5.6,6,Hero,0.7262207120656967,0.991917202870051
364,4.4,-5.6,6,Hero,0.7830140640338262,0.9999652703603109
365,4.1000000000000005,-5.8999999999999995,9,Hero,0.7971871842940649,0.9991201096110873
366,4.0,-6.0,10,Hero,0.8417816936969758,0.9937765896320343
367,4.2,-5.8,8,Hero,0.6515112482011318,0.9995122849941254
368,4.5,-5.5,5,Hero,0.6049168467521667,0.9999863147735596
369,4.0,-6.0,10,Hero,0.708346939086914,0.9979064464569092
370,4.4,-5.6,6,Hero,0.7413023710250854,0.9997694889704386
371,4.2,-5.8,8,Hero,0.7113480754196644,0.9928182810544968
372,4.300000000000001,-5.699999999999999,7,Hero,0.5100867939846856,0.9999662297112601
373,3.9000000000000004,-6.1,11,Hero,0.7785783979025754,0.9984805367209695
374,3.6000000000000005,-6.3999999999999995,14,Hero,0.6153240693467004,0.9627932054655892
375,3.8000000000000007,-6.199999999999999,12,Hero,0.7584894858300686,0.9867114027341207
376,3.9000000000000004,-6.1,11,Hero,0.8198566951534965,0.9998264908790588
377,3.2,-6.8,18,Hero,0.5671283909016185,0.9056046176701784
378,3.7,-6.3,13,Hero,0.7473415755308591,0.9983727198380691
379,4.7,-5.3,3,Hero,0.9469239314397176,0.9998679955800375
380,3.5,-6.5,15,Hero,0.5969973464806875,0.8787931124369304
381,3.8000000000000007,-6.199999999999999,12,Hero,0.6874121204018593,0.9929430385430654
382,3.6000000000000005,-6.3999999999999995,14,Hero,0.6394483117120606,0.9972607748849052
383,4.300000000000001,-5.699999999999999,7,Hero,0.7952797114849091,0.996696582862309
384,4.9,-5.1,1,Hero,0.9772875308990479,0.9999682903289795
385,4.6000000000000005,-5.3999999999999995,4,Hero,0.7549376338720322,0.999973475933075
386,4.300000000000001,-5.699999999999999,7,Hero,0.6455865204334259,0.9999180521283831
387,3.8000000000000007,-6.199999999999999,12,Hero,0.7571164146065712,0.9975073089202245
388,4.300000000000001,-5.699999999999999,7,Hero,0.8082151072365897,0.9992922033582415
389,3.8000000000000007,-6.199999999999999,12,Hero,0.6452274322509766,0.995104600985845
390,-5.3,4.7,3,Villain,0.9853953719139099,0.999964197476705
391,4.1000000000000005,-5.8999999999999995,9,Hero,0.5846861004829407,0.9974318676524692
392,3.6000000000000005,-6.3999999999999995,14,Hero,0.687581758413996,0.9795038614954267
393,3.8000000000000007,-6.199999999999999,12,Hero,0.7791738683978716,0.9724468737840652
394,4.1000000000000005,-5.8999999999999995,9,Hero,0.986737072467804,0.9872986806763543
395,4.4,-5.6,6,Hero,0.9682063559691111,0.779287719167769
396,3.9000000000000004,-6.1,11,Hero,0.6172959506511688,0.9970453218980269
397,4.7,-5.3,3,Hero,0.9535299142201742,0.9999924898147583
398,4.6000000000000005,-5.3999999999999995,4,Hero,0.8164708763360977,0.9996558129787445
399,3.9000000000000004,-6.1,11,Hero,0.642527775330977,0.8974622899073769
400,3.7,-6.3,13,Hero,0.6662207543849945,0.9970649389120249
401,4.2,-5.8,8,Hero,0.5863391850143671,0.999794527888298
402,4.0,-6.0,10,Hero,0.6998061388731003,0.974402791261673
403,4.4,-5.6,6,Hero,0.7435379400849342,0.9978009363015493
404,4.0,-6.0,10,Hero,0.7584349937736988,0.9964644253253937
405,3.9000000000000004,-6.1,11,Hero,0.7658202363686128,0.9997114376588301
406,4.0,-6.0,10,Hero,0.9136053860187531,0.9999262630939484
407,4.0,-6.0,10,Hero,0.641340759396553,0.9429857075214386
408,3.9000000000000004,-6.1,11,Hero,0.5257118940353394,0.9779106432741339
409,4.4,-5.6,6,Hero,0.5426773230234782,0.995385617017746
410,4.5,-5.5,5,Hero,0.6671687364578247,0.9998419761657715
411,3.6000000000000005,-6.3999999999999995,14,Hero,0.6953125553471702,0.9912795083863395
412,3.8000000000000007,-6.199999999999999,12,Hero,0.6842629794652263,0.9058299451135099
413,3.7,-6.3,13,Hero,0.5195143526563277,0.9982671554271991
414,-5.3,4.7,3,Villain,0.9917479554812113,0.9999958276748657
415,4.7,-5.3,3,Hero,0.6591463374594847,0.9999965826670328
416,3.6000000000000005,-6.3999999999999995,14,Hero,0.6754641596760068,0.9943505483014243
417,4.7,-5.3,3,Hero,0.64592677851518,0.9999779065450033
418,4.1000000000000005,-5.8999999999999995,9,Hero,0.6634159344765875,0.9990705649058024
419,3.5,-6.5,15,Hero,0.5922803521156311,0.9770533720652262
420,4.800000000000001,-5.199999999999999,2,Hero,0.549127385020256,0.9998748302459717
421,4.4,-5.6,6,Hero,0.659538984298706,0.9998111426830292
422,3.9000000000000004,-6.1,11,Hero,0.6381436112252149,0.9998213377865878
423,3.2,-6.8,18,Hero,0.6142170859707726,0.9988149669435289
424,3.7,-6.3,13,Hero,0.5970485359430313,0.9930413732161889
425,3.2,-6.8,18,Hero,0.614689106742541,0.9942459364732107
426,4.0,-6.0,10,Hero,0.8476647436618805,0.9970073223114013
427,4.800000000000001,-5.199999999999999,2,Hero,0.46439194679260254,0.9999385476112366
428,3.9000000000000004,-6.1,11,Hero,0.8267701457847249,0.9881629510359331
429,4.300000000000001,-5.699999999999999,7,Hero,0.6417494671685355,0.9998702917780194
430,3.4000000000000004,-6.6,16,Hero,0.5931214550510049,0.9940920993685722
431,3.8000000000000007,-6.199999999999999,12,Hero,0.7149661779403687,0.9107192520944712
432,4.2,-5.8,8,Hero,0.6813848242163658,0.9999332278966904
433,4.0,-6.0,10,Hero,0.7055904865264893,0.9959153890609741
434,3.8000000000000007,-6.199999999999999,12,Hero,0.6950712986290455,0.8716447843859593
435,4.0,-6.0,10,Hero,0.8774727791547775,0.8755732282996178
436,4.5,-5.5,5,Hero,0.7473472982645035,0.9996182918548584
437,4.1000000000000005,-5.8999999999999995,9,Hero,0.6361586219734616,0.9972259203592936
438,4.9,-5.1,1,Hero,0.7264513969421387,0.9953124523162842
439,4.5,-5.5,5,Hero,0.8123614072799683,0.7979415629059077
440,4.4,-5.6,6,Hero,0.675386942923069,0.9959861437479655
441,4.0,-6.0,10,Hero,0.6690242558717727,0.9914135277271271
442,4.6000000000000005,-5.3999999999999995,4,Hero,0.696879580616951,0.9980816692113876
443,4.2,-5.8,8,Hero,0.6433544829487801,0.9971767514944077
444,3.8000000000000007,-6.199999999999999,12,Hero,0.6624725523094336,0.9976028203964233
445,4.0,-6.0,10,Hero,0.8942269712686539,0.8473802670836449
446,4.1000000000000005,-5.8999999999999995,9,Hero,0.7438518847856257,0.999965164396498
447,4.6000000000000005,-5.3999999999999995,4,Hero,0.8195066601037979,0.9998861998319626
448,4.300000000000001,-5.699999999999999,7,Hero,0.5902950188943318,0.999722421169281
449,4.4,-5.6,6,Hero,0.8258859117825826,0.9981828331947327
450,4.2,-5.8,8,Hero,0.637155544012785,0.9996711537241936
451,4.6000000000000005,-5.3999999999999995,4,Hero,0.5860574170947075,0.9999890327453613
452,3.9000000000000004,-6.1,11,Hero,0.648581724613905,0.9945265596563165
453,4.300000000000001,-5.699999999999999,7,Hero,0.8439161788140025,0.9992066536630902
454,3.6000000000000005,-6.3999999999999995,14,Hero,0.6374921756131309,0.991673218352454
455,4.6000000000000005,-5.3999999999999995,4,Hero,0.9061384797096252,0.9996940791606903
456,4.5,-5.5,5,Hero,0.5367921233177185,0.9999871969223022
457,4.1000000000000005,-5.8999999999999995,9,Hero,0.8997033569547865,0.9870566063457065
458,4.9,-5.1,1,Hero,0.7598710060119629,0.9999575614929199
459,3.5,-6.5,15,Hero,0.6129026864965756,0.9903772830963135
460,3.8000000000000007,-6.199999999999999,12,Hero,0.6546869277954102,0.9965554674466451
461,3.3,-6.7,17,Hero,0.6865810874630424,0.9826523065567017
462,4.1000000000000005,-5.8999999999999995,9,Hero,0.6154664324389564,0.9996942745314704
463,3.3,-6.7,17,Hero,0.5948997876223396,0.9390208896468667
464,3.7,-6.3,13,Hero,0.617249605174248,0.9993968743544358
465,3.9000000000000004,-6.1,11,Hero,0.5838171595876868,0.99971449917013
466,4.5,-5.5,5,Hero,0.6518441557884216,0.9998658299446106
467,4.6000000000000005,-5.3999999999999995,4,Hero,0.6527573987841606,0.9999825656414032
468,3.0999999999999996,-6.9,19,Hero,0.6147375851869583,0.9949575599871183
469,4.5,-5.5,5,Hero,0.5450598701834679,0.9999266147613526
470,4.4,-5.6,6,Hero,0.6437840759754181,0.9999347726504008
471,4.0,-6.0,10,Hero,0.9041793555021286,0.8668064922094345
472,4.5,-5.5,5,Hero,0.6898537755012513,0.9997551918029786
473,4.2,-5.8,8,Hero,0.9325454011559486,0.999801978468895
474,3.7,-6.3,13,Hero,0.6573496392140021,0.9985047166164105
475,4.5,-5.5,5,Hero,0.9482571125030518,0.9996963143348694
476,3.8000000000000007,-6.199999999999999,12,Hero,0.653837331260244,0.9995811879634857
477,3.0999999999999996,-6.9,19,Hero,0.5600893396492067,0.9371449366996163
478,4.0,-6.0,10,Hero,0.7939996346831322,0.9960852026939392
479,4.2,-5.8,8,Hero,0.6281216945499182,0.999829426407814
480,3.5,-6.5,15,Hero,0.5676352024078369,0.9961690306663513
481,4.2,-5.8,8,Hero,0.9514064714312553,0.9996774196624756
482,4.2,-5.8,8,Hero,0.8447223781840876,0.9845931753516197
483,3.5,-6.5,15,Hero,0.611052094399929,0.9654092351595561
484,3.7,-6.3,13,Hero,0.6876922559279662,0.9998624645746671
485,-5.1,4.9,1,Villain,0.9515397548675537,0.9998676776885986
486,3.3,-6.7,17,Hero,0.6152022849110996,0.9857858664849225
487,4.2,-5.8,8,Hero,0.8492374047636986,0.9990746900439262
488,3.0999999999999996,-6.9,19,Hero,0.6334003351236644,0.9998337187265095
489,3.9000000000000004,-6.1,11,Hero,0.6660051481290297,0.9991254156286066
490,4.1000000000000005,-5.8999999999999995,9,Hero,0.8830511747962899,0.9981967012087504
491,4.0,-6.0,10,Hero,0.5767988711595535,0.9997425436973572
492,4.0,-6.0,10,Hero,0.5645944684743881,0.9948231160640717
493,3.2,-6.8,18,Hero,0.5719343916409545,0.7556791742875552
494,4.0,-6.0,10,Hero,0.7731881231069565,0.994494503736496
495,4.1000000000000005,-5.8999999999999995,9,Hero,0.609653522570928,0.9995049171977572
496,4.300000000000001,-5.699999999999999,7,Hero,0.5799452705042702,0.9992897595678057
497,4.1000000000000005,-5.8999999999999995,9,Hero,0.7802868882815043,0.9997081491682265
498,3.4000000000000004,-6.6,16,Hero,0.6028826367110014,0.99830611795187
499,3.4000000000000004,-6.6,16,Hero,0.6278782524168491,0.7844658830581466
500,3.7,-6.3,13,Hero,0.7831731920058911,0.9403750942303584
501,4.1000000000000005,-5.8999999999999995,9,Hero,0.6095004578431448,0.9997746282153659
502,4.1000000000000005,-5.8999999999999995,9,Hero,0.9908381568060981,0.9911852412753634
503,3.4000000000000004,-6.6,16,Hero,0.6111147152259946,0.9682674407958984
504,4.2,-5.8,8,Hero,0.5889184661209583,0.9996126666665077
505,4.300000000000001,-5.699999999999999,7,Hero,0.7200764034475599,0.9972413693155561
506,3.9000000000000004,-6.1,11,Hero,0.6709409031001005,0.9995770616964861
507,4.0,-6.0,10,Hero,0.6899996727705002,0.9993083536624908
508,3.9000000000000004,-6.1,11,Hero,0.7022734087976542,0.9981081810864535
509,4.7,-5.3,3,Hero,0.6626166502634684,0.999916156133016
510,4.4,-5.6,6,Hero,0.7832587212324142,0.9998703201611837
511,3.9000000000000004,-6.1,11,Hero,0.7412600544365969,0.9939062432809309
512,4.2,-5.8,8,Hero,0.9946230053901672,0.993852473795414
513,4.6000000000000005,-5.3999999999999995,4,Hero,0.9906914532184601,0.997556284070015
514,3.7,-6.3,13,Hero,0.57638746041518,0.990833410849938
515,4.1000000000000005,-5.8999999999999995,9,Hero,0.8827730566263199,0.9989068044556512
516,3.0,-7.0,20,Hero,0.6003610923886299,0.9965602308511734
517,3.7,-6.3,13,Hero,0.6619187272511996,0.9892923969488877
518,3.7,-6.3,13,Hero,0.7738785623357847,0.837617217634733
519,4.6000000000000005,-5.3999999999999995,4,Hero,0.6557257734239101,0.9999463260173798
520,3.8000000000000007,-6.199999999999999,12,Hero,0.6707480425635973,0.9876221269369125
521,4.2,-5.8,8,Hero,0.5940405651926994,0.9996459856629372
522,4.4,-5.6,6,Hero,0.6095710148413976,0.9996131261189779
523,3.5,-6.5,15,Hero,0.6089675620198249,0.9293999058504899
524,4.2,-5.8,8,Hero,0.7237599231302738,0.9994077980518341
525,4.0,-6.0,10,Hero,0.731539462506771,0.9996408104896546
526,4.2,-5.8,8,Hero,0.7453719829209149,0.9993340969085693
527,3.9000000000000004,-6.1,11,Hero,0.5957470102743669,0.9994432926177979
528,4.7,-5.3,3,Hero,0.8648064136505127,0.9999298254648844
529,4.1000000000000005,-5.8999999999999995,9,Hero,0.9429869718021817,0.9948558277553983
530,4.4,-5.6,6,Hero,0.5571662733952204,0.9999141693115234
531,3.8000000000000007,-6.199999999999999,12,Hero,0.6240011801322302,0.9104008520662319
532,4.2,-5.8,8,Hero,0.7002128530293703,0.9999105930328369
533,3.9000000000000004,-6.1,11,Hero,0.6174690946936607,0.9997638843276284
534,3.7,-6.3,13,Hero,0.731705360687696,0.9768877625465393
535,4.9,-5.1,1,Hero,0.8291996121406555,0.9999806880950928
536,3.5,-6.5,15,Hero,0.6762888669967652,0.9072866638501486
537,4.2,-5.8,8,Hero,0.8368107117712498,0.9941556975245476
538,4.6000000000000005,-5.3999999999999995,4,Hero,0.6046440228819847,0.9999581277370453
539,3.0999999999999996,-6.9,19,Hero,0.5955886268302014,0.9872681969090512
540,3.8000000000000007,-6.199999999999999,12,Hero,0.6108819333215555,0.9990317076444626
541,4.1000000000000005,-5.8999999999999995,9,Hero,0.7446803980403476,0.9986935125456916
542,4.6000000000000005,-5.3999999999999995,4,Hero,0.9819548726081848,0.9999178647994995
543,3.6000000000000005,-6.3999999999999995,14,Hero,0.7218530007771083,0.9876054908548083
544,2.8,-7.2,22,Hero,0.6598397432403131,0.9930581504648383
545,4.0,-6.0,10,Hero,0.6505981251597405,0.9960404098033905
546,3.4000000000000004,-6.6,16,Hero,0.6036949250847101,0.9961120039224625
547,4.1000000000000005,-5.8999999999999995,9,Hero,0.8814364373683929,0.9995283683141073
548,3.2,-6.8,18,Hero,0.5574233896202512,0.9858469665050507
549,3.3,-6.7,17,Hero,0.5983130931854248,0.9901954181054059
550,3.6000000000000005,-6.3999999999999995,14,Hero,0.6579853588981288,0.994082340172359
551,3.5,-6.5,15,Hero,0.665065856774648,0.975150998433431
552,4.9,-5.1,1,Hero,0.6637839078903198,0.9998927116394043
553,4.4,-5.6,6,Hero,0.9212755958239237,0.9982507228851318
554,3.2,-6.8,18,Hero,0.6002745144069195,0.9338585568798913
555,3.9000000000000004,-6.1,11,Hero,0.5812039998444644,0.9996139678088102
556,4.1000000000000005,-5.8999999999999995,9,Hero,0.6330121490690443,0.9980436033672757
557,3.4000000000000004,-6.6,16,Hero,0.6296774670481682,0.9248077655211091
558,4.0,-6.0,10,Hero,0.7180505022406578,0.9979761600494385
559,4.1000000000000005,-5.8999999999999995,9,Hero,0.5903587970468733,0.999384860197703
560,3.5,-6.5,15,Hero,0.6317647933959961,0.9730277975400289
561,3.9000000000000004,-6.1,11,Hero,0.655619049614126,0.9993595697663047
562,4.300000000000001,-5.699999999999999,7,Hero,0.8089325470583779,0.9992091826030186
563,3.9000000000000004,-6.1,11,Hero,0.609608070416884,0.9926743019710887
564,4.0,-6.0,10,Hero,0.7571815138682723,0.9977645695209503
565,3.3,-6.7,17,Hero,0.5474535295849338,0.9695520260754753
566,3.8000000000000007,-6.199999999999999,12,Hero,0.6163636644681295,0.9961776783068975
567,4.4,-5.6,6,Hero,0.573191225528717,0.9993673066298167
568,4.2,-5.8,8,Hero,0.8521106690168381,0.9980569034814835
569,4.2,-5.8,8,Hero,0.6839317101985216,0.8713340910617262
570,3.4000000000000004,-6.6,16,Hero,0.6027570106089115,0.902066788636148
571,4.2,-5.8,8,Hero,0.7754064276814461,0.9996862336993217
572,4.9,-5.1,1,Hero,0.6162198185920715,0.9999418258666992
573,4.300000000000001,-5.699999999999999,7,Hero,0.6664296814373561,0.9976346918514797
574,4.4,-5.6,6,Hero,0.7857774309813976,0.9975578288237253
575,3.6000000000000005,-6.3999999999999995,14,Hero,0.6475686324494225,0.9925865318093982
576,3.4000000000000004,-6.6,16,Hero,0.6832544542849064,0.8937889854423702
577,4.1000000000000005,-5.8999999999999995,9,Hero,0.6285577979352739,0.9983484347661337
578,4.4,-5.6,6,Hero,0.8413839787244797,0.9957058529059092
579,3.6000000000000005,-6.3999999999999995,14,Hero,0.628391078540257,0.9947953607354846
580,4.4,-5.6,6,Hero,0.7002930045127869,0.9986153046290079
581,4.7,-5.3,3,Hero,0.7188504536946615,0.9984185695648193
582,3.8000000000000007,-6.199999999999999,12,Hero,0.6618083169062933,0.9992626508076986
583,4.0,-6.0,10,Hero,0.70102329403162,0.8971616744063795
584,4.6000000000000005,-5.3999999999999995,4,Hero,0.7027797251939774,0.9998178333044052
585,3.5,-6.5,15,Hero,0.6559556618332862,0.9815780242284139
586,4.300000000000001,-5.699999999999999,7,Hero,0.6097098865679332,0.997945887701852
587,4.6000000000000005,-5.3999999999999995,4,Hero,0.9283392876386642,0.999663382768631
588,3.8000000000000007,-6.199999999999999,12,Hero,0.6668770064910253,0.9858128925164541
589,4.1000000000000005,-5.8999999999999995,9,Hero,0.596196194489797,0.9998815788163079
590,-5.3999999999999995,4.6000000000000005,4,Villain,0.6449731662869453,0.9998197704553604
591,3.8000000000000007,-6.199999999999999,12,Hero,0.6476310466726621,0.9944961667060852
592,4.0,-6.0,10,Hero,0.6077211230993271,0.9984509408473968
593,-5.3999999999999995,4.6000000000000005,4,Villain,0.6516981348395348,0.9903228282928467
594,2.9,-7.1,21,Hero,0.624346402429399,0.986637947105226
595,4.2,-5.8,8,Hero,0.8295610565692186,0.999362125992775
596,3.9000000000000004,-6.1,11,Hero,0.7164270146326586,0.9982433644208041
597,4.5,-5.5,5,Hero,0.5528239101171494,0.9991886854171753
598,-5.1,4.9,1,Villain,0.9489326477050781,0.9067769646644592
599,3.8000000000000007,-6.199999999999999,12,Hero,0.7118246393899123,0.983903095126152
600,4.2,-5.8,8,Hero,0.626800499856472,0.9998433664441109
601,4.0,-6.0,10,Hero,0.5769220173358918,0.9999675512313843
602,4.5,-5.5,5,Hero,0.5479603588581086,0.9998467803001404
603,3.9000000000000004,-6.1,11,Hero,0.7544836158102209,0.999737717888572
604,4.1000000000000005,-5.8999999999999995,9,Hero,0.979295637872484,0.9976912339528402
605,4.9,-5.1,1,Hero,0.5834558010101318,0.9999483823776245
606,3.9000000000000004,-6.1,11,Hero,0.7364601301960647,0.9954431544650685
607,3.9000000000000004,-6.1,11,Hero,0.5697630968960848,0.9992169629443776
608,3.9000000000000004,-6.1,11,Hero,0.7673287127505649,0.9994469989429821
609,4.5,-5.5,5,Hero,0.6956718325614929,0.9994594693183899
610,4.6000000000000005,-5.3999999999999995,4,Hero,0.9305813312530518,0.9995885640382767
611,4.0,-6.0,10,Hero,0.8162679523229599,0.9887948334217072
612,3.8000000000000007,-6.199999999999999,12,Hero,0.7181614115834236,0.977027361591657
613,4.0,-6.0,10,Hero,0.8236965239048004,0.9999902129173279
614,4.7,-5.3,3,Hero,0.7918381094932556,0.9999769528706869
615,3.9000000000000004,-6.1,11,Hero,0.7562183304266497,0.9985959258946505
616,3.4000000000000004,-6.6,16,Hero,0.6057488375809044,0.9924786016345024
617,3.5,-6.5,15,Hero,0.638450680176417,0.9830671429634095
618,4.2,-5.8,8,Hero,0.9394465908408165,0.9998725354671478
619,4.0,-6.0,10,Hero,0.848383492231369,0.9999828100204468
620,4.2,-5.8,8,Hero,0.7718397490680218,0.9997849017381668
621,3.6000000000000005,-6.3999999999999995,14,Hero,0.66778521665505,0.998467960527965
622,4.1000000000000005,-5.8999999999999995,9,Hero,0.8099741687377294,0.9999610185623169
623,4.4,-5.6,6,Hero,0.827134241660436,0.9999349315961202
624,4.7,-5.3,3,Hero,0.5322126150131226,0.999993085861206
625,3.7,-6.3,13,Hero,0.6643964178287066,0.9982139284794147
626,4.0,-6.0,10,Hero,0.7491355687379837,0.9935931384563446
627,4.1000000000000005,-5.8999999999999995,9,Hero,0.8726816342936622,0.9997664954927232
628,4.1000000000000005,-5.8999999999999995,9,Hero,0.7673578382366233,0.9992677635616727
629,3.4000000000000004,-6.6,16,Hero,0.6341331200674176,0.9864081479609013
630,4.2,-5.8,8,Hero,0.6017355993390083,0.9999798238277435
631,3.5,-6.5,15,Hero,0.6252338285247485,0.999832014242808
632,4.1000000000000005,-5.8999999999999995,9,Hero,0.6270723011758592,0.9999827411439683
633,4.300000000000001,-5.699999999999999,7,Hero,0.6988486647605896,0.9999682051794869
634,4.2,-5.8,8,Hero,0.6197300814092159,0.9999846071004868
635,4.6000000000000005,-5.3999999999999995,4,Hero,0.952978178858757,0.9999819695949554
636,3.7,-6.3,13,Hero,0.5874363573697897,0.9972581771703867
637,3.8000000000000007,-6.199999999999999,12,Hero,0.7378801107406616,0.9945293118556341
638,4.7,-5.3,3,Hero,0.6986849109331766,0.9999735752741495
639,4.0,-6.0,10,Hero,0.8020602479577065,0.9999869227409363
640,4.1000000000000005,-5.8999999999999995,9,Hero,0.5323297315173678,0.9999982251061333
641,4.2,-5.8,8,Hero,0.6388678271323442,0.9997730180621147
642,4.5,-5.5,5,Hero,0.4993084192276001,0.9999997854232788
643,4.0,-6.0,10,Hero,0.908865213394165,0.997958904504776
644,3.4000000000000004,-6.6,16,Hero,0.6459779646247625,0.9997464008629322
645,4.1000000000000005,-5.8999999999999995,9,Hero,0.6664115620983971,0.9998543990982903
646,4.9,-5.1,1,Hero,0.44274720549583435,0.9999939203262329
647,3.8000000000000007,-6.199999999999999,12,Hero,0.6955592061082522,0.9867777129014333
648,4.6000000000000005,-5.3999999999999995,4,Hero,0.7021510750055313,0.9999900460243225
649,3.7,-6.3,13,Hero,0.630839697443522,0.9995644184259268
650,4.300000000000001,-5.699999999999999,7,Hero,0.9509960412979126,0.9956903457641602
651,3.4000000000000004,-6.6,16,Hero,0.6410814626142383,0.9977177232503891
652,4.800000000000001,-5.199999999999999,2,Hero,0.9413215517997742,0.9999992847442627
653,4.7,-5.3,3,Hero,0.5977247456709543,0.9999570449193319
654,4.7,-5.3,3,Hero,0.9714678724606832,0.9999989668528239
655,4.9,-5.1,1,Hero,0.9263889789581299,0.9999974966049194
656,2.9,-7.1,21,Hero,0.6023456703516699,0.9430406601389959
657,4.300000000000001,-5.699999999999999,7,Hero,0.7336412285055433,0.9999971219471523
658,4.9,-5.1,1,Hero,0.4446653425693512,0.9999638795852661
659,3.6000000000000005,-6.3999999999999995,14,Hero,0.5704109083994159,0.998477041721344
660,4.0,-6.0,10,Hero,0.7241315722465516,0.9999127864837647
661,3.9000000000000004,-6.1,11,Hero,0.6466496519067071,0.9998954588716681
662,4.1000000000000005,-5.8999999999999995,9,Hero,0.8997292485502031,0.991401301489936
663,4.0,-6.0,10,Hero,0.7926436424255371,0.9965359985828399
664,4.1000000000000005,-5.8999999999999995,9,Hero,0.878692799144321,0.9996061656210158
665,4.300000000000001,-5.699999999999999,7,Hero,0.6162819606917245,0.9999855756759644
666,4.6000000000000005,-5.3999999999999995,4,Hero,0.8116193115711212,0.9999966621398926
667,-5.199999999999999,4.800000000000001,2,Villain,0.1306157000362873,0.9726060330867767
668,4.4,-5.6,6,Hero,0.7853759974241257,0.9998994072278341
669,-5.3999999999999995,4.6000000000000005,4,Villain,0.5074776108376682,0.9967295229434967
670,3.8000000000000007,-6.199999999999999,12,Hero,0.7014318108558655,0.9990260452032089
671,4.6000000000000005,-5.3999999999999995,4,Hero,0.8062196373939514,0.9999972283840179
672,3.7,-6.3,13,Hero,0.5543963198478405,0.9999584693175095
673,3.7,-6.3,13,Hero,0.6931858922426517,0.9964698644784781
674,3.8000000000000007,-6.199999999999999,12,Hero,0.7283693399901191,0.99745046099027
675,4.0,-6.0,10,Hero,0.6476129485294223,0.9985182583332062
676,3.9000000000000004,-6.1,11,Hero,0.8463147363879464,0.9841855385086753
677,4.1000000000000005,-5.8999999999999995,9,Hero,0.8612648447354635,0.9971426460478041
678,4.4,-5.6,6,Hero,0.8460236142079035,0.9999706745147705
679,4.1000000000000005,-5.8999999999999995,9,Hero,0.5655543175008562,0.9999713367886014
680,3.0999999999999996,-6.9,19,Hero,0.5992265720116464,0.9982334626348395
681,4.1000000000000005,-5.8999999999999995,9,Hero,0.7755162119865417,0.9982018404536777
682,4.6000000000000005,-5.3999999999999995,4,Hero,0.547424241900444,0.999999463558197
683,4.300000000000001,-5.699999999999999,7,Hero,0.6404664261000497,0.9999893222536359
684,4.300000000000001,-5.699999999999999,7,Hero,0.743628978729248,0.999641341822488
685,-5.199999999999999,4.800000000000001,2,Villain,0.5711751580238342,0.9972703456878662
686,3.7,-6.3,13,Hero,0.6621653506389031,0.9988096631490267
687,4.5,-5.5,5,Hero,0.7796948790550232,0.9999993085861206
688,3.2,-6.8,18,Hero,0.5906039550900459,0.9339675870206621
689,3.7,-6.3,13,Hero,0.7470263007741708,0.9826388634168185
690,4.0,-6.0,10,Hero,0.6080673336982727,0.9999678492546081
691,4.0,-6.0,10,Hero,0.6567695051431656,0.9987743020057678
692,4.800000000000001,-5.199999999999999,2,Hero,0.7513745129108429,0.999771237373352
693,3.8000000000000007,-6.199999999999999,12,Hero,0.8116668636600176,0.9990900605916977
694,4.6000000000000005,-5.3999999999999995,4,Hero,0.9353781044483185,0.9999838769435883
695,-5.3999999999999995,4.6000000000000005,4,Villain,0.8431547731161118,0.9999984502792358
696,3.8000000000000007,-6.199999999999999,12,Hero,0.7423974387347698,0.9998139639695486
697,3.6000000000000005,-6.3999999999999995,14,Hero,0.6440247126988002,0.9998209050723484
698,4.1000000000000005,-5.8999999999999995,9,Hero,0.706641188926167,0.9994541141721938
699,3.6000000000000005,-6.3999999999999995,14,Hero,0.6904700739043099,0.9998081411634173
700,2.3999999999999995,-7.6000000000000005,26,Hero,0.7774472958766497,0.9999652275672326
701,3.0,-7.0,20,Hero,0.7236264616250991,0.9995780378580094
702,-5.1,4.9,1,Villain,0.9950662851333618,0.999118983745575
703,4.1000000000000005,-5.8999999999999995,9,Hero,0.8300945742262734,0.9987901515430875
704,3.9000000000000004,-6.1,11,Hero,0.6545190215110779,0.9998108636249196
705,4.0,-6.0,10,Hero,0.7534367933869361,0.9997294545173645
706,4.6000000000000005,-5.3999999999999995,4,Hero,0.9812889397144318,0.9998857378959656
707,4.0,-6.0,10,Hero,0.6787935927510261,0.9999866724014282
708,4.300000000000001,-5.699999999999999,7,Hero,0.6397697797843388,0.9999948399407523
709,-5.1,4.9,1,Villain,0.9806697964668274,0.9999881982803345
710,-5.3999999999999995,4.6000000000000005,4,Villain,0.6531105041503906,0.9996668547391891
711,3.8000000000000007,-6.199999999999999,12,Hero,0.785819003979365,0.9940977891286215
712,3.7,-6.3,13,Hero,0.7967441013226142,0.9997903750492976
713,4.2,-5.8,8,Hero,0.9547345638275146,0.9999897480010986
714,4.9,-5.1,1,Hero,0.8308843970298767,0.9999960660934448
715,3.9000000000000004,-6.1,11,Hero,0.730240133675662,0.9998619285496798
716,2.6999999999999997,-7.300000000000001,23,Hero,0.6481565956188284,0.9607061303180197
717,4.1000000000000005,-5.8999999999999995,9,Hero,0.7540038095580207,0.9999755356046889
718,3.9000000000000004,-6.1,11,Hero,0.8153117393905466,0.9882968339053068
719,4.300000000000001,-5.699999999999999,7,Hero,0.640172426189695,0.9999580042702811
720,4.6000000000000005,-5.3999999999999995,4,Hero,0.7463668324053288,0.9999013543128967
721,3.8000000000000007,-6.199999999999999,12,Hero,0.8014028904338678,0.9984697153170904
722,3.2,-6.8,18,Hero,0.736648156411118,0.9998815357685089
723,3.0999999999999996,-6.9,19,Hero,0.6532138856618028,0.9795530187456232
724,3.8000000000000007,-6.199999999999999,12,Hero,0.8119528430203596,0.9986985127131144
725,3.6000000000000005,-6.3999999999999995,14,Hero,0.6988400242158345,0.9998542070388794
726,3.9000000000000004,-6.1,11,Hero,0.6731413440270857,0.9995280395854603
727,4.2,-5.8,8,Hero,0.6692466177046299,0.9999987483024597
728,4.9,-5.1,1,Hero,0.9423236846923828,0.9999998807907104
729,4.300000000000001,-5.699999999999999,7,Hero,0.6503390754972186,0.9999822378158569
730,4.0,-6.0,10,Hero,0.6443755388259887,0.9991458415985107
731,3.9000000000000004,-6.1,11,Hero,0.7810295738957145,0.9997238625179637
732,-5.199999999999999,4.800000000000001,2,Villain,0.9088382124900818,0.9991588294506073
733,4.9,-5.1,1,Hero,0.4098086357116699,0.9999992847442627
734,4.0,-6.0,10,Hero,0.8222171038389205,0.9999017953872681
735,4.0,-6.0,10,Hero,0.8913207530975342,0.9667080223560334
736,4.4,-5.6,6,Hero,0.7727085550626119,0.9999930461247762
737,3.6000000000000005,-6.3999999999999995,14,Hero,0.7392797651035445,0.983207208769662
738,4.0,-6.0,10,Hero,0.7382640659809112,0.9999395310878754
739,4.0,-6.0,10,Hero,0.8738393932580948,0.9995158195495606
740,-5.1,4.9,1,Villain,0.9955536723136902,0.9999969005584717
741,3.8000000000000007,-6.199999999999999,12,Hero,0.6647051821152369,0.9947105099757513
742,3.5,-6.5,15,Hero,0.6083389202753703,0.9998685916264852
743,4.300000000000001,-5.699999999999999,7,Hero,0.679652316229684,0.9992128951208932
744,4.6000000000000005,-5.3999999999999995,4,Hero,0.6766246780753136,0.9999864101409912
745,3.4000000000000004,-6.6,16,Hero,0.6625986229628325,0.9998824074864388
746,2.8,-7.2,22,Hero,0.6331788125363264,0.9985572614453055
747,1.0999999999999983,-8.900000000000002,39,Hero,0.7899185495498853,0.9997913883282588
748,4.800000000000001,-5.199999999999999,2,Hero,0.8171963393688202,0.9999933242797852
749,3.7,-6.3,13,Hero,0.6836096827800457,0.9988448069645808
750,-5.1,4.9,1,Villain,0.2973860800266266,1.0
751,4.800000000000001,-5.199999999999999,2,Hero,0.9991283118724823,0.9999997615814209
752,4.9,-5.1,1,Hero,0.9526044130325317,0.9999518394470215
753,-5.3,4.7,3,Villain,0.9997965494791666,1.0
754,-5.199999999999999,4.800000000000001,2,Villain,0.9998950958251953,0.9999919533729553
755,-5.3999999999999995,4.6000000000000005,4,Villain,0.9985935688018799,0.9999991357326508
756,-4.999999999999998,-4.999999999999998,50,None,0.860201145708561,0.9980090808868408
757,-4.999999999999998,-4.999999999999998,50,None,0.9091180872917175,0.9999438881874084
758,-4.999999999999998,-4.999999999999998,50,None,0.9052665662392974,0.9999278461933137
759,-4.999999999999998,-4.999999999999998,50,None,0.8382470494508744,0.9987381637096405
760,-5.199999999999999,4.800000000000001,2,Villain,0.9999957084655762,1.0
761,-5.6,4.4,6,Villain,0.9931631882985433,0.9999873638153076
762,-4.999999999999998,-4.999999999999998,50,None,0.8592207511886955,0.9997992205619812
763,-4.999999999999998,-4.999999999999998,50,None,0.9308146135509014,0.999657826423645
764,-5.8999999999999995,4.1000000000000005,9,Villain,0.9679690334531996,0.9999868869781494
765,-4.999999999999998,-4.999999999999998,50,None,0.8624841016530991,0.9997368860244751
766,4.9,-5.1,1,Hero,0.9999740123748779,0.9999967813491821
767,-4.999999999999998,-4.999999999999998,50,None,0.9635046861320734,0.9999319410324097
768,4.9,-5.1,1,Hero,0.9999988079071045,1.0
769,3.9000000000000004,-6.1,11,Hero,0.8058838288045742,0.9999120127071034
770,4.800000000000001,-5.199999999999999,2,Hero,0.9999622702598572,0.9999672770500183
771,-4.999999999999998,-4.999999999999998,50,None,0.9952322781085968,0.9940173399448394
772,-4.999999999999998,-4.999999999999998,50,None,0.8418841843307018,0.994495759010315
773,-4.999999999999998,-4.999999999999998,50,None,0.8312244765460491,0.9997582519054413
774,-4.999999999999998,-4.999999999999998,50,None,0.9524833104759455,0.9999634671211243
775,-4.999999999999998,-4.999999999999998,50,None,0.8734026026725769,0.9999144041538238
776,4.9,-5.1,1,Hero,0.9981708526611328,0.99998939037323
777,0.40000000000000036,-9.6,46,Hero,0.8580938814936773,0.9999426434869352
778,4.1000000000000005,-5.8999999999999995,9,Hero,0.7299276457892524,0.9994417958789401
779,3.7,-6.3,13,Hero,0.7693910358043817,0.9998056888580322
780,3.2,-6.8,18,Hero,0.6367060980863042,0.9999418192439609
781,3.0,-7.0,20,Hero,0.6887655615806579,0.9993048757314682
782,4.2,-5.8,8,Hero,0.7498761266469955,0.9998803660273552
783,3.0999999999999996,-6.9,19,Hero,0.7444982803181598,0.99991585392701
784,3.9000000000000004,-6.1,11,Hero,0.7010037506168539,0.9996787743134932
785,3.2,-6.8,18,Hero,0.7072400053342184,0.9972962008582221
786,3.6000000000000005,-6.3999999999999995,14,Hero,0.7500151927982058,0.9999653611864362
787,3.3,-6.7,17,Hero,0.623420320889529,0.9223902979317833
788,3.4000000000000004,-6.6,16,Hero,0.7614705888554454,0.9999406337738037
789,4.1000000000000005,-5.8999999999999995,9,Hero,0.9717454380459256,0.999780707889133
790,3.8000000000000007,-6.199999999999999,12,Hero,0.7767251282930374,0.999886487921079
791,3.3,-6.7,17,Hero,0.7409751415252686,0.992597800843856
792,4.1000000000000005,-5.8999999999999995,9,Hero,0.8341779510180155,0.9999069372812907
793,4.2,-5.8,8,Hero,0.6426638811826706,0.9996631667017937
794,-5.3999999999999995,4.6000000000000005,4,Villain,0.9979426264762878,0.9999445974826813
795,4.2,-5.8,8,Hero,0.7451345082372427,0.999944731593132
796,4.2,-5.8,8,Hero,0.77101572137326,0.9998786970973015
797,3.7,-6.3,13,Hero,0.6832152278377459,0.9994978675475488
798,4.0,-6.0,10,Hero,0.8425719320774079,0.9995733320713043
799,3.9000000000000004,-6.1,11,Hero,0.8396392491730776,0.9997361464933916
800,3.6000000000000005,-6.3999999999999995,14,Hero,0.6737923792430333,0.9986077461923871
801,4.800000000000001,-5.199999999999999,2,Hero,0.9995012283325195,0.9999997019767761
802,4.4,-5.6,6,Hero,0.9959637025992075,0.9999968409538269
803,2.8,-7.2,22,Hero,0.7446598159995946,0.9993124387480996
804,4.1000000000000005,-5.8999999999999995,9,Hero,0.700108614232805,0.9996941089630127
805,4.0,-6.0,10,Hero,0.7032208897173404,0.9999365270137787
806,-5.3999999999999995,4.6000000000000005,4,Villain,0.8245591372251511,0.9999944269657135
807,4.4,-5.6,6,Hero,0.8624517172574997,0.9998312095801035
808,4.0,-6.0,10,Hero,0.6562136590480805,0.9983342468738556
809,4.300000000000001,-5.699999999999999,7,Hero,0.844168382031577,0.9995771220752171
810,4.300000000000001,-5.699999999999999,7,Hero,0.8669872220073428,0.9999163491385323
811,4.2,-5.8,8,Hero,0.6253539212048054,0.9998305663466454
812,3.8000000000000007,-6.199999999999999,12,Hero,0.781332309047381,0.9994278401136398
813,4.1000000000000005,-5.8999999999999995,9,Hero,0.838327576716741,0.9952404300371805
814,3.6000000000000005,-6.3999999999999995,14,Hero,0.7163826950958797,0.9534684291907719
815,4.7,-5.3,3,Hero,0.9995035727818807,0.9999928871790568
816,4.300000000000001,-5.699999999999999,7,Hero,0.9272517561912537,0.9999744381223407
817,4.1000000000000005,-5.8999999999999995,9,Hero,0.723748140864902,0.9994748565885756
818,3.7,-6.3,13,Hero,0.79307034984231,0.9999588269453782
819,4.6000000000000005,-5.3999999999999995,4,Hero,0.6715524345636368,0.9999724328517914
820,4.300000000000001,-5.699999999999999,7,Hero,0.9768389207976205,0.9996240735054016
821,3.8000000000000007,-6.199999999999999,12,Hero,0.7105283060421547,0.9957406471172968
822,-5.5,4.5,5,Villain,0.9479088425636292,0.9999885559082031
823,4.300000000000001,-5.699999999999999,7,Hero,0.604069173336029,0.9996085677828107
824,4.300000000000001,-5.699999999999999,7,Hero,0.8707112073898315,0.9988735573632377
825,3.6000000000000005,-6.3999999999999995,14,Hero,0.6973808631300926,0.9508946452822004
826,3.8000000000000007,-6.199999999999999,12,Hero,0.9415309528509775,0.9999332129955292
827,3.0,-7.0,20,Hero,0.6179618494585156,0.8985598832368851
828,3.5,-6.5,15,Hero,0.6298476080099742,0.9882089575131734
829,4.6000000000000005,-5.3999999999999995,4,Hero,0.6820835638791323,0.9998804479837418
830,3.9000000000000004,-6.1,11,Hero,0.7604119533842261,0.9732857725837014
831,4.0,-6.0,10,Hero,0.8048068631440402,0.9996032297611237
832,3.3,-6.7,17,Hero,0.7245861063985264,0.9990100685287925
833,3.2,-6.8,18,Hero,0.7820601031805078,0.9997397992346022
834,4.4,-5.6,6,Hero,0.7246622194846472,0.9997741381327311
835,4.5,-5.5,5,Hero,0.776980459690094,0.9978115200996399
836,3.3,-6.7,17,Hero,0.593770344467724,0.9341728402959073
837,3.6000000000000005,-6.3999999999999995,14,Hero,0.7160274229411568,0.9963438298021045
838,3.6000000000000005,-6.3999999999999995,14,Hero,0.6499214076570102,0.999239444732666
839,3.7,-6.3,13,Hero,0.8816140431624192,0.9996894781406109
840,4.1000000000000005,-5.8999999999999995,9,Hero,0.6154451800717248,0.9997097055117289
841,4.2,-5.8,8,Hero,0.8966610878705978,0.9907180964946747
842,4.4,-5.6,6,Hero,0.8270679116249084,0.9998417894045512
843,3.6000000000000005,-6.3999999999999995,14,Hero,0.8231782189437321,0.999869955437524
844,4.1000000000000005,-5.8999999999999995,9,Hero,0.9023852215872871,0.8827837585575051
845,3.9000000000000004,-6.1,11,Hero,0.9153110953894529,0.9999684637243097
846,3.8000000000000007,-6.199999999999999,12,Hero,0.7007147620121638,0.915876125295957
847,3.6000000000000005,-6.3999999999999995,14,Hero,0.8470557454441275,0.9985711787428174
848,3.8000000000000007,-6.199999999999999,12,Hero,0.6798059844101468,0.9998260140419006
849,3.8000000000000007,-6.199999999999999,12,Hero,0.6959197176620364,0.9993042300144831
850,3.8000000000000007,-6.199999999999999,12,Hero,0.6500350252930124,0.9972517391045889
851,4.0,-6.0,10,Hero,0.8776829928159714,0.9998080372810364
852,3.3,-6.7,17,Hero,0.6217736172325471,0.9441802466616911
853,4.1000000000000005,-5.8999999999999995,9,Hero,0.7684100270271301,0.9991978406906128
854,4.0,-6.0,10,Hero,0.7633388236165046,0.9985730171203613
855,3.2,-6.8,18,Hero,0.7342108463247617,0.9990413354502784
856,3.5,-6.5,15,Hero,0.8155703624089559,0.999852200349172
857,4.5,-5.5,5,Hero,0.9909810304641724,0.9999510288238526
858,4.0,-6.0,10,Hero,0.833054318651557,0.9987442791461945
859,4.1000000000000005,-5.8999999999999995,9,Hero,0.8417113787598081,0.9995761977301704
860,4.300000000000001,-5.699999999999999,7,Hero,0.9870338950838361,0.999768078327179
861,3.7,-6.3,13,Hero,0.6539707137988164,0.9993623999448923
862,4.300000000000001,-5.699999999999999,7,Hero,0.8595538139343262,0.9994199531418937
863,4.1000000000000005,-5.8999999999999995,9,Hero,0.7631606294049157,0.9999841981463962
864,4.300000000000001,-5.699999999999999,7,Hero,0.8398287381444659,0.999986972127642
865,4.4,-5.6,6,Hero,0.747452974319458,0.9999875028928121
866,4.2,-5.8,8,Hero,0.8245180640369654,0.9999110475182533
867,3.8000000000000007,-6.199999999999999,12,Hero,0.8771325560907522,0.9998317311207453
868,3.9000000000000004,-6.1,11,Hero,0.7941368052905257,0.9993252970955588
869,4.2,-5.8,8,Hero,0.8922490552067757,0.9999725669622421
870,3.9000000000000004,-6.1,11,Hero,0.7109716727652333,0.9994728294285861
871,3.0999999999999996,-6.9,19,Hero,0.6603153001909193,0.9283797482616807
872,4.1000000000000005,-5.8999999999999995,9,Hero,0.9321920474370321,0.9997101492351956
873,3.3,-6.7,17,Hero,0.7436777944950497,0.9999572950250962
874,3.5,-6.5,15,Hero,0.623463824391365,0.9964862863222758
875,4.800000000000001,-5.199999999999999,2,Hero,0.9995487034320831,0.9999997019767761
876,4.800000000000001,-5.199999999999999,2,Hero,0.9723686873912811,0.9998209774494171
877,3.8000000000000007,-6.199999999999999,12,Hero,0.7136939304570357,0.998851959904035
878,4.800000000000001,-5.199999999999999,2,Hero,0.6973961889743805,0.9999040961265564
879,3.5,-6.5,15,Hero,0.6512459874153137,0.9798443635304769
880,4.7,-5.3,3,Hero,0.6930796404679617,0.9999983708063761
881,4.4,-5.6,6,Hero,0.7323627273241679,0.9994909962018331
882,3.7,-6.3,13,Hero,0.7874165727541997,0.9965946811896104
883,4.1000000000000005,-5.8999999999999995,9,Hero,0.966139468881819,0.9679675963189867
884,4.9,-5.1,1,Hero,0.9537960886955261,0.9993451237678528
885,4.1000000000000005,-5.8999999999999995,9,Hero,0.8932950331105126,0.9999770588344998
886,4.1000000000000005,-5.8999999999999995,9,Hero,0.7391299108664194,0.9998590879970126
887,4.300000000000001,-5.699999999999999,7,Hero,0.978823721408844,0.9998789174216134
888,3.7,-6.3,13,Hero,0.8855574772908137,0.9999554432355441
889,3.8000000000000007,-6.199999999999999,12,Hero,0.8707441662748655,0.9999384780724844
890,4.2,-5.8,8,Hero,0.7247711615636945,0.9997427314519882
891,3.6000000000000005,-6.3999999999999995,14,Hero,0.8097298060144696,0.9254625137296638
892,4.7,-5.3,3,Hero,0.9992889761924744,0.9999934037526449
893,-5.1,4.9,1,Villain,0.7014787793159485,0.9999958276748657
894,-5.3,4.7,3,Villain,0.6692851906021436,0.9996543725331625
895,3.9000000000000004,-6.1,11,Hero,0.8536484173753045,0.9996310905976729
896,4.800000000000001,-5.199999999999999,2,Hero,0.7807731032371521,0.9999937415122986
897,4.7,-5.3,3,Hero,0.6658146977424622,0.9998847047487894
898,4.2,-5.8,8,Hero,0.78319778945297,0.9999807327985764
899,4.7,-5.3,3,Hero,0.9995468854904175,0.9999977747599283
900,4.0,-6.0,10,Hero,0.9162060618400574,0.9997287690639496
901,4.800000000000001,-5.199999999999999,2,Hero,0.9723320007324219,0.9999704957008362
902,4.6000000000000005,-5.3999999999999995,4,Hero,0.7826041430234909,0.9999940097332001
903,4.2,-5.8,8,Hero,0.8722647298127413,0.9996154233813286
904,4.0,-6.0,10,Hero,0.8796585440635681,0.9995541870594025
905,4.800000000000001,-5.199999999999999,2,Hero,0.984074056148529,0.9999703168869019
906,4.1000000000000005,-5.8999999999999995,9,Hero,0.7118463416894277,0.9994725717438592
907,4.7,-5.3,3,Hero,0.4658870150645574,0.9999854962031046
908,3.7,-6.3,13,Hero,0.7649567733303859,0.9999692531732413
909,4.300000000000001,-5.699999999999999,7,Hero,0.7228349830423083,0.9996724724769592
910,4.1000000000000005,-5.8999999999999995,9,Hero,0.8368494378195869,0.9996380474832323
911,3.8000000000000007,-6.199999999999999,12,Hero,0.7775550273557504,0.998217577735583
912,3.8000000000000007,-6.199999999999999,12,Hero,0.7477516941726208,0.9998899002869924
913,4.300000000000001,-5.699999999999999,7,Hero,0.8810894276414599,0.9995753765106201
914,4.800000000000001,-5.199999999999999,2,Hero,0.9999683499336243,0.9999996423721313
915,4.9,-5.1,1,Hero,0.7518203258514404,0.9999849796295166
916,4.7,-5.3,3,Hero,0.8723073403040568,0.999970277150472
917,3.9000000000000004,-6.1,11,Hero,0.7725912874395197,0.9998821074312384
918,3.3,-6.7,17,Hero,0.6662001040051965,0.9769352849792031
919,4.5,-5.5,5,Hero,0.7459112584590912,0.999910545349121
920,4.1000000000000005,-5.8999999999999995,9,Hero,0.8241715927918752,0.9998083578215705
921,4.300000000000001,-5.699999999999999,7,Hero,0.7459417751857212,0.9990568842206683
922,3.8000000000000007,-6.199999999999999,12,Hero,0.819564416538924,0.9987767438093821
923,4.0,-6.0,10,Hero,0.8652483254671097,0.9998172163963318
924,4.0,-6.0,10,Hero,0.7327688366174698,0.9932967901229859
925,4.0,-6.0,10,Hero,0.8011205792427063,0.9994342088699341
926,4.0,-6.0,10,Hero,0.9152446806430816,0.9987437129020691
927,3.6000000000000005,-6.3999999999999995,14,Hero,0.7969493227345603,0.9985229245253971
928,3.5,-6.5,15,Hero,0.7058884342511494,0.999726430575053
929,3.9000000000000004,-6.1,11,Hero,0.7443752431056716,0.9996185356920416
930,4.2,-5.8,8,Hero,0.7883066611830145,0.9999513179063797
931,4.300000000000001,-5.699999999999999,7,Hero,0.7281584867409298,0.9999444484710693
932,4.0,-6.0,10,Hero,0.7852696448564529,0.9995843172073364
933,3.7,-6.3,13,Hero,0.7955734156645261,0.998643159866333
934,4.4,-5.6,6,Hero,0.8366589350625873,0.9999995231628418
935,4.2,-5.8,8,Hero,0.7874299176037312,0.9999449327588081
936,3.5,-6.5,15,Hero,0.8739490985870362,0.9995581785837809
937,4.0,-6.0,10,Hero,0.7808213710784913,0.9999817848205567
938,4.0,-6.0,10,Hero,0.6694712430238724,0.9999391317367554
939,4.0,-6.0,10,Hero,0.8384985327720642,0.9997931122779846
940,3.8000000000000007,-6.199999999999999,12,Hero,0.8302921615540981,0.9997526456912359
941,4.2,-5.8,8,Hero,0.8975645825266838,0.999995544552803
942,4.300000000000001,-5.699999999999999,7,Hero,0.9953224403517587,0.9999089922223773
943,4.0,-6.0,10,Hero,0.8442520141601563,0.9999700546264648
944,3.9000000000000004,-6.1,11,Hero,0.8200001147660342,0.9953390088948336
945,3.7,-6.3,13,Hero,0.6424420710939628,0.9983325921572171
946,4.800000000000001,-5.199999999999999,2,Hero,0.9999420642852783,0.999998927116394
947,3.9000000000000004,-6.1,11,Hero,0.8161322501572695,0.9999869628386064
948,4.2,-5.8,8,Hero,0.9126651585102081,0.9939436167478561
949,3.7,-6.3,13,Hero,0.660202471109537,0.9841245366976812
950,4.300000000000001,-5.699999999999999,7,Hero,0.8246739762169975,0.9998434867177691
951,4.7,-5.3,3,Hero,0.9997416536013285,0.9999614159266154
952,4.0,-6.0,10,Hero,0.6165428474545479,0.9999438166618347
953,3.6000000000000005,-6.3999999999999995,14,Hero,0.8451320145811353,0.9998115812029157
954,4.5,-5.5,5,Hero,0.7939131140708924,0.9999554634094239
955,4.9,-5.1,1,Hero,0.9998451471328735,0.9999967813491821
956,4.800000000000001,-5.199999999999999,2,Hero,0.709827110171318,0.999589592218399
957,4.300000000000001,-5.699999999999999,7,Hero,0.7175122201442719,0.9998129095349994
958,4.300000000000001,-5.699999999999999,7,Hero,0.6874066080365863,0.9990273032869611
959,3.9000000000000004,-6.1,11,Hero,0.8185038647868417,0.9050083840477534
960,3.9000000000000004,-6.1,11,Hero,0.7978757233782248,0.9086537899565883
961,3.5,-6.5,15,Hero,0.7192049057533344,0.999516240755717
962,4.1000000000000005,-5.8999999999999995,9,Hero,0.7315806166993247,0.9976065754890442
963,4.300000000000001,-5.699999999999999,7,Hero,0.8038894704410008,0.9998645782470703
964,4.9,-5.1,1,Hero,0.7325940132141113,0.9999926090240479
965,3.9000000000000004,-6.1,11,Hero,0.8469889895482496,0.987083375453949
966,4.7,-5.3,3,Hero,0.8680234551429749,0.9999965826670328
967,3.6000000000000005,-6.3999999999999995,14,Hero,0.8174342821751323,0.9999741997037616
968,3.5,-6.5,15,Hero,0.6743978947401047,0.9986610889434815
969,4.9,-5.1,1,Hero,0.9727059006690979,0.9999785423278809
970,4.6000000000000005,-5.3999999999999995,4,Hero,0.8466386049985886,0.9999512135982513
971,3.9000000000000004,-6.1,11,Hero,0.734503760933876,0.8982475919395008
972,4.1000000000000005,-5.8999999999999995,9,Hero,0.7868038945727878,0.9999967283672757
973,4.4,-5.6,6,Hero,0.8640922804673513,0.9999963243802389
974,3.7,-6.3,13,Hero,0.7723848452934852,0.9973826775184045
975,4.300000000000001,-5.699999999999999,7,Hero,0.830109715461731,0.9999981096812657
976,3.9000000000000004,-6.1,11,Hero,0.8177129843018272,0.9914350455457513
977,3.8000000000000007,-6.199999999999999,12,Hero,0.7509199852744738,0.9963510781526566
978,4.0,-6.0,10,Hero,0.6935753230005502,0.9956675112247467
979,4.4,-5.6,6,Hero,0.9482729732990265,0.9999857942263285
980,4.0,-6.0,10,Hero,0.7455494552850723,0.9997527599334717
981,3.6000000000000005,-6.3999999999999995,14,Hero,0.7581949872629983,0.9998611637524196
982,4.6000000000000005,-5.3999999999999995,4,Hero,0.9994190335273743,0.9999983310699463
983,4.300000000000001,-5.699999999999999,7,Hero,0.7968771968569074,0.9995934367179871
984,3.9000000000000004,-6.1,11,Hero,0.7773298973386938,0.9994951432401483
985,4.0,-6.0,10,Hero,0.8387697100639343,0.9993707776069641
986,4.4,-5.6,6,Hero,0.6621356656153997,0.9998574356238047
987,4.800000000000001,-5.199999999999999,2,Hero,0.7669114768505096,0.999995768070221
988,3.3,-6.7,17,Hero,0.6955017219571507,0.9501862666186165
989,4.6000000000000005,-5.3999999999999995,4,Hero,0.9733618646860123,0.9999893307685852
990,-5.5,4.5,5,Villain,0.5480735942721366,0.9999982833862304
991,3.8000000000000007,-6.199999999999999,12,Hero,0.9064653615156809,0.9999928176403046
992,4.0,-6.0,10,Hero,0.7145173013210296,0.9971739113330841
993,4.1000000000000005,-5.8999999999999995,9,Hero,0.762359145614836,0.9999179045359293
994,3.6000000000000005,-6.3999999999999995,14,Hero,0.8023615181446075,0.9861614746706826
995,3.5,-6.5,15,Hero,0.8065301676591238,0.9985801974932352
996,3.9000000000000004,-6.1,11,Hero,0.8588898745788769,0.9951378974047574
997,3.8000000000000007,-6.199999999999999,12,Hero,0.812609019378821,0.9985218346118927
998,4.300000000000001,-5.699999999999999,7,Hero,0.9941839746066502,0.9957824093954903
999,3.8000000000000007,-6.199999999999999,12,Hero,0.7883104905486107,0.9986907541751862
1000,4.0,-6.0,10,Hero,0.6965614810585976,0.9987025499343872
1001,3.9000000000000004,-6.1,11,Hero,0.8256044618108056,0.999009679664265
1002,3.9000000000000004,-6.1,11,Hero,0.9256390224803578,0.9999439174478705
1003,4.1000000000000005,-5.8999999999999995,9,Hero,0.7735183073414696,0.9981353878974915
1004,3.8000000000000007,-6.199999999999999,12,Hero,0.8427597284317017,0.9995186626911163
1005,4.0,-6.0,10,Hero,0.8846208482980729,0.9999815464019776
1006,3.9000000000000004,-6.1,11,Hero,0.8819138516079296,0.9796264713460748
1007,4.0,-6.0,10,Hero,0.8368853941559792,0.9999788165092468
1008,4.1000000000000005,-5.8999999999999995,9,Hero,0.8654123942057291,0.999829027387831
1009,4.1000000000000005,-5.8999999999999995,9,Hero,0.9917510284317864,0.999967442618476
1010,4.2,-5.8,8,Hero,0.8303981572389603,0.9985014721751213
1011,4.4,-5.6,6,Hero,0.6230985671281815,0.9996870954831442
1012,4.0,-6.0,10,Hero,0.6684021472930908,0.9992579400539399
1013,3.8000000000000007,-6.199999999999999,12,Hero,0.6245184876024723,0.9989630927642187
1014,3.9000000000000004,-6.1,11,Hero,0.8061899055134166,0.9983629584312439
1015,4.800000000000001,-5.199999999999999,2,Hero,0.8338118195533752,0.9999809861183167
1016,4.5,-5.5,5,Hero,0.9814780116081238,0.9995829820632934
1017,4.0,-6.0,10,Hero,0.8060639046132565,0.9999827742576599
1018,4.4,-5.6,6,Hero,0.9343279898166656,0.999901016553243
1019,4.300000000000001,-5.699999999999999,7,Hero,0.834696535553251,0.9999667065484183
1020,4.2,-5.8,8,Hero,0.8611285537481308,0.9998268783092499
1021,4.300000000000001,-5.699999999999999,7,Hero,0.7744501424687249,0.9996954798698425
1022,3.7,-6.3,13,Hero,0.8144942430349497,0.9989104133385879
1023,3.8000000000000007,-6.199999999999999,12,Hero,0.7046898230910301,0.9920739928881327
1024,-5.199999999999999,4.800000000000001,2,Villain,0.9982229769229889,0.9999639391899109
1025,4.0,-6.0,10,Hero,0.9316429734230042,0.999958848953247
1026,3.5,-6.5,15,Hero,0.8457002133131027,0.9999468247095744
1027,4.2,-5.8,8,Hero,0.9031325504183769,0.9997929260134697
1028,4.1000000000000005,-5.8999999999999995,9,Hero,0.9160540567504035,0.9913897514343262
1029,4.7,-5.3,3,Hero,0.9993555347124735,0.99999471505483
1030,4.4,-5.6,6,Hero,0.6852777600288391,0.9999250173568726
1031,4.1000000000000005,-5.8999999999999995,9,Hero,0.7925410668055216,0.999715785185496
1032,4.9,-5.1,1,Hero,0.9996795654296875,0.9999995231628418
1033,3.9000000000000004,-6.1,11,Hero,0.7386287261139263,0.9996658997102217
1034,4.4,-5.6,6,Hero,0.8149941563606262,0.9999338189760844
1035,4.4,-5.6,6,Hero,0.8759182294209799,0.9994117120901743
1036,3.3,-6.7,17,Hero,0.7478891913505161,0.9242426422698533
1037,4.1000000000000005,-5.8999999999999995,9,Hero,0.8202243232064776,0.9999052153693305
1038,3.6000000000000005,-6.3999999999999995,14,Hero,0.8881391042045185,0.9998402340071542
1039,4.2,-5.8,8,Hero,0.9128755182027817,0.9999487102031708
1040,4.6000000000000005,-5.3999999999999995,4,Hero,0.9793628454208374,0.9994591325521469
1041,3.9000000000000004,-6.1,11,Hero,0.7783483483574607,0.9931040406227112
1042,3.8000000000000007,-6.199999999999999,12,Hero,0.7550566631058852,0.9883696834246317
1043,4.6000000000000005,-5.3999999999999995,4,Hero,0.6251411288976669,0.9999856352806091
1044,4.1000000000000005,-5.8999999999999995,9,Hero,0.989113966623942,0.9985008968247308
1045,3.6000000000000005,-6.3999999999999995,14,Hero,0.9096140435763768,0.9997344996247973
1046,4.4,-5.6,6,Hero,0.7043595959742864,0.9999387462933859
1047,4.5,-5.5,5,Hero,0.967104721069336,0.9997112274169921
1048,4.2,-5.8,8,Hero,0.977783776819706,0.9807022735476494
1049,4.0,-6.0,10,Hero,0.9169102489948273,0.9999137818813324
1050,4.9,-5.1,1,Hero,0.9998157620429993,0.9999998807907104
1051,4.4,-5.6,6,Hero,0.7420400629440943,0.9999408721923828
1052,3.6000000000000005,-6.3999999999999995,14,Hero,0.7071461943643433,0.9850536414555141
1053,4.0,-6.0,10,Hero,0.941534411907196,0.9987825095653534
1054,3.8000000000000007,-6.199999999999999,12,Hero,0.9138215283552805,0.9999193747838339
1055,4.9,-5.1,1,Hero,0.9996116757392883,0.9999992847442627
1056,4.4,-5.6,6,Hero,0.9517293175061544,0.9991067349910736
1057,4.1000000000000005,-5.8999999999999995,9,Hero,0.9661776092317369,0.9699806571006775
1058,4.4,-5.6,6,Hero,0.6814849724372228,0.9999836484591166
1059,4.300000000000001,-5.699999999999999,7,Hero,0.8654881971223014,0.9999965259007045
1060,3.3,-6.7,17,Hero,0.8171307584818672,0.996173290645375
1061,4.6000000000000005,-5.3999999999999995,4,Hero,0.6355624422430992,0.9999893605709076
1062,4.0,-6.0,10,Hero,0.8039538338780403,0.9001178041100502
1063,3.5,-6.5,15,Hero,0.6600805371999741,0.9871700048446655
1064,4.2,-5.8,8,Hero,0.8660193830728531,0.9996613264083862
1065,4.1000000000000005,-5.8999999999999995,9,Hero,0.8247180928786596,0.9999904367658827
1066,4.0,-6.0,10,Hero,0.6230219140648842,0.9989178061485291
1067,4.1000000000000005,-5.8999999999999995,9,Hero,0.996681895520952,0.9995809925927056
1068,3.7,-6.3,13,Hero,0.9151539252354548,0.9999281397232642
1069,3.5,-6.5,15,Hero,0.6681394743422667,0.9471030036608378
1070,3.6000000000000005,-6.3999999999999995,14,Hero,0.7928105081830706,0.9993102848529816
1071,4.1000000000000005,-5.8999999999999995,9,Hero,0.8655596342351701,0.9999875492519803
1072,3.7,-6.3,13,Hero,0.8197039801340836,0.9999317435117868
1073,4.5,-5.5,5,Hero,0.9800347447395324,0.9999440431594848
1074,4.7,-5.3,3,Hero,0.7515645027160645,0.9999260902404785
1075,4.4,-5.6,6,Hero,0.6931087275346121,0.9993526438872019
1076,4.1000000000000005,-5.8999999999999995,9,Hero,0.8511211110485924,0.9999128447638618
1077,3.6000000000000005,-6.3999999999999995,14,Hero,0.6943614009235587,0.9946303835936955
1078,3.9000000000000004,-6.1,11,Hero,0.8476958545771512,0.9991196719082919
1079,3.9000000000000004,-6.1,11,Hero,0.828745497898622,0.9998434727842157
1080,3.9000000000000004,-6.1,11,Hero,0.8472321087663824,0.9996971000324596
1081,3.7,-6.3,13,Hero,0.8258477953764108,0.9994679551858169
1082,3.5,-6.5,15,Hero,0.8227964212497075,0.9983620285987854
1083,4.300000000000001,-5.699999999999999,7,Hero,0.6353537270001003,0.9995008111000061
1084,4.4,-5.6,6,Hero,0.6899315764506658,0.9997406005859375
1085,4.4,-5.6,6,Hero,0.7826646169026693,0.9999256134033203
1086,3.7,-6.3,13,Hero,0.83013405249669,0.9989195649440472
1087,3.8000000000000007,-6.199999999999999,12,Hero,0.8919921144843102,0.9996364116668701
1088,3.6000000000000005,-6.3999999999999995,14,Hero,0.9038225135632924,0.9996582610266549
1089,3.7,-6.3,13,Hero,0.6914305962049044,0.993154397377601
1090,4.4,-5.6,6,Hero,0.925003300110499,0.999985416730245
1091,3.9000000000000004,-6.1,11,Hero,0.7395249063318426,0.9999311349608682
1092,3.9000000000000004,-6.1,11,Hero,0.8457468165592714,0.999542929909446
1093,3.9000000000000004,-6.1,11,Hero,0.8732585893435911,0.9998541257598184
1094,4.2,-5.8,8,Hero,0.77121452242136,0.9995837658643723
1095,4.4,-5.6,6,Hero,0.4743068938453992,0.9998501241207123
1096,3.7,-6.3,13,Hero,0.7674447298049927,0.9988043033159696
1097,4.4,-5.6,6,Hero,0.9995124737421671,0.9999954303105673
1098,3.6000000000000005,-6.3999999999999995,14,Hero,0.6602890704359327,0.9976433941296169
1099,4.300000000000001,-5.699999999999999,7,Hero,0.833299423967089,0.9998684014592852
1100,4.6000000000000005,-5.3999999999999995,4,Hero,0.5593197345733643,0.999938577413559
1101,4.300000000000001,-5.699999999999999,7,Hero,0.9922016603606088,0.9998090267181396
1102,4.1000000000000005,-5.8999999999999995,9,Hero,0.83669942120711,0.9876512156592475
1103,4.300000000000001,-5.699999999999999,7,Hero,0.8055682054587773,0.9997060894966125
1104,3.5,-6.5,15,Hero,0.8346784472465515,0.9994322101275126
1105,4.300000000000001,-5.699999999999999,7,Hero,0.7641473604100091,0.9997921500887189
1106,4.0,-6.0,10,Hero,0.7087857723236084,0.9999708533287048
1107,4.6000000000000005,-5.3999999999999995,4,Hero,0.6914422549307346,0.9997696578502655
1108,4.300000000000001,-5.699999999999999,7,Hero,0.8436003582818168,0.9999484845570156
1109,4.6000000000000005,-5.3999999999999995,4,Hero,0.7859828621149063,0.9999600350856781
1110,3.6000000000000005,-6.3999999999999995,14,Hero,0.7698303663304874,0.9981042444705963
1111,4.0,-6.0,10,Hero,0.8489297464489937,0.9994675695896149
1112,4.9,-5.1,1,Hero,0.9981220364570618,0.9999986886978149
1113,2.9,-7.1,21,Hero,0.5876208323807943,0.7881925334887845
1114,3.2,-6.8,18,Hero,0.8308356983794106,0.9852208197116852
1115,4.800000000000001,-5.199999999999999,2,Hero,0.6793264597654343,0.9998303353786469
1116,3.8000000000000007,-6.199999999999999,12,Hero,0.756449818611145,0.9944947163263956
1117,4.5,-5.5,5,Hero,0.9991752982139588,0.9999810218811035
1118,4.0,-6.0,10,Hero,0.8938219010829925,0.999518483877182
1119,4.1000000000000005,-5.8999999999999995,9,Hero,0.8316565818256803,0.9970913132031759
1120,4.6000000000000005,-5.3999999999999995,4,Hero,0.9434646666049957,0.9994804561138153
1121,4.2,-5.8,8,Hero,0.8364252576138824,0.9998051598668098
1122,3.9000000000000004,-6.1,11,Hero,0.8655563620003787,0.9937775460156527
1123,-5.199999999999999,4.800000000000001,2,Villain,0.9967595636844635,0.999790221452713
1124,3.7,-6.3,13,Hero,0.7122559481515334,0.9643308382767898
1125,4.0,-6.0,10,Hero,0.7207400619983673,0.9894284904003143
1126,4.0,-6.0,10,Hero,0.8413350582122803,0.9984688341617585
1127,3.8000000000000007,-6.199999999999999,12,Hero,0.839783143873016,0.9994530379772186
1128,4.1000000000000005,-5.8999999999999995,9,Hero,0.8734958701663547,0.9996513856781853
1129,3.7,-6.3,13,Hero,0.8148080614896921,0.9953444095758291
1130,4.1000000000000005,-5.8999999999999995,9,Hero,0.7589257988664839,0.9932005471653409
1131,4.5,-5.5,5,Hero,0.6662094056606293,0.9874737501144409
1132,4.1000000000000005,-5.8999999999999995,9,Hero,0.8455431560675303,0.9999474618169997
1133,-5.1,4.9,1,Villain,0.9822028875350952,0.9994325041770935
1134,3.5,-6.5,15,Hero,0.7413393745819727,0.9294309911628564
1135,3.6000000000000005,-6.3999999999999995,14,Hero,0.7168624805552619,0.9914844078677041
1136,3.4000000000000004,-6.6,16,Hero,0.7347733713686466,0.9852891862392426
1137,3.7,-6.3,13,Hero,0.9067241870439969,0.9998311446263239
1138,3.8000000000000007,-6.199999999999999,12,Hero,0.7408825475722551,0.9861949135859808
1139,3.5,-6.5,15,Hero,0.758649676044782,0.9736843307813009
1140,4.9,-5.1,1,Hero,0.9345221519470215,0.9991483688354492
1141,-5.3999999999999995,4.6000000000000005,4,Villain,0.998631477355957,0.9996568709611893
1142,4.300000000000001,-5.699999999999999,7,Hero,0.8362124732562474,0.9866096547671727
1143,4.0,-6.0,10,Hero,0.8970223367214203,0.9993199348449707
1144,4.4,-5.6,6,Hero,0.9798544744650522,0.9913685421148936
1145,4.0,-6.0,10,Hero,0.9322432458400727,0.9970006585121155
1146,4.0,-6.0,10,Hero,0.8482866644859314,0.8000491983257234
1147,4.4,-5.6,6,Hero,0.8269917418559393,0.9998969733715057
1148,4.1000000000000005,-5.8999999999999995,9,Hero,0.8612589140733083,0.9993878536754184
1149,3.7,-6.3,13,Hero,0.7184739571351272,0.8867847594575813
1150,3.7,-6.3,13,Hero,0.895388697202389,0.9926772851210374
1151,3.5,-6.5,15,Hero,0.7414424002170563,0.9901491443316142
1152,3.9000000000000004,-6.1,11,Hero,0.595001598650759,0.998449368910356
1153,4.6000000000000005,-5.3999999999999995,4,Hero,0.7653158996254206,0.9998721927404404
1154,4.5,-5.5,5,Hero,0.6822501838207244,0.9976629972457886
1155,3.8000000000000007,-6.199999999999999,12,Hero,0.7227921163042387,0.9926081498463949
1156,4.0,-6.0,10,Hero,0.9207127153873443,0.9732670247554779
1157,4.4,-5.6,6,Hero,0.8957362771034241,0.9992328385512034
1158,4.5,-5.5,5,Hero,0.8492649018764495,0.9999694347381591
1159,4.2,-5.8,8,Hero,0.8227903358638287,0.999242290854454
1160,4.0,-6.0,10,Hero,0.7038527116179466,0.9964328587055207
1161,4.1000000000000005,-5.8999999999999995,9,Hero,0.7695373975568347,0.9993997746043735
1162,4.9,-5.1,1,Hero,0.9594824314117432,0.9997836947441101
1163,3.7,-6.3,13,Hero,0.794078617141797,0.9921816541598394
1164,4.5,-5.5,5,Hero,0.8337133944034576,0.9993102550506592
1165,4.300000000000001,-5.699999999999999,7,Hero,0.7785154325621468,0.9869531052453178
1166,3.9000000000000004,-6.1,11,Hero,0.8108706474304199,0.9883705811067061
1167,4.2,-5.8,8,Hero,0.9928597882390022,0.999392069876194
1168,-5.1,4.9,1,Villain,0.6776537895202637,0.99982088804245
1169,3.8000000000000007,-6.199999999999999,12,Hero,0.8076657354831696,0.8923698465029398
1170,4.300000000000001,-5.699999999999999,7,Hero,0.8396075069904327,0.9999751363481794
1171,4.800000000000001,-5.199999999999999,2,Hero,0.9959571659564972,0.9999730587005615
1172,3.9000000000000004,-6.1,11,Hero,0.9212146618149497,0.9964236942204562
1173,4.4,-5.6,6,Hero,0.694095503538847,0.9992054502169291
1174,4.5,-5.5,5,Hero,0.8278887271881104,0.9926247835159302
1175,4.0,-6.0,10,Hero,0.8579753577709198,0.9497196316719055
1176,3.5,-6.5,15,Hero,0.6932864281038443,0.9862243930498759
1177,3.4000000000000004,-6.6,16,Hero,0.6417262139730155,0.8722209082916379
1178,3.8000000000000007,-6.199999999999999,12,Hero,0.7691170337299505,0.9879655440648397
1179,3.7,-6.3,13,Hero,0.8183527726393479,0.8863977262606988
1180,3.9000000000000004,-6.1,11,Hero,0.7854833426800641,0.9942240931771018
1181,4.5,-5.5,5,Hero,0.9988856911659241,0.9993215560913086
1182,3.6000000000000005,-6.3999999999999995,14,Hero,0.7612296459930283,0.996621446950095
1183,4.2,-5.8,8,Hero,0.8257668018341064,0.9993461072444916
1184,4.7,-5.3,3,Hero,0.8177731235822042,0.9999850193659464
1185,4.1000000000000005,-5.8999999999999995,9,Hero,0.7895786629782783,0.9751282996601529
1186,4.1000000000000005,-5.8999999999999995,9,Hero,0.8510423459940486,0.9997297128041586
1187,4.6000000000000005,-5.3999999999999995,4,Hero,0.972058966755867,0.9995792508125305
1188,4.5,-5.5,5,Hero,0.9465391993522644,0.9997263789176941
1189,3.9000000000000004,-6.1,11,Hero,0.8498553037643433,0.9984607750719244
1190,3.9000000000000004,-6.1,11,Hero,0.7418826574629004,0.9914700768210671
1191,4.1000000000000005,-5.8999999999999995,9,Hero,0.841157442993588,0.9914227392938402
1192,3.8000000000000007,-6.199999999999999,12,Hero,0.7578064712385336,0.9968112210432688
1193,3.7,-6.3,13,Hero,0.6985260546207428,0.9962276541269742
1194,4.1000000000000005,-5.8999999999999995,9,Hero,0.8890515632099576,0.9998937977684869
1195,4.0,-6.0,10,Hero,0.7987131893634796,0.999768328666687
1196,-5.3999999999999995,4.6000000000000005,4,Villain,0.8111989796161652,0.9999914765357971
1197,4.1000000000000005,-5.8999999999999995,9,Hero,0.7765523195266724,0.8858075681815131
1198,3.8000000000000007,-6.199999999999999,12,Hero,0.8633289436499277,0.9918393790721893
1199,4.7,-5.3,3,Hero,0.9674777984619141,0.9998381733894348
1200,4.1000000000000005,-5.8999999999999995,9,Hero,0.740748910440339,0.9999459915690951
1201,4.9,-5.1,1,Hero,0.9659683108329773,0.9999773502349854
1202,3.8000000000000007,-6.199999999999999,12,Hero,0.8624539946516355,0.9989254772663116
1203,3.9000000000000004,-6.1,11,Hero,0.6514203792268579,0.9856046167286959
1204,4.2,-5.8,8,Hero,0.7246793862432241,0.9952668398618698
1205,4.300000000000001,-5.699999999999999,7,Hero,0.9358090673174176,0.997833958693913
1206,4.5,-5.5,5,Hero,0.6101713299751281,0.9999746561050415
1207,4.2,-5.8,8,Hero,0.6287971185520291,0.999976247549057
1208,3.4000000000000004,-6.6,16,Hero,0.8315719906240702,0.9980417042970657
1209,4.0,-6.0,10,Hero,0.787618750333786,0.9970243990421295
1210,4.4,-5.6,6,Hero,0.7396471500396729,0.9996104637781779
1211,3.4000000000000004,-6.6,16,Hero,0.8884983789175749,0.9993579424917698
1212,3.2,-6.8,18,Hero,0.657628857013252,0.7740366326438056
1213,3.6000000000000005,-6.3999999999999995,14,Hero,0.7074984120471137,0.9883498123713902
1214,4.2,-5.8,8,Hero,0.6234614625573158,0.9994301423430443
1215,4.800000000000001,-5.199999999999999,2,Hero,0.7806729376316071,0.9999855756759644
1216,4.7,-5.3,3,Hero,0.9517593383789062,0.9997778534889221
1217,3.2,-6.8,18,Hero,0.6189617481496599,0.9908497201071845
1218,4.300000000000001,-5.699999999999999,7,Hero,0.9311417852129255,0.9994817546435765
1219,4.300000000000001,-5.699999999999999,7,Hero,0.6044835065092359,0.9999925068446568
1220,4.1000000000000005,-5.8999999999999995,9,Hero,0.8591424259874556,0.997358242670695
1221,3.8000000000000007,-6.199999999999999,12,Hero,0.826081208884716,0.98786594470342
1222,4.300000000000001,-5.699999999999999,7,Hero,0.7435195978198733,0.9995856029646737
1223,4.9,-5.1,1,Hero,0.19653673470020294,0.9999860525131226
1224,4.1000000000000005,-5.8999999999999995,9,Hero,0.7904358986351225,0.9999505943722196
1225,3.4000000000000004,-6.6,16,Hero,0.7279855138622224,0.9909617342054844
1226,4.0,-6.0,10,Hero,0.8935019642114639,0.9994490146636963
1227,4.6000000000000005,-5.3999999999999995,4,Hero,0.9067306369543076,0.9995238929986954
1228,4.5,-5.5,5,Hero,0.7556680500507355,0.998772943019867
1229,4.4,-5.6,6,Hero,0.9135209421316782,0.9993382493654887
1230,4.0,-6.0,10,Hero,0.7464950978755951,0.9964259028434753
1231,3.4000000000000004,-6.6,16,Hero,0.707207452505827,0.913730755681172
1232,4.0,-6.0,10,Hero,0.7254646182060241,0.9987955152988434
1233,3.4000000000000004,-6.6,16,Hero,0.6955960029736161,0.9971981421113014
1234,4.4,-5.6,6,Hero,0.827920267979304,0.9987217287222544
1235,3.6000000000000005,-6.3999999999999995,14,Hero,0.7704514914325306,0.9086255090577262
1236,4.0,-6.0,10,Hero,0.7926640495657921,0.9981064796447754
1237,3.2,-6.8,18,Hero,0.6354839147792922,0.9828075998359256
1238,4.1000000000000005,-5.8999999999999995,9,Hero,0.7724164227644602,0.9933018949296739
1239,4.4,-5.6,6,Hero,0.9536453684171041,0.9967520733674368
1240,4.5,-5.5,5,Hero,0.6890793681144715,0.9999480009078979
1241,4.0,-6.0,10,Hero,0.7815297663211822,0.9994998872280121
1242,4.2,-5.8,8,Hero,0.6795550733804703,0.9998630359768867
1243,3.9000000000000004,-6.1,11,Hero,0.908338953148235,0.9961412494832819
1244,4.300000000000001,-5.699999999999999,7,Hero,0.6829768632139478,0.99995299748012
1245,4.300000000000001,-5.699999999999999,7,Hero,0.8083091484648841,0.9947272113391331
1246,4.1000000000000005,-5.8999999999999995,9,Hero,0.8561047183142768,0.9986916250652738
1247,4.2,-5.8,8,Hero,0.9239417314529419,0.9901326596736908
1248,3.9000000000000004,-6.1,11,Hero,0.8592083508318121,0.9992165998979048
1249,4.4,-5.6,6,Hero,0.7369236002365748,0.9992258052031199
1250,4.4,-5.6,6,Hero,0.6929049293200175,0.9999958475430807
1251,4.7,-5.3,3,Hero,0.41578809668620426,0.9999882777531942
1252,4.0,-6.0,10,Hero,0.8547463804483414,0.9993965089321136
1253,3.7,-6.3,13,Hero,0.7435137858757606,0.9099909433951745
1254,4.5,-5.5,5,Hero,0.7921292692422867,0.9990344047546387
1255,3.9000000000000004,-6.1,11,Hero,0.8892598206346686,0.9986437125639482
1256,3.8000000000000007,-6.199999999999999,12,Hero,0.7998584633072218,0.9940954695145289
1257,3.7,-6.3,13,Hero,0.77930875065235,0.9775418226535504
1258,4.1000000000000005,-5.8999999999999995,9,Hero,0.9829689727889167,0.9994869232177734
1259,3.6000000000000005,-6.3999999999999995,14,Hero,0.7325497737952641,0.9994509560721261
1260,4.1000000000000005,-5.8999999999999995,9,Hero,0.6117972003089057,0.9997166395187378
1261,3.7,-6.3,13,Hero,0.82392139847462,0.9701183850948627
1262,3.6000000000000005,-6.3999999999999995,14,Hero,0.6973335780203342,0.9930933628763471
1263,4.4,-5.6,6,Hero,0.8802855660518011,0.999991774559021
1264,4.1000000000000005,-5.8999999999999995,9,Hero,0.7385379688607322,0.9998808635605706
1265,3.5,-6.5,15,Hero,0.7306716064612071,0.9999029199282329
1266,3.8000000000000007,-6.199999999999999,12,Hero,0.7103475481271744,0.9985647102197012
1267,4.9,-5.1,1,Hero,0.7979496717453003,0.9998817443847656
1268,4.4,-5.6,6,Hero,0.9945363998413086,0.9989210863908132
1269,4.1000000000000005,-5.8999999999999995,9,Hero,0.9404721127616035,0.998549587196774
1270,3.5,-6.5,15,Hero,0.7056129438181719,0.9239295472701391
1271,4.2,-5.8,8,Hero,0.727992887608707,0.999818429350853
1272,3.5,-6.5,15,Hero,0.7474339544773102,0.9804262200991313
1273,4.300000000000001,-5.699999999999999,7,Hero,0.8218349878277097,0.9991462997027806
1274,4.2,-5.8,8,Hero,0.9394729882478714,0.9972195029258728
1275,4.2,-5.8,8,Hero,0.8188025737181306,0.9982796385884285
1276,4.0,-6.0,10,Hero,0.7129295840859413,0.9979434132575988
1277,4.0,-6.0,10,Hero,0.9351796478033065,0.9992820799350739
1278,4.2,-5.8,8,Hero,0.9878186732530594,0.9989685043692589
1279,4.6000000000000005,-5.3999999999999995,4,Hero,0.7203095108270645,0.9982971698045731
1280,4.6000000000000005,-5.3999999999999995,4,Hero,0.9941792041063309,0.9998091459274292
1281,3.8000000000000007,-6.199999999999999,12,Hero,0.7944903280586004,0.9998691827058792
1282,4.9,-5.1,1,Hero,0.9980898499488831,0.999998927116394
1283,3.8000000000000007,-6.199999999999999,12,Hero,0.8173936456441879,0.9128785274612407
1284,4.2,-5.8,8,Hero,0.8205897435545921,0.9988022297620773
1285,4.2,-5.8,8,Hero,0.782069742679596,0.9998721480369568
1286,4.4,-5.6,6,Hero,0.82895278185606,0.9998983939488729
1287,4.0,-6.0,10,Hero,0.7820105135440827,0.9984530568122864
1288,4.800000000000001,-5.199999999999999,2,Hero,0.9851675033569336,0.9998612999916077
1289,4.0,-6.0,10,Hero,0.7009571399539709,0.9949732482433319
1290,4.1000000000000005,-5.8999999999999995,9,Hero,0.8441948327753279,0.9999259577857124
1291,3.8000000000000007,-6.199999999999999,12,Hero,0.8177098607023557,0.9991494367520014
1292,4.4,-5.6,6,Hero,0.8519655267397562,0.9999686280886332
1293,3.8000000000000007,-6.199999999999999,12,Hero,0.7663480018575987,0.9843851774930954
1294,4.1000000000000005,-5.8999999999999995,9,Hero,0.7707288828161027,0.9970126085811191
1295,4.2,-5.8,8,Hero,0.6501610521227121,0.9994912296533585
1296,4.0,-6.0,10,Hero,0.706005933880806,0.9984289824962616
1297,4.9,-5.1,1,Hero,0.6146839261054993,0.9999181032180786
1298,3.0999999999999996,-6.9,19,Hero,0.7614307053583232,0.9705077817565516
1299,3.6000000000000005,-6.3999999999999995,14,Hero,0.6997380586607116,0.9801034246172223
1300,4.4,-5.6,6,Hero,0.7614356751243273,0.999932328859965
1301,4.1000000000000005,-5.8999999999999995,9,Hero,0.7614508668581644,0.9993911253081428
1302,3.3,-6.7,17,Hero,0.6932131192263435,0.9851377781699685
1303,3.7,-6.3,13,Hero,0.7337418072498761,0.9978702022479131
1304,-5.3,4.7,3,Villain,0.7815877993901571,0.9999914169311523
1305,4.6000000000000005,-5.3999999999999995,4,Hero,0.6743868291378021,0.9998840689659119
1306,4.2,-5.8,8,Hero,0.864952105563134,0.9999237582087517
1307,3.8000000000000007,-6.199999999999999,12,Hero,0.8021820609768232,0.997673511505127
1308,3.8000000000000007,-6.199999999999999,12,Hero,0.7961332922180494,0.9791639596223831
1309,3.4000000000000004,-6.6,16,Hero,0.6905320468358696,0.8437344938283786
1310,4.0,-6.0,10,Hero,0.8210055738687515,0.9865112066268921
1311,4.6000000000000005,-5.3999999999999995,4,Hero,0.9942431449890137,0.9999478161334991
1312,-5.1,4.9,1,Villain,0.3384462893009186,0.9996782541275024
1313,4.300000000000001,-5.699999999999999,7,Hero,0.9918388894626072,0.9999430179595947
1314,3.6000000000000005,-6.3999999999999995,14,Hero,0.7814343018191201,0.9778929991381509
1315,2.6999999999999997,-7.300000000000001,23,Hero,0.8312766321975252,0.995914656182994
1316,2.3999999999999995,-7.6000000000000005,26,Hero,0.7463824972510338,0.9128842637874186
1317,0.6999999999999993,-9.3,43,Hero,0.925817636339817,0.9840839158656985
1318,-4.999999999999998,-4.999999999999998,50,None,0.9549957251548767,0.9989069318771362
1319,0.6999999999999993,-9.3,43,Hero,0.8789366539351122,0.9981875641401424
1320,2.9,-7.1,21,Hero,0.8694342940690971,0.9983146417708624
1321,3.7,-6.3,13,Hero,0.8087697656681905,0.998943241742941
1322,-4.999999999999998,-4.999999999999998,50,None,0.9637054994702339,0.9964053523540497
1323,4.7,-5.3,3,Hero,0.9990642468134562,0.9981414675712585
1324,4.2,-5.8,8,Hero,0.9993537589907646,0.9991676360368729
1325,-4.999999999999998,-4.999999999999998,50,None,0.9472797946631908,0.999341652393341
1326,2.5999999999999996,-7.4,24,Hero,0.7280809363971154,0.9572443490227064
1327,2.4999999999999996,-7.5,25,Hero,0.8263785338401795,0.9986337471008301
1328,4.1000000000000005,-5.8999999999999995,9,Hero,0.9999190436469184,0.9991066323386298
1329,3.8000000000000007,-6.199999999999999,12,Hero,0.9009899015848836,0.9991640746593475
1330,4.0,-6.0,10,Hero,0.9045547436922788,0.9952939093112946
1331,3.6000000000000005,-6.3999999999999995,14,Hero,0.6644081483994212,0.9592322877475193
1332,2.9,-7.1,21,Hero,0.7670853826261702,0.9604228593054271
1333,2.5999999999999996,-7.4,24,Hero,0.7531683330113689,0.998352162539959
1334,3.5,-6.5,15,Hero,0.7689107656478882,0.8618054151535034
1335,4.9,-5.1,1,Hero,0.9987009763717651,0.9977953433990479
1336,3.4000000000000004,-6.6,16,Hero,0.76019879989326,0.9920102469623089
1337,4.1000000000000005,-5.8999999999999995,9,Hero,0.6961294023527039,0.9920746352937486
1338,4.7,-5.3,3,Hero,0.8034622470537821,0.9973421891530355
1339,4.4,-5.6,6,Hero,0.8396911720434824,0.8302972118059794
1340,3.6000000000000005,-6.3999999999999995,14,Hero,0.6956723819353751,0.8870256841182709
1341,4.1000000000000005,-5.8999999999999995,9,Hero,0.9990741742981805,0.9813235534562005
1342,4.0,-6.0,10,Hero,0.7851326704025269,0.9899695515632629
1343,4.9,-5.1,1,Hero,0.8418008685112,0.9999936819076538
1344,3.6000000000000005,-6.3999999999999995,14,Hero,0.8019618988037109,0.9314508736133575
1345,4.4,-5.6,6,Hero,0.733813613653183,0.9994181593259176
1346,4.1000000000000005,-5.8999999999999995,9,Hero,0.8720316903458701,0.9805432028240628
1347,3.9000000000000004,-6.1,11,Hero,0.7899820316921581,0.9938239888711409
1348,4.300000000000001,-5.699999999999999,7,Hero,0.9972671781267438,0.9129977311406817
1349,4.4,-5.6,6,Hero,0.7804843174914519,0.9877737363179525
1350,3.7,-6.3,13,Hero,0.7816650764300273,0.7471426564913529
1351,4.7,-5.3,3,Hero,0.49828416109085083,0.9999101956685384
1352,4.0,-6.0,10,Hero,0.8968773663043976,0.9781563699245452
1353,3.3,-6.7,17,Hero,0.7049514563644633,0.7681278586387634
1354,4.6000000000000005,-5.3999999999999995,4,Hero,0.626575231552124,0.9979948103427887
1355,3.9000000000000004,-6.1,11,Hero,0.8928469690409574,0.9995095946572043
1356,4.5,-5.5,5,Hero,0.9987712979316712,0.9999120712280274
1357,4.2,-5.8,8,Hero,0.7779078595340252,0.9981394857168198
1358,4.2,-5.8,8,Hero,0.759774960577488,0.9998478963971138
1359,4.800000000000001,-5.199999999999999,2,Hero,0.8782190680503845,0.9997661113739014
1360,3.7,-6.3,13,Hero,0.8028753629097571,0.9400244859548715
1361,4.7,-5.3,3,Hero,0.9854743282000223,0.9986468354860941
1362,4.2,-5.8,8,Hero,0.677126370370388,0.9991839081048965
1363,4.5,-5.5,5,Hero,0.8005996286869049,0.9999690771102905
1364,4.4,-5.6,6,Hero,0.9072397549947103,0.9994399150212606
1365,3.7,-6.3,13,Hero,0.8306540239315766,0.8799716921953055
1366,4.1000000000000005,-5.8999999999999995,9,Hero,0.9536564151446024,0.9803285201390585
1367,4.1000000000000005,-5.8999999999999995,9,Hero,0.736019965675142,0.9951741695404053
1368,4.2,-5.8,8,Hero,0.9002367407083511,0.9904231280088425
1369,4.1000000000000005,-5.8999999999999995,9,Hero,0.9977826409869723,0.9068290789922079
1370,4.1000000000000005,-5.8999999999999995,9,Hero,0.838265041510264,0.979577276441786
1371,4.4,-5.6,6,Hero,0.9780010481675466,0.9985269804795583
1372,3.9000000000000004,-6.1,11,Hero,0.7269763485951857,0.9412763823162426
1373,3.6000000000000005,-6.3999999999999995,14,Hero,0.7017732938485486,0.8946244378707239
1374,4.300000000000001,-5.699999999999999,7,Hero,0.9152031115123204,0.8680190997464317
1375,4.800000000000001,-5.199999999999999,2,Hero,0.5071834325790405,0.9999358057975769
1376,4.800000000000001,-5.199999999999999,2,Hero,0.9437516033649445,0.9986354410648346
1377,4.2,-5.8,8,Hero,0.8506390787661076,0.9892020151019096
1378,-5.3999999999999995,4.6000000000000005,4,Villain,0.4922124668955803,0.9932527393102646
1379,3.7,-6.3,13,Hero,0.7521640234268628,0.8857674908179504
1380,4.0,-6.0,10,Hero,0.7100181028246879,0.948036527633667
1381,3.5,-6.5,15,Hero,0.7078977073232333,0.8046386460463206
1382,4.1000000000000005,-5.8999999999999995,9,Hero,0.7156785991456773,0.7731316520108117
1383,-5.3,4.7,3,Villain,0.982397735118866,0.9955101013183594
1384,3.7,-6.3,13,Hero,0.8758553037276635,0.8600829495833471
1385,4.9,-5.1,1,Hero,0.8772885799407959,0.9999946355819702
1386,3.7,-6.3,13,Hero,0.8195035446148652,0.9805299043655396
1387,4.9,-5.1,1,Hero,0.902263879776001,0.9984474778175354
1388,4.7,-5.3,3,Hero,0.6849218582113584,0.9998048941294352
1389,3.2,-6.8,18,Hero,0.6898592741862457,0.8270683946708838
1390,4.0,-6.0,10,Hero,0.9094832062721252,0.9847696721553802
1391,4.0,-6.0,10,Hero,0.7549451410770416,0.8765539473854005
1392,4.2,-5.8,8,Hero,0.6730868220329285,0.998860239982605
1393,4.0,-6.0,10,Hero,0.6153742790222168,0.9997126281261444
1394,4.2,-5.8,8,Hero,0.7463505230844021,0.9895502030849457
1395,3.7,-6.3,13,Hero,0.6662218079973872,0.9313155917020944
1396,4.2,-5.8,8,Hero,0.9483760520815849,0.9874573647975922
1397,3.9000000000000004,-6.1,11,Hero,0.8444834188981489,0.9871427037499168
1398,4.5,-5.5,5,Hero,0.8908402562141419,0.9964654922485352
1399,3.8000000000000007,-6.199999999999999,12,Hero,0.7516582670311133,0.9905288616816202
1400,3.6000000000000005,-6.3999999999999995,14,Hero,0.8154331403119224,0.7623019071428904
1401,4.800000000000001,-5.199999999999999,2,Hero,0.9121317863464355,0.9984559118747711
1402,4.1000000000000005,-5.8999999999999995,9,Hero,0.7943121492862701,0.9111224346690707
1403,4.1000000000000005,-5.8999999999999995,9,Hero,0.6897547029786639,0.8717358162005743
1404,3.6000000000000005,-6.3999999999999995,14,Hero,0.7899733442547066,0.851450253278017
1405,3.9000000000000004,-6.1,11,Hero,0.8991659798405387,0.779772087931633
1406,4.7,-5.3,3,Hero,0.9970435500144958,0.9999657074610392
1407,4.2,-5.8,8,Hero,0.8363884314894676,0.9858697131276131
1408,4.5,-5.5,5,Hero,0.8976124405860901,0.9692597985267639
1409,3.5,-6.5,15,Hero,0.7224600414435068,0.7144878298044205
1410,4.5,-5.5,5,Hero,0.8704068779945373,0.99951092004776
1411,-5.3999999999999995,4.6000000000000005,4,Villain,0.9512660205364227,0.9979127496480942
1412,4.4,-5.6,6,Hero,0.783723771572113,0.9986490706602732
1413,4.4,-5.6,6,Hero,0.7412789985537529,0.9944211542606354
1414,4.2,-5.8,8,Hero,0.9949617683887482,0.9881712645292282
1415,4.0,-6.0,10,Hero,0.8843495875597001,0.9850212693214416
1416,4.5,-5.5,5,Hero,0.8821440875530243,0.9951348781585694
1417,4.300000000000001,-5.699999999999999,7,Hero,0.9798384393964495,0.8010339066386223
1418,3.7,-6.3,13,Hero,0.8181974051090387,0.8018725010064932
1419,3.7,-6.3,13,Hero,0.6922762732451352,0.7281638590189127
1420,4.1000000000000005,-5.8999999999999995,9,Hero,0.9032937354511685,0.9988865454991659
1421,3.9000000000000004,-6.1,11,Hero,0.8962460295720533,0.6515627110546286
1422,4.5,-5.5,5,Hero,0.8123742699623108,0.6212802171707154
1423,3.3,-6.7,17,Hero,0.6309391615145347,0.7445253309081582
1424,4.2,-5.8,8,Hero,0.74641003459692,0.9946732223033905
1425,4.1000000000000005,-5.8999999999999995,9,Hero,0.8236332800653245,0.8951398862732781
1426,4.7,-5.3,3,Hero,0.9648285110791525,0.9686152935028076
1427,-5.3999999999999995,4.6000000000000005,4,Villain,0.6587529182434082,0.9928812384605408
1428,3.9000000000000004,-6.1,11,Hero,0.7556862329894846,0.9933706251057711
1429,4.4,-5.6,6,Hero,0.9062646230061849,0.8368340531984965
1430,2.1999999999999993,-7.800000000000001,28,Hero,0.5940803984579232,0.7626751054610524
1431,4.4,-5.6,6,Hero,0.8971683184305826,0.987595796585083
1432,-5.199999999999999,4.800000000000001,2,Villain,0.26200713217258453,0.9382946491241455
1433,2.6999999999999997,-7.300000000000001,23,Hero,0.6964651414233706,0.7907973923113035
1434,4.9,-5.1,1,Hero,0.13124218583106995,0.999958872795105
1435,3.6000000000000005,-6.3999999999999995,14,Hero,0.6191191428474018,0.9827898698193687
1436,3.5,-6.5,15,Hero,0.6329902941981952,0.8150642797350883
1437,3.6000000000000005,-6.3999999999999995,14,Hero,0.7016868347169033,0.909358029586396
1438,4.5,-5.5,5,Hero,0.9966405034065247,0.9899277210235595
1439,2.8,-7.2,22,Hero,0.6023960032246329,0.9772286496379159
1440,3.9000000000000004,-6.1,11,Hero,0.666645582426678,0.999211766503074
1441,2.1999999999999993,-7.800000000000001,28,Hero,0.6682673546352557,0.8214848940925938
1442,3.4000000000000004,-6.6,16,Hero,0.7129288925789297,0.9034400656819344
1443,4.5,-5.5,5,Hero,0.9691521883010864,0.992665421962738
1444,4.2,-5.8,8,Hero,0.9725882336497307,0.999699279665947
1445,3.9000000000000004,-6.1,11,Hero,0.8245470916683023,0.8685055916959589
1446,4.6000000000000005,-5.3999999999999995,4,Hero,0.9708936959505081,0.9690990149974823
1447,1.1999999999999984,-8.8,38,Hero,0.6859533044901726,0.6940131781524733
1448,4.1000000000000005,-5.8999999999999995,9,Hero,0.6790513959195879,0.9921584990289476
1449,3.3,-6.7,17,Hero,0.6910363374387517,0.8534125277553412
1450,3.9000000000000004,-6.1,11,Hero,0.9243654608726501,0.8930751170687885
1451,2.5999999999999996,-7.4,24,Hero,0.7853691608955463,0.852563865793248
1452,4.1000000000000005,-5.8999999999999995,9,Hero,0.9214013417561849,0.9985123210483127
1453,3.2,-6.8,18,Hero,0.6013370854780078,0.7843298671974076
1454,3.7,-6.3,13,Hero,0.7927217621069688,0.9561014771461487
1455,4.300000000000001,-5.699999999999999,7,Hero,0.7846186757087708,0.9983119113104684
1456,4.6000000000000005,-5.3999999999999995,4,Hero,0.7485842891037464,0.9983581006526947
1457,4.0,-6.0,10,Hero,0.7843540877103805,0.9075611174106598
1458,3.7,-6.3,13,Hero,0.8454029468389658,0.8960168034984515
1459,4.0,-6.0,10,Hero,0.8712165921926498,0.9031601428985596
1460,4.1000000000000005,-5.8999999999999995,9,Hero,0.9931933217578464,0.9959656529956393
1461,3.7,-6.3,13,Hero,0.6812457892184074,0.847170063509391
1462,4.800000000000001,-5.199999999999999,2,Hero,0.9220335781574249,0.5574188083410263
1463,4.1000000000000005,-5.8999999999999995,9,Hero,0.893338488207923,0.9533449278937446
1464,4.1000000000000005,-5.8999999999999995,9,Hero,0.8314229051272074,0.9983444081412421
1465,4.1000000000000005,-5.8999999999999995,9,Hero,0.7489173942142062,0.9972550802760654
1466,4.2,-5.8,8,Hero,0.7258138507604599,0.6297704400494695
1467,3.3,-6.7,17,Hero,0.694609656053431,0.7754884373999256
1468,4.0,-6.0,10,Hero,0.6530411884188652,0.977959805727005
1469,4.300000000000001,-5.699999999999999,7,Hero,0.9008723710264478,0.9971263323511396
1470,4.7,-5.3,3,Hero,0.7890493969122568,0.9341515302658081
1471,4.6000000000000005,-5.3999999999999995,4,Hero,0.8298121020197868,0.6547744423151016
1472,3.9000000000000004,-6.1,11,Hero,0.8103519352999601,0.9892056259241971
1473,3.8000000000000007,-6.199999999999999,12,Hero,0.7042413751284281,0.9993510494629542
1474,-5.5,4.5,5,Villain,0.43880589604377745,0.42046310305595397
1475,-5.3,4.7,3,Villain,0.6891467869281769,0.9973644415537516
1476,3.9000000000000004,-6.1,11,Hero,0.6254589286717501,0.6563721211119131
1477,3.8000000000000007,-6.199999999999999,12,Hero,0.6612272541970015,0.8269509204352895
1478,2.2999999999999994,-7.700000000000001,27,Hero,0.5840658370267462,0.7468435173785245
1479,3.8000000000000007,-6.199999999999999,12,Hero,0.7140317869683107,0.9038522491852442
1480,4.300000000000001,-5.699999999999999,7,Hero,0.9175937090601239,0.9917866247040885
1481,3.9000000000000004,-6.1,11,Hero,0.7603924545374784,0.907334800470959
1482,4.2,-5.8,8,Hero,0.9986165389418602,0.8031211495399475
1483,4.0,-6.0,10,Hero,0.8347613841295243,0.9866334199905396
1484,4.1000000000000005,-5.8999999999999995,9,Hero,0.8512288398212857,0.9999224808481004
1485,3.3,-6.7,17,Hero,0.6383443154832896,0.9152987038387972
1486,3.7,-6.3,13,Hero,0.786571727349208,0.9877737302046555
1487,3.9000000000000004,-6.1,11,Hero,0.7928549593145197,0.8302267491817474
1488,3.0,-7.0,20,Hero,0.6546328440308571,0.8836489170789719
1489,3.6000000000000005,-6.3999999999999995,14,Hero,0.7958740932600838,0.8902209528854915
1490,3.8000000000000007,-6.199999999999999,12,Hero,0.8025483501454195,0.8071867401401202
1491,4.6000000000000005,-5.3999999999999995,4,Hero,0.9941553324460983,0.7499638102308381
1492,4.300000000000001,-5.699999999999999,7,Hero,0.9889163460050311,0.9927913887160165
1493,3.3,-6.7,17,Hero,0.6934101423796486,0.7849165253779468
1494,3.9000000000000004,-6.1,11,Hero,0.740901686928489,0.9077176569368351
1495,3.8000000000000007,-6.199999999999999,12,Hero,0.623034780845046,0.7357437089085579
1496,3.7,-6.3,13,Hero,0.6774706960870669,0.9191674447188584
1497,4.1000000000000005,-5.8999999999999995,9,Hero,0.9957854350407919,0.7767779545651542
1498,4.2,-5.8,8,Hero,0.6926423232071102,0.999694287776947
1499,4.5,-5.5,5,Hero,0.6848175287246704,0.9950492739677429
1500,2.9,-7.1,21,Hero,0.6350569838569278,0.763622751370782
1501,4.5,-5.5,5,Hero,0.991008973121643,0.8126096487045288
1502,3.4000000000000004,-6.6,16,Hero,0.7333262655884027,0.7804607523139566
1503,4.0,-6.0,10,Hero,0.9317631870508194,0.7415186032652855
1504,3.2,-6.8,18,Hero,0.6762640364468098,0.7964380259315172
1505,4.0,-6.0,10,Hero,0.7375652074813843,0.8426761567592621
1506,4.5,-5.5,5,Hero,0.901974081993103,0.9998941540718078
1507,3.8000000000000007,-6.199999999999999,12,Hero,0.7176471768567959,0.6136345143119494
1508,3.8000000000000007,-6.199999999999999,12,Hero,0.791011447707812,0.7717705505589644
1509,4.2,-5.8,8,Hero,0.9364479258656502,0.7815224602818489
1510,4.6000000000000005,-5.3999999999999995,4,Hero,0.8659920990467072,0.7319864705204964
1511,4.0,-6.0,10,Hero,0.7871078521013259,0.6973610423505306
1512,4.2,-5.8,8,Hero,0.9900178387761116,0.8558230958878994
1513,4.0,-6.0,10,Hero,0.7571716845035553,0.7713588781654834
1514,4.9,-5.1,1,Hero,0.9660711288452148,0.9966253042221069
1515,4.4,-5.6,6,Hero,0.819736917813619,0.7169416298468908
1516,3.5,-6.5,15,Hero,0.7552144894997279,0.8070781727631887
1517,3.7,-6.3,13,Hero,0.7984693806905013,0.7364124541099255
1518,3.8000000000000007,-6.199999999999999,12,Hero,0.79787910481294,0.7995283262183269
1519,3.6000000000000005,-6.3999999999999995,14,Hero,0.7181095245177858,0.8839809722142361
1520,4.2,-5.8,8,Hero,0.9389481842517853,0.8084001652896404
1521,4.1000000000000005,-5.8999999999999995,9,Hero,0.7541707555452982,0.7020409603913625
1522,4.0,-6.0,10,Hero,0.7941251162439584,0.8356580257415771
1523,4.5,-5.5,5,Hero,0.6330895036458969,0.9990502715110778
1524,4.0,-6.0,10,Hero,0.7692986860871315,0.5734843939542771
1525,4.1000000000000005,-5.8999999999999995,9,Hero,0.9409789310561286,0.7138445791270998
1526,3.3,-6.7,17,Hero,0.6370427626020768,0.6964307918268091
1527,4.4,-5.6,6,Hero,0.8435539503892263,0.7754381944735845
1528,4.2,-5.8,8,Hero,0.7389581585302949,0.6597328633069992
1529,3.7,-6.3,13,Hero,0.7619811840212116,0.8538554860995367
1530,4.0,-6.0,10,Hero,0.9352554708719254,0.7732697382569313
1531,4.2,-5.8,8,Hero,0.8649923215562012,0.7371957991272211
1532,4.2,-5.8,8,Hero,0.8415904510766268,0.9988681375980377
1533,3.9000000000000004,-6.1,11,Hero,0.8071357282725248,0.7664702968163923
1534,3.9000000000000004,-6.1,11,Hero,0.7338363961739973,0.7291111715815284
1535,4.1000000000000005,-5.8999999999999995,9,Hero,0.6858844988875918,0.8842741813924577
1536,4.2,-5.8,8,Hero,0.9191800430417061,0.8479827865958214
1537,3.3,-6.7,17,Hero,0.682282467098797,0.7233473158934537
1538,4.2,-5.8,8,Hero,0.9913983568549156,0.7706137038767338
1539,4.1000000000000005,-5.8999999999999995,9,Hero,0.816810107893414,0.6913429962264167
1540,4.5,-5.5,5,Hero,0.8651911735534668,0.7816999673843383
1541,3.8000000000000007,-6.199999999999999,12,Hero,0.8306937217712402,0.7261821975310644
1542,3.7,-6.3,13,Hero,0.8260691807820246,0.8461602986432039
1543,4.9,-5.1,1,Hero,0.9268530607223511,0.9999997615814209
1544,3.4000000000000004,-6.6,16,Hero,0.7431078773352056,0.8931696899235249
1545,4.6000000000000005,-5.3999999999999995,4,Hero,0.7443161318078637,0.9998738318681717
1546,4.300000000000001,-5.699999999999999,7,Hero,0.6827689451830727,0.9974660447665623
1547,4.5,-5.5,5,Hero,0.5819119304418564,0.6657143503427505
1548,4.2,-5.8,8,Hero,0.7313687168061733,0.994345560669899
1549,4.0,-6.0,10,Hero,0.9593682646751404,0.9722363650798798
1550,3.8000000000000007,-6.199999999999999,12,Hero,0.7767500132322311,0.9081561968972286
1551,4.5,-5.5,5,Hero,0.9104357838630677,0.94348064661026
1552,3.5,-6.5,15,Hero,0.7335912972688675,0.9342609842618307
1553,4.0,-6.0,10,Hero,0.8605865478515625,0.9991732716560364
1554,3.8000000000000007,-6.199999999999999,12,Hero,0.6891598974665006,0.8486324747403463
1555,4.800000000000001,-5.199999999999999,2,Hero,0.9886316359043121,0.9999319911003113
1556,3.9000000000000004,-6.1,11,Hero,0.708124271847985,0.8029302663423799
1557,3.9000000000000004,-6.1,11,Hero,0.7588529939001257,0.8683608242056586
1558,4.300000000000001,-5.699999999999999,7,Hero,0.8122569237436567,0.8471656015941075
1559,3.5,-6.5,15,Hero,0.7281420364975929,0.977933692932129
1560,3.7,-6.3,13,Hero,0.8298310454075153,0.9944370159736047
1561,3.9000000000000004,-6.1,11,Hero,0.8792489590969953,0.9997520717707548
1562,4.1000000000000005,-5.8999999999999995,9,Hero,0.9583788911501566,0.9991761777136061
1563,3.5,-6.5,15,Hero,0.6855446043113868,0.9932865420977275
1564,4.1000000000000005,-5.8999999999999995,9,Hero,0.9462052053875394,0.999911367893219
1565,3.9000000000000004,-6.1,11,Hero,0.6727805361151695,0.9999578432603315
1566,4.1000000000000005,-5.8999999999999995,9,Hero,0.6400459706783295,0.9999942249721951
1567,4.2,-5.8,8,Hero,0.8643094640574418,0.9999992102384567
1568,3.9000000000000004,-6.1,11,Hero,0.7442611198533665,0.8831404718485746
1569,4.0,-6.0,10,Hero,0.7074750199913978,0.9998383760452271
1570,4.1000000000000005,-5.8999999999999995,9,Hero,0.8868601868549982,0.9999949137369791
1571,3.2,-6.8,18,Hero,0.6920284504691759,0.8441707177294625
1572,4.2,-5.8,8,Hero,0.9937229827046394,0.9999807775020599
1573,4.300000000000001,-5.699999999999999,7,Hero,0.9077254065445491,0.9997873987470355
1574,3.8000000000000007,-6.199999999999999,12,Hero,0.6681753173470497,0.9999522119760513
1575,4.0,-6.0,10,Hero,0.9385396897792816,0.998904800415039
1576,3.8000000000000007,-6.199999999999999,12,Hero,0.8306149741013845,0.8464047736488283
1577,4.4,-5.6,6,Hero,0.9924530486265818,0.9999985098838806
1578,3.6000000000000005,-6.3999999999999995,14,Hero,0.7213881388306618,0.9985699781349727
1579,3.7,-6.3,13,Hero,0.6962706180146108,0.8951073930813715
1580,4.300000000000001,-5.699999999999999,7,Hero,0.6916152510259833,0.9999922854559762
1581,4.2,-5.8,8,Hero,0.8145330771803856,0.9997955709695816
1582,3.7,-6.3,13,Hero,0.6835042496140187,0.839384946685571
1583,4.5,-5.5,5,Hero,0.8897273540496826,0.9997876882553101
1584,4.1000000000000005,-5.8999999999999995,9,Hero,0.9925519625345866,0.9995704425705804
1585,3.9000000000000004,-6.1,11,Hero,0.6540723415938291,0.9999308586120605
1586,4.0,-6.0,10,Hero,0.7255225744098425,0.9961681723594665
1587,-5.3999999999999995,4.6000000000000005,4,Villain,0.7517187297344208,0.9999359846115112
1588,4.2,-5.8,8,Hero,0.7582453861832619,0.9979215934872627
1589,3.7,-6.3,13,Hero,0.7682138062440432,0.9190507737489847
1590,3.6000000000000005,-6.3999999999999995,14,Hero,0.845748462847301,0.9542138193334851
1591,4.300000000000001,-5.699999999999999,7,Hero,0.6473590007850102,0.9999256304332188
1592,3.0999999999999996,-6.9,19,Hero,0.6616198836188567,0.9496135774411654
1593,4.7,-5.3,3,Hero,0.8660404284795126,0.9998327294985453
1594,3.5,-6.5,15,Hero,0.7484401529033978,0.9980968435605367
1595,4.2,-5.8,8,Hero,0.7511356268078089,0.9999973773956299
1596,4.300000000000001,-5.699999999999999,7,Hero,0.5753185411116907,0.9999958787645612
1597,4.4,-5.6,6,Hero,0.752485583225886,0.9999364415804545
1598,3.7,-6.3,13,Hero,0.8174007901778588,0.9052659548245944
1599,4.2,-5.8,8,Hero,0.9968453496694565,0.9997288137674332
1600,3.9000000000000004,-6.1,11,Hero,0.7206448607824065,0.9995185136795044
1601,3.0999999999999996,-6.9,19,Hero,0.6607192682200357,0.9977911051950956
1602,3.0999999999999996,-6.9,19,Hero,0.7028845097673567,0.9039731692326697
1603,4.5,-5.5,5,Hero,0.9803840398788453,0.9978210806846619
1604,4.1000000000000005,-5.8999999999999995,9,Hero,0.8068082994884915,0.9998998443285624
1605,4.800000000000001,-5.199999999999999,2,Hero,0.9389092028141022,1.0
1606,3.8000000000000007,-6.199999999999999,12,Hero,0.8563764169812202,0.999777133266131
1607,3.5,-6.5,15,Hero,0.7203950335582098,0.9998130480448405
1608,4.6000000000000005,-5.3999999999999995,4,Hero,0.7907316237688065,0.9999993443489075
1609,4.4,-5.6,6,Hero,0.9954773883024851,0.9997783501942953
1610,4.2,-5.8,8,Hero,0.9196462631225586,0.9999976605176926
1611,4.0,-6.0,10,Hero,0.7595260113477706,0.9967288672924042
1612,4.6000000000000005,-5.3999999999999995,4,Hero,0.8354311138391495,0.9999940395355225
1613,4.2,-5.8,8,Hero,0.8849554434418678,0.83166279271245
1614,4.300000000000001,-5.699999999999999,7,Hero,0.7263857551983425,0.9971556408064706
1615,4.1000000000000005,-5.8999999999999995,9,Hero,0.9311730762322744,0.999964091512892
1616,4.2,-5.8,8,Hero,0.9932068884372711,0.9999658167362213
1617,4.4,-5.6,6,Hero,0.8015335301558176,0.9994642933209738
1618,3.8000000000000007,-6.199999999999999,12,Hero,0.7865877722700437,0.7985549544294676
1619,3.8000000000000007,-6.199999999999999,12,Hero,0.8067973256111145,0.9938764870166779
1620,3.7,-6.3,13,Hero,0.7582003061587994,0.8715982253734882
1621,4.1000000000000005,-5.8999999999999995,9,Hero,0.9336749381489224,0.9977368182606168
1622,-5.3999999999999995,4.6000000000000005,4,Villain,0.32264576852321625,0.7214615007396787
1623,4.5,-5.5,5,Hero,0.9937029719352722,0.9823521971702576
1624,4.2,-5.8,8,Hero,0.7033471204340458,0.9995669201016426
1625,3.5,-6.5,15,Hero,0.7490861197312673,0.8503510415554046
1626,3.7,-6.3,13,Hero,0.7066353277231638,0.9996059903731713
1627,4.7,-5.3,3,Hero,0.9874338706334432,0.6659503006764377
1628,3.7,-6.3,13,Hero,0.7568679343049343,0.9992327460875878
1629,4.6000000000000005,-5.3999999999999995,4,Hero,0.6025537624955177,0.7219303585588932
1630,3.7,-6.3,13,Hero,0.7092084947686929,0.9945450058350196
1631,4.9,-5.1,1,Hero,0.8859285116195679,1.0
1632,4.7,-5.3,3,Hero,0.7345799406369528,0.9999993244806925
1633,3.8000000000000007,-6.199999999999999,12,Hero,0.759325814122955,0.9985720614592234
1634,4.0,-6.0,10,Hero,0.7575483560562134,0.9923701405525207
1635,3.8000000000000007,-6.199999999999999,12,Hero,0.7628055190046629,0.8369221190611521
1636,3.0,-7.0,20,Hero,0.6244456586427987,0.8280129504855722
1637,4.7,-5.3,3,Hero,0.7436210811138153,0.9986799558003744
1638,3.5,-6.5,15,Hero,0.7144461686412493,0.9670570492744446
1639,4.4,-5.6,6,Hero,0.8174945513407389,0.997406929731369
1640,4.1000000000000005,-5.8999999999999995,9,Hero,0.9489720000161065,0.977454211976793
1641,3.9000000000000004,-6.1,11,Hero,0.6932590021328493,0.9986950646747242
1642,4.0,-6.0,10,Hero,0.9495408535003662,0.8139039099216461
1643,4.0,-6.0,10,Hero,0.9371726155281067,0.9997977793216706
1644,3.3,-6.7,17,Hero,0.7528259105542127,0.986281552735497
1645,4.6000000000000005,-5.3999999999999995,4,Hero,0.7758544273674488,0.9999994039535522
1646,4.6000000000000005,-5.3999999999999995,4,Hero,0.9886126816272736,0.9991040378808975
1647,4.300000000000001,-5.699999999999999,7,Hero,0.993644484451839,0.9921206831932068
1648,3.9000000000000004,-6.1,11,Hero,0.8127137029712851,0.9088369044051929
1649,4.1000000000000005,-5.8999999999999995,9,Hero,0.8783824286527104,0.9999446206622653
1650,4.4,-5.6,6,Hero,0.9779129922389984,0.9988852639993032
1651,4.4,-5.6,6,Hero,0.7964979410171509,0.9997607270876566
1652,4.0,-6.0,10,Hero,0.7681590497493744,0.9884692668914795
1653,4.300000000000001,-5.699999999999999,7,Hero,0.9379187396594456,0.9999932221003941
1654,4.2,-5.8,8,Hero,0.8361871913075447,0.9999498128890991
1655,3.8000000000000007,-6.199999999999999,12,Hero,0.6781783550977707,0.9952700783809026
1656,4.9,-5.1,1,Hero,0.9748954772949219,0.9999552965164185
1657,4.2,-5.8,8,Hero,0.8039441630244255,0.9296930059790611
1658,-5.3,4.7,3,Villain,0.9660108288129171,0.999997059504191
1659,4.9,-5.1,1,Hero,0.7959493398666382,0.9999943971633911
1660,4.2,-5.8,8,Hero,0.764480309560895,0.9927799627184868
1661,3.7,-6.3,13,Hero,0.8144676685333252,0.9967462237064655
1662,4.300000000000001,-5.699999999999999,7,Hero,0.8421484998294285,0.9874130742890495
1663,4.0,-6.0,10,Hero,0.824138981103897,0.999747222661972
1664,4.300000000000001,-5.699999999999999,7,Hero,0.7769700714520046,0.8484311967289874
1665,3.7,-6.3,13,Hero,0.6567168293090967,0.9947482026540316
1666,4.2,-5.8,8,Hero,0.8068958893418312,0.9959328547120094
1667,4.4,-5.6,6,Hero,0.6733916699886322,0.9999923904736837
1668,3.5,-6.5,15,Hero,0.6751124461491903,0.8428713341554006
1669,3.6000000000000005,-6.3999999999999995,14,Hero,0.708672724132027,0.8210580455405372
1670,3.5,-6.5,15,Hero,0.6989056714810431,0.8621996601422628
1671,4.800000000000001,-5.199999999999999,2,Hero,0.7014982402324677,0.9999783635139465
1672,3.7,-6.3,13,Hero,0.6497243711581597,0.9883964887032142
1673,4.300000000000001,-5.699999999999999,7,Hero,0.7697499947888511,0.9885713543210711
1674,3.8000000000000007,-6.199999999999999,12,Hero,0.7818778675670425,0.8075723623236021
1675,-5.1,4.9,1,Villain,0.3290049135684967,0.9791566133499146
1676,4.9,-5.1,1,Hero,0.8519295454025269,0.7920936346054077
1677,3.5,-6.5,15,Hero,0.6765879462162654,0.8673655927181244
1678,3.6000000000000005,-6.3999999999999995,14,Hero,0.8072455142225538,0.7948441803455353
1679,3.9000000000000004,-6.1,11,Hero,0.779474597085606,0.8838602765039965
1680,4.300000000000001,-5.699999999999999,7,Hero,0.6792214448962893,0.6240995483739036
1681,3.9000000000000004,-6.1,11,Hero,0.806545452638106,0.9930243979800831
1682,3.3,-6.7,17,Hero,0.7485921360990581,0.7289474628427449
1683,4.0,-6.0,10,Hero,0.903578981757164,0.8940208066254854
1684,3.8000000000000007,-6.199999999999999,12,Hero,0.6759917015830675,0.8185295209599038
1685,-5.3,4.7,3,Villain,0.9293209513028463,0.9959185719490051
1686,4.4,-5.6,6,Hero,0.7182996496558189,0.9076167146364847
1687,4.1000000000000005,-5.8999999999999995,9,Hero,0.9630556040339999,0.7713654918803109
1688,4.4,-5.6,6,Hero,0.7863174676895142,0.9529233773549398
1689,3.9000000000000004,-6.1,11,Hero,0.8589545664462176,0.8907081141686913
1690,4.6000000000000005,-5.3999999999999995,4,Hero,0.9244229197502136,0.9890231490135193
1691,4.0,-6.0,10,Hero,0.8121764659881592,0.8886019326746464
1692,3.9000000000000004,-6.1,11,Hero,0.8749363097277555,0.8522897091778842
1693,3.7,-6.3,13,Hero,0.7150499832171661,0.725002123759343
1694,3.8000000000000007,-6.199999999999999,12,Hero,0.8098604703942934,0.9468843986590704
1695,4.1000000000000005,-5.8999999999999995,9,Hero,0.8028343419233958,0.8785010973612467
1696,3.9000000000000004,-6.1,11,Hero,0.9005830694328655,0.910806501453573
1697,4.0,-6.0,10,Hero,0.8258153527975083,0.9322911143302918
1698,4.0,-6.0,10,Hero,0.890123599767685,0.9377920776605606
1699,4.2,-5.8,8,Hero,0.8181568821892142,0.9984145015478134
1700,4.7,-5.3,3,Hero,0.7096566657225291,0.9999849001566569
1701,4.0,-6.0,10,Hero,0.8474840521812439,0.8941894166171551
1702,3.5,-6.5,15,Hero,0.7131114363670349,0.6945995579163233
1703,3.4000000000000004,-6.6,16,Hero,0.715182046405971,0.784698530100286
1704,4.0,-6.0,10,Hero,0.9611621618270874,0.6454548049718142
1705,4.1000000000000005,-5.8999999999999995,9,Hero,0.6806852685080634,0.9249208238389757
1706,4.2,-5.8,8,Hero,0.7310164608061314,0.9166425913572311
1707,4.4,-5.6,6,Hero,0.7377931276957194,0.8920290370782217
1708,3.8000000000000007,-6.199999999999999,12,Hero,0.7787961699068546,0.7186741419136524
1709,4.4,-5.6,6,Hero,0.8620781327287356,0.9840733806292216
1710,-5.3,4.7,3,Villain,0.9713619152704874,0.9997578859329224
1711,4.4,-5.6,6,Hero,0.9163486560185751,0.7951382299264272
1712,4.6000000000000005,-5.3999999999999995,4,Hero,0.8636537492275238,0.735993504524231
1713,4.7,-5.3,3,Hero,0.7004976272583008,0.7229561805725098
1714,3.4000000000000004,-6.6,16,Hero,0.6670456756401109,0.6743831811472774
1715,4.6000000000000005,-5.3999999999999995,4,Hero,0.9561718106269836,0.9859035462141037
1716,4.1000000000000005,-5.8999999999999995,9,Hero,0.7617296344704099,0.6324198693037033
1717,3.4000000000000004,-6.6,16,Hero,0.7021085228770971,0.6429038252681494
1718,3.0,-7.0,20,Hero,0.6001837804913521,0.6376032456755638
1719,3.3,-6.7,17,Hero,0.6572129144059384,0.6792504103744731
1720,4.2,-5.8,8,Hero,0.8122241050004959,0.6644086558371782
1721,4.5,-5.5,5,Hero,0.8860215067863464,0.5811706125736237
1722,4.4,-5.6,6,Hero,0.7957450821995735,0.8812187512715658
1723,3.8000000000000007,-6.199999999999999,12,Hero,0.8100550180921952,0.6262154256304105
1724,4.0,-6.0,10,Hero,0.8103635791689158,0.882829338312149
1725,4.1000000000000005,-5.8999999999999995,9,Hero,0.6947995515333282,0.7170978685220083
1726,4.300000000000001,-5.699999999999999,7,Hero,0.953352153301239,0.5908479733126504
1727,3.9000000000000004,-6.1,11,Hero,0.929546361619776,0.60525259104642
1728,3.7,-6.3,13,Hero,0.7551091244587531,0.7262593461916997
1729,3.9000000000000004,-6.1,11,Hero,0.7740880491381342,0.8641490936279297
1730,3.9000000000000004,-6.1,11,Hero,0.7820240177891471,0.610531550239433
1731,4.300000000000001,-5.699999999999999,7,Hero,0.9987198965890067,0.6769012127603803
1732,4.7,-5.3,3,Hero,0.994515577952067,0.6652522707978884
1733,3.8000000000000007,-6.199999999999999,12,Hero,0.8268197601040205,0.6046496611088514
1734,4.800000000000001,-5.199999999999999,2,Hero,0.7445167601108551,0.999991238117218
1735,-5.3,4.7,3,Villain,0.6624768115580082,0.9390321175257365
1736,4.1000000000000005,-5.8999999999999995,9,Hero,0.7714805603027344,0.7385944376389185
1737,4.9,-5.1,1,Hero,0.9967825412750244,0.23187680542469025
1738,4.6000000000000005,-5.3999999999999995,4,Hero,0.7742562834173441,0.9999979734420776
1739,4.1000000000000005,-5.8999999999999995,9,Hero,0.6161818338765038,0.831992142730289
1740,3.0,-7.0,20,Hero,0.7130094576627016,0.8811272352933883
1741,4.4,-5.6,6,Hero,0.7472935784608126,0.9999883572260538
1742,3.0999999999999996,-6.9,19,Hero,0.7546434661275462,0.971242302342465
1743,1.0999999999999983,-8.900000000000002,39,Hero,0.7953007274653572,0.9265131870141396
1744,3.9000000000000004,-6.1,11,Hero,0.7897948053750125,0.9955012148076837
1745,4.0,-6.0,10,Hero,0.6510908834636211,0.9921116650104522
1746,3.9000000000000004,-6.1,11,Hero,0.7940672182224013,0.952920057556846
1747,4.0,-6.0,10,Hero,0.5579071134328842,0.9980103135108948
1748,3.7,-6.3,13,Hero,0.5917166907053727,0.984146732550401
1749,3.4000000000000004,-6.6,16,Hero,0.6483296356163919,0.8743145288899541
1750,3.4000000000000004,-6.6,16,Hero,0.7991159539669752,0.9063886841759086
1751,3.2,-6.8,18,Hero,0.6030989695961276,0.7990326990580393
1752,3.6000000000000005,-6.3999999999999995,14,Hero,0.6587221239294324,0.9059633782931736
1753,4.4,-5.6,6,Hero,0.9888007938861847,0.9996922115484873
1754,4.5,-5.5,5,Hero,0.9076326131820679,0.9999353170394898
1755,4.2,-5.8,8,Hero,0.8616076521575451,0.9999963790178299
1756,4.1000000000000005,-5.8999999999999995,9,Hero,0.8076854513751136,0.9986632333861457
1757,4.1000000000000005,-5.8999999999999995,9,Hero,0.9079214466942681,0.9996107419331869
1758,4.9,-5.1,1,Hero,0.7309403419494629,0.9999980926513672
1759,4.9,-5.1,1,Hero,0.9870997071266174,1.0
1760,3.7,-6.3,13,Hero,0.647642847437125,0.9627966651549706
1761,4.1000000000000005,-5.8999999999999995,9,Hero,0.9002026187049018,0.9169430798954434
1762,4.2,-5.8,8,Hero,0.708595821633935,0.9698315858840942
1763,4.2,-5.8,8,Hero,0.8313098276557866,0.9984335899353027
1764,3.0999999999999996,-6.9,19,Hero,0.6898826628825382,0.9389058108392515
1765,3.7,-6.3,13,Hero,0.754126658806434,0.8847569539569892
1766,3.7,-6.3,13,Hero,0.7470585967485721,0.7733621562902744
1767,3.8000000000000007,-6.199999999999999,12,Hero,0.8783205499251684,0.9994071076313654
1768,3.3,-6.7,17,Hero,0.6947264307562042,0.8852985014810282
1769,3.7,-6.3,13,Hero,0.7964536513273532,0.87667882671723
1770,4.1000000000000005,-5.8999999999999995,9,Hero,0.8451878345674939,0.9992542597982619
1771,4.1000000000000005,-5.8999999999999995,9,Hero,0.5552787449624803,0.9943577117390103
1772,3.8000000000000007,-6.199999999999999,12,Hero,0.7474159051974615,0.8787526705612739
1773,-5.3999999999999995,4.6000000000000005,4,Villain,0.5242442451417446,0.9858003407716751
1774,4.1000000000000005,-5.8999999999999995,9,Hero,0.9964405298233032,0.9743482536739774
1775,3.9000000000000004,-6.1,11,Hero,0.9249514124610207,0.9985269253904169
1776,4.2,-5.8,8,Hero,0.6089410129934549,0.9975695684552193
1777,4.9,-5.1,1,Hero,0.9957141280174255,0.999803364276886
1778,4.0,-6.0,10,Hero,0.7947164475917816,0.9967134833335877
1779,4.0,-6.0,10,Hero,0.7530803471803665,0.9999929547309876
1780,-5.1,4.9,1,Villain,0.8572819828987122,0.999761164188385
1781,4.1000000000000005,-5.8999999999999995,9,Hero,0.7405876914660136,0.9941371414396498
1782,4.0,-6.0,10,Hero,0.6803523153066635,0.9980032742023468
1783,4.2,-5.8,8,Hero,0.9727905839681625,0.9982253015041351
1784,3.2,-6.8,18,Hero,0.6472249879087839,0.9873824252022637
1785,4.5,-5.5,5,Hero,0.7865606367588043,0.9999952554702759
1786,-5.1,4.9,1,Villain,0.9890433549880981,0.9999872446060181
1787,4.9,-5.1,1,Hero,0.12712599337100983,0.9999998807907104
1788,4.2,-5.8,8,Hero,0.8034350145608187,0.9934969320893288
1789,3.0999999999999996,-6.9,19,Hero,0.7918498100418794,0.9951973682955692
1790,2.8,-7.2,22,Hero,0.6090653257613833,0.8177269811064682
1791,3.9000000000000004,-6.1,11,Hero,0.8149408521977338,0.9998011318120089
1792,3.3,-6.7,17,Hero,0.6582581462228999,0.9825821483836454
1793,3.7,-6.3,13,Hero,0.5308305002175845,0.9860500372373141
1794,3.8000000000000007,-6.199999999999999,12,Hero,0.8498660263915857,0.9933375517527262
1795,4.5,-5.5,5,Hero,0.9504323601722717,0.9988097667694091
1796,4.6000000000000005,-5.3999999999999995,4,Hero,0.6952454000711441,0.9986267238855362
1797,4.5,-5.5,5,Hero,0.48482252955436705,0.9934216976165772
1798,4.1000000000000005,-5.8999999999999995,9,Hero,0.9305973384115431,0.9929199881023831
1799,4.1000000000000005,-5.8999999999999995,9,Hero,0.7586501373185052,0.8752938715947999
1800,3.9000000000000004,-6.1,11,Hero,0.8044424949383194,0.813747682354667
1801,3.7,-6.3,13,Hero,0.7105366931511805,0.9987062353354234
1802,4.4,-5.6,6,Hero,0.7711833963791529,0.9999903043111166
1803,3.6000000000000005,-6.3999999999999995,14,Hero,0.7374747927699771,0.8799803618873868
1804,3.8000000000000007,-6.199999999999999,12,Hero,0.8078714857498804,0.9998793601989746
1805,2.3999999999999995,-7.6000000000000005,26,Hero,0.5680002703403051,0.834797402127431
1806,4.2,-5.8,8,Hero,0.9798878356814384,0.9999930411577225
1807,4.1000000000000005,-5.8999999999999995,9,Hero,0.7766722639401754,0.9998255438274808
1808,4.6000000000000005,-5.3999999999999995,4,Hero,0.9867438673973083,0.9999951422214508
1809,4.1000000000000005,-5.8999999999999995,9,Hero,0.9693259398142496,0.9985702037811279
1810,4.5,-5.5,5,Hero,0.9813121080398559,1.0
1811,3.5,-6.5,15,Hero,0.7560427228609721,0.907660303513209
1812,4.5,-5.5,5,Hero,0.6315401967614889,0.9997781395912171
1813,4.2,-5.8,8,Hero,0.7135190926492214,0.9990589991211891
1814,3.4000000000000004,-6.6,16,Hero,0.6573607930913568,0.9517749398946762
1815,4.300000000000001,-5.699999999999999,7,Hero,0.7442955576947757,0.9999981096812657
1816,4.4,-5.6,6,Hero,0.9979203740755717,0.9999908208847046
1817,4.4,-5.6,6,Hero,0.9048604369163513,0.9982025822003683
1818,3.3,-6.7,17,Hero,0.6703984056709006,0.826873154105509
1819,4.4,-5.6,6,Hero,0.8103045324484507,0.9999998609224955
1820,4.300000000000001,-5.699999999999999,7,Hero,0.6631062882287162,0.948248164994376
1821,4.1000000000000005,-5.8999999999999995,9,Hero,0.9440777036878798,0.9999230437808566
1822,3.7,-6.3,13,Hero,0.7689442611657656,0.9175915672228887
1823,3.9000000000000004,-6.1,11,Hero,0.641906932673671,0.9238716661930084
1824,4.300000000000001,-5.699999999999999,7,Hero,0.7853407093456813,0.9999990463256836
1825,4.4,-5.6,6,Hero,0.9890890419483185,0.7707745246589184
1826,3.9000000000000004,-6.1,11,Hero,0.8361716663295572,0.8164999085393819
1827,4.5,-5.5,5,Hero,0.703407883644104,0.9983446478843689
1828,-5.1,4.9,1,Villain,0.998468816280365,0.681732177734375
1829,4.4,-5.6,6,Hero,0.9931598206361135,0.999968945980072
1830,4.5,-5.5,5,Hero,0.8046053528785706,0.9779540419578552
1831,4.1000000000000005,-5.8999999999999995,9,Hero,0.797610342502594,0.9856439630190531
1832,4.1000000000000005,-5.8999999999999995,9,Hero,0.831393967072169,0.9999976555506388
1833,4.4,-5.6,6,Hero,0.8628127078215281,0.999991794427236
1834,4.6000000000000005,-5.3999999999999995,4,Hero,0.9940437525510788,0.9999794960021973
1835,4.800000000000001,-5.199999999999999,2,Hero,0.7564323842525482,0.999999463558197
1836,4.9,-5.1,1,Hero,0.9838865399360657,0.9999988079071045
1837,3.6000000000000005,-6.3999999999999995,14,Hero,0.7154522282736642,0.999256317104612
1838,4.300000000000001,-5.699999999999999,7,Hero,0.7787416566695485,0.9999999489103045
1839,4.7,-5.3,3,Hero,0.7301803082227707,0.9999997218449911
1840,4.2,-5.8,8,Hero,0.7881679236888885,0.999994233250618
1841,4.0,-6.0,10,Hero,0.7740342922508716,0.9999062776565552
1842,4.300000000000001,-5.699999999999999,7,Hero,0.7532286133084979,0.999962602342878
1843,4.300000000000001,-5.699999999999999,7,Hero,0.8346204800265176,0.9999986886978149
1844,4.0,-6.0,10,Hero,0.9215879559516906,0.9999121129512787
1845,3.7,-6.3,13,Hero,0.8630960858785189,0.9999953324978168
1846,4.7,-5.3,3,Hero,0.9448711077372233,0.9999998410542806
1847,4.2,-5.8,8,Hero,0.6319437213242054,0.9999875575304031
1848,3.8000000000000007,-6.199999999999999,12,Hero,0.8117666641871134,0.9973417818546295
1849,4.1000000000000005,-5.8999999999999995,9,Hero,0.8009965601894591,0.999999655617608
1850,4.2,-5.8,8,Hero,0.6856429893523455,0.9980144649744034
1851,-5.199999999999999,4.800000000000001,2,Villain,0.8577628135681152,0.9999939203262329
1852,4.0,-6.0,10,Hero,0.6611995577812195,0.8382994130253791
1853,4.300000000000001,-5.699999999999999,7,Hero,0.9986415675708226,0.999999829701015
1854,4.4,-5.6,6,Hero,0.8496462901433309,0.9999808669090271
1855,4.4,-5.6,6,Hero,0.8262350857257843,0.9999865293502808
1856,3.6000000000000005,-6.3999999999999995,14,Hero,0.7161269060203007,0.9361099771090916
1857,3.5,-6.5,15,Hero,0.5928721010684967,0.99340980052948
1858,4.300000000000001,-5.699999999999999,7,Hero,0.7355929272515433,1.0
1859,4.0,-6.0,10,Hero,0.7984742969274521,0.9999992609024048
1860,3.4000000000000004,-6.6,16,Hero,0.6245776200667024,0.9542577527463436
1861,3.4000000000000004,-6.6,16,Hero,0.751390035264194,0.8837844990193844
1862,3.5,-6.5,15,Hero,0.7913194868713618,0.9624898393948873
1863,4.1000000000000005,-5.8999999999999995,9,Hero,0.7141525232129626,0.999999033080207
1864,4.6000000000000005,-5.3999999999999995,4,Hero,0.9942066818475723,0.9999988675117493
1865,4.5,-5.5,5,Hero,0.8622982382774353,0.9999946117401123
1866,3.5,-6.5,15,Hero,0.7906220982472102,0.8389712286492189
1867,4.0,-6.0,10,Hero,0.7602395206689835,0.9844346821308136
1868,3.9000000000000004,-6.1,11,Hero,0.7957231131466952,0.9913572614843195
1869,3.6000000000000005,-6.3999999999999995,14,Hero,0.7696182642664228,0.9975382898535047
1870,3.0999999999999996,-6.9,19,Hero,0.7474133309565092,0.8849563230147683
1871,4.2,-5.8,8,Hero,0.9984901398420334,0.9999977052211761
1872,4.1000000000000005,-5.8999999999999995,9,Hero,0.8029554800854789,0.9999809397591485
1873,3.9000000000000004,-6.1,11,Hero,0.782821075482802,0.9997702240943909
1874,4.800000000000001,-5.199999999999999,2,Hero,0.9737892746925354,0.9999999403953552
1875,3.9000000000000004,-6.1,11,Hero,0.9260758269916881,0.9999929883263328
1876,-5.199999999999999,4.800000000000001,2,Villain,0.9999167323112488,0.9999973773956299
1877,4.300000000000001,-5.699999999999999,7,Hero,0.8062892087868282,0.9999655314854213
1878,3.6000000000000005,-6.3999999999999995,14,Hero,0.7722388108127883,0.999395591872079
1879,3.9000000000000004,-6.1,11,Hero,0.863676902922717,0.999999154697765
1880,3.9000000000000004,-6.1,11,Hero,0.7973974892361597,0.9949073899875988
1881,4.2,-5.8,8,Hero,0.8270403053611517,0.9999992996454239
1882,3.7,-6.3,13,Hero,0.8118442549155309,0.9999953416677622
1883,4.0,-6.0,10,Hero,0.8318975925445556,0.9486248731613159
1884,4.9,-5.1,1,Hero,0.9298791289329529,0.9999998807907104
1885,3.8000000000000007,-6.199999999999999,12,Hero,0.8097457786401113,0.9999425113201141
1886,2.5999999999999996,-7.4,24,Hero,0.6134486246543626,0.8364285311351219
1887,4.2,-5.8,8,Hero,0.8812930956482887,0.9999995976686478
1888,4.4,-5.6,6,Hero,0.9055377642313639,0.9999333620071411
1889,3.7,-6.3,13,Hero,0.807037360393084,0.9993828122432415
1890,4.2,-5.8,8,Hero,0.6872921157628298,0.9999688267707825
1891,4.300000000000001,-5.699999999999999,7,Hero,0.7313554968152728,0.9989200489861625
1892,4.1000000000000005,-5.8999999999999995,9,Hero,0.7309699853261312,0.99993720319536
1893,4.2,-5.8,8,Hero,0.8147892318665981,0.9999428242444992
1894,3.3,-6.7,17,Hero,0.8427439625648891,0.8480244927546557
1895,4.2,-5.8,8,Hero,0.8112084195017815,0.9999995678663254
1896,3.9000000000000004,-6.1,11,Hero,0.8587531054561789,0.9990923621437766
1897,4.4,-5.6,6,Hero,0.815025861064593,0.9999987284342448
1898,3.9000000000000004,-6.1,11,Hero,0.7828147302974354,0.9999971931630914
1899,4.5,-5.5,5,Hero,0.9831618070602417,1.0
1900,4.4,-5.6,6,Hero,0.8805005004008611,0.9999977747599283
1901,4.300000000000001,-5.699999999999999,7,Hero,0.9249476109232221,0.9999957425253732
1902,4.5,-5.5,5,Hero,0.9548673391342163,0.9989508748054504
1903,3.8000000000000007,-6.199999999999999,12,Hero,0.8193080214162668,0.9984409014383951
1904,4.4,-5.6,6,Hero,0.8549010505278906,0.999868224064509
1905,4.7,-5.3,3,Hero,0.768660326798757,0.9999368190765381
1906,4.300000000000001,-5.699999999999999,7,Hero,0.7765018216201237,0.9985042299543109
1907,3.8000000000000007,-6.199999999999999,12,Hero,0.8485943439106146,0.9999588231245676
1908,4.300000000000001,-5.699999999999999,7,Hero,0.6919940736676965,0.9999863249914986
1909,4.6000000000000005,-5.3999999999999995,4,Hero,0.7962244227528572,0.9999999105930328
1910,4.800000000000001,-5.199999999999999,2,Hero,0.9721232056617737,1.0
1911,3.7,-6.3,13,Hero,0.8420379115984991,0.9135580120178369
1912,4.5,-5.5,5,Hero,0.9948679566383362,0.9999998092651368
1913,3.8000000000000007,-6.199999999999999,12,Hero,0.7002197398493687,0.999915157755216
1914,3.9000000000000004,-6.1,11,Hero,0.8261560282923959,0.9991351474415172
1915,4.1000000000000005,-5.8999999999999995,9,Hero,0.7230186959107717,0.9993113610479567
1916,3.9000000000000004,-6.1,11,Hero,0.7160400341857563,0.9999997832558372
1917,3.7,-6.3,13,Hero,0.8253505871846125,0.9999989179464487
1918,4.4,-5.6,6,Hero,0.7971458037694296,0.9999884565671285
1919,3.8000000000000007,-6.199999999999999,12,Hero,0.8514093359311422,0.9996412843465805
1920,3.6000000000000005,-6.3999999999999995,14,Hero,0.7142865891967501,0.9106722112212863
1921,4.4,-5.6,6,Hero,0.8474767903486887,0.9999456206957499
1922,3.5,-6.5,15,Hero,0.7021237591902415,0.899920642375946
1923,4.6000000000000005,-5.3999999999999995,4,Hero,0.765331257134676,0.9999359548091888
1924,4.4,-5.6,6,Hero,0.8237185875574747,0.9999967217445374
1925,4.0,-6.0,10,Hero,0.8257306896150112,0.9877885103225708
1926,3.9000000000000004,-6.1,11,Hero,0.8036503913727674,0.9997994845563715
1927,4.5,-5.5,5,Hero,0.9352310180664063,0.9999995708465577
1928,3.6000000000000005,-6.3999999999999995,14,Hero,0.7018472275563649,0.9491758261408124
1929,4.4,-5.6,6,Hero,0.9838084280490875,0.9789318144321442
1930,4.1000000000000005,-5.8999999999999995,9,Hero,0.8901450451877382,0.9991826481289334
1931,3.6000000000000005,-6.3999999999999995,14,Hero,0.82823845744133,0.9998590137277331
1932,3.7,-6.3,13,Hero,0.7889805275660294,0.9999335591609662
1933,4.6000000000000005,-5.3999999999999995,4,Hero,0.7744595259428024,0.9999999701976776
1934,4.4,-5.6,6,Hero,0.7735294451316198,0.9999841849009196
1935,-5.1,4.9,1,Villain,0.9999842643737793,0.9999421834945679
1936,4.300000000000001,-5.699999999999999,7,Hero,0.7030146984117371,0.9999986035483224
1937,3.5,-6.5,15,Hero,0.7957254687945048,0.9122910827398301
1938,4.2,-5.8,8,Hero,0.8616585955023766,0.9998028948903084
1939,4.5,-5.5,5,Hero,0.8667823433876037,0.9999643087387085
1940,4.6000000000000005,-5.3999999999999995,4,Hero,0.6646020859479904,1.0
1941,3.8000000000000007,-6.199999999999999,12,Hero,0.8769049930075804,0.9998516986767451
1942,4.300000000000001,-5.699999999999999,7,Hero,0.840078486927918,0.9999688352857318
1943,4.5,-5.5,5,Hero,0.9779968857765198,0.9999660968780517
1944,3.8000000000000007,-6.199999999999999,12,Hero,0.8251823807756106,0.9997517416874567
1945,4.0,-6.0,10,Hero,0.8415583968162537,0.9950781524181366
1946,4.5,-5.5,5,Hero,0.815244734287262,1.0
1947,3.6000000000000005,-6.3999999999999995,14,Hero,0.7411519666867596,0.9937789951051984
1948,3.5,-6.5,15,Hero,0.8441661099592844,0.9995676358540853
1949,4.300000000000001,-5.699999999999999,7,Hero,0.9485766461917332,0.9999970197677612
1950,4.4,-5.6,6,Hero,0.8784653941790262,0.9999988277753195
1951,4.1000000000000005,-5.8999999999999995,9,Hero,0.6656196934895383,0.9999968078401353
1952,3.6000000000000005,-6.3999999999999995,14,Hero,0.8050628038389342,0.9825550445488521
1953,3.0,-7.0,20,Hero,0.7098206650465727,0.998106962442398
1954,4.2,-5.8,8,Hero,0.9011267125606537,0.999793604016304
1955,4.2,-5.8,8,Hero,0.888908177614212,0.9999996870756149
1956,4.1000000000000005,-5.8999999999999995,9,Hero,0.9374488261010911,0.9999018443955315
1957,3.4000000000000004,-6.6,16,Hero,0.7050260975956917,0.9884617142379284
1958,3.9000000000000004,-6.1,11,Hero,0.8453762206164274,0.9997276934710416
1959,3.6000000000000005,-6.3999999999999995,14,Hero,0.7378581953900201,0.8944112456270626
1960,3.9000000000000004,-6.1,11,Hero,0.781795241615989,0.9990538087758151
1961,4.300000000000001,-5.699999999999999,7,Hero,0.995427702154432,0.9999999489103045
1962,4.4,-5.6,6,Hero,0.8374582479397455,0.9999998609224955
1963,4.1000000000000005,-5.8999999999999995,9,Hero,0.880583879020479,0.9999966886308458
1964,3.9000000000000004,-6.1,11,Hero,0.8595522831786763,0.9999906691637906
1965,-5.1,4.9,1,Villain,0.6801436543464661,0.9999996423721313
1966,4.300000000000001,-5.699999999999999,7,Hero,0.9562302231788635,0.9999993698937553
1967,3.9000000000000004,-6.1,11,Hero,0.9007720297033136,0.9971692724661394
1968,4.6000000000000005,-5.3999999999999995,4,Hero,0.9011440724134445,0.9999998509883881
1969,3.7,-6.3,13,Hero,0.7369823914307815,0.9998709009243891
1970,4.0,-6.0,10,Hero,0.8684620141983033,0.9998789846897125
1971,4.6000000000000005,-5.3999999999999995,4,Hero,0.6820264533162117,0.999965101480484
1972,4.1000000000000005,-5.8999999999999995,9,Hero,0.8116863734192319,0.9992674787839254
1973,4.2,-5.8,8,Hero,0.9994397163391113,0.999989241361618
1974,3.6000000000000005,-6.3999999999999995,14,Hero,0.6534912878913539,0.9999011925288609
1975,3.9000000000000004,-6.1,11,Hero,0.8998048142953352,0.9884760542349382
1976,4.300000000000001,-5.699999999999999,7,Hero,0.7951498968260629,0.9997742346354893
1977,4.5,-5.5,5,Hero,0.9989569067955018,0.9999977350234985
1978,3.8000000000000007,-6.199999999999999,12,Hero,0.6859180455406507,0.9965145836273829
1979,4.1000000000000005,-5.8999999999999995,9,Hero,0.8210124555561278,0.9989013738102384
1980,4.4,-5.6,6,Hero,0.6427982250849406,0.9999583959579468
1981,-5.199999999999999,4.800000000000001,2,Villain,0.9086586833000183,0.9996984899044037
1982,4.5,-5.5,5,Hero,0.9172292232513428,0.9999998807907104
1983,4.800000000000001,-5.199999999999999,2,Hero,0.9806109368801117,1.0
1984,3.9000000000000004,-6.1,11,Hero,0.7389780296520754,0.999099547212774
1985,4.2,-5.8,8,Hero,0.7980565253164968,0.9999998956918716
1986,2.9,-7.1,21,Hero,0.623774597066499,0.9479528304100746
1987,4.800000000000001,-5.199999999999999,2,Hero,0.9831104874610901,0.9999980330467224
1988,3.5,-6.5,15,Hero,0.6817394492526849,0.9999947865804036
1989,4.300000000000001,-5.699999999999999,7,Hero,0.9985071080071586,0.9999992847442627
1990,3.7,-6.3,13,Hero,0.8470654923182267,0.9999154989535992
1991,3.7,-6.3,13,Hero,0.7364135567958539,0.9999946630918063
1992,4.4,-5.6,6,Hero,0.9940238893032074,0.9999938607215881
1993,3.7,-6.3,13,Hero,0.7763900940234845,0.991906436590048
1994,3.8000000000000007,-6.199999999999999,12,Hero,0.841994953652223,0.9999986290931702
1995,4.9,-5.1,1,Hero,0.9645549654960632,0.9999990463256836
1996,3.6000000000000005,-6.3999999999999995,14,Hero,0.7574445520128522,0.9221277407237461
1997,4.300000000000001,-5.699999999999999,7,Hero,0.613381986107145,0.9995545744895935
1998,4.9,-5.1,1,Hero,0.9302812218666077,1.0
1999,4.2,-5.8,8,Hero,0.9360785335302353,0.9997852742671967
2000,4.1000000000000005,-5.8999999999999995,9,Hero,0.778369857205285,0.9999999337726169
2001,3.2,-6.8,18,Hero,0.7711527177857028,0.9038752433326509
2002,4.0,-6.0,10,Hero,0.919904911518097,0.9999915957450867
2003,4.5,-5.5,5,Hero,0.9811968326568603,0.9999918699264526
2004,3.5,-6.5,15,Hero,0.6921635282536348,0.9999677499135335
2005,4.300000000000001,-5.699999999999999,7,Hero,0.8282819901193891,0.999995265688215
2006,-5.8,4.2,8,Villain,0.4545155595988035,0.998870462179184
2007,4.0,-6.0,10,Hero,0.7388420663774014,0.9999821186065674
2008,4.2,-5.8,8,Hero,0.9383984357118607,0.9999163448810577
2009,3.8000000000000007,-6.199999999999999,12,Hero,0.7916142543156942,0.9999066144227982
2010,4.0,-6.0,10,Hero,0.7886913046240807,1.0
2011,4.4,-5.6,6,Hero,0.7205197115739187,0.9998284876346588
2012,4.1000000000000005,-5.8999999999999995,9,Hero,0.9876680970191956,0.9999993907080756
2013,4.6000000000000005,-5.3999999999999995,4,Hero,0.9100178927183151,0.9999993741512299
2014,4.7,-5.3,3,Hero,0.99823397397995,0.9999988873799642
2015,4.5,-5.5,5,Hero,0.9869830012321472,0.9999954700469971
2016,3.3,-6.7,17,Hero,0.6603744468268227,0.9987995379111346
2017,3.8000000000000007,-6.199999999999999,12,Hero,0.723220735322684,0.9989700019359589
2018,4.4,-5.6,6,Hero,0.7542685170968374,0.9999847610791525
2019,4.5,-5.5,5,Hero,0.7794298619031906,0.9999993562698364
2020,3.4000000000000004,-6.6,16,Hero,0.6776622286997736,0.8666719074826688
2021,-5.3,4.7,3,Villain,0.9998806118965149,0.9999999205271403
2022,3.4000000000000004,-6.6,16,Hero,0.7715093325823545,0.8878117464482784
2023,3.9000000000000004,-6.1,11,Hero,0.8443142798813906,0.9999993389303033
2024,3.8000000000000007,-6.199999999999999,12,Hero,0.7480996400117874,0.9990664074818293
2025,4.800000000000001,-5.199999999999999,2,Hero,0.991658478975296,1.0
2026,3.9000000000000004,-6.1,11,Hero,0.7519092072140087,0.9654588049108331
2027,4.0,-6.0,10,Hero,0.8730361804366111,0.9999999165534973
2028,3.4000000000000004,-6.6,16,Hero,0.7777164168655872,0.8615503050386906
2029,4.0,-6.0,10,Hero,0.7928277265280486,0.9666603326797485
2030,4.4,-5.6,6,Hero,0.8471473157405853,0.9999764164288839
2031,4.9,-5.1,1,Hero,0.7718701958656311,0.9999861717224121
2032,3.9000000000000004,-6.1,11,Hero,0.8389849473129619,0.9075108576904644
2033,4.1000000000000005,-5.8999999999999995,9,Hero,0.974464390012953,0.9999630451202393
2034,3.6000000000000005,-6.3999999999999995,14,Hero,0.7108316482709987,0.9899053062711444
2035,-5.3999999999999995,4.6000000000000005,4,Villain,0.9964557141065598,0.9999986886978149
2036,3.7,-6.3,13,Hero,0.7873070778755041,0.9999976800038264
2037,4.6000000000000005,-5.3999999999999995,4,Hero,0.6495835110545158,0.9999998211860657
2038,3.5,-6.5,15,Hero,0.7616459270318349,0.99265984694163
2039,3.8000000000000007,-6.199999999999999,12,Hero,0.8228140609959761,0.9989458868900934
2040,4.6000000000000005,-5.3999999999999995,4,Hero,0.8174840956926346,0.9999991655349731
2041,3.5,-6.5,15,Hero,0.7308040171861648,0.898018991947174
2042,4.0,-6.0,10,Hero,0.9536746799945831,0.9999941110610961
2043,3.6000000000000005,-6.3999999999999995,14,Hero,0.7366106105702264,0.9990207893507821
2044,4.2,-5.8,8,Hero,0.7559217251837254,0.9998018220067024
2045,4.1000000000000005,-5.8999999999999995,9,Hero,0.7348285747898949,0.9999275803565979
2046,4.2,-5.8,8,Hero,0.6899114362895489,0.9999599158763885
2047,4.1000000000000005,-5.8999999999999995,9,Hero,0.7769116097026401,0.9999119970533583
2048,4.5,-5.5,5,Hero,0.771682429779321,1.0
2049,3.6000000000000005,-6.3999999999999995,14,Hero,0.7104651544775281,0.9938836480890002
2050,4.300000000000001,-5.699999999999999,7,Hero,0.8447951610599246,0.9999996083123344
2051,4.5,-5.5,5,Hero,0.7990308433771134,0.9999773740768433
2052,4.300000000000001,-5.699999999999999,7,Hero,0.738017418554851,1.0
2053,3.9000000000000004,-6.1,11,Hero,0.7765037471597845,0.9999997615814209
2054,3.7,-6.3,13,Hero,0.8079208639951853,0.954366500561054
2055,4.1000000000000005,-5.8999999999999995,9,Hero,0.805727031495836,0.9999993509716458
2056,4.6000000000000005,-5.3999999999999995,4,Hero,0.854533240199089,0.9999955892562866
2057,4.2,-5.8,8,Hero,0.6906008971855044,0.9999998658895493
2058,4.0,-6.0,10,Hero,0.8709314405918122,0.9995671570301056
2059,4.0,-6.0,10,Hero,0.8048821553587914,0.9999998688697815
2060,3.0999999999999996,-6.9,19,Hero,0.6663947207363028,0.999565275091874
2061,-5.3999999999999995,4.6000000000000005,4,Villain,0.5323226749897003,0.9996915906667709
2062,3.5,-6.5,15,Hero,0.7494141181310018,0.9999114990234375
2063,3.7,-6.3,13,Hero,0.8172227877836961,0.9970194972478427
2064,4.7,-5.3,3,Hero,0.9684156576792399,1.0
2065,3.7,-6.3,13,Hero,0.7980135209285296,0.9999745992513803
2066,4.300000000000001,-5.699999999999999,7,Hero,0.7545996819223676,0.9999709980828422
2067,4.1000000000000005,-5.8999999999999995,9,Hero,0.7486499154733287,0.9999997615814209
2068,4.0,-6.0,10,Hero,0.8151359140872956,0.9999985337257385
2069,3.9000000000000004,-6.1,11,Hero,0.8943277949636633,0.9996276497840881
2070,4.300000000000001,-5.699999999999999,7,Hero,0.769855443920408,0.9999189121382577
2071,3.8000000000000007,-6.199999999999999,12,Hero,0.6902299672365189,0.9996860375006994
2072,3.3,-6.7,17,Hero,0.7355505675077438,0.9425260319429285
2073,3.3,-6.7,17,Hero,0.771226234295789,0.9981955885887146
2074,3.9000000000000004,-6.1,11,Hero,0.8595772842791948,0.9999984177676114
2075,4.4,-5.6,6,Hero,0.9931346277395884,0.999993642171224
2076,4.2,-5.8,8,Hero,0.9252482205629349,0.999985858798027
2077,4.2,-5.8,8,Hero,0.6392559483647346,0.9999921917915344
2078,3.9000000000000004,-6.1,11,Hero,0.8195451247421178,0.9999728202819824
2079,4.1000000000000005,-5.8999999999999995,9,Hero,0.9992422130372789,0.9999875889884101
2080,4.0,-6.0,10,Hero,0.8793261766433715,0.9999835729598999
2081,4.2,-5.8,8,Hero,0.9848656058311462,0.9999929368495941
2082,4.300000000000001,-5.699999999999999,7,Hero,0.8857227138110569,1.0
2083,-5.1,4.9,1,Villain,0.9980308413505554,0.9999996423721313
2084,3.3,-6.7,17,Hero,0.7906560998629121,0.9608940061400918
2085,4.0,-6.0,10,Hero,0.7366124611347914,0.9998976051807403
2086,4.0,-6.0,10,Hero,0.8220341242849827,0.9996612668037415
2087,4.0,-6.0,10,Hero,0.9236595749855041,0.9999998807907104
2088,4.2,-5.8,8,Hero,0.9850318059325218,0.9999815374612808
2089,3.9000000000000004,-6.1,11,Hero,0.8329754810441624,0.9745778007940813
2090,3.8000000000000007,-6.199999999999999,12,Hero,0.66838917384545,0.9999313851197561
2091,4.1000000000000005,-5.8999999999999995,9,Hero,0.9532568984561496,0.999999827808804
2092,4.6000000000000005,-5.3999999999999995,4,Hero,0.9844653904438019,0.9999809563159943
2093,4.5,-5.5,5,Hero,0.7160319194197655,0.9999722480773926
2094,3.7,-6.3,13,Hero,0.8168904666717236,0.9999993672737708
2095,3.0999999999999996,-6.9,19,Hero,0.649041977367903,0.9514353463524267
2096,3.9000000000000004,-6.1,11,Hero,0.7247837131673639,0.9999997073953802
2097,3.5,-6.5,15,Hero,0.7352279901504517,0.9999241789182027
2098,3.8000000000000007,-6.199999999999999,12,Hero,0.653338799563547,0.9999588827292124
2099,4.4,-5.6,6,Hero,0.7864905844132105,0.9999463756879171
2100,4.800000000000001,-5.199999999999999,2,Hero,0.7331485152244568,1.0
2101,4.800000000000001,-5.199999999999999,2,Hero,0.522222489118576,0.9999995827674866
2102,4.2,-5.8,8,Hero,0.6894964091479778,0.9999998658895493
2103,3.4000000000000004,-6.6,16,Hero,0.6785764489322901,0.990608885884285
2104,4.6000000000000005,-5.3999999999999995,4,Hero,0.7382917776703835,0.9999983906745911
2105,3.4000000000000004,-6.6,16,Hero,0.7582738399505615,0.9721695818006992
2106,3.9000000000000004,-6.1,11,Hero,0.9110742969946428,0.9997602755373175
2107,4.1000000000000005,-5.8999999999999995,9,Hero,0.999101910326216,0.9998538626564873
2108,4.1000000000000005,-5.8999999999999995,9,Hero,0.9998124308056302,0.9999748865763346
2109,4.0,-6.0,10,Hero,0.8119340181350708,0.9999831795692444
2110,4.2,-5.8,8,Hero,0.7811389043927193,1.0
2111,4.300000000000001,-5.699999999999999,7,Hero,0.9189597879137311,0.9998966029712132
2112,3.9000000000000004,-6.1,11,Hero,0.8178409906950864,0.9719684503295205
2113,4.5,-5.5,5,Hero,0.7497186243534089,0.9999998807907104
2114,4.0,-6.0,10,Hero,0.8041312724351883,0.9999151706695557
2115,3.6000000000000005,-6.3999999999999995,14,Hero,0.6817788407206535,0.9613822443144662
2116,4.300000000000001,-5.699999999999999,7,Hero,0.8771513189588275,0.9999995231628418
2117,3.9000000000000004,-6.1,11,Hero,0.7985784763639624,0.9998449791561473
2118,3.2,-6.8,18,Hero,0.7615535838736428,0.7679474840147628
2119,3.2,-6.8,18,Hero,0.7229461338784959,0.9999076359801822
2120,3.8000000000000007,-6.199999999999999,12,Hero,0.8158515356481075,0.8520878603061041
2121,4.0,-6.0,10,Hero,0.7920881122350693,0.9139980167150498
2122,4.6000000000000005,-5.3999999999999995,4,Hero,0.8350348174571991,0.9998994618654251
2123,3.9000000000000004,-6.1,11,Hero,0.8998841670426455,0.9999963153492321
2124,3.8000000000000007,-6.199999999999999,12,Hero,0.6735365986824036,0.9994192123413086
2125,3.7,-6.3,13,Hero,0.6920893387152598,0.8896721108601644
2126,4.2,-5.8,8,Hero,0.7463710755109787,0.9994149953126907
2127,3.9000000000000004,-6.1,11,Hero,0.6031614623286508,0.9073405341160569
2128,4.2,-5.8,8,Hero,0.9065151214599609,0.9999895691871643
2129,4.5,-5.5,5,Hero,0.689896759390831,0.9999984264373779
2130,3.9000000000000004,-6.1,11,Hero,0.7455004189502109,0.9980664144862782
2131,3.8000000000000007,-6.199999999999999,12,Hero,0.6623891312628984,0.995421975851059
2132,4.300000000000001,-5.699999999999999,7,Hero,0.7946952751704625,0.9999996253422329
2133,-5.199999999999999,4.800000000000001,2,Villain,0.9998965263366699,0.9999984502792358
2134,4.1000000000000005,-5.8999999999999995,9,Hero,0.8666876372363832,0.9973484542634752
2135,4.2,-5.8,8,Hero,0.7276704832911491,0.9984800666570663
2136,3.4000000000000004,-6.6,16,Hero,0.7368527315557003,0.8608412686735392
2137,3.5,-6.5,15,Hero,0.6652258645743132,0.9962828119595846
2138,4.5,-5.5,5,Hero,0.6257034331560135,0.999843692779541
2139,3.0999999999999996,-6.9,19,Hero,0.7024146565971406,0.9736661973752474
2140,4.0,-6.0,10,Hero,0.7339436858892441,0.9046859532594681
2141,4.300000000000001,-5.699999999999999,7,Hero,0.9969398634774345,0.999718827860696
2142,4.1000000000000005,-5.8999999999999995,9,Hero,0.8056328660911984,0.9988071918487549
2143,4.1000000000000005,-5.8999999999999995,9,Hero,0.7462234066592323,0.9999112553066678
2144,3.7,-6.3,13,Hero,0.8178851489837353,0.9964150419602027
2145,3.9000000000000004,-6.1,11,Hero,0.8242608173327013,0.9998659762469205
2146,3.9000000000000004,-6.1,11,Hero,0.8270158280025829,0.9992947795174338
2147,4.2,-5.8,8,Hero,0.7234961558133364,0.9999997466802597
2148,3.5,-6.5,15,Hero,0.6659070772429307,0.9973163366317749
2149,4.800000000000001,-5.199999999999999,2,Hero,0.5049468725919724,0.9999955296516418
2150,3.2,-6.8,18,Hero,0.7233766934110059,0.896190936366717
2151,4.0,-6.0,10,Hero,0.8965288940817118,0.9790301084518432
2152,3.9000000000000004,-6.1,11,Hero,0.8710703280839053,0.9999839609319513
2153,3.8000000000000007,-6.199999999999999,12,Hero,0.8667629559834799,0.9992533028125763
2154,3.6000000000000005,-6.3999999999999995,14,Hero,0.5975468685584409,0.9256606974772045
2155,4.4,-5.6,6,Hero,0.9095722834269205,0.9973941047986349
2156,4.1000000000000005,-5.8999999999999995,9,Hero,0.838731563753552,0.9994802474975586
2157,4.2,-5.8,8,Hero,0.6083169728517532,0.9998414516448975
2158,3.4000000000000004,-6.6,16,Hero,0.7286476003937423,0.9383870176970959
2159,3.4000000000000004,-6.6,16,Hero,0.6928750108927488,0.9043050296604633
2160,4.2,-5.8,8,Hero,0.8417273573577404,0.9809353575110435
2161,4.6000000000000005,-5.3999999999999995,4,Hero,0.9865669459104538,0.999999463558197
2162,4.5,-5.5,5,Hero,0.9417147874832154,0.9999998331069946
2163,4.800000000000001,-5.199999999999999,2,Hero,0.8586396872997284,1.0
2164,4.300000000000001,-5.699999999999999,7,Hero,0.9936032124928066,0.999999965940203
2165,4.9,-5.1,1,Hero,0.914152979850769,1.0
2166,3.8000000000000007,-6.199999999999999,12,Hero,0.796742394566536,0.9988854775826136
2167,4.300000000000001,-5.699999999999999,7,Hero,0.9974742020879473,0.9999995742525373
2168,4.1000000000000005,-5.8999999999999995,9,Hero,0.7202713522646162,0.9968435830540128
2169,3.8000000000000007,-6.199999999999999,12,Hero,0.8593017533421516,0.9999979237715403
2170,4.2,-5.8,8,Hero,0.891517523676157,0.9998537600040436
2171,4.1000000000000005,-5.8999999999999995,9,Hero,0.7849081406990687,0.9996393455399407
2172,4.300000000000001,-5.699999999999999,7,Hero,0.9981196693011692,0.9997104832104274
2173,4.5,-5.5,5,Hero,0.6157439887523651,0.9999929189682006
2174,4.300000000000001,-5.699999999999999,7,Hero,0.9930474247251239,0.9999991825648716
2175,4.1000000000000005,-5.8999999999999995,9,Hero,0.9988694919480218,0.999936991267734
2176,3.4000000000000004,-6.6,16,Hero,0.7411904651671648,0.8901035916060209
2177,3.5,-6.5,15,Hero,0.749458043773969,0.9992130637168884
2178,4.0,-6.0,10,Hero,0.7663036048412323,0.839898394048214
2179,4.1000000000000005,-5.8999999999999995,9,Hero,0.7569114135371314,0.9999936554167006
2180,4.300000000000001,-5.699999999999999,7,Hero,0.9496647885867527,0.9999790872846331
2181,3.6000000000000005,-6.3999999999999995,14,Hero,0.65433472980346,0.9213597401311355
2182,3.8000000000000007,-6.199999999999999,12,Hero,0.8506019115447998,0.9997277657190958
2183,3.5,-6.5,15,Hero,0.7328671666483084,0.9296017800768216
2184,3.9000000000000004,-6.1,11,Hero,0.9081564762375571,0.9045122521506115
2185,3.6000000000000005,-6.3999999999999995,14,Hero,0.8202871616397586,0.9999345626149859
2186,4.0,-6.0,10,Hero,0.8750284224748611,0.9999857425689698
2187,4.2,-5.8,8,Hero,0.8127676323056221,0.999980017542839
2188,4.5,-5.5,5,Hero,0.8081377387046814,0.9999996900558472
2189,4.0,-6.0,10,Hero,0.8305181503295899,0.9999977231025696
2190,4.1000000000000005,-5.8999999999999995,9,Hero,0.8582585387759738,0.9979756342040168
2191,4.1000000000000005,-5.8999999999999995,9,Hero,0.8384269815352228,0.9967435399691263
2192,3.5,-6.5,15,Hero,0.6458368062973022,0.9931256453196208
2193,4.800000000000001,-5.199999999999999,2,Hero,0.9801649749279022,0.9999102354049683
2194,4.2,-5.8,8,Hero,0.8722037523984909,0.9999864548444748
2195,4.5,-5.5,5,Hero,0.8503508687019348,0.999999713897705
2196,3.8000000000000007,-6.199999999999999,12,Hero,0.7608905906478564,0.8874860778450966
2197,3.9000000000000004,-6.1,11,Hero,0.8717687956311486,0.7954034628346562
2198,3.8000000000000007,-6.199999999999999,12,Hero,0.8567632834116617,0.9999693036079407
2199,4.800000000000001,-5.199999999999999,2,Hero,0.9918824732303619,0.9999982118606567
2200,4.7,-5.3,3,Hero,0.7244212925434113,0.9997002879778544
2201,4.0,-6.0,10,Hero,0.7304417014122009,0.9999974250793457
2202,4.7,-5.3,3,Hero,0.6532478009661039,0.9999887545903524
2203,4.7,-5.3,3,Hero,0.9692875345547994,0.9999997218449911
2204,4.0,-6.0,10,Hero,0.8357782162725925,0.9540880382061004
2205,3.8000000000000007,-6.199999999999999,12,Hero,0.8730238452553749,0.9998160401980082
2206,4.7,-5.3,3,Hero,0.6745037138462067,1.0
2207,3.8000000000000007,-6.199999999999999,12,Hero,0.8527203078071276,0.9986990640560786
2208,4.300000000000001,-5.699999999999999,7,Hero,0.9931945715631757,0.998559866632734
2209,4.4,-5.6,6,Hero,0.882243424654007,1.0
2210,3.5,-6.5,15,Hero,0.7443243722120921,0.7506486386060714
2211,4.2,-5.8,8,Hero,0.9427524358034134,0.9999466463923454
2212,3.3,-6.7,17,Hero,0.7621560499948614,0.90971659562167
2213,3.3,-6.7,17,Hero,0.7551182105260736,0.8865855721866384
2214,3.7,-6.3,13,Hero,0.7150653938834484,0.9167307156424683
2215,4.6000000000000005,-5.3999999999999995,4,Hero,0.7574416473507881,0.999996691942215
2216,4.4,-5.6,6,Hero,0.7805862327416738,0.9999996622403463
2217,4.5,-5.5,5,Hero,0.9977812886238098,0.9999996662139893
2218,4.2,-5.8,8,Hero,0.8530420213937759,0.9954933896660805
2219,4.300000000000001,-5.699999999999999,7,Hero,0.7578183157103402,0.9999094435146877
2220,3.9000000000000004,-6.1,11,Hero,0.7237767389213497,0.9999861066991632
2221,4.300000000000001,-5.699999999999999,7,Hero,0.9952060665403094,0.9996372546468463
2222,4.5,-5.5,5,Hero,0.9947048664093018,0.9999690532684327
2223,4.9,-5.1,1,Hero,0.9776467680931091,0.9999898672103882
2224,3.6000000000000005,-6.3999999999999995,14,Hero,0.7124765041683402,0.8548942974635533
2225,4.0,-6.0,10,Hero,0.7563818484544754,0.9999728202819824
2226,4.0,-6.0,10,Hero,0.6970792680978775,0.9994901299476624
2227,4.0,-6.0,10,Hero,0.7359399799257517,0.8922864556312561
2228,-5.3,4.7,3,Villain,0.8429183761278788,0.9999881188074747
2229,4.300000000000001,-5.699999999999999,7,Hero,0.7144374357802528,0.999890114579882
2230,4.4,-5.6,6,Hero,0.9142854710419973,0.9999960462252299
2231,3.9000000000000004,-6.1,11,Hero,0.7303874357180162,0.9945297349583019
2232,4.2,-5.8,8,Hero,0.6849567294120789,0.9999952167272568
2233,-5.199999999999999,4.800000000000001,2,Villain,0.9845627546310425,0.9998152256011963
2234,3.7,-6.3,13,Hero,0.758290825268397,0.9977068580113925
2235,4.2,-5.8,8,Hero,0.7790070879273117,0.9999949634075165
2236,4.300000000000001,-5.699999999999999,7,Hero,0.9269636273384094,0.9999872956957135
2237,4.9,-5.1,1,Hero,0.9839668869972229,0.9999971389770508
2238,3.9000000000000004,-6.1,11,Hero,0.9182244430888783,0.9999804388393055
2239,3.6000000000000005,-6.3999999999999995,14,Hero,0.7402702963777951,0.858339433159147
2240,4.4,-5.6,6,Hero,0.7766948106388251,0.9999629855155945
2241,4.300000000000001,-5.699999999999999,7,Hero,0.7837707613195691,0.9999929666519165
2242,3.6000000000000005,-6.3999999999999995,14,Hero,0.8982652042593274,0.8777253457478115
2243,4.1000000000000005,-5.8999999999999995,9,Hero,0.7053909904013077,0.999991668595208
2244,3.4000000000000004,-6.6,16,Hero,0.6890166578814387,0.9535505585372448
2245,4.0,-6.0,10,Hero,0.9427483975887299,0.9889046370983123
2246,3.8000000000000007,-6.199999999999999,12,Hero,0.8079186528921127,0.9998929152886072
2247,3.9000000000000004,-6.1,11,Hero,0.9047749069604006,0.9999648549339988
2248,4.9,-5.1,1,Hero,0.9696269035339355,0.9999995231628418
2249,4.9,-5.1,1,Hero,0.9720017313957214,0.9998051524162292
2250,3.7,-6.3,13,Hero,0.7597287916220151,0.9185952039865347
2251,4.1000000000000005,-5.8999999999999995,9,Hero,0.7375806222359339,0.9998764793078104
2252,4.1000000000000005,-5.8999999999999995,9,Hero,0.7787124945057763,0.6721032626099057
2253,4.0,-6.0,10,Hero,0.9427872091531754,0.9990491330623626
2254,4.6000000000000005,-5.3999999999999995,4,Hero,0.9978575855493546,1.0
2255,3.5,-6.5,15,Hero,0.7643563508987427,0.9718280911445618
2256,3.8000000000000007,-6.199999999999999,12,Hero,0.7334831934422255,0.9948932031790415
2257,4.7,-5.3,3,Hero,0.8680961728096008,0.9999997218449911
2258,4.0,-6.0,10,Hero,0.7663487166166305,0.9991342842578887
2259,4.2,-5.8,8,Hero,0.7752767279744148,0.9991573318839073
2260,4.300000000000001,-5.699999999999999,7,Hero,0.958220830985478,0.9999769074576241
2261,4.5,-5.5,5,Hero,0.7197611570358277,0.9943926811218262
2262,4.300000000000001,-5.699999999999999,7,Hero,0.844121264559882,0.9999897480010986
2263,3.8000000000000007,-6.199999999999999,12,Hero,0.9010309477647146,0.9993672420581182
2264,4.7,-5.3,3,Hero,0.6831969122091929,1.0
2265,3.7,-6.3,13,Hero,0.8381081085938674,0.9130155117465899
2266,4.2,-5.8,8,Hero,0.7767109200358391,0.999225027859211
2267,3.5,-6.5,15,Hero,0.7372673054536184,0.9999408721923828
2268,4.300000000000001,-5.699999999999999,7,Hero,0.8360089382955006,0.9998773677008492
2269,3.9000000000000004,-6.1,11,Hero,0.7768542089245536,0.9999770684675737
2270,3.7,-6.3,13,Hero,0.7862582527674161,0.9999200564164382
2271,3.5,-6.5,15,Hero,0.7551760184268157,0.9926209171613057
2272,4.9,-5.1,1,Hero,0.9778503179550171,0.9999990463256836
2273,4.1000000000000005,-5.8999999999999995,9,Hero,0.8036080433262719,0.9995249840948317
2274,3.9000000000000004,-6.1,11,Hero,0.7544646777889945,0.9993957768787037
2275,4.800000000000001,-5.199999999999999,2,Hero,0.8654047548770905,1.0
2276,3.7,-6.3,13,Hero,0.7759328346986037,0.9147661079007846
2277,4.7,-5.3,3,Hero,0.9929695725440979,0.9999999602635702
2278,4.4,-5.6,6,Hero,0.9980716208616892,0.9999996622403463
2279,4.4,-5.6,6,Hero,0.7802712718645731,0.9999099473158518
2280,4.1000000000000005,-5.8999999999999995,9,Hero,0.9966087672445509,0.9991813037130568
2281,4.5,-5.5,5,Hero,0.9971598505973815,0.9999998807907104
2282,3.9000000000000004,-6.1,11,Hero,0.9129358177835291,0.9999912326986139
2283,3.7,-6.3,13,Hero,0.8735222541368924,0.8109776979455581
2284,4.0,-6.0,10,Hero,0.9435977935791016,0.9994399607181549
2285,-5.1,4.9,1,Villain,0.994948148727417,0.9999971389770508
2286,4.1000000000000005,-5.8999999999999995,9,Hero,0.9387105339103274,0.9999985429975722
2287,3.7,-6.3,13,Hero,0.7931408202992036,0.9991073654248164
2288,3.4000000000000004,-6.6,16,Hero,0.7126776687800884,0.9998902194201946
2289,4.0,-6.0,10,Hero,0.7542175784707069,0.9527972280979157
2290,3.9000000000000004,-6.1,11,Hero,0.9177068363536488,0.999994613907554
2291,4.0,-6.0,10,Hero,0.7833955138921738,0.9998931527137757
2292,3.8000000000000007,-6.199999999999999,12,Hero,0.7992293958862623,0.9990689605474472
2293,3.9000000000000004,-6.1,11,Hero,0.8315950794653459,0.8636618039824746
2294,4.5,-5.5,5,Hero,0.9840185284614563,0.9999944686889648
2295,4.800000000000001,-5.199999999999999,2,Hero,0.9554910659790039,0.9999882578849792
2296,4.2,-5.8,8,Hero,0.9962502792477608,0.9661140963435173
2297,4.1000000000000005,-5.8999999999999995,9,Hero,0.756666293574704,0.9999586476220025
2298,4.4,-5.6,6,Hero,0.9983071784178416,0.9993573923905691
2299,4.300000000000001,-5.699999999999999,7,Hero,0.817274306501661,0.9994517905371529
2300,3.4000000000000004,-6.6,16,Hero,0.7565446123480797,0.838458868151065
2301,3.4000000000000004,-6.6,16,Hero,0.727797175059095,0.8236185386776924
2302,3.7,-6.3,13,Hero,0.8060674827832442,0.9841437339782715
2303,3.5,-6.5,15,Hero,0.7966464499632517,0.9314005235830943
2304,4.4,-5.6,6,Hero,0.8271005923549334,0.9958821137746176
2305,3.7,-6.3,13,Hero,0.8013340143057016,0.960525265106788
2306,4.4,-5.6,6,Hero,0.9265990455945333,0.9999958078066508
2307,3.8000000000000007,-6.199999999999999,12,Hero,0.8347329633931319,0.829357236623764
2308,3.9000000000000004,-6.1,11,Hero,0.8853966295719147,0.9977295669642362
2309,4.1000000000000005,-5.8999999999999995,9,Hero,0.9948352310392592,0.9999987151887682
2310,4.1000000000000005,-5.8999999999999995,9,Hero,0.7879674037297567,0.9996806051996019
2311,4.4,-5.6,6,Hero,0.8108431498209635,0.9999342362085978
2312,4.1000000000000005,-5.8999999999999995,9,Hero,0.9298081927829318,0.9998581343226962
2313,4.1000000000000005,-5.8999999999999995,9,Hero,0.6497866279549069,0.9957268436749777
2314,4.300000000000001,-5.699999999999999,7,Hero,0.7920172980853489,0.9994376472064427
2315,4.1000000000000005,-5.8999999999999995,9,Hero,0.8398620552486844,0.9953965677155389
2316,4.4,-5.6,6,Hero,0.9209949870904287,0.9998552799224854
2317,4.5,-5.5,5,Hero,0.8396763324737548,0.9999995708465577
2318,4.0,-6.0,10,Hero,0.8337774112820625,0.9999614477157592
2319,3.0999999999999996,-6.9,19,Hero,0.7468748490669226,0.9052715207401075
2320,4.2,-5.8,8,Hero,0.7887894809246063,0.9960310980677605
2321,3.7,-6.3,13,Hero,0.7519383292931777,0.99775630235672
2322,4.1000000000000005,-5.8999999999999995,9,Hero,0.924787335925632,0.9996442397435507
2323,4.1000000000000005,-5.8999999999999995,9,Hero,0.951052811410692,0.9999992847442627
2324,4.2,-5.8,8,Hero,0.7016709484159946,0.7201987933367491
2325,3.9000000000000004,-6.1,11,Hero,0.8687898137352683,0.9998782656409524
2326,3.7,-6.3,13,Hero,0.8356731396455032,0.987474106825315
2327,4.4,-5.6,6,Hero,0.9207573533058167,0.8568158050378164
2328,4.6000000000000005,-5.3999999999999995,4,Hero,0.8351217955350876,0.9880145043134689
2329,4.0,-6.0,10,Hero,0.779855627194047,0.9434310019016265
2330,4.2,-5.8,8,Hero,0.7474196278490126,0.9999642819166183
2331,3.6000000000000005,-6.3999999999999995,14,Hero,0.8798759739313807,0.8698281943798065
2332,4.4,-5.6,6,Hero,0.9973261455694834,0.9891402026017507
2333,4.1000000000000005,-5.8999999999999995,9,Hero,0.7361798220210605,0.9983727203475105
2334,4.800000000000001,-5.199999999999999,2,Hero,0.968288391828537,0.9999959468841553
2335,4.0,-6.0,10,Hero,0.7896109342575073,0.8415599644184113
2336,3.5,-6.5,15,Hero,0.7323544094959895,0.9997750401496888
2337,4.300000000000001,-5.699999999999999,7,Hero,0.9902379512786865,0.9999961342130389
2338,3.7,-6.3,13,Hero,0.7784357781593616,0.908254291002567
2339,3.9000000000000004,-6.1,11,Hero,0.813510613007979,0.9855934381484985
2340,3.3,-6.7,17,Hero,0.7076649652684436,0.9543537953320671
2341,4.6000000000000005,-5.3999999999999995,4,Hero,0.713554210960865,0.9999918639659882
2342,4.300000000000001,-5.699999999999999,7,Hero,0.7950503826141357,0.9998770696776254
2343,4.1000000000000005,-5.8999999999999995,9,Hero,0.6520354064802328,0.9990292456414964
2344,4.300000000000001,-5.699999999999999,7,Hero,0.8893793651035854,0.9999962193625314
2345,4.4,-5.6,6,Hero,0.745187888542811,0.9996113081773123
2346,4.0,-6.0,10,Hero,0.958944684267044,0.9998719751834869
2347,4.300000000000001,-5.699999999999999,7,Hero,0.9915209668023246,0.9999985865184239
2348,4.1000000000000005,-5.8999999999999995,9,Hero,0.75336410312189,0.9363252454333835
2349,4.0,-6.0,10,Hero,0.8629579305648803,0.9959646582603454
2350,4.300000000000001,-5.699999999999999,7,Hero,0.9281694037573678,0.9904491305351257
2351,4.800000000000001,-5.199999999999999,2,Hero,0.9910595118999481,0.9997645616531372
2352,3.0999999999999996,-6.9,19,Hero,0.7180803914211298,0.8890551171804729
2353,4.4,-5.6,6,Hero,0.7609340647856394,0.9999899864196777
2354,4.4,-5.6,6,Hero,0.8486446191867193,0.9997827510039011
2355,4.4,-5.6,6,Hero,0.9539037942886353,0.7827543597668409
2356,4.300000000000001,-5.699999999999999,7,Hero,0.9086280252252307,0.9998146040099007
2357,4.5,-5.5,5,Hero,0.7858814373612404,0.994275438785553
2358,3.9000000000000004,-6.1,11,Hero,0.8295904103327881,0.7983240613883192
2359,4.300000000000001,-5.699999999999999,7,Hero,0.7650807851127216,0.8296961475695882
2360,4.800000000000001,-5.199999999999999,2,Hero,0.9813644886016846,0.9999823570251465
2361,4.1000000000000005,-5.8999999999999995,9,Hero,0.850383440653483,0.9993639919492934
2362,4.4,-5.6,6,Hero,0.6064739475647608,0.9996769825617472
2363,4.7,-5.3,3,Hero,0.6252113729715347,0.9997429847717285
2364,4.1000000000000005,-5.8999999999999995,9,Hero,0.7519433365927802,0.9734481109513177
2365,3.8000000000000007,-6.199999999999999,12,Hero,0.8361169372995695,0.9997758617003759
2366,3.9000000000000004,-6.1,11,Hero,0.7094961418346926,0.984200889414007
2367,4.800000000000001,-5.199999999999999,2,Hero,0.9920942187309265,0.9996177554130554
2368,4.1000000000000005,-5.8999999999999995,9,Hero,0.8319150143199496,0.9993038905991448
2369,4.9,-5.1,1,Hero,0.9835079908370972,0.9999910593032837
2370,3.5,-6.5,15,Hero,0.7965965886910756,0.9848442912101746
2371,4.0,-6.0,10,Hero,0.7178918652236461,0.9995829939842225
2372,3.4000000000000004,-6.6,16,Hero,0.6762094113510102,0.9928657785058022
2373,3.2,-6.8,18,Hero,0.6999258275868164,0.7801663420266576
2374,3.8000000000000007,-6.199999999999999,12,Hero,0.7668935855229696,0.8875782286437849
2375,3.8000000000000007,-6.199999999999999,12,Hero,0.8811621169249216,0.9990944166978201
2376,4.7,-5.3,3,Hero,0.4138095425441861,0.9991257786750793
2377,4.5,-5.5,5,Hero,0.9844376087188721,0.9999965906143189
2378,3.8000000000000007,-6.199999999999999,12,Hero,0.6872861031442881,0.9991602698961893
2379,4.7,-5.3,3,Hero,0.8025498191515604,0.9999998410542806
2380,4.0,-6.0,10,Hero,0.8933504462242127,0.9995137095451355
2381,3.9000000000000004,-6.1,11,Hero,0.9467141790823503,0.998763691295277
2382,4.300000000000001,-5.699999999999999,7,Hero,0.9668040956769671,0.999988283429827
2383,4.5,-5.5,5,Hero,0.8219111084938049,0.9999919652938842
2384,3.7,-6.3,13,Hero,0.7959981010510371,0.9987567388094388
2385,4.5,-5.5,5,Hero,0.8061978660523892,0.9999968051910401
2386,4.300000000000001,-5.699999999999999,7,Hero,0.7392996677330562,0.9999260561806815
2387,4.4,-5.6,6,Hero,0.9279133776823679,0.9894866347312927
2388,3.7,-6.3,13,Hero,0.7986670044752268,0.6691034222021699
2389,4.2,-5.8,8,Hero,0.9933054745197296,0.9999817907810211
2390,3.6000000000000005,-6.3999999999999995,14,Hero,0.7408477588822799,0.8871700198256544
2391,3.3,-6.7,17,Hero,0.7423147414537037,0.7160587348043919
2392,4.1000000000000005,-5.8999999999999995,9,Hero,0.9887111054526435,0.9925263722737631
2393,4.0,-6.0,10,Hero,0.9430409669876099,0.8364308774471283
2394,3.7,-6.3,13,Hero,0.7701728756611164,0.8381882352897754
2395,4.5,-5.5,5,Hero,0.9914391040802002,0.9984237670898437
2396,4.2,-5.8,8,Hero,0.9160763919353485,0.9995609596371651
2397,4.6000000000000005,-5.3999999999999995,4,Hero,0.829460896551609,0.9988934099674225
2398,4.0,-6.0,10,Hero,0.8214649468660354,0.9855994641780853
2399,4.4,-5.6,6,Hero,0.7213165412346522,0.9999673962593079
2400,4.7,-5.3,3,Hero,0.9913390874862671,0.996476948261261
2401,3.7,-6.3,13,Hero,0.8684613704681396,0.9939517012009254
2402,3.4000000000000004,-6.6,16,Hero,0.7332357317209244,0.9740754179656506
2403,3.6000000000000005,-6.3999999999999995,14,Hero,0.7360789578940187,0.9659439963953835
2404,4.1000000000000005,-5.8999999999999995,9,Hero,0.8879602087868584,0.9987962775760226
2405,3.9000000000000004,-6.1,11,Hero,0.7556115280498158,0.9068510786376216
2406,3.0999999999999996,-6.9,19,Hero,0.6810684439383055,0.7535170846079525
2407,3.9000000000000004,-6.1,11,Hero,0.8324261768297716,0.998205537145788
2408,4.4,-5.6,6,Hero,0.769733930627505,0.9989181756973267
2409,3.9000000000000004,-6.1,11,Hero,0.7557574862783606,0.8752556612545793
2410,4.300000000000001,-5.699999999999999,7,Hero,0.9351872716631208,0.8568445735644283
2411,3.4000000000000004,-6.6,16,Hero,0.7288387045264244,0.7468044616398402
2412,3.9000000000000004,-6.1,11,Hero,0.8616766875440424,0.6839528815312819
2413,4.7,-5.3,3,Hero,0.9971264600753784,0.9999743302663168
2414,4.6000000000000005,-5.3999999999999995,4,Hero,0.9064551442861557,0.9985765069723129
2415,3.6000000000000005,-6.3999999999999995,14,Hero,0.8401242622307369,0.8119485005736351
2416,4.2,-5.8,8,Hero,0.8544714376330376,0.995949037373066
2417,3.9000000000000004,-6.1,11,Hero,0.788779909976504,0.8442534194751219
2418,3.9000000000000004,-6.1,11,Hero,0.8690098903395913,0.8159918399019674
2419,4.2,-5.8,8,Hero,0.8485085740685463,0.862122192978859
2420,4.5,-5.5,5,Hero,0.8585288524627686,0.9367770195007324
2421,3.9000000000000004,-6.1,11,Hero,0.882758842273192,0.8561425588347695
2422,4.4,-5.6,6,Hero,0.9850526452064514,0.9960875610510508
2423,3.2,-6.8,18,Hero,0.8056551350487603,0.9030276189247767
2424,4.800000000000001,-5.199999999999999,2,Hero,0.6674856096506119,0.9717929363250732
2425,3.5,-6.5,15,Hero,0.8097309028108914,0.8686890403429667
2426,3.4000000000000004,-6.6,16,Hero,0.7011667126789689,0.8397353086620569
2427,4.9,-5.1,1,Hero,0.9617506265640259,0.9999996423721313
2428,4.4,-5.6,6,Hero,0.8685373167196909,0.9995015760262808
2429,4.300000000000001,-5.699999999999999,7,Hero,0.9902364441326686,0.999978746686663
2430,4.2,-5.8,8,Hero,0.9990945681929588,0.9992936700582504
2431,4.7,-5.3,3,Hero,0.9535454710324606,0.9999845822652181
2432,3.4000000000000004,-6.6,16,Hero,0.8210501978173852,0.8390526920557022
2433,3.7,-6.3,13,Hero,0.7981687325697678,0.6571381166577339
2434,4.2,-5.8,8,Hero,0.949928030371666,0.9998528137803078
2435,4.5,-5.5,5,Hero,0.8880621314048767,0.9906739830970764
2436,4.4,-5.6,6,Hero,0.7628948589166006,0.9996796449025472
2437,4.5,-5.5,5,Hero,0.7313428923487664,0.9999719858169556
2438,3.6000000000000005,-6.3999999999999995,14,Hero,0.7980843207665852,0.9871964497225625
2439,3.2,-6.8,18,Hero,0.7359730816549725,0.8509953833288617
2440,4.2,-5.8,8,Hero,0.8041621297597885,0.878900445997715
2441,3.9000000000000004,-6.1,11,Hero,0.820632354779677,0.7033807154406201
2442,4.800000000000001,-5.199999999999999,2,Hero,0.7972574532032013,0.9999881982803345
2443,4.5,-5.5,5,Hero,0.8920780301094056,0.9953876495361328
2444,3.7,-6.3,13,Hero,0.8049722795303051,0.9271267102314875
2445,4.2,-5.8,8,Hero,0.7980148307979107,0.9999354258179665
2446,4.300000000000001,-5.699999999999999,7,Hero,0.8967670372554234,0.8788790106773376
2447,4.300000000000001,-5.699999999999999,7,Hero,0.8832712386335645,0.9998277170317513
2448,4.9,-5.1,1,Hero,0.937150239944458,0.9998950958251953
2449,4.2,-5.8,8,Hero,0.9176561385393143,0.9985491558909416
2450,3.4000000000000004,-6.6,16,Hero,0.8622233048081398,0.8154626451432705
2451,4.6000000000000005,-5.3999999999999995,4,Hero,0.7436409518122673,0.9987340271472931
2452,4.300000000000001,-5.699999999999999,7,Hero,0.7808027820927756,0.9920407618795123
2453,4.2,-5.8,8,Hero,0.8422084897756577,0.989638514816761
2454,3.7,-6.3,13,Hero,0.8580747613540063,0.9992705446023208
2455,4.5,-5.5,5,Hero,0.8208358526229859,0.9966079115867614
2456,3.8000000000000007,-6.199999999999999,12,Hero,0.831024914359053,0.8908897812167803
2457,3.8000000000000007,-6.199999999999999,12,Hero,0.7117400701390579,0.7541729447742304
2458,4.300000000000001,-5.699999999999999,7,Hero,0.7255031083311353,0.9999667916979108
2459,3.8000000000000007,-6.199999999999999,12,Hero,0.8862060556809107,0.9992465923229853
2460,4.5,-5.5,5,Hero,0.7928159594535827,0.9999454498291016
2461,4.5,-5.5,5,Hero,0.9281556129455566,0.9998233079910278
2462,3.9000000000000004,-6.1,11,Hero,0.8998757302761078,0.8975978537716649
2463,4.4,-5.6,6,Hero,0.796340674161911,0.9964734514554342
2464,4.1000000000000005,-5.8999999999999995,9,Hero,0.9195649458302392,0.9938994579845004
2465,4.9,-5.1,1,Hero,0.995137631893158,0.9999998807907104
2466,3.6000000000000005,-6.3999999999999995,14,Hero,0.7742694701467242,0.8930766518626895
2467,4.300000000000001,-5.699999999999999,7,Hero,0.9586813194411141,0.999994329043797
2468,4.7,-5.3,3,Hero,0.8542646765708923,0.9995572566986084
2469,3.7,-6.3,13,Hero,0.8524459004402161,0.9075984055033097
2470,4.2,-5.8,8,Hero,0.8699218705296516,0.9997874870896339
2471,3.6000000000000005,-6.3999999999999995,14,Hero,0.8094551052365985,0.9072055643690484
2472,3.8000000000000007,-6.199999999999999,12,Hero,0.8001336579521497,0.745245865866309
2473,4.0,-6.0,10,Hero,0.8753817945718765,0.8740081340074539
2474,3.9000000000000004,-6.1,11,Hero,0.8474079858173024,0.9966199723157015
2475,3.9000000000000004,-6.1,11,Hero,0.7793842256069183,0.9725835052403536
2476,4.2,-5.8,8,Hero,0.997783251106739,0.9998811855912209
2477,3.8000000000000007,-6.199999999999999,12,Hero,0.8233318496495485,0.9925960352023443
2478,4.0,-6.0,10,Hero,0.8862601965665817,0.992630910873413
2479,4.300000000000001,-5.699999999999999,7,Hero,0.9978531002998352,0.9985082575253078
2480,4.9,-5.1,1,Hero,0.974631667137146,0.9996645450592041
2481,4.6000000000000005,-5.3999999999999995,4,Hero,0.876369908452034,0.9999985694885254
2482,3.6000000000000005,-6.3999999999999995,14,Hero,0.8086204039199012,0.9259201533028057
2483,-5.199999999999999,4.800000000000001,2,Villain,0.41633111238479614,0.9782320559024811
2484,4.4,-5.6,6,Hero,0.9922215541203817,0.9963635504245758
2485,4.7,-5.3,3,Hero,0.8754594326019287,0.9999529918034872
2486,-5.1,4.9,1,Villain,0.9999445676803589,0.9999529123306274
2487,3.4000000000000004,-6.6,16,Hero,0.8575353138148785,0.9171200711280107
2488,4.1000000000000005,-5.8999999999999995,9,Hero,0.8005156219005585,0.8392262789938185
2489,4.5,-5.5,5,Hero,0.6170990690588951,0.9999965190887451
2490,3.9000000000000004,-6.1,11,Hero,0.8469420915300195,0.8976298313249241
2491,3.7,-6.3,13,Hero,0.8279335544659541,0.9197288387669966
2492,3.9000000000000004,-6.1,11,Hero,0.9125686653635718,0.8072006909007375
2493,4.300000000000001,-5.699999999999999,7,Hero,0.8483192665236337,0.9986135874475751
2494,4.1000000000000005,-5.8999999999999995,9,Hero,0.81006387869517,0.9999102221594917
2495,4.4,-5.6,6,Hero,0.7878938068946203,0.9973745842774709
2496,3.9000000000000004,-6.1,11,Hero,0.9185353246602145,0.9999454021453857
2497,4.300000000000001,-5.699999999999999,7,Hero,0.904077981199537,0.9994202767099652
2498,4.2,-5.8,8,Hero,0.9921879023313522,0.9999986439943314
2499,3.3,-6.7,17,Hero,0.7756416727514828,0.804606287562124
2500,4.2,-5.8,8,Hero,0.7926495261490345,0.9478383287787437
2501,3.6000000000000005,-6.3999999999999995,14,Hero,0.7350296931607383,0.9970886749880654
2502,4.1000000000000005,-5.8999999999999995,9,Hero,0.8888420065244039,0.9905881418122185
2503,3.9000000000000004,-6.1,11,Hero,0.8163644671440125,0.9981438625942577
2504,4.5,-5.5,5,Hero,0.7625355541706085,0.952085280418396
2505,3.6000000000000005,-6.3999999999999995,14,Hero,0.7795810891049249,0.9995789229869843
2506,4.2,-5.8,8,Hero,0.7932120067998767,0.9921780675649643
2507,4.6000000000000005,-5.3999999999999995,4,Hero,0.769796259701252,0.9676324725151062
2508,4.0,-6.0,10,Hero,0.7581814259290696,0.886116498708725
2509,4.7,-5.3,3,Hero,0.6657368739446005,0.9997544487317404
2510,4.800000000000001,-5.199999999999999,2,Hero,0.8856529891490936,0.9999996423721313
2511,3.7,-6.3,13,Hero,0.848776617875466,0.9928160447340745
2512,4.2,-5.8,8,Hero,0.9964046776294708,0.9999990910291672
2513,3.3,-6.7,17,Hero,0.8652163516072666,0.9270485639572144
2514,4.2,-5.8,8,Hero,0.9041938930749893,0.8233952075242996
2515,3.7,-6.3,13,Hero,0.784002945973323,0.9996311022685125
2516,3.9000000000000004,-6.1,11,Hero,0.5884358368136666,0.9464844898744063
2517,4.6000000000000005,-5.3999999999999995,4,Hero,0.8600733503699303,0.9999319911003113
2518,4.7,-5.3,3,Hero,0.6472595383723577,0.9999999205271403
2519,3.3,-6.7,17,Hero,0.8725286108606002,0.825295369962559
2520,3.9000000000000004,-6.1,11,Hero,0.8342248011719097,0.9996836402199485
2521,4.2,-5.8,8,Hero,0.8753586784005165,0.9999266639351845
2522,3.6000000000000005,-6.3999999999999995,14,Hero,0.8176906694258962,0.9961821692330497
2523,3.8000000000000007,-6.199999999999999,12,Hero,0.8218712881207466,0.9037098834911982
2524,3.9000000000000004,-6.1,11,Hero,0.8787541863593188,0.9977749260989103
2525,4.2,-5.8,8,Hero,0.8387003988027573,0.9920617714524269
2526,3.4000000000000004,-6.6,16,Hero,0.8506237044930458,0.9282495221123099
2527,4.2,-5.8,8,Hero,0.9034019857645035,0.9943924620747566
2528,4.1000000000000005,-5.8999999999999995,9,Hero,0.7016455945041444,0.9989149570465088
2529,4.0,-6.0,10,Hero,0.9306355893611908,0.999967348575592
2530,4.4,-5.6,6,Hero,0.8734123657147089,0.9982549746831259
2531,3.8000000000000007,-6.199999999999999,12,Hero,0.8271398569146792,0.9971797317266464
2532,4.800000000000001,-5.199999999999999,2,Hero,0.6118186861276627,0.9998522698879242
2533,4.800000000000001,-5.199999999999999,2,Hero,0.9977454245090485,0.9999991655349731
2534,4.0,-6.0,10,Hero,0.8288004517555236,0.9980023622512817
2535,4.4,-5.6,6,Hero,0.985695461432139,0.9999997019767761
2536,3.9000000000000004,-6.1,11,Hero,0.750993995165283,0.9979661161249335
2537,4.9,-5.1,1,Hero,0.999738872051239,0.9999998807907104
2538,4.7,-5.3,3,Hero,0.8375966747601827,0.9998342394828796
2539,4.6000000000000005,-5.3999999999999995,4,Hero,0.9975225031375885,0.9999997615814209
2540,3.6000000000000005,-6.3999999999999995,14,Hero,0.7869502976536751,0.7889832852275244
2541,3.8000000000000007,-6.199999999999999,12,Hero,0.7249587637682756,0.999728778998057
2542,4.6000000000000005,-5.3999999999999995,4,Hero,0.6881788708269596,1.0
2543,3.9000000000000004,-6.1,11,Hero,0.7677786804058335,0.9945607727224176
2544,4.0,-6.0,10,Hero,0.8870187312364578,0.9991967797279357
2545,4.4,-5.6,6,Hero,0.9970777134100596,0.9998578230539957
2546,4.4,-5.6,6,Hero,0.9174467921257019,0.9999971389770508
2547,4.2,-5.8,8,Hero,0.8387968093156815,0.9999858140945435
2548,3.9000000000000004,-6.1,11,Hero,0.8693588132208044,0.9999672716314142
2549,3.6000000000000005,-6.3999999999999995,14,Hero,0.7358500824442932,0.9981735263551984
2550,4.300000000000001,-5.699999999999999,7,Hero,0.83779005919184,0.9950454235076904
2551,4.9,-5.1,1,Hero,0.9378034472465515,0.9994208812713623
2552,3.4000000000000004,-6.6,16,Hero,0.8362032627919689,0.915945396758616
2553,4.2,-5.8,8,Hero,0.9982041195034981,0.9999993145465851
2554,3.7,-6.3,13,Hero,0.815277255498446,0.9698499853794391
2555,4.1000000000000005,-5.8999999999999995,9,Hero,0.7614638010660807,0.9999130566914877
2556,3.9000000000000004,-6.1,11,Hero,0.8263723823157224,0.9999163801019842
2557,4.4,-5.6,6,Hero,0.9337535202503204,0.9999977350234985
2558,4.1000000000000005,-5.8999999999999995,9,Hero,0.727037810617023,0.998896320660909
2559,4.300000000000001,-5.699999999999999,7,Hero,0.9925331217902047,0.9999808924538749
2560,4.2,-5.8,8,Hero,0.7925051525235176,0.9999531656503677
2561,4.4,-5.6,6,Hero,0.7806200434764227,0.9999516805013021
2562,3.6000000000000005,-6.3999999999999995,14,Hero,0.8224679678678513,0.8133205549758193
2563,4.2,-5.8,8,Hero,0.7995040901005268,0.998934380710125
2564,3.2,-6.8,18,Hero,0.8621043761571249,0.8926558742920557
2565,4.2,-5.8,8,Hero,0.8769711554050446,0.998790517449379
2566,4.5,-5.5,5,Hero,0.6314574003219604,0.9999994516372681
2567,3.6000000000000005,-6.3999999999999995,14,Hero,0.8551213698727744,0.9873613842896053
2568,3.8000000000000007,-6.199999999999999,12,Hero,0.8010063221057256,0.8939656714598337
2569,4.7,-5.3,3,Hero,0.9898771643638611,0.9999956289927164
2570,4.7,-5.3,3,Hero,0.9970511794090271,1.0
2571,3.8000000000000007,-6.199999999999999,12,Hero,0.8567723110318184,0.9989573707183202
2572,4.2,-5.8,8,Hero,0.9945598691701889,0.9999962896108627
2573,3.8000000000000007,-6.199999999999999,12,Hero,0.7510073681672415,0.9998492449522018
2574,4.5,-5.5,5,Hero,0.8940776705741882,0.9999943494796752
2575,4.1000000000000005,-5.8999999999999995,9,Hero,0.8515042422546281,0.993023415406545
2576,4.9,-5.1,1,Hero,0.09085886180400848,0.9999902248382568
2577,4.6000000000000005,-5.3999999999999995,4,Hero,0.7309563695453107,0.9999998211860657
2578,4.7,-5.3,3,Hero,0.9680095116297404,0.9999998013178507
2579,4.1000000000000005,-5.8999999999999995,9,Hero,0.6489171791407797,0.9733585649066501
2580,4.300000000000001,-5.699999999999999,7,Hero,0.8138739743403026,0.9995020457676479
2581,4.800000000000001,-5.199999999999999,2,Hero,0.8936773240566254,0.9999999403953552
2582,3.8000000000000007,-6.199999999999999,12,Hero,0.7064533904194832,0.8703783564269543
2583,3.7,-6.3,13,Hero,0.8397333071782038,0.7995259842047324
2584,4.0,-6.0,10,Hero,0.6953699335455894,0.9999813199043274
2585,3.5,-6.5,15,Hero,0.7294352024793624,0.9351546545823415
2586,4.7,-5.3,3,Hero,0.9561648368835449,0.9999959071477255
2587,4.4,-5.6,6,Hero,0.7630538269877434,0.9999999403953552
2588,4.7,-5.3,3,Hero,0.99223792552948,0.9999986489613851
2589,3.7,-6.3,13,Hero,0.8098123027728155,0.9998429509309622
2590,4.800000000000001,-5.199999999999999,2,Hero,0.6940006911754608,0.9935553669929504
2591,3.7,-6.3,13,Hero,0.8458680464671209,0.9180317945205249
2592,4.1000000000000005,-5.8999999999999995,9,Hero,0.7960800925890604,0.9998059868812561
2593,4.2,-5.8,8,Hero,0.8411985859274864,0.9999393597245216
2594,4.1000000000000005,-5.8999999999999995,9,Hero,0.7829503152105544,0.9989500641822815
2595,4.1000000000000005,-5.8999999999999995,9,Hero,0.7949887149863772,0.9998766448762682
2596,4.5,-5.5,5,Hero,0.9135811448097229,0.9999966621398926
2597,3.7,-6.3,13,Hero,0.756873587003121,0.7834978080712832
2598,3.9000000000000004,-6.1,11,Hero,0.8426874991167675,0.9996879209171642
2599,4.1000000000000005,-5.8999999999999995,9,Hero,0.9988456765810648,0.9999394549263848
2600,4.4,-5.6,6,Hero,0.7153156995773315,0.9999429086844126
2601,4.4,-5.6,6,Hero,0.865550716718038,0.9106635848681132
2602,4.0,-6.0,10,Hero,0.856106287240982,0.9882075607776641
2603,4.6000000000000005,-5.3999999999999995,4,Hero,0.782198965549469,0.9999977946281433
2604,3.7,-6.3,13,Hero,0.7410391328426508,0.9785740971565247
2605,3.8000000000000007,-6.199999999999999,12,Hero,0.8571232805649439,0.8017255614201227
2606,4.1000000000000005,-5.8999999999999995,9,Hero,0.8827526337570615,0.9995078643163046
2607,4.9,-5.1,1,Hero,0.9748913049697876,0.9999955892562866
2608,3.7,-6.3,13,Hero,0.9115914564866286,0.8601764356807018
2609,4.2,-5.8,8,Hero,0.7819741517305374,0.9989038035273552
2610,3.8000000000000007,-6.199999999999999,12,Hero,0.8253410533070564,0.8899791079262892
2611,4.2,-5.8,8,Hero,0.9047818630933762,0.9980131611227989
2612,4.6000000000000005,-5.3999999999999995,4,Hero,0.7833017036318779,0.9999975562095642
2613,3.8000000000000007,-6.199999999999999,12,Hero,0.7258334296445051,0.999090368549029
2614,4.300000000000001,-5.699999999999999,7,Hero,0.9995778628758022,0.9999993358339582
2615,4.6000000000000005,-5.3999999999999995,4,Hero,0.932091474533081,0.9999931454658508
2616,4.1000000000000005,-5.8999999999999995,9,Hero,0.9993165466520522,0.9998489684528775
2617,-5.3999999999999995,4.6000000000000005,4,Villain,0.9940070062875748,0.9999995529651642
2618,4.5,-5.5,5,Hero,0.9986302614212036,1.0
2619,4.4,-5.6,6,Hero,0.6823846995830536,0.9999831120173136
2620,4.2,-5.8,8,Hero,0.998764842748642,0.9999962747097015
2621,3.8000000000000007,-6.199999999999999,12,Hero,0.8919595777988434,0.9997495363156
2622,3.4000000000000004,-6.6,16,Hero,0.7481356719508767,0.9950164556503296
2623,4.300000000000001,-5.699999999999999,7,Hero,0.9978070173944745,0.9999959809439523
2624,4.1000000000000005,-5.8999999999999995,9,Hero,0.9399565193388197,0.7244304252995385
2625,4.300000000000001,-5.699999999999999,7,Hero,0.86654360805239,0.9995183263506208
2626,3.6000000000000005,-6.3999999999999995,14,Hero,0.7664334561143603,0.9960411063262394
2627,4.800000000000001,-5.199999999999999,2,Hero,0.9927647709846497,0.999999463558197
2628,4.1000000000000005,-5.8999999999999995,9,Hero,0.9316534366872575,0.9997565812534757
2629,3.3,-6.7,17,Hero,0.7942724904346773,0.8656429683460909
2630,3.0999999999999996,-6.9,19,Hero,0.6835641982524019,0.9466627686848178
2631,-5.5,4.5,5,Villain,0.6626620277762413,0.9999579787254333
2632,4.7,-5.3,3,Hero,0.9898245135943095,0.9997210105260214
2633,4.2,-5.8,8,Hero,0.8713205978274345,0.9715934842824936
2634,4.300000000000001,-5.699999999999999,7,Hero,0.9965660912649972,0.9998757668903896
2635,4.5,-5.5,5,Hero,0.8761897563934327,0.9999939441680908
2636,4.300000000000001,-5.699999999999999,7,Hero,0.9362312470163617,0.9999975136348179
2637,4.1000000000000005,-5.8999999999999995,9,Hero,0.8558732403649224,0.9914991789393954
2638,4.6000000000000005,-5.3999999999999995,4,Hero,0.9978206753730774,0.9997838884592056
2639,4.300000000000001,-5.699999999999999,7,Hero,0.8323141251291547,0.9999747446605137
2640,3.8000000000000007,-6.199999999999999,12,Hero,0.8648064086834589,0.9987408667802811
2641,4.300000000000001,-5.699999999999999,7,Hero,0.9990824205534798,0.9965618848800659
2642,3.2,-6.8,18,Hero,0.7301392933974663,0.9325779664019743
2643,3.2,-6.8,18,Hero,0.8210187214944098,0.9215734667248197
2644,4.300000000000001,-5.699999999999999,7,Hero,0.8935926854610443,0.9998562335968018
2645,4.9,-5.1,1,Hero,0.6708009839057922,0.9999979734420776
2646,4.1000000000000005,-5.8999999999999995,9,Hero,0.9305500917964511,0.9994257953431871
2647,4.7,-5.3,3,Hero,0.6796529293060303,0.9999999205271403
2648,4.5,-5.5,5,Hero,0.959796690940857,0.9999998569488525
2649,4.300000000000001,-5.699999999999999,7,Hero,0.6921893837196487,0.999999829701015
2650,4.1000000000000005,-5.8999999999999995,9,Hero,0.829792771074507,0.9964022172821893
2651,3.7,-6.3,13,Hero,0.8036315891032035,0.8598073881406051
2652,4.6000000000000005,-5.3999999999999995,4,Hero,0.9984990358352661,0.9988292008638382
2653,4.5,-5.5,5,Hero,0.9774102687835693,0.9999947071075439
2654,4.5,-5.5,5,Hero,0.7807955503463745,0.9991325378417969
2655,4.4,-5.6,6,Hero,0.9525880416234335,0.9999393423398336
2656,4.300000000000001,-5.699999999999999,7,Hero,0.7969769580023629,0.9999652249472482
2657,4.1000000000000005,-5.8999999999999995,9,Hero,0.8292423023117913,0.9986061983638339
2658,4.1000000000000005,-5.8999999999999995,9,Hero,0.8059690731267134,0.9924138055907356
2659,3.4000000000000004,-6.6,16,Hero,0.819402389228344,0.8590770843438804
2660,3.7,-6.3,13,Hero,0.8441512905634366,0.986973015161661
2661,4.7,-5.3,3,Hero,0.9793278376261393,0.9999979734420776
2662,3.7,-6.3,13,Hero,0.8103509224378146,0.9955683029614962
2663,3.5,-6.5,15,Hero,0.8132680932680766,0.9322052924583356
2664,4.300000000000001,-5.699999999999999,7,Hero,0.9482619166374207,0.9999996253422329
2665,3.5,-6.5,15,Hero,0.819806178410848,0.8205738372790317
2666,4.6000000000000005,-5.3999999999999995,4,Hero,0.8227476328611374,0.9999920725822449
2667,4.0,-6.0,10,Hero,0.705634881556034,0.98336261510849
2668,3.6000000000000005,-6.3999999999999995,14,Hero,0.8276751552309308,0.9035763932125909
2669,3.4000000000000004,-6.6,16,Hero,0.7325217854231596,0.9812779054045677
2670,4.300000000000001,-5.699999999999999,7,Hero,0.9864611966269357,0.9999796152114868
2671,-5.1,4.9,1,Villain,0.006653465796262026,0.06516832113265991
2672,4.2,-5.8,8,Hero,0.8553257323801517,0.9998833760619164
2673,4.300000000000001,-5.699999999999999,7,Hero,0.9706187844276428,0.999937117099762
2674,4.7,-5.3,3,Hero,0.9992305437723795,0.9992372592290243
2675,4.6000000000000005,-5.3999999999999995,4,Hero,0.9409942477941513,0.9959730952978134
2676,3.9000000000000004,-6.1,11,Hero,0.8922831578688188,0.9070063541346992
2677,-5.3999999999999995,4.6000000000000005,4,Villain,0.7646880485117435,0.7431627437472343
2678,4.6000000000000005,-5.3999999999999995,4,Hero,0.9421661645174026,0.9967216402292252
2679,4.0,-6.0,10,Hero,0.8602786436676979,0.9888440251350403
2680,4.300000000000001,-5.699999999999999,7,Hero,0.8780630316053119,0.9882996082305908
2681,3.8000000000000007,-6.199999999999999,12,Hero,0.8696105952064196,0.9642672389745712
2682,3.8000000000000007,-6.199999999999999,12,Hero,0.7295074723660946,0.6609740182757378
2683,3.9000000000000004,-6.1,11,Hero,0.9248738288879395,0.6670263680544767
2684,4.2,-5.8,8,Hero,0.9900120124220848,0.8534455075860023
2685,3.8000000000000007,-6.199999999999999,12,Hero,0.7914769674340884,0.6132213460902373
2686,3.5,-6.5,15,Hero,0.7720094978809356,0.7585889259974162
2687,-5.3999999999999995,4.6000000000000005,4,Villain,0.9804883599281311,0.9891472011804581
2688,4.4,-5.6,6,Hero,0.8564701353510221,0.7421711583932241
2689,-5.1,4.9,1,Villain,0.8972322344779968,0.994350016117096
2690,4.4,-5.6,6,Hero,0.9659406344095866,0.971674382686615
2691,4.300000000000001,-5.699999999999999,7,Hero,0.8459860304636615,0.7747318191187722
2692,3.4000000000000004,-6.6,16,Hero,0.7606761301867664,0.673813596367836
2693,4.5,-5.5,5,Hero,0.9712208390235901,0.6548334747552872
2694,4.7,-5.3,3,Hero,0.8697798450787863,0.9536506136258444
2695,4.4,-5.6,6,Hero,0.7875079487760862,0.9930048187573751
2696,4.300000000000001,-5.699999999999999,7,Hero,0.9995091898100716,0.6567424706050328
2697,4.0,-6.0,10,Hero,0.801824264228344,0.8520742237567902
2698,3.6000000000000005,-6.3999999999999995,14,Hero,0.8129841259547642,0.6646755023726395
2699,-5.699999999999999,4.300000000000001,7,Villain,0.5918902712208884,0.804701851946967
2700,4.300000000000001,-5.699999999999999,7,Hero,0.9991101963179452,0.886815777846745
2701,3.7,-6.3,13,Hero,0.5900545693360842,0.7553837459820968
2702,3.5,-6.5,15,Hero,0.70276840031147,0.5966296523809433
2703,4.4,-5.6,6,Hero,0.878131369749705,0.961475690205892
2704,3.7,-6.3,13,Hero,0.8555448869099984,0.5674668567684981
2705,4.5,-5.5,5,Hero,0.5871691197156906,0.9396525144577026
2706,4.0,-6.0,10,Hero,0.9154383957386016,0.94711052775383
2707,4.1000000000000005,-5.8999999999999995,9,Hero,0.6684028514557414,0.4563591198788749
2708,4.2,-5.8,8,Hero,0.9975097253918648,0.8659875560551882
2709,4.6000000000000005,-5.3999999999999995,4,Hero,0.6923113167285919,0.9999954998493195
2710,-5.1,4.9,1,Villain,0.7357119917869568,0.9977779984474182
2711,4.7,-5.3,3,Hero,0.782445083061854,0.9850877920786539
2712,3.8000000000000007,-6.199999999999999,12,Hero,0.8318684411545595,0.9962737709283829
2713,3.5,-6.5,15,Hero,0.7427269756793976,0.9917378147443136
2714,4.6000000000000005,-5.3999999999999995,4,Hero,0.9992094784975052,0.6289902329444885
2715,3.9000000000000004,-6.1,11,Hero,0.7581927220929753,0.9469860358671709
2716,4.1000000000000005,-5.8999999999999995,9,Hero,0.6054136719968584,0.999199714925554
2717,4.4,-5.6,6,Hero,0.8537882417440414,0.9998704294363657
2718,3.9000000000000004,-6.1,11,Hero,0.8827982544898987,0.9566196799278259
2719,3.6000000000000005,-6.3999999999999995,14,Hero,0.6598660520144871,0.9925043966088977
2720,3.4000000000000004,-6.6,16,Hero,0.7224628571420908,0.9911774508655071
2721,4.0,-6.0,10,Hero,0.8505356192588807,0.9943140566349029
2722,4.6000000000000005,-5.3999999999999995,4,Hero,0.9999340921640396,0.9960597008466721
2723,3.7,-6.3,13,Hero,0.7452262857785592,0.9838733077049255
2724,4.4,-5.6,6,Hero,0.9995368321736654,0.6030736056466898
2725,3.7,-6.3,13,Hero,0.7801785125182226,0.7729527090604489
2726,4.7,-5.3,3,Hero,0.9999587535858154,0.9998568296432495
2727,4.5,-5.5,5,Hero,0.9990705013275146,0.7539787828922272
2728,3.5,-6.5,15,Hero,0.8508597950140635,0.9931949337323507
2729,3.6000000000000005,-6.3999999999999995,14,Hero,0.8117995975272996,0.8994550002472741
2730,4.0,-6.0,10,Hero,0.8140752665698529,0.8009049081243574
2731,3.9000000000000004,-6.1,11,Hero,0.8436054262247953,0.7712756163355979
2732,4.4,-5.6,6,Hero,0.7112133949995041,0.9882660806179047
2733,-5.199999999999999,4.800000000000001,2,Villain,0.4002248174510896,0.9678007662296295
2734,4.0,-6.0,10,Hero,0.8294610261917115,0.900968360900879
2735,4.1000000000000005,-5.8999999999999995,9,Hero,0.9994610812928941,0.7268889906505743
2736,3.9000000000000004,-6.1,11,Hero,0.8125347549265082,0.9935256405310198
2737,-5.1,4.9,1,Villain,0.9961251616477966,0.9988310933113098
2738,3.2,-6.8,18,Hero,0.6830265372991562,0.8212894292341338
2739,4.0,-6.0,10,Hero,0.7189342960715294,0.8947176830843091
2740,4.0,-6.0,10,Hero,0.7841809183359146,0.9708836197853088
2741,3.5,-6.5,15,Hero,0.7601814140876134,0.904609203338623
2742,3.7,-6.3,13,Hero,0.7007501916243479,0.9777359274717478
2743,4.300000000000001,-5.699999999999999,7,Hero,0.8559170152459826,0.99986732006073
2744,4.0,-6.0,10,Hero,0.882305845618248,0.999347573518753
2745,3.7,-6.3,13,Hero,0.8521486451992621,0.9981205142461337
2746,4.0,-6.0,10,Hero,0.8419335901737213,0.9916775107383728
2747,3.6000000000000005,-6.3999999999999995,14,Hero,0.6605867174054895,0.8104768480573382
2748,4.4,-5.6,6,Hero,0.8967550297578176,0.9998155335585276
2749,4.1000000000000005,-5.8999999999999995,9,Hero,0.761528170771069,0.9129526151551141
2750,3.5,-6.5,15,Hero,0.8793489654858907,0.99683704773585
2751,4.4,-5.6,6,Hero,0.9987009167671204,0.9999117453893026
2752,4.300000000000001,-5.699999999999999,7,Hero,0.6374040714332035,0.9580148117882865
2753,4.6000000000000005,-5.3999999999999995,4,Hero,0.7713578939437866,0.9999961256980896
2754,3.9000000000000004,-6.1,11,Hero,0.9248800115151838,0.9988295164975253
2755,4.0,-6.0,10,Hero,0.892060711979866,0.8739863216876984
2756,3.0,-7.0,20,Hero,0.7149217355297879,0.8228622367605567
2757,4.800000000000001,-5.199999999999999,2,Hero,0.9973315298557281,0.9999188184738159
2758,4.300000000000001,-5.699999999999999,7,Hero,0.9031089075974056,0.9998511501720974
2759,3.6000000000000005,-6.3999999999999995,14,Hero,0.7080354988574982,0.8958754411765507
2760,4.1000000000000005,-5.8999999999999995,9,Hero,0.9873781601587931,0.7488219771120284
2761,3.7,-6.3,13,Hero,0.7188753141806676,0.9796542754540076
2762,3.7,-6.3,13,Hero,0.667986429654635,0.8897241012981305
2763,4.7,-5.3,3,Hero,0.9979852040608724,0.9999553362528483
2764,4.2,-5.8,8,Hero,0.7390208374708891,0.9519222900271416
2765,4.1000000000000005,-5.8999999999999995,9,Hero,0.7211795780393813,0.9939382672309875
2766,3.9000000000000004,-6.1,11,Hero,0.7084469253366644,0.9872884208505804
2767,-5.3,4.7,3,Villain,0.8520240585009257,0.9999998807907104
2768,4.5,-5.5,5,Hero,0.9007925987243652,0.8428096771240234
2769,4.2,-5.8,8,Hero,0.6539857760071754,0.9999713748693466
2770,3.8000000000000007,-6.199999999999999,12,Hero,0.7892722574373087,0.8477366535613934
2771,3.9000000000000004,-6.1,11,Hero,0.940262030471455,0.8850659998980436
2772,3.2,-6.8,18,Hero,0.8426248861683739,0.9935469594266679
2773,4.2,-5.8,8,Hero,0.7542596682906151,0.9994694516062737
2774,4.5,-5.5,5,Hero,0.7507182002067566,0.9999769687652588
2775,-5.1,4.9,1,Villain,0.8813993334770203,0.9999979734420776
2776,4.9,-5.1,1,Hero,0.9999723434448242,1.0
2777,3.9000000000000004,-6.1,11,Hero,0.7800950380888853,0.8678853444077752
2778,3.9000000000000004,-6.1,11,Hero,0.8515014540065419,0.8868959654461254
2779,3.6000000000000005,-6.3999999999999995,14,Hero,0.7257608153990337,0.9126468141164098
2780,4.6000000000000005,-5.3999999999999995,4,Hero,0.9998174905776978,0.9999779462814331
2781,4.2,-5.8,8,Hero,0.9334349855780602,0.9178639724850655
2782,4.9,-5.1,1,Hero,0.7141081094741821,0.9999979734420776
2783,3.0999999999999996,-6.9,19,Hero,0.8082400093737402,0.9979355084268671
2784,3.6000000000000005,-6.3999999999999995,14,Hero,0.8233320893985885,0.9365394243172237
2785,3.7,-6.3,13,Hero,0.7497399460810882,0.961007860990671
2786,4.7,-5.3,3,Hero,0.7094404796759287,0.9999597469965616
2787,3.3,-6.7,17,Hero,0.7499071692719179,0.8261997734799105
2788,3.8000000000000007,-6.199999999999999,12,Hero,0.6700304187834263,0.7513009073833624
2789,-5.3999999999999995,4.6000000000000005,4,Villain,0.6253385823220015,0.9999983608722687
2790,4.2,-5.8,8,Hero,0.9316266849637032,0.9998643025755882
2791,4.6000000000000005,-5.3999999999999995,4,Hero,0.999628484249115,0.9999850690364838
2792,4.9,-5.1,1,Hero,0.9890488386154175,0.9999963045120239
2793,4.9,-5.1,1,Hero,0.9666761755943298,0.9998807907104492
2794,3.2,-6.8,18,Hero,0.8212920642561383,0.981352835893631
2795,4.1000000000000005,-5.8999999999999995,9,Hero,0.9997314678298103,0.999986449877421
2796,-5.1,4.9,1,Villain,0.6332157254219055,0.9997698664665222
2797,4.1000000000000005,-5.8999999999999995,9,Hero,0.7632891005939908,0.9662410815556844
2798,4.5,-5.5,5,Hero,0.772802060842514,0.9994698524475097
2799,4.0,-6.0,10,Hero,0.9617270648479461,0.9998495280742645
2800,4.300000000000001,-5.699999999999999,7,Hero,0.6214040900979724,0.9846620815140861
2801,4.0,-6.0,10,Hero,0.9135422945022583,0.7784194231033326
2802,3.3,-6.7,17,Hero,0.6865640876486021,0.9985442617360283
2803,4.1000000000000005,-5.8999999999999995,9,Hero,0.8397769762410058,0.996736466884613
2804,4.0,-6.0,10,Hero,0.6698834139853715,0.999616950750351
2805,-5.199999999999999,4.800000000000001,2,Villain,0.49667241564020514,0.9452934265136719
2806,4.7,-5.3,3,Hero,0.6178995569547018,0.9999902645746866
2807,4.300000000000001,-5.699999999999999,7,Hero,0.8790127294404166,0.9991612604686192
2808,3.0999999999999996,-6.9,19,Hero,0.713199573127847,0.9908159783011988
2809,2.099999999999999,-7.9,29,Hero,0.8188379537956468,0.9998449539316112
2810,3.6000000000000005,-6.3999999999999995,14,Hero,0.8827459844095367,0.9999556924615588
2811,3.4000000000000004,-6.6,16,Hero,0.7370579950511456,0.922723691444844
2812,3.9000000000000004,-6.1,11,Hero,0.6774642630056902,0.9999647032130848
2813,4.4,-5.6,6,Hero,0.9998664657274882,0.999999463558197
2814,3.8000000000000007,-6.199999999999999,12,Hero,0.8304863392064968,0.9999175171057383
2815,4.6000000000000005,-5.3999999999999995,4,Hero,0.9745785295963287,0.9996582269668579
2816,3.8000000000000007,-6.199999999999999,12,Hero,0.732282585153977,0.9942503819863001
2817,4.800000000000001,-5.199999999999999,2,Hero,0.9980649650096893,0.9999990463256836
2818,4.6000000000000005,-5.3999999999999995,4,Hero,0.9326940923929214,0.9989121556282043
2819,3.3,-6.7,17,Hero,0.5939616227851194,0.9992485922925612
2820,3.7,-6.3,13,Hero,0.7998680369212077,0.9888222171710088
2821,3.8000000000000007,-6.199999999999999,12,Hero,0.735144833723704,0.9992894977331161
2822,4.4,-5.6,6,Hero,0.8107001061240832,0.9991126358509064
2823,4.1000000000000005,-5.8999999999999995,9,Hero,0.960263106558058,0.9999941984812418
2824,4.1000000000000005,-5.8999999999999995,9,Hero,0.8182521826691098,0.9999597999784682
2825,3.6000000000000005,-6.3999999999999995,14,Hero,0.6791798190346786,0.9089565298386982
2826,4.4,-5.6,6,Hero,0.9940813283125559,0.9999995628992716
2827,3.4000000000000004,-6.6,16,Hero,0.7211482631973922,0.9044833015650511
2828,4.2,-5.8,8,Hero,0.846206933259964,0.9999953806400299
2829,4.0,-6.0,10,Hero,0.7514870017766953,0.9992686867713928
2830,4.2,-5.8,8,Hero,0.8295525908470154,0.9999594837427139
2831,3.5,-6.5,15,Hero,0.7638971030712127,0.9585528055826823
2832,3.7,-6.3,13,Hero,0.8510678914877084,0.9999646819554843
2833,4.6000000000000005,-5.3999999999999995,4,Hero,0.9802195578813553,0.9999995529651642
2834,3.7,-6.3,13,Hero,0.8449360476090357,0.9997119353367732
2835,3.7,-6.3,13,Hero,0.818230383671247,0.8395872270831695
2836,4.1000000000000005,-5.8999999999999995,9,Hero,0.8304511076874204,0.9999910857942369
2837,4.2,-5.8,8,Hero,0.7887355089187622,0.9998951405286789
2838,4.0,-6.0,10,Hero,0.7430585997179151,0.9998139142990112
2839,4.5,-5.5,5,Hero,0.7870512068271637,0.9998947978019714
2840,4.0,-6.0,10,Hero,0.9464249789714814,0.9783421456813812
2841,4.7,-5.3,3,Hero,0.9919697046279907,0.9999989668528239
2842,4.6000000000000005,-5.3999999999999995,4,Hero,0.8439638465642929,0.999955028295517
2843,4.800000000000001,-5.199999999999999,2,Hero,0.9921262562274933,0.9999614953994751
2844,4.7,-5.3,3,Hero,0.8371005058288574,1.0
2845,4.800000000000001,-5.199999999999999,2,Hero,0.9980552196502686,0.9999971985816956
2846,4.1000000000000005,-5.8999999999999995,9,Hero,0.875402205520206,0.9999969667858548
2847,3.7,-6.3,13,Hero,0.8113796963141515,0.9998591542243958
2848,4.0,-6.0,10,Hero,0.9388537526130676,0.9963027775287628
2849,4.1000000000000005,-5.8999999999999995,9,Hero,0.8820580641428629,0.9999971124860976
2850,3.8000000000000007,-6.199999999999999,12,Hero,0.7716702272494634,0.9928386559089025
2851,4.5,-5.5,5,Hero,0.8867962002754212,0.999996018409729
2852,3.8000000000000007,-6.199999999999999,12,Hero,0.7925100103020668,0.9999399234851202
2853,3.4000000000000004,-6.6,16,Hero,0.7805130463093519,0.9291039096424356
2854,4.1000000000000005,-5.8999999999999995,9,Hero,0.5953246255715688,0.9996803469128079
2855,3.9000000000000004,-6.1,11,Hero,0.7481661438941956,0.997682430527427
2856,3.7,-6.3,13,Hero,0.7290044988577182,0.999773199741657
2857,3.6000000000000005,-6.3999999999999995,14,Hero,0.6946807067309108,0.9989972412586212
2858,4.1000000000000005,-5.8999999999999995,9,Hero,0.9924105935626559,0.999999894036187
2859,4.800000000000001,-5.199999999999999,2,Hero,0.9995601773262024,0.9999959468841553
2860,3.8000000000000007,-6.199999999999999,12,Hero,0.6086778963605562,0.9991223762432734
2861,3.2,-6.8,18,Hero,0.6616977925101916,0.8725672720207108
2862,4.1000000000000005,-5.8999999999999995,9,Hero,0.7679835855960846,0.9999591045909457
2863,4.1000000000000005,-5.8999999999999995,9,Hero,0.8891245300571123,0.9999998013178507
2864,4.7,-5.3,3,Hero,0.9587973356246948,0.9999997615814209
2865,-5.199999999999999,4.800000000000001,2,Villain,0.8939949572086334,0.9999967813491821
2866,3.5,-6.5,15,Hero,0.717288059492906,0.935355735818545
2867,4.6000000000000005,-5.3999999999999995,4,Hero,0.7178455144166946,0.9999955594539642
2868,4.4,-5.6,6,Hero,0.9738734662532806,0.9999997615814209
2869,4.1000000000000005,-5.8999999999999995,9,Hero,0.8717677427662743,0.9999865690867106
2870,3.7,-6.3,13,Hero,0.7948909539442796,0.9990235108595628
2871,4.9,-5.1,1,Hero,0.980863094329834,0.999994158744812
2872,4.1000000000000005,-5.8999999999999995,9,Hero,0.9344576530986362,0.9980763792991638
2873,3.6000000000000005,-6.3999999999999995,14,Hero,0.8444351809365409,0.9999214495931353
2874,3.6000000000000005,-6.3999999999999995,14,Hero,0.8184876537748745,0.9998100527695247
2875,4.5,-5.5,5,Hero,0.8506467938423157,0.9999719858169556
2876,4.2,-5.8,8,Hero,0.7577439229935408,0.9996493980288506
2877,4.4,-5.6,6,Hero,0.8719912469387054,0.9995017945766449
2878,4.6000000000000005,-5.3999999999999995,4,Hero,0.6959525309503078,0.9999885559082031
2879,4.1000000000000005,-5.8999999999999995,9,Hero,0.9106862942377726,0.9997347659534879
2880,4.1000000000000005,-5.8999999999999995,9,Hero,0.8215855343474282,0.9999982251061333
2881,4.4,-5.6,6,Hero,0.99884166320165,0.9966138998667399
2882,3.9000000000000004,-6.1,11,Hero,0.837534327398647,0.9999999133023348
2883,4.2,-5.8,8,Hero,0.888743057847023,0.9999138563871384
2884,4.300000000000001,-5.699999999999999,7,Hero,0.7017502912453243,0.9999938862664359
2885,4.1000000000000005,-5.8999999999999995,9,Hero,0.9986138608720567,0.9908274677064683
2886,3.8000000000000007,-6.199999999999999,12,Hero,0.7648552134633064,0.9996005743741989
2887,4.5,-5.5,5,Hero,0.999526035785675,0.9999717473983765
2888,4.2,-5.8,8,Hero,0.9980069473385811,0.9914781227707863
2889,4.5,-5.5,5,Hero,0.6897324621677399,0.999993109703064
2890,4.2,-5.8,8,Hero,0.6575449602678418,0.9999994337558746
2891,4.1000000000000005,-5.8999999999999995,9,Hero,0.6341966456837125,0.9999768601523505
2892,3.9000000000000004,-6.1,11,Hero,0.8749213591217995,0.999998005953702
2893,3.8000000000000007,-6.199999999999999,12,Hero,0.7285061416526636,0.9998503973086675
2894,3.7,-6.3,13,Hero,0.7698539059895736,0.9997492203345666
2895,4.6000000000000005,-5.3999999999999995,4,Hero,0.9937005639076233,0.9999998211860657
2896,4.300000000000001,-5.699999999999999,7,Hero,0.9914670245988029,0.9886486870901925
2897,4.0,-6.0,10,Hero,0.7992811948060989,0.995289808511734
2898,4.7,-5.3,3,Hero,0.9190956950187683,0.9999899864196777
2899,3.6000000000000005,-6.3999999999999995,14,Hero,0.700888396373817,0.9670570194721222
2900,4.6000000000000005,-5.3999999999999995,4,Hero,0.8975603133440018,0.9999999105930328
2901,4.800000000000001,-5.199999999999999,2,Hero,0.9924438297748566,0.9999997019767761
2902,4.4,-5.6,6,Hero,0.76914714773496,0.9999978542327881
2903,3.5,-6.5,15,Hero,0.6690721094608307,0.9989649176597595
2904,4.0,-6.0,10,Hero,0.848551569133997,0.9999953746795655
2905,4.4,-5.6,6,Hero,0.8162594586610794,0.9991673628489176
2906,4.2,-5.8,8,Hero,0.9446504786610603,0.9999959319829941
2907,4.1000000000000005,-5.8999999999999995,9,Hero,0.9895668029785156,0.9437173008918762
2908,4.2,-5.8,8,Hero,0.818343099206686,0.9996661692857742
2909,3.5,-6.5,15,Hero,0.7979945326844852,0.9980180342992147
2910,3.8000000000000007,-6.199999999999999,12,Hero,0.8696005766590437,0.9900797655185064
2911,4.1000000000000005,-5.8999999999999995,9,Hero,0.7710757123099433,0.9999981058968438
2912,4.5,-5.5,5,Hero,0.6251770377159118,0.9999942064285279
2913,4.800000000000001,-5.199999999999999,2,Hero,0.4925859812647104,0.9999894499778748
2914,4.1000000000000005,-5.8999999999999995,9,Hero,0.6116513421552049,0.9973640574349297
2915,4.2,-5.8,8,Hero,0.9459266066551208,0.9868317767977715
2916,4.300000000000001,-5.699999999999999,7,Hero,0.9909799013819013,0.9999998978206089
2917,3.4000000000000004,-6.6,16,Hero,0.76622299477458,0.8395655862987041
2918,-5.1,4.9,1,Villain,0.8595927953720093,0.9999983310699463
2919,4.6000000000000005,-5.3999999999999995,4,Hero,0.7475509382784367,0.9999806880950928
2920,4.7,-5.3,3,Hero,0.9976374705632528,0.9999998013178507
2921,3.5,-6.5,15,Hero,0.7136843264102936,0.9992966691652934
2922,3.2,-6.8,18,Hero,0.8575175657040544,0.9999770124753317
2923,3.4000000000000004,-6.6,16,Hero,0.7975047440268099,0.9983347021043301
2924,3.5,-6.5,15,Hero,0.7920237114032109,0.9318116984019676
2925,3.2,-6.8,18,Hero,0.7165262185864978,0.9423420644468732
2926,3.9000000000000004,-6.1,11,Hero,0.561443491415544,0.9998615871776234
2927,4.2,-5.8,8,Hero,0.99983000010252,0.9999995827674866
2928,3.9000000000000004,-6.1,11,Hero,0.66978212649172,0.9996820959177884
2929,3.9000000000000004,-6.1,11,Hero,0.8004199699922041,0.999928127635609
2930,3.9000000000000004,-6.1,11,Hero,0.9252454801039263,0.9265905158086256
2931,4.1000000000000005,-5.8999999999999995,9,Hero,0.9560190306769477,0.9999966886308458
2932,3.9000000000000004,-6.1,11,Hero,0.7872702289711345,0.9995163028890436
2933,4.2,-5.8,8,Hero,0.9992807358503342,0.9999996721744537
2934,4.6000000000000005,-5.3999999999999995,4,Hero,0.7953896671533585,0.9999629855155945
2935,3.7,-6.3,13,Hero,0.7550662801815913,0.997298199396867
2936,4.0,-6.0,10,Hero,0.8309866040945053,0.9999423801898957
2937,3.4000000000000004,-6.6,16,Hero,0.6830941820517182,0.7879023719578981
2938,4.5,-5.5,5,Hero,0.8800744831562042,0.9999979734420776
2939,4.7,-5.3,3,Hero,0.7541670401891073,0.999986489613851
2940,4.4,-5.6,6,Hero,0.8664777378241221,0.9999814430872599
2941,4.6000000000000005,-5.3999999999999995,4,Hero,0.8852324783802032,0.9999174028635025
2942,4.300000000000001,-5.699999999999999,7,Hero,0.7182243551526751,0.9999868699482509
2943,3.4000000000000004,-6.6,16,Hero,0.7169140467885882,0.9866613559424877
2944,4.2,-5.8,8,Hero,0.7249221429228783,0.9999521374702454
2945,3.7,-6.3,13,Hero,0.7096709902040087,0.9996111576373761
2946,4.0,-6.0,10,Hero,0.7367363661527634,0.9692397952079773
2947,4.0,-6.0,10,Hero,0.78848971799016,0.9998581230640411
2948,3.9000000000000004,-6.1,11,Hero,0.8945305726744912,0.9999869628386064
2949,4.0,-6.0,10,Hero,0.7671299025416374,0.9996975481510162
2950,4.1000000000000005,-5.8999999999999995,9,Hero,0.7946998725334803,0.9994491669866774
2951,3.3,-6.7,17,Hero,0.7114114695612122,0.9920243655934053
2952,3.8000000000000007,-6.199999999999999,12,Hero,0.8246887835363547,0.9999929368495941
2953,4.1000000000000005,-5.8999999999999995,9,Hero,0.9987848202387491,0.9955032997661166
2954,3.4000000000000004,-6.6,16,Hero,0.7978510344401002,0.9989936798810959
2955,3.8000000000000007,-6.199999999999999,12,Hero,0.7516645708431801,0.998677929242452
2956,4.7,-5.3,3,Hero,0.6713758905728658,0.9999993244806925
2957,3.7,-6.3,13,Hero,0.7729480106097001,0.9999587398308974
2958,3.9000000000000004,-6.1,11,Hero,0.9086215848272498,0.9999720400029962
2959,4.5,-5.5,5,Hero,0.7111133813858033,0.9999915599822998
2960,4.7,-5.3,3,Hero,0.823922872543335,0.9999734958012899
2961,3.5,-6.5,15,Hero,0.7787840823332469,0.9979768236478169
2962,4.4,-5.6,6,Hero,0.8674560089906057,0.9999867677688599
2963,4.6000000000000005,-5.3999999999999995,4,Hero,0.8908366709947586,0.9999967515468597
2964,4.800000000000001,-5.199999999999999,2,Hero,0.9703697562217712,0.999999463558197
2965,4.1000000000000005,-5.8999999999999995,9,Hero,0.9303328527344598,0.999990701675415
2966,4.300000000000001,-5.699999999999999,7,Hero,0.602553265435355,0.9999548196792603
2967,4.2,-5.8,8,Hero,0.8899150565266609,0.9996553584933281
2968,3.8000000000000007,-6.199999999999999,12,Hero,0.7034760278960069,0.9997013807296753
2969,3.9000000000000004,-6.1,11,Hero,0.7780269655314359,0.9989799315279181
2970,4.5,-5.5,5,Hero,0.8244118988513947,0.9999969482421875
2971,4.1000000000000005,-5.8999999999999995,9,Hero,0.9496471418274773,0.9999990065892538
2972,4.6000000000000005,-5.3999999999999995,4,Hero,0.880865141749382,0.9999980032444
2973,4.4,-5.6,6,Hero,0.9112231135368347,0.9999986886978149
2974,3.7,-6.3,13,Hero,0.8061447189404414,0.9925151834121118
2975,4.5,-5.5,5,Hero,0.8566704154014587,0.9998796224594116
2976,3.9000000000000004,-6.1,11,Hero,0.7563987916166132,0.9999849146062677
2977,3.9000000000000004,-6.1,11,Hero,0.9345402175729925,0.9993554191155867
2978,3.6000000000000005,-6.3999999999999995,14,Hero,0.7621700667909214,0.9999488890171051
2979,3.9000000000000004,-6.1,11,Hero,0.9316054582595825,0.9845033504746177
2980,4.300000000000001,-5.699999999999999,7,Hero,0.8235561081341335,0.9999977179936
2981,3.6000000000000005,-6.3999999999999995,14,Hero,0.7956046533903905,0.9997953431946891
2982,4.7,-5.3,3,Hero,0.8429991404215494,0.9999934832255045
2983,-5.3,4.7,3,Villain,0.45812076330184937,0.995541532834371
2984,4.0,-6.0,10,Hero,0.9646287798881531,0.9999981880187988
2985,4.0,-6.0,10,Hero,0.8150879383087158,0.9999754428863525
2986,3.5,-6.5,15,Hero,0.818904976050059,0.9979305585225423
2987,4.7,-5.3,3,Hero,0.5622841914494833,0.9999945958455404
2988,4.300000000000001,-5.699999999999999,7,Hero,0.8107287074838366,0.9999889305659703
2989,3.4000000000000004,-6.6,16,Hero,0.8787966822274029,0.8861115947365761
2990,4.9,-5.1,1,Hero,0.9861651659011841,0.9999867677688599
2991,4.1000000000000005,-5.8999999999999995,9,Hero,0.9905476636356778,0.9999998675452338
2992,4.6000000000000005,-5.3999999999999995,4,Hero,0.8104089647531509,0.999985545873642
2993,4.300000000000001,-5.699999999999999,7,Hero,0.9097518920898438,0.9996129104069301
2994,3.4000000000000004,-6.6,16,Hero,0.7334189713001251,0.9994892664253712
2995,3.9000000000000004,-6.1,11,Hero,0.7556857195767489,0.9990965832363475
2996,4.1000000000000005,-5.8999999999999995,9,Hero,0.8240747965044446,0.9999889930089315
2997,4.9,-5.1,1,Hero,0.98097825050354,1.0
2998,4.1000000000000005,-5.8999999999999995,9,Hero,0.9995029105080498,0.8480557021167543
2999,3.8000000000000007,-6.199999999999999,12,Hero,0.9022693485021591,0.9969273855288824
3000,4.6000000000000005,-5.3999999999999995,4,Hero,0.8473637476563454,0.9998933672904968
