episode,hero_reward,villain_reward,steps,winner,hero_avg_prob,villain_avg_prob
1,-7.5,2.4999999999999996,25,Villain,0.2888286980986595,0.26593058586120605
2,-4.999999999999998,-4.999999999999998,50,None,0.34371895372867584,0.2968008016049862
3,-4.999999999999998,-4.999999999999998,50,None,0.2838039270043373,0.3342009873688221
4,-5.699999999999999,4.300000000000001,7,Villain,0.268851067338671,0.2715449865375246
5,-4.999999999999998,-4.999999999999998,50,None,0.29046849489212034,0.328274517506361
6,-8.500000000000002,1.4999999999999987,35,Villain,0.3349053376487323,0.5870021821664912
7,-5.6,4.4,6,Villain,0.31471601376930874,0.537857453028361
8,-4.999999999999998,-4.999999999999998,50,None,0.2900893998146057,0.5027363826334477
9,-4.999999999999998,-4.999999999999998,50,None,0.26160468757152555,0.4359089184552431
10,-8.700000000000001,1.2999999999999985,37,Villain,0.376675186729109,0.7914150088673105
11,1.1999999999999984,-8.8,38,Hero,0.32012733072042465,0.6321545433449117
12,0.10000000000000142,-9.899999999999999,49,Hero,0.3500327414699963,0.5649587433709173
13,-4.999999999999998,-4.999999999999998,50,None,0.3946212146431208,0.700683771893382
14,1.5999999999999988,-8.400000000000002,34,Hero,0.3029471846187816,0.8225280984907466
15,1.4999999999999987,-8.500000000000002,35,Hero,0.3420618067894663,0.8250185981925044
16,2.2999999999999994,-7.700000000000001,27,Hero,0.36570386588573456,0.7739267139523117
17,1.0999999999999983,-8.900000000000002,39,Hero,0.3770276090751092,0.47404391375871807
18,3.7,-6.3,13,Hero,0.4064766764640808,0.729589221569208
19,2.6999999999999997,-7.300000000000001,23,Hero,0.35971133265158406,0.9590402660162552
20,1.799999999999999,-8.200000000000001,32,Hero,0.40877082594670355,0.9065636545419693
21,3.2,-6.8,18,Hero,0.459069710638788,0.5653015124715037
22,3.5,-6.5,15,Hero,0.5372956415017446,0.9123954137166341
23,3.2,-6.8,18,Hero,0.3796478288455142,0.9756567544407315
24,3.0999999999999996,-6.9,19,Hero,0.4476615676754399,0.7110443899506017
25,3.6000000000000005,-6.3999999999999995,14,Hero,0.42453464546373915,0.8921505085059575
26,4.4,-5.6,6,Hero,0.41366622659067315,0.9715492824713389
27,3.2,-6.8,18,Hero,0.3793961877624194,0.9716360370318095
28,2.8,-7.2,22,Hero,0.3892387422648343,0.8609636615623127
29,3.0999999999999996,-6.9,19,Hero,0.3894514927738591,0.6350804469303081
30,4.9,-5.1,1,Hero,0.5471405982971191,0.9861887097358704
31,2.8,-7.2,22,Hero,0.3799997656182809,0.9070207206955687
32,3.5,-6.5,15,Hero,0.4755644907553991,0.9856400648752849
33,3.0,-7.0,20,Hero,0.45359440296888354,0.9740420252084732
34,2.3999999999999995,-7.6000000000000005,26,Hero,0.456975373511131,0.9653131915972784
35,-5.3,4.7,3,Villain,0.2870061894257863,0.8687971035639445
36,2.6999999999999997,-7.300000000000001,23,Hero,0.42857698189175647,0.9919004051581674
37,4.1000000000000005,-5.8999999999999995,9,Hero,0.7591710090637207,0.9867817693286471
38,3.2,-6.8,18,Hero,0.542809907760885,0.9893273313840231
39,3.3,-6.7,17,Hero,0.4665237561361316,0.9975340857225306
40,3.9000000000000004,-6.1,11,Hero,0.7221182760867205,0.9846758571538058
41,4.5,-5.5,5,Hero,0.833514678478241,0.9964653730392456
42,3.8000000000000007,-6.199999999999999,12,Hero,0.5182320115466913,0.9959922780593237
43,3.0999999999999996,-6.9,19,Hero,0.5758602070180994,0.9938099509791324
44,3.9000000000000004,-6.1,11,Hero,0.6123249286955054,0.9875500364737078
45,4.2,-5.8,8,Hero,0.7053654752671719,0.9992642477154732
46,3.7,-6.3,13,Hero,0.585307070842156,0.8693934300771127
47,3.9000000000000004,-6.1,11,Hero,0.5500803427262739,0.9971058206124739
48,3.6000000000000005,-6.3999999999999995,14,Hero,0.4739430022891611,0.9964972649301801
49,4.6000000000000005,-5.3999999999999995,4,Hero,0.5362771302461624,0.9860522001981735
50,4.1000000000000005,-5.8999999999999995,9,Hero,0.5770640042093065,0.9844870037502713
51,3.8000000000000007,-6.199999999999999,12,Hero,0.5337394873301188,0.9942378997802734
52,3.8000000000000007,-6.199999999999999,12,Hero,0.48694779475529987,0.9938504894574484
53,4.5,-5.5,5,Hero,0.4899467945098877,0.9968504667282104
54,3.8000000000000007,-6.199999999999999,12,Hero,0.6306836182872454,0.9964296619097391
55,4.5,-5.5,5,Hero,0.7570412039756775,0.9992642521858215
56,3.9000000000000004,-6.1,11,Hero,0.5328803279183127,0.9841876138340343
57,4.4,-5.6,6,Hero,0.5914798378944397,0.9975909690062205
58,3.9000000000000004,-6.1,11,Hero,0.6126127486879175,0.9950276396491311
59,3.9000000000000004,-6.1,11,Hero,0.5682805776596069,0.9967348033731634
60,3.6000000000000005,-6.3999999999999995,14,Hero,0.5446289352008274,0.9899974380220685
61,4.800000000000001,-5.199999999999999,2,Hero,0.47407619655132294,0.9998171031475067
62,-5.1,4.9,1,Villain,0.9262328147888184,0.008222348056733608
63,4.1000000000000005,-5.8999999999999995,9,Hero,0.6286968953079648,0.9974286887380812
64,1.899999999999999,-8.100000000000001,31,Hero,0.5971410870552063,0.8671045908103546
65,3.3,-6.7,17,Hero,0.5987599562196171,0.8593411559567732
66,2.8,-7.2,22,Hero,0.5797453339804303,0.8648162734779444
67,3.5,-6.5,15,Hero,0.6477389484643936,0.9478070934613546
68,1.6999999999999988,-8.3,33,Hero,0.6098184179175984,0.7317308398584524
69,3.4000000000000004,-6.6,16,Hero,0.6197931366041303,0.8121793286409229
70,1.799999999999999,-8.200000000000001,32,Hero,0.534777342909365,0.5375923529500142
71,4.800000000000001,-5.199999999999999,2,Hero,0.49392226338386536,0.9602460265159607
72,4.4,-5.6,6,Hero,0.5207557280858358,0.9338468809922537
73,4.1000000000000005,-5.8999999999999995,9,Hero,0.5788752635320028,0.8056643108526865
74,3.5,-6.5,15,Hero,0.5516882737477621,0.7138651122649511
75,4.4,-5.6,6,Hero,0.5027986119190851,0.44020135203997296
76,3.0999999999999996,-6.9,19,Hero,0.4852276671873896,0.5210695317701289
77,4.1000000000000005,-5.8999999999999995,9,Hero,0.5050943129592471,0.4557998544640011
78,4.4,-5.6,6,Hero,0.5368552108605703,0.6245637660225233
79,4.4,-5.6,6,Hero,0.507008969783783,0.6195628742376963
80,3.8000000000000007,-6.199999999999999,12,Hero,0.5723547240098318,0.5198980420827866
81,3.6000000000000005,-6.3999999999999995,14,Hero,0.49480479104178293,0.567873648234776
82,2.099999999999999,-7.9,29,Hero,0.5309326330135609,0.5285386782267998
83,4.300000000000001,-5.699999999999999,7,Hero,0.6211004640374865,0.4879424699715206
84,4.4,-5.6,6,Hero,0.5112898548444113,0.5806894302368164
85,4.5,-5.5,5,Hero,0.5184262871742249,0.6459064334630966
86,4.4,-5.6,6,Hero,0.516040712594986,0.5007584989070892
87,4.5,-5.5,5,Hero,0.503916996717453,0.5497182011604309
88,3.2,-6.8,18,Hero,0.5201865219407611,0.5255867424938414
89,4.0,-6.0,10,Hero,0.6040796905755996,0.6278433993458747
90,3.6000000000000005,-6.3999999999999995,14,Hero,0.5534809763942447,0.4745835036571537
91,3.6000000000000005,-6.3999999999999995,14,Hero,0.5542783971343722,0.7005599125155381
92,3.6000000000000005,-6.3999999999999995,14,Hero,0.5214789424623761,0.7276324842657361
93,4.6000000000000005,-5.3999999999999995,4,Hero,0.6413370743393898,0.563828706741333
94,3.8000000000000007,-6.199999999999999,12,Hero,0.5377146030465761,0.5245864167809486
95,3.7,-6.3,13,Hero,0.48580318230849046,0.599273409980994
96,4.2,-5.8,8,Hero,0.5451842825859785,0.5014366246759892
97,4.1000000000000005,-5.8999999999999995,9,Hero,0.4485977072423945,0.5237303723891577
98,3.8000000000000007,-6.199999999999999,12,Hero,0.4870846246679624,0.8033938078830639
99,3.4000000000000004,-6.6,16,Hero,0.5227103978395462,0.5316400304436684
100,3.3,-6.7,17,Hero,0.5421116509858299,0.5375218654380125
101,4.4,-5.6,6,Hero,0.491082822283109,0.5049903045097986
102,3.3,-6.7,17,Hero,0.5024086727815515,0.54848722982056
103,4.1000000000000005,-5.8999999999999995,9,Hero,0.5513639350732168,0.5956748856438531
104,3.4000000000000004,-6.6,16,Hero,0.5629611127078533,0.6735060838982463
105,4.0,-6.0,10,Hero,0.5016565829515457,0.47769518569111824
106,3.3,-6.7,17,Hero,0.48474012753542733,0.6875669465345495
107,4.2,-5.8,8,Hero,0.5318133410255541,0.7200167551636696
108,3.5,-6.5,15,Hero,0.548503977060318,0.5698271423578263
109,3.4000000000000004,-6.6,16,Hero,0.5922687593847513,0.5043496811995283
110,3.7,-6.3,13,Hero,0.4899157927586482,0.7103785459811871
111,4.1000000000000005,-5.8999999999999995,9,Hero,0.4618577692243788,0.40736212933229077
112,3.8000000000000007,-6.199999999999999,12,Hero,0.5275618880987167,0.6040362790226936
113,3.8000000000000007,-6.199999999999999,12,Hero,0.4995472729206085,0.5006375387310982
114,3.5,-6.5,15,Hero,0.509519358476003,0.6540190935134887
115,3.5,-6.5,15,Hero,0.49373410145441693,0.7247738321622212
116,3.3,-6.7,17,Hero,0.4980536751887378,0.6357868975576233
117,4.2,-5.8,8,Hero,0.49920719861984253,0.6697210241109133
118,3.8000000000000007,-6.199999999999999,12,Hero,0.5500387673576673,0.6404421644595762
119,4.1000000000000005,-5.8999999999999995,9,Hero,0.5620319677723778,0.8484276309609413
120,4.9,-5.1,1,Hero,0.8479404449462891,0.774217426776886
121,4.300000000000001,-5.699999999999999,7,Hero,0.6033868065902165,0.9608001623834882
122,2.6999999999999997,-7.300000000000001,23,Hero,0.5754185163456461,0.649108185392359
123,3.0,-7.0,20,Hero,0.4633265217766166,0.6674050809815526
124,2.8,-7.2,22,Hero,0.4758247120771557,0.7508028826930306
125,3.0,-7.0,20,Hero,0.5578941851854324,0.8054496228694916
126,4.1000000000000005,-5.8999999999999995,9,Hero,0.6383927828735776,0.8567729327413771
127,4.1000000000000005,-5.8999999999999995,9,Hero,0.8029090364774069,0.974909418159061
128,3.0999999999999996,-6.9,19,Hero,0.5375947999326807,0.8970496129048499
129,3.0,-7.0,20,Hero,0.5015321258455515,0.8311656191945076
130,4.2,-5.8,8,Hero,0.6683558002114296,0.9267948791384697
131,4.5,-5.5,5,Hero,0.7239480137825012,0.771480244398117
132,2.9,-7.1,21,Hero,0.532861114967437,0.9256273529359272
133,4.2,-5.8,8,Hero,0.4774951636791229,0.9352063536643982
134,4.0,-6.0,10,Hero,0.6823087111115456,0.9963096439838409
135,3.4000000000000004,-6.6,16,Hero,0.5174699566268828,0.8188626244664192
136,3.9000000000000004,-6.1,11,Hero,0.5701198252764615,0.9754739620468833
137,3.4000000000000004,-6.6,16,Hero,0.5485311783850193,0.9219329315237701
138,4.7,-5.3,3,Hero,0.4351896792650223,0.9735309680302938
139,3.7,-6.3,13,Hero,0.4971873049552624,0.9197733173003564
140,-5.199999999999999,4.800000000000001,2,Villain,0.8914045989513397,0.9596169292926788
141,4.4,-5.6,6,Hero,0.5796864132086436,0.9710001349449158
142,4.1000000000000005,-5.8999999999999995,9,Hero,0.5610477030277252,0.9975640840000577
143,3.9000000000000004,-6.1,11,Hero,0.5287248844450171,0.9768727096644315
144,4.300000000000001,-5.699999999999999,7,Hero,0.6547795044524329,0.9497274075235639
145,3.8000000000000007,-6.199999999999999,12,Hero,0.5227999904503425,0.9613056778907776
146,4.9,-5.1,1,Hero,0.7883751392364502,0.9979488253593445
147,3.4000000000000004,-6.6,16,Hero,0.5305890776216984,0.967290610074997
148,2.1999999999999993,-7.800000000000001,28,Hero,0.554513123950788,0.9603335845583517
149,3.9000000000000004,-6.1,11,Hero,0.6695908199657093,0.9780845967206088
150,4.300000000000001,-5.699999999999999,7,Hero,0.5382386445999146,0.9468139835766384
151,3.0999999999999996,-6.9,19,Hero,0.5582422206276342,0.9136254873714948
152,4.4,-5.6,6,Hero,0.5101785858472189,0.815575803242003
153,3.7,-6.3,13,Hero,0.5149530470371246,0.8944265446983851
154,3.5,-6.5,15,Hero,0.5969295625885328,0.8425769607226054
155,2.3999999999999995,-7.6000000000000005,26,Hero,0.6363692948451409,0.8999807606272113
156,1.0999999999999983,-8.900000000000002,39,Hero,0.6832171777884165,0.9870376984278361
157,4.4,-5.6,6,Hero,0.5019211967786154,0.9964201052983602
158,4.1000000000000005,-5.8999999999999995,9,Hero,0.5170663694540659,0.9983518256081475
159,3.0,-7.0,20,Hero,0.46723654770758005,0.8787957221269608
160,3.5,-6.5,15,Hero,0.61296772758166,0.8423670500516891
161,4.1000000000000005,-5.8999999999999995,9,Hero,0.5164946781264411,0.7783145612726609
162,3.7,-6.3,13,Hero,0.5165238907703986,0.9949727883705726
163,3.3,-6.7,17,Hero,0.5413209007066839,0.9650993136798635
164,4.9,-5.1,1,Hero,0.6117882132530212,0.9994296431541443
165,4.0,-6.0,10,Hero,0.6317633390426636,0.830168855190277
166,3.7,-6.3,13,Hero,0.4804777434239021,0.9017398517865401
167,4.1000000000000005,-5.8999999999999995,9,Hero,0.7531509432527754,0.7657105376323065
168,3.8000000000000007,-6.199999999999999,12,Hero,0.47890663892030716,0.9977043718099594
169,4.0,-6.0,10,Hero,0.535505673289299,0.9920099914073944
170,3.6000000000000005,-6.3999999999999995,14,Hero,0.512252077460289,0.9783625304698944
171,3.7,-6.3,13,Hero,0.5670097837081323,0.9969757107587961
172,4.2,-5.8,8,Hero,0.5207194797694683,0.9899087175726891
173,3.9000000000000004,-6.1,11,Hero,0.584597192027352,0.8844928985292261
174,4.1000000000000005,-5.8999999999999995,9,Hero,0.6147755748695798,0.9995523558722602
175,4.6000000000000005,-5.3999999999999995,4,Hero,0.5948657169938087,0.9968085139989853
176,4.4,-5.6,6,Hero,0.595214918255806,0.9968158404032389
177,4.1000000000000005,-5.8999999999999995,9,Hero,0.4963432682885064,0.9997275339232551
178,4.4,-5.6,6,Hero,0.5174427578846613,0.9669595261414846
179,3.2,-6.8,18,Hero,0.46474787096182507,0.9580038686593374
180,4.1000000000000005,-5.8999999999999995,9,Hero,0.5913081036673652,0.9982273644871182
181,3.8000000000000007,-6.199999999999999,12,Hero,0.5311846236387888,0.8861648086458445
182,3.8000000000000007,-6.199999999999999,12,Hero,0.5654949496189753,0.9918601810932159
183,4.1000000000000005,-5.8999999999999995,9,Hero,0.4958752757973141,0.9762349724769592
184,3.6000000000000005,-6.3999999999999995,14,Hero,0.6161014224801745,0.9940514053617205
185,-5.1,4.9,1,Villain,0.45317959785461426,0.9935641884803772
186,3.9000000000000004,-6.1,11,Hero,0.6627970933914185,0.9976809566671198
187,3.2,-6.8,18,Hero,0.5981046230428748,0.9680122004614936
188,-4.999999999999998,-4.999999999999998,50,None,0.8221058876812458,0.9986818742752075
189,2.8,-7.2,22,Hero,0.5141901902177117,0.9994042109359395
190,2.6999999999999997,-7.300000000000001,23,Hero,0.7709066284739453,0.9984722422516864
191,3.5,-6.5,15,Hero,0.5395555257797241,0.8850990414619446
192,4.1000000000000005,-5.8999999999999995,9,Hero,0.4976479576693641,0.9994136095046997
193,4.1000000000000005,-5.8999999999999995,9,Hero,0.5827262004216512,0.9845124615563287
194,3.8000000000000007,-6.199999999999999,12,Hero,0.5153859555721283,0.9995023608207703
195,4.300000000000001,-5.699999999999999,7,Hero,0.5341597199440002,0.9998001882008144
196,4.7,-5.3,3,Hero,0.5493726929028829,0.998689333597819
197,3.7,-6.3,13,Hero,0.7259466854425577,0.9840089541215163
198,0.3000000000000007,-9.7,47,Hero,0.7282632330947734,0.9906090789652885
199,0.8999999999999986,-9.100000000000001,41,Hero,0.7247433164497701,0.9983812425194717
200,3.2,-6.8,18,Hero,0.6428470090031624,0.9989641507466634
201,4.2,-5.8,8,Hero,0.5312226703390479,0.8620350692654029
202,4.300000000000001,-5.699999999999999,7,Hero,0.6319909180913653,0.9997390678950718
203,4.1000000000000005,-5.8999999999999995,9,Hero,0.609321673711141,0.9987309773763021
204,4.1000000000000005,-5.8999999999999995,9,Hero,0.6940110350648562,0.9531591402159797
205,3.0,-7.0,20,Hero,0.6066843710839749,0.9453355595469475
206,3.3,-6.7,17,Hero,0.5592666031683192,0.9850986284368178
207,3.4000000000000004,-6.6,16,Hero,0.6068496014922857,0.9889815747737885
208,2.9,-7.1,21,Hero,0.7031930770192828,0.9996391506422133
209,2.4999999999999996,-7.5,25,Hero,0.6707814782857895,0.9979942750930786
210,4.9,-5.1,1,Hero,0.6118438243865967,0.999556839466095
211,3.5,-6.5,15,Hero,0.6204267669469118,0.9143627713123957
212,4.4,-5.6,6,Hero,0.6081968049208323,0.9966298739115397
213,1.7763568394002505e-15,-9.999999999999998,50,Hero,0.8274864059686661,0.9993183255195618
214,4.0,-6.0,10,Hero,0.6979773998260498,0.9998309552669525
215,2.9,-7.1,21,Hero,0.8150791664208684,0.999280313650767
216,-4.999999999999998,-4.999999999999998,50,None,0.77670061185956,0.9971988737583161
217,-4.999999999999998,-4.999999999999998,50,None,0.74147719000699,0.9963931500911712
218,3.3,-6.7,17,Hero,0.6462086386540357,0.9982887506484985
219,4.300000000000001,-5.699999999999999,7,Hero,0.585274915610041,0.9993108681270054
220,-5.1,4.9,1,Villain,0.8107479810714722,0.9940882921218872
221,3.2,-6.8,18,Hero,0.621762540191412,0.9943072497844696
222,4.9,-5.1,1,Hero,0.973969578742981,0.9999507665634155
223,-4.999999999999998,-4.999999999999998,50,None,0.8419955644011498,0.9946869742870331
224,4.9,-5.1,1,Hero,0.9918713569641113,0.9995549321174622
225,-4.999999999999998,-4.999999999999998,50,None,0.7273933623917401,0.9874765348434448
226,-4.999999999999998,-4.999999999999998,50,None,0.9145216691121459,0.9979104542732239
227,-4.999999999999998,-4.999999999999998,50,None,0.930592052526772,0.9981172609329224
228,3.9000000000000004,-6.1,11,Hero,0.8929309192198244,0.9993267438628457
229,4.5,-5.5,5,Hero,0.9952323913574219,0.9995104193687439
230,-4.999999999999998,-4.999999999999998,50,None,0.9678689663112163,0.9994096696376801
231,-4.999999999999998,-4.999999999999998,50,None,0.9134889314696193,0.9886959218978881
232,-4.999999999999998,-4.999999999999998,50,None,0.8751821185648442,0.9634702262282372
233,4.0,-6.0,10,Hero,0.6898475592024624,0.9978778719902038
234,-4.999999999999998,-4.999999999999998,50,None,0.8991540019214154,0.9972665643692017
235,-4.999999999999998,-4.999999999999998,50,None,0.7222693401575089,0.909534555375576
236,-4.999999999999998,-4.999999999999998,50,None,0.8223445854336023,0.9946966993808747
237,-4.999999999999998,-4.999999999999998,50,None,0.8572672206163406,0.9952029407024383
238,-4.999999999999998,-4.999999999999998,50,None,0.860061174556613,0.971553605273366
239,-4.999999999999998,-4.999999999999998,50,None,0.8633274567127228,0.9926405394077301
240,-4.999999999999998,-4.999999999999998,50,None,0.9669193482398987,0.9791297491325531
241,-4.999999999999998,-4.999999999999998,50,None,0.8259869703650474,0.9969320869445801
242,-4.999999999999998,-4.999999999999998,50,None,0.8580821602791547,0.9777745485398919
243,2.2999999999999994,-7.700000000000001,27,Hero,0.9356525015361883,0.9998768148598848
244,1.2999999999999985,-8.700000000000001,37,Hero,0.7919708479296517,0.9988515747560037
245,1.799999999999999,-8.200000000000001,32,Hero,0.828066487563774,0.9992290399968624
246,-5.1,4.9,1,Villain,0.9191534519195557,0.9851769208908081
247,2.099999999999999,-7.9,29,Hero,0.7630889875621631,0.9977066188023008
248,2.4999999999999996,-7.5,25,Hero,0.6356741994619369,0.9580020058667287
249,3.6000000000000005,-6.3999999999999995,14,Hero,0.592184094446046,0.9956351774079459
250,3.0999999999999996,-6.9,19,Hero,0.6217019699121776,0.9428111671617156
251,3.4000000000000004,-6.6,16,Hero,0.5761756775900722,0.9288918282836676
252,3.4000000000000004,-6.6,16,Hero,0.5983744598925114,0.9815311282873154
253,-5.6,4.4,6,Villain,0.8967273036638895,0.964872807264328
254,3.7,-6.3,13,Hero,0.6133087071088644,0.999580401640672
255,3.3,-6.7,17,Hero,0.5953573426779579,0.9989694882841671
256,3.5,-6.5,15,Hero,0.5769356191158295,0.998402206103007
257,4.0,-6.0,10,Hero,0.6857629656791687,0.9996863722801208
258,3.5,-6.5,15,Hero,0.6608250121275584,0.9997980912526448
259,4.4,-5.6,6,Hero,0.5256721476713816,0.999753475189209
260,4.7,-5.3,3,Hero,0.8636149168014526,0.9998181660970052
261,3.7,-6.3,13,Hero,0.61500506905409,0.9998160692361685
262,3.0,-7.0,20,Hero,0.7863655008375645,0.9995902508497239
263,0.6999999999999993,-9.3,43,Hero,0.8074832830664723,0.9995092292164647
264,3.6000000000000005,-6.3999999999999995,14,Hero,0.8081721482532365,0.9997983319418771
265,2.2999999999999994,-7.700000000000001,27,Hero,0.6455955218385767,0.9985832042164273
266,2.3999999999999995,-7.6000000000000005,26,Hero,0.6363205869610493,0.9209674937928167
267,3.5,-6.5,15,Hero,0.5726809471845626,0.9957032561302185
268,-5.6,4.4,6,Villain,0.7128896762927374,0.9537709554036459
269,3.4000000000000004,-6.6,16,Hero,0.6021043658256531,0.9995730109512806
270,3.6000000000000005,-6.3999999999999995,14,Hero,0.5220801999260273,0.9859091809817723
271,4.2,-5.8,8,Hero,0.7300816876813769,0.999933585524559
272,3.6000000000000005,-6.3999999999999995,14,Hero,0.49417680714811596,0.9945884687559945
273,4.2,-5.8,8,Hero,0.6834189053624868,0.9997103661298752
274,4.0,-6.0,10,Hero,0.48411011397838594,0.999270248413086
275,3.8000000000000007,-6.199999999999999,12,Hero,0.6551034102837244,0.9987265765666962
276,3.8000000000000007,-6.199999999999999,12,Hero,0.5945875893036524,0.9982671936353048
277,4.0,-6.0,10,Hero,0.5773924171924592,0.9991946041584014
278,4.300000000000001,-5.699999999999999,7,Hero,0.5631383614880698,0.9994599648884365
279,4.0,-6.0,10,Hero,0.5643104285001754,0.9978622257709503
280,3.0,-7.0,20,Hero,0.6334068283438683,0.9988257110118866
281,4.1000000000000005,-5.8999999999999995,9,Hero,0.6907941848039627,0.9998268816206191
282,4.300000000000001,-5.699999999999999,7,Hero,0.7019296075616565,0.9997742772102356
283,4.300000000000001,-5.699999999999999,7,Hero,0.5992469021252224,0.9995018669537136
284,4.300000000000001,-5.699999999999999,7,Hero,0.7898537175995963,0.9989121726581028
285,3.9000000000000004,-6.1,11,Hero,0.5156185654076663,0.9983751394531943
286,4.2,-5.8,8,Hero,0.9522270038723946,0.9984578043222427
287,4.1000000000000005,-5.8999999999999995,9,Hero,0.8599279936816957,0.997312413321601
288,4.1000000000000005,-5.8999999999999995,9,Hero,0.657420148452123,0.9986591736475626
289,3.4000000000000004,-6.6,16,Hero,0.5822039470076561,0.9999251067638397
290,3.4000000000000004,-6.6,16,Hero,0.6515231085941195,0.9970245100557804
291,0.20000000000000107,-9.799999999999999,48,Hero,0.8730003802726666,0.9995307276646296
292,4.0,-6.0,10,Hero,0.6163426995277405,0.9997974991798401
293,1.6999999999999988,-8.3,33,Hero,0.760121851933725,0.9999703963597616
294,1.1999999999999984,-8.8,38,Hero,0.7041455105339226,0.999860649046145
295,4.0,-6.0,10,Hero,0.7777869611978531,0.9999124526977539
296,3.6000000000000005,-6.3999999999999995,14,Hero,0.6304008758493832,0.9999425496373858
297,4.0,-6.0,10,Hero,0.8707769051194191,0.997860211133957
298,-5.199999999999999,4.800000000000001,2,Villain,0.47547948360443115,0.9825345575809479
299,1.899999999999999,-8.100000000000001,31,Hero,0.5176035925265281,0.9438002109527588
300,4.2,-5.8,8,Hero,0.956759512424469,0.9990707337856293
301,4.300000000000001,-5.699999999999999,7,Hero,0.6505844337599618,0.9996904219899859
302,3.8000000000000007,-6.199999999999999,12,Hero,0.6055791998902956,0.9973055173953375
303,3.3,-6.7,17,Hero,0.6094523019650403,0.9999253258985632
304,3.6000000000000005,-6.3999999999999995,14,Hero,0.610376809324537,0.9184951409697533
305,3.6000000000000005,-6.3999999999999995,14,Hero,0.5427359832184655,0.9991783542292458
306,4.0,-6.0,10,Hero,0.699343228340149,0.9999635934829711
307,4.800000000000001,-5.199999999999999,2,Hero,0.4836960732936859,0.9999662637710571
308,4.1000000000000005,-5.8999999999999995,9,Hero,0.5810613698429532,0.9998002780808343
309,3.8000000000000007,-6.199999999999999,12,Hero,0.568990188340346,0.9996192753314972
310,4.2,-5.8,8,Hero,0.6638023070991039,0.9999813586473465
311,4.1000000000000005,-5.8999999999999995,9,Hero,0.8965682652261522,0.9984995987680223
312,4.4,-5.6,6,Hero,0.5727655291557312,0.9997359613577524
313,4.0,-6.0,10,Hero,0.6993572279810906,0.9974286794662476
314,4.300000000000001,-5.699999999999999,7,Hero,0.6682077390807015,0.9997747710772923
315,3.8000000000000007,-6.199999999999999,12,Hero,0.6323339119553566,0.9995479534069697
316,4.5,-5.5,5,Hero,0.5700830340385437,0.9998563289642334
317,3.7,-6.3,13,Hero,0.5955641464545176,0.9978101757856516
318,-5.5,4.5,5,Villain,0.8477200627326965,0.9961263537406921
319,4.5,-5.5,5,Hero,0.5839583724737167,0.9999391794204712
320,4.1000000000000005,-5.8999999999999995,9,Hero,0.4952169789208306,0.9994993938340081
321,3.7,-6.3,13,Hero,0.5471376776695251,0.9996942144173843
322,3.6000000000000005,-6.3999999999999995,14,Hero,0.8158939001815659,0.9999455298696246
323,3.0,-7.0,20,Hero,0.6985113248229027,0.949530205631163
324,4.800000000000001,-5.199999999999999,2,Hero,0.9757826626300812,0.9999618530273438
325,4.300000000000001,-5.699999999999999,7,Hero,0.791279918381146,0.999953065599714
326,3.4000000000000004,-6.6,16,Hero,0.5700909132137895,0.9985309429466724
327,2.9,-7.1,21,Hero,0.6687374292385011,0.9995402154468355
328,3.2,-6.8,18,Hero,0.6649033741818534,0.9996849000453949
329,3.9000000000000004,-6.1,11,Hero,0.5930313142863187,0.9998476992953907
330,3.6000000000000005,-6.3999999999999995,14,Hero,0.6921390241810254,0.9998119388307843
331,4.7,-5.3,3,Hero,0.97176726659139,0.9999818404515585
332,3.8000000000000007,-6.199999999999999,12,Hero,0.6018012128770351,0.9991867343584696
333,4.4,-5.6,6,Hero,0.5025765697161356,0.9998878439267477
334,3.3,-6.7,17,Hero,0.5393725230413324,0.9703903969596414
335,3.5,-6.5,15,Hero,0.5942720512549082,0.9996968825658162
336,4.7,-5.3,3,Hero,0.8952808777491251,0.9999500115712484
337,4.4,-5.6,6,Hero,0.6108397344748179,0.9997607171535492
338,3.4000000000000004,-6.6,16,Hero,0.5331349053885788,0.9930991120636463
339,3.8000000000000007,-6.199999999999999,12,Hero,0.5508066515127817,0.9997534106175104
340,3.8000000000000007,-6.199999999999999,12,Hero,0.5466386835711697,0.9952824413776398
341,4.4,-5.6,6,Hero,0.6468923588593801,0.9998074372609457
342,3.2,-6.8,18,Hero,0.5315787378284667,0.9793677926063538
343,3.7,-6.3,13,Hero,0.6506247256810849,0.9999150542112497
344,3.8000000000000007,-6.199999999999999,12,Hero,0.684290294845899,0.9996969799200693
345,3.8000000000000007,-6.199999999999999,12,Hero,0.6755418535321951,0.9998436321814855
346,3.5,-6.5,15,Hero,0.6024830296635628,0.998488183816274
347,4.0,-6.0,10,Hero,0.6872793488204479,0.9983378827571869
348,4.6000000000000005,-5.3999999999999995,4,Hero,0.5038799196481705,0.999884843826294
349,3.0,-7.0,20,Hero,0.5944382183719427,0.9964103758335113
350,3.2,-6.8,18,Hero,0.5803223053614298,0.9984550111823611
351,3.8000000000000007,-6.199999999999999,12,Hero,0.7614700123667717,0.9996345043182373
352,4.7,-5.3,3,Hero,0.9434502720832825,0.9999370574951172
353,3.0999999999999996,-6.9,19,Hero,0.5414578040424538,0.9988078161289817
354,4.0,-6.0,10,Hero,0.5943502634763718,0.9995905339717865
355,3.8000000000000007,-6.199999999999999,12,Hero,0.6451731051007906,0.9985222816467285
356,4.0,-6.0,10,Hero,0.6124693915247917,0.9983420670032501
357,4.1000000000000005,-5.8999999999999995,9,Hero,0.8912659287452698,0.9999815490510728
358,3.9000000000000004,-6.1,11,Hero,0.7489535767923702,0.999924898147583
359,4.1000000000000005,-5.8999999999999995,9,Hero,0.6426037285063002,0.9993749658266703
360,3.9000000000000004,-6.1,11,Hero,0.530052820389921,0.999101004817269
361,3.9000000000000004,-6.1,11,Hero,0.6390018950809132,0.9997703324664723
362,4.2,-5.8,8,Hero,0.79218874219805,0.9996900036931038
363,3.4000000000000004,-6.6,16,Hero,0.5718706380575895,0.9984348863363266
364,4.6000000000000005,-5.3999999999999995,4,Hero,0.6322375014424324,0.9998959600925446
365,3.8000000000000007,-6.199999999999999,12,Hero,0.6034013244012991,0.9985600560903549
366,4.6000000000000005,-5.3999999999999995,4,Hero,0.49133796244859695,0.9997911900281906
367,3.4000000000000004,-6.6,16,Hero,0.535272728651762,0.9954162687063217
368,4.4,-5.6,6,Hero,0.7312097052733103,0.999914824962616
369,4.0,-6.0,10,Hero,0.6384076103568077,0.9996119260787963
370,4.5,-5.5,5,Hero,0.5767292141914367,0.999884021282196
371,4.2,-5.8,8,Hero,0.6496700458228588,0.9998707920312881
372,4.2,-5.8,8,Hero,0.6561915967613459,0.9995542839169502
373,4.4,-5.6,6,Hero,0.6380200460553169,0.9999005993207296
374,4.1000000000000005,-5.8999999999999995,9,Hero,0.631915443473392,0.99959706597858
375,4.9,-5.1,1,Hero,0.7569795250892639,0.9999945163726807
376,3.9000000000000004,-6.1,11,Hero,0.6678439758040688,0.9999038251963529
377,3.9000000000000004,-6.1,11,Hero,0.5796448276801542,0.9984662261876193
378,4.300000000000001,-5.699999999999999,7,Hero,0.9585865991456168,0.998860878603799
379,4.0,-6.0,10,Hero,0.5599409431219101,0.9978015780448913
380,4.7,-5.3,3,Hero,0.7578880588213602,0.9998992284138998
381,3.3,-6.7,17,Hero,0.6432128794053021,0.9980614991749034
382,3.7,-6.3,13,Hero,0.7085003600670741,0.9990953069466811
383,4.800000000000001,-5.199999999999999,2,Hero,0.5235789343714714,0.9999175071716309
384,3.7,-6.3,13,Hero,0.6870014163163992,0.9948029609826895
385,4.2,-5.8,8,Hero,0.8265667175874114,0.9991402179002762
386,3.9000000000000004,-6.1,11,Hero,0.6074478355321017,0.9998453692956404
387,3.9000000000000004,-6.1,11,Hero,0.5493588989431207,0.9998183467171409
388,3.7,-6.3,13,Hero,0.5965563076046797,0.9962059030166039
389,4.4,-5.6,6,Hero,0.6024141423404217,0.9996171295642853
390,3.3,-6.7,17,Hero,0.5849125315161312,0.9736518754678614
391,3.8000000000000007,-6.199999999999999,12,Hero,0.6536368131637573,0.9997908522685369
392,4.1000000000000005,-5.8999999999999995,9,Hero,0.6371472709708743,0.9994712140825059
393,4.2,-5.8,8,Hero,0.5977709703147411,0.9989778846502304
394,3.7,-6.3,13,Hero,0.57998793056378,0.9993111216104947
395,3.8000000000000007,-6.199999999999999,12,Hero,0.49781223224514787,0.9997598081827164
396,4.300000000000001,-5.699999999999999,7,Hero,0.6337398886680603,0.9997818895748684
397,4.2,-5.8,8,Hero,0.7550017461180687,0.9994794204831123
398,3.6000000000000005,-6.3999999999999995,14,Hero,0.5985454725367683,0.9892367890902928
399,3.8000000000000007,-6.199999999999999,12,Hero,0.5650052924950918,0.8330543038512891
400,3.9000000000000004,-6.1,11,Hero,0.5667438954114914,0.9991963830861178
401,3.4000000000000004,-6.6,16,Hero,0.6602847333997488,0.9998581930994987
402,4.2,-5.8,8,Hero,0.643828809261322,0.9994427412748337
403,4.4,-5.6,6,Hero,0.6073716481526693,0.9999900460243225
404,4.2,-5.8,8,Hero,0.6006147041916847,0.9994052648544312
405,-5.3,4.7,3,Villain,0.6215350727240244,0.9999528328577677
406,4.2,-5.8,8,Hero,0.7418680489063263,0.9997385442256927
407,4.0,-6.0,10,Hero,0.7815561477094889,0.9990179538726807
408,4.7,-5.3,3,Hero,0.4871154725551605,0.999957005182902
409,4.6000000000000005,-5.3999999999999995,4,Hero,0.5654617697000504,0.9999661445617676
410,3.8000000000000007,-6.199999999999999,12,Hero,0.6300101429224014,0.9998179823160172
411,3.7,-6.3,13,Hero,0.6309153185440943,0.9990598559379578
412,3.8000000000000007,-6.199999999999999,12,Hero,0.7500784841055671,0.999980757633845
413,3.6000000000000005,-6.3999999999999995,14,Hero,0.6996697528021676,0.9999798621450152
414,4.5,-5.5,5,Hero,0.7619317203760148,0.9997955799102783
415,4.6000000000000005,-5.3999999999999995,4,Hero,0.6852300092577934,0.9999708533287048
416,4.2,-5.8,8,Hero,0.5280333273112774,0.9999615103006363
417,3.8000000000000007,-6.199999999999999,12,Hero,0.6166226665178934,0.9996462265650431
418,-5.5,4.5,5,Villain,0.6526512563228607,0.9997064948081971
419,3.5,-6.5,15,Hero,0.5971697360277176,0.9998822728792827
420,4.300000000000001,-5.699999999999999,7,Hero,0.635123790374824,0.9998524103845868
421,4.0,-6.0,10,Hero,0.7772613227367401,0.9997715651988983
422,4.2,-5.8,8,Hero,0.5983774438500404,0.9997053518891335
423,4.2,-5.8,8,Hero,0.8546203300356865,0.9997362196445465
424,3.8000000000000007,-6.199999999999999,12,Hero,0.5458992123603821,0.9989428967237473
425,4.5,-5.5,5,Hero,0.7475496828556061,0.9998523831367493
426,4.5,-5.5,5,Hero,0.6321411848068237,0.9999626398086547
427,4.2,-5.8,8,Hero,0.5508921733126044,0.9998784512281418
428,-5.1,4.9,1,Villain,0.8790646195411682,0.9993788003921509
429,3.9000000000000004,-6.1,11,Hero,0.6761323203417388,0.9999669681895863
430,3.4000000000000004,-6.6,16,Hero,0.6628076750785112,0.9993804842233658
431,3.6000000000000005,-6.3999999999999995,14,Hero,0.5376583646450724,0.9997832136494773
432,4.6000000000000005,-5.3999999999999995,4,Hero,0.965795174241066,0.9999488592147827
433,2.2999999999999994,-7.700000000000001,27,Hero,0.8689617729849286,0.9997893483550461
434,4.9,-5.1,1,Hero,0.870810329914093,0.9999862909317017
435,0.9999999999999982,-9.000000000000002,40,Hero,0.8423566073179245,0.9998032733798027
436,4.2,-5.8,8,Hero,0.7406160607933998,0.9999631494283676
437,4.1000000000000005,-5.8999999999999995,9,Hero,0.9934926562839084,0.8882752518531762
438,2.4999999999999996,-7.5,25,Hero,0.6773022228479385,0.9124093557521701
439,-4.999999999999998,-4.999999999999998,50,None,0.74579075217247,0.9999428820610047
440,3.7,-6.3,13,Hero,0.6800852635732064,0.999903834783114
441,3.9000000000000004,-6.1,11,Hero,0.8156107637015256,0.9960305744951422
442,-5.1,4.9,1,Villain,0.9980712532997131,0.9994396567344666
443,3.9000000000000004,-6.1,11,Hero,0.6336482980034568,0.9968937527049672
444,3.6000000000000005,-6.3999999999999995,14,Hero,0.6932015440293721,0.9995347346578326
445,4.7,-5.3,3,Hero,0.9609655141830444,0.9999504089355469
446,4.0,-6.0,10,Hero,0.5654913410544395,0.9996848285198212
447,4.4,-5.6,6,Hero,0.9698206682999929,0.9998025000095367
448,4.4,-5.6,6,Hero,0.95831498503685,0.9996596872806549
449,4.4,-5.6,6,Hero,0.6223252266645432,0.9998682936032613
450,3.5,-6.5,15,Hero,0.6348990221818288,0.9983613729476929
451,3.5,-6.5,15,Hero,0.6031567275524139,0.9951092163721721
452,4.300000000000001,-5.699999999999999,7,Hero,0.7735679915973118,0.999874472618103
453,3.8000000000000007,-6.199999999999999,12,Hero,0.5353212294479212,0.9999037931362788
454,3.4000000000000004,-6.6,16,Hero,0.574795838445425,0.9985988922417164
455,4.0,-6.0,10,Hero,0.8720084071159363,0.9995064973831177
456,4.1000000000000005,-5.8999999999999995,9,Hero,0.5141794350412157,0.9999686612023247
457,3.2,-6.8,18,Hero,0.5924928287665049,0.9996563659773933
458,4.1000000000000005,-5.8999999999999995,9,Hero,0.984270864062839,0.9996991157531738
459,4.2,-5.8,8,Hero,0.6982782818377018,0.9997216612100601
460,4.4,-5.6,6,Hero,0.47221478819847107,0.9999668995539347
461,4.5,-5.5,5,Hero,0.5920304775238037,0.9999531745910645
462,2.9,-7.1,21,Hero,0.4795543048974304,0.9709347401346479
463,3.7,-6.3,13,Hero,0.5451665818691254,0.9995542902212876
464,4.300000000000001,-5.699999999999999,7,Hero,0.5936006052153451,0.9996966634477887
465,3.7,-6.3,13,Hero,0.5332639664411545,0.9986901650061975
466,-5.1,4.9,1,Villain,0.6494928002357483,0.9736993908882141
467,4.0,-6.0,10,Hero,0.5317050725221634,0.9996353924274445
468,4.6000000000000005,-5.3999999999999995,4,Hero,0.6058667823672295,0.9999604225158691
469,3.8000000000000007,-6.199999999999999,12,Hero,0.6674341112375259,0.9998066971699396
470,4.4,-5.6,6,Hero,0.6505157997210821,0.9999950726826986
471,4.7,-5.3,3,Hero,0.5312899053096771,0.9999893506368002
472,3.2,-6.8,18,Hero,0.5566324757205116,0.9899663329124451
473,2.4999999999999996,-7.5,25,Hero,0.5753502257913351,0.9993465566635131
474,3.6000000000000005,-6.3999999999999995,14,Hero,0.6071808167866298,0.9996192029544285
475,3.0999999999999996,-6.9,19,Hero,0.4989391879031533,0.9888165938226801
476,2.9,-7.1,21,Hero,0.5283363266360193,0.9998706522442046
477,3.5,-6.5,15,Hero,0.56460389085114,0.9989316542943318
478,4.7,-5.3,3,Hero,0.5391825437545776,0.9999687274297079
479,3.0999999999999996,-6.9,19,Hero,0.5408574790742836,0.9987586454341286
480,4.1000000000000005,-5.8999999999999995,9,Hero,0.8356332232554754,0.9999957084655762
481,4.5,-5.5,5,Hero,0.5740558207035065,0.9999417781829834
482,4.2,-5.8,8,Hero,0.6045505627989769,0.99997578561306
483,3.9000000000000004,-6.1,11,Hero,0.6562674017199739,0.9995409521189603
484,-5.699999999999999,4.300000000000001,7,Villain,0.6246675834325808,0.9997809784752982
485,3.0,-7.0,20,Hero,0.6180064529180527,0.9992178052663803
486,3.2,-6.8,18,Hero,0.6102504365974002,0.9996565679709116
487,2.6999999999999997,-7.300000000000001,23,Hero,0.44800523117832514,0.8869764446078435
488,4.9,-5.1,1,Hero,0.8660312294960022,0.9999841451644897
489,3.6000000000000005,-6.3999999999999995,14,Hero,0.5466791982097285,0.999226668051311
490,3.6000000000000005,-6.3999999999999995,14,Hero,0.48944516488284406,0.9995248402867999
491,3.9000000000000004,-6.1,11,Hero,0.5311093807897784,0.9992449175227772
492,4.4,-5.6,6,Hero,0.7429438357551893,0.9999779264132181
493,4.4,-5.6,6,Hero,0.6418425490458807,0.999902347723643
494,-5.1,4.9,1,Villain,0.9567693471908569,0.997575581073761
495,4.6000000000000005,-5.3999999999999995,4,Hero,0.5580306202173233,0.9999426603317261
496,4.4,-5.6,6,Hero,0.5376873264710108,0.9999125103155772
497,4.1000000000000005,-5.8999999999999995,9,Hero,0.7232576939794753,0.9994655185275607
498,3.3,-6.7,17,Hero,0.5268237853751463,0.993111929472755
499,4.6000000000000005,-5.3999999999999995,4,Hero,0.6223766431212425,0.9999918937683105
500,4.1000000000000005,-5.8999999999999995,9,Hero,0.5786879145436816,0.9994469881057739
501,3.7,-6.3,13,Hero,0.618082209275319,0.997429031592149
502,1.9999999999999991,-8.0,30,Hero,0.5020061917603016,0.9970817387104034
503,4.0,-6.0,10,Hero,0.5695480138063431,0.999989652633667
504,3.7,-6.3,13,Hero,0.5674775804464633,0.9998001914757949
505,4.4,-5.6,6,Hero,0.9276421169439951,0.9998616278171539
506,4.800000000000001,-5.199999999999999,2,Hero,0.7710193693637848,0.9999879002571106
507,3.4000000000000004,-6.6,16,Hero,0.5841931095346808,0.9995671808719635
508,4.6000000000000005,-5.3999999999999995,4,Hero,0.8276253789663315,0.999968022108078
509,4.0,-6.0,10,Hero,0.6999614506959915,0.9999946475028991
510,3.9000000000000004,-6.1,11,Hero,0.6789165328849446,0.9999311078678478
511,4.5,-5.5,5,Hero,0.5477862119674682,0.9999098539352417
512,3.4000000000000004,-6.6,16,Hero,0.6128533836454153,0.9978868998587132
513,3.5,-6.5,15,Hero,0.5293266693751018,0.9971567153930664
514,4.0,-6.0,10,Hero,0.5492001324892044,0.9998194873332977
515,4.2,-5.8,8,Hero,0.9302490055561066,0.9994751289486885
516,4.2,-5.8,8,Hero,0.6685663610696793,0.9998043328523636
517,4.5,-5.5,5,Hero,0.6919323325157165,0.9998683929443359
518,3.4000000000000004,-6.6,16,Hero,0.5749154575169086,0.9980312921106815
519,4.0,-6.0,10,Hero,0.6143590420484543,0.9998284816741944
520,3.9000000000000004,-6.1,11,Hero,0.5625943406061693,0.9996086196465925
521,3.8000000000000007,-6.199999999999999,12,Hero,0.5789774258931478,0.9995603958765665
522,4.0,-6.0,10,Hero,0.6129275023937225,0.9987237632274628
523,-5.199999999999999,4.800000000000001,2,Villain,0.9569129347801208,0.998408317565918
524,3.9000000000000004,-6.1,11,Hero,0.6889923458749597,0.9999810023741289
525,4.300000000000001,-5.699999999999999,7,Hero,0.6696478979928153,0.999840932232993
526,4.2,-5.8,8,Hero,0.6894173696637154,0.9996296912431717
527,4.1000000000000005,-5.8999999999999995,9,Hero,0.6929143816232681,0.999971972571479
528,3.9000000000000004,-6.1,11,Hero,0.6158781742507761,0.9995050809600137
529,4.1000000000000005,-5.8999999999999995,9,Hero,0.709671658774217,0.9999926222695245
530,4.0,-6.0,10,Hero,0.5796095043420791,0.9997021377086639
531,4.2,-5.8,8,Hero,0.8101526722311974,0.9995562508702278
532,3.9000000000000004,-6.1,11,Hero,0.6717809899286791,0.9998956051739779
533,3.0,-7.0,20,Hero,0.5643107824027538,0.9976710349321365
534,4.0,-6.0,10,Hero,0.8310392260551452,0.9999664306640625
535,4.5,-5.5,5,Hero,0.5016312777996064,0.9999808073043823
536,3.8000000000000007,-6.199999999999999,12,Hero,0.5861102926234404,0.9952939997116724
537,4.6000000000000005,-5.3999999999999995,4,Hero,0.8514585494995117,0.9999801218509674
538,4.1000000000000005,-5.8999999999999995,9,Hero,0.5658685051732593,0.9998507168557909
539,4.4,-5.6,6,Hero,0.572283203403155,0.9999741713205973
540,4.6000000000000005,-5.3999999999999995,4,Hero,0.7406932413578033,0.999997615814209
541,4.5,-5.5,5,Hero,0.7516565650701523,0.9998210906982422
542,4.300000000000001,-5.699999999999999,7,Hero,0.8201278064932142,0.9998200450624738
543,3.0999999999999996,-6.9,19,Hero,0.547306511159006,0.9983302605779547
544,3.8000000000000007,-6.199999999999999,12,Hero,0.5152346889177958,0.9997341533501943
545,4.5,-5.5,5,Hero,0.5778153836727142,0.9999927043914795
546,3.2,-6.8,18,Hero,0.5636904239654541,0.9999537434842851
547,3.7,-6.3,13,Hero,0.6628679105868707,0.9993609969432538
548,4.300000000000001,-5.699999999999999,7,Hero,0.6649235359260014,0.9998775550297329
549,3.2,-6.8,18,Hero,0.5123435854911804,0.9982961383130815
550,4.2,-5.8,8,Hero,0.731406457722187,0.9999921321868896
551,4.7,-5.3,3,Hero,0.6611509323120117,0.9999396006266276
552,4.7,-5.3,3,Hero,0.5795868039131165,0.9999595880508423
553,4.300000000000001,-5.699999999999999,7,Hero,0.7649747729301453,0.9994639328547886
554,4.1000000000000005,-5.8999999999999995,9,Hero,0.6775449878639646,0.9998563594288297
555,3.8000000000000007,-6.199999999999999,12,Hero,0.7430263335506121,0.9995124687751135
556,4.7,-5.3,3,Hero,0.5393931269645691,0.9999702374140421
557,4.5,-5.5,5,Hero,0.5143436670303345,0.9999922275543213
558,3.0999999999999996,-6.9,19,Hero,0.5349125415086746,0.9996979173861051
559,3.8000000000000007,-6.199999999999999,12,Hero,0.5989457989732424,0.9979326874017715
560,3.7,-6.3,13,Hero,0.5798530899561368,0.9976935203258808
561,3.8000000000000007,-6.199999999999999,12,Hero,0.63869841893514,0.999250610669454
562,4.4,-5.6,6,Hero,0.5687375739216805,0.9998774528503418
563,3.9000000000000004,-6.1,11,Hero,0.7490578307346865,0.9999417283318259
564,4.300000000000001,-5.699999999999999,7,Hero,0.8094212455408913,0.9998082859175546
565,4.0,-6.0,10,Hero,0.7826083838939667,0.9995541453361512
566,3.6000000000000005,-6.3999999999999995,14,Hero,0.5735967670168195,0.9987798205443791
567,3.3,-6.7,17,Hero,0.6007849705569884,0.9991314060547772
568,3.5,-6.5,15,Hero,0.5867354316016038,0.9996628046035767
569,4.6000000000000005,-5.3999999999999995,4,Hero,0.5850295573472977,0.9999597072601318
570,4.300000000000001,-5.699999999999999,7,Hero,0.8203496762684414,0.9997004185404096
571,3.8000000000000007,-6.199999999999999,12,Hero,0.6341384949628264,0.9998191247383753
572,3.9000000000000004,-6.1,11,Hero,0.7655749293890867,0.9994473565708507
573,4.4,-5.6,6,Hero,0.6198871284723282,0.9999794363975525
574,4.1000000000000005,-5.8999999999999995,9,Hero,0.8468128260638978,0.999173018667433
575,3.4000000000000004,-6.6,16,Hero,0.6287128766998649,0.9991088397800922
576,4.6000000000000005,-5.3999999999999995,4,Hero,0.6942709609866142,0.9999607801437378
577,4.2,-5.8,8,Hero,0.5514194089919329,0.9996697977185249
578,4.2,-5.8,8,Hero,0.7072604186832905,0.9997834041714668
579,3.8000000000000007,-6.199999999999999,12,Hero,0.6465320438146591,0.9995607733726501
580,3.8000000000000007,-6.199999999999999,12,Hero,0.5972325832893451,0.9980512410402298
581,4.4,-5.6,6,Hero,0.6171135803063711,0.9998621841271719
582,3.9000000000000004,-6.1,11,Hero,0.5881153521212664,0.9994884729385376
583,4.0,-6.0,10,Hero,0.668265563249588,0.9998946726322174
584,4.4,-5.6,6,Hero,0.7686320145924886,0.9998518029848734
585,4.2,-5.8,8,Hero,0.8159275613725185,0.9998811185359955
586,-5.199999999999999,4.800000000000001,2,Villain,0.5925391912460327,0.9991543292999268
587,4.300000000000001,-5.699999999999999,7,Hero,0.8105367209230151,0.9994583555630275
588,4.1000000000000005,-5.8999999999999995,9,Hero,0.5322980913850996,0.9999061094390022
589,-5.3,4.7,3,Villain,0.6670654714107513,0.9998831351598104
590,3.9000000000000004,-6.1,11,Hero,0.5289583910595287,0.999253901568326
591,4.300000000000001,-5.699999999999999,7,Hero,0.839367687702179,0.999770292213985
592,4.4,-5.6,6,Hero,0.7832080572843552,0.9998448590437571
593,4.1000000000000005,-5.8999999999999995,9,Hero,0.6319226324558258,0.9999960793389214
594,4.800000000000001,-5.199999999999999,2,Hero,0.5878114402294159,0.9999734163284302
595,3.0999999999999996,-6.9,19,Hero,0.4854367206755437,0.9976838795762313
596,4.1000000000000005,-5.8999999999999995,9,Hero,0.5790986882315742,0.9998607635498047
597,3.8000000000000007,-6.199999999999999,12,Hero,0.5574779982368151,0.9999386916557947
598,4.9,-5.1,1,Hero,0.48273932933807373,0.999964714050293
599,3.0999999999999996,-6.9,19,Hero,0.5609096079378536,0.9993391036987305
600,4.7,-5.3,3,Hero,0.5827597777048746,0.999951442082723
601,4.0,-6.0,10,Hero,0.6969363301992416,0.9997760713100433
602,3.9000000000000004,-6.1,11,Hero,0.5511585501107302,0.9973335645415566
603,4.9,-5.1,1,Hero,0.7380580306053162,0.9999978542327881
604,3.9000000000000004,-6.1,11,Hero,0.7199755907058716,0.9998567375269803
605,4.300000000000001,-5.699999999999999,7,Hero,0.8167213265384946,0.9999565396990094
606,4.5,-5.5,5,Hero,0.5338298916816712,0.9999401807785034
607,4.1000000000000005,-5.8999999999999995,9,Hero,0.8384450955523385,0.999947985013326
608,4.0,-6.0,10,Hero,0.5522186070680618,0.9999086141586304
609,4.800000000000001,-5.199999999999999,2,Hero,0.5373834371566772,0.9999771118164062
610,-5.1,4.9,1,Villain,0.8759721517562866,0.9996386766433716
611,3.2,-6.8,18,Hero,0.4932512756850984,0.9988492594824897
612,4.1000000000000005,-5.8999999999999995,9,Hero,0.7073114083872901,0.9990926252471076
613,4.0,-6.0,10,Hero,0.8568706154823303,0.9977113008499146
614,4.2,-5.8,8,Hero,0.9334966614842415,0.9991874098777771
615,4.2,-5.8,8,Hero,0.9600413367152214,0.9991503804922104
616,4.5,-5.5,5,Hero,0.4359069108963013,0.9999244928359985
617,4.2,-5.8,8,Hero,0.9598013088107109,0.9992930665612221
618,3.9000000000000004,-6.1,11,Hero,0.5442693477327173,0.9996450922705911
619,3.3,-6.7,17,Hero,0.44921794752864275,0.9971085506327012
620,3.0,-7.0,20,Hero,0.6063864527270197,0.9992473483085632
621,4.1000000000000005,-5.8999999999999995,9,Hero,0.5718379682964749,0.9999331169658237
622,1.5999999999999988,-8.400000000000002,34,Hero,0.44329436758861823,0.9996365711969488
623,3.9000000000000004,-6.1,11,Hero,0.8429631834680383,0.9979196353392168
624,4.5,-5.5,5,Hero,0.5229513585567475,0.9999776363372803
625,4.7,-5.3,3,Hero,0.6246239145596822,0.9999598264694214
626,3.7,-6.3,13,Hero,0.6482994178166757,0.9994656443595886
627,3.9000000000000004,-6.1,11,Hero,0.7842460599812594,0.9996173435991461
628,4.4,-5.6,6,Hero,0.5163248380025228,0.9998093148072561
629,4.6000000000000005,-5.3999999999999995,4,Hero,0.6853898726403713,0.9999567866325378
630,3.9000000000000004,-6.1,11,Hero,0.5648118718103929,0.9986291365189985
631,3.0,-7.0,20,Hero,0.549423168040812,0.9986384809017181
632,3.3,-6.7,17,Hero,0.6291452593663159,0.9996244206148035
633,2.9,-7.1,21,Hero,0.5940033949556804,0.9994459208988008
634,3.0,-7.0,20,Hero,0.536733072437346,0.994916421175003
635,3.8000000000000007,-6.199999999999999,12,Hero,0.5478286594152451,0.9997249245643616
636,3.8000000000000007,-6.199999999999999,12,Hero,0.6878858804702759,0.9994117319583893
637,3.2,-6.8,18,Hero,0.5027120047145419,0.9995104670524597
638,3.8000000000000007,-6.199999999999999,12,Hero,0.7027794358630975,0.9999375442663828
639,4.300000000000001,-5.699999999999999,7,Hero,0.802873820066452,0.9999222244535174
640,3.5,-6.5,15,Hero,0.6641451299190522,0.999614946047465
641,3.5,-6.5,15,Hero,0.6278426468372345,0.9998126029968262
642,2.9,-7.1,21,Hero,0.6109319967882973,0.9993140754245576
643,3.9000000000000004,-6.1,11,Hero,0.5650131350213831,0.9998351010409269
644,-5.199999999999999,4.800000000000001,2,Villain,0.4462602436542511,0.9991560876369476
645,3.0,-7.0,20,Hero,0.5667271465063095,0.9965453296899796
646,4.300000000000001,-5.699999999999999,7,Hero,0.5541685989924839,0.9998432057244437
647,4.1000000000000005,-5.8999999999999995,9,Hero,0.6020411451657613,0.9999602635701498
648,4.1000000000000005,-5.8999999999999995,9,Hero,0.6463231941064199,0.9998936785591973
649,4.0,-6.0,10,Hero,0.6400749683380127,0.9991412580013275
650,2.3999999999999995,-7.6000000000000005,26,Hero,0.4658208890603139,0.9880264401435852
651,3.9000000000000004,-6.1,11,Hero,0.6210743879730051,0.9997135238213972
652,3.9000000000000004,-6.1,11,Hero,0.5859105532819574,0.9969504583965648
653,4.1000000000000005,-5.8999999999999995,9,Hero,0.5336687432395087,0.9999978012508817
654,4.0,-6.0,10,Hero,0.7506326630711555,0.9991241216659545
655,3.8000000000000007,-6.199999999999999,12,Hero,0.606108196079731,0.9995314876238505
656,4.300000000000001,-5.699999999999999,7,Hero,0.4707228030477251,0.9998829024178642
657,4.300000000000001,-5.699999999999999,7,Hero,0.6148858155523028,0.9996803743498666
658,2.9,-7.1,21,Hero,0.5149097781450975,0.9923728080022902
659,3.4000000000000004,-6.6,16,Hero,0.5814700992777944,0.9999053031206131
660,4.300000000000001,-5.699999999999999,7,Hero,0.6692711370331901,0.9995826397623334
661,4.5,-5.5,5,Hero,0.5939235329627991,0.9999428510665893
662,4.9,-5.1,1,Hero,0.47443193197250366,0.9999912977218628
663,4.4,-5.6,6,Hero,0.4114724323153496,0.9998804132143656
664,4.7,-5.3,3,Hero,0.7099107702573141,0.9999837478001913
665,3.7,-6.3,13,Hero,0.6438124088140634,0.9999297673885639
666,4.0,-6.0,10,Hero,0.6434435755014419,0.999858421087265
667,3.0,-7.0,20,Hero,0.5009542483836412,0.9998511493206024
668,3.5,-6.5,15,Hero,0.5200771311918895,0.9984161893526713
669,3.0999999999999996,-6.9,19,Hero,0.5685249716043472,0.9989013201312015
670,3.3,-6.7,17,Hero,0.6111556528245702,0.9992888043908512
671,3.4000000000000004,-6.6,16,Hero,0.5889583677053452,0.9919743910431862
672,4.4,-5.6,6,Hero,0.6126822084188461,0.9999330441157023
673,4.0,-6.0,10,Hero,0.7622915774583816,0.9998657584190369
674,4.1000000000000005,-5.8999999999999995,9,Hero,0.583493537373013,0.9998212456703186
675,4.1000000000000005,-5.8999999999999995,9,Hero,0.6909029715591006,0.999877221054501
676,4.2,-5.8,8,Hero,0.6928099878132343,0.9998752176761627
677,4.9,-5.1,1,Hero,0.7979092001914978,0.9999852180480957
678,4.0,-6.0,10,Hero,0.8286642670631409,0.9999571204185486
679,4.0,-6.0,10,Hero,0.8373288407921791,0.9992491006851196
680,4.5,-5.5,5,Hero,0.7217707991600036,0.9998600602149963
681,4.4,-5.6,6,Hero,0.6127215524514517,0.9999202489852905
682,4.0,-6.0,10,Hero,0.8286342412233353,0.9999377965927124
683,4.6000000000000005,-5.3999999999999995,4,Hero,0.8100423365831375,0.9997981488704681
684,4.1000000000000005,-5.8999999999999995,9,Hero,0.5616102516651154,0.9996747175852457
685,4.5,-5.5,5,Hero,0.5770216405391693,0.9999772787094117
686,3.4000000000000004,-6.6,16,Hero,0.5514356745406985,0.989595603197813
687,2.9,-7.1,21,Hero,0.5188695378601551,0.9859080995832171
688,-5.3,4.7,3,Villain,0.7647663156191508,0.9999542236328125
689,3.6000000000000005,-6.3999999999999995,14,Hero,0.5932051381096244,0.9987354704311916
690,3.4000000000000004,-6.6,16,Hero,0.558972624130547,0.9770753234624863
691,4.300000000000001,-5.699999999999999,7,Hero,0.6118839766298022,0.9998178056308201
692,0.3000000000000007,-9.7,47,Hero,0.725700381291198,0.9992419532004823
693,2.8,-7.2,22,Hero,0.6695711267265406,0.9998004219748757
694,2.2999999999999994,-7.700000000000001,27,Hero,0.5690069561479268,0.9900064402156405
695,3.9000000000000004,-6.1,11,Hero,0.7472409267317165,0.9999419992620294
696,2.9,-7.1,21,Hero,0.650544693782216,0.9986840202694848
697,3.2,-6.8,18,Hero,0.5969180514415106,0.9989718529913161
698,4.1000000000000005,-5.8999999999999995,9,Hero,0.49628395587205887,0.99936932987637
699,3.4000000000000004,-6.6,16,Hero,0.5612380728125572,0.997892465442419
700,4.300000000000001,-5.699999999999999,7,Hero,0.950608355658395,0.9999853542872837
701,3.9000000000000004,-6.1,11,Hero,0.7116097022186626,0.9999448277733543
702,4.4,-5.6,6,Hero,0.6172901938358942,0.9999219179153442
703,4.5,-5.5,5,Hero,0.529695850610733,0.9999047517776489
704,4.1000000000000005,-5.8999999999999995,9,Hero,0.9340794218911065,0.9982415636380514
705,4.300000000000001,-5.699999999999999,7,Hero,0.6247594313962119,0.9995142647198269
706,3.5,-6.5,15,Hero,0.592209271589915,0.9987701455752055
707,3.9000000000000004,-6.1,11,Hero,0.7031116444956172,0.9992845491929487
708,3.4000000000000004,-6.6,16,Hero,0.585107839666307,0.9998696036636829
709,3.9000000000000004,-6.1,11,Hero,0.7268170037052848,0.9995193535631354
710,-5.3,4.7,3,Villain,0.5514231125513712,0.9958155552546183
711,3.6000000000000005,-6.3999999999999995,14,Hero,0.5565805065769902,0.9968496475900922
712,3.9000000000000004,-6.1,11,Hero,0.5651157213882967,0.9995626156980341
713,4.1000000000000005,-5.8999999999999995,9,Hero,0.5848920510874854,0.999798960155911
714,-5.1,4.9,1,Villain,0.30604514479637146,0.9999791383743286
715,3.6000000000000005,-6.3999999999999995,14,Hero,0.602278511439051,0.9991027883120945
716,1.0999999999999983,-8.900000000000002,39,Hero,0.7886767361599666,0.9996140003204346
717,-4.999999999999998,-4.999999999999998,50,None,0.7569987224973738,0.999751980304718
718,2.099999999999999,-7.9,29,Hero,0.7914891107778611,0.9997316886638773
719,-4.999999999999998,-4.999999999999998,50,None,0.7065546878054738,0.9499960045516491
720,-4.999999999999998,-4.999999999999998,50,None,0.7424334165081382,0.9971758222579956
721,-5.3,4.7,3,Villain,0.6296308040618896,0.9992801944414774
722,-4.999999999999998,-4.999999999999998,50,None,0.9196504340134561,0.99977259516716
723,1.3999999999999986,-8.600000000000001,36,Hero,0.8972336996553673,0.9999328421221839
724,4.9,-5.1,1,Hero,0.9962058067321777,0.9999760389328003
725,4.4,-5.6,6,Hero,0.8595428168773651,0.9999208450317383
726,-4.999999999999998,-4.999999999999998,50,None,0.860551279373467,0.9997097504138946
727,-4.999999999999998,-4.999999999999998,50,None,0.8266475348174572,0.9993724405765534
728,-4.999999999999998,-4.999999999999998,50,None,0.8867055830359459,0.9995560550689697
729,-4.999999999999998,-4.999999999999998,50,None,0.8708831997215748,0.9997715425491333
730,1.2999999999999985,-8.700000000000001,37,Hero,0.6970861149398057,0.9410949489353476
731,4.300000000000001,-5.699999999999999,7,Hero,0.9985214046069554,0.9999858481543404
732,1.0999999999999983,-8.900000000000002,39,Hero,0.9261061632289336,0.9999851874816112
733,-4.999999999999998,-4.999999999999998,50,None,0.7694796061515808,0.9985579836368561
734,-4.999999999999998,-4.999999999999998,50,None,0.9474114956334233,0.9999006497859955
735,1.799999999999999,-8.200000000000001,32,Hero,0.9289385840529576,0.9999767914414406
736,-5.5,4.5,5,Villain,0.2176721066236496,0.7746348589658737
737,1.6999999999999988,-8.3,33,Hero,0.8688964178842126,0.9997420130353986
738,-4.999999999999998,-4.999999999999998,50,None,0.8395129197463393,0.9990477693080902
739,3.9000000000000004,-6.1,11,Hero,0.8658115619962866,0.9999708912589333
740,-4.999999999999998,-4.999999999999998,50,None,0.9675464291125536,0.9997688400745391
741,-4.999999999999998,-4.999999999999998,50,None,0.8536358219385147,0.9990047311782837
742,-4.999999999999998,-4.999999999999998,50,None,0.8356316515803337,0.9983351671695709
743,-4.999999999999998,-4.999999999999998,50,None,0.8736600729823113,0.9993552231788635
744,-4.999999999999998,-4.999999999999998,50,None,0.8725371582061052,0.9992700016498566
745,3.4000000000000004,-6.6,16,Hero,0.603622704744339,0.9061226109042764
746,3.4000000000000004,-6.6,16,Hero,0.7487948797643185,0.9997400641441345
747,4.1000000000000005,-5.8999999999999995,9,Hero,0.6212184015247557,0.9978211787011888
748,3.6000000000000005,-6.3999999999999995,14,Hero,0.7706066135849271,0.9994023399693626
749,2.2999999999999994,-7.700000000000001,27,Hero,0.7231020872239713,0.9933395672727514
750,2.8,-7.2,22,Hero,0.630772146650336,0.9974591163071719
751,4.7,-5.3,3,Hero,0.9967203537623087,0.9999551773071289
752,3.6000000000000005,-6.3999999999999995,14,Hero,0.8316341436335019,0.9995285315173013
753,4.2,-5.8,8,Hero,0.8692357651889324,0.999698281288147
754,2.9,-7.1,21,Hero,0.6673900939169384,0.9994161838576907
755,4.300000000000001,-5.699999999999999,7,Hero,0.776461090360369,0.9996445264135089
756,0.7999999999999989,-9.200000000000001,42,Hero,0.769682513816016,0.9994956950346628
757,4.7,-5.3,3,Hero,0.9745726386706034,0.9999845027923584
758,3.0,-7.0,20,Hero,0.610313032567501,0.99089135825634
759,4.0,-6.0,10,Hero,0.6991322696208954,0.9975549399852752
760,3.6000000000000005,-6.3999999999999995,14,Hero,0.6275415835636002,0.9982987557138715
761,4.5,-5.5,5,Hero,0.9648879647254944,0.9995986580848694
762,4.800000000000001,-5.199999999999999,2,Hero,0.9995872378349304,0.9999129772186279
763,3.6000000000000005,-6.3999999999999995,14,Hero,0.6884718547974314,0.9956929853984288
764,3.9000000000000004,-6.1,11,Hero,0.6612028967250477,0.9953705885193564
765,4.300000000000001,-5.699999999999999,7,Hero,0.8621002031224114,0.9999215432575771
766,3.6000000000000005,-6.3999999999999995,14,Hero,0.6386151484080723,0.9762021941798074
767,4.5,-5.5,5,Hero,0.664120215177536,0.9999148964881897
768,4.5,-5.5,5,Hero,0.5923999905586242,0.999424159526825
769,3.6000000000000005,-6.3999999999999995,14,Hero,0.6401682283197131,0.9923721509320396
770,4.300000000000001,-5.699999999999999,7,Hero,0.7456693734441485,0.9995943989072528
771,4.5,-5.5,5,Hero,0.49659459590911864,0.9995780944824219
772,4.800000000000001,-5.199999999999999,2,Hero,0.998004287481308,0.9999831914901733
773,-5.199999999999999,4.800000000000001,2,Villain,0.9944062829017639,0.9998361170291901
774,3.8000000000000007,-6.199999999999999,12,Hero,0.7297523518403372,0.9952695220708847
775,4.4,-5.6,6,Hero,0.6585540423790613,0.999815821647644
776,3.7,-6.3,13,Hero,0.7451905843157035,0.9944939063145564
777,4.300000000000001,-5.699999999999999,7,Hero,0.7845754282815116,0.9994303498949323
778,3.5,-6.5,15,Hero,0.6613671198487282,0.9972837845484416
779,3.0,-7.0,20,Hero,0.6736682504415512,0.9518169920891524
780,3.6000000000000005,-6.3999999999999995,14,Hero,0.6324683576822281,0.9977520448820931
781,3.9000000000000004,-6.1,11,Hero,0.6789352799003775,0.9988569996573708
782,3.9000000000000004,-6.1,11,Hero,0.749184174971147,0.9943631183017384
783,4.5,-5.5,5,Hero,0.9041528701782227,0.9992809534072876
784,4.2,-5.8,8,Hero,0.6988971028476954,0.9998412579298019
785,3.0,-7.0,20,Hero,0.6400391817092895,0.9961394280195236
786,4.0,-6.0,10,Hero,0.8264698326587677,0.9960436046123504
787,4.0,-6.0,10,Hero,0.7589636623859406,0.9972890973091125
788,4.2,-5.8,8,Hero,0.6011115834116936,0.9999539852142334
789,3.5,-6.5,15,Hero,0.7230738480885823,0.9891510725021362
790,2.3999999999999995,-7.6000000000000005,26,Hero,0.7273848562573011,0.9982143617593325
791,4.4,-5.6,6,Hero,0.8133066246906916,0.9999916354815165
792,3.9000000000000004,-6.1,11,Hero,0.7676330506801605,0.9962215531956066
793,3.2,-6.8,18,Hero,0.7202108452717463,0.9406494895099766
794,4.7,-5.3,3,Hero,0.9966638485590616,0.9999332030614217
795,3.4000000000000004,-6.6,16,Hero,0.8113225782290101,0.995365422219038
796,4.0,-6.0,10,Hero,0.7167413555085659,0.9996010422706604
797,3.9000000000000004,-6.1,11,Hero,0.621743326371705,0.996104896068573
798,3.9000000000000004,-6.1,11,Hero,0.7165651206265796,0.9953752864490856
799,3.4000000000000004,-6.6,16,Hero,0.6883538700640202,0.9955307804048061
800,2.3999999999999995,-7.6000000000000005,26,Hero,0.8272224028523152,0.9999667956278875
801,4.2,-5.8,8,Hero,0.7269173469394445,0.999962568283081
802,4.800000000000001,-5.199999999999999,2,Hero,0.6171168982982635,0.999923825263977
803,3.6000000000000005,-6.3999999999999995,14,Hero,0.667912521715542,0.9993973757539477
804,3.5,-6.5,15,Hero,0.833848911523819,0.9998086611429851
805,-4.999999999999998,-4.999999999999998,50,None,0.9240395605564118,0.999994637966156
806,4.800000000000001,-5.199999999999999,2,Hero,0.9969300031661987,0.9999408721923828
807,1.1999999999999984,-8.8,38,Hero,0.7910208355047201,0.9997766629645699
808,4.0,-6.0,10,Hero,0.6978598110377788,0.998995178937912
809,3.9000000000000004,-6.1,11,Hero,0.7601775256070223,0.9993996728550304
810,4.1000000000000005,-5.8999999999999995,9,Hero,0.7404022812843323,0.9997541507085165
811,3.3,-6.7,17,Hero,0.6170199092696694,0.998500248965095
812,3.6000000000000005,-6.3999999999999995,14,Hero,0.6038614413035768,0.9956914825098855
813,3.7,-6.3,13,Hero,0.6530526131391525,0.9187489608571363
814,3.4000000000000004,-6.6,16,Hero,0.6890283264219761,0.9978885352611542
815,4.0,-6.0,10,Hero,0.7886557742953301,0.9991392374038697
816,4.300000000000001,-5.699999999999999,7,Hero,0.7545368437256131,0.9999514136995588
817,3.4000000000000004,-6.6,16,Hero,0.7313108718954027,0.9926964528858662
818,4.300000000000001,-5.699999999999999,7,Hero,0.6463856271335057,0.9999057054519653
819,4.4,-5.6,6,Hero,0.5130347609519958,0.9998766978581747
820,4.300000000000001,-5.699999999999999,7,Hero,0.7298701788697924,0.9999250514166695
821,4.1000000000000005,-5.8999999999999995,9,Hero,0.6586407000819842,0.9997015595436096
822,4.0,-6.0,10,Hero,0.6260192403569818,0.9994460344314575
823,4.6000000000000005,-5.3999999999999995,4,Hero,0.9818491339683533,0.9997365325689316
824,4.1000000000000005,-5.8999999999999995,9,Hero,0.5731955551438861,0.999686426586575
825,4.6000000000000005,-5.3999999999999995,4,Hero,0.5563848912715912,0.999869167804718
826,3.9000000000000004,-6.1,11,Hero,0.7463688227263364,0.9999299266121604
827,4.2,-5.8,8,Hero,0.8100536018610001,0.9996653348207474
828,4.5,-5.5,5,Hero,0.989510428905487,0.9996090292930603
829,3.9000000000000004,-6.1,11,Hero,0.6956757252866571,0.9957900643348694
830,4.0,-6.0,10,Hero,0.7740823671221733,0.999649053812027
831,3.3,-6.7,17,Hero,0.6723986296531033,0.998177261913524
832,4.1000000000000005,-5.8999999999999995,9,Hero,0.8278650061951743,0.9999987284342448
833,3.5,-6.5,15,Hero,0.7147305871049563,0.999478550752004
834,3.9000000000000004,-6.1,11,Hero,0.8816849806092002,0.9989360570907593
835,4.1000000000000005,-5.8999999999999995,9,Hero,0.8631154166327583,0.9997633033328586
836,3.3,-6.7,17,Hero,0.8909919253166985,0.9987069122931537
837,3.5,-6.5,15,Hero,0.7055160760879516,0.9994558095932007
838,3.8000000000000007,-6.199999999999999,12,Hero,0.6949204057455063,0.998529906074206
839,3.0,-7.0,20,Hero,0.6741543225944042,0.9982204616069794
840,4.300000000000001,-5.699999999999999,7,Hero,0.7217457805361066,0.9995434369359698
841,4.0,-6.0,10,Hero,0.7236526049673557,0.9996390998363495
842,3.8000000000000007,-6.199999999999999,12,Hero,0.7266290796299776,0.9999280373255411
843,4.5,-5.5,5,Hero,0.9619571208953858,0.9997358083724975
844,3.9000000000000004,-6.1,11,Hero,0.7211583744395863,0.9997960979288275
845,3.8000000000000007,-6.199999999999999,12,Hero,0.5176519900560379,0.9980064481496811
846,4.2,-5.8,8,Hero,0.7763859704136848,0.9993698298931122
847,3.5,-6.5,15,Hero,0.6920063267151515,0.9996427456537883
848,3.4000000000000004,-6.6,16,Hero,0.652218327857554,0.9980639889836311
849,3.4000000000000004,-6.6,16,Hero,0.5887465523555875,0.9990286305546761
850,3.6000000000000005,-6.3999999999999995,14,Hero,0.6687038327966418,0.9971553002085004
851,3.8000000000000007,-6.199999999999999,12,Hero,0.8822998106479645,0.9988775451978048
852,4.9,-5.1,1,Hero,0.9309607744216919,0.9999557733535767
853,-5.1,4.9,1,Villain,0.9928106665611267,0.9998594522476196
854,3.5,-6.5,15,Hero,0.5654123949507872,0.9977148532867431
855,4.9,-5.1,1,Hero,0.9161857962608337,0.9999802112579346
856,4.0,-6.0,10,Hero,0.7804905526340008,0.9984189093112945
857,4.0,-6.0,10,Hero,0.7869552820920944,0.999387264251709
858,4.300000000000001,-5.699999999999999,7,Hero,0.8249705348696027,0.9998940570013863
859,4.6000000000000005,-5.3999999999999995,4,Hero,0.7326026856899261,0.9997653812170029
860,3.5,-6.5,15,Hero,0.6400698661804199,0.9893927017847697
861,4.0,-6.0,10,Hero,0.8456089407205581,0.9997253775596618
862,4.0,-6.0,10,Hero,0.8136335641145707,0.9997127771377563
863,3.7,-6.3,13,Hero,0.7539502244729263,0.9943877504422114
864,4.2,-5.8,8,Hero,0.6137125305831432,0.9994216710329056
865,3.6000000000000005,-6.3999999999999995,14,Hero,0.6110587511211634,0.9968080520629883
866,4.300000000000001,-5.699999999999999,7,Hero,0.9907992226736886,0.9999566418784005
867,4.1000000000000005,-5.8999999999999995,9,Hero,0.6425645848115286,0.9996916651725769
868,3.8000000000000007,-6.199999999999999,12,Hero,0.5882255596419176,0.9972478101650873
869,4.6000000000000005,-5.3999999999999995,4,Hero,0.8299409300088882,0.9997358024120331
870,3.2,-6.8,18,Hero,0.6309895367982487,0.9949616458680894
871,4.800000000000001,-5.199999999999999,2,Hero,0.997652530670166,0.9999879002571106
872,4.2,-5.8,8,Hero,0.6566928252577782,0.999393567442894
873,4.2,-5.8,8,Hero,0.621623151935637,0.9997932240366936
874,0.6999999999999993,-9.3,43,Hero,0.8498124866204899,0.9996104489925296
875,4.300000000000001,-5.699999999999999,7,Hero,0.6529048532247543,0.9999400888170514
876,4.1000000000000005,-5.8999999999999995,9,Hero,0.7352136539088355,0.9998942216237386
877,3.3,-6.7,17,Hero,0.7824511247522691,0.9972581407603096
878,3.7,-6.3,13,Hero,0.6404233368543478,0.9991872264788701
879,4.300000000000001,-5.699999999999999,7,Hero,0.6041602960654667,0.9999316249574933
880,3.0999999999999996,-6.9,19,Hero,0.9132411228983026,0.998860167829614
881,4.300000000000001,-5.699999999999999,7,Hero,0.7412535910095487,0.999042136328561
882,4.7,-5.3,3,Hero,0.9943233331044515,0.9999225536982218
883,4.9,-5.1,1,Hero,0.6578545570373535,0.9999912977218628
884,3.0999999999999996,-6.9,19,Hero,0.5425994061109745,0.9996533174263803
885,2.1999999999999993,-7.800000000000001,28,Hero,0.5463739998106446,0.9307268538645336
886,4.0,-6.0,10,Hero,0.75467289686203,0.9983970165252686
887,4.300000000000001,-5.699999999999999,7,Hero,0.7716931530407497,0.9995349986212594
888,4.9,-5.1,1,Hero,0.8709181547164917,0.9999016523361206
889,4.0,-6.0,10,Hero,0.6630088716745377,0.9963744401931762
890,4.9,-5.1,1,Hero,0.38470301032066345,0.9999836683273315
891,4.0,-6.0,10,Hero,0.6879081457853318,0.9987136363983155
892,3.7,-6.3,13,Hero,0.6698503775092272,0.9982501726884109
893,4.6000000000000005,-5.3999999999999995,4,Hero,0.5632989704608917,0.9999896287918091
894,3.3,-6.7,17,Hero,0.6492815901566407,0.997948944568634
895,4.1000000000000005,-5.8999999999999995,9,Hero,0.6496709502405591,0.9994317359394498
896,2.8,-7.2,22,Hero,0.7636342451653697,0.9999918287450617
897,4.1000000000000005,-5.8999999999999995,9,Hero,0.9208484093348185,0.9999847279654609
898,3.3,-6.7,17,Hero,0.6456169740242117,0.9961392178254969
899,3.0,-7.0,20,Hero,0.5729604884982109,0.990789458155632
900,4.0,-6.0,10,Hero,0.690428489074111,0.9972606122493743
901,3.7,-6.3,13,Hero,0.7718245432927058,0.9986582627663245
902,3.2,-6.8,18,Hero,0.6398629409571489,0.9852169189188216
903,4.300000000000001,-5.699999999999999,7,Hero,0.7208908583436694,0.9999208280018398
904,3.9000000000000004,-6.1,11,Hero,0.7427446679635481,0.997487333687869
905,4.0,-6.0,10,Hero,0.7912276551127434,0.9999842882156372
906,4.6000000000000005,-5.3999999999999995,4,Hero,0.8044049292802811,0.9997425675392151
907,4.300000000000001,-5.699999999999999,7,Hero,0.8726084743227277,0.9998484339032855
908,4.300000000000001,-5.699999999999999,7,Hero,0.8641289217131478,0.999965855053493
909,4.5,-5.5,5,Hero,0.7461984395980835,0.9999864578247071
910,3.9000000000000004,-6.1,11,Hero,0.5361366420984268,0.9981986067511819
911,4.6000000000000005,-5.3999999999999995,4,Hero,0.5560159608721733,0.9999716877937317
912,4.4,-5.6,6,Hero,0.9764043887456259,0.999519964059194
913,3.9000000000000004,-6.1,11,Hero,0.8127393289045854,0.9986606727946888
914,3.5,-6.5,15,Hero,0.6242191265026729,0.931536186610659
915,3.5,-6.5,15,Hero,0.6355528473854065,0.985643760363261
916,4.1000000000000005,-5.8999999999999995,9,Hero,0.8035616278648376,0.9999736679924859
917,3.8000000000000007,-6.199999999999999,12,Hero,0.6853761697808901,0.9937489082415899
918,3.9000000000000004,-6.1,11,Hero,0.7742304043336348,0.9922332763671875
919,4.1000000000000005,-5.8999999999999995,9,Hero,0.850748876730601,0.9986531270874871
920,4.0,-6.0,10,Hero,0.8872324824333191,0.989174073934555
921,4.300000000000001,-5.699999999999999,7,Hero,0.5458687629018512,0.9997324517795018
922,3.3,-6.7,17,Hero,0.5995552653775496,0.9176657366402009
923,4.1000000000000005,-5.8999999999999995,9,Hero,0.953303747706943,0.9911388225025601
924,3.8000000000000007,-6.199999999999999,12,Hero,0.8080897827943166,0.9966461906830469
925,3.6000000000000005,-6.3999999999999995,14,Hero,0.6521626774753843,0.9921351798943111
926,3.5,-6.5,15,Hero,0.6685476740201314,0.9797257463137309
927,3.6000000000000005,-6.3999999999999995,14,Hero,0.6133745802300317,0.9984610804489681
928,4.0,-6.0,10,Hero,0.8277160957455635,0.999823796749115
929,3.6000000000000005,-6.3999999999999995,14,Hero,0.7242064965622765,0.9261718190142086
930,4.0,-6.0,10,Hero,0.7650669127702713,0.9999781489372254
931,3.6000000000000005,-6.3999999999999995,14,Hero,0.6839707110609327,0.9973756798676082
932,4.2,-5.8,8,Hero,0.7144660875201225,0.9988006055355072
933,3.8000000000000007,-6.199999999999999,12,Hero,0.70868686431398,0.9951813618342081
934,3.3,-6.7,17,Hero,0.6270347409607733,0.9313979618908728
935,4.0,-6.0,10,Hero,0.7353507816791535,0.9945525050163269
936,3.9000000000000004,-6.1,11,Hero,0.8228026858784936,0.9061140074309978
937,3.7,-6.3,13,Hero,0.6191671318732775,0.988099639232342
938,4.2,-5.8,8,Hero,0.8736734092235565,0.9998952820897102
939,4.1000000000000005,-5.8999999999999995,9,Hero,0.8819166123867035,0.9998349414931403
940,4.1000000000000005,-5.8999999999999995,9,Hero,0.794755243592792,0.999990979830424
941,4.1000000000000005,-5.8999999999999995,9,Hero,0.6809728840986887,0.9994129670990838
942,3.8000000000000007,-6.199999999999999,12,Hero,0.7712881887952486,0.9996773302555084
943,4.7,-5.3,3,Hero,0.8161126971244812,0.9998738567034403
944,4.2,-5.8,8,Hero,0.7230035737156868,0.9997610226273537
945,4.9,-5.1,1,Hero,0.9802151918411255,0.9999932050704956
946,4.0,-6.0,10,Hero,0.8657722368836402,0.9999070405960083
947,4.4,-5.6,6,Hero,0.7756218860546747,0.9993617137273153
948,4.0,-6.0,10,Hero,0.684161576628685,0.9981589436531066
949,4.1000000000000005,-5.8999999999999995,9,Hero,0.6779137518670824,0.9988059136602614
950,4.6000000000000005,-5.3999999999999995,4,Hero,0.6757857017219067,0.9997485876083374
951,4.2,-5.8,8,Hero,0.8513623625040054,0.9998447149991989
952,3.7,-6.3,13,Hero,0.6642127610169924,0.9997481016012338
953,3.3,-6.7,17,Hero,0.6277957102831673,0.9923932377029868
954,4.9,-5.1,1,Hero,0.905643880367279,0.9999973773956299
955,4.4,-5.6,6,Hero,0.7083989530801773,0.9993371069431305
956,3.6000000000000005,-6.3999999999999995,14,Hero,0.7068857720920018,0.9972590931824276
957,4.5,-5.5,5,Hero,0.9352580189704895,0.9993210434913635
958,4.800000000000001,-5.199999999999999,2,Hero,0.9986458420753479,0.9999808073043823
959,3.7,-6.3,13,Hero,0.7548319536906022,0.995590457549462
960,3.7,-6.3,13,Hero,0.75419914493194,0.9955841715519245
961,-5.1,4.9,1,Villain,0.010429023765027523,0.9982556700706482
962,4.300000000000001,-5.699999999999999,7,Hero,0.8733825087547302,0.9998726844787598
963,4.2,-5.8,8,Hero,0.8749123401939869,0.9998669922351837
964,3.8000000000000007,-6.199999999999999,12,Hero,0.6827170178294182,0.9992648959159851
965,3.7,-6.3,13,Hero,0.6079059747549204,0.9956742250002347
966,3.9000000000000004,-6.1,11,Hero,0.7208307520909742,0.9996376037597656
967,4.300000000000001,-5.699999999999999,7,Hero,0.8478530475071498,0.9999757323946271
968,4.4,-5.6,6,Hero,0.8635933101177216,0.9997654557228088
969,4.6000000000000005,-5.3999999999999995,4,Hero,0.8108217120170593,0.9999688267707825
970,4.0,-6.0,10,Hero,0.7573881417512893,0.9994542479515076
971,4.2,-5.8,8,Hero,0.6589811146259308,0.9992803558707237
972,3.5,-6.5,15,Hero,0.6937171707550684,0.9990653594334921
973,4.4,-5.6,6,Hero,0.5521542926629385,0.9999100863933563
974,4.0,-6.0,10,Hero,0.8864331483840943,0.9979437351226806
975,4.5,-5.5,5,Hero,0.9998631119728089,0.9999302625656128
976,3.5,-6.5,15,Hero,0.7268099943796794,0.9935072700182597
977,4.6000000000000005,-5.3999999999999995,4,Hero,0.9951763302087784,0.9999741315841675
978,3.7,-6.3,13,Hero,0.7202902803054223,0.9982978197244498
979,4.1000000000000005,-5.8999999999999995,9,Hero,0.8557154594196213,0.9984946118460761
980,3.9000000000000004,-6.1,11,Hero,0.7061418782580983,0.9990279674530029
981,4.300000000000001,-5.699999999999999,7,Hero,0.7516251078673771,0.9999816417694092
982,4.1000000000000005,-5.8999999999999995,9,Hero,0.7203148338529799,0.9984686970710754
983,4.4,-5.6,6,Hero,0.8539486130078634,0.9991942544778188
984,4.0,-6.0,10,Hero,0.7748286068439484,0.9996601402759552
985,3.6000000000000005,-6.3999999999999995,14,Hero,0.714134795325143,0.9993033068520683
986,4.2,-5.8,8,Hero,0.7158411405980587,0.9991885647177696
987,4.2,-5.8,8,Hero,0.7188625521957874,0.9992892146110535
988,4.5,-5.5,5,Hero,0.6296220242977142,0.9997895121574402
989,3.6000000000000005,-6.3999999999999995,14,Hero,0.6555850857070514,0.9919939466885158
990,4.5,-5.5,5,Hero,0.7894259810447692,0.9994694590568542
991,4.6000000000000005,-5.3999999999999995,4,Hero,0.6914062276482582,0.9999024868011475
992,2.9,-7.1,21,Hero,0.5732242729337442,0.9846917334057036
993,3.7,-6.3,13,Hero,0.7440530176346118,0.9984801411628723
994,4.4,-5.6,6,Hero,0.7616066883007685,0.9999604423840841
995,3.9000000000000004,-6.1,11,Hero,0.7653856006535616,0.9998711835254322
996,4.800000000000001,-5.199999999999999,2,Hero,0.8419907987117767,0.9999520778656006
997,4.1000000000000005,-5.8999999999999995,9,Hero,0.9293393757608202,0.9999359978569878
998,3.5,-6.5,15,Hero,0.6294015506903331,0.9970921754837037
999,3.7,-6.3,13,Hero,0.6831482717624078,0.9969803461661706
1000,4.4,-5.6,6,Hero,0.7948416719834009,0.9998429715633392
1001,3.0999999999999996,-6.9,19,Hero,0.6049760956513254,0.9942307440858138
1002,3.4000000000000004,-6.6,16,Hero,0.7262212783098221,0.9801448918879032
1003,3.9000000000000004,-6.1,11,Hero,0.7626375650817697,0.998985079201785
1004,-5.199999999999999,4.800000000000001,2,Villain,0.6649054288864136,0.9840309023857117
1005,3.9000000000000004,-6.1,11,Hero,0.7906042554161765,0.998724493113431
1006,4.1000000000000005,-5.8999999999999995,9,Hero,0.8156408170859019,0.9997543692588806
1007,3.4000000000000004,-6.6,16,Hero,0.7362201763316989,0.9942159317433834
1008,4.2,-5.8,8,Hero,0.8471396192908287,0.9999933987855911
1009,4.1000000000000005,-5.8999999999999995,9,Hero,0.763843963543574,0.99843739800983
1010,3.3,-6.7,17,Hero,0.6722618411569035,0.9994625414119047
1011,3.0999999999999996,-6.9,19,Hero,0.682883764568128,0.9966905022922316
1012,3.7,-6.3,13,Hero,0.6830833883812795,0.9992838226831876
1013,3.2,-6.8,18,Hero,0.636019766330719,0.9949345787366232
1014,-5.3999999999999995,4.6000000000000005,4,Villain,0.9999733865261078,0.9999199658632278
1015,4.7,-5.3,3,Hero,0.998295783996582,0.9999932050704956
1016,3.5,-6.5,15,Hero,0.773204219341278,0.9952861865361532
1017,3.6000000000000005,-6.3999999999999995,14,Hero,0.7283859519021851,0.9981248123305184
1018,4.300000000000001,-5.699999999999999,7,Hero,0.9749488915715899,0.9999967302594867
1019,3.8000000000000007,-6.199999999999999,12,Hero,0.712969339142243,0.9992795685927073
1020,4.0,-6.0,10,Hero,0.6542735636234284,0.9979750394821167
1021,4.6000000000000005,-5.3999999999999995,4,Hero,0.7825416997075081,0.9998749196529388
1022,3.7,-6.3,13,Hero,0.6623434149301969,0.9966864540026739
1023,4.0,-6.0,10,Hero,0.6889911353588104,0.9980697572231293
1024,3.5,-6.5,15,Hero,0.7565412109096845,0.9974628965059916
1025,3.9000000000000004,-6.1,11,Hero,0.7532843026247892,0.9989902756430886
1026,4.0,-6.0,10,Hero,0.7520108766853809,0.999726516008377
1027,4.0,-6.0,10,Hero,0.8227504163980484,0.9996962189674378
1028,3.6000000000000005,-6.3999999999999995,14,Hero,0.7103618660143444,0.9995929641383035
1029,4.4,-5.6,6,Hero,0.689556211233139,0.9998822410901388
1030,3.9000000000000004,-6.1,11,Hero,0.7094508003104817,0.9975066997788169
1031,4.0,-6.0,10,Hero,0.8925581812858582,0.9998817086219788
1032,4.2,-5.8,8,Hero,0.7536717001348734,0.9999650120735168
1033,4.2,-5.8,8,Hero,0.6720694229006767,0.9997686296701431
1034,4.800000000000001,-5.199999999999999,2,Hero,0.9996781349182129,0.9999978542327881
1035,4.300000000000001,-5.699999999999999,7,Hero,0.7841562160423824,0.9993392143930707
1036,4.0,-6.0,10,Hero,0.8444032877683639,0.9974332213401794
1037,3.6000000000000005,-6.3999999999999995,14,Hero,0.7820946942748768,0.926217875443399
1038,4.4,-5.6,6,Hero,0.5666704376538595,0.9996462762355804
1039,3.7,-6.3,13,Hero,0.7581857534555289,0.9927254089942346
1040,3.9000000000000004,-6.1,11,Hero,0.8661879897117615,0.9992005337368358
1041,4.1000000000000005,-5.8999999999999995,9,Hero,0.9759376181496514,0.9986049267980788
1042,4.4,-5.6,6,Hero,0.8278179615736008,0.9994563659032186
1043,4.7,-5.3,3,Hero,0.9992187221844991,0.9999986489613851
1044,3.7,-6.3,13,Hero,0.7326369400207813,0.9999358837421124
1045,3.6000000000000005,-6.3999999999999995,14,Hero,0.704331561923027,0.9909149791513171
1046,4.0,-6.0,10,Hero,0.6658864051103592,0.9994303524494171
1047,4.2,-5.8,8,Hero,0.9682444706559181,0.9997024163603783
1048,3.9000000000000004,-6.1,11,Hero,0.9001292532140558,0.999515029517087
1049,4.1000000000000005,-5.8999999999999995,9,Hero,0.6533742480807834,0.9994602666960822
1050,4.4,-5.6,6,Hero,0.9179678757985433,0.9999673763910929
1051,4.6000000000000005,-5.3999999999999995,4,Hero,0.6855870187282562,0.9999214708805084
1052,-5.199999999999999,4.800000000000001,2,Villain,0.9999011754989624,0.9999324679374695
1053,4.7,-5.3,3,Hero,0.8368303974469503,0.9999152421951294
1054,3.8000000000000007,-6.199999999999999,12,Hero,0.6927567385137081,0.9979780316352844
1055,4.4,-5.6,6,Hero,0.9983691970507304,0.9999898672103882
1056,4.7,-5.3,3,Hero,0.977891763051351,0.9999541441599528
1057,3.4000000000000004,-6.6,16,Hero,0.6640379410237074,0.9734381064772606
1058,4.2,-5.8,8,Hero,0.7792753577232361,0.999992161989212
1059,3.9000000000000004,-6.1,11,Hero,0.7457648922096599,0.9997611154209484
1060,4.6000000000000005,-5.3999999999999995,4,Hero,0.7008159980177879,0.9999717175960541
1061,4.0,-6.0,10,Hero,0.8081348985433578,0.9997978448867798
1062,4.1000000000000005,-5.8999999999999995,9,Hero,0.8519364992777506,0.9997895028856065
1063,4.1000000000000005,-5.8999999999999995,9,Hero,0.7334422734048631,0.9999294148551093
1064,4.0,-6.0,10,Hero,0.8890000946819783,0.9999841332435608
1065,4.1000000000000005,-5.8999999999999995,9,Hero,0.8034304678440094,0.999126136302948
1066,4.300000000000001,-5.699999999999999,7,Hero,0.8588455063956124,0.9999523844037738
1067,3.8000000000000007,-6.199999999999999,12,Hero,0.7358928956091404,0.9991686443487803
1068,3.7,-6.3,13,Hero,0.7663542169791001,0.9987748723763686
1069,4.0,-6.0,10,Hero,0.8551336705684662,0.9996096730232239
1070,4.1000000000000005,-5.8999999999999995,9,Hero,0.9037644664446512,0.9999078644646539
1071,4.0,-6.0,10,Hero,0.9179786622524262,0.9997951209545135
1072,3.3,-6.7,17,Hero,0.6740694642066956,0.9847882179652944
1073,4.300000000000001,-5.699999999999999,7,Hero,0.7558912209102085,0.99991032906941
1074,4.300000000000001,-5.699999999999999,7,Hero,0.7403307088783809,0.9992982404572623
1075,3.6000000000000005,-6.3999999999999995,14,Hero,0.7866596626117826,0.9981243993554797
1076,4.0,-6.0,10,Hero,0.7067595362663269,0.9995617210865021
1077,3.4000000000000004,-6.6,16,Hero,0.7892681900411844,0.9946447014808655
1078,4.1000000000000005,-5.8999999999999995,9,Hero,0.8369416329595778,0.9996139340930514
1079,3.7,-6.3,13,Hero,0.6902600114162152,0.9997035494217505
1080,3.9000000000000004,-6.1,11,Hero,0.7816017554564909,0.9992697184736078
1081,4.300000000000001,-5.699999999999999,7,Hero,0.6486637507166181,0.9991730366434369
1082,4.0,-6.0,10,Hero,0.84328972697258,0.997828733921051
1083,4.0,-6.0,10,Hero,0.7545502066612244,0.9979055762290955
1084,3.6000000000000005,-6.3999999999999995,14,Hero,0.6951360585434097,0.9247845352760383
1085,4.2,-5.8,8,Hero,0.7969849854707718,0.9997595623135567
1086,3.9000000000000004,-6.1,11,Hero,0.6737032546238466,0.9968186562711542
1087,3.6000000000000005,-6.3999999999999995,14,Hero,0.6819528256143842,0.9872475266456604
1088,3.4000000000000004,-6.6,16,Hero,0.7183091398328543,0.9989279173314571
1089,4.300000000000001,-5.699999999999999,7,Hero,0.6795707089560372,0.9991725768361773
1090,4.300000000000001,-5.699999999999999,7,Hero,0.7121970057487488,0.9998123220035008
1091,3.3,-6.7,17,Hero,0.6967239064328811,0.9945817589759827
1092,3.2,-6.8,18,Hero,0.6150967499448193,0.997034533156289
1093,3.6000000000000005,-6.3999999999999995,14,Hero,0.8432173941816602,0.9985269265515464
1094,3.9000000000000004,-6.1,11,Hero,0.6143553663383831,0.9997324455868114
1095,4.2,-5.8,8,Hero,0.7377557381987572,0.9992671608924866
1096,4.0,-6.0,10,Hero,0.6995301395654678,0.9999498844146728
1097,3.6000000000000005,-6.3999999999999995,14,Hero,0.634131480540548,0.9956163423401969
1098,3.8000000000000007,-6.199999999999999,12,Hero,0.7982488349080086,0.9992557168006897
1099,3.7,-6.3,13,Hero,0.7747437713237909,0.9989622739645151
1100,4.1000000000000005,-5.8999999999999995,9,Hero,0.6323008934656779,0.999941176838345
1101,4.0,-6.0,10,Hero,0.758182418346405,0.998413598537445
1102,3.7,-6.3,13,Hero,0.6113947217281048,0.9973107026173518
1103,4.0,-6.0,10,Hero,0.643235394358635,0.9991440594196319
1104,4.300000000000001,-5.699999999999999,7,Hero,0.9783891013690403,0.99937789780753
1105,4.0,-6.0,10,Hero,0.8938875056803226,0.9983656108379364
1106,4.0,-6.0,10,Hero,0.6899865448474884,0.9988847017288208
1107,3.9000000000000004,-6.1,11,Hero,0.7922314567999407,0.999349138953469
1108,4.0,-6.0,10,Hero,0.8501065462827683,0.9998053193092347
1109,4.6000000000000005,-5.3999999999999995,4,Hero,0.7274992242455482,0.9996787309646606
1110,4.0,-6.0,10,Hero,0.8851242184638977,0.999816483259201
1111,4.0,-6.0,10,Hero,0.92281374335289,0.9996141970157624
1112,4.4,-5.6,6,Hero,0.7997860138614973,0.9999341169993082
1113,4.1000000000000005,-5.8999999999999995,9,Hero,0.7786694632636176,0.9997178713480631
1114,3.9000000000000004,-6.1,11,Hero,0.8751628398895264,0.9989600723439996
1115,4.5,-5.5,5,Hero,0.8371992468833923,0.9999847650527954
1116,2.6999999999999997,-7.300000000000001,23,Hero,0.6866706888312879,0.9547956880667935
1117,4.300000000000001,-5.699999999999999,7,Hero,0.7399659869926316,0.9998552032879421
1118,3.9000000000000004,-6.1,11,Hero,0.8303405750881542,0.9996003454381769
1119,3.7,-6.3,13,Hero,0.7088273305159348,0.9964153308134812
1120,4.0,-6.0,10,Hero,0.8825423121452332,0.9998266637325287
1121,4.4,-5.6,6,Hero,0.8056237697601318,0.9998724063237509
1122,3.7,-6.3,13,Hero,0.7168542375931373,0.9999482081486628
1123,3.7,-6.3,13,Hero,0.7166955683093804,0.9208596048590082
1124,3.7,-6.3,13,Hero,0.7155417430286224,0.9990135798087487
1125,4.1000000000000005,-5.8999999999999995,9,Hero,0.7520200742615594,0.9990856515036689
1126,4.300000000000001,-5.699999999999999,7,Hero,0.6664746531418392,0.9997424568448748
1127,4.5,-5.5,5,Hero,0.6798583388328552,0.9999309062957764
1128,3.7,-6.3,13,Hero,0.7088775428441855,0.9998022134487445
1129,4.6000000000000005,-5.3999999999999995,4,Hero,0.9859145134687424,0.9999627768993378
1130,3.8000000000000007,-6.199999999999999,12,Hero,0.8080065672596296,0.999820480744044
1131,4.4,-5.6,6,Hero,0.9895210862159729,0.9999749263127645
1132,3.9000000000000004,-6.1,11,Hero,0.6036096872253851,0.9999515901912343
1133,3.9000000000000004,-6.1,11,Hero,0.8148509860038757,0.9998222318562594
1134,4.300000000000001,-5.699999999999999,7,Hero,0.6576141885348729,0.9999074510165623
1135,3.9000000000000004,-6.1,11,Hero,0.6817097474228252,0.9999021454290911
1136,3.9000000000000004,-6.1,11,Hero,0.8471019301902164,0.9999689080498435
1137,3.7,-6.3,13,Hero,0.6783534792753366,0.995178772852971
1138,3.8000000000000007,-6.199999999999999,12,Hero,0.753839743634065,0.9995130995909373
1139,-5.1,4.9,1,Villain,0.9354324340820312,0.9996047616004944
1140,4.800000000000001,-5.199999999999999,2,Hero,0.9993323981761932,0.9999889135360718
1141,3.4000000000000004,-6.6,16,Hero,0.7629478194867261,0.9990905374288559
1142,4.300000000000001,-5.699999999999999,7,Hero,0.735010917697634,0.9999244979449681
1143,4.4,-5.6,6,Hero,0.8001000086466471,0.999993642171224
1144,3.9000000000000004,-6.1,11,Hero,0.7341164540160786,0.9989370270208879
1145,4.6000000000000005,-5.3999999999999995,4,Hero,0.9335388243198395,0.9999759197235107
1146,3.9000000000000004,-6.1,11,Hero,0.7036755139177496,0.9999300891702826
1147,4.1000000000000005,-5.8999999999999995,9,Hero,0.7739432768689262,0.9999463293287489
1148,4.4,-5.6,6,Hero,0.8583512008190155,0.9998904665311178
1149,4.0,-6.0,10,Hero,0.8953074619174004,0.999880599975586
1150,4.1000000000000005,-5.8999999999999995,9,Hero,0.921407679716746,0.9995159043206109
1151,3.7,-6.3,13,Hero,0.6718521992174479,0.999385132239415
1152,3.9000000000000004,-6.1,11,Hero,0.8665215264667164,0.9999531832608309
1153,4.0,-6.0,10,Hero,0.7896978199481964,0.9995153784751892
1154,3.3,-6.7,17,Hero,0.6674312633626601,0.9955198414185468
1155,4.0,-6.0,10,Hero,0.8578591704368591,0.9992899060249328
1156,4.4,-5.6,6,Hero,0.7558590769767761,0.9998700022697449
1157,3.7,-6.3,13,Hero,0.7904594999093276,0.999718711926387
1158,4.2,-5.8,8,Hero,0.7420767918229103,0.9998702183365822
1159,4.4,-5.6,6,Hero,0.8766868809858958,0.9999087552229563
1160,3.2,-6.8,18,Hero,0.6981703572803073,0.9992993507120345
1161,3.9000000000000004,-6.1,11,Hero,0.8352768109603361,0.9998329823667352
1162,3.6000000000000005,-6.3999999999999995,14,Hero,0.6783533820084163,0.9996329716273716
1163,4.5,-5.5,5,Hero,0.8529798269271851,0.9999101638793946
1164,4.300000000000001,-5.699999999999999,7,Hero,0.5481998068945748,0.9999924898147583
1165,3.8000000000000007,-6.199999999999999,12,Hero,0.7613641414791346,0.9997126261393229
1166,4.0,-6.0,10,Hero,0.7473995059728622,0.9998388051986694
1167,2.5999999999999996,-7.4,24,Hero,0.6853051222860813,0.9581138975918293
1168,4.1000000000000005,-5.8999999999999995,9,Hero,0.7359810637103187,0.9999184740914239
1169,4.0,-6.0,10,Hero,0.8656691640615464,0.9998426377773285
1170,4.4,-5.6,6,Hero,0.6625249435504278,0.999998132387797
1171,4.5,-5.5,5,Hero,0.8646354615688324,0.9999953031539917
1172,-5.199999999999999,4.800000000000001,2,Villain,0.8530334830284119,0.9996811747550964
1173,4.1000000000000005,-5.8999999999999995,9,Hero,0.8775530192587111,0.9999446603986952
1174,3.9000000000000004,-6.1,11,Hero,0.7333934280005369,0.999798525463451
1175,3.6000000000000005,-6.3999999999999995,14,Hero,0.6097259510840688,0.9940429202147892
1176,3.9000000000000004,-6.1,11,Hero,0.6673644157973203,0.9996111392974854
1177,3.9000000000000004,-6.1,11,Hero,0.60156003724445,0.9999337846582587
1178,3.7,-6.3,13,Hero,0.7340838496501629,0.9999838792360746
1179,3.7,-6.3,13,Hero,0.7332823872566223,0.9996281403761643
1180,3.2,-6.8,18,Hero,0.6386455396811167,0.9982107116116418
1181,4.300000000000001,-5.699999999999999,7,Hero,0.8017743506601879,0.9999656166349139
1182,4.300000000000001,-5.699999999999999,7,Hero,0.9063782947404044,0.9999781165804181
1183,3.6000000000000005,-6.3999999999999995,14,Hero,0.6655944670949664,0.9991519451141357
1184,4.1000000000000005,-5.8999999999999995,9,Hero,0.801904386944241,0.9998934666315714
1185,4.300000000000001,-5.699999999999999,7,Hero,0.7014494921479907,0.9999586173466274
1186,3.5,-6.5,15,Hero,0.7039987802505493,0.9973141193389893
1187,3.9000000000000004,-6.1,11,Hero,0.6313052692196586,0.9999893686988137
1188,4.6000000000000005,-5.3999999999999995,4,Hero,0.6327126696705818,0.999944806098938
1189,4.2,-5.8,8,Hero,0.8303225114941597,0.99994295835495
1190,3.9000000000000004,-6.1,11,Hero,0.8691988506100394,0.9998291785066779
1191,4.2,-5.8,8,Hero,0.7972234189510345,0.9999333918094635
1192,3.9000000000000004,-6.1,11,Hero,0.661784131418575,0.9999782713976774
1193,3.9000000000000004,-6.1,11,Hero,0.815195536071604,0.999839880249717
1194,4.2,-5.8,8,Hero,0.9109666869044304,0.9999148547649384
1195,4.5,-5.5,5,Hero,0.9637957096099854,0.9999966382980346
1196,4.7,-5.3,3,Hero,0.6887655854225159,0.9999945163726807
1197,4.300000000000001,-5.699999999999999,7,Hero,0.7521115818193981,0.9998636330877032
1198,4.4,-5.6,6,Hero,0.8477515280246735,0.99994824330012
1199,3.8000000000000007,-6.199999999999999,12,Hero,0.83912872026364,0.9998121857643127
1200,-5.3999999999999995,4.6000000000000005,4,Villain,0.4303892068564892,0.7470591836608946
1201,4.0,-6.0,10,Hero,0.8279905527830124,0.9999105572700501
1202,3.7,-6.3,13,Hero,0.6876083600979584,0.9997284274834853
1203,3.3,-6.7,17,Hero,0.6691763949690058,0.9915331391727223
1204,4.5,-5.5,5,Hero,0.92240309715271,0.9999848365783691
1205,4.6000000000000005,-5.3999999999999995,4,Hero,0.577171690762043,0.9995710104703903
1206,4.4,-5.6,6,Hero,0.639392706255118,0.9993370076020559
1207,4.300000000000001,-5.699999999999999,7,Hero,0.9632976140294757,0.9998473525047302
1208,4.4,-5.6,6,Hero,0.765128160516421,0.9989131192366282
1209,3.9000000000000004,-6.1,11,Hero,0.834992996670983,0.99715825102546
1210,4.2,-5.8,8,Hero,0.6496702273143455,0.9990831613540649
1211,4.1000000000000005,-5.8999999999999995,9,Hero,0.9835344420539008,0.9997960130373637
1212,4.1000000000000005,-5.8999999999999995,9,Hero,0.6754555073049333,0.9980187813440958
1213,3.8000000000000007,-6.199999999999999,12,Hero,0.7980729353924593,0.9938685745000839
1214,4.4,-5.6,6,Hero,0.9662532111008962,0.9999648332595825
1215,3.9000000000000004,-6.1,11,Hero,0.7885908457365903,0.9967078133062883
1216,4.5,-5.5,5,Hero,0.8194249987602233,0.9993991613388061
1217,3.7,-6.3,13,Hero,0.5725177022127005,0.9887939049647405
1218,3.4000000000000004,-6.6,16,Hero,0.609657621011138,0.9207287720637396
1219,4.4,-5.6,6,Hero,0.6752526238560677,0.9981318910916647
1220,3.6000000000000005,-6.3999999999999995,14,Hero,0.7482219700302396,0.9892516306468419
1221,4.300000000000001,-5.699999999999999,7,Hero,0.7038113645144871,0.9983885884284973
1222,4.2,-5.8,8,Hero,0.9843100905418396,0.9998042732477188
1223,4.0,-6.0,10,Hero,0.7985288888216019,0.9969741880893708
1224,4.2,-5.8,8,Hero,0.8126928843557835,0.9997363835573196
1225,4.1000000000000005,-5.8999999999999995,9,Hero,0.9929083850648668,0.999664651023017
1226,4.6000000000000005,-5.3999999999999995,4,Hero,0.9783602356910706,0.9997266680002213
1227,3.5,-6.5,15,Hero,0.6386589174469312,0.9272145390510559
1228,4.300000000000001,-5.699999999999999,7,Hero,0.9595402479171753,0.9993656362806048
1229,3.5,-6.5,15,Hero,0.6015806446472803,0.995209813117981
1230,3.9000000000000004,-6.1,11,Hero,0.6208932968703184,0.9986551566557451
1231,4.2,-5.8,8,Hero,0.6941576153039932,0.9987236708402634
1232,4.300000000000001,-5.699999999999999,7,Hero,0.7743450999259949,0.9987220168113708
1233,3.7,-6.3,13,Hero,0.7164205696720344,0.9958606133094201
1234,3.8000000000000007,-6.199999999999999,12,Hero,0.7697282036145529,0.9973201205333074
1235,3.6000000000000005,-6.3999999999999995,14,Hero,0.6588750353881291,0.9974110509668078
1236,4.2,-5.8,8,Hero,0.7773409374058247,0.9988591000437737
1237,4.0,-6.0,10,Hero,0.6255625754594802,0.9987480819225312
1238,4.300000000000001,-5.699999999999999,7,Hero,0.7231187394687107,0.9989768011229379
1239,4.2,-5.8,8,Hero,0.8312831930816174,0.9994843676686287
1240,4.4,-5.6,6,Hero,0.9843875070412954,0.9999728600184122
1241,4.1000000000000005,-5.8999999999999995,9,Hero,0.8978795806566874,0.9992373453246223
1242,4.4,-5.6,6,Hero,0.7649281223615011,0.9997433523337046
1243,4.300000000000001,-5.699999999999999,7,Hero,0.8406458795070648,0.999988283429827
1244,3.8000000000000007,-6.199999999999999,12,Hero,0.8296649158000946,0.9990811993678411
1245,4.5,-5.5,5,Hero,0.9914608597755432,0.9998305082321167
1246,-5.1,4.9,1,Villain,0.7003701329231262,0.962833046913147
1247,3.6000000000000005,-6.3999999999999995,14,Hero,0.6537624789135796,0.9996676104409354
1248,4.0,-6.0,10,Hero,0.85079345703125,0.9994570553302765
1249,4.0,-6.0,10,Hero,0.6932809576392174,0.9999811172485351
1250,4.300000000000001,-5.699999999999999,7,Hero,0.6054372148854392,0.9999860014234271
1251,4.1000000000000005,-5.8999999999999995,9,Hero,0.9064885179201762,0.9999841186735365
1252,3.2,-6.8,18,Hero,0.753348381155067,0.9999820060200162
1253,3.9000000000000004,-6.1,11,Hero,0.6356148557229475,0.9994962215423584
1254,3.9000000000000004,-6.1,11,Hero,0.8191002688624642,0.999723960052837
1255,4.0,-6.0,10,Hero,0.7739418029785157,0.9999016702175141
1256,3.9000000000000004,-6.1,11,Hero,0.7712836849757216,0.9997784928842024
1257,4.2,-5.8,8,Hero,0.5760818161070347,0.9999906718730927
1258,3.7,-6.3,13,Hero,0.7793855483715351,0.9987373352050781
1259,3.7,-6.3,13,Hero,0.7620337972274194,0.9994919529327979
1260,4.1000000000000005,-5.8999999999999995,9,Hero,0.8768375847074721,0.9999584092034234
1261,4.4,-5.6,6,Hero,0.7503892878691355,0.9998737871646881
1262,3.6000000000000005,-6.3999999999999995,14,Hero,0.8276971365724292,0.999882093497685
1263,4.4,-5.6,6,Hero,0.577479287981987,0.9999660650889078
1264,-5.199999999999999,4.800000000000001,2,Villain,0.9875648319721222,0.9997506737709045
1265,3.9000000000000004,-6.1,11,Hero,0.568755638870326,0.9998601458289407
1266,4.1000000000000005,-5.8999999999999995,9,Hero,0.5986690918604533,0.9999535216225518
1267,4.1000000000000005,-5.8999999999999995,9,Hero,0.9014635549651252,0.9999598529603746
1268,4.2,-5.8,8,Hero,0.7318566888570786,0.999740332365036
1269,4.4,-5.6,6,Hero,0.782824918627739,0.9998708864053091
1270,4.1000000000000005,-5.8999999999999995,9,Hero,0.8234813345803155,0.9998366236686707
1271,4.2,-5.8,8,Hero,0.9737164750695229,0.9998923242092133
1272,4.2,-5.8,8,Hero,0.6843485943973064,0.9998619630932808
1273,3.6000000000000005,-6.3999999999999995,14,Hero,0.6757519362228257,0.9961585402488708
1274,-5.1,4.9,1,Villain,0.9998297691345215,0.9997308850288391
1275,4.4,-5.6,6,Hero,0.9705888032913208,0.99994824330012
1276,3.7,-6.3,13,Hero,0.6815486023059258,0.9980155367117661
1277,4.9,-5.1,1,Hero,0.23124612867832184,0.9999978542327881
1278,4.6000000000000005,-5.3999999999999995,4,Hero,0.7984708473086357,0.9999450147151947
1279,3.5,-6.5,15,Hero,0.6428025394678116,0.9953557411829631
1280,4.5,-5.5,5,Hero,0.9713198661804199,0.999971890449524
1281,4.1000000000000005,-5.8999999999999995,9,Hero,0.8281264768706428,0.9998439682854546
1282,3.3,-6.7,17,Hero,0.654500260401298,0.998064233976252
1283,4.5,-5.5,5,Hero,0.728528869152069,0.9999616622924805
1284,4.4,-5.6,6,Hero,0.7726446688175201,0.9998598694801331
1285,4.5,-5.5,5,Hero,0.9770397067070007,0.9999753475189209
1286,3.7,-6.3,13,Hero,0.7354530795262411,0.9994554473803594
1287,3.9000000000000004,-6.1,11,Hero,0.7247318137775768,0.9999525655399669
1288,4.4,-5.6,6,Hero,0.8635010371605555,0.9998712241649628
1289,3.8000000000000007,-6.199999999999999,12,Hero,0.7403537717958292,0.9989338368177414
1290,4.9,-5.1,1,Hero,0.9515474438667297,0.9999998807907104
1291,4.7,-5.3,3,Hero,0.8497501214345297,0.9999753634134928
1292,4.4,-5.6,6,Hero,0.7847476303577423,0.9998747507731119
1293,4.4,-5.6,6,Hero,0.8036926488081614,0.9999793569246928
1294,4.6000000000000005,-5.3999999999999995,4,Hero,0.6853057518601418,0.9999406635761261
1295,4.2,-5.8,8,Hero,0.7945814318954945,0.9999903291463852
1296,4.300000000000001,-5.699999999999999,7,Hero,0.6937814056873322,0.9998978802136013
1297,4.1000000000000005,-5.8999999999999995,9,Hero,0.7683980715357595,0.9996582203441196
1298,4.1000000000000005,-5.8999999999999995,9,Hero,0.775525175448921,0.999983376926846
1299,4.1000000000000005,-5.8999999999999995,9,Hero,0.7214350203673044,0.9992726577652825
1300,3.6000000000000005,-6.3999999999999995,14,Hero,0.7358215898275375,0.9995604796069009
1301,4.0,-6.0,10,Hero,0.7972431516274809,0.9998340725898742
1302,3.8000000000000007,-6.199999999999999,12,Hero,0.7040696231027445,0.9992789576450983
1303,3.9000000000000004,-6.1,11,Hero,0.7274644361300902,0.9077401776944911
1304,4.6000000000000005,-5.3999999999999995,4,Hero,0.7259645629674196,0.9999670088291168
1305,4.0,-6.0,10,Hero,0.7269701927900314,0.9994202733039856
1306,4.0,-6.0,10,Hero,0.8314112722873688,0.9995064616203309
1307,3.8000000000000007,-6.199999999999999,12,Hero,0.801840695242087,0.9990938007831573
1308,3.3,-6.7,17,Hero,0.6449723725809771,0.9400511453311671
1309,4.2,-5.8,8,Hero,0.6687243916094303,0.9998123124241829
1310,4.2,-5.8,8,Hero,0.7337966114282608,0.9999271631240845
1311,3.8000000000000007,-6.199999999999999,12,Hero,0.6451584165915847,0.9998091210921606
1312,3.7,-6.3,13,Hero,0.6814417804662998,0.9994322932683505
1313,4.4,-5.6,6,Hero,0.583614781498909,0.9999972581863403
1314,4.2,-5.8,8,Hero,0.7117370702326298,0.9996871128678322
1315,4.0,-6.0,10,Hero,0.672592043876648,0.9997761428356171
1316,3.9000000000000004,-6.1,11,Hero,0.7558512823148207,0.9994622577320446
1317,4.300000000000001,-5.699999999999999,7,Hero,0.7712333292833397,0.9998987146786281
1318,4.5,-5.5,5,Hero,0.7812466442584991,0.9999610185623169
1319,4.0,-6.0,10,Hero,0.6890907287597656,0.9996119856834411
1320,4.0,-6.0,10,Hero,0.8557499930262565,0.999998128414154
1321,3.7,-6.3,13,Hero,0.7295036877577121,0.9980088930863601
1322,3.7,-6.3,13,Hero,0.6746159127125373,0.9992941755514878
1323,4.800000000000001,-5.199999999999999,2,Hero,0.745961606502533,0.9999740123748779
1324,3.8000000000000007,-6.199999999999999,12,Hero,0.7934666822353998,0.9998128265142441
1325,4.300000000000001,-5.699999999999999,7,Hero,0.7334043043000358,0.9999539681843349
1326,4.4,-5.6,6,Hero,0.6518433541059494,0.9999872446060181
1327,4.1000000000000005,-5.8999999999999995,9,Hero,0.7493405987819036,0.9995498193634881
1328,3.9000000000000004,-6.1,11,Hero,0.667134627699852,0.9995434067466042
1329,3.8000000000000007,-6.199999999999999,12,Hero,0.6433612580100695,0.9998856037855148
1330,4.4,-5.6,6,Hero,0.6152935872475306,0.9999658068021139
1331,4.5,-5.5,5,Hero,0.8952727794647217,0.9999674320220947
1332,4.300000000000001,-5.699999999999999,7,Hero,0.7075909887041364,0.9998014654432025
1333,3.8000000000000007,-6.199999999999999,12,Hero,0.7887531419595083,0.9997939020395279
1334,3.9000000000000004,-6.1,11,Hero,0.8311519731174816,0.9997426433996721
1335,3.8000000000000007,-6.199999999999999,12,Hero,0.6996794740358988,0.9996383786201477
1336,4.2,-5.8,8,Hero,0.7473336718976498,0.9999103844165802
1337,4.0,-6.0,10,Hero,0.6333836317062378,0.9999163687229157
1338,4.5,-5.5,5,Hero,0.9905845284461975,0.9999880313873291
1339,3.5,-6.5,15,Hero,0.6160276591777801,0.999159324169159
1340,4.300000000000001,-5.699999999999999,7,Hero,0.7169796994754246,0.9999499491282872
1341,4.2,-5.8,8,Hero,0.7008233405649662,0.9999856054782867
1342,4.4,-5.6,6,Hero,0.9672126571337382,0.9999283949534098
1343,4.4,-5.6,6,Hero,0.7278682440519333,0.9999629457791647
1344,3.8000000000000007,-6.199999999999999,12,Hero,0.7935321852564812,0.9998577435811361
1345,4.1000000000000005,-5.8999999999999995,9,Hero,0.6314032715227869,0.9993841515647041
1346,3.7,-6.3,13,Hero,0.707675824371668,0.998991085932805
1347,4.2,-5.8,8,Hero,0.7464503087103367,0.9996794536709785
1348,4.1000000000000005,-5.8999999999999995,9,Hero,0.9127927290068732,0.9999502499898275
1349,4.9,-5.1,1,Hero,0.981895387172699,0.9999860525131226
1350,4.800000000000001,-5.199999999999999,2,Hero,0.9511374831199646,0.9999980926513672
1351,3.7,-6.3,13,Hero,0.6904333486006811,0.9975708310420697
1352,4.300000000000001,-5.699999999999999,7,Hero,0.6690616149987493,0.9999489188194275
1353,4.9,-5.1,1,Hero,0.06741997599601746,0.9999951124191284
1354,4.300000000000001,-5.699999999999999,7,Hero,0.8149691224098206,0.9997538413320269
1355,4.4,-5.6,6,Hero,0.5881640190879504,0.9999727805455526
1356,-5.3,4.7,3,Villain,0.682090533276399,0.9990408619244894
1357,4.800000000000001,-5.199999999999999,2,Hero,0.9806369245052338,0.9999859929084778
1358,4.1000000000000005,-5.8999999999999995,9,Hero,0.5920365403095881,0.99999471505483
1359,3.4000000000000004,-6.6,16,Hero,0.674645284190774,0.9916941747069359
1360,4.2,-5.8,8,Hero,0.986918143928051,0.999908447265625
1361,3.9000000000000004,-6.1,11,Hero,0.7358826155012305,0.9999490434473212
1362,4.0,-6.0,10,Hero,0.6987266786396503,0.9996834516525268
1363,4.5,-5.5,5,Hero,0.6207670748233796,0.99998037815094
1364,3.6000000000000005,-6.3999999999999995,14,Hero,0.7066423445940018,0.9984411171504429
1365,4.2,-5.8,8,Hero,0.6286871768534184,0.999931663274765
1366,4.1000000000000005,-5.8999999999999995,9,Hero,0.7338006181849374,0.9998403920067681
1367,3.4000000000000004,-6.6,16,Hero,0.6655990071594715,0.9969241991639137
1368,4.7,-5.3,3,Hero,0.9800677100817362,0.9999550183614095
1369,4.300000000000001,-5.699999999999999,7,Hero,0.8085437119007111,0.9998846309525626
1370,3.7,-6.3,13,Hero,0.7299429000570223,0.9990180501571069
1371,4.300000000000001,-5.699999999999999,7,Hero,0.8095845750399998,0.9999899864196777
1372,4.0,-6.0,10,Hero,0.6654926538467407,0.998836213350296
1373,4.5,-5.5,5,Hero,0.6427007913589478,0.999872887134552
1374,3.4000000000000004,-6.6,16,Hero,0.6539674662053585,0.9996351711452007
1375,3.8000000000000007,-6.199999999999999,12,Hero,0.7410501887400945,0.9985404908657074
1376,4.1000000000000005,-5.8999999999999995,9,Hero,0.7847747074233161,0.999648306104872
1377,3.7,-6.3,13,Hero,0.6835640623019292,0.9998447574101962
1378,4.2,-5.8,8,Hero,0.7702744081616402,0.9995734617114067
1379,4.800000000000001,-5.199999999999999,2,Hero,0.6878692358732224,0.999992311000824
1380,4.300000000000001,-5.699999999999999,7,Hero,0.9804945843560355,0.999901396887643
1381,3.8000000000000007,-6.199999999999999,12,Hero,0.6767428182065487,0.999593178431193
1382,3.7,-6.3,13,Hero,0.6234645350621297,0.9988541373839745
1383,3.3,-6.7,17,Hero,0.6037588988376015,0.9956150861347423
1384,4.2,-5.8,8,Hero,0.7670267820358276,0.9996793791651726
1385,3.8000000000000007,-6.199999999999999,12,Hero,0.78964614123106,0.9992183148860931
1386,4.5,-5.5,5,Hero,0.7223271310329438,0.9998424410820007
1387,3.8000000000000007,-6.199999999999999,12,Hero,0.6766123299797376,0.9996213912963867
1388,3.4000000000000004,-6.6,16,Hero,0.6643825192004442,0.9955739937722683
1389,3.6000000000000005,-6.3999999999999995,14,Hero,0.700733768088477,0.9963068664073944
1390,4.300000000000001,-5.699999999999999,7,Hero,0.6647449689252036,0.9998847501618522
1391,4.5,-5.5,5,Hero,0.6783141374588013,0.9999560832977294
1392,4.2,-5.8,8,Hero,0.9948277100920677,0.9998406022787094
1393,4.4,-5.6,6,Hero,0.6263718816141287,0.9999843041102091
1394,4.6000000000000005,-5.3999999999999995,4,Hero,0.6062643937766552,0.9999756813049316
1395,4.0,-6.0,10,Hero,0.9284043133258819,0.9997434914112091
1396,3.6000000000000005,-6.3999999999999995,14,Hero,0.7351860893624169,0.9969779338155474
1397,4.0,-6.0,10,Hero,0.7682717174291611,0.9996804594993591
1398,4.4,-5.6,6,Hero,0.9884216884771982,0.9999757607777914
1399,4.800000000000001,-5.199999999999999,2,Hero,0.9938519597053528,0.9999504089355469
1400,3.7,-6.3,13,Hero,0.7392738361198169,0.9995736846557031
1401,4.0,-6.0,10,Hero,0.6825525492429734,0.9995276987552643
1402,3.8000000000000007,-6.199999999999999,12,Hero,0.7782008772095045,0.9992531388998032
1403,3.5,-6.5,15,Hero,0.6626907189687093,0.9975104769070943
1404,4.800000000000001,-5.199999999999999,2,Hero,0.9196870625019073,0.9999938607215881
1405,3.9000000000000004,-6.1,11,Hero,0.793564881790768,0.999925819310275
1406,3.6000000000000005,-6.3999999999999995,14,Hero,0.6553330549171993,0.9985591854367938
1407,4.6000000000000005,-5.3999999999999995,4,Hero,0.7723810970783234,0.9999152719974518
1408,4.0,-6.0,10,Hero,0.7022258028388023,0.9999051928520203
1409,4.2,-5.8,8,Hero,0.6006294172257185,0.9998386651277542
1410,4.2,-5.8,8,Hero,0.707932859659195,0.999829575419426
1411,3.5,-6.5,15,Hero,0.6872072398662568,0.9977859417597453
1412,4.5,-5.5,5,Hero,0.677599823474884,0.9999307632446289
1413,4.0,-6.0,10,Hero,0.6977214172482491,0.9997306764125824
1414,3.7,-6.3,13,Hero,0.6862503387607061,0.9996609917053809
1415,3.9000000000000004,-6.1,11,Hero,0.7929527217691595,0.9992045543410562
1416,3.9000000000000004,-6.1,11,Hero,0.8660801676186648,0.9995991750196977
1417,3.5,-6.5,15,Hero,0.6862700641155243,0.9996039668718973
1418,4.300000000000001,-5.699999999999999,7,Hero,0.9780685731342861,0.9998902678489685
1419,4.300000000000001,-5.699999999999999,7,Hero,0.7952965412821088,0.9996710249355861
1420,4.9,-5.1,1,Hero,0.8020212650299072,0.9999895095825195
1421,3.9000000000000004,-6.1,11,Hero,0.766662039201368,0.9994203123179349
1422,4.2,-5.8,8,Hero,0.7826039344072342,0.9998851045966148
1423,3.8000000000000007,-6.199999999999999,12,Hero,0.6826768176009258,0.9974746207396189
1424,3.6000000000000005,-6.3999999999999995,14,Hero,0.6200657939272267,0.9962797548089709
1425,4.1000000000000005,-5.8999999999999995,9,Hero,0.9861560530132718,0.9999864233864678
1426,4.9,-5.1,1,Hero,0.5405149459838867,0.9999953508377075
1427,3.8000000000000007,-6.199999999999999,12,Hero,0.664061788469553,0.9995143562555313
1428,3.8000000000000007,-6.199999999999999,12,Hero,0.6593216607968012,0.9999190469582876
1429,4.300000000000001,-5.699999999999999,7,Hero,0.6087132734911782,0.9999141693115234
1430,4.1000000000000005,-5.8999999999999995,9,Hero,0.7042699952920278,0.9989683561854892
1431,4.4,-5.6,6,Hero,0.783583790063858,0.9997120201587677
1432,4.7,-5.3,3,Hero,0.9919791022936503,0.9999140103658041
1433,3.7,-6.3,13,Hero,0.6297584485549194,0.9995787602204543
1434,3.9000000000000004,-6.1,11,Hero,0.75493062897162,0.9991339986974542
1435,3.4000000000000004,-6.6,16,Hero,0.6374477911740541,0.9999100565910339
1436,3.8000000000000007,-6.199999999999999,12,Hero,0.708181019872427,0.9991954664389292
1437,3.4000000000000004,-6.6,16,Hero,0.6690629124641418,0.998435240238905
1438,3.4000000000000004,-6.6,16,Hero,0.6300802826881409,0.9864432364702225
1439,4.5,-5.5,5,Hero,0.6112965404987335,0.9998287796974182
1440,4.1000000000000005,-5.8999999999999995,9,Hero,0.7865380810366737,0.9996936519940695
1441,4.2,-5.8,8,Hero,0.757022313773632,0.9999033138155937
1442,4.2,-5.8,8,Hero,0.6501723476685584,0.9990963637828827
1443,4.4,-5.6,6,Hero,0.6295432349046072,0.9999525348345438
1444,3.7,-6.3,13,Hero,0.7722936387245471,0.9998994011145371
1445,4.4,-5.6,6,Hero,0.9976941446463267,0.9999824166297913
1446,3.6000000000000005,-6.3999999999999995,14,Hero,0.7054575830698013,0.9972958394459316
1447,3.8000000000000007,-6.199999999999999,12,Hero,0.7180995146433512,0.9961816817522049
1448,3.4000000000000004,-6.6,16,Hero,0.6308960616588593,0.9981449097394943
1449,4.800000000000001,-5.199999999999999,2,Hero,0.7718327045440674,0.9999014139175415
1450,3.5,-6.5,15,Hero,0.667387592792511,0.9933057983716329
1451,4.2,-5.8,8,Hero,0.8348343260586262,0.9994695782661438
1452,4.1000000000000005,-5.8999999999999995,9,Hero,0.9968382517496744,0.9999967283672757
1453,3.7,-6.3,13,Hero,0.670805607850735,0.9978394141564002
1454,4.2,-5.8,8,Hero,0.8223599661141634,0.9996439293026924
1455,3.0999999999999996,-6.9,19,Hero,0.6495170577576286,0.9993385233377156
1456,4.0,-6.0,10,Hero,0.6585040032863617,0.9997370064258575
1457,4.0,-6.0,10,Hero,0.6554930686950684,0.9992413818836212
1458,3.6000000000000005,-6.3999999999999995,14,Hero,0.7518256519521985,0.9981799168246133
1459,4.4,-5.6,6,Hero,0.6953124354283015,0.9998716314633688
1460,3.4000000000000004,-6.6,16,Hero,0.7049692133441567,0.977421049028635
1461,4.1000000000000005,-5.8999999999999995,9,Hero,0.6552919612990485,0.9987051354514228
1462,4.5,-5.5,5,Hero,0.8153530597686768,0.9995208621025086
1463,4.4,-5.6,6,Hero,0.7941772043704987,0.9994443456331888
1464,4.4,-5.6,6,Hero,0.5602431098620096,0.9998782674471537
1465,4.0,-6.0,10,Hero,0.7866350769996643,0.9994448721408844
1466,3.8000000000000007,-6.199999999999999,12,Hero,0.799831286072731,0.9988156904776891
1467,4.4,-5.6,6,Hero,0.8782296578089396,0.9993212223052979
1468,4.1000000000000005,-5.8999999999999995,9,Hero,0.989358921845754,0.9999719195895724
1469,3.3,-6.7,17,Hero,0.6713785485309713,0.9956127159735736
1470,4.5,-5.5,5,Hero,0.9839473485946655,0.9995876312255859
1471,4.0,-6.0,10,Hero,0.8737341225147247,0.9980750143527984
1472,3.9000000000000004,-6.1,11,Hero,0.6976691687648947,0.9984050447290594
1473,3.5,-6.5,15,Hero,0.6994498838980993,0.9865849137306213
1474,3.9000000000000004,-6.1,11,Hero,0.6577828431671316,0.99559424682097
1475,4.0,-6.0,10,Hero,0.7853833213448524,0.9987045228481293
1476,3.5,-6.5,15,Hero,0.6552201410134634,0.9987239758173625
1477,3.3,-6.7,17,Hero,0.645915332085946,0.9158395936383921
1478,4.9,-5.1,1,Hero,0.9576932191848755,0.9999135732650757
1479,4.7,-5.3,3,Hero,0.6605837742487589,0.9995669921239217
1480,4.5,-5.5,5,Hero,0.7096468508243561,0.9994372487068176
1481,4.4,-5.6,6,Hero,0.9937280019124349,0.9997969667116801
1482,4.7,-5.3,3,Hero,0.7478435734907786,0.9997047384579977
1483,4.2,-5.8,8,Hero,0.7814618283882737,0.9987590461969376
1484,4.0,-6.0,10,Hero,0.703796012699604,0.999328362941742
1485,3.8000000000000007,-6.199999999999999,12,Hero,0.6943795531988144,0.9952347030242285
1486,4.300000000000001,-5.699999999999999,7,Hero,0.7032743862697056,0.9993165135383606
1487,3.6000000000000005,-6.3999999999999995,14,Hero,0.6589307497654643,0.9963988576616559
1488,4.0,-6.0,10,Hero,0.9329749345779419,0.9998609840869903
1489,4.7,-5.3,3,Hero,0.963425358136495,0.9999726215998331
1490,4.6000000000000005,-5.3999999999999995,4,Hero,0.6892492026090622,0.9996278584003448
1491,4.0,-6.0,10,Hero,0.8633930146694183,0.9972675383090973
1492,3.9000000000000004,-6.1,11,Hero,0.6700502593408931,0.9989472356709567
1493,3.6000000000000005,-6.3999999999999995,14,Hero,0.765028640627861,0.9955487464155469
1494,4.5,-5.5,5,Hero,0.7921807318925858,0.9999708890914917
1495,4.5,-5.5,5,Hero,0.6588647723197937,0.9996598958969116
1496,3.9000000000000004,-6.1,11,Hero,0.8585051609711214,0.9971454089338129
1497,3.6000000000000005,-6.3999999999999995,14,Hero,0.7296256529433387,0.9965258836746216
1498,4.2,-5.8,8,Hero,0.8978796005249023,0.9999350905418396
1499,4.0,-6.0,10,Hero,0.8123443869873881,0.9987842798233032
1500,4.4,-5.6,6,Hero,0.7967020869255066,0.9997541010379791
1501,4.1000000000000005,-5.8999999999999995,9,Hero,0.8807201484839121,0.9996419615215726
1502,4.1000000000000005,-5.8999999999999995,9,Hero,0.8193093008465238,0.9987819857067533
1503,4.300000000000001,-5.699999999999999,7,Hero,0.849790381533759,0.9996216126850673
1504,4.2,-5.8,8,Hero,0.8960531055927277,0.9995498210191727
1505,3.9000000000000004,-6.1,11,Hero,0.6704560626636852,0.9972669211300936
1506,4.5,-5.5,5,Hero,0.7221411317586899,0.9997020959854126
1507,4.5,-5.5,5,Hero,0.8696336328983307,0.9991029858589172
1508,3.9000000000000004,-6.1,11,Hero,0.8317201787775214,0.9962683916091919
1509,4.300000000000001,-5.699999999999999,7,Hero,0.7196041303021568,0.9992581180163792
1510,4.6000000000000005,-5.3999999999999995,4,Hero,0.9954086542129517,0.9992923438549042
1511,2.2999999999999994,-7.700000000000001,27,Hero,0.6376414828830295,0.9976892427161888
1512,4.1000000000000005,-5.8999999999999995,9,Hero,0.7342468765046861,0.9973311821619669
1513,4.5,-5.5,5,Hero,0.7407792568206787,0.9994052290916443
1514,3.9000000000000004,-6.1,11,Hero,0.7633248242464933,0.9959344972263683
1515,3.7,-6.3,13,Hero,0.7022886150158368,0.9971401966535128
1516,4.800000000000001,-5.199999999999999,2,Hero,0.7374384701251984,0.9996842443943024
1517,4.5,-5.5,5,Hero,0.8324612617492676,0.9992993593215942
1518,4.6000000000000005,-5.3999999999999995,4,Hero,0.7327118068933487,0.999262660741806
1519,4.9,-5.1,1,Hero,0.9812612533569336,0.9997647404670715
1520,3.9000000000000004,-6.1,11,Hero,0.8335135850039396,0.9974313053217801
1521,3.8000000000000007,-6.199999999999999,12,Hero,0.7220367441574732,0.9965198785066605
1522,4.1000000000000005,-5.8999999999999995,9,Hero,0.9882995751168993,0.999548163678911
1523,-5.1,4.9,1,Villain,0.9309212565422058,0.9617462754249573
1524,4.0,-6.0,10,Hero,0.8820947267115116,0.9991893589496612
1525,4.6000000000000005,-5.3999999999999995,4,Hero,0.5626502707600594,0.9999070763587952
1526,4.9,-5.1,1,Hero,0.41827064752578735,0.9999071359634399
1527,4.300000000000001,-5.699999999999999,7,Hero,0.7850541089262281,0.9994828275271824
1528,4.5,-5.5,5,Hero,0.7194977939128876,0.9999687194824218
1529,3.8000000000000007,-6.199999999999999,12,Hero,0.636748036990563,0.9970451692740122
1530,3.4000000000000004,-6.6,16,Hero,0.6735907029360533,0.9961485452950001
1531,3.9000000000000004,-6.1,11,Hero,0.8305819589983333,0.999682984568856
1532,3.8000000000000007,-6.199999999999999,12,Hero,0.7980709746479988,0.9995752821365992
1533,3.6000000000000005,-6.3999999999999995,14,Hero,0.7152009393487658,0.9982978020395551
1534,4.300000000000001,-5.699999999999999,7,Hero,0.7522735723427364,0.9999737739562988
1535,3.8000000000000007,-6.199999999999999,12,Hero,0.6964662509659926,0.9994570712248484
1536,3.4000000000000004,-6.6,16,Hero,0.6829860843718052,0.9974121935665607
1537,3.9000000000000004,-6.1,11,Hero,0.8250400694933805,0.9997507279569452
1538,4.300000000000001,-5.699999999999999,7,Hero,0.7471953587872642,0.9998429417610168
1539,4.2,-5.8,8,Hero,0.6266092578880489,0.9998743757605553
1540,3.9000000000000004,-6.1,11,Hero,0.8834330127997831,0.9998564232479442
1541,4.2,-5.8,8,Hero,0.6885621435940266,0.9999963641166687
1542,3.4000000000000004,-6.6,16,Hero,0.6074866886483505,0.999569546431303
1543,4.2,-5.8,8,Hero,0.7944470839574933,0.9992288574576378
1544,4.4,-5.6,6,Hero,0.7311345537503561,0.9999913175900778
1545,3.0,-7.0,20,Hero,0.7104051619768142,0.9975392132997513
1546,4.7,-5.3,3,Hero,0.6275648574034373,0.9999994039535522
1547,4.7,-5.3,3,Hero,0.9970417817433676,0.9998982747395834
1548,3.9000000000000004,-6.1,11,Hero,0.7304431552236731,0.9998182275078513
1549,4.2,-5.8,8,Hero,0.9984516724944115,0.9998065009713173
1550,4.1000000000000005,-5.8999999999999995,9,Hero,0.7148572901884714,0.9991970989439223
1551,4.2,-5.8,8,Hero,0.6868839375674725,0.9998599216341972
1552,4.0,-6.0,10,Hero,0.7910163819789886,0.999821126461029
1553,4.1000000000000005,-5.8999999999999995,9,Hero,0.6055232385794321,0.999571681022644
1554,4.5,-5.5,5,Hero,0.9628243327140809,0.9997596621513367
1555,4.300000000000001,-5.699999999999999,7,Hero,0.8510698436626366,0.9998847757066999
1556,3.5,-6.5,15,Hero,0.6520099540551504,0.9957990725835164
1557,4.0,-6.0,10,Hero,0.8405961759621278,0.9997794032096863
1558,4.1000000000000005,-5.8999999999999995,9,Hero,0.970634831322564,0.9997914301024543
1559,3.7,-6.3,13,Hero,0.7041446589506589,0.998920724942134
1560,-5.3,4.7,3,Villain,0.6372215648492178,0.9966662128766378
1561,4.1000000000000005,-5.8999999999999995,9,Hero,0.6970281816191144,0.9996273981200324
1562,4.2,-5.8,8,Hero,0.8165707625448704,0.9994592070579529
1563,4.1000000000000005,-5.8999999999999995,9,Hero,0.700422976579931,0.9999083545472887
1564,4.0,-6.0,10,Hero,0.9346887111663819,0.9999702930450439
1565,4.6000000000000005,-5.3999999999999995,4,Hero,0.6374958120286465,0.9999369382858276
1566,3.5,-6.5,15,Hero,0.7087728986594205,0.9996530572573344
1567,4.7,-5.3,3,Hero,0.9200193484624227,0.9999470313390096
1568,3.7,-6.3,13,Hero,0.7889517614474664,0.99913234435595
1569,3.8000000000000007,-6.199999999999999,12,Hero,0.6805201669534048,0.9995775669813156
1570,4.5,-5.5,5,Hero,0.8652468621730804,0.9999423742294311
1571,3.8000000000000007,-6.199999999999999,12,Hero,0.6336736989518007,0.99979334572951
1572,4.0,-6.0,10,Hero,0.5500226203352213,0.9996874094009399
1573,3.3,-6.7,17,Hero,0.6902690450934803,0.9962851124651292
1574,4.1000000000000005,-5.8999999999999995,9,Hero,0.850871334473292,0.999937375386556
1575,4.2,-5.8,8,Hero,0.5418336279690266,0.9999766051769257
1576,4.5,-5.5,5,Hero,0.7529070138931274,0.9999891519546509
1577,4.0,-6.0,10,Hero,0.7793805927038193,0.999505090713501
1578,4.0,-6.0,10,Hero,0.8750487387180328,0.9999572992324829
1579,4.9,-5.1,1,Hero,0.8358269929885864,0.9999368190765381
1580,3.9000000000000004,-6.1,11,Hero,0.6879936172203585,0.9997928142547607
1581,3.7,-6.3,13,Hero,0.7228956738343606,0.998780186359699
1582,3.6000000000000005,-6.3999999999999995,14,Hero,0.7508618554898671,0.999361161674772
1583,4.1000000000000005,-5.8999999999999995,9,Hero,0.9673144883579678,0.9999903970294528
1584,4.5,-5.5,5,Hero,0.6441268205642701,0.9999863147735596
1585,3.7,-6.3,13,Hero,0.7218581781937525,0.9976154932608972
1586,4.6000000000000005,-5.3999999999999995,4,Hero,0.7583962231874466,0.9999967813491821
1587,3.7,-6.3,13,Hero,0.7174690216779709,0.9993312404705927
1588,-5.3999999999999995,4.6000000000000005,4,Villain,0.9993055462837219,0.9999801218509674
1589,4.5,-5.5,5,Hero,0.7759131491184235,0.9999600648880005
1590,4.2,-5.8,8,Hero,0.7217552568763494,0.999548964202404
1591,3.4000000000000004,-6.6,16,Hero,0.6825453918427229,0.9987138472497463
1592,4.800000000000001,-5.199999999999999,2,Hero,0.7720184624195099,0.9999597668647766
1593,4.9,-5.1,1,Hero,0.9514402747154236,0.9999746084213257
1594,4.0,-6.0,10,Hero,0.8679104685783386,0.9989479780197144
1595,-5.199999999999999,4.800000000000001,2,Villain,0.9817759096622467,0.9972171485424042
1596,3.7,-6.3,13,Hero,0.6797106867799392,0.9967957047315744
1597,3.8000000000000007,-6.199999999999999,12,Hero,0.7724309712648392,0.9991059650977453
1598,3.3,-6.7,17,Hero,0.6873885708696702,0.990726607687333
1599,4.7,-5.3,3,Hero,0.861605167388916,0.9999554951985677
1600,3.6000000000000005,-6.3999999999999995,14,Hero,0.6704688795975277,0.9968395233154297
1601,4.7,-5.3,3,Hero,0.5721945067246755,0.9999954700469971
1602,3.5,-6.5,15,Hero,0.6463091442982356,0.9998902400334676
1603,3.6000000000000005,-6.3999999999999995,14,Hero,0.767198098557336,0.9997593590191433
1604,4.4,-5.6,6,Hero,0.8663022468487421,0.999928891658783
1605,4.0,-6.0,10,Hero,0.7399799925275147,0.9996016979217529
1606,4.7,-5.3,3,Hero,0.47021719813346863,0.9999271233876547
1607,3.7,-6.3,13,Hero,0.6302423763733643,0.9991656816922702
1608,3.8000000000000007,-6.199999999999999,12,Hero,0.7605496371785799,0.9161534852658709
1609,4.4,-5.6,6,Hero,0.6708158850669861,0.9999096393585205
1610,-5.3999999999999995,4.6000000000000005,4,Villain,0.5900465585291386,0.9998490959405899
1611,3.4000000000000004,-6.6,16,Hero,0.6580173019319773,0.9895969480276108
1612,3.5,-6.5,15,Hero,0.6865413894255956,0.9819334348042806
1613,4.4,-5.6,6,Hero,0.7218551685412725,0.999964694182078
1614,3.9000000000000004,-6.1,11,Hero,0.8404141122644598,0.9998329661109231
1615,3.4000000000000004,-6.6,16,Hero,0.6684046890586615,0.9859364181756973
1616,3.6000000000000005,-6.3999999999999995,14,Hero,0.6721573173999786,0.9890025556087494
1617,3.5,-6.5,15,Hero,0.6159503181775411,0.9327211632393301
1618,4.0,-6.0,10,Hero,0.8041232347488403,0.9996803939342499
1619,3.3,-6.7,17,Hero,0.6506856478312436,0.9945236900273491
1620,3.8000000000000007,-6.199999999999999,12,Hero,0.8329750436047713,0.9999198913574219
1621,3.8000000000000007,-6.199999999999999,12,Hero,0.8215503121415774,0.9997250288724899
1622,3.9000000000000004,-6.1,11,Hero,0.7959588197144595,0.9995700987902555
1623,4.1000000000000005,-5.8999999999999995,9,Hero,0.7815786831908755,0.9997248715824552
1624,3.2,-6.8,18,Hero,0.7123892551494969,0.9427582448762324
1625,4.6000000000000005,-5.3999999999999995,4,Hero,0.7709707543253899,0.9999886453151703
1626,4.0,-6.0,10,Hero,0.7223644405603409,0.9987487971782685
1627,3.9000000000000004,-6.1,11,Hero,0.627711298790845,0.9997684522108599
1628,3.9000000000000004,-6.1,11,Hero,0.7091667767275464,0.9993307373740457
1629,3.4000000000000004,-6.6,16,Hero,0.7235658275894821,0.9998218379914761
1630,4.1000000000000005,-5.8999999999999995,9,Hero,0.8684437870979309,0.9999696943495009
1631,4.300000000000001,-5.699999999999999,7,Hero,0.8239372010741915,0.9999750341687884
1632,3.8000000000000007,-6.199999999999999,12,Hero,0.8342992067337036,0.9997803866863251
1633,3.5,-6.5,15,Hero,0.7209544738133749,0.9979848901430766
1634,4.6000000000000005,-5.3999999999999995,4,Hero,0.98927441239357,0.9999998211860657
1635,3.8000000000000007,-6.199999999999999,12,Hero,0.6734468936920166,0.9995813916126887
1636,4.300000000000001,-5.699999999999999,7,Hero,0.9528631227357047,0.9999330554689679
1637,3.5,-6.5,15,Hero,0.708170910179615,0.998848823706309
1638,4.5,-5.5,5,Hero,0.60760577917099,0.9999962329864502
1639,4.800000000000001,-5.199999999999999,2,Hero,0.9837325811386108,0.9999932050704956
1640,4.1000000000000005,-5.8999999999999995,9,Hero,0.7633787095546722,0.99983678261439
1641,4.300000000000001,-5.699999999999999,7,Hero,0.6783174744674138,0.9999824251447406
1642,3.7,-6.3,13,Hero,0.7741401665485822,0.9991231881655179
1643,4.300000000000001,-5.699999999999999,7,Hero,0.752044755433287,0.9999452829360962
1644,3.5,-6.5,15,Hero,0.6161656441787878,0.9992286562919617
1645,4.7,-5.3,3,Hero,0.6804094513257345,0.9999857743581136
1646,4.2,-5.8,8,Hero,0.8436632454395294,0.999994158744812
1647,4.300000000000001,-5.699999999999999,7,Hero,0.8273830498967852,0.9999347414289202
1648,4.300000000000001,-5.699999999999999,7,Hero,0.7389969974756241,0.9999818972178868
1649,-5.3,4.7,3,Villain,0.641994853814443,0.9979209701220194
1650,4.300000000000001,-5.699999999999999,7,Hero,0.634747822369848,0.9998575108391898
1651,3.4000000000000004,-6.6,16,Hero,0.7093861550092697,0.9952386915683746
1652,4.0,-6.0,10,Hero,0.9069311201572419,0.9999858379364014
1653,3.8000000000000007,-6.199999999999999,12,Hero,0.6753974532087644,0.9997708946466446
1654,3.9000000000000004,-6.1,11,Hero,0.711459604176608,0.9992341886867177
1655,4.1000000000000005,-5.8999999999999995,9,Hero,0.6958396004305946,0.999934090508355
1656,4.0,-6.0,10,Hero,0.8647264868021012,0.9999272704124451
1657,3.4000000000000004,-6.6,16,Hero,0.6654419228434563,0.999858632683754
1658,4.300000000000001,-5.699999999999999,7,Hero,0.854778990149498,0.9999903099877494
1659,4.2,-5.8,8,Hero,0.9016484171152115,0.9997251108288765
1660,4.6000000000000005,-5.3999999999999995,4,Hero,0.7823347002267838,0.9999940991401672
1661,4.1000000000000005,-5.8999999999999995,9,Hero,0.9240813420878516,0.9999770588344998
1662,4.800000000000001,-5.199999999999999,2,Hero,0.9342590868473053,0.9999998211860657
1663,4.6000000000000005,-5.3999999999999995,4,Hero,0.8889847695827484,0.9999935328960419
1664,3.7,-6.3,13,Hero,0.7278278768062592,0.995226277754857
1665,3.8000000000000007,-6.199999999999999,12,Hero,0.639038372784853,0.9998912165562311
1666,3.8000000000000007,-6.199999999999999,12,Hero,0.6432335463662943,0.9988226145505905
1667,-5.1,4.9,1,Villain,0.8553229570388794,0.9999856948852539
1668,3.9000000000000004,-6.1,11,Hero,0.8613517948172309,0.9993939995765686
1669,3.6000000000000005,-6.3999999999999995,14,Hero,0.8510882716093745,0.9996687684740339
1670,4.2,-5.8,8,Hero,0.738630959764123,0.9998741745948792
1671,2.9,-7.1,21,Hero,0.6607084121732485,0.9995355208714803
1672,3.6000000000000005,-6.3999999999999995,14,Hero,0.7938313909939357,0.9999850818089077
1673,2.9,-7.1,21,Hero,0.5591906236395949,0.9994562949453082
1674,3.8000000000000007,-6.199999999999999,12,Hero,0.616873238235712,0.9998914500077566
1675,3.4000000000000004,-6.6,16,Hero,0.6770422346889973,0.9977047629654408
1676,3.7,-6.3,13,Hero,0.6109241476425757,0.9999619538967426
1677,4.0,-6.0,10,Hero,0.6488684389740229,0.9999530553817749
1678,3.4000000000000004,-6.6,16,Hero,0.6577136367559433,0.99985770881176
1679,4.300000000000001,-5.699999999999999,7,Hero,0.8754245681422097,0.999903644834246
1680,4.1000000000000005,-5.8999999999999995,9,Hero,0.9978205892774794,0.999908447265625
1681,4.7,-5.3,3,Hero,0.8850603699684143,0.9999892314275106
1682,4.300000000000001,-5.699999999999999,7,Hero,0.9485209584236145,0.9999561309814453
1683,-5.199999999999999,4.800000000000001,2,Villain,0.9822686016559601,0.999968409538269
1684,4.1000000000000005,-5.8999999999999995,9,Hero,0.8680067525969611,0.9998789893256294
1685,3.6000000000000005,-6.3999999999999995,14,Hero,0.6879498146341315,0.9999021632330758
1686,4.2,-5.8,8,Hero,0.7587054185569286,0.9993908256292343
1687,3.4000000000000004,-6.6,16,Hero,0.6095855007879436,0.985104788094759
1688,3.4000000000000004,-6.6,16,Hero,0.7324668951914646,0.993698738515377
1689,4.2,-5.8,8,Hero,0.5343527533113956,0.9999936521053314
1690,3.5,-6.5,15,Hero,0.6673503786325454,0.9991492629051208
1691,3.3,-6.7,17,Hero,0.6499913361142663,0.9967439455144546
1692,4.0,-6.0,10,Hero,0.875797575712204,0.999782145023346
1693,4.0,-6.0,10,Hero,0.70206338763237,0.9999192833900452
1694,3.2,-6.8,18,Hero,0.6171521229876412,0.9968936178419325
1695,3.9000000000000004,-6.1,11,Hero,0.6563694829290564,0.9993199055845087
1696,3.5,-6.5,15,Hero,0.5866388261318207,0.9960058132807413
1697,3.2,-6.8,18,Hero,0.6309103676014476,0.9977714286910163
1698,3.8000000000000007,-6.199999999999999,12,Hero,0.7231418925027052,0.9999909500281016
1699,4.2,-5.8,8,Hero,0.8166846558451653,0.999828614294529
1700,4.300000000000001,-5.699999999999999,7,Hero,0.9992805889674595,0.9998916387557983
1701,4.0,-6.0,10,Hero,0.7908993035554885,0.9999437093734741
1702,4.800000000000001,-5.199999999999999,2,Hero,0.5733016654849052,0.999937117099762
1703,4.800000000000001,-5.199999999999999,2,Hero,0.9960403442382812,0.999921441078186
1704,4.6000000000000005,-5.3999999999999995,4,Hero,0.7881271354854107,0.9998340904712677
1705,3.8000000000000007,-6.199999999999999,12,Hero,0.5983953401446342,0.9992114802201589
1706,3.8000000000000007,-6.199999999999999,12,Hero,0.8533888614426056,0.9993823816378912
1707,4.6000000000000005,-5.3999999999999995,4,Hero,0.5915201026946306,0.9999471008777618
1708,0.40000000000000036,-9.6,46,Hero,0.8450245785162501,0.9999464322691378
1709,4.2,-5.8,8,Hero,0.999872699379921,0.9998507350683212
1710,4.1000000000000005,-5.8999999999999995,9,Hero,0.9999342295858595,0.9997735487090217
1711,3.2,-6.8,18,Hero,0.8839575079166226,0.9993512332439423
1712,3.0,-7.0,20,Hero,0.7437964046373964,0.9999581575393677
1713,4.6000000000000005,-5.3999999999999995,4,Hero,0.7577839037403464,0.9999116063117981
1714,3.0999999999999996,-6.9,19,Hero,0.7569178946708378,0.996682135682357
1715,4.6000000000000005,-5.3999999999999995,4,Hero,0.9988651126623154,0.9999215602874756
1716,1.899999999999999,-8.100000000000001,31,Hero,0.8237971430343967,0.9999797113480107
1717,1.6999999999999988,-8.3,33,Hero,0.7510984573851932,0.99991292664499
1718,4.5,-5.5,5,Hero,0.6231332778930664,0.9998490929603576
1719,4.7,-5.3,3,Hero,0.9923524061838785,0.9998815655708313
1720,3.7,-6.3,13,Hero,0.6788922823392428,0.9965498722516574
1721,3.5,-6.5,15,Hero,0.7052609314521153,0.999325939019521
1722,4.5,-5.5,5,Hero,0.6393357291817665,0.9999295473098755
1723,4.300000000000001,-5.699999999999999,7,Hero,0.848977846226522,0.9999833617891584
1724,4.9,-5.1,1,Hero,0.40424615144729614,0.9999804496765137
1725,3.7,-6.3,13,Hero,0.696879336467156,0.9912799275838412
1726,4.6000000000000005,-5.3999999999999995,4,Hero,0.9839467704296112,0.999799519777298
1727,4.1000000000000005,-5.8999999999999995,9,Hero,0.781336999601788,0.9985164271460639
1728,4.300000000000001,-5.699999999999999,7,Hero,0.7368742621370724,0.9999892711639404
1729,4.5,-5.5,5,Hero,0.9162416577339172,0.9999757528305053
1730,4.1000000000000005,-5.8999999999999995,9,Hero,0.6562919384903378,0.9999015265040927
1731,4.1000000000000005,-5.8999999999999995,9,Hero,0.8602218214008543,0.9998846583896213
1732,3.9000000000000004,-6.1,11,Hero,0.6565847180106423,0.9989079833030701
1733,4.300000000000001,-5.699999999999999,7,Hero,0.9667955126081195,0.9999178647994995
1734,4.300000000000001,-5.699999999999999,7,Hero,0.8851832492010934,0.9998271209853036
1735,4.0,-6.0,10,Hero,0.8572435796260833,0.9997596621513367
1736,-5.3999999999999995,4.6000000000000005,4,Villain,0.529029056429863,0.999705120921135
1737,4.9,-5.1,1,Hero,0.942544162273407,0.9999315738677979
1738,3.9000000000000004,-6.1,11,Hero,0.6654998334971342,0.9968514875932173
1739,4.2,-5.8,8,Hero,0.6572515186853707,0.9999690502882004
1740,3.3,-6.7,17,Hero,0.636791859041242,0.996287952451145
1741,4.2,-5.8,8,Hero,0.5737295560538769,0.9998430609703064
1742,2.4999999999999996,-7.5,25,Hero,0.5764271447062492,0.9714307832717896
1743,4.7,-5.3,3,Hero,0.9866143663724264,0.9994502067565918
1744,3.0999999999999996,-6.9,19,Hero,0.6358828101503221,0.9930060788204795
1745,3.4000000000000004,-6.6,16,Hero,0.7369550317525864,0.9940875954926014
1746,4.2,-5.8,8,Hero,0.993045412003994,0.9990474060177803
1747,3.9000000000000004,-6.1,11,Hero,0.7091996801847761,0.999196778644215
1748,4.300000000000001,-5.699999999999999,7,Hero,0.8067282438278198,0.9971963592938015
1749,2.8,-7.2,22,Hero,0.6985862614078955,0.9915923124009912
1750,-5.699999999999999,4.300000000000001,7,Villain,0.6768968174500125,0.9991625547409058
1751,-5.8,4.2,8,Villain,0.593516543507576,0.996644102036953
1752,4.7,-5.3,3,Hero,0.5316650867462158,0.9999033610026041
1753,4.300000000000001,-5.699999999999999,7,Hero,0.7876157249723162,0.9984296645436969
1754,3.6000000000000005,-6.3999999999999995,14,Hero,0.8026913085154125,0.999260927949633
1755,2.9,-7.1,21,Hero,0.6832453267914909,0.998531562941415
1756,4.7,-5.3,3,Hero,0.7508674462636312,0.9992743929227194
1757,4.2,-5.8,8,Hero,0.5287941386923194,0.9998769536614418
1758,3.9000000000000004,-6.1,11,Hero,0.7086882794445212,0.9999407096342607
1759,3.9000000000000004,-6.1,11,Hero,0.6371040520342913,0.9997247620062395
1760,4.4,-5.6,6,Hero,0.5407448650027314,0.999967356522878
1761,3.2,-6.8,18,Hero,0.6862095337775018,0.9902090893851386
1762,3.9000000000000004,-6.1,11,Hero,0.8403800021518361,0.9946635473858226
1763,3.6000000000000005,-6.3999999999999995,14,Hero,0.7167331469910485,0.9987749797957284
1764,-5.1,4.9,1,Villain,0.9727299213409424,0.9999921321868896
1765,4.800000000000001,-5.199999999999999,2,Hero,0.501826748251915,0.9999779462814331
1766,4.9,-5.1,1,Hero,0.8818134069442749,0.999599039554596
1767,3.2,-6.8,18,Hero,0.6346614994108677,0.9970650242434608
1768,4.4,-5.6,6,Hero,0.808961578955253,0.9999535282452902
1769,3.0999999999999996,-6.9,19,Hero,0.5831521464952905,0.9860942175513819
1770,4.2,-5.8,8,Hero,0.8579867854714394,0.9995597302913666
1771,3.0999999999999996,-6.9,19,Hero,0.6478853037482813,0.996122281802328
1772,3.4000000000000004,-6.6,16,Hero,0.6301434342749417,0.9978259466588497
1773,4.0,-6.0,10,Hero,0.6910285174846649,0.8990774836391211
1774,4.0,-6.0,10,Hero,0.7530287981033326,0.9984910130500794
1775,4.2,-5.8,8,Hero,0.6740135885775089,0.998322457075119
1776,4.5,-5.5,5,Hero,0.7242440402507782,0.9994679093360901
1777,-5.1,4.9,1,Villain,0.37867146730422974,0.9960950016975403
1778,3.7,-6.3,13,Hero,0.780725318651933,0.9994139396227323
1779,3.7,-6.3,13,Hero,0.6710590147055112,0.9993436061418973
1780,2.9,-7.1,21,Hero,0.657236193617185,0.9987310880706424
1781,4.1000000000000005,-5.8999999999999995,9,Hero,0.7877108123567369,0.9997652173042297
1782,3.0,-7.0,20,Hero,0.7463879495859146,0.9996991932392121
1783,2.4999999999999996,-7.5,25,Hero,0.6005079191923142,0.9040467089042068
1784,4.1000000000000005,-5.8999999999999995,9,Hero,0.9957531756824918,0.9998721612824334
1785,3.3,-6.7,17,Hero,0.6054986748186981,0.9952817769611583
1786,3.4000000000000004,-6.6,16,Hero,0.5492632370442152,0.9996007643640041
1787,4.0,-6.0,10,Hero,0.931255680322647,0.9988659441471099
1788,3.7,-6.3,13,Hero,0.6767346927752862,0.9971314393557035
1789,1.9999999999999991,-8.0,30,Hero,0.5711625398447117,0.9998415013154348
1790,4.4,-5.6,6,Hero,0.9690806965033213,0.9999707142512003
1791,3.9000000000000004,-6.1,11,Hero,0.7046686363491145,0.9998251253908331
1792,2.9,-7.1,21,Hero,0.683907884927023,0.9978010399000985
1793,-5.8999999999999995,4.1000000000000005,9,Villain,0.9046258595254686,0.9923115703794692
1794,4.0,-6.0,10,Hero,0.6109118468128145,0.9998857259750367
1795,4.300000000000001,-5.699999999999999,7,Hero,0.7074801490775177,0.9999827827726092
1796,4.0,-6.0,10,Hero,0.8295098066329956,0.9999894142150879
1797,4.0,-6.0,10,Hero,0.8437262147665023,0.9998622417449952
1798,4.7,-5.3,3,Hero,0.7562620441118876,0.9999328056971232
1799,3.2,-6.8,18,Hero,0.6747980734540356,0.9994960129261017
1800,4.4,-5.6,6,Hero,0.7011916140715281,0.9999974568684896
1801,-5.1,4.9,1,Villain,0.5142210721969604,0.9999827146530151
1802,4.5,-5.5,5,Hero,0.5499869078397751,0.9999918460845947
1803,3.5,-6.5,15,Hero,0.656292341152827,0.9999522765477499
1804,4.0,-6.0,10,Hero,0.8789081711322069,0.999904477596283
1805,3.6000000000000005,-6.3999999999999995,14,Hero,0.742903145296233,0.9994273739201682
1806,4.1000000000000005,-5.8999999999999995,9,Hero,0.6701104905870225,0.9998845458030701
1807,3.7,-6.3,13,Hero,0.6933649337062469,0.9999438707645123
1808,3.7,-6.3,13,Hero,0.6497819991065905,0.9999776803530179
1809,4.300000000000001,-5.699999999999999,7,Hero,0.7351534217596054,0.9999056203024728
1810,3.5,-6.5,15,Hero,0.6307113031546275,0.9997980793317159
1811,-5.1,4.9,1,Villain,0.9480196833610535,0.9999276399612427
1812,3.2,-6.8,18,Hero,0.6398476767871115,0.9999278783798218
1813,3.3,-6.7,17,Hero,0.6656473980230444,0.9995231768664192
1814,4.6000000000000005,-5.3999999999999995,4,Hero,0.9883804619312286,0.9999808967113495
1815,3.8000000000000007,-6.199999999999999,12,Hero,0.6734071895480156,0.998668298125267
1816,4.9,-5.1,1,Hero,0.4654768705368042,0.9999978542327881
1817,3.7,-6.3,13,Hero,0.729934192620791,0.9993570355268625
1818,4.1000000000000005,-5.8999999999999995,9,Hero,0.9982120593388876,0.9999585416581895
1819,2.9,-7.1,21,Hero,0.6462373996064776,0.9992910935765221
1820,-5.3999999999999995,4.6000000000000005,4,Villain,0.7384653985500336,0.9999928772449493
1821,3.3,-6.7,17,Hero,0.6542425199466593,0.9875145028619206
1822,4.4,-5.6,6,Hero,0.6244739070534706,0.9999975363413492
1823,3.8000000000000007,-6.199999999999999,12,Hero,0.6327830255031586,0.9997095068295797
1824,4.2,-5.8,8,Hero,0.8278153762221336,0.9995452091097832
1825,4.7,-5.3,3,Hero,0.8264594475428263,0.9999926884969076
1826,4.0,-6.0,10,Hero,0.8921937584877014,0.9998398840427398
1827,3.2,-6.8,18,Hero,0.6489318187038103,0.9996632933616638
1828,2.6999999999999997,-7.300000000000001,23,Hero,0.6461839481540348,0.9999121816261954
1829,2.5999999999999996,-7.4,24,Hero,0.6314356767882904,0.9977006912231445
1830,4.1000000000000005,-5.8999999999999995,9,Hero,0.8498151997725168,0.9998144639862908
1831,3.6000000000000005,-6.3999999999999995,14,Hero,0.6947003469935485,0.9971487649849483
1832,1.4999999999999987,-8.500000000000002,35,Hero,0.8440958330673831,0.9998338188443865
1833,-4.999999999999998,-4.999999999999998,50,None,0.8250251153111458,0.9992776119709015
1834,0.10000000000000142,-9.899999999999999,49,Hero,0.8590954095125198,0.9999109628249188
1835,3.7,-6.3,13,Hero,0.6122605107151545,0.9999291530022254
1836,-5.3999999999999995,4.6000000000000005,4,Villain,0.43132557068020105,0.9997588992118835
1837,2.6999999999999997,-7.300000000000001,23,Hero,0.7570473535553269,0.9999394183573516
1838,2.3999999999999995,-7.6000000000000005,26,Hero,0.7858343763420215,0.999883770942688
1839,2.8,-7.2,22,Hero,0.7605925249782476,0.999931199984117
1840,3.0,-7.0,20,Hero,0.6148504339158535,0.9997919768095016
1841,4.1000000000000005,-5.8999999999999995,9,Hero,0.9525513450304667,0.9997594621446397
1842,3.5,-6.5,15,Hero,0.6490156730016072,0.9932772437731425
1843,3.4000000000000004,-6.6,16,Hero,0.7402112651616335,0.9996642544865608
1844,4.4,-5.6,6,Hero,0.7526839623848597,0.9999852776527405
1845,2.6999999999999997,-7.300000000000001,23,Hero,0.6155672196460806,0.9968830917192542
1846,3.9000000000000004,-6.1,11,Hero,0.8373629437251524,0.9999602491205389
1847,3.3,-6.7,17,Hero,0.626681411967558,0.9828299529412213
1848,3.0,-7.0,20,Hero,0.6656697610393166,0.9969178199768066
1849,-5.199999999999999,4.800000000000001,2,Villain,0.9898859262466431,0.9999887943267822
1850,3.5,-6.5,15,Hero,0.7585432251294454,0.9994517087936401
1851,4.1000000000000005,-5.8999999999999995,9,Hero,0.8830361035135057,0.99977488650216
1852,-5.3999999999999995,4.6000000000000005,4,Villain,0.46002532122656703,0.9998719543218613
1853,4.800000000000001,-5.199999999999999,2,Hero,0.9900895059108734,0.9998147785663605
1854,4.2,-5.8,8,Hero,0.9974753111600876,0.9998227879405022
1855,3.7,-6.3,13,Hero,0.6095472757632916,0.9997583031654358
1856,4.1000000000000005,-5.8999999999999995,9,Hero,0.6719922324021658,0.9997793038686117
1857,4.5,-5.5,5,Hero,0.751789607387036,0.9999745130538941
1858,4.6000000000000005,-5.3999999999999995,4,Hero,0.9987595826387405,0.9999970495700836
1859,3.0999999999999996,-6.9,19,Hero,0.6917127119867426,0.9997941977099368
1860,3.8000000000000007,-6.199999999999999,12,Hero,0.8090974353253841,0.9993353337049484
1861,4.300000000000001,-5.699999999999999,7,Hero,0.9892751233918327,0.999799907207489
1862,4.4,-5.6,6,Hero,0.6331535875797272,0.9992115000883738
1863,4.2,-5.8,8,Hero,0.8336390294134617,0.9999343827366829
1864,4.1000000000000005,-5.8999999999999995,9,Hero,0.8183814850118425,0.9989703761206733
1865,3.4000000000000004,-6.6,16,Hero,0.64286819845438,0.9988264963030815
1866,3.3,-6.7,17,Hero,0.6095640558530303,0.9972538492258858
1867,4.6000000000000005,-5.3999999999999995,4,Hero,0.7316453456878662,0.9997513294219971
1868,4.800000000000001,-5.199999999999999,2,Hero,0.6144933849573135,0.9999702572822571
1869,4.4,-5.6,6,Hero,0.9843602776527405,0.9997236430644989
1870,3.3,-6.7,17,Hero,0.7220448071465773,0.9998110637945288
1871,3.8000000000000007,-6.199999999999999,12,Hero,0.6729467560847601,0.9988486369450887
1872,3.6000000000000005,-6.3999999999999995,14,Hero,0.6530964144372514,0.9994630260126931
1873,3.0999999999999996,-6.9,19,Hero,0.6372097542411402,0.9941602223797849
1874,3.0,-7.0,20,Hero,0.6683657132089138,0.998987478017807
1875,4.1000000000000005,-5.8999999999999995,9,Hero,0.9183947576416863,0.9994537366761101
1876,4.5,-5.5,5,Hero,0.7953234314918518,0.9999187469482422
1877,3.7,-6.3,13,Hero,0.6603346621760955,0.9985727621958806
1878,4.0,-6.0,10,Hero,0.8897181540727616,0.999440485239029
1879,3.6000000000000005,-6.3999999999999995,14,Hero,0.6739015188068151,0.98751186473029
1880,4.300000000000001,-5.699999999999999,7,Hero,0.9351147583552769,0.9998076217515128
1881,4.300000000000001,-5.699999999999999,7,Hero,0.760495377438409,0.997561378138406
1882,3.2,-6.8,18,Hero,0.6988763262828191,0.9955690801143646
1883,4.1000000000000005,-5.8999999999999995,9,Hero,0.7985485792160034,0.9997688134511312
1884,4.1000000000000005,-5.8999999999999995,9,Hero,0.8060655775997374,0.9990024235513475
1885,3.3,-6.7,17,Hero,0.7149894763441647,0.9942166594898
1886,3.8000000000000007,-6.199999999999999,12,Hero,0.8056704743454853,0.9959632108608881
1887,4.4,-5.6,6,Hero,0.797109067440033,0.9967167178789774
1888,4.4,-5.6,6,Hero,0.7410078048706055,0.9941902657349905
1889,3.9000000000000004,-6.1,11,Hero,0.7169058295813474,0.9830728064883839
1890,4.6000000000000005,-5.3999999999999995,4,Hero,0.9669841825962067,0.9954678863286972
1891,3.7,-6.3,13,Hero,0.8235072401853708,0.9984027880888718
1892,3.6000000000000005,-6.3999999999999995,14,Hero,0.7423192709684372,0.9518672398158482
1893,3.6000000000000005,-6.3999999999999995,14,Hero,0.6765467465988227,0.9636176228523254
1894,3.7,-6.3,13,Hero,0.7039318004479775,0.7761424562105765
1895,4.2,-5.8,8,Hero,0.767285905778408,0.841019338928163
1896,3.9000000000000004,-6.1,11,Hero,0.8201461231166666,0.8915881785479459
1897,3.7,-6.3,13,Hero,0.6883414296003488,0.6734530444328601
1898,4.2,-5.8,8,Hero,0.6810696832835674,0.9084340110421181
1899,3.9000000000000004,-6.1,11,Hero,0.6119538308544592,0.7464041574434801
1900,3.9000000000000004,-6.1,11,Hero,0.8477057841691104,0.8916512890295549
1901,4.2,-5.8,8,Hero,0.9768615290522575,0.9972855299711227
1902,4.1000000000000005,-5.8999999999999995,9,Hero,0.8781511750486162,0.9988829692204794
1903,4.1000000000000005,-5.8999999999999995,9,Hero,0.8162398437658945,0.9891723261939155
1904,3.8000000000000007,-6.199999999999999,12,Hero,0.756423590083917,0.9859346250693003
1905,2.9,-7.1,21,Hero,0.6400356803621564,0.9908577260516939
1906,4.6000000000000005,-5.3999999999999995,4,Hero,0.7614319268614054,0.9999967515468597
1907,4.9,-5.1,1,Hero,0.9766284823417664,0.9999575614929199
1908,3.5,-6.5,15,Hero,0.6741174479325612,0.9932539502779643
1909,4.4,-5.6,6,Hero,0.8259207755327225,0.9965629378954569
1910,4.4,-5.6,6,Hero,0.8281869093577067,0.9977320929368337
1911,4.0,-6.0,10,Hero,0.8413563340902328,0.9994267284870147
1912,4.0,-6.0,10,Hero,0.8395187437534333,0.991460919380188
1913,4.5,-5.5,5,Hero,0.8335078835487366,0.9996520161628724
1914,4.4,-5.6,6,Hero,0.8157885149121284,0.9993292888005575
1915,4.0,-6.0,10,Hero,0.7273754715919495,0.9919149518013001
1916,4.2,-5.8,8,Hero,0.622596176341176,0.9458220154047012
1917,3.3,-6.7,17,Hero,0.6719587801626938,0.9590548557393691
1918,4.0,-6.0,10,Hero,0.795613631606102,0.5326751947402955
1919,4.1000000000000005,-5.8999999999999995,9,Hero,0.7442049500015047,0.8265925943851471
1920,4.6000000000000005,-5.3999999999999995,4,Hero,0.7320233322679996,0.6340964883565903
1921,3.4000000000000004,-6.6,16,Hero,0.6006014095619321,0.8391571324318647
1922,3.2,-6.8,18,Hero,0.6860585502452321,0.8953556252850426
1923,3.6000000000000005,-6.3999999999999995,14,Hero,0.7222638571568366,0.8600995061653001
1924,4.5,-5.5,5,Hero,0.7040277183055877,0.9996413826942444
1925,3.5,-6.5,15,Hero,0.7475871801376343,0.9144737482070923
1926,4.0,-6.0,10,Hero,0.5568465948104858,0.9942278265953064
1927,3.7,-6.3,13,Hero,0.6865780640106934,0.9945558768052322
1928,4.1000000000000005,-5.8999999999999995,9,Hero,0.6448882718880972,0.9903232720163133
1929,3.4000000000000004,-6.6,16,Hero,0.6277987603098154,0.9034757800400257
1930,3.6000000000000005,-6.3999999999999995,14,Hero,0.5843169529523168,0.850828121815409
1931,4.9,-5.1,1,Hero,0.9992864727973938,0.9939348101615906
1932,3.7,-6.3,13,Hero,0.6534374081171476,0.9153592311418973
1933,3.5,-6.5,15,Hero,0.7244129956389467,0.9087764104207356
1934,3.6000000000000005,-6.3999999999999995,14,Hero,0.7021039522119931,0.8038282455610377
1935,4.9,-5.1,1,Hero,0.6078773736953735,0.9998376369476318
1936,3.2,-6.8,18,Hero,0.6523112811976008,0.875334201587571
1937,4.1000000000000005,-5.8999999999999995,9,Hero,0.6480051709545983,0.9993802110354105
1938,3.3,-6.7,17,Hero,0.6018892430207309,0.9278625986155342
1939,3.4000000000000004,-6.6,16,Hero,0.5501921093091369,0.8078703284263611
1940,4.1000000000000005,-5.8999999999999995,9,Hero,0.861779100365109,0.9936978684531318
1941,4.1000000000000005,-5.8999999999999995,9,Hero,0.6425750686062707,0.9939495523770651
1942,1.799999999999999,-8.200000000000001,32,Hero,0.7978058878798038,0.999969894066453
1943,4.300000000000001,-5.699999999999999,7,Hero,0.8122045908655439,0.9986370631626674
1944,3.5,-6.5,15,Hero,0.6518923978010813,0.9968209425608318
1945,-5.699999999999999,4.300000000000001,7,Villain,0.6101159623691014,0.9927582570484706
1946,3.8000000000000007,-6.199999999999999,12,Hero,0.7865751708547274,0.9158015511929989
1947,4.2,-5.8,8,Hero,0.49475986510515213,0.9997121915221214
1948,2.8,-7.2,22,Hero,0.7101052457636053,0.9998697963627902
1949,4.300000000000001,-5.699999999999999,7,Hero,0.9306970323835101,0.9998922348022461
1950,4.1000000000000005,-5.8999999999999995,9,Hero,0.7988370458285013,0.9988604850239224
1951,3.9000000000000004,-6.1,11,Hero,0.7773545370860533,0.9998760006644509
1952,3.8000000000000007,-6.199999999999999,12,Hero,0.6436715424060822,0.9999060879151026
1953,4.7,-5.3,3,Hero,0.9979814092318217,0.9999998807907104
1954,4.1000000000000005,-5.8999999999999995,9,Hero,0.681445300579071,0.9999458922280205
1955,-4.999999999999998,-4.999999999999998,50,None,0.7127059465646743,0.9253041808935814
1956,3.6000000000000005,-6.3999999999999995,14,Hero,0.6392216458916664,0.9280269236436912
1957,-4.999999999999998,-4.999999999999998,50,None,0.4317971470952034,0.9983737468719482
1958,-4.999999999999998,-4.999999999999998,50,None,0.6804038777202368,0.9706612577103079
1959,4.2,-5.8,8,Hero,0.8862348720431328,0.9998134523630142
1960,4.1000000000000005,-5.8999999999999995,9,Hero,0.6438871390289731,0.999996648894416
1961,3.9000000000000004,-6.1,11,Hero,0.8044002733447335,0.9973531094464388
1962,3.7,-6.3,13,Hero,0.7971813541192275,0.9990469217300415
1963,-6.0,4.0,10,Villain,0.7788400786463171,0.9000931821763516
1964,4.5,-5.5,5,Hero,0.5830787003040314,0.9992869853973388
1965,2.9,-7.1,21,Hero,0.6446377010572524,0.8472035612378802
1966,-5.3999999999999995,4.6000000000000005,4,Villain,0.9653656631708145,0.9977210164070129
1967,4.1000000000000005,-5.8999999999999995,9,Hero,0.8773334423700968,0.9993833038542006
1968,3.6000000000000005,-6.3999999999999995,14,Hero,0.6853489003011158,0.9352049912725177
1969,3.6000000000000005,-6.3999999999999995,14,Hero,0.7011198550462723,0.9405772771154132
1970,4.1000000000000005,-5.8999999999999995,9,Hero,0.7474193291531669,0.9999411834610833
1971,3.9000000000000004,-6.1,11,Hero,0.6399635835127397,0.9349991814656691
1972,3.6000000000000005,-6.3999999999999995,14,Hero,0.7717914006539753,0.9398886220795768
1973,4.5,-5.5,5,Hero,0.7931556642055512,0.995937705039978
1974,4.1000000000000005,-5.8999999999999995,9,Hero,0.752037932475408,0.9979977210362753
1975,4.0,-6.0,10,Hero,0.631495551019907,0.9998100876808167
1976,4.800000000000001,-5.199999999999999,2,Hero,0.6069625616073608,0.9996928572654724
1977,-5.5,4.5,5,Villain,0.9650440692901612,0.9983251690864563
1978,-5.199999999999999,4.800000000000001,2,Villain,0.9685535132884979,0.9974256455898285
1979,4.1000000000000005,-5.8999999999999995,9,Hero,0.6610236035452949,0.9853353566593595
1980,3.7,-6.3,13,Hero,0.5897010427254897,0.9994139900574317
1981,4.4,-5.6,6,Hero,0.7669293781121572,0.9999172588189443
1982,4.2,-5.8,8,Hero,0.9941137805581093,0.9999911934137344
1983,4.800000000000001,-5.199999999999999,2,Hero,0.5715158209204674,0.9999857544898987
1984,4.9,-5.1,1,Hero,0.6164166927337646,0.9999681711196899
1985,-6.3999999999999995,3.6000000000000005,14,Villain,0.649067733569869,0.935671159199306
1986,-6.6,3.4000000000000004,16,Villain,0.6806984208524227,0.957027480006218
1987,-4.999999999999998,-4.999999999999998,50,None,0.770882812961936,0.9682978788018226
1988,-5.699999999999999,4.300000000000001,7,Villain,0.9682293363979885,0.9567345040185111
1989,3.3,-6.7,17,Hero,0.551758468589362,0.9916568328352535
1990,-6.5,3.5,15,Villain,0.679212498664856,0.8532347619533539
1991,3.7,-6.3,13,Hero,0.7004902339898623,0.9996211116130536
1992,-6.0,4.0,10,Villain,0.49122219923883675,0.9999996066093445
1993,4.800000000000001,-5.199999999999999,2,Hero,0.5286571830511093,1.0
1994,4.1000000000000005,-5.8999999999999995,9,Hero,0.9283594820234511,0.9999986489613851
1995,3.7,-6.3,13,Hero,0.6008793184390435,0.9999577311369089
1996,3.8000000000000007,-6.199999999999999,12,Hero,0.6579163471857706,0.9999614059925079
1997,4.2,-5.8,8,Hero,0.6931932605803013,0.9999996274709702
1998,-5.8,4.2,8,Villain,0.6995209902524948,0.9997856467962265
1999,4.9,-5.1,1,Hero,0.9796915650367737,1.0
2000,4.4,-5.6,6,Hero,0.7833450908462206,1.0
2001,4.6000000000000005,-5.3999999999999995,4,Hero,0.7427134662866592,1.0
2002,-4.999999999999998,-4.999999999999998,50,None,0.6489868771284819,0.9998391377925873
2003,-4.999999999999998,-4.999999999999998,50,None,0.702031417787075,0.999965808391571
2004,4.1000000000000005,-5.8999999999999995,9,Hero,0.765541543563207,0.9999999470180936
2005,4.5,-5.5,5,Hero,0.4696230784058571,1.0
2006,4.6000000000000005,-5.3999999999999995,4,Hero,0.6688422560691833,1.0
2007,4.0,-6.0,10,Hero,0.7959278047084808,0.9999996423721313
2008,4.2,-5.8,8,Hero,0.7792502865195274,0.9999999105930328
2009,4.0,-6.0,10,Hero,0.8177505165338517,0.999998152256012
2010,-6.7,3.3,17,Villain,0.6338334889972911,0.9998142438776353
2011,4.0,-6.0,10,Hero,0.6882964193820953,0.9999992609024048
2012,4.6000000000000005,-5.3999999999999995,4,Hero,0.899358868598938,1.0
2013,-4.999999999999998,-4.999999999999998,50,None,0.8698135326802731,0.99999986410141
2014,3.3,-6.7,17,Hero,0.6234258553561043,0.9988256552640129
2015,3.3,-6.7,17,Hero,0.6343370211475036,0.9998350423925063
2016,2.2999999999999994,-7.700000000000001,27,Hero,0.5472934273657976,0.9627330200401721
2017,4.2,-5.8,8,Hero,0.6173967476934195,1.0
2018,3.4000000000000004,-6.6,16,Hero,0.6596765536814928,0.9999278858304024
2019,4.9,-5.1,1,Hero,0.9986814856529236,1.0
2020,-6.6,3.4000000000000004,16,Villain,0.6222513760440052,0.9998755678534508
2021,4.0,-6.0,10,Hero,0.6722799777984619,0.9999821305274963
2022,4.5,-5.5,5,Hero,0.9942681431770325,1.0
2023,4.0,-6.0,10,Hero,0.9105483040213584,1.0
2024,4.5,-5.5,5,Hero,0.6048723757266998,1.0
2025,-8.600000000000001,1.3999999999999986,36,Villain,0.6029263312617937,0.9999560465415319
2026,4.800000000000001,-5.199999999999999,2,Hero,0.9356247782707214,1.0
2027,-5.3999999999999995,4.6000000000000005,4,Villain,0.5035608410835266,1.0
2028,3.5,-6.5,15,Hero,0.7685075799624125,0.999784779548645
2029,4.6000000000000005,-5.3999999999999995,4,Hero,0.9762506484985352,1.0
2030,3.0999999999999996,-6.9,19,Hero,0.5706832001083776,0.9999124533251712
2031,-6.3,3.7,13,Villain,0.5739813183362668,0.9175948517110485
2032,3.8000000000000007,-6.199999999999999,12,Hero,0.66241122285525,0.9999979237715403
2033,4.800000000000001,-5.199999999999999,2,Hero,0.9279247224330902,1.0
2034,4.0,-6.0,10,Hero,0.8848400264978409,0.9999999761581421
2035,-4.999999999999998,-4.999999999999998,50,None,0.5584509792923927,0.9998967564105987
2036,3.7,-6.3,13,Hero,0.6778819687091387,0.9999906008060162
2037,4.5,-5.5,5,Hero,0.7887662172317504,1.0
2038,3.0,-7.0,20,Hero,0.5561548665165901,0.9993262529373169
2039,-4.999999999999998,-4.999999999999998,50,None,0.5496473254263401,0.9996191418170929
2040,-5.8999999999999995,4.1000000000000005,9,Villain,0.7679002218776279,0.9999945163726807
2041,2.2999999999999994,-7.700000000000001,27,Hero,0.8009381917891679,0.9999999823393645
2042,4.4,-5.6,6,Hero,0.8151288429896036,0.9999999602635702
2043,3.0,-7.0,20,Hero,0.701014120876789,0.9999972522258759
2044,4.5,-5.5,5,Hero,0.910722303390503,1.0
2045,-5.699999999999999,4.300000000000001,7,Villain,0.6058269696576255,0.9999294195856366
2046,4.300000000000001,-5.699999999999999,7,Hero,0.9384536147117615,0.9999995061329433
2047,4.4,-5.6,6,Hero,0.9707788825035095,0.9999961853027344
2048,-4.999999999999998,-4.999999999999998,50,None,0.8605172115564347,0.9999990844726563
2049,4.300000000000001,-5.699999999999999,7,Hero,0.6068999767303467,0.9999998467309135
2050,3.9000000000000004,-6.1,11,Hero,0.6235862658782438,0.9999747547236356
2051,-4.999999999999998,-4.999999999999998,50,None,0.8224762123078108,0.9998325777053833
2052,4.6000000000000005,-5.3999999999999995,4,Hero,0.6062699072062969,0.9999999701976776
2053,4.0,-6.0,10,Hero,0.8398424476385117,0.9999995946884155
2054,4.5,-5.5,5,Hero,0.7659001588821411,0.9999999046325684
2055,3.4000000000000004,-6.6,16,Hero,0.6488257548771799,0.9997309371829033
2056,3.9000000000000004,-6.1,11,Hero,0.8247385187582537,0.9999560605395924
2057,4.6000000000000005,-5.3999999999999995,4,Hero,0.6827416196465492,1.0
2058,4.1000000000000005,-5.8999999999999995,9,Hero,0.9051873750156827,0.9999999337726169
2059,-5.8999999999999995,4.1000000000000005,9,Villain,0.852286610338423,0.9997864034440782
2060,4.9,-5.1,1,Hero,0.30249348282814026,1.0
2061,3.7,-6.3,13,Hero,0.6258185322468097,1.0
2062,3.5,-6.5,15,Hero,0.6286980206767718,0.9977362593015034
2063,4.0,-6.0,10,Hero,0.594064325094223,0.9999985337257385
2064,3.9000000000000004,-6.1,11,Hero,0.69814302704551,0.9999940178611062
2065,4.2,-5.8,8,Hero,0.7621655464172363,0.9999964237213135
2066,4.6000000000000005,-5.3999999999999995,4,Hero,0.6371280178427696,1.0
2067,4.0,-6.0,10,Hero,0.8702475666999817,0.9999139249324799
2068,3.7,-6.3,13,Hero,0.7529572317233453,0.9999682215543894
2069,4.0,-6.0,10,Hero,0.8065842241048813,0.9999952793121338
2070,4.5,-5.5,5,Hero,0.8200523018836975,0.9999999523162841
2071,4.0,-6.0,10,Hero,0.8744291603565216,0.9999703586101532
2072,4.4,-5.6,6,Hero,0.6557039649536213,0.9999998807907104
2073,-4.999999999999998,-4.999999999999998,50,None,0.9337262282148003,0.9787977484986186
2074,4.2,-5.8,8,Hero,0.6730872355401516,0.9999989569187164
2075,4.5,-5.5,5,Hero,0.6586611151695252,1.0
2076,-4.999999999999998,-4.999999999999998,50,None,0.9328504798188806,0.9996636021137237
2077,3.4000000000000004,-6.6,16,Hero,0.6322187837213278,0.9994142986834049
2078,4.300000000000001,-5.699999999999999,7,Hero,0.8698796672480447,0.9999999148505074
2079,4.4,-5.6,6,Hero,0.7859597404797872,0.9999997417132059
2080,4.0,-6.0,10,Hero,0.6700353115797043,0.9999937534332275
2081,-5.699999999999999,4.300000000000001,7,Villain,0.46172945840018137,0.9999998467309135
2082,3.9000000000000004,-6.1,11,Hero,0.7825445864688266,0.9999903332103383
2083,-4.999999999999998,-4.999999999999998,50,None,0.9014410054683686,0.9406227323412896
2084,4.1000000000000005,-5.8999999999999995,9,Hero,0.705794176293744,0.9999995893902249
2085,3.8000000000000007,-6.199999999999999,12,Hero,0.7420908560355505,0.9999598562717438
2086,-4.999999999999998,-4.999999999999998,50,None,0.9232056240388192,0.999991888999939
2087,4.0,-6.0,10,Hero,0.8583976030349731,0.9999871850013733
2088,4.2,-5.8,8,Hero,0.8208471983671188,0.9999992996454239
2089,3.8000000000000007,-6.199999999999999,12,Hero,0.6638901556531588,0.9999628365039825
2090,3.9000000000000004,-6.1,11,Hero,0.6709876521067186,0.9999875697222623
2091,4.2,-5.8,8,Hero,0.6572268940508366,0.9999971687793732
2092,4.7,-5.3,3,Hero,0.9468752344449362,1.0
2093,4.5,-5.5,5,Hero,0.8462857604026794,0.9999999284744263
2094,4.2,-5.8,8,Hero,0.8671150282025337,0.9999979436397552
2095,4.5,-5.5,5,Hero,0.739195603132248,0.9999999761581421
2096,3.8000000000000007,-6.199999999999999,12,Hero,0.5993730823198954,0.9999996423721313
2097,-4.999999999999998,-4.999999999999998,50,None,0.9924819076061249,0.9940377306938172
2098,-4.999999999999998,-4.999999999999998,50,None,0.9992912447452545,0.9999949502944946
2099,4.9,-5.1,1,Hero,0.8453815579414368,1.0
2100,3.8000000000000007,-6.199999999999999,12,Hero,0.7623924488822619,0.9999637405077616
2101,-4.999999999999998,-4.999999999999998,50,None,0.9773531707562506,0.995133080482483
2102,3.8000000000000007,-6.199999999999999,12,Hero,0.8099955494205157,0.9997110366821289
2103,3.6000000000000005,-6.3999999999999995,14,Hero,0.6230448952742985,0.9998485488551003
2104,-4.999999999999998,-4.999999999999998,50,None,0.9759544314444065,0.9171776011586189
2105,-4.999999999999998,-4.999999999999998,50,None,0.9500313970446587,0.9999960041046143
2106,4.0,-6.0,10,Hero,0.7381186604499816,0.9999881267547608
2107,4.800000000000001,-5.199999999999999,2,Hero,0.8194015920162201,1.0
2108,4.0,-6.0,10,Hero,0.6708079487085342,0.9999953627586364
2109,-4.999999999999998,-4.999999999999998,50,None,0.9560378826409578,0.8883052134513855
2110,-4.999999999999998,-4.999999999999998,50,None,0.9409439650177955,0.9999972629547119
2111,-4.999999999999998,-4.999999999999998,50,None,0.9546188583225012,0.9999950647354126
2112,-4.999999999999998,-4.999999999999998,50,None,0.9726387411355972,0.9938368344306946
2113,3.5,-6.5,15,Hero,0.5957489804675181,0.9999105175336201
2114,3.6000000000000005,-6.3999999999999995,14,Hero,0.736824420945985,0.9995842618601662
2115,-4.999999999999998,-4.999999999999998,50,None,0.8782873209100217,0.9999799633026123
2116,2.9,-7.1,21,Hero,0.576730737728732,0.9718758293560573
2117,4.300000000000001,-5.699999999999999,7,Hero,0.659043971981321,0.9999992677143642
2118,-4.999999999999998,-4.999999999999998,50,None,0.8882526000961661,0.9999905157089234
2119,4.4,-5.6,6,Hero,0.6883257379134496,1.0
2120,4.2,-5.8,8,Hero,0.9495486170053482,0.9999999403953552
2121,4.4,-5.6,6,Hero,0.7675627569357554,0.9999998211860657
2122,4.1000000000000005,-5.8999999999999995,9,Hero,0.6498794754346212,0.9999987549251981
2123,-4.999999999999998,-4.999999999999998,50,None,0.9600726154446602,0.9997936010360717
2124,4.1000000000000005,-5.8999999999999995,9,Hero,0.8235535538858838,0.999999377462599
2125,4.300000000000001,-5.699999999999999,7,Hero,0.8612501706395831,0.9999994550432477
2126,3.3,-6.7,17,Hero,0.6532554468687843,0.9935247792917139
2127,4.300000000000001,-5.699999999999999,7,Hero,0.7922016722815377,0.9999993188040597
2128,3.9000000000000004,-6.1,11,Hero,0.7560563277114521,0.9999550364234231
2129,3.8000000000000007,-6.199999999999999,12,Hero,0.8112538245817026,0.9999530017375946
2130,-4.999999999999998,-4.999999999999998,50,None,0.9707103961706162,0.9999456238746643
2131,4.300000000000001,-5.699999999999999,7,Hero,0.8436977245977947,0.9999935456684658
2132,4.300000000000001,-5.699999999999999,7,Hero,0.9618453894342694,0.999986069543021
2133,3.8000000000000007,-6.199999999999999,12,Hero,0.6932270402709643,0.9999971191088358
2134,3.0999999999999996,-6.9,19,Hero,0.5984678470382565,0.9806747499265169
2135,1.799999999999999,-8.200000000000001,32,Hero,0.551634153816849,0.9284224900184199
2136,-4.999999999999998,-4.999999999999998,50,None,0.6226215272769332,0.915987037718296
2137,3.4000000000000004,-6.6,16,Hero,0.6798439025878906,0.9990122430026531
2138,-7.300000000000001,2.6999999999999997,23,Villain,0.6241917643372131,0.9999613191770471
2139,3.9000000000000004,-6.1,11,Hero,0.7485882937908173,0.9999741532585837
2140,4.5,-5.5,5,Hero,0.9540702819824218,1.0
2141,-5.199999999999999,4.800000000000001,2,Villain,0.523382231593132,0.9999997615814209
2142,4.0,-6.0,10,Hero,0.8985752753913403,1.0
2143,4.2,-5.8,8,Hero,0.7646922077983618,0.9999989718198776
2144,3.4000000000000004,-6.6,16,Hero,0.6189986187964678,0.9349242706084624
2145,-4.999999999999998,-4.999999999999998,50,None,0.9982141280174255,0.9943646383285523
2146,4.300000000000001,-5.699999999999999,7,Hero,0.612730045403753,0.999999863760812
2147,-4.999999999999998,-4.999999999999998,50,None,0.9525793208926916,0.9398421061038971
2148,3.6000000000000005,-6.3999999999999995,14,Hero,0.6621054698313985,0.9999990803854806
2149,4.6000000000000005,-5.3999999999999995,4,Hero,0.6500805616378784,1.0
2150,3.8000000000000007,-6.199999999999999,12,Hero,0.884574331343174,0.9999999701976776
2151,2.9,-7.1,21,Hero,0.5672664127889133,0.8853078867707934
2152,3.9000000000000004,-6.1,11,Hero,0.7754215245897119,0.999999154697765
2153,-4.999999999999998,-4.999999999999998,50,None,0.9468198969960213,0.9512998762726784
2154,4.1000000000000005,-5.8999999999999995,9,Hero,0.8370959195825789,0.9999997880723741
2155,1.9999999999999991,-8.0,30,Hero,0.5989399957160155,0.8757715368022522
2156,-4.999999999999998,-4.999999999999998,50,None,0.9130459815263748,0.9997810733318329
2157,4.0,-6.0,10,Hero,0.8265540897846222,0.9999968647956848
2158,2.2999999999999994,-7.700000000000001,27,Hero,0.5621287687164214,0.8463693788206136
2159,3.0999999999999996,-6.9,19,Hero,0.5995398043703876,0.9994631691982871
2160,4.9,-5.1,1,Hero,0.9549084305763245,1.0
2161,-4.999999999999998,-4.999999999999998,50,None,0.9516597783565521,0.9996592581272126
2162,4.4,-5.6,6,Hero,0.8946982423464457,1.0
2163,3.3,-6.7,17,Hero,0.657243013381958,0.9804297931054059
2164,3.8000000000000007,-6.199999999999999,12,Hero,0.7972338336209456,0.9999893407026926
2165,4.0,-6.0,10,Hero,0.8053162395954132,1.0
2166,4.0,-6.0,10,Hero,0.8056027829647064,0.9999638140201569
2167,3.9000000000000004,-6.1,11,Hero,0.8164366456595334,0.9999960986050692
2168,4.300000000000001,-5.699999999999999,7,Hero,0.7430387692792075,1.0
2169,4.6000000000000005,-5.3999999999999995,4,Hero,0.6169969737529755,1.0
2170,1.9999999999999991,-8.0,30,Hero,0.654263264251252,0.9566615025202433
2171,3.6000000000000005,-6.3999999999999995,14,Hero,0.8426092767289707,0.9999985524586269
2172,4.300000000000001,-5.699999999999999,7,Hero,0.6466202395302909,0.9999980245317731
2173,4.1000000000000005,-5.8999999999999995,9,Hero,0.7429599563280741,0.9999982780880399
2174,4.2,-5.8,8,Hero,0.757325354963541,0.9999997019767761
2175,4.4,-5.6,6,Hero,0.732704962293307,0.9999999602635702
2176,4.6000000000000005,-5.3999999999999995,4,Hero,0.5317555516958237,0.9999993741512299
2177,3.5,-6.5,15,Hero,0.6143139292796452,0.9993664781252544
2178,4.6000000000000005,-5.3999999999999995,4,Hero,0.6073156073689461,1.0
2179,4.2,-5.8,8,Hero,0.6824741847813129,0.9999922811985016
2180,3.6000000000000005,-6.3999999999999995,14,Hero,0.6081169694662094,0.9998041476522174
2181,4.4,-5.6,6,Hero,0.818302849928538,0.9999996821085612
2182,-4.999999999999998,-4.999999999999998,50,None,0.8665111808199435,0.9813250160217285
2183,-4.999999999999998,-4.999999999999998,50,None,0.8711295256543963,0.9998497939109803
2184,4.5,-5.5,5,Hero,0.9867569923400878,1.0
2185,4.0,-6.0,10,Hero,0.7209187664091588,0.9999647319316864
2186,4.300000000000001,-5.699999999999999,7,Hero,0.9883820499692645,1.0
2187,4.1000000000000005,-5.8999999999999995,9,Hero,0.7714209854602814,0.9999802774853177
2188,3.9000000000000004,-6.1,11,Hero,0.47942723029039125,0.9999898672103882
2189,4.6000000000000005,-5.3999999999999995,4,Hero,0.790438175201416,0.9999998509883881
2190,4.5,-5.5,5,Hero,0.7939283780753612,0.9999998331069946
2191,4.6000000000000005,-5.3999999999999995,4,Hero,0.7610939145088196,0.9999999701976776
2192,4.7,-5.3,3,Hero,0.9865737358729044,1.0
2193,4.2,-5.8,8,Hero,0.7946452107280493,0.9999990165233612
2194,4.2,-5.8,8,Hero,0.8786346353590488,0.9999952763319016
2195,4.0,-6.0,10,Hero,0.8165951281785965,0.999970155954361
2196,2.4999999999999996,-7.5,25,Hero,0.5527968220412731,0.9999684858322143
2197,4.2,-5.8,8,Hero,0.858369667083025,0.9999990463256836
2198,3.7,-6.3,13,Hero,0.6832857682154729,0.9998508279140179
2199,-5.199999999999999,4.800000000000001,2,Villain,0.9928183257579803,0.9999997615814209
2200,4.2,-5.8,8,Hero,0.739038735628128,0.9999992102384567
2201,3.9000000000000004,-6.1,11,Hero,0.7575179284269159,0.9999989704652266
2202,2.6999999999999997,-7.300000000000001,23,Hero,0.7794220661339553,0.9999878328779469
2203,4.2,-5.8,8,Hero,0.6414800193160772,0.9999977648258209
2204,3.7,-6.3,13,Hero,0.7533891521967374,0.9999999174704919
2205,4.2,-5.8,8,Hero,0.6066574584692717,0.9999990910291672
2206,-5.1,4.9,1,Villain,0.8882622122764587,0.014145839028060436
2207,3.5,-6.5,15,Hero,0.6780950715144475,0.999649441242218
2208,1.9999999999999991,-8.0,30,Hero,0.8924845623473326,0.9999994754791259
2209,3.7,-6.3,13,Hero,0.740293528024967,0.9999804496765137
2210,3.8000000000000007,-6.199999999999999,12,Hero,0.68928795059522,0.9994622419277827
2211,3.3,-6.7,17,Hero,0.6436179990277571,0.9597139288397396
2212,4.6000000000000005,-5.3999999999999995,4,Hero,0.7043114975094795,0.9999999701976776
2213,4.0,-6.0,10,Hero,0.7045592173933983,0.9999912023544312
2214,4.9,-5.1,1,Hero,0.9693024754524231,0.9999997615814209
2215,3.4000000000000004,-6.6,16,Hero,0.7083235997706652,0.9706241972744465
2216,-4.999999999999998,-4.999999999999998,50,None,0.6860610737279057,0.9769896504841745
2217,4.7,-5.3,3,Hero,0.6375652452309927,0.9999769926071167
2218,4.4,-5.6,6,Hero,0.593311220407486,0.9999956687291464
2219,4.800000000000001,-5.199999999999999,2,Hero,0.7947505712509155,0.999989926815033
2220,4.300000000000001,-5.699999999999999,7,Hero,0.7474649803979057,0.9999164513179234
2221,3.3,-6.7,17,Hero,0.6679984208415536,0.9387421117109411
2222,4.800000000000001,-5.199999999999999,2,Hero,0.7399945557117462,0.9999997615814209
2223,4.1000000000000005,-5.8999999999999995,9,Hero,0.9878023664156595,0.9996886981858147
2224,4.0,-6.0,10,Hero,0.7842407658696174,0.998391193151474
2225,3.8000000000000007,-6.199999999999999,12,Hero,0.6677249521017075,0.9997385293245316
2226,4.0,-6.0,10,Hero,0.6418594628572464,0.9992339432239532
2227,3.0,-7.0,20,Hero,0.5959819346666336,0.8192100986838341
2228,3.9000000000000004,-6.1,11,Hero,0.8145291398872029,0.9999832890250466
2229,3.0999999999999996,-6.9,19,Hero,0.592720157221744,0.9690271019935608
2230,3.7,-6.3,13,Hero,0.7615691836063678,0.9997679682878348
2231,4.7,-5.3,3,Hero,0.6978916923205057,0.9999995628992716
2232,3.6000000000000005,-6.3999999999999995,14,Hero,0.6531774667756898,0.9996840059757233
2233,3.4000000000000004,-6.6,16,Hero,0.6397156976163387,0.9740675464272499
2234,4.4,-5.6,6,Hero,0.7172319789727529,0.9999803105990092
2235,4.0,-6.0,10,Hero,0.9235724538564682,0.999997329711914
2236,3.3,-6.7,17,Hero,0.5954417943516198,0.995054774424609
2237,3.5,-6.5,15,Hero,0.530814125140508,0.9700232823689778
2238,3.2,-6.8,18,Hero,0.5987161778741412,0.867709712849723
2239,4.2,-5.8,8,Hero,0.7663704240694642,0.9999657720327377
2240,3.4000000000000004,-6.6,16,Hero,0.5976250530220568,0.8866791613399982
2241,4.1000000000000005,-5.8999999999999995,9,Hero,0.6385873158772787,0.9978005290031433
2242,4.0,-6.0,10,Hero,0.7656141132116318,0.99850714802742
2243,4.5,-5.5,5,Hero,0.7888161450624466,0.9999994993209839
2244,4.4,-5.6,6,Hero,0.7677248020966848,0.9999821980794271
2245,4.0,-6.0,10,Hero,0.7103865027427674,0.9996909439563751
2246,3.5,-6.5,15,Hero,0.705926372607549,0.9958349466323853
2247,4.9,-5.1,1,Hero,0.7046350836753845,1.0
2248,4.7,-5.3,3,Hero,0.6986009875933329,0.9999959468841553
2249,3.5,-6.5,15,Hero,0.6749768162767092,0.8984627226988474
2250,4.300000000000001,-5.699999999999999,7,Hero,0.6958435135228294,0.9999816758292062
2251,4.300000000000001,-5.699999999999999,7,Hero,0.8562708709921155,0.9999622447150094
2252,3.9000000000000004,-6.1,11,Hero,0.7057103921066631,0.9991628256711093
2253,4.7,-5.3,3,Hero,0.5672637025515238,0.9999989668528239
2254,3.9000000000000004,-6.1,11,Hero,0.7608779587528922,0.9994355331767689
2255,4.0,-6.0,10,Hero,0.7505935743451119,0.99958256483078
2256,4.1000000000000005,-5.8999999999999995,9,Hero,0.660787519481447,0.9996553195847405
2257,4.300000000000001,-5.699999999999999,7,Hero,0.8012543150356838,0.9999728543417794
2258,4.2,-5.8,8,Hero,0.8555530533194542,0.99836465716362
2259,4.1000000000000005,-5.8999999999999995,9,Hero,0.7025683919588724,0.9999117056528727
2260,4.6000000000000005,-5.3999999999999995,4,Hero,0.9565877914428711,0.9999913275241852
2261,4.300000000000001,-5.699999999999999,7,Hero,0.8471561350992748,0.9994560139519828
2262,3.3,-6.7,17,Hero,0.6564448861514821,0.8182875384467051
2263,4.300000000000001,-5.699999999999999,7,Hero,0.7904112083571297,0.9999374576977321
2264,4.300000000000001,-5.699999999999999,7,Hero,0.6908394609178815,0.9995899881635394
2265,4.5,-5.5,5,Hero,0.8152936697006226,0.999867045879364
2266,4.0,-6.0,10,Hero,0.7354811370372772,0.9991666853427887
2267,-6.7,3.3,17,Villain,0.6167282164096832,0.8648437314173755
2268,4.0,-6.0,10,Hero,0.8682343900203705,0.9999939322471618
2269,3.7,-6.3,13,Hero,0.7141561794739503,0.9987240204444299
2270,4.2,-5.8,8,Hero,0.7276194486767054,0.9999923855066299
2271,3.2,-6.8,18,Hero,0.6232209872040484,0.920775311274661
2272,4.0,-6.0,10,Hero,0.8810509029775858,0.9999981880187988
2273,3.8000000000000007,-6.199999999999999,12,Hero,0.7743827775120735,0.990750456849734
2274,4.1000000000000005,-5.8999999999999995,9,Hero,0.6478887498378754,0.9994818502002292
2275,4.0,-6.0,10,Hero,0.7278075698763132,0.9977766633033752
2276,3.4000000000000004,-6.6,16,Hero,0.6605108715593815,0.9947356134653091
2277,3.3,-6.7,17,Hero,0.6375076437697691,0.9792216139681199
2278,4.800000000000001,-5.199999999999999,2,Hero,0.9041703641414642,0.9999998211860657
2279,4.4,-5.6,6,Hero,0.8566196858882904,0.999997059504191
2280,3.9000000000000004,-6.1,11,Hero,0.859086505391381,0.9999968246980147
2281,4.6000000000000005,-5.3999999999999995,4,Hero,0.5668128207325935,0.999995231628418
2282,4.7,-5.3,3,Hero,0.9639647603034973,0.9999998807907104
2283,4.1000000000000005,-5.8999999999999995,9,Hero,0.8403844568464491,0.9999884366989136
2284,3.8000000000000007,-6.199999999999999,12,Hero,0.7884289473295212,0.9999761084715525
2285,4.0,-6.0,10,Hero,0.760063499212265,0.9999517440795899
2286,4.0,-6.0,10,Hero,0.7966169655323029,0.9999954342842102
2287,3.0,-7.0,20,Hero,0.563891995511949,0.9999757528305053
2288,4.0,-6.0,10,Hero,0.6483370929956436,0.9999841451644897
2289,3.6000000000000005,-6.3999999999999995,14,Hero,0.696547344326973,0.9906721838882991
2290,4.2,-5.8,8,Hero,0.7079288214445114,0.9999910145998001
2291,3.4000000000000004,-6.6,16,Hero,0.5340982307679951,0.9837509319186211
2292,3.7,-6.3,13,Hero,0.7252035003442031,0.9998594705875103
2293,-5.199999999999999,4.800000000000001,2,Villain,0.5912598446011543,0.9942765235900879
2294,-6.1,3.9000000000000004,11,Villain,0.8147151605649428,0.9999124299396168
2295,4.0,-6.0,10,Hero,0.5862629309296608,0.9994645953178406
2296,4.1000000000000005,-5.8999999999999995,9,Hero,0.7134840273194842,0.9999965561760796
2297,4.1000000000000005,-5.8999999999999995,9,Hero,0.6396820114718543,0.9999906884299384
2298,3.6000000000000005,-6.3999999999999995,14,Hero,0.7279009350708553,0.998436668089458
2299,3.4000000000000004,-6.6,16,Hero,0.6604666514322162,0.9371847758884542
2300,3.7,-6.3,13,Hero,0.7750646437589939,0.9970222803262564
2301,4.800000000000001,-5.199999999999999,2,Hero,0.5627679526805878,1.0
2302,3.4000000000000004,-6.6,16,Hero,0.676016385667026,0.989495038986206
2303,4.5,-5.5,5,Hero,0.7155261993408203,0.9999949693679809
2304,3.8000000000000007,-6.199999999999999,12,Hero,0.7588141225278378,0.9991319924592972
2305,3.6000000000000005,-6.3999999999999995,14,Hero,0.6803264330873,0.9989258519240788
2306,3.8000000000000007,-6.199999999999999,12,Hero,0.7300830067445835,0.9997486472129822
2307,4.2,-5.8,8,Hero,0.5779340639710426,0.9999989420175552
2308,3.9000000000000004,-6.1,11,Hero,0.676543418656696,0.9999921321868896
2309,3.6000000000000005,-6.3999999999999995,14,Hero,0.5775806456804276,0.9962722914559501
2310,4.0,-6.0,10,Hero,0.7978084981441498,0.9992551326751709
2311,3.7,-6.3,13,Hero,0.6992878065659449,0.9994793075781602
2312,4.1000000000000005,-5.8999999999999995,9,Hero,0.6810758444998,0.9999990065892538
2313,4.7,-5.3,3,Hero,0.9180172085762024,0.9999995628992716
2314,3.7,-6.3,13,Hero,0.6863045073472537,0.9997268777627212
2315,3.3,-6.7,17,Hero,0.6749566986280329,0.9265959664960118
2316,4.5,-5.5,5,Hero,0.714606785774231,0.9999976396560669
2317,4.300000000000001,-5.699999999999999,7,Hero,0.678959092923573,0.9999999148505074
2318,4.1000000000000005,-5.8999999999999995,9,Hero,0.6982672048939599,0.9999890062544081
2319,4.300000000000001,-5.699999999999999,7,Hero,0.6704767537968499,0.9999750001089913
2320,3.8000000000000007,-6.199999999999999,12,Hero,0.7676458278050026,0.9990708182255427
2321,3.9000000000000004,-6.1,11,Hero,0.806356980042024,0.9993748719041998
2322,3.7,-6.3,13,Hero,0.8115049806924967,0.9994203035648053
2323,3.8000000000000007,-6.199999999999999,12,Hero,0.7185373653968176,0.9981705745061239
2324,4.5,-5.5,5,Hero,0.7166294574737548,0.9999913215637207
2325,4.300000000000001,-5.699999999999999,7,Hero,0.7249247091157096,0.999844661780766
2326,4.0,-6.0,10,Hero,0.8323960572481155,0.9997570514678955
2327,4.6000000000000005,-5.3999999999999995,4,Hero,0.8261018842458725,0.9999983906745911
2328,4.300000000000001,-5.699999999999999,7,Hero,0.8073852402823312,0.9999832596097674
2329,3.7,-6.3,13,Hero,0.7020215094089508,0.992287814617157
2330,2.8,-7.2,22,Hero,0.6530408283526247,0.9377318730747158
2331,3.7,-6.3,13,Hero,0.7697703758111367,0.9982549731548016
2332,3.6000000000000005,-6.3999999999999995,14,Hero,0.6272456454379218,0.9996218809059688
2333,4.2,-5.8,8,Hero,0.8120666965842247,0.9999998807907104
2334,3.8000000000000007,-6.199999999999999,12,Hero,0.7045213632906476,0.9994541108608246
2335,4.2,-5.8,8,Hero,0.6415918581187725,0.9998118877410889
2336,3.9000000000000004,-6.1,11,Hero,0.6881618228825656,0.9994978200305592
2337,3.7,-6.3,13,Hero,0.7935071335389063,0.9999962128125705
2338,3.6000000000000005,-6.3999999999999995,14,Hero,0.7077769780797618,0.9859325587749481
2339,3.4000000000000004,-6.6,16,Hero,0.7245995509438217,0.9992928430438042
2340,4.6000000000000005,-5.3999999999999995,4,Hero,0.7847913503646851,0.9999994039535522
2341,4.0,-6.0,10,Hero,0.722126393020153,0.999935919046402
2342,4.300000000000001,-5.699999999999999,7,Hero,0.697143194930894,0.999975493976048
2343,4.4,-5.6,6,Hero,0.8648015360037485,0.9999812245368958
2344,4.2,-5.8,8,Hero,0.631825216114521,0.9995256066322327
2345,4.1000000000000005,-5.8999999999999995,9,Hero,0.8834562434090508,0.9999419119622972
2346,-5.8,4.2,8,Villain,0.8673966489732265,0.9999972879886627
2347,4.800000000000001,-5.199999999999999,2,Hero,0.6825896352529526,0.9999997019767761
2348,3.2,-6.8,18,Hero,0.6426646564569738,0.8812775605151223
2349,4.4,-5.6,6,Hero,0.646004485587279,0.9999999006589254
2350,4.5,-5.5,5,Hero,0.7843360483646393,0.999999713897705
2351,4.0,-6.0,10,Hero,0.6643318131566047,0.9998089373111725
2352,4.300000000000001,-5.699999999999999,7,Hero,0.7231336917196002,0.9999032531465802
2353,4.4,-5.6,6,Hero,0.734679564833641,0.9999598364035288
2354,4.0,-6.0,10,Hero,0.724246683716774,0.999832934141159
2355,4.1000000000000005,-5.8999999999999995,9,Hero,0.7656452291541629,0.9996558825174967
2356,4.2,-5.8,8,Hero,0.9227386638522148,0.9999166280031204
2357,3.7,-6.3,13,Hero,0.5349080402117509,0.9999834665885339
2358,4.0,-6.0,10,Hero,0.629857850074768,0.9999844312667847
2359,4.800000000000001,-5.199999999999999,2,Hero,0.8722073137760162,0.9999998211860657
2360,4.6000000000000005,-5.3999999999999995,4,Hero,0.9769730120897293,0.9999986290931702
2361,4.0,-6.0,10,Hero,0.8439507067203522,0.9996065616607666
2362,4.4,-5.6,6,Hero,0.8879719972610474,0.9999951720237732
2363,4.2,-5.8,8,Hero,0.6705312160775065,0.9999963641166687
2364,4.9,-5.1,1,Hero,0.9947634935379028,0.9999995231628418
2365,3.9000000000000004,-6.1,11,Hero,0.7368287945335562,0.9977828643538735
2366,4.1000000000000005,-5.8999999999999995,9,Hero,0.9167008731100295,0.9999998145633273
2367,3.5,-6.5,15,Hero,0.6867316087086995,0.9980167071024577
2368,-5.8,4.2,8,Villain,0.8966028913855553,0.9999925643205643
2369,4.9,-5.1,1,Hero,0.6427227258682251,0.9999992847442627
2370,4.7,-5.3,3,Hero,0.6358343263467153,0.9999997218449911
2371,3.9000000000000004,-6.1,11,Hero,0.6613808152350512,0.9998353177850897
2372,3.5,-6.5,15,Hero,0.6293382257223129,0.9995036363601685
2373,3.9000000000000004,-6.1,11,Hero,0.696974518624219,0.9968920621004972
2374,4.5,-5.5,5,Hero,0.9785306453704834,0.9999397993087769
2375,4.2,-5.8,8,Hero,0.6425594985485077,0.9999804347753525
2376,3.2,-6.8,18,Hero,0.6479222915238805,0.9708150128523508
2377,3.4000000000000004,-6.6,16,Hero,0.7114408500492573,0.9980870969593525
2378,4.4,-5.6,6,Hero,0.6259529838959376,0.9999969402949015
2379,4.1000000000000005,-5.8999999999999995,9,Hero,0.8225017421775394,0.9997362030877007
2380,4.300000000000001,-5.699999999999999,7,Hero,0.815775283745357,0.9999961682728359
2381,4.5,-5.5,5,Hero,0.6968905111774802,0.9999995470046997
2382,4.1000000000000005,-5.8999999999999995,9,Hero,0.6804268459479014,0.9978253179126315
2383,3.9000000000000004,-6.1,11,Hero,0.7013201297006824,0.9999466484243219
2384,4.2,-5.8,8,Hero,0.7353259958326817,0.9999964088201523
2385,4.2,-5.8,8,Hero,0.9276857674121857,0.9984794929623604
2386,4.9,-5.1,1,Hero,0.9516772627830505,1.0
2387,3.8000000000000007,-6.199999999999999,12,Hero,0.6632353812456131,0.9997060795625051
2388,4.5,-5.5,5,Hero,0.966577410697937,0.9999924421310424
2389,3.6000000000000005,-6.3999999999999995,14,Hero,0.7605216481855938,0.9967405710901532
2390,4.0,-6.0,10,Hero,0.9462560951709748,0.9995389938354492
2391,4.2,-5.8,8,Hero,0.5236804038286209,0.9999998211860657
2392,3.9000000000000004,-6.1,11,Hero,0.7841378314928575,0.9970250129699707
2393,4.0,-6.0,10,Hero,0.9352652132511139,0.9996051549911499
2394,3.6000000000000005,-6.3999999999999995,14,Hero,0.7254709452390671,0.9944999771458762
2395,4.5,-5.5,5,Hero,0.6554777085781097,0.999997615814209
2396,3.0999999999999996,-6.9,19,Hero,0.6882079259345406,0.9951426700541848
2397,4.6000000000000005,-5.3999999999999995,4,Hero,0.8649638146162033,0.9999971687793732
2398,4.0,-6.0,10,Hero,0.8388967335224151,0.9999709248542785
2399,4.2,-5.8,8,Hero,0.8393181338906288,0.9999925047159195
2400,4.0,-6.0,10,Hero,0.8652486801147461,0.9999885201454163
2401,4.800000000000001,-5.199999999999999,2,Hero,0.6308439671993256,0.9999972581863403
2402,3.4000000000000004,-6.6,16,Hero,0.6304142065346241,0.9129199385643005
2403,-5.1,4.9,1,Villain,0.9987120628356934,0.999997615814209
2404,3.4000000000000004,-6.6,16,Hero,0.5683795548975468,0.9992120340466499
2405,4.300000000000001,-5.699999999999999,7,Hero,0.6815549326794488,0.9999385561261859
2406,3.3,-6.7,17,Hero,0.6530672504621393,0.9330455169958227
2407,3.7,-6.3,13,Hero,0.6766290848071759,0.969197731751662
2408,4.2,-5.8,8,Hero,0.7789401561021805,0.9998966529965401
2409,4.5,-5.5,5,Hero,0.8038769245147706,0.999996566772461
2410,3.9000000000000004,-6.1,11,Hero,0.8415340835397894,0.9999932267449119
2411,3.4000000000000004,-6.6,16,Hero,0.6812049113214016,0.8843422490172088
2412,3.4000000000000004,-6.6,16,Hero,0.6214760942384601,0.9876655824482441
2413,3.8000000000000007,-6.199999999999999,12,Hero,0.6543531393011411,0.9911764611800512
2414,3.2,-6.8,18,Hero,0.6570360362529755,0.8712328974571493
2415,4.1000000000000005,-5.8999999999999995,9,Hero,0.9199426074822744,0.9999944104088677
2416,3.7,-6.3,13,Hero,0.7193586791937168,0.9951725464600784
2417,3.7,-6.3,13,Hero,0.7037950785687337,0.9957647552857032
2418,4.4,-5.6,6,Hero,0.8832182884216309,0.9999585747718811
2419,4.2,-5.8,8,Hero,0.7006017602980137,0.9999481439590454
2420,4.300000000000001,-5.699999999999999,7,Hero,0.7155812425272805,0.999987074307033
2421,4.1000000000000005,-5.8999999999999995,9,Hero,0.8620621495776706,0.9998178349600898
2422,4.5,-5.5,5,Hero,0.8426721751689911,0.9999104499816894
2423,3.5,-6.5,15,Hero,0.6705775340398152,0.9988686561584472
2424,3.4000000000000004,-6.6,16,Hero,0.6390394857153296,0.9184695724397898
2425,4.2,-5.8,8,Hero,0.7172737456858158,0.9999424442648888
2426,4.0,-6.0,10,Hero,0.670632180571556,0.9994780004024506
2427,3.8000000000000007,-6.199999999999999,12,Hero,0.718960722287496,0.9961125403642654
2428,4.300000000000001,-5.699999999999999,7,Hero,0.9881649783679417,0.9999994209834507
2429,3.4000000000000004,-6.6,16,Hero,0.728721484541893,0.9252591715194285
2430,4.1000000000000005,-5.8999999999999995,9,Hero,0.6827283319499757,0.9969490170478821
2431,4.4,-5.6,6,Hero,0.7749277154604594,0.9999994436899821
2432,3.4000000000000004,-6.6,16,Hero,0.6436354843899608,0.9994008541107178
2433,3.4000000000000004,-6.6,16,Hero,0.6638995609246194,0.8262278670445085
2434,4.0,-6.0,10,Hero,0.9329491198062897,0.9999984741210938
2435,4.6000000000000005,-5.3999999999999995,4,Hero,0.9849439859390259,0.9999978244304657
2436,4.6000000000000005,-5.3999999999999995,4,Hero,0.7820693030953407,0.9999774098396301
2437,4.2,-5.8,8,Hero,0.8969237022101879,0.9999943375587463
2438,3.3,-6.7,17,Hero,0.6207626181490281,0.8773219289586824
2439,2.4999999999999996,-7.5,25,Hero,0.6952634859085083,0.9945835971832275
2440,4.6000000000000005,-5.3999999999999995,4,Hero,0.7454212438315153,0.9999981224536896
2441,3.9000000000000004,-6.1,11,Hero,0.7193386514078487,0.9801538424058394
2442,4.1000000000000005,-5.8999999999999995,9,Hero,0.9415987862481011,0.9994230601522658
2443,4.9,-5.1,1,Hero,0.9003968834877014,0.9999994039535522
2444,4.2,-5.8,8,Hero,0.7115543782711029,0.9989893361926079
2445,3.5,-6.5,15,Hero,0.7007303436597189,0.9957690318425496
2446,4.0,-6.0,10,Hero,0.8974004201591015,0.9999985694885254
2447,4.1000000000000005,-5.8999999999999995,9,Hero,0.6437716053591834,0.99733081791136
2448,-5.3999999999999995,4.6000000000000005,4,Villain,0.9997832626104355,0.9999917447566986
2449,3.5,-6.5,15,Hero,0.6616864976783593,0.8822637543082237
2450,4.800000000000001,-5.199999999999999,2,Hero,0.8949025273323059,0.9999972581863403
2451,4.0,-6.0,10,Hero,0.7069905310869217,0.9933349967002869
2452,4.300000000000001,-5.699999999999999,7,Hero,0.8932532327515739,0.9999901396887643
2453,3.2,-6.8,18,Hero,0.7052064273092482,0.9035606289075481
2454,4.800000000000001,-5.199999999999999,2,Hero,0.8464917242527008,0.9999977946281433
2455,3.5,-6.5,15,Hero,0.7142666205763817,0.9787433028221131
2456,4.300000000000001,-5.699999999999999,7,Hero,0.912593160356794,0.9999991314751762
2457,4.1000000000000005,-5.8999999999999995,9,Hero,0.7847690089709229,0.9999603430430094
2458,3.9000000000000004,-6.1,11,Hero,0.8302994966506958,0.9998722889206626
2459,4.4,-5.6,6,Hero,0.8779919644196829,0.9999403655529022
2460,3.4000000000000004,-6.6,16,Hero,0.6661755829118192,0.9367628358304501
2461,4.2,-5.8,8,Hero,0.8580477610230446,0.9985435530543327
2462,-5.1,4.9,1,Villain,0.8749294877052307,0.9719031453132629
2463,3.8000000000000007,-6.199999999999999,12,Hero,0.7878526546992362,0.9962756484746933
2464,3.8000000000000007,-6.199999999999999,12,Hero,0.672737218439579,0.9841985007127126
2465,4.5,-5.5,5,Hero,0.7405318796634675,0.9999993801116943
2466,4.5,-5.5,5,Hero,0.693876326084137,0.9999804258346557
2467,3.9000000000000004,-6.1,11,Hero,0.6435213976285674,0.9996371106667952
2468,3.7,-6.3,13,Hero,0.7045631202367636,0.9973556995391846
2469,4.2,-5.8,8,Hero,0.9833357110619545,0.9999998211860657
2470,-5.8,4.2,8,Villain,0.8867273330688477,0.9999935030937195
2471,4.0,-6.0,10,Hero,0.6392012670636177,0.9990159034729004
2472,4.7,-5.3,3,Hero,0.9921738704045614,0.9999999602635702
2473,4.0,-6.0,10,Hero,0.6390802681446075,0.999362301826477
2474,3.2,-6.8,18,Hero,0.6267593387100432,0.8380987755178163
2475,3.7,-6.3,13,Hero,0.7577193814974564,0.9998763662118179
2476,3.9000000000000004,-6.1,11,Hero,0.7116718807003715,0.998921275138855
2477,4.5,-5.5,5,Hero,0.6152887582778931,0.999996542930603
2478,-5.5,4.5,5,Villain,0.7334921777248382,0.9999827384948731
2479,3.3,-6.7,17,Hero,0.6846523943411953,0.9996493563932531
2480,3.6000000000000005,-6.3999999999999995,14,Hero,0.7916702085307666,0.9998150978769574
2481,4.2,-5.8,8,Hero,0.8997327871620655,0.9999969005584717
2482,3.8000000000000007,-6.199999999999999,12,Hero,0.830188145240148,0.9997574388980865
2483,3.0,-7.0,20,Hero,0.6338886067271232,0.8191247895359993
2484,3.5,-6.5,15,Hero,0.6910350888967514,0.9973427017529806
2485,3.3,-6.7,17,Hero,0.6790125361260246,0.9183959987233666
2486,4.800000000000001,-5.199999999999999,2,Hero,0.9413117170333862,0.9999953508377075
2487,4.5,-5.5,5,Hero,0.8396008014678955,0.9999757528305053
2488,-5.199999999999999,4.800000000000001,2,Villain,0.6877861618995667,0.9999295473098755
2489,3.9000000000000004,-6.1,11,Hero,0.8615535660223528,0.9999675859104503
2490,3.4000000000000004,-6.6,16,Hero,0.704171153716743,0.98927853256464
2491,4.300000000000001,-5.699999999999999,7,Hero,0.8020248711109161,0.9998713220868792
2492,3.8000000000000007,-6.199999999999999,12,Hero,0.7766415551304817,0.9997688432534536
2493,3.5,-6.5,15,Hero,0.6423661390940348,0.9950089295705159
2494,3.5,-6.5,15,Hero,0.6765779574712117,0.9930628418922425
2495,3.9000000000000004,-6.1,11,Hero,0.7515903386202726,0.9942283847115256
2496,4.4,-5.6,6,Hero,0.8321727210034927,0.9999959270159403
2497,4.7,-5.3,3,Hero,0.9432133237520853,0.9999578396479288
2498,3.9000000000000004,-6.1,11,Hero,0.8524231233380057,0.9987635233185508
2499,4.2,-5.8,8,Hero,0.6887231580913067,0.9994035959243774
2500,3.9000000000000004,-6.1,11,Hero,0.7518807392228734,0.9999018582430753
2501,-5.8,4.2,8,Villain,0.828722171485424,0.9999286830425262
2502,4.0,-6.0,10,Hero,0.8446282312273979,0.9999928712844849
2503,-5.8999999999999995,4.1000000000000005,9,Villain,0.8238167762756348,0.9957623547977872
2504,3.7,-6.3,13,Hero,0.688788890838623,0.9996857505578262
2505,4.6000000000000005,-5.3999999999999995,4,Hero,0.6515324637293816,0.9999856650829315
2506,3.7,-6.3,13,Hero,0.652732701255725,0.9931531410950881
2507,4.2,-5.8,8,Hero,0.9973671957850456,0.9999994188547134
2508,4.1000000000000005,-5.8999999999999995,9,Hero,0.8543710112571716,0.9998901751306322
2509,4.5,-5.5,5,Hero,0.6280875384807587,1.0
2510,3.7,-6.3,13,Hero,0.7635403264027375,0.9999623390344473
2511,4.300000000000001,-5.699999999999999,7,Hero,0.998336136341095,0.9999998978206089
2512,2.1999999999999993,-7.800000000000001,28,Hero,0.7256762236356735,0.9999809903757912
2513,1.3999999999999986,-8.600000000000001,36,Hero,0.809206292240156,0.9977825317117903
2514,4.2,-5.8,8,Hero,0.7759237289428711,0.999809242784977
2515,4.800000000000001,-5.199999999999999,2,Hero,0.4726893827319145,1.0
2516,3.6000000000000005,-6.3999999999999995,14,Hero,0.6867374181747437,0.996038304907935
2517,3.5,-6.5,15,Hero,0.6336361815532049,0.9999528408050538
2518,1.5999999999999988,-8.400000000000002,34,Hero,0.8836707644821966,0.999995165011462
2519,4.800000000000001,-5.199999999999999,2,Hero,0.5930300801992416,0.9999989867210388
2520,3.2,-6.8,18,Hero,0.6487248796555731,0.9916165802213881
2521,3.9000000000000004,-6.1,11,Hero,0.6970546326854012,0.9991028850728815
2522,3.9000000000000004,-6.1,11,Hero,0.6637511172077872,0.9993584697896783
2523,-5.699999999999999,4.300000000000001,7,Villain,0.8378343156405857,0.9999968324388776
2524,3.7,-6.3,13,Hero,0.6766663216627561,0.9996878183805026
2525,4.300000000000001,-5.699999999999999,7,Hero,0.9839657119342259,0.9998591371944973
2526,4.1000000000000005,-5.8999999999999995,9,Hero,0.9734836286968656,0.9999998675452338
2527,4.1000000000000005,-5.8999999999999995,9,Hero,0.7879606833060583,0.9998297625117831
2528,4.9,-5.1,1,Hero,0.15003621578216553,1.0
2529,4.9,-5.1,1,Hero,0.9634580016136169,0.9999997615814209
2530,4.7,-5.3,3,Hero,0.6845119521021843,1.0
2531,4.300000000000001,-5.699999999999999,7,Hero,0.7377251556941441,0.9999525206429618
2532,4.9,-5.1,1,Hero,0.9579473733901978,0.9999997615814209
2533,4.300000000000001,-5.699999999999999,7,Hero,0.7854583007948739,0.9999972241265433
2534,4.1000000000000005,-5.8999999999999995,9,Hero,0.7367877695295546,0.9995052682028877
2535,4.4,-5.6,6,Hero,0.7035007377465566,0.9999897082646688
2536,4.7,-5.3,3,Hero,0.7433056235313416,1.0
2537,4.1000000000000005,-5.8999999999999995,9,Hero,0.9209027290344238,0.9999996423721313
2538,4.0,-6.0,10,Hero,0.6720828279852867,0.9997790873050689
2539,4.1000000000000005,-5.8999999999999995,9,Hero,0.8512024581432343,0.9998174839549594
2540,3.9000000000000004,-6.1,11,Hero,0.704405888915062,0.9987863031300631
2541,3.0,-7.0,20,Hero,0.7905988082289696,0.9999861419200897
2542,3.7,-6.3,13,Hero,0.7017378170902913,0.9995096967770503
2543,-5.3,4.7,3,Villain,0.9984164237976074,0.9999988079071045
2544,4.1000000000000005,-5.8999999999999995,9,Hero,0.7147815028826395,0.99969439374076
2545,3.6000000000000005,-6.3999999999999995,14,Hero,0.6453644654580525,0.9167469374702445
2546,3.7,-6.3,13,Hero,0.7183521607747445,0.9999428529005784
2547,3.0,-7.0,20,Hero,0.5660107493400574,0.9995539397001266
2548,3.6000000000000005,-6.3999999999999995,14,Hero,0.699431951556887,0.9965617827006749
2549,3.4000000000000004,-6.6,16,Hero,0.713759558275342,0.9907410554587841
2550,3.8000000000000007,-6.199999999999999,12,Hero,0.7547761686146259,0.9999398986498514
2551,4.0,-6.0,10,Hero,0.6584804087877274,0.9977559030056
2552,3.8000000000000007,-6.199999999999999,12,Hero,0.6691082579394182,0.996004526813825
2553,4.0,-6.0,10,Hero,0.7483765929937363,0.9989393174648284
2554,3.9000000000000004,-6.1,11,Hero,0.8461071767590262,0.9999977025118741
2555,4.5,-5.5,5,Hero,0.9581540703773499,0.9999998092651368
2556,4.6000000000000005,-5.3999999999999995,4,Hero,0.8128511160612106,0.9999998807907104
2557,3.8000000000000007,-6.199999999999999,12,Hero,0.6639463181296984,0.999920000632604
2558,4.0,-6.0,10,Hero,0.7332665622234344,0.9999544024467468
2559,4.6000000000000005,-5.3999999999999995,4,Hero,0.9754945486783981,0.999999612569809
2560,3.9000000000000004,-6.1,11,Hero,0.6638025214726274,0.999970631165938
2561,4.5,-5.5,5,Hero,0.6399825543165207,0.9999998807907104
2562,3.9000000000000004,-6.1,11,Hero,0.6648729849945415,0.9963696599006653
2563,4.300000000000001,-5.699999999999999,7,Hero,0.8307093264801162,0.9999999318804059
2564,3.9000000000000004,-6.1,11,Hero,0.7229814786802639,0.9977239370346069
2565,3.8000000000000007,-6.199999999999999,12,Hero,0.6091101119915644,0.9999918242295583
2566,4.300000000000001,-5.699999999999999,7,Hero,0.6796336003712246,0.9999959298542568
2567,4.2,-5.8,8,Hero,0.6883986406028271,0.9999911040067673
2568,3.7,-6.3,13,Hero,0.7632330908225133,0.9994601561472967
2569,4.0,-6.0,10,Hero,0.8334380507469177,0.9997302949428558
2570,3.9000000000000004,-6.1,11,Hero,0.7245659205046567,0.9992737661708485
2571,3.9000000000000004,-6.1,11,Hero,0.8240811878984625,0.9977417425675825
2572,3.2,-6.8,18,Hero,0.6190164236144887,0.9957418905364143
2573,4.0,-6.0,10,Hero,0.6827632278203964,0.9988790988922119
2574,4.5,-5.5,5,Hero,0.9822791576385498,0.99991854429245
2575,3.8000000000000007,-6.199999999999999,12,Hero,0.7409360449140271,0.9997022897005081
2576,4.300000000000001,-5.699999999999999,7,Hero,0.9933246544429234,0.999921875340598
2577,4.4,-5.6,6,Hero,0.964013030131658,0.9999996622403463
2578,4.2,-5.8,8,Hero,0.8289889916777611,0.999939352273941
2579,3.8000000000000007,-6.199999999999999,12,Hero,0.8241041575868925,0.999905601143837
2580,4.5,-5.5,5,Hero,0.9680709362030029,0.9999999523162841
2581,3.9000000000000004,-6.1,11,Hero,0.5764251418454065,0.9989659894596447
2582,4.9,-5.1,1,Hero,0.9522002339363098,0.9999971389770508
2583,4.6000000000000005,-5.3999999999999995,4,Hero,0.8710056990385056,0.9999957382678986
2584,4.300000000000001,-5.699999999999999,7,Hero,0.8508011613573346,0.9999509283474514
2585,4.2,-5.8,8,Hero,0.8744752178899944,0.9999703019857407
2586,3.6000000000000005,-6.3999999999999995,14,Hero,0.5848398610417332,0.9962528135095324
2587,4.2,-5.8,8,Hero,0.717675231397152,0.9999743103981018
2588,4.4,-5.6,6,Hero,0.8176574110984802,0.9998252689838409
2589,4.300000000000001,-5.699999999999999,7,Hero,0.6846741948808942,0.9999892881938389
2590,4.4,-5.6,6,Hero,0.9105556011199951,0.9999538958072662
2591,4.5,-5.5,5,Hero,0.825686264038086,0.9999952793121338
2592,-5.1,4.9,1,Villain,0.9988228678703308,0.9999980926513672
2593,3.8000000000000007,-6.199999999999999,12,Hero,0.8100982531905174,0.9992258002360662
2594,3.6000000000000005,-6.3999999999999995,14,Hero,0.7165535784193447,0.9973667945180621
2595,4.7,-5.3,3,Hero,0.8946656584739685,0.9999994436899821
2596,4.1000000000000005,-5.8999999999999995,9,Hero,0.7886850204732683,0.9998958905537924
2597,4.5,-5.5,5,Hero,0.8355944275856018,0.9999912738800049
2598,4.6000000000000005,-5.3999999999999995,4,Hero,0.8317783176898956,0.9999997019767761
2599,4.0,-6.0,10,Hero,0.7424390524625778,0.9998485207557678
2600,4.2,-5.8,8,Hero,0.9339734688401222,0.9998801723122597
2601,3.5,-6.5,15,Hero,0.7534609893957774,0.9893782178560893
2602,4.1000000000000005,-5.8999999999999995,9,Hero,0.8797132190730836,0.9999907811482748
2603,4.800000000000001,-5.199999999999999,2,Hero,0.8343551158905029,0.9999904632568359
2604,3.5,-6.5,15,Hero,0.7167239030202229,0.9298171771069368
2605,3.8000000000000007,-6.199999999999999,12,Hero,0.7383395135402679,0.9924504359563192
2606,4.4,-5.6,6,Hero,0.7011750539143881,0.9999999602635702
2607,4.300000000000001,-5.699999999999999,7,Hero,0.7176851672785622,0.9999595539910453
2608,4.4,-5.6,6,Hero,0.7207272549470266,0.999993105729421
2609,4.300000000000001,-5.699999999999999,7,Hero,0.7376307759966169,0.9999947377613613
2610,4.5,-5.5,5,Hero,0.9923075675964356,0.9999984741210938
2611,3.8000000000000007,-6.199999999999999,12,Hero,0.7147945662339529,0.9999181727568308
2612,3.8000000000000007,-6.199999999999999,12,Hero,0.6721730654438337,0.9932990223169327
2613,3.7,-6.3,13,Hero,0.5742199347139552,0.9927303653496963
2614,4.1000000000000005,-5.8999999999999995,9,Hero,0.7132072051366171,0.999937911828359
2615,4.4,-5.6,6,Hero,0.6979508151610693,0.999888132015864
2616,3.8000000000000007,-6.199999999999999,12,Hero,0.7586686462163925,0.9988600959380468
2617,3.4000000000000004,-6.6,16,Hero,0.5919669475406408,0.99906837195158
2618,4.1000000000000005,-5.8999999999999995,9,Hero,0.817817618449529,0.9998188548617892
2619,-5.6,4.4,6,Villain,0.9998737275600433,0.999998946984609
2620,3.3,-6.7,17,Hero,0.7127071649712675,0.9808962204877067
2621,4.7,-5.3,3,Hero,0.9622954328854879,0.9999996423721313
2622,4.5,-5.5,5,Hero,0.9777513384819031,0.9999892234802246
2623,3.8000000000000007,-6.199999999999999,12,Hero,0.6774360040823618,0.9999891618887583
2624,4.0,-6.0,10,Hero,0.8243634760379791,0.9999890089035034
2625,3.8000000000000007,-6.199999999999999,12,Hero,0.808473352342844,0.9999846120675405
2626,4.0,-6.0,10,Hero,0.6886984542012214,0.9995709598064423
2627,4.6000000000000005,-5.3999999999999995,4,Hero,0.7193668633699417,0.9999980628490448
2628,4.1000000000000005,-5.8999999999999995,9,Hero,0.7458397638466623,0.9999395608901978
2629,4.0,-6.0,10,Hero,0.6027585345611441,0.9996034383773804
2630,3.6000000000000005,-6.3999999999999995,14,Hero,0.7324297726154327,0.9973736277648381
2631,4.4,-5.6,6,Hero,0.7929194768269857,0.9999951720237732
2632,3.7,-6.3,13,Hero,0.7411730269399973,0.9919362572523264
2633,4.0,-6.0,10,Hero,0.8102911040186882,0.9992918729782104
2634,4.7,-5.3,3,Hero,0.8212984999020895,0.9999996821085612
2635,-5.699999999999999,4.300000000000001,7,Villain,0.9983530555452619,0.9999992677143642
2636,4.0,-6.0,10,Hero,0.6415571868419647,0.9984746217727661
2637,4.0,-6.0,10,Hero,0.8673275530338287,0.9999966621398926
2638,3.6000000000000005,-6.3999999999999995,14,Hero,0.7172897681593895,0.9985592450414386
2639,3.6000000000000005,-6.3999999999999995,14,Hero,0.7124068103730679,0.997057101556233
2640,3.6000000000000005,-6.3999999999999995,14,Hero,0.792368254491261,0.9992353447846004
2641,-5.3,4.7,3,Villain,0.9999723434448242,0.999998927116394
2642,4.4,-5.6,6,Hero,0.9858257671197256,0.9999993840853373
2643,3.8000000000000007,-6.199999999999999,12,Hero,0.7596532478928566,0.9973274121681849
2644,4.300000000000001,-5.699999999999999,7,Hero,0.7115804808480399,0.9999285425458636
2645,3.6000000000000005,-6.3999999999999995,14,Hero,0.7282287521021706,0.9969220289162227
2646,3.4000000000000004,-6.6,16,Hero,0.6176335364580154,0.98732690513134
2647,3.9000000000000004,-6.1,11,Hero,0.729355045340278,0.9999551285396923
2648,4.6000000000000005,-5.3999999999999995,4,Hero,0.7459935713559389,0.999986469745636
2649,3.8000000000000007,-6.199999999999999,12,Hero,0.8079810577134291,0.9972220957279205
2650,-5.699999999999999,4.300000000000001,7,Villain,0.9888007129941668,0.9999997445515224
2651,4.2,-5.8,8,Hero,0.8138706125319004,0.999997541308403
2652,4.0,-6.0,10,Hero,0.7983856357634067,0.9974684834480285
2653,4.300000000000001,-5.699999999999999,7,Hero,0.7476881061281476,0.9999699422291347
2654,4.300000000000001,-5.699999999999999,7,Hero,0.7027299106121063,0.9999953508377075
2655,-5.699999999999999,4.300000000000001,7,Villain,0.7779459059238434,0.9999938522066388
2656,4.300000000000001,-5.699999999999999,7,Hero,0.7217523796217782,0.9998839156968253
2657,3.4000000000000004,-6.6,16,Hero,0.6769084529951215,0.898203450255096
2658,4.6000000000000005,-5.3999999999999995,4,Hero,0.8198988437652588,0.9999987483024597
2659,3.6000000000000005,-6.3999999999999995,14,Hero,0.7621583342552185,0.9996286588055747
2660,-5.6,4.4,6,Villain,0.5011107673247656,0.9999599854151408
2661,4.5,-5.5,5,Hero,0.8026576310396194,0.9999995231628418
2662,4.9,-5.1,1,Hero,0.866356372833252,0.9999992847442627
2663,-5.699999999999999,4.300000000000001,7,Villain,0.8061297472034182,0.9989282488822937
2664,-5.8999999999999995,4.1000000000000005,9,Villain,0.878708498345481,0.999924447801378
2665,4.6000000000000005,-5.3999999999999995,4,Hero,0.8656012415885925,0.9999972283840179
2666,4.2,-5.8,8,Hero,0.6929150316864252,0.9999997168779373
2667,3.7,-6.3,13,Hero,0.6380342176327338,0.9871088358072134
2668,3.8000000000000007,-6.199999999999999,12,Hero,0.773701955874761,0.9997471769650778
2669,4.0,-6.0,10,Hero,0.9129801750183105,0.9999994158744812
2670,4.1000000000000005,-5.8999999999999995,9,Hero,0.7772468030452728,0.9998628695805868
2671,3.8000000000000007,-6.199999999999999,12,Hero,0.8204543739557266,0.9996785422166189
2672,3.9000000000000004,-6.1,11,Hero,0.8736883293498646,0.9989110339771617
2673,-5.8,4.2,8,Villain,0.6192281357944012,0.9999840557575226
2674,4.0,-6.0,10,Hero,0.7438999712467194,0.9997545421123505
2675,3.3,-6.7,17,Hero,0.6875643484732684,0.9957288433523739
2676,3.3,-6.7,17,Hero,0.7289797352517352,0.9780869483947754
2677,4.5,-5.5,5,Hero,0.8401780366897583,0.999910581111908
2678,3.4000000000000004,-6.6,16,Hero,0.6305143348872662,0.9023609077557921
2679,4.0,-6.0,10,Hero,0.8366863757371903,0.9994889795780182
2680,4.4,-5.6,6,Hero,0.8776739537715912,0.9999911189079285
2681,4.5,-5.5,5,Hero,0.8979896903038025,0.9999970197677612
2682,4.9,-5.1,1,Hero,0.5933408737182617,0.9999998807907104
2683,4.4,-5.6,6,Hero,0.7342542807261149,0.9999755024909973
2684,3.7,-6.3,13,Hero,0.6859185924896827,0.9892261486787063
2685,3.9000000000000004,-6.1,11,Hero,0.5256536995822733,0.9997545968402516
2686,3.4000000000000004,-6.6,16,Hero,0.8070551715791225,0.9999964758753777
2687,3.4000000000000004,-6.6,16,Hero,0.7104929513297975,0.9984826669096947
2688,4.800000000000001,-5.199999999999999,2,Hero,0.5642637610435486,1.0
2689,4.1000000000000005,-5.8999999999999995,9,Hero,0.6435237957371606,0.9994127816624112
2690,3.6000000000000005,-6.3999999999999995,14,Hero,0.7364800181239843,0.9971751230103629
2691,3.9000000000000004,-6.1,11,Hero,0.8281815404241736,0.9999809915369208
2692,4.5,-5.5,5,Hero,0.8671652436256408,0.9999998569488525
2693,4.0,-6.0,10,Hero,0.8229014664888382,0.999995756149292
2694,4.6000000000000005,-5.3999999999999995,4,Hero,0.7269236892461777,0.9999979734420776
2695,3.9000000000000004,-6.1,11,Hero,0.8682552928274329,0.9999692223288796
2696,3.6000000000000005,-6.3999999999999995,14,Hero,0.7361970224550792,0.9981694860117776
2697,3.2,-6.8,18,Hero,0.7045054187377294,0.8963627831803428
2698,3.7,-6.3,13,Hero,0.6841677713852662,0.9218108131048771
2699,3.7,-6.3,13,Hero,0.6921307074909027,0.9993694011981671
2700,-5.5,4.5,5,Villain,0.634445783495903,0.8012888270430267
2701,4.9,-5.1,1,Hero,0.9457784295082092,0.9999948740005493
2702,4.1000000000000005,-5.8999999999999995,9,Hero,0.6501369310749902,0.9991635150379605
2703,-5.3999999999999995,4.6000000000000005,4,Villain,0.9994440674781799,0.9999280124902725
2704,1.4999999999999987,-8.500000000000002,35,Hero,0.9622772416898182,0.9999912125723702
2705,-5.5,4.5,5,Villain,0.6954131841659545,0.7070856258273125
2706,-4.999999999999998,-4.999999999999998,50,None,0.8568543140590191,0.9978318130970001
2707,-4.999999999999998,-4.999999999999998,50,None,0.9918843650817871,0.9999503707885742
2708,-4.999999999999998,-4.999999999999998,50,None,0.8909374771267176,0.9966041052341461
2709,4.300000000000001,-5.699999999999999,7,Hero,0.995889493397304,0.9999252046857562
2710,-4.999999999999998,-4.999999999999998,50,None,0.9974873566627502,0.9985139286518097
2711,-4.999999999999998,-4.999999999999998,50,None,0.9224630329012871,0.9682371957972645
2712,-4.999999999999998,-4.999999999999998,50,None,0.9969386458396912,0.9988936924934387
2713,-4.999999999999998,-4.999999999999998,50,None,0.8963069930672646,0.9983006393909455
2714,-4.999999999999998,-4.999999999999998,50,None,0.9896400964260101,0.9996939480304718
2715,-4.999999999999998,-4.999999999999998,50,None,0.9274055755138397,0.997754555940628
2716,-4.999999999999998,-4.999999999999998,50,None,0.8583024916425347,0.9715082135796547
2717,-4.999999999999998,-4.999999999999998,50,None,0.9338774558901787,0.9999059092998505
2718,-4.999999999999998,-4.999999999999998,50,None,0.8809137931466102,0.9451170790195466
2719,4.9,-5.1,1,Hero,0.9934473633766174,0.9999521970748901
2720,-4.999999999999998,-4.999999999999998,50,None,0.8753767502307892,0.9736443936824799
2721,-5.199999999999999,4.800000000000001,2,Villain,0.6657858192920685,0.9986807405948639
2722,-4.999999999999998,-4.999999999999998,50,None,0.8532505092024804,0.9978118216991425
2723,0.6999999999999993,-9.3,43,Hero,0.8450461389973413,0.9989278261051622
2724,3.0999999999999996,-6.9,19,Hero,0.703849875221127,0.9977680099637884
2725,3.0,-7.0,20,Hero,0.6923136912286282,0.9941676378250122
2726,-4.999999999999998,-4.999999999999998,50,None,0.8717525464296341,0.9760436269640923
2727,1.7763568394002505e-15,-9.999999999999998,50,Hero,0.8721465766429901,0.9983675837516784
2728,0.6999999999999993,-9.3,43,Hero,0.7479914086762556,0.9611449148072753
2729,1.1999999999999984,-8.8,38,Hero,0.8616996836897574,0.9997125754230901
2730,4.300000000000001,-5.699999999999999,7,Hero,0.8445101220692907,0.9999494808060783
2731,2.9,-7.1,21,Hero,0.8553156437618392,0.9998815939539955
2732,3.7,-6.3,13,Hero,0.8536100834608078,0.9998372930746812
2733,3.8000000000000007,-6.199999999999999,12,Hero,0.7898481041193008,0.9907719244559606
2734,4.1000000000000005,-5.8999999999999995,9,Hero,0.7536797093020545,0.9998428159289889
2735,-5.1,4.9,1,Villain,0.983716607093811,0.9994389414787292
2736,4.300000000000001,-5.699999999999999,7,Hero,0.9986039655549186,0.9998810631888253
2737,3.6000000000000005,-6.3999999999999995,14,Hero,0.6859036050736904,0.9847270846366882
2738,4.7,-5.3,3,Hero,0.9968732992808024,0.9998868306477865
2739,-5.199999999999999,4.800000000000001,2,Villain,0.9940588474273682,0.9995218813419342
2740,4.300000000000001,-5.699999999999999,7,Hero,0.6675709762743541,0.9966484137943813
2741,3.7,-6.3,13,Hero,0.7080465601040766,0.999728629222283
2742,4.800000000000001,-5.199999999999999,2,Hero,0.6244868040084839,0.9999986886978149
2743,4.0,-6.0,10,Hero,0.8573819696903229,0.9999025762081146
2744,2.5999999999999996,-7.4,24,Hero,0.6781358470519384,0.9958962798118591
2745,2.8,-7.2,22,Hero,0.6524671627716585,0.9047994451089338
2746,3.2,-6.8,18,Hero,0.7283569677836366,0.9974170823891958
2747,3.8000000000000007,-6.199999999999999,12,Hero,0.8458272144198418,0.9940222005049387
2748,1.799999999999999,-8.200000000000001,32,Hero,0.7333810797972546,0.9698077738285065
2749,4.1000000000000005,-5.8999999999999995,9,Hero,0.6473367710908254,0.9981280366579691
2750,4.300000000000001,-5.699999999999999,7,Hero,0.9974728737558637,0.9998377817017692
2751,4.2,-5.8,8,Hero,0.7782422043383121,0.9983690977096558
2752,4.4,-5.6,6,Hero,0.7606147925059,0.9999822775522867
2753,4.4,-5.6,6,Hero,0.8018007278442383,0.999971866607666
2754,4.300000000000001,-5.699999999999999,7,Hero,0.99625506571361,0.999954104423523
2755,3.4000000000000004,-6.6,16,Hero,0.7685572225600481,0.9653992913663387
2756,3.6000000000000005,-6.3999999999999995,14,Hero,0.7006458576236453,0.86488069913217
2757,4.5,-5.5,5,Hero,0.6305535972118378,0.9999640226364136
2758,4.9,-5.1,1,Hero,0.43712118268013,0.9999934434890747
2759,3.9000000000000004,-6.1,11,Hero,0.7358975437554446,0.9997889670458707
2760,-5.1,4.9,1,Villain,0.9999978542327881,0.999890923500061
2761,1.899999999999999,-8.100000000000001,31,Hero,0.7914136768348755,0.9989441267905697
2762,1.799999999999999,-8.200000000000001,32,Hero,0.9195892822463065,0.9993390906602144
2763,3.3,-6.7,17,Hero,0.767756799564642,0.9996320745524239
2764,3.0999999999999996,-6.9,19,Hero,0.7576887254652224,0.9985912536319933
2765,3.0999999999999996,-6.9,19,Hero,0.7268521556336629,0.9976671589048285
2766,3.6000000000000005,-6.3999999999999995,14,Hero,0.7044752027307238,0.9982214655194964
2767,3.6000000000000005,-6.3999999999999995,14,Hero,0.8222181892820767,0.9963835946151188
2768,0.20000000000000107,-9.799999999999999,48,Hero,0.8605361748874808,0.9940368408958117
2769,4.1000000000000005,-5.8999999999999995,9,Hero,0.868109872771634,0.9993683298428854
2770,4.0,-6.0,10,Hero,0.6416826918721199,0.9935816705226899
2771,3.2,-6.8,18,Hero,0.6583811690409979,0.8313578450017505
2772,4.9,-5.1,1,Hero,0.9942581653594971,0.9992783665657043
2773,4.0,-6.0,10,Hero,0.9435871183872223,0.9987397193908691
2774,2.5999999999999996,-7.4,24,Hero,0.7099323219930133,0.9914548272887865
2775,3.4000000000000004,-6.6,16,Hero,0.7175214868038893,0.9846204780042171
2776,4.300000000000001,-5.699999999999999,7,Hero,0.8044129184314183,0.9981533203806195
2777,3.0999999999999996,-6.9,19,Hero,0.6145567862611068,0.9727383695150676
2778,4.1000000000000005,-5.8999999999999995,9,Hero,0.7368893374999365,0.9990781280729506
2779,4.0,-6.0,10,Hero,0.7079233527183533,0.9996281027793884
2780,4.4,-5.6,6,Hero,0.6707280973593394,0.9999953111012777
2781,4.2,-5.8,8,Hero,0.7113006561994553,0.8741975761950016
2782,4.0,-6.0,10,Hero,0.771797040104866,0.9877102434635162
2783,4.2,-5.8,8,Hero,0.8532335609197617,0.9933715462684631
2784,4.5,-5.5,5,Hero,0.850464689731598,0.9996420979499817
2785,4.800000000000001,-5.199999999999999,2,Hero,0.9794645309448242,0.9999704360961914
2786,4.6000000000000005,-5.3999999999999995,4,Hero,0.6898120120167732,0.9909538477659225
2787,3.8000000000000007,-6.199999999999999,12,Hero,0.7502432453135649,0.9930708756049474
2788,4.4,-5.6,6,Hero,0.6309255311886469,0.9999847412109375
2789,4.5,-5.5,5,Hero,0.7514284789562226,0.9999843120574952
2790,3.2,-6.8,18,Hero,0.7234514902035395,0.9384565659695201
2791,4.5,-5.5,5,Hero,0.9977956771850586,0.9996174812316895
2792,4.5,-5.5,5,Hero,0.7411259293556214,0.9998354434967041
2793,3.8000000000000007,-6.199999999999999,12,Hero,0.7082664084931215,0.9438367088635763
2794,3.8000000000000007,-6.199999999999999,12,Hero,0.7162788485487303,0.999179427822431
2795,4.1000000000000005,-5.8999999999999995,9,Hero,0.810626831319597,0.9997032284736633
2796,4.0,-6.0,10,Hero,0.6737636625766754,0.9992103576660156
2797,3.3,-6.7,17,Hero,0.632248452919371,0.8400652040453518
2798,-5.1,4.9,1,Villain,0.9928431510925293,0.9978222846984863
2799,3.4000000000000004,-6.6,16,Hero,0.5087207867763937,0.9056118158623576
2800,3.8000000000000007,-6.199999999999999,12,Hero,0.6774716936051846,0.9883716056744257
2801,3.8000000000000007,-6.199999999999999,12,Hero,0.5980316748221716,0.9983287851015726
2802,4.300000000000001,-5.699999999999999,7,Hero,0.6242758972304208,0.9995090450559344
2803,3.0999999999999996,-6.9,19,Hero,0.6676900269169557,0.8269571356083217
2804,4.300000000000001,-5.699999999999999,7,Hero,0.5927113422325679,0.9959485616002764
2805,4.4,-5.6,6,Hero,0.9095031420389811,0.9999025464057922
2806,0.40000000000000036,-9.6,46,Hero,0.7693418165587861,0.954599265312857
2807,4.300000000000001,-5.699999999999999,7,Hero,0.7266038187912532,0.9999567014830453
2808,-5.3999999999999995,4.6000000000000005,4,Villain,0.8322160989046097,0.9976024627685547
2809,4.4,-5.6,6,Hero,0.6514735221862793,0.9997113347053528
2810,3.6000000000000005,-6.3999999999999995,14,Hero,0.7744516293917384,0.8505598072494779
2811,4.7,-5.3,3,Hero,0.7168581386407217,0.9999756415685018
2812,3.6000000000000005,-6.3999999999999995,14,Hero,0.7673898317984172,0.8895788150174277
2813,3.7,-6.3,13,Hero,0.6753577223190894,0.8438985336285371
2814,3.2,-6.8,18,Hero,0.6455718411339654,0.7992068727811178
2815,4.300000000000001,-5.699999999999999,7,Hero,0.7433868178299495,0.9910820722579956
2816,2.6999999999999997,-7.300000000000001,23,Hero,0.6553202088436355,0.9217596779698911
2817,3.3,-6.7,17,Hero,0.7125301347935901,0.9901417143204633
2818,3.6000000000000005,-6.3999999999999995,14,Hero,0.7131026749100003,0.964233011007309
2819,4.6000000000000005,-5.3999999999999995,4,Hero,0.5755143370479345,0.9999952018260956
2820,3.8000000000000007,-6.199999999999999,12,Hero,0.6746477658549944,0.8414576599995295
2821,4.6000000000000005,-5.3999999999999995,4,Hero,0.9939036518335342,0.9998101145029068
2822,3.6000000000000005,-6.3999999999999995,14,Hero,0.735704450735024,0.6729950532317162
2823,4.5,-5.5,5,Hero,0.5758147180080414,0.9999831676483154
2824,3.8000000000000007,-6.199999999999999,12,Hero,0.7334387594213089,0.970266247789065
2825,4.5,-5.5,5,Hero,0.9963282465934753,0.9999386072158813
2826,-7.5,2.4999999999999996,25,Villain,0.761244524717331,0.8409031169861555
2827,3.9000000000000004,-6.1,11,Hero,0.7303188416090879,0.7867539497939023
2828,4.2,-5.8,8,Hero,0.7814784944057465,0.9939912483096123
2829,4.4,-5.6,6,Hero,0.9871419469515482,0.9993516107400259
2830,3.6000000000000005,-6.3999999999999995,14,Hero,0.7935767131192344,0.6649467580552612
2831,4.4,-5.6,6,Hero,0.7844895273447037,0.9997517565886179
2832,4.2,-5.8,8,Hero,0.8059185724705458,0.9870093986392021
2833,4.1000000000000005,-5.8999999999999995,9,Hero,0.6254317611455917,0.9980024033122592
2834,3.3,-6.7,17,Hero,0.7237015068531036,0.8460519085912144
2835,3.4000000000000004,-6.6,16,Hero,0.6632647030055523,0.8491587257012725
2836,-5.8,4.2,8,Villain,0.7900224067270756,0.7680177967995405
2837,4.5,-5.5,5,Hero,0.9874668478965759,0.9999006152153015
2838,4.0,-6.0,10,Hero,0.8602540791034698,0.9647602617740632
2839,-5.3999999999999995,4.6000000000000005,4,Villain,0.6202476881444454,0.9978056252002716
2840,3.5,-6.5,15,Hero,0.7390954573949178,0.7603930373986562
2841,4.5,-5.5,5,Hero,0.6946096301078797,0.7644554853439331
2842,4.4,-5.6,6,Hero,0.5475707476337751,0.998112698396047
2843,4.7,-5.3,3,Hero,0.9956233302752177,0.9999935626983643
2844,-5.3,4.7,3,Villain,0.9565939903259277,0.7337618072827657
2845,-5.6,4.4,6,Villain,0.9746630986531576,0.6845130225022634
2846,4.4,-5.6,6,Hero,0.5612679546078047,0.9987512826919556
2847,4.2,-5.8,8,Hero,0.8250408694148064,0.981111578643322
2848,4.2,-5.8,8,Hero,0.8935997132211924,0.9959364235401154
2849,4.300000000000001,-5.699999999999999,7,Hero,0.9993796178272792,0.9985792125974383
2850,2.6999999999999997,-7.300000000000001,23,Hero,0.6584976108177848,0.9049271915269934
2851,4.0,-6.0,10,Hero,0.8710754722356796,0.9981156349182129
2852,4.5,-5.5,5,Hero,0.997311806678772,0.9851744651794434
2853,4.0,-6.0,10,Hero,0.6886153995990754,0.9726090848445892
2854,4.300000000000001,-5.699999999999999,7,Hero,0.6814988617386136,0.9999877384730748
2855,-5.6,4.4,6,Villain,0.8015762865543365,0.999286949634552
2856,4.0,-6.0,10,Hero,0.9177769362926483,0.9785852313041687
2857,4.4,-5.6,6,Hero,0.825060116748015,0.9982252021630605
2858,-6.7,3.3,17,Villain,0.7698394331861945,0.8436048416530385
2859,3.8000000000000007,-6.199999999999999,12,Hero,0.8074639948705832,0.9917143980662028
2860,4.4,-5.6,6,Hero,0.6330294435222944,0.9998615185419718
2861,4.6000000000000005,-5.3999999999999995,4,Hero,0.6814485117793083,0.9999872148036957
2862,4.0,-6.0,10,Hero,0.7452403843402863,0.9922881782054901
2863,3.6000000000000005,-6.3999999999999995,14,Hero,0.8023585748991796,0.6973216858293328
2864,4.4,-5.6,6,Hero,0.7935161789258321,0.9566426475842794
2865,3.8000000000000007,-6.199999999999999,12,Hero,0.6542715753118197,0.8291290463336433
2866,4.4,-5.6,6,Hero,0.9866705040136973,0.9998010198275248
2867,4.0,-6.0,10,Hero,0.8510473191738128,0.8225896254181861
2868,-5.3,4.7,3,Villain,0.9997676809628805,0.9993385871251425
2869,3.5,-6.5,15,Hero,0.6896292785803477,0.8563946664333344
2870,4.0,-6.0,10,Hero,0.8796391248703003,0.9812351286411285
2871,3.6000000000000005,-6.3999999999999995,14,Hero,0.7319368230445045,0.8402186813099044
2872,3.8000000000000007,-6.199999999999999,12,Hero,0.7648855273922285,0.7365718937168518
2873,-5.199999999999999,4.800000000000001,2,Villain,0.9999990463256836,0.9977451264858246
2874,4.1000000000000005,-5.8999999999999995,9,Hero,0.9223446117507087,0.8154564400513967
2875,4.2,-5.8,8,Hero,0.7735368236899376,0.9998653382062912
2876,3.9000000000000004,-6.1,11,Hero,0.8012481711127541,0.8103833252733404
2877,-5.8,4.2,8,Villain,0.9962796345353127,0.9970696792006493
2878,4.300000000000001,-5.699999999999999,7,Hero,0.7423650217907769,0.7105886579624244
2879,4.4,-5.6,6,Hero,0.8306814109285673,0.8304308168590069
2880,3.5,-6.5,15,Hero,0.6454592107174297,0.9005903363227844
2881,3.6000000000000005,-6.3999999999999995,14,Hero,0.6711846941283771,0.8766696282795498
2882,4.300000000000001,-5.699999999999999,7,Hero,0.714037550347192,0.9229654329163688
2883,4.800000000000001,-5.199999999999999,2,Hero,0.9254273474216461,0.9993961155414581
2884,4.2,-5.8,8,Hero,0.7938917391002178,0.9981003180146217
2885,4.1000000000000005,-5.8999999999999995,9,Hero,0.8555872109201219,0.8649041350517008
2886,3.7,-6.3,13,Hero,0.7197227936524612,0.8777872690787683
2887,4.0,-6.0,10,Hero,0.7490497544407845,0.8726483523845673
2888,-6.1,3.9000000000000004,11,Villain,0.6355944289402529,0.705894726243886
2889,3.6000000000000005,-6.3999999999999995,14,Hero,0.7013574032379049,0.847070017031261
2890,4.5,-5.5,5,Hero,0.7986911177635193,0.9998461008071899
2891,-5.8,4.2,8,Villain,0.8147707972675562,0.9999195709824562
2892,4.5,-5.5,5,Hero,0.3170165866613388,0.7973795457743108
2893,3.6000000000000005,-6.3999999999999995,14,Hero,0.7622658865792411,0.8819997587374279
2894,4.300000000000001,-5.699999999999999,7,Hero,0.909257071358817,0.9998868192945208
2895,-5.199999999999999,4.800000000000001,2,Villain,0.9986234605312347,0.5220401585102081
2896,3.9000000000000004,-6.1,11,Hero,0.8549386262893677,0.8068418949842453
2897,3.8000000000000007,-6.199999999999999,12,Hero,0.7128750955065092,0.7093631767978271
2898,3.7,-6.3,13,Hero,0.8133336901664734,0.8842421093812356
2899,4.800000000000001,-5.199999999999999,2,Hero,0.6838695406913757,0.9997596144676208
2900,3.7,-6.3,13,Hero,0.7009187088562892,0.8060308075868167
2901,4.1000000000000005,-5.8999999999999995,9,Hero,0.7637365170651012,0.835910568634669
2902,3.7,-6.3,13,Hero,0.6952553070508517,0.7429806188895152
2903,4.800000000000001,-5.199999999999999,2,Hero,0.6732990741729736,0.9999096393585205
2904,4.800000000000001,-5.199999999999999,2,Hero,0.8349619805812836,0.5070908600464463
2905,3.6000000000000005,-6.3999999999999995,14,Hero,0.6252080303217683,0.6867125140769141
2906,4.1000000000000005,-5.8999999999999995,9,Hero,0.7397514250543382,0.7396983040703667
2907,4.2,-5.8,8,Hero,0.6538096601143479,0.8543607369065285
2908,4.5,-5.5,5,Hero,0.5754483580589295,0.9927493929862976
2909,3.7,-6.3,13,Hero,0.7882533692396604,0.821782727081042
2910,-6.0,4.0,10,Villain,0.701269680261612,0.9106169819831849
2911,4.0,-6.0,10,Hero,0.824637109041214,0.9640239834785461
2912,4.0,-6.0,10,Hero,0.7943701952695846,0.769798569381237
2913,4.7,-5.3,3,Hero,0.9069091478983561,0.9953005512555441
2914,4.5,-5.5,5,Hero,0.647354245185852,0.7549045085906982
2915,3.6000000000000005,-6.3999999999999995,14,Hero,0.7691103688308171,0.760490852275065
2916,3.3,-6.7,17,Hero,0.6922477904488059,0.7389215677976608
2917,4.0,-6.0,10,Hero,0.7321096926927566,0.7868339359760285
2918,3.6000000000000005,-6.3999999999999995,14,Hero,0.6421547446932111,0.7216689703719956
2919,-5.6,4.4,6,Villain,0.7150745441516241,0.9338018894195557
2920,4.300000000000001,-5.699999999999999,7,Hero,0.9018620848655701,0.8604330345988274
2921,-5.1,4.9,1,Villain,0.8288905024528503,0.003795706434175372
2922,3.6000000000000005,-6.3999999999999995,14,Hero,0.7232452391513756,0.7409656409706388
2923,4.5,-5.5,5,Hero,0.7099073231220245,0.98885098695755
2924,3.6000000000000005,-6.3999999999999995,14,Hero,0.707649685974632,0.8354813797133309
2925,-5.5,4.5,5,Villain,0.7776322532445192,0.7808570027351379
2926,4.4,-5.6,6,Hero,0.9898746212323507,0.9920388162136078
2927,4.300000000000001,-5.699999999999999,7,Hero,0.9321111610957554,0.9436442000525338
2928,3.8000000000000007,-6.199999999999999,12,Hero,0.7672483548521996,0.8689438675840696
2929,4.9,-5.1,1,Hero,0.5862213969230652,0.9966152310371399
2930,4.6000000000000005,-5.3999999999999995,4,Hero,0.5584345338866115,0.9930985569953918
2931,-5.1,4.9,1,Villain,0.9962284564971924,0.969048798084259
2932,3.9000000000000004,-6.1,11,Hero,0.7440280582417141,0.8042404787106947
2933,4.9,-5.1,1,Hero,0.9864631295204163,0.9849187135696411
2934,4.5,-5.5,5,Hero,0.7988356828689576,0.9983423233032227
2935,4.2,-5.8,8,Hero,0.7521846890449524,0.732698742300272
2936,4.5,-5.5,5,Hero,0.9944012641906739,0.9739587903022766
2937,-5.699999999999999,4.300000000000001,7,Villain,0.7756386867591313,0.9062130536351886
2938,4.7,-5.3,3,Hero,0.9937541286150614,0.9138538638750712
2939,-5.6,4.4,6,Villain,0.9969673554102579,0.9750253856182098
2940,-5.3,4.7,3,Villain,0.6535329346855482,0.7671734293301901
2941,4.300000000000001,-5.699999999999999,7,Hero,0.7939495870045253,0.6714343513761248
2942,-5.5,4.5,5,Villain,0.7653608232736587,0.9636555075645447
2943,3.2,-6.8,18,Hero,0.7102339255313078,0.7601783316996362
2944,-7.1,2.9,21,Villain,0.6381189989901724,0.6898292139882133
2945,2.8,-7.2,22,Hero,0.6804328997704115,0.7515871998938647
2946,4.9,-5.1,1,Hero,0.9944517016410828,1.0
2947,3.3,-6.7,17,Hero,0.6293116939418456,0.8338923839961782
2948,-5.3999999999999995,4.6000000000000005,4,Villain,0.40718449652194977,0.9985740184783936
2949,-4.999999999999998,-4.999999999999998,50,None,0.5601111453771591,0.5938026159908623
2950,3.9000000000000004,-6.1,11,Hero,0.6030409471555189,0.7834896831349893
2951,-4.999999999999998,-4.999999999999998,50,None,0.5837076762318612,0.7377535426616668
2952,3.0,-7.0,20,Hero,0.5464259769767523,0.7179803654551506
2953,4.0,-6.0,10,Hero,0.5468252956867218,0.8702187448740005
2954,1.5999999999999988,-8.400000000000002,34,Hero,0.7462506739093977,0.8761446739081293
2955,-5.6,4.4,6,Villain,0.5105290735761324,0.9996702373027802
2956,-9.6,0.40000000000000036,46,Villain,0.5732492312141086,0.8879752128344515
2957,-4.999999999999998,-4.999999999999998,50,None,0.5589068526029587,0.7209432283043862
2958,-9.999999999999998,1.7763568394002505e-15,50,Villain,0.5348830948024988,0.6720686708204449
2959,-4.999999999999998,-4.999999999999998,50,None,0.4909905096888542,0.5758225038647652
2960,3.4000000000000004,-6.6,16,Hero,0.7699239840731025,0.907139390707016
2961,-4.999999999999998,-4.999999999999998,50,None,0.5567373341321945,0.7238294091820717
2962,-4.999999999999998,-4.999999999999998,50,None,0.5900857501104474,0.7243152867257595
2963,-4.999999999999998,-4.999999999999998,50,None,0.5280012043192983,0.6931762807071209
2964,3.3,-6.7,17,Hero,0.7198086670216393,0.8245352594291463
2965,3.6000000000000005,-6.3999999999999995,14,Hero,0.7397566022617477,0.7614263466426304
2966,-4.999999999999998,-4.999999999999998,50,None,0.535452074110508,0.6603664138913155
2967,3.2,-6.8,18,Hero,0.6328012641105387,0.8377143525414996
2968,4.1000000000000005,-5.8999999999999995,9,Hero,0.6523313522338867,0.993476026588016
2969,2.4999999999999996,-7.5,25,Hero,0.539674945473671,0.7570095206797123
2970,-4.999999999999998,-4.999999999999998,50,None,0.5529674497246743,0.7374310636520386
2971,2.8,-7.2,22,Hero,0.5703076374801722,0.7777647660537199
2972,-5.5,4.5,5,Villain,0.678722083568573,0.9993920683860779
2973,4.0,-6.0,10,Hero,0.7753903985023498,0.8206324998289347
2974,3.8000000000000007,-6.199999999999999,12,Hero,0.6478869431108857,0.7676291912794113
2975,-5.1,4.9,1,Villain,0.09952390938997269,0.9926612377166748
2976,3.7,-6.3,13,Hero,0.7223289712117269,0.7135970328862851
2977,-4.999999999999998,-4.999999999999998,50,None,0.7677386638522148,0.6639235240221023
2978,4.6000000000000005,-5.3999999999999995,4,Hero,0.9673445075750351,0.999955952167511
2979,-4.999999999999998,-4.999999999999998,50,None,0.602393444776535,0.7659566930274013
2980,-4.999999999999998,-4.999999999999998,50,None,0.8540176028013229,0.710267045199871
2981,-4.999999999999998,-4.999999999999998,50,None,0.558957200050354,0.9850432133674621
2982,4.9,-5.1,1,Hero,0.9842135906219482,1.0
2983,4.6000000000000005,-5.3999999999999995,4,Hero,0.8057820051908493,0.9810974895954132
2984,4.1000000000000005,-5.8999999999999995,9,Hero,0.6068452098406851,0.9931033452351888
2985,-4.999999999999998,-4.999999999999998,50,None,0.6285893647372722,0.6817460274789482
2986,4.2,-5.8,8,Hero,0.978608213365078,0.8650479353964329
2987,3.5,-6.5,15,Hero,0.7141081489156932,0.7629106541474661
2988,-4.999999999999998,-4.999999999999998,50,None,0.5723283081315458,0.6379616165161133
2989,3.4000000000000004,-6.6,16,Hero,0.6395772472023964,0.7923424532637
2990,-5.1,4.9,1,Villain,0.6998687982559204,0.9985350370407104
2991,3.9000000000000004,-6.1,11,Hero,0.7234909209338102,0.9179444475607439
2992,4.1000000000000005,-5.8999999999999995,9,Hero,0.8990556399027506,0.9966259532504611
2993,-4.999999999999998,-4.999999999999998,50,None,0.724203218370676,0.5671983209252357
2994,0.7999999999999989,-9.200000000000001,42,Hero,0.6950405345165304,0.6159226499231798
2995,-4.999999999999998,-4.999999999999998,50,None,0.8629392415285111,0.9998559761047363
2996,-4.999999999999998,-4.999999999999998,50,None,0.958911740379408,0.9993821799755096
2997,-4.999999999999998,-4.999999999999998,50,None,0.906676784902811,0.6978546367725358
2998,4.2,-5.8,8,Hero,0.7022504545748234,0.9077762588858604
2999,-4.999999999999998,-4.999999999999998,50,None,0.9179834168544039,0.7116995185613633
3000,-8.400000000000002,1.5999999999999988,34,Villain,0.5658479753662559,0.7292245293364805
