episode,hero_reward,villain_reward,steps,winner,hero_avg_prob,villain_avg_prob
1,-4.999999999999998,-4.999999999999998,50,None,0.4980529177933931,0.48583411261439324
2,-4.999999999999998,-4.999999999999998,50,None,0.634886320233345,0.489937557131052
3,-4.999999999999998,-4.999999999999998,50,None,0.5544938814267516,0.5138387611508369
4,-4.999999999999998,-4.999999999999998,50,None,0.3875335098803043,0.5157277257554234
5,-4.999999999999998,-4.999999999999998,50,None,0.38391420044004915,0.5106819067150354
6,-4.999999999999998,-4.999999999999998,50,None,0.31848249942064283,0.625549035128206
7,-4.999999999999998,-4.999999999999998,50,None,0.370137457549572,0.5863763177394867
8,-5.1,4.9,1,Villain,0.17100757360458374,0.5283459424972534
9,-6.5,3.5,15,Villain,0.4340211401383082,0.3408101320266724
10,-4.999999999999998,-4.999999999999998,50,None,0.5246356746554375,0.5603160632029176
11,-4.999999999999998,-4.999999999999998,50,None,0.343981851786375,0.5484717458859086
12,-4.999999999999998,-4.999999999999998,50,None,0.4974951982498169,0.6398332659900189
13,-6.5,3.5,15,Villain,0.38213622371355693,0.7404822905858358
14,-4.999999999999998,-4.999999999999998,50,None,0.37681453555822375,0.6739146906277165
15,-7.4,2.5999999999999996,24,Villain,0.35942017287015915,0.3951707510277629
16,-4.999999999999998,-4.999999999999998,50,None,0.4114542753994465,0.7199489724170417
17,-4.999999999999998,-4.999999999999998,50,None,0.41896015278995036,0.7023028083145618
18,-4.999999999999998,-4.999999999999998,50,None,0.549291238123551,0.8803392654284835
19,-4.999999999999998,-4.999999999999998,50,None,0.35669255144894124,0.649960869513452
20,-4.999999999999998,-4.999999999999998,50,None,0.5896715076453983,0.8956697308272124
21,-4.999999999999998,-4.999999999999998,50,None,0.29513538762927055,0.7388156373798848
22,-9.999999999999998,1.7763568394002505e-15,50,Villain,0.30217468589544294,0.6451471032947302
23,-4.999999999999998,-4.999999999999998,50,None,0.5348795974813402,0.9145058654248714
24,-4.999999999999998,-4.999999999999998,50,None,0.3482613423466682,0.7669897167384625
25,-4.999999999999998,-4.999999999999998,50,None,0.29189099080860614,0.5953975373879075
26,-4.999999999999998,-4.999999999999998,50,None,0.6906096522882581,0.9241457014437765
27,-4.999999999999998,-4.999999999999998,50,None,0.4254695850610733,0.8451740696281195
28,-4.999999999999998,-4.999999999999998,50,None,0.4229575204104185,0.9127163314819335
29,-4.999999999999998,-4.999999999999998,50,None,0.6509388853609562,0.9322112658503465
30,-8.900000000000002,1.0999999999999983,39,Villain,0.38680958136534077,0.6307920588132663
31,-4.999999999999998,-4.999999999999998,50,None,0.47509056128561494,0.847116039916873
32,-4.999999999999998,-4.999999999999998,50,None,0.3708961906284094,0.5418735467642546
33,-7.1,2.9,21,Villain,0.42246352703798384,0.6502929285523438
34,-4.999999999999998,-4.999999999999998,50,None,0.47550211772322654,0.6592137318849564
35,-4.999999999999998,-4.999999999999998,50,None,0.4045337510108948,0.5086989453434945
36,-4.999999999999998,-4.999999999999998,50,None,0.54300138682127,0.5612252908945083
37,-4.999999999999998,-4.999999999999998,50,None,0.6008246497809887,0.7300256694108248
38,-5.8999999999999995,4.1000000000000005,9,Villain,0.6015772446990013,0.44604620420270497
39,-7.0,3.0,20,Villain,0.4751870147883892,0.4941204868257046
40,-4.999999999999998,-4.999999999999998,50,None,0.29878132939338686,0.42438403733074664
41,-4.999999999999998,-4.999999999999998,50,None,0.314928360581398,0.46794737614691256
42,-4.999999999999998,-4.999999999999998,50,None,0.2701679587364197,0.5893982250988483
43,-6.0,4.0,10,Villain,0.32077633440494535,0.39991250187158583
44,-5.3,4.7,3,Villain,0.2497585266828537,0.9175172448158264
45,-4.999999999999998,-4.999999999999998,50,None,0.43164213180541994,0.6332381370663643
46,-4.999999999999998,-4.999999999999998,50,None,0.27243199303746224,0.7183831479307264
47,-4.999999999999998,-4.999999999999998,50,None,0.3443560703098774,0.5641007281839847
48,-4.999999999999998,-4.999999999999998,50,None,0.3224012429267168,0.6932089832425118
49,-4.999999999999998,-4.999999999999998,50,None,0.30614623993635176,0.568684469461441
50,-4.999999999999998,-4.999999999999998,50,None,0.358759401217103,0.6334030678868294
51,-6.8,3.2,18,Villain,0.3299871124327183,0.44653480293022263
52,-4.999999999999998,-4.999999999999998,50,None,0.36542950600385665,0.5992222657799721
53,-4.999999999999998,-4.999999999999998,50,None,0.34987218111753465,0.786334579885006
54,-4.999999999999998,-4.999999999999998,50,None,0.8270943915471435,0.7531868669390679
55,-4.999999999999998,-4.999999999999998,50,None,0.35996474474668505,0.8571378236403688
56,-8.400000000000002,1.5999999999999988,34,Villain,0.3890877512886244,0.6234470329740468
57,-4.999999999999998,-4.999999999999998,50,None,0.2923718850314617,0.8436385913193226
58,-4.999999999999998,-4.999999999999998,50,None,0.27127656012773516,0.7688850860588718
59,-4.999999999999998,-4.999999999999998,50,None,0.3129880692064762,0.7654815296083689
60,-7.6000000000000005,2.3999999999999995,26,Villain,0.2632344846542065,0.38572521020586675
61,-8.200000000000001,1.799999999999999,32,Villain,0.34247598284855485,0.5153179790941067
62,-4.999999999999998,-4.999999999999998,50,None,0.41924867272377014,0.7881246358156204
63,-4.999999999999998,-4.999999999999998,50,None,0.30299589678645134,0.56535225212574
64,-4.999999999999998,-4.999999999999998,50,None,0.29234442494809626,0.47856516554951667
65,-4.999999999999998,-4.999999999999998,50,None,0.26347187370061875,0.5048373225331306
66,-6.8,3.2,18,Villain,0.3799266529579957,0.4115802055845658
67,-4.999999999999998,-4.999999999999998,50,None,0.292389258146286,0.6555909159779548
68,-4.999999999999998,-4.999999999999998,50,None,0.28047851234674454,0.5384621392353438
69,-7.0,3.0,20,Villain,0.2591178143396974,0.4540257092565298
70,-4.999999999999998,-4.999999999999998,50,None,0.33937009893357756,0.5799368537962437
71,-5.1,4.9,1,Villain,0.6471589803695679,0.22259944677352905
72,-4.999999999999998,-4.999999999999998,50,None,0.3804213643074036,0.6075707960128784
73,-4.999999999999998,-4.999999999999998,50,None,0.35499965347349643,0.7094755870103836
74,-4.999999999999998,-4.999999999999998,50,None,0.36877679623663423,0.8264324423670769
75,-4.999999999999998,-4.999999999999998,50,None,0.3972358098626137,0.8388451923429966
76,-4.999999999999998,-4.999999999999998,50,None,0.583132756203413,0.8684408923983574
77,-4.999999999999998,-4.999999999999998,50,None,0.5800911700725555,0.7345285600423813
78,-4.999999999999998,-4.999999999999998,50,None,0.462070194631815,0.8120629574358463
79,-4.999999999999998,-4.999999999999998,50,None,0.376929642111063,0.8861377331614494
80,-4.999999999999998,-4.999999999999998,50,None,0.3420831572264433,0.8294755809381604
81,-4.999999999999998,-4.999999999999998,50,None,0.30894606456160545,0.899436470977962
82,-4.999999999999998,-4.999999999999998,50,None,0.39703415483236315,0.936805128082633
83,-6.6,3.4000000000000004,16,Villain,0.3882203530520201,0.5536491037346423
84,-4.999999999999998,-4.999999999999998,50,None,0.6042368450760841,0.9402938941586763
85,-4.999999999999998,-4.999999999999998,50,None,0.3086640491336584,0.8681856283103115
86,-9.000000000000002,0.9999999999999982,40,Villain,0.3133207313716412,0.9644521586131305
87,-4.999999999999998,-4.999999999999998,50,None,0.6979978176951408,0.9386055469990242
88,-5.1,4.9,1,Villain,0.6384371519088745,0.9215073585510254
89,-4.999999999999998,-4.999999999999998,50,None,0.6029800180718303,0.9264701894298196
90,-4.999999999999998,-4.999999999999998,50,None,0.37392176404595373,0.9973421585559845
91,-6.0,4.0,10,Villain,0.47468376010656355,0.9985798120498657
92,-4.999999999999998,-4.999999999999998,50,None,0.5422529862821102,0.9933633553981781
93,-4.999999999999998,-4.999999999999998,50,None,0.3617671464383602,0.9016689880937337
94,-5.8999999999999995,4.1000000000000005,9,Villain,0.4249703271521462,0.998004416624705
95,-4.999999999999998,-4.999999999999998,50,None,0.44775793328881264,0.9532657941430807
96,-4.999999999999998,-4.999999999999998,50,None,0.6284730631858111,0.9936870419979096
97,4.5,-5.5,5,Hero,0.7865922331809998,0.9582073330879212
98,-4.999999999999998,-4.999999999999998,50,None,0.4855454533547163,0.9499459629878402
99,-4.999999999999998,-4.999999999999998,50,None,0.9865807235240937,0.9989862656593322
100,-4.999999999999998,-4.999999999999998,50,None,0.9684977913927287,0.9981471872329712
101,-4.999999999999998,-4.999999999999998,50,None,0.9721570324897766,0.9954233586788177
102,-4.999999999999998,-4.999999999999998,50,None,0.9976921737194061,0.9985161137580871
103,-4.999999999999998,-4.999999999999998,50,None,0.9978834700584411,0.9944927215576171
104,-4.999999999999998,-4.999999999999998,50,None,0.9948548436164856,0.8778705793619156
105,-4.999999999999998,-4.999999999999998,50,None,0.9714102380163968,0.9992820417881012
106,-4.999999999999998,-4.999999999999998,50,None,0.9993358540534973,0.9758915901184082
107,-5.3,4.7,3,Villain,0.9991872906684875,0.9990198413530985
108,-4.999999999999998,-4.999999999999998,50,None,0.9926702380180359,0.9981387412548065
109,-4.999999999999998,-4.999999999999998,50,None,0.9933841419219971,0.9709864366054535
110,-4.999999999999998,-4.999999999999998,50,None,0.992689858675003,0.9195204808562994
111,-4.999999999999998,-4.999999999999998,50,None,0.9994068086147309,0.99709135055542
112,-4.999999999999998,-4.999999999999998,50,None,0.9989526772499084,0.9916523027420044
113,-5.3999999999999995,4.6000000000000005,4,Villain,0.5636272802948952,0.9135243743658066
114,-4.999999999999998,-4.999999999999998,50,None,0.9727292141877115,0.9018509852513671
115,4.9,-5.1,1,Hero,0.9999895095825195,0.9788123965263367
116,-4.999999999999998,-4.999999999999998,50,None,0.9985978257656097,0.9473130583763123
117,-4.999999999999998,-4.999999999999998,50,None,0.9579003938566893,0.976979643884115
118,-4.999999999999998,-4.999999999999998,50,None,0.9982419562339783,0.9970300006866455
119,-4.999999999999998,-4.999999999999998,50,None,0.6213802087400109,0.9902973437309265
120,-4.999999999999998,-4.999999999999998,50,None,0.9746066317427904,0.9973604571819306
121,4.1000000000000005,-5.8999999999999995,9,Hero,0.9842839770846896,0.9766718082957797
122,4.800000000000001,-5.199999999999999,2,Hero,0.999965250492096,0.9113087058067322
123,-4.999999999999998,-4.999999999999998,50,None,0.9983789587020874,0.9433818914555013
124,-4.999999999999998,-4.999999999999998,50,None,0.9816544806957245,0.9917759251594543
125,-4.999999999999998,-4.999999999999998,50,None,0.9276503783371299,0.9977704048156738
126,-4.999999999999998,-4.999999999999998,50,None,0.7491589580290019,0.9524908163025976
127,-4.999999999999998,-4.999999999999998,50,None,0.9707014952600003,0.9996616148948669
128,-4.999999999999998,-4.999999999999998,50,None,0.8798582725692541,0.9983396816253662
129,4.9,-5.1,1,Hero,0.9995666146278381,0.9994704127311707
130,-4.999999999999998,-4.999999999999998,50,None,0.9915358579158783,0.9939968848228454
131,-4.999999999999998,-4.999999999999998,50,None,0.9794120983374888,0.8734109616279602
132,4.9,-5.1,1,Hero,0.9999865293502808,0.9567757844924927
133,-4.999999999999998,-4.999999999999998,50,None,0.9391815140098333,0.9945172560214997
134,-4.999999999999998,-4.999999999999998,50,None,0.873348873630166,0.974503926038742
135,-4.999999999999998,-4.999999999999998,50,None,0.9969299101829528,0.9537336821714416
136,-4.999999999999998,-4.999999999999998,50,None,0.9987630450725555,0.9967536008358002
137,-4.999999999999998,-4.999999999999998,50,None,0.9996842873096466,0.9727338919090107
138,-4.999999999999998,-4.999999999999998,50,None,0.9142514495551586,0.9981062114238739
139,-4.999999999999998,-4.999999999999998,50,None,0.9978141498565674,0.9991247510910034
140,4.1000000000000005,-5.8999999999999995,9,Hero,0.9969060288535224,0.9742292298210992
141,-4.999999999999998,-4.999999999999998,50,None,0.9514249672368169,0.9945776724815368
142,-4.999999999999998,-4.999999999999998,50,None,0.9986324453353882,0.9817030549049377
143,-4.999999999999998,-4.999999999999998,50,None,0.9786922633647919,0.9984268283843994
144,-4.999999999999998,-4.999999999999998,50,None,0.8609869835153222,0.9972941696643829
145,-4.999999999999998,-4.999999999999998,50,None,0.9285324938595295,0.989584778547287
146,-4.999999999999998,-4.999999999999998,50,None,0.9978272569179535,0.9995761251449585
147,-4.999999999999998,-4.999999999999998,50,None,0.9988174796104431,0.9995220935344696
148,-4.999999999999998,-4.999999999999998,50,None,0.9735508477594703,0.9993393218517304
149,-8.0,1.9999999999999991,30,Villain,0.3723396385709445,0.8704094073424736
150,-4.999999999999998,-4.999999999999998,50,None,0.9767735278839246,0.999314306974411
151,-5.3999999999999995,4.6000000000000005,4,Villain,0.6833289116621017,0.9838775098323822
152,-4.999999999999998,-4.999999999999998,50,None,0.9778504142421298,0.9059752329159528
153,-4.999999999999998,-4.999999999999998,50,None,0.9800428009033203,0.9714411684731021
154,-4.999999999999998,-4.999999999999998,50,None,0.9678020546212792,0.9907572829723358
155,-4.999999999999998,-4.999999999999998,50,None,0.630285639166832,0.9762178252404555
156,4.7,-5.3,3,Hero,0.9844347834587097,0.9957088629404703
157,-4.999999999999998,-4.999999999999998,50,None,0.7632240149378776,0.9602778291702271
158,-4.999999999999998,-4.999999999999998,50,None,0.7067035074159503,0.9409042657725513
159,-4.999999999999998,-4.999999999999998,50,None,0.8135832733288407,0.9658224137872458
160,-4.999999999999998,-4.999999999999998,50,None,0.93103118121624,0.997387272119522
161,-4.999999999999998,-4.999999999999998,50,None,0.7959309368394315,0.9016193596273661
162,-4.999999999999998,-4.999999999999998,50,None,0.7180718618631363,0.9137376514077187
163,-4.999999999999998,-4.999999999999998,50,None,0.794894677400589,0.9994541621208191
164,-4.999999999999998,-4.999999999999998,50,None,0.9607543340325355,0.9670918536186218
165,-4.999999999999998,-4.999999999999998,50,None,0.8207008207589388,0.8375239934027195
166,-4.999999999999998,-4.999999999999998,50,None,0.777280365973711,0.8870383405685425
167,-4.999999999999998,-4.999999999999998,50,None,0.943534550704062,0.8934893229231239
168,-4.999999999999998,-4.999999999999998,50,None,0.6953874027729035,0.9042732323333621
169,-4.999999999999998,-4.999999999999998,50,None,0.8934366837143898,0.8577727029472589
170,-4.999999999999998,-4.999999999999998,50,None,0.8001234080363065,0.9963834977149963
171,-4.999999999999998,-4.999999999999998,50,None,0.8458797204494476,0.9630528390407562
172,-4.999999999999998,-4.999999999999998,50,None,0.9700382232666016,0.8881220034509897
173,-4.999999999999998,-4.999999999999998,50,None,0.7636775717884302,0.8690476779732853
174,-5.8999999999999995,4.1000000000000005,9,Villain,0.26404178473684525,0.41692231181595063
175,-4.999999999999998,-4.999999999999998,50,None,0.9118018043041229,0.7833905988931655
176,-4.999999999999998,-4.999999999999998,50,None,0.8562155306339264,0.9981705904006958
177,-5.3999999999999995,4.6000000000000005,4,Villain,0.8842238932847977,0.9826996326446533
178,3.9000000000000004,-6.1,11,Hero,0.8007481576959518,0.7499817095019601
179,-4.999999999999998,-4.999999999999998,50,None,0.49902908120304346,0.9921751153469086
180,-4.999999999999998,-4.999999999999998,50,None,0.6306239283084869,0.9160255715250969
181,-4.999999999999998,-4.999999999999998,50,None,0.6096117109060287,0.9919971799850464
182,-4.999999999999998,-4.999999999999998,50,None,0.982275003194809,0.9676081028580665
183,-5.3,4.7,3,Villain,0.9138415455818176,0.9976640144983927
184,-4.999999999999998,-4.999999999999998,50,None,0.8606207406893372,0.9139265253394843
185,-4.999999999999998,-4.999999999999998,50,None,0.5471449866145849,0.6863676968216896
186,-4.999999999999998,-4.999999999999998,50,None,0.6795711965858936,0.7920240024477243
187,-4.999999999999998,-4.999999999999998,50,None,0.8597910833358765,0.7567267479375005
188,-4.999999999999998,-4.999999999999998,50,None,0.6165318511426449,0.9384076499938965
189,-4.999999999999998,-4.999999999999998,50,None,0.5273742777109146,0.8239890834689141
190,-5.8,4.2,8,Villain,0.6789245847612619,0.845639017643407
191,-4.999999999999998,-4.999999999999998,50,None,0.9957337641716003,0.9255680945515633
192,-4.999999999999998,-4.999999999999998,50,None,0.8294256442785263,0.7040315746515989
193,0.3000000000000007,-9.7,47,Hero,0.637914420640532,0.8643657856799186
194,4.1000000000000005,-5.8999999999999995,9,Hero,0.4512433707714081,0.989126635922326
195,-4.999999999999998,-4.999999999999998,50,None,0.5697956835851073,0.6256821574270726
196,-4.999999999999998,-4.999999999999998,50,None,0.7180699217319488,0.7107257021218538
197,-4.999999999999998,-4.999999999999998,50,None,0.7508764254301786,0.8974864806234837
198,-4.999999999999998,-4.999999999999998,50,None,0.9136391847580672,0.9916921615600586
199,-4.999999999999998,-4.999999999999998,50,None,0.7803250094503165,0.8618034790456295
200,-4.999999999999998,-4.999999999999998,50,None,0.7480056875571609,0.8718164032697677
201,-4.999999999999998,-4.999999999999998,50,None,0.7537564028799534,0.9681371839344501
202,4.800000000000001,-5.199999999999999,2,Hero,0.9999375939369202,0.9823324084281921
203,-4.999999999999998,-4.999999999999998,50,None,0.5358844780921936,0.9549714994430542
204,-4.999999999999998,-4.999999999999998,50,None,0.6721147342771292,0.794383134022355
205,-4.999999999999998,-4.999999999999998,50,None,0.7191767752170563,0.782586926072836
206,-4.999999999999998,-4.999999999999998,50,None,0.8613994458504021,0.8109546613693237
207,4.9,-5.1,1,Hero,0.9999349117279053,0.9880272150039673
208,-4.999999999999998,-4.999999999999998,50,None,0.9275343219935894,0.9965500712394715
209,-9.000000000000002,0.9999999999999982,40,Villain,0.903711385873612,0.4833772586658597
210,-4.999999999999998,-4.999999999999998,50,None,0.8010111093521118,0.997998878955841
211,-4.999999999999998,-4.999999999999998,50,None,0.8130127202626318,0.803185466825962
212,-4.999999999999998,-4.999999999999998,50,None,0.7556522463262081,0.9863990044593811
213,-4.999999999999998,-4.999999999999998,50,None,0.6324690432846546,0.8629736271500588
214,-4.999999999999998,-4.999999999999998,50,None,0.9971808075904847,0.9969591069221496
215,-4.999999999999998,-4.999999999999998,50,None,0.6595869338512421,0.7788892987370492
216,-4.999999999999998,-4.999999999999998,50,None,0.9402526322752237,0.9901229059696197
217,-4.999999999999998,-4.999999999999998,50,None,0.7357997020334005,0.9908533728122711
218,-4.999999999999998,-4.999999999999998,50,None,0.5921451596915722,0.7955693357624114
219,-4.999999999999998,-4.999999999999998,50,None,0.9960971629619598,0.9482793311309069
220,-4.999999999999998,-4.999999999999998,50,None,0.9911603391170501,0.9638586670160294
221,4.4,-5.6,6,Hero,0.999444435040156,0.9586478968461355
222,-4.999999999999998,-4.999999999999998,50,None,0.7760976711288095,0.8435978445410729
223,-4.999999999999998,-4.999999999999998,50,None,0.747683140784502,0.8113850962370635
224,4.2,-5.8,8,Hero,0.9899287447333336,0.8619197700172663
225,-4.999999999999998,-4.999999999999998,50,None,0.7334313458204269,0.9880665647983551
226,-4.999999999999998,-4.999999999999998,50,None,0.6780476049333811,0.8315069457888603
227,4.0,-6.0,10,Hero,0.7982368603348732,0.8190874740481376
228,-4.999999999999998,-4.999999999999998,50,None,0.680038510710001,0.8834447073936462
229,-4.999999999999998,-4.999999999999998,50,None,0.891356762163341,0.9841747629642487
230,-4.999999999999998,-4.999999999999998,50,None,0.8130937713384628,0.9596219152864068
231,-4.999999999999998,-4.999999999999998,50,None,0.7116559609770775,0.9425615265779197
232,-5.8999999999999995,4.1000000000000005,9,Villain,0.6706065750784345,0.6802547441588508
233,-4.999999999999998,-4.999999999999998,50,None,0.5628239551186561,0.7685336291790008
234,-4.999999999999998,-4.999999999999998,50,None,0.7007501413859427,0.9886977362632752
235,4.9,-5.1,1,Hero,0.999413013458252,0.9529968500137329
236,-4.999999999999998,-4.999999999999998,50,None,0.5598991907387972,0.7189129360020161
237,-4.999999999999998,-4.999999999999998,50,None,0.8971644549444318,0.984777684211731
238,-4.999999999999998,-4.999999999999998,50,None,0.7652113680914044,0.8516053478606045
239,-4.999999999999998,-4.999999999999998,50,None,0.5273111633211375,0.621235658749938
240,-4.999999999999998,-4.999999999999998,50,None,0.9804728746414184,0.9656658518128097
241,-4.999999999999998,-4.999999999999998,50,None,0.7289750868082047,0.9917340552806855
242,4.9,-5.1,1,Hero,0.8574731945991516,0.995404839515686
243,-4.999999999999998,-4.999999999999998,50,None,0.7885117239505053,0.9537067997455597
244,-4.999999999999998,-4.999999999999998,50,None,0.940962266754359,0.9415771952271461
245,-4.999999999999998,-4.999999999999998,50,None,0.9300121247023344,0.9742130553722381
246,-4.999999999999998,-4.999999999999998,50,None,0.9674347001221031,0.9640044256113469
247,-4.999999999999998,-4.999999999999998,50,None,0.6768470266461373,0.9182720372453332
248,-4.999999999999998,-4.999999999999998,50,None,0.968780306018889,0.9826206183433532
249,-5.8,4.2,8,Villain,0.5984738802071661,0.661451218649745
250,-4.999999999999998,-4.999999999999998,50,None,0.7178046758472919,0.9478457647003233
251,-4.999999999999998,-4.999999999999998,50,None,0.9022008873894811,0.9409723109006882
252,-4.999999999999998,-4.999999999999998,50,None,0.7640828010439873,0.9809385800361633
253,-4.999999999999998,-4.999999999999998,50,None,0.9980466914176941,0.96969451546669
254,-4.999999999999998,-4.999999999999998,50,None,0.9419001944363117,0.9508974453806878
255,4.9,-5.1,1,Hero,0.9999897480010986,0.9700499773025513
256,-4.999999999999998,-4.999999999999998,50,None,0.9946367692947388,0.9817248737812042
257,-4.999999999999998,-4.999999999999998,50,None,0.8244765583053231,0.9549395552277565
258,4.800000000000001,-5.199999999999999,2,Hero,0.9999713897705078,0.9458533823490143
259,-5.8999999999999995,4.1000000000000005,9,Villain,0.6852186984486051,0.9725762142075433
260,-4.999999999999998,-4.999999999999998,50,None,0.9554806235898287,0.968274495601654
261,-5.8,4.2,8,Villain,0.5617297552525997,0.9454251751303673
262,-4.999999999999998,-4.999999999999998,50,None,0.7629603835195303,0.9422454470023512
263,-6.3999999999999995,3.6000000000000005,14,Villain,0.4888769430773599,0.573977815253394
264,-4.999999999999998,-4.999999999999998,50,None,0.9176862335205078,0.9450124284625053
265,-4.999999999999998,-4.999999999999998,50,None,0.8605053143575787,0.9898091590404511
266,-6.3,3.7,13,Villain,0.718521372630046,0.6466197921679571
267,-4.999999999999998,-4.999999999999998,50,None,0.9738946962822229,0.9955946600437164
268,-4.999999999999998,-4.999999999999998,50,None,0.8241972334682941,0.9539703111350536
269,-4.999999999999998,-4.999999999999998,50,None,0.9477061613555997,0.9805922436714173
270,-4.999999999999998,-4.999999999999998,50,None,0.7388862418010831,0.8561635383963585
271,-4.999999999999998,-4.999999999999998,50,None,0.650158298611641,0.9640193817019462
272,-4.999999999999998,-4.999999999999998,50,None,0.8156699787825346,0.9668028670549392
273,-4.999999999999998,-4.999999999999998,50,None,0.970134602971375,0.9945081901550293
274,-4.999999999999998,-4.999999999999998,50,None,0.7523977804556489,0.8760745240747929
275,4.6000000000000005,-5.3999999999999995,4,Hero,0.9973679184913635,0.7772633582353592
276,0.3000000000000007,-9.7,47,Hero,0.9714786442531709,0.9650084569733194
277,-4.999999999999998,-4.999999999999998,50,None,0.7890736462175846,0.884496052954346
278,-4.999999999999998,-4.999999999999998,50,None,0.8905015705525875,0.9628034394979477
279,-4.999999999999998,-4.999999999999998,50,None,0.8555165065824986,0.9950802767276764
280,1.3999999999999986,-8.600000000000001,36,Hero,0.883184558711946,0.9338730531874009
281,-4.999999999999998,-4.999999999999998,50,None,0.7977637495100498,0.9882071101665497
282,-4.999999999999998,-4.999999999999998,50,None,0.8498395124077797,0.969017847776413
283,-4.999999999999998,-4.999999999999998,50,None,0.8280872213840484,0.9558112211152912
284,-4.999999999999998,-4.999999999999998,50,None,0.6992422636970878,0.9534490817785263
285,3.2,-6.8,18,Hero,0.9228131216433313,0.9885250098175473
286,-4.999999999999998,-4.999999999999998,50,None,0.7582610099762678,0.9773304283618927
287,0.7999999999999989,-9.200000000000001,42,Hero,0.9257409183219785,0.9565267811218897
288,0.3000000000000007,-9.7,47,Hero,0.8595225090517643,0.9951056102488903
289,0.5,-9.5,45,Hero,0.7459996595978737,0.9819783078299629
290,1.1999999999999984,-8.8,38,Hero,0.9212901358933825,0.9927405432650918
291,0.40000000000000036,-9.6,46,Hero,0.6507376618683338,0.7820328185638494
292,0.7999999999999989,-9.200000000000001,42,Hero,0.8265169092587062,0.9698559304787999
293,-4.999999999999998,-4.999999999999998,50,None,0.8570101584494114,0.9725959438085556
294,-4.999999999999998,-4.999999999999998,50,None,0.8673719726502895,0.962732228524983
295,0.20000000000000107,-9.799999999999999,48,Hero,0.9081092721705014,0.9600960550014861
296,3.3,-6.7,17,Hero,0.7257248638745617,0.9805083274841309
297,4.6000000000000005,-5.3999999999999995,4,Hero,0.9987495839595795,0.8926314562559128
298,-4.999999999999998,-4.999999999999998,50,None,0.649459944292903,0.8645021295920015
299,0.10000000000000142,-9.899999999999999,49,Hero,0.8442521163699578,0.9292029629708553
300,-4.999999999999998,-4.999999999999998,50,None,0.768665912002325,0.9508151865936816
301,1.9999999999999991,-8.0,30,Hero,0.6118446834385395,0.8320201302568118
302,2.9,-7.1,21,Hero,0.4981929517927624,0.7706958339327857
303,2.099999999999999,-7.9,29,Hero,0.5541799628529055,0.8186660049290493
304,3.8000000000000007,-6.199999999999999,12,Hero,0.8762256316840649,0.9859455972909927
305,3.5,-6.5,15,Hero,0.6781976203123729,0.9900534470876058
306,4.0,-6.0,10,Hero,0.83194140791893,0.6110352875664831
307,2.6999999999999997,-7.300000000000001,23,Hero,0.5387493864349697,0.7850871351750001
308,3.7,-6.3,13,Hero,0.736230961405314,0.8474531769752502
309,2.8,-7.2,22,Hero,0.4685637502169067,0.8911184384064241
310,4.1000000000000005,-5.8999999999999995,9,Hero,0.8797846602069007,0.8630656103293101
311,3.9000000000000004,-6.1,11,Hero,0.5542841499502008,0.8979527489705519
312,4.9,-5.1,1,Hero,0.9451780319213867,0.9906869530677795
313,4.7,-5.3,3,Hero,0.6781114762028059,0.6592881474643946
314,-5.6,4.4,6,Villain,0.4575624465942383,0.6064381826048096
315,4.5,-5.5,5,Hero,0.6439690232276917,0.9833268523216248
316,2.099999999999999,-7.9,29,Hero,0.6048686765134335,0.7350995365915627
317,3.2,-6.8,18,Hero,0.699078883147902,0.8159303872121705
318,4.0,-6.0,10,Hero,0.5795484244823456,0.8832258403301239
319,1.6999999999999988,-8.3,33,Hero,0.6783770340861697,0.904245248798168
320,4.2,-5.8,8,Hero,0.7276393324136734,0.9883602038025856
321,3.5,-6.5,15,Hero,0.6232724457979202,0.8836079408725103
322,4.2,-5.8,8,Hero,0.6259222682565451,0.9921485558152199
323,4.0,-6.0,10,Hero,0.6614962339401245,0.9930274546146393
324,4.800000000000001,-5.199999999999999,2,Hero,0.83945432305336,0.99920853972435
325,3.6000000000000005,-6.3999999999999995,14,Hero,0.6875686017530305,0.9719158155577523
326,3.0,-7.0,20,Hero,0.7740041861310601,0.9892027050256729
327,2.4999999999999996,-7.5,25,Hero,0.8136108267307282,0.9981460857391358
328,3.0999999999999996,-6.9,19,Hero,0.6410204030965504,0.9797532683924625
329,2.9,-7.1,21,Hero,0.5701199315843128,0.855260370742707
330,4.7,-5.3,3,Hero,0.685467503964901,0.9988312125205994
331,4.0,-6.0,10,Hero,0.8825922608375549,0.9988851845264435
332,4.1000000000000005,-5.8999999999999995,9,Hero,0.8785715368058946,0.8683857868115107
333,3.6000000000000005,-6.3999999999999995,14,Hero,0.6011155237044606,0.9258108415773937
334,4.5,-5.5,5,Hero,0.7839959621429443,0.998062539100647
335,3.0999999999999996,-6.9,19,Hero,0.5982229324964512,0.9349803758883163
336,3.9000000000000004,-6.1,11,Hero,0.7384163683111017,0.9957334182479165
337,4.300000000000001,-5.699999999999999,7,Hero,0.6275699010917118,0.997020253113338
338,2.6999999999999997,-7.300000000000001,23,Hero,0.528840081523294,0.7493624374189455
339,3.8000000000000007,-6.199999999999999,12,Hero,0.6160399541258812,0.9955522020657858
340,4.300000000000001,-5.699999999999999,7,Hero,0.6509359862123217,0.9987810339246478
341,3.9000000000000004,-6.1,11,Hero,0.6980533139272169,0.9864262667569247
342,2.6999999999999997,-7.300000000000001,23,Hero,0.5807886123657227,0.9962596893310547
343,3.7,-6.3,13,Hero,0.7976240475590413,0.9908784169417161
344,2.1999999999999993,-7.800000000000001,28,Hero,0.6928757072559425,0.992329152567046
345,4.6000000000000005,-5.3999999999999995,4,Hero,0.7488547563552856,0.9989845156669617
346,4.4,-5.6,6,Hero,0.6660006692012151,0.9995928406715393
347,3.2,-6.8,18,Hero,0.7112314361664984,0.9986057082811991
348,4.0,-6.0,10,Hero,0.6049098685383797,0.999726390838623
349,3.3,-6.7,17,Hero,0.7129496905733558,0.9996601062662461
350,2.1999999999999993,-7.800000000000001,28,Hero,0.7585556318185159,0.9642952528915235
351,3.0,-7.0,20,Hero,0.8970518313348294,0.9999560296535492
352,-4.999999999999998,-4.999999999999998,50,None,0.8573142728209495,0.9994014298915863
353,3.7,-6.3,13,Hero,0.7567815373723323,0.9999513534399179
354,4.6000000000000005,-5.3999999999999995,4,Hero,0.9560086876153946,0.9999843537807465
355,4.9,-5.1,1,Hero,0.9518041610717773,0.9998631477355957
356,-4.999999999999998,-4.999999999999998,50,None,0.8397254538908601,0.9544535613805055
357,-4.999999999999998,-4.999999999999998,50,None,0.9072828674316407,0.9996956038475037
358,4.4,-5.6,6,Hero,0.7256571253140768,0.999623566865921
359,-4.999999999999998,-4.999999999999998,50,None,0.9898219716548919,0.9999752497673035
360,-4.999999999999998,-4.999999999999998,50,None,0.8611928421258926,0.9963451564311981
361,-4.999999999999998,-4.999999999999998,50,None,0.8534140241146088,0.9990337204933166
362,-4.999999999999998,-4.999999999999998,50,None,0.8377249693125486,0.999130893945694
363,2.4999999999999996,-7.5,25,Hero,0.8087877915799617,0.9987057828903199
364,-4.999999999999998,-4.999999999999998,50,None,0.8675755956023932,0.9980142259597778
365,-4.999999999999998,-4.999999999999998,50,None,0.8169426166266203,0.9984719920158386
366,-5.3,4.7,3,Villain,0.9984251658121744,0.9846740961074829
367,3.6000000000000005,-6.3999999999999995,14,Hero,0.8284366444817611,0.9998021423816681
368,1.899999999999999,-8.100000000000001,31,Hero,0.6572744686517024,0.9311285888956439
369,4.1000000000000005,-5.8999999999999995,9,Hero,0.7461001641220517,0.9992977446979947
370,-5.1,4.9,1,Villain,0.9997089505195618,0.9999674558639526
371,2.4999999999999996,-7.5,25,Hero,0.7271342460811138,0.9974185299873352
372,2.8,-7.2,22,Hero,0.9326988389207558,0.9999512027610432
373,-5.3999999999999995,4.6000000000000005,4,Villain,0.7431844864040613,0.9971164166927338
374,0.7999999999999989,-9.200000000000001,42,Hero,0.7888348788643876,0.9953866246200743
375,4.5,-5.5,5,Hero,0.8987010359764099,0.9999367475509644
376,3.0999999999999996,-6.9,19,Hero,0.58827892220334,0.9679809589135019
377,4.1000000000000005,-5.8999999999999995,9,Hero,0.8946385251151191,0.9996848371293809
378,2.8,-7.2,22,Hero,0.7676492335952141,0.9998260817744515
379,4.0,-6.0,10,Hero,0.8903111949563026,0.9999445796012878
380,4.800000000000001,-5.199999999999999,2,Hero,0.9997317492961884,0.9998565018177032
381,3.5,-6.5,15,Hero,0.6161288956801096,0.9985481182734172
382,4.1000000000000005,-5.8999999999999995,9,Hero,0.8477301051219305,0.9990959366162618
383,3.4000000000000004,-6.6,16,Hero,0.609494405798614,0.9380854647606611
384,2.9,-7.1,21,Hero,0.6448377356642768,0.9530688485219365
385,4.800000000000001,-5.199999999999999,2,Hero,0.9976683259010315,0.9999825954437256
386,4.4,-5.6,6,Hero,0.8396222045024236,0.9999704162279764
387,4.0,-6.0,10,Hero,0.7342626243829727,0.9989335358142852
388,3.9000000000000004,-6.1,11,Hero,0.8796319473873485,0.9975840232589028
389,3.5,-6.5,15,Hero,0.5840648839871089,0.9960762143135071
390,4.1000000000000005,-5.8999999999999995,9,Hero,0.6433262113067839,0.9993931253751119
391,4.0,-6.0,10,Hero,0.6315488040447235,0.9999324142932892
392,3.8000000000000007,-6.199999999999999,12,Hero,0.6207539290189743,0.9997379531462988
393,4.4,-5.6,6,Hero,0.7644185324509939,0.9999663035074869
394,3.9000000000000004,-6.1,11,Hero,0.775310066613284,0.9988386251709678
395,4.5,-5.5,5,Hero,0.7413969457149505,0.9999440670013428
396,3.5,-6.5,15,Hero,0.5706210225820542,0.9999228636423747
397,4.0,-6.0,10,Hero,0.6378651201725006,0.9987354815006256
398,4.2,-5.8,8,Hero,0.9793330803513527,0.9990268871188164
399,3.7,-6.3,13,Hero,0.7265729216428903,0.9985519922696627
400,4.5,-5.5,5,Hero,0.8179738700389863,0.9998780965805054
401,4.1000000000000005,-5.8999999999999995,9,Hero,0.6056438287099203,0.9999649922053019
402,3.7,-6.3,13,Hero,0.6149652302265167,0.9998312088159415
403,3.3,-6.7,17,Hero,0.6016530201715582,0.9551615399472854
404,3.0999999999999996,-6.9,19,Hero,0.5886796806987963,0.999875147091715
405,3.8000000000000007,-6.199999999999999,12,Hero,0.8376951664686203,0.9989069253206253
406,3.6000000000000005,-6.3999999999999995,14,Hero,0.6585606996502195,0.9986627570220402
407,3.7,-6.3,13,Hero,0.7354324798171337,0.998498375599201
408,4.300000000000001,-5.699999999999999,7,Hero,0.5788883737155369,0.9999589920043945
409,4.2,-5.8,8,Hero,0.9816713258624077,0.9989865124225616
410,4.0,-6.0,10,Hero,0.7643629133701324,0.9999654412269592
411,4.9,-5.1,1,Hero,0.9997630715370178,0.9999599456787109
412,4.300000000000001,-5.699999999999999,7,Hero,0.6240419362272535,0.9999188099588666
413,4.2,-5.8,8,Hero,0.7116138935089111,0.9999425411224365
414,3.4000000000000004,-6.6,16,Hero,0.7101183589547873,0.9998353384435177
415,4.6000000000000005,-5.3999999999999995,4,Hero,0.9001571983098984,0.9999856650829315
416,4.0,-6.0,10,Hero,0.7927052974700928,0.9987718880176544
417,3.4000000000000004,-6.6,16,Hero,0.6181276682764292,0.9229077426716685
418,4.1000000000000005,-5.8999999999999995,9,Hero,0.9894839260313246,0.9988235036532084
419,3.0999999999999996,-6.9,19,Hero,0.5952069727998031,0.9238422167928595
420,4.0,-6.0,10,Hero,0.8168548911809921,0.9983701884746552
421,3.8000000000000007,-6.199999999999999,12,Hero,0.7121272459626198,0.9974571118752161
422,4.2,-5.8,8,Hero,0.7412645183503628,0.9993641898036003
423,3.4000000000000004,-6.6,16,Hero,0.6692119687795639,0.9958663657307625
424,3.8000000000000007,-6.199999999999999,12,Hero,0.7890830387671789,0.9950436949729919
425,3.4000000000000004,-6.6,16,Hero,0.6043486371636391,0.988562673330307
426,3.9000000000000004,-6.1,11,Hero,0.6513435027816079,0.9963635206222534
427,4.5,-5.5,5,Hero,0.7983265399932862,0.999872374534607
428,4.4,-5.6,6,Hero,0.9668306112289429,0.9999649922053019
429,4.7,-5.3,3,Hero,0.6520089606444041,0.9999573230743408
430,4.9,-5.1,1,Hero,0.9428858160972595,0.9999469518661499
431,3.8000000000000007,-6.199999999999999,12,Hero,0.7789929459492365,0.9980168441931406
432,3.8000000000000007,-6.199999999999999,12,Hero,0.6470102767149607,0.911274018852661
433,4.5,-5.5,5,Hero,0.995395028591156,0.9999877214431763
434,3.8000000000000007,-6.199999999999999,12,Hero,0.6847570886214575,0.9996703614791235
435,3.6000000000000005,-6.3999999999999995,14,Hero,0.6041116852845464,0.9969859634126935
436,3.7,-6.3,13,Hero,0.7028434379742696,0.9958245891791123
437,3.5,-6.5,15,Hero,0.626345040400823,0.9978265762329102
438,3.0999999999999996,-6.9,19,Hero,0.7623448983619088,0.999983411086233
439,3.0,-7.0,20,Hero,0.6781866155564785,0.9979287803173065
440,4.4,-5.6,6,Hero,0.6284756263097128,0.9998953441778818
441,4.4,-5.6,6,Hero,0.7218425534665585,0.999972422917684
442,3.7,-6.3,13,Hero,0.7929489429180439,0.9968844239528363
443,3.2,-6.8,18,Hero,0.6140842421187295,0.8888732076932987
444,4.300000000000001,-5.699999999999999,7,Hero,0.7925608711583274,0.9994964599609375
445,4.1000000000000005,-5.8999999999999995,9,Hero,0.7289264268345303,0.9978868431515164
446,4.4,-5.6,6,Hero,0.6742872049411138,0.9997720022996267
447,3.9000000000000004,-6.1,11,Hero,0.6498994718898427,0.9984124573794279
448,3.9000000000000004,-6.1,11,Hero,0.6214133988727223,0.9996977881951765
449,4.9,-5.1,1,Hero,0.9454580545425415,0.9999189376831055
450,4.6000000000000005,-5.3999999999999995,4,Hero,0.7498202616916387,0.9996459037065506
451,4.5,-5.5,5,Hero,0.7031793117523193,0.9997215032577514
452,3.5,-6.5,15,Hero,0.7884779055913289,0.9995279947916667
453,3.6000000000000005,-6.3999999999999995,14,Hero,0.6390383488365582,0.9930474289825985
454,3.4000000000000004,-6.6,16,Hero,0.6097226031124592,0.8627244973322377
455,4.800000000000001,-5.199999999999999,2,Hero,0.9999610781669617,0.9997256100177765
456,3.9000000000000004,-6.1,11,Hero,0.6290029612454501,0.9997736378149553
457,4.1000000000000005,-5.8999999999999995,9,Hero,0.7426727645927005,0.999969654613071
458,3.7,-6.3,13,Hero,0.559941264299246,0.999340084882883
459,4.1000000000000005,-5.8999999999999995,9,Hero,0.6510599686039819,0.9995509253607856
460,3.7,-6.3,13,Hero,0.7219581598272691,0.9952469376417307
461,3.9000000000000004,-6.1,11,Hero,0.623178169131279,0.9967591274868358
462,3.6000000000000005,-6.3999999999999995,14,Hero,0.6631278970411846,0.9938541054725647
463,4.4,-5.6,6,Hero,0.8912186870972315,0.9998870293299357
464,-5.1,4.9,1,Villain,0.9895086288452148,0.999984860420227
465,3.7,-6.3,13,Hero,0.680059918990502,0.9971829423537621
466,4.300000000000001,-5.699999999999999,7,Hero,0.9710157343319484,0.9993718266487122
467,3.6000000000000005,-6.3999999999999995,14,Hero,0.7495547767196383,0.9987326179231916
468,4.1000000000000005,-5.8999999999999995,9,Hero,0.9980315367380778,0.9999749660491943
469,4.2,-5.8,8,Hero,0.6961552649736404,0.9998136609792709
470,4.5,-5.5,5,Hero,0.7676389455795288,0.9999525308609009
471,3.0,-7.0,20,Hero,0.5884347350336612,0.946944734454155
472,4.1000000000000005,-5.8999999999999995,9,Hero,0.6653774231672287,0.9978213376469083
473,3.3,-6.7,17,Hero,0.6007275711745024,0.9768415268729714
474,4.7,-5.3,3,Hero,0.4450923502445221,0.9998378952344259
475,3.8000000000000007,-6.199999999999999,12,Hero,0.7053056433796883,0.9982140610615412
476,4.1000000000000005,-5.8999999999999995,9,Hero,0.7732357051637437,0.9996147420671251
477,4.300000000000001,-5.699999999999999,7,Hero,0.6344517086233411,0.9996042592184884
478,4.2,-5.8,8,Hero,0.5838266536593437,0.9997569248080254
479,3.4000000000000004,-6.6,16,Hero,0.6731461668387055,0.9763030856847763
480,4.300000000000001,-5.699999999999999,7,Hero,0.635751588003976,0.9990251064300537
481,3.9000000000000004,-6.1,11,Hero,0.7315723489631306,0.9996439597823403
482,3.0,-7.0,20,Hero,0.7743042781949043,0.9993394792079926
483,3.6000000000000005,-6.3999999999999995,14,Hero,0.7342140708517816,0.999042843069349
484,-4.999999999999998,-4.999999999999998,50,None,0.9383683156967163,0.9999778318405151
485,-5.199999999999999,4.800000000000001,2,Villain,0.9997327029705048,0.9999653100967407
486,0.5,-9.5,45,Hero,0.7805582548181216,0.999930304951138
487,3.9000000000000004,-6.1,11,Hero,0.5650740672241558,0.9996402263641357
488,3.3,-6.7,17,Hero,0.7038948382524883,0.9288610419915879
489,3.8000000000000007,-6.199999999999999,12,Hero,0.6323547487457594,0.9965522785981497
490,3.8000000000000007,-6.199999999999999,12,Hero,0.615124930938085,0.9996724277734756
491,3.8000000000000007,-6.199999999999999,12,Hero,0.8308995068073273,0.999811718861262
492,3.4000000000000004,-6.6,16,Hero,0.5864297524094582,0.930856274208054
493,3.4000000000000004,-6.6,16,Hero,0.6419516345486045,0.9965731576085091
494,4.2,-5.8,8,Hero,0.5847053602337837,0.9998899400234222
495,4.2,-5.8,8,Hero,0.7468214556574821,0.9994508475065231
496,4.1000000000000005,-5.8999999999999995,9,Hero,0.6949008487992816,0.9991168975830078
497,3.9000000000000004,-6.1,11,Hero,0.8420872823758558,0.9995622309771451
498,1.4999999999999987,-8.500000000000002,35,Hero,0.8722665516393525,0.9999691247940063
499,0.8999999999999986,-9.100000000000001,41,Hero,0.843570042492413,0.9999697906215016
500,3.6000000000000005,-6.3999999999999995,14,Hero,0.6243309884199074,0.9941593621458326
501,3.6000000000000005,-6.3999999999999995,14,Hero,0.6221642558063779,0.9859348705836705
502,4.1000000000000005,-5.8999999999999995,9,Hero,0.6963408655590482,0.9995650384161208
503,3.8000000000000007,-6.199999999999999,12,Hero,0.6430019525190195,0.9980947176615397
504,3.0,-7.0,20,Hero,0.8074699614197016,0.9999782621860505
505,4.2,-5.8,8,Hero,0.9889294654130936,0.9999467581510544
506,3.5,-6.5,15,Hero,0.7612246652444203,0.9986978610356648
507,4.2,-5.8,8,Hero,0.6715191714465618,0.9997750744223595
508,3.3,-6.7,17,Hero,0.6360417534323299,0.9510859952253454
509,1.2999999999999985,-8.700000000000001,37,Hero,0.8791148122903463,0.9999615807791014
510,2.5999999999999996,-7.4,24,Hero,0.7404683418571949,0.999869187672933
511,3.5,-6.5,15,Hero,0.6980248272418976,0.9878074089686076
512,4.2,-5.8,8,Hero,0.832380123436451,0.9998357370495796
513,3.4000000000000004,-6.6,16,Hero,0.6058999998494983,0.9366143518127501
514,3.9000000000000004,-6.1,11,Hero,0.7390089807185259,0.9990816224705089
515,4.300000000000001,-5.699999999999999,7,Hero,0.6723507174423763,0.9997991578919547
516,4.4,-5.6,6,Hero,0.7171635180711746,0.9999865293502808
517,4.5,-5.5,5,Hero,0.8932102203369141,0.9998896718025208
518,4.1000000000000005,-5.8999999999999995,9,Hero,0.6924654179149203,0.9995204408963522
519,4.6000000000000005,-5.3999999999999995,4,Hero,0.572630301117897,0.9999721646308899
520,3.8000000000000007,-6.199999999999999,12,Hero,0.786143459379673,0.9995373239119848
521,3.8000000000000007,-6.199999999999999,12,Hero,0.700249508023262,0.9161419777168097
522,4.800000000000001,-5.199999999999999,2,Hero,0.9796629548072815,0.999966561794281
523,4.1000000000000005,-5.8999999999999995,9,Hero,0.6046498550309075,0.9995734294255575
524,4.0,-6.0,10,Hero,0.8107221335172653,0.9993983626365661
525,4.300000000000001,-5.699999999999999,7,Hero,0.9058179259300232,0.9996887190001351
526,4.1000000000000005,-5.8999999999999995,9,Hero,0.8757100403308868,0.9976177215576172
527,3.6000000000000005,-6.3999999999999995,14,Hero,0.5564924606255123,0.9997954368591309
528,3.7,-6.3,13,Hero,0.645383453139892,0.997170287829179
529,4.2,-5.8,8,Hero,0.8045636899769306,0.998610109090805
530,4.0,-6.0,10,Hero,0.7515076950192452,0.9952662050724029
531,3.5,-6.5,15,Hero,0.594554407397906,0.9963206092516581
532,4.0,-6.0,10,Hero,0.6219395756721496,0.9998956739902496
533,3.0,-7.0,20,Hero,0.7072735078632831,0.9994344711303711
534,4.5,-5.5,5,Hero,0.9668839454650879,0.9996479392051697
535,4.0,-6.0,10,Hero,0.664341801404953,0.9990024447441102
536,4.0,-6.0,10,Hero,0.6507405862212181,0.9988774418830871
537,2.5999999999999996,-7.4,24,Hero,0.8083249324311813,0.9999803155660629
538,4.300000000000001,-5.699999999999999,7,Hero,0.8175441367285592,0.9999858140945435
539,3.8000000000000007,-6.199999999999999,12,Hero,0.6843390303353468,0.9994491140047709
540,3.8000000000000007,-6.199999999999999,12,Hero,0.7991964022318522,0.9992196063200632
541,4.300000000000001,-5.699999999999999,7,Hero,0.8130922572953361,0.9995430197034564
542,3.9000000000000004,-6.1,11,Hero,0.6287511885166168,0.9998189915310253
543,3.6000000000000005,-6.3999999999999995,14,Hero,0.7789130189589092,0.99973811847823
544,3.8000000000000007,-6.199999999999999,12,Hero,0.6845424820979437,0.9952601194381714
545,3.0,-7.0,20,Hero,0.5861226618289948,0.9964422851800918
546,4.0,-6.0,10,Hero,0.7622220501303673,0.9995224118232727
547,4.300000000000001,-5.699999999999999,7,Hero,0.9917680706296649,0.9999806540352958
548,-5.199999999999999,4.800000000000001,2,Villain,0.9999445676803589,0.9901921153068542
549,4.300000000000001,-5.699999999999999,7,Hero,0.9821016788482666,0.9999695846012661
550,3.7,-6.3,13,Hero,0.7038363676804763,0.9968251402561481
551,3.9000000000000004,-6.1,11,Hero,0.8838500800457868,0.9987330924380909
552,3.4000000000000004,-6.6,16,Hero,0.7454762533307076,0.9908790476620197
553,3.3,-6.7,17,Hero,0.5979949952486683,0.9807488322257996
554,4.0,-6.0,10,Hero,0.7677394986152649,0.9995116233825684
555,-5.199999999999999,4.800000000000001,2,Villain,0.9773201644420624,0.9999722242355347
556,3.8000000000000007,-6.199999999999999,12,Hero,0.7645149578650793,0.994822104771932
557,4.300000000000001,-5.699999999999999,7,Hero,0.7422300790037427,0.999806455203465
558,4.6000000000000005,-5.3999999999999995,4,Hero,0.6800227984786034,0.9999667108058929
559,4.7,-5.3,3,Hero,0.6299585898717245,0.999975323677063
560,3.8000000000000007,-6.199999999999999,12,Hero,0.7584483648339907,0.9989427377780279
561,4.800000000000001,-5.199999999999999,2,Hero,0.9991018176078796,0.999912440776825
562,4.1000000000000005,-5.8999999999999995,9,Hero,0.8502064645290375,0.9995080696211921
563,4.300000000000001,-5.699999999999999,7,Hero,0.7834277961935315,0.9999208535466876
564,-5.3,4.7,3,Villain,0.9995115796724955,0.9879767894744873
565,4.4,-5.6,6,Hero,0.7768949568271637,0.9994222621122996
566,3.8000000000000007,-6.199999999999999,12,Hero,0.6234160723785559,0.9959193418423334
567,4.1000000000000005,-5.8999999999999995,9,Hero,0.5916375617186228,0.9998854994773865
568,4.300000000000001,-5.699999999999999,7,Hero,0.6495913394859859,0.9998517887932914
569,3.9000000000000004,-6.1,11,Hero,0.6078273247588765,0.9994084997610613
570,2.8,-7.2,22,Hero,0.875003116374666,0.9999805038625543
571,4.0,-6.0,10,Hero,0.7609058588743209,0.9986586809158325
572,4.9,-5.1,1,Hero,0.6998578906059265,0.9999877214431763
573,4.5,-5.5,5,Hero,0.9781820893287658,0.9999869585037231
574,3.9000000000000004,-6.1,11,Hero,0.8187988251447678,0.9997507279569452
575,4.4,-5.6,6,Hero,0.6849831690390905,0.9999857544898987
576,4.1000000000000005,-5.8999999999999995,9,Hero,0.7105632954173617,0.9997911784383986
577,4.4,-5.6,6,Hero,0.8423212816317877,0.9999324480692545
578,4.4,-5.6,6,Hero,0.8289727618296941,0.999921182791392
579,3.9000000000000004,-6.1,11,Hero,0.7213076434352181,0.9997412508184259
580,3.6000000000000005,-6.3999999999999995,14,Hero,0.7264158853462764,0.9987421631813049
581,4.6000000000000005,-5.3999999999999995,4,Hero,0.7014325279742479,0.9998988956212997
582,3.5,-6.5,15,Hero,0.6045595745245615,0.9992237647374471
583,4.4,-5.6,6,Hero,0.6695988898475965,0.9998130897680918
584,4.0,-6.0,10,Hero,0.7262757517397403,0.9990567207336426
585,4.1000000000000005,-5.8999999999999995,9,Hero,0.7362541125880347,0.999642120467292
586,3.8000000000000007,-6.199999999999999,12,Hero,0.6704745839039484,0.9995175749063492
587,4.7,-5.3,3,Hero,0.9914866089820862,0.9999349514643351
588,4.0,-6.0,10,Hero,0.6960959136486053,0.9993868827819824
589,3.7,-6.3,13,Hero,0.6439373447344854,0.9985011632625873
590,4.4,-5.6,6,Hero,0.742654005686442,0.9999817808469137
591,3.8000000000000007,-6.199999999999999,12,Hero,0.836651881535848,0.9998368422190348
592,4.7,-5.3,3,Hero,0.994802455107371,0.9999543031056722
593,4.4,-5.6,6,Hero,0.6811747848987579,0.9998218615849813
594,4.0,-6.0,10,Hero,0.7137460708618164,0.9982247114181518
595,4.9,-5.1,1,Hero,0.24788497388362885,0.9999936819076538
596,2.6999999999999997,-7.300000000000001,23,Hero,0.7808729688758436,0.9996689506199049
597,4.300000000000001,-5.699999999999999,7,Hero,0.7889948274408068,0.9996961525508335
598,4.1000000000000005,-5.8999999999999995,9,Hero,0.8096370531453027,0.9989854229821099
599,3.4000000000000004,-6.6,16,Hero,0.694948947057128,0.9995965510606766
600,3.6000000000000005,-6.3999999999999995,14,Hero,0.7479087795530047,0.9990248467241015
601,3.9000000000000004,-6.1,11,Hero,0.8732814023440535,0.9999785748395053
602,4.2,-5.8,8,Hero,0.64280791208148,0.9996418431401253
603,3.5,-6.5,15,Hero,0.6829559067885081,0.9973178346951802
604,4.7,-5.3,3,Hero,0.7057891190052032,0.9999081889788309
605,3.6000000000000005,-6.3999999999999995,14,Hero,0.7571314828736442,0.9999568973268781
606,4.5,-5.5,5,Hero,0.9668785929679871,0.9999786376953125
607,3.7,-6.3,13,Hero,0.6907950719961753,0.99982861830638
608,3.2,-6.8,18,Hero,0.6295567568805482,0.9932121568255954
609,4.300000000000001,-5.699999999999999,7,Hero,0.866719663143158,0.9994769181524005
610,3.8000000000000007,-6.199999999999999,12,Hero,0.6841800113519033,0.9970845431089401
611,3.0999999999999996,-6.9,19,Hero,0.6231123530551007,0.9956114198032179
612,3.5,-6.5,15,Hero,0.5595430192848047,0.9968834956487019
613,4.2,-5.8,8,Hero,0.6784357577562332,0.9999681264162064
614,4.4,-5.6,6,Hero,0.8148073703050613,0.9997888604799906
615,4.1000000000000005,-5.8999999999999995,9,Hero,0.6299174394872453,0.999941799375746
616,4.5,-5.5,5,Hero,0.7542954981327057,0.9998055219650268
617,4.1000000000000005,-5.8999999999999995,9,Hero,0.5411269317070643,0.9999001291063097
618,3.3,-6.7,17,Hero,0.6201351986211889,0.991273448747747
619,3.4000000000000004,-6.6,16,Hero,0.6196759175509214,0.9994862228631973
620,4.1000000000000005,-5.8999999999999995,9,Hero,0.6932494963208834,0.999875803788503
621,3.0999999999999996,-6.9,19,Hero,0.5714044947373239,0.9992862500642475
622,3.4000000000000004,-6.6,16,Hero,0.6509532108902931,0.9923632927238941
623,4.300000000000001,-5.699999999999999,7,Hero,0.8393938796860831,0.9994699103491647
624,4.2,-5.8,8,Hero,0.7802362442016602,0.9998665973544121
625,3.5,-6.5,15,Hero,0.6492013365030289,0.9977057536443075
626,4.7,-5.3,3,Hero,0.976587156454722,0.9999821980794271
627,4.1000000000000005,-5.8999999999999995,9,Hero,0.7735499739646912,0.9997328718503317
628,4.1000000000000005,-5.8999999999999995,9,Hero,0.7167662431796392,0.9986777504285177
629,4.0,-6.0,10,Hero,0.5840183943510056,0.9996225953102111
630,3.7,-6.3,13,Hero,0.5860546546486708,0.9976997192089374
631,4.300000000000001,-5.699999999999999,7,Hero,0.6666803791054657,0.9998266356331962
632,4.1000000000000005,-5.8999999999999995,9,Hero,0.8913948138554891,0.9997916155391269
633,3.6000000000000005,-6.3999999999999995,14,Hero,0.6558691678302628,0.9944783364023481
634,3.9000000000000004,-6.1,11,Hero,0.7083115144209429,0.9994621222669428
635,3.6000000000000005,-6.3999999999999995,14,Hero,0.5840513408184052,0.995981616633279
636,4.2,-5.8,8,Hero,0.7669097669422626,0.9999499246478081
637,4.9,-5.1,1,Hero,0.9906936287879944,0.9999309778213501
638,3.0,-7.0,20,Hero,0.6488220199942589,0.9965302884578705
639,4.0,-6.0,10,Hero,0.860387510061264,0.9986469388008118
640,4.0,-6.0,10,Hero,0.8455383121967316,0.9996963322162629
641,4.7,-5.3,3,Hero,0.6705993711948395,0.9999760786692301
642,4.1000000000000005,-5.8999999999999995,9,Hero,0.7676486406061385,0.9996945990456475
643,3.6000000000000005,-6.3999999999999995,14,Hero,0.7707184723445347,0.9996491500309536
644,4.5,-5.5,5,Hero,0.647596837580204,0.9999407768249512
645,4.2,-5.8,8,Hero,0.7502232817932963,0.9997370913624763
646,4.0,-6.0,10,Hero,0.8932128548622131,0.9999279260635376
647,4.6000000000000005,-5.3999999999999995,4,Hero,0.7400803864002228,0.999894767999649
648,4.1000000000000005,-5.8999999999999995,9,Hero,0.9881988631354438,0.9999523957570394
649,4.2,-5.8,8,Hero,0.868389391573146,0.9999682009220123
650,4.1000000000000005,-5.8999999999999995,9,Hero,0.7086561835474439,0.9998577435811361
651,3.4000000000000004,-6.6,16,Hero,0.6644965959712863,0.9999395608901978
652,3.8000000000000007,-6.199999999999999,12,Hero,0.5776159291466078,0.9984832406044006
653,4.300000000000001,-5.699999999999999,7,Hero,0.7659116174493518,0.9999138798032489
654,4.4,-5.6,6,Hero,0.8007871905962626,0.9997104307015737
655,4.1000000000000005,-5.8999999999999995,9,Hero,0.9070481790436639,0.9999290837181939
656,3.9000000000000004,-6.1,11,Hero,0.7070116732608188,0.9998852556402033
657,4.2,-5.8,8,Hero,0.93455371260643,0.999405637383461
658,4.7,-5.3,3,Hero,0.6798492769400278,0.9999526341756185
659,4.6000000000000005,-5.3999999999999995,4,Hero,0.7506465585902333,0.9999892711639404
660,4.5,-5.5,5,Hero,0.771157968044281,0.9999394178390503
661,3.5,-6.5,15,Hero,0.6082956155141195,0.9991507212320964
662,4.0,-6.0,10,Hero,0.7795431464910507,0.9985072016716003
663,1.9999999999999991,-8.0,30,Hero,0.7165349205334981,0.999887369076411
664,4.4,-5.6,6,Hero,0.6646370738744736,0.9997866253058115
665,3.6000000000000005,-6.3999999999999995,14,Hero,0.677015136395182,0.9999131773199353
666,4.4,-5.6,6,Hero,0.5619602302710215,0.9999148150285085
667,3.5,-6.5,15,Hero,0.5376377083361149,0.985244341691335
668,4.300000000000001,-5.699999999999999,7,Hero,0.9728333950042725,0.9999399014881679
669,4.4,-5.6,6,Hero,0.7100866362452507,0.9998005926609039
670,4.0,-6.0,10,Hero,0.8780634933616966,0.9999414563179017
671,4.300000000000001,-5.699999999999999,7,Hero,0.9762071030480521,0.999380384172712
672,4.0,-6.0,10,Hero,0.9198567181825638,0.9999293208122253
673,4.5,-5.5,5,Hero,0.9245361685752869,0.9999446630477905
674,3.5,-6.5,15,Hero,0.6929200758536657,0.8629055880010128
675,4.0,-6.0,10,Hero,0.7490343809127807,0.9997990190982818
676,4.4,-5.6,6,Hero,0.8226272662480673,0.9996825357278188
677,4.0,-6.0,10,Hero,0.7497081607580185,0.9997207224369049
678,3.7,-6.3,13,Hero,0.7223299122773684,0.9992340711446909
679,3.9000000000000004,-6.1,11,Hero,0.8441393727605994,0.999857555736195
680,4.2,-5.8,8,Hero,0.6356415338814259,0.9993619993329048
681,4.0,-6.0,10,Hero,0.7144044399261474,0.9997282326221466
682,3.7,-6.3,13,Hero,0.7741247621866373,0.9995089769363403
683,4.300000000000001,-5.699999999999999,7,Hero,0.6615879663399288,0.9999651568276542
684,4.2,-5.8,8,Hero,0.8632531613111496,0.9995630905032158
685,3.8000000000000007,-6.199999999999999,12,Hero,0.6372870802879333,0.9994294792413712
686,3.8000000000000007,-6.199999999999999,12,Hero,0.6047598973673303,0.9994058261315028
687,4.1000000000000005,-5.8999999999999995,9,Hero,0.8799277477794223,0.9993126193682352
688,4.6000000000000005,-5.3999999999999995,4,Hero,0.6521445587277412,0.999993771314621
689,4.300000000000001,-5.699999999999999,7,Hero,0.6260109969547817,0.9998590179852077
690,3.8000000000000007,-6.199999999999999,12,Hero,0.6451990356047949,0.9980882455905279
691,4.0,-6.0,10,Hero,0.5938169017434121,0.9999324738979339
692,3.4000000000000004,-6.6,16,Hero,0.618441213387996,0.9044320753309876
693,4.1000000000000005,-5.8999999999999995,9,Hero,0.8178771966033511,0.9996258483992683
694,4.4,-5.6,6,Hero,0.5868105192979177,0.9999856352806091
695,4.5,-5.5,5,Hero,0.9571130752563477,0.7998850620184385
696,3.8000000000000007,-6.199999999999999,12,Hero,0.6769436001777649,0.9999773999055227
697,3.6000000000000005,-6.3999999999999995,14,Hero,0.6288958351526942,0.9272046832692078
698,4.1000000000000005,-5.8999999999999995,9,Hero,0.6039778408077028,0.9999676413006253
699,4.1000000000000005,-5.8999999999999995,9,Hero,0.6904367638958825,0.9999660518434312
700,4.1000000000000005,-5.8999999999999995,9,Hero,0.7935280203819275,0.999876081943512
701,4.2,-5.8,8,Hero,0.6174152716994286,0.9998279139399529
702,3.9000000000000004,-6.1,11,Hero,0.6561330624602058,0.9995575493032282
703,4.300000000000001,-5.699999999999999,7,Hero,0.8367473142487662,0.9999958617346627
704,3.4000000000000004,-6.6,16,Hero,0.7019140291959047,0.998445238918066
705,3.4000000000000004,-6.6,16,Hero,0.6265682391822338,0.9963203817605972
706,3.7,-6.3,13,Hero,0.7613897037047607,0.9998272244746869
707,4.5,-5.5,5,Hero,0.6485325336456299,0.9999747753143311
708,4.4,-5.6,6,Hero,0.6398764550685883,0.999961256980896
709,3.5,-6.5,15,Hero,0.6237258464097977,0.9853089014689128
710,4.7,-5.3,3,Hero,0.9965941309928894,0.9999514818191528
711,4.5,-5.5,5,Hero,0.6850842297077179,0.9999368786811829
712,4.4,-5.6,6,Hero,0.7795715828736623,0.9998262524604797
713,3.7,-6.3,13,Hero,0.6979826184419485,0.999977551973783
714,4.6000000000000005,-5.3999999999999995,4,Hero,0.8199651092290878,0.9999942481517792
715,4.4,-5.6,6,Hero,0.7149679151674112,0.9999595483144125
716,3.6000000000000005,-6.3999999999999995,14,Hero,0.7169313175337655,0.9990901265825544
717,3.4000000000000004,-6.6,16,Hero,0.6639228872954845,0.9987976439297199
718,4.0,-6.0,10,Hero,0.7597589671611786,0.9998643696308136
719,3.6000000000000005,-6.3999999999999995,14,Hero,0.6644498982599804,0.9950211260999952
720,4.300000000000001,-5.699999999999999,7,Hero,0.7001304541315351,0.9998236298561096
721,4.1000000000000005,-5.8999999999999995,9,Hero,0.8219637076059977,0.9997847610049777
722,3.7,-6.3,13,Hero,0.580311865474169,0.9993578929167527
723,3.8000000000000007,-6.199999999999999,12,Hero,0.5895792469382286,0.9998062252998352
724,4.4,-5.6,6,Hero,0.9611077904701233,0.9999290804068247
725,4.4,-5.6,6,Hero,0.8014523386955261,0.999968429406484
726,4.2,-5.8,8,Hero,0.8667346043512225,0.9999894797801971
727,3.9000000000000004,-6.1,11,Hero,0.7359426319599152,0.9993248690258373
728,4.5,-5.5,5,Hero,0.9680317521095276,0.9999881267547608
729,4.7,-5.3,3,Hero,0.5831348796685537,0.9999980131785074
730,4.1000000000000005,-5.8999999999999995,9,Hero,0.7882255944940779,0.9996625847286649
731,3.6000000000000005,-6.3999999999999995,14,Hero,0.6628607979842595,0.9997439043862479
732,4.0,-6.0,10,Hero,0.6715764597058296,0.9995452702045441
733,3.4000000000000004,-6.6,16,Hero,0.6322348956018686,0.9989132806658745
734,3.8000000000000007,-6.199999999999999,12,Hero,0.6705167517066002,0.9999112685521444
735,4.7,-5.3,3,Hero,0.4914706250031789,0.9999929269154867
736,4.0,-6.0,10,Hero,0.7141508996486664,0.9999194443225861
737,4.2,-5.8,8,Hero,0.7471518022939563,0.9999937564134598
738,4.300000000000001,-5.699999999999999,7,Hero,0.9428728137697492,0.999993017741612
739,4.300000000000001,-5.699999999999999,7,Hero,0.8847712193216596,0.9999762092317853
740,2.3999999999999995,-7.6000000000000005,26,Hero,0.7166758242707986,0.9991495380034814
741,3.8000000000000007,-6.199999999999999,12,Hero,0.6008272164811691,0.9995077550411224
742,4.300000000000001,-5.699999999999999,7,Hero,0.6272007822990417,0.9996795228549412
743,4.300000000000001,-5.699999999999999,7,Hero,0.9651879668235779,0.999975289617266
744,4.1000000000000005,-5.8999999999999995,9,Hero,0.7314781265126334,0.9994583792156644
745,4.1000000000000005,-5.8999999999999995,9,Hero,0.7589576807287004,0.999770012166765
746,3.9000000000000004,-6.1,11,Hero,0.6695749719034542,0.9996982921253551
747,3.7,-6.3,13,Hero,0.7007355116880857,0.9997119445067185
748,4.1000000000000005,-5.8999999999999995,9,Hero,0.700710889365938,0.9999611775080363
749,4.1000000000000005,-5.8999999999999995,9,Hero,0.8921397460831536,0.9998483724064298
750,4.5,-5.5,5,Hero,0.8409927248954773,0.999983835220337
751,3.9000000000000004,-6.1,11,Hero,0.7447130652991208,0.9998856728727167
752,4.0,-6.0,10,Hero,0.851954334974289,0.9996004283428193
753,4.2,-5.8,8,Hero,0.668319933116436,0.9999442175030708
754,4.6000000000000005,-5.3999999999999995,4,Hero,0.9980432242155075,0.9999838173389435
755,4.300000000000001,-5.699999999999999,7,Hero,0.7033828837530953,0.9999634027481079
756,3.9000000000000004,-6.1,11,Hero,0.8122745996171777,0.9999406337738037
757,4.1000000000000005,-5.8999999999999995,9,Hero,0.7546211431423823,0.9998394714461433
758,3.8000000000000007,-6.199999999999999,12,Hero,0.8684472392002741,0.9990963141123453
759,3.7,-6.3,13,Hero,0.671148493885994,0.9960739887677706
760,4.1000000000000005,-5.8999999999999995,9,Hero,0.8124140302340189,0.999443358845181
761,3.6000000000000005,-6.3999999999999995,14,Hero,0.6752678128790909,0.999641409942082
762,3.3,-6.7,17,Hero,0.612200124298825,0.9419486347366782
763,3.2,-6.8,18,Hero,0.616152527431647,0.9281123048729367
764,4.2,-5.8,8,Hero,0.8584337243810296,0.9999868422746658
765,4.9,-5.1,1,Hero,0.6891883611679077,0.9999985694885254
766,-5.3,4.7,3,Villain,0.6172016287067285,0.9998155037562052
767,4.2,-5.8,8,Hero,0.9682100862264633,0.9999515116214752
768,4.5,-5.5,5,Hero,0.7276915192604065,0.9999189734458923
769,4.300000000000001,-5.699999999999999,7,Hero,0.6800762840679714,0.9999644245420184
770,3.8000000000000007,-6.199999999999999,12,Hero,0.6394268749281764,0.9997107187906901
771,3.8000000000000007,-6.199999999999999,12,Hero,0.7342829033732414,0.9994337856769562
772,3.9000000000000004,-6.1,11,Hero,0.6184302297505465,0.9995809847658331
773,3.7,-6.3,13,Hero,0.7865526424004481,0.9995920887360206
774,4.2,-5.8,8,Hero,0.6282627210021019,0.9999718219041824
775,4.1000000000000005,-5.8999999999999995,9,Hero,0.7990520728958977,0.9999440179930793
776,4.7,-5.3,3,Hero,0.6760827402273814,0.9999861717224121
777,4.9,-5.1,1,Hero,0.9964039325714111,0.9999891519546509
778,4.2,-5.8,8,Hero,0.7255913326516747,0.9999868422746658
779,4.300000000000001,-5.699999999999999,7,Hero,0.9185030800955636,0.9999563523701259
780,4.1000000000000005,-5.8999999999999995,9,Hero,0.8139445516798232,0.9998157156838311
781,4.1000000000000005,-5.8999999999999995,9,Hero,0.6859062181578742,0.9999553494983249
782,4.4,-5.6,6,Hero,0.7707779109477997,0.9999044934908549
783,-5.199999999999999,4.800000000000001,2,Villain,0.21890591830015182,0.4968182295560837
784,3.6000000000000005,-6.3999999999999995,14,Hero,0.6048578077128955,0.9995226093700954
785,4.300000000000001,-5.699999999999999,7,Hero,0.8080728250954833,0.999977707862854
786,3.8000000000000007,-6.199999999999999,12,Hero,0.6303164288401604,0.9999166131019592
787,4.2,-5.8,8,Hero,0.944444090127945,0.9999844580888748
788,3.9000000000000004,-6.1,11,Hero,0.7215190638195385,0.9998885555700823
789,3.3,-6.7,17,Hero,0.6661757362239501,0.9978703085113975
790,4.5,-5.5,5,Hero,0.934643542766571,0.9999941349029541
791,-5.1,4.9,1,Villain,0.7823461294174194,0.9987830519676208
792,3.9000000000000004,-6.1,11,Hero,0.8476515141400424,0.9999433755874634
793,3.8000000000000007,-6.199999999999999,12,Hero,0.6251344233751297,0.9999731878439585
794,4.0,-6.0,10,Hero,0.6271664217114449,0.999999725818634
795,3.4000000000000004,-6.6,16,Hero,0.5957351410761476,0.9998690038919449
796,2.6999999999999997,-7.300000000000001,23,Hero,0.7503981680973716,0.9999881101691205
797,2.4999999999999996,-7.5,25,Hero,0.7240663838386535,0.9999908399581909
798,3.9000000000000004,-6.1,11,Hero,0.6479936838150024,0.9995828704400496
799,3.0999999999999996,-6.9,19,Hero,0.6965952472467172,0.9998837332976492
800,4.1000000000000005,-5.8999999999999995,9,Hero,0.664507594373491,0.999996132320828
801,4.9,-5.1,1,Hero,0.7367591857910156,0.9999984502792358
802,3.7,-6.3,13,Hero,0.668265686585353,0.9999482723382803
803,4.1000000000000005,-5.8999999999999995,9,Hero,0.8495256635877821,0.9999856948852539
804,3.9000000000000004,-6.1,11,Hero,0.7475752383470535,0.9999613003297285
805,4.300000000000001,-5.699999999999999,7,Hero,0.6553386534963336,0.9999779122216361
806,3.0999999999999996,-6.9,19,Hero,0.6147217232930032,0.9996651316943922
807,3.7,-6.3,13,Hero,0.703583877820235,0.9996440089665927
808,4.7,-5.3,3,Hero,0.54670978585879,0.9999995231628418
809,3.9000000000000004,-6.1,11,Hero,0.7413975623520938,0.9999795935370706
810,3.4000000000000004,-6.6,16,Hero,0.6433000639081001,0.9985717609524727
811,3.7,-6.3,13,Hero,0.6134870659846526,0.9999994864830604
812,3.5,-6.5,15,Hero,0.4881198972463608,0.9999207456906637
813,3.6000000000000005,-6.3999999999999995,14,Hero,0.6300122610160283,0.9993976312024253
814,3.7,-6.3,13,Hero,0.6708013186087975,0.9993609556784997
815,3.0,-7.0,20,Hero,0.6785244449973107,0.9999898076057434
816,4.6000000000000005,-5.3999999999999995,4,Hero,0.9403832852840424,0.999994307756424
817,4.1000000000000005,-5.8999999999999995,9,Hero,0.7719076147509946,0.9999810457229614
818,3.8000000000000007,-6.199999999999999,12,Hero,0.6619870165983835,0.9997406552235285
819,4.1000000000000005,-5.8999999999999995,9,Hero,0.9753477440940009,0.9999924103418986
820,4.7,-5.3,3,Hero,0.9534622033437093,0.9999999205271403
821,4.1000000000000005,-5.8999999999999995,9,Hero,0.6428861750496758,0.9999973244137235
822,4.4,-5.6,6,Hero,0.8775418599446615,0.9999989668528239
823,3.8000000000000007,-6.199999999999999,12,Hero,0.7463609079519907,0.9998096525669098
824,4.0,-6.0,10,Hero,0.7706439554691314,0.9999314665794372
825,4.4,-5.6,6,Hero,0.5963064332803091,0.9999986886978149
826,4.1000000000000005,-5.8999999999999995,9,Hero,0.7008623960945342,0.9999901983473036
827,3.4000000000000004,-6.6,16,Hero,0.6364218527451158,0.9975102990865707
828,4.9,-5.1,1,Hero,0.5780259370803833,0.9999998807907104
829,3.4000000000000004,-6.6,16,Hero,0.6520920302718878,0.9999623447656631
830,4.5,-5.5,5,Hero,0.5777905821800232,0.9999992609024048
831,4.2,-5.8,8,Hero,0.9845974966883659,0.9999934732913971
832,3.9000000000000004,-6.1,11,Hero,0.7289627478881315,0.9999410943551497
833,4.2,-5.8,8,Hero,0.6756103672087193,0.999997153878212
834,4.9,-5.1,1,Hero,0.7927074432373047,0.9999998807907104
835,3.7,-6.3,13,Hero,0.7852723827728858,0.9998809557694656
836,4.0,-6.0,10,Hero,0.6560898572206497,0.9999504864215851
837,3.9000000000000004,-6.1,11,Hero,0.6838300661607222,0.9999864101409912
838,3.4000000000000004,-6.6,16,Hero,0.6461386131122708,0.9967048577964306
839,4.4,-5.6,6,Hero,0.8283424327770869,0.9999947945276896
840,4.0,-6.0,10,Hero,0.731374591588974,0.9998947501182556
841,3.7,-6.3,13,Hero,0.6003152888554794,0.9999995048229511
842,4.2,-5.8,8,Hero,0.9768181070685387,0.9999954253435135
843,4.4,-5.6,6,Hero,0.6570534010728201,0.9999997019767761
844,4.0,-6.0,10,Hero,0.824742341041565,0.9999865770339966
845,3.9000000000000004,-6.1,11,Hero,0.853600331328132,0.9999601407484575
846,3.6000000000000005,-6.3999999999999995,14,Hero,0.6146560545478549,0.9996013385908944
847,4.1000000000000005,-5.8999999999999995,9,Hero,0.7255984412299262,0.9999920792049832
848,4.6000000000000005,-5.3999999999999995,4,Hero,0.7981556504964828,0.9999947547912598
849,3.9000000000000004,-6.1,11,Hero,0.7199620685794137,0.9998215707865629
850,4.9,-5.1,1,Hero,0.9188042879104614,0.9999978542327881
851,3.5,-6.5,15,Hero,0.6545590241750081,0.999514623483022
852,3.9000000000000004,-6.1,11,Hero,0.7621379657225176,0.9999629800969904
853,3.8000000000000007,-6.199999999999999,12,Hero,0.6898716154197851,0.9996960610151291
854,4.2,-5.8,8,Hero,0.7176890601404011,0.9999732822179794
855,4.1000000000000005,-5.8999999999999995,9,Hero,0.6231720339920785,0.9999798933664957
856,3.8000000000000007,-6.199999999999999,12,Hero,0.6598345811168352,0.9996696909268697
857,3.7,-6.3,13,Hero,0.7153372283165271,0.9999127433850215
858,4.1000000000000005,-5.8999999999999995,9,Hero,0.8168305257956187,0.9999658001793755
859,4.300000000000001,-5.699999999999999,7,Hero,0.7779685003416879,0.9999990803854806
860,4.6000000000000005,-5.3999999999999995,4,Hero,0.6515860855579376,0.999999612569809
861,3.4000000000000004,-6.6,16,Hero,0.6659865062683821,0.9984440095722675
862,3.0999999999999996,-6.9,19,Hero,0.643198799537985,0.9998303965518349
863,3.7,-6.3,13,Hero,0.6574580348454989,0.9999814308606662
864,3.8000000000000007,-6.199999999999999,12,Hero,0.6006057113409042,0.9999727209409078
865,3.4000000000000004,-6.6,16,Hero,0.6631659641861916,0.9998609609901905
866,4.6000000000000005,-5.3999999999999995,4,Hero,0.7457653721794486,0.9999968111515045
867,3.6000000000000005,-6.3999999999999995,14,Hero,0.6825318123613086,0.9989656593118396
868,4.1000000000000005,-5.8999999999999995,9,Hero,0.9742802249060737,0.9999994039535522
869,4.5,-5.5,5,Hero,0.9689555287361145,0.9999994993209839
870,3.7,-6.3,13,Hero,0.7306598940004523,0.9998693741284884
871,3.8000000000000007,-6.199999999999999,12,Hero,0.7403108129898707,0.999585414926211
872,3.6000000000000005,-6.3999999999999995,14,Hero,0.7291876631123679,0.9997961691447667
873,4.1000000000000005,-5.8999999999999995,9,Hero,0.664849148856269,0.999985138575236
874,4.4,-5.6,6,Hero,0.7423784732818604,0.9999926884969076
875,4.2,-5.8,8,Hero,0.7019733339548111,0.9999089241027832
876,4.2,-5.8,8,Hero,0.9048037901520729,0.9999780207872391
877,3.9000000000000004,-6.1,11,Hero,0.7253634618087248,0.9996713454073126
878,4.0,-6.0,10,Hero,0.6481713786721229,0.9999255299568176
879,4.0,-6.0,10,Hero,0.6873172014951706,0.9999156296253204
880,4.300000000000001,-5.699999999999999,7,Hero,0.5305701664515904,0.999983515058245
881,4.0,-6.0,10,Hero,0.6341160327196121,0.9998850166797638
882,4.0,-6.0,10,Hero,0.6960578590631485,0.9999198377132416
883,4.4,-5.6,6,Hero,0.992502878109614,0.9999886353810629
884,4.4,-5.6,6,Hero,0.6922772924105326,0.9999804496765137
885,4.4,-5.6,6,Hero,0.6597812722126642,0.9999857544898987
886,4.4,-5.6,6,Hero,0.6797282000382742,0.9999992648760477
887,3.4000000000000004,-6.6,16,Hero,0.7510697869583964,0.9995689392089844
888,4.4,-5.6,6,Hero,0.7546557088692983,0.9999982913335165
889,4.0,-6.0,10,Hero,0.7077468633651733,0.9999977707862854
890,4.1000000000000005,-5.8999999999999995,9,Hero,0.7344535986582438,0.999985933303833
891,3.5,-6.5,15,Hero,0.6568137168884277,0.9999048948287964
892,3.9000000000000004,-6.1,11,Hero,0.8300608210265636,0.9999658953059803
893,4.300000000000001,-5.699999999999999,7,Hero,0.8632393245186124,0.9999781847000122
894,3.6000000000000005,-6.3999999999999995,14,Hero,0.6622751408389637,0.9989274910518101
895,4.1000000000000005,-5.8999999999999995,9,Hero,0.6220349139637418,0.9998648630248176
896,3.8000000000000007,-6.199999999999999,12,Hero,0.6025250169138113,0.9999662836392721
897,3.7,-6.3,13,Hero,0.7036563777006589,0.9999898763803335
898,3.6000000000000005,-6.3999999999999995,14,Hero,0.6427785796778542,0.9999175582613263
899,4.5,-5.5,5,Hero,0.5885959744453431,0.9999998569488525
900,3.9000000000000004,-6.1,11,Hero,0.6466436643492092,0.9999843510714445
901,4.2,-5.8,8,Hero,0.6400144807994366,0.9999994337558746
902,3.7,-6.3,13,Hero,0.7953736942548019,0.9999817976584802
903,4.2,-5.8,8,Hero,0.7031358368694782,0.9999989718198776
904,-5.3,4.7,3,Villain,0.642582376797994,0.9943815072377523
905,4.6000000000000005,-5.3999999999999995,4,Hero,0.7352720163762569,0.999999076128006
906,4.1000000000000005,-5.8999999999999995,9,Hero,0.8622077289554808,0.9999974171320597
907,3.7,-6.3,13,Hero,0.7582989587233617,0.9999735355377197
908,4.2,-5.8,8,Hero,0.6248463504016399,0.9999858736991882
909,3.4000000000000004,-6.6,16,Hero,0.6078072488307953,0.9987369403243065
910,3.6000000000000005,-6.3999999999999995,14,Hero,0.6603539394480842,0.9998448491096497
911,3.9000000000000004,-6.1,11,Hero,0.5826786715875972,0.9999902248382568
912,3.6000000000000005,-6.3999999999999995,14,Hero,0.5948551925165313,0.99968307358878
913,4.1000000000000005,-5.8999999999999995,9,Hero,0.7356778283913931,0.9999891652001275
914,4.1000000000000005,-5.8999999999999995,9,Hero,0.7110690573851267,0.9999976952870687
915,4.2,-5.8,8,Hero,0.6811420768499374,0.9999843686819077
916,4.1000000000000005,-5.8999999999999995,9,Hero,0.6541160378191206,0.9999632040659586
917,4.300000000000001,-5.699999999999999,7,Hero,0.587161089692797,0.9999354481697083
918,3.3,-6.7,17,Hero,0.6631851617027732,0.9992999294224907
919,3.9000000000000004,-6.1,11,Hero,0.7669494260441173,0.9999963695352728
920,4.9,-5.1,1,Hero,0.9995673298835754,0.9999971389770508
921,4.1000000000000005,-5.8999999999999995,9,Hero,0.7609283228715261,0.9999638530943129
922,4.4,-5.6,6,Hero,0.4651586612065633,0.9999983509381613
923,4.300000000000001,-5.699999999999999,7,Hero,0.7078698107174465,0.9999632324491229
924,4.9,-5.1,1,Hero,0.9989029169082642,0.9999973773956299
925,3.8000000000000007,-6.199999999999999,12,Hero,0.66804172595342,0.9995956023534139
926,4.4,-5.6,6,Hero,0.6887026081482569,0.9999997615814209
927,4.6000000000000005,-5.3999999999999995,4,Hero,0.8371471166610718,0.9999991357326508
928,4.7,-5.3,3,Hero,0.9698484142621359,0.9999980529149374
929,3.7,-6.3,13,Hero,0.6925256756635813,0.9998076237165011
930,3.8000000000000007,-6.199999999999999,12,Hero,0.713276378189524,0.9995079139868418
931,3.6000000000000005,-6.3999999999999995,14,Hero,0.6816673151084355,0.9975957274436951
932,4.1000000000000005,-5.8999999999999995,9,Hero,0.6795897682507833,0.9998732076750861
933,4.0,-6.0,10,Hero,0.7197382032871247,0.9999963402748108
934,3.6000000000000005,-6.3999999999999995,14,Hero,0.6465195396116802,0.9999556626592364
935,4.0,-6.0,10,Hero,0.6816930562257767,0.9999992251396179
936,3.6000000000000005,-6.3999999999999995,14,Hero,0.5194108177508626,0.9999767116137913
937,4.2,-5.8,8,Hero,0.8816932905465364,0.9999831318855286
938,3.7,-6.3,13,Hero,0.6447849296606504,0.9991238117218018
939,4.800000000000001,-5.199999999999999,2,Hero,0.6489902883768082,0.999998152256012
940,4.9,-5.1,1,Hero,0.9928250312805176,0.9999972581863403
941,3.6000000000000005,-6.3999999999999995,14,Hero,0.5866485674466405,0.9988802799156734
942,4.6000000000000005,-5.3999999999999995,4,Hero,0.9258010983467102,0.9999986886978149
943,3.7,-6.3,13,Hero,0.7593222145850842,0.9995677333611709
944,3.9000000000000004,-6.1,11,Hero,0.7503242573954843,0.9999978108839556
945,4.1000000000000005,-5.8999999999999995,9,Hero,0.6060201865103509,0.9999962117936876
946,4.6000000000000005,-5.3999999999999995,4,Hero,0.5793039947748184,0.9999945759773254
947,4.1000000000000005,-5.8999999999999995,9,Hero,0.5509931825929217,0.9999982648425632
948,4.7,-5.3,3,Hero,0.8283336758613586,0.9999998410542806
949,3.6000000000000005,-6.3999999999999995,14,Hero,0.6000498533248901,0.9999671237809318
950,3.9000000000000004,-6.1,11,Hero,0.8063238290223208,0.9999927932565863
951,3.5,-6.5,15,Hero,0.6435060888528824,0.9994937698046367
952,4.1000000000000005,-5.8999999999999995,9,Hero,0.9878073732058207,0.9999985032611423
953,4.4,-5.6,6,Hero,0.8098701826141527,0.9999751647313436
954,4.2,-5.8,8,Hero,0.6645287461578846,0.9999991953372955
955,3.8000000000000007,-6.199999999999999,12,Hero,0.6839235375324885,0.9999906023343405
956,3.5,-6.5,15,Hero,0.645599220196406,0.9999629894892375
957,3.7,-6.3,13,Hero,0.6778067029439486,0.9998258856626657
958,3.9000000000000004,-6.1,11,Hero,0.6885723688385703,0.9999306310306896
959,3.7,-6.3,13,Hero,0.7593874312364138,0.9999657410841721
960,4.300000000000001,-5.699999999999999,7,Hero,0.8372217161314828,0.9999992336545672
961,3.9000000000000004,-6.1,11,Hero,0.7563380409370769,0.999908837405118
962,4.1000000000000005,-5.8999999999999995,9,Hero,0.888956712351905,0.9999978674782647
963,4.300000000000001,-5.699999999999999,7,Hero,0.83764100926263,0.9999870232173375
964,3.3,-6.7,17,Hero,0.6537230803686029,0.9998661104370566
965,4.9,-5.1,1,Hero,0.9973260164260864,0.9999961853027344
966,3.5,-6.5,15,Hero,0.6758798261483511,0.9994017322858174
967,3.6000000000000005,-6.3999999999999995,14,Hero,0.7111537860972541,0.9996564047677177
968,3.5,-6.5,15,Hero,0.6670380954941114,0.9990006764729817
969,4.0,-6.0,10,Hero,0.8257847368717194,0.9999926209449768
970,3.9000000000000004,-6.1,11,Hero,0.857402964071794,0.9999892928383567
971,3.9000000000000004,-6.1,11,Hero,0.7444836795330048,0.9999810782345858
972,4.4,-5.6,6,Hero,0.731571281949679,0.9999962647755941
973,4.300000000000001,-5.699999999999999,7,Hero,0.6450494634253638,0.9999989952359881
974,4.1000000000000005,-5.8999999999999995,9,Hero,0.9928840001424154,0.9999941322538588
975,3.7,-6.3,13,Hero,0.6353925776023132,0.9999007811913123
976,4.300000000000001,-5.699999999999999,7,Hero,0.8177155085972377,0.9999994209834507
977,4.1000000000000005,-5.8999999999999995,9,Hero,0.6231006731589636,0.9997774759928385
978,4.5,-5.5,5,Hero,0.5767467021942139,0.9999870300292969
979,4.6000000000000005,-5.3999999999999995,4,Hero,0.5909805372357368,0.9999929070472717
980,4.4,-5.6,6,Hero,0.6974785079558691,0.9999916752179464
981,4.1000000000000005,-5.8999999999999995,9,Hero,0.8819276458687253,0.9999994039535522
982,3.4000000000000004,-6.6,16,Hero,0.7043694723397493,0.9999762624502182
983,4.1000000000000005,-5.8999999999999995,9,Hero,0.8158918387360043,0.9999329778883193
984,4.2,-5.8,8,Hero,0.7114503495395184,0.9999191015958786
985,4.1000000000000005,-5.8999999999999995,9,Hero,0.9651651978492737,0.999989284409417
986,4.0,-6.0,10,Hero,0.7680437296628952,0.999947863817215
987,4.2,-5.8,8,Hero,0.7119452804327011,0.9998956173658371
988,3.8000000000000007,-6.199999999999999,12,Hero,0.753215686728557,0.9999812543392181
989,4.0,-6.0,10,Hero,0.7501419812440873,0.9998117089271545
990,4.1000000000000005,-5.8999999999999995,9,Hero,0.6590119832091861,0.9998705983161926
991,3.5,-6.5,15,Hero,0.6059304585059484,0.9991162896156311
992,4.9,-5.1,1,Hero,0.879660427570343,0.9999998807907104
993,4.2,-5.8,8,Hero,0.983711838722229,0.9999875873327255
994,4.4,-5.6,6,Hero,0.6966880112886429,0.9999842246373495
995,3.6000000000000005,-6.3999999999999995,14,Hero,0.6228616833686829,0.9999123513698578
996,4.4,-5.6,6,Hero,0.7359023888905843,0.9999474982420603
997,4.0,-6.0,10,Hero,0.666333957016468,0.9999946832656861
998,4.9,-5.1,1,Hero,0.9771390557289124,0.9999957084655762
999,3.4000000000000004,-6.6,16,Hero,0.6611976101994514,0.9995684400200844
1000,4.2,-5.8,8,Hero,0.935159869492054,0.9999943375587463
1001,3.8000000000000007,-6.199999999999999,12,Hero,0.6902813340226809,0.999925509095192
1002,3.8000000000000007,-6.199999999999999,12,Hero,0.7725362398972114,0.9998966554800669
1003,3.9000000000000004,-6.1,11,Hero,0.8763678886673667,0.9999971173026345
1004,3.7,-6.3,13,Hero,0.633511592562382,0.9999919396180373
1005,3.9000000000000004,-6.1,11,Hero,0.8293867111206055,0.9999904957684603
1006,4.5,-5.5,5,Hero,0.6587369918823243,0.9999900817871094
1007,4.2,-5.8,8,Hero,0.6610605865716934,0.9999681711196899
1008,4.5,-5.5,5,Hero,0.9520474195480346,0.9999921321868896
1009,4.0,-6.0,10,Hero,0.6949272885918617,0.9998201787471771
1010,4.6000000000000005,-5.3999999999999995,4,Hero,0.95854252576828,0.9999884068965912
1011,4.1000000000000005,-5.8999999999999995,9,Hero,0.6383920427825716,0.9999849266476102
1012,3.7,-6.3,13,Hero,0.7851996032091287,0.9999873087956355
1013,3.8000000000000007,-6.199999999999999,12,Hero,0.6753561819593111,0.9994189838568369
1014,3.7,-6.3,13,Hero,0.6942234589503362,0.9992944002151489
1015,3.8000000000000007,-6.199999999999999,12,Hero,0.7984120969971021,0.9999837676684061
1016,4.5,-5.5,5,Hero,0.6967424750328064,0.9999987125396729
1017,4.7,-5.3,3,Hero,0.9708966215451559,0.9999950726826986
1018,3.7,-6.3,13,Hero,0.6333093895361974,0.9992724978006803
1019,4.2,-5.8,8,Hero,0.7300732638686895,0.9999979883432388
1020,3.7,-6.3,13,Hero,0.6617681682109833,0.9998648395905128
1021,4.1000000000000005,-5.8999999999999995,9,Hero,0.7060588482353423,0.9998089604907565
1022,3.6000000000000005,-6.3999999999999995,14,Hero,0.650789058634213,0.9991382232734135
1023,4.1000000000000005,-5.8999999999999995,9,Hero,0.6454695562521616,0.9999130103323195
1024,4.7,-5.3,3,Hero,0.5176582485437393,0.9999993642171224
1025,4.2,-5.8,8,Hero,0.7448030412197113,0.9999984055757523
1026,3.7,-6.3,13,Hero,0.635568203834387,0.9998681820355929
1027,-5.199999999999999,4.800000000000001,2,Villain,0.9626493752002716,0.9946258068084717
1028,4.0,-6.0,10,Hero,0.7017448425292969,0.999980115890503
1029,4.9,-5.1,1,Hero,0.3736412823200226,0.9999960660934448
1030,4.300000000000001,-5.699999999999999,7,Hero,0.9876957620893206,0.9999830722808838
1031,4.800000000000001,-5.199999999999999,2,Hero,0.883328765630722,0.9999992251396179
1032,4.2,-5.8,8,Hero,0.6904318891465664,0.9999788254499435
1033,3.6000000000000005,-6.3999999999999995,14,Hero,0.7124675767762321,0.999555766582489
1034,3.8000000000000007,-6.199999999999999,12,Hero,0.8401669412851334,0.9999530216058096
1035,4.800000000000001,-5.199999999999999,2,Hero,0.9728844165802002,0.9999997019767761
1036,3.0999999999999996,-6.9,19,Hero,0.639333407345571,0.9985316960435164
1037,4.0,-6.0,10,Hero,0.5476715952157974,0.9999983191490174
1038,3.3,-6.7,17,Hero,0.6823920949417002,0.9999500653323006
1039,4.2,-5.8,8,Hero,0.8017175085842609,0.9999876618385315
1040,4.5,-5.5,5,Hero,0.4601991675794125,0.9999835014343261
1041,3.6000000000000005,-6.3999999999999995,14,Hero,0.7112770080566406,0.9989288832460131
1042,4.0,-6.0,10,Hero,0.7569866895675659,0.9999903202056885
1043,3.4000000000000004,-6.6,16,Hero,0.6461108922958374,0.9985703080892563
1044,4.2,-5.8,8,Hero,0.8370832912623882,0.9999973177909851
1045,3.7,-6.3,13,Hero,0.6955296122110807,0.9999864284808819
1046,4.0,-6.0,10,Hero,0.8666891127824783,0.9999922394752503
1047,2.5999999999999996,-7.4,24,Hero,0.697481487567226,0.999689482152462
1048,4.6000000000000005,-5.3999999999999995,4,Hero,0.5529318228363991,0.9999851286411285
1049,3.8000000000000007,-6.199999999999999,12,Hero,0.6506975665688515,0.9994724144538244
1050,1.5999999999999988,-8.400000000000002,34,Hero,0.6967470321585151,0.9998432310188518
1051,3.8000000000000007,-6.199999999999999,12,Hero,0.713526050404956,0.9998696049054464
1052,3.7,-6.3,13,Hero,0.7343250994498913,0.999991352741535
1053,3.4000000000000004,-6.6,16,Hero,0.6416731392964721,0.9998847581446171
1054,3.5,-6.5,15,Hero,0.662199058632056,0.9999935626983643
1055,4.9,-5.1,1,Hero,0.9883441925048828,0.9999979734420776
1056,3.2,-6.8,18,Hero,0.6465288657281134,0.9999482697910733
1057,3.8000000000000007,-6.199999999999999,12,Hero,0.643037016193072,0.9998918622732162
1058,3.5,-6.5,15,Hero,0.6207703640063603,0.9982676982879639
1059,4.9,-5.1,1,Hero,0.9864869117736816,0.999996542930603
1060,4.2,-5.8,8,Hero,0.6415985003113747,0.9999832063913345
1061,4.300000000000001,-5.699999999999999,7,Hero,0.8123486638069153,0.9999996253422329
1062,4.800000000000001,-5.199999999999999,2,Hero,0.49854980409145355,0.9999994039535522
1063,3.8000000000000007,-6.199999999999999,12,Hero,0.8292585437496504,0.9998043775558472
1064,3.8000000000000007,-6.199999999999999,12,Hero,0.7534459580977758,0.9999932249387106
1065,3.5,-6.5,15,Hero,0.7268879473209381,0.9975651423136394
1066,4.0,-6.0,10,Hero,0.7538736075162887,0.9999783873558045
1067,4.300000000000001,-5.699999999999999,7,Hero,0.5735296585730144,0.9999981948307582
1068,3.9000000000000004,-6.1,11,Hero,0.8059723431413824,0.9999993389303033
1069,4.300000000000001,-5.699999999999999,7,Hero,0.6877237941537585,0.9999837875366211
1070,4.4,-5.6,6,Hero,0.9970303078492483,0.9999898672103882
1071,4.300000000000001,-5.699999999999999,7,Hero,0.6517022358519691,0.9999647651399884
1072,3.9000000000000004,-6.1,11,Hero,0.8529575196179476,0.9999247897755016
1073,4.0,-6.0,10,Hero,0.9050605744123459,0.9999785780906677
1074,3.6000000000000005,-6.3999999999999995,14,Hero,0.6754638488803592,0.9988317745072501
1075,4.1000000000000005,-5.8999999999999995,9,Hero,0.8194279505146874,0.9999978012508817
1076,4.300000000000001,-5.699999999999999,7,Hero,0.7892991325684956,0.9999808583940778
1077,4.2,-5.8,8,Hero,0.6079264171421528,0.9999490901827812
1078,3.5,-6.5,15,Hero,0.6758087158203125,0.9975372354189554
1079,3.3,-6.7,17,Hero,0.6273261028177598,0.9998127993415383
1080,4.1000000000000005,-5.8999999999999995,9,Hero,0.6667814378937086,0.9999980529149374
1081,4.4,-5.6,6,Hero,0.7173833598693212,0.9999954501787821
1082,3.5,-6.5,15,Hero,0.6565260966618855,0.9998529195785523
1083,3.3,-6.7,17,Hero,0.6513435148140964,0.9993702208294588
1084,4.2,-5.8,8,Hero,0.7160589955747128,0.9999078214168549
1085,4.9,-5.1,1,Hero,0.7280169725418091,0.9999996423721313
1086,4.2,-5.8,8,Hero,0.6475466415286064,0.9999782890081406
1087,3.8000000000000007,-6.199999999999999,12,Hero,0.6595070324838161,0.9999582668145498
1088,4.300000000000001,-5.699999999999999,7,Hero,0.9664422273635864,0.9999991995947701
1089,4.0,-6.0,10,Hero,0.6922082841396332,0.9999480307102203
1090,3.7,-6.3,13,Hero,0.6573284681026752,0.9999643655923697
1091,3.3,-6.7,17,Hero,0.6828777733094552,0.9998935425982756
1092,3.9000000000000004,-6.1,11,Hero,0.828043894334273,0.9999073635448109
1093,3.9000000000000004,-6.1,11,Hero,0.7969639057462866,0.9999139308929443
1094,3.4000000000000004,-6.6,16,Hero,0.6411738265305758,0.9998161420226097
1095,3.5,-6.5,15,Hero,0.6331170678138733,0.9996165752410888
1096,3.4000000000000004,-6.6,16,Hero,0.6679584449157119,0.9973898865282536
1097,4.300000000000001,-5.699999999999999,7,Hero,0.8302311812128339,0.9999652249472482
1098,3.4000000000000004,-6.6,16,Hero,0.6802417850121856,0.9998909719288349
1099,4.2,-5.8,8,Hero,0.8666686043143272,0.9999430775642395
1100,3.8000000000000007,-6.199999999999999,12,Hero,0.6431859756509463,0.9998901635408401
1101,3.5,-6.5,15,Hero,0.6402126411596935,0.9995826999346415
1102,3.6000000000000005,-6.3999999999999995,14,Hero,0.6347130930849484,0.996996534722192
1103,4.800000000000001,-5.199999999999999,2,Hero,0.5625450387597084,0.9999869465827942
1104,4.0,-6.0,10,Hero,0.7526700720191002,0.9999929189682006
1105,4.300000000000001,-5.699999999999999,7,Hero,0.6331036410161427,0.999998961176191
1106,3.9000000000000004,-6.1,11,Hero,0.8049105730923739,0.9999237927523527
1107,4.7,-5.3,3,Hero,0.5234666566054026,0.9999996423721313
1108,4.1000000000000005,-5.8999999999999995,9,Hero,0.9797125458717346,0.9999873108334012
1109,3.9000000000000004,-6.1,11,Hero,0.7789840264753862,0.9999363422393799
1110,4.9,-5.1,1,Hero,0.2473549097776413,0.9999985694885254
1111,3.6000000000000005,-6.3999999999999995,14,Hero,0.6440176958484309,0.9998155960014888
1112,4.6000000000000005,-5.3999999999999995,4,Hero,0.9923376888036728,0.9999956488609314
1113,3.7,-6.3,13,Hero,0.699288269218344,0.9999299966371976
1114,3.5,-6.5,15,Hero,0.6807713220516841,0.9320981843474632
1115,4.2,-5.8,8,Hero,0.8651785738766193,0.9999563694000244
1116,4.5,-5.5,5,Hero,0.7107036709785461,0.999998927116394
1117,4.9,-5.1,1,Hero,0.7257549166679382,0.9999939203262329
1118,4.2,-5.8,8,Hero,0.9756270572543144,0.9999760687351227
1119,4.5,-5.5,5,Hero,0.6763219594955444,0.9999970912933349
1120,4.300000000000001,-5.699999999999999,7,Hero,0.8741063645907811,0.9999956573758807
1121,4.5,-5.5,5,Hero,0.6302834153175354,0.999998140335083
1122,4.2,-5.8,8,Hero,0.7520845700055361,0.999963566660881
1123,4.1000000000000005,-5.8999999999999995,9,Hero,0.8148401810063256,0.9998568760024177
1124,3.4000000000000004,-6.6,16,Hero,0.6504901926964521,0.9985675029456615
1125,4.1000000000000005,-5.8999999999999995,9,Hero,0.7304900421036614,0.9999934169981215
1126,4.300000000000001,-5.699999999999999,7,Hero,0.7494465964181083,0.9999971900667463
1127,3.5,-6.5,15,Hero,0.610334467391173,0.9997535586357117
1128,4.7,-5.3,3,Hero,0.9471473296483358,0.9999978939692179
1129,3.8000000000000007,-6.199999999999999,12,Hero,0.6389565089096626,0.9999620417753855
1130,4.1000000000000005,-5.8999999999999995,9,Hero,0.6457088655895658,0.999995231628418
1131,4.7,-5.3,3,Hero,0.8553421497344971,0.999993364016215
1132,3.8000000000000007,-6.199999999999999,12,Hero,0.8029399961233139,0.9999714891115824
1133,3.8000000000000007,-6.199999999999999,12,Hero,0.8407425954937935,0.999991774559021
1134,4.6000000000000005,-5.3999999999999995,4,Hero,0.631376426666975,0.9999841153621674
1135,3.3,-6.7,17,Hero,0.6040017425137407,0.999763597460354
1136,3.9000000000000004,-6.1,11,Hero,0.5898858200420033,0.9997941255569458
1137,4.4,-5.6,6,Hero,0.8931347926457723,0.9999993443489075
1138,4.7,-5.3,3,Hero,0.9128830432891846,0.9999991655349731
1139,3.6000000000000005,-6.3999999999999995,14,Hero,0.7286453789898327,0.9999051519802639
1140,4.1000000000000005,-5.8999999999999995,9,Hero,0.6700201266341739,0.9998824066585965
1141,4.300000000000001,-5.699999999999999,7,Hero,0.6608928271702358,0.9998741405350822
1142,4.1000000000000005,-5.8999999999999995,9,Hero,0.8915708793534173,0.9999941984812418
1143,4.7,-5.3,3,Hero,0.8845475713411967,0.9999995231628418
1144,3.8000000000000007,-6.199999999999999,12,Hero,0.6182175278663635,0.9999428888161978
1145,3.7,-6.3,13,Hero,0.7753689158707857,0.9999969188983624
1146,4.300000000000001,-5.699999999999999,7,Hero,0.5789669028350285,0.9999993528638568
1147,3.7,-6.3,13,Hero,0.6781018273188517,0.9991472088373624
1148,3.5,-6.5,15,Hero,0.6391330043474833,0.9990171631177266
1149,4.1000000000000005,-5.8999999999999995,9,Hero,0.7408475081125895,0.9999674293729994
1150,4.2,-5.8,8,Hero,0.8889935724437237,0.9999973922967911
1151,4.0,-6.0,10,Hero,0.7755828097462654,0.9999656915664673
1152,4.300000000000001,-5.699999999999999,7,Hero,0.8388333341905049,0.9999985013689313
1153,4.5,-5.5,5,Hero,0.8191454648971558,0.9999980449676513
1154,3.8000000000000007,-6.199999999999999,12,Hero,0.7411881585915884,0.9999937613805135
1155,4.0,-6.0,10,Hero,0.6730070650577545,0.9999890565872193
1156,3.7,-6.3,13,Hero,0.7284982513922912,0.9999734346683209
1157,4.2,-5.8,8,Hero,0.8841123208403587,0.9999463856220245
1158,4.2,-5.8,8,Hero,0.7752020359039307,0.9998721182346344
1159,4.9,-5.1,1,Hero,0.8672659993171692,0.9999973773956299
1160,4.7,-5.3,3,Hero,0.6541658043861389,0.999999483426412
1161,4.300000000000001,-5.699999999999999,7,Hero,0.7254789088453565,0.9999515329088483
1162,3.4000000000000004,-6.6,16,Hero,0.6637078942731023,0.9976612664759159
1163,4.4,-5.6,6,Hero,0.6592504382133484,0.9999894698460897
1164,3.0,-7.0,20,Hero,0.5548051571473479,0.9572670459747314
1165,4.300000000000001,-5.699999999999999,7,Hero,0.6976337305137089,0.9999997786113194
1166,3.8000000000000007,-6.199999999999999,12,Hero,0.7230908498167992,0.999827449520429
1167,3.6000000000000005,-6.3999999999999995,14,Hero,0.684332264321191,0.9999285766056606
1168,3.9000000000000004,-6.1,11,Hero,0.6915581172162836,0.9996688636866483
1169,4.1000000000000005,-5.8999999999999995,9,Hero,0.8838915427525839,0.9999968210856119
1170,3.5,-6.5,15,Hero,0.7143924097220103,0.9997378428777058
1171,4.6000000000000005,-5.3999999999999995,4,Hero,0.7256446778774261,0.9999990463256836
1172,-5.3,4.7,3,Villain,0.9655471642812093,0.9972902139027914
1173,4.5,-5.5,5,Hero,0.543645192310214,0.9999977350234985
1174,3.5,-6.5,15,Hero,0.696379554271698,0.9999731699625651
1175,3.6000000000000005,-6.3999999999999995,14,Hero,0.7345620436327798,0.9997136379991259
1176,4.2,-5.8,8,Hero,0.7297538053244352,0.9999416917562485
1177,3.6000000000000005,-6.3999999999999995,14,Hero,0.7206997509513583,0.9981684344155448
1178,3.7,-6.3,13,Hero,0.7119542153982016,0.9999935535284189
1179,4.7,-5.3,3,Hero,0.6724473883708318,0.9999902645746866
1180,3.7,-6.3,13,Hero,0.7664989210092105,0.9999635494672335
1181,4.7,-5.3,3,Hero,0.9681352178255717,0.999998132387797
1182,3.6000000000000005,-6.3999999999999995,14,Hero,0.7474715422306742,0.9999821867261615
1183,4.6000000000000005,-5.3999999999999995,4,Hero,0.9651695042848587,0.9999909996986389
1184,4.0,-6.0,10,Hero,0.6596355676651001,0.99997638463974
1185,4.2,-5.8,8,Hero,0.69056386500597,0.9997996985912323
1186,4.4,-5.6,6,Hero,0.8557668824990591,0.9999990264574686
1187,3.9000000000000004,-6.1,11,Hero,0.6624384603717111,0.9999347654255953
1188,4.2,-5.8,8,Hero,0.758145771920681,0.9999927133321762
1189,3.6000000000000005,-6.3999999999999995,14,Hero,0.7452319945607867,0.9999815906797137
1190,4.1000000000000005,-5.8999999999999995,9,Hero,0.676691879828771,0.999988834063212
1191,4.2,-5.8,8,Hero,0.743101179599762,0.9999240860342979
1192,4.1000000000000005,-5.8999999999999995,9,Hero,0.7459855609469943,0.999986555841234
1193,4.5,-5.5,5,Hero,0.9762616395950318,0.9999994039535522
1194,4.1000000000000005,-5.8999999999999995,9,Hero,0.9003885984420776,0.9999683698018392
1195,4.5,-5.5,5,Hero,0.8023565769195556,0.9999787092208863
1196,3.7,-6.3,13,Hero,0.6739853849777808,0.9999536459262555
1197,4.2,-5.8,8,Hero,0.8951286002993584,0.9999933838844299
1198,4.800000000000001,-5.199999999999999,2,Hero,0.6717402935028076,0.9999980330467224
1199,4.5,-5.5,5,Hero,0.632995942234993,0.9999917030334473
1200,4.4,-5.6,6,Hero,0.6571097175280253,0.9999983310699463
1201,3.7,-6.3,13,Hero,0.7402397210781391,0.9999825312541082
1202,4.0,-6.0,10,Hero,0.6466400176286697,0.9999876379966736
1203,4.4,-5.6,6,Hero,0.9712323248386383,0.9999844630559286
1204,4.300000000000001,-5.699999999999999,7,Hero,0.8637960084847042,0.999994192804609
1205,4.800000000000001,-5.199999999999999,2,Hero,0.9439069330692291,0.9999934434890747
1206,4.300000000000001,-5.699999999999999,7,Hero,0.8203249728041035,0.999997752053397
1207,4.300000000000001,-5.699999999999999,7,Hero,0.9522920421191624,0.9999894755227225
1208,3.7,-6.3,13,Hero,0.7709668760116284,0.9987949041219858
1209,4.1000000000000005,-5.8999999999999995,9,Hero,0.6368953718079461,0.9999514089690315
1210,4.0,-6.0,10,Hero,0.9173611104488373,0.9999401807785034
1211,3.8000000000000007,-6.199999999999999,12,Hero,0.635094386835893,0.9994543145100275
1212,3.3,-6.7,17,Hero,0.7135947311625761,0.9992757509736454
1213,3.6000000000000005,-6.3999999999999995,14,Hero,0.6891168121780668,0.9999135519777026
1214,3.9000000000000004,-6.1,11,Hero,0.6705528118393638,0.9999783797697588
1215,4.300000000000001,-5.699999999999999,7,Hero,0.6258031065974917,0.9999555179050991
1216,4.300000000000001,-5.699999999999999,7,Hero,0.7085071631840297,0.9999557052339826
1217,4.7,-5.3,3,Hero,0.7274054984251658,0.999997615814209
1218,3.5,-6.5,15,Hero,0.5684666117032369,0.999099055926005
1219,4.2,-5.8,8,Hero,0.750813152641058,0.9999917298555374
1220,4.5,-5.5,5,Hero,0.9930971622467041,0.9999888420104981
1221,4.5,-5.5,5,Hero,0.6870084285736084,0.999998927116394
1222,3.7,-6.3,13,Hero,0.6397488644489875,0.9997196518457853
1223,4.4,-5.6,6,Hero,0.7743641634782156,0.9999600450197855
1224,4.2,-5.8,8,Hero,0.7826061584055424,0.9999868273735046
1225,4.4,-5.6,6,Hero,0.784164567788442,0.9999938805898031
1226,4.5,-5.5,5,Hero,0.8125990629196167,0.9999866962432862
1227,4.300000000000001,-5.699999999999999,7,Hero,0.7137315699032375,0.9999394246510097
1228,4.4,-5.6,6,Hero,0.7485804359118143,0.9999993840853373
1229,4.0,-6.0,10,Hero,0.8316185027360916,0.9999986171722413
1230,3.7,-6.3,13,Hero,0.6723453173270593,0.9999774602743295
1231,4.9,-5.1,1,Hero,0.9726102948188782,0.9999983310699463
1232,4.800000000000001,-5.199999999999999,2,Hero,0.5949278175830841,0.9999997615814209
1233,3.7,-6.3,13,Hero,0.6917101282339829,0.9998557384197528
1234,4.2,-5.8,8,Hero,0.9645455405116081,0.9999872595071793
1235,3.8000000000000007,-6.199999999999999,12,Hero,0.6531834105650584,0.9999241232872009
1236,3.7,-6.3,13,Hero,0.7863956368886508,0.9999498220590445
1237,3.4000000000000004,-6.6,16,Hero,0.6454739961773157,0.9999615922570229
1238,3.3,-6.7,17,Hero,0.6137825697660446,0.9996873315642861
1239,4.0,-6.0,10,Hero,0.9112046837806702,0.9999961495399475
1240,4.2,-5.8,8,Hero,0.7902551367878914,0.9999971091747284
1241,4.300000000000001,-5.699999999999999,7,Hero,0.961720449583871,0.9999925068446568
1242,4.300000000000001,-5.699999999999999,7,Hero,0.9615483028548104,0.9999953848975045
1243,3.3,-6.7,17,Hero,0.6548499237088596,0.997674864881179
1244,4.300000000000001,-5.699999999999999,7,Hero,0.9546456166676113,0.9999950102397374
1245,4.1000000000000005,-5.8999999999999995,9,Hero,0.6181685328483582,0.9998985131581625
1246,4.2,-5.8,8,Hero,0.6933762915432453,0.9998420476913452
1247,3.9000000000000004,-6.1,11,Hero,0.6863685683770613,0.9998510967601429
1248,3.8000000000000007,-6.199999999999999,12,Hero,0.6543733949462572,0.9999980429808298
1249,3.9000000000000004,-6.1,11,Hero,0.7624169086868112,0.9997408064928922
1250,4.6000000000000005,-5.3999999999999995,4,Hero,0.7553435489535332,0.9999845623970032
1251,4.4,-5.6,6,Hero,0.8241260548432668,0.9999981721242269
1252,4.4,-5.6,6,Hero,0.9758200446764628,0.9999987681706747
1253,4.800000000000001,-5.199999999999999,2,Hero,0.9910930693149567,0.9999929666519165
1254,3.9000000000000004,-6.1,11,Hero,0.5867114195769484,0.9999795068394054
1255,3.5,-6.5,15,Hero,0.707636151711146,0.9999075134595236
1256,4.2,-5.8,8,Hero,0.8399320840835571,0.9999829828739166
1257,3.5,-6.5,15,Hero,0.6618398269017537,0.9999895175298055
1258,3.5,-6.5,15,Hero,0.7249885380268097,0.999059009552002
1259,4.5,-5.5,5,Hero,0.7366726875305176,0.9999995231628418
1260,3.8000000000000007,-6.199999999999999,12,Hero,0.7464970474441847,0.9995849033196768
1261,4.300000000000001,-5.699999999999999,7,Hero,0.7496763212340218,0.9999707426343646
1262,4.5,-5.5,5,Hero,0.8810238480567932,0.9999658346176148
1263,3.5,-6.5,15,Hero,0.7252164522806803,0.9989100615183513
1264,4.0,-6.0,10,Hero,0.9044555783271789,0.9999596834182739
1265,4.6000000000000005,-5.3999999999999995,4,Hero,0.4465852901339531,0.9999971389770508
1266,4.800000000000001,-5.199999999999999,2,Hero,0.5097384303808212,0.9999992251396179
1267,4.4,-5.6,6,Hero,0.8865185379981995,0.9999978542327881
1268,3.5,-6.5,15,Hero,0.6402151723702748,0.9992004235585531
1269,3.7,-6.3,13,Hero,0.738964546758395,0.9998615475801321
1270,3.6000000000000005,-6.3999999999999995,14,Hero,0.5996731924159187,0.9998025212969098
1271,3.8000000000000007,-6.199999999999999,12,Hero,0.8332138583064079,0.9998140335083008
1272,4.7,-5.3,3,Hero,0.9449702898661295,0.9999975760777792
1273,4.1000000000000005,-5.8999999999999995,9,Hero,0.7516542176405588,0.9999957349565294
1274,4.4,-5.6,6,Hero,0.9118018547693888,0.9999927083651224
1275,4.5,-5.5,5,Hero,0.7799265623092652,0.9999932050704956
1276,4.800000000000001,-5.199999999999999,2,Hero,0.5279912427067757,0.9999954104423523
1277,3.6000000000000005,-6.3999999999999995,14,Hero,0.7035127984625953,0.9994800984859467
1278,3.4000000000000004,-6.6,16,Hero,0.5860101999714971,0.9992089718580246
1279,4.5,-5.5,5,Hero,0.6964599370956421,0.9999429225921631
1280,3.4000000000000004,-6.6,16,Hero,0.6313068992458284,0.999983623623848
1281,4.6000000000000005,-5.3999999999999995,4,Hero,0.6619871705770493,0.9999925196170807
1282,4.6000000000000005,-5.3999999999999995,4,Hero,0.8465344905853271,0.9999869167804718
1283,4.0,-6.0,10,Hero,0.865787398815155,0.9999963641166687
1284,4.300000000000001,-5.699999999999999,7,Hero,0.7206095840249743,0.9999535764966693
1285,4.0,-6.0,10,Hero,0.8324549794197083,0.9999945521354675
1286,4.1000000000000005,-5.8999999999999995,9,Hero,0.842342785663075,0.9999553892347548
1287,4.300000000000001,-5.699999999999999,7,Hero,0.6477350550038474,0.999995231628418
1288,4.5,-5.5,5,Hero,0.7309808671474457,0.9999575138092041
1289,4.4,-5.6,6,Hero,0.7263759175936381,0.9999396800994873
1290,4.2,-5.8,8,Hero,0.6635705158114433,0.9999973773956299
1291,4.4,-5.6,6,Hero,0.6459794243176779,0.9999183714389801
1292,4.300000000000001,-5.699999999999999,7,Hero,0.8037900243486676,0.9999909741537911
1293,4.5,-5.5,5,Hero,0.8489099502563476,0.9999987602233886
1294,4.4,-5.6,6,Hero,0.7281642705202103,0.9999936620394388
1295,3.8000000000000007,-6.199999999999999,12,Hero,0.7732080677524209,0.9997741729021072
1296,3.3,-6.7,17,Hero,0.6727236877469456,0.9977579712867737
1297,4.5,-5.5,5,Hero,0.8217330574989319,0.9999902009963989
1298,4.6000000000000005,-5.3999999999999995,4,Hero,0.582113467156887,0.9999875724315643
1299,4.6000000000000005,-5.3999999999999995,4,Hero,0.9548727124929428,0.9999963641166687
1300,4.5,-5.5,5,Hero,0.7807795703411102,0.9999567747116089
1301,4.6000000000000005,-5.3999999999999995,4,Hero,0.8005922436714172,0.9999946057796478
1302,4.1000000000000005,-5.8999999999999995,9,Hero,0.8836590159270499,0.9999891122182211
1303,3.9000000000000004,-6.1,11,Hero,0.8562092293392528,0.9997978427193381
1304,4.7,-5.3,3,Hero,0.6524293621381124,0.9999855756759644
1305,3.9000000000000004,-6.1,11,Hero,0.8368095403367822,0.9999602166089144
1306,3.7,-6.3,13,Hero,0.6116526224292241,0.9999767450185922
1307,4.1000000000000005,-5.8999999999999995,9,Hero,0.7017837779389487,0.999915189213223
1308,3.5,-6.5,15,Hero,0.7155240505933762,0.99996870358785
1309,2.9,-7.1,21,Hero,0.6018770154415896,0.9990546419506982
1310,-5.1,4.9,1,Villain,0.972009003162384,0.9999983310699463
1311,3.9000000000000004,-6.1,11,Hero,0.8298235725272786,0.999990235675465
1312,4.0,-6.0,10,Hero,0.6660126447677612,0.9999957323074341
1313,4.4,-5.6,6,Hero,0.6639332820971807,0.999973714351654
1314,3.5,-6.5,15,Hero,0.7009407818317414,0.999998132387797
1315,3.0,-7.0,20,Hero,0.6950275704264641,0.9998644709587097
1316,4.1000000000000005,-5.8999999999999995,9,Hero,0.8176954984664917,0.9999251498116387
1317,3.2,-6.8,18,Hero,0.5993844370047251,0.9999077585008409
1318,3.9000000000000004,-6.1,11,Hero,0.6939393986355175,0.9999987753954801
1319,4.4,-5.6,6,Hero,0.9904036422570547,0.9999875823656718
1320,3.9000000000000004,-6.1,11,Hero,0.7115042372183367,0.9999771226536144
1321,4.4,-5.6,6,Hero,0.8571048031250635,0.9999968608220419
1322,3.7,-6.3,13,Hero,0.5986845756952579,0.9997022931392376
1323,4.1000000000000005,-5.8999999999999995,9,Hero,0.7222283747461107,0.9997719724973043
1324,3.8000000000000007,-6.199999999999999,12,Hero,0.7343498393893242,0.9998846153418223
1325,3.4000000000000004,-6.6,16,Hero,0.6375252255238593,0.9997307248413563
1326,4.300000000000001,-5.699999999999999,7,Hero,0.8238875695637294,0.9999969516481672
1327,4.1000000000000005,-5.8999999999999995,9,Hero,0.9356293744511075,0.9999952448738946
1328,3.9000000000000004,-6.1,11,Hero,0.7407077117399736,0.9999916661869396
1329,4.5,-5.5,5,Hero,0.7533407986164093,0.9999980449676513
1330,4.1000000000000005,-5.8999999999999995,9,Hero,0.8348974850442674,0.9999662107891507
1331,4.0,-6.0,10,Hero,0.7063347816467285,0.9999677658081054
1332,3.9000000000000004,-6.1,11,Hero,0.655544476075606,0.9999751827933572
1333,4.0,-6.0,10,Hero,0.6633241176605225,0.9999637722969055
1334,3.7,-6.3,13,Hero,0.6368606933034383,0.9980843433967004
1335,4.4,-5.6,6,Hero,0.9356503585974375,0.9999769926071167
1336,4.1000000000000005,-5.8999999999999995,9,Hero,0.6396923760573069,0.9998846848805746
1337,3.3,-6.7,17,Hero,0.7876842617988586,0.9999663584372577
1338,4.0,-6.0,10,Hero,0.7629003822803497,0.9999700903892517
1339,4.2,-5.8,8,Hero,0.8294155113399029,0.9999886900186539
1340,-5.3,4.7,3,Villain,0.6639018654823303,0.9999953905741373
1341,3.7,-6.3,13,Hero,0.7321528333884019,0.9999655485153198
1342,4.0,-6.0,10,Hero,0.730183482170105,0.9999590456485749
1343,4.2,-5.8,8,Hero,0.6810170607641339,0.9999397769570351
1344,3.6000000000000005,-6.3999999999999995,14,Hero,0.5684231370687485,0.9998403787612915
1345,4.1000000000000005,-5.8999999999999995,9,Hero,0.856237017446094,0.9999991522894965
1346,4.0,-6.0,10,Hero,0.7927659571170806,0.9999735832214356
1347,4.0,-6.0,10,Hero,0.7705300867557525,0.9999897837638855
1348,4.300000000000001,-5.699999999999999,7,Hero,0.7142173264707837,0.9999173539025443
1349,3.5,-6.5,15,Hero,0.6448734303315481,0.9981527725855509
1350,3.5,-6.5,15,Hero,0.6958776066700617,0.9996856053670248
1351,4.0,-6.0,10,Hero,0.6515436492860317,0.9999961972236633
1352,3.8000000000000007,-6.199999999999999,12,Hero,0.7621010119716326,0.999985138575236
1353,3.7,-6.3,13,Hero,0.7393057105632929,0.9997373177455022
1354,4.1000000000000005,-5.8999999999999995,9,Hero,0.8096134612957636,0.999985310766432
1355,3.6000000000000005,-6.3999999999999995,14,Hero,0.6780074515513012,0.9999218881130219
1356,3.8000000000000007,-6.199999999999999,12,Hero,0.663454911361138,0.9999883671601614
1357,3.3,-6.7,17,Hero,0.5900323075406692,0.9998423141591689
1358,3.9000000000000004,-6.1,11,Hero,0.6352349817752838,0.9998693357814442
1359,3.9000000000000004,-6.1,11,Hero,0.6447674117305062,0.9999092600562356
1360,4.0,-6.0,10,Hero,0.8488937020301819,0.9999278843402862
1361,3.3,-6.7,17,Hero,0.5816308356383267,0.9978807533488554
1362,4.7,-5.3,3,Hero,0.9618490139643351,0.9999986489613851
1363,3.6000000000000005,-6.3999999999999995,14,Hero,0.6696255526372364,0.999785167830331
1364,4.7,-5.3,3,Hero,0.6511531273523966,0.999996542930603
1365,3.8000000000000007,-6.199999999999999,12,Hero,0.6974957138299942,0.9998737672964731
1366,4.5,-5.5,5,Hero,0.7145314931869506,0.9999993562698364
1367,4.0,-6.0,10,Hero,0.8742228120565414,0.999947702884674
1368,3.8000000000000007,-6.199999999999999,12,Hero,0.6946372563640276,0.9995662669340769
1369,4.1000000000000005,-5.8999999999999995,9,Hero,0.7975625238484807,0.9998421536551582
1370,4.2,-5.8,8,Hero,0.9668729901313782,0.9999841749668121
1371,3.2,-6.8,18,Hero,0.6644647137986289,0.9989862508243985
1372,3.3,-6.7,17,Hero,0.6523550047593958,0.9935082617928
1373,4.6000000000000005,-5.3999999999999995,4,Hero,0.9755512773990631,0.9999848008155823
1374,3.5,-6.5,15,Hero,0.7256747583548228,0.9994553883870443
1375,4.0,-6.0,10,Hero,0.8031388252973557,0.9999830484390259
1376,3.8000000000000007,-6.199999999999999,12,Hero,0.8084084714452425,0.9994496752818426
1377,4.1000000000000005,-5.8999999999999995,9,Hero,0.9574474891026815,0.9999902115927802
1378,3.7,-6.3,13,Hero,0.67995291776382,0.999731747003702
1379,4.0,-6.0,10,Hero,0.774147292971611,0.9999258995056153
1380,-5.1,4.9,1,Villain,0.9996826648712158,0.9995170831680298
1381,3.9000000000000004,-6.1,11,Hero,0.6986381682482633,0.999607736414129
1382,4.800000000000001,-5.199999999999999,2,Hero,0.9889693856239319,0.9999905824661255
1383,4.6000000000000005,-5.3999999999999995,4,Hero,0.598078578710556,0.9999993443489075
1384,-5.1,4.9,1,Villain,0.9948357343673706,0.9998496770858765
1385,4.2,-5.8,8,Hero,0.7721500247716904,0.9999968707561493
1386,3.3,-6.7,17,Hero,0.662524023476769,0.999627832104178
1387,4.800000000000001,-5.199999999999999,2,Hero,0.5617335885763168,0.9999872446060181
1388,4.300000000000001,-5.699999999999999,7,Hero,0.8150271773338318,0.9999774013246808
1389,3.8000000000000007,-6.199999999999999,12,Hero,0.624919501443704,0.9981123755375544
1390,4.2,-5.8,8,Hero,0.747992254793644,0.9999051913619041
1391,4.300000000000001,-5.699999999999999,7,Hero,0.8740839276994977,0.9999538149152484
1392,4.1000000000000005,-5.8999999999999995,9,Hero,0.756207631693946,0.9997898406452603
1393,4.1000000000000005,-5.8999999999999995,9,Hero,0.8846995590461625,0.9999818934334649
1394,3.9000000000000004,-6.1,11,Hero,0.7988426062193784,0.9998768622224982
1395,3.6000000000000005,-6.3999999999999995,14,Hero,0.6332788478050914,0.9998553991317749
1396,4.9,-5.1,1,Hero,0.8512715697288513,0.999987006187439
1397,4.1000000000000005,-5.8999999999999995,9,Hero,0.862201001909044,0.9999186595280966
1398,3.9000000000000004,-6.1,11,Hero,0.6482412151314996,0.9999307881702076
1399,4.2,-5.8,8,Hero,0.9010914117097855,0.9999803304672241
1400,4.1000000000000005,-5.8999999999999995,9,Hero,0.7847486906167533,0.9999950329462687
1401,3.6000000000000005,-6.3999999999999995,14,Hero,0.7187452401433673,0.9998294966561454
1402,4.7,-5.3,3,Hero,0.7195824434359869,0.9999975363413492
1403,3.9000000000000004,-6.1,11,Hero,0.7266798398711465,0.9999967596747659
1404,3.9000000000000004,-6.1,11,Hero,0.7094800174236298,0.9999923380938444
1405,4.2,-5.8,8,Hero,0.6784703843295574,0.9999959170818329
1406,3.3,-6.7,17,Hero,0.6776971036896986,0.9997017068021438
1407,3.2,-6.8,18,Hero,0.6294476261569394,0.9954445395204756
1408,4.300000000000001,-5.699999999999999,7,Hero,0.7314219091619764,0.9999953508377075
1409,3.8000000000000007,-6.199999999999999,12,Hero,0.7476809502889713,0.9999755422274271
1410,4.4,-5.6,6,Hero,0.6437510599692663,0.9999784032503763
1411,4.1000000000000005,-5.8999999999999995,9,Hero,0.7420070701175265,0.9999141030841403
1412,4.300000000000001,-5.699999999999999,7,Hero,0.694374075957707,0.9999607120241437
1413,3.4000000000000004,-6.6,16,Hero,0.6559680923819542,0.9992382526397705
1414,4.6000000000000005,-5.3999999999999995,4,Hero,0.6569600263610482,0.9999971985816956
1415,4.1000000000000005,-5.8999999999999995,9,Hero,0.8139988978703817,0.999973734219869
1416,4.6000000000000005,-5.3999999999999995,4,Hero,0.9853189438581467,0.9999789595603943
1417,4.0,-6.0,10,Hero,0.7684901610016823,0.999909269809723
1418,4.7,-5.3,3,Hero,0.653903196255366,0.9999992847442627
1419,3.5,-6.5,15,Hero,0.6173086216052374,0.9990596850713094
1420,3.5,-6.5,15,Hero,0.6836291362841924,0.9951280156771342
1421,4.1000000000000005,-5.8999999999999995,9,Hero,0.7446232752667533,0.9999903308020698
1422,4.1000000000000005,-5.8999999999999995,9,Hero,0.7415819846921496,0.99996460808648
1423,4.5,-5.5,5,Hero,0.6704172968864441,0.9999929666519165
1424,4.2,-5.8,8,Hero,0.6448958329856396,0.9999978393316269
1425,4.0,-6.0,10,Hero,0.7952577471733093,0.9999878287315369
1426,3.8000000000000007,-6.199999999999999,12,Hero,0.6678364425897598,0.9991021305322647
1427,4.0,-6.0,10,Hero,0.7882926367223263,0.9999936699867249
1428,3.7,-6.3,13,Hero,0.6865743559140426,0.9999417891869178
1429,3.7,-6.3,13,Hero,0.6416889446286055,0.9994374421926645
1430,4.7,-5.3,3,Hero,0.6923055003086726,0.9999976952870687
1431,3.7,-6.3,13,Hero,0.7696421765364133,0.9999748651797955
1432,3.4000000000000004,-6.6,16,Hero,0.6655653016641736,0.9884145483374596
1433,3.8000000000000007,-6.199999999999999,12,Hero,0.711483545601368,0.9992987116177877
1434,4.300000000000001,-5.699999999999999,7,Hero,0.9478076696395874,0.9999978712626866
1435,4.7,-5.3,3,Hero,0.5700086057186127,0.9999914964040121
1436,3.9000000000000004,-6.1,11,Hero,0.6464249274947427,0.9997416084462946
1437,-5.1,4.9,1,Villain,0.9981112480163574,0.999950647354126
1438,4.6000000000000005,-5.3999999999999995,4,Hero,0.8296342045068741,0.9999697804450989
1439,3.3,-6.7,17,Hero,0.6271064614548403,0.9972441301626318
1440,4.4,-5.6,6,Hero,0.8274587268630663,0.999995489915212
1441,4.1000000000000005,-5.8999999999999995,9,Hero,0.627433266904619,0.9999253749847412
1442,3.6000000000000005,-6.3999999999999995,14,Hero,0.7322944168533597,0.9974241597311837
1443,4.300000000000001,-5.699999999999999,7,Hero,0.6740173186574664,0.9999395523752485
1444,4.300000000000001,-5.699999999999999,7,Hero,0.6215872019529343,0.9999851328986031
1445,3.5,-6.5,15,Hero,0.6809305680294832,0.998714296023051
1446,4.2,-5.8,8,Hero,0.9825419709086418,0.9999772906303406
1447,4.4,-5.6,6,Hero,0.8680586417516073,0.9999959667523702
1448,3.5,-6.5,15,Hero,0.6988129377365112,0.9992157419522604
1449,4.1000000000000005,-5.8999999999999995,9,Hero,0.7017098748021655,0.9996601674291823
1450,4.2,-5.8,8,Hero,0.8655264219269156,0.9999888837337494
1451,3.8000000000000007,-6.199999999999999,12,Hero,0.7147931071619192,0.9999234328667322
1452,3.7,-6.3,13,Hero,0.7415995895862579,0.9999907383551965
1453,3.9000000000000004,-6.1,11,Hero,0.773743748664856,0.9996469075029547
1454,4.2,-5.8,8,Hero,0.7688787952065468,0.9998961016535759
1455,4.2,-5.8,8,Hero,0.6840526526793838,0.999899260699749
1456,3.6000000000000005,-6.3999999999999995,14,Hero,0.6871542813522475,0.998885874237333
1457,4.7,-5.3,3,Hero,0.8128973841667175,0.9999972184499105
1458,3.7,-6.3,13,Hero,0.8109147067253406,0.9999959377142099
1459,2.4999999999999996,-7.5,25,Hero,0.7020065915584565,0.9989554619789124
1460,2.1999999999999993,-7.800000000000001,28,Hero,0.7788823289530618,0.9999557329075677
1461,3.6000000000000005,-6.3999999999999995,14,Hero,0.7172904568059104,0.9998601675033569
1462,3.6000000000000005,-6.3999999999999995,14,Hero,0.6106177802596774,0.9955081471375057
1463,3.5,-6.5,15,Hero,0.6993628862003486,0.9998850544293721
1464,4.5,-5.5,5,Hero,0.7864826291799545,0.9999980211257935
1465,4.4,-5.6,6,Hero,0.8215824067592621,0.9999663432439169
1466,3.5,-6.5,15,Hero,0.6647582173347473,0.9999264041582744
1467,3.6000000000000005,-6.3999999999999995,14,Hero,0.6042702623776027,0.9995398265974862
1468,-5.6,4.4,6,Villain,0.6407575656970342,0.9977388083934784
1469,4.2,-5.8,8,Hero,0.73846036195755,0.9998930096626282
1470,4.2,-5.8,8,Hero,0.6246445626020432,0.9999635219573975
1471,4.0,-6.0,10,Hero,0.8874004527926445,0.9999928951263428
1472,3.9000000000000004,-6.1,11,Hero,0.8375999792055651,0.999975713816556
1473,3.8000000000000007,-6.199999999999999,12,Hero,0.6311802453516672,0.9997100681066513
1474,4.0,-6.0,10,Hero,0.9001640319824219,0.9999471306800842
1475,4.5,-5.5,5,Hero,0.7768152832984925,0.9999918222427369
1476,4.1000000000000005,-5.8999999999999995,9,Hero,0.6649170070886612,0.9999745819303725
1477,3.7,-6.3,13,Hero,0.6873000447566693,0.9997748457468473
1478,3.9000000000000004,-6.1,11,Hero,0.7452589930458502,0.9999529069120233
1479,4.2,-5.8,8,Hero,0.9783108681440353,0.9999940246343613
1480,4.1000000000000005,-5.8999999999999995,9,Hero,0.840202271938324,0.9999831782446967
1481,3.6000000000000005,-6.3999999999999995,14,Hero,0.6151545941829681,0.9999841281345913
1482,4.6000000000000005,-5.3999999999999995,4,Hero,0.9987791329622269,0.9999852180480957
1483,4.2,-5.8,8,Hero,0.8678109468892217,0.999994084239006
1484,-5.199999999999999,4.800000000000001,2,Villain,0.9535520970821381,0.9948547780513763
1485,4.9,-5.1,1,Hero,0.9828910827636719,0.9999902248382568
1486,3.9000000000000004,-6.1,11,Hero,0.7379520616748116,0.9999721808867021
1487,4.7,-5.3,3,Hero,0.6098037163416544,0.9999890327453613
1488,3.9000000000000004,-6.1,11,Hero,0.8115206116979773,0.9999935301867399
1489,3.6000000000000005,-6.3999999999999995,14,Hero,0.7048726198928696,0.999976532799857
1490,4.2,-5.8,8,Hero,0.6588882431387901,0.9999923408031464
1491,3.8000000000000007,-6.199999999999999,12,Hero,0.6123454136153063,0.9994814793268839
1492,3.8000000000000007,-6.199999999999999,12,Hero,0.7662003388007482,0.9995912363131841
1493,3.9000000000000004,-6.1,11,Hero,0.6319528384642168,0.9999788999557495
1494,3.9000000000000004,-6.1,11,Hero,0.6489837576042522,0.9999903873963789
1495,3.5,-6.5,15,Hero,0.7368934591611226,0.999717668692271
1496,-5.5,4.5,5,Villain,0.6709791600704194,0.9999386072158813
1497,3.9000000000000004,-6.1,11,Hero,0.7792241708798842,0.9999824112111871
1498,3.6000000000000005,-6.3999999999999995,14,Hero,0.572258277929255,0.9995198845863342
1499,3.7,-6.3,13,Hero,0.720202590410526,0.9999897113213172
1500,3.5,-6.5,15,Hero,0.5974262803792953,0.9992498397827149
1501,3.9000000000000004,-6.1,11,Hero,0.756277093833143,0.9996303536675193
1502,4.300000000000001,-5.699999999999999,7,Hero,0.9981657351766314,0.9999813522611346
1503,3.0999999999999996,-6.9,19,Hero,0.628215555297701,0.9996609625063444
1504,4.7,-5.3,3,Hero,0.9965931375821432,0.9999990065892538
1505,3.7,-6.3,13,Hero,0.6045888501864213,0.9999766258093027
1506,3.9000000000000004,-6.1,11,Hero,0.7688734152100303,0.9999984069304033
1507,4.5,-5.5,5,Hero,0.5738127827644348,0.9999888896942138
1508,4.1000000000000005,-5.8999999999999995,9,Hero,0.6194300121731229,0.9999853637483385
1509,4.800000000000001,-5.199999999999999,2,Hero,0.55381840467453,0.9999992251396179
1510,4.2,-5.8,8,Hero,0.8275501579046249,0.9999974220991135
1511,4.300000000000001,-5.699999999999999,7,Hero,0.9589661019189017,0.9999887602669852
1512,4.1000000000000005,-5.8999999999999995,9,Hero,0.7487352871232562,0.9999863041771783
1513,4.800000000000001,-5.199999999999999,2,Hero,0.515554890036583,0.9999997615814209
1514,4.300000000000001,-5.699999999999999,7,Hero,0.6651024839707783,0.999996713229588
1515,4.800000000000001,-5.199999999999999,2,Hero,0.5577089935541153,0.9999988079071045
1516,-5.3,4.7,3,Villain,0.996536115805308,0.9999995628992716
1517,3.4000000000000004,-6.6,16,Hero,0.6854527238756418,0.9999235682189465
1518,3.8000000000000007,-6.199999999999999,12,Hero,0.7151843508084615,0.9997539520263672
1519,3.9000000000000004,-6.1,11,Hero,0.615273879332976,0.9995591369542208
1520,3.7,-6.3,13,Hero,0.7298413744339576,0.9996748062280508
1521,4.2,-5.8,8,Hero,0.7054109200835228,0.9999028965830803
1522,3.6000000000000005,-6.3999999999999995,14,Hero,0.7180503159761429,0.9999885729381016
1523,4.1000000000000005,-5.8999999999999995,9,Hero,0.830036504401101,0.999990807639228
1524,3.8000000000000007,-6.199999999999999,12,Hero,0.8034913862744967,0.9999196728070577
1525,4.1000000000000005,-5.8999999999999995,9,Hero,0.8821875850359598,0.9999611907535129
1526,3.8000000000000007,-6.199999999999999,12,Hero,0.649508831401666,0.9997468789418539
1527,4.1000000000000005,-5.8999999999999995,9,Hero,0.8837953954935074,0.9999784231185913
1528,3.5,-6.5,15,Hero,0.6370483080546061,0.9998872955640157
1529,4.5,-5.5,5,Hero,0.9969638586044312,0.9999905109405518
1530,4.2,-5.8,8,Hero,0.9397576302289963,0.9999969005584717
1531,3.5,-6.5,15,Hero,0.7025520265102386,0.9977314670880636
1532,4.300000000000001,-5.699999999999999,7,Hero,0.8508121594786644,0.9999873808452061
1533,3.7,-6.3,13,Hero,0.7441928598743218,0.9995400263712957
1534,4.300000000000001,-5.699999999999999,7,Hero,0.7516341294561114,0.9999855416161674
1535,3.3,-6.7,17,Hero,0.6499915526193731,0.9977750813259798
1536,3.3,-6.7,17,Hero,0.7020340491743648,0.9998337486210991
1537,3.0999999999999996,-6.9,19,Hero,0.6238608313234228,0.9978481123321935
1538,4.9,-5.1,1,Hero,0.9868659377098083,0.9999996423721313
1539,4.0,-6.0,10,Hero,0.6570677071809768,0.9999190032482147
1540,4.2,-5.8,8,Hero,0.5289874188601971,0.9999988079071045
1541,3.8000000000000007,-6.199999999999999,12,Hero,0.678336980442206,0.9999019851287206
1542,4.9,-5.1,1,Hero,0.9944919347763062,0.999987006187439
1543,4.300000000000001,-5.699999999999999,7,Hero,0.5819420239755085,0.9999686649867466
1544,4.5,-5.5,5,Hero,0.5965380311012268,0.999995231628418
1545,3.9000000000000004,-6.1,11,Hero,0.7689511667598378,0.9999988620931451
1546,4.1000000000000005,-5.8999999999999995,9,Hero,0.9678945938746134,0.999992224905226
1547,4.1000000000000005,-5.8999999999999995,9,Hero,0.9735982749197218,0.999982065624661
1548,3.6000000000000005,-6.3999999999999995,14,Hero,0.7350719677550452,0.999307666506086
1549,4.1000000000000005,-5.8999999999999995,9,Hero,0.7867767579025693,0.9999989536073473
1550,3.4000000000000004,-6.6,16,Hero,0.6330367922782898,0.9988823123276234
1551,3.8000000000000007,-6.199999999999999,12,Hero,0.6751657041410605,0.9999638696511587
1552,4.800000000000001,-5.199999999999999,2,Hero,0.724588543176651,0.9999793171882629
1553,3.3,-6.7,17,Hero,0.6315979869926677,0.9961771509226631
1554,3.5,-6.5,15,Hero,0.6724067658185959,0.9995879888534546
1555,4.2,-5.8,8,Hero,0.9569535255432129,0.9999798983335495
1556,3.9000000000000004,-6.1,11,Hero,0.7022375477985903,0.9999877322803844
1557,4.5,-5.5,5,Hero,0.9596625685691833,0.9999993085861206
1558,3.5,-6.5,15,Hero,0.6670476992925009,0.9997385144233704
1559,3.6000000000000005,-6.3999999999999995,14,Hero,0.670891793910414,0.9986104369163513
1560,3.5,-6.5,15,Hero,0.6657727817694347,0.9962479511896769
1561,4.800000000000001,-5.199999999999999,2,Hero,0.9882149398326874,0.9999980926513672
1562,3.8000000000000007,-6.199999999999999,12,Hero,0.7909892064829668,0.9997461438179016
1563,4.1000000000000005,-5.8999999999999995,9,Hero,0.7823927915758557,0.9999932448069254
1564,4.2,-5.8,8,Hero,0.8650851547718048,0.999993309378624
1565,4.6000000000000005,-5.3999999999999995,4,Hero,0.9691548943519592,0.9999989569187164
1566,3.9000000000000004,-6.1,11,Hero,0.7909018749540503,0.9995924559506503
1567,4.5,-5.5,5,Hero,0.5697528779506683,0.9999818086624146
1568,4.0,-6.0,10,Hero,0.7923112332820892,0.9999016165733338
1569,4.4,-5.6,6,Hero,0.8059924704333147,0.9999813834826151
1570,3.9000000000000004,-6.1,11,Hero,0.7876489514654333,0.9999980493025347
1571,4.7,-5.3,3,Hero,0.9593084255854288,0.9999829133351644
1572,4.0,-6.0,10,Hero,0.7202442318201066,0.9999909639358521
1573,3.8000000000000007,-6.199999999999999,12,Hero,0.6992345564067364,0.9998796979586283
1574,3.0,-7.0,20,Hero,0.5476697813719511,0.9999628126621246
1575,4.0,-6.0,10,Hero,0.741512268781662,0.9999143242835998
1576,4.5,-5.5,5,Hero,0.6102107286453247,0.9999889850616455
1577,4.4,-5.6,6,Hero,0.725871761639913,0.9999799529711405
1578,3.9000000000000004,-6.1,11,Hero,0.6662266471169211,0.999868019060655
1579,4.2,-5.8,8,Hero,0.8551443023607135,0.9999882578849792
1580,4.2,-5.8,8,Hero,0.6785073708742857,0.999976634979248
1581,4.1000000000000005,-5.8999999999999995,9,Hero,0.7037529928816689,0.9999451372358534
1582,4.2,-5.8,8,Hero,0.6338562145829201,0.9999867975711823
1583,4.1000000000000005,-5.8999999999999995,9,Hero,0.7040069964196947,0.9999571906195747
1584,3.8000000000000007,-6.199999999999999,12,Hero,0.6428703392545382,0.9993242969115576
1585,4.2,-5.8,8,Hero,0.8070827908813953,0.9999855905771255
1586,3.7,-6.3,13,Hero,0.7072472721338272,0.99994957447052
1587,4.4,-5.6,6,Hero,0.731231319407622,0.9999712109565735
1588,4.300000000000001,-5.699999999999999,7,Hero,0.6650461506630693,0.9999250769615173
1589,4.1000000000000005,-5.8999999999999995,9,Hero,0.5881156366732385,0.9998786979251437
1590,4.300000000000001,-5.699999999999999,7,Hero,0.9733647874423436,0.9999984332493373
1591,4.6000000000000005,-5.3999999999999995,4,Hero,0.8007900938391685,0.9999745190143585
1592,3.6000000000000005,-6.3999999999999995,14,Hero,0.6270447405321258,0.9997891230242593
1593,3.8000000000000007,-6.199999999999999,12,Hero,0.6915413451691469,0.9999366899331411
1594,3.5,-6.5,15,Hero,0.6709512857099375,0.9975789467493693
1595,3.9000000000000004,-6.1,11,Hero,0.7667327022010629,0.9999339580535889
1596,4.0,-6.0,10,Hero,0.8778213441371918,0.9998972892761231
1597,3.3,-6.7,17,Hero,0.6509903467753354,0.9998320095679339
1598,3.7,-6.3,13,Hero,0.7040182787638444,0.9999366815273578
1599,4.4,-5.6,6,Hero,0.7352265926698843,0.9999988476435343
1600,4.300000000000001,-5.699999999999999,7,Hero,0.8140974949513163,0.999942455972944
1601,3.4000000000000004,-6.6,16,Hero,0.65538583509624,0.9870056957006454
1602,3.7,-6.3,13,Hero,0.7495202594078504,0.998682819879972
1603,3.8000000000000007,-6.199999999999999,12,Hero,0.6975865041216215,0.9999552220106125
1604,3.6000000000000005,-6.3999999999999995,14,Hero,0.6387902615325791,0.9999358228274754
1605,4.1000000000000005,-5.8999999999999995,9,Hero,0.6866066654523214,0.9999125599861145
1606,4.2,-5.8,8,Hero,0.9587886333465576,0.9999960660934448
1607,3.5,-6.5,15,Hero,0.6865057777613401,0.9992900292078654
1608,4.2,-5.8,8,Hero,0.8842195831239223,0.9999957382678986
1609,3.5,-6.5,15,Hero,0.633910408616066,0.9968364795049032
1610,3.4000000000000004,-6.6,16,Hero,0.6260166801512241,0.9996673911809921
1611,4.6000000000000005,-5.3999999999999995,4,Hero,0.6437043882906437,0.9999745786190033
1612,3.6000000000000005,-6.3999999999999995,14,Hero,0.7137994042464665,0.9998140547956739
1613,3.7,-6.3,13,Hero,0.6367667466402054,0.99992508154649
1614,4.300000000000001,-5.699999999999999,7,Hero,0.7017488990511213,0.9998730335916791
1615,3.8000000000000007,-6.199999999999999,12,Hero,0.8005625618000826,0.9999004006385803
1616,4.2,-5.8,8,Hero,0.6947016380727291,0.9999646544456482
1617,3.6000000000000005,-6.3999999999999995,14,Hero,0.7076478866594178,0.9995969065598079
1618,3.8000000000000007,-6.199999999999999,12,Hero,0.5994321952263514,0.9165512414368399
1619,4.300000000000001,-5.699999999999999,7,Hero,0.8468993306159973,0.9999947207314628
1620,3.8000000000000007,-6.199999999999999,12,Hero,0.6894752196967602,0.9997599621613821
1621,3.7,-6.3,13,Hero,0.7029858621267172,0.9998292326927185
1622,4.5,-5.5,5,Hero,0.7782253384590149,0.9999591588974
1623,4.300000000000001,-5.699999999999999,7,Hero,0.7658417097159794,0.9999629259109497
1624,4.4,-5.6,6,Hero,0.6491630027691523,0.9999967416127523
1625,3.6000000000000005,-6.3999999999999995,14,Hero,0.7162010222673416,0.9970900884696415
1626,4.1000000000000005,-5.8999999999999995,9,Hero,0.6043927752309375,0.9999061293072171
1627,4.1000000000000005,-5.8999999999999995,9,Hero,0.6427003029319975,0.9999704890780978
1628,3.8000000000000007,-6.199999999999999,12,Hero,0.593733511865139,0.9995016157627106
1629,4.2,-5.8,8,Hero,0.8580622933804989,0.9999953508377075
1630,4.7,-5.3,3,Hero,0.9051710764567057,0.999999205271403
1631,3.9000000000000004,-6.1,11,Hero,0.7052807618271221,0.9999811432578347
1632,3.8000000000000007,-6.199999999999999,12,Hero,0.6259970888495445,0.9989883055289587
1633,4.0,-6.0,10,Hero,0.8119582563638688,0.9999543309211731
1634,3.8000000000000007,-6.199999999999999,12,Hero,0.751121404270331,0.9993584106365839
1635,4.5,-5.5,5,Hero,0.7677264630794525,0.999984335899353
1636,4.6000000000000005,-5.3999999999999995,4,Hero,0.7343626618385315,0.9999985098838806
1637,4.2,-5.8,8,Hero,0.7051971033215523,0.9997782409191132
1638,4.4,-5.6,6,Hero,0.7945607950290045,0.999998132387797
1639,4.2,-5.8,8,Hero,0.8518113261088729,0.9999861568212509
1640,4.2,-5.8,8,Hero,0.8897563479840755,0.9999920576810837
1641,4.800000000000001,-5.199999999999999,2,Hero,0.5640486031770706,0.9999985098838806
1642,3.5,-6.5,15,Hero,0.6734270284573237,0.9997961163520813
1643,4.1000000000000005,-5.8999999999999995,9,Hero,0.9828831023640103,0.9999973244137235
1644,4.0,-6.0,10,Hero,0.8031121820211411,0.9999211370944977
1645,4.300000000000001,-5.699999999999999,7,Hero,0.8273049550397056,0.9999738420758929
1646,4.0,-6.0,10,Hero,0.827542906999588,0.9997678518295288
1647,4.1000000000000005,-5.8999999999999995,9,Hero,0.736220465766059,0.9997332361009386
1648,4.1000000000000005,-5.8999999999999995,9,Hero,0.6270121600892808,0.9998362395498488
1649,3.6000000000000005,-6.3999999999999995,14,Hero,0.6871135362557003,0.9999016651085445
1650,4.1000000000000005,-5.8999999999999995,9,Hero,0.970146099726359,0.9999622901280721
1651,4.5,-5.5,5,Hero,0.7411404609680176,0.9999516487121582
1652,4.7,-5.3,3,Hero,0.9157507022221884,0.9999942382176717
1653,4.800000000000001,-5.199999999999999,2,Hero,0.9827660322189331,0.9999798536300659
1654,4.300000000000001,-5.699999999999999,7,Hero,0.8668300339153835,0.9999466453279767
1655,4.300000000000001,-5.699999999999999,7,Hero,0.8651741359915052,0.9999951124191284
1656,-5.3,4.7,3,Villain,0.9994128942489624,0.9999825159708658
1657,4.1000000000000005,-5.8999999999999995,9,Hero,0.7133248183462355,0.9999165601200528
1658,3.2,-6.8,18,Hero,0.656404553188218,0.9418471130645938
1659,3.9000000000000004,-6.1,11,Hero,0.7725102291865782,0.9995824857191606
1660,4.1000000000000005,-5.8999999999999995,9,Hero,0.869428296883901,0.9999406337738037
1661,3.2,-6.8,18,Hero,0.6447536783913771,0.9979456033971574
1662,4.1000000000000005,-5.8999999999999995,9,Hero,0.9856006900469462,0.9999977747599283
1663,3.9000000000000004,-6.1,11,Hero,0.8613197370008989,0.9999981251629916
1664,4.1000000000000005,-5.8999999999999995,9,Hero,0.6719991034931607,0.9998226033316718
1665,4.7,-5.3,3,Hero,0.6686602830886841,0.9999973376592001
1666,-5.3,4.7,3,Villain,0.9999622901280721,0.9999993244806925
1667,3.2,-6.8,18,Hero,0.6217200309038162,0.9995588792694939
1668,3.3,-6.7,17,Hero,0.6447031813509324,0.9999992005965289
1669,4.0,-6.0,10,Hero,0.6807525724172592,0.999786376953125
1670,4.1000000000000005,-5.8999999999999995,9,Hero,0.8854054146342807,0.9999882645077176
1671,4.0,-6.0,10,Hero,0.9086909770965577,0.9999920725822449
1672,4.7,-5.3,3,Hero,0.8087736368179321,0.9999963442484537
1673,-5.3999999999999995,4.6000000000000005,4,Villain,0.736303061246872,0.9994020462036133
1674,-5.3,4.7,3,Villain,0.9959272543589274,0.9999916553497314
1675,4.1000000000000005,-5.8999999999999995,9,Hero,0.8508689006169637,0.9999645551045736
1676,4.6000000000000005,-5.3999999999999995,4,Hero,0.9614860415458679,0.9999950528144836
1677,4.2,-5.8,8,Hero,0.9061895981431007,0.9999744445085526
1678,4.4,-5.6,6,Hero,0.7388484080632528,0.9999399383862814
1679,3.6000000000000005,-6.3999999999999995,14,Hero,0.7010583600827626,0.9996627526623862
1680,4.2,-5.8,8,Hero,0.676586383022368,0.9998965337872505
1681,4.6000000000000005,-5.3999999999999995,4,Hero,0.7186673358082771,0.9999992549419403
1682,4.5,-5.5,5,Hero,0.7211888253688812,0.9999967575073242
1683,4.6000000000000005,-5.3999999999999995,4,Hero,0.995905727148056,0.9999982118606567
1684,4.2,-5.8,8,Hero,0.7758502624928951,0.99998439848423
1685,3.2,-6.8,18,Hero,0.7103983076910177,0.999914675951004
1686,2.3999999999999995,-7.6000000000000005,26,Hero,0.7856719857798173,0.9999928153478183
1687,4.6000000000000005,-5.3999999999999995,4,Hero,0.9977919310331345,0.999991774559021
1688,4.5,-5.5,5,Hero,0.5797378957271576,0.9999750137329102
1689,2.9,-7.1,21,Hero,0.8425399258378006,0.9999975533712477
1690,3.3,-6.7,17,Hero,0.8380818511633312,0.999887203468996
1691,2.6999999999999997,-7.300000000000001,23,Hero,0.7110435881692431,0.9999974344087683
1692,2.5999999999999996,-7.4,24,Hero,0.7061125844096144,0.9992644563317299
1693,4.2,-5.8,8,Hero,0.9982220754027367,0.999972864985466
1694,3.0999999999999996,-6.9,19,Hero,0.6976946309993142,0.999830424785614
1695,3.4000000000000004,-6.6,16,Hero,0.7870797030627728,0.9998951926827431
1696,3.3,-6.7,17,Hero,0.6314700745484408,0.9987120137495153
1697,3.0999999999999996,-6.9,19,Hero,0.7183251420133993,0.9998555810827958
1698,4.800000000000001,-5.199999999999999,2,Hero,0.9725951254367828,0.9999824166297913
1699,3.6000000000000005,-6.3999999999999995,14,Hero,0.6974472573825291,0.999991910798209
1700,3.9000000000000004,-6.1,11,Hero,0.6785385588353331,0.9999980276281183
1701,4.0,-6.0,10,Hero,0.5982376068830491,0.9999497294425964
1702,4.1000000000000005,-5.8999999999999995,9,Hero,0.6911768582132127,0.9999763435787625
1703,3.2,-6.8,18,Hero,0.6143752833207449,0.9393373696754376
1704,3.4000000000000004,-6.6,16,Hero,0.6234874473884702,0.9995380416512489
1705,4.1000000000000005,-5.8999999999999995,9,Hero,0.8182606465286679,0.9999991522894965
1706,4.2,-5.8,8,Hero,0.9895379021763802,0.9999958276748657
1707,4.6000000000000005,-5.3999999999999995,4,Hero,0.5205542296171188,0.9999991655349731
1708,4.800000000000001,-5.199999999999999,2,Hero,0.5875361636281013,0.9999997019767761
1709,4.5,-5.5,5,Hero,0.7484269738197327,0.9999925851821899
1710,4.5,-5.5,5,Hero,0.6568279981613159,0.9999942541122436
1711,4.1000000000000005,-5.8999999999999995,9,Hero,0.7498169243335724,0.9998623728752136
1712,3.8000000000000007,-6.199999999999999,12,Hero,0.7078564825157324,0.9997925013303757
1713,4.2,-5.8,8,Hero,0.6579004712402821,0.9999826997518539
1714,4.2,-5.8,8,Hero,0.8621138818562031,0.9999982714653015
1715,3.4000000000000004,-6.6,16,Hero,0.6471744440495968,0.9999869391322136
1716,3.4000000000000004,-6.6,16,Hero,0.7112553771585226,0.9999769553542137
1717,4.5,-5.5,5,Hero,0.6221859872341156,0.9999433517456054
1718,3.6000000000000005,-6.3999999999999995,14,Hero,0.6370551053966794,0.9998974459511893
1719,3.9000000000000004,-6.1,11,Hero,0.6888729645447298,0.9997054446827282
1720,1.5999999999999988,-8.400000000000002,34,Hero,0.7235586355056833,0.9999951439745286
1721,4.6000000000000005,-5.3999999999999995,4,Hero,0.7847158014774323,0.9999554455280304
1722,4.6000000000000005,-5.3999999999999995,4,Hero,0.7019121199846268,0.9999833703041077
1723,3.8000000000000007,-6.199999999999999,12,Hero,0.8170353248715401,0.9999932746092478
1724,3.6000000000000005,-6.3999999999999995,14,Hero,0.7081110264573779,0.9278814613322278
1725,3.6000000000000005,-6.3999999999999995,14,Hero,0.7213078077350344,0.9999412809099469
1726,3.8000000000000007,-6.199999999999999,12,Hero,0.7191737505296866,0.9998555531104406
1727,3.5,-6.5,15,Hero,0.618273115158081,0.9978246212005615
1728,4.2,-5.8,8,Hero,0.9825253486633301,0.999999389052391
1729,4.1000000000000005,-5.8999999999999995,9,Hero,0.8820857008298238,0.9999831385082669
1730,3.0999999999999996,-6.9,19,Hero,0.6536183388609635,0.9449626969075516
1731,4.300000000000001,-5.699999999999999,7,Hero,0.656376125557082,0.9999834980283465
1732,4.1000000000000005,-5.8999999999999995,9,Hero,0.6653192010190752,0.9998684061898125
1733,3.9000000000000004,-6.1,11,Hero,0.7882442555644296,0.9999986561861905
1734,4.2,-5.8,8,Hero,0.8693578466773033,0.9999805092811584
1735,3.7,-6.3,13,Hero,0.732015766776525,0.9998218692266024
1736,3.9000000000000004,-6.1,11,Hero,0.6523982421918348,0.999784913930026
1737,4.9,-5.1,1,Hero,0.9588413834571838,0.9999998807907104
1738,4.6000000000000005,-5.3999999999999995,4,Hero,0.9649055898189545,0.9999982714653015
1739,4.0,-6.0,10,Hero,0.887083449959755,0.999999749660492
1740,3.5,-6.5,15,Hero,0.6630057106415431,0.9995249152183533
1741,4.6000000000000005,-5.3999999999999995,4,Hero,0.6033626049757004,0.9999902844429016
1742,4.1000000000000005,-5.8999999999999995,9,Hero,0.8031453026665581,0.9999973111682467
1743,3.2,-6.8,18,Hero,0.7139478236850765,0.9999100996388329
1744,4.300000000000001,-5.699999999999999,7,Hero,0.8635162200246539,0.9999986205782209
1745,4.2,-5.8,8,Hero,0.6924746632575989,0.9999426603317261
1746,4.300000000000001,-5.699999999999999,7,Hero,0.701195089412587,0.9999993188040597
1747,4.6000000000000005,-5.3999999999999995,4,Hero,0.7299061696976423,0.9999939501285553
1748,4.1000000000000005,-5.8999999999999995,9,Hero,0.8815156552526686,0.9999958011839125
1749,4.0,-6.0,10,Hero,0.6471786439418793,0.9999345302581787
1750,3.5,-6.5,15,Hero,0.7047185028592745,0.9999749422073364
1751,4.300000000000001,-5.699999999999999,7,Hero,0.6932915874889919,0.9999484590121678
1752,4.300000000000001,-5.699999999999999,7,Hero,0.665530685867582,0.9999633686883109
1753,3.0999999999999996,-6.9,19,Hero,0.6502537785226626,0.993899615187394
1754,4.300000000000001,-5.699999999999999,7,Hero,0.8139752660478864,0.9999995401927403
1755,4.4,-5.6,6,Hero,0.7842059483130773,0.9999997218449911
1756,4.4,-5.6,6,Hero,0.9947347640991211,0.9999968012173971
1757,4.5,-5.5,5,Hero,0.6667918741703034,0.9999995470046997
1758,3.4000000000000004,-6.6,16,Hero,0.7258569626137614,0.9999899119138718
1759,4.9,-5.1,1,Hero,0.9676382541656494,0.9999973773956299
1760,4.0,-6.0,10,Hero,0.6491176649928093,0.9999953150749207
1761,4.7,-5.3,3,Hero,0.9956661462783813,0.999999483426412
1762,3.9000000000000004,-6.1,11,Hero,0.7994240603663705,0.9999483932148326
1763,2.5999999999999996,-7.4,24,Hero,0.7009430763622125,0.9999882777531942
1764,3.2,-6.8,18,Hero,0.6617544674211078,0.9997425807846917
1765,4.7,-5.3,3,Hero,0.9813100695610046,0.9999997615814209
1766,4.300000000000001,-5.699999999999999,7,Hero,0.6902705558708736,0.9999383773122515
1767,4.9,-5.1,1,Hero,0.7022147178649902,0.9999992847442627
1768,-5.1,4.9,1,Villain,0.7878355979919434,0.9232579469680786
1769,4.2,-5.8,8,Hero,0.9519649893045425,0.9999938160181046
1770,3.8000000000000007,-6.199999999999999,12,Hero,0.6549622664848963,0.9999458094437917
1771,4.1000000000000005,-5.8999999999999995,9,Hero,0.6803357534938388,0.9999997880723741
1772,4.1000000000000005,-5.8999999999999995,9,Hero,0.6854556600252787,0.99999115202162
1773,4.4,-5.6,6,Hero,0.6774970144033432,0.9999873240788778
1774,4.7,-5.3,3,Hero,0.9462546904881796,0.9999983708063761
1775,3.2,-6.8,18,Hero,0.6789467798338996,0.9999001026153564
1776,4.1000000000000005,-5.8999999999999995,9,Hero,0.7611978583865695,0.9999816417694092
1777,4.800000000000001,-5.199999999999999,2,Hero,0.9011531174182892,0.9999992251396179
1778,4.7,-5.3,3,Hero,0.9071635405222574,0.9999987681706747
1779,3.4000000000000004,-6.6,16,Hero,0.6637431718409061,0.9999782592058182
1780,3.5,-6.5,15,Hero,0.7002950857083002,0.9998745878537496
1781,3.5,-6.5,15,Hero,0.6516114503145218,0.9995838483174642
1782,4.2,-5.8,8,Hero,0.8729845024645329,0.9999922960996628
1783,4.300000000000001,-5.699999999999999,7,Hero,0.6620460833821978,0.999982476234436
1784,3.8000000000000007,-6.199999999999999,12,Hero,0.6910732984542847,0.9999817808469137
1785,4.0,-6.0,10,Hero,0.7055989593267441,0.999987006187439
1786,4.2,-5.8,8,Hero,0.952805906534195,0.9999969303607941
1787,3.9000000000000004,-6.1,11,Hero,0.8611499423330481,0.9999872554432262
1788,3.8000000000000007,-6.199999999999999,12,Hero,0.8322992076476415,0.9999989668528239
1789,3.8000000000000007,-6.199999999999999,12,Hero,0.7872324908773104,0.9999995728333791
1790,4.5,-5.5,5,Hero,0.9345450758934021,0.999998664855957
1791,3.9000000000000004,-6.1,11,Hero,0.8538829413327303,0.9999820535833185
1792,3.9000000000000004,-6.1,11,Hero,0.8397621485320005,0.999999696558172
1793,3.8000000000000007,-6.199999999999999,12,Hero,0.6979757969578108,0.9999777873357137
1794,4.800000000000001,-5.199999999999999,2,Hero,0.950652688741684,0.9999998807907104
1795,4.300000000000001,-5.699999999999999,7,Hero,0.9605881231171745,0.9999987057277134
1796,4.300000000000001,-5.699999999999999,7,Hero,0.6824078836611339,0.9999990803854806
1797,3.6000000000000005,-6.3999999999999995,14,Hero,0.680240313921656,0.9999941331999642
1798,4.9,-5.1,1,Hero,0.496868371963501,0.9999996423721313
1799,3.9000000000000004,-6.1,11,Hero,0.7289557971737601,0.9998896176164801
1800,4.4,-5.6,6,Hero,0.5850988825162252,0.9999982118606567
1801,3.7,-6.3,13,Hero,0.6494699258070725,0.9999935351885282
1802,4.300000000000001,-5.699999999999999,7,Hero,0.9129552330289569,0.9999991655349731
1803,4.4,-5.6,6,Hero,0.6571099907159805,0.9999993840853373
1804,4.7,-5.3,3,Hero,0.7019695937633514,1.0
1805,2.9,-7.1,21,Hero,0.6254908353799865,0.9993504456111363
1806,4.2,-5.8,8,Hero,0.5784108648076653,0.999997079372406
1807,2.8,-7.2,22,Hero,0.6446368640119379,0.9998620315031572
1808,2.9,-7.1,21,Hero,0.7304690444753283,0.9999995628992716
1809,3.7,-6.3,13,Hero,0.6536775403297864,0.9996393918991089
1810,3.9000000000000004,-6.1,11,Hero,0.7628357437523928,0.9999843402342363
1811,3.6000000000000005,-6.3999999999999995,14,Hero,0.6056875480072839,0.9999754854610988
1812,4.300000000000001,-5.699999999999999,7,Hero,0.9932473812784467,0.9999993358339582
1813,4.300000000000001,-5.699999999999999,7,Hero,0.7510716574532645,0.9999972411564418
1814,3.7,-6.3,13,Hero,0.8014528980621924,0.9999991380251371
1815,4.1000000000000005,-5.8999999999999995,9,Hero,0.7358666790856255,0.9999986754523383
1816,4.4,-5.6,6,Hero,0.7186031093200048,0.9999997218449911
1817,4.5,-5.5,5,Hero,0.7471331715583801,1.0
1818,4.0,-6.0,10,Hero,0.795135760307312,0.9999608039855957
1819,4.0,-6.0,10,Hero,0.6531006515026092,0.9999907732009887
1820,3.8000000000000007,-6.199999999999999,12,Hero,0.7682566369573275,0.9999326666196188
1821,-5.3,4.7,3,Villain,0.720402866601944,0.9999633630116781
1822,4.800000000000001,-5.199999999999999,2,Hero,0.8367725610733032,0.9999995231628418
1823,-5.1,4.9,1,Villain,0.9327915906906128,0.9999953508377075
1824,4.5,-5.5,5,Hero,0.6057041168212891,0.9999970197677612
1825,3.0999999999999996,-6.9,19,Hero,0.6838328148189344,0.9999991341641075
1826,3.9000000000000004,-6.1,11,Hero,0.8158197619698264,0.9999994906512174
1827,3.8000000000000007,-6.199999999999999,12,Hero,0.5170060507953167,0.999999612569809
1828,3.8000000000000007,-6.199999999999999,12,Hero,0.6630945677558581,0.9999994536240896
1829,4.1000000000000005,-5.8999999999999995,9,Hero,0.9035989625586404,0.9999963707394071
1830,3.6000000000000005,-6.3999999999999995,14,Hero,0.6839178800582886,0.9998924349035535
1831,-5.3999999999999995,4.6000000000000005,4,Villain,0.997448518872261,0.9999071806669235
1832,4.0,-6.0,10,Hero,0.6316278576850891,0.9999993562698364
1833,3.6000000000000005,-6.3999999999999995,14,Hero,0.6719106659293175,0.9998958366257804
1834,4.2,-5.8,8,Hero,0.7559916209429502,0.9999988675117493
1835,4.9,-5.1,1,Hero,0.9274362325668335,1.0
1836,3.7,-6.3,13,Hero,0.703007194858331,0.9999801012185904
1837,4.1000000000000005,-5.8999999999999995,9,Hero,0.7505263156361051,0.9999990595711602
1838,4.1000000000000005,-5.8999999999999995,9,Hero,0.8219436688555611,0.9999949402279324
1839,3.8000000000000007,-6.199999999999999,12,Hero,0.7266922394434611,0.9999744196732839
1840,4.2,-5.8,8,Hero,0.7573627158999443,0.9999987483024597
1841,4.5,-5.5,5,Hero,0.9961293816566468,0.9999985456466675
1842,3.4000000000000004,-6.6,16,Hero,0.74510214664042,0.9999488294124603
1843,4.9,-5.1,1,Hero,0.8652412295341492,0.9999998807907104
1844,4.2,-5.8,8,Hero,0.7678034249693155,0.9999852478504181
1845,4.300000000000001,-5.699999999999999,7,Hero,0.61607511980193,0.9999980756214687
1846,4.6000000000000005,-5.3999999999999995,4,Hero,0.9800868779420853,0.9999982118606567
1847,4.300000000000001,-5.699999999999999,7,Hero,0.6225668915680477,0.9999990122658866
1848,-5.3,4.7,3,Villain,0.9919329682985941,0.9999626477559408
1849,3.8000000000000007,-6.199999999999999,12,Hero,0.7802500824133555,0.9999160518248876
1850,3.5,-6.5,15,Hero,0.7376622597376505,0.9999885320663452
1851,4.1000000000000005,-5.8999999999999995,9,Hero,0.8367138173845079,0.999999894036187
1852,3.9000000000000004,-6.1,11,Hero,0.6954358152367852,0.999908674846996
1853,4.5,-5.5,5,Hero,0.9878092288970948,0.9999988079071045
1854,3.9000000000000004,-6.1,11,Hero,0.8072666238824074,0.9999881982803345
1855,4.1000000000000005,-5.8999999999999995,9,Hero,0.785589314169354,0.9999997748268975
1856,4.0,-6.0,10,Hero,0.8260640799999237,0.9999991536140442
1857,4.2,-5.8,8,Hero,0.8598511479794979,0.999996542930603
1858,3.6000000000000005,-6.3999999999999995,14,Hero,0.7870358505419323,0.9999992506844657
1859,4.2,-5.8,8,Hero,0.9828067347407341,0.9999984800815582
1860,3.9000000000000004,-6.1,11,Hero,0.6622833176092668,0.9998352852734652
1861,3.3,-6.7,17,Hero,0.6541105605223599,0.9999251646154067
1862,3.6000000000000005,-6.3999999999999995,14,Hero,0.7325694688728878,0.9995805876595634
1863,4.7,-5.3,3,Hero,0.7143262624740601,0.9999968210856119
1864,4.0,-6.0,10,Hero,0.849692913889885,0.9999995708465577
1865,4.1000000000000005,-5.8999999999999995,9,Hero,0.9751545257038541,0.9999988608890109
1866,4.0,-6.0,10,Hero,0.7455831915140152,0.999982213973999
1867,3.9000000000000004,-6.1,11,Hero,0.7175575359301134,0.9999964995817705
1868,4.300000000000001,-5.699999999999999,7,Hero,0.8409059856619153,0.9999990122658866
1869,4.0,-6.0,10,Hero,0.6813316732645035,0.999997353553772
1870,3.8000000000000007,-6.199999999999999,12,Hero,0.6789421464006106,0.9999978542327881
1871,4.9,-5.1,1,Hero,0.7464189529418945,0.9999988079071045
1872,4.1000000000000005,-5.8999999999999995,9,Hero,0.9917065037621392,0.999999894036187
1873,3.5,-6.5,15,Hero,0.6307316859563191,0.9993768294652303
1874,3.8000000000000007,-6.199999999999999,12,Hero,0.6215671511987845,0.999960740407308
1875,3.7,-6.3,13,Hero,0.656482818034979,0.999999477313115
1876,4.1000000000000005,-5.8999999999999995,9,Hero,0.611928334666623,0.9999983178244697
1877,4.9,-5.1,1,Hero,0.2024199515581131,0.9999997615814209
1878,4.5,-5.5,5,Hero,0.8859937787055969,0.9999998807907104
1879,4.300000000000001,-5.699999999999999,7,Hero,0.9176846316882542,0.9999992506844657
1880,3.4000000000000004,-6.6,16,Hero,0.7143752686679363,0.999655656516552
1881,3.9000000000000004,-6.1,11,Hero,0.8330893252383579,0.9999995340000499
1882,4.4,-5.6,6,Hero,0.6736167222261429,0.9999983509381613
1883,3.0,-7.0,20,Hero,0.6551882073283195,0.9998511344194412
1884,4.7,-5.3,3,Hero,0.9591149886449178,0.9999994436899821
1885,3.5,-6.5,15,Hero,0.6135695705811183,0.9999993801116943
1886,3.8000000000000007,-6.199999999999999,12,Hero,0.7914047439893087,0.99998210867246
1887,3.0999999999999996,-6.9,19,Hero,0.730838783477482,0.9996573046634072
1888,4.800000000000001,-5.199999999999999,2,Hero,0.5218886882066727,0.9999991059303284
1889,3.9000000000000004,-6.1,11,Hero,0.8341880152848634,0.9999985478141091
1890,4.300000000000001,-5.699999999999999,7,Hero,0.7515092492103577,0.9999851158687046
1891,4.6000000000000005,-5.3999999999999995,4,Hero,0.7392379939556122,0.9999966621398926
1892,4.300000000000001,-5.699999999999999,7,Hero,0.8374523903642382,0.9999909571238926
1893,3.9000000000000004,-6.1,11,Hero,0.7309447973966599,0.9999769926071167
1894,3.2,-6.8,18,Hero,0.759505159738991,0.9999650518099467
1895,4.0,-6.0,10,Hero,0.7008667826652527,0.9999491155147553
1896,4.1000000000000005,-5.8999999999999995,9,Hero,0.6539820167753432,0.9999965694215562
1897,4.2,-5.8,8,Hero,0.8946202024817467,0.9999995827674866
1898,3.6000000000000005,-6.3999999999999995,14,Hero,0.6957014958773341,0.9999566759381976
1899,4.7,-5.3,3,Hero,0.7234378258387247,0.9999997615814209
1900,4.4,-5.6,6,Hero,0.734004924694697,0.9999876221021017
1901,4.1000000000000005,-5.8999999999999995,9,Hero,0.667256795697742,0.9999856551488241
1902,4.0,-6.0,10,Hero,0.7793443828821183,0.9999989151954651
1903,3.9000000000000004,-6.1,11,Hero,0.7527386850931428,0.999997312372381
1904,4.300000000000001,-5.699999999999999,7,Hero,0.8448053023644856,0.999998824937003
1905,4.2,-5.8,8,Hero,0.8788097277283669,0.9999948441982269
1906,3.0999999999999996,-6.9,19,Hero,0.6457201956624263,0.9983931497523659
1907,3.6000000000000005,-6.3999999999999995,14,Hero,0.8095743459250245,0.9999948484557015
1908,3.7,-6.3,13,Hero,0.7637526358549411,0.9997456257159894
1909,4.0,-6.0,10,Hero,0.8089737355709076,0.9999990463256836
1910,4.2,-5.8,8,Hero,0.9296762049198151,0.9999994784593582
1911,4.0,-6.0,10,Hero,0.7163821578025817,0.9999746203422546
1912,4.0,-6.0,10,Hero,0.7304813385009765,0.9999901294708252
1913,4.4,-5.6,6,Hero,0.9791554907957712,0.9999965826670328
1914,4.9,-5.1,1,Hero,0.9921585321426392,0.9999995231628418
1915,3.3,-6.7,17,Hero,0.6680183691136977,0.999914569013259
1916,4.300000000000001,-5.699999999999999,7,Hero,0.8298284837177822,0.9999975476946149
1917,4.6000000000000005,-5.3999999999999995,4,Hero,0.9973479360342026,0.9999998807907104
1918,3.9000000000000004,-6.1,11,Hero,0.6602991575544531,0.9999139254743402
1919,4.0,-6.0,10,Hero,0.8265045285224915,0.9999956727027893
1920,4.1000000000000005,-5.8999999999999995,9,Hero,0.8015083405706618,0.9999934832255045
1921,4.6000000000000005,-5.3999999999999995,4,Hero,0.876959502696991,0.9999972879886627
1922,3.5,-6.5,15,Hero,0.6784920612970988,0.9999768416086833
1923,3.8000000000000007,-6.199999999999999,12,Hero,0.7603119934598604,0.9999362975358963
1924,4.0,-6.0,10,Hero,0.755604088306427,0.9999630570411682
1925,-5.1,4.9,1,Villain,0.9446464776992798,0.999911904335022
1926,4.1000000000000005,-5.8999999999999995,9,Hero,0.9000442557864718,0.9999969402949015
1927,4.1000000000000005,-5.8999999999999995,9,Hero,0.7710792598211103,0.9999991125530667
1928,4.4,-5.6,6,Hero,0.8804126332203547,0.9999998807907104
1929,4.7,-5.3,3,Hero,0.6931828012069067,0.9999991257985433
1930,4.1000000000000005,-5.8999999999999995,9,Hero,0.9954934451315138,0.9999979734420776
1931,3.6000000000000005,-6.3999999999999995,14,Hero,0.7137233167886734,0.9999952231134687
1932,4.300000000000001,-5.699999999999999,7,Hero,0.7824850124972207,0.9999939714159284
1933,3.8000000000000007,-6.199999999999999,12,Hero,0.6726844292134047,0.999992181857427
1934,3.8000000000000007,-6.199999999999999,12,Hero,0.8139098758498827,0.9999674459298452
1935,3.8000000000000007,-6.199999999999999,12,Hero,0.6549132168292999,0.9998175899187723
1936,3.3,-6.7,17,Hero,0.6975427804624333,0.999962287790635
1937,4.1000000000000005,-5.8999999999999995,9,Hero,0.8174319432841407,0.9999981853697035
1938,4.6000000000000005,-5.3999999999999995,4,Hero,0.6497593373060226,0.9999982118606567
1939,4.9,-5.1,1,Hero,0.762656033039093,0.9999980926513672
1940,3.8000000000000007,-6.199999999999999,12,Hero,0.7461502452691396,0.9999798138936361
1941,4.2,-5.8,8,Hero,0.8989513963460922,0.999996155500412
1942,4.4,-5.6,6,Hero,0.6525836984316508,0.9999997814496359
1943,3.6000000000000005,-6.3999999999999995,14,Hero,0.7322325190928366,0.9999977946281433
1944,4.4,-5.6,6,Hero,0.69573941330115,0.9999957283337911
1945,4.0,-6.0,10,Hero,0.8944432467222214,0.9999996423721313
1946,4.300000000000001,-5.699999999999999,7,Hero,0.9790962168148586,0.9999989441462925
1947,-5.1,4.9,1,Villain,0.9981276392936707,0.9999998807907104
1948,4.2,-5.8,8,Hero,0.9360824897885323,0.9999969005584717
1949,3.9000000000000004,-6.1,11,Hero,0.8348887020891363,0.9999995556744662
1950,4.300000000000001,-5.699999999999999,7,Hero,0.8384736180305481,0.9999996253422329
1951,3.2,-6.8,18,Hero,0.6300981011655595,0.9948805504375033
1952,4.300000000000001,-5.699999999999999,7,Hero,0.6450482713324683,0.9999802112579346
1953,3.7,-6.3,13,Hero,0.7080866167178521,0.9999730220207801
1954,4.800000000000001,-5.199999999999999,2,Hero,0.9328465163707733,0.9999976754188538
1955,4.2,-5.8,8,Hero,0.6370799914002419,0.9999889135360718
1956,3.6000000000000005,-6.3999999999999995,14,Hero,0.8062312661537102,0.9999966025352478
1957,4.6000000000000005,-5.3999999999999995,4,Hero,0.9432302713394165,0.9999992251396179
1958,3.2,-6.8,18,Hero,0.7566962871286604,0.9999827345212301
1959,3.7,-6.3,13,Hero,0.7486536250664637,0.9999949106803308
1960,3.4000000000000004,-6.6,16,Hero,0.6390986191108823,0.9998474083840847
1961,3.8000000000000007,-6.199999999999999,12,Hero,0.7334720728298029,0.9999913473924001
1962,3.7,-6.3,13,Hero,0.7227015380675976,0.999982604613671
1963,4.5,-5.5,5,Hero,0.5689844846725464,0.9999980688095093
1964,3.8000000000000007,-6.199999999999999,12,Hero,0.640099740276734,0.9999784330526987
1965,3.4000000000000004,-6.6,16,Hero,0.6728035258129239,0.9997301436960697
1966,4.7,-5.3,3,Hero,0.6668872386217117,0.9999998807907104
1967,4.2,-5.8,8,Hero,0.6688535585999489,0.9999991357326508
1968,4.300000000000001,-5.699999999999999,7,Hero,0.7995317501149007,0.9999985524586269
1969,4.1000000000000005,-5.8999999999999995,9,Hero,0.8849877963463465,0.9999989800983005
1970,3.2,-6.8,18,Hero,0.6573544644440213,0.998709241549174
1971,3.0999999999999996,-6.9,19,Hero,0.708132634821691,0.9999785799729196
1972,4.1000000000000005,-5.8999999999999995,9,Hero,0.7513762580023872,0.9999949667188857
1973,4.1000000000000005,-5.8999999999999995,9,Hero,0.9014307194285922,0.9999979999330308
1974,3.7,-6.3,13,Hero,0.6257809434945767,0.9999962678322425
1975,4.6000000000000005,-5.3999999999999995,4,Hero,0.6994726806879044,0.9999984204769135
1976,4.300000000000001,-5.699999999999999,7,Hero,0.9637537258011954,0.9999965599605015
1977,4.0,-6.0,10,Hero,0.5954214721918106,0.9999355196952819
1978,4.0,-6.0,10,Hero,0.8044072389602661,0.9999901294708252
1979,4.300000000000001,-5.699999999999999,7,Hero,0.9646388803209577,0.9999955722263881
1980,4.5,-5.5,5,Hero,0.965135109424591,0.999999737739563
1981,4.300000000000001,-5.699999999999999,7,Hero,0.7639966862542289,0.999996440751212
1982,4.4,-5.6,6,Hero,0.5816217238704363,0.9999911586443583
1983,4.1000000000000005,-5.8999999999999995,9,Hero,0.5904180544118086,0.999976807170444
1984,3.6000000000000005,-6.3999999999999995,14,Hero,0.7291588761976787,0.9999858481543404
1985,3.6000000000000005,-6.3999999999999995,14,Hero,0.7953364849090576,0.9999979393822807
1986,4.300000000000001,-5.699999999999999,7,Hero,0.6468079813889095,0.9999983651297433
1987,4.5,-5.5,5,Hero,0.8435125827789307,0.9999931335449219
1988,4.1000000000000005,-5.8999999999999995,9,Hero,0.8296056820286645,0.9999939203262329
1989,3.4000000000000004,-6.6,16,Hero,0.652717424556613,0.9998186603188515
1990,4.1000000000000005,-5.8999999999999995,9,Hero,0.8177136282126108,0.9999552170435587
1991,3.9000000000000004,-6.1,11,Hero,0.789652409878644,0.9999423135410656
1992,3.9000000000000004,-6.1,11,Hero,0.8434265161102469,0.9999929016286676
1993,3.6000000000000005,-6.3999999999999995,14,Hero,0.7053189490522657,0.9997392679963794
1994,4.5,-5.5,5,Hero,0.9149480342864991,0.9999973058700562
1995,4.4,-5.6,6,Hero,0.775806937366724,0.9999972780545553
1996,4.1000000000000005,-5.8999999999999995,9,Hero,0.6431759728325738,0.9999984237882826
1997,3.6000000000000005,-6.3999999999999995,14,Hero,0.6444075299160821,0.9996494139943805
1998,3.6000000000000005,-6.3999999999999995,14,Hero,0.712395366281271,0.9999308671270098
1999,4.800000000000001,-5.199999999999999,2,Hero,0.9304629564285278,0.9999973773956299
2000,4.2,-5.8,8,Hero,0.9834752976894379,0.9999954104423523
2001,3.9000000000000004,-6.1,11,Hero,0.5549645193598487,0.9999505444006487
2002,3.4000000000000004,-6.6,16,Hero,0.6635249777173158,0.9997690208256245
2003,4.2,-5.8,8,Hero,0.7325919792056084,0.9999872744083405
2004,4.1000000000000005,-5.8999999999999995,9,Hero,0.8347076102573838,0.9999953111012777
2005,4.6000000000000005,-5.3999999999999995,4,Hero,0.7249252125620842,0.9999983310699463
2006,3.7,-6.3,13,Hero,0.7819597056278815,0.9999692348333505
2007,4.6000000000000005,-5.3999999999999995,4,Hero,0.9865918755531311,0.999999076128006
2008,4.7,-5.3,3,Hero,0.7651664614677429,0.9999958674112955
2009,4.7,-5.3,3,Hero,0.9649014274279276,0.9999969402949015
2010,3.6000000000000005,-6.3999999999999995,14,Hero,0.7483531194073814,0.9999511582510812
2011,4.0,-6.0,10,Hero,0.7059208035469056,0.9999757766723633
2012,3.8000000000000007,-6.199999999999999,12,Hero,0.7952719225237767,0.9999179244041443
2013,4.4,-5.6,6,Hero,0.8160859743754069,0.9999975363413492
2014,4.7,-5.3,3,Hero,0.4415050148963928,0.999998927116394
2015,4.300000000000001,-5.699999999999999,7,Hero,0.719394611460822,0.9999951635088239
2016,3.9000000000000004,-6.1,11,Hero,0.807003297589042,0.999933199449019
2017,3.6000000000000005,-6.3999999999999995,14,Hero,0.7037667642746653,0.9999693802424839
2018,3.8000000000000007,-6.199999999999999,12,Hero,0.8153324822584788,0.99994624654452
2019,4.300000000000001,-5.699999999999999,7,Hero,0.9256205473627362,0.9999986886978149
2020,3.8000000000000007,-6.199999999999999,12,Hero,0.6801671702414751,0.9999987085660299
2021,4.4,-5.6,6,Hero,0.7430598586797714,0.9999818205833435
2022,4.6000000000000005,-5.3999999999999995,4,Hero,0.7121240450069308,0.9999983906745911
2023,3.6000000000000005,-6.3999999999999995,14,Hero,0.6825848083410945,0.9988110831805638
2024,4.300000000000001,-5.699999999999999,7,Hero,0.6800271783556256,0.9999886921473912
2025,4.2,-5.8,8,Hero,0.9010837078094482,0.9999929517507553
2026,4.2,-5.8,8,Hero,0.929666057229042,0.9999996274709702
2027,4.7,-5.3,3,Hero,0.5993764288723469,0.9999969800313314
2028,4.2,-5.8,8,Hero,0.7861304059624672,0.9999853819608688
2029,4.5,-5.5,5,Hero,0.8225716173648834,0.9999953985214234
2030,4.2,-5.8,8,Hero,0.6614818759262562,0.9999973326921463
2031,3.6000000000000005,-6.3999999999999995,14,Hero,0.6961573596511569,0.9998929159981864
2032,4.2,-5.8,8,Hero,0.9794875383377075,0.9999947994947433
2033,3.4000000000000004,-6.6,16,Hero,0.6899709179997444,0.9368384533736389
2034,3.6000000000000005,-6.3999999999999995,14,Hero,0.7058230510779789,0.9998602994850704
2035,4.300000000000001,-5.699999999999999,7,Hero,0.9704902342387608,0.9999993188040597
2036,3.9000000000000004,-6.1,11,Hero,0.7605136930942535,0.9999989054419778
2037,4.7,-5.3,3,Hero,0.9137084484100342,0.9999987284342448
2038,4.4,-5.6,6,Hero,0.8344286481539408,0.9999938408533732
2039,3.4000000000000004,-6.6,16,Hero,0.7372580450028181,0.9999948218464851
2040,4.800000000000001,-5.199999999999999,2,Hero,0.9189981520175934,0.9999998807907104
2041,4.4,-5.6,6,Hero,0.9855882128079733,0.999998946984609
2042,4.0,-6.0,10,Hero,0.8506486892700196,0.9999894738197327
2043,4.6000000000000005,-5.3999999999999995,4,Hero,0.8322648257017136,0.9999986886978149
2044,4.800000000000001,-5.199999999999999,2,Hero,0.6345880925655365,0.9999998807907104
2045,4.4,-5.6,6,Hero,0.7412063777446747,0.9999990661938986
2046,3.3,-6.7,17,Hero,0.622159183901899,0.9954489434466642
2047,3.7,-6.3,13,Hero,0.7579881984453934,0.9999958826945379
2048,4.5,-5.5,5,Hero,0.8617811560630798,0.9999988079071045
2049,3.8000000000000007,-6.199999999999999,12,Hero,0.6551510406037172,0.9996817062298456
2050,4.300000000000001,-5.699999999999999,7,Hero,0.8455452919006348,0.9999941757747105
2051,3.6000000000000005,-6.3999999999999995,14,Hero,0.7423532413584846,0.9990920041288648
2052,4.9,-5.1,1,Hero,0.4014725983142853,0.9999995231628418
2053,4.5,-5.5,5,Hero,0.6615443706512452,0.999997329711914
2054,3.7,-6.3,13,Hero,0.7436396456681765,0.9999861533825214
2055,3.6000000000000005,-6.3999999999999995,14,Hero,0.6476563279117856,0.9999098139149802
2056,3.2,-6.8,18,Hero,0.5989408791065216,0.9999992251396179
2057,3.6000000000000005,-6.3999999999999995,14,Hero,0.6693259243454251,0.9996429468904223
2058,3.9000000000000004,-6.1,11,Hero,0.613054630431262,0.9999998916279186
2059,4.7,-5.3,3,Hero,0.5912555257479349,0.9999976952870687
2060,3.9000000000000004,-6.1,11,Hero,0.6572978706522421,0.9999994906512174
2061,3.6000000000000005,-6.3999999999999995,14,Hero,0.6517370641231537,0.9998867554324014
2062,4.2,-5.8,8,Hero,0.8128472976386547,0.9999724924564362
2063,3.8000000000000007,-6.199999999999999,12,Hero,0.7383744902908802,0.9999609092871348
2064,4.1000000000000005,-5.8999999999999995,9,Hero,0.6807404160499573,0.9999949667188857
2065,4.2,-5.8,8,Hero,0.832489974796772,0.9999937564134598
2066,4.300000000000001,-5.699999999999999,7,Hero,0.9761274286678859,0.9999991485050747
2067,4.4,-5.6,6,Hero,0.859504630168279,0.999997079372406
2068,4.800000000000001,-5.199999999999999,2,Hero,0.9225237369537354,0.9999990463256836
2069,4.6000000000000005,-5.3999999999999995,4,Hero,0.7676157653331757,0.9999992251396179
2070,4.0,-6.0,10,Hero,0.7101135641336441,0.999997353553772
2071,3.7,-6.3,13,Hero,0.664804723400336,0.9998380037454458
2072,4.2,-5.8,8,Hero,0.9813533127307892,0.9999996274709702
2073,3.5,-6.5,15,Hero,0.7623978445927302,0.9999944686889648
2074,4.2,-5.8,8,Hero,0.8592252172529697,0.999999538064003
2075,3.8000000000000007,-6.199999999999999,12,Hero,0.7002307685712973,0.9999707639217377
2076,3.8000000000000007,-6.199999999999999,12,Hero,0.7184728880723318,0.9999983112017313
2077,3.9000000000000004,-6.1,11,Hero,0.728622620755976,0.999984697862105
2078,4.6000000000000005,-5.3999999999999995,4,Hero,0.6562297865748405,0.9999985098838806
2079,4.6000000000000005,-5.3999999999999995,4,Hero,0.8412120789289474,0.9999980628490448
2080,4.5,-5.5,5,Hero,0.965443217754364,0.9999982833862304
2081,4.300000000000001,-5.699999999999999,7,Hero,0.6789787922586713,0.9999925409044538
2082,4.0,-6.0,10,Hero,0.8914587289094925,0.9999938488006592
2083,4.4,-5.6,6,Hero,0.8590262085199356,0.9999959071477255
2084,4.0,-6.0,10,Hero,0.691055242717266,0.999996793270111
2085,3.8000000000000007,-6.199999999999999,12,Hero,0.7921119232972463,0.999944269657135
2086,3.4000000000000004,-6.6,16,Hero,0.7501549255102873,0.99998939037323
2087,4.5,-5.5,5,Hero,0.9847022771835328,0.9999995946884155
2088,3.4000000000000004,-6.6,16,Hero,0.6879445221275091,0.999982163310051
2089,4.800000000000001,-5.199999999999999,2,Hero,0.6290977746248245,0.9999988675117493
2090,4.1000000000000005,-5.8999999999999995,9,Hero,0.9179728693432279,0.999998476770189
2091,4.4,-5.6,6,Hero,0.8127087354660034,0.9999987483024597
2092,4.0,-6.0,10,Hero,0.9094923198223114,0.9999915599822998
2093,4.1000000000000005,-5.8999999999999995,9,Hero,0.9598243766360812,0.9999952051374648
2094,3.6000000000000005,-6.3999999999999995,14,Hero,0.7279953328626496,0.9999994380133492
2095,4.2,-5.8,8,Hero,0.8511169403791428,0.999998927116394
2096,3.9000000000000004,-6.1,11,Hero,0.8087847964330153,0.9999993606047197
2097,3.7,-6.3,13,Hero,0.6884031800123361,0.9990888008704553
2098,3.8000000000000007,-6.199999999999999,12,Hero,0.7883118813236555,0.9999994536240896
2099,4.1000000000000005,-5.8999999999999995,9,Hero,0.8036998824940788,0.9999993377261691
2100,3.7,-6.3,13,Hero,0.6721463833863919,0.999999293914208
2101,3.8000000000000007,-6.199999999999999,12,Hero,0.6187816262245178,0.9999047766129175
2102,4.0,-6.0,10,Hero,0.840607813000679,0.9999889016151429
2103,4.7,-5.3,3,Hero,0.6610263188680013,0.9999995231628418
2104,3.0999999999999996,-6.9,19,Hero,0.6028542753897215,0.9899186491966248
2105,4.4,-5.6,6,Hero,0.763475755850474,0.9999980131785074
2106,4.4,-5.6,6,Hero,0.6287118097146353,0.9999997417132059
2107,4.9,-5.1,1,Hero,0.9769104719161987,0.9999991655349731
2108,3.3,-6.7,17,Hero,0.7156094832017141,0.9999978752697215
2109,3.8000000000000007,-6.199999999999999,12,Hero,0.7756063248962164,0.9999826947848002
2110,3.8000000000000007,-6.199999999999999,12,Hero,0.8309420769413313,0.9999816715717316
2111,3.9000000000000004,-6.1,11,Hero,0.8138721537860957,0.999997539953752
2112,4.2,-5.8,8,Hero,0.8189201541244984,0.9999941736459732
2113,4.300000000000001,-5.699999999999999,7,Hero,0.9781853216035026,0.9999995572226388
2114,4.6000000000000005,-5.3999999999999995,4,Hero,0.713710367679596,0.9999992847442627
2115,3.7,-6.3,13,Hero,0.7441794643035302,0.9999932967699491
2116,4.6000000000000005,-5.3999999999999995,4,Hero,0.8953070044517517,0.9999997019767761
2117,4.2,-5.8,8,Hero,0.9739353880286217,0.9999982565641403
2118,4.1000000000000005,-5.8999999999999995,9,Hero,0.7698904706372155,0.9999926222695245
2119,4.2,-5.8,8,Hero,0.976188600063324,0.999999076128006
2120,3.8000000000000007,-6.199999999999999,12,Hero,0.7342009420196215,0.9999864200750986
2121,3.7,-6.3,13,Hero,0.7289820577089603,0.9999989087765033
2122,4.4,-5.6,6,Hero,0.6783487411836783,0.9999986688296
2123,4.7,-5.3,3,Hero,0.7253289222717285,0.9999959468841553
2124,4.5,-5.5,5,Hero,0.6730125904083252,0.9999961137771607
2125,4.0,-6.0,10,Hero,0.6994497604668141,0.9999872922897339
2126,3.7,-6.3,13,Hero,0.6824896324139375,0.9997593898039597
2127,4.5,-5.5,5,Hero,0.6216049998998642,0.9999965906143189
2128,4.300000000000001,-5.699999999999999,7,Hero,0.7759613511817796,0.9999994891030448
2129,-5.199999999999999,4.800000000000001,2,Villain,0.5244566798210144,0.9999603629112244
2130,4.9,-5.1,1,Hero,0.9156264662742615,0.9999996423721313
2131,4.2,-5.8,8,Hero,0.9916218593716621,0.9999987185001373
2132,4.0,-6.0,10,Hero,0.7426750063896179,0.9999681353569031
2133,3.7,-6.3,13,Hero,0.6709271967411041,0.999832822726323
2134,4.0,-6.0,10,Hero,0.7039491176605225,0.9999883294105529
2135,4.9,-5.1,1,Hero,0.5324118137359619,1.0
2136,3.5,-6.5,15,Hero,0.6957592944304148,0.9999964793523153
2137,2.9,-7.1,21,Hero,0.692161405370349,0.9999739896683466
2138,3.5,-6.5,15,Hero,0.6800279716650645,0.9983041087786356
2139,4.4,-5.6,6,Hero,0.8324598080168167,0.9999986092249552
2140,3.5,-6.5,15,Hero,0.6312901198863983,0.9996670285860697
2141,4.2,-5.8,8,Hero,0.9940074235200882,0.9999990016222
2142,3.7,-6.3,13,Hero,0.696793563090838,0.9999912151923547
2143,3.0,-7.0,20,Hero,0.678183975815773,0.9997525691986084
2144,3.2,-6.8,18,Hero,0.7308213143712945,0.999915192524592
2145,3.5,-6.5,15,Hero,0.7930492820839087,0.9999937772750854
2146,-5.199999999999999,4.800000000000001,2,Villain,0.9999977350234985,0.999999463558197
2147,3.4000000000000004,-6.6,16,Hero,0.7471640650182962,0.9999893978238106
2148,3.7,-6.3,13,Hero,0.7250433896596615,0.9999819902273325
2149,4.2,-5.8,8,Hero,0.7631232142448425,0.9999999105930328
2150,4.2,-5.8,8,Hero,0.8682156223803759,0.9999960064888
2151,4.300000000000001,-5.699999999999999,7,Hero,0.7776631414890289,0.9999997275216239
2152,-5.3999999999999995,4.6000000000000005,4,Villain,0.5824311664327979,0.999981552362442
2153,4.0,-6.0,10,Hero,0.8409590780735016,0.9999623656272888
2154,4.2,-5.8,8,Hero,0.6443702168762684,0.9999996572732925
2155,3.6000000000000005,-6.3999999999999995,14,Hero,0.7259914938892637,0.9999336430004665
2156,4.5,-5.5,5,Hero,0.6693900227546692,0.9999976873397827
2157,4.4,-5.6,6,Hero,0.7281376173098882,0.9999996423721313
2158,3.9000000000000004,-6.1,11,Hero,0.8611601347273047,0.9999961853027344
2159,4.1000000000000005,-5.8999999999999995,9,Hero,0.7467870165904363,0.9999991125530667
2160,4.1000000000000005,-5.8999999999999995,9,Hero,0.86615718404452,0.9999973906411065
2161,4.0,-6.0,10,Hero,0.7475962907075882,0.9999972701072692
2162,3.8000000000000007,-6.199999999999999,12,Hero,0.7082435141007105,0.9999388655026754
2163,4.2,-5.8,8,Hero,0.6274426747113466,0.9999996870756149
2164,4.7,-5.3,3,Hero,0.9636597832043966,0.999999205271403
2165,4.2,-5.8,8,Hero,0.8262825980782509,0.9999684244394302
2166,4.1000000000000005,-5.8999999999999995,9,Hero,0.9098010924127367,0.999994609091017
2167,4.7,-5.3,3,Hero,0.7232460776964823,0.999995748202006
2168,4.300000000000001,-5.699999999999999,7,Hero,0.9808046392032078,0.9999988589968
2169,4.300000000000001,-5.699999999999999,7,Hero,0.5574385885681424,0.9999998807907104
2170,4.4,-5.6,6,Hero,0.9831299384435018,0.9999973972638448
2171,4.6000000000000005,-5.3999999999999995,4,Hero,0.7361105382442474,0.9999977052211761
2172,4.4,-5.6,6,Hero,0.9881690045197805,0.9999973575274149
2173,3.7,-6.3,13,Hero,0.773980513215065,0.9999668414776142
2174,4.4,-5.6,6,Hero,0.6004176686207453,0.9999977548917135
2175,4.7,-5.3,3,Hero,0.7640501856803894,0.9999998807907104
2176,4.1000000000000005,-5.8999999999999995,9,Hero,0.6806345019075606,0.9999900526470609
2177,4.300000000000001,-5.699999999999999,7,Hero,0.9056619576045445,0.9999959639140538
2178,3.9000000000000004,-6.1,11,Hero,0.8728600144386292,0.999985629862005
2179,3.7,-6.3,13,Hero,0.7447895063803747,0.9999815500699557
2180,3.9000000000000004,-6.1,11,Hero,0.6958437209779565,0.9999994039535522
2181,4.2,-5.8,8,Hero,0.8809485584497452,0.9999988526105881
2182,4.300000000000001,-5.699999999999999,7,Hero,0.8879363366535732,0.9999891178948539
2183,3.9000000000000004,-6.1,11,Hero,0.7537455734881487,0.9999813816764138
2184,3.6000000000000005,-6.3999999999999995,14,Hero,0.718436483825956,0.9995064692837852
2185,4.9,-5.1,1,Hero,0.9726200699806213,0.9999994039535522
2186,3.7,-6.3,13,Hero,0.7053555296017573,0.9999527839513925
2187,3.9000000000000004,-6.1,11,Hero,0.7855391502380371,0.9999622865156694
2188,4.0,-6.0,10,Hero,0.8252181887626648,0.9999978065490722
2189,3.5,-6.5,15,Hero,0.6969841102759043,0.9990990956624349
2190,4.7,-5.3,3,Hero,0.6308152675628662,0.9999989668528239
2191,4.300000000000001,-5.699999999999999,7,Hero,0.8357158430985042,0.9999992506844657
2192,4.0,-6.0,10,Hero,0.7226882576942444,0.9997962772846222
2193,3.5,-6.5,15,Hero,0.6938322563966115,0.9998831947644552
2194,3.9000000000000004,-6.1,11,Hero,0.8614838177507574,0.9999817067926581
2195,4.5,-5.5,5,Hero,0.8519954681396484,0.9999951601028443
2196,4.1000000000000005,-5.8999999999999995,9,Hero,0.986578192975786,0.9999984900156657
2197,3.8000000000000007,-6.199999999999999,12,Hero,0.7542995121330023,0.9999947547912598
2198,4.800000000000001,-5.199999999999999,2,Hero,0.7140730619430542,0.9999983310699463
2199,4.300000000000001,-5.699999999999999,7,Hero,0.7421828976699284,0.9999994039535522
2200,3.2,-6.8,18,Hero,0.6460949401888583,0.9961763587262895
2201,4.300000000000001,-5.699999999999999,7,Hero,0.986514185156141,0.9999972070966449
2202,4.1000000000000005,-5.8999999999999995,9,Hero,0.9776737093925476,0.9999982515970866
2203,4.4,-5.6,6,Hero,0.4765133708715439,0.999997059504191
2204,4.1000000000000005,-5.8999999999999995,9,Hero,0.9134298960367838,0.9999938540988498
2205,3.5,-6.5,15,Hero,0.6762450069189072,0.9999280015627543
2206,3.5,-6.5,15,Hero,0.691943583637476,0.9999340454737345
2207,4.2,-5.8,8,Hero,0.8922451287508011,0.9999924004077911
2208,4.800000000000001,-5.199999999999999,2,Hero,0.6636676788330078,0.9999991655349731
2209,3.2,-6.8,18,Hero,0.5422330672542254,0.9999984701474508
2210,3.6000000000000005,-6.3999999999999995,14,Hero,0.6102850309440068,0.9999549218586513
2211,4.1000000000000005,-5.8999999999999995,9,Hero,0.9935381147596571,0.9999990198347304
2212,4.300000000000001,-5.699999999999999,7,Hero,0.8151658039007869,0.9999971219471523
2213,3.6000000000000005,-6.3999999999999995,14,Hero,0.7003727597849709,0.9995107054710388
2214,3.9000000000000004,-6.1,11,Hero,0.7521960112181577,0.9998739470135082
2215,3.7,-6.3,13,Hero,0.7640664267998475,0.9999586985661433
2216,4.1000000000000005,-5.8999999999999995,9,Hero,0.6694467001491122,0.9999983310699463
2217,4.300000000000001,-5.699999999999999,7,Hero,0.9691630857331412,0.9999973773956299
2218,-5.1,4.9,1,Villain,0.08285575360059738,0.8935422897338867
2219,3.9000000000000004,-6.1,11,Hero,0.6859739883379503,0.9999944080005992
2220,4.1000000000000005,-5.8999999999999995,9,Hero,0.637778275542789,0.9999999072816637
2221,3.3,-6.7,17,Hero,0.5885415668873226,0.9999950983945061
2222,3.3,-6.7,17,Hero,0.7440436236998614,0.9999946005204144
2223,4.7,-5.3,3,Hero,0.8947997093200684,0.9999998807907104
2224,4.7,-5.3,3,Hero,0.8976267576217651,0.9999998807907104
2225,3.9000000000000004,-6.1,11,Hero,0.8497559346935966,0.9999984177676114
2226,4.5,-5.5,5,Hero,0.7889536261558533,0.9999999523162841
2227,4.1000000000000005,-5.8999999999999995,9,Hero,0.9317806959152222,0.9999999470180936
2228,3.7,-6.3,13,Hero,0.777578680561139,0.9999964328912588
2229,4.2,-5.8,8,Hero,0.6693524979054928,0.9999997317790985
2230,3.9000000000000004,-6.1,11,Hero,0.7446490187536586,0.9999987862326882
2231,3.9000000000000004,-6.1,11,Hero,0.8068240063095634,1.0
2232,4.7,-5.3,3,Hero,0.7931952277819315,0.9999999602635702
2233,3.8000000000000007,-6.199999999999999,12,Hero,0.8408027415474256,0.9999998410542806
2234,4.0,-6.0,10,Hero,0.9267646878957748,0.9999997854232788
2235,4.1000000000000005,-5.8999999999999995,9,Hero,0.9911848041746352,1.0
2236,3.5,-6.5,15,Hero,0.6714161232113838,0.9995461583137513
2237,3.3,-6.7,17,Hero,0.6712280695929247,0.9986400218570933
2238,3.8000000000000007,-6.199999999999999,12,Hero,0.547208501646916,0.9999995330969492
2239,3.8000000000000007,-6.199999999999999,12,Hero,0.6067289747297764,0.9999997615814209
2240,3.6000000000000005,-6.3999999999999995,14,Hero,0.6920244699077946,0.9999084728104728
2241,3.7,-6.3,13,Hero,0.6476770387246058,0.9999999633202186
2242,-5.1,4.9,1,Villain,1.0,1.0
2243,3.2,-6.8,18,Hero,0.7167588791085614,0.9999994966718886
2244,4.0,-6.0,10,Hero,0.936130166053772,0.9999998927116394
2245,3.0999999999999996,-6.9,19,Hero,0.7544204404479579,0.9999999811774806
2246,3.0999999999999996,-6.9,19,Hero,0.6861856924860101,0.999988875891033
2247,2.4999999999999996,-7.5,25,Hero,0.7344600462913513,0.9999994945526123
2248,3.6000000000000005,-6.3999999999999995,14,Hero,0.629960622638464,0.9996800209794726
2249,4.5,-5.5,5,Hero,0.8451226890087128,1.0
2250,3.9000000000000004,-6.1,11,Hero,0.8737247667529366,0.9999989054419778
2251,4.1000000000000005,-5.8999999999999995,9,Hero,0.9351127280129327,0.9999999205271403
2252,4.6000000000000005,-5.3999999999999995,4,Hero,0.8664870411157608,1.0
2253,4.0,-6.0,10,Hero,0.6311668306589127,0.9999960660934448
2254,4.4,-5.6,6,Hero,0.9853274921576182,1.0
2255,3.9000000000000004,-6.1,11,Hero,0.7119956409389322,0.9999951232563365
2256,3.5,-6.5,15,Hero,0.6663554211457571,0.9999146858851115
2257,4.6000000000000005,-5.3999999999999995,4,Hero,0.672450952231884,0.9999998807907104
2258,3.6000000000000005,-6.3999999999999995,14,Hero,0.722675051007952,0.9999847667557853
2259,4.2,-5.8,8,Hero,0.9653546363115311,1.0
2260,3.9000000000000004,-6.1,11,Hero,0.7281638763167642,0.9999987212094393
2261,4.4,-5.6,6,Hero,0.8848539491494497,0.9999998211860657
2262,4.1000000000000005,-5.8999999999999995,9,Hero,0.7398072961303923,0.9999992450078329
2263,3.7,-6.3,13,Hero,0.7333838549944071,0.9999999541502732
2264,1.6999999999999988,-8.3,33,Hero,0.8061704877199549,0.999999974713181
2265,4.300000000000001,-5.699999999999999,7,Hero,0.9991260766983032,0.9999999148505074
2266,4.300000000000001,-5.699999999999999,7,Hero,0.7535728131021772,0.9999998807907104
2267,4.0,-6.0,10,Hero,0.8371796667575836,1.0
2268,4.2,-5.8,8,Hero,0.9959914237260818,0.9999999552965164
2269,3.5,-6.5,15,Hero,0.7234674632549286,0.999973471959432
2270,4.2,-5.8,8,Hero,0.6612625569105148,0.9999998062849045
2271,4.300000000000001,-5.699999999999999,7,Hero,0.6516015529632568,0.9999999829701015
2272,3.3,-6.7,17,Hero,0.7598247580668506,0.9999934154398301
2273,4.9,-5.1,1,Hero,0.8703643083572388,1.0
2274,4.6000000000000005,-5.3999999999999995,4,Hero,0.7162081748247147,0.9999999701976776
2275,4.2,-5.8,8,Hero,0.971060186624527,0.999999925494194
2276,4.2,-5.8,8,Hero,0.9198373258113861,0.9999997168779373
2277,3.4000000000000004,-6.6,16,Hero,0.6880156523548067,0.9997616298496723
2278,4.5,-5.5,5,Hero,0.9431637763977051,0.9999999523162841
2279,3.4000000000000004,-6.6,16,Hero,0.6805714685469866,0.9999424144625664
2280,3.4000000000000004,-6.6,16,Hero,0.6128740410058526,0.9995290264487267
2281,3.9000000000000004,-6.1,11,Hero,0.718455053188584,0.9999998049302534
2282,4.0,-6.0,10,Hero,0.7835139811038971,0.9999976515769958
2283,4.0,-6.0,10,Hero,0.9324262201786041,0.9999995827674866
2284,4.300000000000001,-5.699999999999999,7,Hero,0.9913867626871381,0.9999998978206089
2285,3.7,-6.3,13,Hero,0.7551328505461032,0.9999998716207651
2286,3.9000000000000004,-6.1,11,Hero,0.7880572893402793,0.9999995014884255
2287,3.5,-6.5,15,Hero,0.736105740070343,0.9999850432078043
2288,4.6000000000000005,-5.3999999999999995,4,Hero,0.5025021918118,1.0
2289,4.2,-5.8,8,Hero,0.7131094112992287,0.9999985098838806
2290,3.5,-6.5,15,Hero,0.7587646027406056,0.9998763044675191
2291,4.1000000000000005,-5.8999999999999995,9,Hero,0.7745127479235331,0.9999999470180936
2292,4.300000000000001,-5.699999999999999,7,Hero,0.6721792817115784,0.9999999318804059
2293,4.4,-5.6,6,Hero,0.5659545616557201,0.9999996026357015
2294,4.9,-5.1,1,Hero,0.9417780041694641,1.0
2295,4.7,-5.3,3,Hero,0.7253029843171438,0.9999999602635702
2296,3.3,-6.7,17,Hero,0.7742277094546486,0.9999988289440379
2297,4.5,-5.5,5,Hero,0.618571799248457,1.0
2298,3.7,-6.3,13,Hero,0.6963301209303049,0.9999038485380319
2299,4.2,-5.8,8,Hero,0.7206670306622982,1.0
2300,3.3,-6.7,17,Hero,0.7192155587322572,0.9998733436360079
2301,3.8000000000000007,-6.199999999999999,12,Hero,0.8726241414745649,0.999999870856603
2302,3.2,-6.8,18,Hero,0.6728106919262145,0.999997079372406
2303,4.4,-5.6,6,Hero,0.6713935633500417,0.9999993642171224
2304,4.2,-5.8,8,Hero,0.7055024541914463,0.9999987930059433
2305,3.7,-6.3,13,Hero,0.7674384862184525,0.9999949381901667
2306,4.0,-6.0,10,Hero,0.7808561131358147,0.9999964594841003
2307,4.0,-6.0,10,Hero,0.7991057276725769,0.9999999761581421
2308,4.6000000000000005,-5.3999999999999995,4,Hero,0.8395746797323227,1.0
2309,3.3,-6.7,17,Hero,0.7142571359872818,0.9999986886978149
2310,3.7,-6.3,13,Hero,0.6730717420578003,1.0
2311,3.7,-6.3,13,Hero,0.7872184492074527,0.999999844110929
2312,4.0,-6.0,10,Hero,0.8054001897573471,0.9999999165534973
2313,4.4,-5.6,6,Hero,0.7976585974295934,1.0
2314,4.6000000000000005,-5.3999999999999995,4,Hero,0.9712481647729874,0.9999999701976776
2315,3.6000000000000005,-6.3999999999999995,14,Hero,0.6874989389574954,0.9999993784087045
2316,3.7,-6.3,13,Hero,0.7480259182361456,0.999995048229511
2317,4.0,-6.0,10,Hero,0.7577261738479137,0.999998152256012
2318,3.7,-6.3,13,Hero,0.6958944728741279,0.999999844110929
2319,3.5,-6.5,15,Hero,0.8211156576871872,0.9999995390574138
2320,3.5,-6.5,15,Hero,0.6718905478715896,0.9999954541524251
2321,3.9000000000000004,-6.1,11,Hero,0.804770135066726,1.0
2322,4.300000000000001,-5.699999999999999,7,Hero,0.8768893820898873,0.9999997275216239
2323,3.7,-6.3,13,Hero,0.7961557473127658,0.9999959927338821
2324,4.9,-5.1,1,Hero,0.8199941515922546,1.0
2325,4.0,-6.0,10,Hero,0.7507718980312348,0.9999998927116394
2326,3.6000000000000005,-6.3999999999999995,14,Hero,0.7014679142407009,0.9999301178114754
2327,4.300000000000001,-5.699999999999999,7,Hero,0.7115405414785657,0.9999981778008598
2328,4.1000000000000005,-5.8999999999999995,9,Hero,0.8212713963455625,0.9999999205271403
2329,3.8000000000000007,-6.199999999999999,12,Hero,0.7553284950554371,0.999987800916036
2330,-5.3,4.7,3,Villain,0.8151261409123739,0.999999483426412
2331,3.9000000000000004,-6.1,11,Hero,0.7572842375798658,0.9999913410706953
2332,3.5,-6.5,15,Hero,0.718474110836784,0.9999984423319499
2333,4.1000000000000005,-5.8999999999999995,9,Hero,0.6320627166165246,0.9999996423721313
2334,4.4,-5.6,6,Hero,0.765189657608668,1.0
2335,3.4000000000000004,-6.6,16,Hero,0.7987547740340233,0.9999997243285179
2336,4.7,-5.3,3,Hero,0.7235406041145325,1.0
2337,3.8000000000000007,-6.199999999999999,12,Hero,0.8121898546814919,0.999998519817988
2338,3.7,-6.3,13,Hero,0.8169374603491563,0.9999997340715848
2339,3.3,-6.7,17,Hero,0.7021822570001378,0.9999023710980135
2340,3.7,-6.3,13,Hero,0.7779267854415454,0.9999992022147546
2341,4.1000000000000005,-5.8999999999999995,9,Hero,0.709657896310091,0.9999999602635702
2342,4.300000000000001,-5.699999999999999,7,Hero,0.8996980105127607,1.0
2343,3.5,-6.5,15,Hero,0.7167126173774402,0.9999917427698771
2344,4.7,-5.3,3,Hero,0.6746682226657867,1.0
2345,4.1000000000000005,-5.8999999999999995,9,Hero,0.9962142043643527,0.9999998807907104
2346,4.2,-5.8,8,Hero,0.858672633767128,0.9999990612268448
2347,4.6000000000000005,-5.3999999999999995,4,Hero,0.7049115728586912,0.9999999701976776
2348,4.2,-5.8,8,Hero,0.8369563408195972,0.9999996721744537
2349,4.300000000000001,-5.699999999999999,7,Hero,0.771714836359024,0.9999996253422329
2350,4.6000000000000005,-5.3999999999999995,4,Hero,0.672784186899662,1.0
2351,3.9000000000000004,-6.1,11,Hero,0.718340749090368,0.9999951449307528
2352,4.5,-5.5,5,Hero,0.9521586656570434,1.0
2353,3.8000000000000007,-6.199999999999999,12,Hero,0.7438362228373686,0.9999988079071045
2354,3.0999999999999996,-6.9,19,Hero,0.724954283453132,0.9999891833255166
2355,4.4,-5.6,6,Hero,0.9856842557589213,0.9999999602635702
2356,4.1000000000000005,-5.8999999999999995,9,Hero,0.7658728029992845,0.9999972449408637
2357,4.0,-6.0,10,Hero,0.7460796535015106,0.9999999046325684
2358,4.300000000000001,-5.699999999999999,7,Hero,0.9783313955579486,0.9999999148505074
2359,4.2,-5.8,8,Hero,0.7113037649542093,0.9999999403953552
2360,3.9000000000000004,-6.1,11,Hero,0.8738986605947668,0.9999998482790861
2361,4.5,-5.5,5,Hero,0.7558750867843628,1.0
2362,3.8000000000000007,-6.199999999999999,12,Hero,0.8035913840867579,0.9999959965546926
2363,4.300000000000001,-5.699999999999999,7,Hero,0.9899359941482544,0.9999999318804059
2364,4.300000000000001,-5.699999999999999,7,Hero,0.7166921879564013,0.9999991655349731
2365,-5.3,4.7,3,Villain,0.9999126394589742,0.999999483426412
2366,3.7,-6.3,13,Hero,0.7729683128687052,0.9999934068092933
2367,-5.199999999999999,4.800000000000001,2,Villain,0.9916410446166992,0.9998751580715179
2368,4.5,-5.5,5,Hero,0.7653664529323578,0.9999999523162841
2369,4.4,-5.6,6,Hero,0.6835860845943292,0.9999998013178507
2370,3.5,-6.5,15,Hero,0.7510286410649617,0.9998337864875794
2371,4.300000000000001,-5.699999999999999,7,Hero,0.7265976454530444,0.9999997275216239
2372,3.8000000000000007,-6.199999999999999,12,Hero,0.7331353488067786,0.9999997913837433
2373,4.0,-6.0,10,Hero,0.6906269013881683,0.9999887347221375
2374,4.5,-5.5,5,Hero,0.7185781180858613,0.9999999046325684
2375,3.4000000000000004,-6.6,16,Hero,0.6976878785062581,0.999999612569809
2376,4.300000000000001,-5.699999999999999,7,Hero,0.6602761277130672,0.9999987227576119
2377,3.7,-6.3,13,Hero,0.6070098361143699,0.9999763598808875
2378,3.4000000000000004,-6.6,16,Hero,0.7076900936663151,0.9999849051237106
2379,3.9000000000000004,-6.1,11,Hero,0.7833993434906006,0.9999965104189786
2380,4.5,-5.5,5,Hero,0.8290203273296356,1.0
2381,3.3,-6.7,17,Hero,0.6634757869383868,0.9999883525511798
2382,3.4000000000000004,-6.6,16,Hero,0.8675879687070847,0.9999994710087776
2383,3.0999999999999996,-6.9,19,Hero,0.6777802807720084,0.9994996221441972
2384,3.7,-6.3,13,Hero,0.7033111063333658,0.9999978725726788
2385,3.6000000000000005,-6.3999999999999995,14,Hero,0.652773764516626,0.9999980585915702
2386,2.8,-7.2,22,Hero,0.7643160234120759,0.9999908967451616
2387,3.6000000000000005,-6.3999999999999995,14,Hero,0.7288913774703231,0.9999777674674988
2388,4.0,-6.0,10,Hero,0.5370575726032257,0.9999992728233338
2389,4.7,-5.3,3,Hero,0.6569875180721283,1.0
2390,3.5,-6.5,15,Hero,0.7556147036453088,1.0
2391,3.4000000000000004,-6.6,16,Hero,0.794584734365344,0.9999994412064552
2392,3.0999999999999996,-6.9,19,Hero,0.8361636725695509,0.9999992659217433
2393,3.0,-7.0,20,Hero,0.8868143858388067,0.9999999403953552
2394,-4.999999999999998,-4.999999999999998,50,None,0.858574583530426,0.9999997615814209
2395,4.6000000000000005,-5.3999999999999995,4,Hero,0.5681069642305374,1.0
2396,3.9000000000000004,-6.1,11,Hero,0.662913517518477,0.9999996532093395
2397,4.0,-6.0,10,Hero,0.814881780743599,0.9999996900558472
2398,4.6000000000000005,-5.3999999999999995,4,Hero,0.758918147534132,1.0
2399,4.4,-5.6,6,Hero,0.9954123099644979,0.9999999006589254
2400,4.0,-6.0,10,Hero,0.8690724194049835,0.999999725818634
2401,4.0,-6.0,10,Hero,0.7023554623126984,0.9999979138374329
2402,3.8000000000000007,-6.199999999999999,12,Hero,0.7477541143695513,0.9999958376089731
2403,3.9000000000000004,-6.1,11,Hero,0.6994667107408697,0.9999997832558372
2404,4.4,-5.6,6,Hero,0.7579842756191889,0.9999997218449911
2405,4.6000000000000005,-5.3999999999999995,4,Hero,0.9768145531415939,0.9999999701976776
2406,4.7,-5.3,3,Hero,0.4536399493614833,1.0
2407,3.5,-6.5,15,Hero,0.6189307535688082,0.9999960899353028
2408,3.5,-6.5,15,Hero,0.6697652399539947,0.9996763467788696
2409,4.1000000000000005,-5.8999999999999995,9,Hero,0.8644861049122281,0.999999549653795
2410,3.7,-6.3,13,Hero,0.8054747512707343,0.9999963503617507
2411,3.5,-6.5,15,Hero,0.7105720818042756,0.9999920129776001
2412,-5.3999999999999995,4.6000000000000005,4,Villain,0.8327529802918434,0.9999967515468597
2413,3.8000000000000007,-6.199999999999999,12,Hero,0.6676687002182007,0.9999752640724182
2414,4.5,-5.5,5,Hero,0.6265181064605713,0.9999999046325684
2415,3.8000000000000007,-6.199999999999999,12,Hero,0.609119093666474,0.9999998211860657
2416,3.7,-6.3,13,Hero,0.682968407869339,0.9999926365338839
2417,3.6000000000000005,-6.3999999999999995,14,Hero,0.7424038350582123,0.9999961001532418
2418,-5.1,4.9,1,Villain,0.996331512928009,0.9997574687004089
2419,4.1000000000000005,-5.8999999999999995,9,Hero,0.8651780452993181,0.9999999867545234
2420,4.2,-5.8,8,Hero,0.6362912179902196,0.9999998956918716
2421,4.0,-6.0,10,Hero,0.7300361126661301,0.9999996900558472
2422,4.0,-6.0,10,Hero,0.9247536420822143,0.999999737739563
2423,3.6000000000000005,-6.3999999999999995,14,Hero,0.7011875627296311,0.9999995061329433
2424,3.9000000000000004,-6.1,11,Hero,0.8743538937785409,0.9999991005117242
2425,4.7,-5.3,3,Hero,0.983130693435669,1.0
2426,4.0,-6.0,10,Hero,0.7697915405035018,0.9999999403953552
2427,3.8000000000000007,-6.199999999999999,12,Hero,0.7090824296077093,0.9999975562095642
2428,4.7,-5.3,3,Hero,0.9986677964528402,1.0
2429,4.800000000000001,-5.199999999999999,2,Hero,0.7231759428977966,1.0
2430,3.9000000000000004,-6.1,11,Hero,0.7231568748300726,0.9999991330233488
2431,3.7,-6.3,13,Hero,0.6641280330144442,0.9999922697360699
2432,4.1000000000000005,-5.8999999999999995,9,Hero,0.9124681419796414,0.9999997748268975
2433,3.8000000000000007,-6.199999999999999,12,Hero,0.7705274062852064,0.9999947349230448
2434,4.300000000000001,-5.699999999999999,7,Hero,0.9120343157223293,0.999999863760812
2435,3.4000000000000004,-6.6,16,Hero,0.7795937759801745,0.9999992400407791
2436,3.2,-6.8,18,Hero,0.6652599891854657,0.9996466504202949
2437,4.0,-6.0,10,Hero,0.8154358565807343,0.9999994516372681
2438,4.1000000000000005,-5.8999999999999995,9,Hero,0.6837639013926188,0.9999987416797214
2439,-5.3999999999999995,4.6000000000000005,4,Villain,0.9995542764663696,0.9999988675117493
2440,3.9000000000000004,-6.1,11,Hero,0.6805481179194017,0.9999976700002496
2441,3.7,-6.3,13,Hero,0.7685489711853174,0.9999916645196768
2442,3.4000000000000004,-6.6,16,Hero,0.6293873023241758,0.999967485666275
2443,3.0,-7.0,20,Hero,0.749004416167736,0.9999999701976776
2444,4.1000000000000005,-5.8999999999999995,9,Hero,0.9299303491910299,0.9999997748268975
2445,3.6000000000000005,-6.3999999999999995,14,Hero,0.6817398028714317,0.9999960064888
2446,3.8000000000000007,-6.199999999999999,12,Hero,0.6700738444924355,0.9999999403953552
2447,4.300000000000001,-5.699999999999999,7,Hero,0.7895975368363517,0.9999995912824359
2448,3.8000000000000007,-6.199999999999999,12,Hero,0.7491491722563902,0.999999612569809
2449,4.5,-5.5,5,Hero,0.9056213736534119,1.0
2450,4.1000000000000005,-5.8999999999999995,9,Hero,0.7184537359409862,0.9999978807237413
2451,4.5,-5.5,5,Hero,0.6840508937835693,0.9999996662139893
2452,3.6000000000000005,-6.3999999999999995,14,Hero,0.6585664483053344,0.9999343965734754
2453,4.4,-5.6,6,Hero,0.6918824960788091,1.0
2454,3.5,-6.5,15,Hero,0.7749694188435873,0.9999827941258749
2455,4.2,-5.8,8,Hero,0.8926862254738808,0.9999998956918716
2456,4.6000000000000005,-5.3999999999999995,4,Hero,0.780391089618206,0.9999998211860657
2457,3.4000000000000004,-6.6,16,Hero,0.6735075488686562,0.9999693743884563
2458,4.7,-5.3,3,Hero,0.7585412661234537,1.0
2459,4.6000000000000005,-5.3999999999999995,4,Hero,0.6805342957377434,0.9999999105930328
2460,4.1000000000000005,-5.8999999999999995,9,Hero,0.9909550216462877,0.9999999735090468
2461,3.0999999999999996,-6.9,19,Hero,0.7266537876505601,0.9999958966907702
2462,3.7,-6.3,13,Hero,0.7036817325995519,0.9999936635677631
2463,4.800000000000001,-5.199999999999999,2,Hero,0.9682299196720123,1.0
2464,3.6000000000000005,-6.3999999999999995,14,Hero,0.680696576833725,0.999991604260036
2465,4.1000000000000005,-5.8999999999999995,9,Hero,0.7898049172427919,0.9999988476435343
2466,3.9000000000000004,-6.1,11,Hero,0.6860976896502755,0.9999997182325884
2467,4.6000000000000005,-5.3999999999999995,4,Hero,0.7363147609867156,0.9999999105930328
2468,4.800000000000001,-5.199999999999999,2,Hero,0.9612916707992554,1.0
2469,3.4000000000000004,-6.6,16,Hero,0.7223357371985912,0.9999978318810463
2470,3.8000000000000007,-6.199999999999999,12,Hero,0.8372718691825867,0.999999076128006
2471,-5.3,4.7,3,Villain,0.9931662678718567,0.9999993244806925
2472,4.800000000000001,-5.199999999999999,2,Hero,0.9306919276714325,1.0
2473,3.9000000000000004,-6.1,11,Hero,0.7253059040416371,0.9999957734888251
2474,3.9000000000000004,-6.1,11,Hero,0.6430393240668557,0.9999781847000122
2475,3.6000000000000005,-6.3999999999999995,14,Hero,0.6157904373747962,0.9999691545963287
2476,4.300000000000001,-5.699999999999999,7,Hero,0.6979491284915379,0.9999990633555821
2477,3.6000000000000005,-6.3999999999999995,14,Hero,0.7341027174677167,0.9999999063355582
2478,3.7,-6.3,13,Hero,0.8286720307973715,1.0
2479,4.2,-5.8,8,Hero,0.943386398255825,0.9999999403953552
2480,3.4000000000000004,-6.6,16,Hero,0.612561016343534,0.9994255118072033
2481,3.6000000000000005,-6.3999999999999995,14,Hero,0.7990860215255192,0.9999998126711164
2482,3.9000000000000004,-6.1,11,Hero,0.5992841138081118,0.9999980601397428
2483,3.7,-6.3,13,Hero,0.7471494628832891,0.9999999266404372
2484,4.0,-6.0,10,Hero,0.8707570701837539,0.9999997735023498
2485,3.3,-6.7,17,Hero,0.6708670091979644,0.9999178788241219
2486,4.5,-5.5,5,Hero,0.8974687337875367,0.9999999046325684
2487,3.6000000000000005,-6.3999999999999995,14,Hero,0.648192223161459,0.9999827401978629
2488,3.9000000000000004,-6.1,11,Hero,0.7986645983024077,0.9999983744187788
2489,4.9,-5.1,1,Hero,0.8076419830322266,1.0
2490,3.9000000000000004,-6.1,11,Hero,0.7013028954917734,0.9999978325583718
2491,4.1000000000000005,-5.8999999999999995,9,Hero,0.8226480285326639,0.9999987019432915
2492,4.6000000000000005,-5.3999999999999995,4,Hero,0.5711797550320625,1.0
2493,3.8000000000000007,-6.199999999999999,12,Hero,0.7156082863608996,0.9999875426292419
2494,3.7,-6.3,13,Hero,0.6879184406537276,0.9999997799213116
2495,4.0,-6.0,10,Hero,0.9167827069759369,1.0
2496,4.0,-6.0,10,Hero,0.661919616162777,0.9999972343444824
2497,4.7,-5.3,3,Hero,0.8608554601669312,1.0
2498,4.1000000000000005,-5.8999999999999995,9,Hero,0.924199061261283,0.9999998410542806
2499,4.300000000000001,-5.699999999999999,7,Hero,0.751484500510352,0.9999998978206089
2500,4.1000000000000005,-5.8999999999999995,9,Hero,0.9000313613149855,0.9999997880723741
2501,3.9000000000000004,-6.1,11,Hero,0.7913451059298082,0.999998851255937
2502,3.2,-6.8,18,Hero,0.6423822434412109,0.9999982515970866
2503,4.4,-5.6,6,Hero,0.9959395527839661,0.9999999602635702
2504,4.0,-6.0,10,Hero,0.8925236225128174,0.999999749660492
2505,3.8000000000000007,-6.199999999999999,12,Hero,0.6620342954993248,0.9999975462754568
2506,3.6000000000000005,-6.3999999999999995,14,Hero,0.7327639034816197,0.9999987738473075
2507,4.2,-5.8,8,Hero,0.9891571328043938,0.9999998807907104
2508,4.6000000000000005,-5.3999999999999995,4,Hero,0.5646825134754181,0.9999999701976776
2509,3.6000000000000005,-6.3999999999999995,14,Hero,0.7217520709548678,0.9999983480998448
2510,4.2,-5.8,8,Hero,0.9860912263393402,0.9999999105930328
2511,4.5,-5.5,5,Hero,0.536902753263712,0.9999998807907104
2512,4.1000000000000005,-5.8999999999999995,9,Hero,0.6543621685769823,0.9999983840518527
2513,3.4000000000000004,-6.6,16,Hero,0.7122914288192987,0.9999897554516792
2514,4.0,-6.0,10,Hero,0.868445495236665,0.9999997854232788
2515,3.5,-6.5,15,Hero,0.7219607551892598,0.9999538739522298
2516,4.5,-5.5,5,Hero,0.8469955563545227,0.9999999523162841
2517,4.300000000000001,-5.699999999999999,7,Hero,0.904671311378479,0.9999996934618268
2518,4.1000000000000005,-5.8999999999999995,9,Hero,0.8465289142396715,0.9999998410542806
2519,4.2,-5.8,8,Hero,0.7096879221498966,0.9999991804361343
2520,3.4000000000000004,-6.6,16,Hero,0.724780285730958,0.9999320358037949
2521,4.4,-5.6,6,Hero,0.9754713475704193,0.9999999602635702
2522,4.4,-5.6,6,Hero,0.9584719737370809,0.9999999602635702
2523,4.4,-5.6,6,Hero,0.9539723893006643,0.9999999205271403
2524,4.1000000000000005,-5.8999999999999995,9,Hero,0.699093285534117,0.999999827808804
2525,3.8000000000000007,-6.199999999999999,12,Hero,0.8116309307515621,0.9999982317288717
2526,4.5,-5.5,5,Hero,0.6361101657152176,0.9999997615814209
2527,3.9000000000000004,-6.1,11,Hero,0.5972177846865221,0.9999999566511675
2528,4.4,-5.6,6,Hero,0.8386506736278534,1.0
2529,4.1000000000000005,-5.8999999999999995,9,Hero,0.6335186527834998,0.9999967548582289
2530,3.6000000000000005,-6.3999999999999995,14,Hero,0.7661436455590385,0.9999998467309135
2531,4.4,-5.6,6,Hero,0.6321665098269781,0.9999998609224955
2532,3.9000000000000004,-6.1,11,Hero,0.7005935528061606,0.9999890219081532
2533,4.0,-6.0,10,Hero,0.8778658851981163,1.0
2534,4.1000000000000005,-5.8999999999999995,9,Hero,0.6867881599399779,0.9999999735090468
2535,3.4000000000000004,-6.6,16,Hero,0.6534434240311384,0.9998543076217175
2536,3.6000000000000005,-6.3999999999999995,14,Hero,0.7117891907691956,0.999932165656771
2537,4.300000000000001,-5.699999999999999,7,Hero,0.8034535561289106,0.999999829701015
2538,3.9000000000000004,-6.1,11,Hero,0.7263543497432362,0.9999922947450117
2539,4.7,-5.3,3,Hero,0.9256074031194051,0.9999999205271403
2540,4.9,-5.1,1,Hero,0.9641838669776917,1.0
2541,3.9000000000000004,-6.1,11,Hero,0.7479130320928313,0.9999999024651267
2542,4.2,-5.8,8,Hero,0.9063193015754223,0.9999998211860657
2543,4.2,-5.8,8,Hero,0.7445110827684402,0.9999996721744537
2544,3.8000000000000007,-6.199999999999999,12,Hero,0.7162269676725069,0.9999896089235941
2545,4.7,-5.3,3,Hero,0.6442903565863768,1.0
2546,4.6000000000000005,-5.3999999999999995,4,Hero,0.9414492845535278,1.0
2547,4.2,-5.8,8,Hero,0.9473282769322395,1.0
2548,3.4000000000000004,-6.6,16,Hero,0.634878281474812,0.9999456256628036
2549,3.0999999999999996,-6.9,19,Hero,0.680426903657223,0.9999939391487523
2550,3.5,-6.5,15,Hero,0.731746606528759,0.999996296564738
2551,3.8000000000000007,-6.199999999999999,12,Hero,0.7443224117159843,0.9999996920426687
2552,3.3,-6.7,17,Hero,0.655241991228917,0.9999898952596328
2553,4.1000000000000005,-5.8999999999999995,9,Hero,0.9589842491679721,1.0
2554,4.0,-6.0,10,Hero,0.8086769387125969,0.9999999046325684
2555,3.8000000000000007,-6.199999999999999,12,Hero,0.6662883535027504,0.9999915957450867
2556,4.4,-5.6,6,Hero,0.6522600303093592,1.0
2557,4.0,-6.0,10,Hero,0.7147981613874436,0.9999998450279236
2558,4.300000000000001,-5.699999999999999,7,Hero,0.855410708380597,0.9999998978206089
2559,3.6000000000000005,-6.3999999999999995,14,Hero,0.6797945435558047,0.9999977265085492
2560,4.4,-5.6,6,Hero,0.6763124018907547,0.9999999403953552
2561,3.9000000000000004,-6.1,11,Hero,0.8081964525309476,1.0
2562,4.2,-5.8,8,Hero,0.9202367663383484,0.9999996721744537
2563,3.0999999999999996,-6.9,19,Hero,0.737758711764687,0.9999930670386866
2564,4.1000000000000005,-5.8999999999999995,9,Hero,0.8317534335785441,0.9999999337726169
2565,3.8000000000000007,-6.199999999999999,12,Hero,0.8187231322129568,0.9999967217445374
2566,4.9,-5.1,1,Hero,0.7535251975059509,1.0
2567,4.2,-5.8,8,Hero,0.8804142847657204,0.9999998956918716
2568,4.9,-5.1,1,Hero,0.24689187109470367,1.0
2569,4.6000000000000005,-5.3999999999999995,4,Hero,0.9505766034126282,0.9999999403953552
2570,3.8000000000000007,-6.199999999999999,12,Hero,0.7550786205877861,0.9999772210915884
2571,3.9000000000000004,-6.1,11,Hero,0.8786099851131439,0.9999998916279186
2572,3.9000000000000004,-6.1,11,Hero,0.8092186014083299,0.9999998807907104
2573,4.0,-6.0,10,Hero,0.7577141374349594,0.9999977707862854
2574,4.0,-6.0,10,Hero,0.8928038239479065,0.9999999523162841
2575,4.300000000000001,-5.699999999999999,7,Hero,0.703096981559481,0.9999997104917254
2576,4.9,-5.1,1,Hero,0.43605121970176697,1.0
2577,4.4,-5.6,6,Hero,0.7230707059303919,0.9999995827674866
2578,4.2,-5.8,8,Hero,0.6512135099619627,0.9999995678663254
2579,4.4,-5.6,6,Hero,0.8862648258606592,0.9999999205271403
2580,4.6000000000000005,-5.3999999999999995,4,Hero,0.7969412952661514,0.9999998211860657
2581,4.300000000000001,-5.699999999999999,7,Hero,0.9815753442900521,0.9999999489103045
2582,3.7,-6.3,13,Hero,0.6569830202139341,0.9999993856136615
2583,3.6000000000000005,-6.3999999999999995,14,Hero,0.6761070553745542,0.9999962193625314
2584,4.9,-5.1,1,Hero,0.8595783710479736,1.0
2585,4.300000000000001,-5.699999999999999,7,Hero,0.7606415237699237,1.0
2586,4.2,-5.8,8,Hero,0.824436366558075,0.9999992698431015
2587,3.6000000000000005,-6.3999999999999995,14,Hero,0.7359108680060932,0.9999738250459943
2588,4.7,-5.3,3,Hero,0.6525967617829641,0.9999999602635702
2589,3.9000000000000004,-6.1,11,Hero,0.8680496622215618,0.9999999349767511
2590,4.300000000000001,-5.699999999999999,7,Hero,0.9837631753512791,1.0
2591,4.7,-5.3,3,Hero,0.6271725396315256,1.0
2592,4.7,-5.3,3,Hero,0.8047869602839152,0.9999999602635702
2593,4.7,-5.3,3,Hero,0.7972330252329508,0.9999999602635702
2594,3.5,-6.5,15,Hero,0.6656012530128161,0.9997666954994202
2595,4.6000000000000005,-5.3999999999999995,4,Hero,0.911786675453186,0.9999999105930328
2596,4.4,-5.6,6,Hero,0.6888910184303919,1.0
2597,3.9000000000000004,-6.1,11,Hero,0.7805928452448412,0.9999997073953802
2598,4.300000000000001,-5.699999999999999,7,Hero,0.9117370929036822,0.9999997445515224
2599,4.2,-5.8,8,Hero,0.922125019133091,0.9999997019767761
2600,3.5,-6.5,15,Hero,0.7491736491521199,0.9999939362208049
2601,4.5,-5.5,5,Hero,0.7437326788902283,0.9999994993209839
2602,3.7,-6.3,13,Hero,0.7090603528687587,0.9999976983437171
2603,4.1000000000000005,-5.8999999999999995,9,Hero,0.7686739398373498,0.9999992714987861
2604,4.4,-5.6,6,Hero,0.7703221241633097,0.9999999006589254
2605,3.5,-6.5,15,Hero,0.665326722462972,0.9999561150868733
2606,4.0,-6.0,10,Hero,0.8348802104592323,0.9999991297721863
2607,4.300000000000001,-5.699999999999999,7,Hero,0.8871757473264422,0.9999996764319283
2608,-5.3,4.7,3,Villain,0.9999998807907104,1.0
2609,4.9,-5.1,1,Hero,0.7140015959739685,1.0
2610,3.7,-6.3,13,Hero,0.7939332322432444,0.999999266404372
2611,4.5,-5.5,5,Hero,0.7102469861507416,0.9999999523162841
2612,3.4000000000000004,-6.6,16,Hero,0.732386939227581,0.9999998286366463
2613,4.7,-5.3,3,Hero,0.9991989135742188,1.0
2614,3.9000000000000004,-6.1,11,Hero,0.7821096730503169,0.9999998157674616
2615,4.5,-5.5,5,Hero,0.7566383600234985,1.0
2616,4.800000000000001,-5.199999999999999,2,Hero,0.9673375487327576,1.0
2617,3.3,-6.7,17,Hero,0.7410939441007727,0.9999968374476713
2618,3.4000000000000004,-6.6,16,Hero,0.6548799239099026,0.9995603486895561
2619,3.4000000000000004,-6.6,16,Hero,0.7195426253601909,0.999879714101553
2620,3.7,-6.3,13,Hero,0.6385822364917169,0.9999964420612042
2621,4.1000000000000005,-5.8999999999999995,9,Hero,0.841820047961341,1.0
2622,4.1000000000000005,-5.8999999999999995,9,Hero,0.8860044545597501,1.0
2623,4.0,-6.0,10,Hero,0.8953381687402725,0.9999999403953552
2624,3.6000000000000005,-6.3999999999999995,14,Hero,0.7749030920011657,0.9999996083123344
2625,4.1000000000000005,-5.8999999999999995,9,Hero,0.9034890764289432,0.9999998410542806
2626,3.9000000000000004,-6.1,11,Hero,0.6295909827405756,0.9999829639088024
2627,4.2,-5.8,8,Hero,0.886607650667429,0.9999999105930328
2628,4.800000000000001,-5.199999999999999,2,Hero,0.532807394862175,1.0
2629,4.5,-5.5,5,Hero,0.7156943619251251,0.9999999523162841
2630,4.1000000000000005,-5.8999999999999995,9,Hero,0.7539851201905144,0.9999998145633273
2631,4.0,-6.0,10,Hero,0.8111747056245804,0.9999989748001099
2632,3.7,-6.3,13,Hero,0.6743673332608663,0.9999963136819693
2633,4.5,-5.5,5,Hero,0.626833900809288,1.0
2634,4.5,-5.5,5,Hero,0.682047626376152,0.9999999046325684
2635,4.1000000000000005,-5.8999999999999995,9,Hero,0.9334114061461555,0.999999377462599
2636,3.5,-6.5,15,Hero,0.7420248299837112,0.9999481558799743
2637,3.3,-6.7,17,Hero,0.6703727403107811,0.9999930437873391
2638,4.300000000000001,-5.699999999999999,7,Hero,0.6689608650548118,0.999999829701015
2639,4.6000000000000005,-5.3999999999999995,4,Hero,0.6637819856405258,0.9999999403953552
2640,4.4,-5.6,6,Hero,0.8818964660167694,0.9999997218449911
2641,4.0,-6.0,10,Hero,0.8079371933825314,0.9999997019767761
2642,3.8000000000000007,-6.199999999999999,12,Hero,0.7932746832569441,0.9999998509883881
2643,4.9,-5.1,1,Hero,0.9801411032676697,1.0
2644,4.4,-5.6,6,Hero,0.9365930557250977,1.0
2645,4.2,-5.8,8,Hero,0.997463047504425,0.9999999552965164
2646,3.3,-6.7,17,Hero,0.6647406156887027,0.9999850637772504
2647,3.8000000000000007,-6.199999999999999,12,Hero,0.7515616019566854,0.999999980131785
2648,3.3,-6.7,17,Hero,0.6919734022196602,0.9999976017895866
2649,3.4000000000000004,-6.6,16,Hero,0.6723980931565166,0.999997578561306
2650,3.3,-6.7,17,Hero,0.6913281442487941,0.9999997335321763
2651,4.0,-6.0,10,Hero,0.8131899207830429,0.9999990224838257
2652,4.300000000000001,-5.699999999999999,7,Hero,0.7379581502505711,0.9999994550432477
2653,3.6000000000000005,-6.3999999999999995,14,Hero,0.666077007140432,0.9999998467309135
2654,4.4,-5.6,6,Hero,0.7590453686813513,1.0
2655,3.0999999999999996,-6.9,19,Hero,0.6832550152351982,0.9987098794234427
2656,4.1000000000000005,-5.8999999999999995,9,Hero,0.8480197886625925,0.9999990065892538
2657,4.800000000000001,-5.199999999999999,2,Hero,0.7541276514530182,1.0
2658,3.5,-6.5,15,Hero,0.6637392155826092,0.9999965826670328
2659,4.2,-5.8,8,Hero,0.7888446897268295,0.9999990165233612
2660,4.2,-5.8,8,Hero,0.7296810420230031,0.9999999403953552
2661,4.1000000000000005,-5.8999999999999995,9,Hero,0.7507756965027915,0.9999999470180936
2662,4.0,-6.0,10,Hero,0.8599902778863907,0.9999979972839356
2663,3.6000000000000005,-6.3999999999999995,14,Hero,0.744076669216156,0.9999975902693612
2664,4.1000000000000005,-5.8999999999999995,9,Hero,0.7795495986938477,0.9999993244806925
2665,4.300000000000001,-5.699999999999999,7,Hero,0.8334260710648128,0.9999999829701015
2666,-5.199999999999999,4.800000000000001,2,Villain,0.9863912463188171,0.9999802112579346
2667,-5.1,4.9,1,Villain,0.9999141693115234,0.999998927116394
2668,4.9,-5.1,1,Hero,0.9368913173675537,1.0
2669,3.9000000000000004,-6.1,11,Hero,0.641594256867062,0.9999995773488825
2670,3.2,-6.8,18,Hero,0.7364425203866429,0.9999999006589254
2671,4.2,-5.8,8,Hero,0.9996773824095726,0.999999925494194
2672,3.0999999999999996,-6.9,19,Hero,0.7768603935837746,0.9999999811774806
2673,3.5,-6.5,15,Hero,0.7609056050578753,1.0
2674,0.5999999999999996,-9.4,44,Hero,0.833269403739409,0.9999999891627919
2675,4.0,-6.0,10,Hero,0.8010838657617569,0.9999999284744263
2676,4.4,-5.6,6,Hero,0.6675948308159908,0.999999980131785
2677,3.9000000000000004,-6.1,11,Hero,0.7764079899273135,0.999995697628368
2678,4.6000000000000005,-5.3999999999999995,4,Hero,0.9758064150810242,0.9999999105930328
2679,4.300000000000001,-5.699999999999999,7,Hero,0.8243199373994555,0.9999997104917254
2680,4.9,-5.1,1,Hero,0.6950511932373047,1.0
2681,4.800000000000001,-5.199999999999999,2,Hero,0.9635306298732758,1.0
2682,3.3,-6.7,17,Hero,0.7319090603029027,0.9999953999238855
2683,3.3,-6.7,17,Hero,0.6538273920031155,0.999900526860181
2684,3.5,-6.5,15,Hero,0.7275379836559296,0.9999970118204753
2685,3.9000000000000004,-6.1,11,Hero,0.732952432198958,0.9999639933759515
2686,3.4000000000000004,-6.6,16,Hero,0.6797933354973793,0.9999302811920643
2687,4.2,-5.8,8,Hero,0.8585236594080925,0.9999999850988388
2688,3.4000000000000004,-6.6,16,Hero,0.6867113569751382,0.9999995902180672
2689,4.1000000000000005,-5.8999999999999995,9,Hero,0.7652270504169993,1.0
2690,-5.1,4.9,1,Villain,0.6821749806404114,0.9999995231628418
2691,4.6000000000000005,-5.3999999999999995,4,Hero,0.7426503235474229,1.0
2692,-5.199999999999999,4.800000000000001,2,Villain,0.9999606013298035,0.9999998807907104
2693,3.3,-6.7,17,Hero,0.882541566648904,0.9999999649384442
2694,2.4999999999999996,-7.5,25,Hero,0.722146869301796,0.9996406960487366
2695,3.6000000000000005,-6.3999999999999995,14,Hero,0.7878424956330231,0.9999998382159642
2696,1.5999999999999988,-8.400000000000002,34,Hero,0.9180679274175096,0.9999993583735298
2697,3.0999999999999996,-6.9,19,Hero,0.6454537479501021,0.9998241788462588
2698,-4.999999999999998,-4.999999999999998,50,None,0.9780073097534477,0.9999999284744263
2699,-4.999999999999998,-4.999999999999998,50,None,0.9026336263120175,0.9999997329711914
2700,3.5,-6.5,15,Hero,0.6818143188953399,0.9999997456868489
2701,4.4,-5.6,6,Hero,0.9999936620394388,0.999999980131785
2702,-4.999999999999998,-4.999999999999998,50,None,0.9135054099187255,0.99999995470047
2703,-4.999999999999998,-4.999999999999998,50,None,0.9260847920179367,0.9999990177154541
2704,-4.999999999999998,-4.999999999999998,50,None,0.9254875305294991,0.9999995183944702
2705,-4.999999999999998,-4.999999999999998,50,None,0.9019607598334551,1.0
2706,-4.999999999999998,-4.999999999999998,50,None,0.9138054239749909,0.9999994993209839
2707,-4.999999999999998,-4.999999999999998,50,None,0.9255644978769123,0.9999999976158143
2708,-4.999999999999998,-4.999999999999998,50,None,0.8336947425454855,0.999942079782486
2709,-4.999999999999998,-4.999999999999998,50,None,0.9065622104704381,0.9999999451637268
2710,4.4,-5.6,6,Hero,0.9999905427296957,0.9999998609224955
2711,0.5999999999999996,-9.4,44,Hero,0.900421239700253,0.9999999864534899
2712,3.4000000000000004,-6.6,16,Hero,0.8538159950403497,0.9999995231628418
2713,-4.999999999999998,-4.999999999999998,50,None,0.9081681454181671,0.9999997615814209
2714,3.4000000000000004,-6.6,16,Hero,0.7388801965862513,0.9999846667051315
2715,1.899999999999999,-8.100000000000001,31,Hero,0.8696632259074719,0.9999997461995771
2716,-4.999999999999998,-4.999999999999998,50,None,0.9540758922696113,0.9999999594688416
2717,4.300000000000001,-5.699999999999999,7,Hero,0.9976574267659869,0.9999998467309135
2718,-5.3,4.7,3,Villain,0.7375786602497101,0.9999744892120361
2719,4.4,-5.6,6,Hero,0.9998628497123718,0.9999997814496359
2720,4.0,-6.0,10,Hero,0.8496270582079888,0.9999996542930603
2721,4.300000000000001,-5.699999999999999,7,Hero,0.9999822207859584,0.9999998467309135
2722,3.6000000000000005,-6.3999999999999995,14,Hero,0.666325287095138,0.9999989441462925
2723,4.0,-6.0,10,Hero,0.9023304224014282,0.9999991536140442
2724,-4.999999999999998,-4.999999999999998,50,None,0.9988641512393951,0.9999999713897705
2725,4.0,-6.0,10,Hero,0.6642500519752502,0.9999994039535522
2726,4.5,-5.5,5,Hero,0.9990318775177002,0.9999997854232788
2727,-4.999999999999998,-4.999999999999998,50,None,0.9534192692488432,1.0
2728,4.5,-5.5,5,Hero,0.7520073354244232,0.9999999046325684
2729,3.3,-6.7,17,Hero,0.8593914955854416,0.9999997335321763
2730,4.0,-6.0,10,Hero,0.9381242871284485,0.9999988436698913
2731,4.1000000000000005,-5.8999999999999995,9,Hero,0.9221175445450677,0.9999996688630846
2732,4.2,-5.8,8,Hero,0.8814275749027729,0.9999975860118866
2733,4.6000000000000005,-5.3999999999999995,4,Hero,0.710237130522728,0.9999996423721313
2734,4.0,-6.0,10,Hero,0.884716922044754,0.9999988675117493
2735,3.7,-6.3,13,Hero,0.7099636644124985,0.9999234263713543
2736,3.3,-6.7,17,Hero,0.6786840929485419,0.9988576033536125
2737,4.2,-5.8,8,Hero,0.7834295220673084,0.9999996572732925
2738,4.0,-6.0,10,Hero,0.6131167992949486,0.9999971628189087
2739,4.5,-5.5,5,Hero,0.8570403575897216,0.9999994754791259
2740,4.300000000000001,-5.699999999999999,7,Hero,0.687324753829411,0.9999999318804059
2741,3.5,-6.5,15,Hero,0.6958152502775192,0.9997663577397664
2742,3.6000000000000005,-6.3999999999999995,14,Hero,0.7724019140005112,0.9999605374676841
2743,4.6000000000000005,-5.3999999999999995,4,Hero,0.7776719182729721,1.0
2744,4.6000000000000005,-5.3999999999999995,4,Hero,0.8155913352966309,1.0
2745,4.5,-5.5,5,Hero,0.752839994430542,0.9999998807907104
2746,4.1000000000000005,-5.8999999999999995,9,Hero,0.8023804028828939,0.9999997615814209
2747,4.300000000000001,-5.699999999999999,7,Hero,0.9809609481266567,1.0
2748,4.5,-5.5,5,Hero,0.752614289522171,0.9999999046325684
2749,3.3,-6.7,17,Hero,0.698178817244137,0.999955885550555
2750,4.1000000000000005,-5.8999999999999995,9,Hero,0.8938546478748322,0.9999992847442627
2751,4.6000000000000005,-5.3999999999999995,4,Hero,0.8736428320407867,0.9999998211860657
2752,3.7,-6.3,13,Hero,0.8181651738973764,0.9999722242355347
2753,4.4,-5.6,6,Hero,0.7055976564685503,0.9999998807907104
2754,4.800000000000001,-5.199999999999999,2,Hero,0.9961431920528412,1.0
2755,4.1000000000000005,-5.8999999999999995,9,Hero,0.597182090083758,0.999999894036187
2756,3.9000000000000004,-6.1,11,Hero,0.8180232603441585,0.9999998266046698
2757,3.0,-7.0,20,Hero,0.6241718303412199,0.9999988079071045
2758,4.4,-5.6,6,Hero,0.8080266664425532,0.9999996026357015
2759,4.0,-6.0,10,Hero,0.8948147209361196,0.9999997973442077
2760,3.7,-6.3,13,Hero,0.9165021046422995,0.9999996882218581
2761,3.8000000000000007,-6.199999999999999,12,Hero,0.6836025360971689,0.9999989569187164
2762,2.9,-7.1,21,Hero,0.5952227919229439,0.9999902986344837
2763,3.7,-6.3,13,Hero,0.6453626694587561,0.9999998716207651
2764,4.4,-5.6,6,Hero,0.8476568808158239,0.9999995628992716
2765,4.5,-5.5,5,Hero,0.8042949557304382,0.9999999046325684
2766,3.8000000000000007,-6.199999999999999,12,Hero,0.8264691457152367,0.9999969700972239
2767,0.3000000000000007,-9.7,47,Hero,0.8828747018854669,0.99999970324496
2768,4.5,-5.5,5,Hero,0.6574202299118042,0.9999998331069946
2769,4.2,-5.8,8,Hero,0.9925204142928123,0.9999999403953552
2770,4.5,-5.5,5,Hero,0.7199803173542023,0.9999998092651368
2771,4.1000000000000005,-5.8999999999999995,9,Hero,0.9990713000297546,0.9999998807907104
2772,4.7,-5.3,3,Hero,0.6318797767162323,1.0
2773,4.4,-5.6,6,Hero,0.5973522464434305,0.9999999403953552
2774,3.7,-6.3,13,Hero,0.8373929949907156,0.999999844110929
2775,4.2,-5.8,8,Hero,0.9840836673974991,0.9999996721744537
2776,4.2,-5.8,8,Hero,0.9967067986726761,0.999999925494194
2777,-5.199999999999999,4.800000000000001,2,Villain,0.7438499331474304,0.9998327195644379
2778,3.8000000000000007,-6.199999999999999,12,Hero,0.646249383687973,0.9999970297018687
2779,3.5,-6.5,15,Hero,0.7829538663228353,0.9999998251597086
2780,3.7,-6.3,13,Hero,0.7618167887513454,0.9999965245907123
2781,3.5,-6.5,15,Hero,0.8688592792799076,0.9999993324279786
2782,4.2,-5.8,8,Hero,0.999912329018116,0.9999998807907104
2783,4.800000000000001,-5.199999999999999,2,Hero,0.5872497409582138,0.9999998211860657
2784,4.6000000000000005,-5.3999999999999995,4,Hero,0.9571487307548523,0.9999999105930328
2785,4.1000000000000005,-5.8999999999999995,9,Hero,0.9619475139511956,0.9999999072816637
2786,3.4000000000000004,-6.6,16,Hero,0.7777175605297089,0.9999994039535522
2787,4.0,-6.0,10,Hero,0.683982765674591,0.99999920129776
2788,3.5,-6.5,15,Hero,0.6412581965327263,0.9999870141347249
2789,4.1000000000000005,-5.8999999999999995,9,Hero,0.9974489344490899,0.9999999470180936
2790,3.7,-6.3,13,Hero,0.7348602081720645,0.9999871987562913
2791,3.9000000000000004,-6.1,11,Hero,0.8290308334610679,0.9999998591162942
2792,4.7,-5.3,3,Hero,0.8381059567133585,0.9999999205271403
2793,4.0,-6.0,10,Hero,0.8157271236181259,0.9999945044517518
2794,3.2,-6.8,18,Hero,0.7064601423011886,0.9999871717558967
2795,3.4000000000000004,-6.6,16,Hero,0.711396299302578,0.9999979063868523
2796,3.4000000000000004,-6.6,16,Hero,0.723765404894948,0.9998451583087444
2797,4.9,-5.1,1,Hero,0.9681288599967957,1.0
2798,-5.1,4.9,1,Villain,0.999839186668396,0.9999979734420776
2799,4.9,-5.1,1,Hero,0.9525654911994934,1.0
2800,4.300000000000001,-5.699999999999999,7,Hero,0.7306751630135945,0.9999995742525373
2801,4.9,-5.1,1,Hero,0.9883755445480347,1.0
2802,4.0,-6.0,10,Hero,0.8577471137046814,0.9999993085861206
2803,4.2,-5.8,8,Hero,0.8091164100915194,0.9999995529651642
2804,4.300000000000001,-5.699999999999999,7,Hero,0.7160435702119555,0.9999995401927403
2805,4.300000000000001,-5.699999999999999,7,Hero,0.9811706287520272,0.999999829701015
2806,4.0,-6.0,10,Hero,0.9496014952659607,0.9999992370605468
2807,3.3,-6.7,17,Hero,0.6254888878149145,0.9999992707196403
2808,3.7,-6.3,13,Hero,0.7369353106388679,0.9999999174704919
2809,3.8000000000000007,-6.199999999999999,12,Hero,0.8172597903758287,0.9999963343143463
2810,4.0,-6.0,10,Hero,0.8520315408706665,0.9999998569488525
2811,3.8000000000000007,-6.199999999999999,12,Hero,0.8410236512621244,0.9999983112017313
2812,2.6999999999999997,-7.300000000000001,23,Hero,0.764261808084405,0.99999986005866
2813,4.300000000000001,-5.699999999999999,7,Hero,0.9996258616447449,1.0
2814,4.0,-6.0,10,Hero,0.7348137274384499,0.9999993443489075
2815,3.8000000000000007,-6.199999999999999,12,Hero,0.7593741243084272,0.9999838074048361
2816,3.9000000000000004,-6.1,11,Hero,0.8646881092678417,0.9999994798140093
2817,3.6000000000000005,-6.3999999999999995,14,Hero,0.659467159637383,0.9999999063355582
2818,3.8000000000000007,-6.199999999999999,12,Hero,0.7758175581693649,0.9999849299589793
2819,3.4000000000000004,-6.6,16,Hero,0.7313587106764317,0.9989199824631214
2820,2.4999999999999996,-7.5,25,Hero,0.9036892288923264,0.9999999618530273
2821,4.2,-5.8,8,Hero,0.9154987968504429,0.9999993443489075
2822,2.9,-7.1,21,Hero,0.7324152091251952,0.9999986205782209
2823,3.9000000000000004,-6.1,11,Hero,0.6380479637194764,0.9999748793515292
2824,3.9000000000000004,-6.1,11,Hero,0.6998660957271402,0.9999754970723932
2825,2.3999999999999995,-7.6000000000000005,26,Hero,0.8656353113742975,1.0
2826,4.2,-5.8,8,Hero,0.9954829141497612,0.9999998509883881
2827,3.7,-6.3,13,Hero,0.7798923483261695,0.9999535588117746
2828,4.5,-5.5,5,Hero,0.9106877326965332,0.9999997854232788
2829,2.9,-7.1,21,Hero,0.6890734270924613,0.9999997729346866
2830,4.1000000000000005,-5.8999999999999995,9,Hero,0.8289195497830709,0.9999971919589572
2831,3.6000000000000005,-6.3999999999999995,14,Hero,0.6540618490959916,0.999999965940203
2832,3.4000000000000004,-6.6,16,Hero,0.6876452825963497,0.999997690320015
2833,4.300000000000001,-5.699999999999999,7,Hero,0.7654976121016911,0.9999972922461373
2834,2.9,-7.1,21,Hero,0.7195450848057157,0.9999988419669015
2835,4.0,-6.0,10,Hero,0.7606947928667068,0.9999870896339417
2836,4.9,-5.1,1,Hero,0.301881343126297,1.0
2837,4.4,-5.6,6,Hero,0.9019103248914083,0.999999463558197
2838,4.800000000000001,-5.199999999999999,2,Hero,0.9841276705265045,1.0
2839,3.5,-6.5,15,Hero,0.5937008584539095,0.9999939600626627
2840,4.4,-5.6,6,Hero,0.6812499165534973,0.9999996622403463
2841,3.8000000000000007,-6.199999999999999,12,Hero,0.7705871512492498,0.9999960362911224
2842,4.300000000000001,-5.699999999999999,7,Hero,0.8890255774770465,0.9999994720731463
2843,4.2,-5.8,8,Hero,0.796095272526145,0.9999981969594955
2844,4.0,-6.0,10,Hero,0.7368061155080795,0.999999463558197
2845,4.5,-5.5,5,Hero,0.7540954709053039,0.9999995231628418
2846,4.6000000000000005,-5.3999999999999995,4,Hero,0.7612877562642097,0.9999998807907104
2847,3.3,-6.7,17,Hero,0.677745917264153,0.9999970618416282
2848,3.7,-6.3,13,Hero,0.7133188098669052,0.9999998349409837
2849,4.0,-6.0,10,Hero,0.666521180421114,0.9999996781349182
2850,4.1000000000000005,-5.8999999999999995,9,Hero,0.5316141545772552,0.9999999602635702
2851,3.5,-6.5,15,Hero,0.7384446958700815,0.9999956289927164
2852,1.899999999999999,-8.100000000000001,31,Hero,0.7578673302646606,0.999998354142712
2853,4.0,-6.0,10,Hero,0.5986570507287979,0.9999999284744263
2854,3.4000000000000004,-6.6,16,Hero,0.6402844625990838,0.9999925792217255
2855,4.300000000000001,-5.699999999999999,7,Hero,0.8422285658972604,0.9999996594020298
2856,4.7,-5.3,3,Hero,0.80252738793691,0.9999998410542806
2857,3.3,-6.7,17,Hero,0.6304479653344435,0.9999941867940566
2858,4.300000000000001,-5.699999999999999,7,Hero,0.9992270469665527,0.9999998467309135
2859,4.0,-6.0,10,Hero,0.8340081691741943,0.9999995231628418
2860,-5.3999999999999995,4.6000000000000005,4,Villain,0.7271056361496449,0.9998726844787598
2861,4.300000000000001,-5.699999999999999,7,Hero,0.9752471787588937,0.9999997956412179
2862,3.5,-6.5,15,Hero,0.7165720224380493,0.9997235059738159
2863,3.8000000000000007,-6.199999999999999,12,Hero,0.811812919874986,0.9999992549419403
2864,3.9000000000000004,-6.1,11,Hero,0.8109188377857208,0.9999987320466475
2865,4.2,-5.8,8,Hero,0.7845405638217926,0.9999978542327881
2866,4.6000000000000005,-5.3999999999999995,4,Hero,0.7927330881357193,0.9999996423721313
2867,4.9,-5.1,1,Hero,0.9455217123031616,0.9999998807907104
2868,3.9000000000000004,-6.1,11,Hero,0.8889023715799506,0.999997388232838
2869,4.1000000000000005,-5.8999999999999995,9,Hero,0.7175838285022311,0.9999962117936876
2870,3.7,-6.3,13,Hero,0.8182117549272684,0.9999730403606708
2871,4.1000000000000005,-5.8999999999999995,9,Hero,0.9235827856593661,0.999999894036187
2872,3.9000000000000004,-6.1,11,Hero,0.7292761071161791,0.9999971173026345
2873,3.5,-6.5,15,Hero,0.7364632581671079,0.999601403872172
2874,4.0,-6.0,10,Hero,0.8000178188085556,0.9999894857406616
2875,4.1000000000000005,-5.8999999999999995,9,Hero,0.7953919536537595,0.9999988608890109
2876,3.7,-6.3,13,Hero,0.7705834037982501,0.9999512479855464
2877,3.7,-6.3,13,Hero,0.6865495970615973,0.9999457964530358
2878,3.8000000000000007,-6.199999999999999,12,Hero,0.7699414404730002,0.9999966422716776
2879,4.4,-5.6,6,Hero,0.7569218228260676,0.9999984900156657
2880,3.8000000000000007,-6.199999999999999,12,Hero,0.8026011114319166,0.9999944070974985
2881,4.4,-5.6,6,Hero,0.8744176129500071,0.9999995430310568
2882,3.5,-6.5,15,Hero,0.6704476257165273,0.99999946753184
2883,4.6000000000000005,-5.3999999999999995,4,Hero,0.6178614050149918,0.9999998807907104
2884,3.6000000000000005,-6.3999999999999995,14,Hero,0.7577582619019917,0.9999974284853254
2885,3.5,-6.5,15,Hero,0.7132322092851003,0.9998108188311259
2886,4.9,-5.1,1,Hero,0.9837485551834106,0.9999998807907104
2887,4.2,-5.8,8,Hero,0.7106252824887633,0.9999943226575851
2888,3.8000000000000007,-6.199999999999999,12,Hero,0.7887688868989547,0.9999731679757436
2889,4.5,-5.5,5,Hero,0.8196937918663025,0.9999998092651368
2890,4.5,-5.5,5,Hero,0.9977805733680725,0.9999998331069946
2891,3.9000000000000004,-6.1,11,Hero,0.7255179733037949,0.9999896829778497
2892,4.1000000000000005,-5.8999999999999995,9,Hero,0.9897391332520379,0.9999998542997572
2893,4.6000000000000005,-5.3999999999999995,4,Hero,0.9982338100671768,0.9999999105930328
2894,3.8000000000000007,-6.199999999999999,12,Hero,0.6865634135901928,0.999985545873642
2895,3.3,-6.7,17,Hero,0.7216684152098263,0.9999641811146456
2896,3.9000000000000004,-6.1,11,Hero,0.8833507407795299,0.9999982226978649
2897,3.6000000000000005,-6.3999999999999995,14,Hero,0.6577301754483155,0.999997215611594
2898,3.6000000000000005,-6.3999999999999995,14,Hero,0.6742202469280788,0.999999463558197
2899,3.9000000000000004,-6.1,11,Hero,0.9032294262539257,0.9999987103722312
2900,3.5,-6.5,15,Hero,0.6754244066774845,0.9999998490015666
2901,3.0999999999999996,-6.9,19,Hero,0.6246292206801867,0.9999990337773373
2902,3.6000000000000005,-6.3999999999999995,14,Hero,0.6829128084438187,0.9999991485050747
2903,4.0,-6.0,10,Hero,0.6553064405918121,0.9999999165534973
2904,3.8000000000000007,-6.199999999999999,12,Hero,0.7192648189763228,0.9999765952428182
2905,3.8000000000000007,-6.199999999999999,12,Hero,0.8393195097645124,0.9999997615814209
2906,4.300000000000001,-5.699999999999999,7,Hero,0.8946870395115444,0.9999993017741612
2907,4.7,-5.3,3,Hero,0.6473155617713928,1.0
2908,4.2,-5.8,8,Hero,0.995125062763691,0.9999998807907104
2909,3.8000000000000007,-6.199999999999999,12,Hero,0.7055524165431658,0.9999996324380239
2910,3.7,-6.3,13,Hero,0.7636473339337569,0.9999538155702444
2911,3.9000000000000004,-6.1,11,Hero,0.7468269663778219,0.9999901598150079
2912,3.2,-6.8,18,Hero,0.6853807038731046,0.9999266929096646
2913,3.6000000000000005,-6.3999999999999995,14,Hero,0.7392845856291907,0.9999929325921195
2914,4.6000000000000005,-5.3999999999999995,4,Hero,0.7462714910507202,0.9999994337558746
2915,3.5,-6.5,15,Hero,0.6534354336559772,0.9993953903516134
2916,4.0,-6.0,10,Hero,0.8488170713186264,0.9999989151954651
2917,4.2,-5.8,8,Hero,0.7319327369332314,0.9999946653842926
2918,4.4,-5.6,6,Hero,0.6609064837296804,0.9999999403953552
2919,3.8000000000000007,-6.199999999999999,12,Hero,0.8549320449431738,0.9999996622403463
2920,4.5,-5.5,5,Hero,0.940558397769928,0.9999998569488525
2921,4.2,-5.8,8,Hero,0.6155082527548075,0.9999988228082657
2922,3.5,-6.5,15,Hero,0.6962229510148367,0.9999986251195272
2923,4.1000000000000005,-5.8999999999999995,9,Hero,0.7913380165894827,0.999993297788832
2924,4.4,-5.6,6,Hero,0.7336830993493398,0.9999993443489075
2925,3.5,-6.5,15,Hero,0.7181131720542908,0.9999202569325765
2926,3.8000000000000007,-6.199999999999999,12,Hero,0.7118485781053702,0.9999925792217255
2927,3.7,-6.3,13,Hero,0.6950496561252154,0.9999173146027786
2928,-5.1,4.9,1,Villain,0.9999996423721313,1.0
2929,4.5,-5.5,5,Hero,0.6405335485935211,0.9999999523162841
2930,4.6000000000000005,-5.3999999999999995,4,Hero,0.8358140140771866,0.9999998211860657
2931,3.6000000000000005,-6.3999999999999995,14,Hero,0.8099304033177239,0.9999511241912842
2932,4.5,-5.5,5,Hero,0.6396099209785462,1.0
2933,4.4,-5.6,6,Hero,0.7170458187659582,0.9999999006589254
2934,3.4000000000000004,-6.6,16,Hero,0.7239024173468351,0.9999785125255585
2935,3.9000000000000004,-6.1,11,Hero,0.8083359599113464,0.9999947981400923
2936,4.6000000000000005,-5.3999999999999995,4,Hero,0.6654438823461533,0.9999998509883881
2937,4.4,-5.6,6,Hero,0.8051125307877859,0.9999997417132059
2938,4.1000000000000005,-5.8999999999999995,9,Hero,0.8989589214324951,0.9999995364083184
2939,3.3,-6.7,17,Hero,0.624451640774222,0.9999994320027968
2940,4.6000000000000005,-5.3999999999999995,4,Hero,0.6999585572630167,0.9999999403953552
2941,3.8000000000000007,-6.199999999999999,12,Hero,0.6951175269981226,0.9999642272790273
2942,4.1000000000000005,-5.8999999999999995,9,Hero,0.8018080128563775,0.9999968343310885
2943,4.2,-5.8,8,Hero,0.7101796604692936,0.9999997764825821
2944,3.9000000000000004,-6.1,11,Hero,0.6478895412927325,0.9999704306775873
2945,3.6000000000000005,-6.3999999999999995,14,Hero,0.7878821492195129,0.9999658295086452
2946,4.1000000000000005,-5.8999999999999995,9,Hero,0.9826844467057122,0.9999996688630846
2947,3.7,-6.3,13,Hero,0.6961159256215279,0.9999705369655902
2948,4.6000000000000005,-5.3999999999999995,4,Hero,0.9934958070516586,0.9999998807907104
2949,4.5,-5.5,5,Hero,0.8933358669281006,0.9999998569488525
2950,3.8000000000000007,-6.199999999999999,12,Hero,0.7004710168888172,0.9999951124191284
2951,4.0,-6.0,10,Hero,0.8844241678714753,0.999997901916504
2952,3.7,-6.3,13,Hero,0.7275962646190937,0.9999978358928974
2953,4.0,-6.0,10,Hero,0.7623418122529984,0.9999983429908752
2954,3.9000000000000004,-6.1,11,Hero,0.9083949273282831,0.9999992522326383
2955,4.2,-5.8,8,Hero,0.9554839357733727,0.9999995231628418
2956,3.5,-6.5,15,Hero,0.7226990779240926,0.9999156395594279
2957,4.5,-5.5,5,Hero,0.8158908367156983,0.9999994516372681
2958,4.1000000000000005,-5.8999999999999995,9,Hero,0.9582550128300985,0.9999997615814209
2959,3.0,-7.0,20,Hero,0.6132807567715645,0.9999833405017853
2960,3.2,-6.8,18,Hero,0.6225559163010783,0.9992060826884376
2961,4.5,-5.5,5,Hero,0.8409527003765106,0.9999998331069946
2962,3.8000000000000007,-6.199999999999999,12,Hero,0.7334624156355858,0.9999910096327463
2963,4.6000000000000005,-5.3999999999999995,4,Hero,0.5853306502103806,0.9999999403953552
2964,4.0,-6.0,10,Hero,0.7458890870213508,0.9999954104423523
2965,4.0,-6.0,10,Hero,0.7685477647930383,0.9999941349029541
2966,3.7,-6.3,13,Hero,0.6684802524172343,0.9999878681623019
2967,4.7,-5.3,3,Hero,0.9850412408510844,0.9999998410542806
2968,4.0,-6.0,10,Hero,0.900652538985014,0.9999993681907654
2969,4.1000000000000005,-5.8999999999999995,9,Hero,0.8559026817480723,0.9999996423721313
2970,3.7,-6.3,13,Hero,0.7647579163312912,0.9999999449803278
2971,3.2,-6.8,18,Hero,0.6989161761270629,0.9999932381841872
2972,3.9000000000000004,-6.1,11,Hero,0.7978049516677856,0.9999980167909102
2973,4.800000000000001,-5.199999999999999,2,Hero,0.8250520825386047,1.0
2974,4.7,-5.3,3,Hero,0.8657710154851278,0.9999995628992716
2975,4.0,-6.0,10,Hero,0.9171369701623917,0.9999998569488525
2976,4.300000000000001,-5.699999999999999,7,Hero,0.7422848652516093,0.9999976669039045
2977,4.9,-5.1,1,Hero,0.9521369338035583,0.9999998807907104
2978,4.7,-5.3,3,Hero,0.9791359901428223,0.9999998807907104
2979,4.2,-5.8,8,Hero,0.8733360655605793,0.9999996572732925
2980,3.7,-6.3,13,Hero,0.768978564785077,0.9999969739180344
2981,3.6000000000000005,-6.3999999999999995,14,Hero,0.7783909078155246,0.999878819499697
2982,4.1000000000000005,-5.8999999999999995,9,Hero,0.9127076864242554,0.9999992450078329
2983,3.8000000000000007,-6.199999999999999,12,Hero,0.7221110481768847,0.9999639789263407
2984,3.3,-6.7,17,Hero,0.7023594800163718,0.9994059871224796
2985,4.7,-5.3,3,Hero,0.6860422814885775,0.9999997615814209
2986,4.2,-5.8,8,Hero,0.6696818172931671,0.9999997168779373
2987,4.300000000000001,-5.699999999999999,7,Hero,0.9881704023906163,0.9999997786113194
2988,-5.1,4.9,1,Villain,0.7283816933631897,1.0
2989,4.6000000000000005,-5.3999999999999995,4,Hero,0.541793167591095,0.9999997913837433
2990,4.9,-5.1,1,Hero,0.9460299015045166,0.9999998807907104
2991,2.8,-7.2,22,Hero,0.8178376404737885,0.9999993172558871
2992,1.799999999999999,-8.200000000000001,32,Hero,0.9029268049634993,0.9999996051192284
2993,0.10000000000000142,-9.899999999999999,49,Hero,0.867539981380105,0.9999998515965988
2994,4.1000000000000005,-5.8999999999999995,9,Hero,0.9999745223257277,0.9999998410542806
2995,0.8999999999999986,-9.100000000000001,41,Hero,0.9004210829734802,0.9999993516177665
2996,1.5999999999999988,-8.400000000000002,34,Hero,0.7950043940149686,0.9999572196427513
2997,2.8,-7.2,22,Hero,0.798359755765308,0.9999561987139962
2998,4.9,-5.1,1,Hero,0.999812662601471,0.9999998807907104
2999,4.2,-5.8,8,Hero,0.8495613541454077,0.9999998658895493
3000,-5.1,4.9,1,Villain,0.962006688117981,0.9998319149017334
