episode,hero_reward,villain_reward,steps,winner,hero_avg_prob,villain_avg_prob
1,-4.999999999999998,-4.999999999999998,50,None,0.6842851527407765,0.27954560458660127
2,-4.999999999999998,-4.999999999999998,50,None,0.3299997179955244,0.28612510949373243
3,-9.7,0.3000000000000007,47,Villain,0.5048278524203503,0.35496645135448335
4,-4.999999999999998,-4.999999999999998,50,None,0.30158605076372624,0.2903069269657135
5,-7.700000000000001,2.2999999999999994,27,Villain,0.4302472287306079,0.3419727695484956
6,-5.3999999999999995,4.6000000000000005,4,Villain,0.2908942475914955,0.2979673519730568
7,-9.100000000000001,0.8999999999999986,41,Villain,0.33552810022743734,0.3121660021020145
8,-8.600000000000001,1.3999999999999986,36,Villain,0.36444132899244625,0.31793383860753643
9,-7.0,3.0,20,Villain,0.3695369265973568,0.3612979143857956
10,-4.999999999999998,-4.999999999999998,50,None,0.48031677313148974,0.3058191914856434
11,-4.999999999999998,-4.999999999999998,50,None,0.47304060116410257,0.2885527442395687
12,-4.999999999999998,-4.999999999999998,50,None,0.3490057809650898,0.34969539105892183
13,-5.3999999999999995,4.6000000000000005,4,Villain,0.31544724106788635,0.3121715188026428
14,-4.999999999999998,-4.999999999999998,50,None,0.3250888791680336,0.27976466789841653
15,-4.999999999999998,-4.999999999999998,50,None,0.30593548402190207,0.32586421243846414
16,-4.999999999999998,-4.999999999999998,50,None,0.3658638863265514,0.36854626938700674
17,-4.999999999999998,-4.999999999999998,50,None,0.39962672151625156,0.34761937968432904
18,-4.999999999999998,-4.999999999999998,50,None,0.36371791824698446,0.34922577645629643
19,-4.999999999999998,-4.999999999999998,50,None,0.33050168335437774,0.3441164170205593
20,-7.700000000000001,2.2999999999999994,27,Villain,0.2902244779246825,0.3533396378711418
21,-4.999999999999998,-4.999999999999998,50,None,0.5103913715481758,0.34208520025014877
22,-6.199999999999999,3.8000000000000007,12,Villain,0.34742167467872304,0.5518217043330272
23,-4.999999999999998,-4.999999999999998,50,None,0.4449934184551239,0.3248956586420536
24,-4.999999999999998,-4.999999999999998,50,None,0.5134117509424686,0.3246886271983385
25,-4.999999999999998,-4.999999999999998,50,None,0.4691948867589235,0.3627988812327385
26,-4.999999999999998,-4.999999999999998,50,None,0.39893347680568697,0.3519215985387564
27,-4.999999999999998,-4.999999999999998,50,None,0.3841287947446108,0.5488586945086718
28,-4.999999999999998,-4.999999999999998,50,None,0.4127629126608372,0.43497972916811706
29,-4.999999999999998,-4.999999999999998,50,None,0.3942647448182106,0.3886335717514157
30,-4.999999999999998,-4.999999999999998,50,None,0.34297864377498627,0.41555342614650725
31,-4.999999999999998,-4.999999999999998,50,None,0.3208649903535843,0.3863982218503952
32,-4.999999999999998,-4.999999999999998,50,None,0.30704188540577887,0.47059008717536926
33,-4.999999999999998,-4.999999999999998,50,None,0.27749541312456133,0.3750788037478924
34,-4.999999999999998,-4.999999999999998,50,None,0.27157112121582033,0.40454436719417575
35,-4.999999999999998,-4.999999999999998,50,None,0.3172490781545639,0.40183331226930025
36,-4.999999999999998,-4.999999999999998,50,None,0.2959845376014709,0.37344108402729037
37,-5.8,4.2,8,Villain,0.3388744806870818,0.511751975864172
38,-8.100000000000001,1.899999999999999,31,Villain,0.310181032025045,0.32685153943396383
39,-4.999999999999998,-4.999999999999998,50,None,0.2781337586045265,0.35902525633573534
40,-4.999999999999998,-4.999999999999998,50,None,0.28539892077445983,0.34724718365818263
41,-9.899999999999999,0.10000000000000142,49,Villain,0.29143642847027096,0.3186134730978888
42,-7.2,2.8,22,Villain,0.34318419952284207,0.3213434549556537
43,-4.999999999999998,-4.999999999999998,50,None,0.2840207314491272,0.3320796938985586
44,-7.9,2.099999999999999,29,Villain,0.2916882770328686,0.4189760237932205
45,-6.9,3.0999999999999996,19,Villain,0.3500048141730459,0.3944171251435029
46,-9.3,0.6999999999999993,43,Villain,0.2986061132924501,0.3748223060785338
47,-6.9,3.0999999999999996,19,Villain,0.3811182379722595,0.5027791042076913
48,-7.4,2.5999999999999996,24,Villain,0.33202584739774466,0.3903524905908853
49,-8.0,1.9999999999999991,30,Villain,0.303606698786219,0.3880293329556783
50,-5.1,4.9,1,Villain,0.7769253849983215,0.8380181789398193
51,-5.8999999999999995,4.1000000000000005,9,Villain,0.3916071603695552,0.7718243656886948
52,-4.999999999999998,-4.999999999999998,50,None,0.2795513778924942,0.3328334277123213
53,-6.3,3.7,13,Villain,0.3864784252185088,0.8852834884936993
54,-4.999999999999998,-4.999999999999998,50,None,0.3465356332063675,0.5307333917915821
55,-7.300000000000001,2.6999999999999997,23,Villain,0.4014890171263529,0.5351207278587896
56,-9.6,0.40000000000000036,46,Villain,0.2935382498671179,0.3722465258577596
57,-4.999999999999998,-4.999999999999998,50,None,0.3319994152337313,0.7680781833082437
58,-4.999999999999998,-4.999999999999998,50,None,0.3319405396282673,0.6547169117256999
59,-8.700000000000001,1.2999999999999985,37,Villain,0.376944423527331,0.45567943099131053
60,-7.1,2.9,21,Villain,0.35868910966174944,0.7308901752389613
61,-5.8,4.2,8,Villain,0.4010168258100748,0.3664390053600073
62,-7.4,2.5999999999999996,24,Villain,0.3292264820386966,0.440534601919353
63,-8.400000000000002,1.5999999999999988,34,Villain,0.31938047350986914,0.8065562029369175
64,-6.3,3.7,13,Villain,0.2908393396781041,0.5010435076860281
65,-7.5,2.4999999999999996,25,Villain,0.35857367172837257,0.469025082886219
66,-8.900000000000002,1.0999999999999983,39,Villain,0.39657258290128833,0.4892704393237065
67,-5.8999999999999995,4.1000000000000005,9,Villain,0.3715389453702503,0.6995435274309583
68,-6.6,3.4000000000000004,16,Villain,0.3017557319253683,0.5501057365909219
69,-7.800000000000001,2.1999999999999993,28,Villain,0.2873745547341449,0.6085945034532675
70,-5.699999999999999,4.300000000000001,7,Villain,0.2719748169183731,0.797201292855399
71,-6.199999999999999,3.8000000000000007,12,Villain,0.35236963008840877,0.5691448909540971
72,-4.999999999999998,-4.999999999999998,50,None,0.43272854141891004,0.47582415031269193
73,-5.8,4.2,8,Villain,0.5339201102033257,0.9983362182974815
74,-7.0,3.0,20,Villain,0.3079530730843544,0.6687061693519354
75,-6.1,3.9000000000000004,11,Villain,0.2432821514931592,0.48279606957327237
76,-4.999999999999998,-4.999999999999998,50,None,0.3947271166741848,0.7531686190143227
77,-4.999999999999998,-4.999999999999998,50,None,0.3217858475446701,0.5287360151857138
78,-4.999999999999998,-4.999999999999998,50,None,0.49270688846707344,0.9601212227344513
79,-4.999999999999998,-4.999999999999998,50,None,0.34337559059262274,0.4398158991523087
80,-4.999999999999998,-4.999999999999998,50,None,0.3301576203107834,0.41053702153265476
81,-4.999999999999998,-4.999999999999998,50,None,0.29591747887432573,0.4562231710553169
82,-6.0,4.0,10,Villain,0.36760102212429047,0.4884004399180412
83,-7.4,2.5999999999999996,24,Villain,0.4543308091039459,0.9172162900989255
84,-4.999999999999998,-4.999999999999998,50,None,0.2940117232501507,0.3975178968161345
85,-4.999999999999998,-4.999999999999998,50,None,0.2807198694348335,0.49928881857544183
86,-5.199999999999999,4.800000000000001,2,Villain,0.3013266324996948,0.3837672993540764
87,-7.5,2.4999999999999996,25,Villain,0.4714307175576687,0.4691832283139229
88,-6.6,3.4000000000000004,16,Villain,0.5047719941940159,0.5036798594519496
89,-4.999999999999998,-4.999999999999998,50,None,0.3307497476413846,0.5142097108066082
90,-5.8999999999999995,4.1000000000000005,9,Villain,0.3288743280702167,0.830207561246223
91,-8.600000000000001,1.3999999999999986,36,Villain,0.386949024680588,0.5368330691837602
92,-4.999999999999998,-4.999999999999998,50,None,0.29681838139891625,0.51493496555835
93,-4.999999999999998,-4.999999999999998,50,None,0.3717822155356407,0.5135169813036918
94,-4.999999999999998,-4.999999999999998,50,None,0.34606322526931765,0.6451862187683582
95,-9.200000000000001,0.7999999999999989,42,Villain,0.3118049807491757,0.5018728845531032
96,-9.4,0.5999999999999996,44,Villain,0.3701287458904765,0.8669729314913804
97,-6.8,3.2,18,Villain,0.32677749047676724,0.6109408632748656
98,-4.999999999999998,-4.999999999999998,50,None,0.36905002266168596,0.6593938241899013
99,-6.6,3.4000000000000004,16,Villain,0.2722127784509212,0.9657361656427383
100,-4.999999999999998,-4.999999999999998,50,None,0.36508225426077845,0.5276140178740024
101,-4.999999999999998,-4.999999999999998,50,None,0.38480992391705515,0.7946732607483864
102,-4.999999999999998,-4.999999999999998,50,None,0.3570796562731266,0.5081324828788638
103,-4.999999999999998,-4.999999999999998,50,None,0.32825673088431356,0.5610908848792314
104,-4.999999999999998,-4.999999999999998,50,None,0.33195156306028367,0.8061016748100519
105,-7.700000000000001,2.2999999999999994,27,Villain,0.2942165555777373,0.6432748988822654
106,-6.3,3.7,13,Villain,0.3207621815112921,0.6668099371286539
107,-4.999999999999998,-4.999999999999998,50,None,0.4074687151610851,0.5475494763068854
108,-4.999999999999998,-4.999999999999998,50,None,0.3978882474079728,0.5333266090974211
109,-4.999999999999998,-4.999999999999998,50,None,0.44598221212625505,0.5112479788810015
110,-4.999999999999998,-4.999999999999998,50,None,0.2749752788245678,0.39979381155222654
111,-4.999999999999998,-4.999999999999998,50,None,0.3001985650509596,0.5928477264940739
112,-4.999999999999998,-4.999999999999998,50,None,0.556351932361722,0.4970396365970373
113,-4.999999999999998,-4.999999999999998,50,None,0.4218829830735922,0.4901652465760708
114,-9.200000000000001,0.7999999999999989,42,Villain,0.3108727371408826,0.4083678818174771
115,-8.900000000000002,1.0999999999999983,39,Villain,0.3401836607700739,0.43096031028872883
116,-4.999999999999998,-4.999999999999998,50,None,0.42986738856881856,0.49945109218358996
117,-4.999999999999998,-4.999999999999998,50,None,0.47731176294386385,0.4740155635587871
118,-4.999999999999998,-4.999999999999998,50,None,0.476533458866179,0.5557651972025632
119,-9.899999999999999,0.10000000000000142,49,Villain,0.43552487100265463,0.4725057221188837
120,-4.999999999999998,-4.999999999999998,50,None,0.45358230113983156,0.5055789354443551
121,-8.100000000000001,1.899999999999999,31,Villain,0.28820484588223116,0.8944987178134222
122,-4.999999999999998,-4.999999999999998,50,None,0.40755273113027213,0.5853390116244555
123,-4.999999999999998,-4.999999999999998,50,None,0.48618054315447806,0.498422788605094
124,-4.999999999999998,-4.999999999999998,50,None,0.3334045051038265,0.6919775453209877
125,-4.999999999999998,-4.999999999999998,50,None,0.5586468631401658,0.5762440466880798
126,-8.500000000000002,1.4999999999999987,35,Villain,0.3203183169875826,0.4231039589537042
127,-4.999999999999998,-4.999999999999998,50,None,0.4422373096644878,0.5790515940636396
128,-4.999999999999998,-4.999999999999998,50,None,0.42007634982466696,0.5075463804602623
129,-4.999999999999998,-4.999999999999998,50,None,0.46041437551379205,0.5918016338720917
130,-7.4,2.5999999999999996,24,Villain,0.26957247375200194,0.42241904232650995
131,-7.5,2.4999999999999996,25,Villain,0.297092858850956,0.6394778919219971
132,-4.999999999999998,-4.999999999999998,50,None,0.5054288982599974,0.5977252011187375
133,-4.999999999999998,-4.999999999999998,50,None,0.3135070279240608,0.567788652330637
134,-4.999999999999998,-4.999999999999998,50,None,0.38342784337699415,0.5856336056813598
135,-4.999999999999998,-4.999999999999998,50,None,0.4540183783322573,0.4812721748650074
136,-4.999999999999998,-4.999999999999998,50,None,0.3332236188650131,0.435059902779758
137,-5.8,4.2,8,Villain,0.3969470411539078,0.5691453889012337
138,-4.999999999999998,-4.999999999999998,50,None,0.3078191205859184,0.4437275284528732
139,-4.999999999999998,-4.999999999999998,50,None,0.49955084316432474,0.6681269348412752
140,-4.999999999999998,-4.999999999999998,50,None,0.5616769379377365,0.5879422232275828
141,-4.999999999999998,-4.999999999999998,50,None,0.26844959855079653,0.7018739949539303
142,4.800000000000001,-5.199999999999999,2,Hero,0.3776228576898575,0.9400626718997955
143,-4.999999999999998,-4.999999999999998,50,None,0.3046367393434048,0.7820149242132902
144,-5.8999999999999995,4.1000000000000005,9,Villain,0.608755978445212,0.7898589306407504
145,-4.999999999999998,-4.999999999999998,50,None,0.4168458092212677,0.6347397876158357
146,-4.999999999999998,-4.999999999999998,50,None,0.4693508422002196,0.78924540579319
147,-4.999999999999998,-4.999999999999998,50,None,0.49367757633328435,0.5403254748508334
148,-4.999999999999998,-4.999999999999998,50,None,0.39439538851380346,0.8252533553540706
149,-5.199999999999999,4.800000000000001,2,Villain,0.7977483570575714,0.974979966878891
150,-4.999999999999998,-4.999999999999998,50,None,0.4302766548097134,0.6751449432782829
151,-4.999999999999998,-4.999999999999998,50,None,0.45834794599562884,0.521910036355257
152,2.099999999999999,-7.9,29,Hero,0.480837340177647,0.6204938310487517
153,-4.999999999999998,-4.999999999999998,50,None,0.47164840634912253,0.8810538095235825
154,-4.999999999999998,-4.999999999999998,50,None,0.5088287772983313,0.6889826878905296
155,-4.999999999999998,-4.999999999999998,50,None,0.4418651206046343,0.699608049094677
156,-4.999999999999998,-4.999999999999998,50,None,0.4796123180910945,0.7154477762430906
157,0.20000000000000107,-9.799999999999999,48,Hero,0.5185428112357234,0.7464327029883862
158,-4.999999999999998,-4.999999999999998,50,None,0.504983794465661,0.6804076078534126
159,1.799999999999999,-8.200000000000001,32,Hero,0.5155404294491746,0.5982401636429131
160,0.3000000000000007,-9.7,47,Hero,0.43283857975868467,0.7636061756217734
161,2.6999999999999997,-7.300000000000001,23,Hero,0.576537903074337,0.6668774860141717
162,-4.999999999999998,-4.999999999999998,50,None,0.41711288042366507,0.6290429303050041
163,-4.999999999999998,-4.999999999999998,50,None,0.4406437146663666,0.9004920499026775
164,3.0999999999999996,-6.9,19,Hero,0.5991157426645881,0.7612113566382935
165,0.5999999999999996,-9.4,44,Hero,0.4584802318449048,0.7680042418227955
166,-4.999999999999998,-4.999999999999998,50,None,0.4884738177061081,0.8386116346716881
167,3.2,-6.8,18,Hero,0.5751012340188026,0.7571522080236011
168,3.0,-7.0,20,Hero,0.5194675773382187,0.8164823975414037
169,-5.1,4.9,1,Villain,0.4535146951675415,0.1735905557870865
170,2.9,-7.1,21,Hero,0.41386959027676357,0.7145255825349263
171,4.0,-6.0,10,Hero,0.7093717727810145,0.7507395625114441
172,3.7,-6.3,13,Hero,0.6813185533078817,0.6513166083739355
173,4.0,-6.0,10,Hero,0.47559777945280074,0.7338446840643883
174,-4.999999999999998,-4.999999999999998,50,None,0.354150852188468,0.5127825149148703
175,4.9,-5.1,1,Hero,0.6006277203559875,0.877780556678772
176,3.4000000000000004,-6.6,16,Hero,0.6735179214738309,0.7396891862154007
177,2.8,-7.2,22,Hero,0.5913228409534151,0.7891875187104399
178,3.8000000000000007,-6.199999999999999,12,Hero,0.5196197046122203,0.599670215199391
179,4.4,-5.6,6,Hero,0.9686463276545206,0.8406154612700144
180,3.0999999999999996,-6.9,19,Hero,0.4238430922360797,0.531894928138507
181,3.8000000000000007,-6.199999999999999,12,Hero,0.7906553621093432,0.7910598342617353
182,3.8000000000000007,-6.199999999999999,12,Hero,0.48912868400414783,0.824556989595294
183,3.7,-6.3,13,Hero,0.876777497621683,0.7808118926791044
184,-5.1,4.9,1,Villain,0.9996918439865112,0.9707401990890503
185,3.6000000000000005,-6.3999999999999995,14,Hero,0.46274999316249577,0.5286390593807612
186,2.8,-7.2,22,Hero,0.44819020412184973,0.5567119009792805
187,3.6000000000000005,-6.3999999999999995,14,Hero,0.4733816369303635,0.572223248226302
188,3.8000000000000007,-6.199999999999999,12,Hero,0.5169724834462007,0.7055892509718736
189,3.3,-6.7,17,Hero,0.6034201260875253,0.7953382094993311
190,2.9,-7.1,21,Hero,0.658351496748981,0.7455841502440828
191,2.9,-7.1,21,Hero,0.5485435390756244,0.7174449985225996
192,4.300000000000001,-5.699999999999999,7,Hero,0.8110279951776777,0.8440572193690709
193,3.0,-7.0,20,Hero,0.43616790473461153,0.6148961521685123
194,3.6000000000000005,-6.3999999999999995,14,Hero,0.8873336677040372,0.7669469847210816
195,4.4,-5.6,6,Hero,0.9901042977968851,0.7404330422480901
196,4.300000000000001,-5.699999999999999,7,Hero,0.6480473311884063,0.7482174379484994
197,3.2,-6.8,18,Hero,0.40725274342629647,0.8211403822836777
198,2.6999999999999997,-7.300000000000001,23,Hero,0.5024169429974712,0.6973101519372152
199,2.2999999999999994,-7.700000000000001,27,Hero,0.44999569019785635,0.6778445660171134
200,1.899999999999999,-8.100000000000001,31,Hero,0.4513362269968756,0.717577162769533
201,3.6000000000000005,-6.3999999999999995,14,Hero,0.4102537451045854,0.9591096937656403
202,2.6999999999999997,-7.300000000000001,23,Hero,0.4508542301862136,0.765588806051275
203,2.6999999999999997,-7.300000000000001,23,Hero,0.38650430593153706,0.8632814761089243
204,3.5,-6.5,15,Hero,0.5201711217562358,0.98375909725825
205,3.2,-6.8,18,Hero,0.5759391893322269,0.8431241247389052
206,4.2,-5.8,8,Hero,0.7306689969263971,0.8563842251896858
207,1.899999999999999,-8.100000000000001,31,Hero,0.4426515075948931,0.88753307664827
208,3.2,-6.8,18,Hero,0.49107899847957825,0.9119138320287069
209,3.2,-6.8,18,Hero,0.49532608066995937,0.8262983014186224
210,-5.1,4.9,1,Villain,0.9999256134033203,0.9727824926376343
211,3.4000000000000004,-6.6,16,Hero,0.3601653178338893,0.8640562146902084
212,4.4,-5.6,6,Hero,0.5552007456620535,0.7783209929863611
213,-5.3,4.7,3,Villain,0.5076044897238413,0.8489676713943481
214,3.6000000000000005,-6.3999999999999995,14,Hero,0.4623102004240666,0.9836555123329163
215,4.300000000000001,-5.699999999999999,7,Hero,0.46902563316481455,0.9990809730121067
216,4.5,-5.5,5,Hero,0.9641360878944397,0.856222927570343
217,3.5,-6.5,15,Hero,0.5379845937093098,0.9968108177185059
218,4.4,-5.6,6,Hero,0.6241215616464615,0.9995755354563395
219,4.5,-5.5,5,Hero,0.800771027803421,0.9974113345146179
220,3.6000000000000005,-6.3999999999999995,14,Hero,0.5774048016007457,0.9993261907781873
221,4.0,-6.0,10,Hero,0.6628167235758156,0.9972504556179047
222,4.9,-5.1,1,Hero,0.9608446359634399,0.9999665021896362
223,3.9000000000000004,-6.1,11,Hero,0.7769332690672441,0.9999492276798595
224,4.1000000000000005,-5.8999999999999995,9,Hero,0.8803277545505099,0.9047602514425913
225,3.2,-6.8,18,Hero,0.5335243737532033,0.8772607942422231
226,4.9,-5.1,1,Hero,0.9945782423019409,0.9993289709091187
227,4.6000000000000005,-5.3999999999999995,4,Hero,0.963818684220314,0.8149383515119553
228,3.0999999999999996,-6.9,19,Hero,0.7276786501323315,0.8972806354102335
229,-5.699999999999999,4.300000000000001,7,Villain,0.4290721065231732,0.9226273213114057
230,4.300000000000001,-5.699999999999999,7,Hero,0.6447927228042057,0.9997219698769706
231,4.1000000000000005,-5.8999999999999995,9,Hero,0.7244952983326383,0.841262463066313
232,-5.199999999999999,4.800000000000001,2,Villain,0.9999797344207764,0.7975183725357056
233,3.6000000000000005,-6.3999999999999995,14,Hero,0.6354602765890637,0.9968044757843018
234,4.300000000000001,-5.699999999999999,7,Hero,0.6947226896882057,0.9997987747192383
235,2.6999999999999997,-7.300000000000001,23,Hero,0.5963960419530454,0.939740195222523
236,3.9000000000000004,-6.1,11,Hero,0.6436235715042461,0.9957891269163652
237,-5.3,4.7,3,Villain,0.6427247921625773,0.8466519514719645
238,3.3,-6.7,17,Hero,0.5855756764135817,0.9854311802807976
239,4.2,-5.8,8,Hero,0.5570604987442493,0.8398672113544308
240,-5.3,4.7,3,Villain,0.4419984593987465,0.643414793536067
241,4.300000000000001,-5.699999999999999,7,Hero,0.9927945222173419,0.8888225129672459
242,3.7,-6.3,13,Hero,0.5372096225619316,0.6920863206569965
243,4.2,-5.8,8,Hero,0.9841911345720291,0.9120408445596695
244,4.6000000000000005,-5.3999999999999995,4,Hero,0.9842156916856766,0.9265704303979874
245,3.9000000000000004,-6.1,11,Hero,0.7632505676963113,0.8078446239233017
246,4.1000000000000005,-5.8999999999999995,9,Hero,0.6268736124038696,0.9989600578943888
247,4.5,-5.5,5,Hero,0.5784343600273132,0.9975633382797241
248,4.300000000000001,-5.699999999999999,7,Hero,0.6406873166561127,0.9868137155260358
249,3.9000000000000004,-6.1,11,Hero,0.5993569974194873,0.8697609630498019
250,3.6000000000000005,-6.3999999999999995,14,Hero,0.6155025022370475,0.999355924980981
251,3.9000000000000004,-6.1,11,Hero,0.4733345913277431,0.9990792707963423
252,4.6000000000000005,-5.3999999999999995,4,Hero,0.7694040164351463,0.9999868273735046
253,-5.3999999999999995,4.6000000000000005,4,Villain,0.5887021119706333,0.5560704320669174
254,3.8000000000000007,-6.199999999999999,12,Hero,0.6163312395413717,0.9415869067112604
255,3.0999999999999996,-6.9,19,Hero,0.47431735655194834,0.9870396695638958
256,3.7,-6.3,13,Hero,0.6111560079913873,0.8994286266657022
257,4.5,-5.5,5,Hero,0.7767326295375824,0.7521267265081406
258,-6.3,3.7,13,Villain,0.28316487486545855,0.6556947254217588
259,3.3,-6.7,17,Hero,0.4680904031950323,0.7837431110879954
260,3.2,-6.8,18,Hero,0.6979774468474917,0.9962651133537292
261,3.5,-6.5,15,Hero,0.6694350904164215,0.8959796850879987
262,4.5,-5.5,5,Hero,0.9532985687255859,0.6007749248296023
263,4.7,-5.3,3,Hero,0.6548537065585455,0.6745811402797699
264,3.0999999999999996,-6.9,19,Hero,0.7489292417701922,0.7155783760704493
265,3.2,-6.8,18,Hero,0.6402864114691814,0.711706570453114
266,2.6999999999999997,-7.300000000000001,23,Hero,0.5885704457759857,0.8878125995397568
267,4.300000000000001,-5.699999999999999,7,Hero,0.7059813014098576,0.8473477193287441
268,1.799999999999999,-8.200000000000001,32,Hero,0.7892520576715469,0.809079747647047
269,3.8000000000000007,-6.199999999999999,12,Hero,0.7579342774115503,0.7814525862534841
270,4.2,-5.8,8,Hero,0.5076809888705611,0.8508037847932428
271,4.300000000000001,-5.699999999999999,7,Hero,0.6082770249673298,0.6037115582398006
272,4.0,-6.0,10,Hero,0.7228266537189484,0.8490247666835785
273,4.300000000000001,-5.699999999999999,7,Hero,0.6732647333826337,0.809282945735114
274,4.800000000000001,-5.199999999999999,2,Hero,0.5731610655784607,0.49312469363212585
275,3.0999999999999996,-6.9,19,Hero,0.5896904429322795,0.8461692395963167
276,4.1000000000000005,-5.8999999999999995,9,Hero,0.7231617636150784,0.9967518581284417
277,2.9,-7.1,21,Hero,0.5894688307529404,0.9401673309150196
278,3.4000000000000004,-6.6,16,Hero,0.6628306936472654,0.9948679134249687
279,4.1000000000000005,-5.8999999999999995,9,Hero,0.6871875988112556,0.9975720114178128
280,2.099999999999999,-7.9,29,Hero,0.44843184639667644,0.8670221797736555
281,2.4999999999999996,-7.5,25,Hero,0.5016037476062775,0.7854972410202027
282,-5.199999999999999,4.800000000000001,2,Villain,0.4710170701146126,0.9999359250068665
283,4.5,-5.5,5,Hero,0.5706148147583008,0.9992838621139526
284,4.1000000000000005,-5.8999999999999995,9,Hero,0.736267649465137,0.999987006187439
285,1.899999999999999,-8.100000000000001,31,Hero,0.7727794195375135,0.9998961648633403
286,4.300000000000001,-5.699999999999999,7,Hero,0.8236180937715939,0.931695282459259
287,3.5,-6.5,15,Hero,0.6943351944287618,0.928828560312589
288,2.2999999999999994,-7.700000000000001,27,Hero,0.8483098332804663,0.9430518391783591
289,4.9,-5.1,1,Hero,0.43429848551750183,0.999697208404541
290,2.9,-7.1,21,Hero,0.7289620219242006,0.9139989678348813
291,3.9000000000000004,-6.1,11,Hero,0.7744761028073051,0.9998933401974764
292,3.5,-6.5,15,Hero,0.6036825716495514,0.9216245849927266
293,3.7,-6.3,13,Hero,0.760912380539454,0.9999969464081985
294,3.6000000000000005,-6.3999999999999995,14,Hero,0.6046196350029537,0.9334863126277924
295,3.9000000000000004,-6.1,11,Hero,0.7433884604410692,0.999992468140342
296,4.2,-5.8,8,Hero,0.6599354445934296,0.8903151303529739
297,3.7,-6.3,13,Hero,0.7771963067352772,0.999580442905426
298,1.6999999999999988,-8.3,33,Hero,0.7202780066114484,0.9217733166208772
299,3.0,-7.0,20,Hero,0.5811768725514412,0.8027980618178845
300,3.8000000000000007,-6.199999999999999,12,Hero,0.5339295150091251,0.9918175290028254
301,4.9,-5.1,1,Hero,0.6789250373840332,0.9982446432113647
302,3.5,-6.5,15,Hero,0.7072948008775711,0.997218656539917
303,3.6000000000000005,-6.3999999999999995,14,Hero,0.5654075507606778,0.8839231388909476
304,3.5,-6.5,15,Hero,0.5444474294160803,0.9833430886268616
305,4.1000000000000005,-5.8999999999999995,9,Hero,0.6307273358106613,0.9999807675679525
306,3.8000000000000007,-6.199999999999999,12,Hero,0.6529897600412369,0.9990541438261668
307,4.6000000000000005,-5.3999999999999995,4,Hero,0.5460370406508446,0.9980999231338501
308,4.1000000000000005,-5.8999999999999995,9,Hero,0.7749694983164469,0.9910893241564432
309,3.8000000000000007,-6.199999999999999,12,Hero,0.6667366400361061,0.9112747808297476
310,4.4,-5.6,6,Hero,0.5935047219196955,0.8556016360719999
311,4.4,-5.6,6,Hero,0.7372543116410574,0.999971330165863
312,3.0999999999999996,-6.9,19,Hero,0.8310557399925432,0.9876263298486408
313,4.1000000000000005,-5.8999999999999995,9,Hero,0.6719159235556921,0.9995515081617568
314,3.8000000000000007,-6.199999999999999,12,Hero,0.705023154305915,0.999994953473409
315,3.6000000000000005,-6.3999999999999995,14,Hero,0.7515821180173329,0.7547825499038611
316,4.0,-6.0,10,Hero,0.6093765422701836,0.9999898910522461
317,4.2,-5.8,8,Hero,0.4615633264183998,0.8641232065856457
318,4.2,-5.8,8,Hero,0.6763556208461523,0.9997629225254059
319,4.2,-5.8,8,Hero,0.646571721881628,0.9991781264543533
320,4.1000000000000005,-5.8999999999999995,9,Hero,0.7628261612521278,0.9998998112148709
321,-5.3,4.7,3,Villain,0.5193809469540914,0.9992981751759847
322,4.1000000000000005,-5.8999999999999995,9,Hero,0.8496590455373129,0.9975615474912856
323,3.9000000000000004,-6.1,11,Hero,0.5847901160066779,0.9378330653364008
324,4.9,-5.1,1,Hero,0.4513646960258484,0.9174858331680298
325,3.2,-6.8,18,Hero,0.6120705809444189,0.9950480394893222
326,4.6000000000000005,-5.3999999999999995,4,Hero,0.7395993135869503,0.9989631026983261
327,4.4,-5.6,6,Hero,0.7280150999625524,0.9999963243802389
328,-5.3999999999999995,4.6000000000000005,4,Villain,0.723685696721077,0.9994980096817017
329,3.4000000000000004,-6.6,16,Hero,0.5641200246755034,0.892019342398271
330,3.7,-6.3,13,Hero,0.5012716462190908,0.9999004556582525
331,4.4,-5.6,6,Hero,0.9477214912573496,0.9999925891558329
332,3.4000000000000004,-6.6,16,Hero,0.5275818561203778,0.9935412928462029
333,3.7,-6.3,13,Hero,0.7541667177126958,0.9956259177281306
334,-6.199999999999999,3.8000000000000007,12,Villain,0.4066467061638832,0.6102315361301104
335,4.2,-5.8,8,Hero,0.6667177155613899,0.9262914955615997
336,3.9000000000000004,-6.1,11,Hero,0.6442826038057153,0.9680505124005404
337,3.3,-6.7,17,Hero,0.571484342107878,0.9753086426678825
338,4.1000000000000005,-5.8999999999999995,9,Hero,0.5939607156647576,0.7869811389181349
339,2.5999999999999996,-7.4,24,Hero,0.5050145429559052,0.8747666177611487
340,4.1000000000000005,-5.8999999999999995,9,Hero,0.5748456948333316,0.9936884111828275
341,4.2,-5.8,8,Hero,0.8988953605294228,0.9049442932009697
342,3.5,-6.5,15,Hero,0.6978304008642833,0.9895854075749715
343,3.9000000000000004,-6.1,11,Hero,0.6922930912538008,0.9769647338173606
344,2.8,-7.2,22,Hero,0.5159562277522954,0.9076910750432448
345,4.4,-5.6,6,Hero,0.8326370666424433,0.9991742869218191
346,4.1000000000000005,-5.8999999999999995,9,Hero,0.6401268874502016,0.9675557480918037
347,3.3,-6.7,17,Hero,0.5720024249132942,0.9617687358575708
348,4.2,-5.8,8,Hero,0.6091333279618993,0.9999997615814209
349,3.2,-6.8,18,Hero,0.6406150137384733,0.9953437083297305
350,3.5,-6.5,15,Hero,0.7179548939069113,0.9383322437604268
351,3.9000000000000004,-6.1,11,Hero,0.6081150390885093,0.9998047568581321
352,3.8000000000000007,-6.199999999999999,12,Hero,0.5443074821184078,0.8719125973681608
353,3.7,-6.3,13,Hero,0.651106266448131,0.9996735820403466
354,3.7,-6.3,13,Hero,0.6188703167897004,0.8937101134887109
355,4.1000000000000005,-5.8999999999999995,9,Hero,0.8947643571429782,0.9449037181006538
356,3.6000000000000005,-6.3999999999999995,14,Hero,0.6190744404281888,0.8961072533524462
357,3.7,-6.3,13,Hero,0.704790853537046,0.9610114143444941
358,4.1000000000000005,-5.8999999999999995,9,Hero,0.6052151984638638,0.9732616874906752
359,3.8000000000000007,-6.199999999999999,12,Hero,0.7037645019590855,0.9999747276306152
360,4.7,-5.3,3,Hero,0.6482364535331726,0.9999961853027344
361,3.3,-6.7,17,Hero,0.6682983723414295,0.9999996073105756
362,4.5,-5.5,5,Hero,0.9152834057807923,0.9983568310737609
363,3.8000000000000007,-6.199999999999999,12,Hero,0.6364456675946712,0.9997142553329468
364,4.4,-5.6,6,Hero,0.7336858212947845,0.9996743400891622
365,4.300000000000001,-5.699999999999999,7,Hero,0.5631271430424282,0.9996268493788583
366,4.1000000000000005,-5.8999999999999995,9,Hero,0.6565188699298434,0.9999992979897393
367,3.7,-6.3,13,Hero,0.6224598795748674,0.9999999449803278
368,4.2,-5.8,8,Hero,0.6619658556301147,0.7940934412181377
369,3.8000000000000007,-6.199999999999999,12,Hero,0.6752914860844612,0.9574664384126663
370,3.4000000000000004,-6.6,16,Hero,0.564362233504653,0.9231473952531815
371,4.4,-5.6,6,Hero,0.672925685842832,0.999996026357015
372,3.7,-6.3,13,Hero,0.6950262372310345,0.927916013277494
373,4.300000000000001,-5.699999999999999,7,Hero,0.8036286064556667,0.9999932731900897
374,3.7,-6.3,13,Hero,0.6254089199579679,0.9999819260377151
375,3.8000000000000007,-6.199999999999999,12,Hero,0.6490757064893842,1.0
376,3.8000000000000007,-6.199999999999999,12,Hero,0.7659102864563465,0.9999999900658926
377,4.6000000000000005,-5.3999999999999995,4,Hero,0.9927624613046646,0.9999960064888
378,4.300000000000001,-5.699999999999999,7,Hero,0.7529965000493186,0.9999066165515355
379,4.1000000000000005,-5.8999999999999995,9,Hero,0.7257253759437137,0.9999999867545234
380,3.0,-7.0,20,Hero,0.49071530625224113,0.9746493935585022
381,4.300000000000001,-5.699999999999999,7,Hero,0.6024992018938065,1.0
382,4.4,-5.6,6,Hero,0.7425055404504141,1.0
383,4.300000000000001,-5.699999999999999,7,Hero,0.5834110506943294,0.999983583177839
384,4.5,-5.5,5,Hero,0.6275025010108948,1.0
385,4.0,-6.0,10,Hero,0.5566469974815845,0.9999956130981446
386,4.300000000000001,-5.699999999999999,7,Hero,0.7010050969464439,1.0
387,3.7,-6.3,13,Hero,0.7232060478283808,0.9999999174704919
388,4.300000000000001,-5.699999999999999,7,Hero,0.791068719966071,0.999999829701015
389,4.5,-5.5,5,Hero,0.8429739236831665,0.9999902009963989
390,3.5,-6.5,15,Hero,0.560211573044459,0.999652632077535
391,4.1000000000000005,-5.8999999999999995,9,Hero,0.6882146000862122,0.9995605746905009
392,3.9000000000000004,-6.1,11,Hero,0.6158040328459307,0.9999199184504423
393,4.5,-5.5,5,Hero,0.6847130060195923,1.0
394,4.300000000000001,-5.699999999999999,7,Hero,0.6592125466891697,0.9999993358339582
395,4.7,-5.3,3,Hero,0.6893539577722549,1.0
396,4.300000000000001,-5.699999999999999,7,Hero,0.6217348618166787,0.9999982970101493
397,4.0,-6.0,10,Hero,0.6235296726226807,1.0
398,3.4000000000000004,-6.6,16,Hero,0.5754097159951925,0.9959929212927818
399,3.9000000000000004,-6.1,11,Hero,0.6965470305982638,1.0
400,4.1000000000000005,-5.8999999999999995,9,Hero,0.7282594525151782,1.0
401,4.0,-6.0,10,Hero,0.5154677471145988,1.0
402,3.6000000000000005,-6.3999999999999995,14,Hero,0.7648542672395706,0.9999961342130389
403,2.6999999999999997,-7.300000000000001,23,Hero,0.508734725739645,0.916394428714462
404,3.5,-6.5,15,Hero,0.536899620294571,0.9998803695042928
405,4.300000000000001,-5.699999999999999,7,Hero,0.7293031811714172,0.9999974114554269
406,3.8000000000000007,-6.199999999999999,12,Hero,0.6544207806388537,0.9999988575776418
407,4.1000000000000005,-5.8999999999999995,9,Hero,0.6188073853651682,0.9999886088901095
408,4.2,-5.8,8,Hero,0.6340475901961327,1.0
409,3.9000000000000004,-6.1,11,Hero,0.6341168629852209,1.0
410,4.1000000000000005,-5.8999999999999995,9,Hero,0.538801415099038,1.0
411,4.2,-5.8,8,Hero,0.5071378458524123,1.0
412,3.8000000000000007,-6.199999999999999,12,Hero,0.6208896773556868,1.0
413,3.0,-7.0,20,Hero,0.5364481803029776,0.981055599451065
414,3.4000000000000004,-6.6,16,Hero,0.5770979528315365,0.9891561791300774
415,4.300000000000001,-5.699999999999999,7,Hero,0.6785887905529567,1.0
416,4.0,-6.0,10,Hero,0.7076958328485489,1.0
417,3.8000000000000007,-6.199999999999999,12,Hero,0.6399624791908233,0.9999901652336121
418,3.9000000000000004,-6.1,11,Hero,0.6465717012232001,1.0
419,4.5,-5.5,5,Hero,0.6169273048639298,1.0
420,3.2,-6.8,18,Hero,0.5430596408744653,0.9998485015498267
421,4.9,-5.1,1,Hero,0.9974327683448792,1.0
422,4.2,-5.8,8,Hero,0.7419507671147585,0.9999537765979767
423,4.1000000000000005,-5.8999999999999995,9,Hero,0.6095155047045814,1.0
424,4.300000000000001,-5.699999999999999,7,Hero,0.8464118497712272,0.9999999148505074
425,4.300000000000001,-5.699999999999999,7,Hero,0.930184645312173,0.9944736020905631
426,4.0,-6.0,10,Hero,0.8878980502486229,0.9990020751953125
427,4.0,-6.0,10,Hero,0.8034939795732499,0.9990952730178833
428,3.8000000000000007,-6.199999999999999,12,Hero,0.6523850187659264,0.9999999205271403
429,4.4,-5.6,6,Hero,0.7345160742600759,1.0
430,3.0999999999999996,-6.9,19,Hero,0.5632245901383852,0.9999998807907104
431,-5.6,4.4,6,Villain,0.5081593512247006,1.0
432,4.6000000000000005,-5.3999999999999995,4,Hero,0.7915923558175564,1.0
433,4.300000000000001,-5.699999999999999,7,Hero,0.8441599437168666,0.9999856608254569
434,4.0,-6.0,10,Hero,0.6547551840543747,0.9999998450279236
435,4.4,-5.6,6,Hero,0.9521963000297546,0.9999209145704905
436,4.800000000000001,-5.199999999999999,2,Hero,0.998033732175827,1.0
437,3.7,-6.3,13,Hero,0.7809946342156484,0.9999875105344332
438,3.9000000000000004,-6.1,11,Hero,0.6464273631572723,0.9999999674883756
439,3.8000000000000007,-6.199999999999999,12,Hero,0.67714195450147,0.9999995430310568
440,4.300000000000001,-5.699999999999999,7,Hero,0.5452805784131799,1.0
441,3.7,-6.3,13,Hero,0.5215332404925273,0.999999844110929
442,4.2,-5.8,8,Hero,0.8553813323378563,0.9999037757515907
443,3.8000000000000007,-6.199999999999999,12,Hero,0.6985616305222114,1.0
444,3.8000000000000007,-6.199999999999999,12,Hero,0.7940678944190344,0.9997040132681528
445,-5.199999999999999,4.800000000000001,2,Villain,0.5040218532085419,0.9999998211860657
446,3.7,-6.3,13,Hero,0.636224395953692,0.9999999816601093
447,3.6000000000000005,-6.3999999999999995,14,Hero,0.6754076491509166,1.0
448,4.0,-6.0,10,Hero,0.5903571829199791,1.0
449,3.0,-7.0,20,Hero,0.5702377282083034,1.0
450,3.8000000000000007,-6.199999999999999,12,Hero,0.878313614676396,1.0
451,4.2,-5.8,8,Hero,0.8188896328210831,1.0
452,4.4,-5.6,6,Hero,0.8243103129789233,0.9999995032946268
453,4.9,-5.1,1,Hero,0.963365912437439,1.0
454,2.2999999999999994,-7.700000000000001,27,Hero,0.6020278099372431,1.0
455,4.300000000000001,-5.699999999999999,7,Hero,0.8589350027697427,0.9999972581863403
456,4.2,-5.8,8,Hero,0.9987033158540726,0.9999952018260956
457,3.0,-7.0,20,Hero,0.747784923017025,0.9999996364116669
458,3.0,-7.0,20,Hero,0.8232280228286981,1.0
459,1.0999999999999983,-8.900000000000002,39,Hero,0.7236120532004114,0.9999999296970856
460,4.7,-5.3,3,Hero,0.9951959053675333,1.0
461,3.4000000000000004,-6.6,16,Hero,0.6189047538209707,0.999991774559021
462,4.0,-6.0,10,Hero,0.8679363191127777,0.9999827027320862
463,1.899999999999999,-8.100000000000001,31,Hero,0.5269591172015474,0.9999179455541796
464,4.0,-6.0,10,Hero,0.6414259091019631,1.0
465,4.0,-6.0,10,Hero,0.5460333108901978,0.9999990105628968
466,3.8000000000000007,-6.199999999999999,12,Hero,0.7306845759352049,1.0
467,3.6000000000000005,-6.3999999999999995,14,Hero,0.7076892448323113,0.9970052370003292
468,3.8000000000000007,-6.199999999999999,12,Hero,0.6349120885133743,0.9997097899516424
469,3.0,-7.0,20,Hero,0.5546456485986709,0.9999968588352204
470,3.5,-6.5,15,Hero,0.6383943249781926,0.9999999761581421
471,3.5,-6.5,15,Hero,0.5725579580912987,0.999999984105428
472,3.7,-6.3,13,Hero,0.6737918486961951,0.99992763537627
473,3.6000000000000005,-6.3999999999999995,14,Hero,0.6203407017248017,0.9989333961691175
474,3.9000000000000004,-6.1,11,Hero,0.8104679747061296,1.0
475,3.5,-6.5,15,Hero,0.5874080322372417,0.999974528948466
476,3.6000000000000005,-6.3999999999999995,14,Hero,0.564873103584562,1.0
477,3.6000000000000005,-6.3999999999999995,14,Hero,0.5154716148972511,1.0
478,3.6000000000000005,-6.3999999999999995,14,Hero,0.55624472456319,0.9999990974153791
479,3.9000000000000004,-6.1,11,Hero,0.6630541479045694,0.999999696558172
480,4.2,-5.8,8,Hero,0.5597368869930506,0.9999999403953552
481,3.9000000000000004,-6.1,11,Hero,0.6057788025249135,1.0
482,4.0,-6.0,10,Hero,0.6354680806398392,0.9999935626983643
483,3.8000000000000007,-6.199999999999999,12,Hero,0.757226252113469,0.9999925792217255
484,4.0,-6.0,10,Hero,0.8586348295211792,1.0
485,4.5,-5.5,5,Hero,0.598218810558319,1.0
486,4.9,-5.1,1,Hero,0.9913354516029358,1.0
487,2.3999999999999995,-7.6000000000000005,26,Hero,0.48924164989819896,0.9703084230422974
488,4.0,-6.0,10,Hero,0.8505104362964631,0.9999998807907104
489,4.5,-5.5,5,Hero,0.5244118213653565,1.0
490,3.7,-6.3,13,Hero,0.5388541499582621,0.9999698950694158
491,4.2,-5.8,8,Hero,0.8208465818315744,1.0
492,4.300000000000001,-5.699999999999999,7,Hero,0.7530676169054848,1.0
493,4.5,-5.5,5,Hero,0.8978584766387939,1.0
494,4.1000000000000005,-5.8999999999999995,9,Hero,0.8474236759874556,0.9999714626206292
495,4.4,-5.6,6,Hero,0.8184913794199625,1.0
496,3.2,-6.8,18,Hero,0.5427055016366972,0.9998418920569949
497,3.9000000000000004,-6.1,11,Hero,0.8239653029225089,1.0
498,3.7,-6.3,13,Hero,0.7404960325131049,0.9883254216267512
499,4.5,-5.5,5,Hero,0.4790869355201721,1.0
500,3.0999999999999996,-6.9,19,Hero,0.7390124711551165,0.9999905636436061
501,4.7,-5.3,3,Hero,0.9982759157816569,1.0
502,4.800000000000001,-5.199999999999999,2,Hero,0.9991786777973175,1.0
503,4.300000000000001,-5.699999999999999,7,Hero,0.9014265026365008,0.9999879768916539
504,4.300000000000001,-5.699999999999999,7,Hero,0.5935781406504768,1.0
505,3.9000000000000004,-6.1,11,Hero,0.7995403950864618,0.9937743869694796
506,4.0,-6.0,10,Hero,0.7702977180480957,1.0
507,4.2,-5.8,8,Hero,0.7271729111671448,1.0
508,4.4,-5.6,6,Hero,0.5641377493739128,1.0
509,3.0,-7.0,20,Hero,0.5279909461736679,0.9953606754541398
510,4.1000000000000005,-5.8999999999999995,9,Hero,0.9276409347852071,0.9999997350904677
511,-5.1,4.9,1,Villain,0.9404083490371704,1.0
512,3.4000000000000004,-6.6,16,Hero,0.6845290646888316,1.0
513,4.2,-5.8,8,Hero,0.6078954935073853,1.0
514,3.9000000000000004,-6.1,11,Hero,0.8008256717161699,1.0
515,3.7,-6.3,13,Hero,0.7205681620308986,1.0
516,3.8000000000000007,-6.199999999999999,12,Hero,0.754971941622595,0.9999779711167017
517,3.5,-6.5,15,Hero,0.5546941091616948,0.9999995470046997
518,3.5,-6.5,15,Hero,0.7209890308479469,1.0
519,4.2,-5.8,8,Hero,0.9414957612752914,1.0
520,3.8000000000000007,-6.199999999999999,12,Hero,0.6328706114242474,1.0
521,3.5,-6.5,15,Hero,0.5787176380554835,0.9998861074447631
522,3.3,-6.7,17,Hero,0.5627112151945338,0.999922142309301
523,4.4,-5.6,6,Hero,0.8788776993751526,1.0
524,3.7,-6.3,13,Hero,0.7432968135063465,0.9999889868956345
525,3.8000000000000007,-6.199999999999999,12,Hero,0.6990427716324726,1.0
526,4.0,-6.0,10,Hero,0.8116078436374664,0.9999999761581421
527,4.5,-5.5,5,Hero,0.9810625433921814,1.0
528,4.300000000000001,-5.699999999999999,7,Hero,0.6844081644501004,1.0
529,2.1999999999999993,-7.800000000000001,28,Hero,0.589207123965025,0.9999998978206089
530,3.2,-6.8,18,Hero,0.6143907838397555,0.9999805457062192
531,4.4,-5.6,6,Hero,0.5848408589760462,1.0
532,4.2,-5.8,8,Hero,0.7448424100875854,1.0
533,3.5,-6.5,15,Hero,0.7182907544076442,1.0
534,3.8000000000000007,-6.199999999999999,12,Hero,0.5908648657302061,0.9999998311201731
535,3.5,-6.5,15,Hero,0.7180141766866048,0.9999993085861206
536,4.1000000000000005,-5.8999999999999995,9,Hero,0.7320085383123822,1.0
537,3.9000000000000004,-6.1,11,Hero,0.783559875054793,0.9989071542566473
538,4.300000000000001,-5.699999999999999,7,Hero,0.8816023213522775,0.9999935456684658
539,4.2,-5.8,8,Hero,0.714547086507082,0.9999997764825821
540,4.0,-6.0,10,Hero,0.7744386292528361,1.0
541,4.5,-5.5,5,Hero,0.9905848264694214,1.0
542,4.0,-6.0,10,Hero,0.7566603571176529,1.0
543,2.6999999999999997,-7.300000000000001,23,Hero,0.5428440182105355,0.9999354792677838
544,3.9000000000000004,-6.1,11,Hero,0.8007350455630909,1.0
545,3.5,-6.5,15,Hero,0.7022206510106722,1.0
546,4.300000000000001,-5.699999999999999,7,Hero,0.9166051149368286,1.0
547,4.1000000000000005,-5.8999999999999995,9,Hero,0.6420041223367056,1.0
548,4.6000000000000005,-5.3999999999999995,4,Hero,0.8271186798810959,1.0
549,3.8000000000000007,-6.199999999999999,12,Hero,0.5749799584348997,0.9999993741512299
550,3.3,-6.7,17,Hero,0.5495795962565085,0.9999999719507554
551,3.6000000000000005,-6.3999999999999995,14,Hero,0.6870188021234104,0.9999885814530509
552,3.7,-6.3,13,Hero,0.6942953559068533,1.0
553,2.5999999999999996,-7.4,24,Hero,0.46489636537929374,0.9999996771415075
554,4.2,-5.8,8,Hero,0.5783465020358562,1.0
555,4.0,-6.0,10,Hero,0.7861890882253647,1.0
556,4.0,-6.0,10,Hero,0.6902098476886749,1.0
557,3.5,-6.5,15,Hero,0.5581065744161606,0.9999955415725708
558,3.9000000000000004,-6.1,11,Hero,0.6578304239294746,1.0
559,4.2,-5.8,8,Hero,0.772928025573492,1.0
560,3.8000000000000007,-6.199999999999999,12,Hero,0.7532034274190664,1.0
561,4.0,-6.0,10,Hero,0.8610156148672103,0.999998664855957
562,4.300000000000001,-5.699999999999999,7,Hero,0.5237692892551422,1.0
563,3.8000000000000007,-6.199999999999999,12,Hero,0.8539774864912033,1.0
564,3.0,-7.0,20,Hero,0.5545212008059025,0.9999926209449768
565,3.5,-6.5,15,Hero,0.7401316590607167,1.0
566,4.300000000000001,-5.699999999999999,7,Hero,0.8546625684414592,1.0
567,3.8000000000000007,-6.199999999999999,12,Hero,0.7571271496514479,1.0
568,3.8000000000000007,-6.199999999999999,12,Hero,0.6546959479649862,1.0
569,4.800000000000001,-5.199999999999999,2,Hero,0.863374650478363,1.0
570,4.5,-5.5,5,Hero,0.8042360782623291,1.0
571,3.7,-6.3,13,Hero,0.6122492637771827,1.0
572,4.7,-5.3,3,Hero,0.5467799107233683,1.0
573,3.5,-6.5,15,Hero,0.6204225301742554,1.0
574,4.0,-6.0,10,Hero,0.7798406973481178,1.0
575,3.4000000000000004,-6.6,16,Hero,0.6718600140884519,0.9999995231628418
576,3.9000000000000004,-6.1,11,Hero,0.8295320055701516,0.9999986886978149
577,3.8000000000000007,-6.199999999999999,12,Hero,0.7334748208522797,0.9998852610588074
578,4.2,-5.8,8,Hero,0.6628012992441654,1.0
579,3.4000000000000004,-6.6,16,Hero,0.7416935954242945,0.9999999478459358
580,4.4,-5.6,6,Hero,0.6291701445976893,1.0
581,4.7,-5.3,3,Hero,0.5061487754185995,1.0
582,3.5,-6.5,15,Hero,0.673716111605366,1.0
583,4.4,-5.6,6,Hero,0.7214629650115967,1.0
584,3.6000000000000005,-6.3999999999999995,14,Hero,0.7196842603152618,0.9999999829701015
585,3.0999999999999996,-6.9,19,Hero,0.6156684047493496,1.0
586,3.0999999999999996,-6.9,19,Hero,0.6432141849869176,0.9999999811774806
587,4.5,-5.5,5,Hero,0.5690191924571991,1.0
588,4.300000000000001,-5.699999999999999,7,Hero,0.6565381416252681,1.0
589,4.6000000000000005,-5.3999999999999995,4,Hero,0.724036380648613,1.0
590,3.5,-6.5,15,Hero,0.5882926418756446,1.0
591,3.4000000000000004,-6.6,16,Hero,0.7032995615154505,0.9999987259507179
592,3.4000000000000004,-6.6,16,Hero,0.6546114180237055,0.9999998360872269
593,3.9000000000000004,-6.1,11,Hero,0.531632615083998,0.9999999891627919
594,4.300000000000001,-5.699999999999999,7,Hero,0.6983093321323395,1.0
595,4.0,-6.0,10,Hero,0.8617393940687179,0.9999996662139893
596,4.5,-5.5,5,Hero,0.7228138208389282,1.0
597,3.9000000000000004,-6.1,11,Hero,0.6407071562822569,1.0
598,3.3,-6.7,17,Hero,0.7678822898579871,1.0
599,3.5,-6.5,15,Hero,0.5943763826352855,1.0
600,4.2,-5.8,8,Hero,0.621152825653553,1.0
601,4.2,-5.8,8,Hero,0.7979999333620071,1.0
602,3.9000000000000004,-6.1,11,Hero,0.6480157355015929,1.0
603,3.9000000000000004,-6.1,11,Hero,0.6409328254786405,0.9999999674883756
604,4.1000000000000005,-5.8999999999999995,9,Hero,0.6727202133172088,1.0
605,3.9000000000000004,-6.1,11,Hero,0.7011560824784365,1.0
606,3.5,-6.5,15,Hero,0.6656704848011334,1.0
607,3.6000000000000005,-6.3999999999999995,14,Hero,0.46191958763769697,1.0
608,4.2,-5.8,8,Hero,0.7228691456839442,1.0
609,4.4,-5.6,6,Hero,0.8428701261679331,1.0
610,4.2,-5.8,8,Hero,0.789270393550396,1.0
611,4.1000000000000005,-5.8999999999999995,9,Hero,0.7879895501666598,1.0
612,4.6000000000000005,-5.3999999999999995,4,Hero,0.8613448590040207,1.0
613,3.8000000000000007,-6.199999999999999,12,Hero,0.6998328932871422,0.9999999900658926
614,4.6000000000000005,-5.3999999999999995,4,Hero,0.7600153777748346,1.0
615,4.0,-6.0,10,Hero,0.7161256730556488,0.9999998450279236
616,4.300000000000001,-5.699999999999999,7,Hero,0.8216941761119025,1.0
617,3.7,-6.3,13,Hero,0.6973729127874742,1.0
618,3.3,-6.7,17,Hero,0.6484127360231736,0.9999861331547008
619,3.6000000000000005,-6.3999999999999995,14,Hero,0.6964977596487317,0.9999990207808358
620,3.8000000000000007,-6.199999999999999,12,Hero,0.6293316436931491,1.0
621,3.6000000000000005,-6.3999999999999995,14,Hero,0.6495997160673141,1.0
622,4.0,-6.0,10,Hero,0.6328270018100739,1.0
623,3.9000000000000004,-6.1,11,Hero,0.7347280626947229,0.9999613057483326
624,4.1000000000000005,-5.8999999999999995,9,Hero,0.7821464737256368,0.9999996026357015
625,4.2,-5.8,8,Hero,0.6655756160616875,1.0
626,4.5,-5.5,5,Hero,0.8654323101043702,1.0
627,4.0,-6.0,10,Hero,0.7737552225589752,1.0
628,4.7,-5.3,3,Hero,0.9034639199574789,1.0
629,3.5,-6.5,15,Hero,0.7724237322807312,1.0
630,3.7,-6.3,13,Hero,0.7974808880916009,1.0
631,4.6000000000000005,-5.3999999999999995,4,Hero,0.7446166165173054,1.0
632,3.7,-6.3,13,Hero,0.6353461100504949,0.9999999816601093
633,4.800000000000001,-5.199999999999999,2,Hero,0.5060036070644855,1.0
634,4.4,-5.6,6,Hero,0.9628229141235352,1.0
635,4.0,-6.0,10,Hero,0.7600065860897303,1.0
636,4.2,-5.8,8,Hero,0.5720252245664597,1.0
637,4.0,-6.0,10,Hero,0.7238443344831467,0.9999997615814209
638,3.6000000000000005,-6.3999999999999995,14,Hero,0.6658193564840725,0.9999998041561672
639,3.7,-6.3,13,Hero,0.7390797298688155,0.9999995415027325
640,4.1000000000000005,-5.8999999999999995,9,Hero,0.6885926690366533,1.0
641,4.2,-5.8,8,Hero,0.6292746849358082,1.0
642,2.9,-7.1,21,Hero,0.5441240994703203,0.9999198885191054
643,4.2,-5.8,8,Hero,0.8313783556222916,1.0
644,4.1000000000000005,-5.8999999999999995,9,Hero,0.6369497709804111,1.0
645,4.2,-5.8,8,Hero,0.7442045751959085,1.0
646,-5.1,4.9,1,Villain,0.971529483795166,1.0
647,-5.3,4.7,3,Villain,0.9659547607103983,1.0
648,3.7,-6.3,13,Hero,0.7755585668178705,0.9999996607120221
649,2.9,-7.1,21,Hero,0.6131491787022069,0.999978366352263
650,4.2,-5.8,8,Hero,0.6872430313378572,1.0
651,4.800000000000001,-5.199999999999999,2,Hero,0.6758036613464355,1.0
652,3.4000000000000004,-6.6,16,Hero,0.6536443028599024,1.0
653,4.4,-5.6,6,Hero,0.6206454510490099,1.0
654,4.300000000000001,-5.699999999999999,7,Hero,0.6094464776771409,1.0
655,4.4,-5.6,6,Hero,0.6795326098799706,1.0
656,3.7,-6.3,13,Hero,0.6551381372488462,1.0
657,4.4,-5.6,6,Hero,0.6178940286238989,1.0
658,3.2,-6.8,18,Hero,0.6142771227492226,0.9999938872125413
659,3.6000000000000005,-6.3999999999999995,14,Hero,0.6368674337863922,0.9999998978206089
660,3.4000000000000004,-6.6,16,Hero,0.6530928900465369,0.9999531656503677
661,4.2,-5.8,8,Hero,0.819664690643549,1.0
662,4.4,-5.6,6,Hero,0.5787267734607061,1.0
663,3.7,-6.3,13,Hero,0.6824265580910903,1.0
664,3.5,-6.5,15,Hero,0.5713583985964458,1.0
665,4.4,-5.6,6,Hero,0.7106893286108971,1.0
666,4.0,-6.0,10,Hero,0.6554847598075867,1.0
667,3.6000000000000005,-6.3999999999999995,14,Hero,0.6679539180227688,1.0
668,4.800000000000001,-5.199999999999999,2,Hero,0.5371159613132477,1.0
669,4.0,-6.0,10,Hero,0.6844898939132691,0.9999993920326233
670,4.1000000000000005,-5.8999999999999995,9,Hero,0.6346669776572121,1.0
671,4.1000000000000005,-5.8999999999999995,9,Hero,0.8657964567343394,0.9999981588787503
672,3.5,-6.5,15,Hero,0.6555436362822851,1.0
673,3.9000000000000004,-6.1,11,Hero,0.6225952086123553,1.0
674,3.7,-6.3,13,Hero,0.7343790932343557,1.0
675,4.0,-6.0,10,Hero,0.7309167735278607,1.0
676,3.4000000000000004,-6.6,16,Hero,0.5704668127000332,1.0
677,-5.3,4.7,3,Villain,0.9021383126576742,1.0
678,3.5,-6.5,15,Hero,0.6597130139668782,0.9998714764912923
679,3.6000000000000005,-6.3999999999999995,14,Hero,0.6147414531026568,1.0
680,4.1000000000000005,-5.8999999999999995,9,Hero,0.5975935210784277,1.0
681,3.3,-6.7,17,Hero,0.5914854338283048,0.9999996423721313
682,-5.3999999999999995,4.6000000000000005,4,Villain,0.5314233601093292,1.0
683,3.8000000000000007,-6.199999999999999,12,Hero,0.6472212647398313,1.0
684,3.8000000000000007,-6.199999999999999,12,Hero,0.7095835333069166,0.9999999403953552
685,3.6000000000000005,-6.3999999999999995,14,Hero,0.6774154560906547,1.0
686,3.7,-6.3,13,Hero,0.7096512936628782,1.0
687,3.7,-6.3,13,Hero,0.7330693212839273,1.0
688,4.9,-5.1,1,Hero,0.8103007674217224,1.0
689,4.0,-6.0,10,Hero,0.6865651667118072,1.0
690,3.8000000000000007,-6.199999999999999,12,Hero,0.6869927595059077,1.0
691,3.8000000000000007,-6.199999999999999,12,Hero,0.6856280316909155,1.0
692,3.7,-6.3,13,Hero,0.6591826367836732,1.0
693,4.9,-5.1,1,Hero,0.8790876865386963,1.0
694,4.1000000000000005,-5.8999999999999995,9,Hero,0.7861195786131753,0.9999999602635702
695,3.9000000000000004,-6.1,11,Hero,0.8087347745895386,1.0
696,4.4,-5.6,6,Hero,0.547714019815127,1.0
697,3.6000000000000005,-6.3999999999999995,14,Hero,0.6606112520343491,1.0
698,3.7,-6.3,13,Hero,0.6219578090195472,1.0
699,4.1000000000000005,-5.8999999999999995,9,Hero,0.8689557214577993,1.0
700,4.1000000000000005,-5.8999999999999995,9,Hero,0.7841527263323466,1.0
701,4.7,-5.3,3,Hero,0.6673493832349777,1.0
702,4.800000000000001,-5.199999999999999,2,Hero,0.5448436588048935,1.0
703,3.8000000000000007,-6.199999999999999,12,Hero,0.7278001581629118,1.0
704,4.300000000000001,-5.699999999999999,7,Hero,0.7214444215808596,1.0
705,4.300000000000001,-5.699999999999999,7,Hero,0.7512972354888916,1.0
706,4.1000000000000005,-5.8999999999999995,9,Hero,0.781357596317927,1.0
707,3.7,-6.3,13,Hero,0.6409457016449708,0.9999966071202204
708,4.800000000000001,-5.199999999999999,2,Hero,0.9018363952636719,1.0
709,4.300000000000001,-5.699999999999999,7,Hero,0.6477327048778534,1.0
710,3.9000000000000004,-6.1,11,Hero,0.5297506580721926,1.0
711,4.5,-5.5,5,Hero,0.7189292758703232,1.0
712,3.5,-6.5,15,Hero,0.6723060463865598,1.0
713,3.9000000000000004,-6.1,11,Hero,0.6564120121977546,1.0
714,4.6000000000000005,-5.3999999999999995,4,Hero,0.6706829443573952,1.0
715,4.2,-5.8,8,Hero,0.7233651131391525,1.0
716,4.0,-6.0,10,Hero,0.6189505964517593,1.0
717,4.0,-6.0,10,Hero,0.6184765055775643,1.0
718,3.6000000000000005,-6.3999999999999995,14,Hero,0.5277027434536389,0.9999999914850507
719,-5.3,4.7,3,Villain,0.6707510054111481,1.0
720,3.9000000000000004,-6.1,11,Hero,0.6665157140655951,0.9999998916279186
721,3.4000000000000004,-6.6,16,Hero,0.6792167965322733,1.0
722,4.0,-6.0,10,Hero,0.6518638402223587,1.0
723,3.7,-6.3,13,Hero,0.7371667142097766,0.9999999083005465
724,3.8000000000000007,-6.199999999999999,12,Hero,0.5819642096757889,1.0
725,3.7,-6.3,13,Hero,0.6236728335945652,0.9999999724901639
726,4.1000000000000005,-5.8999999999999995,9,Hero,0.6833499835597144,1.0
727,3.7,-6.3,13,Hero,0.7050722149702219,1.0
728,4.300000000000001,-5.699999999999999,7,Hero,0.6424882752554757,1.0
729,4.2,-5.8,8,Hero,0.6798485070466995,1.0
730,4.1000000000000005,-5.8999999999999995,9,Hero,0.9664427174462212,0.9999999867545234
731,3.4000000000000004,-6.6,16,Hero,0.5685604214668274,0.9999997392296791
732,4.300000000000001,-5.699999999999999,7,Hero,0.6110287713153022,1.0
733,3.9000000000000004,-6.1,11,Hero,0.7874302213842218,1.0
734,3.5,-6.5,15,Hero,0.522780591249466,1.0
735,3.4000000000000004,-6.6,16,Hero,0.5668527899542823,0.9999999701976776
736,3.3,-6.7,17,Hero,0.5557187047293958,1.0
737,3.8000000000000007,-6.199999999999999,12,Hero,0.6128859519958496,1.0
738,-5.3,4.7,3,Villain,0.1769634187221527,1.0
739,4.300000000000001,-5.699999999999999,7,Hero,0.6079552003315517,1.0
740,4.2,-5.8,8,Hero,0.6776901036500931,1.0
741,3.4000000000000004,-6.6,16,Hero,0.6039331303909421,0.9999446906149387
742,4.9,-5.1,1,Hero,0.5595611333847046,1.0
743,4.6000000000000005,-5.3999999999999995,4,Hero,0.4835183136165142,1.0
744,3.6000000000000005,-6.3999999999999995,14,Hero,0.6205655682050357,1.0
745,2.099999999999999,-7.9,29,Hero,0.5057495453491293,0.999973856169602
746,3.8000000000000007,-6.199999999999999,12,Hero,0.7106081744035085,0.9999995529651642
747,3.3,-6.7,17,Hero,0.7306473369107527,1.0
748,3.6000000000000005,-6.3999999999999995,14,Hero,0.546439514728263,1.0
749,1.9999999999999991,-8.0,30,Hero,0.5348780457551281,0.9999741514523824
750,3.4000000000000004,-6.6,16,Hero,0.5084879412315786,1.0
751,2.9,-7.1,21,Hero,0.4805580184218429,0.9999716906320482
752,2.9,-7.1,21,Hero,0.5320162439630145,0.9999682136944362
753,3.8000000000000007,-6.199999999999999,12,Hero,0.6095753274857998,1.0
754,4.2,-5.8,8,Hero,0.6378273218870163,1.0
755,4.300000000000001,-5.699999999999999,7,Hero,0.7077390445130212,1.0
756,4.2,-5.8,8,Hero,0.6136598773300648,1.0
757,3.4000000000000004,-6.6,16,Hero,0.6715945824980736,1.0
758,4.800000000000001,-5.199999999999999,2,Hero,0.167893685400486,1.0
759,3.6000000000000005,-6.3999999999999995,14,Hero,0.6693898460694722,0.9999999914850507
760,3.8000000000000007,-6.199999999999999,12,Hero,0.5797584056854248,1.0
761,4.5,-5.5,5,Hero,0.5108043774962425,1.0
762,3.9000000000000004,-6.1,11,Hero,0.7638292041691866,1.0
763,4.1000000000000005,-5.8999999999999995,9,Hero,0.685282438993454,1.0
764,4.800000000000001,-5.199999999999999,2,Hero,0.9019201099872589,1.0
765,4.4,-5.6,6,Hero,0.961573580900828,1.0
766,2.8,-7.2,22,Hero,0.556818655946038,0.9999896613034335
767,3.7,-6.3,13,Hero,0.68710618523451,0.9999982760502741
768,4.0,-6.0,10,Hero,0.8150009870529175,0.9999998569488525
769,4.2,-5.8,8,Hero,0.7123693823814392,1.0
770,4.7,-5.3,3,Hero,0.578058103720347,1.0
771,3.5,-6.5,15,Hero,0.7070214276046802,1.0
772,4.4,-5.6,6,Hero,0.7265436251958212,1.0
773,3.6000000000000005,-6.3999999999999995,14,Hero,0.6163291100944791,1.0
774,3.2,-6.8,18,Hero,0.5838773861113522,0.9999989006254408
775,3.6000000000000005,-6.3999999999999995,14,Hero,0.6060068139008113,1.0
776,1.5999999999999988,-8.400000000000002,34,Hero,0.7296875092913123,0.9999999474076664
777,3.6000000000000005,-6.3999999999999995,14,Hero,0.7810767119351242,1.0
778,4.1000000000000005,-5.8999999999999995,9,Hero,0.8636264668570625,0.9999999602635702
779,2.9,-7.1,21,Hero,0.6342807334093821,0.9999999772934687
780,3.7,-6.3,13,Hero,0.693603093807514,1.0
781,3.5,-6.5,15,Hero,0.7108888477087021,1.0
782,3.8000000000000007,-6.199999999999999,12,Hero,0.631498230000337,1.0
783,3.7,-6.3,13,Hero,0.6477452493630923,1.0
784,3.2,-6.8,18,Hero,0.5999442438284556,0.9999995297855802
785,4.2,-5.8,8,Hero,0.9655636921525002,1.0
786,3.9000000000000004,-6.1,11,Hero,0.7496946210210974,1.0
787,4.9,-5.1,1,Hero,0.7160539031028748,1.0
788,2.4999999999999996,-7.5,25,Hero,0.5188466561958194,0.9985933065414428
789,4.0,-6.0,10,Hero,0.6769446089863778,1.0
790,4.0,-6.0,10,Hero,0.5813390016555786,1.0
791,3.7,-6.3,13,Hero,0.6866882533694689,1.0
792,4.800000000000001,-5.199999999999999,2,Hero,0.5809404999017715,1.0
793,4.4,-5.6,6,Hero,0.6349547803401947,1.0
794,4.2,-5.8,8,Hero,0.5455753412097692,1.0
795,3.5,-6.5,15,Hero,0.6084192393658062,1.0
796,3.7,-6.3,13,Hero,0.6721828946700463,0.9999996882218581
797,4.7,-5.3,3,Hero,0.6787022153536478,1.0
798,3.9000000000000004,-6.1,11,Hero,0.6828000091693618,1.0
799,4.2,-5.8,8,Hero,0.6724265720695257,1.0
800,3.4000000000000004,-6.6,16,Hero,0.6217380063608289,0.9999999925494194
801,3.9000000000000004,-6.1,11,Hero,0.767930656671524,1.0
802,4.5,-5.5,5,Hero,0.5939015507698059,1.0
803,3.9000000000000004,-6.1,11,Hero,0.8444373716007579,1.0
804,4.4,-5.6,6,Hero,0.7833564256628355,1.0
805,3.8000000000000007,-6.199999999999999,12,Hero,0.7998209372162819,1.0
806,4.0,-6.0,10,Hero,0.8905971713364125,1.0
807,3.9000000000000004,-6.1,11,Hero,0.6030757914889943,1.0
808,3.5,-6.5,15,Hero,0.6623910879095395,1.0
809,4.1000000000000005,-5.8999999999999995,9,Hero,0.7686400512854258,1.0
810,3.7,-6.3,13,Hero,0.7288720710919454,0.9999999266404372
811,4.0,-6.0,10,Hero,0.8808436632156372,1.0
812,3.8000000000000007,-6.199999999999999,12,Hero,0.6715448275208473,1.0
813,4.1000000000000005,-5.8999999999999995,9,Hero,0.8085559945967462,1.0
814,3.8000000000000007,-6.199999999999999,12,Hero,0.7010986773918072,1.0
815,4.300000000000001,-5.699999999999999,7,Hero,0.666349504675184,1.0
816,4.6000000000000005,-5.3999999999999995,4,Hero,0.919854536652565,1.0
817,2.6999999999999997,-7.300000000000001,23,Hero,0.5899614610749743,1.0
818,4.0,-6.0,10,Hero,0.7146444737911224,1.0
819,3.5,-6.5,15,Hero,0.6264931644002597,0.9999999920527141
820,3.9000000000000004,-6.1,11,Hero,0.7364442179148848,1.0
821,4.9,-5.1,1,Hero,0.5699054002761841,1.0
822,2.6999999999999997,-7.300000000000001,23,Hero,0.5238631902181584,0.9999876151914182
823,4.4,-5.6,6,Hero,0.6662310560544332,1.0
824,4.0,-6.0,10,Hero,0.6448703467845917,1.0
825,4.2,-5.8,8,Hero,0.7624273523688316,1.0
826,4.4,-5.6,6,Hero,0.7019026478131613,1.0
827,4.2,-5.8,8,Hero,0.8699910566210747,1.0
828,4.5,-5.5,5,Hero,0.6379735082387924,1.0
829,4.300000000000001,-5.699999999999999,7,Hero,0.8558577682290759,1.0
830,-5.1,4.9,1,Villain,0.76805180311203,1.0
831,4.6000000000000005,-5.3999999999999995,4,Hero,0.5508114695549011,1.0
832,3.2,-6.8,18,Hero,0.5907983813020918,0.9999999867545234
833,3.0,-7.0,20,Hero,0.5830559715628624,0.9999992609024048
834,3.8000000000000007,-6.199999999999999,12,Hero,0.8739070196946462,0.9999995827674866
835,3.9000000000000004,-6.1,11,Hero,0.6050689951940016,1.0
836,-5.3,4.7,3,Villain,0.6375256478786469,1.0
837,4.1000000000000005,-5.8999999999999995,9,Hero,0.615748287902938,1.0
838,3.8000000000000007,-6.199999999999999,12,Hero,0.8485317615171274,1.0
839,2.5999999999999996,-7.4,24,Hero,0.562069913217177,0.9999999950329462
840,4.2,-5.8,8,Hero,0.8246569521725178,1.0
841,2.6999999999999997,-7.300000000000001,23,Hero,0.6726548496795737,1.0
842,4.0,-6.0,10,Hero,0.9097151458263397,0.9999996542930603
843,3.7,-6.3,13,Hero,0.824586917574589,1.0
844,3.2,-6.8,18,Hero,0.570141556362311,1.0
845,3.9000000000000004,-6.1,11,Hero,0.6843570497902957,1.0
846,2.6999999999999997,-7.300000000000001,23,Hero,0.5600565273476683,0.9999911785125732
847,3.2,-6.8,18,Hero,0.6274553222788705,1.0
848,4.9,-5.1,1,Hero,0.9929689764976501,1.0
849,4.300000000000001,-5.699999999999999,7,Hero,0.630068165915353,1.0
850,3.4000000000000004,-6.6,16,Hero,0.6151880137622356,1.0
851,3.7,-6.3,13,Hero,0.5739495141001848,1.0
852,3.8000000000000007,-6.199999999999999,12,Hero,0.7947304745515188,1.0
853,3.9000000000000004,-6.1,11,Hero,0.8655309514565901,1.0
854,3.5,-6.5,15,Hero,0.6597016625106334,1.0
855,-5.1,4.9,1,Villain,0.09180113673210144,1.0
856,2.1999999999999993,-7.800000000000001,28,Hero,0.4891363861305373,0.9999974880899701
857,4.2,-5.8,8,Hero,0.8042861297726631,1.0
858,3.8000000000000007,-6.199999999999999,12,Hero,0.770919660727183,1.0
859,4.2,-5.8,8,Hero,0.709177665412426,1.0
860,4.300000000000001,-5.699999999999999,7,Hero,0.8329630430255618,1.0
861,2.8,-7.2,22,Hero,0.4982771555131132,0.9999999891627919
862,1.899999999999999,-8.100000000000001,31,Hero,0.6929814465824635,1.0
863,2.5999999999999996,-7.4,24,Hero,0.5805499340640381,1.0
864,3.7,-6.3,13,Hero,0.5534318814483973,1.0
865,3.3,-6.7,17,Hero,0.5562250334769487,1.0
866,4.1000000000000005,-5.8999999999999995,9,Hero,0.6895727587656842,1.0
867,3.6000000000000005,-6.3999999999999995,14,Hero,0.6810013905300626,0.9999999914850507
868,4.1000000000000005,-5.8999999999999995,9,Hero,0.5159077346324921,1.0
869,1.799999999999999,-8.200000000000001,32,Hero,0.5042681781342253,0.9999868758022785
870,-5.1,4.9,1,Villain,0.4530217945575714,1.0
871,4.6000000000000005,-5.3999999999999995,4,Hero,0.9396875500679016,1.0
872,2.4999999999999996,-7.5,25,Hero,0.5930106249451638,1.0
873,0.20000000000000107,-9.799999999999999,48,Hero,0.5891890588294094,1.0
874,2.9,-7.1,21,Hero,0.6622761585084456,1.0
875,1.899999999999999,-8.100000000000001,31,Hero,0.49679653971425947,1.0
876,4.2,-5.8,8,Hero,0.5440989434719086,1.0
877,0.9999999999999982,-9.000000000000002,40,Hero,0.5947370804846287,1.0
878,-5.6,4.4,6,Villain,0.7997671365737915,1.0
879,2.4999999999999996,-7.5,25,Hero,0.5861389005184173,1.0
880,3.6000000000000005,-6.3999999999999995,14,Hero,0.5212982307587352,1.0
881,3.0999999999999996,-6.9,19,Hero,0.5553534642646187,1.0
882,3.7,-6.3,13,Hero,0.5695122881577566,1.0
883,1.9999999999999991,-8.0,30,Hero,0.4740508085116744,0.9999999682108561
884,3.0999999999999996,-6.9,19,Hero,0.5314259674204024,1.0
885,4.5,-5.5,5,Hero,0.625282347947359,1.0
886,3.0,-7.0,20,Hero,0.529958899319172,0.9998558253049851
887,3.3,-6.7,17,Hero,0.6015846965944066,1.0
888,3.8000000000000007,-6.199999999999999,12,Hero,0.6617940630142888,1.0
889,3.0999999999999996,-6.9,19,Hero,0.7219514399766922,1.0
890,4.1000000000000005,-5.8999999999999995,9,Hero,0.874684216040704,1.0
891,3.2,-6.8,18,Hero,0.7351185270171199,1.0
892,3.5,-6.5,15,Hero,0.5234317859013875,1.0
893,4.5,-5.5,5,Hero,0.6211449677939527,1.0
894,1.9999999999999991,-8.0,30,Hero,0.515031682079037,0.9999993681907654
895,4.7,-5.3,3,Hero,0.8862364490826925,1.0
896,2.1999999999999993,-7.800000000000001,28,Hero,0.44633911709700314,0.9998822297368731
897,4.2,-5.8,8,Hero,0.7286723926663399,1.0
898,4.0,-6.0,10,Hero,0.5714022219181061,1.0
899,2.1999999999999993,-7.800000000000001,28,Hero,0.4849666613819344,0.9999986078057971
900,1.9999999999999991,-8.0,30,Hero,0.5774464083214601,0.9999999602635702
901,3.9000000000000004,-6.1,11,Hero,0.6861984946511008,1.0
902,2.4999999999999996,-7.5,25,Hero,0.5752632558345795,1.0
903,2.8,-7.2,22,Hero,0.6574201343411749,1.0
904,-5.8999999999999995,4.1000000000000005,9,Villain,0.4046836851371659,0.9994799229833815
905,-5.3,4.7,3,Villain,0.2029962216814359,0.9988280534744263
906,3.3,-6.7,17,Hero,0.6896617105778526,1.0
907,4.800000000000001,-5.199999999999999,2,Hero,0.3670921176671982,1.0
908,3.7,-6.3,13,Hero,0.6479902187219033,1.0
909,4.1000000000000005,-5.8999999999999995,9,Hero,0.8494431144661374,1.0
910,4.2,-5.8,8,Hero,0.7762078158557415,1.0
911,3.4000000000000004,-6.6,16,Hero,0.6864433335140347,1.0
912,3.7,-6.3,13,Hero,0.5858248277352407,1.0
913,4.1000000000000005,-5.8999999999999995,9,Hero,0.8592403944995668,1.0
914,4.0,-6.0,10,Hero,0.5385436281561852,1.0
915,3.3,-6.7,17,Hero,0.6943216867306653,1.0
916,2.5999999999999996,-7.4,24,Hero,0.5912951088200012,0.9999950577815374
917,2.5999999999999996,-7.4,24,Hero,0.6240228245733306,1.0
918,3.8000000000000007,-6.199999999999999,12,Hero,0.5587567736705145,1.0
919,3.6000000000000005,-6.3999999999999995,14,Hero,0.6526279162083354,1.0
920,2.2999999999999994,-7.700000000000001,27,Hero,0.5313551604264865,0.9999998454694394
921,2.3999999999999995,-7.6000000000000005,26,Hero,0.784737706112747,1.0
922,3.0999999999999996,-6.9,19,Hero,0.6066474451830512,1.0
923,4.1000000000000005,-5.8999999999999995,9,Hero,0.958554228146871,1.0
924,2.5999999999999996,-7.4,24,Hero,0.810669427116712,1.0
925,3.8000000000000007,-6.199999999999999,12,Hero,0.7922231107950211,1.0
926,4.2,-5.8,8,Hero,0.5156567292287946,1.0
927,3.2,-6.8,18,Hero,0.5990842841565609,1.0
928,-4.999999999999998,-4.999999999999998,50,None,0.8932980506494641,1.0
929,3.0,-7.0,20,Hero,0.6809273291379213,1.0
930,4.300000000000001,-5.699999999999999,7,Hero,0.5770983355385917,1.0
931,3.3,-6.7,17,Hero,0.7974201835253659,1.0
932,4.1000000000000005,-5.8999999999999995,9,Hero,0.750977067483796,1.0
933,3.4000000000000004,-6.6,16,Hero,0.7034281129017472,1.0
934,3.7,-6.3,13,Hero,0.7835169365772834,1.0
935,2.8,-7.2,22,Hero,0.678865685000677,1.0
936,4.7,-5.3,3,Hero,0.42974843581517536,1.0
937,3.0,-7.0,20,Hero,0.7756963726133108,1.0
938,4.5,-5.5,5,Hero,0.9829346537590027,1.0
939,4.4,-5.6,6,Hero,0.5355727175871531,1.0
940,4.1000000000000005,-5.8999999999999995,9,Hero,0.6333781000640657,1.0
941,4.2,-5.8,8,Hero,0.6202631462365389,1.0
942,3.9000000000000004,-6.1,11,Hero,0.5452933988787911,1.0
943,3.6000000000000005,-6.3999999999999995,14,Hero,0.7661720753780433,1.0
944,4.5,-5.5,5,Hero,0.9747890830039978,1.0
945,3.3,-6.7,17,Hero,0.6051963909583933,0.9999991795595955
946,3.7,-6.3,13,Hero,0.6097077291745406,1.0
947,4.2,-5.8,8,Hero,0.890720322728157,1.0
948,3.7,-6.3,13,Hero,0.6904729513021616,1.0
949,-5.1,4.9,1,Villain,0.6489770412445068,1.0
950,4.0,-6.0,10,Hero,0.6637043850496411,1.0
951,4.5,-5.5,5,Hero,0.9231427907943726,1.0
952,3.3,-6.7,17,Hero,0.6110906951567706,1.0
953,4.300000000000001,-5.699999999999999,7,Hero,0.5701658427715302,1.0
954,4.1000000000000005,-5.8999999999999995,9,Hero,0.86226886510849,1.0
955,4.300000000000001,-5.699999999999999,7,Hero,0.7264352142810822,1.0
956,3.0999999999999996,-6.9,19,Hero,0.673960370428272,1.0
957,3.2,-6.8,18,Hero,0.6322446593807803,0.9999992118941413
958,3.3,-6.7,17,Hero,0.5161093300591935,1.0
959,3.7,-6.3,13,Hero,0.6703693190446267,1.0
960,4.4,-5.6,6,Hero,0.8000888663033644,1.0
961,3.6000000000000005,-6.3999999999999995,14,Hero,0.6203596059765134,0.9999999829701015
962,4.5,-5.5,5,Hero,0.6343524038791657,1.0
963,4.2,-5.8,8,Hero,0.64755086787045,1.0
964,2.1999999999999993,-7.800000000000001,28,Hero,0.45425052459800747,0.9999901226588658
965,-5.699999999999999,4.300000000000001,7,Villain,0.4520733415016106,0.9999772650854928
966,3.3,-6.7,17,Hero,0.7808907469186712,1.0
967,2.6999999999999997,-7.300000000000001,23,Hero,0.6291147765258084,0.9999999844509623
968,3.7,-6.3,13,Hero,0.7702806038925281,1.0
969,3.6000000000000005,-6.3999999999999995,14,Hero,0.5167663073433297,1.0
970,4.2,-5.8,8,Hero,0.5101107312366366,1.0
971,4.300000000000001,-5.699999999999999,7,Hero,0.8771403857639858,1.0
972,4.1000000000000005,-5.8999999999999995,9,Hero,0.8929874963230557,1.0
973,3.9000000000000004,-6.1,11,Hero,0.5535285571082071,1.0
974,4.6000000000000005,-5.3999999999999995,4,Hero,0.7736634165048599,1.0
975,4.800000000000001,-5.199999999999999,2,Hero,0.8225305080413818,1.0
976,2.3999999999999995,-7.6000000000000005,26,Hero,0.608534899719346,0.9999999954150274
977,2.8,-7.2,22,Hero,0.6068237749013033,0.9999968843026594
978,3.5,-6.5,15,Hero,0.6206608504056931,1.0
979,3.8000000000000007,-6.199999999999999,12,Hero,0.6117441008488337,1.0
980,3.5,-6.5,15,Hero,0.587588387231032,1.0
981,4.0,-6.0,10,Hero,0.7233343094587326,1.0
982,4.0,-6.0,10,Hero,0.755766911804676,1.0
983,2.9,-7.1,21,Hero,0.5964007803371975,0.9999999886467343
984,4.9,-5.1,1,Hero,0.7742516398429871,1.0
985,4.300000000000001,-5.699999999999999,7,Hero,0.9785341109548297,1.0
986,3.7,-6.3,13,Hero,0.7548861595300528,1.0
987,4.6000000000000005,-5.3999999999999995,4,Hero,0.9484537243843079,1.0
988,3.9000000000000004,-6.1,11,Hero,0.561449667608196,1.0
989,4.9,-5.1,1,Hero,0.9173159003257751,1.0
990,4.6000000000000005,-5.3999999999999995,4,Hero,0.9471861720085144,1.0
991,3.3,-6.7,17,Hero,0.5288660311523605,1.0
992,3.5,-6.5,15,Hero,0.5987255454063416,1.0
993,3.0,-7.0,20,Hero,0.7137452818453311,1.0
994,3.0,-7.0,20,Hero,0.7460203096270561,1.0
995,2.5999999999999996,-7.4,24,Hero,0.6810698013675088,1.0
996,4.2,-5.8,8,Hero,0.8569603264331818,1.0
997,3.8000000000000007,-6.199999999999999,12,Hero,0.6190568332870802,1.0
998,3.5,-6.5,15,Hero,0.6487621068954468,1.0
999,4.9,-5.1,1,Hero,0.8793067932128906,1.0
1000,3.0999999999999996,-6.9,19,Hero,0.6126936046700728,1.0
1001,4.300000000000001,-5.699999999999999,7,Hero,0.4931006564625672,1.0
1002,3.0,-7.0,20,Hero,0.5879668641835452,1.0
1003,2.8,-7.2,22,Hero,0.6544448347254233,1.0
1004,-5.8,4.2,8,Villain,0.8408291339874268,1.0
1005,3.4000000000000004,-6.6,16,Hero,0.6833892476715846,1.0
1006,3.0999999999999996,-6.9,19,Hero,0.7667235928146463,1.0
1007,4.6000000000000005,-5.3999999999999995,4,Hero,0.5265607014298439,1.0
1008,2.8,-7.2,22,Hero,0.6338288216766986,1.0
1009,4.1000000000000005,-5.8999999999999995,9,Hero,0.8893921905093722,1.0
1010,4.6000000000000005,-5.3999999999999995,4,Hero,0.606162438634783,1.0
1011,3.9000000000000004,-6.1,11,Hero,0.7807569557970221,1.0
1012,3.9000000000000004,-6.1,11,Hero,0.602301989089359,1.0
1013,3.0,-7.0,20,Hero,0.5690158396959305,0.9999998211860657
1014,4.5,-5.5,5,Hero,0.7653469532728195,1.0
1015,4.5,-5.5,5,Hero,0.9326512217521667,1.0
1016,4.800000000000001,-5.199999999999999,2,Hero,0.8646482229232788,1.0
1017,4.9,-5.1,1,Hero,0.6957539916038513,1.0
1018,3.6000000000000005,-6.3999999999999995,14,Hero,0.7564448808885312,1.0
1019,4.300000000000001,-5.699999999999999,7,Hero,0.8472451184477124,1.0
1020,4.1000000000000005,-5.8999999999999995,9,Hero,0.70722563068072,1.0
1021,4.4,-5.6,6,Hero,0.9507589042186737,1.0
1022,4.4,-5.6,6,Hero,0.8734733561674753,1.0
1023,4.7,-5.3,3,Hero,0.9159431854883829,1.0
1024,4.5,-5.5,5,Hero,0.8034489631652832,1.0
1025,3.8000000000000007,-6.199999999999999,12,Hero,0.5981732892493407,1.0
1026,-5.8,4.2,8,Villain,0.7007377818226814,1.0
1027,4.5,-5.5,5,Hero,0.8432519674301148,1.0
1028,4.1000000000000005,-5.8999999999999995,9,Hero,0.6948596288760504,1.0
1029,4.300000000000001,-5.699999999999999,7,Hero,0.9652988995824542,1.0
1030,2.8,-7.2,22,Hero,0.6191232068972155,1.0
1031,3.6000000000000005,-6.3999999999999995,14,Hero,0.6129269493477685,1.0
1032,4.300000000000001,-5.699999999999999,7,Hero,0.83702552318573,1.0
1033,3.2,-6.8,18,Hero,0.6179445849524604,1.0
1034,4.2,-5.8,8,Hero,0.6587679274380207,1.0
1035,4.300000000000001,-5.699999999999999,7,Hero,0.8931846533502851,1.0
1036,2.6999999999999997,-7.300000000000001,23,Hero,0.6658768977807916,1.0
1037,3.5,-6.5,15,Hero,0.7401714868843555,1.0
1038,4.7,-5.3,3,Hero,0.8977004686991373,1.0
1039,3.9000000000000004,-6.1,11,Hero,0.7525789520957253,1.0
1040,3.8000000000000007,-6.199999999999999,12,Hero,0.6173803148170313,1.0
1041,4.0,-6.0,10,Hero,0.8723575245589018,1.0
1042,3.5,-6.5,15,Hero,0.6360884666442871,1.0
1043,3.7,-6.3,13,Hero,0.7014500733751518,1.0
1044,2.9,-7.1,21,Hero,0.5330995975860527,0.9999594120752244
1045,4.4,-5.6,6,Hero,0.9803360601266226,1.0
1046,3.8000000000000007,-6.199999999999999,12,Hero,0.729790007074674,1.0
1047,4.4,-5.6,6,Hero,0.8442825029293696,1.0
1048,4.2,-5.8,8,Hero,0.5648890323936939,1.0
1049,3.4000000000000004,-6.6,16,Hero,0.6614364078850485,1.0
1050,4.0,-6.0,10,Hero,0.8474861722439527,1.0
1051,3.5,-6.5,15,Hero,0.6124177957574527,1.0
1052,4.300000000000001,-5.699999999999999,7,Hero,0.7407211299453463,1.0
1053,3.7,-6.3,13,Hero,0.599212456208009,1.0
1054,3.9000000000000004,-6.1,11,Hero,0.5280835127288644,1.0
1055,4.800000000000001,-5.199999999999999,2,Hero,0.8301338255405426,1.0
1056,3.7,-6.3,13,Hero,0.6928511101465958,1.0
1057,3.0,-7.0,20,Hero,0.6115178264677524,1.0
1058,3.9000000000000004,-6.1,11,Hero,0.8087409382516687,1.0
1059,4.1000000000000005,-5.8999999999999995,9,Hero,0.8085657987329695,1.0
1060,3.0999999999999996,-6.9,19,Hero,0.6001381254509875,1.0
1061,3.5,-6.5,15,Hero,0.6828967571258545,1.0
1062,3.8000000000000007,-6.199999999999999,12,Hero,0.7398673271139463,1.0
1063,3.2,-6.8,18,Hero,0.707929488685396,1.0
1064,3.9000000000000004,-6.1,11,Hero,0.8365079692818902,1.0
1065,-5.1,4.9,1,Villain,0.4585731029510498,1.0
1066,4.2,-5.8,8,Hero,0.7996902987360954,1.0
1067,-5.1,4.9,1,Villain,0.9854156374931335,1.0
1068,4.9,-5.1,1,Hero,0.3751316964626312,1.0
1069,3.0999999999999996,-6.9,19,Hero,0.603241932235266,1.0
1070,4.1000000000000005,-5.8999999999999995,9,Hero,0.5771190822124481,1.0
1071,4.5,-5.5,5,Hero,0.6223598420619965,1.0
1072,4.800000000000001,-5.199999999999999,2,Hero,0.9663983583450317,1.0
1073,4.300000000000001,-5.699999999999999,7,Hero,0.6638759310756411,1.0
1074,3.4000000000000004,-6.6,16,Hero,0.5359913308930118,1.0
1075,4.1000000000000005,-5.8999999999999995,9,Hero,0.6518837643994225,1.0
1076,3.8000000000000007,-6.199999999999999,12,Hero,0.6801782697439194,1.0
1077,-5.199999999999999,4.800000000000001,2,Villain,0.9961592555046082,1.0
1078,4.0,-6.0,10,Hero,0.8410111010074616,1.0
1079,3.9000000000000004,-6.1,11,Hero,0.6101498637687076,1.0
1080,4.9,-5.1,1,Hero,0.8530704975128174,1.0
1081,3.6000000000000005,-6.3999999999999995,14,Hero,0.6799575907311269,1.0
1082,3.9000000000000004,-6.1,11,Hero,0.8494921814311635,1.0
1083,3.8000000000000007,-6.199999999999999,12,Hero,0.6824657817681631,1.0
1084,4.300000000000001,-5.699999999999999,7,Hero,0.8931893195424762,1.0
1085,3.5,-6.5,15,Hero,0.5831339250008265,1.0
1086,3.9000000000000004,-6.1,11,Hero,0.7715509154579856,1.0
1087,4.0,-6.0,10,Hero,0.7535184517502784,1.0
1088,3.7,-6.3,13,Hero,0.6799650742457464,1.0
1089,4.1000000000000005,-5.8999999999999995,9,Hero,0.6651164988676707,1.0
1090,4.5,-5.5,5,Hero,0.7824864208698272,1.0
1091,3.5,-6.5,15,Hero,0.6226982047160466,1.0
1092,4.2,-5.8,8,Hero,0.8024125099182129,1.0
1093,4.5,-5.5,5,Hero,0.8088319778442383,1.0
1094,4.5,-5.5,5,Hero,0.6028879761695862,1.0
1095,4.4,-5.6,6,Hero,0.7053469171126684,1.0
1096,3.4000000000000004,-6.6,16,Hero,0.6629201052710414,1.0
1097,4.0,-6.0,10,Hero,0.6565339803695679,1.0
1098,4.300000000000001,-5.699999999999999,7,Hero,0.7837349815028054,1.0
1099,3.9000000000000004,-6.1,11,Hero,0.830245164307681,1.0
1100,4.5,-5.5,5,Hero,0.7140397727489471,1.0
1101,4.2,-5.8,8,Hero,0.724620308727026,1.0
1102,4.4,-5.6,6,Hero,0.5404762327671051,1.0
1103,2.8,-7.2,22,Hero,0.5533602617003701,1.0
1104,4.1000000000000005,-5.8999999999999995,9,Hero,0.6923163036505381,1.0
1105,4.0,-6.0,10,Hero,0.8657763123512268,1.0
1106,4.1000000000000005,-5.8999999999999995,9,Hero,0.7048273202445772,1.0
1107,4.1000000000000005,-5.8999999999999995,9,Hero,0.764279670185513,1.0
1108,3.0999999999999996,-6.9,19,Hero,0.6277009703611073,1.0
1109,4.2,-5.8,8,Hero,0.8064605668187141,1.0
1110,4.300000000000001,-5.699999999999999,7,Hero,0.991198011807033,1.0
1111,3.9000000000000004,-6.1,11,Hero,0.6931233216415752,1.0
1112,4.7,-5.3,3,Hero,0.981055478254954,1.0
1113,3.5,-6.5,15,Hero,0.6351963380972544,1.0
1114,4.300000000000001,-5.699999999999999,7,Hero,0.5999411855425153,1.0
1115,3.0,-7.0,20,Hero,0.607138841599226,0.999999749660492
1116,4.300000000000001,-5.699999999999999,7,Hero,0.8524180065308299,1.0
1117,4.1000000000000005,-5.8999999999999995,9,Hero,0.7180188231998019,1.0
1118,3.0999999999999996,-6.9,19,Hero,0.588212485964361,0.9999998870648836
1119,4.0,-6.0,10,Hero,0.7003173097968102,1.0
1120,3.7,-6.3,13,Hero,0.597151497235665,1.0
1121,4.9,-5.1,1,Hero,0.7003331184387207,1.0
1122,4.1000000000000005,-5.8999999999999995,9,Hero,0.9004719522264268,1.0
1123,4.0,-6.0,10,Hero,0.8036101281642913,1.0
1124,4.2,-5.8,8,Hero,0.7091799043118954,1.0
1125,3.7,-6.3,13,Hero,0.7011885551305918,1.0
1126,3.8000000000000007,-6.199999999999999,12,Hero,0.5786395116398731,1.0
1127,4.800000000000001,-5.199999999999999,2,Hero,0.5542802810668945,1.0
1128,3.9000000000000004,-6.1,11,Hero,0.7945976853370667,1.0
1129,3.8000000000000007,-6.199999999999999,12,Hero,0.6990338787436485,1.0
1130,3.8000000000000007,-6.199999999999999,12,Hero,0.7444532066583633,1.0
1131,-5.199999999999999,4.800000000000001,2,Villain,0.5807730108499527,1.0
1132,4.4,-5.6,6,Hero,0.8517669339974722,1.0
1133,4.2,-5.8,8,Hero,0.8901546522974968,1.0
1134,4.5,-5.5,5,Hero,0.6913020968437195,1.0
1135,4.4,-5.6,6,Hero,0.9646768073240916,1.0
1136,4.2,-5.8,8,Hero,0.7948023229837418,1.0
1137,4.2,-5.8,8,Hero,0.6337165348231792,1.0
1138,2.8,-7.2,22,Hero,0.5607171762226657,1.0
1139,3.9000000000000004,-6.1,11,Hero,0.7856331711465662,1.0
1140,2.9,-7.1,21,Hero,0.578777802842004,1.0
1141,-5.5,4.5,5,Villain,0.44603903964161873,1.0
1142,3.9000000000000004,-6.1,11,Hero,0.6708290143446489,1.0
1143,3.6000000000000005,-6.3999999999999995,14,Hero,0.6070691687720162,1.0
1144,4.5,-5.5,5,Hero,0.5755542680621147,1.0
1145,4.0,-6.0,10,Hero,0.7941541224718094,1.0
1146,4.4,-5.6,6,Hero,0.7047612071037292,1.0
1147,4.1000000000000005,-5.8999999999999995,9,Hero,0.829173720545239,1.0
1148,4.5,-5.5,5,Hero,0.6533998906612396,1.0
1149,4.7,-5.3,3,Hero,0.7047907908757528,1.0
1150,4.2,-5.8,8,Hero,0.6781967915594578,1.0
1151,4.2,-5.8,8,Hero,0.7647448554635048,1.0
1152,4.1000000000000005,-5.8999999999999995,9,Hero,0.913266122341156,1.0
1153,4.0,-6.0,10,Hero,0.7861182123422623,1.0
1154,3.5,-6.5,15,Hero,0.6179257035255432,1.0
1155,3.6000000000000005,-6.3999999999999995,14,Hero,0.6091110333800316,1.0
1156,3.7,-6.3,13,Hero,0.706732799227421,1.0
1157,3.7,-6.3,13,Hero,0.73860086615269,1.0
1158,4.2,-5.8,8,Hero,0.8808527439832687,1.0
1159,4.300000000000001,-5.699999999999999,7,Hero,0.9883119974817548,1.0
1160,4.2,-5.8,8,Hero,0.7051892001181841,1.0
1161,4.1000000000000005,-5.8999999999999995,9,Hero,0.779256135225296,1.0
1162,4.300000000000001,-5.699999999999999,7,Hero,0.8947272215570722,1.0
1163,3.3,-6.7,17,Hero,0.681309638216215,1.0
1164,3.9000000000000004,-6.1,11,Hero,0.7905245152386752,1.0
1165,4.7,-5.3,3,Hero,0.6021143098672231,1.0
1166,3.3,-6.7,17,Hero,0.7847635263905806,1.0
1167,3.7,-6.3,13,Hero,0.6853660184603471,1.0
1168,4.2,-5.8,8,Hero,0.8224093317985535,1.0
1169,4.2,-5.8,8,Hero,0.7244577184319496,1.0
1170,4.2,-5.8,8,Hero,0.9135071709752083,1.0
1171,-5.199999999999999,4.800000000000001,2,Villain,0.9313696324825287,1.0
1172,4.2,-5.8,8,Hero,0.8499063514173031,1.0
1173,2.9,-7.1,21,Hero,0.5510876710925784,1.0
1174,4.2,-5.8,8,Hero,0.853317391127348,1.0
1175,4.6000000000000005,-5.3999999999999995,4,Hero,0.8343260884284973,1.0
1176,4.300000000000001,-5.699999999999999,7,Hero,0.511992314032146,1.0
1177,4.4,-5.6,6,Hero,0.6862879494825999,1.0
1178,3.6000000000000005,-6.3999999999999995,14,Hero,0.6566553328718457,1.0
1179,4.4,-5.6,6,Hero,0.6877703269322714,1.0
1180,3.6000000000000005,-6.3999999999999995,14,Hero,0.7247822540146964,0.9999999914850507
1181,4.300000000000001,-5.699999999999999,7,Hero,0.6999029623610633,1.0
1182,4.300000000000001,-5.699999999999999,7,Hero,0.6668207858289991,1.0
1183,4.300000000000001,-5.699999999999999,7,Hero,0.9557460376194545,1.0
1184,4.0,-6.0,10,Hero,0.6439731180667877,1.0
1185,4.2,-5.8,8,Hero,0.6836753701791167,1.0
1186,4.9,-5.1,1,Hero,0.2930576503276825,1.0
1187,4.0,-6.0,10,Hero,0.7199612528085708,1.0
1188,4.9,-5.1,1,Hero,0.6683998703956604,1.0
1189,4.0,-6.0,10,Hero,0.887047091126442,1.0
1190,3.4000000000000004,-6.6,16,Hero,0.6089229937642813,1.0
1191,3.9000000000000004,-6.1,11,Hero,0.8074838573282416,1.0
1192,4.300000000000001,-5.699999999999999,7,Hero,0.7043618900435311,1.0
1193,4.2,-5.8,8,Hero,0.8083902914077044,1.0
1194,4.2,-5.8,8,Hero,0.7583065032958984,1.0
1195,3.5,-6.5,15,Hero,0.6982769906520844,1.0
1196,3.5,-6.5,15,Hero,0.6470935483773549,1.0
1197,3.0,-7.0,20,Hero,0.6197915151715279,1.0
1198,4.2,-5.8,8,Hero,0.8628750092466362,1.0
1199,3.8000000000000007,-6.199999999999999,12,Hero,0.7965155790249506,1.0
1200,4.0,-6.0,10,Hero,0.6562180578708648,1.0
1201,3.4000000000000004,-6.6,16,Hero,0.5606192913837731,1.0
1202,4.1000000000000005,-5.8999999999999995,9,Hero,0.5986679097016653,1.0
1203,4.0,-6.0,10,Hero,0.7006541639566422,1.0
1204,4.5,-5.5,5,Hero,0.5741380304098129,1.0
1205,4.2,-5.8,8,Hero,0.7923400248400867,1.0
1206,4.5,-5.5,5,Hero,0.678164541721344,1.0
1207,3.6000000000000005,-6.3999999999999995,14,Hero,0.6668467319437436,1.0
1208,4.4,-5.6,6,Hero,0.7092983474334081,1.0
1209,4.2,-5.8,8,Hero,0.7118901908397675,1.0
1210,4.6000000000000005,-5.3999999999999995,4,Hero,0.9742361009120941,1.0
1211,4.300000000000001,-5.699999999999999,7,Hero,0.8232723644801548,1.0
1212,4.5,-5.5,5,Hero,0.6015701591968536,1.0
1213,3.5,-6.5,15,Hero,0.6638389706611634,1.0
1214,4.0,-6.0,10,Hero,0.7459237575531006,1.0
1215,3.0999999999999996,-6.9,19,Hero,0.5964012842527345,1.0
1216,4.4,-5.6,6,Hero,0.8399791071812311,1.0
1217,4.5,-5.5,5,Hero,0.5919663280248642,1.0
1218,3.7,-6.3,13,Hero,0.7291317570668,1.0
1219,4.1000000000000005,-5.8999999999999995,9,Hero,0.698203338517083,1.0
1220,4.0,-6.0,10,Hero,0.7521606370806694,1.0
1221,4.2,-5.8,8,Hero,0.6415785700082779,1.0
1222,4.5,-5.5,5,Hero,0.6352948427200318,1.0
1223,4.9,-5.1,1,Hero,0.32687535881996155,1.0
1224,3.9000000000000004,-6.1,11,Hero,0.8441917909817263,1.0
1225,4.2,-5.8,8,Hero,0.7595920320600271,1.0
1226,3.9000000000000004,-6.1,11,Hero,0.8429161526940085,1.0
1227,3.9000000000000004,-6.1,11,Hero,0.8805325464768843,1.0
1228,3.6000000000000005,-6.3999999999999995,14,Hero,0.5843416196959359,1.0
1229,3.5,-6.5,15,Hero,0.5605926175912221,1.0
1230,3.2,-6.8,18,Hero,0.6116383746266365,0.9999999933772616
1231,4.7,-5.3,3,Hero,0.6170979936917623,1.0
1232,4.800000000000001,-5.199999999999999,2,Hero,0.6798213422298431,1.0
1233,4.2,-5.8,8,Hero,0.6128257103264332,1.0
1234,4.2,-5.8,8,Hero,0.9323521628975868,1.0
1235,3.4000000000000004,-6.6,16,Hero,0.6599264079704881,1.0
1236,4.0,-6.0,10,Hero,0.5730517029762268,1.0
1237,4.4,-5.6,6,Hero,0.7172238479057947,1.0
1238,3.6000000000000005,-6.3999999999999995,14,Hero,0.6953246918107782,1.0
1239,4.2,-5.8,8,Hero,0.6784665733575821,1.0
1240,3.9000000000000004,-6.1,11,Hero,0.737325519323349,1.0
1241,4.9,-5.1,1,Hero,0.5218275785446167,1.0
1242,4.0,-6.0,10,Hero,0.7170802831649781,1.0
1243,4.800000000000001,-5.199999999999999,2,Hero,0.856953352689743,1.0
1244,4.2,-5.8,8,Hero,0.965962789952755,1.0
1245,4.6000000000000005,-5.3999999999999995,4,Hero,0.6196040213108063,1.0
1246,4.6000000000000005,-5.3999999999999995,4,Hero,0.9638564586639404,1.0
1247,3.8000000000000007,-6.199999999999999,12,Hero,0.7161043882369995,1.0
1248,4.1000000000000005,-5.8999999999999995,9,Hero,0.9009343716833327,1.0
1249,4.4,-5.6,6,Hero,0.824185331662496,1.0
1250,4.2,-5.8,8,Hero,0.8996399119496346,1.0
1251,3.8000000000000007,-6.199999999999999,12,Hero,0.7193696908652782,1.0
1252,4.5,-5.5,5,Hero,0.9689581871032715,1.0
1253,3.5,-6.5,15,Hero,0.6866581896940868,1.0
1254,4.1000000000000005,-5.8999999999999995,9,Hero,0.688467264175415,1.0
1255,4.6000000000000005,-5.3999999999999995,4,Hero,0.9570094496011734,1.0
1256,3.4000000000000004,-6.6,16,Hero,0.638332000002265,1.0
1257,3.0,-7.0,20,Hero,0.587328776717186,1.0
1258,4.7,-5.3,3,Hero,0.5682711998621622,1.0
1259,3.8000000000000007,-6.199999999999999,12,Hero,0.6585072129964828,1.0
1260,3.8000000000000007,-6.199999999999999,12,Hero,0.6315376510222753,1.0
1261,4.300000000000001,-5.699999999999999,7,Hero,0.7585057020187378,1.0
1262,4.300000000000001,-5.699999999999999,7,Hero,0.6689909526279995,1.0
1263,4.1000000000000005,-5.8999999999999995,9,Hero,0.8127712607383728,1.0
1264,4.0,-6.0,10,Hero,0.9145275354385376,1.0
1265,3.5,-6.5,15,Hero,0.5999328764465948,1.0
1266,4.1000000000000005,-5.8999999999999995,9,Hero,0.758222414387597,1.0
1267,4.6000000000000005,-5.3999999999999995,4,Hero,0.5824346393346786,1.0
1268,4.7,-5.3,3,Hero,0.7682907978693644,1.0
1269,3.8000000000000007,-6.199999999999999,12,Hero,0.716646745800972,1.0
1270,4.0,-6.0,10,Hero,0.7359782710671425,1.0
1271,3.9000000000000004,-6.1,11,Hero,0.8238740590485659,1.0
1272,3.9000000000000004,-6.1,11,Hero,0.8638806559822776,1.0
1273,4.7,-5.3,3,Hero,0.6109903554121653,1.0
1274,4.9,-5.1,1,Hero,0.6493566036224365,1.0
1275,3.6000000000000005,-6.3999999999999995,14,Hero,0.7066062683505672,1.0
1276,3.4000000000000004,-6.6,16,Hero,0.6703005935996771,0.9999998733401299
1277,3.8000000000000007,-6.199999999999999,12,Hero,0.6380134460826715,1.0
1278,3.6000000000000005,-6.3999999999999995,14,Hero,0.6448066138795444,1.0
1279,4.7,-5.3,3,Hero,0.861256996790568,1.0
1280,3.8000000000000007,-6.199999999999999,12,Hero,0.6110012332598368,1.0
1281,3.7,-6.3,13,Hero,0.7618529590276572,1.0
1282,4.1000000000000005,-5.8999999999999995,9,Hero,0.9928185476197137,1.0
1283,3.8000000000000007,-6.199999999999999,12,Hero,0.7308403501907984,1.0
1284,3.6000000000000005,-6.3999999999999995,14,Hero,0.7316503856771825,1.0
1285,3.2,-6.8,18,Hero,0.6058493680838082,1.0
1286,3.7,-6.3,13,Hero,0.7520903108211664,1.0
1287,3.5,-6.5,15,Hero,0.709383417169253,1.0
1288,4.5,-5.5,5,Hero,0.6065644383430481,1.0
1289,4.5,-5.5,5,Hero,0.9564449787139893,1.0
1290,4.1000000000000005,-5.8999999999999995,9,Hero,0.9634630812538995,1.0
1291,3.8000000000000007,-6.199999999999999,12,Hero,0.7061508744955063,1.0
1292,3.7,-6.3,13,Hero,0.7681244565890386,1.0
1293,4.0,-6.0,10,Hero,0.8148709982633591,1.0
1294,4.0,-6.0,10,Hero,0.9147088587284088,1.0
1295,4.4,-5.6,6,Hero,0.7861823439598083,1.0
1296,4.2,-5.8,8,Hero,0.7150303237140179,1.0
1297,4.300000000000001,-5.699999999999999,7,Hero,0.9751778755869184,1.0
1298,3.8000000000000007,-6.199999999999999,12,Hero,0.6286694098865458,1.0
1299,3.8000000000000007,-6.199999999999999,12,Hero,0.7705750136325756,1.0
1300,3.4000000000000004,-6.6,16,Hero,0.618866452947259,1.0
1301,4.0,-6.0,10,Hero,0.7942137449979783,1.0
1302,4.5,-5.5,5,Hero,0.6505820274353027,1.0
1303,3.5,-6.5,15,Hero,0.6329052676757176,1.0
1304,4.2,-5.8,8,Hero,0.9860973432660103,1.0
1305,3.6000000000000005,-6.3999999999999995,14,Hero,0.6116070502570697,1.0
1306,3.7,-6.3,13,Hero,0.7720142511221079,1.0
1307,4.2,-5.8,8,Hero,0.8467656299471855,1.0
1308,3.8000000000000007,-6.199999999999999,12,Hero,0.7510531495014826,1.0
1309,4.0,-6.0,10,Hero,0.8982358552515507,1.0
1310,4.300000000000001,-5.699999999999999,7,Hero,0.8851001858711243,1.0
1311,3.9000000000000004,-6.1,11,Hero,0.6076532114635814,1.0
1312,3.7,-6.3,13,Hero,0.8129157355198493,1.0
1313,4.6000000000000005,-5.3999999999999995,4,Hero,0.7569184005260468,1.0
1314,4.1000000000000005,-5.8999999999999995,9,Hero,0.9967925151189169,1.0
1315,-5.1,4.9,1,Villain,0.6407716870307922,1.0
1316,4.4,-5.6,6,Hero,0.5858719746271769,1.0
1317,-5.5,4.5,5,Villain,0.7222789943218231,1.0
1318,3.3,-6.7,17,Hero,0.7398055594633607,1.0
1319,3.2,-6.8,18,Hero,0.7527074888348579,1.0
1320,4.800000000000001,-5.199999999999999,2,Hero,0.25187209993600845,1.0
1321,3.9000000000000004,-6.1,11,Hero,0.5879812917926095,1.0
1322,3.3,-6.7,17,Hero,0.6668498559909708,1.0
1323,3.6000000000000005,-6.3999999999999995,14,Hero,0.6989011317491531,1.0
1324,4.4,-5.6,6,Hero,0.9943184554576874,1.0
1325,4.9,-5.1,1,Hero,0.9910719990730286,1.0
1326,4.5,-5.5,5,Hero,0.9886621356010437,1.0
1327,3.9000000000000004,-6.1,11,Hero,0.775856917554682,1.0
1328,3.8000000000000007,-6.199999999999999,12,Hero,0.6574809576074282,1.0
1329,4.7,-5.3,3,Hero,0.7460347016652426,1.0
1330,4.2,-5.8,8,Hero,0.6340425051748753,1.0
1331,4.2,-5.8,8,Hero,0.8292013006284833,1.0
1332,3.7,-6.3,13,Hero,0.7052400696736115,1.0
1333,4.2,-5.8,8,Hero,0.7370719189057127,1.0
1334,3.9000000000000004,-6.1,11,Hero,0.8473290011117404,1.0
1335,3.8000000000000007,-6.199999999999999,12,Hero,0.7405936272504429,1.0
1336,3.7,-6.3,13,Hero,0.7474790398891156,1.0
1337,4.2,-5.8,8,Hero,0.6469979286193848,1.0
1338,3.2,-6.8,18,Hero,0.6882807662089666,1.0
1339,3.9000000000000004,-6.1,11,Hero,0.6705087626522238,1.0
1340,3.8000000000000007,-6.199999999999999,12,Hero,0.5858371326078972,1.0
1341,4.300000000000001,-5.699999999999999,7,Hero,0.7301060216767448,1.0
1342,3.7,-6.3,13,Hero,0.6395604862616613,1.0
1343,4.5,-5.5,5,Hero,0.9794919848442077,1.0
1344,4.300000000000001,-5.699999999999999,7,Hero,0.7707877627440861,1.0
1345,4.5,-5.5,5,Hero,0.7857776254415512,1.0
1346,4.2,-5.8,8,Hero,0.6589992977678776,1.0
1347,4.5,-5.5,5,Hero,0.6922546863555908,1.0
1348,3.7,-6.3,13,Hero,0.7527784773936639,1.0
1349,4.0,-6.0,10,Hero,0.9253352165222168,1.0
1350,3.9000000000000004,-6.1,11,Hero,0.8604744401845065,1.0
1351,3.2,-6.8,18,Hero,0.6443311332000626,1.0
1352,3.8000000000000007,-6.199999999999999,12,Hero,0.6531023594240347,1.0
1353,4.5,-5.5,5,Hero,0.5772952556610107,1.0
1354,4.4,-5.6,6,Hero,0.8174861172835032,1.0
1355,4.2,-5.8,8,Hero,0.7122110761702061,1.0
1356,3.9000000000000004,-6.1,11,Hero,0.730604887008667,1.0
1357,4.0,-6.0,10,Hero,0.6162381991744041,1.0
1358,4.300000000000001,-5.699999999999999,7,Hero,0.8523691589278835,1.0
1359,3.9000000000000004,-6.1,11,Hero,0.6496838493780657,1.0
1360,2.6999999999999997,-7.300000000000001,23,Hero,0.575722527568755,1.0
1361,4.6000000000000005,-5.3999999999999995,4,Hero,0.7488855645060539,1.0
1362,4.4,-5.6,6,Hero,0.8764171401659647,1.0
1363,3.9000000000000004,-6.1,11,Hero,0.6236084841974926,1.0
1364,4.0,-6.0,10,Hero,0.6812405958771706,1.0
1365,4.300000000000001,-5.699999999999999,7,Hero,0.7088931532842773,1.0
1366,3.4000000000000004,-6.6,16,Hero,0.6457589152269065,1.0
1367,3.8000000000000007,-6.199999999999999,12,Hero,0.7333188739915689,1.0
1368,4.0,-6.0,10,Hero,0.749642799794674,1.0
1369,4.2,-5.8,8,Hero,0.8056846410036087,1.0
1370,2.9,-7.1,21,Hero,0.6157804917366732,1.0
1371,3.5,-6.5,15,Hero,0.5625787158807118,1.0
1372,4.6000000000000005,-5.3999999999999995,4,Hero,0.7468044459819794,1.0
1373,4.6000000000000005,-5.3999999999999995,4,Hero,0.6778516322374344,1.0
1374,3.6000000000000005,-6.3999999999999995,14,Hero,0.7592872934682029,1.0
1375,3.8000000000000007,-6.199999999999999,12,Hero,0.6614147089421749,1.0
1376,3.9000000000000004,-6.1,11,Hero,0.8610209795561704,1.0
1377,4.5,-5.5,5,Hero,0.8485114216804505,1.0
1378,3.9000000000000004,-6.1,11,Hero,0.6881782656366174,1.0
1379,4.1000000000000005,-5.8999999999999995,9,Hero,0.7915616598394182,1.0
1380,4.0,-6.0,10,Hero,0.6494846984744072,1.0
1381,3.7,-6.3,13,Hero,0.7329705403401301,1.0
1382,4.7,-5.3,3,Hero,0.5324884156386057,1.0
1383,3.9000000000000004,-6.1,11,Hero,0.8180502300912683,1.0
1384,3.9000000000000004,-6.1,11,Hero,0.6854248940944672,1.0
1385,4.4,-5.6,6,Hero,0.8263571461041769,1.0
1386,4.9,-5.1,1,Hero,0.7477245330810547,1.0
1387,3.8000000000000007,-6.199999999999999,12,Hero,0.7500539223353068,1.0
1388,3.8000000000000007,-6.199999999999999,12,Hero,0.638896144926548,1.0
1389,3.8000000000000007,-6.199999999999999,12,Hero,0.7741159747044245,1.0
1390,3.3,-6.7,17,Hero,0.6323743111947003,1.0
1391,-5.3999999999999995,4.6000000000000005,4,Villain,0.4888087064027786,1.0
1392,4.6000000000000005,-5.3999999999999995,4,Hero,0.7896239757537842,1.0
1393,3.4000000000000004,-6.6,16,Hero,0.6597894413862377,1.0
1394,4.2,-5.8,8,Hero,0.984914019703865,1.0
1395,4.6000000000000005,-5.3999999999999995,4,Hero,0.9782153517007828,1.0
1396,4.2,-5.8,8,Hero,0.8139401637017727,1.0
1397,3.9000000000000004,-6.1,11,Hero,0.8125953376293182,1.0
1398,4.2,-5.8,8,Hero,0.6805463992059231,1.0
1399,4.4,-5.6,6,Hero,0.6639020889997482,1.0
1400,4.1000000000000005,-5.8999999999999995,9,Hero,0.7013485249545839,1.0
1401,3.7,-6.3,13,Hero,0.7259775274074994,1.0
1402,3.4000000000000004,-6.6,16,Hero,0.6273542139679193,1.0
1403,3.8000000000000007,-6.199999999999999,12,Hero,0.6281891328593096,1.0
1404,4.300000000000001,-5.699999999999999,7,Hero,0.8860575471605573,1.0
1405,3.9000000000000004,-6.1,11,Hero,0.7101646580479362,1.0
1406,4.5,-5.5,5,Hero,0.6940853983163834,1.0
1407,4.2,-5.8,8,Hero,0.6644004546105862,1.0
1408,4.2,-5.8,8,Hero,0.9773828387260437,1.0
1409,3.8000000000000007,-6.199999999999999,12,Hero,0.7304316585262617,1.0
1410,4.5,-5.5,5,Hero,0.7571332022547722,1.0
1411,3.6000000000000005,-6.3999999999999995,14,Hero,0.6561515826199736,1.0
1412,3.8000000000000007,-6.199999999999999,12,Hero,0.8058740496635437,1.0
1413,3.2,-6.8,18,Hero,0.6661233968204923,1.0
1414,3.9000000000000004,-6.1,11,Hero,0.6724366708235308,1.0
1415,3.3,-6.7,17,Hero,0.6805815359248835,1.0
1416,3.9000000000000004,-6.1,11,Hero,0.6552179584448988,1.0
1417,4.2,-5.8,8,Hero,0.6259939391165972,1.0
1418,3.0999999999999996,-6.9,19,Hero,0.6549508795142174,1.0
1419,4.5,-5.5,5,Hero,0.8417941093444824,1.0
1420,3.8000000000000007,-6.199999999999999,12,Hero,0.7163693507512411,1.0
1421,4.0,-6.0,10,Hero,0.6983791366219521,1.0
1422,4.7,-5.3,3,Hero,0.9930966099103292,1.0
1423,4.1000000000000005,-5.8999999999999995,9,Hero,0.7949111527866788,1.0
1424,4.0,-6.0,10,Hero,0.5949164301156997,1.0
1425,4.5,-5.5,5,Hero,0.5930489242076874,1.0
1426,3.7,-6.3,13,Hero,0.671958749110882,1.0
1427,4.800000000000001,-5.199999999999999,2,Hero,0.9168006181716919,1.0
1428,4.1000000000000005,-5.8999999999999995,9,Hero,0.9656941162215339,1.0
1429,4.1000000000000005,-5.8999999999999995,9,Hero,0.826124800576104,1.0
1430,4.6000000000000005,-5.3999999999999995,4,Hero,0.5376536175608635,1.0
1431,3.3,-6.7,17,Hero,0.672615177491132,1.0
1432,-5.3,4.7,3,Villain,0.954639712969462,1.0
1433,4.7,-5.3,3,Hero,0.7044986089070638,1.0
1434,2.9,-7.1,21,Hero,0.6203217713960579,1.0
1435,3.5,-6.5,15,Hero,0.5448915099104246,1.0
1436,4.300000000000001,-5.699999999999999,7,Hero,0.7588861882686615,1.0
1437,4.2,-5.8,8,Hero,0.9898273348808289,1.0
1438,3.6000000000000005,-6.3999999999999995,14,Hero,0.7351821426834378,1.0
1439,4.1000000000000005,-5.8999999999999995,9,Hero,0.6999132467640771,1.0
1440,4.0,-6.0,10,Hero,0.7109516650438309,1.0
1441,4.1000000000000005,-5.8999999999999995,9,Hero,0.7953421572844187,1.0
1442,4.1000000000000005,-5.8999999999999995,9,Hero,0.44158260110351777,1.0
1443,4.0,-6.0,10,Hero,0.6198815874755382,1.0
1444,4.2,-5.8,8,Hero,0.6815288811922073,1.0
1445,4.0,-6.0,10,Hero,0.6763996802270412,1.0
1446,4.1000000000000005,-5.8999999999999995,9,Hero,0.7400322200523483,1.0
1447,3.7,-6.3,13,Hero,0.7239099420033969,1.0
1448,3.9000000000000004,-6.1,11,Hero,0.7894636412913149,1.0
1449,4.300000000000001,-5.699999999999999,7,Hero,0.6859085927052158,1.0
1450,4.6000000000000005,-5.3999999999999995,4,Hero,0.9865604788064957,1.0
1451,4.6000000000000005,-5.3999999999999995,4,Hero,0.9769737273454666,1.0
1452,3.9000000000000004,-6.1,11,Hero,0.725425969470631,1.0
1453,4.0,-6.0,10,Hero,0.6483425103127957,1.0
1454,3.8000000000000007,-6.199999999999999,12,Hero,0.8053833643595377,1.0
1455,4.4,-5.6,6,Hero,0.7901209145784378,1.0
1456,3.9000000000000004,-6.1,11,Hero,0.5880324298685248,1.0
1457,3.4000000000000004,-6.6,16,Hero,0.6217178736114874,1.0
1458,4.0,-6.0,10,Hero,0.6681678235530853,1.0
1459,4.0,-6.0,10,Hero,0.8016049146652222,1.0
1460,3.5,-6.5,15,Hero,0.6388440390427907,1.0
1461,4.1000000000000005,-5.8999999999999995,9,Hero,0.9068943228986528,1.0
1462,3.8000000000000007,-6.199999999999999,12,Hero,0.6523426833252112,1.0
1463,4.300000000000001,-5.699999999999999,7,Hero,0.8556991283382688,1.0
1464,4.6000000000000005,-5.3999999999999995,4,Hero,0.6939911171793938,1.0
1465,4.5,-5.5,5,Hero,0.6590768694877625,1.0
1466,3.2,-6.8,18,Hero,0.6559339683088992,1.0
1467,4.1000000000000005,-5.8999999999999995,9,Hero,0.6206184219982889,1.0
1468,4.2,-5.8,8,Hero,0.9936801716685295,1.0
1469,3.3,-6.7,17,Hero,0.6744717254358179,1.0
1470,3.8000000000000007,-6.199999999999999,12,Hero,0.6744246905048689,1.0
1471,4.6000000000000005,-5.3999999999999995,4,Hero,0.948170393705368,1.0
1472,4.5,-5.5,5,Hero,0.6967050731182098,1.0
1473,4.7,-5.3,3,Hero,0.6538156519333521,1.0
1474,4.800000000000001,-5.199999999999999,2,Hero,0.5597631931304932,1.0
1475,3.3,-6.7,17,Hero,0.6498811700764824,1.0
1476,4.300000000000001,-5.699999999999999,7,Hero,0.9298844763210842,1.0
1477,3.8000000000000007,-6.199999999999999,12,Hero,0.6504794172942638,1.0
1478,4.0,-6.0,10,Hero,0.6547525942325592,1.0
1479,4.2,-5.8,8,Hero,0.7805263102054596,1.0
1480,4.4,-5.6,6,Hero,0.8260096162557602,1.0
1481,3.7,-6.3,13,Hero,0.6367787948021522,1.0
1482,4.5,-5.5,5,Hero,0.859234631061554,1.0
1483,4.1000000000000005,-5.8999999999999995,9,Hero,0.7359885209136539,1.0
1484,4.2,-5.8,8,Hero,0.8186514601111412,1.0
1485,4.2,-5.8,8,Hero,0.8542765695601702,1.0
1486,3.7,-6.3,13,Hero,0.7539071827553786,1.0
1487,4.2,-5.8,8,Hero,0.7458446174860001,1.0
1488,3.4000000000000004,-6.6,16,Hero,0.655683945864439,1.0
1489,4.0,-6.0,10,Hero,0.8143356546759606,1.0
1490,4.0,-6.0,10,Hero,0.5540067635476589,1.0
1491,4.5,-5.5,5,Hero,0.6509316116571426,1.0
1492,4.1000000000000005,-5.8999999999999995,9,Hero,0.9419119358062744,1.0
1493,3.7,-6.3,13,Hero,0.6118353960158017,1.0
1494,4.4,-5.6,6,Hero,0.6505759730935097,1.0
1495,4.4,-5.6,6,Hero,0.6765798330307007,1.0
1496,4.300000000000001,-5.699999999999999,7,Hero,0.7376746024404254,1.0
1497,4.2,-5.8,8,Hero,0.8047540541738272,1.0
1498,4.5,-5.5,5,Hero,0.9881026148796082,1.0
1499,4.300000000000001,-5.699999999999999,7,Hero,0.7205551266670227,1.0
1500,4.0,-6.0,10,Hero,0.7827523894608021,1.0
1501,4.1000000000000005,-5.8999999999999995,9,Hero,0.9912531971931458,1.0
1502,4.1000000000000005,-5.8999999999999995,9,Hero,0.6937516927719116,1.0
1503,3.8000000000000007,-6.199999999999999,12,Hero,0.7018990193804105,1.0
1504,4.300000000000001,-5.699999999999999,7,Hero,0.7607831614358085,1.0
1505,4.1000000000000005,-5.8999999999999995,9,Hero,0.9015118612183465,1.0
1506,4.2,-5.8,8,Hero,0.7207172606140375,1.0
1507,2.9,-7.1,21,Hero,0.5869350599213725,1.0
1508,4.1000000000000005,-5.8999999999999995,9,Hero,0.659192187918557,1.0
1509,4.1000000000000005,-5.8999999999999995,9,Hero,0.8021549979845682,1.0
1510,3.7,-6.3,13,Hero,0.7636801600456238,1.0
1511,3.3,-6.7,17,Hero,0.6764552435454201,1.0
1512,3.4000000000000004,-6.6,16,Hero,0.6466744889039546,1.0
1513,3.9000000000000004,-6.1,11,Hero,0.8558665107597004,1.0
1514,4.4,-5.6,6,Hero,0.6313689450422922,1.0
1515,4.9,-5.1,1,Hero,0.7889707684516907,1.0
1516,4.7,-5.3,3,Hero,0.7014208932717642,1.0
1517,3.7,-6.3,13,Hero,0.5559572864037293,1.0
1518,4.4,-5.6,6,Hero,0.8270055800676346,1.0
1519,3.7,-6.3,13,Hero,0.6647529921566064,1.0
1520,3.9000000000000004,-6.1,11,Hero,0.8609885410829023,1.0
1521,4.6000000000000005,-5.3999999999999995,4,Hero,0.7269139438867569,1.0
1522,4.1000000000000005,-5.8999999999999995,9,Hero,0.8984870380825467,1.0
1523,4.2,-5.8,8,Hero,0.5898353680968285,1.0
1524,4.9,-5.1,1,Hero,0.8959057331085205,1.0
1525,4.300000000000001,-5.699999999999999,7,Hero,0.5483702506337848,1.0
1526,3.9000000000000004,-6.1,11,Hero,0.6954421103000641,1.0
1527,4.0,-6.0,10,Hero,0.8877395272254944,1.0
1528,4.5,-5.5,5,Hero,0.829415363073349,1.0
1529,3.5,-6.5,15,Hero,0.673711109161377,1.0
1530,4.4,-5.6,6,Hero,0.9850734273592631,1.0
1531,4.4,-5.6,6,Hero,0.7119254767894745,1.0
1532,3.7,-6.3,13,Hero,0.7665715836561643,1.0
1533,3.6000000000000005,-6.3999999999999995,14,Hero,0.7082802823611668,1.0
1534,4.4,-5.6,6,Hero,0.9734914799531301,1.0
1535,4.4,-5.6,6,Hero,0.8225821778178215,1.0
1536,4.1000000000000005,-5.8999999999999995,9,Hero,0.7252626021703085,1.0
1537,3.8000000000000007,-6.199999999999999,12,Hero,0.6364270575965444,1.0
1538,3.5,-6.5,15,Hero,0.6952941884597142,1.0
1539,4.5,-5.5,5,Hero,0.7487712502479553,1.0
1540,-5.199999999999999,4.800000000000001,2,Villain,0.4099601283669472,1.0
1541,3.8000000000000007,-6.199999999999999,12,Hero,0.6781763220205903,1.0
1542,4.4,-5.6,6,Hero,0.7404545197884241,1.0
1543,3.7,-6.3,13,Hero,0.6871100343190707,1.0
1544,4.2,-5.8,8,Hero,0.841027058660984,1.0
1545,4.4,-5.6,6,Hero,0.731935977935791,1.0
1546,4.7,-5.3,3,Hero,0.717281848192215,1.0
1547,3.4000000000000004,-6.6,16,Hero,0.647656783927232,1.0
1548,3.8000000000000007,-6.199999999999999,12,Hero,0.6911383885890245,1.0
1549,4.7,-5.3,3,Hero,0.8991276621818542,1.0
1550,4.5,-5.5,5,Hero,0.9766882658004761,1.0
1551,4.5,-5.5,5,Hero,0.9019018292427063,1.0
1552,4.1000000000000005,-5.8999999999999995,9,Hero,0.922140896320343,1.0
1553,-5.199999999999999,4.800000000000001,2,Villain,0.9065371751785278,1.0
1554,4.0,-6.0,10,Hero,0.5908909915015101,1.0
1555,4.1000000000000005,-5.8999999999999995,9,Hero,0.9305384291542901,1.0
1556,4.5,-5.5,5,Hero,0.7938425615429878,1.0
1557,4.5,-5.5,5,Hero,0.756300413608551,1.0
1558,4.4,-5.6,6,Hero,0.8077913473049799,1.0
1559,4.1000000000000005,-5.8999999999999995,9,Hero,0.6189897954463959,1.0
1560,3.3,-6.7,17,Hero,0.6882375180721283,1.0
1561,4.800000000000001,-5.199999999999999,2,Hero,0.9321885406970978,1.0
1562,3.8000000000000007,-6.199999999999999,12,Hero,0.7516308103998502,1.0
1563,3.4000000000000004,-6.6,16,Hero,0.6086678635329008,1.0
1564,3.7,-6.3,13,Hero,0.7363668705981511,1.0
1565,4.1000000000000005,-5.8999999999999995,9,Hero,0.7943928937117258,1.0
1566,4.2,-5.8,8,Hero,0.9024334847927094,1.0
1567,4.7,-5.3,3,Hero,0.6184526781241099,1.0
1568,4.4,-5.6,6,Hero,0.9366585512955984,1.0
1569,4.0,-6.0,10,Hero,0.7896437376737595,1.0
1570,4.7,-5.3,3,Hero,0.6345010201136271,1.0
1571,3.4000000000000004,-6.6,16,Hero,0.615552082657814,1.0
1572,3.8000000000000007,-6.199999999999999,12,Hero,0.7274090672532717,1.0
1573,4.4,-5.6,6,Hero,0.6636398086945215,1.0
1574,4.800000000000001,-5.199999999999999,2,Hero,0.8868403732776642,1.0
1575,4.300000000000001,-5.699999999999999,7,Hero,0.7134399243763515,1.0
1576,4.5,-5.5,5,Hero,0.6067716658115387,1.0
1577,4.0,-6.0,10,Hero,0.7074612021446228,1.0
1578,-5.1,4.9,1,Villain,0.9508175849914551,1.0
1579,3.7,-6.3,13,Hero,0.6364922592273126,1.0
1580,3.7,-6.3,13,Hero,0.6787361468260105,1.0
1581,4.0,-6.0,10,Hero,0.5808730907738209,1.0
1582,4.1000000000000005,-5.8999999999999995,9,Hero,0.7835398183928596,1.0
1583,4.1000000000000005,-5.8999999999999995,9,Hero,0.7956306272082858,1.0
1584,4.2,-5.8,8,Hero,0.7085717637091875,1.0
1585,4.300000000000001,-5.699999999999999,7,Hero,0.8605719208717346,1.0
1586,4.1000000000000005,-5.8999999999999995,9,Hero,0.6892958813243442,1.0
1587,3.4000000000000004,-6.6,16,Hero,0.645303575322032,1.0
1588,4.1000000000000005,-5.8999999999999995,9,Hero,0.7342445254325867,1.0
1589,3.0,-7.0,20,Hero,0.5654145315289497,1.0
1590,4.2,-5.8,8,Hero,0.7373604401946068,1.0
1591,3.7,-6.3,13,Hero,0.6883800092798013,1.0
1592,4.4,-5.6,6,Hero,0.8573402762413025,1.0
1593,4.0,-6.0,10,Hero,0.8419754207134247,1.0
1594,3.3,-6.7,17,Hero,0.5894428456530851,1.0
1595,3.9000000000000004,-6.1,11,Hero,0.6420805102044885,1.0
1596,4.1000000000000005,-5.8999999999999995,9,Hero,0.8782913684844971,1.0
1597,4.1000000000000005,-5.8999999999999995,9,Hero,0.7203746222787433,1.0
1598,3.3,-6.7,17,Hero,0.6667370314107222,1.0
1599,4.5,-5.5,5,Hero,0.6397185400128365,1.0
1600,4.800000000000001,-5.199999999999999,2,Hero,0.8406829833984375,1.0
1601,3.2,-6.8,18,Hero,0.6807009759876463,1.0
1602,3.4000000000000004,-6.6,16,Hero,0.8059491869062185,1.0
1603,4.2,-5.8,8,Hero,0.7018943820148706,1.0
1604,4.2,-5.8,8,Hero,0.671456977725029,1.0
1605,4.0,-6.0,10,Hero,0.7945133000612259,1.0
1606,4.4,-5.6,6,Hero,0.803924356897672,1.0
1607,4.9,-5.1,1,Hero,0.808822751045227,1.0
1608,3.0999999999999996,-6.9,19,Hero,0.6335960967760337,1.0
1609,4.300000000000001,-5.699999999999999,7,Hero,0.8606716309274945,1.0
1610,4.300000000000001,-5.699999999999999,7,Hero,0.771855069058282,1.0
1611,4.300000000000001,-5.699999999999999,7,Hero,0.7024106468473162,1.0
1612,4.9,-5.1,1,Hero,0.9443206191062927,1.0
1613,3.9000000000000004,-6.1,11,Hero,0.7387009588154879,1.0
1614,4.1000000000000005,-5.8999999999999995,9,Hero,0.8356054292784797,1.0
1615,4.2,-5.8,8,Hero,0.7522887140512466,1.0
1616,3.4000000000000004,-6.6,16,Hero,0.6349924290552735,1.0
1617,3.4000000000000004,-6.6,16,Hero,0.6684037512168288,1.0
1618,3.7,-6.3,13,Hero,0.6613037047477869,1.0
1619,3.9000000000000004,-6.1,11,Hero,0.6618836738846519,1.0
1620,4.800000000000001,-5.199999999999999,2,Hero,0.932055801153183,1.0
1621,3.0,-7.0,20,Hero,0.6437368534505368,1.0
1622,4.7,-5.3,3,Hero,0.7216662466526031,1.0
1623,4.0,-6.0,10,Hero,0.694753322005272,1.0
1624,4.2,-5.8,8,Hero,0.8949166685342789,1.0
1625,4.0,-6.0,10,Hero,0.83992780148983,1.0
1626,4.0,-6.0,10,Hero,0.6566588476300239,1.0
1627,4.0,-6.0,10,Hero,0.8006022125482559,1.0
1628,4.1000000000000005,-5.8999999999999995,9,Hero,0.7297805117236243,1.0
1629,4.4,-5.6,6,Hero,0.7056430031855901,1.0
1630,4.0,-6.0,10,Hero,0.6738457896368345,1.0
1631,4.2,-5.8,8,Hero,0.9752089604735374,1.0
1632,3.6000000000000005,-6.3999999999999995,14,Hero,0.7304411807230541,1.0
1633,3.9000000000000004,-6.1,11,Hero,0.7276098213412545,1.0
1634,4.800000000000001,-5.199999999999999,2,Hero,0.9087251722812653,1.0
1635,4.2,-5.8,8,Hero,0.7571191601455212,1.0
1636,3.6000000000000005,-6.3999999999999995,14,Hero,0.6893274911812374,1.0
1637,4.1000000000000005,-5.8999999999999995,9,Hero,0.512256323463387,1.0
1638,4.0,-6.0,10,Hero,0.5616245433688164,1.0
1639,4.300000000000001,-5.699999999999999,7,Hero,0.8303041713578361,1.0
1640,4.5,-5.5,5,Hero,0.9696455836296082,1.0
1641,4.1000000000000005,-5.8999999999999995,9,Hero,0.7160847526457574,1.0
1642,4.5,-5.5,5,Hero,0.6631691038608551,1.0
1643,4.300000000000001,-5.699999999999999,7,Hero,0.7228971677167075,1.0
1644,3.5,-6.5,15,Hero,0.6571283121903737,1.0
1645,3.8000000000000007,-6.199999999999999,12,Hero,0.6222919374704361,1.0
1646,4.4,-5.6,6,Hero,0.6575837062361339,1.0
1647,4.0,-6.0,10,Hero,0.7369800060987473,1.0
1648,3.8000000000000007,-6.199999999999999,12,Hero,0.6213961442311605,1.0
1649,4.4,-5.6,6,Hero,0.6492185583338141,1.0
1650,3.0999999999999996,-6.9,19,Hero,0.6774666497581884,1.0
1651,3.4000000000000004,-6.6,16,Hero,0.6582004700321704,1.0
1652,3.7,-6.3,13,Hero,0.7032431788169421,1.0
1653,3.5,-6.5,15,Hero,0.6384732802708943,1.0
1654,4.2,-5.8,8,Hero,0.7343013696372509,1.0
1655,4.6000000000000005,-5.3999999999999995,4,Hero,0.6017955914139748,1.0
1656,3.5,-6.5,15,Hero,0.6507985234260559,1.0
1657,4.0,-6.0,10,Hero,0.7375954627990723,1.0
1658,4.1000000000000005,-5.8999999999999995,9,Hero,0.6212454173300002,1.0
1659,4.1000000000000005,-5.8999999999999995,9,Hero,0.7064156962765588,1.0
1660,4.1000000000000005,-5.8999999999999995,9,Hero,0.7570733858479394,1.0
1661,3.9000000000000004,-6.1,11,Hero,0.8729174489324744,1.0
1662,4.6000000000000005,-5.3999999999999995,4,Hero,0.7563845664262772,1.0
1663,4.6000000000000005,-5.3999999999999995,4,Hero,0.9838889390230179,1.0
1664,3.4000000000000004,-6.6,16,Hero,0.6786526953801513,1.0
1665,4.6000000000000005,-5.3999999999999995,4,Hero,0.9832477569580078,1.0
1666,3.8000000000000007,-6.199999999999999,12,Hero,0.6673072228829066,1.0
1667,3.4000000000000004,-6.6,16,Hero,0.7116985162720084,1.0
1668,4.800000000000001,-5.199999999999999,2,Hero,0.9526935517787933,1.0
1669,3.7,-6.3,13,Hero,0.6717670903756068,1.0
1670,3.4000000000000004,-6.6,16,Hero,0.6562195103615522,1.0
1671,3.9000000000000004,-6.1,11,Hero,0.7551674707369371,1.0
1672,4.300000000000001,-5.699999999999999,7,Hero,0.6739965634686607,1.0
1673,4.7,-5.3,3,Hero,0.7924124995867411,1.0
1674,4.1000000000000005,-5.8999999999999995,9,Hero,0.9124542938338386,1.0
1675,4.5,-5.5,5,Hero,0.6664511978626251,1.0
1676,4.300000000000001,-5.699999999999999,7,Hero,0.8278053126164845,1.0
1677,3.0999999999999996,-6.9,19,Hero,0.580268694087863,1.0
1678,4.2,-5.8,8,Hero,0.7622398622334003,1.0
1679,-5.199999999999999,4.800000000000001,2,Villain,0.9954789876937866,1.0
1680,4.9,-5.1,1,Hero,0.9008192420005798,1.0
1681,3.9000000000000004,-6.1,11,Hero,0.6883240247314627,1.0
1682,3.9000000000000004,-6.1,11,Hero,0.6947176944125782,1.0
1683,4.1000000000000005,-5.8999999999999995,9,Hero,0.7187148763073815,1.0
1684,3.6000000000000005,-6.3999999999999995,14,Hero,0.6759228850049632,1.0
1685,4.800000000000001,-5.199999999999999,2,Hero,0.2723619118332863,1.0
1686,3.9000000000000004,-6.1,11,Hero,0.661082935392518,1.0
1687,4.0,-6.0,10,Hero,0.7855223655700684,1.0
1688,4.4,-5.6,6,Hero,0.7117485453685125,1.0
1689,3.9000000000000004,-6.1,11,Hero,0.6986754540015351,1.0
1690,3.6000000000000005,-6.3999999999999995,14,Hero,0.763915427295225,1.0
1691,4.9,-5.1,1,Hero,0.9487528204917908,1.0
1692,4.0,-6.0,10,Hero,0.8267832815647125,1.0
1693,4.1000000000000005,-5.8999999999999995,9,Hero,0.7220958173274994,1.0
1694,4.1000000000000005,-5.8999999999999995,9,Hero,0.7193180686897702,1.0
1695,4.5,-5.5,5,Hero,0.793128626793623,1.0
1696,4.2,-5.8,8,Hero,0.9858144819736481,1.0
1697,3.8000000000000007,-6.199999999999999,12,Hero,0.7508448163668314,1.0
1698,4.4,-5.6,6,Hero,0.9798677464326223,1.0
1699,4.2,-5.8,8,Hero,0.6225763773545623,1.0
1700,3.3,-6.7,17,Hero,0.6307337038657245,1.0
1701,4.0,-6.0,10,Hero,0.7258157104253768,1.0
1702,3.8000000000000007,-6.199999999999999,12,Hero,0.7351671010255814,1.0
1703,3.8000000000000007,-6.199999999999999,12,Hero,0.6408455713341633,1.0
1704,4.300000000000001,-5.699999999999999,7,Hero,0.6449628855500903,1.0
1705,4.300000000000001,-5.699999999999999,7,Hero,0.6553486926215035,1.0
1706,3.9000000000000004,-6.1,11,Hero,0.6504861360246484,1.0
1707,3.8000000000000007,-6.199999999999999,12,Hero,0.7438202475508054,1.0
1708,4.1000000000000005,-5.8999999999999995,9,Hero,0.866340266333686,1.0
1709,4.6000000000000005,-5.3999999999999995,4,Hero,0.4673181790858507,1.0
1710,4.4,-5.6,6,Hero,0.8026781789958477,1.0
1711,4.2,-5.8,8,Hero,0.6618194915354252,1.0
1712,3.9000000000000004,-6.1,11,Hero,0.8690944097258828,1.0
1713,3.8000000000000007,-6.199999999999999,12,Hero,0.8217222914099693,1.0
1714,4.4,-5.6,6,Hero,0.9493067065874735,1.0
1715,4.0,-6.0,10,Hero,0.7388007253408432,1.0
1716,4.6000000000000005,-5.3999999999999995,4,Hero,0.7438195049762726,1.0
1717,4.2,-5.8,8,Hero,0.5997465513646603,1.0
1718,-5.1,4.9,1,Villain,0.16883504390716553,1.0
1719,3.5,-6.5,15,Hero,0.6915718068679174,1.0
1720,3.0,-7.0,20,Hero,0.6383771842345596,1.0
1721,4.6000000000000005,-5.3999999999999995,4,Hero,0.9988173544406891,1.0
1722,3.3,-6.7,17,Hero,0.7886261856731247,1.0
1723,2.6999999999999997,-7.300000000000001,23,Hero,0.7550040622768195,1.0
1724,2.5999999999999996,-7.4,24,Hero,0.7161912553322812,1.0
1725,3.3,-6.7,17,Hero,0.7821054324945983,1.0
1726,3.4000000000000004,-6.6,16,Hero,0.6400762293487787,1.0
1727,2.2999999999999994,-7.700000000000001,27,Hero,0.8378501131578728,1.0
1728,3.7,-6.3,13,Hero,0.6181461289525032,1.0
1729,3.3,-6.7,17,Hero,0.8420667446711484,1.0
1730,4.300000000000001,-5.699999999999999,7,Hero,0.9974370769092015,1.0
1731,3.2,-6.8,18,Hero,0.6675913273356855,1.0
1732,3.4000000000000004,-6.6,16,Hero,0.7213462013751268,1.0
1733,3.9000000000000004,-6.1,11,Hero,0.6550174477425489,1.0
1734,3.8000000000000007,-6.199999999999999,12,Hero,0.7503961821397146,1.0
1735,2.9,-7.1,21,Hero,0.6956967232482774,1.0
1736,3.5,-6.5,15,Hero,0.857915394504865,1.0
1737,3.6000000000000005,-6.3999999999999995,14,Hero,0.6612109057605267,1.0
1738,4.0,-6.0,10,Hero,0.7843377858400344,1.0
1739,4.5,-5.5,5,Hero,0.9883863687515259,1.0
1740,3.7,-6.3,13,Hero,0.6975937004272754,1.0
1741,3.8000000000000007,-6.199999999999999,12,Hero,0.6692880541086197,1.0
1742,4.0,-6.0,10,Hero,0.8236837536096573,1.0
1743,3.4000000000000004,-6.6,16,Hero,0.8015519557520747,1.0
1744,4.6000000000000005,-5.3999999999999995,4,Hero,0.6449722498655319,1.0
1745,3.4000000000000004,-6.6,16,Hero,0.6523010079108644,1.0
1746,4.2,-5.8,8,Hero,0.8601081147789955,1.0
1747,4.0,-6.0,10,Hero,0.8374605298042297,1.0
1748,4.1000000000000005,-5.8999999999999995,9,Hero,0.8292547166347504,1.0
1749,4.2,-5.8,8,Hero,0.8319090437144041,1.0
1750,4.1000000000000005,-5.8999999999999995,9,Hero,0.8836887553334236,1.0
1751,4.9,-5.1,1,Hero,0.9447856545448303,1.0
1752,3.7,-6.3,13,Hero,0.7344708740711212,1.0
1753,4.300000000000001,-5.699999999999999,7,Hero,0.7573384291359356,1.0
1754,3.5,-6.5,15,Hero,0.8313947637875875,1.0
1755,3.7,-6.3,13,Hero,0.773054668536553,1.0
1756,3.0999999999999996,-6.9,19,Hero,0.5943784059858636,1.0
1757,3.9000000000000004,-6.1,11,Hero,0.7315114140510559,1.0
1758,4.5,-5.5,5,Hero,0.6157244443893433,1.0
1759,-5.199999999999999,4.800000000000001,2,Villain,0.9634211957454681,1.0
1760,4.1000000000000005,-5.8999999999999995,9,Hero,0.7174628757768207,1.0
1761,3.4000000000000004,-6.6,16,Hero,0.6405491409823298,1.0
1762,4.4,-5.6,6,Hero,0.8119140913089117,1.0
1763,3.7,-6.3,13,Hero,0.7626009537623479,1.0
1764,3.6000000000000005,-6.3999999999999995,14,Hero,0.6821132728031704,1.0
1765,3.7,-6.3,13,Hero,0.767935404410729,1.0
1766,3.8000000000000007,-6.199999999999999,12,Hero,0.7646117260058721,1.0
1767,4.5,-5.5,5,Hero,0.9315251708030701,1.0
1768,3.6000000000000005,-6.3999999999999995,14,Hero,0.6969550400972366,1.0
1769,3.7,-6.3,13,Hero,0.7765054614641346,1.0
1770,-5.199999999999999,4.800000000000001,2,Villain,0.4936852529644966,1.0
1771,4.1000000000000005,-5.8999999999999995,9,Hero,0.8161995725499259,1.0
1772,3.9000000000000004,-6.1,11,Hero,0.8176620494235646,1.0
1773,4.0,-6.0,10,Hero,0.8626454710960388,1.0
1774,4.2,-5.8,8,Hero,0.6955121196806431,1.0
1775,4.7,-5.3,3,Hero,0.7267878452936808,1.0
1776,4.2,-5.8,8,Hero,0.7877160478383303,1.0
1777,3.8000000000000007,-6.199999999999999,12,Hero,0.7958928843339285,1.0
1778,4.300000000000001,-5.699999999999999,7,Hero,0.6776657359940665,1.0
1779,3.8000000000000007,-6.199999999999999,12,Hero,0.7383285723626614,1.0
1780,4.2,-5.8,8,Hero,0.8895255476236343,1.0
1781,4.1000000000000005,-5.8999999999999995,9,Hero,0.768447601960765,1.0
1782,3.8000000000000007,-6.199999999999999,12,Hero,0.8129913831750551,1.0
1783,3.9000000000000004,-6.1,11,Hero,0.7907355305823413,1.0
1784,4.0,-6.0,10,Hero,0.9090034484863281,1.0
1785,4.5,-5.5,5,Hero,0.7692753210663795,1.0
1786,4.1000000000000005,-5.8999999999999995,9,Hero,0.8492788010173373,1.0
1787,4.0,-6.0,10,Hero,0.7105994716286659,1.0
1788,4.1000000000000005,-5.8999999999999995,9,Hero,0.8286276691489749,1.0
1789,3.0,-7.0,20,Hero,0.6258010095916688,1.0
1790,4.2,-5.8,8,Hero,0.8878767043352127,1.0
1791,4.2,-5.8,8,Hero,0.8935487940907478,1.0
1792,4.2,-5.8,8,Hero,0.8457455337047577,1.0
1793,4.5,-5.5,5,Hero,0.8595084547996521,1.0
1794,3.9000000000000004,-6.1,11,Hero,0.8318107520992105,1.0
1795,3.8000000000000007,-6.199999999999999,12,Hero,0.691168504456679,1.0
1796,3.9000000000000004,-6.1,11,Hero,0.7120535739443519,1.0
1797,4.2,-5.8,8,Hero,0.8224244490265846,1.0
1798,4.1000000000000005,-5.8999999999999995,9,Hero,0.7606226768758562,1.0
1799,3.2,-6.8,18,Hero,0.6687111895945337,1.0
1800,3.9000000000000004,-6.1,11,Hero,0.7337074306878176,1.0
1801,4.1000000000000005,-5.8999999999999995,9,Hero,0.7579620033502579,1.0
1802,4.4,-5.6,6,Hero,0.8789469997088114,1.0
1803,3.9000000000000004,-6.1,11,Hero,0.9254024516452443,1.0
1804,3.4000000000000004,-6.6,16,Hero,0.7775571933016181,1.0
1805,3.8000000000000007,-6.199999999999999,12,Hero,0.794057585299015,1.0
1806,3.9000000000000004,-6.1,11,Hero,0.6634539853442799,1.0
1807,4.1000000000000005,-5.8999999999999995,9,Hero,0.8114797075589498,1.0
1808,4.1000000000000005,-5.8999999999999995,9,Hero,0.935578445593516,1.0
1809,4.0,-6.0,10,Hero,0.8887561209499836,1.0
1810,3.7,-6.3,13,Hero,0.7334248446501218,1.0
1811,4.6000000000000005,-5.3999999999999995,4,Hero,0.7135236710309982,1.0
1812,4.9,-5.1,1,Hero,0.9997913241386414,1.0
1813,4.1000000000000005,-5.8999999999999995,9,Hero,0.8852948546409607,1.0
1814,-5.199999999999999,4.800000000000001,2,Villain,0.9994745850563049,1.0
1815,4.2,-5.8,8,Hero,0.7952972985804081,1.0
1816,3.8000000000000007,-6.199999999999999,12,Hero,0.7161253169178963,1.0
1817,4.4,-5.6,6,Hero,0.7451889564593633,1.0
1818,4.5,-5.5,5,Hero,0.9823661327362061,1.0
1819,4.0,-6.0,10,Hero,0.81707643866539,1.0
1820,4.4,-5.6,6,Hero,0.7746540407339731,1.0
1821,4.0,-6.0,10,Hero,0.9310861587524414,1.0
1822,3.9000000000000004,-6.1,11,Hero,0.8846573341976512,1.0
1823,4.0,-6.0,10,Hero,0.8455556973814964,1.0
1824,3.6000000000000005,-6.3999999999999995,14,Hero,0.7642408423790974,1.0
1825,3.7,-6.3,13,Hero,0.6301863674934094,1.0
1826,4.1000000000000005,-5.8999999999999995,9,Hero,0.6534630888038211,1.0
1827,3.9000000000000004,-6.1,11,Hero,0.8973678824576464,1.0
1828,4.1000000000000005,-5.8999999999999995,9,Hero,0.9427307115660774,1.0
1829,3.5,-6.5,15,Hero,0.757989517475168,1.0
1830,4.1000000000000005,-5.8999999999999995,9,Hero,0.8005566795667013,1.0
1831,3.9000000000000004,-6.1,11,Hero,0.7625000964511525,1.0
1832,4.2,-5.8,8,Hero,0.9393344670534134,1.0
1833,3.9000000000000004,-6.1,11,Hero,0.7557812468572096,1.0
1834,4.2,-5.8,8,Hero,0.8078762516379356,1.0
1835,4.300000000000001,-5.699999999999999,7,Hero,0.9893904158047268,1.0
1836,3.5,-6.5,15,Hero,0.7219276229540507,1.0
1837,4.0,-6.0,10,Hero,0.868075680732727,1.0
1838,3.9000000000000004,-6.1,11,Hero,0.7613895210352811,1.0
1839,3.3,-6.7,17,Hero,0.6221653911120751,1.0
1840,4.6000000000000005,-5.3999999999999995,4,Hero,0.7891391068696976,1.0
1841,3.8000000000000007,-6.199999999999999,12,Hero,0.72912489498655,1.0
1842,4.1000000000000005,-5.8999999999999995,9,Hero,0.8657901585102081,1.0
1843,4.1000000000000005,-5.8999999999999995,9,Hero,0.7975791825188531,1.0
1844,4.0,-6.0,10,Hero,0.8374780595302582,1.0
1845,3.5,-6.5,15,Hero,0.7788105487823487,1.0
1846,3.8000000000000007,-6.199999999999999,12,Hero,0.642321327701211,1.0
1847,4.300000000000001,-5.699999999999999,7,Hero,0.7310778796672821,1.0
1848,4.5,-5.5,5,Hero,0.8542243123054505,1.0
1849,4.5,-5.5,5,Hero,0.9871309280395508,1.0
1850,4.800000000000001,-5.199999999999999,2,Hero,0.9949747025966644,1.0
1851,3.5,-6.5,15,Hero,0.661609360575676,1.0
1852,3.2,-6.8,18,Hero,0.7363313279218144,1.0
1853,3.7,-6.3,13,Hero,0.7486168020046674,1.0
1854,4.800000000000001,-5.199999999999999,2,Hero,0.9725261330604553,1.0
1855,3.9000000000000004,-6.1,11,Hero,0.8592962432991375,1.0
1856,3.7,-6.3,13,Hero,0.7773470488878397,1.0
1857,3.7,-6.3,13,Hero,0.8055563030334619,1.0
1858,3.6000000000000005,-6.3999999999999995,14,Hero,0.7536957966429847,1.0
1859,-5.199999999999999,4.800000000000001,2,Villain,0.46922046318650246,1.0
1860,4.1000000000000005,-5.8999999999999995,9,Hero,0.8315126630995009,1.0
1861,3.9000000000000004,-6.1,11,Hero,0.809101478620009,1.0
1862,3.0999999999999996,-6.9,19,Hero,0.6727748497046138,1.0
1863,3.9000000000000004,-6.1,11,Hero,0.770267204804854,1.0
1864,4.6000000000000005,-5.3999999999999995,4,Hero,0.7940866947174072,1.0
1865,4.1000000000000005,-5.8999999999999995,9,Hero,0.7937051686975691,1.0
1866,4.1000000000000005,-5.8999999999999995,9,Hero,0.6847865780194601,1.0
1867,4.300000000000001,-5.699999999999999,7,Hero,0.668450476867812,1.0
1868,4.300000000000001,-5.699999999999999,7,Hero,0.6557677579777581,1.0
1869,3.8000000000000007,-6.199999999999999,12,Hero,0.7911704724344114,1.0
1870,3.7,-6.3,13,Hero,0.7447408506503472,1.0
1871,4.1000000000000005,-5.8999999999999995,9,Hero,0.8972733947965834,1.0
1872,3.5,-6.5,15,Hero,0.6907655914624532,1.0
1873,4.5,-5.5,5,Hero,0.9495039463043213,1.0
1874,4.1000000000000005,-5.8999999999999995,9,Hero,0.9002578920788236,1.0
1875,4.2,-5.8,8,Hero,0.6581684798002243,1.0
1876,4.5,-5.5,5,Hero,0.8467745184898376,1.0
1877,4.4,-5.6,6,Hero,0.7813969900210699,1.0
1878,-5.199999999999999,4.800000000000001,2,Villain,0.9615595042705536,1.0
1879,4.300000000000001,-5.699999999999999,7,Hero,0.749166556767055,1.0
1880,3.9000000000000004,-6.1,11,Hero,0.8057147887620059,1.0
1881,4.2,-5.8,8,Hero,0.726891053840518,1.0
1882,4.7,-5.3,3,Hero,0.9512214859326681,1.0
1883,3.9000000000000004,-6.1,11,Hero,0.8596251796592366,1.0
1884,4.7,-5.3,3,Hero,0.7085412939389547,1.0
1885,4.5,-5.5,5,Hero,0.9866565108299256,1.0
1886,4.0,-6.0,10,Hero,0.9098070830106735,1.0
1887,4.300000000000001,-5.699999999999999,7,Hero,0.8976892232894897,1.0
1888,3.7,-6.3,13,Hero,0.7492663504985663,1.0
1889,4.1000000000000005,-5.8999999999999995,9,Hero,0.9917746782302856,1.0
1890,4.1000000000000005,-5.8999999999999995,9,Hero,0.9350317186779447,1.0
1891,4.6000000000000005,-5.3999999999999995,4,Hero,0.8317480236291885,1.0
1892,3.2,-6.8,18,Hero,0.7445351456602415,1.0
1893,4.300000000000001,-5.699999999999999,7,Hero,0.688454657793045,1.0
1894,4.0,-6.0,10,Hero,0.7857728660106659,1.0
1895,3.7,-6.3,13,Hero,0.6898492643466363,1.0
1896,4.2,-5.8,8,Hero,0.872002400457859,1.0
1897,4.6000000000000005,-5.3999999999999995,4,Hero,0.9703465551137924,1.0
1898,4.1000000000000005,-5.8999999999999995,9,Hero,0.9339237941635979,1.0
1899,3.7,-6.3,13,Hero,0.7710809317918924,1.0
1900,4.300000000000001,-5.699999999999999,7,Hero,0.7660637540476662,1.0
1901,3.4000000000000004,-6.6,16,Hero,0.7795576374046504,1.0
1902,3.3,-6.7,17,Hero,0.6350054138285273,1.0
1903,4.0,-6.0,10,Hero,0.8946224540472031,1.0
1904,3.7,-6.3,13,Hero,0.837918773580056,1.0
1905,4.6000000000000005,-5.3999999999999995,4,Hero,0.9996207803487778,1.0
1906,4.2,-5.8,8,Hero,0.9053281471133232,1.0
1907,3.9000000000000004,-6.1,11,Hero,0.9431123787706549,1.0
1908,4.2,-5.8,8,Hero,0.8692053481936455,1.0
1909,4.2,-5.8,8,Hero,0.9019608050584793,1.0
1910,4.2,-5.8,8,Hero,0.7752675600349903,1.0
1911,3.5,-6.5,15,Hero,0.655903446674347,1.0
1912,4.2,-5.8,8,Hero,0.8775655925273895,1.0
1913,4.2,-5.8,8,Hero,0.9034877344965935,1.0
1914,4.9,-5.1,1,Hero,0.9950858950614929,1.0
1915,4.0,-6.0,10,Hero,0.7924854457378387,1.0
1916,3.7,-6.3,13,Hero,0.7895744053217081,1.0
1917,4.1000000000000005,-5.8999999999999995,9,Hero,0.9908742109934489,1.0
1918,4.4,-5.6,6,Hero,0.9681505163510641,1.0
1919,4.300000000000001,-5.699999999999999,7,Hero,0.9495795028550285,1.0
1920,4.0,-6.0,10,Hero,0.7929892271757126,1.0
1921,4.2,-5.8,8,Hero,0.9888309389352798,1.0
1922,3.8000000000000007,-6.199999999999999,12,Hero,0.7805793123940626,1.0
1923,4.4,-5.6,6,Hero,0.8725862205028534,1.0
1924,4.0,-6.0,10,Hero,0.7759370446205139,1.0
1925,4.1000000000000005,-5.8999999999999995,9,Hero,0.8814121203290092,1.0
1926,-5.199999999999999,4.800000000000001,2,Villain,0.9967633783817291,1.0
1927,4.4,-5.6,6,Hero,0.9032711784044901,1.0
1928,4.4,-5.6,6,Hero,0.8400227427482605,1.0
1929,4.300000000000001,-5.699999999999999,7,Hero,0.7637374911989484,1.0
1930,3.5,-6.5,15,Hero,0.7179148440559705,1.0
1931,4.5,-5.5,5,Hero,0.7727889984846115,1.0
1932,3.8000000000000007,-6.199999999999999,12,Hero,0.6649095366398493,1.0
1933,3.5,-6.5,15,Hero,0.7050542692343394,1.0
1934,4.300000000000001,-5.699999999999999,7,Hero,0.7184023175920758,1.0
1935,3.8000000000000007,-6.199999999999999,12,Hero,0.7495650053024292,1.0
1936,4.0,-6.0,10,Hero,0.9153598964214325,1.0
1937,3.8000000000000007,-6.199999999999999,12,Hero,0.7371119322876135,1.0
1938,4.4,-5.6,6,Hero,0.8558383385340372,1.0
1939,4.1000000000000005,-5.8999999999999995,9,Hero,0.8189213309023116,1.0
1940,3.8000000000000007,-6.199999999999999,12,Hero,0.704508475959301,1.0
1941,3.6000000000000005,-6.3999999999999995,14,Hero,0.6697978058031627,1.0
1942,4.1000000000000005,-5.8999999999999995,9,Hero,0.9039014246728685,1.0
1943,4.1000000000000005,-5.8999999999999995,9,Hero,0.8603895902633667,1.0
1944,4.2,-5.8,8,Hero,0.7381426990032196,1.0
1945,4.0,-6.0,10,Hero,0.7650393337011338,1.0
1946,3.7,-6.3,13,Hero,0.7736456336883398,1.0
1947,4.5,-5.5,5,Hero,0.8455128014087677,1.0
1948,4.0,-6.0,10,Hero,0.6633704543113709,1.0
1949,4.5,-5.5,5,Hero,0.7321492195129394,1.0
1950,3.2,-6.8,18,Hero,0.6511542787257996,1.0
1951,3.6000000000000005,-6.3999999999999995,14,Hero,0.7326259166002274,1.0
1952,4.1000000000000005,-5.8999999999999995,9,Hero,0.8408349619971381,1.0
1953,3.9000000000000004,-6.1,11,Hero,0.9330455227331682,1.0
1954,4.0,-6.0,10,Hero,0.866580656170845,1.0
1955,3.7,-6.3,13,Hero,0.6639036799852664,1.0
1956,4.0,-6.0,10,Hero,0.8317328870296479,1.0
1957,3.5,-6.5,15,Hero,0.6345045971373717,1.0
1958,3.9000000000000004,-6.1,11,Hero,0.7905932366847992,1.0
1959,4.300000000000001,-5.699999999999999,7,Hero,0.9707866311073303,1.0
1960,3.6000000000000005,-6.3999999999999995,14,Hero,0.8011531137994358,1.0
1961,3.7,-6.3,13,Hero,0.756930220585603,1.0
1962,3.6000000000000005,-6.3999999999999995,14,Hero,0.6735822473253522,1.0
1963,3.9000000000000004,-6.1,11,Hero,0.9121796813878146,1.0
1964,3.9000000000000004,-6.1,11,Hero,0.6904207684777,1.0
1965,3.4000000000000004,-6.6,16,Hero,0.8107987120747566,1.0
1966,4.0,-6.0,10,Hero,0.8652165949344635,1.0
1967,3.7,-6.3,13,Hero,0.7385985713738662,1.0
1968,3.9000000000000004,-6.1,11,Hero,0.7453870177268982,1.0
1969,3.6000000000000005,-6.3999999999999995,14,Hero,0.8213682547211647,1.0
1970,4.5,-5.5,5,Hero,0.6802017897367477,1.0
1971,4.6000000000000005,-5.3999999999999995,4,Hero,0.8499842286109924,1.0
1972,3.7,-6.3,13,Hero,0.7524905044298905,1.0
1973,4.5,-5.5,5,Hero,0.6656410217285156,1.0
1974,4.2,-5.8,8,Hero,0.6987396627664566,1.0
1975,3.7,-6.3,13,Hero,0.7828338994429662,1.0
1976,3.6000000000000005,-6.3999999999999995,14,Hero,0.7072863483003208,1.0
1977,3.6000000000000005,-6.3999999999999995,14,Hero,0.7516308043684278,1.0
1978,3.4000000000000004,-6.6,16,Hero,0.7519010491669178,1.0
1979,4.0,-6.0,10,Hero,0.7809747397899628,1.0
1980,3.7,-6.3,13,Hero,0.8436912619150602,1.0
1981,-5.3,4.7,3,Villain,0.9925132592519125,1.0
1982,3.0,-7.0,20,Hero,0.6106686159968376,1.0
1983,3.7,-6.3,13,Hero,0.796519157405083,1.0
1984,4.0,-6.0,10,Hero,0.7847573518753052,1.0
1985,3.2,-6.8,18,Hero,0.7434529662132263,1.0
1986,4.1000000000000005,-5.8999999999999995,9,Hero,0.8398203717337714,1.0
1987,4.300000000000001,-5.699999999999999,7,Hero,0.9055577516555786,1.0
1988,4.1000000000000005,-5.8999999999999995,9,Hero,0.8021142565541797,1.0
1989,4.2,-5.8,8,Hero,0.8834113460034132,1.0
1990,3.8000000000000007,-6.199999999999999,12,Hero,0.9386640588442484,1.0
1991,3.8000000000000007,-6.199999999999999,12,Hero,0.7854024413973093,1.0
1992,4.1000000000000005,-5.8999999999999995,9,Hero,0.7940622899267409,1.0
1993,4.4,-5.6,6,Hero,0.6984175890684128,1.0
1994,4.0,-6.0,10,Hero,0.8014187052845955,1.0
1995,4.4,-5.6,6,Hero,0.8466171671946844,1.0
1996,4.2,-5.8,8,Hero,0.8990605250000954,1.0
1997,4.1000000000000005,-5.8999999999999995,9,Hero,0.8864455487993028,1.0
1998,4.1000000000000005,-5.8999999999999995,9,Hero,0.879396657148997,1.0
1999,3.8000000000000007,-6.199999999999999,12,Hero,0.7860845948259035,1.0
2000,4.2,-5.8,8,Hero,0.8175138644874096,1.0
2001,3.3,-6.7,17,Hero,0.6566148159258506,1.0
2002,3.7,-6.3,13,Hero,0.8835094124078751,1.0
2003,3.8000000000000007,-6.199999999999999,12,Hero,0.7772365237275759,1.0
2004,4.6000000000000005,-5.3999999999999995,4,Hero,0.841237261891365,1.0
2005,4.7,-5.3,3,Hero,0.8725151419639587,1.0
2006,3.4000000000000004,-6.6,16,Hero,0.6779508385807276,1.0
2007,4.1000000000000005,-5.8999999999999995,9,Hero,0.5986602753400803,1.0
2008,4.1000000000000005,-5.8999999999999995,9,Hero,0.8816266258557638,1.0
2009,3.5,-6.5,15,Hero,0.7353362421194712,1.0
2010,3.9000000000000004,-6.1,11,Hero,0.8530957807194103,1.0
2011,4.9,-5.1,1,Hero,0.6488767862319946,1.0
2012,4.300000000000001,-5.699999999999999,7,Hero,0.6438433229923248,1.0
2013,4.4,-5.6,6,Hero,0.9749880234400431,1.0
2014,3.2,-6.8,18,Hero,0.8038377397590213,1.0
2015,3.7,-6.3,13,Hero,0.7863567333955032,1.0
2016,3.9000000000000004,-6.1,11,Hero,0.6590246094221418,1.0
2017,4.4,-5.6,6,Hero,0.766897663474083,1.0
2018,3.7,-6.3,13,Hero,0.7751914793535923,1.0
2019,4.1000000000000005,-5.8999999999999995,9,Hero,0.8381070560879178,1.0
2020,3.6000000000000005,-6.3999999999999995,14,Hero,0.7603757871048791,1.0
2021,4.1000000000000005,-5.8999999999999995,9,Hero,0.7696345647176107,1.0
2022,3.6000000000000005,-6.3999999999999995,14,Hero,0.6981220575315612,1.0
2023,3.6000000000000005,-6.3999999999999995,14,Hero,0.7900585170303073,1.0
2024,4.0,-6.0,10,Hero,0.7682512849569321,1.0
2025,3.7,-6.3,13,Hero,0.7756350802687498,1.0
2026,3.9000000000000004,-6.1,11,Hero,0.7752676741643385,1.0
2027,3.4000000000000004,-6.6,16,Hero,0.8400206211954355,1.0
2028,4.300000000000001,-5.699999999999999,7,Hero,0.8164135387965611,1.0
2029,3.0,-7.0,20,Hero,0.650808259099722,1.0
2030,4.0,-6.0,10,Hero,0.8221261709928512,1.0
2031,4.6000000000000005,-5.3999999999999995,4,Hero,0.7138516902923584,1.0
2032,4.1000000000000005,-5.8999999999999995,9,Hero,0.9886024329397414,1.0
2033,4.0,-6.0,10,Hero,0.889961102232337,1.0
2034,4.300000000000001,-5.699999999999999,7,Hero,0.8127109961850303,1.0
2035,3.7,-6.3,13,Hero,0.6859662635968282,1.0
2036,4.0,-6.0,10,Hero,0.8510245710611344,1.0
2037,3.3,-6.7,17,Hero,0.6049732397146085,1.0
2038,4.0,-6.0,10,Hero,0.9170506060123443,1.0
2039,-5.1,4.9,1,Villain,0.9824966192245483,1.0
2040,4.0,-6.0,10,Hero,0.8358655482530594,1.0
2041,3.9000000000000004,-6.1,11,Hero,0.8231365951624784,1.0
2042,3.9000000000000004,-6.1,11,Hero,0.740063339471817,1.0
2043,4.9,-5.1,1,Hero,0.9691141247749329,1.0
2044,4.2,-5.8,8,Hero,0.8085991367697716,1.0
2045,4.300000000000001,-5.699999999999999,7,Hero,0.8044823621000562,1.0
2046,4.0,-6.0,10,Hero,0.8443530052900314,1.0
2047,4.2,-5.8,8,Hero,0.7993846163153648,1.0
2048,3.9000000000000004,-6.1,11,Hero,0.8540071276101199,1.0
2049,-5.199999999999999,4.800000000000001,2,Villain,0.9979687035083771,1.0
2050,3.3,-6.7,17,Hero,0.732071277411545,1.0
2051,-5.199999999999999,4.800000000000001,2,Villain,0.9309138655662537,1.0
2052,4.1000000000000005,-5.8999999999999995,9,Hero,0.8191190958023071,1.0
2053,3.8000000000000007,-6.199999999999999,12,Hero,0.6666370568176111,1.0
2054,4.1000000000000005,-5.8999999999999995,9,Hero,0.7147329813904233,1.0
2055,3.9000000000000004,-6.1,11,Hero,0.8518262830647555,1.0
2056,4.0,-6.0,10,Hero,0.8178146421909332,1.0
2057,4.4,-5.6,6,Hero,0.7021260472635428,1.0
2058,4.1000000000000005,-5.8999999999999995,9,Hero,0.8999801344341702,1.0
2059,4.1000000000000005,-5.8999999999999995,9,Hero,0.6835935446951125,1.0
2060,4.9,-5.1,1,Hero,0.9435298442840576,1.0
2061,4.7,-5.3,3,Hero,0.6475303222735723,1.0
2062,4.1000000000000005,-5.8999999999999995,9,Hero,0.8962434265348647,1.0
2063,3.6000000000000005,-6.3999999999999995,14,Hero,0.6863796796117511,1.0
2064,4.4,-5.6,6,Hero,0.9207406838734945,1.0
2065,3.7,-6.3,13,Hero,0.8168543783517984,1.0
2066,4.300000000000001,-5.699999999999999,7,Hero,0.963193246296474,1.0
2067,3.9000000000000004,-6.1,11,Hero,0.8347465693950653,1.0
2068,3.8000000000000007,-6.199999999999999,12,Hero,0.7951049730181694,1.0
2069,3.7,-6.3,13,Hero,0.6846651549522693,1.0
2070,4.300000000000001,-5.699999999999999,7,Hero,0.804872667150838,1.0
2071,4.7,-5.3,3,Hero,0.9961242079734802,1.0
2072,4.0,-6.0,10,Hero,0.8111636113375426,1.0
2073,3.7,-6.3,13,Hero,0.6767514084394162,1.0
2074,4.0,-6.0,10,Hero,0.8426967591047287,1.0
2075,4.4,-5.6,6,Hero,0.644452745715777,1.0
2076,4.0,-6.0,10,Hero,0.7884586542844773,1.0
2077,4.0,-6.0,10,Hero,0.899277675151825,1.0
2078,4.4,-5.6,6,Hero,0.7575289706389109,1.0
2079,3.2,-6.8,18,Hero,0.7107769474387169,1.0
2080,4.0,-6.0,10,Hero,0.902107697725296,1.0
2081,4.2,-5.8,8,Hero,0.805034726858139,1.0
2082,4.2,-5.8,8,Hero,0.7138448879122734,1.0
2083,4.0,-6.0,10,Hero,0.825557279586792,1.0
2084,4.7,-5.3,3,Hero,0.7346750994523367,1.0
2085,4.2,-5.8,8,Hero,0.7707018330693245,1.0
2086,3.7,-6.3,13,Hero,0.7505992653134924,1.0
2087,4.0,-6.0,10,Hero,0.9140749484300613,1.0
2088,4.300000000000001,-5.699999999999999,7,Hero,0.7672060515199389,1.0
2089,4.1000000000000005,-5.8999999999999995,9,Hero,0.899526960319943,1.0
2090,4.7,-5.3,3,Hero,0.954004724820455,1.0
2091,3.5,-6.5,15,Hero,0.7052074491977691,1.0
2092,3.3,-6.7,17,Hero,0.6593291934798745,1.0
2093,3.5,-6.5,15,Hero,0.6520078172286351,1.0
2094,-5.3999999999999995,4.6000000000000005,4,Villain,0.9551090002059937,1.0
2095,4.0,-6.0,10,Hero,0.8316496036946773,1.0
2096,4.800000000000001,-5.199999999999999,2,Hero,0.9943835437297821,1.0
2097,4.9,-5.1,1,Hero,0.9373995065689087,1.0
2098,3.9000000000000004,-6.1,11,Hero,0.7394859519871798,1.0
2099,4.300000000000001,-5.699999999999999,7,Hero,0.6937208431107658,1.0
2100,4.300000000000001,-5.699999999999999,7,Hero,0.7443507484027317,1.0
2101,4.0,-6.0,10,Hero,0.7307295426726341,1.0
2102,4.300000000000001,-5.699999999999999,7,Hero,0.7516525515488216,1.0
2103,3.9000000000000004,-6.1,11,Hero,0.6913453340530396,1.0
2104,3.6000000000000005,-6.3999999999999995,14,Hero,0.6910642811230251,1.0
2105,4.5,-5.5,5,Hero,0.9524151682853699,1.0
2106,4.7,-5.3,3,Hero,0.7162921677033106,1.0
2107,3.6000000000000005,-6.3999999999999995,14,Hero,0.6855196170508862,1.0
2108,4.5,-5.5,5,Hero,0.9920819997787476,1.0
2109,3.6000000000000005,-6.3999999999999995,14,Hero,0.6950923901583467,1.0
2110,4.300000000000001,-5.699999999999999,7,Hero,0.8869771616799491,1.0
2111,4.2,-5.8,8,Hero,0.8473181799054146,1.0
2112,4.5,-5.5,5,Hero,0.9744330406188965,1.0
2113,4.2,-5.8,8,Hero,0.8206200040876865,1.0
2114,4.1000000000000005,-5.8999999999999995,9,Hero,0.920873396926456,1.0
2115,4.2,-5.8,8,Hero,0.7375780455768108,1.0
2116,4.300000000000001,-5.699999999999999,7,Hero,0.8141379526683262,1.0
2117,4.7,-5.3,3,Hero,0.7787331541379293,1.0
2118,4.1000000000000005,-5.8999999999999995,9,Hero,0.9703851275973849,1.0
2119,4.1000000000000005,-5.8999999999999995,9,Hero,0.8272405995262994,1.0
2120,4.0,-6.0,10,Hero,0.7240732192993165,1.0
2121,4.6000000000000005,-5.3999999999999995,4,Hero,0.9550590217113495,1.0
2122,3.6000000000000005,-6.3999999999999995,14,Hero,0.6935163439650621,1.0
2123,3.6000000000000005,-6.3999999999999995,14,Hero,0.7745682182056564,1.0
2124,3.8000000000000007,-6.199999999999999,12,Hero,0.79415329794089,1.0
2125,3.9000000000000004,-6.1,11,Hero,0.741346538066864,1.0
2126,4.2,-5.8,8,Hero,0.6544855693355203,1.0
2127,3.4000000000000004,-6.6,16,Hero,0.7748804334551096,1.0
2128,4.6000000000000005,-5.3999999999999995,4,Hero,0.5197900980710983,1.0
2129,3.8000000000000007,-6.199999999999999,12,Hero,0.8846641629934311,1.0
2130,4.4,-5.6,6,Hero,0.9760446945826212,1.0
2131,3.6000000000000005,-6.3999999999999995,14,Hero,0.7224069088697433,1.0
2132,3.6000000000000005,-6.3999999999999995,14,Hero,0.7782092626605716,1.0
2133,4.2,-5.8,8,Hero,0.9897487759590149,1.0
2134,3.8000000000000007,-6.199999999999999,12,Hero,0.715775839984417,1.0
2135,4.1000000000000005,-5.8999999999999995,9,Hero,0.8587259451548258,1.0
2136,4.2,-5.8,8,Hero,0.9158608615398407,1.0
2137,3.7,-6.3,13,Hero,0.7100092619657516,1.0
2138,4.9,-5.1,1,Hero,0.8771818280220032,1.0
2139,3.6000000000000005,-6.3999999999999995,14,Hero,0.7081848408062277,1.0
2140,3.9000000000000004,-6.1,11,Hero,0.7874190671877428,1.0
2141,3.7,-6.3,13,Hero,0.7258921222617993,1.0
2142,4.0,-6.0,10,Hero,0.6822659924626351,1.0
2143,4.300000000000001,-5.699999999999999,7,Hero,0.9525537831442696,1.0
2144,3.9000000000000004,-6.1,11,Hero,0.665941970930858,1.0
2145,4.4,-5.6,6,Hero,0.5785801261663437,1.0
2146,4.5,-5.5,5,Hero,0.8316730976104736,1.0
2147,3.8000000000000007,-6.199999999999999,12,Hero,0.7781677891810735,1.0
2148,4.0,-6.0,10,Hero,0.7745470240712166,1.0
2149,4.9,-5.1,1,Hero,0.9960922598838806,1.0
2150,3.9000000000000004,-6.1,11,Hero,0.7104859866879203,1.0
2151,4.2,-5.8,8,Hero,0.787376806139946,1.0
2152,4.0,-6.0,10,Hero,0.7355677574872971,1.0
2153,-5.3999999999999995,4.6000000000000005,4,Villain,0.70433709025383,1.0
2154,4.6000000000000005,-5.3999999999999995,4,Hero,0.6752815917134285,1.0
2155,4.0,-6.0,10,Hero,0.8325405329465866,1.0
2156,3.9000000000000004,-6.1,11,Hero,0.7271459373560819,1.0
2157,4.300000000000001,-5.699999999999999,7,Hero,0.8889858211789813,1.0
2158,3.9000000000000004,-6.1,11,Hero,0.6617927808653224,1.0
2159,3.8000000000000007,-6.199999999999999,12,Hero,0.7950691903630892,1.0
2160,3.4000000000000004,-6.6,16,Hero,0.6091059339232743,1.0
2161,3.9000000000000004,-6.1,11,Hero,0.8746189075437459,1.0
2162,3.8000000000000007,-6.199999999999999,12,Hero,0.6993317740658919,1.0
2163,4.0,-6.0,10,Hero,0.8844494968652725,1.0
2164,3.7,-6.3,13,Hero,0.7136125266551971,1.0
2165,4.800000000000001,-5.199999999999999,2,Hero,0.6143994033336639,1.0
2166,3.9000000000000004,-6.1,11,Hero,0.8331516981124878,1.0
2167,4.1000000000000005,-5.8999999999999995,9,Hero,0.8259932200113932,1.0
2168,4.5,-5.5,5,Hero,0.7504268288612366,1.0
2169,4.9,-5.1,1,Hero,0.4193900227546692,1.0
2170,4.300000000000001,-5.699999999999999,7,Hero,0.884819141456059,1.0
2171,4.0,-6.0,10,Hero,0.809730914235115,1.0
2172,4.2,-5.8,8,Hero,0.7874367907643318,1.0
2173,3.8000000000000007,-6.199999999999999,12,Hero,0.8075305397311846,1.0
2174,-5.1,4.9,1,Villain,0.5982326865196228,1.0
2175,4.5,-5.5,5,Hero,0.9892519235610961,1.0
2176,4.0,-6.0,10,Hero,0.6672402262687683,1.0
2177,4.2,-5.8,8,Hero,0.6787738427519798,1.0
2178,3.4000000000000004,-6.6,16,Hero,0.7327394224703312,1.0
2179,4.300000000000001,-5.699999999999999,7,Hero,0.8178227841854095,1.0
2180,3.8000000000000007,-6.199999999999999,12,Hero,0.7226256479819616,1.0
2181,4.4,-5.6,6,Hero,0.7529455175002416,1.0
2182,3.0999999999999996,-6.9,19,Hero,0.6296090899329436,1.0
2183,4.300000000000001,-5.699999999999999,7,Hero,0.5446623819214957,1.0
2184,4.9,-5.1,1,Hero,0.9785499572753906,1.0
2185,3.9000000000000004,-6.1,11,Hero,0.7397690388289365,1.0
2186,3.7,-6.3,13,Hero,0.6752534439930549,1.0
2187,4.0,-6.0,10,Hero,0.7163928389549256,1.0
2188,4.1000000000000005,-5.8999999999999995,9,Hero,0.747499641444948,1.0
2189,4.300000000000001,-5.699999999999999,7,Hero,0.8640327836785998,1.0
2190,4.300000000000001,-5.699999999999999,7,Hero,0.8193111973149436,1.0
2191,3.4000000000000004,-6.6,16,Hero,0.6855098884552717,1.0
2192,3.9000000000000004,-6.1,11,Hero,0.8086411377245729,1.0
2193,3.6000000000000005,-6.3999999999999995,14,Hero,0.6452228387934156,1.0
2194,4.4,-5.6,6,Hero,0.8549006034930547,1.0
2195,4.1000000000000005,-5.8999999999999995,9,Hero,0.731481209397316,1.0
2196,4.4,-5.6,6,Hero,0.7478057270248731,1.0
2197,4.6000000000000005,-5.3999999999999995,4,Hero,0.7005115747451782,1.0
2198,3.9000000000000004,-6.1,11,Hero,0.8316246406598524,1.0
2199,4.6000000000000005,-5.3999999999999995,4,Hero,0.5277176834642887,1.0
2200,3.3,-6.7,17,Hero,0.6671258798416924,1.0
2201,3.6000000000000005,-6.3999999999999995,14,Hero,0.6199342576520783,1.0
2202,4.300000000000001,-5.699999999999999,7,Hero,0.7222541698387691,1.0
2203,4.6000000000000005,-5.3999999999999995,4,Hero,0.555163100361824,1.0
2204,3.2,-6.8,18,Hero,0.6269570597861376,1.0
2205,4.2,-5.8,8,Hero,0.7428290899842978,1.0
2206,4.0,-6.0,10,Hero,0.8033427327871323,1.0
2207,4.2,-5.8,8,Hero,0.7720669973641634,1.0
2208,3.6000000000000005,-6.3999999999999995,14,Hero,0.7416111177631787,1.0
2209,4.0,-6.0,10,Hero,0.6531508550047874,1.0
2210,3.8000000000000007,-6.199999999999999,12,Hero,0.850505031645298,1.0
2211,4.0,-6.0,10,Hero,0.7589867666363717,1.0
2212,3.9000000000000004,-6.1,11,Hero,0.7896556989713148,1.0
2213,4.2,-5.8,8,Hero,0.8270285418257117,1.0
2214,3.4000000000000004,-6.6,16,Hero,0.755059003829956,1.0
2215,4.1000000000000005,-5.8999999999999995,9,Hero,0.7639440502454009,1.0
2216,4.5,-5.5,5,Hero,0.694687420129776,1.0
2217,3.0,-7.0,20,Hero,0.6291368084494025,1.0
2218,4.7,-5.3,3,Hero,0.9953840176264445,1.0
2219,3.7,-6.3,13,Hero,0.7661602863898644,1.0
2220,4.5,-5.5,5,Hero,0.8498180270195007,1.0
2221,4.300000000000001,-5.699999999999999,7,Hero,0.8777518698147365,1.0
2222,4.2,-5.8,8,Hero,0.9292643070220947,1.0
2223,4.2,-5.8,8,Hero,0.7264164611697197,1.0
2224,3.6000000000000005,-6.3999999999999995,14,Hero,0.7575350339923587,1.0
2225,3.0,-7.0,20,Hero,0.7047650188207626,1.0
2226,3.9000000000000004,-6.1,11,Hero,0.6266563411574514,1.0
2227,4.300000000000001,-5.699999999999999,7,Hero,0.7684504741004535,1.0
2228,4.2,-5.8,8,Hero,0.7148166596889496,1.0
2229,4.5,-5.5,5,Hero,0.8215824276208877,1.0
2230,3.9000000000000004,-6.1,11,Hero,0.8603295196186412,1.0
2231,4.0,-6.0,10,Hero,0.8906556308269501,1.0
2232,4.1000000000000005,-5.8999999999999995,9,Hero,0.8748788568708632,1.0
2233,3.9000000000000004,-6.1,11,Hero,0.7809955244037238,1.0
2234,3.9000000000000004,-6.1,11,Hero,0.7136135050518946,1.0
2235,3.3,-6.7,17,Hero,0.6599786351708805,1.0
2236,4.0,-6.0,10,Hero,0.8882492065429688,1.0
2237,4.300000000000001,-5.699999999999999,7,Hero,0.6867954390389579,1.0
2238,4.4,-5.6,6,Hero,0.6870278666416804,1.0
2239,4.0,-6.0,10,Hero,0.8510331213474274,1.0
2240,4.5,-5.5,5,Hero,0.7488678872585297,1.0
2241,4.300000000000001,-5.699999999999999,7,Hero,0.8385359389441354,1.0
2242,3.7,-6.3,13,Hero,0.6788573482861886,1.0
2243,4.2,-5.8,8,Hero,0.844372920691967,1.0
2244,4.7,-5.3,3,Hero,0.9109420975049337,1.0
2245,4.1000000000000005,-5.8999999999999995,9,Hero,0.8133582605255975,1.0
2246,4.800000000000001,-5.199999999999999,2,Hero,0.9533543586730957,1.0
2247,3.5,-6.5,15,Hero,0.7295954783757528,1.0
2248,3.9000000000000004,-6.1,11,Hero,0.8545277213508432,1.0
2249,4.300000000000001,-5.699999999999999,7,Hero,0.6768005788326263,1.0
2250,4.2,-5.8,8,Hero,0.8817633762955666,1.0
2251,4.2,-5.8,8,Hero,0.9126024097204208,1.0
2252,4.5,-5.5,5,Hero,0.6753007650375367,1.0
2253,3.9000000000000004,-6.1,11,Hero,0.7856786955486644,1.0
2254,4.2,-5.8,8,Hero,0.7424064055085182,1.0
2255,4.300000000000001,-5.699999999999999,7,Hero,0.9874243480818612,1.0
2256,4.5,-5.5,5,Hero,0.8318861246109008,1.0
2257,-5.199999999999999,4.800000000000001,2,Villain,0.9638538360595703,1.0
2258,3.9000000000000004,-6.1,11,Hero,0.7183528759262778,1.0
2259,4.0,-6.0,10,Hero,0.6659309208393097,1.0
2260,3.5,-6.5,15,Hero,0.636188151439031,1.0
2261,2.6999999999999997,-7.300000000000001,23,Hero,0.6330365225186815,1.0
2262,4.1000000000000005,-5.8999999999999995,9,Hero,0.8042202889919281,1.0
2263,4.7,-5.3,3,Hero,0.627256433169047,1.0
2264,3.0999999999999996,-6.9,19,Hero,0.6632835559154812,1.0
2265,4.9,-5.1,1,Hero,0.9840919971466064,1.0
2266,4.6000000000000005,-5.3999999999999995,4,Hero,0.45852699130773544,1.0
2267,4.2,-5.8,8,Hero,0.6683715842664242,1.0
2268,4.0,-6.0,10,Hero,0.7678352683782578,1.0
2269,4.300000000000001,-5.699999999999999,7,Hero,0.8989603774888175,1.0
2270,4.0,-6.0,10,Hero,0.7735494539141655,1.0
2271,4.300000000000001,-5.699999999999999,7,Hero,0.824912177664893,1.0
2272,3.7,-6.3,13,Hero,0.5784007710440514,1.0
2273,2.9,-7.1,21,Hero,0.5504295407306581,1.0
2274,3.5,-6.5,15,Hero,0.6613706926504771,1.0
2275,3.8000000000000007,-6.199999999999999,12,Hero,0.722828134894371,1.0
2276,4.0,-6.0,10,Hero,0.7404887180775404,1.0
2277,4.7,-5.3,3,Hero,0.968809187412262,1.0
2278,3.6000000000000005,-6.3999999999999995,14,Hero,0.7382265563522067,1.0
2279,4.300000000000001,-5.699999999999999,7,Hero,0.8087600341864994,1.0
2280,4.5,-5.5,5,Hero,0.7536876156926156,1.0
2281,4.5,-5.5,5,Hero,0.6609585702419281,1.0
2282,-5.199999999999999,4.800000000000001,2,Villain,0.9165864884853363,1.0
2283,3.8000000000000007,-6.199999999999999,12,Hero,0.7935787172367176,1.0
2284,3.9000000000000004,-6.1,11,Hero,0.7737418995662169,1.0
2285,4.1000000000000005,-5.8999999999999995,9,Hero,0.8205059832996793,1.0
2286,3.9000000000000004,-6.1,11,Hero,0.8082602587951855,1.0
2287,4.4,-5.6,6,Hero,0.6680570940176646,1.0
2288,4.5,-5.5,5,Hero,0.6116087675094605,1.0
2289,3.8000000000000007,-6.199999999999999,12,Hero,0.6369259084264437,1.0
2290,3.7,-6.3,13,Hero,0.7097031130240514,1.0
2291,3.4000000000000004,-6.6,16,Hero,0.7340177772566676,1.0
2292,4.4,-5.6,6,Hero,0.6496568769216537,1.0
2293,3.3,-6.7,17,Hero,0.7439985012306887,1.0
2294,2.9,-7.1,21,Hero,0.7361639340718588,1.0
2295,2.6999999999999997,-7.300000000000001,23,Hero,0.6607907395000043,1.0
2296,3.9000000000000004,-6.1,11,Hero,0.7328148700974204,1.0
2297,3.2,-6.8,18,Hero,0.701475929054949,1.0
2298,3.2,-6.8,18,Hero,0.5889408606001072,1.0
2299,3.8000000000000007,-6.199999999999999,12,Hero,0.8139351258675257,1.0
2300,3.8000000000000007,-6.199999999999999,12,Hero,0.5538426445176204,1.0
2301,4.7,-5.3,3,Hero,0.808866004149119,1.0
2302,4.0,-6.0,10,Hero,0.7453559540212155,1.0
2303,4.7,-5.3,3,Hero,0.6237891802253822,1.0
2304,2.6999999999999997,-7.300000000000001,23,Hero,0.5788729385189388,1.0
2305,4.9,-5.1,1,Hero,0.5205905437469482,1.0
2306,4.300000000000001,-5.699999999999999,7,Hero,0.8310538083314896,1.0
2307,4.6000000000000005,-5.3999999999999995,4,Hero,0.6814597267657518,1.0
2308,3.7,-6.3,13,Hero,0.756673528597905,1.0
2309,3.7,-6.3,13,Hero,0.7067895531654358,1.0
2310,4.7,-5.3,3,Hero,0.950921893119812,1.0
2311,4.800000000000001,-5.199999999999999,2,Hero,0.9784041047096252,1.0
2312,4.0,-6.0,10,Hero,0.8611633658409119,1.0
2313,4.4,-5.6,6,Hero,0.7333727230628332,1.0
2314,4.4,-5.6,6,Hero,0.8593488683303198,1.0
2315,4.0,-6.0,10,Hero,0.7901412397623062,1.0
2316,3.9000000000000004,-6.1,11,Hero,0.6463610658591444,1.0
2317,4.0,-6.0,10,Hero,0.7215665742754936,1.0
2318,3.9000000000000004,-6.1,11,Hero,0.7110163312066685,1.0
2319,3.5,-6.5,15,Hero,0.7135119607051214,1.0
2320,3.0999999999999996,-6.9,19,Hero,0.6052053688388122,1.0
2321,4.300000000000001,-5.699999999999999,7,Hero,0.8646693016801562,1.0
2322,3.3,-6.7,17,Hero,0.654434469062835,1.0
2323,3.6000000000000005,-6.3999999999999995,14,Hero,0.7520360755068916,1.0
2324,4.4,-5.6,6,Hero,0.6806770215431849,1.0
2325,4.300000000000001,-5.699999999999999,7,Hero,0.9871260864394051,1.0
2326,4.0,-6.0,10,Hero,0.7918762348592281,1.0
2327,4.2,-5.8,8,Hero,0.7191307321190834,1.0
2328,4.300000000000001,-5.699999999999999,7,Hero,0.8924377305167062,1.0
2329,3.4000000000000004,-6.6,16,Hero,0.6796137150377035,1.0
2330,4.6000000000000005,-5.3999999999999995,4,Hero,0.6753861010074615,1.0
2331,4.0,-6.0,10,Hero,0.7577181354165077,1.0
2332,3.8000000000000007,-6.199999999999999,12,Hero,0.8166846260428429,1.0
2333,4.9,-5.1,1,Hero,0.634425699710846,1.0
2334,4.0,-6.0,10,Hero,0.7895807981491089,1.0
2335,2.5999999999999996,-7.4,24,Hero,0.5574526406514148,1.0
2336,4.1000000000000005,-5.8999999999999995,9,Hero,0.7511707387036748,1.0
2337,4.300000000000001,-5.699999999999999,7,Hero,0.9634705781936646,1.0
2338,3.7,-6.3,13,Hero,0.6992284231461011,1.0
2339,3.4000000000000004,-6.6,16,Hero,0.6593798152171075,1.0
2340,4.4,-5.6,6,Hero,0.6613714694976807,1.0
2341,2.5999999999999996,-7.4,24,Hero,0.5925320932486405,1.0
2342,3.8000000000000007,-6.199999999999999,12,Hero,0.8152922143538793,1.0
2343,4.300000000000001,-5.699999999999999,7,Hero,0.8724308013916016,1.0
2344,3.6000000000000005,-6.3999999999999995,14,Hero,0.6663123943975994,1.0
2345,4.5,-5.5,5,Hero,0.7573618829250336,1.0
2346,3.2,-6.8,18,Hero,0.6382203482919269,1.0
2347,4.4,-5.6,6,Hero,0.9422877530256907,1.0
2348,3.4000000000000004,-6.6,16,Hero,0.7941589429974556,1.0
2349,3.6000000000000005,-6.3999999999999995,14,Hero,0.6650869803769248,1.0
2350,3.9000000000000004,-6.1,11,Hero,0.8143740350549872,1.0
2351,4.1000000000000005,-5.8999999999999995,9,Hero,0.7339325365093019,1.0
2352,4.5,-5.5,5,Hero,0.7653934329748153,1.0
2353,4.300000000000001,-5.699999999999999,7,Hero,0.736798315175942,1.0
2354,3.8000000000000007,-6.199999999999999,12,Hero,0.6371934885780016,1.0
2355,3.4000000000000004,-6.6,16,Hero,0.6480615735054016,1.0
2356,4.1000000000000005,-5.8999999999999995,9,Hero,0.7482848515113195,1.0
2357,3.2,-6.8,18,Hero,0.6753735227717294,1.0
2358,3.7,-6.3,13,Hero,0.692307792030848,1.0
2359,4.5,-5.5,5,Hero,0.7540680229663849,1.0
2360,4.0,-6.0,10,Hero,0.8871976852416992,1.0
2361,4.5,-5.5,5,Hero,0.7000806152820587,1.0
2362,4.300000000000001,-5.699999999999999,7,Hero,0.8293339993272509,1.0
2363,4.7,-5.3,3,Hero,0.8668463627497355,1.0
2364,3.8000000000000007,-6.199999999999999,12,Hero,0.731902226805687,1.0
2365,4.1000000000000005,-5.8999999999999995,9,Hero,0.6818614072269864,1.0
2366,4.9,-5.1,1,Hero,0.9825793504714966,1.0
2367,4.2,-5.8,8,Hero,0.6204128079116344,1.0
2368,4.4,-5.6,6,Hero,0.7183168778816859,1.0
2369,4.300000000000001,-5.699999999999999,7,Hero,0.8409602088587624,1.0
2370,4.1000000000000005,-5.8999999999999995,9,Hero,0.7251319454775916,1.0
2371,4.300000000000001,-5.699999999999999,7,Hero,0.9655068942478725,1.0
2372,4.800000000000001,-5.199999999999999,2,Hero,0.8226765096187592,1.0
2373,4.1000000000000005,-5.8999999999999995,9,Hero,0.687250597609414,1.0
2374,3.7,-6.3,13,Hero,0.6210894664892783,1.0
2375,3.8000000000000007,-6.199999999999999,12,Hero,0.7896478796998659,1.0
2376,-5.3,4.7,3,Villain,0.34992099304993945,1.0
2377,3.4000000000000004,-6.6,16,Hero,0.6570502557442524,1.0
2378,3.8000000000000007,-6.199999999999999,12,Hero,0.8475332452605168,1.0
2379,4.1000000000000005,-5.8999999999999995,9,Hero,0.6854692515399721,1.0
2380,3.8000000000000007,-6.199999999999999,12,Hero,0.740522434314092,1.0
2381,4.6000000000000005,-5.3999999999999995,4,Hero,0.6165066510438919,1.0
2382,4.0,-6.0,10,Hero,0.8976011037826538,1.0
2383,4.2,-5.8,8,Hero,0.6989508233964443,1.0
2384,4.5,-5.5,5,Hero,0.6876848608255386,1.0
2385,3.7,-6.3,13,Hero,0.762294121659719,1.0
2386,3.6000000000000005,-6.3999999999999995,14,Hero,0.726596524938941,1.0
2387,4.5,-5.5,5,Hero,0.7729017972946167,1.0
2388,4.800000000000001,-5.199999999999999,2,Hero,0.7466358244419098,1.0
2389,4.1000000000000005,-5.8999999999999995,9,Hero,0.7917435632811652,1.0
2390,4.4,-5.6,6,Hero,0.7016242841879526,1.0
2391,3.5,-6.5,15,Hero,0.7980162635445595,1.0
2392,3.8000000000000007,-6.199999999999999,12,Hero,0.6713161418835322,1.0
2393,3.9000000000000004,-6.1,11,Hero,0.7998147931965914,1.0
2394,4.5,-5.5,5,Hero,0.9752014994621276,1.0
2395,3.9000000000000004,-6.1,11,Hero,0.762875338846987,1.0
2396,4.0,-6.0,10,Hero,0.8294503152370453,1.0
2397,4.2,-5.8,8,Hero,0.9919523149728775,1.0
2398,4.1000000000000005,-5.8999999999999995,9,Hero,0.9042915801207224,1.0
2399,4.6000000000000005,-5.3999999999999995,4,Hero,0.8828788697719574,1.0
2400,4.2,-5.8,8,Hero,0.7787424474954605,1.0
2401,3.6000000000000005,-6.3999999999999995,14,Hero,0.7232604739921433,1.0
2402,4.1000000000000005,-5.8999999999999995,9,Hero,0.8408967554569244,1.0
2403,4.1000000000000005,-5.8999999999999995,9,Hero,0.8331721226374308,1.0
2404,3.5,-6.5,15,Hero,0.6662061393260956,1.0
2405,4.1000000000000005,-5.8999999999999995,9,Hero,0.7219687865840064,1.0
2406,4.0,-6.0,10,Hero,0.8181392207741738,1.0
2407,4.6000000000000005,-5.3999999999999995,4,Hero,0.8462283313274384,1.0
2408,3.8000000000000007,-6.199999999999999,12,Hero,0.7372791369756063,1.0
2409,3.9000000000000004,-6.1,11,Hero,0.8150533180345189,1.0
2410,4.6000000000000005,-5.3999999999999995,4,Hero,0.7671538442373276,1.0
2411,4.300000000000001,-5.699999999999999,7,Hero,0.8469939093504634,1.0
2412,4.2,-5.8,8,Hero,0.8934293016791344,1.0
2413,3.6000000000000005,-6.3999999999999995,14,Hero,0.7016823451433863,1.0
2414,4.0,-6.0,10,Hero,0.8972242534160614,1.0
2415,4.0,-6.0,10,Hero,0.7447589810937643,1.0
2416,4.0,-6.0,10,Hero,0.7766868621110916,1.0
2417,3.9000000000000004,-6.1,11,Hero,0.86535167965022,1.0
2418,3.3,-6.7,17,Hero,0.8227825813433703,1.0
2419,4.300000000000001,-5.699999999999999,7,Hero,0.8943341033799308,1.0
2420,4.300000000000001,-5.699999999999999,7,Hero,0.6539099578346524,1.0
2421,4.300000000000001,-5.699999999999999,7,Hero,0.6516082457133702,1.0
2422,3.5,-6.5,15,Hero,0.6786462505658467,1.0
2423,4.9,-5.1,1,Hero,0.8808382749557495,1.0
2424,4.0,-6.0,10,Hero,0.7725274913012982,1.0
2425,4.300000000000001,-5.699999999999999,7,Hero,0.9428835170609611,1.0
2426,-5.199999999999999,4.800000000000001,2,Villain,0.9445305168628693,1.0
2427,-5.1,4.9,1,Villain,0.8831232786178589,1.0
2428,3.5,-6.5,15,Hero,0.6523295362790426,1.0
2429,3.8000000000000007,-6.199999999999999,12,Hero,0.8209389485418797,1.0
2430,4.300000000000001,-5.699999999999999,7,Hero,0.8228735817330224,1.0
2431,3.7,-6.3,13,Hero,0.6755193976255564,1.0
2432,4.2,-5.8,8,Hero,0.7666121497750282,1.0
2433,3.9000000000000004,-6.1,11,Hero,0.8499326438389041,1.0
2434,4.300000000000001,-5.699999999999999,7,Hero,0.9959230933870588,1.0
2435,4.6000000000000005,-5.3999999999999995,4,Hero,0.6401464939117432,1.0
2436,4.5,-5.5,5,Hero,0.8707766056060791,1.0
2437,4.6000000000000005,-5.3999999999999995,4,Hero,0.9599286466836929,1.0
2438,3.6000000000000005,-6.3999999999999995,14,Hero,0.6961212147559438,1.0
2439,3.6000000000000005,-6.3999999999999995,14,Hero,0.7810102594750268,1.0
2440,3.2,-6.8,18,Hero,0.6441592137950162,1.0
2441,4.5,-5.5,5,Hero,0.7291575193405151,1.0
2442,3.5,-6.5,15,Hero,0.6433143744866053,1.0
2443,4.0,-6.0,10,Hero,0.7844322234392166,1.0
2444,4.5,-5.5,5,Hero,0.8349897742271424,1.0
2445,4.2,-5.8,8,Hero,0.6697587296366692,1.0
2446,3.0999999999999996,-6.9,19,Hero,0.7203841021186427,1.0
2447,3.7,-6.3,13,Hero,0.6840010808350948,1.0
2448,3.0,-7.0,20,Hero,0.6989417330827564,1.0
2449,3.5,-6.5,15,Hero,0.6799609035253524,1.0
2450,3.4000000000000004,-6.6,16,Hero,0.7019515559077263,1.0
2451,4.800000000000001,-5.199999999999999,2,Hero,0.8186805844306946,1.0
2452,4.1000000000000005,-5.8999999999999995,9,Hero,0.8493416237955292,1.0
2453,3.7,-6.3,13,Hero,0.7816026921455677,1.0
2454,4.4,-5.6,6,Hero,0.6668739467859268,1.0
2455,3.5,-6.5,15,Hero,0.7297091156244278,1.0
2456,3.8000000000000007,-6.199999999999999,12,Hero,0.7324214726686478,1.0
2457,3.5,-6.5,15,Hero,0.7250266258915266,1.0
2458,4.0,-6.0,10,Hero,0.7789059579372406,1.0
2459,3.8000000000000007,-6.199999999999999,12,Hero,0.7162814475595951,1.0
2460,4.1000000000000005,-5.8999999999999995,9,Hero,0.733738950557179,1.0
2461,4.6000000000000005,-5.3999999999999995,4,Hero,0.6867991127073765,1.0
2462,4.2,-5.8,8,Hero,0.9042381942272186,1.0
2463,4.2,-5.8,8,Hero,0.8351138522848487,1.0
2464,4.7,-5.3,3,Hero,0.7717557152112325,1.0
2465,3.5,-6.5,15,Hero,0.6741778075695037,1.0
2466,4.4,-5.6,6,Hero,0.5505301219721636,1.0
2467,4.0,-6.0,10,Hero,0.6786421909928322,1.0
2468,3.8000000000000007,-6.199999999999999,12,Hero,0.8291684240102768,1.0
2469,4.9,-5.1,1,Hero,0.9113888740539551,1.0
2470,3.9000000000000004,-6.1,11,Hero,0.852246184240688,1.0
2471,4.0,-6.0,10,Hero,0.7841848313808442,1.0
2472,3.6000000000000005,-6.3999999999999995,14,Hero,0.6038081188287053,1.0
2473,4.6000000000000005,-5.3999999999999995,4,Hero,0.6501433700323105,1.0
2474,3.7,-6.3,13,Hero,0.7239160033372732,1.0
2475,3.6000000000000005,-6.3999999999999995,14,Hero,0.6792636130537305,1.0
2476,3.7,-6.3,13,Hero,0.7703327995080215,1.0
2477,4.300000000000001,-5.699999999999999,7,Hero,0.758415047611509,1.0
2478,4.300000000000001,-5.699999999999999,7,Hero,0.7252834428633962,1.0
2479,4.5,-5.5,5,Hero,0.8968101501464844,1.0
2480,4.6000000000000005,-5.3999999999999995,4,Hero,0.9727493971586227,1.0
2481,3.9000000000000004,-6.1,11,Hero,0.7138096581805836,1.0
2482,3.9000000000000004,-6.1,11,Hero,0.827501120892438,1.0
2483,3.7,-6.3,13,Hero,0.740238022345763,1.0
2484,3.7,-6.3,13,Hero,0.6526153087615967,1.0
2485,4.2,-5.8,8,Hero,0.9019099287688732,1.0
2486,4.7,-5.3,3,Hero,0.7145362496376038,1.0
2487,3.8000000000000007,-6.199999999999999,12,Hero,0.7719847510258356,1.0
2488,4.5,-5.5,5,Hero,0.8608063936233521,1.0
2489,4.5,-5.5,5,Hero,0.9465038657188416,1.0
2490,3.9000000000000004,-6.1,11,Hero,0.7360764051025565,1.0
2491,4.6000000000000005,-5.3999999999999995,4,Hero,0.7673939764499664,1.0
2492,3.7,-6.3,13,Hero,0.7685273673671943,1.0
2493,4.2,-5.8,8,Hero,0.9079023823142052,1.0
2494,4.2,-5.8,8,Hero,0.7879514340311289,1.0
2495,4.0,-6.0,10,Hero,0.6735155314207077,1.0
2496,4.5,-5.5,5,Hero,0.736726987361908,1.0
2497,-5.199999999999999,4.800000000000001,2,Villain,0.8715498447418213,1.0
2498,4.300000000000001,-5.699999999999999,7,Hero,0.996410744530814,1.0
2499,3.8000000000000007,-6.199999999999999,12,Hero,0.7489438503980637,1.0
2500,4.800000000000001,-5.199999999999999,2,Hero,0.5476000756025314,1.0
2501,3.8000000000000007,-6.199999999999999,12,Hero,0.8558805535236994,1.0
2502,4.0,-6.0,10,Hero,0.8809848964214325,1.0
2503,2.4999999999999996,-7.5,25,Hero,0.7288811409473419,1.0
2504,4.300000000000001,-5.699999999999999,7,Hero,0.6936373484453985,1.0
2505,3.9000000000000004,-6.1,11,Hero,0.7435273839668795,1.0
2506,4.0,-6.0,10,Hero,0.9353735268115997,1.0
2507,3.0999999999999996,-6.9,19,Hero,0.6435072202431528,1.0
2508,4.0,-6.0,10,Hero,0.8530240505933762,1.0
2509,3.9000000000000004,-6.1,11,Hero,0.754106732932004,1.0
2510,4.2,-5.8,8,Hero,0.9099979624152184,1.0
2511,4.7,-5.3,3,Hero,0.6403721223274866,1.0
2512,3.5,-6.5,15,Hero,0.5965841482083003,1.0
2513,4.1000000000000005,-5.8999999999999995,9,Hero,0.8056240412924025,1.0
2514,-5.199999999999999,4.800000000000001,2,Villain,0.513235405087471,1.0
2515,4.5,-5.5,5,Hero,0.8093282997608184,1.0
2516,4.1000000000000005,-5.8999999999999995,9,Hero,0.7593199974960751,1.0
2517,4.0,-6.0,10,Hero,0.7682590842247009,1.0
2518,4.1000000000000005,-5.8999999999999995,9,Hero,0.8860964468783803,1.0
2519,3.7,-6.3,13,Hero,0.7492350838329003,1.0
2520,4.1000000000000005,-5.8999999999999995,9,Hero,0.8196538223160638,1.0
2521,4.4,-5.6,6,Hero,0.7291061083475748,1.0
2522,4.300000000000001,-5.699999999999999,7,Hero,0.9099297864096505,1.0
2523,4.300000000000001,-5.699999999999999,7,Hero,0.6697771421500615,1.0
2524,3.9000000000000004,-6.1,11,Hero,0.768973792141134,1.0
2525,4.300000000000001,-5.699999999999999,7,Hero,0.7484893756253379,1.0
2526,4.0,-6.0,10,Hero,0.7689239293336868,1.0
2527,4.0,-6.0,10,Hero,0.8794253677129745,1.0
2528,3.6000000000000005,-6.3999999999999995,14,Hero,0.6723553538322449,1.0
2529,3.8000000000000007,-6.199999999999999,12,Hero,0.8137189919749895,1.0
2530,4.1000000000000005,-5.8999999999999995,9,Hero,0.6497092859612571,1.0
2531,3.9000000000000004,-6.1,11,Hero,0.7167774987491694,1.0
2532,4.5,-5.5,5,Hero,0.9802076816558838,1.0
2533,4.0,-6.0,10,Hero,0.7025235921144486,1.0
2534,4.1000000000000005,-5.8999999999999995,9,Hero,0.8650474887755182,1.0
2535,3.2,-6.8,18,Hero,0.6643310189247131,1.0
2536,4.300000000000001,-5.699999999999999,7,Hero,0.7305456059319633,1.0
2537,4.4,-5.6,6,Hero,0.9007190863291422,1.0
2538,4.4,-5.6,6,Hero,0.8264788687229156,1.0
2539,4.4,-5.6,6,Hero,0.6662448680338761,1.0
2540,4.2,-5.8,8,Hero,0.6432387977838516,1.0
2541,3.4000000000000004,-6.6,16,Hero,0.654632106423378,1.0
2542,4.0,-6.0,10,Hero,0.7638589188456535,1.0
2543,4.7,-5.3,3,Hero,0.48250258962313336,1.0
2544,3.9000000000000004,-6.1,11,Hero,0.7496339868415486,1.0
2545,3.9000000000000004,-6.1,11,Hero,0.7326134939424016,1.0
2546,3.0,-7.0,20,Hero,0.6009210906922817,1.0
2547,4.4,-5.6,6,Hero,0.8162075281143188,1.0
2548,4.1000000000000005,-5.8999999999999995,9,Hero,0.7975974910789065,1.0
2549,4.300000000000001,-5.699999999999999,7,Hero,0.732315182685852,1.0
2550,4.6000000000000005,-5.3999999999999995,4,Hero,0.7263640761375427,1.0
2551,3.7,-6.3,13,Hero,0.7137956057603543,1.0
2552,4.4,-5.6,6,Hero,0.7257666091124216,1.0
2553,4.800000000000001,-5.199999999999999,2,Hero,0.988340437412262,1.0
2554,4.5,-5.5,5,Hero,0.9818620324134827,1.0
2555,4.4,-5.6,6,Hero,0.7306734025478363,1.0
2556,3.8000000000000007,-6.199999999999999,12,Hero,0.7072514444589615,1.0
2557,4.5,-5.5,5,Hero,0.9549074292182922,1.0
2558,4.1000000000000005,-5.8999999999999995,9,Hero,0.7852577103508843,1.0
2559,3.5,-6.5,15,Hero,0.7343341549237569,1.0
2560,4.300000000000001,-5.699999999999999,7,Hero,0.8071337512561253,1.0
2561,3.4000000000000004,-6.6,16,Hero,0.6933525092899799,1.0
2562,3.6000000000000005,-6.3999999999999995,14,Hero,0.7341959539002606,1.0
2563,4.300000000000001,-5.699999999999999,7,Hero,0.6893311440944672,1.0
2564,4.2,-5.8,8,Hero,0.7095649838447571,1.0
2565,4.300000000000001,-5.699999999999999,7,Hero,0.9796062707901001,1.0
2566,4.300000000000001,-5.699999999999999,7,Hero,0.7488405193601336,1.0
2567,4.1000000000000005,-5.8999999999999995,9,Hero,0.73638849457105,1.0
2568,4.0,-6.0,10,Hero,0.8213646806776523,1.0
2569,3.6000000000000005,-6.3999999999999995,14,Hero,0.7319473677447864,1.0
2570,3.3,-6.7,17,Hero,0.7022325010860667,1.0
2571,4.2,-5.8,8,Hero,0.6564355082809925,1.0
2572,4.1000000000000005,-5.8999999999999995,9,Hero,0.8057742847336663,1.0
2573,3.7,-6.3,13,Hero,0.749034216770759,1.0
2574,4.2,-5.8,8,Hero,0.8923280164599419,1.0
2575,4.4,-5.6,6,Hero,0.8265317964057127,1.0
2576,3.9000000000000004,-6.1,11,Hero,0.5958854732188311,1.0
2577,4.0,-6.0,10,Hero,0.8420453727245331,1.0
2578,3.9000000000000004,-6.1,11,Hero,0.8378309011459351,1.0
2579,4.4,-5.6,6,Hero,0.995924323797226,1.0
2580,3.7,-6.3,13,Hero,0.672626756131649,1.0
2581,4.1000000000000005,-5.8999999999999995,9,Hero,0.7557422154479556,1.0
2582,3.4000000000000004,-6.6,16,Hero,0.6353679792955518,1.0
2583,3.9000000000000004,-6.1,11,Hero,0.8445888290351088,1.0
2584,4.5,-5.5,5,Hero,0.7550964176654815,1.0
2585,4.2,-5.8,8,Hero,0.7613586569204926,1.0
2586,4.0,-6.0,10,Hero,0.7859333544969559,1.0
2587,3.5,-6.5,15,Hero,0.640284221433103,1.0
2588,3.7,-6.3,13,Hero,0.6483760034808745,1.0
2589,4.2,-5.8,8,Hero,0.5944169498980045,1.0
2590,4.2,-5.8,8,Hero,0.9153203666210175,1.0
2591,4.9,-5.1,1,Hero,0.7850810885429382,1.0
2592,4.2,-5.8,8,Hero,0.8398335948586464,1.0
2593,4.2,-5.8,8,Hero,0.7682468481361866,1.0
2594,4.1000000000000005,-5.8999999999999995,9,Hero,0.9748296141624451,1.0
2595,3.3,-6.7,17,Hero,0.719482372788822,1.0
2596,4.4,-5.6,6,Hero,0.674555649360021,1.0
2597,4.2,-5.8,8,Hero,0.7961847595870495,1.0
2598,-5.1,4.9,1,Villain,0.982268214225769,1.0
2599,4.5,-5.5,5,Hero,0.8091233313083649,1.0
2600,4.1000000000000005,-5.8999999999999995,9,Hero,0.8697572218047248,1.0
2601,4.0,-6.0,10,Hero,0.9216545909643173,1.0
2602,3.9000000000000004,-6.1,11,Hero,0.7436751885847612,1.0
2603,4.6000000000000005,-5.3999999999999995,4,Hero,0.9897558689117432,1.0
2604,4.2,-5.8,8,Hero,0.7749597718939185,1.0
2605,4.2,-5.8,8,Hero,0.7369120977818966,1.0
2606,4.300000000000001,-5.699999999999999,7,Hero,0.9932762639863151,1.0
2607,4.800000000000001,-5.199999999999999,2,Hero,0.9859422743320465,1.0
2608,4.300000000000001,-5.699999999999999,7,Hero,0.6897312615598951,1.0
2609,4.5,-5.5,5,Hero,0.9695682048797607,1.0
2610,3.6000000000000005,-6.3999999999999995,14,Hero,0.6586339739816529,1.0
2611,4.300000000000001,-5.699999999999999,7,Hero,0.7359213147844587,1.0
2612,3.9000000000000004,-6.1,11,Hero,0.8209814862771467,1.0
2613,3.5,-6.5,15,Hero,0.7475235780080159,1.0
2614,3.5,-6.5,15,Hero,0.6755990147590637,1.0
2615,3.7,-6.3,13,Hero,0.7693857160898355,1.0
2616,3.8000000000000007,-6.199999999999999,12,Hero,0.7423510601123174,1.0
2617,3.7,-6.3,13,Hero,0.7167673363135412,1.0
2618,3.6000000000000005,-6.3999999999999995,14,Hero,0.654576972659145,1.0
2619,3.0,-7.0,20,Hero,0.794104281856562,1.0
2620,3.5,-6.5,15,Hero,0.7366443842649459,1.0
2621,4.1000000000000005,-5.8999999999999995,9,Hero,0.7075495939287875,1.0
2622,2.3999999999999995,-7.6000000000000005,26,Hero,0.8441151598325143,1.0
2623,4.0,-6.0,10,Hero,0.8937512695789337,1.0
2624,3.4000000000000004,-6.6,16,Hero,0.7241933550685644,1.0
2625,3.7,-6.3,13,Hero,0.8201109881584461,1.0
2626,4.2,-5.8,8,Hero,0.7187213152647018,1.0
2627,4.2,-5.8,8,Hero,0.9966555759310722,1.0
2628,3.9000000000000004,-6.1,11,Hero,0.8324743671850725,1.0
2629,4.1000000000000005,-5.8999999999999995,9,Hero,0.9437768525547452,1.0
2630,4.300000000000001,-5.699999999999999,7,Hero,0.5312105992010662,1.0
2631,3.9000000000000004,-6.1,11,Hero,0.8364993929862976,1.0
2632,3.3,-6.7,17,Hero,0.6943046494441873,1.0
2633,4.6000000000000005,-5.3999999999999995,4,Hero,0.646325059235096,1.0
2634,4.1000000000000005,-5.8999999999999995,9,Hero,0.8276889522870382,1.0
2635,4.4,-5.6,6,Hero,0.9339465399583181,1.0
2636,3.0999999999999996,-6.9,19,Hero,0.6007340942558489,1.0
2637,4.300000000000001,-5.699999999999999,7,Hero,0.5663081961018699,1.0
2638,3.8000000000000007,-6.199999999999999,12,Hero,0.7810739278793335,1.0
2639,3.9000000000000004,-6.1,11,Hero,0.8595617359334772,1.0
2640,4.800000000000001,-5.199999999999999,2,Hero,0.7159743010997772,1.0
2641,3.2,-6.8,18,Hero,0.6466159563925531,1.0
2642,4.4,-5.6,6,Hero,0.622251903017362,1.0
2643,4.1000000000000005,-5.8999999999999995,9,Hero,0.9321460194057889,1.0
2644,3.9000000000000004,-6.1,11,Hero,0.8193973086097024,1.0
2645,3.0,-7.0,20,Hero,0.6763608951121569,1.0
2646,4.1000000000000005,-5.8999999999999995,9,Hero,0.8895546462800767,1.0
2647,3.5,-6.5,15,Hero,0.7238167087237041,1.0
2648,4.0,-6.0,10,Hero,0.7597912609577179,1.0
2649,3.8000000000000007,-6.199999999999999,12,Hero,0.7872257108489672,1.0
2650,4.6000000000000005,-5.3999999999999995,4,Hero,0.966549426317215,1.0
2651,3.4000000000000004,-6.6,16,Hero,0.6134989336133003,1.0
2652,4.1000000000000005,-5.8999999999999995,9,Hero,0.8967318601078458,1.0
2653,4.300000000000001,-5.699999999999999,7,Hero,0.9936546172414508,1.0
2654,4.1000000000000005,-5.8999999999999995,9,Hero,0.9325908753607008,1.0
2655,3.8000000000000007,-6.199999999999999,12,Hero,0.7340788058936596,1.0
2656,3.6000000000000005,-6.3999999999999995,14,Hero,0.7400386716638293,1.0
2657,3.2,-6.8,18,Hero,0.6540810527900854,1.0
2658,4.7,-5.3,3,Hero,0.7935902078946432,1.0
2659,4.5,-5.5,5,Hero,0.9905231714248657,1.0
2660,3.3,-6.7,17,Hero,0.6741529317463145,1.0
2661,4.9,-5.1,1,Hero,0.8052606582641602,1.0
2662,3.8000000000000007,-6.199999999999999,12,Hero,0.6939820200204849,1.0
2663,3.7,-6.3,13,Hero,0.6918504650776203,1.0
2664,4.2,-5.8,8,Hero,0.7814568653702736,1.0
2665,4.5,-5.5,5,Hero,0.7861231029033661,1.0
2666,4.0,-6.0,10,Hero,0.7753128111362457,1.0
2667,4.0,-6.0,10,Hero,0.9044672787189484,1.0
2668,3.9000000000000004,-6.1,11,Hero,0.7718997858464718,1.0
2669,3.5,-6.5,15,Hero,0.7229562878608704,1.0
2670,3.6000000000000005,-6.3999999999999995,14,Hero,0.7099698750036103,1.0
2671,4.7,-5.3,3,Hero,0.9826907515525818,1.0
2672,4.800000000000001,-5.199999999999999,2,Hero,0.5346884727478027,1.0
2673,4.4,-5.6,6,Hero,0.6736191610495249,1.0
2674,4.300000000000001,-5.699999999999999,7,Hero,0.836188188620976,1.0
2675,4.2,-5.8,8,Hero,0.8489682637155056,1.0
2676,4.0,-6.0,10,Hero,0.758982601761818,1.0
2677,3.8000000000000007,-6.199999999999999,12,Hero,0.8259320072829723,1.0
2678,3.8000000000000007,-6.199999999999999,12,Hero,0.7251472597320875,1.0
2679,4.5,-5.5,5,Hero,0.6721284300088882,1.0
2680,3.8000000000000007,-6.199999999999999,12,Hero,0.6953338459134102,1.0
2681,3.9000000000000004,-6.1,11,Hero,0.848549326712435,1.0
2682,4.0,-6.0,10,Hero,0.7689844999462366,1.0
2683,4.5,-5.5,5,Hero,0.9858573317527771,1.0
2684,4.6000000000000005,-5.3999999999999995,4,Hero,0.9276320040225983,1.0
2685,3.9000000000000004,-6.1,11,Hero,0.7729161131111059,1.0
2686,4.2,-5.8,8,Hero,0.9513788148760796,1.0
2687,4.300000000000001,-5.699999999999999,7,Hero,0.9764737486839294,1.0
2688,3.9000000000000004,-6.1,11,Hero,0.7795891165733337,1.0
2689,4.2,-5.8,8,Hero,0.992950364947319,1.0
2690,4.7,-5.3,3,Hero,0.6446569661299387,1.0
2691,3.3,-6.7,17,Hero,0.7047207565868602,1.0
2692,3.6000000000000005,-6.3999999999999995,14,Hero,0.7269973909216267,1.0
2693,4.9,-5.1,1,Hero,0.6521148085594177,1.0
2694,3.6000000000000005,-6.3999999999999995,14,Hero,0.6802604368754795,1.0
2695,4.0,-6.0,10,Hero,0.814887073636055,1.0
2696,3.8000000000000007,-6.199999999999999,12,Hero,0.6837366844216982,1.0
2697,4.1000000000000005,-5.8999999999999995,9,Hero,0.6434892780250974,1.0
2698,3.7,-6.3,13,Hero,0.7592787284117478,1.0
2699,4.9,-5.1,1,Hero,0.9328327775001526,1.0
2700,4.1000000000000005,-5.8999999999999995,9,Hero,0.994532671239641,1.0
2701,4.300000000000001,-5.699999999999999,7,Hero,0.8214063942432404,1.0
2702,4.300000000000001,-5.699999999999999,7,Hero,0.7915617781026023,1.0
2703,4.1000000000000005,-5.8999999999999995,9,Hero,0.7519117833839523,1.0
2704,3.3,-6.7,17,Hero,0.7109190918066922,1.0
2705,4.800000000000001,-5.199999999999999,2,Hero,0.8890150785446167,1.0
2706,4.0,-6.0,10,Hero,0.6578871935606003,1.0
2707,4.1000000000000005,-5.8999999999999995,9,Hero,0.9192768931388855,1.0
2708,4.2,-5.8,8,Hero,0.7518877238035202,1.0
2709,4.4,-5.6,6,Hero,0.7449550877014796,1.0
2710,3.7,-6.3,13,Hero,0.707597709619082,1.0
2711,4.4,-5.6,6,Hero,0.9156017502148946,1.0
2712,4.5,-5.5,5,Hero,0.9379464507102966,1.0
2713,3.4000000000000004,-6.6,16,Hero,0.6818479271605611,1.0
2714,4.4,-5.6,6,Hero,0.7878157397111257,1.0
2715,4.1000000000000005,-5.8999999999999995,9,Hero,0.9357582926750183,1.0
2716,4.2,-5.8,8,Hero,0.8667637668550014,1.0
2717,4.6000000000000005,-5.3999999999999995,4,Hero,0.55574706569314,1.0
2718,3.6000000000000005,-6.3999999999999995,14,Hero,0.7692898011633328,1.0
2719,4.4,-5.6,6,Hero,0.6799933463335037,1.0
2720,3.5,-6.5,15,Hero,0.6968063672383626,1.0
2721,4.9,-5.1,1,Hero,0.9943037033081055,1.0
2722,4.4,-5.6,6,Hero,0.8589824934800466,1.0
2723,4.7,-5.3,3,Hero,0.6737194657325745,1.0
2724,4.4,-5.6,6,Hero,0.9642358918984731,1.0
2725,4.0,-6.0,10,Hero,0.8265763320028782,1.0
2726,4.2,-5.8,8,Hero,0.7976865991950035,1.0
2727,3.7,-6.3,13,Hero,0.6102188837069732,1.0
2728,4.300000000000001,-5.699999999999999,7,Hero,0.9150682176862445,1.0
2729,3.6000000000000005,-6.3999999999999995,14,Hero,0.7158512068646294,1.0
2730,4.1000000000000005,-5.8999999999999995,9,Hero,0.6412985713945495,1.0
2731,4.7,-5.3,3,Hero,0.9664649168650309,1.0
2732,3.7,-6.3,13,Hero,0.6826628217330346,1.0
2733,4.300000000000001,-5.699999999999999,7,Hero,0.9253317969185966,1.0
2734,3.8000000000000007,-6.199999999999999,12,Hero,0.8285592670241991,1.0
2735,3.0999999999999996,-6.9,19,Hero,0.6111217543090645,1.0
2736,4.0,-6.0,10,Hero,0.7905652403831482,1.0
2737,4.2,-5.8,8,Hero,0.8517532348632812,1.0
2738,3.7,-6.3,13,Hero,0.680294360105808,1.0
2739,4.2,-5.8,8,Hero,0.7488356474786997,1.0
2740,3.0999999999999996,-6.9,19,Hero,0.6781330610576429,1.0
2741,4.1000000000000005,-5.8999999999999995,9,Hero,0.7786710725890266,1.0
2742,4.1000000000000005,-5.8999999999999995,9,Hero,0.9132105575667487,1.0
2743,4.300000000000001,-5.699999999999999,7,Hero,0.7568589236055102,1.0
2744,3.5,-6.5,15,Hero,0.6674550493558248,1.0
2745,3.7,-6.3,13,Hero,0.6224423879041121,1.0
2746,4.7,-5.3,3,Hero,0.5451442301273346,1.0
2747,4.2,-5.8,8,Hero,0.9955415725708008,1.0
2748,3.5,-6.5,15,Hero,0.6836950262387593,1.0
2749,3.9000000000000004,-6.1,11,Hero,0.760291569612243,1.0
2750,4.7,-5.3,3,Hero,0.9289549390474955,1.0
2751,4.9,-5.1,1,Hero,0.7325228452682495,1.0
2752,4.2,-5.8,8,Hero,0.8040302321314812,1.0
2753,3.9000000000000004,-6.1,11,Hero,0.6309879764237187,1.0
2754,-5.1,4.9,1,Villain,0.9581313729286194,1.0
2755,4.7,-5.3,3,Hero,0.8622834285100301,1.0
2756,3.2,-6.8,18,Hero,0.6569944504234526,1.0
2757,4.300000000000001,-5.699999999999999,7,Hero,0.683226924921785,1.0
2758,4.0,-6.0,10,Hero,0.8742310285568238,1.0
2759,3.8000000000000007,-6.199999999999999,12,Hero,0.8548646544416746,1.0
2760,3.6000000000000005,-6.3999999999999995,14,Hero,0.718461417726108,1.0
2761,3.4000000000000004,-6.6,16,Hero,0.6982959845627192,1.0
2762,3.3,-6.7,17,Hero,0.7635378013638889,1.0
2763,4.2,-5.8,8,Hero,0.6581431478261948,1.0
2764,4.1000000000000005,-5.8999999999999995,9,Hero,0.6673515422476662,1.0
2765,4.9,-5.1,1,Hero,0.9985723495483398,1.0
2766,3.7,-6.3,13,Hero,0.6028425123255986,1.0
2767,3.9000000000000004,-6.1,11,Hero,0.7237765897404064,1.0
2768,3.5,-6.5,15,Hero,0.6788127839565277,1.0
2769,3.7,-6.3,13,Hero,0.7293002571050937,1.0
2770,3.7,-6.3,13,Hero,0.7693520578054281,1.0
2771,4.2,-5.8,8,Hero,0.6983475834131241,1.0
2772,4.1000000000000005,-5.8999999999999995,9,Hero,0.7670371921526061,1.0
2773,-5.3999999999999995,4.6000000000000005,4,Villain,0.9729844927787781,1.0
2774,3.6000000000000005,-6.3999999999999995,14,Hero,0.7367144392005035,1.0
2775,4.4,-5.6,6,Hero,0.7575931946436564,1.0
2776,3.5,-6.5,15,Hero,0.7080403248469035,1.0
2777,4.4,-5.6,6,Hero,0.58621446788311,1.0
2778,4.300000000000001,-5.699999999999999,7,Hero,0.9544521825654166,1.0
2779,4.7,-5.3,3,Hero,0.7193841437498728,1.0
2780,4.2,-5.8,8,Hero,0.7420547194778919,1.0
2781,4.800000000000001,-5.199999999999999,2,Hero,0.7815580666065216,1.0
2782,4.7,-5.3,3,Hero,0.7777131994565328,1.0
2783,3.6000000000000005,-6.3999999999999995,14,Hero,0.6481527249727931,1.0
2784,4.4,-5.6,6,Hero,0.5620796158909798,1.0
2785,4.5,-5.5,5,Hero,0.9919997572898864,1.0
2786,3.5,-6.5,15,Hero,0.69981036959216,1.0
2787,3.7,-6.3,13,Hero,0.6619551594440753,1.0
2788,3.7,-6.3,13,Hero,0.7219497549992341,1.0
2789,4.2,-5.8,8,Hero,0.9591564685106277,1.0
2790,3.6000000000000005,-6.3999999999999995,14,Hero,0.7737407961062023,1.0
2791,4.300000000000001,-5.699999999999999,7,Hero,0.7391709217003414,1.0
2792,3.6000000000000005,-6.3999999999999995,14,Hero,0.7024777361324855,1.0
2793,4.0,-6.0,10,Hero,0.7880219243466854,1.0
2794,3.7,-6.3,13,Hero,0.7153083444214784,1.0
2795,4.0,-6.0,10,Hero,0.8237147480249405,1.0
2796,3.5,-6.5,15,Hero,0.6979544907808304,1.0
2797,4.300000000000001,-5.699999999999999,7,Hero,0.845268223966871,1.0
2798,4.300000000000001,-5.699999999999999,7,Hero,0.7994098620755332,1.0
2799,4.2,-5.8,8,Hero,0.8995235860347748,1.0
2800,4.4,-5.6,6,Hero,0.7055868705113729,1.0
2801,4.6000000000000005,-5.3999999999999995,4,Hero,0.7396460324525833,1.0
2802,4.4,-5.6,6,Hero,0.7171350121498108,1.0
2803,4.1000000000000005,-5.8999999999999995,9,Hero,0.9910617735650804,1.0
2804,4.2,-5.8,8,Hero,0.7241047136485577,1.0
2805,4.6000000000000005,-5.3999999999999995,4,Hero,0.9717792272567749,1.0
2806,4.9,-5.1,1,Hero,0.9334737062454224,1.0
2807,4.800000000000001,-5.199999999999999,2,Hero,0.6098556816577911,1.0
2808,4.4,-5.6,6,Hero,0.7267548243204752,1.0
2809,3.4000000000000004,-6.6,16,Hero,0.6810589767992496,1.0
2810,4.1000000000000005,-5.8999999999999995,9,Hero,0.928942342599233,1.0
2811,4.4,-5.6,6,Hero,0.7045890142520269,1.0
2812,4.2,-5.8,8,Hero,0.7875212952494621,1.0
2813,4.4,-5.6,6,Hero,0.7179689705371857,1.0
2814,3.7,-6.3,13,Hero,0.8062936388529264,1.0
2815,3.7,-6.3,13,Hero,0.6752307598407452,1.0
2816,4.2,-5.8,8,Hero,0.5853846725076437,1.0
2817,4.5,-5.5,5,Hero,0.7615483522415161,1.0
2818,4.1000000000000005,-5.8999999999999995,9,Hero,0.8513628840446472,1.0
2819,4.7,-5.3,3,Hero,0.9588488141695658,1.0
2820,4.1000000000000005,-5.8999999999999995,9,Hero,0.8446760872999827,1.0
2821,4.6000000000000005,-5.3999999999999995,4,Hero,0.690557423979044,1.0
2822,3.7,-6.3,13,Hero,0.7047672615601466,1.0
2823,4.5,-5.5,5,Hero,0.7461836040019989,1.0
2824,4.5,-5.5,5,Hero,0.9737031579017639,1.0
2825,4.5,-5.5,5,Hero,0.9720523118972778,1.0
2826,4.0,-6.0,10,Hero,0.9254296720027924,1.0
2827,3.6000000000000005,-6.3999999999999995,14,Hero,0.7628174626401493,1.0
2828,4.4,-5.6,6,Hero,0.7579051405191422,1.0
2829,4.0,-6.0,10,Hero,0.9225525617599487,1.0
2830,3.5,-6.5,15,Hero,0.6795948068300883,1.0
2831,4.5,-5.5,5,Hero,0.7707846641540528,1.0
2832,4.2,-5.8,8,Hero,0.7405192218720913,1.0
2833,4.0,-6.0,10,Hero,0.7438551686704159,1.0
2834,3.7,-6.3,13,Hero,0.6437248994524662,1.0
2835,4.2,-5.8,8,Hero,0.7378603983670473,1.0
2836,3.8000000000000007,-6.199999999999999,12,Hero,0.8348428135116895,1.0
2837,4.7,-5.3,3,Hero,0.7244868775208791,1.0
2838,3.2,-6.8,18,Hero,0.6637508364187347,1.0
2839,4.1000000000000005,-5.8999999999999995,9,Hero,0.6063314709398482,1.0
2840,4.5,-5.5,5,Hero,0.8270533502101898,1.0
2841,4.7,-5.3,3,Hero,0.9745430747667948,1.0
2842,4.2,-5.8,8,Hero,0.7659551929682493,1.0
2843,3.7,-6.3,13,Hero,0.7604700154983081,1.0
2844,3.9000000000000004,-6.1,11,Hero,0.7461649504574862,1.0
2845,3.5,-6.5,15,Hero,0.7175336480140686,1.0
2846,4.1000000000000005,-5.8999999999999995,9,Hero,0.9346173538102044,1.0
2847,4.5,-5.5,5,Hero,0.7315674692392349,1.0
2848,4.300000000000001,-5.699999999999999,7,Hero,0.7814484238624573,1.0
2849,3.7,-6.3,13,Hero,0.6987637052169213,1.0
2850,4.5,-5.5,5,Hero,0.7101292967796325,1.0
2851,3.9000000000000004,-6.1,11,Hero,0.8688394657590173,1.0
2852,4.4,-5.6,6,Hero,0.9714974562327067,1.0
2853,4.5,-5.5,5,Hero,0.9814568042755127,1.0
2854,4.0,-6.0,10,Hero,0.8217261850833892,1.0
2855,4.7,-5.3,3,Hero,0.9731384714444479,1.0
2856,4.300000000000001,-5.699999999999999,7,Hero,0.7612189810190882,1.0
2857,3.3,-6.7,17,Hero,0.6582512774449938,1.0
2858,3.7,-6.3,13,Hero,0.7468809760533847,1.0
2859,4.1000000000000005,-5.8999999999999995,9,Hero,0.9875486029518975,1.0
2860,3.9000000000000004,-6.1,11,Hero,0.6591109078038823,1.0
2861,3.8000000000000007,-6.199999999999999,12,Hero,0.6541120186448097,1.0
2862,4.4,-5.6,6,Hero,0.9625177184740702,1.0
2863,4.0,-6.0,10,Hero,0.6805277056992054,1.0
2864,4.300000000000001,-5.699999999999999,7,Hero,0.7494924111025674,1.0
2865,3.7,-6.3,13,Hero,0.7804695940934695,1.0
2866,3.6000000000000005,-6.3999999999999995,14,Hero,0.7467235944100789,1.0
2867,4.0,-6.0,10,Hero,0.8464057624340058,1.0
2868,4.6000000000000005,-5.3999999999999995,4,Hero,0.9419612288475037,1.0
2869,4.5,-5.5,5,Hero,0.6616945475339889,1.0
2870,4.300000000000001,-5.699999999999999,7,Hero,0.8165465039866311,1.0
2871,3.9000000000000004,-6.1,11,Hero,0.7544326321645216,1.0
2872,3.8000000000000007,-6.199999999999999,12,Hero,0.7558193405469259,1.0
2873,4.6000000000000005,-5.3999999999999995,4,Hero,0.8322274088859558,1.0
2874,4.2,-5.8,8,Hero,0.7722424454987049,1.0
2875,3.9000000000000004,-6.1,11,Hero,0.6053829843347723,1.0
2876,4.5,-5.5,5,Hero,0.7735479980707168,1.0
2877,3.9000000000000004,-6.1,11,Hero,0.8311146037145094,1.0
2878,4.800000000000001,-5.199999999999999,2,Hero,0.9001157879829407,1.0
2879,3.7,-6.3,13,Hero,0.7544144919285407,1.0
2880,4.800000000000001,-5.199999999999999,2,Hero,0.8735775053501129,1.0
2881,4.1000000000000005,-5.8999999999999995,9,Hero,0.686825248102347,1.0
2882,3.7,-6.3,13,Hero,0.7260151895192953,1.0
2883,4.300000000000001,-5.699999999999999,7,Hero,0.7519485098975045,1.0
2884,4.300000000000001,-5.699999999999999,7,Hero,0.8037193587848118,1.0
2885,4.4,-5.6,6,Hero,0.7534334982434908,1.0
2886,4.300000000000001,-5.699999999999999,7,Hero,0.7552160343953541,1.0
2887,4.1000000000000005,-5.8999999999999995,9,Hero,0.6161518113480674,1.0
2888,4.300000000000001,-5.699999999999999,7,Hero,0.7282665733780179,1.0
2889,4.0,-6.0,10,Hero,0.688245740532875,1.0
2890,4.6000000000000005,-5.3999999999999995,4,Hero,0.6323599833995104,1.0
2891,4.2,-5.8,8,Hero,0.9815301224589348,1.0
2892,3.6000000000000005,-6.3999999999999995,14,Hero,0.657253375010831,1.0
2893,4.800000000000001,-5.199999999999999,2,Hero,0.4975539930164814,1.0
2894,3.8000000000000007,-6.199999999999999,12,Hero,0.7944334472219149,1.0
2895,4.1000000000000005,-5.8999999999999995,9,Hero,0.9733098877800835,1.0
2896,3.9000000000000004,-6.1,11,Hero,0.864349825815721,1.0
2897,4.0,-6.0,10,Hero,0.910887548327446,1.0
2898,3.8000000000000007,-6.199999999999999,12,Hero,0.7189572925368944,1.0
2899,3.4000000000000004,-6.6,16,Hero,0.6903354227542877,1.0
2900,4.1000000000000005,-5.8999999999999995,9,Hero,0.8403626763158374,1.0
2901,4.5,-5.5,5,Hero,0.724908834695816,1.0
2902,4.2,-5.8,8,Hero,0.706549234688282,1.0
2903,4.5,-5.5,5,Hero,0.7414202928543091,1.0
2904,3.6000000000000005,-6.3999999999999995,14,Hero,0.6496225068611758,1.0
2905,4.4,-5.6,6,Hero,0.8854669034481049,1.0
2906,4.4,-5.6,6,Hero,0.647319902976354,1.0
2907,3.9000000000000004,-6.1,11,Hero,0.8148990652777932,1.0
2908,4.7,-5.3,3,Hero,0.9838834603627523,1.0
2909,3.5,-6.5,15,Hero,0.5897306323652932,1.0
2910,3.4000000000000004,-6.6,16,Hero,0.6996743632480502,1.0
2911,-5.3,4.7,3,Villain,0.7269498209158579,1.0
2912,4.4,-5.6,6,Hero,0.6701344773173332,1.0
2913,4.0,-6.0,10,Hero,0.7368452951312066,1.0
2914,3.6000000000000005,-6.3999999999999995,14,Hero,0.7076901687043053,1.0
2915,4.4,-5.6,6,Hero,0.6886130074659983,1.0
2916,3.7,-6.3,13,Hero,0.7436607915621537,1.0
2917,4.6000000000000005,-5.3999999999999995,4,Hero,0.6899399310350418,1.0
2918,3.2,-6.8,18,Hero,0.7348109996981091,1.0
2919,4.5,-5.5,5,Hero,0.7761562943458558,1.0
2920,4.0,-6.0,10,Hero,0.7527484655380249,1.0
2921,4.300000000000001,-5.699999999999999,7,Hero,0.9705175587109157,1.0
2922,3.8000000000000007,-6.199999999999999,12,Hero,0.728607298185428,1.0
2923,4.0,-6.0,10,Hero,0.848958569765091,1.0
2924,3.3,-6.7,17,Hero,0.6650786811814589,1.0
2925,4.2,-5.8,8,Hero,0.8060776591300964,1.0
2926,4.800000000000001,-5.199999999999999,2,Hero,0.8715369701385498,1.0
2927,3.9000000000000004,-6.1,11,Hero,0.7860499539158561,1.0
2928,4.1000000000000005,-5.8999999999999995,9,Hero,0.7578910456763374,1.0
2929,3.8000000000000007,-6.199999999999999,12,Hero,0.8362646698951721,1.0
2930,-5.1,4.9,1,Villain,0.9799454212188721,1.0
2931,3.6000000000000005,-6.3999999999999995,14,Hero,0.6842744903905051,1.0
2932,4.2,-5.8,8,Hero,0.8389613479375839,1.0
2933,3.3,-6.7,17,Hero,0.6201064902193406,1.0
2934,4.4,-5.6,6,Hero,0.630465030670166,1.0
2935,3.8000000000000007,-6.199999999999999,12,Hero,0.7647247662146887,1.0
2936,4.6000000000000005,-5.3999999999999995,4,Hero,0.7678884640336037,1.0
2937,4.4,-5.6,6,Hero,0.8630956610043844,1.0
2938,-5.1,4.9,1,Villain,0.011086634360253811,1.0
2939,-5.1,4.9,1,Villain,0.5521026253700256,1.0
2940,4.1000000000000005,-5.8999999999999995,9,Hero,0.9910635087225173,1.0
2941,3.9000000000000004,-6.1,11,Hero,0.6659979942170057,1.0
2942,4.1000000000000005,-5.8999999999999995,9,Hero,0.8871468901634216,1.0
2943,3.6000000000000005,-6.3999999999999995,14,Hero,0.7226242758333683,1.0
2944,4.4,-5.6,6,Hero,0.6923971921205521,1.0
2945,4.0,-6.0,10,Hero,0.7335451871156693,1.0
2946,4.1000000000000005,-5.8999999999999995,9,Hero,0.984618624051412,1.0
2947,4.1000000000000005,-5.8999999999999995,9,Hero,0.8410787847306993,1.0
2948,4.800000000000001,-5.199999999999999,2,Hero,0.7022137939929962,1.0
2949,3.8000000000000007,-6.199999999999999,12,Hero,0.7647404596209526,1.0
2950,4.6000000000000005,-5.3999999999999995,4,Hero,0.524962592869997,1.0
2951,3.6000000000000005,-6.3999999999999995,14,Hero,0.737023415808965,1.0
2952,4.2,-5.8,8,Hero,0.8064214214682579,1.0
2953,4.2,-5.8,8,Hero,0.9943894445896149,1.0
2954,3.8000000000000007,-6.199999999999999,12,Hero,0.7625699539979299,1.0
2955,4.7,-5.3,3,Hero,0.9218343098958334,1.0
2956,4.4,-5.6,6,Hero,0.6795494506756464,1.0
2957,4.0,-6.0,10,Hero,0.6950368180871009,1.0
2958,4.6000000000000005,-5.3999999999999995,4,Hero,0.9973791688680649,1.0
2959,4.1000000000000005,-5.8999999999999995,9,Hero,0.9773357311884562,1.0
2960,3.5,-6.5,15,Hero,0.7194990624984106,1.0
2961,3.8000000000000007,-6.199999999999999,12,Hero,0.6978577623764673,1.0
2962,4.2,-5.8,8,Hero,0.7513292729854584,1.0
2963,3.5,-6.5,15,Hero,0.6404419024785359,1.0
2964,4.6000000000000005,-5.3999999999999995,4,Hero,0.558253176510334,1.0
2965,4.5,-5.5,5,Hero,0.764117956161499,1.0
2966,3.8000000000000007,-6.199999999999999,12,Hero,0.7256642207503319,1.0
2967,4.6000000000000005,-5.3999999999999995,4,Hero,0.8541068732738495,1.0
2968,4.2,-5.8,8,Hero,0.6526466906070709,1.0
2969,4.2,-5.8,8,Hero,0.9313546940684319,1.0
2970,4.0,-6.0,10,Hero,0.7634207963943481,1.0
2971,3.5,-6.5,15,Hero,0.6931982348362605,1.0
2972,4.1000000000000005,-5.8999999999999995,9,Hero,0.8300345904297299,1.0
2973,4.7,-5.3,3,Hero,0.7170695265134176,1.0
2974,3.8000000000000007,-6.199999999999999,12,Hero,0.6792194371422132,1.0
2975,4.300000000000001,-5.699999999999999,7,Hero,0.8540769858019692,1.0
2976,4.2,-5.8,8,Hero,0.684333398938179,1.0
2977,4.1000000000000005,-5.8999999999999995,9,Hero,0.6818890968958536,1.0
2978,4.2,-5.8,8,Hero,0.7224471475929022,1.0
2979,3.7,-6.3,13,Hero,0.638496207503172,1.0
2980,3.7,-6.3,13,Hero,0.8445250988006592,1.0
2981,4.800000000000001,-5.199999999999999,2,Hero,0.9684336483478546,1.0
2982,4.0,-6.0,10,Hero,0.6808704331517219,1.0
2983,3.5,-6.5,15,Hero,0.6348195443550746,1.0
2984,3.7,-6.3,13,Hero,0.69058124262553,1.0
2985,4.5,-5.5,5,Hero,0.8369970440864563,1.0
2986,3.8000000000000007,-6.199999999999999,12,Hero,0.7267227346698443,1.0
2987,4.300000000000001,-5.699999999999999,7,Hero,0.6762172962938037,1.0
2988,3.5,-6.5,15,Hero,0.6883633335431417,1.0
2989,4.4,-5.6,6,Hero,0.7335959176222483,1.0
2990,4.2,-5.8,8,Hero,0.8679060349240899,1.0
2991,4.2,-5.8,8,Hero,0.6438751667737961,1.0
2992,4.800000000000001,-5.199999999999999,2,Hero,0.9350163340568542,1.0
2993,3.5,-6.5,15,Hero,0.7189269820849101,1.0
2994,3.4000000000000004,-6.6,16,Hero,0.6747898845933378,1.0
2995,2.9,-7.1,21,Hero,0.6616526799542564,1.0
2996,4.300000000000001,-5.699999999999999,7,Hero,0.9850931508200509,1.0
2997,3.4000000000000004,-6.6,16,Hero,0.7384079433977604,1.0
2998,3.5,-6.5,15,Hero,0.7047304213047028,1.0
2999,4.2,-5.8,8,Hero,0.7397246453911066,1.0
3000,4.4,-5.6,6,Hero,0.7830944508314133,1.0
