episode,hero_reward,villain_reward,steps,winner,hero_avg_prob,villain_avg_prob
1,-4.999999999999998,-4.999999999999998,50,None,0.953957846025005,0.4443779371958226
2,-4.999999999999998,-4.999999999999998,50,None,0.7778435103222727,0.4899415876530111
3,-4.999999999999998,-4.999999999999998,50,None,0.8234293351322413,0.37400429099798205
4,-4.999999999999998,-4.999999999999998,50,None,0.7743138625659048,0.44831285800784826
5,-4.999999999999998,-4.999999999999998,50,None,0.9224067075364292,0.3625504559278488
6,-4.999999999999998,-4.999999999999998,50,None,0.9361084002256393,0.3441669857501984
7,-4.999999999999998,-4.999999999999998,50,None,0.8615709006413818,0.38719913095235825
8,-4.999999999999998,-4.999999999999998,50,None,0.6661131333187222,0.5557961575873196
9,-4.999999999999998,-4.999999999999998,50,None,0.6406501012668013,0.4233329493552446
10,-4.999999999999998,-4.999999999999998,50,None,0.6931482293084263,0.47302103132009504
11,-4.999999999999998,-4.999999999999998,50,None,0.7999069876968861,0.4595888440310955
12,-4.999999999999998,-4.999999999999998,50,None,0.5342833929508924,0.40347091101109983
13,-5.8999999999999995,4.1000000000000005,9,Villain,0.3102165444029702,0.5411479522784551
14,-4.999999999999998,-4.999999999999998,50,None,0.614124490134418,0.5296011335402727
15,-4.999999999999998,-4.999999999999998,50,None,0.8099013002589345,0.533397718667984
16,-4.999999999999998,-4.999999999999998,50,None,0.7899873416125774,0.4989041704358533
17,-4.999999999999998,-4.999999999999998,50,None,0.6226634125411511,0.5351279851794243
18,-6.199999999999999,3.8000000000000007,12,Villain,0.4784787930548191,0.7130791991949081
19,-4.999999999999998,-4.999999999999998,50,None,0.46887326128780843,0.6496052034199238
20,-5.3,4.7,3,Villain,0.8876618345578512,0.8828128576278687
21,-5.699999999999999,4.300000000000001,7,Villain,0.3316230582339423,0.7586919346026012
22,-4.999999999999998,-4.999999999999998,50,None,0.8640116988122464,0.9635825216583908
23,-7.2,2.8,22,Villain,0.4645924351432107,0.8538459028032693
24,-5.1,4.9,1,Villain,0.16128678619861603,0.9993717074394226
25,2.2999999999999994,-7.700000000000001,27,Hero,0.32636293051419435,0.9672633541954888
26,-4.999999999999998,-4.999999999999998,50,None,0.4103215380012989,0.9707961374800652
27,-4.999999999999998,-4.999999999999998,50,None,0.6508571997284889,0.9498862827540142
28,-4.999999999999998,-4.999999999999998,50,None,0.4101146100461483,0.9946318244934083
29,-4.999999999999998,-4.999999999999998,50,None,0.323349626660347,0.9299377822875976
30,-4.999999999999998,-4.999999999999998,50,None,0.30354072332382204,0.9948091626167297
31,-4.999999999999998,-4.999999999999998,50,None,0.34722933620214463,0.9965314018726349
32,-4.999999999999998,-4.999999999999998,50,None,0.6755098003149033,0.999243665933609
33,-8.200000000000001,1.799999999999999,32,Villain,0.6873844037763774,0.9983420446515083
34,-6.7,3.3,17,Villain,0.5217982892166165,0.9980001239215627
35,-4.999999999999998,-4.999999999999998,50,None,0.45750110544264316,0.9927819645404816
36,-6.3999999999999995,3.6000000000000005,14,Villain,0.4414835527007069,0.9948532964502063
37,-4.999999999999998,-4.999999999999998,50,None,0.28263160318136216,0.9955588352680206
38,-4.999999999999998,-4.999999999999998,50,None,0.36476318538188934,0.9659522803127766
39,-4.999999999999998,-4.999999999999998,50,None,0.39375423818826677,0.9995162987709045
40,-5.5,4.5,5,Villain,0.48661192804574965,0.9991428852081299
41,-4.999999999999998,-4.999999999999998,50,None,0.48248079560697077,0.9785481977462769
42,-4.999999999999998,-4.999999999999998,50,None,0.5328478324413299,0.9425449828058481
43,-4.999999999999998,-4.999999999999998,50,None,0.3231165187060833,0.9882502710819244
44,-4.999999999999998,-4.999999999999998,50,None,0.7051098528504371,0.9873583316802979
45,-4.999999999999998,-4.999999999999998,50,None,0.37646356850862506,0.9730978317186236
46,-4.999999999999998,-4.999999999999998,50,None,0.7157333563268184,0.9467239221557975
47,4.6000000000000005,-5.3999999999999995,4,Hero,0.4928501173853874,0.9999620616436005
48,-4.999999999999998,-4.999999999999998,50,None,0.4388642197847366,0.9995634818077087
49,-4.999999999999998,-4.999999999999998,50,None,0.4156549488008022,0.9987689507007599
50,-7.0,3.0,20,Villain,0.2606863997876644,0.8689522467553615
51,-4.999999999999998,-4.999999999999998,50,None,0.47180825933814047,0.9993487656116485
52,-4.999999999999998,-4.999999999999998,50,None,0.36199924439191816,0.9358094360679388
53,-4.999999999999998,-4.999999999999998,50,None,0.7307915076054633,0.9953516888618469
54,-4.999999999999998,-4.999999999999998,50,None,0.46834272414445877,0.8774604367092251
55,-4.999999999999998,-4.999999999999998,50,None,0.5264052151888609,0.9701280486769974
56,-4.999999999999998,-4.999999999999998,50,None,0.3296285180747509,0.7478663240745663
57,-4.999999999999998,-4.999999999999998,50,None,0.6212749876081943,0.9659373599290848
58,-4.999999999999998,-4.999999999999998,50,None,0.41135146327316763,0.9743741088639944
59,-4.999999999999998,-4.999999999999998,50,None,0.38873954057693483,0.9660655086254701
60,-4.999999999999998,-4.999999999999998,50,None,0.8377725528366864,0.997081378698349
61,-4.999999999999998,-4.999999999999998,50,None,0.6955704990774393,0.9643780747987329
62,-5.199999999999999,4.800000000000001,2,Villain,0.32469242066144943,0.8673476576805115
63,-4.999999999999998,-4.999999999999998,50,None,0.4992439418658614,0.9972881245613098
64,4.2,-5.8,8,Hero,0.36315623950213194,0.9999537169933319
65,-4.999999999999998,-4.999999999999998,50,None,0.43940543964505197,0.9986154961585999
66,-4.999999999999998,-4.999999999999998,50,None,0.7539359334856272,0.9946140813827514
67,-4.999999999999998,-4.999999999999998,50,None,0.46464272897690534,0.9995409035682679
68,-6.0,4.0,10,Villain,0.44649623334407806,0.9906857550144196
69,-4.999999999999998,-4.999999999999998,50,None,0.5126494286209344,0.9335141528770328
70,-4.999999999999998,-4.999999999999998,50,None,0.42736473083496096,0.9770878016017377
71,-4.999999999999998,-4.999999999999998,50,None,0.7107486483082175,0.9992557978630066
72,-4.999999999999998,-4.999999999999998,50,None,0.7479748775064945,0.9985548686981202
73,-9.799999999999999,0.20000000000000107,48,Villain,0.4218229382143666,0.8605995798716322
74,-4.999999999999998,-4.999999999999998,50,None,0.6363111929595471,0.9997372090816498
75,-4.999999999999998,-4.999999999999998,50,None,0.6468613866344094,0.9972668790817261
76,-4.999999999999998,-4.999999999999998,50,None,0.30968710981309416,0.9729571437835693
77,-6.3999999999999995,3.6000000000000005,14,Villain,0.4775265332843576,0.9993195533752441
78,-6.3999999999999995,3.6000000000000005,14,Villain,0.5758068014734558,0.9997834648404803
79,-4.999999999999998,-4.999999999999998,50,None,0.5629579462856055,0.994348771572113
80,0.40000000000000036,-9.6,46,Hero,0.4861702689010164,0.9993593666864478
81,-4.999999999999998,-4.999999999999998,50,None,0.3462569092214107,0.9382812544703484
82,-9.200000000000001,0.7999999999999989,42,Villain,0.4231624625889318,0.9996725448540279
83,-4.999999999999998,-4.999999999999998,50,None,0.5678108308091759,0.9753001613542438
84,-4.999999999999998,-4.999999999999998,50,None,0.3246195128560066,0.8543646804080345
85,-4.999999999999998,-4.999999999999998,50,None,0.4665109345316887,0.9990842032432556
86,-4.999999999999998,-4.999999999999998,50,None,0.5811489535868168,0.9937900698184967
87,-4.999999999999998,-4.999999999999998,50,None,0.36206412136554716,0.9729523684084416
88,2.1999999999999993,-7.800000000000001,28,Hero,0.45529502337532385,0.9996890808854785
89,-4.999999999999998,-4.999999999999998,50,None,0.2978488555550575,0.8624225563183426
90,-4.999999999999998,-4.999999999999998,50,None,0.6402340269088745,0.995528804063797
91,-9.899999999999999,0.10000000000000142,49,Villain,0.5678026298327106,0.9974723446125887
92,-4.999999999999998,-4.999999999999998,50,None,0.48000870138406754,0.9959922862052918
93,-4.999999999999998,-4.999999999999998,50,None,0.42096019282937047,0.999626933336258
94,-8.3,1.6999999999999988,33,Villain,0.43588753925128415,0.9806970664949128
95,-5.5,4.5,5,Villain,0.5131472617387771,0.9927531361579895
96,3.6000000000000005,-6.3999999999999995,14,Hero,0.4412824224148478,0.9999061311994281
97,1.3999999999999986,-8.600000000000001,36,Hero,0.3476993636124664,0.9937871578666899
98,-4.999999999999998,-4.999999999999998,50,None,0.35448368147015574,0.9987227594852448
99,-5.1,4.9,1,Villain,0.6075965762138367,0.9966957569122314
100,4.2,-5.8,8,Hero,0.4004735257476568,0.9999871551990509
101,-5.5,4.5,5,Villain,0.2655165821313858,0.6640039294958114
102,-4.999999999999998,-4.999999999999998,50,None,0.4191038791835308,0.9999134516716004
103,-4.999999999999998,-4.999999999999998,50,None,0.4003634186089039,0.9790284037712262
104,4.0,-6.0,10,Hero,0.6753637433052063,0.9999045252799987
105,-7.0,3.0,20,Villain,0.3003779876977205,0.9787071466445922
106,-5.1,4.9,1,Villain,0.4721330404281616,0.9999997615814209
107,0.40000000000000036,-9.6,46,Hero,0.44110164418816566,0.9998082311257072
108,-4.999999999999998,-4.999999999999998,50,None,0.32451422199606894,0.997537339925766
109,4.1000000000000005,-5.8999999999999995,9,Hero,0.5811815882722536,0.9999654955334134
110,-5.199999999999999,4.800000000000001,2,Villain,0.2214493528008461,0.4595896825194359
111,0.6999999999999993,-9.3,43,Hero,0.4162335749282393,0.9996565164521684
112,-4.999999999999998,-4.999999999999998,50,None,0.6085798162221908,0.9996411430835724
113,-4.999999999999998,-4.999999999999998,50,None,0.5661254650354386,0.9991739094257355
114,-4.999999999999998,-4.999999999999998,50,None,0.5957147701084614,0.9997288691997528
115,-5.1,4.9,1,Villain,0.19772809743881226,0.9983527660369873
116,2.2999999999999994,-7.700000000000001,27,Hero,0.47132380803426105,0.9996753975197121
117,4.1000000000000005,-5.8999999999999995,9,Hero,0.52988733847936,0.9999885029262967
118,0.6999999999999993,-9.3,43,Hero,0.46208738137123195,0.9999898782996244
119,4.2,-5.8,8,Hero,0.5401793587952852,0.9999723434448242
120,4.2,-5.8,8,Hero,0.5506352819502354,0.9999953359365463
121,-5.699999999999999,4.300000000000001,7,Villain,0.2620341937456812,0.9022690398352486
122,2.5999999999999996,-7.4,24,Hero,0.5564998829116424,0.9998670369386673
123,-4.999999999999998,-4.999999999999998,50,None,0.4260836439207196,0.9991095125675201
124,4.6000000000000005,-5.3999999999999995,4,Hero,0.8079387992620468,0.9999959766864777
125,-4.999999999999998,-4.999999999999998,50,None,0.5061486390978098,0.9997906458377838
126,2.6999999999999997,-7.300000000000001,23,Hero,0.526785544079283,0.9999420513277468
127,4.7,-5.3,3,Hero,0.5825755894184113,0.9999991257985433
128,-4.999999999999998,-4.999999999999998,50,None,0.5512872044742108,0.9999989628791809
129,0.3000000000000007,-9.7,47,Hero,0.6597545581295136,0.999965712111047
130,2.8,-7.2,22,Hero,0.6644887693903663,0.9999923651868646
131,-5.5,4.5,5,Villain,0.2833219408988953,0.5975738480687142
132,3.3,-6.7,17,Hero,0.6919125305379138,0.9999989130917717
133,4.9,-5.1,1,Hero,0.8168805241584778,0.999998927116394
134,3.4000000000000004,-6.6,16,Hero,0.6082549424972967,0.9999997913837433
135,3.2,-6.8,18,Hero,0.6507872314088874,0.9999963310029771
136,4.4,-5.6,6,Hero,0.7655692348877589,0.9998937050501505
137,4.6000000000000005,-5.3999999999999995,4,Hero,0.6767810415476561,1.0
138,3.8000000000000007,-6.199999999999999,12,Hero,0.5237705943485101,0.9999957283337911
139,3.7,-6.3,13,Hero,0.557480962947011,0.9999565986486582
140,3.7,-6.3,13,Hero,0.5659501306139506,0.9999861258726853
141,4.1000000000000005,-5.8999999999999995,9,Hero,0.4762485424677531,0.9998406635390388
142,3.7,-6.3,13,Hero,0.49716530167139494,0.9999880240513728
143,4.0,-6.0,10,Hero,0.4102146953344345,0.9999954581260682
144,3.9000000000000004,-6.1,11,Hero,0.47670178521763196,0.9998628009449352
145,4.2,-5.8,8,Hero,0.47891633957624435,0.9999996721744537
146,3.8000000000000007,-6.199999999999999,12,Hero,0.5277030492822329,0.9999982515970866
147,3.8000000000000007,-6.199999999999999,12,Hero,0.5135092760125796,0.9999398291110992
148,1.3999999999999986,-8.600000000000001,36,Hero,0.36593915956715745,0.8960012623315884
149,4.0,-6.0,10,Hero,0.5264062628149986,0.9999497056007385
150,3.9000000000000004,-6.1,11,Hero,0.6149279481985352,0.9999974532560869
151,4.6000000000000005,-5.3999999999999995,4,Hero,0.49371373653411865,1.0
152,-5.5,4.5,5,Villain,0.2692601602524519,0.9999225020408631
153,4.300000000000001,-5.699999999999999,7,Hero,0.504226062979017,0.9999896117619106
154,3.5,-6.5,15,Hero,0.4610141932964325,0.9999563455581665
155,3.6000000000000005,-6.3999999999999995,14,Hero,0.5076557521575263,0.9997336736747197
156,4.0,-6.0,10,Hero,0.5217565402388573,0.9999997735023498
157,4.4,-5.6,6,Hero,0.5182681034008662,0.9999774495760599
158,3.8000000000000007,-6.199999999999999,12,Hero,0.5032835529806713,0.9998790870110194
159,3.4000000000000004,-6.6,16,Hero,0.4573300927877426,0.9999922215938568
160,4.1000000000000005,-5.8999999999999995,9,Hero,0.614859574370914,0.9999973244137235
161,4.1000000000000005,-5.8999999999999995,9,Hero,0.4636777059899436,0.9999967945946587
162,3.2,-6.8,18,Hero,0.4946953227950467,0.9996720883581374
163,2.3999999999999995,-7.6000000000000005,26,Hero,0.43094837493621385,0.9998075480644519
164,4.7,-5.3,3,Hero,0.5259076356887817,1.0
165,3.8000000000000007,-6.199999999999999,12,Hero,0.49996908754110336,0.999730239311854
166,3.9000000000000004,-6.1,11,Hero,0.7024682150645689,0.9999998157674616
167,4.6000000000000005,-5.3999999999999995,4,Hero,0.5023287311196327,0.9999999403953552
168,3.8000000000000007,-6.199999999999999,12,Hero,0.5231870440766215,0.9999989767869314
169,3.3,-6.7,17,Hero,0.4907674438813153,0.9999516080407536
170,3.8000000000000007,-6.199999999999999,12,Hero,0.6023479951545596,0.9999805390834808
171,3.6000000000000005,-6.3999999999999995,14,Hero,0.5076991000345775,0.9999997871262687
172,4.1000000000000005,-5.8999999999999995,9,Hero,0.6553964813550314,0.9999892446729872
173,4.5,-5.5,5,Hero,0.626995038986206,0.9999997854232788
174,-5.1,4.9,1,Villain,0.08586496859788895,0.9999426603317261
175,4.0,-6.0,10,Hero,0.5107683569192887,0.9999970316886901
176,0.5,-9.5,45,Hero,0.44416343451788026,0.9999894168641832
177,3.8000000000000007,-6.199999999999999,12,Hero,0.5676350618402163,0.9999653100967407
178,4.4,-5.6,6,Hero,0.5030346587300301,0.9999998609224955
179,4.0,-6.0,10,Hero,0.5607143551111221,0.9999999880790711
180,4.800000000000001,-5.199999999999999,2,Hero,0.6822651624679565,0.9999991655349731
181,4.2,-5.8,8,Hero,0.6257396414875984,0.9999416396021843
182,2.9,-7.1,21,Hero,0.46428023518196176,0.9999594262668065
183,3.4000000000000004,-6.6,16,Hero,0.49142222478985786,0.9999956041574478
184,2.8,-7.2,22,Hero,0.449363036589189,0.9999725222587585
185,4.300000000000001,-5.699999999999999,7,Hero,0.8563337326049805,0.9999994209834507
186,2.5999999999999996,-7.4,24,Hero,0.5145700895227492,0.9999999900658926
187,4.300000000000001,-5.699999999999999,7,Hero,0.6482244431972504,0.9999646970203945
188,3.9000000000000004,-6.1,11,Hero,0.6083517453887246,0.9999998049302534
189,2.9,-7.1,21,Hero,0.5168747770422626,0.999686979112171
190,2.4999999999999996,-7.5,25,Hero,0.6278867107629776,0.9999999713897705
191,4.1000000000000005,-5.8999999999999995,9,Hero,0.9215090009901259,0.9999975230958726
192,4.2,-5.8,8,Hero,0.5993442945182323,0.9999982267618179
193,3.4000000000000004,-6.6,16,Hero,0.49792279160465114,1.0
194,3.9000000000000004,-6.1,11,Hero,0.7437305470759218,0.9999998157674616
195,3.2,-6.8,18,Hero,0.4791190226872762,0.9999269710646735
196,2.8,-7.2,22,Hero,0.5805328684774312,0.9999999403953552
197,3.0999999999999996,-6.9,19,Hero,0.5162830086130845,1.0
198,3.3,-6.7,17,Hero,0.5255946942112025,0.9998299654792336
199,3.8000000000000007,-6.199999999999999,12,Hero,0.5549138449132442,1.0
200,4.300000000000001,-5.699999999999999,7,Hero,0.490690861429487,1.0
201,4.2,-5.8,8,Hero,0.6576941814273596,0.9999999552965164
202,4.2,-5.8,8,Hero,0.6932597868144512,0.9999987781047821
203,3.5,-6.5,15,Hero,0.5288649598757426,1.0
204,4.300000000000001,-5.699999999999999,7,Hero,0.5006835928985051,1.0
205,4.6000000000000005,-5.3999999999999995,4,Hero,0.5019237920641899,1.0
206,4.6000000000000005,-5.3999999999999995,4,Hero,0.6455409228801727,1.0
207,4.800000000000001,-5.199999999999999,2,Hero,0.4910593032836914,1.0
208,3.6000000000000005,-6.3999999999999995,14,Hero,0.5145186356135777,0.9999780356884003
209,3.4000000000000004,-6.6,16,Hero,0.6359060183167458,0.9999998137354851
210,3.9000000000000004,-6.1,11,Hero,0.49169569377872074,0.9999978759072043
211,2.099999999999999,-7.9,29,Hero,0.4188704405879152,0.999994183408803
212,3.0,-7.0,20,Hero,0.5088022828102112,0.9999984502792358
213,3.9000000000000004,-6.1,11,Hero,0.5174753801389174,0.9999935518611561
214,4.2,-5.8,8,Hero,0.5990271791815758,1.0
215,3.6000000000000005,-6.3999999999999995,14,Hero,0.4663862216153315,1.0
216,4.0,-6.0,10,Hero,0.541288498044014,0.9999999284744263
217,-5.3,4.7,3,Villain,0.43967366218566895,0.9999946753184
218,4.5,-5.5,5,Hero,0.5398120939731598,0.9999999761581421
219,3.5,-6.5,15,Hero,0.5441752799786628,0.999999984105428
220,3.9000000000000004,-6.1,11,Hero,0.6061956692825664,0.9999993280930952
221,4.0,-6.0,10,Hero,0.5124558418989181,1.0
222,3.9000000000000004,-6.1,11,Hero,0.6476020000197671,1.0
223,3.8000000000000007,-6.199999999999999,12,Hero,0.5826131210972866,1.0
224,3.0,-7.0,20,Hero,0.4616923816502094,0.9999996244907379
225,3.5,-6.5,15,Hero,0.4893071696162224,0.9999927679697672
226,4.4,-5.6,6,Hero,0.6058185870448748,1.0
227,4.300000000000001,-5.699999999999999,7,Hero,0.6324847447020667,1.0
228,3.8000000000000007,-6.199999999999999,12,Hero,0.5126546348134676,1.0
229,4.800000000000001,-5.199999999999999,2,Hero,0.7739840745925903,1.0
230,3.6000000000000005,-6.3999999999999995,14,Hero,0.6091037179742541,1.0
231,3.7,-6.3,13,Hero,0.540650263428688,1.0
232,3.7,-6.3,13,Hero,0.5558686806605413,1.0
233,4.9,-5.1,1,Hero,0.8295264840126038,1.0
234,4.300000000000001,-5.699999999999999,7,Hero,0.6208277365991047,1.0
235,3.6000000000000005,-6.3999999999999995,14,Hero,0.5337716481382293,1.0
236,3.7,-6.3,13,Hero,0.5588168742565008,1.0
237,4.9,-5.1,1,Hero,0.8247910737991333,1.0
238,4.300000000000001,-5.699999999999999,7,Hero,0.9256998130253383,1.0
239,2.9,-7.1,21,Hero,0.5591235685916174,1.0
240,3.6000000000000005,-6.3999999999999995,14,Hero,0.5121492104870933,1.0
241,4.2,-5.8,8,Hero,0.5417311154305935,1.0
242,4.0,-6.0,10,Hero,0.5210128337144851,1.0
243,3.5,-6.5,15,Hero,0.5151471058527629,1.0
244,3.9000000000000004,-6.1,11,Hero,0.6989836069670591,0.9999997399070046
245,4.1000000000000005,-5.8999999999999995,9,Hero,0.5227569838364919,1.0
246,3.6000000000000005,-6.3999999999999995,14,Hero,0.554053609924657,1.0
247,4.2,-5.8,8,Hero,0.6595618631690741,1.0
248,4.6000000000000005,-5.3999999999999995,4,Hero,0.6722710281610489,0.999998152256012
249,3.7,-6.3,13,Hero,0.6379485967067572,0.9980503779191238
250,3.0999999999999996,-6.9,19,Hero,0.48841937495959237,0.9999565952702573
251,4.300000000000001,-5.699999999999999,7,Hero,0.5853917045252663,1.0
252,4.7,-5.3,3,Hero,0.8222880959510803,1.0
253,3.9000000000000004,-6.1,11,Hero,0.5793438472531058,1.0
254,3.6000000000000005,-6.3999999999999995,14,Hero,0.601707222206252,1.0
255,4.300000000000001,-5.699999999999999,7,Hero,0.5490689618246896,1.0
256,4.4,-5.6,6,Hero,0.5356710304816564,1.0
257,3.6000000000000005,-6.3999999999999995,14,Hero,0.5145222339779139,0.9999897054263523
258,3.7,-6.3,13,Hero,0.6144405431472338,1.0
259,4.1000000000000005,-5.8999999999999995,9,Hero,0.6263238622082604,1.0
260,4.1000000000000005,-5.8999999999999995,9,Hero,0.6798711766799291,1.0
261,4.1000000000000005,-5.8999999999999995,9,Hero,0.8426632152663337,1.0
262,3.9000000000000004,-6.1,11,Hero,0.5430589589205655,1.0
263,3.8000000000000007,-6.199999999999999,12,Hero,0.5396747216582298,0.9999973674615225
264,3.9000000000000004,-6.1,11,Hero,0.7480713085017421,1.0
265,4.4,-5.6,6,Hero,0.5703308582305908,1.0
266,4.6000000000000005,-5.3999999999999995,4,Hero,0.603510707616806,1.0
267,3.8000000000000007,-6.199999999999999,12,Hero,0.5440793111920357,0.9999765058358511
268,4.300000000000001,-5.699999999999999,7,Hero,0.8550579377583095,1.0
269,4.300000000000001,-5.699999999999999,7,Hero,0.6292560270854405,1.0
270,3.4000000000000004,-6.6,16,Hero,0.54143160674721,0.9999999776482582
271,4.1000000000000005,-5.8999999999999995,9,Hero,0.8140438232156966,1.0
272,4.1000000000000005,-5.8999999999999995,9,Hero,0.5665755470593771,1.0
273,3.8000000000000007,-6.199999999999999,12,Hero,0.565409779548645,1.0
274,3.9000000000000004,-6.1,11,Hero,0.4910390070554885,1.0
275,3.5,-6.5,15,Hero,0.6019808610280355,1.0
276,4.4,-5.6,6,Hero,0.5036157766977946,1.0
277,3.0,-7.0,20,Hero,0.4880969040095806,0.9999298572540283
278,4.2,-5.8,8,Hero,0.6043727584183216,1.0
279,4.4,-5.6,6,Hero,0.5272723436355591,1.0
280,4.9,-5.1,1,Hero,0.5937680602073669,1.0
281,3.6000000000000005,-6.3999999999999995,14,Hero,0.5226537542683738,0.9999940991401672
282,3.8000000000000007,-6.199999999999999,12,Hero,0.5281480178236961,1.0
283,2.4999999999999996,-7.5,25,Hero,0.48313291974365713,0.9999999809265137
284,4.7,-5.3,3,Hero,0.6361056367556254,1.0
285,3.6000000000000005,-6.3999999999999995,14,Hero,0.6695614920130798,1.0
286,4.9,-5.1,1,Hero,0.8875383734703064,1.0
287,2.3999999999999995,-7.6000000000000005,26,Hero,0.5487374795170931,1.0
288,2.4999999999999996,-7.5,25,Hero,0.48288356147706507,0.9998951983451844
289,3.2,-6.8,18,Hero,0.4804658210939831,0.9999722043673197
290,3.0999999999999996,-6.9,19,Hero,0.5285691807144567,0.9999999372582686
291,3.5,-6.5,15,Hero,0.5486413415521383,1.0
292,3.7,-6.3,13,Hero,0.5935249844422708,0.9999998899606558
293,2.6999999999999997,-7.300000000000001,23,Hero,0.4677400174348251,0.9999996371891188
294,3.8000000000000007,-6.199999999999999,12,Hero,0.6359600412348906,1.0
295,3.5,-6.5,15,Hero,0.6170111745595932,1.0
296,2.2999999999999994,-7.700000000000001,27,Hero,0.5207743142490033,1.0
297,4.2,-5.8,8,Hero,0.9523844942450523,1.0
298,2.8,-7.2,22,Hero,0.5036803786854513,0.9999947981400923
299,4.300000000000001,-5.699999999999999,7,Hero,0.5604148805141449,1.0
300,3.5,-6.5,15,Hero,0.663759724299113,1.0
301,2.8,-7.2,22,Hero,0.4487248705488376,0.9999941912564364
302,4.4,-5.6,6,Hero,0.48461628953615826,1.0
303,2.8,-7.2,22,Hero,0.5258099612864581,0.9999519749121233
304,3.6000000000000005,-6.3999999999999995,14,Hero,0.5577702490346772,1.0
305,4.7,-5.3,3,Hero,0.8044326702753702,1.0
306,4.1000000000000005,-5.8999999999999995,9,Hero,0.6111522118250529,1.0
307,3.7,-6.3,13,Hero,0.6742239382404548,1.0
308,3.3,-6.7,17,Hero,0.6184665768352502,0.9999973002602073
309,3.9000000000000004,-6.1,11,Hero,0.7645805423909967,1.0
310,4.6000000000000005,-5.3999999999999995,4,Hero,0.5881831794977188,1.0
311,3.7,-6.3,13,Hero,0.6111574597083606,1.0
312,4.0,-6.0,10,Hero,0.6205742180347442,1.0
313,3.6000000000000005,-6.3999999999999995,14,Hero,0.5783714811716761,1.0
314,4.0,-6.0,10,Hero,0.49826655387878416,1.0
315,3.9000000000000004,-6.1,11,Hero,0.5096778707070784,1.0
316,4.0,-6.0,10,Hero,0.580604687333107,1.0
317,4.300000000000001,-5.699999999999999,7,Hero,0.5732520520687103,1.0
318,3.4000000000000004,-6.6,16,Hero,0.5611962946131825,1.0
319,2.3999999999999995,-7.6000000000000005,26,Hero,0.5529562953698377,1.0
320,4.0,-6.0,10,Hero,0.7075030460953713,1.0
321,4.4,-5.6,6,Hero,0.5093418210744858,1.0
322,3.2,-6.8,18,Hero,0.5637412269910177,1.0
323,4.6000000000000005,-5.3999999999999995,4,Hero,0.6590446718037128,1.0
324,3.9000000000000004,-6.1,11,Hero,0.5425578139045022,1.0
325,4.0,-6.0,10,Hero,0.678234088420868,1.0
326,3.7,-6.3,13,Hero,0.4669396591444428,0.9999992480644813
327,4.1000000000000005,-5.8999999999999995,9,Hero,0.6646872046920989,1.0
328,4.300000000000001,-5.699999999999999,7,Hero,0.5929904196943555,1.0
329,4.2,-5.8,8,Hero,0.5911837387830019,1.0
330,3.7,-6.3,13,Hero,0.6117884012369009,0.9998905521172744
331,3.2,-6.8,18,Hero,0.4965337140278684,0.9999998344315423
332,3.6000000000000005,-6.3999999999999995,14,Hero,0.5503175365073341,1.0
333,3.0,-7.0,20,Hero,0.5134710136422654,1.0
334,4.1000000000000005,-5.8999999999999995,9,Hero,0.5757431035033531,1.0
335,4.0,-6.0,10,Hero,0.6811852768063545,1.0
336,4.300000000000001,-5.699999999999999,7,Hero,0.5886525213718414,1.0
337,4.300000000000001,-5.699999999999999,7,Hero,0.6495167815259525,1.0
338,4.2,-5.8,8,Hero,0.5495344176888466,1.0
339,4.2,-5.8,8,Hero,0.5713420286774635,1.0
340,3.9000000000000004,-6.1,11,Hero,0.681245741519061,1.0
341,3.5,-6.5,15,Hero,0.5614765107631683,1.0
342,3.9000000000000004,-6.1,11,Hero,0.7227083945816214,1.0
343,4.0,-6.0,10,Hero,0.5094127774238586,1.0
344,3.2,-6.8,18,Hero,0.5431708610720105,1.0
345,4.800000000000001,-5.199999999999999,2,Hero,0.6720227897167206,1.0
346,3.5,-6.5,15,Hero,0.4979929101963838,1.0
347,4.2,-5.8,8,Hero,0.5603600889444351,1.0
348,4.800000000000001,-5.199999999999999,2,Hero,0.6923236846923828,1.0
349,3.9000000000000004,-6.1,11,Hero,0.5964315018870614,1.0
350,3.5,-6.5,15,Hero,0.5019293646638592,1.0
351,4.2,-5.8,8,Hero,0.7901734597980976,1.0
352,4.300000000000001,-5.699999999999999,7,Hero,0.7666880105222974,1.0
353,3.9000000000000004,-6.1,11,Hero,0.6034595153548501,1.0
354,4.9,-5.1,1,Hero,0.4196798801422119,1.0
355,3.5,-6.5,15,Hero,0.526479176680247,0.9999981244405111
356,4.2,-5.8,8,Hero,0.6684064418077469,1.0
357,4.800000000000001,-5.199999999999999,2,Hero,0.4990610331296921,1.0
358,4.1000000000000005,-5.8999999999999995,9,Hero,0.6487003597948287,1.0
359,3.9000000000000004,-6.1,11,Hero,0.7046943361108954,1.0
360,4.5,-5.5,5,Hero,0.6047505587339401,1.0
361,3.5,-6.5,15,Hero,0.5214569499095281,1.0
362,3.7,-6.3,13,Hero,0.6220111938623282,1.0
363,4.4,-5.6,6,Hero,0.5980686098337173,1.0
364,4.4,-5.6,6,Hero,0.8421450356642405,1.0
365,4.2,-5.8,8,Hero,0.8139250800013542,1.0
366,4.800000000000001,-5.199999999999999,2,Hero,0.5454241782426834,1.0
367,4.300000000000001,-5.699999999999999,7,Hero,0.7881423362663814,1.0
368,3.9000000000000004,-6.1,11,Hero,0.6700493957508694,1.0
369,3.9000000000000004,-6.1,11,Hero,0.7119772705164823,1.0
370,4.1000000000000005,-5.8999999999999995,9,Hero,0.7677703168657091,0.9999999735090468
371,4.1000000000000005,-5.8999999999999995,9,Hero,0.6074142522282071,1.0
372,4.6000000000000005,-5.3999999999999995,4,Hero,0.4442756623029709,1.0
373,4.2,-5.8,8,Hero,0.6982975099235773,1.0
374,3.8000000000000007,-6.199999999999999,12,Hero,0.6076836884021759,1.0
375,3.8000000000000007,-6.199999999999999,12,Hero,0.5700660149256388,0.9999896685282389
376,4.5,-5.5,5,Hero,0.5018365502357482,1.0
377,4.4,-5.6,6,Hero,0.5800978442033132,1.0
378,4.6000000000000005,-5.3999999999999995,4,Hero,0.7646685093641281,1.0
379,4.0,-6.0,10,Hero,0.5935711205005646,1.0
380,3.2,-6.8,18,Hero,0.5394146597633759,1.0
381,3.9000000000000004,-6.1,11,Hero,0.6332101821899414,1.0
382,3.7,-6.3,13,Hero,0.6337908139595618,0.9999803212972788
383,4.2,-5.8,8,Hero,0.6686232089996338,1.0
384,2.9,-7.1,21,Hero,0.4888461097365334,1.0
385,4.1000000000000005,-5.8999999999999995,9,Hero,0.6255692905849881,1.0
386,4.7,-5.3,3,Hero,0.5589397152264913,1.0
387,4.5,-5.5,5,Hero,0.7561062216758728,1.0
388,2.4999999999999996,-7.5,25,Hero,0.4438340251147747,0.9999965953826905
389,3.9000000000000004,-6.1,11,Hero,0.5503559085455808,1.0
390,3.9000000000000004,-6.1,11,Hero,0.6707673790779981,1.0
391,3.8000000000000007,-6.199999999999999,12,Hero,0.519046480456988,1.0
392,4.0,-6.0,10,Hero,0.5357476353645325,1.0
393,4.4,-5.6,6,Hero,0.6316130434473356,1.0
394,3.9000000000000004,-6.1,11,Hero,0.6857781112194061,1.0
395,3.6000000000000005,-6.3999999999999995,14,Hero,0.5172593551022666,1.0
396,4.800000000000001,-5.199999999999999,2,Hero,0.7792220413684845,1.0
397,3.7,-6.3,13,Hero,0.5055435746908188,1.0
398,4.800000000000001,-5.199999999999999,2,Hero,0.5038703233003616,1.0
399,4.0,-6.0,10,Hero,0.530349925160408,1.0
400,4.1000000000000005,-5.8999999999999995,9,Hero,0.5487586992482344,1.0
401,3.0,-7.0,20,Hero,0.4991213843226433,1.0
402,4.2,-5.8,8,Hero,0.8862737342715263,1.0
403,3.9000000000000004,-6.1,11,Hero,0.5814904570579529,1.0
404,3.3,-6.7,17,Hero,0.5058681850924212,1.0
405,4.0,-6.0,10,Hero,0.7869059234857559,1.0
406,-5.5,4.5,5,Villain,0.6092927277088165,1.0
407,3.5,-6.5,15,Hero,0.5671993143856525,0.9999999602635702
408,3.6000000000000005,-6.3999999999999995,14,Hero,0.5351881022964206,1.0
409,3.4000000000000004,-6.6,16,Hero,0.522934827953577,1.0
410,3.8000000000000007,-6.199999999999999,12,Hero,0.5482504814863205,1.0
411,4.2,-5.8,8,Hero,0.8146294727921486,1.0
412,4.0,-6.0,10,Hero,0.8237310230731965,1.0
413,3.8000000000000007,-6.199999999999999,12,Hero,0.6110086267193159,1.0
414,3.5,-6.5,15,Hero,0.5664376725753149,0.9999995152155559
415,4.6000000000000005,-5.3999999999999995,4,Hero,0.46845418959856033,1.0
416,4.5,-5.5,5,Hero,0.6866642355918884,1.0
417,-6.0,4.0,10,Villain,0.2576666817069054,0.9787533938884735
418,3.7,-6.3,13,Hero,0.5169019759274446,1.0
419,3.4000000000000004,-6.6,16,Hero,0.5675877924077213,1.0
420,4.1000000000000005,-5.8999999999999995,9,Hero,0.5620995428827074,1.0
421,4.6000000000000005,-5.3999999999999995,4,Hero,0.574262261390686,1.0
422,4.1000000000000005,-5.8999999999999995,9,Hero,0.8367618653509352,1.0
423,3.0,-7.0,20,Hero,0.4897886482998729,1.0
424,4.2,-5.8,8,Hero,0.5290390960872173,1.0
425,4.0,-6.0,10,Hero,0.5110152047127485,1.0
426,3.8000000000000007,-6.199999999999999,12,Hero,0.7071220489839712,1.0
427,4.2,-5.8,8,Hero,0.604474138468504,1.0
428,3.5,-6.5,15,Hero,0.6557015766389668,1.0
429,4.0,-6.0,10,Hero,0.6182309716939927,1.0
430,4.0,-6.0,10,Hero,0.8007774762809277,1.0
431,4.4,-5.6,6,Hero,0.700633039077123,1.0
432,4.6000000000000005,-5.3999999999999995,4,Hero,0.70478655397892,1.0
433,4.0,-6.0,10,Hero,0.5666650186292828,1.0
434,4.300000000000001,-5.699999999999999,7,Hero,0.576775312423706,1.0
435,4.6000000000000005,-5.3999999999999995,4,Hero,0.6629693284630775,1.0
436,3.8000000000000007,-6.199999999999999,12,Hero,0.6443597860634327,1.0
437,4.6000000000000005,-5.3999999999999995,4,Hero,0.6751565560698509,1.0
438,4.5,-5.5,5,Hero,0.529561233217828,1.0
439,2.9,-7.1,21,Hero,0.5076702136457676,1.0
440,3.8000000000000007,-6.199999999999999,12,Hero,0.6213002714018027,1.0
441,4.2,-5.8,8,Hero,0.5422801226377487,1.0
442,3.4000000000000004,-6.6,16,Hero,0.6007562382146716,1.0
443,3.9000000000000004,-6.1,11,Hero,0.5626388137990778,1.0
444,4.0,-6.0,10,Hero,0.5551916837692261,1.0
445,4.0,-6.0,10,Hero,0.8361378736793995,1.0
446,3.3,-6.7,17,Hero,0.5452779741848216,1.0
447,4.4,-5.6,6,Hero,0.6568158020575842,1.0
448,3.5,-6.5,15,Hero,0.501497924576203,1.0
449,4.800000000000001,-5.199999999999999,2,Hero,0.5224032253026962,1.0
450,4.1000000000000005,-5.8999999999999995,9,Hero,0.7227389613787333,1.0
451,3.7,-6.3,13,Hero,0.5479055169539956,1.0
452,2.6999999999999997,-7.300000000000001,23,Hero,0.5381517465347829,1.0
453,3.8000000000000007,-6.199999999999999,12,Hero,0.5237169985969862,1.0
454,4.1000000000000005,-5.8999999999999995,9,Hero,0.61875319480896,1.0
455,4.0,-6.0,10,Hero,0.7478744417428971,1.0
456,3.8000000000000007,-6.199999999999999,12,Hero,0.5891885583599409,1.0
457,3.5,-6.5,15,Hero,0.5562458117802938,1.0
458,4.0,-6.0,10,Hero,0.6457756876945495,1.0
459,4.1000000000000005,-5.8999999999999995,9,Hero,0.5989145305421617,1.0
460,4.0,-6.0,10,Hero,0.8565386861562729,1.0
461,3.5,-6.5,15,Hero,0.5663790752490362,1.0
462,2.9,-7.1,21,Hero,0.47553919610523043,1.0
463,3.4000000000000004,-6.6,16,Hero,0.5730587354628369,1.0
464,3.8000000000000007,-6.199999999999999,12,Hero,0.6589339996377627,1.0
465,4.2,-5.8,8,Hero,0.7095475681126118,1.0
466,4.4,-5.6,6,Hero,0.7840449412663778,1.0
467,3.5,-6.5,15,Hero,0.5560418784618377,1.0
468,4.4,-5.6,6,Hero,0.523035004734993,1.0
469,3.8000000000000007,-6.199999999999999,12,Hero,0.5386664420366287,1.0
470,3.5,-6.5,15,Hero,0.5527761459350586,1.0
471,3.3,-6.7,17,Hero,0.5100302434362033,1.0
472,3.8000000000000007,-6.199999999999999,12,Hero,0.5687616889675459,1.0
473,4.0,-6.0,10,Hero,0.519004687666893,1.0
474,4.0,-6.0,10,Hero,0.8134492665529252,1.0
475,4.5,-5.5,5,Hero,0.5410630330443382,1.0
476,3.9000000000000004,-6.1,11,Hero,0.806206535209309,1.0
477,4.300000000000001,-5.699999999999999,7,Hero,0.5826464252812522,1.0
478,3.7,-6.3,13,Hero,0.5559114745030036,1.0
479,3.8000000000000007,-6.199999999999999,12,Hero,0.594891145825386,1.0
480,4.0,-6.0,10,Hero,0.6213999122381211,1.0
481,3.9000000000000004,-6.1,11,Hero,0.5344903062690388,1.0
482,4.0,-6.0,10,Hero,0.7486892729997635,1.0
483,-6.7,3.3,17,Villain,0.24582240116946838,0.9997826569220599
484,4.2,-5.8,8,Hero,0.5316885337233543,1.0
485,3.9000000000000004,-6.1,11,Hero,0.7619089504534547,1.0
486,3.7,-6.3,13,Hero,0.6593576704080288,1.0
487,4.300000000000001,-5.699999999999999,7,Hero,0.49148089970861164,1.0
488,3.9000000000000004,-6.1,11,Hero,0.5669874467632987,1.0
489,4.300000000000001,-5.699999999999999,7,Hero,0.7933885625430516,1.0
490,3.6000000000000005,-6.3999999999999995,14,Hero,0.6209148019552231,1.0
491,3.4000000000000004,-6.6,16,Hero,0.5442886529490352,1.0
492,4.1000000000000005,-5.8999999999999995,9,Hero,0.6609582346346643,1.0
493,3.3,-6.7,17,Hero,0.5102474417756585,1.0
494,4.1000000000000005,-5.8999999999999995,9,Hero,0.8078863989147875,1.0
495,4.7,-5.3,3,Hero,0.8266887863477071,1.0
496,3.7,-6.3,13,Hero,0.6563674950828919,1.0
497,4.4,-5.6,6,Hero,0.49996012449264526,1.0
498,3.8000000000000007,-6.199999999999999,12,Hero,0.6279222456117471,1.0
499,4.0,-6.0,10,Hero,0.6584552079439163,1.0
500,4.5,-5.5,5,Hero,0.5676385521888733,1.0
501,-5.3999999999999995,4.6000000000000005,4,Villain,0.6771178096532822,1.0
502,3.5,-6.5,15,Hero,0.5525314917167028,1.0
503,4.1000000000000005,-5.8999999999999995,9,Hero,0.5126126093996896,1.0
504,3.7,-6.3,13,Hero,0.5450969099855194,1.0
505,4.0,-6.0,10,Hero,0.5787792146205902,1.0
506,4.5,-5.5,5,Hero,0.7441126227378845,1.0
507,3.9000000000000004,-6.1,11,Hero,0.5805145420811393,1.0
508,4.1000000000000005,-5.8999999999999995,9,Hero,0.710694326294793,1.0
509,3.9000000000000004,-6.1,11,Hero,0.5385155135935004,1.0
510,4.4,-5.6,6,Hero,0.5909715592861176,1.0
511,-5.3999999999999995,4.6000000000000005,4,Villain,0.9873766154050827,1.0
512,-5.3,4.7,3,Villain,0.6622145374615988,1.0
513,3.4000000000000004,-6.6,16,Hero,0.5689022690057755,1.0
514,4.2,-5.8,8,Hero,0.6781498230993748,1.0
515,4.4,-5.6,6,Hero,0.8238798479239146,1.0
516,4.0,-6.0,10,Hero,0.5740073144435882,1.0
517,3.6000000000000005,-6.3999999999999995,14,Hero,0.6526998451777867,1.0
518,4.1000000000000005,-5.8999999999999995,9,Hero,0.6684251030286154,1.0
519,4.5,-5.5,5,Hero,0.5590525358915329,1.0
520,4.0,-6.0,10,Hero,0.7511156529188157,1.0
521,4.0,-6.0,10,Hero,0.5269365355372428,1.0
522,4.0,-6.0,10,Hero,0.7109649285674096,1.0
523,4.300000000000001,-5.699999999999999,7,Hero,0.5738755421979087,1.0
524,4.2,-5.8,8,Hero,0.6763091767206788,1.0
525,4.2,-5.8,8,Hero,0.6071069464087486,1.0
526,4.1000000000000005,-5.8999999999999995,9,Hero,0.6483773754702674,1.0
527,4.6000000000000005,-5.3999999999999995,4,Hero,0.5787531733512878,1.0
528,3.8000000000000007,-6.199999999999999,12,Hero,0.5992396771907806,1.0
529,3.4000000000000004,-6.6,16,Hero,0.5574108574073762,1.0
530,4.9,-5.1,1,Hero,0.840625524520874,1.0
531,3.2,-6.8,18,Hero,0.5284418612718582,1.0
532,3.7,-6.3,13,Hero,0.6266018610734206,1.0
533,3.6000000000000005,-6.3999999999999995,14,Hero,0.5912407551492963,1.0
534,3.9000000000000004,-6.1,11,Hero,0.5714525390755046,1.0
535,4.2,-5.8,8,Hero,0.7401196099817753,1.0
536,4.1000000000000005,-5.8999999999999995,9,Hero,0.5586279564433627,1.0
537,4.5,-5.5,5,Hero,0.5081085622310638,1.0
538,3.9000000000000004,-6.1,11,Hero,0.724375995722684,1.0
539,4.0,-6.0,10,Hero,0.7470615580677986,1.0
540,4.4,-5.6,6,Hero,0.5494581013917923,1.0
541,4.5,-5.5,5,Hero,0.720237423479557,1.0
542,3.5,-6.5,15,Hero,0.569579440355301,1.0
543,4.300000000000001,-5.699999999999999,7,Hero,0.7556578644684383,1.0
544,4.6000000000000005,-5.3999999999999995,4,Hero,0.5925417765974998,1.0
545,4.300000000000001,-5.699999999999999,7,Hero,0.5112262495926448,1.0
546,4.0,-6.0,10,Hero,0.6233589336276054,1.0
547,4.9,-5.1,1,Hero,0.7437265515327454,1.0
548,3.7,-6.3,13,Hero,0.6608546743026147,1.0
549,4.1000000000000005,-5.8999999999999995,9,Hero,0.8854949474334717,1.0
550,4.6000000000000005,-5.3999999999999995,4,Hero,0.45690856128931046,1.0
551,4.4,-5.6,6,Hero,0.5599192331234614,1.0
552,4.0,-6.0,10,Hero,0.8483122974634171,1.0
553,4.0,-6.0,10,Hero,0.5486624926328659,1.0
554,3.2,-6.8,18,Hero,0.5313069274028143,1.0
555,3.8000000000000007,-6.199999999999999,12,Hero,0.577761322259903,1.0
556,4.6000000000000005,-5.3999999999999995,4,Hero,0.9002429991960526,1.0
557,3.2,-6.8,18,Hero,0.5498785707685683,1.0
558,4.7,-5.3,3,Hero,0.5978636542956034,1.0
559,3.9000000000000004,-6.1,11,Hero,0.6120543046431108,1.0
560,4.6000000000000005,-5.3999999999999995,4,Hero,0.6432533264160156,1.0
561,3.9000000000000004,-6.1,11,Hero,0.5984477170489051,1.0
562,4.1000000000000005,-5.8999999999999995,9,Hero,0.5512691073947482,1.0
563,3.4000000000000004,-6.6,16,Hero,0.5577011853456497,1.0
564,3.4000000000000004,-6.6,16,Hero,0.5572531679645181,1.0
565,3.7,-6.3,13,Hero,0.5345857533124777,1.0
566,4.1000000000000005,-5.8999999999999995,9,Hero,0.5642637875345018,1.0
567,4.800000000000001,-5.199999999999999,2,Hero,0.862724095582962,1.0
568,-5.3999999999999995,4.6000000000000005,4,Villain,0.56770309060812,1.0
569,4.1000000000000005,-5.8999999999999995,9,Hero,0.7213454710112678,1.0
570,4.300000000000001,-5.699999999999999,7,Hero,0.5486456794398171,1.0
571,3.8000000000000007,-6.199999999999999,12,Hero,0.4943736133476098,1.0
572,3.4000000000000004,-6.6,16,Hero,0.5419626925140619,1.0
573,4.2,-5.8,8,Hero,0.5965859368443489,1.0
574,2.8,-7.2,22,Hero,0.47495448259128764,1.0
575,4.5,-5.5,5,Hero,0.584916228055954,1.0
576,4.0,-6.0,10,Hero,0.6390447929501534,1.0
577,3.3,-6.7,17,Hero,0.5182794726946774,1.0
578,4.300000000000001,-5.699999999999999,7,Hero,0.6856960909707206,1.0
579,3.8000000000000007,-6.199999999999999,12,Hero,0.6412761347989241,1.0
580,4.0,-6.0,10,Hero,0.7290897324681282,1.0
581,3.7,-6.3,13,Hero,0.6221152314772973,1.0
582,4.5,-5.5,5,Hero,0.5119701087474823,1.0
583,4.300000000000001,-5.699999999999999,7,Hero,0.638605107154165,1.0
584,3.9000000000000004,-6.1,11,Hero,0.719432307915254,1.0
585,3.5,-6.5,15,Hero,0.5837599078814188,1.0
586,4.2,-5.8,8,Hero,0.7964982986450195,1.0
587,4.4,-5.6,6,Hero,0.7903301219145457,1.0
588,4.300000000000001,-5.699999999999999,7,Hero,0.5842361961092267,1.0
589,4.300000000000001,-5.699999999999999,7,Hero,0.6278229994433266,1.0
590,-5.1,4.9,1,Villain,0.15749797224998474,1.0
591,-5.3,4.7,3,Villain,0.5751977066198984,1.0
592,3.9000000000000004,-6.1,11,Hero,0.6294067298824136,1.0
593,4.9,-5.1,1,Hero,0.7351914644241333,1.0
594,4.5,-5.5,5,Hero,0.5868494153022766,1.0
595,3.3,-6.7,17,Hero,0.602598703959409,1.0
596,4.2,-5.8,8,Hero,0.5253421440720558,1.0
597,3.8000000000000007,-6.199999999999999,12,Hero,0.5399301871657372,1.0
598,3.5,-6.5,15,Hero,0.49367748300234476,1.0
599,3.6000000000000005,-6.3999999999999995,14,Hero,0.5652363789933068,1.0
600,4.1000000000000005,-5.8999999999999995,9,Hero,0.5380271275838217,1.0
601,3.5,-6.5,15,Hero,0.5716081922873855,1.0
602,3.9000000000000004,-6.1,11,Hero,0.7008239288221706,1.0
603,3.9000000000000004,-6.1,11,Hero,0.5687461820515719,1.0
604,3.8000000000000007,-6.199999999999999,12,Hero,0.6096576998631159,1.0
605,4.4,-5.6,6,Hero,0.4836147576570511,1.0
606,3.8000000000000007,-6.199999999999999,12,Hero,0.5425572941700617,1.0
607,4.2,-5.8,8,Hero,0.5714522823691368,1.0
608,2.6999999999999997,-7.300000000000001,23,Hero,0.5052011349926824,1.0
609,3.0999999999999996,-6.9,19,Hero,0.5196877804241682,1.0
610,3.8000000000000007,-6.199999999999999,12,Hero,0.6475224693616232,1.0
611,4.1000000000000005,-5.8999999999999995,9,Hero,0.6959264145957099,1.0
612,4.0,-6.0,10,Hero,0.7458412483334541,1.0
613,4.0,-6.0,10,Hero,0.5314869806170464,1.0
614,4.5,-5.5,5,Hero,0.5418579816818238,1.0
615,3.6000000000000005,-6.3999999999999995,14,Hero,0.6689575569970267,1.0
616,4.1000000000000005,-5.8999999999999995,9,Hero,0.9162030617396036,1.0
617,4.1000000000000005,-5.8999999999999995,9,Hero,0.9165524376763238,1.0
618,4.0,-6.0,10,Hero,0.5300659298896789,1.0
619,4.800000000000001,-5.199999999999999,2,Hero,0.8233758807182312,1.0
620,4.0,-6.0,10,Hero,0.770797324180603,1.0
621,4.7,-5.3,3,Hero,0.5995514790217081,1.0
622,4.4,-5.6,6,Hero,0.47378169496854144,1.0
623,3.3,-6.7,17,Hero,0.5294340708676506,1.0
624,3.6000000000000005,-6.3999999999999995,14,Hero,0.5234453294958387,1.0
625,4.5,-5.5,5,Hero,0.6942802831530571,1.0
626,3.9000000000000004,-6.1,11,Hero,0.5722220187837427,1.0
627,4.1000000000000005,-5.8999999999999995,9,Hero,0.5515545010566711,1.0
628,4.4,-5.6,6,Hero,0.611898106833299,1.0
629,3.0999999999999996,-6.9,19,Hero,0.4911379939631412,1.0
630,3.9000000000000004,-6.1,11,Hero,0.6741536415436051,1.0
631,3.4000000000000004,-6.6,16,Hero,0.5321968290954828,1.0
632,4.0,-6.0,10,Hero,0.7335221022367477,1.0
633,3.9000000000000004,-6.1,11,Hero,0.751788560978391,1.0
634,3.3,-6.7,17,Hero,0.5479752576416906,1.0
635,4.7,-5.3,3,Hero,0.644351194302241,1.0
636,3.0999999999999996,-6.9,19,Hero,0.5124291243325723,1.0
637,4.300000000000001,-5.699999999999999,7,Hero,0.6093406762395587,1.0
638,4.6000000000000005,-5.3999999999999995,4,Hero,0.6530808582901955,1.0
639,3.9000000000000004,-6.1,11,Hero,0.6177460957657207,1.0
640,3.2,-6.8,18,Hero,0.5302942062133096,1.0
641,4.5,-5.5,5,Hero,0.5366315722465516,1.0
642,4.4,-5.6,6,Hero,0.5340066800514857,1.0
643,3.6000000000000005,-6.3999999999999995,14,Hero,0.5800255111285618,1.0
644,4.7,-5.3,3,Hero,0.49752217531204224,1.0
645,4.0,-6.0,10,Hero,0.7054707795381546,1.0
646,4.300000000000001,-5.699999999999999,7,Hero,0.5839724711009434,1.0
647,4.300000000000001,-5.699999999999999,7,Hero,0.7531438640185765,1.0
648,3.8000000000000007,-6.199999999999999,12,Hero,0.6182330747445425,1.0
649,4.300000000000001,-5.699999999999999,7,Hero,0.5627542648996625,1.0
650,3.0,-7.0,20,Hero,0.4702846499159932,1.0
651,3.8000000000000007,-6.199999999999999,12,Hero,0.577954481045405,1.0
652,3.8000000000000007,-6.199999999999999,12,Hero,0.5932669670631489,1.0
653,3.8000000000000007,-6.199999999999999,12,Hero,0.6983333999911944,1.0
654,4.1000000000000005,-5.8999999999999995,9,Hero,0.5084202918741438,1.0
655,4.6000000000000005,-5.3999999999999995,4,Hero,0.7900395691394806,1.0
656,4.6000000000000005,-5.3999999999999995,4,Hero,0.5645069032907486,1.0
657,3.6000000000000005,-6.3999999999999995,14,Hero,0.6074976580483573,1.0
658,4.1000000000000005,-5.8999999999999995,9,Hero,0.7110311289628347,1.0
659,3.7,-6.3,13,Hero,0.5429258014147098,1.0
660,3.3,-6.7,17,Hero,0.5368501088198494,1.0
661,-5.1,4.9,1,Villain,0.8668476939201355,1.0
662,3.8000000000000007,-6.199999999999999,12,Hero,0.6913842509190241,1.0
663,4.1000000000000005,-5.8999999999999995,9,Hero,0.8956883284780714,1.0
664,4.1000000000000005,-5.8999999999999995,9,Hero,0.6228862702846527,1.0
665,3.8000000000000007,-6.199999999999999,12,Hero,0.7095689862035215,1.0
666,-5.3,4.7,3,Villain,0.5348043829823533,1.0
667,3.9000000000000004,-6.1,11,Hero,0.6764620881189,1.0
668,4.2,-5.8,8,Hero,0.5496729277074337,1.0
669,3.6000000000000005,-6.3999999999999995,14,Hero,0.5543432823781457,1.0
670,4.4,-5.6,6,Hero,0.4974681834379832,1.0
671,3.8000000000000007,-6.199999999999999,12,Hero,0.5392183808920284,1.0
672,3.6000000000000005,-6.3999999999999995,14,Hero,0.5976298728159496,1.0
673,3.0999999999999996,-6.9,19,Hero,0.5012760954467874,1.0
674,4.2,-5.8,8,Hero,0.7561775967478752,1.0
675,4.1000000000000005,-5.8999999999999995,9,Hero,0.6036897069878049,1.0
676,3.6000000000000005,-6.3999999999999995,14,Hero,0.5889619823013034,1.0
677,3.5,-6.5,15,Hero,0.5648674488067627,1.0
678,4.300000000000001,-5.699999999999999,7,Hero,0.5968615881034306,1.0
679,4.5,-5.5,5,Hero,0.551196813583374,1.0
680,4.5,-5.5,5,Hero,0.698101818561554,1.0
681,3.8000000000000007,-6.199999999999999,12,Hero,0.6934755543867747,1.0
682,3.9000000000000004,-6.1,11,Hero,0.5900694619525563,1.0
683,3.8000000000000007,-6.199999999999999,12,Hero,0.5682970409591993,1.0
684,2.5999999999999996,-7.4,24,Hero,0.4655024358071387,1.0
685,3.8000000000000007,-6.199999999999999,12,Hero,0.7146041058003902,1.0
686,4.4,-5.6,6,Hero,0.6180452729264895,1.0
687,3.9000000000000004,-6.1,11,Hero,0.5746773833578284,1.0
688,4.1000000000000005,-5.8999999999999995,9,Hero,0.6577966180112627,1.0
689,4.6000000000000005,-5.3999999999999995,4,Hero,0.43406182527542114,1.0
690,4.0,-6.0,10,Hero,0.53196781888837,1.0
691,2.6999999999999997,-7.300000000000001,23,Hero,0.4245816268350767,1.0
692,3.8000000000000007,-6.199999999999999,12,Hero,0.5547866846124331,1.0
693,4.0,-6.0,10,Hero,0.5799741923809052,1.0
694,3.6000000000000005,-6.3999999999999995,14,Hero,0.5477291132722583,1.0
695,2.8,-7.2,22,Hero,0.5464793552051891,1.0
696,3.3,-6.7,17,Hero,0.5655977550674888,1.0
697,4.300000000000001,-5.699999999999999,7,Hero,0.6483076044491359,1.0
698,3.7,-6.3,13,Hero,0.6869364208900012,1.0
699,4.300000000000001,-5.699999999999999,7,Hero,0.6556102590901511,1.0
700,3.8000000000000007,-6.199999999999999,12,Hero,0.5845435112714767,1.0
701,4.1000000000000005,-5.8999999999999995,9,Hero,0.5945602357387543,1.0
702,3.8000000000000007,-6.199999999999999,12,Hero,0.5434632574518522,1.0
703,3.5,-6.5,15,Hero,0.6112589665999015,1.0
704,3.8000000000000007,-6.199999999999999,12,Hero,0.5565231355528036,1.0
705,4.0,-6.0,10,Hero,0.47643630355596545,1.0
706,4.4,-5.6,6,Hero,0.7015438377857208,1.0
707,4.0,-6.0,10,Hero,0.5595385238528252,1.0
708,3.9000000000000004,-6.1,11,Hero,0.6305810727856376,1.0
709,4.6000000000000005,-5.3999999999999995,4,Hero,0.6326163783669472,1.0
710,3.0999999999999996,-6.9,19,Hero,0.494918859318683,1.0
711,4.1000000000000005,-5.8999999999999995,9,Hero,0.5487647553284963,1.0
712,4.4,-5.6,6,Hero,0.7639173368612925,1.0
713,4.0,-6.0,10,Hero,0.8212097704410553,1.0
714,4.2,-5.8,8,Hero,0.5724988402798772,1.0
715,4.4,-5.6,6,Hero,0.5896279382286593,1.0
716,3.9000000000000004,-6.1,11,Hero,0.6894559948281809,1.0
717,3.4000000000000004,-6.6,16,Hero,0.5485502686351538,1.0
718,3.5,-6.5,15,Hero,0.6141512433687846,1.0
719,3.6000000000000005,-6.3999999999999995,14,Hero,0.5757122806140355,1.0
720,4.2,-5.8,8,Hero,0.8424410820007324,1.0
721,4.0,-6.0,10,Hero,0.6452603235840797,1.0
722,4.0,-6.0,10,Hero,0.8125144943594933,1.0
723,4.0,-6.0,10,Hero,0.5696202009916306,1.0
724,3.9000000000000004,-6.1,11,Hero,0.6774531562219966,1.0
725,3.6000000000000005,-6.3999999999999995,14,Hero,0.541325256228447,1.0
726,4.6000000000000005,-5.3999999999999995,4,Hero,0.7192721888422966,1.0
727,4.5,-5.5,5,Hero,0.8506376504898071,1.0
728,3.7,-6.3,13,Hero,0.5837787481454703,1.0
729,3.5,-6.5,15,Hero,0.5289192855358124,1.0
730,4.0,-6.0,10,Hero,0.5622468546032906,1.0
731,4.5,-5.5,5,Hero,0.8207415103912353,1.0
732,3.0999999999999996,-6.9,19,Hero,0.5283666233483114,1.0
733,4.2,-5.8,8,Hero,0.65331194922328,1.0
734,3.6000000000000005,-6.3999999999999995,14,Hero,0.60662984422275,1.0
735,4.9,-5.1,1,Hero,0.6018986105918884,1.0
736,3.9000000000000004,-6.1,11,Hero,0.7228116664019498,1.0
737,4.6000000000000005,-5.3999999999999995,4,Hero,0.767441064119339,1.0
738,4.6000000000000005,-5.3999999999999995,4,Hero,0.5935696214437485,1.0
739,3.9000000000000004,-6.1,11,Hero,0.6022968373515389,1.0
740,3.8000000000000007,-6.199999999999999,12,Hero,0.7085417604539543,1.0
741,3.5,-6.5,15,Hero,0.5478410159548124,1.0
742,4.300000000000001,-5.699999999999999,7,Hero,0.6453999536378043,1.0
743,4.4,-5.6,6,Hero,0.5668288320302963,1.0
744,-5.8,4.2,8,Villain,0.3149638222530484,1.0
745,4.9,-5.1,1,Hero,0.4304104745388031,1.0
746,4.0,-6.0,10,Hero,0.8245311886072159,1.0
747,4.9,-5.1,1,Hero,0.6595696210861206,1.0
748,4.2,-5.8,8,Hero,0.6090799756348133,1.0
749,3.6000000000000005,-6.3999999999999995,14,Hero,0.5152493800435748,1.0
750,3.7,-6.3,13,Hero,0.5755802782682272,1.0
751,3.8000000000000007,-6.199999999999999,12,Hero,0.5728200400869051,1.0
752,3.7,-6.3,13,Hero,0.6473809641141158,1.0
753,4.6000000000000005,-5.3999999999999995,4,Hero,0.5958285368978977,1.0
754,4.1000000000000005,-5.8999999999999995,9,Hero,0.5956614745987786,1.0
755,3.4000000000000004,-6.6,16,Hero,0.5429025404155254,1.0
756,4.5,-5.5,5,Hero,0.7320515275001526,1.0
757,4.7,-5.3,3,Hero,0.838301400343577,1.0
758,4.4,-5.6,6,Hero,0.6184372752904892,1.0
759,4.1000000000000005,-5.8999999999999995,9,Hero,0.6209623946083916,1.0
760,4.1000000000000005,-5.8999999999999995,9,Hero,0.6648875441816118,1.0
761,4.6000000000000005,-5.3999999999999995,4,Hero,0.6948857121169567,1.0
762,4.300000000000001,-5.699999999999999,7,Hero,0.6123087959630149,1.0
763,4.5,-5.5,5,Hero,0.7132978320121766,1.0
764,3.0,-7.0,20,Hero,0.4863322928547859,1.0
765,3.8000000000000007,-6.199999999999999,12,Hero,0.6430727442105612,1.0
766,-5.6,4.4,6,Villain,0.1818977010746797,0.9999939799308777
767,2.9,-7.1,21,Hero,0.4908687859507544,1.0
768,4.9,-5.1,1,Hero,0.8302936553955078,1.0
769,4.1000000000000005,-5.8999999999999995,9,Hero,0.6010114947954813,1.0
770,4.4,-5.6,6,Hero,0.7323343257109324,1.0
771,3.8000000000000007,-6.199999999999999,12,Hero,0.5899589161078135,1.0
772,4.6000000000000005,-5.3999999999999995,4,Hero,0.8276131898164749,1.0
773,3.6000000000000005,-6.3999999999999995,14,Hero,0.5121852372373853,1.0
774,4.9,-5.1,1,Hero,0.37318745255470276,1.0
775,4.5,-5.5,5,Hero,0.6919126510620117,1.0
776,3.5,-6.5,15,Hero,0.5653241793314616,1.0
777,4.1000000000000005,-5.8999999999999995,9,Hero,0.5671990116437277,1.0
778,4.1000000000000005,-5.8999999999999995,9,Hero,0.7117646502123939,1.0
779,3.9000000000000004,-6.1,11,Hero,0.7192906114188108,1.0
780,4.5,-5.5,5,Hero,0.6778586030006408,1.0
781,-5.6,4.4,6,Villain,0.24542617301146188,0.9999954700469971
782,3.8000000000000007,-6.199999999999999,12,Hero,0.6858937156697115,1.0
783,4.9,-5.1,1,Hero,0.5412779450416565,1.0
784,-5.1,4.9,1,Villain,0.9005582332611084,1.0
785,3.9000000000000004,-6.1,11,Hero,0.5309660732746124,1.0
786,4.300000000000001,-5.699999999999999,7,Hero,0.6482815657343183,1.0
787,4.2,-5.8,8,Hero,0.7624105513095856,1.0
788,4.6000000000000005,-5.3999999999999995,4,Hero,0.5422778278589249,1.0
789,3.2,-6.8,18,Hero,0.5559945073392656,1.0
790,4.300000000000001,-5.699999999999999,7,Hero,0.565038936478751,1.0
791,3.9000000000000004,-6.1,11,Hero,0.6419759663668546,1.0
792,3.7,-6.3,13,Hero,0.5871828313057239,1.0
793,4.1000000000000005,-5.8999999999999995,9,Hero,0.814226895570755,1.0
794,4.5,-5.5,5,Hero,0.6349879890680313,1.0
795,4.1000000000000005,-5.8999999999999995,9,Hero,0.5681023101011912,1.0
796,4.1000000000000005,-5.8999999999999995,9,Hero,0.5392829340158237,1.0
797,4.6000000000000005,-5.3999999999999995,4,Hero,0.6420360654592514,1.0
798,4.0,-6.0,10,Hero,0.5598957002162933,1.0
799,4.1000000000000005,-5.8999999999999995,9,Hero,0.9190959533055624,1.0
800,4.2,-5.8,8,Hero,0.6825874727219343,1.0
801,4.4,-5.6,6,Hero,0.6935820877552032,1.0
802,-5.3999999999999995,4.6000000000000005,4,Villain,0.9599281251430511,1.0
803,4.6000000000000005,-5.3999999999999995,4,Hero,0.49303868412971497,1.0
804,4.1000000000000005,-5.8999999999999995,9,Hero,0.5846505363782247,1.0
805,4.5,-5.5,5,Hero,0.7871204853057862,1.0
806,4.1000000000000005,-5.8999999999999995,9,Hero,0.6634886190295219,1.0
807,4.4,-5.6,6,Hero,0.6743559936682383,1.0
808,3.8000000000000007,-6.199999999999999,12,Hero,0.5880297906696796,1.0
809,3.8000000000000007,-6.199999999999999,12,Hero,0.5643260851502419,1.0
810,4.5,-5.5,5,Hero,0.5898824989795685,1.0
811,3.6000000000000005,-6.3999999999999995,14,Hero,0.5670650015984263,1.0
812,4.300000000000001,-5.699999999999999,7,Hero,0.5752984157630375,1.0
813,3.3,-6.7,17,Hero,0.5465618231717277,1.0
814,3.8000000000000007,-6.199999999999999,12,Hero,0.642109340056777,1.0
815,4.0,-6.0,10,Hero,0.595423948764801,1.0
816,3.5,-6.5,15,Hero,0.5986059665679931,1.0
817,3.7,-6.3,13,Hero,0.6466851245898467,1.0
818,2.9,-7.1,21,Hero,0.5549495556790914,1.0
819,4.6000000000000005,-5.3999999999999995,4,Hero,0.617336705327034,1.0
820,4.1000000000000005,-5.8999999999999995,9,Hero,0.7046510581341054,1.0
821,-5.3,4.7,3,Villain,0.9775858322779337,1.0
822,3.3,-6.7,17,Hero,0.5305897491600584,1.0
823,3.9000000000000004,-6.1,11,Hero,0.610487699508667,1.0
824,4.2,-5.8,8,Hero,0.5427519269287586,1.0
825,4.1000000000000005,-5.8999999999999995,9,Hero,0.6736389365461137,1.0
826,4.2,-5.8,8,Hero,0.9116359800100327,1.0
827,-5.1,4.9,1,Villain,0.9620480537414551,1.0
828,3.5,-6.5,15,Hero,0.6446939203577737,1.0
829,4.1000000000000005,-5.8999999999999995,9,Hero,0.515393078327179,1.0
830,-5.1,4.9,1,Villain,0.7047116160392761,1.0
831,3.6000000000000005,-6.3999999999999995,14,Hero,0.5262938471777099,1.0
832,4.4,-5.6,6,Hero,0.594733198483785,1.0
833,4.2,-5.8,8,Hero,0.7103838659822941,1.0
834,3.0,-7.0,20,Hero,0.5707886710762977,1.0
835,4.6000000000000005,-5.3999999999999995,4,Hero,0.5015464350581169,1.0
836,4.4,-5.6,6,Hero,0.7225102881590525,1.0
837,4.2,-5.8,8,Hero,0.9281517416238785,1.0
838,3.4000000000000004,-6.6,16,Hero,0.5452247988432646,1.0
839,4.1000000000000005,-5.8999999999999995,9,Hero,0.5490706364313761,1.0
840,4.6000000000000005,-5.3999999999999995,4,Hero,0.9269670397043228,1.0
841,3.5,-6.5,15,Hero,0.5423940102259318,1.0
842,-5.199999999999999,4.800000000000001,2,Villain,0.5011531636118889,1.0
843,3.9000000000000004,-6.1,11,Hero,0.5689405202865601,1.0
844,3.9000000000000004,-6.1,11,Hero,0.7713698934425007,1.0
845,3.8000000000000007,-6.199999999999999,12,Hero,0.49356041600306827,1.0
846,4.7,-5.3,3,Hero,0.6315160840749741,1.0
847,4.7,-5.3,3,Hero,0.5057751536369324,1.0
848,4.0,-6.0,10,Hero,0.5817843079566956,1.0
849,3.0,-7.0,20,Hero,0.5285294152796268,1.0
850,3.5,-6.5,15,Hero,0.48933858548601467,1.0
851,3.4000000000000004,-6.6,16,Hero,0.5533200018107891,1.0
852,3.8000000000000007,-6.199999999999999,12,Hero,0.5833534821867943,1.0
853,4.300000000000001,-5.699999999999999,7,Hero,0.6248978269951684,1.0
854,4.300000000000001,-5.699999999999999,7,Hero,0.9385462147848946,1.0
855,4.1000000000000005,-5.8999999999999995,9,Hero,0.8019118010997772,1.0
856,-5.199999999999999,4.800000000000001,2,Villain,0.38543418049812317,1.0
857,3.0,-7.0,20,Hero,0.48021315708756446,1.0
858,3.7,-6.3,13,Hero,0.8265949075038617,1.0
859,3.0,-7.0,20,Hero,0.5157316706434358,1.0
860,3.0999999999999996,-6.9,19,Hero,0.5455771449365114,1.0
861,3.7,-6.3,13,Hero,0.772712611235105,1.0
862,3.7,-6.3,13,Hero,0.5581933924785027,1.0
863,3.5,-6.5,15,Hero,0.5750113904476166,1.0
864,3.8000000000000007,-6.199999999999999,12,Hero,0.7847784981131554,1.0
865,0.9999999999999982,-9.000000000000002,40,Hero,0.6743474755436182,1.0
866,3.0999999999999996,-6.9,19,Hero,0.5636628230935649,1.0
867,-5.3,4.7,3,Villain,0.3097688506046931,0.9999999602635702
868,2.099999999999999,-7.9,29,Hero,0.7365778062877983,1.0
869,4.2,-5.8,8,Hero,0.7316912282258272,1.0
870,2.1999999999999993,-7.800000000000001,28,Hero,0.808988556265831,1.0
871,3.5,-6.5,15,Hero,0.5538283894459407,1.0
872,1.9999999999999991,-8.0,30,Hero,0.711889585107565,1.0
873,4.300000000000001,-5.699999999999999,7,Hero,0.5637101871626717,1.0
874,3.9000000000000004,-6.1,11,Hero,0.6242597157304938,1.0
875,3.4000000000000004,-6.6,16,Hero,0.5344120785593987,1.0
876,3.8000000000000007,-6.199999999999999,12,Hero,0.5478993331392606,1.0
877,3.8000000000000007,-6.199999999999999,12,Hero,0.737868162492911,1.0
878,4.7,-5.3,3,Hero,0.9409404198328654,1.0
879,3.9000000000000004,-6.1,11,Hero,0.711672308770093,1.0
880,4.0,-6.0,10,Hero,0.48501983284950256,1.0
881,3.9000000000000004,-6.1,11,Hero,0.7965205010365356,1.0
882,-5.199999999999999,4.800000000000001,2,Villain,0.7650688886642456,1.0
883,3.3,-6.7,17,Hero,0.5034411999342197,1.0
884,4.0,-6.0,10,Hero,0.754416099190712,1.0
885,3.3,-6.7,17,Hero,0.6425516272292418,1.0
886,2.6999999999999997,-7.300000000000001,23,Hero,0.6419366598129272,1.0
887,4.1000000000000005,-5.8999999999999995,9,Hero,0.5560431149270799,1.0
888,3.6000000000000005,-6.3999999999999995,14,Hero,0.7552644408174923,1.0
889,3.7,-6.3,13,Hero,0.7457012150150079,1.0
890,3.7,-6.3,13,Hero,0.46660854610112995,1.0
891,4.5,-5.5,5,Hero,0.6926293551921845,1.0
892,3.9000000000000004,-6.1,11,Hero,0.6465635706077922,1.0
893,2.6999999999999997,-7.300000000000001,23,Hero,0.5387776046991348,1.0
894,3.4000000000000004,-6.6,16,Hero,0.7559126503765583,1.0
895,2.9,-7.1,21,Hero,0.5783744681449163,1.0
896,4.2,-5.8,8,Hero,0.9544866159558296,1.0
897,3.8000000000000007,-6.199999999999999,12,Hero,0.712279798462987,1.0
898,3.8000000000000007,-6.199999999999999,12,Hero,0.6625454078118006,1.0
899,4.2,-5.8,8,Hero,0.7111629620194435,1.0
900,4.300000000000001,-5.699999999999999,7,Hero,0.6663798008646283,1.0
901,3.6000000000000005,-6.3999999999999995,14,Hero,0.6195755388055529,1.0
902,4.5,-5.5,5,Hero,0.648239153623581,1.0
903,3.0999999999999996,-6.9,19,Hero,0.5670844285111678,1.0
904,4.0,-6.0,10,Hero,0.8285096555948257,1.0
905,4.800000000000001,-5.199999999999999,2,Hero,0.8616009652614594,1.0
906,4.0,-6.0,10,Hero,0.6327549993991852,1.0
907,4.0,-6.0,10,Hero,0.8638169586658477,1.0
908,4.2,-5.8,8,Hero,0.8307941630482674,1.0
909,3.5,-6.5,15,Hero,0.6112899422645569,1.0
910,3.2,-6.8,18,Hero,0.6323383636772633,1.0
911,3.8000000000000007,-6.199999999999999,12,Hero,0.5382848319907984,1.0
912,2.9,-7.1,21,Hero,0.5456535660085224,1.0
913,4.0,-6.0,10,Hero,0.6642419189214707,1.0
914,4.0,-6.0,10,Hero,0.6350657165050506,1.0
915,4.4,-5.6,6,Hero,0.6030970364809036,1.0
916,4.4,-5.6,6,Hero,0.5515034943819046,1.0
917,3.2,-6.8,18,Hero,0.5689207944605086,1.0
918,3.0999999999999996,-6.9,19,Hero,0.5238385048057688,1.0
919,-5.1,4.9,1,Villain,0.9773549437522888,1.0
920,3.8000000000000007,-6.199999999999999,12,Hero,0.5407435564945141,1.0
921,4.1000000000000005,-5.8999999999999995,9,Hero,0.6468012465371026,1.0
922,3.6000000000000005,-6.3999999999999995,14,Hero,0.6387663041574082,1.0
923,3.8000000000000007,-6.199999999999999,12,Hero,0.4618126613398393,1.0
924,4.1000000000000005,-5.8999999999999995,9,Hero,0.9396590921613905,1.0
925,3.9000000000000004,-6.1,11,Hero,0.6331881609829989,1.0
926,3.8000000000000007,-6.199999999999999,12,Hero,0.681310755511125,1.0
927,4.7,-5.3,3,Hero,0.5462817947069804,1.0
928,4.2,-5.8,8,Hero,0.8026206642389297,1.0
929,4.0,-6.0,10,Hero,0.778545755147934,1.0
930,3.8000000000000007,-6.199999999999999,12,Hero,0.6333201800783476,1.0
931,3.5,-6.5,15,Hero,0.5714565483232339,1.0
932,3.7,-6.3,13,Hero,0.5530382303091196,1.0
933,4.0,-6.0,10,Hero,0.6097280025482178,1.0
934,4.7,-5.3,3,Hero,0.685181736946106,1.0
935,4.1000000000000005,-5.8999999999999995,9,Hero,0.5269170867072211,1.0
936,4.1000000000000005,-5.8999999999999995,9,Hero,0.6958829826778836,1.0
937,3.8000000000000007,-6.199999999999999,12,Hero,0.5150732733309269,1.0
938,4.6000000000000005,-5.3999999999999995,4,Hero,0.6802835687994957,1.0
939,4.300000000000001,-5.699999999999999,7,Hero,0.5442398531096322,1.0
940,3.9000000000000004,-6.1,11,Hero,0.551740051670508,1.0
941,3.0999999999999996,-6.9,19,Hero,0.5460117582819963,1.0
942,4.4,-5.6,6,Hero,0.5324195176362991,1.0
943,4.1000000000000005,-5.8999999999999995,9,Hero,0.6432908574740092,1.0
944,3.5,-6.5,15,Hero,0.6037428776423136,1.0
945,3.8000000000000007,-6.199999999999999,12,Hero,0.653879507134358,1.0
946,3.7,-6.3,13,Hero,0.654463703242632,1.0
947,3.5,-6.5,15,Hero,0.591439300775528,1.0
948,4.1000000000000005,-5.8999999999999995,9,Hero,0.5909430500533845,1.0
949,3.8000000000000007,-6.199999999999999,12,Hero,0.6186759024858475,1.0
950,3.7,-6.3,13,Hero,0.6746012774797586,1.0
951,4.0,-6.0,10,Hero,0.8580471456050873,1.0
952,3.7,-6.3,13,Hero,0.6035803590829556,1.0
953,3.8000000000000007,-6.199999999999999,12,Hero,0.6623716757943233,1.0
954,-5.199999999999999,4.800000000000001,2,Villain,0.4683903902769089,1.0
955,3.3,-6.7,17,Hero,0.523329917122336,1.0
956,3.3,-6.7,17,Hero,0.598498457494904,1.0
957,4.4,-5.6,6,Hero,0.5953093071778616,1.0
958,3.2,-6.8,18,Hero,0.516666054725647,1.0
959,4.4,-5.6,6,Hero,0.5074366480112076,1.0
960,4.0,-6.0,10,Hero,0.8349606476724147,1.0
961,3.6000000000000005,-6.3999999999999995,14,Hero,0.5350384627069745,1.0
962,3.6000000000000005,-6.3999999999999995,14,Hero,0.5638259989874703,1.0
963,3.3,-6.7,17,Hero,0.5791793684749043,1.0
964,3.7,-6.3,13,Hero,0.5727534706775959,1.0
965,4.4,-5.6,6,Hero,0.5603862454493841,1.0
966,4.2,-5.8,8,Hero,0.703022601082921,1.0
967,4.4,-5.6,6,Hero,0.5559701025485992,1.0
968,3.5,-6.5,15,Hero,0.631079496939977,1.0
969,3.0999999999999996,-6.9,19,Hero,0.5071921395628076,1.0
970,4.5,-5.5,5,Hero,0.5680998653173447,1.0
971,3.6000000000000005,-6.3999999999999995,14,Hero,0.5233595083866801,1.0
972,4.300000000000001,-5.699999999999999,7,Hero,0.4289661688464029,1.0
973,3.6000000000000005,-6.3999999999999995,14,Hero,0.5825969300099781,1.0
974,4.1000000000000005,-5.8999999999999995,9,Hero,0.7751125478082233,1.0
975,3.6000000000000005,-6.3999999999999995,14,Hero,0.5047474645211228,1.0
976,4.2,-5.8,8,Hero,0.5742685310542583,1.0
977,4.5,-5.5,5,Hero,0.7270561456680298,1.0
978,3.7,-6.3,13,Hero,0.6612523702474741,1.0
979,4.7,-5.3,3,Hero,0.61847123503685,1.0
980,4.7,-5.3,3,Hero,0.6179780115683874,1.0
981,4.0,-6.0,10,Hero,0.6987024962902069,1.0
982,3.7,-6.3,13,Hero,0.6327520242104163,1.0
983,3.4000000000000004,-6.6,16,Hero,0.5141617086483166,1.0
984,3.9000000000000004,-6.1,11,Hero,0.6731387999924746,1.0
985,4.300000000000001,-5.699999999999999,7,Hero,0.7881427449839455,1.0
986,3.9000000000000004,-6.1,11,Hero,0.7761679969050668,1.0
987,3.6000000000000005,-6.3999999999999995,14,Hero,0.5987426404442105,1.0
988,3.6000000000000005,-6.3999999999999995,14,Hero,0.5952341024364743,1.0
989,4.2,-5.8,8,Hero,0.4811197374656331,1.0
990,4.0,-6.0,10,Hero,0.571229001879692,1.0
991,3.0999999999999996,-6.9,19,Hero,0.49606681497473465,1.0
992,4.0,-6.0,10,Hero,0.6196110188961029,1.0
993,-5.199999999999999,4.800000000000001,2,Villain,0.39649099111557007,1.0
994,3.9000000000000004,-6.1,11,Hero,0.5227909494530071,1.0
995,3.3,-6.7,17,Hero,0.5437039505032932,1.0
996,3.9000000000000004,-6.1,11,Hero,0.48451925949616864,1.0
997,4.300000000000001,-5.699999999999999,7,Hero,0.7022837783609118,1.0
998,4.1000000000000005,-5.8999999999999995,9,Hero,0.8025733894772,1.0
999,4.2,-5.8,8,Hero,0.7117547960951924,1.0
1000,3.4000000000000004,-6.6,16,Hero,0.48157576844096184,1.0
1001,4.300000000000001,-5.699999999999999,7,Hero,0.6790945189339774,1.0
1002,3.4000000000000004,-6.6,16,Hero,0.5232394188642502,1.0
1003,3.3,-6.7,17,Hero,0.5779497833812938,1.0
1004,4.4,-5.6,6,Hero,0.5239603867133459,1.0
1005,4.1000000000000005,-5.8999999999999995,9,Hero,0.6456548753711913,1.0
1006,3.9000000000000004,-6.1,11,Hero,0.560548183592883,1.0
1007,4.1000000000000005,-5.8999999999999995,9,Hero,0.8450446724891663,1.0
1008,4.2,-5.8,8,Hero,0.7458309456706047,1.0
1009,4.0,-6.0,10,Hero,0.56169493496418,1.0
1010,2.8,-7.2,22,Hero,0.49138380925763736,1.0
1011,3.4000000000000004,-6.6,16,Hero,0.49193962500430644,1.0
1012,3.2,-6.8,18,Hero,0.5381582652529081,1.0
1013,3.9000000000000004,-6.1,11,Hero,0.5312347466295416,1.0
1014,4.7,-5.3,3,Hero,0.5722857316335043,1.0
1015,4.4,-5.6,6,Hero,0.5777289420366287,1.0
1016,3.2,-6.8,18,Hero,0.5183249066273371,1.0
1017,4.0,-6.0,10,Hero,0.6583645761013031,1.0
1018,3.9000000000000004,-6.1,11,Hero,0.6470708467743613,1.0
1019,3.8000000000000007,-6.199999999999999,12,Hero,0.6706425882875919,1.0
1020,4.800000000000001,-5.199999999999999,2,Hero,0.48740314692258835,1.0
1021,4.0,-6.0,10,Hero,0.5896243244409561,1.0
1022,4.0,-6.0,10,Hero,0.8259546734392643,1.0
1023,3.6000000000000005,-6.3999999999999995,14,Hero,0.6291323953441211,1.0
1024,-5.199999999999999,4.800000000000001,2,Villain,0.7734300494194031,1.0
1025,4.1000000000000005,-5.8999999999999995,9,Hero,0.6369286013974084,1.0
1026,4.6000000000000005,-5.3999999999999995,4,Hero,0.606866180896759,1.0
1027,-5.3,4.7,3,Villain,0.5867254137992859,1.0
1028,3.3,-6.7,17,Hero,0.5466457780669717,1.0
1029,4.300000000000001,-5.699999999999999,7,Hero,0.8409157139914376,1.0
1030,2.9,-7.1,21,Hero,0.48906803175452207,1.0
1031,3.7,-6.3,13,Hero,0.6608156653550955,1.0
1032,4.5,-5.5,5,Hero,0.5787664473056793,1.0
1033,3.8000000000000007,-6.199999999999999,12,Hero,0.5827950866272052,1.0
1034,3.5,-6.5,15,Hero,0.6128318260113398,1.0
1035,3.9000000000000004,-6.1,11,Hero,0.7491035027937456,1.0
1036,3.6000000000000005,-6.3999999999999995,14,Hero,0.5858419920716967,1.0
1037,4.800000000000001,-5.199999999999999,2,Hero,0.5845418721437454,1.0
1038,3.4000000000000004,-6.6,16,Hero,0.5352351330220699,1.0
1039,3.0,-7.0,20,Hero,0.4830042809247971,1.0
1040,4.0,-6.0,10,Hero,0.6437762558460236,1.0
1041,4.4,-5.6,6,Hero,0.6484833806753159,1.0
1042,4.300000000000001,-5.699999999999999,7,Hero,0.7757006266287395,1.0
1043,4.1000000000000005,-5.8999999999999995,9,Hero,0.5913969311449263,1.0
1044,3.7,-6.3,13,Hero,0.5519759654998779,1.0
1045,4.1000000000000005,-5.8999999999999995,9,Hero,0.7067267811960645,1.0
1046,3.8000000000000007,-6.199999999999999,12,Hero,0.5415305867791176,1.0
1047,3.4000000000000004,-6.6,16,Hero,0.5129229794256389,1.0
1048,3.8000000000000007,-6.199999999999999,12,Hero,0.5800749783714613,1.0
1049,4.0,-6.0,10,Hero,0.6812302216887474,1.0
1050,3.9000000000000004,-6.1,11,Hero,0.6892095194621519,1.0
1051,4.9,-5.1,1,Hero,0.5588282942771912,1.0
1052,3.5,-6.5,15,Hero,0.5079064279794693,1.0
1053,3.8000000000000007,-6.199999999999999,12,Hero,0.646799402932326,1.0
1054,3.8000000000000007,-6.199999999999999,12,Hero,0.613925825804472,1.0
1055,4.0,-6.0,10,Hero,0.4742779478430748,1.0
1056,3.9000000000000004,-6.1,11,Hero,0.6153245270252228,1.0
1057,-5.3999999999999995,4.6000000000000005,4,Villain,0.5944310277700424,1.0
1058,3.7,-6.3,13,Hero,0.6536577997299341,1.0
1059,4.0,-6.0,10,Hero,0.5459904000163078,1.0
1060,4.4,-5.6,6,Hero,0.7277315755685171,1.0
1061,4.0,-6.0,10,Hero,0.8152611494064331,1.0
1062,4.6000000000000005,-5.3999999999999995,4,Hero,0.6230935081839561,1.0
1063,4.6000000000000005,-5.3999999999999995,4,Hero,0.6838149577379227,1.0
1064,3.8000000000000007,-6.199999999999999,12,Hero,0.6849142399926981,1.0
1065,4.7,-5.3,3,Hero,0.6104552447795868,1.0
1066,4.9,-5.1,1,Hero,0.8217278718948364,1.0
1067,2.8,-7.2,22,Hero,0.5506408165462993,1.0
1068,4.800000000000001,-5.199999999999999,2,Hero,0.8968691825866699,1.0
1069,4.0,-6.0,10,Hero,0.6472385630011559,1.0
1070,-5.199999999999999,4.800000000000001,2,Villain,0.9801768064498901,1.0
1071,3.5,-6.5,15,Hero,0.5538236806790034,1.0
1072,3.7,-6.3,13,Hero,0.6296562265891296,1.0
1073,4.9,-5.1,1,Hero,0.5475340485572815,1.0
1074,4.4,-5.6,6,Hero,0.6061335355043411,1.0
1075,3.4000000000000004,-6.6,16,Hero,0.5740447677671909,1.0
1076,4.300000000000001,-5.699999999999999,7,Hero,0.6154432275465557,1.0
1077,4.0,-6.0,10,Hero,0.5401930868625641,1.0
1078,3.3,-6.7,17,Hero,0.5103547643212711,1.0
1079,-5.1,4.9,1,Villain,0.17883293330669403,1.0
1080,3.7,-6.3,13,Hero,0.5391071009664581,1.0
1081,4.2,-5.8,8,Hero,0.522951927036047,1.0
1082,4.1000000000000005,-5.8999999999999995,9,Hero,0.5860818326473236,1.0
1083,4.0,-6.0,10,Hero,0.6874339055269957,1.0
1084,4.2,-5.8,8,Hero,0.8141278997063637,1.0
1085,-5.3,4.7,3,Villain,0.570151299238205,1.0
1086,4.2,-5.8,8,Hero,0.786589227616787,1.0
1087,3.9000000000000004,-6.1,11,Hero,0.6479546319354664,1.0
1088,4.300000000000001,-5.699999999999999,7,Hero,0.8072521558829716,1.0
1089,4.1000000000000005,-5.8999999999999995,9,Hero,0.6286298698849149,1.0
1090,3.3,-6.7,17,Hero,0.542425150380415,1.0
1091,4.1000000000000005,-5.8999999999999995,9,Hero,0.789357320095102,1.0
1092,4.2,-5.8,8,Hero,0.5771462544798851,1.0
1093,4.2,-5.8,8,Hero,0.5804101005196571,1.0
1094,4.2,-5.8,8,Hero,0.6571580916643143,1.0
1095,4.4,-5.6,6,Hero,0.5701256891091665,1.0
1096,3.3,-6.7,17,Hero,0.5383310475770164,1.0
1097,3.8000000000000007,-6.199999999999999,12,Hero,0.6900457193454107,1.0
1098,3.4000000000000004,-6.6,16,Hero,0.5736280772835016,1.0
1099,3.6000000000000005,-6.3999999999999995,14,Hero,0.6571470733199801,1.0
1100,4.9,-5.1,1,Hero,0.785065233707428,1.0
1101,4.0,-6.0,10,Hero,0.8382618606090546,1.0
1102,4.0,-6.0,10,Hero,0.6986493468284607,1.0
1103,3.9000000000000004,-6.1,11,Hero,0.6138142401521857,1.0
1104,3.7,-6.3,13,Hero,0.5617758219058697,1.0
1105,3.9000000000000004,-6.1,11,Hero,0.7234746732495048,1.0
1106,4.300000000000001,-5.699999999999999,7,Hero,0.5017535899366651,1.0
1107,4.0,-6.0,10,Hero,0.7994487337768078,1.0
1108,4.2,-5.8,8,Hero,0.5363002941012383,1.0
1109,3.7,-6.3,13,Hero,0.6559158907486842,1.0
1110,3.0999999999999996,-6.9,19,Hero,0.5287504619673679,1.0
1111,3.6000000000000005,-6.3999999999999995,14,Hero,0.5830950204815183,1.0
1112,3.4000000000000004,-6.6,16,Hero,0.530723039410077,1.0
1113,3.7,-6.3,13,Hero,0.576218476662269,1.0
1114,4.300000000000001,-5.699999999999999,7,Hero,0.544601925781795,1.0
1115,4.1000000000000005,-5.8999999999999995,9,Hero,0.6284133990605673,1.0
1116,4.6000000000000005,-5.3999999999999995,4,Hero,0.5605163276195526,1.0
1117,4.1000000000000005,-5.8999999999999995,9,Hero,0.6530781322055392,1.0
1118,4.0,-6.0,10,Hero,0.7412982225418091,1.0
1119,4.4,-5.6,6,Hero,0.5018647809823354,1.0
1120,3.6000000000000005,-6.3999999999999995,14,Hero,0.5467897972890309,1.0
1121,4.1000000000000005,-5.8999999999999995,9,Hero,0.6128653519683414,1.0
1122,3.4000000000000004,-6.6,16,Hero,0.5245899353176355,1.0
1123,4.800000000000001,-5.199999999999999,2,Hero,0.852195531129837,1.0
1124,3.6000000000000005,-6.3999999999999995,14,Hero,0.5906305717570441,1.0
1125,4.7,-5.3,3,Hero,0.6143303712209066,1.0
1126,3.9000000000000004,-6.1,11,Hero,0.7381820191036571,1.0
1127,4.1000000000000005,-5.8999999999999995,9,Hero,0.598246785501639,1.0
1128,4.5,-5.5,5,Hero,0.6007950127124786,1.0
1129,4.9,-5.1,1,Hero,0.7669714093208313,1.0
1130,4.6000000000000005,-5.3999999999999995,4,Hero,0.8676708191633224,1.0
1131,-5.6,4.4,6,Villain,0.6519955731928349,1.0
1132,4.6000000000000005,-5.3999999999999995,4,Hero,0.6369995027780533,1.0
1133,4.2,-5.8,8,Hero,0.643137177452445,1.0
1134,4.5,-5.5,5,Hero,0.6858542621135711,1.0
1135,4.5,-5.5,5,Hero,0.6821117520332336,1.0
1136,4.4,-5.6,6,Hero,0.6500367720921835,1.0
1137,4.1000000000000005,-5.8999999999999995,9,Hero,0.5912801225980123,1.0
1138,3.8000000000000007,-6.199999999999999,12,Hero,0.597292692710956,1.0
1139,4.4,-5.6,6,Hero,0.5478690713644028,1.0
1140,3.3,-6.7,17,Hero,0.5499054859666264,1.0
1141,4.1000000000000005,-5.8999999999999995,9,Hero,0.803914123111301,1.0
1142,4.300000000000001,-5.699999999999999,7,Hero,0.8739494681358337,1.0
1143,4.1000000000000005,-5.8999999999999995,9,Hero,0.6616960598362817,1.0
1144,3.9000000000000004,-6.1,11,Hero,0.807182721116326,1.0
1145,4.6000000000000005,-5.3999999999999995,4,Hero,0.483792781829834,1.0
1146,4.300000000000001,-5.699999999999999,7,Hero,0.6419259990964618,1.0
1147,4.5,-5.5,5,Hero,0.6703573226928711,1.0
1148,4.1000000000000005,-5.8999999999999995,9,Hero,0.5076319409741296,1.0
1149,4.7,-5.3,3,Hero,0.8441389799118042,1.0
1150,4.6000000000000005,-5.3999999999999995,4,Hero,0.7296135202050209,1.0
1151,4.1000000000000005,-5.8999999999999995,9,Hero,0.7064543631341722,1.0
1152,4.2,-5.8,8,Hero,0.88045883923769,1.0
1153,3.8000000000000007,-6.199999999999999,12,Hero,0.5814668176074823,1.0
1154,4.0,-6.0,10,Hero,0.7517330169677734,1.0
1155,4.1000000000000005,-5.8999999999999995,9,Hero,0.6647441734870275,1.0
1156,4.6000000000000005,-5.3999999999999995,4,Hero,0.5300488695502281,1.0
1157,4.9,-5.1,1,Hero,0.7899287939071655,1.0
1158,4.2,-5.8,8,Hero,0.6788455508649349,1.0
1159,3.5,-6.5,15,Hero,0.5739429811636607,1.0
1160,4.2,-5.8,8,Hero,0.5480746738612652,1.0
1161,4.2,-5.8,8,Hero,0.7109301425516605,1.0
1162,3.4000000000000004,-6.6,16,Hero,0.5825646120356396,1.0
1163,3.9000000000000004,-6.1,11,Hero,0.769196440550414,1.0
1164,3.9000000000000004,-6.1,11,Hero,0.5638022429563783,1.0
1165,3.4000000000000004,-6.6,16,Hero,0.5362578686326742,1.0
1166,4.5,-5.5,5,Hero,0.666436243057251,1.0
1167,3.8000000000000007,-6.199999999999999,12,Hero,0.6699222388366858,1.0
1168,3.5,-6.5,15,Hero,0.6448623915513356,1.0
1169,4.300000000000001,-5.699999999999999,7,Hero,0.6881032245499747,1.0
1170,3.8000000000000007,-6.199999999999999,12,Hero,0.5774087905883789,1.0
1171,3.9000000000000004,-6.1,11,Hero,0.6181019761345603,1.0
1172,2.8,-7.2,22,Hero,0.529088657095351,1.0
1173,4.2,-5.8,8,Hero,0.6231309920549393,1.0
1174,4.0,-6.0,10,Hero,0.5602407634258271,1.0
1175,-5.1,4.9,1,Villain,0.2774733901023865,1.0
1176,3.9000000000000004,-6.1,11,Hero,0.6197398399764841,1.0
1177,4.300000000000001,-5.699999999999999,7,Hero,0.6170665941068104,1.0
1178,4.6000000000000005,-5.3999999999999995,4,Hero,0.5194747187197208,1.0
1179,4.1000000000000005,-5.8999999999999995,9,Hero,0.5643051664034525,1.0
1180,4.4,-5.6,6,Hero,0.496615265806516,1.0
1181,4.6000000000000005,-5.3999999999999995,4,Hero,0.7164282873272896,1.0
1182,-5.199999999999999,4.800000000000001,2,Villain,0.5284429788589478,1.0
1183,4.300000000000001,-5.699999999999999,7,Hero,0.5431852681296212,1.0
1184,4.1000000000000005,-5.8999999999999995,9,Hero,0.559584442112181,1.0
1185,4.5,-5.5,5,Hero,0.5578574657440185,1.0
1186,4.1000000000000005,-5.8999999999999995,9,Hero,0.7506802280743917,1.0
1187,3.4000000000000004,-6.6,16,Hero,0.48627239651978016,1.0
1188,4.0,-6.0,10,Hero,0.6353263810276986,1.0
1189,3.4000000000000004,-6.6,16,Hero,0.5679387301206589,1.0
1190,3.6000000000000005,-6.3999999999999995,14,Hero,0.777130347543529,1.0
1191,1.9999999999999991,-8.0,30,Hero,0.6244352747996648,1.0
1192,2.6999999999999997,-7.300000000000001,23,Hero,0.5240194925471492,1.0
1193,3.4000000000000004,-6.6,16,Hero,0.5969169288873672,1.0
1194,4.9,-5.1,1,Hero,0.934782087802887,1.0
1195,3.0999999999999996,-6.9,19,Hero,0.5896193479236803,1.0
1196,2.8,-7.2,22,Hero,0.5333123242651875,1.0
1197,4.6000000000000005,-5.3999999999999995,4,Hero,0.7599421143531799,1.0
1198,3.0999999999999996,-6.9,19,Hero,0.6463596083615956,1.0
1199,2.3999999999999995,-7.6000000000000005,26,Hero,0.6182964816689491,1.0
1200,4.1000000000000005,-5.8999999999999995,9,Hero,0.5882449944814047,1.0
1201,3.8000000000000007,-6.199999999999999,12,Hero,0.5563949470718702,1.0
1202,4.1000000000000005,-5.8999999999999995,9,Hero,0.5214816398090787,1.0
1203,4.9,-5.1,1,Hero,0.9205552935600281,1.0
1204,1.5999999999999988,-8.400000000000002,34,Hero,0.8531188123366412,1.0
1205,4.1000000000000005,-5.8999999999999995,9,Hero,0.867372608019246,1.0
1206,-5.3999999999999995,4.6000000000000005,4,Villain,0.9780840128660202,1.0
1207,3.6000000000000005,-6.3999999999999995,14,Hero,0.5298145562410355,1.0
1208,4.0,-6.0,10,Hero,0.8600669965147972,1.0
1209,3.7,-6.3,13,Hero,0.5914560304238246,1.0
1210,2.6999999999999997,-7.300000000000001,23,Hero,0.5030708934949792,1.0
1211,-5.1,4.9,1,Villain,0.8860700130462646,1.0
1212,3.5,-6.5,15,Hero,0.7335529486338298,1.0
1213,3.4000000000000004,-6.6,16,Hero,0.5688879434019327,1.0
1214,3.8000000000000007,-6.199999999999999,12,Hero,0.5603353803356489,1.0
1215,4.300000000000001,-5.699999999999999,7,Hero,0.5562178322247097,1.0
1216,3.6000000000000005,-6.3999999999999995,14,Hero,0.5989619344472885,1.0
1217,4.0,-6.0,10,Hero,0.7420876786112786,1.0
1218,4.2,-5.8,8,Hero,0.7239847630262375,1.0
1219,4.1000000000000005,-5.8999999999999995,9,Hero,0.6829453474945493,1.0
1220,3.8000000000000007,-6.199999999999999,12,Hero,0.6500136231382688,1.0
1221,3.7,-6.3,13,Hero,0.5574080531413739,1.0
1222,4.2,-5.8,8,Hero,0.7840066030621529,1.0
1223,4.9,-5.1,1,Hero,0.6061347126960754,1.0
1224,4.2,-5.8,8,Hero,0.7529542371630669,1.0
1225,3.7,-6.3,13,Hero,0.6033025005689034,1.0
1226,4.9,-5.1,1,Hero,0.7300638556480408,1.0
1227,3.6000000000000005,-6.3999999999999995,14,Hero,0.6287339627742767,1.0
1228,3.7,-6.3,13,Hero,0.6628572012369449,1.0
1229,3.6000000000000005,-6.3999999999999995,14,Hero,0.5552977727992194,1.0
1230,3.7,-6.3,13,Hero,0.5455167717658557,1.0
1231,3.5,-6.5,15,Hero,0.5712354103724162,1.0
1232,3.7,-6.3,13,Hero,0.5749678222032694,1.0
1233,3.6000000000000005,-6.3999999999999995,14,Hero,0.5770445621705481,1.0
1234,4.0,-6.0,10,Hero,0.6181409224867821,1.0
1235,3.9000000000000004,-6.1,11,Hero,0.43617908576032444,1.0
1236,4.5,-5.5,5,Hero,0.6445174932479858,1.0
1237,4.1000000000000005,-5.8999999999999995,9,Hero,0.589595764875412,1.0
1238,4.300000000000001,-5.699999999999999,7,Hero,0.7587631886292782,1.0
1239,4.1000000000000005,-5.8999999999999995,9,Hero,0.8122009370062087,1.0
1240,4.0,-6.0,10,Hero,0.6271473139524459,1.0
1241,4.2,-5.8,8,Hero,0.7903190273791552,1.0
1242,4.2,-5.8,8,Hero,0.6020046472549438,1.0
1243,3.7,-6.3,13,Hero,0.6517419539965116,1.0
1244,3.7,-6.3,13,Hero,0.5307019158051565,1.0
1245,4.9,-5.1,1,Hero,0.4473465085029602,1.0
1246,3.7,-6.3,13,Hero,0.60896802177796,1.0
1247,3.7,-6.3,13,Hero,0.6608115778519557,1.0
1248,3.8000000000000007,-6.199999999999999,12,Hero,0.5979550381501516,1.0
1249,3.5,-6.5,15,Hero,0.5746210475762685,1.0
1250,3.8000000000000007,-6.199999999999999,12,Hero,0.5570456720888615,1.0
1251,-5.3,4.7,3,Villain,0.6401626368363699,1.0
1252,4.1000000000000005,-5.8999999999999995,9,Hero,0.6506798101796044,1.0
1253,4.1000000000000005,-5.8999999999999995,9,Hero,0.6253438277377023,1.0
1254,3.7,-6.3,13,Hero,0.5629238532139704,1.0
1255,3.2,-6.8,18,Hero,0.4913948161734475,1.0
1256,4.1000000000000005,-5.8999999999999995,9,Hero,0.6407228940063052,1.0
1257,-5.3,4.7,3,Villain,0.6380212406317393,1.0
1258,4.5,-5.5,5,Hero,0.5486618995666503,1.0
1259,3.6000000000000005,-6.3999999999999995,14,Hero,0.563210982297148,1.0
1260,4.4,-5.6,6,Hero,0.6507974117994308,1.0
1261,3.6000000000000005,-6.3999999999999995,14,Hero,0.6295341317142759,1.0
1262,4.9,-5.1,1,Hero,0.5430594682693481,1.0
1263,4.0,-6.0,10,Hero,0.6677391409873963,1.0
1264,3.9000000000000004,-6.1,11,Hero,0.6953743696212769,1.0
1265,3.9000000000000004,-6.1,11,Hero,0.5593737499280409,1.0
1266,4.4,-5.6,6,Hero,0.632167915503184,1.0
1267,3.7,-6.3,13,Hero,0.6796851239095514,1.0
1268,3.2,-6.8,18,Hero,0.5429018686215082,1.0
1269,4.5,-5.5,5,Hero,0.4872577726840973,1.0
1270,4.1000000000000005,-5.8999999999999995,9,Hero,0.5491797493563758,1.0
1271,4.6000000000000005,-5.3999999999999995,4,Hero,0.543792586773634,1.0
1272,4.5,-5.5,5,Hero,0.8608065724372864,1.0
1273,4.1000000000000005,-5.8999999999999995,9,Hero,0.6396237528986402,1.0
1274,3.7,-6.3,13,Hero,0.6308038120086377,1.0
1275,3.4000000000000004,-6.6,16,Hero,0.5601638630032539,1.0
1276,4.0,-6.0,10,Hero,0.5692927360534668,1.0
1277,3.4000000000000004,-6.6,16,Hero,0.5813195114023983,1.0
1278,4.9,-5.1,1,Hero,0.7677779793739319,1.0
1279,3.7,-6.3,13,Hero,0.6364045360913644,1.0
1280,3.7,-6.3,13,Hero,0.5294267947857196,1.0
1281,3.6000000000000005,-6.3999999999999995,14,Hero,0.6152911760977336,1.0
1282,4.2,-5.8,8,Hero,0.930365115404129,1.0
1283,4.1000000000000005,-5.8999999999999995,9,Hero,0.5892187555631002,1.0
1284,-5.1,4.9,1,Villain,0.2852315902709961,1.0
1285,3.9000000000000004,-6.1,11,Hero,0.5991959287361666,1.0
1286,4.0,-6.0,10,Hero,0.6958716049790382,1.0
1287,3.8000000000000007,-6.199999999999999,12,Hero,0.5839997107783953,1.0
1288,3.8000000000000007,-6.199999999999999,12,Hero,0.6806197091937065,1.0
1289,4.0,-6.0,10,Hero,0.5946821242570877,1.0
1290,4.800000000000001,-5.199999999999999,2,Hero,0.60572949051857,1.0
1291,4.1000000000000005,-5.8999999999999995,9,Hero,0.6487298872735765,1.0
1292,4.7,-5.3,3,Hero,0.6932411889235178,1.0
1293,4.1000000000000005,-5.8999999999999995,9,Hero,0.8020302057266235,1.0
1294,4.1000000000000005,-5.8999999999999995,9,Hero,0.5863726321193907,1.0
1295,4.5,-5.5,5,Hero,0.7078188419342041,1.0
1296,-5.3,4.7,3,Villain,0.6309417684872946,1.0
1297,4.4,-5.6,6,Hero,0.5407531013091406,1.0
1298,3.6000000000000005,-6.3999999999999995,14,Hero,0.558859853872231,1.0
1299,2.3999999999999995,-7.6000000000000005,26,Hero,0.5518503819520657,1.0
1300,4.1000000000000005,-5.8999999999999995,9,Hero,0.7149521244896783,1.0
1301,4.0,-6.0,10,Hero,0.6935262702405453,1.0
1302,2.9,-7.1,21,Hero,0.545693721710926,1.0
1303,4.300000000000001,-5.699999999999999,7,Hero,0.9781277009419033,1.0
1304,4.0,-6.0,10,Hero,0.5446576729416848,1.0
1305,3.7,-6.3,13,Hero,0.6109819339874846,1.0
1306,3.5,-6.5,15,Hero,0.5516174068053563,1.0
1307,3.8000000000000007,-6.199999999999999,12,Hero,0.6568299805124601,1.0
1308,3.2,-6.8,18,Hero,0.5733004170987341,1.0
1309,3.5,-6.5,15,Hero,0.6089877237876257,1.0
1310,4.7,-5.3,3,Hero,0.6417016486326853,1.0
1311,4.0,-6.0,10,Hero,0.6223513215780259,1.0
1312,3.8000000000000007,-6.199999999999999,12,Hero,0.6359927405913671,1.0
1313,-5.6,4.4,6,Villain,0.7321026821931204,1.0
1314,2.6999999999999997,-7.300000000000001,23,Hero,0.5499048187680866,1.0
1315,4.7,-5.3,3,Hero,0.99092964331309,1.0
1316,3.5,-6.5,15,Hero,0.5631180592502157,1.0
1317,4.0,-6.0,10,Hero,0.5828989714384079,1.0
1318,4.0,-6.0,10,Hero,0.7484447956085205,1.0
1319,4.0,-6.0,10,Hero,0.6717397376894951,1.0
1320,4.0,-6.0,10,Hero,0.6755794316530228,1.0
1321,4.1000000000000005,-5.8999999999999995,9,Hero,0.72491498125924,1.0
1322,3.5,-6.5,15,Hero,0.5694019307692846,1.0
1323,4.300000000000001,-5.699999999999999,7,Hero,0.7885577582887241,1.0
1324,4.9,-5.1,1,Hero,0.9714714288711548,1.0
1325,4.6000000000000005,-5.3999999999999995,4,Hero,0.597674161195755,1.0
1326,4.5,-5.5,5,Hero,0.9173231363296509,1.0
1327,4.6000000000000005,-5.3999999999999995,4,Hero,0.9855334013700485,1.0
1328,4.4,-5.6,6,Hero,0.557253601650397,1.0
1329,3.9000000000000004,-6.1,11,Hero,0.7385277199474248,1.0
1330,4.2,-5.8,8,Hero,0.6002425644546747,1.0
1331,4.800000000000001,-5.199999999999999,2,Hero,0.8273965120315552,1.0
1332,4.5,-5.5,5,Hero,0.9522448182106018,1.0
1333,3.8000000000000007,-6.199999999999999,12,Hero,0.6816901018222173,1.0
1334,4.1000000000000005,-5.8999999999999995,9,Hero,0.9203283985455831,1.0
1335,4.2,-5.8,8,Hero,0.694467730820179,1.0
1336,3.9000000000000004,-6.1,11,Hero,0.5552513572302732,1.0
1337,-5.699999999999999,4.300000000000001,7,Villain,0.8270257455962045,1.0
1338,4.0,-6.0,10,Hero,0.7496518820524216,1.0
1339,3.8000000000000007,-6.199999999999999,12,Hero,0.6406072378158569,1.0
1340,3.8000000000000007,-6.199999999999999,12,Hero,0.579708548883597,1.0
1341,3.6000000000000005,-6.3999999999999995,14,Hero,0.5205405918615205,1.0
1342,4.4,-5.6,6,Hero,0.7917957926789919,1.0
1343,4.300000000000001,-5.699999999999999,7,Hero,0.62434521317482,1.0
1344,3.6000000000000005,-6.3999999999999995,14,Hero,0.5239485333274517,1.0
1345,4.2,-5.8,8,Hero,0.7978487238287926,1.0
1346,4.5,-5.5,5,Hero,0.7240987479686737,1.0
1347,3.6000000000000005,-6.3999999999999995,14,Hero,0.6766029042857034,1.0
1348,4.5,-5.5,5,Hero,0.9386863708496094,1.0
1349,3.8000000000000007,-6.199999999999999,12,Hero,0.7923947175343832,1.0
1350,4.800000000000001,-5.199999999999999,2,Hero,0.8584915101528168,1.0
1351,4.0,-6.0,10,Hero,0.7291192539036274,1.0
1352,3.5,-6.5,15,Hero,0.5681960016489029,1.0
1353,-5.3,4.7,3,Villain,0.6489580372969309,1.0
1354,4.4,-5.6,6,Hero,0.6257884403069814,1.0
1355,3.6000000000000005,-6.3999999999999995,14,Hero,0.5794803532106536,1.0
1356,3.9000000000000004,-6.1,11,Hero,0.645572302016345,1.0
1357,3.4000000000000004,-6.6,16,Hero,0.5778970811516047,1.0
1358,4.300000000000001,-5.699999999999999,7,Hero,0.578299309526171,1.0
1359,3.8000000000000007,-6.199999999999999,12,Hero,0.6053176149725914,1.0
1360,3.9000000000000004,-6.1,11,Hero,0.8147584416649558,1.0
1361,3.8000000000000007,-6.199999999999999,12,Hero,0.665103609363238,1.0
1362,4.1000000000000005,-5.8999999999999995,9,Hero,0.7314098013771905,1.0
1363,4.1000000000000005,-5.8999999999999995,9,Hero,0.6064494351545969,1.0
1364,2.3999999999999995,-7.6000000000000005,26,Hero,0.46827563657783544,1.0
1365,3.7,-6.3,13,Hero,0.6306803467182013,1.0
1366,4.300000000000001,-5.699999999999999,7,Hero,0.583222576550075,1.0
1367,4.1000000000000005,-5.8999999999999995,9,Hero,0.7214395039611392,1.0
1368,4.800000000000001,-5.199999999999999,2,Hero,0.5217095352709293,1.0
1369,3.2,-6.8,18,Hero,0.5316279609170225,1.0
1370,4.300000000000001,-5.699999999999999,7,Hero,0.6789586842060089,1.0
1371,3.9000000000000004,-6.1,11,Hero,0.6211506697264585,1.0
1372,4.5,-5.5,5,Hero,0.8548102498054504,1.0
1373,4.1000000000000005,-5.8999999999999995,9,Hero,0.8167297111617194,1.0
1374,4.1000000000000005,-5.8999999999999995,9,Hero,0.7077609499295553,1.0
1375,3.8000000000000007,-6.199999999999999,12,Hero,0.599459265669187,1.0
1376,3.3,-6.7,17,Hero,0.5631358264123693,1.0
1377,4.1000000000000005,-5.8999999999999995,9,Hero,0.7575904561413659,1.0
1378,3.4000000000000004,-6.6,16,Hero,0.5874196346849203,1.0
1379,3.7,-6.3,13,Hero,0.569372465977302,1.0
1380,3.9000000000000004,-6.1,11,Hero,0.7795034972104159,1.0
1381,3.7,-6.3,13,Hero,0.6628263397858694,1.0
1382,4.5,-5.5,5,Hero,0.6779718101024628,1.0
1383,3.8000000000000007,-6.199999999999999,12,Hero,0.6828137959043185,1.0
1384,4.4,-5.6,6,Hero,0.6592506070931753,1.0
1385,4.1000000000000005,-5.8999999999999995,9,Hero,0.6654777659310235,1.0
1386,4.5,-5.5,5,Hero,0.536717289686203,1.0
1387,2.9,-7.1,21,Hero,0.48195830839020865,0.9999975079581851
1388,3.8000000000000007,-6.199999999999999,12,Hero,0.5978073465327421,1.0
1389,4.1000000000000005,-5.8999999999999995,9,Hero,0.6596807175212436,1.0
1390,4.1000000000000005,-5.8999999999999995,9,Hero,0.6461694373024834,1.0
1391,4.4,-5.6,6,Hero,0.724790612856547,1.0
1392,3.3,-6.7,17,Hero,0.565293113974964,1.0
1393,4.1000000000000005,-5.8999999999999995,9,Hero,0.7159895069069333,1.0
1394,3.8000000000000007,-6.199999999999999,12,Hero,0.5911793385942777,1.0
1395,4.1000000000000005,-5.8999999999999995,9,Hero,0.5623877478970422,1.0
1396,4.0,-6.0,10,Hero,0.6504355415701866,1.0
1397,3.0999999999999996,-6.9,19,Hero,0.5204990137564508,1.0
1398,3.9000000000000004,-6.1,11,Hero,0.8162294761701063,1.0
1399,3.8000000000000007,-6.199999999999999,12,Hero,0.6815637325247129,1.0
1400,3.5,-6.5,15,Hero,0.5771080811818441,1.0
1401,3.8000000000000007,-6.199999999999999,12,Hero,0.6399816709260145,1.0
1402,4.800000000000001,-5.199999999999999,2,Hero,0.9224170744419098,1.0
1403,3.6000000000000005,-6.3999999999999995,14,Hero,0.6014744884201458,1.0
1404,3.9000000000000004,-6.1,11,Hero,0.667303358966654,1.0
1405,3.2,-6.8,18,Hero,0.5348595285581218,1.0
1406,3.5,-6.5,15,Hero,0.5947276949882507,1.0
1407,4.2,-5.8,8,Hero,0.6031328476965427,1.0
1408,3.9000000000000004,-6.1,11,Hero,0.6330647021532059,1.0
1409,4.4,-5.6,6,Hero,0.7682832355300585,1.0
1410,4.7,-5.3,3,Hero,0.689030647277832,1.0
1411,4.300000000000001,-5.699999999999999,7,Hero,0.5838922602789742,1.0
1412,4.5,-5.5,5,Hero,0.6323999464511871,1.0
1413,4.300000000000001,-5.699999999999999,7,Hero,0.7490990587643215,1.0
1414,3.4000000000000004,-6.6,16,Hero,0.5801017619669437,1.0
1415,4.5,-5.5,5,Hero,0.6906376391649246,1.0
1416,4.0,-6.0,10,Hero,0.65575011074543,1.0
1417,4.7,-5.3,3,Hero,0.6130768756071726,1.0
1418,3.8000000000000007,-6.199999999999999,12,Hero,0.5538415250678858,1.0
1419,4.7,-5.3,3,Hero,0.7051372826099396,1.0
1420,4.1000000000000005,-5.8999999999999995,9,Hero,0.6975416309303708,1.0
1421,4.300000000000001,-5.699999999999999,7,Hero,0.7441094858305795,1.0
1422,3.7,-6.3,13,Hero,0.6457337977794501,1.0
1423,3.5,-6.5,15,Hero,0.6023746411005656,1.0
1424,4.0,-6.0,10,Hero,0.7319876194000244,1.0
1425,4.0,-6.0,10,Hero,0.515387699007988,1.0
1426,3.6000000000000005,-6.3999999999999995,14,Hero,0.6238789153950555,1.0
1427,4.1000000000000005,-5.8999999999999995,9,Hero,0.7546237607796987,1.0
1428,4.300000000000001,-5.699999999999999,7,Hero,0.5859094219548362,1.0
1429,3.2,-6.8,18,Hero,0.5810553748678002,1.0
1430,4.2,-5.8,8,Hero,0.6423397567123175,1.0
1431,3.8000000000000007,-6.199999999999999,12,Hero,0.6580586545169353,1.0
1432,4.4,-5.6,6,Hero,0.5955966413021088,1.0
1433,3.4000000000000004,-6.6,16,Hero,0.5777394063770771,1.0
1434,3.8000000000000007,-6.199999999999999,12,Hero,0.5781713500618935,1.0
1435,3.3,-6.7,17,Hero,0.5504001529120347,1.0
1436,4.9,-5.1,1,Hero,0.4236230254173279,1.0
1437,3.4000000000000004,-6.6,16,Hero,0.5742554217576981,1.0
1438,-5.3,4.7,3,Villain,0.952768087387085,1.0
1439,3.3,-6.7,17,Hero,0.5553329920067507,1.0
1440,4.4,-5.6,6,Hero,0.6097046087185541,1.0
1441,4.0,-6.0,10,Hero,0.6800791099667549,1.0
1442,4.7,-5.3,3,Hero,0.4936780532201131,1.0
1443,3.7,-6.3,13,Hero,0.5556868956639216,1.0
1444,3.9000000000000004,-6.1,11,Hero,0.7213828536597165,1.0
1445,3.0,-7.0,20,Hero,0.6446255750954151,1.0
1446,4.6000000000000005,-5.3999999999999995,4,Hero,0.7556289881467819,1.0
1447,3.4000000000000004,-6.6,16,Hero,0.6635953178629279,1.0
1448,3.4000000000000004,-6.6,16,Hero,0.7444441057741642,1.0
1449,3.7,-6.3,13,Hero,0.5733597347369561,1.0
1450,4.4,-5.6,6,Hero,0.6082616051038107,1.0
1451,4.300000000000001,-5.699999999999999,7,Hero,0.9347337910107204,1.0
1452,3.8000000000000007,-6.199999999999999,12,Hero,0.5726914517581463,1.0
1453,4.300000000000001,-5.699999999999999,7,Hero,0.7855362210954938,1.0
1454,3.4000000000000004,-6.6,16,Hero,0.5657434687018394,1.0
1455,4.1000000000000005,-5.8999999999999995,9,Hero,0.7019280625714196,1.0
1456,3.4000000000000004,-6.6,16,Hero,0.4727276147732482,1.0
1457,4.2,-5.8,8,Hero,0.6028376570902765,1.0
1458,4.0,-6.0,10,Hero,0.6521662771701813,1.0
1459,3.8000000000000007,-6.199999999999999,12,Hero,0.6504757280151049,1.0
1460,3.7,-6.3,13,Hero,0.7589535254698533,1.0
1461,-5.5,4.5,5,Villain,0.34503017365932465,1.0
1462,4.9,-5.1,1,Hero,0.647569477558136,1.0
1463,3.4000000000000004,-6.6,16,Hero,0.5621073106303811,1.0
1464,3.9000000000000004,-6.1,11,Hero,0.608010702512481,1.0
1465,4.2,-5.8,8,Hero,0.5743407141417265,1.0
1466,3.8000000000000007,-6.199999999999999,12,Hero,0.6931238795320193,1.0
1467,3.9000000000000004,-6.1,11,Hero,0.6868067221208052,1.0
1468,4.7,-5.3,3,Hero,0.611810564994812,1.0
1469,4.0,-6.0,10,Hero,0.689706239104271,1.0
1470,4.9,-5.1,1,Hero,0.5028612017631531,1.0
1471,4.800000000000001,-5.199999999999999,2,Hero,0.5482864081859589,1.0
1472,4.9,-5.1,1,Hero,0.9344162344932556,1.0
1473,4.4,-5.6,6,Hero,0.8158605396747589,1.0
1474,3.9000000000000004,-6.1,11,Hero,0.667130035771565,1.0
1475,4.1000000000000005,-5.8999999999999995,9,Hero,0.7848453587955899,1.0
1476,4.2,-5.8,8,Hero,0.6984911113977432,1.0
1477,3.6000000000000005,-6.3999999999999995,14,Hero,0.5810607852680343,1.0
1478,3.7,-6.3,13,Hero,0.6734160024386185,1.0
1479,3.7,-6.3,13,Hero,0.6127004210765545,1.0
1480,3.5,-6.5,15,Hero,0.5796443700790406,1.0
1481,3.6000000000000005,-6.3999999999999995,14,Hero,0.5791558985199247,1.0
1482,3.9000000000000004,-6.1,11,Hero,0.5801101652058688,1.0
1483,3.8000000000000007,-6.199999999999999,12,Hero,0.5782245000203451,1.0
1484,4.7,-5.3,3,Hero,0.70583908756574,1.0
1485,4.5,-5.5,5,Hero,0.6148178398609161,1.0
1486,3.9000000000000004,-6.1,11,Hero,0.5795330621979453,1.0
1487,3.4000000000000004,-6.6,16,Hero,0.5249448120594025,1.0
1488,3.6000000000000005,-6.3999999999999995,14,Hero,0.6046918854117393,1.0
1489,4.300000000000001,-5.699999999999999,7,Hero,0.730980030127934,1.0
1490,4.9,-5.1,1,Hero,0.8441869616508484,1.0
1491,-5.8,4.2,8,Villain,0.5760525111109018,1.0
1492,4.2,-5.8,8,Hero,0.7471424154937267,1.0
1493,3.5,-6.5,15,Hero,0.5731953203678131,1.0
1494,4.300000000000001,-5.699999999999999,7,Hero,0.51570554290499,1.0
1495,4.300000000000001,-5.699999999999999,7,Hero,0.5560950040817261,1.0
1496,3.6000000000000005,-6.3999999999999995,14,Hero,0.5813164051089968,1.0
1497,4.1000000000000005,-5.8999999999999995,9,Hero,0.8339168296919929,1.0
1498,3.0999999999999996,-6.9,19,Hero,0.5501427462226466,1.0
1499,3.8000000000000007,-6.199999999999999,12,Hero,0.6391574988762537,1.0
1500,3.6000000000000005,-6.3999999999999995,14,Hero,0.6223259823662894,1.0
1501,4.2,-5.8,8,Hero,0.5849491991102695,1.0
1502,2.3999999999999995,-7.6000000000000005,26,Hero,0.5794200029206247,1.0
1503,3.9000000000000004,-6.1,11,Hero,0.7312389991500161,1.0
1504,3.6000000000000005,-6.3999999999999995,14,Hero,0.633568134691034,1.0
1505,4.4,-5.6,6,Hero,0.6600184490283331,1.0
1506,4.0,-6.0,10,Hero,0.618169441819191,1.0
1507,3.2,-6.8,18,Hero,0.6103670286506208,1.0
1508,4.5,-5.5,5,Hero,0.6030432164669037,1.0
1509,3.8000000000000007,-6.199999999999999,12,Hero,0.6802522912621498,1.0
1510,4.4,-5.6,6,Hero,0.6570562571287155,1.0
1511,3.8000000000000007,-6.199999999999999,12,Hero,0.6926491310199102,1.0
1512,3.9000000000000004,-6.1,11,Hero,0.7833248424259099,1.0
1513,4.7,-5.3,3,Hero,0.6287450790405273,1.0
1514,4.5,-5.5,5,Hero,0.894792628288269,1.0
1515,3.5,-6.5,15,Hero,0.6587125460306803,1.0
1516,3.4000000000000004,-6.6,16,Hero,0.587656931951642,1.0
1517,4.0,-6.0,10,Hero,0.6417929232120514,1.0
1518,4.9,-5.1,1,Hero,0.7588809728622437,1.0
1519,3.4000000000000004,-6.6,16,Hero,0.5568914506438887,1.0
1520,4.6000000000000005,-5.3999999999999995,4,Hero,0.6825014725327492,1.0
1521,4.300000000000001,-5.699999999999999,7,Hero,0.6617851683071682,1.0
1522,4.300000000000001,-5.699999999999999,7,Hero,0.7605067427669253,1.0
1523,3.9000000000000004,-6.1,11,Hero,0.6407688449729573,1.0
1524,4.0,-6.0,10,Hero,0.737163108587265,1.0
1525,4.9,-5.1,1,Hero,0.6732364296913147,1.0
1526,4.6000000000000005,-5.3999999999999995,4,Hero,0.6361371874809265,1.0
1527,3.8000000000000007,-6.199999999999999,12,Hero,0.5547258034348488,1.0
1528,4.300000000000001,-5.699999999999999,7,Hero,0.5875886976718903,1.0
1529,4.800000000000001,-5.199999999999999,2,Hero,0.5371720343828201,1.0
1530,3.6000000000000005,-6.3999999999999995,14,Hero,0.6455757335892746,1.0
1531,3.9000000000000004,-6.1,11,Hero,0.5929012325677004,1.0
1532,3.5,-6.5,15,Hero,0.5974762012561162,1.0
1533,4.5,-5.5,5,Hero,0.5432496488094329,1.0
1534,4.300000000000001,-5.699999999999999,7,Hero,0.5484986773559025,1.0
1535,4.0,-6.0,10,Hero,0.6187072604894638,1.0
1536,3.9000000000000004,-6.1,11,Hero,0.5581817681139166,1.0
1537,3.9000000000000004,-6.1,11,Hero,0.62927061048421,1.0
1538,3.3,-6.7,17,Hero,0.5601756993462058,1.0
1539,3.6000000000000005,-6.3999999999999995,14,Hero,0.565796282674585,1.0
1540,3.3,-6.7,17,Hero,0.6267403558389667,1.0
1541,-5.1,4.9,1,Villain,0.1851787120103836,1.0
1542,4.1000000000000005,-5.8999999999999995,9,Hero,0.7434986763530307,1.0
1543,4.4,-5.6,6,Hero,0.690891851981481,1.0
1544,4.1000000000000005,-5.8999999999999995,9,Hero,0.7132536073525747,1.0
1545,4.0,-6.0,10,Hero,0.5826844781637192,1.0
1546,3.8000000000000007,-6.199999999999999,12,Hero,0.5848484821617603,1.0
1547,4.4,-5.6,6,Hero,0.8285473100841045,1.0
1548,4.5,-5.5,5,Hero,0.6539847612380981,1.0
1549,3.2,-6.8,18,Hero,0.5749287315540843,1.0
1550,3.5,-6.5,15,Hero,0.6980485926071803,1.0
1551,4.2,-5.8,8,Hero,0.7600316517055035,1.0
1552,4.1000000000000005,-5.8999999999999995,9,Hero,0.554225848780738,1.0
1553,3.4000000000000004,-6.6,16,Hero,0.6074069011956453,1.0
1554,3.6000000000000005,-6.3999999999999995,14,Hero,0.6541252732276917,1.0
1555,3.9000000000000004,-6.1,11,Hero,0.7186718887903474,1.0
1556,3.4000000000000004,-6.6,16,Hero,0.5555093977600336,1.0
1557,4.7,-5.3,3,Hero,0.7114411095778147,1.0
1558,3.7,-6.3,13,Hero,0.6106224260651149,1.0
1559,4.1000000000000005,-5.8999999999999995,9,Hero,0.754048271311654,1.0
1560,3.6000000000000005,-6.3999999999999995,14,Hero,0.5901683515736035,1.0
1561,3.6000000000000005,-6.3999999999999995,14,Hero,0.5294877056564603,1.0
1562,3.2,-6.8,18,Hero,0.6172263572613398,1.0
1563,-5.199999999999999,4.800000000000001,2,Villain,0.9715853333473206,1.0
1564,2.9,-7.1,21,Hero,0.5332525670528412,1.0
1565,4.1000000000000005,-5.8999999999999995,9,Hero,0.5925658709473081,1.0
1566,3.6000000000000005,-6.3999999999999995,14,Hero,0.6551555703793254,1.0
1567,4.1000000000000005,-5.8999999999999995,9,Hero,0.714294993215137,1.0
1568,3.7,-6.3,13,Hero,0.6305601413433368,1.0
1569,4.0,-6.0,10,Hero,0.6571918487548828,1.0
1570,3.4000000000000004,-6.6,16,Hero,0.6072027310729027,1.0
1571,4.300000000000001,-5.699999999999999,7,Hero,0.6741128084915025,1.0
1572,-5.199999999999999,4.800000000000001,2,Villain,0.948513001203537,1.0
1573,4.6000000000000005,-5.3999999999999995,4,Hero,0.7643257975578308,1.0
1574,4.1000000000000005,-5.8999999999999995,9,Hero,0.9464805258644952,1.0
1575,4.4,-5.6,6,Hero,0.6157788544308763,1.0
1576,3.8000000000000007,-6.199999999999999,12,Hero,0.5513129408160845,1.0
1577,4.300000000000001,-5.699999999999999,7,Hero,0.8193309349673135,1.0
1578,3.9000000000000004,-6.1,11,Hero,0.6010554459961978,1.0
1579,4.1000000000000005,-5.8999999999999995,9,Hero,0.8228886272344325,1.0
1580,3.0999999999999996,-6.9,19,Hero,0.5560347798623537,1.0
1581,4.2,-5.8,8,Hero,0.8196008279919624,1.0
1582,3.8000000000000007,-6.199999999999999,12,Hero,0.5434685920675596,1.0
1583,3.9000000000000004,-6.1,11,Hero,0.5561017312786796,1.0
1584,3.6000000000000005,-6.3999999999999995,14,Hero,0.6372992726308959,1.0
1585,3.5,-6.5,15,Hero,0.5667926092942556,1.0
1586,4.0,-6.0,10,Hero,0.5843721836805343,1.0
1587,3.8000000000000007,-6.199999999999999,12,Hero,0.5628246366977692,1.0
1588,3.9000000000000004,-6.1,11,Hero,0.6218387769027189,1.0
1589,4.2,-5.8,8,Hero,0.7043275255709887,1.0
1590,3.8000000000000007,-6.199999999999999,12,Hero,0.728120299677054,1.0
1591,4.1000000000000005,-5.8999999999999995,9,Hero,0.49208836091889274,1.0
1592,4.9,-5.1,1,Hero,0.9494084119796753,1.0
1593,4.300000000000001,-5.699999999999999,7,Hero,0.5649316098008837,1.0
1594,4.2,-5.8,8,Hero,0.7592205815017223,1.0
1595,4.7,-5.3,3,Hero,0.7237036824226379,1.0
1596,3.4000000000000004,-6.6,16,Hero,0.5934123904444277,1.0
1597,3.6000000000000005,-6.3999999999999995,14,Hero,0.5047490469047001,1.0
1598,4.0,-6.0,10,Hero,0.8177633434534073,1.0
1599,-5.699999999999999,4.300000000000001,7,Villain,0.7069249365345708,1.0
1600,3.4000000000000004,-6.6,16,Hero,0.5501988492906094,1.0
1601,3.3,-6.7,17,Hero,0.5523438072379898,1.0
1602,-5.1,4.9,1,Villain,0.993699312210083,1.0
1603,4.0,-6.0,10,Hero,0.7781718790531158,1.0
1604,3.7,-6.3,13,Hero,0.7448701170774606,1.0
1605,3.0,-7.0,20,Hero,0.5273363672196865,1.0
1606,4.6000000000000005,-5.3999999999999995,4,Hero,0.6527219079434872,1.0
1607,4.1000000000000005,-5.8999999999999995,9,Hero,0.7068563120232688,1.0
1608,4.2,-5.8,8,Hero,0.5389989744871855,1.0
1609,3.2,-6.8,18,Hero,0.5349697379602326,1.0
1610,4.7,-5.3,3,Hero,0.954362173875173,1.0
1611,4.300000000000001,-5.699999999999999,7,Hero,0.7259113362857273,1.0
1612,3.9000000000000004,-6.1,11,Hero,0.6822955093600533,1.0
1613,4.4,-5.6,6,Hero,0.5269399161140124,1.0
1614,4.1000000000000005,-5.8999999999999995,9,Hero,0.6069228516684638,1.0
1615,-5.3,4.7,3,Villain,0.6654139459133148,1.0
1616,4.1000000000000005,-5.8999999999999995,9,Hero,0.7017134891615974,1.0
1617,4.2,-5.8,8,Hero,0.6228016689419746,1.0
1618,3.9000000000000004,-6.1,11,Hero,0.616312408989126,1.0
1619,3.9000000000000004,-6.1,11,Hero,0.5756649347868833,1.0
1620,3.3,-6.7,17,Hero,0.5913323444478652,1.0
1621,3.9000000000000004,-6.1,11,Hero,0.585581736131148,1.0
1622,2.8,-7.2,22,Hero,0.6020274453542449,1.0
1623,2.6999999999999997,-7.300000000000001,23,Hero,0.55092718678972,1.0
1624,3.5,-6.5,15,Hero,0.6137942473093668,1.0
1625,3.4000000000000004,-6.6,16,Hero,0.6436869517201558,1.0
1626,-5.3,4.7,3,Villain,0.9965211153030396,1.0
1627,4.1000000000000005,-5.8999999999999995,9,Hero,0.7476155476437675,1.0
1628,3.5,-6.5,15,Hero,0.6161020845174789,1.0
1629,3.6000000000000005,-6.3999999999999995,14,Hero,0.6211188935807773,1.0
1630,4.6000000000000005,-5.3999999999999995,4,Hero,0.5512093119323254,1.0
1631,-5.199999999999999,4.800000000000001,2,Villain,0.9918430745601654,1.0
1632,4.2,-5.8,8,Hero,0.7488620895892382,1.0
1633,4.4,-5.6,6,Hero,0.6989504446585973,1.0
1634,4.4,-5.6,6,Hero,0.6661823689937592,1.0
1635,3.5,-6.5,15,Hero,0.5956095526615779,1.0
1636,4.6000000000000005,-5.3999999999999995,4,Hero,0.6763154119253159,1.0
1637,3.4000000000000004,-6.6,16,Hero,0.5401953663676977,1.0
1638,4.5,-5.5,5,Hero,0.6681327939033508,1.0
1639,4.4,-5.6,6,Hero,0.6735674391190211,1.0
1640,4.800000000000001,-5.199999999999999,2,Hero,0.9754698276519775,1.0
1641,4.1000000000000005,-5.8999999999999995,9,Hero,0.6919507185618082,1.0
1642,4.2,-5.8,8,Hero,0.5911615937948227,1.0
1643,-5.1,4.9,1,Villain,0.8562554717063904,1.0
1644,4.1000000000000005,-5.8999999999999995,9,Hero,0.6396319535043504,1.0
1645,3.5,-6.5,15,Hero,0.6320348878701528,1.0
1646,3.9000000000000004,-6.1,11,Hero,0.6593187776478854,1.0
1647,4.1000000000000005,-5.8999999999999995,9,Hero,0.7320861551496718,1.0
1648,4.1000000000000005,-5.8999999999999995,9,Hero,0.8697841829723783,1.0
1649,4.0,-6.0,10,Hero,0.5215326428413392,1.0
1650,4.5,-5.5,5,Hero,0.54864342212677,1.0
1651,4.300000000000001,-5.699999999999999,7,Hero,0.7260155933243888,1.0
1652,3.8000000000000007,-6.199999999999999,12,Hero,0.6325801002482573,1.0
1653,4.4,-5.6,6,Hero,0.9602899253368378,1.0
1654,4.9,-5.1,1,Hero,0.970814049243927,1.0
1655,3.7,-6.3,13,Hero,0.6776410685135767,1.0
1656,4.0,-6.0,10,Hero,0.793172425031662,1.0
1657,3.4000000000000004,-6.6,16,Hero,0.6020124274073169,1.0
1658,4.2,-5.8,8,Hero,0.5773825123906136,1.0
1659,3.7,-6.3,13,Hero,0.7214485934147468,1.0
1660,3.8000000000000007,-6.199999999999999,12,Hero,0.5777569711208344,1.0
1661,3.9000000000000004,-6.1,11,Hero,0.5358303731138055,1.0
1662,4.5,-5.5,5,Hero,0.7215739727020264,1.0
1663,3.9000000000000004,-6.1,11,Hero,0.7820337468927557,1.0
1664,4.0,-6.0,10,Hero,0.5761462330818177,1.0
1665,3.0999999999999996,-6.9,19,Hero,0.594246800008573,1.0
1666,4.6000000000000005,-5.3999999999999995,4,Hero,0.9738411754369736,1.0
1667,4.300000000000001,-5.699999999999999,7,Hero,0.6369051890713828,1.0
1668,3.9000000000000004,-6.1,11,Hero,0.5994003523479808,1.0
1669,4.1000000000000005,-5.8999999999999995,9,Hero,0.8326912069072326,1.0
1670,4.9,-5.1,1,Hero,0.704177975654602,1.0
1671,4.2,-5.8,8,Hero,0.7511225044727325,1.0
1672,4.6000000000000005,-5.3999999999999995,4,Hero,0.8009718507528305,1.0
1673,2.9,-7.1,21,Hero,0.5362455199162165,1.0
1674,4.6000000000000005,-5.3999999999999995,4,Hero,0.9701858013868332,1.0
1675,-5.199999999999999,4.800000000000001,2,Villain,0.5894745588302612,1.0
1676,4.300000000000001,-5.699999999999999,7,Hero,0.771731048822403,1.0
1677,4.0,-6.0,10,Hero,0.6086617425084114,1.0
1678,4.5,-5.5,5,Hero,0.6499753713607788,1.0
1679,4.4,-5.6,6,Hero,0.722987895210584,1.0
1680,4.800000000000001,-5.199999999999999,2,Hero,0.5793837755918503,1.0
1681,4.7,-5.3,3,Hero,0.4237949550151825,1.0
1682,4.2,-5.8,8,Hero,0.6760758887976408,1.0
1683,4.1000000000000005,-5.8999999999999995,9,Hero,0.6679623110426797,1.0
1684,4.2,-5.8,8,Hero,0.9643085896968842,1.0
1685,4.300000000000001,-5.699999999999999,7,Hero,0.7226177496569497,1.0
1686,3.6000000000000005,-6.3999999999999995,14,Hero,0.6287026538380555,1.0
1687,3.5,-6.5,15,Hero,0.6041862885157268,1.0
1688,3.3,-6.7,17,Hero,0.7262512200018939,1.0
1689,3.9000000000000004,-6.1,11,Hero,0.6451678452166644,1.0
1690,-5.199999999999999,4.800000000000001,2,Villain,0.9957984387874603,1.0
1691,3.2,-6.8,18,Hero,0.6531517191065682,1.0
1692,3.8000000000000007,-6.199999999999999,12,Hero,0.7472275868058205,1.0
1693,3.9000000000000004,-6.1,11,Hero,0.6005591993982141,1.0
1694,3.0999999999999996,-6.9,19,Hero,0.531406900796451,1.0
1695,3.8000000000000007,-6.199999999999999,12,Hero,0.5926581472158432,1.0
1696,4.300000000000001,-5.699999999999999,7,Hero,0.46729657905442373,1.0
1697,4.0,-6.0,10,Hero,0.5989125117659568,1.0
1698,4.0,-6.0,10,Hero,0.6784047082066536,1.0
1699,4.0,-6.0,10,Hero,0.8112555980682373,1.0
1700,4.0,-6.0,10,Hero,0.6077887445688248,1.0
1701,3.5,-6.5,15,Hero,0.6150101274251938,1.0
1702,4.7,-5.3,3,Hero,0.5127595265706381,1.0
1703,4.300000000000001,-5.699999999999999,7,Hero,0.6568980515003204,1.0
1704,3.5,-6.5,15,Hero,0.5646011521418889,1.0
1705,3.9000000000000004,-6.1,11,Hero,0.6775138344277035,1.0
1706,4.0,-6.0,10,Hero,0.48870451748371124,1.0
1707,4.0,-6.0,10,Hero,0.7437307834625244,1.0
1708,3.3,-6.7,17,Hero,0.6568897362141048,1.0
1709,4.4,-5.6,6,Hero,0.6232059250275294,1.0
1710,3.8000000000000007,-6.199999999999999,12,Hero,0.6073171645402908,1.0
1711,3.8000000000000007,-6.199999999999999,12,Hero,0.6215071181456248,1.0
1712,3.4000000000000004,-6.6,16,Hero,0.5668705329298973,1.0
1713,3.5,-6.5,15,Hero,0.5896122346321742,1.0
1714,4.300000000000001,-5.699999999999999,7,Hero,0.5336684329169137,1.0
1715,3.0,-7.0,20,Hero,0.5396406803280115,1.0
1716,4.2,-5.8,8,Hero,0.7282717153429985,1.0
1717,4.0,-6.0,10,Hero,0.7562301352620124,1.0
1718,3.4000000000000004,-6.6,16,Hero,0.7219425486400723,1.0
1719,4.1000000000000005,-5.8999999999999995,9,Hero,0.7115720444255405,1.0
1720,-5.6,4.4,6,Villain,0.7688780327637991,1.0
1721,3.7,-6.3,13,Hero,0.7268078327178955,1.0
1722,4.300000000000001,-5.699999999999999,7,Hero,0.7130671058382306,1.0
1723,4.300000000000001,-5.699999999999999,7,Hero,0.7593640429633004,1.0
1724,3.5,-6.5,15,Hero,0.5953175171588858,1.0
1725,3.6000000000000005,-6.3999999999999995,14,Hero,0.5984287070376533,1.0
1726,4.2,-5.8,8,Hero,0.7633285783231258,1.0
1727,3.0999999999999996,-6.9,19,Hero,0.5062130830789867,1.0
1728,4.1000000000000005,-5.8999999999999995,9,Hero,0.766574051645067,1.0
1729,4.1000000000000005,-5.8999999999999995,9,Hero,0.8120809661017524,1.0
1730,3.6000000000000005,-6.3999999999999995,14,Hero,0.6073309289557594,1.0
1731,3.7,-6.3,13,Hero,0.7634264161953559,1.0
1732,4.1000000000000005,-5.8999999999999995,9,Hero,0.7099457217587365,1.0
1733,4.300000000000001,-5.699999999999999,7,Hero,0.6191629426819938,1.0
1734,3.7,-6.3,13,Hero,0.5711892270124875,1.0
1735,4.300000000000001,-5.699999999999999,7,Hero,0.8021150614534106,1.0
1736,4.1000000000000005,-5.8999999999999995,9,Hero,0.5893528229660459,1.0
1737,3.4000000000000004,-6.6,16,Hero,0.5542933568358421,1.0
1738,4.1000000000000005,-5.8999999999999995,9,Hero,0.6558262573348151,1.0
1739,3.9000000000000004,-6.1,11,Hero,0.5906351858919318,1.0
1740,4.0,-6.0,10,Hero,0.6994341075420379,1.0
1741,4.2,-5.8,8,Hero,0.6235713288187981,1.0
1742,4.1000000000000005,-5.8999999999999995,9,Hero,0.7259439362419976,1.0
1743,4.1000000000000005,-5.8999999999999995,9,Hero,0.5565240018897586,1.0
1744,-5.1,4.9,1,Villain,0.5564099550247192,1.0
1745,4.0,-6.0,10,Hero,0.7560930579900742,1.0
1746,-5.199999999999999,4.800000000000001,2,Villain,0.9948491454124451,1.0
1747,3.9000000000000004,-6.1,11,Hero,0.7361851659688082,1.0
1748,3.2,-6.8,18,Hero,0.7127774606148402,1.0
1749,3.9000000000000004,-6.1,11,Hero,0.528984243219549,1.0
1750,3.9000000000000004,-6.1,11,Hero,0.6505266211249612,1.0
1751,3.9000000000000004,-6.1,11,Hero,0.5421978438442404,1.0
1752,4.300000000000001,-5.699999999999999,7,Hero,0.47348063226257053,1.0
1753,3.5,-6.5,15,Hero,0.5845803717772166,1.0
1754,3.2,-6.8,18,Hero,0.553915398919748,1.0
1755,4.0,-6.0,10,Hero,0.7298539876937866,1.0
1756,3.6000000000000005,-6.3999999999999995,14,Hero,0.553322896361351,1.0
1757,4.4,-5.6,6,Hero,0.808581272761027,1.0
1758,3.9000000000000004,-6.1,11,Hero,0.7720845693891699,1.0
1759,3.5,-6.5,15,Hero,0.5737966746091843,1.0
1760,3.7,-6.3,13,Hero,0.6507502834384258,1.0
1761,4.1000000000000005,-5.8999999999999995,9,Hero,0.8921225468317667,1.0
1762,4.5,-5.5,5,Hero,0.9036815404891968,1.0
1763,4.4,-5.6,6,Hero,0.7838001673420271,1.0
1764,4.1000000000000005,-5.8999999999999995,9,Hero,0.851163645585378,1.0
1765,3.2,-6.8,18,Hero,0.531862638062901,1.0
1766,4.4,-5.6,6,Hero,0.5943465183178583,1.0
1767,4.2,-5.8,8,Hero,0.8516565226018429,1.0
1768,-5.5,4.5,5,Villain,0.7307172406464815,1.0
1769,3.5,-6.5,15,Hero,0.5812370181083679,1.0
1770,3.6000000000000005,-6.3999999999999995,14,Hero,0.6179716459342411,1.0
1771,4.0,-6.0,10,Hero,0.7344120144844055,1.0
1772,4.0,-6.0,10,Hero,0.5699865520000458,1.0
1773,3.2,-6.8,18,Hero,0.5287667806777689,1.0
1774,-5.199999999999999,4.800000000000001,2,Villain,0.9461473822593689,1.0
1775,4.2,-5.8,8,Hero,0.6560825183987617,1.0
1776,4.2,-5.8,8,Hero,0.6706475643441081,1.0
1777,4.300000000000001,-5.699999999999999,7,Hero,0.8136653644698006,1.0
1778,4.300000000000001,-5.699999999999999,7,Hero,0.6195964791945049,1.0
1779,3.6000000000000005,-6.3999999999999995,14,Hero,0.6483631240470069,1.0
1780,4.5,-5.5,5,Hero,0.7955246031284332,1.0
1781,4.9,-5.1,1,Hero,0.8184490203857422,1.0
1782,4.1000000000000005,-5.8999999999999995,9,Hero,0.5374332384930717,1.0
1783,4.5,-5.5,5,Hero,0.6257723808288574,1.0
1784,3.6000000000000005,-6.3999999999999995,14,Hero,0.5843743969287191,1.0
1785,4.300000000000001,-5.699999999999999,7,Hero,0.5352780180318015,1.0
1786,-5.199999999999999,4.800000000000001,2,Villain,0.972576916217804,1.0
1787,4.1000000000000005,-5.8999999999999995,9,Hero,0.7104545947578218,1.0
1788,3.3,-6.7,17,Hero,0.6242668418323293,1.0
1789,3.4000000000000004,-6.6,16,Hero,0.6990491088363342,1.0
1790,3.7,-6.3,13,Hero,0.5633517710062174,1.0
1791,4.5,-5.5,5,Hero,0.7667815804481506,1.0
1792,-5.199999999999999,4.800000000000001,2,Villain,0.9438067972660065,1.0
1793,3.9000000000000004,-6.1,11,Hero,0.46664617278359155,1.0
1794,3.8000000000000007,-6.199999999999999,12,Hero,0.5619226098060608,1.0
1795,3.3,-6.7,17,Hero,0.6186325085513732,1.0
1796,4.2,-5.8,8,Hero,0.6821673754602671,1.0
1797,4.1000000000000005,-5.8999999999999995,9,Hero,0.7482946746879153,1.0
1798,3.9000000000000004,-6.1,11,Hero,0.7468853809616782,1.0
1799,4.9,-5.1,1,Hero,0.5802496075630188,1.0
1800,4.2,-5.8,8,Hero,0.6966958194971085,1.0
1801,4.1000000000000005,-5.8999999999999995,9,Hero,0.7996941407521566,1.0
1802,3.8000000000000007,-6.199999999999999,12,Hero,0.7886103863517443,1.0
1803,4.5,-5.5,5,Hero,0.6689115703105927,1.0
1804,4.6000000000000005,-5.3999999999999995,4,Hero,0.6543304845690727,1.0
1805,3.4000000000000004,-6.6,16,Hero,0.5174793926998973,1.0
1806,3.8000000000000007,-6.199999999999999,12,Hero,0.7133475405474504,1.0
1807,4.0,-6.0,10,Hero,0.5658279359340668,1.0
1808,3.7,-6.3,13,Hero,0.7354284135194925,1.0
1809,-5.1,4.9,1,Villain,0.7625276446342468,1.0
1810,3.9000000000000004,-6.1,11,Hero,0.7651474889029156,1.0
1811,4.0,-6.0,10,Hero,0.7116709083318711,1.0
1812,4.6000000000000005,-5.3999999999999995,4,Hero,0.9690629988908768,1.0
1813,4.1000000000000005,-5.8999999999999995,9,Hero,0.5728054758575227,1.0
1814,3.5,-6.5,15,Hero,0.5444273173809051,1.0
1815,3.8000000000000007,-6.199999999999999,12,Hero,0.7494055572897196,1.0
1816,4.0,-6.0,10,Hero,0.743357139825821,1.0
1817,3.6000000000000005,-6.3999999999999995,14,Hero,0.5825212438191686,1.0
1818,4.1000000000000005,-5.8999999999999995,9,Hero,0.9633417394426134,1.0
1819,3.8000000000000007,-6.199999999999999,12,Hero,0.705371460566918,1.0
1820,4.0,-6.0,10,Hero,0.8507264912128448,1.0
1821,3.9000000000000004,-6.1,11,Hero,0.7646284563974901,1.0
1822,3.8000000000000007,-6.199999999999999,12,Hero,0.6943706187109152,1.0
1823,3.9000000000000004,-6.1,11,Hero,0.5753478319807486,1.0
1824,-5.199999999999999,4.800000000000001,2,Villain,0.9830807149410248,1.0
1825,4.6000000000000005,-5.3999999999999995,4,Hero,0.6597022712230682,1.0
1826,4.5,-5.5,5,Hero,0.5676740646362305,1.0
1827,4.0,-6.0,10,Hero,0.7716239757835865,1.0
1828,3.6000000000000005,-6.3999999999999995,14,Hero,0.6215791909822396,1.0
1829,4.6000000000000005,-5.3999999999999995,4,Hero,0.899068221449852,1.0
1830,3.9000000000000004,-6.1,11,Hero,0.72856774113395,1.0
1831,4.300000000000001,-5.699999999999999,7,Hero,0.7324325974498477,1.0
1832,3.4000000000000004,-6.6,16,Hero,0.6604115633526817,1.0
1833,4.4,-5.6,6,Hero,0.6791479115684828,1.0
1834,4.9,-5.1,1,Hero,0.22944551706314087,1.0
1835,3.5,-6.5,15,Hero,0.649641239643097,1.0
1836,4.2,-5.8,8,Hero,0.8734128922224045,1.0
1837,4.1000000000000005,-5.8999999999999995,9,Hero,0.7032295382685132,1.0
1838,3.7,-6.3,13,Hero,0.642716667543237,1.0
1839,4.300000000000001,-5.699999999999999,7,Hero,0.7168363034725189,1.0
1840,3.3,-6.7,17,Hero,0.6300184533876532,1.0
1841,3.6000000000000005,-6.3999999999999995,14,Hero,0.7428601948278291,1.0
1842,3.7,-6.3,13,Hero,0.619829175563959,1.0
1843,3.8000000000000007,-6.199999999999999,12,Hero,0.7407591479520003,1.0
1844,3.8000000000000007,-6.199999999999999,12,Hero,0.7275204534331957,1.0
1845,2.2999999999999994,-7.700000000000001,27,Hero,0.5268876955863865,1.0
1846,4.0,-6.0,10,Hero,0.7447690904140473,1.0
1847,3.2,-6.8,18,Hero,0.5673624369212322,1.0
1848,3.0999999999999996,-6.9,19,Hero,0.5709227888207686,1.0
1849,4.0,-6.0,10,Hero,0.4682521253824234,1.0
1850,3.7,-6.3,13,Hero,0.5746428049527682,1.0
1851,3.9000000000000004,-6.1,11,Hero,0.7706686014478857,1.0
1852,4.0,-6.0,10,Hero,0.7017404079437256,1.0
1853,3.2,-6.8,18,Hero,0.5598198663857248,1.0
1854,4.0,-6.0,10,Hero,0.8429001092910766,1.0
1855,4.300000000000001,-5.699999999999999,7,Hero,0.9001855679920742,1.0
1856,3.9000000000000004,-6.1,11,Hero,0.760107858614488,1.0
1857,4.2,-5.8,8,Hero,0.7323442809283733,1.0
1858,3.0999999999999996,-6.9,19,Hero,0.539431802536312,1.0
1859,3.8000000000000007,-6.199999999999999,12,Hero,0.6455146310230097,1.0
1860,4.0,-6.0,10,Hero,0.8006590068340301,1.0
1861,3.9000000000000004,-6.1,11,Hero,0.6277469748800452,1.0
1862,4.1000000000000005,-5.8999999999999995,9,Hero,0.6536097816295094,1.0
1863,3.2,-6.8,18,Hero,0.6120915843380822,1.0
1864,4.1000000000000005,-5.8999999999999995,9,Hero,0.7848529803256193,1.0
1865,4.2,-5.8,8,Hero,0.722714333795011,1.0
1866,4.1000000000000005,-5.8999999999999995,9,Hero,0.6809791558318667,1.0
1867,3.2,-6.8,18,Hero,0.5273861255910661,1.0
1868,3.9000000000000004,-6.1,11,Hero,0.7448509227145802,1.0
1869,4.4,-5.6,6,Hero,0.6602743392189344,1.0
1870,4.4,-5.6,6,Hero,0.5278293242057165,1.0
1871,3.6000000000000005,-6.3999999999999995,14,Hero,0.6018444959606443,1.0
1872,3.9000000000000004,-6.1,11,Hero,0.590212653983723,1.0
1873,3.7,-6.3,13,Hero,0.6859318614006042,1.0
1874,4.0,-6.0,10,Hero,0.7628745108842849,1.0
1875,4.5,-5.5,5,Hero,0.48564462661743163,1.0
1876,4.300000000000001,-5.699999999999999,7,Hero,0.7531979509762355,1.0
1877,3.5,-6.5,15,Hero,0.7139652182658514,1.0
1878,4.0,-6.0,10,Hero,0.6956741034984588,1.0
1879,3.9000000000000004,-6.1,11,Hero,0.7291402806612578,1.0
1880,4.5,-5.5,5,Hero,0.7016014516353607,1.0
1881,3.8000000000000007,-6.199999999999999,12,Hero,0.591732936600844,1.0
1882,3.8000000000000007,-6.199999999999999,12,Hero,0.5968429845913003,1.0
1883,4.300000000000001,-5.699999999999999,7,Hero,0.8123585709503719,1.0
1884,3.0,-7.0,20,Hero,0.62683195322752,1.0
1885,3.6000000000000005,-6.3999999999999995,14,Hero,0.6379476902740342,1.0
1886,3.8000000000000007,-6.199999999999999,12,Hero,0.6986464262008667,1.0
1887,4.9,-5.1,1,Hero,0.8896217346191406,1.0
1888,3.8000000000000007,-6.199999999999999,12,Hero,0.7865866993864378,1.0
1889,4.4,-5.6,6,Hero,0.7084225018819174,1.0
1890,3.9000000000000004,-6.1,11,Hero,0.5728935381683352,1.0
1891,4.2,-5.8,8,Hero,0.8275376483798027,1.0
1892,4.300000000000001,-5.699999999999999,7,Hero,0.5754508376121521,1.0
1893,4.1000000000000005,-5.8999999999999995,9,Hero,0.7017039159933726,1.0
1894,4.800000000000001,-5.199999999999999,2,Hero,0.5202961191534996,1.0
1895,3.4000000000000004,-6.6,16,Hero,0.5249617248773575,1.0
1896,3.6000000000000005,-6.3999999999999995,14,Hero,0.6413676525865283,1.0
1897,4.2,-5.8,8,Hero,0.6156525537371635,1.0
1898,3.9000000000000004,-6.1,11,Hero,0.7758327505805276,1.0
1899,3.9000000000000004,-6.1,11,Hero,0.8174800087105144,1.0
1900,4.4,-5.6,6,Hero,0.8716046611467997,1.0
1901,3.9000000000000004,-6.1,11,Hero,0.6705361848527734,1.0
1902,3.4000000000000004,-6.6,16,Hero,0.5314417742192745,1.0
1903,4.9,-5.1,1,Hero,0.9245496392250061,1.0
1904,4.9,-5.1,1,Hero,0.9738697409629822,1.0
1905,3.8000000000000007,-6.199999999999999,12,Hero,0.6402875830729803,1.0
1906,3.6000000000000005,-6.3999999999999995,14,Hero,0.6280835100582668,1.0
1907,4.2,-5.8,8,Hero,0.6295020002871752,1.0
1908,3.9000000000000004,-6.1,11,Hero,0.709430602463809,1.0
1909,3.9000000000000004,-6.1,11,Hero,0.5665962262587114,1.0
1910,4.0,-6.0,10,Hero,0.681653781235218,1.0
1911,3.9000000000000004,-6.1,11,Hero,0.5998868143016641,1.0
1912,3.5,-6.5,15,Hero,0.641740369796753,1.0
1913,4.9,-5.1,1,Hero,0.8528305292129517,1.0
1914,3.8000000000000007,-6.199999999999999,12,Hero,0.6555745104948679,1.0
1915,4.7,-5.3,3,Hero,0.7074412703514099,1.0
1916,3.8000000000000007,-6.199999999999999,12,Hero,0.5955673543115457,1.0
1917,-5.3,4.7,3,Villain,0.6917077203591665,1.0
1918,3.4000000000000004,-6.6,16,Hero,0.6551277190446854,1.0
1919,4.300000000000001,-5.699999999999999,7,Hero,0.8736070735113961,1.0
1920,3.2,-6.8,18,Hero,0.6097545174674855,1.0
1921,4.2,-5.8,8,Hero,0.8316856697201729,1.0
1922,4.0,-6.0,10,Hero,0.5522717893123626,1.0
1923,4.2,-5.8,8,Hero,0.5761059112846851,1.0
1924,3.7,-6.3,13,Hero,0.6299717472149775,1.0
1925,4.2,-5.8,8,Hero,0.6341351186856627,1.0
1926,4.2,-5.8,8,Hero,0.8880363330245018,1.0
1927,3.8000000000000007,-6.199999999999999,12,Hero,0.7824681500593821,1.0
1928,2.2999999999999994,-7.700000000000001,27,Hero,0.5247188995902737,1.0
1929,3.6000000000000005,-6.3999999999999995,14,Hero,0.6617281351770673,1.0
1930,4.9,-5.1,1,Hero,0.5979146361351013,1.0
1931,3.6000000000000005,-6.3999999999999995,14,Hero,0.6329479125727501,1.0
1932,4.9,-5.1,1,Hero,0.880917489528656,1.0
1933,3.9000000000000004,-6.1,11,Hero,0.5641540126367048,1.0
1934,4.300000000000001,-5.699999999999999,7,Hero,0.5976135304995945,1.0
1935,4.4,-5.6,6,Hero,0.6307055850823721,1.0
1936,-5.3999999999999995,4.6000000000000005,4,Villain,0.7900765240192413,1.0
1937,4.1000000000000005,-5.8999999999999995,9,Hero,0.6632025920682483,1.0
1938,4.5,-5.5,5,Hero,0.45872477293014524,1.0
1939,4.1000000000000005,-5.8999999999999995,9,Hero,0.8348818123340607,1.0
1940,4.4,-5.6,6,Hero,0.6767521649599075,1.0
1941,4.2,-5.8,8,Hero,0.6534349918365479,1.0
1942,3.4000000000000004,-6.6,16,Hero,0.6234959114808589,1.0
1943,3.8000000000000007,-6.199999999999999,12,Hero,0.6488447586695353,1.0
1944,3.9000000000000004,-6.1,11,Hero,0.5755915425040505,1.0
1945,3.6000000000000005,-6.3999999999999995,14,Hero,0.620637025151934,1.0
1946,4.2,-5.8,8,Hero,0.6154016051441431,1.0
1947,4.5,-5.5,5,Hero,0.7510637283325196,1.0
1948,4.300000000000001,-5.699999999999999,7,Hero,0.5638070361954826,1.0
1949,4.0,-6.0,10,Hero,0.5402823358774185,1.0
1950,4.0,-6.0,10,Hero,0.5661599069833756,1.0
1951,3.7,-6.3,13,Hero,0.800798393212832,1.0
1952,2.9,-7.1,21,Hero,0.5560170021795091,1.0
1953,4.6000000000000005,-5.3999999999999995,4,Hero,0.8257695287466049,1.0
1954,4.2,-5.8,8,Hero,0.6527985110878944,1.0
1955,3.6000000000000005,-6.3999999999999995,14,Hero,0.5972342842391559,1.0
1956,4.6000000000000005,-5.3999999999999995,4,Hero,0.6499289199709892,1.0
1957,3.5,-6.5,15,Hero,0.7193517670035362,1.0
1958,3.7,-6.3,13,Hero,0.7445979553919572,1.0
1959,3.6000000000000005,-6.3999999999999995,14,Hero,0.8155114501714706,1.0
1960,3.5,-6.5,15,Hero,0.7451686461766561,1.0
1961,4.2,-5.8,8,Hero,0.6203609146177769,1.0
1962,3.9000000000000004,-6.1,11,Hero,0.6186595044352792,1.0
1963,4.9,-5.1,1,Hero,0.963727593421936,1.0
1964,4.1000000000000005,-5.8999999999999995,9,Hero,0.6194517082638211,1.0
1965,4.300000000000001,-5.699999999999999,7,Hero,0.7672734303133828,1.0
1966,4.7,-5.3,3,Hero,0.4800034960110982,1.0
1967,3.6000000000000005,-6.3999999999999995,14,Hero,0.6374750488570758,1.0
1968,-5.3999999999999995,4.6000000000000005,4,Villain,0.8364763557910919,1.0
1969,3.8000000000000007,-6.199999999999999,12,Hero,0.5928075437744459,1.0
1970,2.8,-7.2,22,Hero,0.5371676696972414,1.0
1971,4.1000000000000005,-5.8999999999999995,9,Hero,0.5836190217071109,1.0
1972,3.8000000000000007,-6.199999999999999,12,Hero,0.6261132129778465,1.0
1973,3.8000000000000007,-6.199999999999999,12,Hero,0.7474670807520548,1.0
1974,4.300000000000001,-5.699999999999999,7,Hero,0.7979655829923493,1.0
1975,4.4,-5.6,6,Hero,0.7498213003079096,1.0
1976,3.0,-7.0,20,Hero,0.5994114600121975,1.0
1977,3.0,-7.0,20,Hero,0.6109357982873916,1.0
1978,3.4000000000000004,-6.6,16,Hero,0.5595199498347938,1.0
1979,3.7,-6.3,13,Hero,0.7710839979923688,1.0
1980,4.5,-5.5,5,Hero,0.5956806838512421,1.0
1981,3.9000000000000004,-6.1,11,Hero,0.7529009526426141,1.0
1982,3.6000000000000005,-6.3999999999999995,14,Hero,0.5874566925423486,1.0
1983,4.1000000000000005,-5.8999999999999995,9,Hero,0.820591476228502,1.0
1984,3.8000000000000007,-6.199999999999999,12,Hero,0.6682748198509216,1.0
1985,4.5,-5.5,5,Hero,0.46529522240161897,1.0
1986,4.9,-5.1,1,Hero,0.7637781500816345,1.0
1987,4.0,-6.0,10,Hero,0.685349753499031,1.0
1988,4.0,-6.0,10,Hero,0.76982381939888,1.0
1989,3.9000000000000004,-6.1,11,Hero,0.548516339876435,1.0
1990,3.8000000000000007,-6.199999999999999,12,Hero,0.6763642976681391,1.0
1991,4.6000000000000005,-5.3999999999999995,4,Hero,0.9151234924793243,1.0
1992,3.5,-6.5,15,Hero,0.5395741124947866,1.0
1993,3.7,-6.3,13,Hero,0.5053455938513463,1.0
1994,4.0,-6.0,10,Hero,0.6718997433781624,1.0
1995,4.0,-6.0,10,Hero,0.8126967936754227,1.0
1996,3.9000000000000004,-6.1,11,Hero,0.6862205971371044,1.0
1997,3.6000000000000005,-6.3999999999999995,14,Hero,0.6201802215405873,1.0
1998,3.9000000000000004,-6.1,11,Hero,0.6797813895073804,1.0
1999,2.6999999999999997,-7.300000000000001,23,Hero,0.5139845185305761,1.0
2000,3.7,-6.3,13,Hero,0.5029549506994394,1.0
2001,4.1000000000000005,-5.8999999999999995,9,Hero,0.5900347299045987,1.0
2002,4.0,-6.0,10,Hero,0.8461048305034637,1.0
2003,3.8000000000000007,-6.199999999999999,12,Hero,0.5464844132463137,1.0
2004,3.8000000000000007,-6.199999999999999,12,Hero,0.7678811860581239,1.0
2005,4.2,-5.8,8,Hero,0.5969263799488544,1.0
2006,3.4000000000000004,-6.6,16,Hero,0.5884103216230869,1.0
2007,4.2,-5.8,8,Hero,0.7652398571372032,1.0
2008,3.7,-6.3,13,Hero,0.6333217735473926,1.0
2009,3.3,-6.7,17,Hero,0.6428074012784397,1.0
2010,4.0,-6.0,10,Hero,0.5486891463398933,1.0
2011,4.1000000000000005,-5.8999999999999995,9,Hero,0.6782989170816209,1.0
2012,4.4,-5.6,6,Hero,0.6814291775226593,1.0
2013,4.0,-6.0,10,Hero,0.8075582474470139,1.0
2014,4.0,-6.0,10,Hero,0.696317495405674,1.0
2015,3.6000000000000005,-6.3999999999999995,14,Hero,0.5514502472111157,1.0
2016,4.0,-6.0,10,Hero,0.6753165349364281,1.0
2017,4.0,-6.0,10,Hero,0.8177292674779892,1.0
2018,4.4,-5.6,6,Hero,0.5701044152180353,1.0
2019,4.5,-5.5,5,Hero,0.768776947259903,1.0
2020,4.800000000000001,-5.199999999999999,2,Hero,0.6038530617952347,1.0
2021,3.5,-6.5,15,Hero,0.6417013267676036,1.0
2022,4.1000000000000005,-5.8999999999999995,9,Hero,0.7660369277000427,1.0
2023,3.3,-6.7,17,Hero,0.5354048835990184,1.0
2024,3.7,-6.3,13,Hero,0.5520422621988333,1.0
2025,4.300000000000001,-5.699999999999999,7,Hero,0.6719363800116948,1.0
2026,4.2,-5.8,8,Hero,0.7029050155542791,1.0
2027,4.300000000000001,-5.699999999999999,7,Hero,0.6237446921212333,1.0
2028,3.9000000000000004,-6.1,11,Hero,0.7166485488414764,1.0
2029,-5.1,4.9,1,Villain,0.9918191432952881,1.0
2030,4.0,-6.0,10,Hero,0.6436552226543426,1.0
2031,3.8000000000000007,-6.199999999999999,12,Hero,0.7502181765933832,1.0
2032,3.8000000000000007,-6.199999999999999,12,Hero,0.714637336631616,1.0
2033,3.9000000000000004,-6.1,11,Hero,0.6925932629541918,1.0
2034,3.6000000000000005,-6.3999999999999995,14,Hero,0.6496402642556599,1.0
2035,4.9,-5.1,1,Hero,0.8964648246765137,1.0
2036,4.0,-6.0,10,Hero,0.815410315990448,1.0
2037,4.1000000000000005,-5.8999999999999995,9,Hero,0.9094331198268466,1.0
2038,4.0,-6.0,10,Hero,0.7557018667459487,1.0
2039,-5.1,4.9,1,Villain,0.8020849823951721,1.0
2040,4.4,-5.6,6,Hero,0.6554152344663938,1.0
2041,4.1000000000000005,-5.8999999999999995,9,Hero,0.7347521616352929,1.0
2042,3.5,-6.5,15,Hero,0.5571250100930532,1.0
2043,3.6000000000000005,-6.3999999999999995,14,Hero,0.6852841515626226,1.0
2044,3.4000000000000004,-6.6,16,Hero,0.6283185239881277,1.0
2045,4.300000000000001,-5.699999999999999,7,Hero,0.8159135638603142,1.0
2046,3.6000000000000005,-6.3999999999999995,14,Hero,0.6961884841855083,1.0
2047,4.4,-5.6,6,Hero,0.743566503127416,1.0
2048,3.9000000000000004,-6.1,11,Hero,0.6675805815241553,1.0
2049,3.7,-6.3,13,Hero,0.6304101989819453,1.0
2050,3.2,-6.8,18,Hero,0.5954072127739588,1.0
2051,3.8000000000000007,-6.199999999999999,12,Hero,0.5576406891147295,1.0
2052,3.9000000000000004,-6.1,11,Hero,0.6420276029543444,1.0
2053,4.1000000000000005,-5.8999999999999995,9,Hero,0.7967404888735877,1.0
2054,3.5,-6.5,15,Hero,0.6085360000530878,1.0
2055,4.0,-6.0,10,Hero,0.7039495775476098,1.0
2056,3.2,-6.8,18,Hero,0.5767576993546553,1.0
2057,3.7,-6.3,13,Hero,0.7318180891183707,1.0
2058,4.800000000000001,-5.199999999999999,2,Hero,0.8700285255908966,1.0
2059,4.6000000000000005,-5.3999999999999995,4,Hero,0.5887853130698204,1.0
2060,4.2,-5.8,8,Hero,0.6429872624576092,1.0
2061,3.3,-6.7,17,Hero,0.6153676965657402,1.0
2062,3.9000000000000004,-6.1,11,Hero,0.688322511586276,1.0
2063,3.3,-6.7,17,Hero,0.6545068218427545,1.0
2064,3.5,-6.5,15,Hero,0.587606139977773,1.0
2065,4.1000000000000005,-5.8999999999999995,9,Hero,0.7165849043263329,1.0
2066,3.7,-6.3,13,Hero,0.5620701817365793,1.0
2067,3.7,-6.3,13,Hero,0.657287679039515,1.0
2068,4.1000000000000005,-5.8999999999999995,9,Hero,0.7549694445398119,1.0
2069,4.5,-5.5,5,Hero,0.5974034905433655,1.0
2070,4.0,-6.0,10,Hero,0.6482464581727981,1.0
2071,4.300000000000001,-5.699999999999999,7,Hero,0.8476898670196533,1.0
2072,4.800000000000001,-5.199999999999999,2,Hero,0.6436991095542908,1.0
2073,3.8000000000000007,-6.199999999999999,12,Hero,0.6834436232844988,1.0
2074,4.7,-5.3,3,Hero,0.5012507538000742,1.0
2075,4.9,-5.1,1,Hero,0.5450502038002014,1.0
2076,3.7,-6.3,13,Hero,0.6883497639344289,1.0
2077,3.6000000000000005,-6.3999999999999995,14,Hero,0.6348994342344148,1.0
2078,4.1000000000000005,-5.8999999999999995,9,Hero,0.7952156596713595,1.0
2079,4.300000000000001,-5.699999999999999,7,Hero,0.9074149472372872,1.0
2080,4.0,-6.0,10,Hero,0.6242345333099365,1.0
2081,3.8000000000000007,-6.199999999999999,12,Hero,0.6482563987374306,1.0
2082,4.2,-5.8,8,Hero,0.8326647914946079,1.0
2083,4.2,-5.8,8,Hero,0.8221108615398407,1.0
2084,3.5,-6.5,15,Hero,0.5939423600832622,1.0
2085,4.5,-5.5,5,Hero,0.5649298191070556,1.0
2086,-5.3999999999999995,4.6000000000000005,4,Villain,0.5058613494038582,1.0
2087,3.7,-6.3,13,Hero,0.748719898553995,1.0
2088,4.2,-5.8,8,Hero,0.5355340596288443,1.0
2089,3.7,-6.3,13,Hero,0.7160963163926051,1.0
2090,3.8000000000000007,-6.199999999999999,12,Hero,0.5724725847442945,1.0
2091,2.8,-7.2,22,Hero,0.6182537160136483,1.0
2092,3.8000000000000007,-6.199999999999999,12,Hero,0.729181124518315,1.0
2093,4.1000000000000005,-5.8999999999999995,9,Hero,0.5765188501940833,1.0
2094,4.0,-6.0,10,Hero,0.6042298942804336,1.0
2095,3.7,-6.3,13,Hero,0.5562463048129127,1.0
2096,-5.199999999999999,4.800000000000001,2,Villain,0.5926661491394043,1.0
2097,4.4,-5.6,6,Hero,0.6335162321726481,1.0
2098,3.7,-6.3,13,Hero,0.6446764343776382,1.0
2099,4.6000000000000005,-5.3999999999999995,4,Hero,0.6625033505260944,1.0
2100,4.5,-5.5,5,Hero,0.7469942629337311,1.0
2101,4.300000000000001,-5.699999999999999,7,Hero,0.6676237625735146,1.0
2102,3.4000000000000004,-6.6,16,Hero,0.5624717241153121,1.0
2103,4.0,-6.0,10,Hero,0.5666795581579208,1.0
2104,3.0999999999999996,-6.9,19,Hero,0.5445946729496906,1.0
2105,3.5,-6.5,15,Hero,0.5883550008138021,1.0
2106,4.2,-5.8,8,Hero,0.6886256597936153,1.0
2107,4.4,-5.6,6,Hero,0.631573756535848,1.0
2108,4.0,-6.0,10,Hero,0.8015062719583511,1.0
2109,3.6000000000000005,-6.3999999999999995,14,Hero,0.6475492481674466,1.0
2110,4.2,-5.8,8,Hero,0.6151476427912712,1.0
2111,4.4,-5.6,6,Hero,0.7955445299545923,1.0
2112,4.9,-5.1,1,Hero,0.9234094619750977,1.0
2113,4.800000000000001,-5.199999999999999,2,Hero,0.844415009021759,1.0
2114,4.2,-5.8,8,Hero,0.7049338966608047,1.0
2115,4.1000000000000005,-5.8999999999999995,9,Hero,0.6913207603825463,1.0
2116,4.1000000000000005,-5.8999999999999995,9,Hero,0.6416211227575938,1.0
2117,3.6000000000000005,-6.3999999999999995,14,Hero,0.6939888702971595,1.0
2118,3.7,-6.3,13,Hero,0.6185430242465093,1.0
2119,3.9000000000000004,-6.1,11,Hero,0.7385289831594988,1.0
2120,3.6000000000000005,-6.3999999999999995,14,Hero,0.6889842631561416,1.0
2121,4.1000000000000005,-5.8999999999999995,9,Hero,0.7960698637697432,1.0
2122,4.1000000000000005,-5.8999999999999995,9,Hero,0.6485299774342113,1.0
2123,4.1000000000000005,-5.8999999999999995,9,Hero,0.49827509456210667,1.0
2124,3.8000000000000007,-6.199999999999999,12,Hero,0.5903423527876536,1.0
2125,3.9000000000000004,-6.1,11,Hero,0.7377077510411089,1.0
2126,3.9000000000000004,-6.1,11,Hero,0.5404018326239153,1.0
2127,4.1000000000000005,-5.8999999999999995,9,Hero,0.606533451212777,1.0
2128,4.1000000000000005,-5.8999999999999995,9,Hero,0.5850494537088606,1.0
2129,3.9000000000000004,-6.1,11,Hero,0.7236786376346241,1.0
2130,3.9000000000000004,-6.1,11,Hero,0.5613945316184651,1.0
2131,4.0,-6.0,10,Hero,0.5923257067799568,1.0
2132,4.1000000000000005,-5.8999999999999995,9,Hero,0.5436133560207155,1.0
2133,4.7,-5.3,3,Hero,0.621468742688497,1.0
2134,4.1000000000000005,-5.8999999999999995,9,Hero,0.6788283189137777,1.0
2135,4.300000000000001,-5.699999999999999,7,Hero,0.8134457426411765,1.0
2136,4.5,-5.5,5,Hero,0.6039109170436859,1.0
2137,3.3,-6.7,17,Hero,0.5591820802758721,1.0
2138,3.5,-6.5,15,Hero,0.6560255388418833,1.0
2139,4.1000000000000005,-5.8999999999999995,9,Hero,0.6258241997824775,1.0
2140,4.2,-5.8,8,Hero,0.6817586831748486,1.0
2141,3.8000000000000007,-6.199999999999999,12,Hero,0.6320728299518427,1.0
2142,4.6000000000000005,-5.3999999999999995,4,Hero,0.6967036724090576,1.0
2143,4.2,-5.8,8,Hero,0.6945225708186626,1.0
2144,3.8000000000000007,-6.199999999999999,12,Hero,0.614660789569219,1.0
2145,4.800000000000001,-5.199999999999999,2,Hero,0.5173138976097107,1.0
2146,3.8000000000000007,-6.199999999999999,12,Hero,0.6320251561701298,1.0
2147,3.8000000000000007,-6.199999999999999,12,Hero,0.5936808027327061,1.0
2148,4.800000000000001,-5.199999999999999,2,Hero,0.866826206445694,1.0
2149,4.7,-5.3,3,Hero,0.6323930025100708,1.0
2150,-5.5,4.5,5,Villain,0.5445824429392815,1.0
2151,3.2,-6.8,18,Hero,0.6390808547795233,1.0
2152,3.0,-7.0,20,Hero,0.5362158914096653,1.0
2153,3.8000000000000007,-6.199999999999999,12,Hero,0.7118759254614512,1.0
2154,4.0,-6.0,10,Hero,0.7252943128347397,1.0
2155,4.4,-5.6,6,Hero,0.6323147012541691,1.0
2156,4.300000000000001,-5.699999999999999,7,Hero,0.6177454165049961,1.0
2157,3.4000000000000004,-6.6,16,Hero,0.5404296824708581,1.0
2158,3.7,-6.3,13,Hero,0.7490015373780177,1.0
2159,4.4,-5.6,6,Hero,0.8872373898824056,1.0
2160,3.9000000000000004,-6.1,11,Hero,0.6444630947980013,1.0
2161,3.6000000000000005,-6.3999999999999995,14,Hero,0.6056787702421259,1.0
2162,3.8000000000000007,-6.199999999999999,12,Hero,0.5109015889465809,1.0
2163,4.300000000000001,-5.699999999999999,7,Hero,0.8324819302984646,1.0
2164,-5.1,4.9,1,Villain,0.9811088442802429,1.0
2165,3.8000000000000007,-6.199999999999999,12,Hero,0.7454346095522245,1.0
2166,4.0,-6.0,10,Hero,0.6233165673911572,1.0
2167,4.2,-5.8,8,Hero,0.6389426160603762,1.0
2168,4.2,-5.8,8,Hero,0.7653548382222652,1.0
2169,4.4,-5.6,6,Hero,0.5715737541516622,1.0
2170,3.7,-6.3,13,Hero,0.5482850762513968,1.0
2171,3.7,-6.3,13,Hero,0.5890568403097299,1.0
2172,4.5,-5.5,5,Hero,0.8949121356010437,1.0
2173,3.0,-7.0,20,Hero,0.5211715504527092,1.0
2174,3.8000000000000007,-6.199999999999999,12,Hero,0.6271149537836512,1.0
2175,3.5,-6.5,15,Hero,0.5322202424208323,1.0
2176,4.9,-5.1,1,Hero,0.7716233730316162,1.0
2177,4.4,-5.6,6,Hero,0.6801605224609375,1.0
2178,3.9000000000000004,-6.1,11,Hero,0.5888122455640272,1.0
2179,3.5,-6.5,15,Hero,0.5771547416845958,1.0
2180,4.5,-5.5,5,Hero,0.7774735033512116,1.0
2181,3.9000000000000004,-6.1,11,Hero,0.7809233665466309,1.0
2182,3.7,-6.3,13,Hero,0.6031831434139838,1.0
2183,4.0,-6.0,10,Hero,0.7915325731039047,1.0
2184,3.9000000000000004,-6.1,11,Hero,0.7737234979867935,1.0
2185,4.300000000000001,-5.699999999999999,7,Hero,0.6402996948787144,1.0
2186,3.9000000000000004,-6.1,11,Hero,0.6218396628444846,1.0
2187,4.300000000000001,-5.699999999999999,7,Hero,0.6299829866204943,1.0
2188,3.8000000000000007,-6.199999999999999,12,Hero,0.5554438754916191,1.0
2189,3.9000000000000004,-6.1,11,Hero,0.5257140804420818,1.0
2190,4.4,-5.6,6,Hero,0.6366552313168844,1.0
2191,4.300000000000001,-5.699999999999999,7,Hero,0.6726049142224448,1.0
2192,4.1000000000000005,-5.8999999999999995,9,Hero,0.6655332156353526,1.0
2193,3.7,-6.3,13,Hero,0.685393519126452,1.0
2194,3.5,-6.5,15,Hero,0.6527218639850616,1.0
2195,4.1000000000000005,-5.8999999999999995,9,Hero,0.5464459790123833,1.0
2196,4.4,-5.6,6,Hero,0.8017078538735708,1.0
2197,4.0,-6.0,10,Hero,0.7639754384756088,1.0
2198,4.300000000000001,-5.699999999999999,7,Hero,0.679717732327325,1.0
2199,3.4000000000000004,-6.6,16,Hero,0.562889164313674,1.0
2200,4.2,-5.8,8,Hero,0.6064952127635479,1.0
2201,4.9,-5.1,1,Hero,0.6208486557006836,1.0
2202,4.1000000000000005,-5.8999999999999995,9,Hero,0.5827437341213226,1.0
2203,3.6000000000000005,-6.3999999999999995,14,Hero,0.5978027688605445,1.0
2204,3.5,-6.5,15,Hero,0.5347745130459468,1.0
2205,4.1000000000000005,-5.8999999999999995,9,Hero,0.9049435257911682,1.0
2206,4.0,-6.0,10,Hero,0.6101400464773178,1.0
2207,3.9000000000000004,-6.1,11,Hero,0.6859217421575026,1.0
2208,3.5,-6.5,15,Hero,0.6603144158919653,1.0
2209,4.5,-5.5,5,Hero,0.552638179063797,1.0
2210,4.4,-5.6,6,Hero,0.6469292988379797,1.0
2211,4.5,-5.5,5,Hero,0.7096309423446655,1.0
2212,4.1000000000000005,-5.8999999999999995,9,Hero,0.713514119386673,1.0
2213,-5.199999999999999,4.800000000000001,2,Villain,0.248167859390378,1.0
2214,4.7,-5.3,3,Hero,0.5798004766305288,1.0
2215,3.7,-6.3,13,Hero,0.6565078210372192,1.0
2216,3.8000000000000007,-6.199999999999999,12,Hero,0.7374165412038565,1.0
2217,4.7,-5.3,3,Hero,0.5398820439974467,1.0
2218,4.5,-5.5,5,Hero,0.5523894727230072,1.0
2219,3.0999999999999996,-6.9,19,Hero,0.5451520461785165,1.0
2220,4.1000000000000005,-5.8999999999999995,9,Hero,0.9433151284853617,1.0
2221,4.1000000000000005,-5.8999999999999995,9,Hero,0.5754169921080271,1.0
2222,4.300000000000001,-5.699999999999999,7,Hero,0.7177996784448624,1.0
2223,3.5,-6.5,15,Hero,0.6177263379096984,1.0
2224,4.5,-5.5,5,Hero,0.7621496737003326,1.0
2225,4.300000000000001,-5.699999999999999,7,Hero,0.5334231683186123,1.0
2226,2.8,-7.2,22,Hero,0.5936564423821189,1.0
2227,4.1000000000000005,-5.8999999999999995,9,Hero,0.5927172005176544,1.0
2228,4.5,-5.5,5,Hero,0.44707760214805603,1.0
2229,3.8000000000000007,-6.199999999999999,12,Hero,0.6124469997982184,1.0
2230,4.300000000000001,-5.699999999999999,7,Hero,0.7626161106995174,1.0
2231,3.9000000000000004,-6.1,11,Hero,0.5914800844409249,1.0
2232,3.8000000000000007,-6.199999999999999,12,Hero,0.6573295245567957,1.0
2233,3.9000000000000004,-6.1,11,Hero,0.5826211138205095,1.0
2234,4.0,-6.0,10,Hero,0.8808619916439057,1.0
2235,4.5,-5.5,5,Hero,0.5515725672245025,1.0
2236,4.5,-5.5,5,Hero,0.7489797949790955,1.0
2237,3.9000000000000004,-6.1,11,Hero,0.7327105077830228,1.0
2238,4.2,-5.8,8,Hero,0.6357700936496258,1.0
2239,3.8000000000000007,-6.199999999999999,12,Hero,0.6194787000616392,1.0
2240,4.6000000000000005,-5.3999999999999995,4,Hero,0.8356979489326477,1.0
2241,4.6000000000000005,-5.3999999999999995,4,Hero,0.6822251081466675,1.0
2242,4.7,-5.3,3,Hero,0.37357184290885925,1.0
2243,4.300000000000001,-5.699999999999999,7,Hero,0.8125332934515817,1.0
2244,3.7,-6.3,13,Hero,0.5524961833770459,1.0
2245,4.1000000000000005,-5.8999999999999995,9,Hero,0.5091713561107301,1.0
2246,4.1000000000000005,-5.8999999999999995,9,Hero,0.7866746634244919,1.0
2247,4.4,-5.6,6,Hero,0.5154773692289988,1.0
2248,4.5,-5.5,5,Hero,0.5066902041435242,1.0
2249,4.1000000000000005,-5.8999999999999995,9,Hero,0.8641974925994873,1.0
2250,-5.3999999999999995,4.6000000000000005,4,Villain,0.665540412068367,1.0
2251,4.1000000000000005,-5.8999999999999995,9,Hero,0.5768529739644792,1.0
2252,3.5,-6.5,15,Hero,0.596326227982839,1.0
2253,3.8000000000000007,-6.199999999999999,12,Hero,0.6631384293238322,1.0
2254,3.9000000000000004,-6.1,11,Hero,0.6819127635522322,1.0
2255,3.8000000000000007,-6.199999999999999,12,Hero,0.5927686641613642,1.0
2256,4.300000000000001,-5.699999999999999,7,Hero,0.758604632956641,1.0
2257,3.8000000000000007,-6.199999999999999,12,Hero,0.6024493339161078,1.0
2258,4.5,-5.5,5,Hero,0.830162525177002,1.0
2259,3.2,-6.8,18,Hero,0.5363665802611245,1.0
2260,3.6000000000000005,-6.3999999999999995,14,Hero,0.6316392017262322,1.0
2261,-5.3999999999999995,4.6000000000000005,4,Villain,0.7723166942596436,1.0
2262,3.9000000000000004,-6.1,11,Hero,0.7706883417611773,1.0
2263,4.0,-6.0,10,Hero,0.6451159298419953,1.0
2264,3.7,-6.3,13,Hero,0.7015591378395374,1.0
2265,4.4,-5.6,6,Hero,0.5422289371490479,1.0
2266,4.300000000000001,-5.699999999999999,7,Hero,0.634187638759613,1.0
2267,3.9000000000000004,-6.1,11,Hero,0.6339140642773021,1.0
2268,3.8000000000000007,-6.199999999999999,12,Hero,0.6477752601106962,1.0
2269,3.7,-6.3,13,Hero,0.6560392694977614,1.0
2270,3.0,-7.0,20,Hero,0.5177915415726602,1.0
2271,4.2,-5.8,8,Hero,0.8510752171278,1.0
2272,3.5,-6.5,15,Hero,0.6361310064792634,1.0
2273,4.0,-6.0,10,Hero,0.7996804118156433,1.0
2274,4.1000000000000005,-5.8999999999999995,9,Hero,0.792616433567471,1.0
2275,4.2,-5.8,8,Hero,0.6711688786745071,1.0
2276,4.1000000000000005,-5.8999999999999995,9,Hero,0.8710804018709395,1.0
2277,3.6000000000000005,-6.3999999999999995,14,Hero,0.5659251026809216,1.0
2278,3.7,-6.3,13,Hero,0.693698966732392,1.0
2279,4.5,-5.5,5,Hero,0.9154327511787415,1.0
2280,-5.5,4.5,5,Villain,0.9220023036003113,1.0
2281,3.3,-6.7,17,Hero,0.607796402538524,1.0
2282,3.2,-6.8,18,Hero,0.4991965095202128,1.0
2283,3.5,-6.5,15,Hero,0.5923538188139598,1.0
2284,4.0,-6.0,10,Hero,0.8346005342900753,1.0
2285,4.0,-6.0,10,Hero,0.7334554761648178,1.0
2286,4.300000000000001,-5.699999999999999,7,Hero,0.7981477635247367,1.0
2287,4.1000000000000005,-5.8999999999999995,9,Hero,0.8642998370859358,1.0
2288,4.5,-5.5,5,Hero,0.7324324011802673,1.0
2289,3.9000000000000004,-6.1,11,Hero,0.7670950820161537,1.0
2290,3.3,-6.7,17,Hero,0.5987964956199422,1.0
2291,-5.199999999999999,4.800000000000001,2,Villain,0.6484770476818085,1.0
2292,4.1000000000000005,-5.8999999999999995,9,Hero,0.6792567769686381,1.0
2293,3.5,-6.5,15,Hero,0.6865243176619212,1.0
2294,3.4000000000000004,-6.6,16,Hero,0.6720636289173854,1.0
2295,4.5,-5.5,5,Hero,0.46269544363021853,1.0
2296,3.6000000000000005,-6.3999999999999995,14,Hero,0.6571166510028499,1.0
2297,4.1000000000000005,-5.8999999999999995,9,Hero,0.5951411599914233,1.0
2298,3.3,-6.7,17,Hero,0.778362892129842,1.0
2299,4.2,-5.8,8,Hero,0.6391557790338993,1.0
2300,4.4,-5.6,6,Hero,0.6463874230782191,1.0
2301,2.5999999999999996,-7.4,24,Hero,0.646019517754515,1.0
2302,4.1000000000000005,-5.8999999999999995,9,Hero,0.9812491801049974,1.0
2303,3.0999999999999996,-6.9,19,Hero,0.5443474917035354,1.0
2304,4.1000000000000005,-5.8999999999999995,9,Hero,0.56750312116411,1.0
2305,3.8000000000000007,-6.199999999999999,12,Hero,0.6385298346479734,1.0
2306,3.9000000000000004,-6.1,11,Hero,0.771277210929177,1.0
2307,4.0,-6.0,10,Hero,0.6077428370714187,1.0
2308,3.2,-6.8,18,Hero,0.558197612563769,1.0
2309,4.2,-5.8,8,Hero,0.5590131497010589,1.0
2310,2.9,-7.1,21,Hero,0.5426096011485372,1.0
2311,3.6000000000000005,-6.3999999999999995,14,Hero,0.6385469915611404,1.0
2312,3.6000000000000005,-6.3999999999999995,14,Hero,0.5702121577092579,1.0
2313,4.1000000000000005,-5.8999999999999995,9,Hero,0.6619246105353037,1.0
2314,4.300000000000001,-5.699999999999999,7,Hero,0.7961284454379763,1.0
2315,4.6000000000000005,-5.3999999999999995,4,Hero,0.9418517351150513,1.0
2316,4.0,-6.0,10,Hero,0.6247620105743408,1.0
2317,3.3,-6.7,17,Hero,0.5868387616732541,1.0
2318,3.3,-6.7,17,Hero,0.49893847047625217,1.0
2319,4.800000000000001,-5.199999999999999,2,Hero,0.4999198168516159,1.0
2320,4.2,-5.8,8,Hero,0.839075492694974,1.0
2321,4.4,-5.6,6,Hero,0.6773747305075327,1.0
2322,4.5,-5.5,5,Hero,0.6859044194221496,1.0
2323,3.8000000000000007,-6.199999999999999,12,Hero,0.6628057528287172,1.0
2324,4.300000000000001,-5.699999999999999,7,Hero,0.6274311606373105,1.0
2325,3.4000000000000004,-6.6,16,Hero,0.5885704979300499,1.0
2326,3.5,-6.5,15,Hero,0.5168462087710698,1.0
2327,-5.3999999999999995,4.6000000000000005,4,Villain,0.4943917319178581,1.0
2328,4.300000000000001,-5.699999999999999,7,Hero,0.694248725261007,1.0
2329,4.1000000000000005,-5.8999999999999995,9,Hero,0.9491487079196506,1.0
2330,3.6000000000000005,-6.3999999999999995,14,Hero,0.6335750988551548,1.0
2331,3.5,-6.5,15,Hero,0.5946050723393758,1.0
2332,4.2,-5.8,8,Hero,0.6465884298086166,1.0
2333,4.300000000000001,-5.699999999999999,7,Hero,0.5671705816473279,1.0
2334,3.9000000000000004,-6.1,11,Hero,0.6098975888030096,1.0
2335,4.5,-5.5,5,Hero,0.7310116052627563,1.0
2336,3.9000000000000004,-6.1,11,Hero,0.7707302326505835,1.0
2337,4.1000000000000005,-5.8999999999999995,9,Hero,0.7529602315690782,1.0
2338,4.5,-5.5,5,Hero,0.6010802328586579,1.0
2339,4.2,-5.8,8,Hero,0.6330730207264423,1.0
2340,4.800000000000001,-5.199999999999999,2,Hero,0.6399950087070465,1.0
2341,4.300000000000001,-5.699999999999999,7,Hero,0.8724274379866463,1.0
2342,3.6000000000000005,-6.3999999999999995,14,Hero,0.6123249307274818,1.0
2343,3.8000000000000007,-6.199999999999999,12,Hero,0.7294729153315226,1.0
2344,4.5,-5.5,5,Hero,0.5082716882228852,1.0
2345,4.9,-5.1,1,Hero,0.9398788809776306,1.0
2346,3.9000000000000004,-6.1,11,Hero,0.7333800142461603,1.0
2347,4.4,-5.6,6,Hero,0.9119982620080312,1.0
2348,4.4,-5.6,6,Hero,0.7338583668073019,1.0
2349,3.9000000000000004,-6.1,11,Hero,0.7207771322943948,1.0
2350,3.8000000000000007,-6.199999999999999,12,Hero,0.6089338064193726,1.0
2351,4.300000000000001,-5.699999999999999,7,Hero,0.8073510389242854,1.0
2352,4.300000000000001,-5.699999999999999,7,Hero,0.6099603303841182,1.0
2353,4.9,-5.1,1,Hero,0.8419115543365479,1.0
2354,4.1000000000000005,-5.8999999999999995,9,Hero,0.6494473252031538,1.0
2355,3.8000000000000007,-6.199999999999999,12,Hero,0.7189851570874453,1.0
2356,3.9000000000000004,-6.1,11,Hero,0.6715269820256666,1.0
2357,4.300000000000001,-5.699999999999999,7,Hero,0.5201375016144344,1.0
2358,4.0,-6.0,10,Hero,0.6046500325202941,1.0
2359,4.0,-6.0,10,Hero,0.793600332736969,1.0
2360,4.300000000000001,-5.699999999999999,7,Hero,0.7091253399848938,1.0
2361,3.2,-6.8,18,Hero,0.6906091574993398,1.0
2362,3.7,-6.3,13,Hero,0.6347050712658808,1.0
2363,3.6000000000000005,-6.3999999999999995,14,Hero,0.6694668898625034,1.0
2364,4.0,-6.0,10,Hero,0.6546950049698352,1.0
2365,3.8000000000000007,-6.199999999999999,12,Hero,0.6985542780409256,1.0
2366,3.9000000000000004,-6.1,11,Hero,0.6162889721718702,1.0
2367,4.4,-5.6,6,Hero,0.9528816044330597,1.0
2368,4.300000000000001,-5.699999999999999,7,Hero,0.692242579800742,1.0
2369,2.6999999999999997,-7.300000000000001,23,Hero,0.4727521363807761,1.0
2370,4.0,-6.0,10,Hero,0.7013682007789612,1.0
2371,3.8000000000000007,-6.199999999999999,12,Hero,0.702563188970089,1.0
2372,3.7,-6.3,13,Hero,0.6075803912602938,1.0
2373,4.0,-6.0,10,Hero,0.5111617803573608,1.0
2374,4.1000000000000005,-5.8999999999999995,9,Hero,0.6510921683576372,1.0
2375,4.5,-5.5,5,Hero,0.5712869226932525,1.0
2376,4.6000000000000005,-5.3999999999999995,4,Hero,0.5578914433717728,1.0
2377,3.6000000000000005,-6.3999999999999995,14,Hero,0.57002217695117,1.0
2378,4.2,-5.8,8,Hero,0.6350656766444445,1.0
2379,3.8000000000000007,-6.199999999999999,12,Hero,0.6480589720110098,1.0
2380,3.8000000000000007,-6.199999999999999,12,Hero,0.5436796670158704,1.0
2381,3.8000000000000007,-6.199999999999999,12,Hero,0.7224717997014523,1.0
2382,3.7,-6.3,13,Hero,0.7316852888235679,1.0
2383,4.2,-5.8,8,Hero,0.6440636347979307,1.0
2384,4.0,-6.0,10,Hero,0.848950007557869,1.0
2385,3.8000000000000007,-6.199999999999999,12,Hero,0.6618305612355471,1.0
2386,3.7,-6.3,13,Hero,0.7068801751503577,1.0
2387,3.8000000000000007,-6.199999999999999,12,Hero,0.6150148957967758,1.0
2388,4.0,-6.0,10,Hero,0.6725435107946396,1.0
2389,3.9000000000000004,-6.1,11,Hero,0.7667379839853807,1.0
2390,3.5,-6.5,15,Hero,0.5536842251031582,1.0
2391,-5.1,4.9,1,Villain,0.996536374092102,1.0
2392,3.3,-6.7,17,Hero,0.6008937998181757,1.0
2393,4.0,-6.0,10,Hero,0.8895623788237572,1.0
2394,4.4,-5.6,6,Hero,0.6740816136201223,1.0
2395,4.300000000000001,-5.699999999999999,7,Hero,0.6201334510530744,1.0
2396,4.2,-5.8,8,Hero,0.8200906589627266,1.0
2397,3.5,-6.5,15,Hero,0.7000636080900828,1.0
2398,3.7,-6.3,13,Hero,0.6847673230446302,1.0
2399,3.4000000000000004,-6.6,16,Hero,0.5977919548749924,1.0
2400,4.300000000000001,-5.699999999999999,7,Hero,0.874144183737891,1.0
2401,3.9000000000000004,-6.1,11,Hero,0.6434689380905845,1.0
2402,4.4,-5.6,6,Hero,0.6267654274900755,1.0
2403,4.7,-5.3,3,Hero,0.6777565081914266,1.0
2404,4.2,-5.8,8,Hero,0.6747316736727953,1.0
2405,3.5,-6.5,15,Hero,0.6083264311154684,1.0
2406,3.6000000000000005,-6.3999999999999995,14,Hero,0.6014680096081325,1.0
2407,3.9000000000000004,-6.1,11,Hero,0.6653549698266116,1.0
2408,4.9,-5.1,1,Hero,0.9121873378753662,1.0
2409,4.9,-5.1,1,Hero,0.764793872833252,1.0
2410,4.4,-5.6,6,Hero,0.7155807365973791,1.0
2411,3.8000000000000007,-6.199999999999999,12,Hero,0.6297948236266772,1.0
2412,4.0,-6.0,10,Hero,0.8212559342384338,1.0
2413,3.5,-6.5,15,Hero,0.5968717609842619,1.0
2414,3.3,-6.7,17,Hero,0.5734690866049599,1.0
2415,4.300000000000001,-5.699999999999999,7,Hero,0.6781100928783417,1.0
2416,4.5,-5.5,5,Hero,0.9043545365333557,1.0
2417,3.9000000000000004,-6.1,11,Hero,0.7780700488524004,1.0
2418,4.5,-5.5,5,Hero,0.5590691417455673,1.0
2419,4.300000000000001,-5.699999999999999,7,Hero,0.3882814028433391,1.0
2420,4.4,-5.6,6,Hero,0.7652618785699209,1.0
2421,4.4,-5.6,6,Hero,0.5845712671677271,1.0
2422,3.8000000000000007,-6.199999999999999,12,Hero,0.6275931857526302,1.0
2423,4.300000000000001,-5.699999999999999,7,Hero,0.7693059827600207,1.0
2424,3.2,-6.8,18,Hero,0.7187795374128554,1.0
2425,4.300000000000001,-5.699999999999999,7,Hero,0.8025076474462237,1.0
2426,4.4,-5.6,6,Hero,0.7928717782100042,1.0
2427,4.0,-6.0,10,Hero,0.6852614313364029,1.0
2428,-5.1,4.9,1,Villain,0.13197189569473267,1.0
2429,3.8000000000000007,-6.199999999999999,12,Hero,0.6116539109498262,1.0
2430,4.1000000000000005,-5.8999999999999995,9,Hero,0.8555677351024416,1.0
2431,3.7,-6.3,13,Hero,0.7076653792307928,1.0
2432,3.8000000000000007,-6.199999999999999,12,Hero,0.7587071657180786,1.0
2433,4.800000000000001,-5.199999999999999,2,Hero,0.5761993527412415,1.0
2434,3.7,-6.3,13,Hero,0.5850440240823306,1.0
2435,3.8000000000000007,-6.199999999999999,12,Hero,0.7484214951594671,1.0
2436,3.9000000000000004,-6.1,11,Hero,0.6300584728067572,1.0
2437,4.9,-5.1,1,Hero,0.9871729612350464,1.0
2438,3.7,-6.3,13,Hero,0.5544419265710391,1.0
2439,3.7,-6.3,13,Hero,0.6022105492078341,1.0
2440,4.7,-5.3,3,Hero,0.805638869603475,1.0
2441,3.3,-6.7,17,Hero,0.5949821980560527,1.0
2442,4.1000000000000005,-5.8999999999999995,9,Hero,0.7781693637371063,1.0
2443,4.0,-6.0,10,Hero,0.6226749077439309,1.0
2444,4.2,-5.8,8,Hero,0.5877260752022266,1.0
2445,3.0999999999999996,-6.9,19,Hero,0.5503297487371847,1.0
2446,4.9,-5.1,1,Hero,0.3304225504398346,1.0
2447,4.7,-5.3,3,Hero,0.631631558140119,1.0
2448,4.6000000000000005,-5.3999999999999995,4,Hero,0.5741764232516289,1.0
2449,4.0,-6.0,10,Hero,0.7763175457715988,1.0
2450,4.0,-6.0,10,Hero,0.8202755212783813,1.0
2451,3.5,-6.5,15,Hero,0.6401003082593282,1.0
2452,4.2,-5.8,8,Hero,0.697184145450592,1.0
2453,3.8000000000000007,-6.199999999999999,12,Hero,0.6218801612655321,1.0
2454,4.0,-6.0,10,Hero,0.6189400017261505,1.0
2455,4.5,-5.5,5,Hero,0.7180320858955384,1.0
2456,3.9000000000000004,-6.1,11,Hero,0.8183574676513672,1.0
2457,4.4,-5.6,6,Hero,0.7280139724413554,1.0
2458,4.6000000000000005,-5.3999999999999995,4,Hero,0.6793333739042282,1.0
2459,3.6000000000000005,-6.3999999999999995,14,Hero,0.7088216479335513,1.0
2460,4.4,-5.6,6,Hero,0.5718567073345184,1.0
2461,4.6000000000000005,-5.3999999999999995,4,Hero,0.6288205534219742,1.0
2462,3.4000000000000004,-6.6,16,Hero,0.5616907048970461,1.0
2463,4.2,-5.8,8,Hero,0.6878837123513222,1.0
2464,4.2,-5.8,8,Hero,0.6579151852056384,1.0
2465,3.9000000000000004,-6.1,11,Hero,0.6327640332958915,1.0
2466,3.8000000000000007,-6.199999999999999,12,Hero,0.7887754775583744,1.0
2467,4.800000000000001,-5.199999999999999,2,Hero,0.5410973280668259,1.0
2468,4.4,-5.6,6,Hero,0.7393454710642496,1.0
2469,4.1000000000000005,-5.8999999999999995,9,Hero,0.668462743361791,1.0
2470,4.6000000000000005,-5.3999999999999995,4,Hero,0.6284069195389748,1.0
2471,3.8000000000000007,-6.199999999999999,12,Hero,0.5769510393341383,1.0
2472,4.1000000000000005,-5.8999999999999995,9,Hero,0.8334255648983849,1.0
2473,3.9000000000000004,-6.1,11,Hero,0.561558682132851,1.0
2474,4.1000000000000005,-5.8999999999999995,9,Hero,0.6271813842985365,1.0
2475,4.0,-6.0,10,Hero,0.8199739426374435,1.0
2476,4.0,-6.0,10,Hero,0.5886710315942765,1.0
2477,4.0,-6.0,10,Hero,0.7908215641975402,1.0
2478,3.3,-6.7,17,Hero,0.7515692763468799,1.0
2479,4.2,-5.8,8,Hero,0.7724671587347984,1.0
2480,3.9000000000000004,-6.1,11,Hero,0.7291933406483043,1.0
2481,4.1000000000000005,-5.8999999999999995,9,Hero,0.890180786450704,1.0
2482,4.300000000000001,-5.699999999999999,7,Hero,0.8048511605177607,1.0
2483,2.9,-7.1,21,Hero,0.6163487544371968,1.0
2484,3.4000000000000004,-6.6,16,Hero,0.587083961814642,1.0
2485,4.5,-5.5,5,Hero,0.5314810693264007,1.0
2486,4.300000000000001,-5.699999999999999,7,Hero,0.7047142471585955,1.0
2487,4.1000000000000005,-5.8999999999999995,9,Hero,0.7335498498545753,1.0
2488,3.8000000000000007,-6.199999999999999,12,Hero,0.538137840727965,1.0
2489,4.5,-5.5,5,Hero,0.8688592553138733,1.0
2490,3.6000000000000005,-6.3999999999999995,14,Hero,0.6273899695702961,1.0
2491,4.4,-5.6,6,Hero,0.5105924904346466,1.0
2492,3.3,-6.7,17,Hero,0.6214176845901153,1.0
2493,4.300000000000001,-5.699999999999999,7,Hero,0.55587352173669,1.0
2494,3.4000000000000004,-6.6,16,Hero,0.6853318866342306,1.0
2495,3.0999999999999996,-6.9,19,Hero,0.5952110329740926,1.0
2496,4.0,-6.0,10,Hero,0.8547297954559326,1.0
2497,4.0,-6.0,10,Hero,0.7238600641489029,1.0
2498,-5.3999999999999995,4.6000000000000005,4,Villain,0.3536498248577118,1.0
2499,4.6000000000000005,-5.3999999999999995,4,Hero,0.9342972189188004,1.0
2500,4.1000000000000005,-5.8999999999999995,9,Hero,0.86634744455417,1.0
2501,4.300000000000001,-5.699999999999999,7,Hero,0.8282442771430526,1.0
2502,4.5,-5.5,5,Hero,0.6020497247576714,1.0
2503,4.300000000000001,-5.699999999999999,7,Hero,0.89582930292402,1.0
2504,3.0,-7.0,20,Hero,0.6521326068788766,1.0
2505,4.7,-5.3,3,Hero,0.5495789349079132,1.0
2506,4.5,-5.5,5,Hero,0.7751822352409363,1.0
2507,2.9,-7.1,21,Hero,0.549944940777052,1.0
2508,3.3,-6.7,17,Hero,0.6245250035734737,1.0
2509,4.1000000000000005,-5.8999999999999995,9,Hero,0.8486447069380019,1.0
2510,3.2,-6.8,18,Hero,0.542184036432041,1.0
2511,4.2,-5.8,8,Hero,0.9163409173488617,1.0
2512,3.0,-7.0,20,Hero,0.6713975518941879,1.0
2513,4.300000000000001,-5.699999999999999,7,Hero,0.5844495041029794,1.0
2514,4.9,-5.1,1,Hero,0.17872942984104156,1.0
2515,3.0999999999999996,-6.9,19,Hero,0.5551590025424957,1.0
2516,3.6000000000000005,-6.3999999999999995,14,Hero,0.610872106892722,1.0
2517,4.2,-5.8,8,Hero,0.9570584520697594,1.0
2518,3.8000000000000007,-6.199999999999999,12,Hero,0.6082799757520357,1.0
2519,4.7,-5.3,3,Hero,0.557163655757904,1.0
2520,4.300000000000001,-5.699999999999999,7,Hero,0.554816335439682,1.0
2521,3.7,-6.3,13,Hero,0.7076361087652353,1.0
2522,4.800000000000001,-5.199999999999999,2,Hero,0.5323240906000137,1.0
2523,-5.199999999999999,4.800000000000001,2,Villain,0.9876857399940491,1.0
2524,3.8000000000000007,-6.199999999999999,12,Hero,0.6092912033200264,1.0
2525,3.8000000000000007,-6.199999999999999,12,Hero,0.6550897831718127,1.0
2526,3.6000000000000005,-6.3999999999999995,14,Hero,0.6165070959499904,1.0
2527,3.5,-6.5,15,Hero,0.7197463691234589,1.0
2528,4.0,-6.0,10,Hero,0.8396534740924835,1.0
2529,4.5,-5.5,5,Hero,0.7081393241882324,1.0
2530,4.6000000000000005,-5.3999999999999995,4,Hero,0.4002137705683708,1.0
2531,3.3,-6.7,17,Hero,0.6269239178475212,1.0
2532,3.9000000000000004,-6.1,11,Hero,0.8171122399243441,1.0
2533,4.1000000000000005,-5.8999999999999995,9,Hero,0.6425207720862495,1.0
2534,4.5,-5.5,5,Hero,0.6046803027391434,1.0
2535,4.1000000000000005,-5.8999999999999995,9,Hero,0.611336330572764,1.0
2536,4.800000000000001,-5.199999999999999,2,Hero,0.8859938979148865,1.0
2537,3.9000000000000004,-6.1,11,Hero,0.6876875724304806,1.0
2538,4.6000000000000005,-5.3999999999999995,4,Hero,0.538749098777771,1.0
2539,3.9000000000000004,-6.1,11,Hero,0.7169197012077678,1.0
2540,3.9000000000000004,-6.1,11,Hero,0.696402064778588,1.0
2541,3.9000000000000004,-6.1,11,Hero,0.7356112030419436,1.0
2542,4.300000000000001,-5.699999999999999,7,Hero,0.5809738167694637,1.0
2543,4.2,-5.8,8,Hero,0.7475062385201454,1.0
2544,4.300000000000001,-5.699999999999999,7,Hero,0.6511189000947135,1.0
2545,3.5,-6.5,15,Hero,0.6171642209092776,1.0
2546,4.2,-5.8,8,Hero,0.7831494137644768,1.0
2547,3.8000000000000007,-6.199999999999999,12,Hero,0.6829072547455629,1.0
2548,4.0,-6.0,10,Hero,0.6901612967252732,1.0
2549,3.6000000000000005,-6.3999999999999995,14,Hero,0.6052193492650986,1.0
2550,4.9,-5.1,1,Hero,0.8975695967674255,1.0
2551,3.7,-6.3,13,Hero,0.7195457861973689,1.0
2552,4.2,-5.8,8,Hero,0.7285492229275405,1.0
2553,3.6000000000000005,-6.3999999999999995,14,Hero,0.6852353736758232,1.0
2554,4.0,-6.0,10,Hero,0.7284304410219192,1.0
2555,4.300000000000001,-5.699999999999999,7,Hero,0.6116091353552682,1.0
2556,4.4,-5.6,6,Hero,0.6043259898821512,1.0
2557,4.7,-5.3,3,Hero,0.6346305807431539,1.0
2558,4.1000000000000005,-5.8999999999999995,9,Hero,0.7665608127911886,1.0
2559,3.8000000000000007,-6.199999999999999,12,Hero,0.6880001425743103,1.0
2560,4.0,-6.0,10,Hero,0.727299165725708,1.0
2561,4.1000000000000005,-5.8999999999999995,9,Hero,0.6838357365793652,1.0
2562,4.1000000000000005,-5.8999999999999995,9,Hero,0.9208410117361281,1.0
2563,3.7,-6.3,13,Hero,0.6375424999457139,1.0
2564,4.1000000000000005,-5.8999999999999995,9,Hero,0.5388239158524407,1.0
2565,3.8000000000000007,-6.199999999999999,12,Hero,0.7553376344343027,1.0
2566,3.7,-6.3,13,Hero,0.6279798218837152,1.0
2567,4.1000000000000005,-5.8999999999999995,9,Hero,0.7939276960160997,1.0
2568,3.3,-6.7,17,Hero,0.6981088238603929,1.0
2569,4.1000000000000005,-5.8999999999999995,9,Hero,0.776867561870151,1.0
2570,3.9000000000000004,-6.1,11,Hero,0.7546195733276281,1.0
2571,-5.1,4.9,1,Villain,0.55429607629776,1.0
2572,3.8000000000000007,-6.199999999999999,12,Hero,0.6012439678112665,1.0
2573,3.7,-6.3,13,Hero,0.6943701643210191,1.0
2574,4.1000000000000005,-5.8999999999999995,9,Hero,0.8737994010249773,1.0
2575,3.7,-6.3,13,Hero,0.602202988587893,1.0
2576,3.4000000000000004,-6.6,16,Hero,0.6313382387161255,1.0
2577,3.9000000000000004,-6.1,11,Hero,0.7568842037157579,1.0
2578,3.6000000000000005,-6.3999999999999995,14,Hero,0.6587627093706813,1.0
2579,4.1000000000000005,-5.8999999999999995,9,Hero,0.6746967368655734,1.0
2580,3.9000000000000004,-6.1,11,Hero,0.6470423516902056,1.0
2581,4.2,-5.8,8,Hero,0.5778403002768755,1.0
2582,3.4000000000000004,-6.6,16,Hero,0.605105821043253,1.0
2583,4.1000000000000005,-5.8999999999999995,9,Hero,0.5655064980189005,1.0
2584,3.3,-6.7,17,Hero,0.6968647206530851,1.0
2585,4.1000000000000005,-5.8999999999999995,9,Hero,0.6063737786478467,1.0
2586,3.0,-7.0,20,Hero,0.6697727382183075,1.0
2587,3.8000000000000007,-6.199999999999999,12,Hero,0.639209241916736,1.0
2588,3.9000000000000004,-6.1,11,Hero,0.5236862471157854,1.0
2589,4.2,-5.8,8,Hero,0.8093300797045231,1.0
2590,3.5,-6.5,15,Hero,0.6345054060220718,1.0
2591,2.3999999999999995,-7.6000000000000005,26,Hero,0.5505688035717378,1.0
2592,3.9000000000000004,-6.1,11,Hero,0.6909680312330072,1.0
2593,3.9000000000000004,-6.1,11,Hero,0.6711264157837088,1.0
2594,4.5,-5.5,5,Hero,0.5746784508228302,1.0
2595,4.5,-5.5,5,Hero,0.5508872270584106,1.0
2596,3.9000000000000004,-6.1,11,Hero,0.5312415239485827,1.0
2597,4.2,-5.8,8,Hero,0.6343708969652653,1.0
2598,4.0,-6.0,10,Hero,0.6226043671369552,1.0
2599,-5.5,4.5,5,Villain,0.9692010045051574,1.0
2600,3.9000000000000004,-6.1,11,Hero,0.5814501643180847,1.0
2601,4.800000000000001,-5.199999999999999,2,Hero,0.9849036931991577,1.0
2602,4.0,-6.0,10,Hero,0.5718372136354446,1.0
2603,3.8000000000000007,-6.199999999999999,12,Hero,0.4412679572900136,1.0
2604,4.2,-5.8,8,Hero,0.9235072731971741,1.0
2605,4.4,-5.6,6,Hero,0.5677676349878311,1.0
2606,4.0,-6.0,10,Hero,0.6344428889453411,1.0
2607,3.9000000000000004,-6.1,11,Hero,0.7752464467828925,1.0
2608,4.300000000000001,-5.699999999999999,7,Hero,0.568905770778656,1.0
2609,4.1000000000000005,-5.8999999999999995,9,Hero,0.671868771314621,1.0
2610,4.1000000000000005,-5.8999999999999995,9,Hero,0.7190849793454012,1.0
2611,4.4,-5.6,6,Hero,0.5712375541528066,1.0
2612,4.0,-6.0,10,Hero,0.7428556568920612,1.0
2613,4.5,-5.5,5,Hero,0.9379136800765991,1.0
2614,3.6000000000000005,-6.3999999999999995,14,Hero,0.725984417966434,1.0
2615,3.9000000000000004,-6.1,11,Hero,0.8147649439898405,1.0
2616,3.7,-6.3,13,Hero,0.6732900050970224,1.0
2617,3.6000000000000005,-6.3999999999999995,14,Hero,0.6302406319550106,1.0
2618,4.2,-5.8,8,Hero,0.647063285112381,1.0
2619,3.4000000000000004,-6.6,16,Hero,0.594122402369976,1.0
2620,4.0,-6.0,10,Hero,0.5969539076089859,1.0
2621,3.3,-6.7,17,Hero,0.7388513859580544,1.0
2622,3.6000000000000005,-6.3999999999999995,14,Hero,0.769929609128407,1.0
2623,4.300000000000001,-5.699999999999999,7,Hero,0.7572554435048785,1.0
2624,3.6000000000000005,-6.3999999999999995,14,Hero,0.6097825393080711,1.0
2625,4.1000000000000005,-5.8999999999999995,9,Hero,0.5993647459480498,1.0
2626,4.0,-6.0,10,Hero,0.7134543165564537,1.0
2627,3.0999999999999996,-6.9,19,Hero,0.5786036604917363,1.0
2628,4.5,-5.5,5,Hero,0.6562702476978302,1.0
2629,4.5,-5.5,5,Hero,0.5848648086190223,1.0
2630,3.7,-6.3,13,Hero,0.6664856947385348,1.0
2631,3.8000000000000007,-6.199999999999999,12,Hero,0.6810114644467831,1.0
2632,3.5,-6.5,15,Hero,0.7000350654125214,1.0
2633,4.5,-5.5,5,Hero,0.7631334364414215,1.0
2634,4.4,-5.6,6,Hero,0.7060333589712778,1.0
2635,3.2,-6.8,18,Hero,0.5741004207068019,1.0
2636,4.0,-6.0,10,Hero,0.7728864789009094,1.0
2637,3.3,-6.7,17,Hero,0.6158640928128186,1.0
2638,4.2,-5.8,8,Hero,0.6359940869733691,1.0
2639,4.800000000000001,-5.199999999999999,2,Hero,0.716179221868515,1.0
2640,3.9000000000000004,-6.1,11,Hero,0.6208255020054904,1.0
2641,4.1000000000000005,-5.8999999999999995,9,Hero,0.6422312458356222,1.0
2642,4.4,-5.6,6,Hero,0.6731793234745661,1.0
2643,4.9,-5.1,1,Hero,0.9528293013572693,1.0
2644,4.300000000000001,-5.699999999999999,7,Hero,0.8054252309458596,1.0
2645,4.300000000000001,-5.699999999999999,7,Hero,0.625855283013412,1.0
2646,4.5,-5.5,5,Hero,0.6231065094470978,1.0
2647,3.7,-6.3,13,Hero,0.6708199015030494,1.0
2648,-5.199999999999999,4.800000000000001,2,Villain,0.6175914257764816,1.0
2649,3.8000000000000007,-6.199999999999999,12,Hero,0.747180146475633,1.0
2650,3.8000000000000007,-6.199999999999999,12,Hero,0.8031699111064275,1.0
2651,3.5,-6.5,15,Hero,0.6576641728480657,1.0
2652,3.7,-6.3,13,Hero,0.5113910161531888,1.0
2653,3.4000000000000004,-6.6,16,Hero,0.5768773518502712,1.0
2654,4.1000000000000005,-5.8999999999999995,9,Hero,0.7856362726953294,1.0
2655,3.9000000000000004,-6.1,11,Hero,0.6958541639826514,1.0
2656,3.8000000000000007,-6.199999999999999,12,Hero,0.6316356038053831,1.0
2657,3.9000000000000004,-6.1,11,Hero,0.6641353917392817,1.0
2658,3.8000000000000007,-6.199999999999999,12,Hero,0.6771039341886839,1.0
2659,4.0,-6.0,10,Hero,0.8179707497358322,1.0
2660,4.2,-5.8,8,Hero,0.5902052447199821,1.0
2661,-5.1,4.9,1,Villain,0.8964678049087524,1.0
2662,4.4,-5.6,6,Hero,0.6540555233756701,1.0
2663,4.1000000000000005,-5.8999999999999995,9,Hero,0.7515807764397727,1.0
2664,3.2,-6.8,18,Hero,0.6523236276374923,1.0
2665,4.0,-6.0,10,Hero,0.7784026756882667,1.0
2666,4.1000000000000005,-5.8999999999999995,9,Hero,0.5981514271762636,1.0
2667,3.8000000000000007,-6.199999999999999,12,Hero,0.5889907603462537,1.0
2668,4.0,-6.0,10,Hero,0.8544347196817398,1.0
2669,4.1000000000000005,-5.8999999999999995,9,Hero,0.6056114435195923,1.0
2670,4.4,-5.6,6,Hero,0.6150408039490382,1.0
2671,3.6000000000000005,-6.3999999999999995,14,Hero,0.6487997685159955,1.0
2672,4.9,-5.1,1,Hero,0.5740352272987366,1.0
2673,4.300000000000001,-5.699999999999999,7,Hero,0.6499020797865731,1.0
2674,4.5,-5.5,5,Hero,0.6007670283317565,1.0
2675,4.1000000000000005,-5.8999999999999995,9,Hero,0.6552295668257607,1.0
2676,4.2,-5.8,8,Hero,0.775924414396286,1.0
2677,4.0,-6.0,10,Hero,0.6209596514701843,1.0
2678,4.2,-5.8,8,Hero,0.786692276597023,1.0
2679,4.9,-5.1,1,Hero,0.7905280590057373,1.0
2680,3.6000000000000005,-6.3999999999999995,14,Hero,0.5586963051131794,1.0
2681,3.9000000000000004,-6.1,11,Hero,0.7633696855469183,1.0
2682,4.0,-6.0,10,Hero,0.5605662852525711,1.0
2683,3.7,-6.3,13,Hero,0.5984770667094451,1.0
2684,4.0,-6.0,10,Hero,0.7569090038537979,1.0
2685,3.6000000000000005,-6.3999999999999995,14,Hero,0.5948853226644653,1.0
2686,4.300000000000001,-5.699999999999999,7,Hero,0.5978453835206372,1.0
2687,4.1000000000000005,-5.8999999999999995,9,Hero,0.8384173992607329,1.0
2688,4.2,-5.8,8,Hero,0.8176841139793396,1.0
2689,3.5,-6.5,15,Hero,0.6406431406736374,1.0
2690,3.9000000000000004,-6.1,11,Hero,0.7852208858186548,1.0
2691,4.300000000000001,-5.699999999999999,7,Hero,0.711037814617157,1.0
2692,4.2,-5.8,8,Hero,0.9064531773328781,1.0
2693,4.300000000000001,-5.699999999999999,7,Hero,0.8036011287144252,1.0
2694,4.300000000000001,-5.699999999999999,7,Hero,0.9244513426508222,1.0
2695,3.5,-6.5,15,Hero,0.5839576760927836,1.0
2696,3.5,-6.5,15,Hero,0.7314441084861756,1.0
2697,3.2,-6.8,18,Hero,0.5402195325328244,1.0
2698,4.300000000000001,-5.699999999999999,7,Hero,0.6875812581607273,1.0
2699,3.6000000000000005,-6.3999999999999995,14,Hero,0.6311628030879157,1.0
2700,3.7,-6.3,13,Hero,0.7209134308191446,1.0
2701,4.300000000000001,-5.699999999999999,7,Hero,0.8262625634670258,1.0
2702,-5.199999999999999,4.800000000000001,2,Villain,0.5740026086568832,1.0
2703,3.3,-6.7,17,Hero,0.6601276604787392,1.0
2704,4.4,-5.6,6,Hero,0.7661876877148946,1.0
2705,3.8000000000000007,-6.199999999999999,12,Hero,0.644074988240997,1.0
2706,4.2,-5.8,8,Hero,0.953187495470047,1.0
2707,4.5,-5.5,5,Hero,0.6165908604860306,1.0
2708,4.0,-6.0,10,Hero,0.8312229007482529,1.0
2709,3.3,-6.7,17,Hero,0.6107325659078711,1.0
2710,4.1000000000000005,-5.8999999999999995,9,Hero,0.7759381963147057,1.0
2711,3.6000000000000005,-6.3999999999999995,14,Hero,0.6103469516549792,1.0
2712,3.6000000000000005,-6.3999999999999995,14,Hero,0.6547810924904687,1.0
2713,3.8000000000000007,-6.199999999999999,12,Hero,0.6919753837088743,1.0
2714,4.300000000000001,-5.699999999999999,7,Hero,0.5433387756347656,1.0
2715,3.6000000000000005,-6.3999999999999995,14,Hero,0.6366078821676118,1.0
2716,4.2,-5.8,8,Hero,0.6175781916826963,1.0
2717,3.9000000000000004,-6.1,11,Hero,0.6046305244619196,1.0
2718,4.1000000000000005,-5.8999999999999995,9,Hero,0.654162178436915,1.0
2719,4.2,-5.8,8,Hero,0.6948613189160824,1.0
2720,2.9,-7.1,21,Hero,0.5440654275672776,1.0
2721,3.0999999999999996,-6.9,19,Hero,0.5615175648739463,1.0
2722,3.8000000000000007,-6.199999999999999,12,Hero,0.590716357032458,1.0
2723,3.9000000000000004,-6.1,11,Hero,0.5788108300078999,1.0
2724,3.9000000000000004,-6.1,11,Hero,0.638161840763959,1.0
2725,3.4000000000000004,-6.6,16,Hero,0.4807783274445683,1.0
2726,4.5,-5.5,5,Hero,0.8941087841987609,1.0
2727,4.0,-6.0,10,Hero,0.593332102894783,1.0
2728,4.2,-5.8,8,Hero,0.7737034745514393,1.0
2729,4.1000000000000005,-5.8999999999999995,9,Hero,0.635740202334192,1.0
2730,3.9000000000000004,-6.1,11,Hero,0.7417066151445563,1.0
2731,3.8000000000000007,-6.199999999999999,12,Hero,0.720861996213595,1.0
2732,4.1000000000000005,-5.8999999999999995,9,Hero,0.9296165903409322,1.0
2733,3.4000000000000004,-6.6,16,Hero,0.6066113580018282,1.0
2734,3.9000000000000004,-6.1,11,Hero,0.7243624735962261,1.0
2735,4.0,-6.0,10,Hero,0.5606971681118011,1.0
2736,4.1000000000000005,-5.8999999999999995,9,Hero,0.540433346397347,1.0
2737,4.4,-5.6,6,Hero,0.615151509642601,1.0
2738,-5.1,4.9,1,Villain,0.9683693647384644,1.0
2739,3.9000000000000004,-6.1,11,Hero,0.6304531300609763,1.0
2740,4.5,-5.5,5,Hero,0.5826999574899674,1.0
2741,3.7,-6.3,13,Hero,0.7519744015656985,1.0
2742,4.7,-5.3,3,Hero,0.9265054861704508,1.0
2743,4.1000000000000005,-5.8999999999999995,9,Hero,0.610246843761868,1.0
2744,3.9000000000000004,-6.1,11,Hero,0.6612820076671514,1.0
2745,3.7,-6.3,13,Hero,0.581113895544639,1.0
2746,3.8000000000000007,-6.199999999999999,12,Hero,0.5787932847936949,1.0
2747,4.300000000000001,-5.699999999999999,7,Hero,0.7612435477120536,1.0
2748,3.4000000000000004,-6.6,16,Hero,0.6245173551142216,1.0
2749,4.9,-5.1,1,Hero,0.8475782871246338,1.0
2750,4.4,-5.6,6,Hero,0.6740705966949463,1.0
2751,3.8000000000000007,-6.199999999999999,12,Hero,0.706555018822352,1.0
2752,4.300000000000001,-5.699999999999999,7,Hero,0.5625522519860949,1.0
2753,4.0,-6.0,10,Hero,0.6664156898856163,1.0
2754,3.7,-6.3,13,Hero,0.6819759102968069,1.0
2755,3.8000000000000007,-6.199999999999999,12,Hero,0.6661729340751966,1.0
2756,4.1000000000000005,-5.8999999999999995,9,Hero,0.7522604175739818,1.0
2757,4.300000000000001,-5.699999999999999,7,Hero,0.9003457852772304,1.0
2758,4.0,-6.0,10,Hero,0.6356023326516151,1.0
2759,3.6000000000000005,-6.3999999999999995,14,Hero,0.5512483439275196,1.0
2760,4.300000000000001,-5.699999999999999,7,Hero,0.6656019128859043,1.0
2761,3.7,-6.3,13,Hero,0.6368762936729652,1.0
2762,4.300000000000001,-5.699999999999999,7,Hero,0.896694506917681,1.0
2763,3.5,-6.5,15,Hero,0.6135181864102681,1.0
2764,4.300000000000001,-5.699999999999999,7,Hero,0.5091464604650225,1.0
2765,3.9000000000000004,-6.1,11,Hero,0.5844545797868208,1.0
2766,3.9000000000000004,-6.1,11,Hero,0.6666808778589423,1.0
2767,3.6000000000000005,-6.3999999999999995,14,Hero,0.661837807723454,1.0
2768,3.5,-6.5,15,Hero,0.6508290022611618,1.0
2769,3.3,-6.7,17,Hero,0.595676418612985,1.0
2770,4.6000000000000005,-5.3999999999999995,4,Hero,0.6046905443072319,1.0
2771,3.7,-6.3,13,Hero,0.6509604018468124,1.0
2772,4.4,-5.6,6,Hero,0.7406727770964304,1.0
2773,4.300000000000001,-5.699999999999999,7,Hero,0.7078465691634587,1.0
2774,4.9,-5.1,1,Hero,0.7504273653030396,1.0
2775,4.7,-5.3,3,Hero,0.9082026282946268,1.0
2776,4.300000000000001,-5.699999999999999,7,Hero,0.666818671992847,1.0
2777,4.5,-5.5,5,Hero,0.6906047344207764,1.0
2778,-5.1,4.9,1,Villain,0.7689712047576904,1.0
2779,4.9,-5.1,1,Hero,0.5704987049102783,1.0
2780,3.6000000000000005,-6.3999999999999995,14,Hero,0.604034498333931,1.0
2781,3.6000000000000005,-6.3999999999999995,14,Hero,0.5862091886145728,1.0
2782,4.4,-5.6,6,Hero,0.6049593836069107,1.0
2783,4.9,-5.1,1,Hero,0.9567686915397644,1.0
2784,4.0,-6.0,10,Hero,0.5936796486377716,1.0
2785,4.6000000000000005,-5.3999999999999995,4,Hero,0.4487869143486023,1.0
2786,4.800000000000001,-5.199999999999999,2,Hero,0.7698800563812256,1.0
2787,4.2,-5.8,8,Hero,0.7127430215477943,1.0
2788,4.300000000000001,-5.699999999999999,7,Hero,0.5243445634841919,1.0
2789,3.9000000000000004,-6.1,11,Hero,0.5994985239072279,1.0
2790,4.7,-5.3,3,Hero,0.46976912021636963,1.0
2791,3.9000000000000004,-6.1,11,Hero,0.7611386152830991,1.0
2792,4.5,-5.5,5,Hero,0.6092802226543427,1.0
2793,4.300000000000001,-5.699999999999999,7,Hero,0.8400007638015917,1.0
2794,4.2,-5.8,8,Hero,0.5473825689405203,1.0
2795,4.2,-5.8,8,Hero,0.6264190897345543,1.0
2796,4.800000000000001,-5.199999999999999,2,Hero,0.8774336278438568,1.0
2797,2.3999999999999995,-7.6000000000000005,26,Hero,0.5912103223112913,1.0
2798,3.2,-6.8,18,Hero,0.6760707563824124,1.0
2799,3.4000000000000004,-6.6,16,Hero,0.5824902635067701,1.0
2800,-5.199999999999999,4.800000000000001,2,Villain,0.9565408229827881,1.0
2801,4.0,-6.0,10,Hero,0.6879320830106735,1.0
2802,4.4,-5.6,6,Hero,0.664643848935763,1.0
2803,3.6000000000000005,-6.3999999999999995,14,Hero,0.6135843140738351,1.0
2804,-5.199999999999999,4.800000000000001,2,Villain,0.42746904492378235,1.0
2805,4.0,-6.0,10,Hero,0.6630112320184708,1.0
2806,3.0,-7.0,20,Hero,0.5758275009691716,1.0
2807,3.8000000000000007,-6.199999999999999,12,Hero,0.7516514187057813,1.0
2808,3.3,-6.7,17,Hero,0.5798455798888907,1.0
2809,3.9000000000000004,-6.1,11,Hero,0.7713861004872755,1.0
2810,4.300000000000001,-5.699999999999999,7,Hero,0.7509312289101737,1.0
2811,4.1000000000000005,-5.8999999999999995,9,Hero,0.8206266992621951,1.0
2812,3.7,-6.3,13,Hero,0.5904644658932319,1.0
2813,4.9,-5.1,1,Hero,0.5624830722808838,1.0
2814,4.800000000000001,-5.199999999999999,2,Hero,0.8013565838336945,1.0
2815,3.3,-6.7,17,Hero,0.7444665116422317,1.0
2816,3.7,-6.3,13,Hero,0.6708855812366192,1.0
2817,3.8000000000000007,-6.199999999999999,12,Hero,0.594704290231069,1.0
2818,4.0,-6.0,10,Hero,0.6848028883337974,1.0
2819,4.0,-6.0,10,Hero,0.8749518521130085,1.0
2820,4.1000000000000005,-5.8999999999999995,9,Hero,0.6358239518271552,1.0
2821,4.7,-5.3,3,Hero,0.6382245322068533,1.0
2822,3.9000000000000004,-6.1,11,Hero,0.7306422333825718,1.0
2823,4.9,-5.1,1,Hero,0.7211258411407471,1.0
2824,4.800000000000001,-5.199999999999999,2,Hero,0.8360073566436768,1.0
2825,3.9000000000000004,-6.1,11,Hero,0.6182881512425162,1.0
2826,4.2,-5.8,8,Hero,0.8391418531537056,1.0
2827,4.1000000000000005,-5.8999999999999995,9,Hero,0.739200684759352,1.0
2828,4.4,-5.6,6,Hero,0.5220266878604889,1.0
2829,3.6000000000000005,-6.3999999999999995,14,Hero,0.6084956244698593,1.0
2830,3.2,-6.8,18,Hero,0.6017547729942534,1.0
2831,4.800000000000001,-5.199999999999999,2,Hero,0.5115352272987366,1.0
2832,4.1000000000000005,-5.8999999999999995,9,Hero,0.5636839916308721,1.0
2833,4.0,-6.0,10,Hero,0.8329010158777237,1.0
2834,4.6000000000000005,-5.3999999999999995,4,Hero,0.5261105075478554,1.0
2835,3.8000000000000007,-6.199999999999999,12,Hero,0.5879049325982729,1.0
2836,4.7,-5.3,3,Hero,0.4422040383021037,1.0
2837,4.6000000000000005,-5.3999999999999995,4,Hero,0.8916699439287186,1.0
2838,3.9000000000000004,-6.1,11,Hero,0.7053094397891652,1.0
2839,4.0,-6.0,10,Hero,0.8268726110458374,1.0
2840,4.4,-5.6,6,Hero,0.9489969511826833,1.0
2841,4.4,-5.6,6,Hero,0.9717624088128408,1.0
2842,3.7,-6.3,13,Hero,0.7367775807013879,1.0
2843,3.9000000000000004,-6.1,11,Hero,0.6451674049550836,1.0
2844,4.5,-5.5,5,Hero,0.5626455903053283,1.0
2845,-5.3,4.7,3,Villain,0.6885948131481806,1.0
2846,4.1000000000000005,-5.8999999999999995,9,Hero,0.5968844592571259,1.0
2847,4.1000000000000005,-5.8999999999999995,9,Hero,0.7386245516439279,1.0
2848,3.6000000000000005,-6.3999999999999995,14,Hero,0.7629434913396835,1.0
2849,3.6000000000000005,-6.3999999999999995,14,Hero,0.6892354360648564,1.0
2850,4.300000000000001,-5.699999999999999,7,Hero,0.6002026540892464,1.0
2851,3.3,-6.7,17,Hero,0.5561699876013924,1.0
2852,3.4000000000000004,-6.6,16,Hero,0.5637871064245701,1.0
2853,3.7,-6.3,13,Hero,0.6972193557482499,1.0
2854,4.300000000000001,-5.699999999999999,7,Hero,0.5559062084981373,1.0
2855,3.2,-6.8,18,Hero,0.5613349113199446,1.0
2856,4.9,-5.1,1,Hero,0.9090099334716797,1.0
2857,4.2,-5.8,8,Hero,0.562965139746666,1.0
2858,3.7,-6.3,13,Hero,0.6001650908818612,1.0
2859,4.300000000000001,-5.699999999999999,7,Hero,0.5374385629381452,1.0
2860,3.6000000000000005,-6.3999999999999995,14,Hero,0.6361778186900275,1.0
2861,4.9,-5.1,1,Hero,0.8538972735404968,1.0
2862,3.9000000000000004,-6.1,11,Hero,0.6509085893630981,1.0
2863,4.6000000000000005,-5.3999999999999995,4,Hero,0.6803891807794571,1.0
2864,4.6000000000000005,-5.3999999999999995,4,Hero,0.579616367816925,1.0
2865,4.0,-6.0,10,Hero,0.8230443835258484,1.0
2866,3.6000000000000005,-6.3999999999999995,14,Hero,0.5607778855732509,1.0
2867,4.300000000000001,-5.699999999999999,7,Hero,0.6303872508662087,1.0
2868,4.1000000000000005,-5.8999999999999995,9,Hero,0.812543210056093,1.0
2869,4.300000000000001,-5.699999999999999,7,Hero,0.6604142444474357,1.0
2870,4.300000000000001,-5.699999999999999,7,Hero,0.591060289314815,1.0
2871,4.4,-5.6,6,Hero,0.7982373231401046,1.0
2872,3.6000000000000005,-6.3999999999999995,14,Hero,0.6112797590238708,1.0
2873,3.9000000000000004,-6.1,11,Hero,0.8563710694963281,1.0
2874,3.5,-6.5,15,Hero,0.7103869199752808,1.0
2875,4.6000000000000005,-5.3999999999999995,4,Hero,0.7825702279806137,1.0
2876,3.5,-6.5,15,Hero,0.6574979146321615,1.0
2877,4.0,-6.0,10,Hero,0.8229538992047309,1.0
2878,3.8000000000000007,-6.199999999999999,12,Hero,0.5885460351904234,1.0
2879,4.1000000000000005,-5.8999999999999995,9,Hero,0.7488632293211089,1.0
2880,4.2,-5.8,8,Hero,0.6461798921227455,1.0
2881,4.1000000000000005,-5.8999999999999995,9,Hero,0.5831292006704543,1.0
2882,4.4,-5.6,6,Hero,0.8936383724212646,1.0
2883,4.2,-5.8,8,Hero,0.6977394744753838,1.0
2884,4.5,-5.5,5,Hero,0.9298214673995971,1.0
2885,3.9000000000000004,-6.1,11,Hero,0.6097611622376875,1.0
2886,4.300000000000001,-5.699999999999999,7,Hero,0.9502582124301365,1.0
2887,4.0,-6.0,10,Hero,0.6754958093166351,1.0
2888,4.7,-5.3,3,Hero,0.7726847132047018,1.0
2889,4.6000000000000005,-5.3999999999999995,4,Hero,0.5918072313070297,1.0
2890,4.0,-6.0,10,Hero,0.6720513254404068,1.0
2891,4.2,-5.8,8,Hero,0.6182505367323756,1.0
2892,4.6000000000000005,-5.3999999999999995,4,Hero,0.5293416902422905,1.0
2893,3.5,-6.5,15,Hero,0.5799221775494516,1.0
2894,3.6000000000000005,-6.3999999999999995,14,Hero,0.631516273532595,1.0
2895,3.5,-6.5,15,Hero,0.6004036282499631,1.0
2896,4.2,-5.8,8,Hero,0.8182405382394791,1.0
2897,4.5,-5.5,5,Hero,0.9093495368957519,1.0
2898,4.9,-5.1,1,Hero,0.7309141159057617,1.0
2899,4.300000000000001,-5.699999999999999,7,Hero,0.8164348900318146,1.0
2900,3.2,-6.8,18,Hero,0.6206381544470787,1.0
2901,3.8000000000000007,-6.199999999999999,12,Hero,0.669046089053154,1.0
2902,4.7,-5.3,3,Hero,0.8960768779118856,1.0
2903,4.7,-5.3,3,Hero,0.8507194717725118,1.0
2904,4.4,-5.6,6,Hero,0.9043107231458029,1.0
2905,3.6000000000000005,-6.3999999999999995,14,Hero,0.6234170879636493,1.0
2906,4.1000000000000005,-5.8999999999999995,9,Hero,0.616363525390625,1.0
2907,4.1000000000000005,-5.8999999999999995,9,Hero,0.6305187245210012,1.0
2908,4.2,-5.8,8,Hero,0.6090589296072721,1.0
2909,3.5,-6.5,15,Hero,0.75896315574646,1.0
2910,3.5,-6.5,15,Hero,0.6105515626259148,1.0
2911,4.5,-5.5,5,Hero,0.6281863808631897,1.0
2912,3.8000000000000007,-6.199999999999999,12,Hero,0.6114494459082683,1.0
2913,-5.3,4.7,3,Villain,0.39508383472760517,1.0
2914,4.800000000000001,-5.199999999999999,2,Hero,0.6924153566360474,1.0
2915,4.9,-5.1,1,Hero,0.672247588634491,1.0
2916,4.0,-6.0,10,Hero,0.6843488071113825,1.0
2917,3.3,-6.7,17,Hero,0.6799372627454645,1.0
2918,4.1000000000000005,-5.8999999999999995,9,Hero,0.7070071995258331,1.0
2919,4.9,-5.1,1,Hero,0.7708393335342407,1.0
2920,4.800000000000001,-5.199999999999999,2,Hero,0.5622640252113342,1.0
2921,3.8000000000000007,-6.199999999999999,12,Hero,0.6266365647315979,1.0
2922,4.2,-5.8,8,Hero,0.9659140557050705,1.0
2923,4.1000000000000005,-5.8999999999999995,9,Hero,0.6930984771913953,1.0
2924,3.5,-6.5,15,Hero,0.6620746950308481,1.0
2925,4.2,-5.8,8,Hero,0.8089146893471479,1.0
2926,4.2,-5.8,8,Hero,0.6521456353366375,1.0
2927,4.1000000000000005,-5.8999999999999995,9,Hero,0.6002049313651191,1.0
2928,4.1000000000000005,-5.8999999999999995,9,Hero,0.8864853812588586,1.0
2929,3.5,-6.5,15,Hero,0.5713901867469152,1.0
2930,4.300000000000001,-5.699999999999999,7,Hero,0.844267121383122,1.0
2931,3.8000000000000007,-6.199999999999999,12,Hero,0.767869275684158,1.0
2932,4.2,-5.8,8,Hero,0.6028326619416475,1.0
2933,4.4,-5.6,6,Hero,0.5093419353167216,1.0
2934,4.800000000000001,-5.199999999999999,2,Hero,0.616308405995369,1.0
2935,3.4000000000000004,-6.6,16,Hero,0.6092269774526358,1.0
2936,4.4,-5.6,6,Hero,0.8035418763756752,1.0
2937,3.9000000000000004,-6.1,11,Hero,0.6552001210776243,1.0
2938,4.4,-5.6,6,Hero,0.6302877813577652,1.0
2939,4.2,-5.8,8,Hero,0.5655386652797461,1.0
2940,3.2,-6.8,18,Hero,0.585917006764147,1.0
2941,4.300000000000001,-5.699999999999999,7,Hero,0.6803672398839679,1.0
2942,3.9000000000000004,-6.1,11,Hero,0.636891473423351,1.0
2943,3.7,-6.3,13,Hero,0.6244111955165863,1.0
2944,3.8000000000000007,-6.199999999999999,12,Hero,0.6227222991486391,1.0
2945,4.300000000000001,-5.699999999999999,7,Hero,0.6817528605461121,1.0
2946,4.300000000000001,-5.699999999999999,7,Hero,0.6879572783197675,1.0
2947,4.2,-5.8,8,Hero,0.7985158041119576,1.0
2948,4.1000000000000005,-5.8999999999999995,9,Hero,0.53640978038311,1.0
2949,3.7,-6.3,13,Hero,0.6696951114214383,1.0
2950,4.4,-5.6,6,Hero,0.813816636800766,1.0
2951,4.2,-5.8,8,Hero,0.8389997817575932,1.0
2952,3.7,-6.3,13,Hero,0.6931915180041239,1.0
2953,3.3,-6.7,17,Hero,0.6175741560976294,1.0
2954,3.8000000000000007,-6.199999999999999,12,Hero,0.6211085543036461,1.0
2955,4.4,-5.6,6,Hero,0.7969065060218176,1.0
2956,4.300000000000001,-5.699999999999999,7,Hero,0.6759994232228824,1.0
2957,4.0,-6.0,10,Hero,0.7842972576618195,1.0
2958,4.4,-5.6,6,Hero,0.6640537803371748,1.0
2959,4.6000000000000005,-5.3999999999999995,4,Hero,0.6891114711761475,1.0
2960,4.6000000000000005,-5.3999999999999995,4,Hero,0.5765823945403099,1.0
2961,4.2,-5.8,8,Hero,0.8381326958478894,1.0
2962,4.1000000000000005,-5.8999999999999995,9,Hero,0.7278103629748026,1.0
2963,4.9,-5.1,1,Hero,0.8178780674934387,1.0
2964,4.300000000000001,-5.699999999999999,7,Hero,0.8531921250479562,1.0
2965,3.8000000000000007,-6.199999999999999,12,Hero,0.7144352914474439,1.0
2966,3.9000000000000004,-6.1,11,Hero,0.6359545114365491,1.0
2967,3.6000000000000005,-6.3999999999999995,14,Hero,0.6815947102648872,1.0
2968,3.9000000000000004,-6.1,11,Hero,0.7025080025196075,1.0
2969,4.5,-5.5,5,Hero,0.9255289316177369,1.0
2970,4.0,-6.0,10,Hero,0.6701080873608589,1.0
2971,4.4,-5.6,6,Hero,0.6690635134776434,1.0
2972,-5.199999999999999,4.800000000000001,2,Villain,0.5829696655273438,1.0
2973,3.7,-6.3,13,Hero,0.5885768062793292,1.0
2974,4.0,-6.0,10,Hero,0.8524259060621262,1.0
2975,4.6000000000000005,-5.3999999999999995,4,Hero,0.45831646025180817,1.0
2976,3.6000000000000005,-6.3999999999999995,14,Hero,0.5939625001379422,1.0
2977,4.1000000000000005,-5.8999999999999995,9,Hero,0.7061540053950416,1.0
2978,4.0,-6.0,10,Hero,0.9007592082023621,1.0
2979,2.3999999999999995,-7.6000000000000005,26,Hero,0.5624861900623028,1.0
2980,3.9000000000000004,-6.1,11,Hero,0.7551658912138506,1.0
2981,4.6000000000000005,-5.3999999999999995,4,Hero,0.7273986414074898,1.0
2982,4.0,-6.0,10,Hero,0.6265791967511177,1.0
2983,4.0,-6.0,10,Hero,0.5457716375589371,1.0
2984,3.6000000000000005,-6.3999999999999995,14,Hero,0.6290128316198077,1.0
2985,4.0,-6.0,10,Hero,0.7266696244478226,1.0
2986,4.2,-5.8,8,Hero,0.7862617895007133,1.0
2987,3.5,-6.5,15,Hero,0.5722993913339451,1.0
2988,4.1000000000000005,-5.8999999999999995,9,Hero,0.9816187620162964,1.0
2989,3.7,-6.3,13,Hero,0.6167374287660305,1.0
2990,4.0,-6.0,10,Hero,0.5387618914246559,1.0
2991,3.2,-6.8,18,Hero,0.6485166841497024,1.0
2992,4.300000000000001,-5.699999999999999,7,Hero,0.751499354839325,1.0
2993,3.8000000000000007,-6.199999999999999,12,Hero,0.6866342139740785,1.0
2994,4.2,-5.8,8,Hero,0.7686151303350925,1.0
2995,3.8000000000000007,-6.199999999999999,12,Hero,0.6960033240417639,1.0
2996,4.5,-5.5,5,Hero,0.6580976247787476,1.0
2997,3.9000000000000004,-6.1,11,Hero,0.8347130444916812,1.0
2998,4.1000000000000005,-5.8999999999999995,9,Hero,0.6268939938810136,1.0
2999,-5.3999999999999995,4.6000000000000005,4,Villain,0.9701856076717377,1.0
3000,4.5,-5.5,5,Hero,0.9649901032447815,1.0
