episode,hero_reward,villain_reward,steps,winner,hero_avg_prob,villain_avg_prob
1,-4.999999999999998,-4.999999999999998,50,None,0.5322317175567151,0.3925865449011326
2,-4.999999999999998,-4.999999999999998,50,None,0.33230032458901404,0.33091398105025294
3,-4.999999999999998,-4.999999999999998,50,None,0.4262456323206425,0.3081164452433586
4,-4.999999999999998,-4.999999999999998,50,None,0.32060911290347577,0.34249528918415306
5,-4.999999999999998,-4.999999999999998,50,None,0.35751829251646994,0.31808741509914396
6,-4.999999999999998,-4.999999999999998,50,None,0.309172648191452,0.36350600289180873
7,-5.699999999999999,4.300000000000001,7,Villain,0.4874452884708132,0.40193833836487364
8,-4.999999999999998,-4.999999999999998,50,None,0.3351594150811434,0.4197689421474934
9,-4.999999999999998,-4.999999999999998,50,None,0.45923110015690327,0.3450297623127699
10,-4.999999999999998,-4.999999999999998,50,None,0.44622332223691047,0.39178838521242143
11,-8.500000000000002,1.4999999999999987,35,Villain,0.49111661251102173,0.46813922290291105
12,-4.999999999999998,-4.999999999999998,50,None,0.46984009727835657,0.3488728262297809
13,-5.1,4.9,1,Villain,0.40874049067497253,0.4822927713394165
14,-6.9,3.0999999999999996,19,Villain,0.37839114038567795,0.5703414709944474
15,-4.999999999999998,-4.999999999999998,50,None,0.44101533822715283,0.5803076405823231
16,-4.999999999999998,-4.999999999999998,50,None,0.45255177043378353,0.5415559021383524
17,-4.999999999999998,-4.999999999999998,50,None,0.4061655846890062,0.6284525763243437
18,-4.999999999999998,-4.999999999999998,50,None,0.3488407078757882,0.7715392122231424
19,-4.999999999999998,-4.999999999999998,50,None,0.4243175421655178,0.5943390912562608
20,-4.999999999999998,-4.999999999999998,50,None,0.35568387746810914,0.6468083201348782
21,-4.999999999999998,-4.999999999999998,50,None,0.3518455286324024,0.7495138233155012
22,-4.999999999999998,-4.999999999999998,50,None,0.4313517878949642,0.5459694002196193
23,-4.999999999999998,-4.999999999999998,50,None,0.39773059338331224,0.6083803382515908
24,-4.999999999999998,-4.999999999999998,50,None,0.3846130564063788,0.584681863039732
25,-4.999999999999998,-4.999999999999998,50,None,0.33306933999061583,0.5892760360985995
26,-4.999999999999998,-4.999999999999998,50,None,0.49427348617464306,0.5871965757012367
27,-4.999999999999998,-4.999999999999998,50,None,0.5967343219742179,0.5666967195272445
28,-4.999999999999998,-4.999999999999998,50,None,0.6557584885321558,0.5278182880952954
29,-4.999999999999998,-4.999999999999998,50,None,0.567889797333628,0.5486716565163806
30,-4.999999999999998,-4.999999999999998,50,None,0.8200946414470672,0.5917227321863174
31,-4.999999999999998,-4.999999999999998,50,None,0.7512126396596431,0.4645072769001126
32,-4.999999999999998,-4.999999999999998,50,None,0.7474976097792387,0.5303114288300276
33,-4.999999999999998,-4.999999999999998,50,None,0.8588361036032438,0.5201197350025177
34,-4.999999999999998,-4.999999999999998,50,None,0.8688266982138156,0.5085628162138164
35,-4.999999999999998,-4.999999999999998,50,None,0.7659793219715357,0.5591630208492279
36,-4.999999999999998,-4.999999999999998,50,None,0.8994411362521351,0.5013398462533951
37,-4.999999999999998,-4.999999999999998,50,None,0.8869682124722749,0.5258760243654251
38,-4.999999999999998,-4.999999999999998,50,None,0.7203569772467017,0.6120723210275173
39,-4.999999999999998,-4.999999999999998,50,None,0.7179237184301018,0.6068647087365389
40,-4.999999999999998,-4.999999999999998,50,None,0.8113801161013544,0.6218219321593642
41,-4.999999999999998,-4.999999999999998,50,None,0.7894737269729376,0.6675421190261841
42,-4.999999999999998,-4.999999999999998,50,None,0.7345613176189363,0.6135464492440224
43,-4.999999999999998,-4.999999999999998,50,None,0.8784495933353901,0.7310395980015164
44,-4.999999999999998,-4.999999999999998,50,None,0.9119581731408835,0.7985234144330025
45,-4.999999999999998,-4.999999999999998,50,None,0.8082228844240308,0.7730308025330305
46,-4.999999999999998,-4.999999999999998,50,None,0.7729926369339227,0.681296163648367
47,-4.999999999999998,-4.999999999999998,50,None,0.6124474749341607,0.7259852390550077
48,-4.999999999999998,-4.999999999999998,50,None,0.6475266827642918,0.6767990440130234
49,-4.999999999999998,-4.999999999999998,50,None,0.5771483904123307,0.6320061729662121
50,-4.999999999999998,-4.999999999999998,50,None,0.6135946962982416,0.7129132425785065
51,-5.1,4.9,1,Villain,0.6753422021865845,0.6888419389724731
52,-4.999999999999998,-4.999999999999998,50,None,0.6030298325419426,0.8275181457400322
53,-4.999999999999998,-4.999999999999998,50,None,0.36480982176959514,0.7226063091959805
54,-4.999999999999998,-4.999999999999998,50,None,0.4909348738193512,0.8741340245306491
55,-4.999999999999998,-4.999999999999998,50,None,0.4600279888510704,0.8793907018750906
56,-4.999999999999998,-4.999999999999998,50,None,0.5171216495335103,0.9115631052106619
57,-4.999999999999998,-4.999999999999998,50,None,0.54041210770607,0.8985371375828981
58,-4.999999999999998,-4.999999999999998,50,None,0.4586908185109496,0.8760790104046464
59,-4.999999999999998,-4.999999999999998,50,None,0.5763003266975284,0.9541341387038119
60,-4.999999999999998,-4.999999999999998,50,None,0.49948500003665686,0.9315707388520241
61,-4.999999999999998,-4.999999999999998,50,None,0.5258432605117559,0.7254176092147827
62,-4.999999999999998,-4.999999999999998,50,None,0.5669567975774408,0.7718057168275118
63,-4.999999999999998,-4.999999999999998,50,None,0.5442004232108593,0.9204070478677749
64,-4.999999999999998,-4.999999999999998,50,None,0.48092672411352394,0.920112543925643
65,-4.999999999999998,-4.999999999999998,50,None,0.6212991143763066,0.956489174105227
66,-4.999999999999998,-4.999999999999998,50,None,0.547283665407449,0.9673224437236786
67,-4.999999999999998,-4.999999999999998,50,None,0.6578907409310341,0.9340728161297739
68,-4.999999999999998,-4.999999999999998,50,None,0.4120763674378395,0.9230948433279991
69,-4.999999999999998,-4.999999999999998,50,None,0.3775534577667713,0.8195024264510721
70,-4.999999999999998,-4.999999999999998,50,None,0.5157965843752027,0.94735022559762
71,-4.999999999999998,-4.999999999999998,50,None,0.38909565899521115,0.7987499153986574
72,-4.999999999999998,-4.999999999999998,50,None,0.45015541844069956,0.8571587035991252
73,-4.999999999999998,-4.999999999999998,50,None,0.6467238808050751,0.963441932015121
74,-4.999999999999998,-4.999999999999998,50,None,0.5718353378772736,0.9280141213163734
75,-4.999999999999998,-4.999999999999998,50,None,0.5277566814422607,0.8228341198712588
76,-4.999999999999998,-4.999999999999998,50,None,0.49076279761269687,0.8727045358810573
77,-4.999999999999998,-4.999999999999998,50,None,0.5437396132946014,0.9200628606975079
78,-4.999999999999998,-4.999999999999998,50,None,0.6670543280988932,0.9233226722944528
79,-4.999999999999998,-4.999999999999998,50,None,0.6843232126533985,0.9590661819465458
80,-4.999999999999998,-4.999999999999998,50,None,0.6089728197455406,0.9599891185760498
81,-4.999999999999998,-4.999999999999998,50,None,0.6484164050593972,0.9531351645290852
82,-4.999999999999998,-4.999999999999998,50,None,0.6643811020627618,0.9629955181479454
83,-4.999999999999998,-4.999999999999998,50,None,0.6806404906511306,0.906412285156548
84,-4.999999999999998,-4.999999999999998,50,None,0.5014381388574839,0.8576638113521039
85,-4.999999999999998,-4.999999999999998,50,None,0.6078919380158186,0.9521088213846087
86,-4.999999999999998,-4.999999999999998,50,None,0.5040986137464643,0.8452508855983615
87,-4.999999999999998,-4.999999999999998,50,None,0.5608163234591484,0.9072126703709364
88,-4.999999999999998,-4.999999999999998,50,None,0.5171638167649507,0.8776336367055774
89,-4.999999999999998,-4.999999999999998,50,None,0.6522928746044636,0.8960391845088452
90,-4.999999999999998,-4.999999999999998,50,None,0.6870708211138844,0.9847993063926697
91,-5.3999999999999995,4.6000000000000005,4,Villain,0.3769309800118208,0.9444976300001144
92,-4.999999999999998,-4.999999999999998,50,None,0.518099556863308,0.8368362245708704
93,-5.3,4.7,3,Villain,0.7807608842849731,0.9970076282819113
94,-4.999999999999998,-4.999999999999998,50,None,0.47629794461652636,0.857786317691207
95,-5.1,4.9,1,Villain,0.9025342464447021,0.049121495336294174
96,-4.999999999999998,-4.999999999999998,50,None,0.5077553129196167,0.8912850984930992
97,-4.999999999999998,-4.999999999999998,50,None,0.5035686403699219,0.87422219671309
98,-4.999999999999998,-4.999999999999998,50,None,0.5360950738191604,0.911863579750061
99,-4.999999999999998,-4.999999999999998,50,None,0.5704483867809177,0.8505637527629734
100,-4.999999999999998,-4.999999999999998,50,None,0.41740462347865104,0.4681451538205147
101,-4.999999999999998,-4.999999999999998,50,None,0.544367136657238,0.7307084486819804
102,-4.999999999999998,-4.999999999999998,50,None,0.5417012552730739,0.6918945002183318
103,-4.999999999999998,-4.999999999999998,50,None,0.5911755036190152,0.9114212712645531
104,-4.999999999999998,-4.999999999999998,50,None,0.41764644645154475,0.4418314933031797
105,-4.999999999999998,-4.999999999999998,50,None,0.5885987867414951,0.7816666075587273
106,-4.999999999999998,-4.999999999999998,50,None,0.5109173994511366,0.5032954926043749
107,-8.8,1.1999999999999984,38,Villain,0.3459413851562299,0.3331784917727897
108,-4.999999999999998,-4.999999999999998,50,None,0.4674788732454181,0.6330717019736767
109,-4.999999999999998,-4.999999999999998,50,None,0.5938456520438194,0.543905186727643
110,-4.999999999999998,-4.999999999999998,50,None,0.4670781299471855,0.39147440165281294
111,-4.999999999999998,-4.999999999999998,50,None,0.5255977406539023,0.668221248537302
112,-4.999999999999998,-4.999999999999998,50,None,0.5808276461064815,0.4539373750984669
113,-4.999999999999998,-4.999999999999998,50,None,0.4263747603446245,0.4282620979845524
114,-4.999999999999998,-4.999999999999998,50,None,0.8096497850120068,0.5312188988924027
115,-4.999999999999998,-4.999999999999998,50,None,0.6055114877223968,0.5516392253711819
116,-4.999999999999998,-4.999999999999998,50,None,0.5756014199741185,0.40878417432308195
117,-4.999999999999998,-4.999999999999998,50,None,0.4931814175471663,0.30638367649167775
118,-4.999999999999998,-4.999999999999998,50,None,0.598424654006958,0.4825531616806984
119,-8.3,1.6999999999999988,33,Villain,0.5879597939325102,0.5195806049036257
120,-4.999999999999998,-4.999999999999998,50,None,0.4452962162345648,0.39911845862865447
121,-7.5,2.4999999999999996,25,Villain,0.41684034377336504,0.4308192226290703
122,-9.000000000000002,0.9999999999999982,40,Villain,0.4864813815802336,0.4670816079713404
123,-7.9,2.099999999999999,29,Villain,0.43161978521223726,0.43157690063375853
124,-5.699999999999999,4.300000000000001,7,Villain,0.4072097497326987,0.30653651697295053
125,-5.3999999999999995,4.6000000000000005,4,Villain,0.6208237409591675,0.38384373113512993
126,-9.7,0.3000000000000007,47,Villain,0.43077215213487124,0.39084478792675
127,-8.100000000000001,1.899999999999999,31,Villain,0.542731650894688,0.4759280705644238
128,-4.999999999999998,-4.999999999999998,50,None,0.5437351834215224,0.4494408816471696
129,-8.0,1.9999999999999991,30,Villain,0.3961014270782471,0.42611514022573826
130,-6.6,3.4000000000000004,16,Villain,0.32095887139439583,0.3393606562167406
131,-9.6,0.40000000000000036,46,Villain,0.5378729886496845,0.4605723266368327
132,-7.0,3.0,20,Villain,0.33196462579071523,0.3837064776569605
133,-7.5,2.4999999999999996,25,Villain,0.3148291312158108,0.3514680168032646
134,-5.1,4.9,1,Villain,0.9076336622238159,0.8822866678237915
135,-4.999999999999998,-4.999999999999998,50,None,0.5831267809867859,0.5225253495853395
136,-4.999999999999998,-4.999999999999998,50,None,0.6188883651047945,0.6561238119006156
137,-5.5,4.5,5,Villain,0.2611436486244202,0.29328222274780275
138,-4.999999999999998,-4.999999999999998,50,None,0.40153084143996237,0.68252839371562
139,-4.999999999999998,-4.999999999999998,50,None,0.3974140724167228,0.6887345770001412
140,-4.999999999999998,-4.999999999999998,50,None,0.2914140559732914,0.42502153649926183
141,-4.999999999999998,-4.999999999999998,50,None,0.4227772891521454,0.5754775941371918
142,-4.999999999999998,-4.999999999999998,50,None,0.5412648618593812,0.6607729434967041
143,-4.999999999999998,-4.999999999999998,50,None,0.47944569297134876,0.7144463801383972
144,-4.999999999999998,-4.999999999999998,50,None,0.6002422046661376,0.517444857954979
145,-4.999999999999998,-4.999999999999998,50,None,0.4855958604440093,0.5440118652582169
146,-4.999999999999998,-4.999999999999998,50,None,0.2894101642817259,0.3558618447184563
147,-5.8999999999999995,4.1000000000000005,9,Villain,0.27430037822988296,0.34384411573410034
148,-7.700000000000001,2.2999999999999994,27,Villain,0.2665914691708706,0.3822644715093904
149,-4.999999999999998,-4.999999999999998,50,None,0.30235623493790625,0.4314700051397085
150,-4.999999999999998,-4.999999999999998,50,None,0.44520801920443775,0.48659162744879725
151,-4.999999999999998,-4.999999999999998,50,None,0.4500051767379045,0.5259492693841458
152,-4.999999999999998,-4.999999999999998,50,None,0.43459299676120283,0.49867879524827
153,-4.999999999999998,-4.999999999999998,50,None,0.44499446973204615,0.45324851549696177
154,-8.500000000000002,1.4999999999999987,35,Villain,0.2980047217437199,0.3472447867904391
155,-9.3,0.6999999999999993,43,Villain,0.3106580343703891,0.3849853668795076
156,-4.999999999999998,-4.999999999999998,50,None,0.3682925083488226,0.508202129304409
157,-8.8,1.1999999999999984,38,Villain,0.35889384581854467,0.5047090077086499
158,-9.3,0.6999999999999993,43,Villain,0.31026217098845993,0.39137200976527015
159,-4.999999999999998,-4.999999999999998,50,None,0.3482426834106445,0.3968706473708153
160,-4.999999999999998,-4.999999999999998,50,None,0.3564541268348694,0.3675379620492458
161,-4.999999999999998,-4.999999999999998,50,None,0.4237191943824291,0.5555599720403552
162,-6.6,3.4000000000000004,16,Villain,0.30532688461244106,0.48974382039159536
163,-4.999999999999998,-4.999999999999998,50,None,0.3750069971382618,0.5316559848934412
164,-4.999999999999998,-4.999999999999998,50,None,0.3465075877308845,0.34870466232299807
165,4.9,-5.1,1,Hero,0.02529595047235489,0.7595236897468567
166,-4.999999999999998,-4.999999999999998,50,None,0.3400219203531742,0.5371248798072338
167,-4.999999999999998,-4.999999999999998,50,None,0.6296009002625942,0.5007233446463942
168,-4.999999999999998,-4.999999999999998,50,None,0.826743872500956,0.5544343761727214
169,-4.999999999999998,-4.999999999999998,50,None,0.941004941817373,0.5264022821187972
170,-4.999999999999998,-4.999999999999998,50,None,0.9886505365371704,0.5433441752195358
171,-4.999999999999998,-4.999999999999998,50,None,0.9013391809724272,0.5046742927283049
172,-4.999999999999998,-4.999999999999998,50,None,0.9370598059892654,0.48607801787555216
173,-4.999999999999998,-4.999999999999998,50,None,0.9977515649795532,0.5528592085838318
174,-4.999999999999998,-4.999999999999998,50,None,0.9269907996058464,0.525106839723885
175,-4.999999999999998,-4.999999999999998,50,None,0.9859684872627258,0.5281286861002445
176,-5.199999999999999,4.800000000000001,2,Villain,0.9927487969398499,0.665659487247467
177,-4.999999999999998,-4.999999999999998,50,None,0.9849772906303406,0.6103847177326679
178,-4.999999999999998,-4.999999999999998,50,None,0.9595933495461941,0.735234460607171
179,-4.999999999999998,-4.999999999999998,50,None,0.9450964272022248,0.844826807193458
180,4.6000000000000005,-5.3999999999999995,4,Hero,0.9912080317735672,0.9711768329143524
181,-4.999999999999998,-4.999999999999998,50,None,0.9692152786254883,0.8521667814254761
182,-4.999999999999998,-4.999999999999998,50,None,0.8216951449215412,0.8055671981722117
183,-4.999999999999998,-4.999999999999998,50,None,0.9576744863390922,0.8714010588824749
184,-6.199999999999999,3.8000000000000007,12,Villain,0.3267390138159196,0.40416571218520403
185,-4.999999999999998,-4.999999999999998,50,None,0.9647539237141609,0.9787894940376282
186,-5.199999999999999,4.800000000000001,2,Villain,0.8682370185852051,0.5001518474891782
187,-4.999999999999998,-4.999999999999998,50,None,0.992802015542984,0.992900333404541
188,-4.999999999999998,-4.999999999999998,50,None,0.9861304104328156,0.9702009284496307
189,-4.999999999999998,-4.999999999999998,50,None,0.9580523547809571,0.9268157897144556
190,-4.999999999999998,-4.999999999999998,50,None,0.9745403621811419,0.9352133246697485
191,-4.999999999999998,-4.999999999999998,50,None,0.9833865618705749,0.8891687154769897
192,-4.999999999999998,-4.999999999999998,50,None,0.7767135477066041,0.8285274642892182
193,4.9,-5.1,1,Hero,0.9971230626106262,0.999057948589325
194,-4.999999999999998,-4.999999999999998,50,None,0.9835119712352752,0.9413205875828862
195,-4.999999999999998,-4.999999999999998,50,None,0.9349482783675194,0.8430819061398506
196,4.6000000000000005,-5.3999999999999995,4,Hero,0.9878552556037903,0.6923431400209665
197,-4.999999999999998,-4.999999999999998,50,None,0.9981581473350525,0.9218587018549442
198,-4.999999999999998,-4.999999999999998,50,None,0.935173913249746,0.8922815144062042
199,-4.999999999999998,-4.999999999999998,50,None,0.9935333919525147,0.889778057821095
200,-5.8,4.2,8,Villain,0.9441415295004845,0.9969736114144325
201,-4.999999999999998,-4.999999999999998,50,None,0.9985845768451691,0.9069380241073668
202,-4.999999999999998,-4.999999999999998,50,None,0.9353737106919289,0.9051862168312073
203,-4.999999999999998,-4.999999999999998,50,None,0.977017171382904,0.9281404528394341
204,-4.999999999999998,-4.999999999999998,50,None,0.9871379113197327,0.8615134306997061
205,-4.999999999999998,-4.999999999999998,50,None,0.9979841804504395,0.9103900485113263
206,4.5,-5.5,5,Hero,0.9886564135551452,0.7430097848176956
207,-4.999999999999998,-4.999999999999998,50,None,0.9421501762792468,0.8689883082732558
208,-4.999999999999998,-4.999999999999998,50,None,0.9618976104259491,0.7947555546835064
209,-4.999999999999998,-4.999999999999998,50,None,0.9912682926654816,0.7800289300829172
210,-4.999999999999998,-4.999999999999998,50,None,0.9810016942024231,0.8088192186132074
211,4.6000000000000005,-5.3999999999999995,4,Hero,0.9885282069444656,0.6927807852625847
212,-4.999999999999998,-4.999999999999998,50,None,0.9991051268577575,0.8688305936194957
213,-4.999999999999998,-4.999999999999998,50,None,0.9992640841007233,0.906455533504486
214,4.0,-6.0,10,Hero,0.8497554246336222,0.8153219878673553
215,-4.999999999999998,-4.999999999999998,50,None,0.9991052448749542,0.9475087321549654
216,-4.999999999999998,-4.999999999999998,50,None,0.9988637232780456,0.9387211291491986
217,-4.999999999999998,-4.999999999999998,50,None,0.8379210717976093,0.7761764499545097
218,-4.999999999999998,-4.999999999999998,50,None,0.9932252442836762,0.916092119589448
219,4.9,-5.1,1,Hero,0.9974977374076843,0.9984027743339539
220,-4.999999999999998,-4.999999999999998,50,None,0.9930331885814667,0.9675138711929321
221,-4.999999999999998,-4.999999999999998,50,None,0.9895343708992005,0.9425255216471851
222,-5.1,4.9,1,Villain,0.2153627872467041,0.1317935585975647
223,4.7,-5.3,3,Hero,0.9962719281514486,0.998259981473287
224,-4.999999999999998,-4.999999999999998,50,None,0.9966614520549775,0.8666690769419074
225,-4.999999999999998,-4.999999999999998,50,None,0.9948774337768554,0.8500671448558569
226,-5.5,4.5,5,Villain,0.983367645740509,0.9238267660140991
227,-4.999999999999998,-4.999999999999998,50,None,0.9989246869087219,0.815304793715477
228,-4.999999999999998,-4.999999999999998,50,None,0.9994131970405579,0.7584709464013577
229,-4.999999999999998,-4.999999999999998,50,None,0.9652535939216613,0.7762279352545738
230,-6.7,3.3,17,Villain,0.9842178856625277,0.9043263251454953
231,-4.999999999999998,-4.999999999999998,50,None,0.976059541904251,0.7921117420494557
232,-4.999999999999998,-4.999999999999998,50,None,0.9952714490890503,0.797405149936676
233,-4.999999999999998,-4.999999999999998,50,None,0.9960056674480439,0.8020250798761844
234,-4.999999999999998,-4.999999999999998,50,None,0.9993419802188873,0.8742724402993918
235,-4.999999999999998,-4.999999999999998,50,None,0.9926019847393036,0.689443096369505
236,-7.1,2.9,21,Villain,0.967098593711853,0.8291810281752121
237,-4.999999999999998,-4.999999999999998,50,None,0.9979857468605041,0.7705562559887766
238,4.4,-5.6,6,Hero,0.9987583160400391,0.9749560455481211
239,-4.999999999999998,-4.999999999999998,50,None,0.9973262405395508,0.9161857009585946
240,4.300000000000001,-5.699999999999999,7,Hero,0.9968600102833339,0.9788204431533813
241,-4.999999999999998,-4.999999999999998,50,None,0.9962494587898254,0.7387594041228295
242,-4.999999999999998,-4.999999999999998,50,None,0.9991202664375305,0.7622056438401341
243,-4.999999999999998,-4.999999999999998,50,None,0.9977533674240112,0.727400041371584
244,-4.999999999999998,-4.999999999999998,50,None,0.9405841146409512,0.6865465652942657
245,-4.999999999999998,-4.999999999999998,50,None,0.9967315065860748,0.7179635435715318
246,-8.400000000000002,1.5999999999999988,34,Villain,0.9642753558856545,0.6703084209824309
247,-4.999999999999998,-4.999999999999998,50,None,0.998712363243103,0.64857410736382
248,-4.999999999999998,-4.999999999999998,50,None,0.9994727110862732,0.7807776947319508
249,-4.999999999999998,-4.999999999999998,50,None,0.9990333449840546,0.6239508127421141
250,-4.999999999999998,-4.999999999999998,50,None,0.9984258604049683,0.7537656413018703
251,-4.999999999999998,-4.999999999999998,50,None,0.9984260201454163,0.651755853369832
252,-4.999999999999998,-4.999999999999998,50,None,0.9936911523342132,0.7060586087405681
253,-4.999999999999998,-4.999999999999998,50,None,0.9931194949150085,0.6529113101959229
254,-4.999999999999998,-4.999999999999998,50,None,0.9996962130069733,0.8765969372168183
255,-4.999999999999998,-4.999999999999998,50,None,0.9989450061321259,0.7038815821707248
256,-4.999999999999998,-4.999999999999998,50,None,0.9590110034495593,0.6288715568184853
257,-4.999999999999998,-4.999999999999998,50,None,0.9996548652648926,0.8229415968060494
258,-4.999999999999998,-4.999999999999998,50,None,0.9994104206562042,0.8344206873327493
259,4.9,-5.1,1,Hero,0.9996932744979858,0.9551010727882385
260,-5.6,4.4,6,Villain,0.9875550667444865,0.4708643557193379
261,-4.999999999999998,-4.999999999999998,50,None,0.9997375786304474,0.8306388705223798
262,-4.999999999999998,-4.999999999999998,50,None,0.9984223198890686,0.6465054174605757
263,-4.999999999999998,-4.999999999999998,50,None,0.951870384067297,0.6432272598147393
264,-4.999999999999998,-4.999999999999998,50,None,0.9996034598350525,0.6558868752419948
265,-4.999999999999998,-4.999999999999998,50,None,0.9607843878120184,0.5528765949606895
266,-4.999999999999998,-4.999999999999998,50,None,0.999815319776535,0.5575703036785126
267,-4.999999999999998,-4.999999999999998,50,None,0.97745037317276,0.487989394813776
268,-4.999999999999998,-4.999999999999998,50,None,0.9870081865787506,0.5147107775509357
269,-4.999999999999998,-4.999999999999998,50,None,0.9743507855385541,0.5236609551310539
270,-5.199999999999999,4.800000000000001,2,Villain,0.9992182552814484,0.4760427176952362
271,-4.999999999999998,-4.999999999999998,50,None,0.9990591645240784,0.4454143001884222
272,-4.999999999999998,-4.999999999999998,50,None,0.9988927483558655,0.574367170035839
273,4.5,-5.5,5,Hero,0.9834135890007019,0.9851398944854737
274,4.4,-5.6,6,Hero,0.9989623725414276,0.8410280843575796
275,-4.999999999999998,-4.999999999999998,50,None,0.9958261525630951,0.5699281933903694
276,-4.999999999999998,-4.999999999999998,50,None,0.9996164476871491,0.5396906864643097
277,4.800000000000001,-5.199999999999999,2,Hero,0.9964841902256012,0.9831030368804932
278,-4.999999999999998,-4.999999999999998,50,None,0.9960644602775574,0.5597025008499622
279,-4.999999999999998,-4.999999999999998,50,None,0.9951111018657685,0.5182583543844521
280,-4.999999999999998,-4.999999999999998,50,None,0.99837686419487,0.5567189964652062
281,-4.999999999999998,-4.999999999999998,50,None,0.9997087132930755,0.5831171083450317
282,-4.999999999999998,-4.999999999999998,50,None,0.9993832039833069,0.6189241087436677
283,-4.999999999999998,-4.999999999999998,50,None,0.9985982811450959,0.5513777543976903
284,-4.999999999999998,-4.999999999999998,50,None,0.9990613687038422,0.5576303967833519
285,-4.999999999999998,-4.999999999999998,50,None,0.9987835752964019,0.569962243437767
286,-4.999999999999998,-4.999999999999998,50,None,0.9945534539222717,0.5337442043423652
287,-4.999999999999998,-4.999999999999998,50,None,0.9922762000560761,0.5451618786901236
288,4.4,-5.6,6,Hero,0.9911523262659708,0.7520521531502405
289,-4.999999999999998,-4.999999999999998,50,None,0.9988237392902374,0.5641968694329261
290,4.9,-5.1,1,Hero,0.9996196031570435,0.13342270255088806
291,-5.199999999999999,4.800000000000001,2,Villain,0.9996894299983978,0.5335246697068214
292,-4.999999999999998,-4.999999999999998,50,None,0.9455650895088911,0.5365958398208022
293,4.800000000000001,-5.199999999999999,2,Hero,0.9980219900608063,0.9185129702091217
294,-4.999999999999998,-4.999999999999998,50,None,0.9715851340442896,0.5103948278725148
295,-6.0,4.0,10,Villain,0.9942594826221466,0.5544791066087782
296,4.9,-5.1,1,Hero,0.9997089505195618,0.8650699257850647
297,-4.999999999999998,-4.999999999999998,50,None,0.9994342398643493,0.5614201664924622
298,-5.8,4.2,8,Villain,0.7100033797323704,0.6888393983244896
299,-4.999999999999998,-4.999999999999998,50,None,0.9961768555641174,0.5126688231527805
300,-4.999999999999998,-4.999999999999998,50,None,0.9890941429138184,0.4841156128421426
301,-4.999999999999998,-4.999999999999998,50,None,0.9997684800624848,0.5127184613049031
302,-4.999999999999998,-4.999999999999998,50,None,0.995568823814392,0.49490867167711255
303,-4.999999999999998,-4.999999999999998,50,None,0.9989768731594085,0.5176408039405942
304,-4.999999999999998,-4.999999999999998,50,None,0.9989879536628723,0.5620911931246519
305,4.800000000000001,-5.199999999999999,2,Hero,0.9995213449001312,0.4970950782299042
306,-4.999999999999998,-4.999999999999998,50,None,0.9786854402424069,0.5191587597131729
307,-4.999999999999998,-4.999999999999998,50,None,0.9989671158790588,0.5287547221872956
308,-5.8,4.2,8,Villain,0.99411591142416,0.5715570729225874
309,-4.999999999999998,-4.999999999999998,50,None,0.9795998050793423,0.4844193384051323
310,-4.999999999999998,-4.999999999999998,50,None,0.9651376756560057,0.5033196161687374
311,-4.999999999999998,-4.999999999999998,50,None,0.9855490899085999,0.5620797680318356
312,-4.999999999999998,-4.999999999999998,50,None,0.9787181006371974,0.545266013070941
313,-4.999999999999998,-4.999999999999998,50,None,0.9994673776626587,0.5482315626367926
314,-4.999999999999998,-4.999999999999998,50,None,0.998745596408844,0.5518744330108166
315,-4.999999999999998,-4.999999999999998,50,None,0.9930406880378723,0.49018845804035666
316,-4.999999999999998,-4.999999999999998,50,None,0.9964119350910187,0.5706916911154986
317,-4.999999999999998,-4.999999999999998,50,None,0.9975446832180023,0.5146226590871811
318,-4.999999999999998,-4.999999999999998,50,None,0.9990402841567994,0.5141919134557247
319,-4.999999999999998,-4.999999999999998,50,None,0.9976205122470856,0.5875508354604244
320,4.1000000000000005,-5.8999999999999995,9,Hero,0.9860109620624118,0.6950563722186618
321,-4.999999999999998,-4.999999999999998,50,None,0.9559455735981465,0.54125792901963
322,-4.999999999999998,-4.999999999999998,50,None,0.9904460990428925,0.485266340970993
323,-4.999999999999998,-4.999999999999998,50,None,0.9995995903015137,0.5308160531520844
324,-4.999999999999998,-4.999999999999998,50,None,0.9994599664211273,0.5455545178055763
325,-4.999999999999998,-4.999999999999998,50,None,0.998663626909256,0.5235136563330889
326,-4.999999999999998,-4.999999999999998,50,None,0.9993710827827453,0.5342240849137306
327,-4.999999999999998,-4.999999999999998,50,None,0.9984206283092498,0.5411581529676914
328,-5.3,4.7,3,Villain,0.9432258605957031,0.5677808523178101
329,-4.999999999999998,-4.999999999999998,50,None,0.9996396958827972,0.529226056933403
330,-4.999999999999998,-4.999999999999998,50,None,0.999663724899292,0.5349410466942937
331,4.5,-5.5,5,Hero,0.9931859731674194,0.9298575639724731
332,-4.999999999999998,-4.999999999999998,50,None,0.9973580574989319,0.5550742761790752
333,4.0,-6.0,10,Hero,0.892739690747112,0.6116554539650678
334,-4.999999999999998,-4.999999999999998,50,None,0.9992865216732025,0.5031144743412733
335,-4.999999999999998,-4.999999999999998,50,None,0.9994583034515381,0.5519287805259228
336,-4.999999999999998,-4.999999999999998,50,None,0.9951273262500763,0.5468885970115661
337,4.300000000000001,-5.699999999999999,7,Hero,0.9792546204158238,0.8263220999922071
338,-4.999999999999998,-4.999999999999998,50,None,0.9986076617240905,0.5392213205248118
339,-4.999999999999998,-4.999999999999998,50,None,0.9981821537017822,0.5834633380174636
340,-8.3,1.6999999999999988,33,Villain,0.9946432330391624,0.6150545949737231
341,-4.999999999999998,-4.999999999999998,50,None,0.9738322814647108,0.5168677225522696
342,-4.999999999999998,-4.999999999999998,50,None,0.9632298535108567,0.5219103042036295
343,-4.999999999999998,-4.999999999999998,50,None,0.9989532053470611,0.5743926653265953
344,-4.999999999999998,-4.999999999999998,50,None,0.9706656061857939,0.5223372205346822
345,-9.7,0.3000000000000007,47,Villain,0.9979948857997326,0.5886399116604886
346,-4.999999999999998,-4.999999999999998,50,None,0.9992202043533325,0.4939425203204155
347,-4.999999999999998,-4.999999999999998,50,None,0.9966740643978119,0.5242111332714557
348,-4.999999999999998,-4.999999999999998,50,None,0.9646039915084839,0.5692430859431624
349,-9.100000000000001,0.8999999999999986,41,Villain,0.8861852530844327,0.4601452016248936
350,-4.999999999999998,-4.999999999999998,50,None,0.9934818303585052,0.5042275595664978
351,-4.999999999999998,-4.999999999999998,50,None,0.9897357094287872,0.49931674510240553
352,4.300000000000001,-5.699999999999999,7,Hero,0.9833291513579232,0.67805315554142
353,-8.900000000000002,1.0999999999999983,39,Villain,0.998187916401105,0.507335580049608
354,-9.6,0.40000000000000036,46,Villain,0.9914438245089158,0.4874059433400955
355,-4.999999999999998,-4.999999999999998,50,None,0.9998408150672913,0.505192878358066
356,-4.999999999999998,-4.999999999999998,50,None,0.9996613192558289,0.5130866523832083
357,-4.999999999999998,-4.999999999999998,50,None,0.9994482123851776,0.47858181565999985
358,-4.999999999999998,-4.999999999999998,50,None,0.9994775152206421,0.4891849511861801
359,-4.999999999999998,-4.999999999999998,50,None,0.9996697449684143,0.4854573127627373
360,-4.999999999999998,-4.999999999999998,50,None,0.9997626876831055,0.5183323203027248
361,-7.5,2.4999999999999996,25,Villain,0.9976444888114929,0.4282249769568443
362,-4.999999999999998,-4.999999999999998,50,None,0.9959890985488892,0.4722963924333453
363,4.5,-5.5,5,Hero,0.9986189365386963,0.3436995565891266
364,-4.999999999999998,-4.999999999999998,50,None,0.9997697710990906,0.4707337126135826
365,-4.999999999999998,-4.999999999999998,50,None,0.9994927227497101,0.4430407747626305
366,-4.999999999999998,-4.999999999999998,50,None,0.9945116806030273,0.5136505709588528
367,-4.999999999999998,-4.999999999999998,50,None,0.9997025072574616,0.5146046367287636
368,-4.999999999999998,-4.999999999999998,50,None,0.9991856622695923,0.4639321595430374
369,-6.8,3.2,18,Villain,0.9760121438238356,0.515271765490373
370,-4.999999999999998,-4.999999999999998,50,None,0.9988055384159088,0.4639962024986744
371,-4.999999999999998,-4.999999999999998,50,None,0.9381446686759591,0.5296131424605847
372,-6.9,3.0999999999999996,19,Villain,0.989566003021441,0.5246978747217279
373,-4.999999999999998,-4.999999999999998,50,None,0.9764594177156687,0.43591204822063445
374,-4.999999999999998,-4.999999999999998,50,None,0.9994261693954468,0.4311165368556976
375,-4.999999999999998,-4.999999999999998,50,None,0.9360800197720528,0.47676195710897445
376,-4.999999999999998,-4.999999999999998,50,None,0.9988708937168121,0.4494888281077147
377,-8.0,1.9999999999999991,30,Villain,0.99775510430336,0.515959250430266
378,-4.999999999999998,-4.999999999999998,50,None,0.9988457393646241,0.47275634318590165
379,4.9,-5.1,1,Hero,0.9995130300521851,0.9454225897789001
380,-4.999999999999998,-4.999999999999998,50,None,0.9997750210762024,0.47084374010562896
381,-4.999999999999998,-4.999999999999998,50,None,0.999897255897522,0.4793216808885336
382,-4.999999999999998,-4.999999999999998,50,None,0.999231083393097,0.5110298684239387
383,-7.300000000000001,2.6999999999999997,23,Villain,0.988696453363999,0.6487279275189275
384,-5.3,4.7,3,Villain,0.9995959997177124,0.9940000971158346
385,-7.4,2.5999999999999996,24,Villain,0.9807428469260534,0.6084010428749025
386,-5.3999999999999995,4.6000000000000005,4,Villain,0.8390608727931976,0.7489588353782892
387,-4.999999999999998,-4.999999999999998,50,None,0.9976201772689819,0.5284279806911946
388,-8.600000000000001,1.3999999999999986,36,Villain,0.9941904892524084,0.48656418609122437
389,-4.999999999999998,-4.999999999999998,50,None,0.9995858371257782,0.4638527972996235
390,-4.999999999999998,-4.999999999999998,50,None,0.985561056137085,0.5531564520299435
391,-4.999999999999998,-4.999999999999998,50,None,0.9921600902080536,0.6226600986719132
392,-4.999999999999998,-4.999999999999998,50,None,0.9997021663188934,0.4850563694536686
393,-4.999999999999998,-4.999999999999998,50,None,0.9957657146453858,0.4825802686065435
394,-4.999999999999998,-4.999999999999998,50,None,0.9970147430896759,0.4462850877642632
395,-4.999999999999998,-4.999999999999998,50,None,0.985937443971634,0.5366150150448084
396,-5.5,4.5,5,Villain,0.7577867388725281,0.796771228313446
397,-4.999999999999998,-4.999999999999998,50,None,0.9982330310344696,0.42630422592163086
398,-9.899999999999999,0.10000000000000142,49,Villain,0.9570964690373869,0.4913631043567949
399,-5.5,4.5,5,Villain,0.5094687453936786,0.9398985505104065
400,-9.3,0.6999999999999993,43,Villain,0.9906844635342442,0.48356910855617635
401,-9.7,0.3000000000000007,47,Villain,0.9643251692995112,0.5106860640993778
402,-8.3,1.6999999999999988,33,Villain,0.9812718864643213,0.512351309711283
403,-8.3,1.6999999999999988,33,Villain,0.939579983552297,0.43317887226514745
404,-8.8,1.1999999999999984,38,Villain,0.9956647440006858,0.5178076798880571
405,-4.999999999999998,-4.999999999999998,50,None,0.9729655439779162,0.5110826086997986
406,-6.9,3.0999999999999996,19,Villain,0.9347613438179618,0.46212213819748477
407,-8.3,1.6999999999999988,33,Villain,0.9602840795661464,0.49854796436248405
408,-5.699999999999999,4.300000000000001,7,Villain,0.9767720784459796,0.5763993007796151
409,-9.899999999999999,0.10000000000000142,49,Villain,0.9556566294358702,0.49884725316446654
410,-8.0,1.9999999999999991,30,Villain,0.9698923110961915,0.4905700509746869
411,-6.3999999999999995,3.6000000000000005,14,Villain,0.9866206007344382,0.4680595759834562
412,3.4000000000000004,-6.6,16,Hero,0.7003249954432249,0.48461645748466253
413,-4.999999999999998,-4.999999999999998,50,None,0.9937645292282105,0.5157650031149388
414,-8.600000000000001,1.3999999999999986,36,Villain,0.9958450578980975,0.511902188985712
415,-4.999999999999998,-4.999999999999998,50,None,0.9698210048675537,0.5498223479092121
416,-6.1,3.9000000000000004,11,Villain,0.9062849638814275,0.4076634076508609
417,-5.8,4.2,8,Villain,0.8135586306452751,0.6265755482017994
418,4.2,-5.8,8,Hero,0.7386899925768375,0.4629570543766022
419,-6.3,3.7,13,Villain,0.9317169877199026,0.38852768448682934
420,-5.6,4.4,6,Villain,0.7024046232302984,0.5780918101469675
421,-4.999999999999998,-4.999999999999998,50,None,0.9898051166534424,0.5473042720556259
422,-4.999999999999998,-4.999999999999998,50,None,0.9086575655639172,0.612633915245533
423,-4.999999999999998,-4.999999999999998,50,None,0.9925991547107696,0.5802649748325348
424,-4.999999999999998,-4.999999999999998,50,None,0.9796101915836334,0.5757825940847396
425,-4.999999999999998,-4.999999999999998,50,None,0.9579762368090451,0.5507484872639179
426,4.9,-5.1,1,Hero,0.9864371418952942,0.8101711869239807
427,4.6000000000000005,-5.3999999999999995,4,Hero,0.9924910664558411,0.9391495287418365
428,3.2,-6.8,18,Hero,0.6913971777798401,0.6239115306072764
429,-4.999999999999998,-4.999999999999998,50,None,0.8749895946308971,0.5811490297317505
430,-4.999999999999998,-4.999999999999998,50,None,0.9734376835823059,0.5788320189714432
431,-9.899999999999999,0.10000000000000142,49,Villain,0.9973330923489162,0.5409173938084622
432,4.7,-5.3,3,Hero,0.9967127044995626,0.8749843637148539
433,3.9000000000000004,-6.1,11,Hero,0.7134836641224948,0.4687825861302289
434,-8.3,1.6999999999999988,33,Villain,0.9696947927727844,0.4960572166424809
435,-5.3999999999999995,4.6000000000000005,4,Villain,0.8158227503299713,0.6584390848875046
436,-4.999999999999998,-4.999999999999998,50,None,0.995377584695816,0.5575423865020275
437,2.099999999999999,-7.9,29,Hero,0.7953552285145069,0.6333502716031568
438,-4.999999999999998,-4.999999999999998,50,None,0.9766007184982299,0.5570644576847553
439,-4.999999999999998,-4.999999999999998,50,None,0.9990623295307159,0.5186048720777034
440,-8.700000000000001,1.2999999999999985,37,Villain,0.9856555075258822,0.602351641735515
441,-4.999999999999998,-4.999999999999998,50,None,0.99863649725914,0.5134378504753113
442,-4.999999999999998,-4.999999999999998,50,None,0.9523031613184139,0.533508835285902
443,-7.800000000000001,2.1999999999999993,28,Villain,0.991035846727235,0.567451359970229
444,4.9,-5.1,1,Hero,0.9359126091003418,0.9744360446929932
445,-5.3,4.7,3,Villain,0.6648430675268173,0.9750474890073141
446,-4.999999999999998,-4.999999999999998,50,None,0.9673926332592964,0.56239427767694
447,-4.999999999999998,-4.999999999999998,50,None,0.9991264307498932,0.5533373855426907
448,3.9000000000000004,-6.1,11,Hero,0.8645525141195818,0.5204894529147581
449,-4.999999999999998,-4.999999999999998,50,None,0.9991417920589447,0.5460238623619079
450,4.9,-5.1,1,Hero,0.9941166639328003,0.9785731434822083
451,4.9,-5.1,1,Hero,0.9912416934967041,0.989492654800415
452,-4.999999999999998,-4.999999999999998,50,None,0.9964129960536957,0.5455736480653286
453,-7.9,2.099999999999999,29,Villain,0.9975556011857658,0.3759333085397194
454,-4.999999999999998,-4.999999999999998,50,None,0.9993482673168183,0.5572900844365358
455,-4.999999999999998,-4.999999999999998,50,None,0.9997253239154815,0.4991057592257857
456,-4.999999999999998,-4.999999999999998,50,None,0.9997231888771058,0.5420126642286778
457,-7.800000000000001,2.1999999999999993,28,Villain,0.9987406347479139,0.5917192455381155
458,-4.999999999999998,-4.999999999999998,50,None,0.9730409732460976,0.5055575782805681
459,-4.999999999999998,-4.999999999999998,50,None,0.9996346437931061,0.468809617459774
460,2.9,-7.1,21,Hero,0.8543551379726047,0.6697476648149037
461,-4.999999999999998,-4.999999999999998,50,None,0.9606883841753006,0.4956949632614851
462,-4.999999999999998,-4.999999999999998,50,None,0.999724200963974,0.47971090003848077
463,-4.999999999999998,-4.999999999999998,50,None,0.9987720584869385,0.5665950809419155
464,-5.199999999999999,4.800000000000001,2,Villain,0.9895247519016266,0.555160641670227
465,-4.999999999999998,-4.999999999999998,50,None,0.9997704565525055,0.48814587309956553
466,-6.7,3.3,17,Villain,0.9988079526845146,0.5365570386981263
467,-4.999999999999998,-4.999999999999998,50,None,0.9775279664993286,0.6222858953475953
468,-4.999999999999998,-4.999999999999998,50,None,0.9951534271240234,0.5608523079752922
469,4.9,-5.1,1,Hero,0.9962881803512573,0.9656696319580078
470,-6.3,3.7,13,Villain,0.9912920869313754,0.6589284458985696
471,-4.999999999999998,-4.999999999999998,50,None,0.9535014909692109,0.552732147090137
472,-6.5,3.5,15,Villain,0.995381772518158,0.4650005434950193
473,4.6000000000000005,-5.3999999999999995,4,Hero,0.7674621604382992,0.6388449892401695
474,-5.3,4.7,3,Villain,0.23685225347677866,0.6637408807873726
475,-7.300000000000001,2.6999999999999997,23,Villain,0.9548975761078865,0.6052306796545568
476,-4.999999999999998,-4.999999999999998,50,None,0.9956497180461884,0.5447045352309943
477,-4.999999999999998,-4.999999999999998,50,None,0.9732698762416839,0.5727497503161431
478,-7.1,2.9,21,Villain,0.9982879984946478,0.530612036408413
479,-4.999999999999998,-4.999999999999998,50,None,0.9978057658672332,0.5599236266314983
480,-6.9,3.0999999999999996,19,Villain,0.9906062766125328,0.5689559922014412
481,-5.6,4.4,6,Villain,0.9960347513357798,0.5455451880892118
482,-7.2,2.8,22,Villain,0.9494818232276223,0.6760503327981993
483,1.2999999999999985,-8.700000000000001,37,Hero,0.8092711519456242,0.5443242502373618
484,-8.100000000000001,1.899999999999999,31,Villain,0.9275714496691381,0.5123757919476878
485,-7.0,3.0,20,Villain,0.8925211004912853,0.5880131132900714
486,-4.999999999999998,-4.999999999999998,50,None,0.9438518566265702,0.5316556362807751
487,-6.8,3.2,18,Villain,0.9883923398123847,0.6594895316908757
488,-6.3,3.7,13,Villain,0.9843051983759954,0.4631159764069777
489,-6.1,3.9000000000000004,11,Villain,0.8828000561757521,0.6782793422991579
490,4.6000000000000005,-5.3999999999999995,4,Hero,0.9866377860307693,0.8508249819278717
491,-7.4,2.5999999999999996,24,Villain,0.9946514591574669,0.532883768590788
492,-7.4,2.5999999999999996,24,Villain,0.892124124802649,0.6204220484942198
493,-8.500000000000002,1.4999999999999987,35,Villain,0.9977917330605643,0.5488911602646113
494,-7.4,2.5999999999999996,24,Villain,0.9962623541553816,0.46502757476021844
495,-4.999999999999998,-4.999999999999998,50,None,0.9862569630146026,0.5848059153556824
496,-7.9,2.099999999999999,29,Villain,0.9989050318454874,0.5430534173702372
497,3.7,-6.3,13,Hero,0.9034400100891407,0.467155600969608
498,-6.3,3.7,13,Villain,0.8999495430348011,0.48790259659290314
499,-4.999999999999998,-4.999999999999998,50,None,0.9408187448920217,0.5365260422229767
500,4.2,-5.8,8,Hero,0.8178390674293041,0.4895728756673634
501,-4.999999999999998,-4.999999999999998,50,None,0.9917881834506989,0.604102755188942
502,-6.1,3.9000000000000004,11,Villain,0.9076038924130526,0.519055553119291
503,-5.8999999999999995,4.1000000000000005,9,Villain,0.9400100178188748,0.5390624031424522
504,-5.3999999999999995,4.6000000000000005,4,Villain,0.9636312127113342,0.7493041008710861
505,-6.3999999999999995,3.6000000000000005,14,Villain,0.9926572910376957,0.49034483730793
506,-8.8,1.1999999999999984,38,Villain,0.9973007142543793,0.6005048947898965
507,2.4999999999999996,-7.5,25,Hero,0.8636407434940339,0.5095496407151222
508,-5.3,4.7,3,Villain,0.9241173267364502,0.47897504766782123
509,3.6000000000000005,-6.3999999999999995,14,Hero,0.7124525101057121,0.6974162483321769
510,-6.1,3.9000000000000004,11,Villain,0.9989188530228355,0.8188792375678365
511,-6.199999999999999,3.8000000000000007,12,Villain,0.9997676114241282,0.44445096515119076
512,-8.3,1.6999999999999988,33,Villain,0.9533635912971063,0.5374574852034901
513,-4.999999999999998,-4.999999999999998,50,None,0.9953552174568177,0.5532164576649666
514,-6.7,3.3,17,Villain,0.9662628243951237,0.6234609313747462
515,-6.1,3.9000000000000004,11,Villain,0.9970311685041948,0.5230749222365293
516,3.2,-6.8,18,Hero,0.8323701831201712,0.49988113799028927
517,-4.999999999999998,-4.999999999999998,50,None,0.9531757571548224,0.6091952282190323
518,-5.3,4.7,3,Villain,0.9998448093732198,0.9138052066167196
519,-4.999999999999998,-4.999999999999998,50,None,0.9551408898830414,0.6306647628545761
520,4.7,-5.3,3,Hero,0.9992573062578837,0.8958770434061686
521,-7.300000000000001,2.6999999999999997,23,Villain,0.9854311191517374,0.6360644058364889
522,3.7,-6.3,13,Hero,0.9059178645794208,0.6955541349374331
523,-5.8,4.2,8,Villain,0.7594660930335522,0.6491537801921368
524,-4.999999999999998,-4.999999999999998,50,None,0.9483194179832936,0.5995621454715728
525,-7.9,2.099999999999999,29,Villain,0.9706429078661162,0.5501918624444254
526,-9.000000000000002,0.9999999999999982,40,Villain,0.999255707859993,0.6149128956720233
527,-7.0,3.0,20,Villain,0.9982682436704635,0.5963934361934662
528,-6.3,3.7,13,Villain,0.9160592372600849,0.4863194377663044
529,-7.5,2.4999999999999996,25,Villain,0.974984838962555,0.753794574290514
530,-7.300000000000001,2.6999999999999997,23,Villain,0.9997000772020092,0.550288599146449
531,-6.7,3.3,17,Villain,0.9998548241222606,0.7245172902065165
532,-6.199999999999999,3.8000000000000007,12,Villain,0.8823603059475621,0.6793531700968742
533,-6.199999999999999,3.8000000000000007,12,Villain,0.9921548515558243,0.5895897150427724
534,-6.7,3.3,17,Villain,0.9484426799942466,0.5214339591124478
535,-5.1,4.9,1,Villain,0.97754967212677,0.7093191146850586
536,-7.300000000000001,2.6999999999999997,23,Villain,0.9992383200189342,0.5649672902148702
537,-5.699999999999999,4.300000000000001,7,Villain,0.8970611606325422,0.4377570641892297
538,-6.8,3.2,18,Villain,0.9416055149502225,0.6558070472545094
539,-6.6,3.4000000000000004,16,Villain,0.9997362941503525,0.7386646328959614
540,-6.3,3.7,13,Villain,0.996882058106936,0.5898135290122949
541,-6.3,3.7,13,Villain,0.9538397720226874,0.5319235290472324
542,-5.199999999999999,4.800000000000001,2,Villain,0.99925097823143,0.8142085373401642
543,-6.199999999999999,3.8000000000000007,12,Villain,0.9535041451454163,0.6742517904688915
544,-5.6,4.4,6,Villain,0.9881612459818522,0.7187570581833521
545,-4.999999999999998,-4.999999999999998,50,None,0.9998676228523254,0.6004983046278357
546,4.2,-5.8,8,Hero,0.9031438119709492,0.7655227035284042
547,-4.999999999999998,-4.999999999999998,50,None,0.9600982893630863,0.7494022649526596
548,-4.999999999999998,-4.999999999999998,50,None,0.9992996037006379,0.9224225713312626
549,-4.999999999999998,-4.999999999999998,50,None,0.983232491016388,0.7206504840403796
550,-4.999999999999998,-4.999999999999998,50,None,0.9765820950269699,0.8048408605158329
551,-6.7,3.3,17,Villain,0.9228441943140591,0.6914166450938758
552,-4.999999999999998,-4.999999999999998,50,None,0.9998668050765991,0.8940054479241372
553,-4.999999999999998,-4.999999999999998,50,None,0.9953349685668945,0.513223034888506
554,-4.999999999999998,-4.999999999999998,50,None,0.9740122163295746,0.5371827593445778
555,-4.999999999999998,-4.999999999999998,50,None,0.9906866073608398,0.8864404954947531
556,-7.5,2.4999999999999996,25,Villain,0.9796721649169922,0.8442513486742973
557,-4.999999999999998,-4.999999999999998,50,None,0.992203950881958,0.8940059282816947
558,3.6000000000000005,-6.3999999999999995,14,Hero,0.9017071085316795,0.7453386347208705
559,-4.999999999999998,-4.999999999999998,50,None,0.9855284625291825,0.8875336121954024
560,-5.199999999999999,4.800000000000001,2,Villain,0.9785200357437134,0.4471202492713928
561,-5.3,4.7,3,Villain,0.8207487066586813,0.7266726692517599
562,-4.999999999999998,-4.999999999999998,50,None,0.9995000147819519,0.8713652260601521
563,-5.199999999999999,4.800000000000001,2,Villain,0.9984154999256134,0.8886786997318268
564,-6.7,3.3,17,Villain,0.9984720875235165,0.831208120812388
565,-6.1,3.9000000000000004,11,Villain,0.959844627163627,0.6404901119795713
566,-5.8999999999999995,4.1000000000000005,9,Villain,0.8722140106062094,0.444004335337215
567,-6.3999999999999995,3.6000000000000005,14,Villain,0.8722763958919261,0.5055525409323829
568,-5.699999999999999,4.300000000000001,7,Villain,0.9252008029392788,0.7112898869173867
569,-6.5,3.5,15,Villain,0.9595162987709045,0.6556745022535324
570,-4.999999999999998,-4.999999999999998,50,None,0.9969252038002014,0.707436348721385
571,-5.3,4.7,3,Villain,0.975557009379069,0.6194975972175598
572,-4.999999999999998,-4.999999999999998,50,None,0.9926800084114075,0.5879711798578501
573,-4.999999999999998,-4.999999999999998,50,None,0.9993440055847168,0.6184380047395825
574,-4.999999999999998,-4.999999999999998,50,None,0.9992017948627472,0.5998394632339478
575,-6.3999999999999995,3.6000000000000005,14,Villain,0.9983777361256736,0.6568682427917208
576,-6.8,3.2,18,Villain,0.9950046274397109,0.4814876740177472
577,-5.6,4.4,6,Villain,0.9932862520217896,0.4416806027293205
578,-5.6,4.4,6,Villain,0.8977472682793936,0.6627367697656155
579,-6.1,3.9000000000000004,11,Villain,0.834008967334574,0.6646520522507754
580,-7.4,2.5999999999999996,24,Villain,0.9700286611914635,0.6333956057205796
581,-6.0,4.0,10,Villain,0.8629100456833839,0.593344159424305
582,-5.6,4.4,6,Villain,0.7988441288471222,0.5580428081254164
583,4.300000000000001,-5.699999999999999,7,Hero,0.825105972055878,0.552695876785687
584,-4.999999999999998,-4.999999999999998,50,None,0.9973063516616821,0.6190387085080147
585,-5.1,4.9,1,Villain,0.7105828523635864,0.24624799191951752
586,4.9,-5.1,1,Hero,0.9928426742553711,0.8788327574729919
587,-4.999999999999998,-4.999999999999998,50,None,0.9976977109909058,0.6360788658261299
588,-5.5,4.5,5,Villain,0.7647339403629303,0.7085051953792572
589,3.9000000000000004,-6.1,11,Hero,0.8614288294179873,0.7096181825142015
590,-4.999999999999998,-4.999999999999998,50,None,0.973919294513762,0.5421241112798453
591,4.9,-5.1,1,Hero,0.9936195015907288,0.9933627843856812
592,-5.3,4.7,3,Villain,0.9357118606567383,0.9902726610501608
593,-9.799999999999999,0.20000000000000107,48,Villain,0.9969054746131102,0.4473958754679188
594,-4.999999999999998,-4.999999999999998,50,None,0.9977347600460053,0.5060429880023003
595,4.7,-5.3,3,Hero,0.9987378319104513,0.5456968943277994
596,-9.000000000000002,0.9999999999999982,40,Villain,0.9972274884581566,0.5182288832962513
597,-4.999999999999998,-4.999999999999998,50,None,0.9837059503793717,0.5085370688140393
598,-4.999999999999998,-4.999999999999998,50,None,0.9984994733333588,0.45518051415681837
599,-6.8,3.2,18,Villain,0.9728555116388533,0.599399584862921
600,-4.999999999999998,-4.999999999999998,50,None,0.9677446226403117,0.4782263235002756
601,3.5,-6.5,15,Hero,0.898508075873057,0.8320913930733999
602,-4.999999999999998,-4.999999999999998,50,None,0.9826537770032883,0.510226221382618
603,-4.999999999999998,-4.999999999999998,50,None,0.98163350045681,0.48840305507183074
604,-4.999999999999998,-4.999999999999998,50,None,0.9975021708011628,0.4944984494149685
605,-4.999999999999998,-4.999999999999998,50,None,0.9999179768562317,0.44362847223877905
606,-4.999999999999998,-4.999999999999998,50,None,0.9839272034168244,0.5172331820428372
607,3.9000000000000004,-6.1,11,Hero,0.8822006691585887,0.6141173270615664
608,-7.9,2.099999999999999,29,Villain,0.9425197377287108,0.5206802487373352
609,-8.500000000000002,1.4999999999999987,35,Villain,0.9790364035538265,0.5481406266668013
610,-4.999999999999998,-4.999999999999998,50,None,0.988312840461731,0.5769349172711372
611,-4.999999999999998,-4.999999999999998,50,None,0.9858281314373016,0.4989193547517061
612,-4.999999999999998,-4.999999999999998,50,None,0.9561159634590148,0.5116793294996023
613,-5.699999999999999,4.300000000000001,7,Villain,0.9975827591759818,0.4612878816468375
614,-8.700000000000001,1.2999999999999985,37,Villain,0.9450293544591782,0.5032739923209757
615,-7.1,2.9,21,Villain,0.9748065783863976,0.623639580039751
616,-4.999999999999998,-4.999999999999998,50,None,0.9987981617450714,0.5729978574812412
617,3.6000000000000005,-6.3999999999999995,14,Hero,0.9415209293365479,0.7959592938423157
618,-7.4,2.5999999999999996,24,Villain,0.9965757131576538,0.5669481561829647
619,-9.4,0.5999999999999996,44,Villain,0.983163898641413,0.6096734083680944
620,4.9,-5.1,1,Hero,0.9999814033508301,0.3262498676776886
621,3.4000000000000004,-6.6,16,Hero,0.918699461966753,0.632958360016346
622,-4.999999999999998,-4.999999999999998,50,None,0.9842753517627716,0.6596411744505167
623,-9.799999999999999,0.20000000000000107,48,Villain,0.9930624154706796,0.5805646130271876
624,-5.3999999999999995,4.6000000000000005,4,Villain,0.5519477874040604,0.6789147779345512
625,1.0999999999999983,-8.900000000000002,39,Hero,0.9107827833638742,0.6157918297327482
626,-7.9,2.099999999999999,29,Villain,0.9574790232140442,0.5341093599282462
627,-9.100000000000001,0.8999999999999986,41,Villain,0.9267332840074853,0.5649571819458066
628,-6.5,3.5,15,Villain,0.9855583906173706,0.5775792673230171
629,3.4000000000000004,-6.6,16,Hero,0.8967033309745602,0.6542274719104171
630,-5.3,4.7,3,Villain,0.9998427232106527,0.9998056093851725
631,-4.999999999999998,-4.999999999999998,50,None,0.9554657321423292,0.6450398880243301
632,2.5999999999999996,-7.4,24,Hero,0.9036034196615219,0.6021845235178868
633,-4.999999999999998,-4.999999999999998,50,None,0.9876314532756806,0.6177610215544701
634,4.300000000000001,-5.699999999999999,7,Hero,0.7648242286273411,0.7770916393824986
635,4.9,-5.1,1,Hero,0.9383082389831543,0.8450337052345276
636,-4.999999999999998,-4.999999999999998,50,None,0.9803957855701446,0.6152255419641733
637,-6.199999999999999,3.8000000000000007,12,Villain,0.860678106546402,0.4953496530652046
638,-7.2,2.8,22,Villain,0.9529067142443224,0.6426878419112075
639,2.8,-7.2,22,Hero,0.8718581751666286,0.6028135513717477
640,-4.999999999999998,-4.999999999999998,50,None,0.96104875177145,0.6224228453636169
641,-6.1,3.9000000000000004,11,Villain,0.6243788627060977,0.6512378101999109
642,-4.999999999999998,-4.999999999999998,50,None,0.9722385466098785,0.6096898604929447
643,3.4000000000000004,-6.6,16,Hero,0.8964281463995576,0.7328349705785513
644,3.9000000000000004,-6.1,11,Hero,0.8565573475577615,0.4413298991593448
645,3.2,-6.8,18,Hero,0.8327842189206017,0.7101873805125555
646,3.6000000000000005,-6.3999999999999995,14,Hero,0.8670672659645788,0.8150102323519864
647,3.2,-6.8,18,Hero,0.7852882213709462,0.5379998220337762
648,3.6000000000000005,-6.3999999999999995,14,Hero,0.7866525665989944,0.47754864022135735
649,2.8,-7.2,22,Hero,0.8092756474559958,0.4695546897974881
650,-4.999999999999998,-4.999999999999998,50,None,0.9264149859594181,0.5995887744426728
651,3.8000000000000007,-6.199999999999999,12,Hero,0.7969450516005357,0.6242917167643706
652,4.9,-5.1,1,Hero,0.9770007133483887,0.434227854013443
653,2.3999999999999995,-7.6000000000000005,26,Hero,0.6359365086715955,0.6360000050984896
654,3.5,-6.5,15,Hero,0.7795566439628601,0.6102988292773565
655,3.8000000000000007,-6.199999999999999,12,Hero,0.7719606359799703,0.6367504391819239
656,2.6999999999999997,-7.300000000000001,23,Hero,0.6170330423375835,0.5767583519868229
657,0.9999999999999982,-9.000000000000002,40,Hero,0.7734588097780943,0.7371121546253562
658,-4.999999999999998,-4.999999999999998,50,None,0.9362254964746535,0.5369123503565788
659,2.8,-7.2,22,Hero,0.6620685756206512,0.5339785905724223
660,3.8000000000000007,-6.199999999999999,12,Hero,0.9041855484247208,0.6325798134009043
661,3.4000000000000004,-6.6,16,Hero,0.915505338460207,0.7825867664068937
662,-5.199999999999999,4.800000000000001,2,Villain,0.9966976642608643,0.9370658993721008
663,3.0,-7.0,20,Hero,0.7672403935343027,0.9043094618245959
664,4.300000000000001,-5.699999999999999,7,Hero,0.6145081328494209,0.5349056816526822
665,4.5,-5.5,5,Hero,0.8240955531597137,0.853355097770691
666,1.799999999999999,-8.200000000000001,32,Hero,0.7074465365149081,0.7126967208459973
667,3.2,-6.8,18,Hero,0.67153014573786,0.843709463874499
668,3.6000000000000005,-6.3999999999999995,14,Hero,0.5082566014357975,0.7627921136362212
669,-4.999999999999998,-4.999999999999998,50,None,0.994951857328415,0.5278682643175125
670,3.3,-6.7,17,Hero,0.8393716119668063,0.7438651863622534
671,3.0,-7.0,20,Hero,0.7287301883101464,0.4387031938880682
672,4.1000000000000005,-5.8999999999999995,9,Hero,0.7422558102342818,0.8611482911639743
673,2.099999999999999,-7.9,29,Hero,0.8169361794817036,0.49917062654577454
674,1.799999999999999,-8.200000000000001,32,Hero,0.8130099633708596,0.5811209420207888
675,4.4,-5.6,6,Hero,0.5558706720670065,0.9124569892883301
676,-4.999999999999998,-4.999999999999998,50,None,0.996910879611969,0.5674311439692974
677,4.0,-6.0,10,Hero,0.6792307272553444,0.742730264365673
678,-5.199999999999999,4.800000000000001,2,Villain,0.9937238097190857,0.9921300709247589
679,-4.999999999999998,-4.999999999999998,50,None,0.9952928602695466,0.6927411207556724
680,-4.999999999999998,-4.999999999999998,50,None,0.9943223357200622,0.6007324878126383
681,3.2,-6.8,18,Hero,0.686769962310791,0.6464716597563691
682,-4.999999999999998,-4.999999999999998,50,None,0.8178565175831318,0.4371620466187596
683,2.5999999999999996,-7.4,24,Hero,0.8427902919550737,0.5542129762470722
684,3.8000000000000007,-6.199999999999999,12,Hero,0.7283026973406473,0.8035391345620155
685,3.7,-6.3,13,Hero,0.7546874995415027,0.8519482979407678
686,4.300000000000001,-5.699999999999999,7,Hero,0.7207495868206024,0.7730513129915509
687,4.4,-5.6,6,Hero,0.7963350415229797,0.7417978942394257
688,3.6000000000000005,-6.3999999999999995,14,Hero,0.8060699765171323,0.6121398763997214
689,2.2999999999999994,-7.700000000000001,27,Hero,0.8961949789965594,0.6444278282147867
690,4.2,-5.8,8,Hero,0.7229373939335346,0.7273690812289715
691,3.6000000000000005,-6.3999999999999995,14,Hero,0.6549462718623025,0.8579621155347142
692,3.9000000000000004,-6.1,11,Hero,0.8674387742172588,0.801273181357167
693,4.1000000000000005,-5.8999999999999995,9,Hero,0.712286608086692,0.6725845353470908
694,3.4000000000000004,-6.6,16,Hero,0.6611257456243038,0.6633120691403747
695,2.099999999999999,-7.9,29,Hero,0.680984772260076,0.8141265007956274
696,2.3999999999999995,-7.6000000000000005,26,Hero,0.6628138411503571,0.7029083967387962
697,3.9000000000000004,-6.1,11,Hero,0.6466123014688492,0.7923906364224174
698,-4.999999999999998,-4.999999999999998,50,None,0.8019754718244075,0.4737821081280708
699,4.7,-5.3,3,Hero,0.902581791083018,0.47337861607472104
700,3.4000000000000004,-6.6,16,Hero,0.7662674142047763,0.700735785998404
701,3.3,-6.7,17,Hero,0.8678677494035048,0.8784284837105695
702,3.3,-6.7,17,Hero,0.6279907375574112,0.9740208492559546
703,3.2,-6.8,18,Hero,0.5276694744825363,0.6502666618261073
704,1.1999999999999984,-8.8,38,Hero,0.7879378536814138,0.5853438644032729
705,2.099999999999999,-7.9,29,Hero,0.8470757459772045,0.5074015449861
706,4.300000000000001,-5.699999999999999,7,Hero,0.6673846457685743,0.8607286768300193
707,2.1999999999999993,-7.800000000000001,28,Hero,0.8671919247301828,0.6162751756076302
708,0.3000000000000007,-9.7,47,Hero,0.7891841007673994,0.4442933428477734
709,2.8,-7.2,22,Hero,0.612894973971627,0.8763274015350775
710,4.6000000000000005,-5.3999999999999995,4,Hero,0.9831770658493042,0.7182503491640091
711,3.9000000000000004,-6.1,11,Hero,0.8063714775172147,0.8929588957266374
712,1.0999999999999983,-8.900000000000002,39,Hero,0.7615570012862102,0.4430796383665158
713,1.799999999999999,-8.200000000000001,32,Hero,0.6815933929756284,0.6133667323738337
714,2.9,-7.1,21,Hero,0.6371952664284479,0.8113033423821131
715,4.0,-6.0,10,Hero,0.835657574236393,0.8630688548088074
716,3.8000000000000007,-6.199999999999999,12,Hero,0.7954860478639603,0.837185975164175
717,4.2,-5.8,8,Hero,0.48968781530857086,0.8636309336870909
718,4.2,-5.8,8,Hero,0.8501987606287003,0.9297791495919228
719,3.2,-6.8,18,Hero,0.6560999850432078,0.5614313979943594
720,-4.999999999999998,-4.999999999999998,50,None,0.851677340567112,0.9557259771600366
721,3.2,-6.8,18,Hero,0.8819674191375574,0.9949464897314707
722,2.1999999999999993,-7.800000000000001,28,Hero,0.7460863393332277,0.5517534545755812
723,4.300000000000001,-5.699999999999999,7,Hero,0.7125976511410305,0.8385005721024105
724,3.4000000000000004,-6.6,16,Hero,0.7608814551495016,0.7134946879232302
725,3.5,-6.5,15,Hero,0.699106099208196,0.6714656203985214
726,3.9000000000000004,-6.1,11,Hero,0.7131403576244008,0.9050630168481306
727,3.5,-6.5,15,Hero,0.7761237402757009,0.9444448232650757
728,3.8000000000000007,-6.199999999999999,12,Hero,0.6996871270239353,0.4991658665239811
729,4.2,-5.8,8,Hero,0.7791683822870255,0.5892040953040123
730,3.6000000000000005,-6.3999999999999995,14,Hero,0.6587596317487103,0.9543827559266772
731,4.300000000000001,-5.699999999999999,7,Hero,0.9949728676251003,0.7739724729742322
732,3.2,-6.8,18,Hero,0.5875271066195435,0.865944368350837
733,3.2,-6.8,18,Hero,0.5454495814111497,0.696191599799527
734,4.7,-5.3,3,Hero,0.9947368303934733,0.9975311358769735
735,3.4000000000000004,-6.6,16,Hero,0.8162094606086612,0.5710086582694203
736,4.7,-5.3,3,Hero,0.6500276327133179,0.7917442719141642
737,3.2,-6.8,18,Hero,0.7704646732244227,0.8353251186199486
738,3.8000000000000007,-6.199999999999999,12,Hero,0.8796480794747671,0.7249498777091503
739,3.7,-6.3,13,Hero,0.8167361949498837,0.6613214467293941
740,4.1000000000000005,-5.8999999999999995,9,Hero,0.7091047440965971,0.8178006758292516
741,4.2,-5.8,8,Hero,0.7257934473454952,0.9781930670142174
742,3.9000000000000004,-6.1,11,Hero,0.7226502190936696,0.9255864945324984
743,3.4000000000000004,-6.6,16,Hero,0.8071309025399387,0.5916531588882208
744,4.0,-6.0,10,Hero,0.6132394507527351,0.5893010444939136
745,2.1999999999999993,-7.800000000000001,28,Hero,0.568330025965614,0.48278677091002464
746,4.300000000000001,-5.699999999999999,7,Hero,0.8413966638701302,0.8294607315744672
747,4.2,-5.8,8,Hero,0.7726770266890526,0.8259097747504711
748,3.9000000000000004,-6.1,11,Hero,0.7693543894724413,0.9046048169786279
749,4.0,-6.0,10,Hero,0.78980798618868,0.9119938850402832
750,2.9,-7.1,21,Hero,0.6430543072166897,0.6730835636456808
751,2.8,-7.2,22,Hero,0.764369014989246,0.926842288537459
752,3.9000000000000004,-6.1,11,Hero,0.628181053833528,0.8534894964911721
753,2.6999999999999997,-7.300000000000001,23,Hero,0.7062956710224566,0.5680270944114613
754,4.2,-5.8,8,Hero,0.6094407849013805,0.4526094312313944
755,4.1000000000000005,-5.8999999999999995,9,Hero,0.8131116628646851,0.5416443132691913
756,3.6000000000000005,-6.3999999999999995,14,Hero,0.6735408540282931,0.5520006205354419
757,2.5999999999999996,-7.4,24,Hero,0.6772622186690569,0.8298505477141589
758,4.4,-5.6,6,Hero,0.8024845992525419,0.8224218686421713
759,-5.199999999999999,4.800000000000001,2,Villain,0.9991949498653412,0.9811037182807922
760,3.7,-6.3,13,Hero,0.6906564694184524,0.5625658115515342
761,3.5,-6.5,15,Hero,0.726076198120912,0.5549328376849493
762,3.2,-6.8,18,Hero,0.8437222867376275,0.5541609740919538
763,-5.1,4.9,1,Villain,0.9998090863227844,0.993389368057251
764,3.6000000000000005,-6.3999999999999995,14,Hero,0.7289508836609977,0.47566337550857235
765,3.5,-6.5,15,Hero,0.7707023820024915,0.6504669745763143
766,4.9,-5.1,1,Hero,0.9451035857200623,0.8760948181152344
767,4.2,-5.8,8,Hero,0.7961393259465694,0.800219502300024
768,4.5,-5.5,5,Hero,0.6231180667877197,0.5231163203716278
769,4.2,-5.8,8,Hero,0.8290150612592697,0.8354308195412159
770,-5.199999999999999,4.800000000000001,2,Villain,0.9821099042892456,0.995306521654129
771,4.800000000000001,-5.199999999999999,2,Hero,0.9982873797416687,0.9991129338741302
772,3.0999999999999996,-6.9,19,Hero,0.7596212409828839,0.45702284143159266
773,3.2,-6.8,18,Hero,0.834972482588556,0.6687061712145805
774,3.0,-7.0,20,Hero,0.6819377530366182,0.4136514816433191
775,4.7,-5.3,3,Hero,0.9698448975880941,0.9174004594484965
776,-4.999999999999998,-4.999999999999998,50,None,0.9043161255121231,0.5062083779275417
777,4.300000000000001,-5.699999999999999,7,Hero,0.9617362703595843,0.8662520817347935
778,4.2,-5.8,8,Hero,0.6182877263054252,0.7800804935395718
779,4.0,-6.0,10,Hero,0.8282624259591103,0.8202317208051682
780,4.6000000000000005,-5.3999999999999995,4,Hero,0.6804636642336845,0.6031621918082237
781,4.2,-5.8,8,Hero,0.757800504565239,0.7499280869960785
782,4.5,-5.5,5,Hero,0.7595337271690369,0.6885421514511109
783,4.5,-5.5,5,Hero,0.5299577921628952,0.5498191475868225
784,4.4,-5.6,6,Hero,0.7545949717362722,0.8377097348372141
785,2.099999999999999,-7.9,29,Hero,0.652820257148866,0.5072040324067247
786,4.9,-5.1,1,Hero,0.7806604504585266,0.7327170968055725
787,4.6000000000000005,-5.3999999999999995,4,Hero,0.7570037944242358,0.9986835867166519
788,3.7,-6.3,13,Hero,0.7772667809174612,0.8070373076658982
789,-5.3,4.7,3,Villain,0.9993469715118408,0.999936044216156
790,4.5,-5.5,5,Hero,0.6178113102912903,0.9881566166877747
791,4.1000000000000005,-5.8999999999999995,9,Hero,0.9031297564506531,0.90086054470804
792,4.0,-6.0,10,Hero,0.608243827521801,0.6777138285338878
793,-4.999999999999998,-4.999999999999998,50,None,0.8995451605319977,0.5469898431003094
794,4.6000000000000005,-5.3999999999999995,4,Hero,0.7173374220728874,0.8968010693788528
795,4.2,-5.8,8,Hero,0.772521510720253,0.674053780734539
796,4.6000000000000005,-5.3999999999999995,4,Hero,0.646929070353508,0.9904013723134995
797,3.7,-6.3,13,Hero,0.6892841836580863,0.7697092109861282
798,3.6000000000000005,-6.3999999999999995,14,Hero,0.7276955779109683,0.6041678349886622
799,3.8000000000000007,-6.199999999999999,12,Hero,0.5951581597328186,0.541071337958177
800,4.5,-5.5,5,Hero,0.9952176213264465,0.52536700963974
801,3.8000000000000007,-6.199999999999999,12,Hero,0.6707753737767538,0.4041649640227358
802,2.6999999999999997,-7.300000000000001,23,Hero,0.7166840841426797,0.6344374544594599
803,4.300000000000001,-5.699999999999999,7,Hero,0.7159611955285072,0.7540767075760024
804,4.0,-6.0,10,Hero,0.6100582301616668,0.7941754877567291
805,3.6000000000000005,-6.3999999999999995,14,Hero,0.6496001673596246,0.5269946349518639
806,3.8000000000000007,-6.199999999999999,12,Hero,0.7333010950436195,0.7042931665976843
807,3.3,-6.7,17,Hero,0.6564326777177698,0.6515845910591238
808,4.0,-6.0,10,Hero,0.8952616035938263,0.5949500381946564
809,4.0,-6.0,10,Hero,0.9003213763236999,0.7232485502958298
810,-5.199999999999999,4.800000000000001,2,Villain,0.9999518394470215,0.9927563369274139
811,4.9,-5.1,1,Hero,0.8881645798683167,0.9149119257926941
812,4.7,-5.3,3,Hero,0.8974321881930033,0.9296524524688721
813,4.1000000000000005,-5.8999999999999995,9,Hero,0.6797581712404887,0.6535435732867982
814,3.7,-6.3,13,Hero,0.7597990849843392,0.8973111556126521
815,4.0,-6.0,10,Hero,0.7060686856508255,0.5089450120925904
816,3.8000000000000007,-6.199999999999999,12,Hero,0.7120593935251236,0.6175550073385239
817,4.2,-5.8,8,Hero,0.8328544404357672,0.4250177703797817
818,4.300000000000001,-5.699999999999999,7,Hero,0.9863590938704354,0.44622973246233805
819,3.9000000000000004,-6.1,11,Hero,0.7345871816981923,0.928102433681488
820,4.7,-5.3,3,Hero,0.6513936320940653,0.8368874788284302
821,4.7,-5.3,3,Hero,0.6635231077671051,0.8641076882680258
822,4.0,-6.0,10,Hero,0.7633239239454269,0.6740115642547607
823,3.5,-6.5,15,Hero,0.7336485246817271,0.9508341391881306
824,4.800000000000001,-5.199999999999999,2,Hero,0.9406673312187195,0.5389242693781853
825,3.7,-6.3,13,Hero,0.6968995281136953,0.6351550181324666
826,4.300000000000001,-5.699999999999999,7,Hero,0.8295658784253257,0.6450075709394046
827,3.2,-6.8,18,Hero,0.6486861656109492,0.5836608658234278
828,4.2,-5.8,8,Hero,0.7583300545811653,0.8598999381065369
829,3.4000000000000004,-6.6,16,Hero,0.7030446641147137,0.5367537010461092
830,4.7,-5.3,3,Hero,0.8187549710273743,0.9414458076159159
831,4.1000000000000005,-5.8999999999999995,9,Hero,0.9745479226112366,0.7734468082586924
832,3.7,-6.3,13,Hero,0.7731698247102591,0.867552060347337
833,3.8000000000000007,-6.199999999999999,12,Hero,0.8407249872883161,0.43940976820886135
834,4.6000000000000005,-5.3999999999999995,4,Hero,0.6525345221161842,0.8305856138467789
835,3.6000000000000005,-6.3999999999999995,14,Hero,0.6579361068350928,0.4115631952881813
836,4.5,-5.5,5,Hero,0.6704997152090073,0.9988107442855835
837,4.0,-6.0,10,Hero,0.8472935438156128,0.9328322350978852
838,3.7,-6.3,13,Hero,0.6982047454668925,0.938531206204341
839,4.300000000000001,-5.699999999999999,7,Hero,0.6575444127832141,0.889524791921888
840,4.300000000000001,-5.699999999999999,7,Hero,0.8541931893144336,0.729395791888237
841,3.9000000000000004,-6.1,11,Hero,0.7511419396508824,0.9395356611772017
842,4.4,-5.6,6,Hero,0.6995001335938772,0.8654155929883321
843,3.3,-6.7,17,Hero,0.704348087310791,0.655073039671954
844,3.7,-6.3,13,Hero,0.7190268773298997,0.6587284436592689
845,4.5,-5.5,5,Hero,0.8339472770690918,0.8974412560462952
846,4.5,-5.5,5,Hero,0.49453490376472475,0.9997629404067994
847,4.300000000000001,-5.699999999999999,7,Hero,0.6457569939749581,0.7993283218571118
848,4.0,-6.0,10,Hero,0.6050088420510292,0.8060047790408135
849,4.0,-6.0,10,Hero,0.8500328019261361,0.708427494764328
850,4.300000000000001,-5.699999999999999,7,Hero,0.8400193282536098,0.930602422782353
851,4.1000000000000005,-5.8999999999999995,9,Hero,0.8311365842819214,0.999966475698683
852,4.6000000000000005,-5.3999999999999995,4,Hero,0.6361600086092949,0.7625683918595314
853,4.0,-6.0,10,Hero,0.6211861573159695,0.948029363155365
854,4.4,-5.6,6,Hero,0.6425347725550333,0.8860357602437338
855,3.0999999999999996,-6.9,19,Hero,0.7458273721368689,0.8623013496398926
856,2.1999999999999993,-7.800000000000001,28,Hero,0.7295764100604823,0.961637230856078
857,4.5,-5.5,5,Hero,0.4578480839729309,0.9999300956726074
858,4.5,-5.5,5,Hero,0.7109717518091202,0.9053298115730286
859,1.5999999999999988,-8.400000000000002,34,Hero,0.8338481051956906,0.9595789991538314
860,-4.999999999999998,-4.999999999999998,50,None,0.9523191721737385,0.9995190441608429
861,4.2,-5.8,8,Hero,0.9031313806772232,0.8956330753862858
862,-4.999999999999998,-4.999999999999998,50,None,0.9435771633684635,0.9999961495399475
863,0.6999999999999993,-9.3,43,Hero,0.8358426444059195,0.9991898231728132
864,4.9,-5.1,1,Hero,0.9698876738548279,0.9998927116394043
865,4.1000000000000005,-5.8999999999999995,9,Hero,0.7023845314979553,0.8246531635522842
866,4.0,-6.0,10,Hero,0.8792047500610352,0.966406500339508
867,-5.3,4.7,3,Villain,0.9977229634920756,0.9811702768007914
868,3.6000000000000005,-6.3999999999999995,14,Hero,0.6434193998575211,0.9999828508922032
869,3.6000000000000005,-6.3999999999999995,14,Hero,0.5709035880863667,0.9998680608613151
870,4.4,-5.6,6,Hero,0.9389611879984537,0.9400996963183085
871,4.800000000000001,-5.199999999999999,2,Hero,0.4994582012295723,1.0
872,3.0,-7.0,20,Hero,0.6363244354724884,0.9803366661071777
873,3.9000000000000004,-6.1,11,Hero,0.4696636433628472,0.99998939037323
874,4.1000000000000005,-5.8999999999999995,9,Hero,0.7394916481441922,0.9276736908488803
875,4.300000000000001,-5.699999999999999,7,Hero,0.5147048532962799,0.9768656151635307
876,4.1000000000000005,-5.8999999999999995,9,Hero,0.7152670787440406,0.9845175875557793
877,3.9000000000000004,-6.1,11,Hero,0.6452778550711545,0.9965354420922019
878,3.2,-6.8,18,Hero,0.6287536648127975,0.9974333478344811
879,4.800000000000001,-5.199999999999999,2,Hero,0.8787932693958282,0.9999999403953552
880,3.6000000000000005,-6.3999999999999995,14,Hero,0.6047645716794899,0.9950544876711709
881,4.6000000000000005,-5.3999999999999995,4,Hero,0.5602144449949265,1.0
882,4.7,-5.3,3,Hero,0.6542766839265823,1.0
883,4.4,-5.6,6,Hero,0.7868208736181259,0.999999980131785
884,4.9,-5.1,1,Hero,0.9463710188865662,1.0
885,3.4000000000000004,-6.6,16,Hero,0.5641002476913854,0.9133872427046299
886,4.5,-5.5,5,Hero,0.7707486182451249,0.9999900817871094
887,-4.999999999999998,-4.999999999999998,50,None,0.8098380541801453,0.9552715767920017
888,-4.999999999999998,-4.999999999999998,50,None,0.7774387428164482,0.9718843981623649
889,4.6000000000000005,-5.3999999999999995,4,Hero,0.4654882997274399,0.9999964833259583
890,4.300000000000001,-5.699999999999999,7,Hero,0.8023788609674999,1.0
891,3.3,-6.7,17,Hero,0.5454460847027162,0.9288835367735695
892,4.4,-5.6,6,Hero,0.959704170624415,0.9999989072481791
893,3.5,-6.5,15,Hero,0.7845010389884313,0.9764845450719197
894,3.9000000000000004,-6.1,11,Hero,0.644824204119769,0.9999996640465476
895,4.4,-5.6,6,Hero,0.686322420835495,0.9999999205271403
896,3.5,-6.5,15,Hero,0.7642583002646764,0.9769495924313863
897,3.3,-6.7,17,Hero,0.6530429124832153,0.9830412759500391
898,4.2,-5.8,8,Hero,0.8128178752958775,0.9999999850988388
899,4.0,-6.0,10,Hero,0.6560021370649338,1.0
900,2.2999999999999994,-7.700000000000001,27,Hero,0.6454039933504881,0.9892258820710359
901,0.9999999999999982,-9.000000000000002,40,Hero,0.9427862843498588,0.9844197615981102
902,2.2999999999999994,-7.700000000000001,27,Hero,0.6043875073945081,0.9999855580153288
903,3.3,-6.7,17,Hero,0.7041609081275323,0.9740311678718118
904,-4.999999999999998,-4.999999999999998,50,None,0.8172754471004009,0.9929253149032593
905,-5.3999999999999995,4.6000000000000005,4,Villain,0.9827282875776291,0.636904951184988
906,-5.5,4.5,5,Villain,0.9613659501075744,0.9201669931411743
907,4.1000000000000005,-5.8999999999999995,9,Hero,0.5940972963968912,1.0
908,4.2,-5.8,8,Hero,0.5906818136572838,1.0
909,4.2,-5.8,8,Hero,0.6408844739198685,0.9999681040644646
910,4.6000000000000005,-5.3999999999999995,4,Hero,0.7205165401101112,1.0
911,-5.199999999999999,4.800000000000001,2,Villain,0.49338027834892273,0.986691951751709
912,2.9,-7.1,21,Hero,0.6474998394648234,0.9319059799114863
913,4.1000000000000005,-5.8999999999999995,9,Hero,0.7972404426998563,0.9999923308690389
914,3.2,-6.8,18,Hero,0.6721205818984244,0.9999999867545234
915,4.800000000000001,-5.199999999999999,2,Hero,0.5318342596292496,1.0
916,-5.5,4.5,5,Villain,0.5449685215950012,0.9999996185302734
917,4.2,-5.8,8,Hero,0.7303500734269619,0.9999998956918716
918,4.5,-5.5,5,Hero,0.6175370395183564,1.0
919,3.4000000000000004,-6.6,16,Hero,0.636900301091373,0.9998996891081333
920,3.9000000000000004,-6.1,11,Hero,0.617280048402873,0.999995849349282
921,3.7,-6.3,13,Hero,0.6921530709816859,1.0
922,4.0,-6.0,10,Hero,0.7478535413742066,0.9999868512153626
923,3.6000000000000005,-6.3999999999999995,14,Hero,0.865355443741594,1.0
924,4.0,-6.0,10,Hero,0.7736929282546043,0.9999990701675415
925,3.9000000000000004,-6.1,11,Hero,0.5294922603802248,0.9999971281398427
926,3.6000000000000005,-6.3999999999999995,14,Hero,0.6448563834918397,0.999999965940203
927,1.899999999999999,-8.100000000000001,31,Hero,0.6781059778746097,0.9999990501711445
928,3.8000000000000007,-6.199999999999999,12,Hero,0.5862839743494987,1.0
929,4.1000000000000005,-5.8999999999999995,9,Hero,0.7226147386762831,1.0
930,3.8000000000000007,-6.199999999999999,12,Hero,0.7209563540915648,0.9999977350234985
931,3.6000000000000005,-6.3999999999999995,14,Hero,0.6590419812294256,0.999929564339774
932,3.4000000000000004,-6.6,16,Hero,0.5174338668584824,0.9999998062849045
933,2.4999999999999996,-7.5,25,Hero,0.5072185707092285,0.9999995183944702
934,4.0,-6.0,10,Hero,0.5368087355047464,1.0
935,3.7,-6.3,13,Hero,0.7746981313595405,0.9168928105813953
936,-5.3999999999999995,4.6000000000000005,4,Villain,0.8683270961046219,0.9999205023050308
937,-5.1,4.9,1,Villain,0.5794802308082581,0.9999995231628418
938,3.5,-6.5,15,Hero,0.5817459007104238,0.9999851902325948
939,3.7,-6.3,13,Hero,0.7120954018945878,0.9999908392245953
940,4.4,-5.6,6,Hero,0.5989236533641815,1.0
941,3.0999999999999996,-6.9,19,Hero,0.4354882193239112,0.9999566642861617
942,3.6000000000000005,-6.3999999999999995,14,Hero,0.5618889134909425,0.9999999574252537
943,4.800000000000001,-5.199999999999999,2,Hero,0.8450167775154114,1.0
944,4.0,-6.0,10,Hero,0.8162148781120777,1.0
945,4.6000000000000005,-5.3999999999999995,4,Hero,0.6848879717290401,1.0
946,2.2999999999999994,-7.700000000000001,27,Hero,0.6962265736526914,0.9691455601542084
947,4.1000000000000005,-5.8999999999999995,9,Hero,0.5864092144701216,1.0
948,3.3,-6.7,17,Hero,0.5975879194105372,0.9999942849664127
949,3.7,-6.3,13,Hero,0.6919692224608018,0.9999837141770583
950,4.0,-6.0,10,Hero,0.8239699125289917,0.999999749660492
951,3.3,-6.7,17,Hero,0.6112943046233233,0.9683649592539844
952,4.0,-6.0,10,Hero,0.8060338452458382,1.0
953,4.9,-5.1,1,Hero,0.6901325583457947,1.0
954,3.5,-6.5,15,Hero,0.6525198326756557,0.9986507415771484
955,3.7,-6.3,13,Hero,0.5609000963517107,0.9805707977368281
956,4.0,-6.0,10,Hero,0.6384207665920257,1.0
957,4.1000000000000005,-5.8999999999999995,9,Hero,0.649274523059527,0.9999154938591851
958,3.8000000000000007,-6.199999999999999,12,Hero,0.6208251143495241,0.9999810407559077
959,3.5,-6.5,15,Hero,0.7073401426275571,0.9693337877591451
960,3.7,-6.3,13,Hero,0.5894896731926844,0.9717854994993943
961,4.300000000000001,-5.699999999999999,7,Hero,0.5378585755825043,0.9999919618879046
962,4.1000000000000005,-5.8999999999999995,9,Hero,0.7818307114972008,1.0
963,4.9,-5.1,1,Hero,0.3666408061981201,1.0
964,4.4,-5.6,6,Hero,0.7637031078338623,1.0
965,3.6000000000000005,-6.3999999999999995,14,Hero,0.6651069415467126,0.9788694722311837
966,-5.3,4.7,3,Villain,0.9664761622746786,0.9999790986378988
967,4.2,-5.8,8,Hero,0.6016966607421637,0.9999999701976776
968,4.800000000000001,-5.199999999999999,2,Hero,0.9890660345554352,1.0
969,2.2999999999999994,-7.700000000000001,27,Hero,0.7238220975354865,0.9999990065892538
970,4.7,-5.3,3,Hero,0.6706481923659643,1.0
971,4.5,-5.5,5,Hero,0.9785186648368835,0.8772277474403382
972,3.8000000000000007,-6.199999999999999,12,Hero,0.7934201695024967,1.0
973,1.4999999999999987,-8.500000000000002,35,Hero,0.8795878782868385,1.0
974,1.1999999999999984,-8.8,38,Hero,0.7108321801612252,0.9998691599620017
975,3.4000000000000004,-6.6,16,Hero,0.6594552053138614,0.9999985992908478
976,4.4,-5.6,6,Hero,0.9922423362731934,1.0
977,3.4000000000000004,-6.6,16,Hero,0.696902141906321,0.9999017305672169
978,4.1000000000000005,-5.8999999999999995,9,Hero,0.6890503499242995,1.0
979,3.3,-6.7,17,Hero,0.620424384579939,0.999949153731851
980,3.3,-6.7,17,Hero,0.6421517246978029,0.9999676977886873
981,4.2,-5.8,8,Hero,0.5615034997463226,1.0
982,3.9000000000000004,-6.1,11,Hero,0.6208708557215604,1.0
983,4.1000000000000005,-5.8999999999999995,9,Hero,0.7031909318433868,1.0
984,4.4,-5.6,6,Hero,0.9816437760988871,1.0
985,4.4,-5.6,6,Hero,0.6663880546887716,1.0
986,3.2,-6.8,18,Hero,0.6443268313176103,0.9915010266833835
987,4.5,-5.5,5,Hero,0.6859775573015213,1.0
988,3.8000000000000007,-6.199999999999999,12,Hero,0.7771062701940536,0.9999435395002365
989,-5.5,4.5,5,Villain,0.8006998538970947,1.0
990,4.300000000000001,-5.699999999999999,7,Hero,0.6994577646255493,1.0
991,3.7,-6.3,13,Hero,0.5774179719961606,0.9999999908300546
992,3.4000000000000004,-6.6,16,Hero,0.6191212399862707,0.9999996870756149
993,4.300000000000001,-5.699999999999999,7,Hero,0.45693678515298025,1.0
994,3.3,-6.7,17,Hero,0.6782856688779944,0.9999942639294792
995,-5.8,4.2,8,Villain,0.7278318963944912,0.9999957084655762
996,4.1000000000000005,-5.8999999999999995,9,Hero,0.6767711639404297,1.0
997,4.2,-5.8,8,Hero,0.5913610383868217,1.0
998,4.1000000000000005,-5.8999999999999995,9,Hero,0.7561323874526553,1.0
999,4.0,-6.0,10,Hero,0.7865106970071792,1.0
1000,4.4,-5.6,6,Hero,0.5888868023951849,1.0
1001,3.8000000000000007,-6.199999999999999,12,Hero,0.7327602207660675,0.9999998410542806
1002,3.2,-6.8,18,Hero,0.582617349922657,0.9902613461017609
1003,4.4,-5.6,6,Hero,0.5689098238945007,1.0
1004,1.9999999999999991,-8.0,30,Hero,0.6008060812950134,0.9935999631881713
1005,4.0,-6.0,10,Hero,0.5851514577865601,1.0
1006,3.4000000000000004,-6.6,16,Hero,0.6309708589687943,0.9999906048178673
1007,4.4,-5.6,6,Hero,0.7990274031956991,1.0
1008,4.0,-6.0,10,Hero,0.5928982108831405,1.0
1009,3.9000000000000004,-6.1,11,Hero,0.6096002459526062,1.0
1010,3.2,-6.8,18,Hero,0.6009511947631836,0.9940402110417684
1011,-5.5,4.5,5,Villain,0.5751034140586853,1.0
1012,4.5,-5.5,5,Hero,0.60450199842453,1.0
1013,3.8000000000000007,-6.199999999999999,12,Hero,0.6216948380072912,1.0
1014,4.2,-5.8,8,Hero,0.6869590021669865,1.0
1015,3.0999999999999996,-6.9,19,Hero,0.5695612953338576,0.9975135702835886
1016,3.6000000000000005,-6.3999999999999995,14,Hero,0.589989898460252,0.9999985950333732
1017,4.6000000000000005,-5.3999999999999995,4,Hero,0.6448510363698006,1.0
1018,4.6000000000000005,-5.3999999999999995,4,Hero,0.7528943568468094,1.0
1019,4.5,-5.5,5,Hero,0.5951409637928009,1.0
1020,3.5,-6.5,15,Hero,0.6531485100587209,0.9999646822611491
1021,4.6000000000000005,-5.3999999999999995,4,Hero,0.7174158617854118,1.0
1022,3.0999999999999996,-6.9,19,Hero,0.6276155895504513,0.999965322645087
1023,4.300000000000001,-5.699999999999999,7,Hero,0.8239344188145229,1.0
1024,4.2,-5.8,8,Hero,0.5367546435445547,1.0
1025,3.9000000000000004,-6.1,11,Hero,0.5474987819113515,1.0
1026,4.9,-5.1,1,Hero,0.26311469078063965,1.0
1027,3.0999999999999996,-6.9,19,Hero,0.5311522252465549,0.9905232693019667
1028,3.9000000000000004,-6.1,11,Hero,0.8072295402261344,1.0
1029,3.4000000000000004,-6.6,16,Hero,0.6006797421723604,1.0
1030,4.9,-5.1,1,Hero,0.8916475176811218,1.0
1031,4.1000000000000005,-5.8999999999999995,9,Hero,0.5331351326571571,1.0
1032,4.5,-5.5,5,Hero,0.5123294949531555,1.0
1033,4.1000000000000005,-5.8999999999999995,9,Hero,0.8635475271277957,1.0
1034,-5.699999999999999,4.300000000000001,7,Villain,0.9817869918687003,1.0
1035,-5.1,4.9,1,Villain,0.7524704933166504,1.0
1036,3.5,-6.5,15,Hero,0.6525205882887045,1.0
1037,-6.5,3.5,15,Villain,0.6271160980065663,1.0
1038,2.9,-7.1,21,Hero,0.6668698340654373,1.0
1039,1.9999999999999991,-8.0,30,Hero,0.7825399038071433,1.0
1040,3.6000000000000005,-6.3999999999999995,14,Hero,0.6811806836298534,1.0
1041,-5.699999999999999,4.300000000000001,7,Villain,0.9348609362329755,1.0
1042,4.300000000000001,-5.699999999999999,7,Hero,0.7732816168240139,1.0
1043,4.6000000000000005,-5.3999999999999995,4,Hero,0.6001535914838314,1.0
1044,3.9000000000000004,-6.1,11,Hero,0.6417132074182684,1.0
1045,4.0,-6.0,10,Hero,0.8353950828313828,1.0
1046,3.7,-6.3,13,Hero,0.7010001196311071,0.9999998899606558
1047,4.0,-6.0,10,Hero,0.8514850467443467,1.0
1048,3.0,-7.0,20,Hero,0.600040502846241,0.950901130028069
1049,4.6000000000000005,-5.3999999999999995,4,Hero,0.5388443246483803,1.0
1050,-5.1,4.9,1,Villain,0.11105135828256607,0.9998915195465088
1051,3.7,-6.3,13,Hero,0.6493736734757056,1.0
1052,4.1000000000000005,-5.8999999999999995,9,Hero,0.6597222487131754,1.0
1053,4.2,-5.8,8,Hero,0.9851319417357445,1.0
1054,-5.8,4.2,8,Villain,0.5831355890259147,1.0
1055,4.1000000000000005,-5.8999999999999995,9,Hero,0.6132865150769552,1.0
1056,3.9000000000000004,-6.1,11,Hero,0.7513489885763689,1.0
1057,3.8000000000000007,-6.199999999999999,12,Hero,0.5545866296937069,1.0
1058,-4.999999999999998,-4.999999999999998,50,None,0.9310413806885481,1.0
1059,4.7,-5.3,3,Hero,0.9919274648030599,1.0
1060,4.800000000000001,-5.199999999999999,2,Hero,0.9980294108390808,1.0
1061,4.2,-5.8,8,Hero,0.9989576935768127,1.0
1062,4.2,-5.8,8,Hero,0.9991342946887016,1.0
1063,2.5999999999999996,-7.4,24,Hero,0.8417880202954015,1.0
1064,-4.999999999999998,-4.999999999999998,50,None,0.8511185976862907,1.0
1065,-4.999999999999998,-4.999999999999998,50,None,0.8567435042560101,1.0
1066,3.2,-6.8,18,Hero,0.8011410240497854,1.0
1067,4.300000000000001,-5.699999999999999,7,Hero,0.9949895398957389,1.0
1068,0.9999999999999982,-9.000000000000002,40,Hero,0.7940609376877547,1.0
1069,3.4000000000000004,-6.6,16,Hero,0.6092009891290218,0.9999999776482582
1070,4.0,-6.0,10,Hero,0.9141587942838669,1.0
1071,2.4999999999999996,-7.5,25,Hero,0.6954788795113563,1.0
1072,3.2,-6.8,18,Hero,0.6228218111726973,0.9992658065425025
1073,4.800000000000001,-5.199999999999999,2,Hero,0.5339720994234085,1.0
1074,4.5,-5.5,5,Hero,0.8268840789794922,1.0
1075,4.2,-5.8,8,Hero,0.7942715212702751,1.0
1076,3.6000000000000005,-6.3999999999999995,14,Hero,0.7413855248263904,1.0
1077,-5.1,4.9,1,Villain,0.9989268183708191,1.0
1078,3.2,-6.8,18,Hero,0.6937905616230435,0.9999377164575789
1079,4.4,-5.6,6,Hero,0.9879975318908691,1.0
1080,3.7,-6.3,13,Hero,0.6715355721803812,1.0
1081,3.7,-6.3,13,Hero,0.6563129046788583,1.0
1082,3.8000000000000007,-6.199999999999999,12,Hero,0.7034287204345068,1.0
1083,4.5,-5.5,5,Hero,0.692529946565628,1.0
1084,4.0,-6.0,10,Hero,0.8022106494754553,1.0
1085,3.8000000000000007,-6.199999999999999,12,Hero,0.686173519740502,1.0
1086,4.300000000000001,-5.699999999999999,7,Hero,0.6057693553822381,1.0
1087,-4.999999999999998,-4.999999999999998,50,None,0.9248381938040257,1.0
1088,2.1999999999999993,-7.800000000000001,28,Hero,0.8913498721750719,1.0
1089,3.2,-6.8,18,Hero,0.5876149220599068,1.0
1090,-4.999999999999998,-4.999999999999998,50,None,0.8484687409549951,1.0
1091,4.0,-6.0,10,Hero,0.644291228055954,1.0
1092,0.40000000000000036,-9.6,46,Hero,0.8753476781041726,1.0
1093,1.9999999999999991,-8.0,30,Hero,0.7793793772657712,1.0
1094,4.800000000000001,-5.199999999999999,2,Hero,0.9635904729366302,1.0
1095,4.2,-5.8,8,Hero,0.8321405919268727,1.0
1096,-4.999999999999998,-4.999999999999998,50,None,0.9206668353080749,1.0
1097,4.5,-5.5,5,Hero,0.9989891052246094,1.0
1098,4.1000000000000005,-5.8999999999999995,9,Hero,0.6375117732418908,1.0
1099,4.4,-5.6,6,Hero,0.9989635547002157,1.0
1100,3.8000000000000007,-6.199999999999999,12,Hero,0.5720758823057016,1.0
1101,3.9000000000000004,-6.1,11,Hero,0.6041524843736128,1.0
1102,4.7,-5.3,3,Hero,0.9983342091242472,1.0
1103,3.4000000000000004,-6.6,16,Hero,0.6268072831444442,1.0
1104,3.7,-6.3,13,Hero,0.676526366518094,0.9999987895672138
1105,3.6000000000000005,-6.3999999999999995,14,Hero,0.6889987375055041,1.0
1106,3.4000000000000004,-6.6,16,Hero,0.6627709958702326,0.999999575316906
1107,3.7,-6.3,13,Hero,0.5785205414017233,1.0
1108,3.5,-6.5,15,Hero,0.6690193037192027,0.9999972740809123
1109,3.2,-6.8,18,Hero,0.6052023933993446,1.0
1110,3.2,-6.8,18,Hero,0.6920993513324194,0.9844219419691298
1111,3.8000000000000007,-6.199999999999999,12,Hero,0.6725296204288801,1.0
1112,4.2,-5.8,8,Hero,0.8349061571061611,1.0
1113,3.3,-6.7,17,Hero,0.655958338695414,1.0
1114,4.1000000000000005,-5.8999999999999995,9,Hero,0.8892505168914795,1.0
1115,4.2,-5.8,8,Hero,0.7247198205441236,1.0
1116,3.4000000000000004,-6.6,16,Hero,0.7153536919504404,1.0
1117,4.5,-5.5,5,Hero,0.6403493374586106,1.0
1118,4.5,-5.5,5,Hero,0.6770743727684021,1.0
1119,3.4000000000000004,-6.6,16,Hero,0.6600448675453663,0.9999986886978149
1120,3.7,-6.3,13,Hero,0.7173440525164971,1.0
1121,-5.8,4.2,8,Villain,0.8507124222815037,1.0
1122,0.5,-9.5,45,Hero,0.8203452253507243,0.9999475955963135
1123,-6.0,4.0,10,Villain,0.6549742482602596,1.0
1124,4.2,-5.8,8,Hero,0.871509330580011,1.0
1125,3.0,-7.0,20,Hero,0.7750078428536653,1.0
1126,3.2,-6.8,18,Hero,0.8292600880894396,1.0
1127,2.9,-7.1,21,Hero,0.7340044010253179,1.0
1128,3.8000000000000007,-6.199999999999999,12,Hero,0.4935359377413988,1.0
1129,-4.999999999999998,-4.999999999999998,50,None,0.8866382770612836,1.0
1130,3.2,-6.8,18,Hero,0.643941174248337,1.0
1131,-4.999999999999998,-4.999999999999998,50,None,0.9614717048406601,1.0
1132,-4.999999999999998,-4.999999999999998,50,None,0.9641247347835451,1.0
1133,3.3,-6.7,17,Hero,0.6167367994785309,1.0
1134,-4.999999999999998,-4.999999999999998,50,None,0.9624530262127519,1.0
1135,-5.8999999999999995,4.1000000000000005,9,Villain,0.6914084868298637,0.9999999337726169
1136,3.7,-6.3,13,Hero,0.762838968863854,1.0
1137,4.4,-5.6,6,Hero,0.6306697428226471,1.0
1138,0.5,-9.5,45,Hero,0.8078374337818888,1.0
1139,3.8000000000000007,-6.199999999999999,12,Hero,0.62575563788414,1.0
1140,3.0,-7.0,20,Hero,0.754143325611949,1.0
1141,-5.5,4.5,5,Villain,0.9940606355667114,1.0
1142,4.1000000000000005,-5.8999999999999995,9,Hero,0.638284264339341,1.0
1143,3.9000000000000004,-6.1,11,Hero,0.6395360773259943,1.0
1144,-6.3,3.7,13,Villain,0.6802892226439256,1.0
1145,-6.5,3.5,15,Villain,0.708943298459053,0.996554454167684
1146,3.2,-6.8,18,Hero,0.6576188455025355,0.999999980131785
1147,-5.199999999999999,4.800000000000001,2,Villain,0.5638129711151123,1.0
1148,1.6999999999999988,-8.3,33,Hero,0.9471936623255411,1.0
1149,4.0,-6.0,10,Hero,0.6204910218715668,1.0
1150,4.0,-6.0,10,Hero,0.6725582718849182,1.0
1151,3.8000000000000007,-6.199999999999999,12,Hero,0.7605273090302944,1.0
1152,3.4000000000000004,-6.6,16,Hero,0.5439829990209546,1.0
1153,-4.999999999999998,-4.999999999999998,50,None,0.8551509863138199,0.9999999761581421
1154,4.0,-6.0,10,Hero,0.7572614535689354,1.0
1155,-5.8,4.2,8,Villain,0.5248099770396948,1.0
1156,4.7,-5.3,3,Hero,0.9208967089653015,1.0
1157,4.2,-5.8,8,Hero,0.9996271282434464,1.0
1158,-6.8,3.2,18,Villain,0.6553175428675281,0.9958900676833259
1159,-6.0,4.0,10,Villain,0.7000913798809052,1.0
1160,3.5,-6.5,15,Hero,0.6093952576319377,1.0
1161,2.2999999999999994,-7.700000000000001,27,Hero,0.6652583648209218,0.9999999426029347
1162,-4.999999999999998,-4.999999999999998,50,None,0.8726662970799953,1.0
1163,-4.999999999999998,-4.999999999999998,50,None,0.8580104856193066,0.9965175116062164
1164,-5.3999999999999995,4.6000000000000005,4,Villain,0.9994925111532211,1.0
1165,4.4,-5.6,6,Hero,0.5331027284264565,1.0
1166,4.5,-5.5,5,Hero,0.6182488858699798,1.0
1167,-6.5,3.5,15,Villain,0.6736474792162578,1.0
1168,3.7,-6.3,13,Hero,0.6454997658729553,1.0
1169,-5.8999999999999995,4.1000000000000005,9,Villain,0.9972082840071784,1.0
1170,-4.999999999999998,-4.999999999999998,50,None,0.9516408305242657,1.0
1171,-7.300000000000001,2.6999999999999997,23,Villain,0.9472162103604364,1.0
1172,-7.4,2.5999999999999996,24,Villain,0.82222063994656,1.0
1173,2.6999999999999997,-7.300000000000001,23,Hero,0.6080532184113627,1.0
1174,4.5,-5.5,5,Hero,0.8555529952049256,1.0
1175,-7.6000000000000005,2.3999999999999995,26,Villain,0.8300137582163398,0.9999947639612051
1176,-4.999999999999998,-4.999999999999998,50,None,0.8448947738483548,0.9931384325027466
1177,4.2,-5.8,8,Hero,0.9997798725962639,1.0
1178,-4.999999999999998,-4.999999999999998,50,None,0.8611946052312851,0.9999747836589813
1179,3.0,-7.0,20,Hero,0.5782222218811512,0.9999997973442077
1180,1.1999999999999984,-8.8,38,Hero,0.7616186596845326,1.0
1181,4.9,-5.1,1,Hero,0.9957828521728516,1.0
1182,4.1000000000000005,-5.8999999999999995,9,Hero,0.6571044077475866,1.0
1183,3.5,-6.5,15,Hero,0.7699832019706567,1.0
1184,3.3,-6.7,17,Hero,0.9333479068077662,1.0
1185,3.4000000000000004,-6.6,16,Hero,0.674972977489233,1.0
1186,2.6999999999999997,-7.300000000000001,23,Hero,0.7376186423327612,1.0
1187,4.6000000000000005,-5.3999999999999995,4,Hero,0.6459009945392609,1.0
1188,4.5,-5.5,5,Hero,0.7577352076768875,1.0
1189,-4.999999999999998,-4.999999999999998,50,None,0.9075728024542332,1.0
1190,-5.1,4.9,1,Villain,0.37614426016807556,1.0
1191,4.1000000000000005,-5.8999999999999995,9,Hero,0.6224242018328773,1.0
1192,4.5,-5.5,5,Hero,0.9961389780044556,1.0
1193,4.2,-5.8,8,Hero,0.7813096940517426,1.0
1194,-4.999999999999998,-4.999999999999998,50,None,0.9145195285975933,1.0
1195,3.5,-6.5,15,Hero,0.7418115322788557,0.9999999125798543
1196,-4.999999999999998,-4.999999999999998,50,None,0.8560808612406254,1.0
1197,4.6000000000000005,-5.3999999999999995,4,Hero,0.6570975556969643,1.0
1198,4.4,-5.6,6,Hero,0.9783567090829214,1.0
1199,4.4,-5.6,6,Hero,0.9746393958727518,1.0
1200,4.0,-6.0,10,Hero,0.8303358674049377,1.0
1201,4.0,-6.0,10,Hero,0.9103596329689025,1.0
1202,4.0,-6.0,10,Hero,0.659339040517807,1.0
1203,3.8000000000000007,-6.199999999999999,12,Hero,0.703573785101374,0.9999884168306986
1204,-4.999999999999998,-4.999999999999998,50,None,0.9022371131181717,1.0
1205,1.899999999999999,-8.100000000000001,31,Hero,0.860068216559387,1.0
1206,4.300000000000001,-5.699999999999999,7,Hero,0.9599087323461261,1.0
1207,-6.0,4.0,10,Villain,0.8169598996639251,0.9999992609024048
1208,3.8000000000000007,-6.199999999999999,12,Hero,0.9053907422348857,1.0
1209,4.1000000000000005,-5.8999999999999995,9,Hero,0.7431967159112295,1.0
1210,-4.999999999999998,-4.999999999999998,50,None,0.9887917649745941,1.0
1211,3.7,-6.3,13,Hero,0.6996676738445575,1.0
1212,4.7,-5.3,3,Hero,0.9984671870867411,1.0
1213,-5.3,4.7,3,Villain,0.8801343639691671,1.0
1214,1.4999999999999987,-8.500000000000002,35,Hero,0.9520334256546837,1.0
1215,4.300000000000001,-5.699999999999999,7,Hero,0.648043325969151,1.0
1216,4.2,-5.8,8,Hero,0.7734447568655014,1.0
1217,-6.3999999999999995,3.6000000000000005,14,Villain,0.571556321744408,0.9710181525775364
1218,4.5,-5.5,5,Hero,0.6806402683258057,1.0
1219,3.7,-6.3,13,Hero,0.8736624015638461,1.0
1220,1.0999999999999983,-8.900000000000002,39,Hero,0.7603635303676128,1.0
1221,-5.5,4.5,5,Villain,0.9871957421302795,1.0
1222,4.4,-5.6,6,Hero,0.6100955903530121,1.0
1223,-5.8,4.2,8,Villain,0.542440589517355,1.0
1224,-6.7,3.3,17,Villain,0.58052147179842,1.0
1225,-6.6,3.4000000000000004,16,Villain,0.5880077322944999,0.9999996423721313
1226,3.5,-6.5,15,Hero,0.6606505225102107,1.0
1227,1.1999999999999984,-8.8,38,Hero,0.9025855651615482,1.0
1228,1.6999999999999988,-8.3,33,Hero,0.584746326686758,0.999678272189516
1229,1.4999999999999987,-8.500000000000002,35,Hero,0.8981408007442951,1.0
1230,-4.999999999999998,-4.999999999999998,50,None,0.8831009438633919,1.0
1231,4.2,-5.8,8,Hero,0.7578059658408165,1.0
1232,-8.400000000000002,1.5999999999999988,34,Villain,0.5145203946706127,0.9999996599029092
1233,3.9000000000000004,-6.1,11,Hero,0.8065652266483415,1.0
1234,-5.8,4.2,8,Villain,0.6761120222508907,1.0
1235,3.2,-6.8,18,Hero,0.7486214447352622,1.0
1236,-5.1,4.9,1,Villain,0.918556809425354,1.0
1237,4.6000000000000005,-5.3999999999999995,4,Hero,0.9934844970703125,1.0
1238,-5.699999999999999,4.300000000000001,7,Villain,0.6409490917410169,1.0
1239,-4.999999999999998,-4.999999999999998,50,None,0.8384602290391922,1.0
1240,3.8000000000000007,-6.199999999999999,12,Hero,0.7743658684194088,1.0
1241,4.300000000000001,-5.699999999999999,7,Hero,0.7800313734582492,1.0
1242,4.4,-5.6,6,Hero,0.6487355579932531,1.0
1243,-5.199999999999999,4.800000000000001,2,Villain,0.6906925737857819,1.0
1244,4.1000000000000005,-5.8999999999999995,9,Hero,0.8958652781115638,1.0
1245,3.0999999999999996,-6.9,19,Hero,0.607554103983076,0.9995922854072169
1246,2.6999999999999997,-7.300000000000001,23,Hero,0.7141259526428969,1.0
1247,1.4999999999999987,-8.500000000000002,35,Hero,0.8337818139631833,1.0
1248,-4.999999999999998,-4.999999999999998,50,None,0.8182297721505165,0.9942551982402802
1249,3.6000000000000005,-6.3999999999999995,14,Hero,0.6903957926801273,1.0
1250,-4.999999999999998,-4.999999999999998,50,None,0.9589441874623299,1.0
1251,2.6999999999999997,-7.300000000000001,23,Hero,0.7661260479818219,1.0
1252,3.7,-6.3,13,Hero,0.846702980880554,1.0
1253,3.0,-7.0,20,Hero,0.6507635198533535,1.0
1254,-5.8999999999999995,4.1000000000000005,9,Villain,0.8456230461597443,1.0
1255,-5.3999999999999995,4.6000000000000005,4,Villain,0.9617168456315994,1.0
1256,3.0999999999999996,-6.9,19,Hero,0.6995647675112674,1.0
1257,-4.999999999999998,-4.999999999999998,50,None,0.9037840516865253,1.0
1258,4.0,-6.0,10,Hero,0.7317889377474784,1.0
1259,2.2999999999999994,-7.700000000000001,27,Hero,0.9454702979850548,1.0
1260,-5.8,4.2,8,Villain,0.6867205463349819,1.0
1261,4.0,-6.0,10,Hero,0.7893528997898102,1.0
1262,-4.999999999999998,-4.999999999999998,50,None,0.8930893670022487,1.0
1263,3.8000000000000007,-6.199999999999999,12,Hero,0.7882066642244657,1.0
1264,4.2,-5.8,8,Hero,0.889321357011795,1.0
1265,2.9,-7.1,21,Hero,0.6684879170996803,0.9999999886467343
1266,4.2,-5.8,8,Hero,0.6264776475727558,1.0
1267,4.300000000000001,-5.699999999999999,7,Hero,0.9994785615376064,1.0
1268,4.9,-5.1,1,Hero,0.7759276628494263,1.0
1269,3.9000000000000004,-6.1,11,Hero,0.6045244092291052,1.0
1270,3.5,-6.5,15,Hero,0.6506675774852435,0.9999990304311116
1271,-4.999999999999998,-4.999999999999998,50,None,0.9351306668668985,1.0
1272,4.5,-5.5,5,Hero,0.9999813079833985,1.0
1273,-4.999999999999998,-4.999999999999998,50,None,0.8517200270295143,1.0
1274,3.6000000000000005,-6.3999999999999995,14,Hero,0.6077533337686744,0.9999998211860657
1275,4.1000000000000005,-5.8999999999999995,9,Hero,0.6094515985912747,1.0
1276,-4.999999999999998,-4.999999999999998,50,None,0.9452715000137687,1.0
1277,4.1000000000000005,-5.8999999999999995,9,Hero,0.8682092858685387,1.0
1278,3.5,-6.5,15,Hero,0.6271687869603435,0.9999999920527141
1279,-5.6,4.4,6,Villain,0.9987712502479553,1.0
1280,-4.999999999999998,-4.999999999999998,50,None,0.9271434628963471,1.0
1281,-4.999999999999998,-4.999999999999998,50,None,0.9974636101722717,1.0
1282,3.7,-6.3,13,Hero,0.7044875209148114,0.9999988629267766
1283,4.7,-5.3,3,Hero,0.6518866022427877,1.0
1284,-4.999999999999998,-4.999999999999998,50,None,0.8954501358419656,1.0
1285,1.9999999999999991,-8.0,30,Hero,0.7493253340323766,0.9994046847025554
1286,2.6999999999999997,-7.300000000000001,23,Hero,0.6584290162376736,0.9999999948169874
1287,4.0,-6.0,10,Hero,0.6899800010025501,1.0
1288,2.6999999999999997,-7.300000000000001,23,Hero,0.6561566494081331,0.978512395983157
1289,-4.999999999999998,-4.999999999999998,50,None,0.9094012135267258,1.0
1290,3.2,-6.8,18,Hero,0.8684491649683979,1.0
1291,2.3999999999999995,-7.6000000000000005,26,Hero,0.7566274542074937,0.9999998486959017
1292,-4.999999999999998,-4.999999999999998,50,None,0.92894535318017,1.0
1293,3.6000000000000005,-6.3999999999999995,14,Hero,0.6991295399410384,0.9530686289072037
1294,-4.999999999999998,-4.999999999999998,50,None,0.8884462547302246,0.9999999904632568
1295,-4.999999999999998,-4.999999999999998,50,None,0.8528475621342659,0.9999998545646668
1296,4.2,-5.8,8,Hero,0.9823622927069664,1.0
1297,3.8000000000000007,-6.199999999999999,12,Hero,0.6545700021088123,1.0
1298,4.2,-5.8,8,Hero,0.9996584728360176,1.0
1299,-4.999999999999998,-4.999999999999998,50,None,0.8639371529221535,0.9999999904632568
1300,4.0,-6.0,10,Hero,0.5875227905809879,1.0
1301,1.6999999999999988,-8.3,33,Hero,0.9192824600207986,1.0
1302,3.0999999999999996,-6.9,19,Hero,0.5757085304511221,0.9994339629223472
1303,-6.199999999999999,3.8000000000000007,12,Villain,0.7778044740358988,1.0
1304,3.7,-6.3,13,Hero,0.7315916421894844,1.0
1305,2.1999999999999993,-7.800000000000001,28,Hero,0.8082091031329972,1.0
1306,4.800000000000001,-5.199999999999999,2,Hero,0.9191851913928986,1.0
1307,4.4,-5.6,6,Hero,0.8481899946928024,1.0
1308,4.0,-6.0,10,Hero,0.7302840799093246,1.0
1309,3.6000000000000005,-6.3999999999999995,14,Hero,0.6484801056129592,1.0
1310,4.4,-5.6,6,Hero,0.7459915926059087,1.0
1311,4.1000000000000005,-5.8999999999999995,9,Hero,0.8062824093633227,1.0
1312,-5.8999999999999995,4.1000000000000005,9,Villain,0.8227280411455367,1.0
1313,4.1000000000000005,-5.8999999999999995,9,Hero,0.8095287796523836,1.0
1314,-5.3999999999999995,4.6000000000000005,4,Villain,0.7083904147148132,1.0
1315,4.300000000000001,-5.699999999999999,7,Hero,0.842962771654129,1.0
1316,4.300000000000001,-5.699999999999999,7,Hero,0.9735709599086216,1.0
1317,3.5,-6.5,15,Hero,0.8040789882342021,1.0
1318,3.5,-6.5,15,Hero,0.7569261233011881,1.0
1319,4.0,-6.0,10,Hero,0.7969666957855225,1.0
1320,3.8000000000000007,-6.199999999999999,12,Hero,0.8301999125008782,1.0
1321,1.4999999999999987,-8.500000000000002,35,Hero,0.8371425582894257,1.0
1322,4.5,-5.5,5,Hero,0.8590846955776215,1.0
1323,3.3,-6.7,17,Hero,0.6559590219574816,0.9999998527414659
1324,3.8000000000000007,-6.199999999999999,12,Hero,0.5797779063383738,1.0
1325,4.2,-5.8,8,Hero,0.7008200837299228,1.0
1326,0.20000000000000107,-9.799999999999999,48,Hero,0.7774057793430984,0.9999866870542368
1327,4.2,-5.8,8,Hero,0.6297135315835476,1.0
1328,3.8000000000000007,-6.199999999999999,12,Hero,0.8262622306744257,1.0
1329,2.6999999999999997,-7.300000000000001,23,Hero,0.8085737992887911,1.0
1330,4.300000000000001,-5.699999999999999,7,Hero,0.7809627311570304,1.0
1331,3.6000000000000005,-6.3999999999999995,14,Hero,0.679695297564779,1.0
1332,4.0,-6.0,10,Hero,0.5794339895248413,1.0
1333,-5.8999999999999995,4.1000000000000005,9,Villain,0.6182867748041948,1.0
1334,-6.3,3.7,13,Villain,0.7771902496998127,1.0
1335,4.4,-5.6,6,Hero,0.907723476489385,1.0
1336,4.9,-5.1,1,Hero,0.9887351393699646,1.0
1337,3.8000000000000007,-6.199999999999999,12,Hero,0.742978053788344,1.0
1338,4.300000000000001,-5.699999999999999,7,Hero,0.8117849145616803,1.0
1339,1.799999999999999,-8.200000000000001,32,Hero,0.8327452957164496,1.0
1340,4.2,-5.8,8,Hero,0.741541426628828,1.0
1341,4.300000000000001,-5.699999999999999,7,Hero,0.9994880046163287,1.0
1342,-6.0,4.0,10,Villain,0.6564509630203247,1.0
1343,-7.0,3.0,20,Villain,0.7642277605831623,1.0
1344,-6.3999999999999995,3.6000000000000005,14,Villain,0.7243955635598728,1.0
1345,-6.3999999999999995,3.6000000000000005,14,Villain,0.7391439207962581,0.9999989782060895
1346,-4.999999999999998,-4.999999999999998,50,None,0.8955848866701126,1.0
1347,1.5999999999999988,-8.400000000000002,34,Hero,0.7293155276600052,1.0
1348,3.5,-6.5,15,Hero,0.7234237005701288,1.0
1349,-4.999999999999998,-4.999999999999998,50,None,0.9832458639144898,1.0
1350,4.0,-6.0,10,Hero,0.7188137084245682,1.0
1351,4.800000000000001,-5.199999999999999,2,Hero,0.9980866014957428,1.0
1352,-6.199999999999999,3.8000000000000007,12,Villain,0.905437840304027,1.0
1353,-4.999999999999998,-4.999999999999998,50,None,0.9323481680452823,1.0
1354,-6.7,3.3,17,Villain,0.7003842644831714,1.0
1355,3.9000000000000004,-6.1,11,Hero,0.7340338826179504,1.0
1356,4.1000000000000005,-5.8999999999999995,9,Hero,0.6152044849263297,1.0
1357,4.2,-5.8,8,Hero,0.7265538088977337,1.0
1358,4.0,-6.0,10,Hero,0.6314375638961792,1.0
1359,4.0,-6.0,10,Hero,0.6637233436107636,1.0
1360,4.300000000000001,-5.699999999999999,7,Hero,0.828893498650619,1.0
1361,4.800000000000001,-5.199999999999999,2,Hero,0.9915129244327545,1.0
1362,-5.8,4.2,8,Villain,0.6236981935799122,1.0
1363,-5.8,4.2,8,Villain,0.7006358131766319,1.0
1364,4.1000000000000005,-5.8999999999999995,9,Hero,0.8326050308015611,1.0
1365,4.2,-5.8,8,Hero,0.870419442653656,1.0
1366,-4.999999999999998,-4.999999999999998,50,None,0.9818268942832947,1.0
1367,-4.999999999999998,-4.999999999999998,50,None,0.8199985402356833,0.9997643423080445
1368,1.2999999999999985,-8.700000000000001,37,Hero,0.8204423589883624,1.0
1369,-5.3999999999999995,4.6000000000000005,4,Villain,0.9843442291021347,1.0
1370,-4.999999999999998,-4.999999999999998,50,None,0.8646384726092219,1.0
1371,4.300000000000001,-5.699999999999999,7,Hero,0.9984603609357562,1.0
1372,-4.999999999999998,-4.999999999999998,50,None,0.9954882609844208,1.0
1373,-4.999999999999998,-4.999999999999998,50,None,0.8743343153595924,1.0
1374,-4.999999999999998,-4.999999999999998,50,None,0.9596937076747417,1.0
1375,4.300000000000001,-5.699999999999999,7,Hero,0.9998846650123596,1.0
1376,-4.999999999999998,-4.999999999999998,50,None,0.9031240397691727,1.0
1377,1.0999999999999983,-8.900000000000002,39,Hero,0.9240418833990892,1.0
1378,3.3,-6.7,17,Hero,0.844709243187133,1.0
1379,1.899999999999999,-8.100000000000001,31,Hero,0.8961089750932109,1.0
1380,3.5,-6.5,15,Hero,0.7371371328830719,1.0
1381,2.6999999999999997,-7.300000000000001,23,Hero,0.8636703406986983,1.0
1382,2.4999999999999996,-7.5,25,Hero,0.8104574106633663,1.0
1383,2.099999999999999,-7.9,29,Hero,0.9472392817381127,1.0
1384,2.8,-7.2,22,Hero,0.6105357513509013,0.9694373174147173
1385,4.6000000000000005,-5.3999999999999995,4,Hero,0.9862862378358841,1.0
1386,4.1000000000000005,-5.8999999999999995,9,Hero,0.9998928639623854,1.0
1387,-4.999999999999998,-4.999999999999998,50,None,0.882403319478035,1.0
1388,4.9,-5.1,1,Hero,0.9972273707389832,1.0
1389,4.1000000000000005,-5.8999999999999995,9,Hero,0.7927874128023783,1.0
1390,4.0,-6.0,10,Hero,0.9067666694521904,1.0
1391,4.4,-5.6,6,Hero,0.8383906036615372,1.0
1392,4.9,-5.1,1,Hero,0.9699357748031616,1.0
1393,4.6000000000000005,-5.3999999999999995,4,Hero,0.4507640711963177,1.0
1394,3.2,-6.8,18,Hero,0.6275148847036891,0.999999980131785
1395,2.9,-7.1,21,Hero,0.6539197131281808,0.9999999829701015
1396,3.8000000000000007,-6.199999999999999,12,Hero,0.6795791859428088,1.0
1397,4.4,-5.6,6,Hero,0.816724623243014,1.0
1398,3.0,-7.0,20,Hero,0.8480737928301096,1.0
1399,3.8000000000000007,-6.199999999999999,12,Hero,0.8057702307899793,1.0
1400,4.0,-6.0,10,Hero,0.7139858186244965,1.0
1401,4.300000000000001,-5.699999999999999,7,Hero,0.8040034430367606,1.0
1402,3.2,-6.8,18,Hero,0.6135040347774824,0.9999999867545234
1403,4.5,-5.5,5,Hero,0.7570250391960144,1.0
1404,3.9000000000000004,-6.1,11,Hero,0.8631750832904469,1.0
1405,4.0,-6.0,10,Hero,0.8003154397010803,1.0
1406,4.300000000000001,-5.699999999999999,7,Hero,0.6346704459616116,1.0
1407,3.8000000000000007,-6.199999999999999,12,Hero,0.7562083651622137,1.0
1408,4.300000000000001,-5.699999999999999,7,Hero,0.6167605263846261,1.0
1409,4.1000000000000005,-5.8999999999999995,9,Hero,0.6659259663687812,1.0
1410,4.0,-6.0,10,Hero,0.856499046087265,1.0
1411,4.5,-5.5,5,Hero,0.54460254535079,1.0
1412,3.9000000000000004,-6.1,11,Hero,0.8028946898200295,1.0
1413,4.2,-5.8,8,Hero,0.8653474664315581,1.0
1414,4.800000000000001,-5.199999999999999,2,Hero,0.7389892637729645,1.0
1415,4.300000000000001,-5.699999999999999,7,Hero,0.8827837365014213,1.0
1416,4.7,-5.3,3,Hero,0.9983108639717102,1.0
1417,3.9000000000000004,-6.1,11,Hero,0.8579970544034784,1.0
1418,4.0,-6.0,10,Hero,0.6819435685873032,1.0
1419,-5.3999999999999995,4.6000000000000005,4,Villain,0.9997530281543732,1.0
1420,4.4,-5.6,6,Hero,0.99702720840772,1.0
1421,4.6000000000000005,-5.3999999999999995,4,Hero,0.6609176993370056,1.0
1422,4.0,-6.0,10,Hero,0.6626632288098335,1.0
1423,-6.1,3.9000000000000004,11,Villain,0.6263077015226538,1.0
1424,2.4999999999999996,-7.5,25,Hero,0.763122866153717,1.0
1425,3.4000000000000004,-6.6,16,Hero,0.6489624455571175,1.0
1426,3.8000000000000007,-6.199999999999999,12,Hero,0.7317090332508087,1.0
1427,4.1000000000000005,-5.8999999999999995,9,Hero,0.9978475305769179,1.0
1428,4.800000000000001,-5.199999999999999,2,Hero,0.8533320128917694,1.0
1429,4.800000000000001,-5.199999999999999,2,Hero,0.9413141310214996,1.0
1430,3.8000000000000007,-6.199999999999999,12,Hero,0.6340317783566812,1.0
1431,4.0,-6.0,10,Hero,0.9132485449314117,1.0
1432,-6.3999999999999995,3.6000000000000005,14,Villain,0.6847739527001977,1.0
1433,2.8,-7.2,22,Hero,0.6294557350603017,1.0
1434,3.9000000000000004,-6.1,11,Hero,0.6691993800076571,1.0
1435,4.300000000000001,-5.699999999999999,7,Hero,0.6559028540338788,1.0
1436,2.6999999999999997,-7.300000000000001,23,Hero,0.48463477939367294,1.0
1437,-4.999999999999998,-4.999999999999998,50,None,0.922008545845747,1.0
1438,-4.999999999999998,-4.999999999999998,50,None,0.5385193391889334,1.0
1439,3.6000000000000005,-6.3999999999999995,14,Hero,0.6974179829869952,1.0
1440,3.6000000000000005,-6.3999999999999995,14,Hero,0.7044873636748109,1.0
1441,3.9000000000000004,-6.1,11,Hero,0.8930470062927767,1.0
1442,4.4,-5.6,6,Hero,0.849699596563975,1.0
1443,3.0,-7.0,20,Hero,0.674708180129528,1.0
1444,3.8000000000000007,-6.199999999999999,12,Hero,0.7297203956792752,1.0
1445,4.1000000000000005,-5.8999999999999995,9,Hero,0.8825304243299696,1.0
1446,2.1999999999999993,-7.800000000000001,28,Hero,0.7041718821440425,0.9557293845074517
1447,4.5,-5.5,5,Hero,0.734108966588974,1.0
1448,3.9000000000000004,-6.1,11,Hero,0.8018022911115126,1.0
1449,3.5,-6.5,15,Hero,0.6711867094039917,1.0
1450,3.3,-6.7,17,Hero,0.6064679561292424,0.9999999929876888
1451,4.1000000000000005,-5.8999999999999995,9,Hero,0.7951579528550307,1.0
1452,4.800000000000001,-5.199999999999999,2,Hero,0.9626602232456207,1.0
1453,4.800000000000001,-5.199999999999999,2,Hero,0.7004692852497101,1.0
1454,3.9000000000000004,-6.1,11,Hero,0.8178980242122303,1.0
1455,4.1000000000000005,-5.8999999999999995,9,Hero,0.9787129163742065,1.0
1456,4.2,-5.8,8,Hero,0.8116717729717493,1.0
1457,3.0999999999999996,-6.9,19,Hero,0.7051808751727405,0.9999995796304
1458,4.5,-5.5,5,Hero,0.7082547783851624,1.0
1459,-6.9,3.0999999999999996,19,Villain,0.6690583207987642,0.9999999937258268
1460,4.2,-5.8,8,Hero,0.8428582139313221,1.0
1461,3.8000000000000007,-6.199999999999999,12,Hero,0.7260114140808582,1.0
1462,3.6000000000000005,-6.3999999999999995,14,Hero,0.7530662337584155,1.0
1463,4.5,-5.5,5,Hero,0.9991844534873963,1.0
1464,4.2,-5.8,8,Hero,0.7896114178001881,1.0
1465,4.1000000000000005,-5.8999999999999995,9,Hero,0.7553258024983935,1.0
1466,3.4000000000000004,-6.6,16,Hero,0.6975843496620655,0.9999995604157448
1467,0.10000000000000142,-9.899999999999999,49,Hero,0.5646950582764587,0.9358385752658455
1468,0.7999999999999989,-9.200000000000001,42,Hero,0.5986296346499806,0.9997034626347678
1469,-6.6,3.4000000000000004,16,Villain,0.6161021150182933,1.0
1470,3.9000000000000004,-6.1,11,Hero,0.8353212557055734,1.0
1471,3.8000000000000007,-6.199999999999999,12,Hero,0.7386162430047989,1.0
1472,3.9000000000000004,-6.1,11,Hero,0.8867946673523296,1.0
1473,2.5999999999999996,-7.4,24,Hero,0.7646606080234051,1.0
1474,4.2,-5.8,8,Hero,0.817454881966114,1.0
1475,0.7999999999999989,-9.200000000000001,42,Hero,0.7180052436888218,1.0
1476,-5.3,4.7,3,Villain,0.9862033526102701,1.0
1477,3.5,-6.5,15,Hero,0.6475161249438922,1.0
1478,4.2,-5.8,8,Hero,0.769952705129981,1.0
1479,3.6000000000000005,-6.3999999999999995,14,Hero,0.652790045099599,1.0
1480,3.8000000000000007,-6.199999999999999,12,Hero,0.7013611743847529,1.0
1481,4.4,-5.6,6,Hero,0.8412304992477099,1.0
1482,-5.199999999999999,4.800000000000001,2,Villain,0.7441933751106262,1.0
1483,4.1000000000000005,-5.8999999999999995,9,Hero,0.8699678952495257,1.0
1484,4.300000000000001,-5.699999999999999,7,Hero,0.7988487343702998,1.0
1485,3.4000000000000004,-6.6,16,Hero,0.71266810875386,1.0
1486,-6.0,4.0,10,Villain,0.6384670391678811,1.0
1487,3.3,-6.7,17,Hero,0.6740455627441406,1.0
1488,4.5,-5.5,5,Hero,0.70480877161026,1.0
1489,4.0,-6.0,10,Hero,0.7294049233198165,1.0
1490,3.7,-6.3,13,Hero,0.6980531639777697,1.0
1491,-6.3999999999999995,3.6000000000000005,14,Villain,0.700121841260365,1.0
1492,3.9000000000000004,-6.1,11,Hero,0.7436597333713011,1.0
1493,3.5,-6.5,15,Hero,0.7246321643392245,1.0
1494,4.0,-6.0,10,Hero,0.7226844966411591,1.0
1495,3.9000000000000004,-6.1,11,Hero,0.6752181960777803,1.0
1496,3.7,-6.3,13,Hero,0.7692861281908475,1.0
1497,3.5,-6.5,15,Hero,0.7451833228270213,1.0
1498,3.7,-6.3,13,Hero,0.6569652763696817,1.0
1499,4.5,-5.5,5,Hero,0.9889936923980713,1.0
1500,4.2,-5.8,8,Hero,0.9171603992581367,1.0
1501,3.9000000000000004,-6.1,11,Hero,0.7655060399662365,1.0
1502,4.1000000000000005,-5.8999999999999995,9,Hero,0.7789159185356564,1.0
1503,3.9000000000000004,-6.1,11,Hero,0.7215992693196643,1.0
1504,2.3999999999999995,-7.6000000000000005,26,Hero,0.7046148748351977,1.0
1505,4.800000000000001,-5.199999999999999,2,Hero,0.6778835654258728,1.0
1506,3.0,-7.0,20,Hero,0.6986748902127147,1.0
1507,4.1000000000000005,-5.8999999999999995,9,Hero,0.8559976948632134,1.0
1508,3.8000000000000007,-6.199999999999999,12,Hero,0.6893570323785146,1.0
1509,3.4000000000000004,-6.6,16,Hero,0.6556891603395343,1.0
1510,4.1000000000000005,-5.8999999999999995,9,Hero,0.809486468633016,1.0
1511,-6.3999999999999995,3.6000000000000005,14,Villain,0.6399600628231253,1.0
1512,3.3,-6.7,17,Hero,0.8838893630925346,1.0
1513,-4.999999999999998,-4.999999999999998,50,None,0.9102160573005676,1.0
1514,3.8000000000000007,-6.199999999999999,12,Hero,0.8629710463186105,1.0
1515,3.7,-6.3,13,Hero,0.6495184434147981,1.0
1516,3.7,-6.3,13,Hero,0.7306249668964973,1.0
1517,3.9000000000000004,-6.1,11,Hero,0.7543932307850231,1.0
1518,3.6000000000000005,-6.3999999999999995,14,Hero,0.7297601721116475,1.0
1519,3.7,-6.3,13,Hero,0.8085643924199618,1.0
1520,4.300000000000001,-5.699999999999999,7,Hero,0.7387550473213196,1.0
1521,3.2,-6.8,18,Hero,0.6223340841631094,1.0
1522,3.2,-6.8,18,Hero,0.6551879685786035,1.0
1523,3.9000000000000004,-6.1,11,Hero,0.8215613040057096,1.0
1524,4.6000000000000005,-5.3999999999999995,4,Hero,0.7305211126804352,1.0
1525,4.0,-6.0,10,Hero,0.7833559513092041,1.0
1526,3.9000000000000004,-6.1,11,Hero,0.7694126140664924,1.0
1527,4.0,-6.0,10,Hero,0.7300100028514862,1.0
1528,4.1000000000000005,-5.8999999999999995,9,Hero,0.7981640696525574,1.0
1529,3.6000000000000005,-6.3999999999999995,14,Hero,0.6597843297890255,1.0
1530,4.800000000000001,-5.199999999999999,2,Hero,0.7200809717178345,1.0
1531,4.0,-6.0,10,Hero,0.8872907353565097,1.0
1532,-5.699999999999999,4.300000000000001,7,Villain,0.7142786883882114,1.0
1533,4.4,-5.6,6,Hero,0.7766923358043035,1.0
1534,4.2,-5.8,8,Hero,0.7496719602495432,1.0
1535,4.800000000000001,-5.199999999999999,2,Hero,0.8947830498218536,1.0
1536,3.6000000000000005,-6.3999999999999995,14,Hero,0.7683754456894738,1.0
1537,3.9000000000000004,-6.1,11,Hero,0.7202360765500502,1.0
1538,4.0,-6.0,10,Hero,0.9428141295909882,1.0
1539,3.9000000000000004,-6.1,11,Hero,0.8388966538689353,1.0
1540,4.9,-5.1,1,Hero,0.6145598888397217,1.0
1541,3.8000000000000007,-6.199999999999999,12,Hero,0.4729172890074551,1.0
1542,4.5,-5.5,5,Hero,0.7855647832155228,1.0
1543,3.9000000000000004,-6.1,11,Hero,0.6759641639549624,1.0
1544,4.2,-5.8,8,Hero,0.9116781614720821,1.0
1545,3.9000000000000004,-6.1,11,Hero,0.8837225870652632,1.0
1546,4.2,-5.8,8,Hero,0.9005572833120823,1.0
1547,3.6000000000000005,-6.3999999999999995,14,Hero,0.73072791310759,1.0
1548,3.8000000000000007,-6.199999999999999,12,Hero,0.8060414666930834,1.0
1549,3.6000000000000005,-6.3999999999999995,14,Hero,0.6960756901119437,1.0
1550,-5.3999999999999995,4.6000000000000005,4,Villain,0.9992011785507202,1.0
1551,4.6000000000000005,-5.3999999999999995,4,Hero,0.6882094368338585,1.0
1552,3.6000000000000005,-6.3999999999999995,14,Hero,0.713301536826683,1.0
1553,4.2,-5.8,8,Hero,0.9854882210493088,1.0
1554,4.0,-6.0,10,Hero,0.8079524263739586,1.0
1555,3.0,-7.0,20,Hero,0.6551617581397295,1.0
1556,4.6000000000000005,-5.3999999999999995,4,Hero,0.8127002120018005,1.0
1557,4.0,-6.0,10,Hero,0.8599678963422775,1.0
1558,4.4,-5.6,6,Hero,0.5282910118500391,1.0
1559,3.9000000000000004,-6.1,11,Hero,0.7646902637048201,1.0
1560,4.9,-5.1,1,Hero,0.9406160712242126,1.0
1561,4.2,-5.8,8,Hero,0.9281114190816879,1.0
1562,3.7,-6.3,13,Hero,0.7945806475786062,1.0
1563,3.9000000000000004,-6.1,11,Hero,0.789089942520315,1.0
1564,-5.5,4.5,5,Villain,0.8015099108219147,1.0
1565,4.0,-6.0,10,Hero,0.8636365711688996,1.0
1566,3.7,-6.3,13,Hero,0.6725410452255836,1.0
1567,4.0,-6.0,10,Hero,0.8801111519336701,1.0
1568,1.9999999999999991,-8.0,30,Hero,0.5189489096403122,1.0
1569,4.9,-5.1,1,Hero,0.8496499061584473,1.0
1570,4.0,-6.0,10,Hero,0.47322641089558604,1.0
1571,2.6999999999999997,-7.300000000000001,23,Hero,0.513572871523059,1.0
1572,4.9,-5.1,1,Hero,0.8715793490409851,1.0
1573,3.5,-6.5,15,Hero,0.7908127288023631,1.0
1574,4.5,-5.5,5,Hero,0.8955415725708008,1.0
1575,3.4000000000000004,-6.6,16,Hero,0.6529296776279807,1.0
1576,3.7,-6.3,13,Hero,0.8077932848380163,1.0
1577,4.800000000000001,-5.199999999999999,2,Hero,0.9762389361858368,1.0
1578,-5.1,4.9,1,Villain,0.7388740181922913,1.0
1579,4.4,-5.6,6,Hero,0.5953795504756272,1.0
1580,3.0999999999999996,-6.9,19,Hero,0.6106971885861927,1.0
1581,3.3,-6.7,17,Hero,0.6151712393278584,1.0
1582,-4.999999999999998,-4.999999999999998,50,None,0.5278940041363239,1.0
1583,-5.6,4.4,6,Villain,0.7234093596537908,1.0
1584,3.6000000000000005,-6.3999999999999995,14,Hero,0.6123476826718875,1.0
1585,-4.999999999999998,-4.999999999999998,50,None,0.5225140950456262,1.0
1586,4.0,-6.0,10,Hero,0.66738813072443,1.0
1587,4.300000000000001,-5.699999999999999,7,Hero,0.9993528127670288,1.0
1588,1.1999999999999984,-8.8,38,Hero,0.7716156418778395,1.0
1589,1.799999999999999,-8.200000000000001,32,Hero,0.6600217657978646,1.0
1590,-5.5,4.5,5,Villain,0.6710615754127502,1.0
1591,4.300000000000001,-5.699999999999999,7,Hero,0.7783000852380481,1.0
1592,3.6000000000000005,-6.3999999999999995,14,Hero,0.5197789663715022,1.0
1593,1.2999999999999985,-8.700000000000001,37,Hero,0.6021065244803557,1.0
1594,4.1000000000000005,-5.8999999999999995,9,Hero,0.9973485668500265,1.0
1595,4.2,-5.8,8,Hero,0.6986637255176902,1.0
1596,0.9999999999999982,-9.000000000000002,40,Hero,0.5158329779282212,1.0
1597,-4.999999999999998,-4.999999999999998,50,None,0.5523457717895508,1.0
1598,3.2,-6.8,18,Hero,0.5334803655536638,1.0
1599,1.4999999999999987,-8.500000000000002,35,Hero,0.4752848261169025,1.0
1600,-4.999999999999998,-4.999999999999998,50,None,0.4602240546792746,1.0
1601,4.300000000000001,-5.699999999999999,7,Hero,0.5888194875525576,1.0
1602,4.4,-5.6,6,Hero,0.7294922967751821,1.0
1603,4.4,-5.6,6,Hero,0.7885335435469946,1.0
1604,4.2,-5.8,8,Hero,0.9746468737721443,1.0
1605,4.5,-5.5,5,Hero,0.7654780268669128,1.0
1606,4.0,-6.0,10,Hero,0.686979603767395,1.0
1607,-4.999999999999998,-4.999999999999998,50,None,0.5646294191479683,1.0
1608,3.5,-6.5,15,Hero,0.6630306432644526,1.0
1609,4.2,-5.8,8,Hero,0.9918558150529861,1.0
1610,4.0,-6.0,10,Hero,0.6950062572956085,1.0
1611,4.5,-5.5,5,Hero,0.8655003070831299,1.0
1612,3.6000000000000005,-6.3999999999999995,14,Hero,0.5762509307158845,1.0
1613,0.3000000000000007,-9.7,47,Hero,0.4812640348013411,1.0
1614,4.300000000000001,-5.699999999999999,7,Hero,0.6687369814940861,1.0
1615,3.3,-6.7,17,Hero,0.6253464191275484,1.0
1616,4.4,-5.6,6,Hero,0.9515964190165201,1.0
1617,3.8000000000000007,-6.199999999999999,12,Hero,0.6109290719032288,1.0
1618,3.6000000000000005,-6.3999999999999995,14,Hero,0.607375707211239,1.0
1619,-4.999999999999998,-4.999999999999998,50,None,0.56838130235672,1.0
1620,2.099999999999999,-7.9,29,Hero,0.5799303451745674,1.0
1621,4.300000000000001,-5.699999999999999,7,Hero,0.8114608526229858,1.0
1622,3.6000000000000005,-6.3999999999999995,14,Hero,0.6586511683251176,1.0
1623,4.300000000000001,-5.699999999999999,7,Hero,0.8360787204333714,1.0
1624,4.1000000000000005,-5.8999999999999995,9,Hero,0.7059195140997568,1.0
1625,4.5,-5.5,5,Hero,0.7570005714893341,1.0
1626,3.0,-7.0,20,Hero,0.5293973824009299,1.0
1627,4.9,-5.1,1,Hero,0.43543460965156555,1.0
1628,3.3,-6.7,17,Hero,0.6690856919569128,1.0
1629,3.8000000000000007,-6.199999999999999,12,Hero,0.8020386683444182,1.0
1630,3.5,-6.5,15,Hero,0.6924197435379028,1.0
1631,-5.5,4.5,5,Villain,0.2245788872241974,1.0
1632,4.300000000000001,-5.699999999999999,7,Hero,0.816474301474435,1.0
1633,4.9,-5.1,1,Hero,0.5334380865097046,1.0
1634,4.0,-6.0,10,Hero,0.7711133420467376,1.0
1635,4.7,-5.3,3,Hero,0.6145321577787399,1.0
1636,-6.3,3.7,13,Villain,0.580765175131651,1.0
1637,4.9,-5.1,1,Hero,0.4773240387439728,1.0
1638,4.4,-5.6,6,Hero,0.6698498924573263,1.0
1639,4.2,-5.8,8,Hero,0.8107349034398794,1.0
1640,4.7,-5.3,3,Hero,0.7783645590146383,1.0
1641,4.2,-5.8,8,Hero,0.8226665742695332,1.0
1642,4.300000000000001,-5.699999999999999,7,Hero,0.9917135323796954,1.0
1643,3.8000000000000007,-6.199999999999999,12,Hero,0.6343429336945215,1.0
1644,3.9000000000000004,-6.1,11,Hero,0.6366087279536508,1.0
1645,3.5,-6.5,15,Hero,0.7554190604637067,1.0
1646,3.4000000000000004,-6.6,16,Hero,0.7111378805711865,1.0
1647,4.5,-5.5,5,Hero,0.7249372184276581,1.0
1648,4.6000000000000005,-5.3999999999999995,4,Hero,0.667579485103488,1.0
1649,4.1000000000000005,-5.8999999999999995,9,Hero,0.9976318611039056,1.0
1650,3.8000000000000007,-6.199999999999999,12,Hero,0.8484795639912287,1.0
1651,3.8000000000000007,-6.199999999999999,12,Hero,0.8003612955411276,1.0
1652,3.5,-6.5,15,Hero,0.6287026802698771,1.0
1653,3.9000000000000004,-6.1,11,Hero,0.5933145853606138,1.0
1654,4.300000000000001,-5.699999999999999,7,Hero,0.7460536318165916,1.0
1655,4.7,-5.3,3,Hero,0.7034068206946055,1.0
1656,4.7,-5.3,3,Hero,0.70914027094841,1.0
1657,3.6000000000000005,-6.3999999999999995,14,Hero,0.4915472870426519,1.0
1658,3.6000000000000005,-6.3999999999999995,14,Hero,0.5756182349952204,1.0
1659,4.6000000000000005,-5.3999999999999995,4,Hero,0.996100589632988,1.0
1660,3.8000000000000007,-6.199999999999999,12,Hero,0.6339836865663528,1.0
1661,4.7,-5.3,3,Hero,0.6569010035600513,1.0
1662,3.2,-6.8,18,Hero,0.67047029071384,1.0
1663,3.4000000000000004,-6.6,16,Hero,0.6944491248577833,1.0
1664,3.7,-6.3,13,Hero,0.561987820153053,1.0
1665,4.1000000000000005,-5.8999999999999995,9,Hero,0.8686116602685716,1.0
1666,3.4000000000000004,-6.6,16,Hero,0.6516821533441544,1.0
1667,4.1000000000000005,-5.8999999999999995,9,Hero,0.8795093695322672,1.0
1668,4.7,-5.3,3,Hero,0.7741577823956808,1.0
1669,4.2,-5.8,8,Hero,0.8649741485714912,1.0
1670,3.9000000000000004,-6.1,11,Hero,0.8673345717516813,1.0
1671,3.4000000000000004,-6.6,16,Hero,0.5944998101331294,1.0
1672,4.7,-5.3,3,Hero,0.6595608331263065,1.0
1673,-5.5,4.5,5,Villain,0.4562522158026695,1.0
1674,4.1000000000000005,-5.8999999999999995,9,Hero,0.781072285440233,1.0
1675,3.6000000000000005,-6.3999999999999995,14,Hero,0.677390958581652,1.0
1676,4.0,-6.0,10,Hero,0.7413847833871842,1.0
1677,4.5,-5.5,5,Hero,0.8353432059288025,1.0
1678,3.2,-6.8,18,Hero,0.78383260861867,1.0
1679,4.5,-5.5,5,Hero,0.6147035598754883,1.0
1680,-5.5,4.5,5,Villain,0.9633703708648682,1.0
1681,3.4000000000000004,-6.6,16,Hero,0.7086871452629566,1.0
1682,3.9000000000000004,-6.1,11,Hero,0.6777488887310028,1.0
1683,3.8000000000000007,-6.199999999999999,12,Hero,0.7474894399444262,1.0
1684,3.5,-6.5,15,Hero,0.6620742698510488,1.0
1685,3.3,-6.7,17,Hero,0.6952196158030454,1.0
1686,1.9999999999999991,-8.0,30,Hero,0.4340244765082995,1.0
1687,3.8000000000000007,-6.199999999999999,12,Hero,0.7952313298980395,1.0
1688,3.7,-6.3,13,Hero,0.7549086327736194,1.0
1689,3.6000000000000005,-6.3999999999999995,14,Hero,0.653968833386898,1.0
1690,-5.699999999999999,4.300000000000001,7,Villain,0.9972126909664699,1.0
1691,4.7,-5.3,3,Hero,0.9362382491429647,1.0
1692,4.300000000000001,-5.699999999999999,7,Hero,0.722349831036159,1.0
1693,4.7,-5.3,3,Hero,0.6411922176678976,1.0
1694,3.5,-6.5,15,Hero,0.6772675941387812,1.0
1695,4.1000000000000005,-5.8999999999999995,9,Hero,0.9708642098638747,1.0
1696,3.8000000000000007,-6.199999999999999,12,Hero,0.6633030523856481,1.0
1697,4.4,-5.6,6,Hero,0.993210087219874,1.0
1698,4.6000000000000005,-5.3999999999999995,4,Hero,0.7554176151752472,1.0
1699,0.5,-9.5,45,Hero,0.4695699233147833,1.0
1700,4.7,-5.3,3,Hero,0.9476519823074341,1.0
1701,2.6999999999999997,-7.300000000000001,23,Hero,0.5995530087662779,1.0
1702,4.1000000000000005,-5.8999999999999995,9,Hero,0.9185811546113756,1.0
1703,3.9000000000000004,-6.1,11,Hero,0.8932416547428478,1.0
1704,4.1000000000000005,-5.8999999999999995,9,Hero,0.9967812034818861,1.0
1705,4.0,-6.0,10,Hero,0.925102972984314,1.0
1706,4.7,-5.3,3,Hero,0.9699427286783854,1.0
1707,-5.3,4.7,3,Villain,0.9978715578715006,1.0
1708,4.2,-5.8,8,Hero,0.8837400749325752,1.0
1709,3.8000000000000007,-6.199999999999999,12,Hero,0.8086640412608782,1.0
1710,3.6000000000000005,-6.3999999999999995,14,Hero,0.7144306280783245,1.0
1711,4.2,-5.8,8,Hero,0.7366203553974628,1.0
1712,3.8000000000000007,-6.199999999999999,12,Hero,0.7130419791986545,1.0
1713,3.0999999999999996,-6.9,19,Hero,0.6657804023278387,1.0
1714,0.5,-9.5,45,Hero,0.5338484447035524,1.0
1715,3.5,-6.5,15,Hero,0.6958422501881917,1.0
1716,3.7,-6.3,13,Hero,0.7204747589734884,1.0
1717,3.6000000000000005,-6.3999999999999995,14,Hero,0.6835772863456181,1.0
1718,3.5,-6.5,15,Hero,0.5940983787799875,1.0
1719,4.2,-5.8,8,Hero,0.686285812407732,1.0
1720,4.9,-5.1,1,Hero,0.8280812501907349,1.0
1721,4.1000000000000005,-5.8999999999999995,9,Hero,0.9225589765442742,1.0
1722,4.1000000000000005,-5.8999999999999995,9,Hero,0.8355900719761848,1.0
1723,3.5,-6.5,15,Hero,0.7128646910190582,1.0
1724,3.6000000000000005,-6.3999999999999995,14,Hero,0.7356437263744218,1.0
1725,3.2,-6.8,18,Hero,0.7139383678634962,1.0
1726,3.9000000000000004,-6.1,11,Hero,0.7674948329275305,1.0
1727,3.6000000000000005,-6.3999999999999995,14,Hero,0.7135793822152274,1.0
1728,4.9,-5.1,1,Hero,0.7344886660575867,1.0
1729,4.0,-6.0,10,Hero,0.8982838213443756,1.0
1730,4.1000000000000005,-5.8999999999999995,9,Hero,0.9943012727631463,1.0
1731,4.0,-6.0,10,Hero,0.8130374640226364,1.0
1732,3.5,-6.5,15,Hero,0.7196198483308156,1.0
1733,4.1000000000000005,-5.8999999999999995,9,Hero,0.686799857351515,1.0
1734,4.1000000000000005,-5.8999999999999995,9,Hero,0.8256239203943146,1.0
1735,4.1000000000000005,-5.8999999999999995,9,Hero,0.9973938994937472,1.0
1736,4.5,-5.5,5,Hero,0.7859603643417359,1.0
1737,3.9000000000000004,-6.1,11,Hero,0.7346490594473752,1.0
1738,3.0999999999999996,-6.9,19,Hero,0.5320706843202444,1.0
1739,3.7,-6.3,13,Hero,0.8055208841195474,1.0
1740,4.5,-5.5,5,Hero,0.795829913020134,1.0
1741,4.800000000000001,-5.199999999999999,2,Hero,0.9703580141067505,1.0
1742,4.0,-6.0,10,Hero,0.8245893180370331,1.0
1743,4.2,-5.8,8,Hero,0.7849498651921749,1.0
1744,3.8000000000000007,-6.199999999999999,12,Hero,0.5829654037952423,1.0
1745,4.4,-5.6,6,Hero,0.7357064684232076,1.0
1746,4.0,-6.0,10,Hero,0.8525357693433762,1.0
1747,3.4000000000000004,-6.6,16,Hero,0.7157180933281779,1.0
1748,3.8000000000000007,-6.199999999999999,12,Hero,0.7029816123346487,1.0
1749,4.1000000000000005,-5.8999999999999995,9,Hero,0.9757442474365234,1.0
1750,3.6000000000000005,-6.3999999999999995,14,Hero,0.748459449836186,1.0
1751,4.5,-5.5,5,Hero,0.7657479643821716,1.0
1752,3.5,-6.5,15,Hero,0.6947551394502322,1.0
1753,4.9,-5.1,1,Hero,0.9801691174507141,1.0
1754,4.4,-5.6,6,Hero,0.8985293507575989,1.0
1755,4.1000000000000005,-5.8999999999999995,9,Hero,0.8697105182541741,1.0
1756,4.9,-5.1,1,Hero,0.7184044122695923,1.0
1757,-5.5,4.5,5,Villain,0.6074190810322762,1.0
1758,4.300000000000001,-5.699999999999999,7,Hero,0.9205454247338432,1.0
1759,-5.3,4.7,3,Villain,0.9981714685757955,1.0
1760,4.800000000000001,-5.199999999999999,2,Hero,0.9032339155673981,1.0
1761,4.300000000000001,-5.699999999999999,7,Hero,0.845963111945561,1.0
1762,4.0,-6.0,10,Hero,0.6594828844070435,1.0
1763,4.6000000000000005,-5.3999999999999995,4,Hero,0.9149477183818817,1.0
1764,4.0,-6.0,10,Hero,0.8315502732992173,1.0
1765,4.1000000000000005,-5.8999999999999995,9,Hero,0.9989098178015815,1.0
1766,4.300000000000001,-5.699999999999999,7,Hero,0.8696221304791314,1.0
1767,4.1000000000000005,-5.8999999999999995,9,Hero,0.9683939417203268,1.0
1768,4.2,-5.8,8,Hero,0.9507645964622498,1.0
1769,4.0,-6.0,10,Hero,0.7511951267719269,1.0
1770,4.9,-5.1,1,Hero,0.9934194684028625,1.0
1771,3.9000000000000004,-6.1,11,Hero,0.8938244852152738,1.0
1772,3.0999999999999996,-6.9,19,Hero,0.6259173758720097,1.0
1773,3.5,-6.5,15,Hero,0.7256658713022868,1.0
1774,3.5,-6.5,15,Hero,0.6556700865427653,1.0
1775,3.5,-6.5,15,Hero,0.7867088079452514,1.0
1776,-6.199999999999999,3.8000000000000007,12,Villain,0.5140385782967011,1.0
1777,4.0,-6.0,10,Hero,0.7725386381149292,1.0
1778,4.7,-5.3,3,Hero,0.5891585151354471,1.0
1779,3.0999999999999996,-6.9,19,Hero,0.6104268392449931,1.0
1780,4.7,-5.3,3,Hero,0.6558242763082186,1.0
1781,3.7,-6.3,13,Hero,0.740454192344959,1.0
1782,3.9000000000000004,-6.1,11,Hero,0.8824551647359674,1.0
1783,3.7,-6.3,13,Hero,0.7233869625398746,1.0
1784,4.2,-5.8,8,Hero,0.8558382093906403,1.0
1785,2.1999999999999993,-7.800000000000001,28,Hero,0.6989057173819414,1.0
1786,3.4000000000000004,-6.6,16,Hero,0.6138441707007587,1.0
1787,4.0,-6.0,10,Hero,0.8735339432954788,1.0
1788,4.4,-5.6,6,Hero,0.794705294072628,1.0
1789,3.7,-6.3,13,Hero,0.675560597043771,1.0
1790,4.5,-5.5,5,Hero,0.9327022075653076,1.0
1791,4.0,-6.0,10,Hero,0.7864368960261345,1.0
1792,3.4000000000000004,-6.6,16,Hero,0.6851028921082616,1.0
1793,3.6000000000000005,-6.3999999999999995,14,Hero,0.7838190815278462,1.0
1794,3.8000000000000007,-6.199999999999999,12,Hero,0.7799467866619428,1.0
1795,3.6000000000000005,-6.3999999999999995,14,Hero,0.8152083030768803,1.0
1796,4.300000000000001,-5.699999999999999,7,Hero,0.9970171707017081,1.0
1797,3.8000000000000007,-6.199999999999999,12,Hero,0.7283166237175465,1.0
1798,4.800000000000001,-5.199999999999999,2,Hero,0.7443547546863556,1.0
1799,-5.1,4.9,1,Villain,0.21187752485275269,1.0
1800,3.4000000000000004,-6.6,16,Hero,0.7565559325739741,1.0
1801,4.800000000000001,-5.199999999999999,2,Hero,0.8016129732131958,1.0
1802,0.8999999999999986,-9.100000000000001,41,Hero,0.8574442185643243,1.0
1803,-5.1,4.9,1,Villain,0.9981429576873779,1.0
1804,3.0999999999999996,-6.9,19,Hero,0.7551660710259488,1.0
1805,-4.999999999999998,-4.999999999999998,50,None,0.811966692043934,1.0
1806,4.800000000000001,-5.199999999999999,2,Hero,0.9997053742408752,1.0
1807,4.9,-5.1,1,Hero,0.9893509745597839,1.0
1808,2.8,-7.2,22,Hero,0.8398523083464666,1.0
1809,4.5,-5.5,5,Hero,0.9995412349700927,1.0
1810,2.099999999999999,-7.9,29,Hero,0.8416770126285225,1.0
1811,-4.999999999999998,-4.999999999999998,50,None,0.9074509033560753,1.0
1812,2.3999999999999995,-7.6000000000000005,26,Hero,0.8555411209280674,1.0
1813,4.4,-5.6,6,Hero,0.9063972334067026,1.0
1814,4.0,-6.0,10,Hero,0.9521363496780395,1.0
1815,4.5,-5.5,5,Hero,0.909440016746521,1.0
1816,4.0,-6.0,10,Hero,0.9153600245714187,1.0
1817,1.6999999999999988,-8.3,33,Hero,0.7324002640265407,1.0
1818,4.0,-6.0,10,Hero,0.7712916374206543,1.0
1819,4.300000000000001,-5.699999999999999,7,Hero,0.8114193720476968,1.0
1820,3.6000000000000005,-6.3999999999999995,14,Hero,0.771121718521629,1.0
1821,4.2,-5.8,8,Hero,0.8620296269655228,1.0
1822,4.2,-5.8,8,Hero,0.8870346741750836,1.0
1823,3.4000000000000004,-6.6,16,Hero,0.6580527426340268,1.0
1824,4.300000000000001,-5.699999999999999,7,Hero,0.8321501101766314,1.0
1825,3.5,-6.5,15,Hero,0.7433073242505391,1.0
1826,-5.199999999999999,4.800000000000001,2,Villain,0.9978246986865997,1.0
1827,3.7,-6.3,13,Hero,0.6786161076564056,1.0
1828,3.3,-6.7,17,Hero,0.6938050967805526,1.0
1829,3.5,-6.5,15,Hero,0.7155322134494781,1.0
1830,3.3,-6.7,17,Hero,0.7083179424790775,1.0
1831,3.3,-6.7,17,Hero,0.6449262486661181,1.0
1832,4.4,-5.6,6,Hero,0.730065772930781,1.0
1833,3.9000000000000004,-6.1,11,Hero,0.7142606851729479,1.0
1834,4.5,-5.5,5,Hero,0.637112045288086,1.0
1835,4.2,-5.8,8,Hero,0.811750871129334,1.0
1836,3.2,-6.8,18,Hero,0.8269613881905874,1.0
1837,4.7,-5.3,3,Hero,0.6002289255460104,1.0
1838,3.8000000000000007,-6.199999999999999,12,Hero,0.5968551064531008,1.0
1839,4.1000000000000005,-5.8999999999999995,9,Hero,0.6371487710211012,1.0
1840,3.7,-6.3,13,Hero,0.8145243640129383,1.0
1841,3.8000000000000007,-6.199999999999999,12,Hero,0.8265087107817332,1.0
1842,3.4000000000000004,-6.6,16,Hero,0.7616969645023346,1.0
1843,3.6000000000000005,-6.3999999999999995,14,Hero,0.6485290005803108,1.0
1844,3.9000000000000004,-6.1,11,Hero,0.9111348824067549,1.0
1845,4.7,-5.3,3,Hero,0.7887446085611979,1.0
1846,4.5,-5.5,5,Hero,0.9809210181236268,1.0
1847,4.7,-5.3,3,Hero,0.760353684425354,1.0
1848,4.5,-5.5,5,Hero,0.9640357375144959,1.0
1849,4.4,-5.6,6,Hero,0.9949497481187185,1.0
1850,-5.8,4.2,8,Villain,0.9995709210634232,1.0
1851,4.2,-5.8,8,Hero,0.9367318972945213,1.0
1852,3.9000000000000004,-6.1,11,Hero,0.8302303904836829,1.0
1853,3.9000000000000004,-6.1,11,Hero,0.8547659272497351,1.0
1854,-5.1,4.9,1,Villain,0.9979164004325867,1.0
1855,4.0,-6.0,10,Hero,0.940370774269104,1.0
1856,3.5,-6.5,15,Hero,0.7056183735529582,1.0
1857,4.1000000000000005,-5.8999999999999995,9,Hero,0.821204756697019,1.0
1858,4.1000000000000005,-5.8999999999999995,9,Hero,0.9198053942786323,1.0
1859,4.2,-5.8,8,Hero,0.9964625686407089,1.0
1860,4.0,-6.0,10,Hero,0.9330877304077149,1.0
1861,3.4000000000000004,-6.6,16,Hero,0.7607381008565426,1.0
1862,3.4000000000000004,-6.6,16,Hero,0.7223761891946197,1.0
1863,4.7,-5.3,3,Hero,0.6940979361534119,1.0
1864,4.2,-5.8,8,Hero,0.9986207783222198,1.0
1865,4.5,-5.5,5,Hero,0.7684712529182434,1.0
1866,3.3,-6.7,17,Hero,0.723508375669446,1.0
1867,3.3,-6.7,17,Hero,0.7065009454005015,1.0
1868,4.300000000000001,-5.699999999999999,7,Hero,0.8485864741461617,1.0
1869,3.0999999999999996,-6.9,19,Hero,0.6607380979939511,1.0
1870,3.3,-6.7,17,Hero,0.6742180568330428,1.0
1871,2.4999999999999996,-7.5,25,Hero,0.6314761307090521,1.0
1872,-5.699999999999999,4.300000000000001,7,Villain,0.8712330843721118,1.0
1873,4.7,-5.3,3,Hero,0.7318907678127289,1.0
1874,4.2,-5.8,8,Hero,0.7489325741189532,1.0
1875,3.5,-6.5,15,Hero,0.7168655931949616,1.0
1876,3.4000000000000004,-6.6,16,Hero,0.6807942776940763,1.0
1877,4.300000000000001,-5.699999999999999,7,Hero,0.8115134409495762,1.0
1878,3.6000000000000005,-6.3999999999999995,14,Hero,0.6634440443345478,1.0
1879,3.8000000000000007,-6.199999999999999,12,Hero,0.712090830784291,1.0
1880,3.6000000000000005,-6.3999999999999995,14,Hero,0.7236582934856415,1.0
1881,3.9000000000000004,-6.1,11,Hero,0.6991325264627283,1.0
1882,4.1000000000000005,-5.8999999999999995,9,Hero,0.7069716830220487,1.0
1883,3.5,-6.5,15,Hero,0.794379468758901,1.0
1884,4.2,-5.8,8,Hero,0.9909248054027557,1.0
1885,3.4000000000000004,-6.6,16,Hero,0.7756215571425855,1.0
1886,3.6000000000000005,-6.3999999999999995,14,Hero,0.736537543790681,1.0
1887,3.9000000000000004,-6.1,11,Hero,0.7556602711027319,1.0
1888,4.9,-5.1,1,Hero,0.9351891279220581,1.0
1889,3.3,-6.7,17,Hero,0.6855291242108625,1.0
1890,4.300000000000001,-5.699999999999999,7,Hero,0.6374687531164714,1.0
1891,3.8000000000000007,-6.199999999999999,12,Hero,0.8043293456236521,1.0
1892,4.300000000000001,-5.699999999999999,7,Hero,0.8258085761751447,1.0
1893,4.0,-6.0,10,Hero,0.8939527690410614,1.0
1894,3.9000000000000004,-6.1,11,Hero,0.9216198596087369,1.0
1895,4.2,-5.8,8,Hero,0.8574758768081665,1.0
1896,4.5,-5.5,5,Hero,0.9936012148857116,1.0
1897,4.1000000000000005,-5.8999999999999995,9,Hero,0.8892114034129514,1.0
1898,4.800000000000001,-5.199999999999999,2,Hero,0.9526523351669312,1.0
1899,3.4000000000000004,-6.6,16,Hero,0.7507311273366213,1.0
1900,3.9000000000000004,-6.1,11,Hero,0.7765503139658407,1.0
1901,3.9000000000000004,-6.1,11,Hero,0.732450008392334,1.0
1902,4.1000000000000005,-5.8999999999999995,9,Hero,0.6574414538012611,1.0
1903,3.8000000000000007,-6.199999999999999,12,Hero,0.8622952202955881,1.0
1904,4.0,-6.0,10,Hero,0.8920656025409699,1.0
1905,4.300000000000001,-5.699999999999999,7,Hero,0.9224000488008771,1.0
1906,4.4,-5.6,6,Hero,0.6980255792538325,1.0
1907,4.5,-5.5,5,Hero,0.9971826076507568,1.0
1908,3.7,-6.3,13,Hero,0.8039797177681556,1.0
1909,3.7,-6.3,13,Hero,0.7559042217639776,1.0
1910,4.300000000000001,-5.699999999999999,7,Hero,0.7710851345743451,1.0
1911,4.5,-5.5,5,Hero,0.7400821566581726,1.0
1912,4.4,-5.6,6,Hero,0.9796512027581533,1.0
1913,4.2,-5.8,8,Hero,0.8025657013058662,1.0
1914,-6.8,3.2,18,Villain,0.6274683699011803,1.0
1915,3.3,-6.7,17,Hero,0.6350591401843464,1.0
1916,4.1000000000000005,-5.8999999999999995,9,Hero,0.8246304608053632,1.0
1917,4.0,-6.0,10,Hero,0.7343912363052368,1.0
1918,3.4000000000000004,-6.6,16,Hero,0.7071879436261952,1.0
1919,3.7,-6.3,13,Hero,0.7610002274696643,1.0
1920,4.5,-5.5,5,Hero,0.7310047507286072,1.0
1921,-6.6,3.4000000000000004,16,Villain,0.6970355110242963,1.0
1922,4.1000000000000005,-5.8999999999999995,9,Hero,0.9857185814115736,1.0
1923,4.0,-6.0,10,Hero,0.8721896559000015,1.0
1924,3.7,-6.3,13,Hero,0.6423192703380034,1.0
1925,3.7,-6.3,13,Hero,0.8444360379989331,1.0
1926,3.8000000000000007,-6.199999999999999,12,Hero,0.7510707452893257,1.0
1927,4.0,-6.0,10,Hero,0.888088059425354,1.0
1928,4.7,-5.3,3,Hero,0.6736954649289449,1.0
1929,4.300000000000001,-5.699999999999999,7,Hero,0.6832606153828757,1.0
1930,3.6000000000000005,-6.3999999999999995,14,Hero,0.6990784789834704,1.0
1931,4.5,-5.5,5,Hero,0.7819859862327576,1.0
1932,3.2,-6.8,18,Hero,0.6985537062088648,1.0
1933,3.6000000000000005,-6.3999999999999995,14,Hero,0.691859803029469,1.0
1934,4.1000000000000005,-5.8999999999999995,9,Hero,0.7952412366867065,1.0
1935,4.2,-5.8,8,Hero,0.6524045318365097,1.0
1936,3.3,-6.7,17,Hero,0.7303175628185272,1.0
1937,3.7,-6.3,13,Hero,0.7266892676170056,1.0
1938,4.1000000000000005,-5.8999999999999995,9,Hero,0.7147013247013092,1.0
1939,4.1000000000000005,-5.8999999999999995,9,Hero,0.7020001063744227,1.0
1940,4.0,-6.0,10,Hero,0.7259316146373749,1.0
1941,-5.1,4.9,1,Villain,0.9982099533081055,1.0
1942,3.7,-6.3,13,Hero,0.6502297325776174,1.0
1943,4.5,-5.5,5,Hero,0.9630092144012451,1.0
1944,4.9,-5.1,1,Hero,0.26626017689704895,1.0
1945,3.9000000000000004,-6.1,11,Hero,0.894673764705658,1.0
1946,-5.5,4.5,5,Villain,0.6897588670253754,1.0
1947,2.8,-7.2,22,Hero,0.6584407959810712,1.0
1948,4.800000000000001,-5.199999999999999,2,Hero,0.5029936535283923,1.0
1949,3.9000000000000004,-6.1,11,Hero,0.7273285128176212,1.0
1950,3.8000000000000007,-6.199999999999999,12,Hero,0.8217700173457464,1.0
1951,3.7,-6.3,13,Hero,0.7008566718835098,1.0
1952,4.800000000000001,-5.199999999999999,2,Hero,0.9254303276538849,1.0
1953,4.4,-5.6,6,Hero,0.7362178551654021,1.0
1954,4.5,-5.5,5,Hero,0.7566895484924316,1.0
1955,4.5,-5.5,5,Hero,0.848945552110672,1.0
1956,4.0,-6.0,10,Hero,0.8170392632484436,1.0
1957,4.1000000000000005,-5.8999999999999995,9,Hero,0.9998753070831299,1.0
1958,3.9000000000000004,-6.1,11,Hero,0.7078526534817435,1.0
1959,3.4000000000000004,-6.6,16,Hero,0.7213775347918272,1.0
1960,3.5,-6.5,15,Hero,0.7324552928407987,1.0
1961,3.7,-6.3,13,Hero,0.7228747686514487,1.0
1962,4.9,-5.1,1,Hero,0.9533013701438904,1.0
1963,3.6000000000000005,-6.3999999999999995,14,Hero,0.688691534101963,1.0
1964,-6.3999999999999995,3.6000000000000005,14,Villain,0.777232712400811,1.0
1965,4.1000000000000005,-5.8999999999999995,9,Hero,0.6554145283169217,1.0
1966,2.6999999999999997,-7.300000000000001,23,Hero,0.5608706493740496,1.0
1967,-6.3,3.7,13,Villain,0.6753700375556946,1.0
1968,-5.8999999999999995,4.1000000000000005,9,Villain,0.8250185756219758,1.0
1969,3.6000000000000005,-6.3999999999999995,14,Hero,0.8136433720854777,1.0
1970,3.7,-6.3,13,Hero,0.7757619424508169,1.0
1971,4.1000000000000005,-5.8999999999999995,9,Hero,0.8781369460953606,1.0
1972,3.7,-6.3,13,Hero,0.8558310637107263,1.0
1973,4.1000000000000005,-5.8999999999999995,9,Hero,0.8177962203820547,1.0
1974,4.5,-5.5,5,Hero,0.9947622656822205,1.0
1975,3.8000000000000007,-6.199999999999999,12,Hero,0.7400447775920233,1.0
1976,4.5,-5.5,5,Hero,0.6411090284585953,1.0
1977,4.5,-5.5,5,Hero,0.9775277614593506,1.0
1978,4.300000000000001,-5.699999999999999,7,Hero,0.7797323720795768,1.0
1979,4.6000000000000005,-5.3999999999999995,4,Hero,0.730695903301239,1.0
1980,3.3,-6.7,17,Hero,0.6782616482061499,1.0
1981,3.9000000000000004,-6.1,11,Hero,0.7431753196499564,1.0
1982,3.4000000000000004,-6.6,16,Hero,0.6661745351739228,1.0
1983,4.6000000000000005,-5.3999999999999995,4,Hero,0.7584039941430092,1.0
1984,4.9,-5.1,1,Hero,0.37740325927734375,1.0
1985,3.2,-6.8,18,Hero,0.6031564987368054,1.0
1986,4.300000000000001,-5.699999999999999,7,Hero,0.6449829978602273,1.0
1987,-5.3999999999999995,4.6000000000000005,4,Villain,0.9996602088212967,1.0
1988,3.7,-6.3,13,Hero,0.7590532463330489,1.0
1989,4.300000000000001,-5.699999999999999,7,Hero,0.9996700031416756,1.0
1990,3.7,-6.3,13,Hero,0.7868776413110586,1.0
1991,4.2,-5.8,8,Hero,0.7988637574017048,1.0
1992,4.6000000000000005,-5.3999999999999995,4,Hero,0.42974407132714987,1.0
1993,4.6000000000000005,-5.3999999999999995,4,Hero,0.8016968593001366,1.0
1994,4.300000000000001,-5.699999999999999,7,Hero,0.828920590026038,1.0
1995,4.300000000000001,-5.699999999999999,7,Hero,0.8633588893072945,1.0
1996,2.4999999999999996,-7.5,25,Hero,0.5580002497136592,1.0
1997,3.7,-6.3,13,Hero,0.8468389465258672,1.0
1998,4.300000000000001,-5.699999999999999,7,Hero,0.644407793879509,1.0
1999,3.8000000000000007,-6.199999999999999,12,Hero,0.7622373128930727,1.0
2000,4.300000000000001,-5.699999999999999,7,Hero,0.6251527917172227,1.0
2001,4.4,-5.6,6,Hero,0.8275849123795828,1.0
2002,4.6000000000000005,-5.3999999999999995,4,Hero,0.9956546574831009,1.0
2003,4.6000000000000005,-5.3999999999999995,4,Hero,0.8564875274896622,1.0
2004,4.1000000000000005,-5.8999999999999995,9,Hero,0.8459096112185054,1.0
2005,-4.999999999999998,-4.999999999999998,50,None,0.7068711186945439,1.0
2006,4.9,-5.1,1,Hero,0.8171560168266296,1.0
2007,4.6000000000000005,-5.3999999999999995,4,Hero,0.6856875643134117,1.0
2008,4.4,-5.6,6,Hero,0.8115764657656351,1.0
2009,3.6000000000000005,-6.3999999999999995,14,Hero,0.8343114022697721,1.0
2010,4.300000000000001,-5.699999999999999,7,Hero,0.7710054772240775,1.0
2011,3.5,-6.5,15,Hero,0.7110952973365784,1.0
2012,4.300000000000001,-5.699999999999999,7,Hero,0.6967687351363046,1.0
2013,3.8000000000000007,-6.199999999999999,12,Hero,0.7138329707086086,1.0
2014,1.6999999999999988,-8.3,33,Hero,0.5207282880490477,1.0
2015,4.1000000000000005,-5.8999999999999995,9,Hero,0.9893993139266968,1.0
2016,3.8000000000000007,-6.199999999999999,12,Hero,0.7841891491164764,1.0
2017,3.2,-6.8,18,Hero,0.6891727844874064,1.0
2018,4.2,-5.8,8,Hero,0.7650302033871412,1.0
2019,3.9000000000000004,-6.1,11,Hero,0.8345443430272016,1.0
2020,3.7,-6.3,13,Hero,0.7239041013213304,1.0
2021,4.2,-5.8,8,Hero,0.7467498444020748,1.0
2022,-5.5,4.5,5,Villain,0.8201050668954849,1.0
2023,4.6000000000000005,-5.3999999999999995,4,Hero,0.6872773431241512,1.0
2024,0.5,-9.5,45,Hero,0.8680611729621888,1.0
2025,4.5,-5.5,5,Hero,0.7879878669977188,1.0
2026,4.0,-6.0,10,Hero,0.8223088063299656,1.0
2027,1.1999999999999984,-8.8,38,Hero,0.8633400372376567,1.0
2028,2.6999999999999997,-7.300000000000001,23,Hero,0.7380154665721499,1.0
2029,3.5,-6.5,15,Hero,0.7892997240026792,1.0
2030,4.5,-5.5,5,Hero,0.6473064884543419,1.0
2031,2.6999999999999997,-7.300000000000001,23,Hero,0.7181476821070132,1.0
2032,-5.3999999999999995,4.6000000000000005,4,Villain,0.29907972179353237,1.0
2033,4.1000000000000005,-5.8999999999999995,9,Hero,0.704867465628518,1.0
2034,4.7,-5.3,3,Hero,0.9087390104929606,1.0
2035,4.1000000000000005,-5.8999999999999995,9,Hero,0.7753224223852158,1.0
2036,3.3,-6.7,17,Hero,0.6289519018986646,1.0
2037,4.6000000000000005,-5.3999999999999995,4,Hero,0.9996548593044281,1.0
2038,4.800000000000001,-5.199999999999999,2,Hero,0.9993782043457031,1.0
2039,3.2,-6.8,18,Hero,0.7273134258058336,1.0
2040,3.5,-6.5,15,Hero,0.7209430360545714,1.0
2041,2.4999999999999996,-7.5,25,Hero,0.6801782873272896,1.0
2042,3.9000000000000004,-6.1,11,Hero,0.7582028941674666,1.0
2043,3.5,-6.5,15,Hero,0.6001211181282997,1.0
2044,3.7,-6.3,13,Hero,0.7963524506642268,1.0
2045,2.2999999999999994,-7.700000000000001,27,Hero,0.8761534071354954,1.0
2046,4.0,-6.0,10,Hero,0.7933574974536896,1.0
2047,2.6999999999999997,-7.300000000000001,23,Hero,0.7079699609590613,1.0
2048,4.800000000000001,-5.199999999999999,2,Hero,0.9897018373012543,1.0
2049,2.099999999999999,-7.9,29,Hero,0.5528194929376758,1.0
2050,4.5,-5.5,5,Hero,0.9965113401412964,1.0
2051,4.2,-5.8,8,Hero,0.7478297390043736,1.0
2052,3.6000000000000005,-6.3999999999999995,14,Hero,0.8132223784923553,1.0
2053,4.7,-5.3,3,Hero,0.999720573425293,1.0
2054,3.9000000000000004,-6.1,11,Hero,0.8225550272248008,1.0
2055,3.2,-6.8,18,Hero,0.7640128019783232,1.0
2056,4.0,-6.0,10,Hero,0.6961463928222656,1.0
2057,4.300000000000001,-5.699999999999999,7,Hero,0.893044011933463,1.0
2058,3.5,-6.5,15,Hero,0.7561859448750814,1.0
2059,4.800000000000001,-5.199999999999999,2,Hero,0.9846178591251373,1.0
2060,2.9,-7.1,21,Hero,0.6048469926629748,1.0
2061,3.5,-6.5,15,Hero,0.7660937219858169,1.0
2062,3.9000000000000004,-6.1,11,Hero,0.7506166913292625,1.0
2063,3.5,-6.5,15,Hero,0.7724774221579234,1.0
2064,3.5,-6.5,15,Hero,0.794622857371966,1.0
2065,4.1000000000000005,-5.8999999999999995,9,Hero,0.8661342826154497,1.0
2066,3.5,-6.5,15,Hero,0.7938885460297267,1.0
2067,-5.699999999999999,4.300000000000001,7,Villain,0.9996629101889474,1.0
2068,3.6000000000000005,-6.3999999999999995,14,Hero,0.7188923209905624,1.0
2069,3.4000000000000004,-6.6,16,Hero,0.7239542845636606,1.0
2070,4.4,-5.6,6,Hero,0.8374788636962572,1.0
2071,4.5,-5.5,5,Hero,0.7820240676403045,1.0
2072,4.4,-5.6,6,Hero,0.9024767776330312,1.0
2073,4.0,-6.0,10,Hero,0.8913499236106872,1.0
2074,3.6000000000000005,-6.3999999999999995,14,Hero,0.8057831983481135,1.0
2075,3.3,-6.7,17,Hero,0.6721528137431425,1.0
2076,4.5,-5.5,5,Hero,0.8402865529060364,1.0
2077,3.6000000000000005,-6.3999999999999995,14,Hero,0.708501473069191,1.0
2078,3.9000000000000004,-6.1,11,Hero,0.891661898656325,1.0
2079,4.0,-6.0,10,Hero,0.8292825102806092,1.0
2080,4.300000000000001,-5.699999999999999,7,Hero,0.9164245298930577,1.0
2081,4.9,-5.1,1,Hero,0.9815531969070435,1.0
2082,4.6000000000000005,-5.3999999999999995,4,Hero,0.6953928023576736,1.0
2083,4.1000000000000005,-5.8999999999999995,9,Hero,0.9101278781890869,1.0
2084,4.9,-5.1,1,Hero,0.9279667735099792,1.0
2085,-5.5,4.5,5,Villain,0.9999077081680298,1.0
2086,3.9000000000000004,-6.1,11,Hero,0.7096182595599781,1.0
2087,3.7,-6.3,13,Hero,0.6991138911018004,1.0
2088,4.6000000000000005,-5.3999999999999995,4,Hero,0.8222664445638657,1.0
2089,-5.3,4.7,3,Villain,0.9999513626098633,1.0
2090,3.9000000000000004,-6.1,11,Hero,0.8873171250928532,1.0
2091,3.0999999999999996,-6.9,19,Hero,0.7094130690552687,1.0
2092,3.6000000000000005,-6.3999999999999995,14,Hero,0.6866849820528712,1.0
2093,4.2,-5.8,8,Hero,0.9993261322379112,1.0
2094,2.9,-7.1,21,Hero,0.5603815977062497,1.0
2095,4.2,-5.8,8,Hero,0.7284767050296068,1.0
2096,4.4,-5.6,6,Hero,0.6606553792953491,1.0
2097,4.7,-5.3,3,Hero,0.9706829786300659,1.0
2098,2.4999999999999996,-7.5,25,Hero,0.5737217682600021,1.0
2099,4.1000000000000005,-5.8999999999999995,9,Hero,0.7832675079504648,1.0
2100,3.7,-6.3,13,Hero,0.6850803207892638,1.0
2101,4.5,-5.5,5,Hero,0.9251516222953796,1.0
2102,3.9000000000000004,-6.1,11,Hero,0.8207352920012041,1.0
2103,3.9000000000000004,-6.1,11,Hero,0.927553734996102,1.0
2104,-5.3,4.7,3,Villain,0.9966157078742981,1.0
2105,4.0,-6.0,10,Hero,0.8335729718208313,1.0
2106,4.0,-6.0,10,Hero,0.5394077964127064,1.0
2107,3.6000000000000005,-6.3999999999999995,14,Hero,0.7678555795656783,1.0
2108,4.300000000000001,-5.699999999999999,7,Hero,0.9337233134678432,1.0
2109,3.8000000000000007,-6.199999999999999,12,Hero,0.6036730247239271,1.0
2110,4.0,-6.0,10,Hero,0.9429665386676789,1.0
2111,-5.3999999999999995,4.6000000000000005,4,Villain,0.9999988973140717,1.0
2112,4.300000000000001,-5.699999999999999,7,Hero,0.7908855080604553,1.0
2113,3.6000000000000005,-6.3999999999999995,14,Hero,0.8064291860376086,1.0
2114,3.7,-6.3,13,Hero,0.6791246054837337,1.0
2115,3.8000000000000007,-6.199999999999999,12,Hero,0.7639396612842878,1.0
2116,4.1000000000000005,-5.8999999999999995,9,Hero,0.9281914333502451,1.0
2117,4.2,-5.8,8,Hero,0.8891662731766701,1.0
2118,3.4000000000000004,-6.6,16,Hero,0.6414890747983009,1.0
2119,3.2,-6.8,18,Hero,0.6356308261553446,1.0
2120,4.6000000000000005,-5.3999999999999995,4,Hero,0.9990506023168564,1.0
2121,3.9000000000000004,-6.1,11,Hero,0.8997816660187461,1.0
2122,4.4,-5.6,6,Hero,0.9947202901045481,1.0
2123,4.6000000000000005,-5.3999999999999995,4,Hero,0.676201369613409,1.0
2124,4.5,-5.5,5,Hero,0.8496124863624572,1.0
2125,4.4,-5.6,6,Hero,0.7980475177367529,1.0
2126,-5.199999999999999,4.800000000000001,2,Villain,0.9999997019767761,1.0
2127,4.4,-5.6,6,Hero,0.8324127544959387,1.0
2128,4.2,-5.8,8,Hero,0.9958333894610405,1.0
2129,-5.199999999999999,4.800000000000001,2,Villain,0.9999998807907104,1.0
2130,4.0,-6.0,10,Hero,0.8197669960558415,1.0
2131,4.1000000000000005,-5.8999999999999995,9,Hero,0.8251361747582754,1.0
2132,-5.199999999999999,4.800000000000001,2,Villain,0.9993154406547546,1.0
2133,3.7,-6.3,13,Hero,0.7713639117204226,1.0
2134,3.4000000000000004,-6.6,16,Hero,0.6699531944468617,1.0
2135,3.5,-6.5,15,Hero,0.7483007033665975,1.0
2136,4.2,-5.8,8,Hero,0.9812745600938797,1.0
2137,4.4,-5.6,6,Hero,0.8307995051145554,1.0
2138,4.1000000000000005,-5.8999999999999995,9,Hero,0.8180834319856432,1.0
2139,4.0,-6.0,10,Hero,0.7758680880069733,1.0
2140,4.1000000000000005,-5.8999999999999995,9,Hero,0.7443294790056016,1.0
2141,-5.3999999999999995,4.6000000000000005,4,Villain,0.4808030501008034,1.0
2142,4.1000000000000005,-5.8999999999999995,9,Hero,0.8285531136724684,1.0
2143,3.6000000000000005,-6.3999999999999995,14,Hero,0.7886849508753845,1.0
2144,4.0,-6.0,10,Hero,0.786144471168518,1.0
2145,4.1000000000000005,-5.8999999999999995,9,Hero,0.8199882573551602,1.0
2146,1.3999999999999986,-8.600000000000001,36,Hero,0.8024632486825188,1.0
2147,4.7,-5.3,3,Hero,0.6685271163781484,1.0
2148,3.8000000000000007,-6.199999999999999,12,Hero,0.8695299327373505,1.0
2149,4.2,-5.8,8,Hero,0.7529395818710327,1.0
2150,4.6000000000000005,-5.3999999999999995,4,Hero,0.9566690474748611,1.0
2151,4.0,-6.0,10,Hero,0.8789720833301544,1.0
2152,3.6000000000000005,-6.3999999999999995,14,Hero,0.8046462833881378,1.0
2153,4.5,-5.5,5,Hero,0.7266843929886818,1.0
2154,-5.199999999999999,4.800000000000001,2,Villain,0.9993669390678406,1.0
2155,4.5,-5.5,5,Hero,0.7886107802391052,1.0
2156,4.1000000000000005,-5.8999999999999995,9,Hero,0.7495761521988444,1.0
2157,4.5,-5.5,5,Hero,0.9824104189872742,1.0
2158,3.3,-6.7,17,Hero,0.7573037261472029,1.0
2159,4.9,-5.1,1,Hero,0.9971103072166443,1.0
2160,4.2,-5.8,8,Hero,0.840057484805584,1.0
2161,3.9000000000000004,-6.1,11,Hero,0.8757257217710669,1.0
2162,4.0,-6.0,10,Hero,0.7823412209749222,1.0
2163,3.9000000000000004,-6.1,11,Hero,0.8506688611073927,1.0
2164,4.1000000000000005,-5.8999999999999995,9,Hero,0.7015578846136729,1.0
2165,1.4999999999999987,-8.500000000000002,35,Hero,0.7383980818092823,1.0
2166,4.2,-5.8,8,Hero,0.9356117993593216,1.0
2167,4.9,-5.1,1,Hero,0.9938246011734009,1.0
2168,3.7,-6.3,13,Hero,0.8402930039625901,1.0
2169,-5.5,4.5,5,Villain,0.9999678373336792,1.0
2170,4.300000000000001,-5.699999999999999,7,Hero,0.7899772780282157,1.0
2171,3.5,-6.5,15,Hero,0.7697316865126292,1.0
2172,4.1000000000000005,-5.8999999999999995,9,Hero,0.9917100469271342,1.0
2173,4.6000000000000005,-5.3999999999999995,4,Hero,0.8753547668457031,1.0
2174,3.4000000000000004,-6.6,16,Hero,0.7344171004369855,1.0
2175,4.6000000000000005,-5.3999999999999995,4,Hero,0.8243046253919601,1.0
2176,3.6000000000000005,-6.3999999999999995,14,Hero,0.5927684855248246,1.0
2177,3.5,-6.5,15,Hero,0.7756196697552998,1.0
2178,3.8000000000000007,-6.199999999999999,12,Hero,0.771783921867609,1.0
2179,4.1000000000000005,-5.8999999999999995,9,Hero,0.9965218438042535,1.0
2180,3.8000000000000007,-6.199999999999999,12,Hero,0.699703469251593,1.0
2181,4.800000000000001,-5.199999999999999,2,Hero,0.9949796795845032,1.0
2182,4.4,-5.6,6,Hero,0.8031578958034515,1.0
2183,4.2,-5.8,8,Hero,0.7762210518121719,1.0
2184,3.7,-6.3,13,Hero,0.821720173725715,1.0
2185,4.1000000000000005,-5.8999999999999995,9,Hero,0.9368787275420295,1.0
2186,-5.3999999999999995,4.6000000000000005,4,Villain,0.999870091676712,1.0
2187,4.7,-5.3,3,Hero,0.9910558462142944,1.0
2188,4.5,-5.5,5,Hero,0.9980892539024353,1.0
2189,4.2,-5.8,8,Hero,0.9554024636745453,1.0
2190,3.3,-6.7,17,Hero,0.6461760200121823,1.0
2191,3.8000000000000007,-6.199999999999999,12,Hero,0.7065264781316122,1.0
2192,4.0,-6.0,10,Hero,0.9604416787624359,1.0
2193,4.5,-5.5,5,Hero,0.7402874648571014,1.0
2194,-5.6,4.4,6,Villain,0.9999009072780609,1.0
2195,4.1000000000000005,-5.8999999999999995,9,Hero,0.5555419847369194,1.0
2196,4.300000000000001,-5.699999999999999,7,Hero,0.9042271673679352,1.0
2197,4.0,-6.0,10,Hero,0.8637556076049805,1.0
2198,4.300000000000001,-5.699999999999999,7,Hero,0.6709309901509967,1.0
2199,-5.1,4.9,1,Villain,0.9833980798721313,1.0
2200,3.8000000000000007,-6.199999999999999,12,Hero,0.7406971603631973,1.0
2201,4.0,-6.0,10,Hero,0.7756472826004028,1.0
2202,4.6000000000000005,-5.3999999999999995,4,Hero,0.9702488631010056,1.0
2203,3.0999999999999996,-6.9,19,Hero,0.5760178934586676,1.0
2204,4.6000000000000005,-5.3999999999999995,4,Hero,0.6746775321662426,1.0
2205,3.4000000000000004,-6.6,16,Hero,0.7351135682256427,1.0
2206,3.6000000000000005,-6.3999999999999995,14,Hero,0.81166858119624,1.0
2207,3.8000000000000007,-6.199999999999999,12,Hero,0.7306658700108528,1.0
2208,-5.3,4.7,3,Villain,0.9999716679255167,1.0
2209,4.6000000000000005,-5.3999999999999995,4,Hero,0.8117267787456512,1.0
2210,4.800000000000001,-5.199999999999999,2,Hero,0.6975269168615341,1.0
2211,4.2,-5.8,8,Hero,0.9924859181046486,1.0
2212,4.1000000000000005,-5.8999999999999995,9,Hero,0.7112495286597146,1.0
2213,3.9000000000000004,-6.1,11,Hero,0.7667702124877409,1.0
2214,4.9,-5.1,1,Hero,0.6903902292251587,1.0
2215,3.9000000000000004,-6.1,11,Hero,0.6261256765574217,1.0
2216,4.6000000000000005,-5.3999999999999995,4,Hero,0.7661417108029127,1.0
2217,4.1000000000000005,-5.8999999999999995,9,Hero,0.9372931288348304,1.0
2218,3.5,-6.5,15,Hero,0.7597175300121307,1.0
2219,4.300000000000001,-5.699999999999999,7,Hero,0.8641539599214282,1.0
2220,3.4000000000000004,-6.6,16,Hero,0.7716437764465809,1.0
2221,4.7,-5.3,3,Hero,0.9968483249346415,1.0
2222,4.4,-5.6,6,Hero,0.9152979751427969,1.0
2223,3.6000000000000005,-6.3999999999999995,14,Hero,0.7380981062139783,1.0
2224,-5.3999999999999995,4.6000000000000005,4,Villain,0.8252779841423035,1.0
2225,3.9000000000000004,-6.1,11,Hero,0.9227198470722545,1.0
2226,4.9,-5.1,1,Hero,0.8976317048072815,1.0
2227,4.5,-5.5,5,Hero,0.8776945054531098,1.0
2228,4.7,-5.3,3,Hero,0.8550914327303568,1.0
2229,3.9000000000000004,-6.1,11,Hero,0.7877975729378787,1.0
2230,4.2,-5.8,8,Hero,0.9987623766064644,1.0
2231,4.0,-6.0,10,Hero,0.7701634933240712,1.0
2232,4.300000000000001,-5.699999999999999,7,Hero,0.8811274809496743,1.0
2233,4.300000000000001,-5.699999999999999,7,Hero,0.6854759444083486,1.0
2234,-7.1,2.9,21,Villain,0.5872382351330349,1.0
2235,4.2,-5.8,8,Hero,0.7204312197864056,1.0
2236,2.5999999999999996,-7.4,24,Hero,0.6047665948669115,1.0
2237,3.9000000000000004,-6.1,11,Hero,0.9213905497030779,1.0
2238,4.1000000000000005,-5.8999999999999995,9,Hero,0.843621638086107,1.0
2239,3.6000000000000005,-6.3999999999999995,14,Hero,0.777683154812881,1.0
2240,4.300000000000001,-5.699999999999999,7,Hero,0.9837221843855721,1.0
2241,3.6000000000000005,-6.3999999999999995,14,Hero,0.7475876669798579,1.0
2242,3.0999999999999996,-6.9,19,Hero,0.6975187294577297,1.0
2243,4.7,-5.3,3,Hero,0.8485943078994751,1.0
2244,4.5,-5.5,5,Hero,0.9997082233428956,1.0
2245,4.300000000000001,-5.699999999999999,7,Hero,0.6964266747236252,1.0
2246,4.5,-5.5,5,Hero,0.876114547252655,1.0
2247,4.0,-6.0,10,Hero,0.9433357119560242,1.0
2248,4.5,-5.5,5,Hero,0.7434731543064117,1.0
2249,-5.3,4.7,3,Villain,0.9999903043111166,1.0
2250,3.9000000000000004,-6.1,11,Hero,0.8355861360376532,1.0
2251,3.8000000000000007,-6.199999999999999,12,Hero,0.8138327399889628,1.0
2252,4.2,-5.8,8,Hero,0.7704458869993687,1.0
2253,3.9000000000000004,-6.1,11,Hero,0.8068434379317544,1.0
2254,4.6000000000000005,-5.3999999999999995,4,Hero,0.7901133634150028,1.0
2255,3.5,-6.5,15,Hero,0.7482033332188924,1.0
2256,3.4000000000000004,-6.6,16,Hero,0.6691481247544289,1.0
2257,4.300000000000001,-5.699999999999999,7,Hero,0.8322919607162476,1.0
2258,4.0,-6.0,10,Hero,0.7530984908342362,1.0
2259,3.9000000000000004,-6.1,11,Hero,0.729133196852424,1.0
2260,3.6000000000000005,-6.3999999999999995,14,Hero,0.8241877279111317,1.0
2261,3.5,-6.5,15,Hero,0.7182814121246338,1.0
2262,3.7,-6.3,13,Hero,0.7149846307360209,1.0
2263,4.300000000000001,-5.699999999999999,7,Hero,0.9346262557165963,1.0
2264,4.2,-5.8,8,Hero,0.9305448904633522,1.0
2265,4.0,-6.0,10,Hero,0.7201351255178452,1.0
2266,4.1000000000000005,-5.8999999999999995,9,Hero,0.7599226716491911,1.0
2267,4.0,-6.0,10,Hero,0.7416815280914306,1.0
2268,2.8,-7.2,22,Hero,0.6093307957053185,1.0
2269,4.6000000000000005,-5.3999999999999995,4,Hero,0.7648269534111023,1.0
2270,4.1000000000000005,-5.8999999999999995,9,Hero,0.9551584389474657,1.0
2271,2.5999999999999996,-7.4,24,Hero,0.5304024195453773,1.0
2272,4.1000000000000005,-5.8999999999999995,9,Hero,0.8483309812015958,1.0
2273,4.1000000000000005,-5.8999999999999995,9,Hero,0.7790922125180563,1.0
2274,4.7,-5.3,3,Hero,0.9942299524943033,1.0
2275,4.0,-6.0,10,Hero,0.841284990310669,1.0
2276,3.8000000000000007,-6.199999999999999,12,Hero,0.7929950704177221,1.0
2277,-6.9,3.0999999999999996,19,Villain,0.6637886409696779,1.0
2278,3.0999999999999996,-6.9,19,Hero,0.6950163809876693,1.0
2279,3.9000000000000004,-6.1,11,Hero,0.8944204341281544,1.0
2280,3.2,-6.8,18,Hero,0.6930349965890249,1.0
2281,4.1000000000000005,-5.8999999999999995,9,Hero,0.9119168023268381,1.0
2282,-4.999999999999998,-4.999999999999998,50,None,0.556783439218998,1.0
2283,4.5,-5.5,5,Hero,0.8463853359222412,1.0
2284,4.2,-5.8,8,Hero,0.8373451307415962,1.0
2285,4.0,-6.0,10,Hero,0.838149830698967,1.0
2286,4.4,-5.6,6,Hero,0.650398121525844,1.0
2287,4.2,-5.8,8,Hero,0.9309661388397217,1.0
2288,4.0,-6.0,10,Hero,0.9615524411201477,1.0
2289,4.1000000000000005,-5.8999999999999995,9,Hero,0.7984838883082072,1.0
2290,3.9000000000000004,-6.1,11,Hero,0.9092768159779635,1.0
2291,4.0,-6.0,10,Hero,0.9263644456863404,1.0
2292,3.8000000000000007,-6.199999999999999,12,Hero,0.8495071077098449,1.0
2293,3.6000000000000005,-6.3999999999999995,14,Hero,0.6781543620995113,1.0
2294,4.4,-5.6,6,Hero,0.8406155904134115,1.0
2295,4.0,-6.0,10,Hero,0.7576548039913178,1.0
2296,3.7,-6.3,13,Hero,0.7870456874370575,1.0
2297,4.2,-5.8,8,Hero,0.6649114601314068,1.0
2298,4.7,-5.3,3,Hero,0.718193938334783,1.0
2299,3.6000000000000005,-6.3999999999999995,14,Hero,0.7178835814951786,1.0
2300,4.0,-6.0,10,Hero,0.7261067405343056,1.0
2301,3.8000000000000007,-6.199999999999999,12,Hero,0.7710833673675855,1.0
2302,4.0,-6.0,10,Hero,0.8039815962314606,1.0
2303,2.4999999999999996,-7.5,25,Hero,0.6074746644496918,1.0
2304,4.300000000000001,-5.699999999999999,7,Hero,0.9158986466271537,1.0
2305,4.4,-5.6,6,Hero,0.8219849069913229,1.0
2306,4.1000000000000005,-5.8999999999999995,9,Hero,0.8468477146493064,1.0
2307,4.4,-5.6,6,Hero,0.8741889695326487,1.0
2308,4.300000000000001,-5.699999999999999,7,Hero,0.8545850834676197,1.0
2309,4.300000000000001,-5.699999999999999,7,Hero,0.9353236981800624,1.0
2310,3.9000000000000004,-6.1,11,Hero,0.7777506736191836,1.0
2311,4.7,-5.3,3,Hero,0.9798082311948141,1.0
2312,3.9000000000000004,-6.1,11,Hero,0.7352196736769243,1.0
2313,4.0,-6.0,10,Hero,0.8272233702242374,1.0
2314,4.2,-5.8,8,Hero,0.6665460214717314,1.0
2315,3.8000000000000007,-6.199999999999999,12,Hero,0.7697552371149262,1.0
2316,3.0,-7.0,20,Hero,0.5021893673576414,1.0
2317,4.1000000000000005,-5.8999999999999995,9,Hero,0.932929191324446,1.0
2318,2.5999999999999996,-7.4,24,Hero,0.6427852436124036,1.0
2319,4.2,-5.8,8,Hero,0.9274632483720779,1.0
2320,-5.1,4.9,1,Villain,0.942703366279602,1.0
2321,-4.999999999999998,-4.999999999999998,50,None,0.8705972548946739,1.0
2322,4.800000000000001,-5.199999999999999,2,Hero,0.9855704009532928,1.0
2323,-5.199999999999999,4.800000000000001,2,Villain,0.9999758005142212,1.0
2324,4.1000000000000005,-5.8999999999999995,9,Hero,0.7968765166070726,1.0
2325,-4.999999999999998,-4.999999999999998,50,None,0.5872107750177383,1.0
2326,3.7,-6.3,13,Hero,0.7934974615390484,1.0
2327,4.5,-5.5,5,Hero,0.7026026368141174,1.0
2328,3.4000000000000004,-6.6,16,Hero,0.7372524766251445,1.0
2329,4.7,-5.3,3,Hero,0.4156391769647598,1.0
2330,3.7,-6.3,13,Hero,0.6962092312482687,1.0
2331,-5.1,4.9,1,Villain,0.4592803120613098,1.0
2332,3.7,-6.3,13,Hero,0.7466060066452394,1.0
2333,3.8000000000000007,-6.199999999999999,12,Hero,0.8376244058211645,1.0
2334,3.8000000000000007,-6.199999999999999,12,Hero,0.7385186490913233,1.0
2335,4.2,-5.8,8,Hero,0.9317130893468857,1.0
2336,3.3,-6.7,17,Hero,0.7520490069599712,1.0
2337,4.7,-5.3,3,Hero,0.7640306254227957,1.0
2338,4.2,-5.8,8,Hero,0.9138371981680393,1.0
2339,3.7,-6.3,13,Hero,0.8197069735481188,1.0
2340,4.9,-5.1,1,Hero,0.7934777736663818,1.0
2341,3.5,-6.5,15,Hero,0.6622624228398005,1.0
2342,3.7,-6.3,13,Hero,0.7135627084913162,1.0
2343,4.0,-6.0,10,Hero,0.7932533264160156,1.0
2344,-4.999999999999998,-4.999999999999998,50,None,0.8929260858148337,1.0
2345,4.800000000000001,-5.199999999999999,2,Hero,0.4842775762081146,1.0
2346,4.5,-5.5,5,Hero,0.723585569858551,1.0
2347,-4.999999999999998,-4.999999999999998,50,None,0.5398398745059967,1.0
2348,3.9000000000000004,-6.1,11,Hero,0.8278686756437476,1.0
2349,-4.999999999999998,-4.999999999999998,50,None,0.6548637282848359,1.0
2350,-4.999999999999998,-4.999999999999998,50,None,0.5333101123571395,1.0
2351,3.5,-6.5,15,Hero,0.720100290576617,1.0
2352,4.1000000000000005,-5.8999999999999995,9,Hero,0.731599372294214,1.0
2353,4.7,-5.3,3,Hero,0.7748517592748007,1.0
2354,4.800000000000001,-5.199999999999999,2,Hero,0.5275381505489349,1.0
2355,3.0999999999999996,-6.9,19,Hero,0.6907857985872972,1.0
2356,4.300000000000001,-5.699999999999999,7,Hero,0.9196679208959851,1.0
2357,2.9,-7.1,21,Hero,0.848172306482281,1.0
2358,4.4,-5.6,6,Hero,0.759969120224317,1.0
2359,2.2999999999999994,-7.700000000000001,27,Hero,0.6608173132494644,1.0
2360,3.5,-6.5,15,Hero,0.6841211368640264,1.0
2361,3.2,-6.8,18,Hero,0.7075986895296309,1.0
2362,4.300000000000001,-5.699999999999999,7,Hero,0.691909808665514,1.0
2363,3.4000000000000004,-6.6,16,Hero,0.6698044002987444,1.0
2364,3.3,-6.7,17,Hero,0.5406442486187991,1.0
2365,3.2,-6.8,18,Hero,0.6563126912547482,1.0
2366,4.2,-5.8,8,Hero,0.9186856560409069,1.0
2367,2.4999999999999996,-7.5,25,Hero,0.6965216428041459,1.0
2368,4.4,-5.6,6,Hero,0.814269408583641,1.0
2369,3.4000000000000004,-6.6,16,Hero,0.7140593491494656,1.0
2370,-5.1,4.9,1,Villain,0.9999892711639404,1.0
2371,4.2,-5.8,8,Hero,0.8708206750452518,1.0
2372,3.9000000000000004,-6.1,11,Hero,0.8264224393801256,1.0
2373,4.5,-5.5,5,Hero,0.8951591730117798,1.0
2374,3.0999999999999996,-6.9,19,Hero,0.6759793781920483,1.0
2375,3.8000000000000007,-6.199999999999999,12,Hero,0.8008712480465571,1.0
2376,4.0,-6.0,10,Hero,0.8886166542768479,1.0
2377,4.5,-5.5,5,Hero,0.9848693251609802,1.0
2378,4.4,-5.6,6,Hero,0.9758685926596323,1.0
2379,4.300000000000001,-5.699999999999999,7,Hero,0.9950023463794163,1.0
2380,3.9000000000000004,-6.1,11,Hero,0.7517566558989611,1.0
2381,4.7,-5.3,3,Hero,0.7477309505144755,1.0
2382,-5.699999999999999,4.300000000000001,7,Villain,0.9998953086989266,1.0
2383,4.6000000000000005,-5.3999999999999995,4,Hero,0.6579332277178764,1.0
2384,3.9000000000000004,-6.1,11,Hero,0.9184924309903925,1.0
2385,4.4,-5.6,6,Hero,0.9990561107794443,1.0
2386,0.6999999999999993,-9.3,43,Hero,0.5579068954427575,1.0
2387,4.4,-5.6,6,Hero,0.9047695795694987,1.0
2388,4.300000000000001,-5.699999999999999,7,Hero,0.7423427999019623,1.0
2389,4.6000000000000005,-5.3999999999999995,4,Hero,0.8059678822755814,1.0
2390,3.3,-6.7,17,Hero,0.759297560681315,1.0
2391,2.3999999999999995,-7.6000000000000005,26,Hero,0.5224121093320159,1.0
2392,4.6000000000000005,-5.3999999999999995,4,Hero,0.9904409646987915,1.0
2393,3.7,-6.3,13,Hero,0.7864698194540464,1.0
2394,3.7,-6.3,13,Hero,0.8407392593530508,1.0
2395,4.2,-5.8,8,Hero,0.8609462268650532,1.0
2396,4.0,-6.0,10,Hero,0.8800022572278976,1.0
2397,4.2,-5.8,8,Hero,0.9304635524749756,1.0
2398,4.300000000000001,-5.699999999999999,7,Hero,0.9862875512668065,1.0
2399,3.5,-6.5,15,Hero,0.7091264809171359,1.0
2400,4.6000000000000005,-5.3999999999999995,4,Hero,0.7354560922831297,1.0
2401,4.1000000000000005,-5.8999999999999995,9,Hero,0.7872280362579558,1.0
2402,4.300000000000001,-5.699999999999999,7,Hero,0.9894444687025887,1.0
2403,4.2,-5.8,8,Hero,0.8949193209409714,1.0
2404,4.1000000000000005,-5.8999999999999995,9,Hero,0.9390498995780945,1.0
2405,4.300000000000001,-5.699999999999999,7,Hero,0.8486069696290153,1.0
2406,4.7,-5.3,3,Hero,0.6408259570598602,1.0
2407,4.300000000000001,-5.699999999999999,7,Hero,0.7405253776482174,1.0
2408,3.0,-7.0,20,Hero,0.7703280355781317,1.0
2409,4.1000000000000005,-5.8999999999999995,9,Hero,0.8634229799111685,1.0
2410,-5.3999999999999995,4.6000000000000005,4,Villain,0.9942387044429779,1.0
2411,4.2,-5.8,8,Hero,0.7367102801799774,1.0
2412,4.0,-6.0,10,Hero,0.9468014061450958,1.0
2413,4.5,-5.5,5,Hero,0.8813422560691834,1.0
2414,4.4,-5.6,6,Hero,0.8330640196800232,1.0
2415,4.9,-5.1,1,Hero,0.9872021079063416,1.0
2416,4.5,-5.5,5,Hero,0.8310466647148133,1.0
2417,3.7,-6.3,13,Hero,0.81737554531831,1.0
2418,4.2,-5.8,8,Hero,0.9541252255439758,1.0
2419,4.300000000000001,-5.699999999999999,7,Hero,0.7927654130118233,1.0
2420,4.300000000000001,-5.699999999999999,7,Hero,0.7015557310410908,1.0
2421,2.9,-7.1,21,Hero,0.6753230595162937,1.0
2422,4.4,-5.6,6,Hero,0.8643822968006134,1.0
2423,4.9,-5.1,1,Hero,0.8400846123695374,1.0
2424,3.9000000000000004,-6.1,11,Hero,0.854777292771773,1.0
2425,3.7,-6.3,13,Hero,0.7752910978519,1.0
2426,3.3,-6.7,17,Hero,0.7120312329600839,1.0
2427,4.0,-6.0,10,Hero,0.7959516942501068,1.0
2428,3.8000000000000007,-6.199999999999999,12,Hero,0.8641244396567345,1.0
2429,4.0,-6.0,10,Hero,0.9397295266389847,1.0
2430,4.0,-6.0,10,Hero,0.7776024878025055,1.0
2431,3.9000000000000004,-6.1,11,Hero,0.7891545268622312,1.0
2432,4.4,-5.6,6,Hero,0.832265991717577,1.0
2433,3.6000000000000005,-6.3999999999999995,14,Hero,0.5634458943137101,1.0
2434,4.0,-6.0,10,Hero,0.9393447279930115,1.0
2435,3.2,-6.8,18,Hero,0.6273523602220747,1.0
2436,4.4,-5.6,6,Hero,0.8141581316788992,1.0
2437,3.7,-6.3,13,Hero,0.7743735714600637,1.0
2438,4.1000000000000005,-5.8999999999999995,9,Hero,0.8651668181022009,1.0
2439,4.1000000000000005,-5.8999999999999995,9,Hero,0.8855158223046197,1.0
2440,4.300000000000001,-5.699999999999999,7,Hero,0.6018202219690595,1.0
2441,3.9000000000000004,-6.1,11,Hero,0.9073706865310669,1.0
2442,4.7,-5.3,3,Hero,0.9986987709999084,1.0
2443,-5.199999999999999,4.800000000000001,2,Villain,0.3374694436788559,1.0
2444,3.0,-7.0,20,Hero,0.6670166516676546,1.0
2445,3.9000000000000004,-6.1,11,Hero,0.9292956265536222,1.0
2446,3.3,-6.7,17,Hero,0.7139965558753294,1.0
2447,3.0999999999999996,-6.9,19,Hero,0.6399891545113764,1.0
2448,3.8000000000000007,-6.199999999999999,12,Hero,0.8747595449288686,1.0
2449,4.1000000000000005,-5.8999999999999995,9,Hero,0.708558878964848,1.0
2450,4.300000000000001,-5.699999999999999,7,Hero,0.7217134279864175,1.0
2451,-6.7,3.3,17,Villain,0.6324455067515373,1.0
2452,4.800000000000001,-5.199999999999999,2,Hero,0.7986531257629395,1.0
2453,3.8000000000000007,-6.199999999999999,12,Hero,0.8011887148022652,1.0
2454,3.7,-6.3,13,Hero,0.7871606616446605,1.0
2455,4.0,-6.0,10,Hero,0.8472478419542313,1.0
2456,3.6000000000000005,-6.3999999999999995,14,Hero,0.6988074529383864,1.0
2457,4.800000000000001,-5.199999999999999,2,Hero,0.618989884853363,1.0
2458,4.2,-5.8,8,Hero,0.9978987351059914,1.0
2459,4.6000000000000005,-5.3999999999999995,4,Hero,0.9783295094966888,1.0
2460,4.1000000000000005,-5.8999999999999995,9,Hero,0.9527190923690796,1.0
2461,4.6000000000000005,-5.3999999999999995,4,Hero,0.8652690649032593,1.0
2462,4.2,-5.8,8,Hero,0.9979565814137459,1.0
2463,4.9,-5.1,1,Hero,0.6650815010070801,1.0
2464,2.8,-7.2,22,Hero,0.5435326167128303,1.0
2465,3.4000000000000004,-6.6,16,Hero,0.7506690099835396,1.0
2466,3.7,-6.3,13,Hero,0.781205439223693,1.0
2467,3.7,-6.3,13,Hero,0.643320056108328,1.0
2468,4.300000000000001,-5.699999999999999,7,Hero,0.9228135347366333,1.0
2469,-5.199999999999999,4.800000000000001,2,Villain,0.996062844991684,1.0
2470,3.8000000000000007,-6.199999999999999,12,Hero,0.8208057573065162,1.0
2471,4.300000000000001,-5.699999999999999,7,Hero,0.9122639639036996,1.0
2472,4.2,-5.8,8,Hero,0.814598286524415,1.0
2473,4.0,-6.0,10,Hero,0.9575831413269043,1.0
2474,2.8,-7.2,22,Hero,0.6069349809126421,1.0
2475,3.9000000000000004,-6.1,11,Hero,0.7541369524869052,1.0
2476,4.0,-6.0,10,Hero,0.8874826669692993,1.0
2477,4.7,-5.3,3,Hero,0.9890824755032858,1.0
2478,4.5,-5.5,5,Hero,0.8267836570739746,1.0
2479,4.5,-5.5,5,Hero,0.7001939237117767,1.0
2480,3.9000000000000004,-6.1,11,Hero,0.742644109509208,1.0
2481,4.2,-5.8,8,Hero,0.725344717502594,1.0
2482,4.5,-5.5,5,Hero,0.8044409215450287,1.0
2483,-5.699999999999999,4.300000000000001,7,Villain,0.9167684316635132,1.0
2484,4.5,-5.5,5,Hero,0.7052780956029892,1.0
2485,4.2,-5.8,8,Hero,0.8785402998328209,1.0
2486,4.0,-6.0,10,Hero,0.8764137551188469,1.0
2487,3.9000000000000004,-6.1,11,Hero,0.9124900752847845,1.0
2488,4.2,-5.8,8,Hero,0.9387281015515327,1.0
2489,4.0,-6.0,10,Hero,0.9633168399333953,1.0
2490,4.4,-5.6,6,Hero,0.9414605995019277,1.0
2491,3.4000000000000004,-6.6,16,Hero,0.7192886518314481,1.0
2492,4.4,-5.6,6,Hero,0.9202688336372375,1.0
2493,4.1000000000000005,-5.8999999999999995,9,Hero,0.6794855660862393,1.0
2494,4.7,-5.3,3,Hero,0.9105332295099894,1.0
2495,4.300000000000001,-5.699999999999999,7,Hero,0.7602919148547309,1.0
2496,4.1000000000000005,-5.8999999999999995,9,Hero,0.9991273217731051,1.0
2497,3.9000000000000004,-6.1,11,Hero,0.6603866544636813,1.0
2498,4.7,-5.3,3,Hero,0.7674761017163595,1.0
2499,4.5,-5.5,5,Hero,0.9955398082733155,1.0
2500,3.8000000000000007,-6.199999999999999,12,Hero,0.8723388959964117,1.0
2501,3.0,-7.0,20,Hero,0.6358740136027337,1.0
2502,4.5,-5.5,5,Hero,0.8154331803321838,1.0
2503,3.7,-6.3,13,Hero,0.7026383790832299,1.0
2504,3.5,-6.5,15,Hero,0.7392249524593353,1.0
2505,3.3,-6.7,17,Hero,0.7140852901605231,1.0
2506,4.7,-5.3,3,Hero,0.657857303818067,1.0
2507,4.2,-5.8,8,Hero,0.902340330183506,1.0
2508,3.8000000000000007,-6.199999999999999,12,Hero,0.8570517177383105,1.0
2509,3.8000000000000007,-6.199999999999999,12,Hero,0.8176484107971191,1.0
2510,4.6000000000000005,-5.3999999999999995,4,Hero,0.9573282152414322,1.0
2511,4.300000000000001,-5.699999999999999,7,Hero,0.8518056699207851,1.0
2512,4.0,-6.0,10,Hero,0.9553026258945465,1.0
2513,4.7,-5.3,3,Hero,0.6647232472896576,1.0
2514,3.7,-6.3,13,Hero,0.7230228592570012,1.0
2515,3.9000000000000004,-6.1,11,Hero,0.9105320410294966,1.0
2516,3.8000000000000007,-6.199999999999999,12,Hero,0.710937169380486,1.0
2517,4.5,-5.5,5,Hero,0.6878283813595771,1.0
2518,4.300000000000001,-5.699999999999999,7,Hero,0.9940882069723946,1.0
2519,4.300000000000001,-5.699999999999999,7,Hero,0.751251974276134,1.0
2520,4.800000000000001,-5.199999999999999,2,Hero,0.6811041384935379,1.0
2521,4.0,-6.0,10,Hero,0.8345522224903107,1.0
2522,3.7,-6.3,13,Hero,0.8078271517386804,1.0
2523,3.8000000000000007,-6.199999999999999,12,Hero,0.7588178440928459,1.0
2524,3.4000000000000004,-6.6,16,Hero,0.7393086005467921,1.0
2525,3.9000000000000004,-6.1,11,Hero,0.9051001342860135,1.0
2526,3.3,-6.7,17,Hero,0.7440638857729295,1.0
2527,3.9000000000000004,-6.1,11,Hero,0.7744211554527283,1.0
2528,4.5,-5.5,5,Hero,0.8721640229225158,1.0
2529,4.800000000000001,-5.199999999999999,2,Hero,0.9427065253257751,1.0
2530,4.300000000000001,-5.699999999999999,7,Hero,0.788085516010012,1.0
2531,3.5,-6.5,15,Hero,0.8048409620920817,1.0
2532,4.6000000000000005,-5.3999999999999995,4,Hero,0.9928677827119827,1.0
2533,3.7,-6.3,13,Hero,0.7539320794435648,1.0
2534,3.3,-6.7,17,Hero,0.7408515600597158,1.0
2535,3.2,-6.8,18,Hero,0.721655929254161,1.0
2536,4.4,-5.6,6,Hero,0.922363261381785,1.0
2537,3.4000000000000004,-6.6,16,Hero,0.6972219928866252,1.0
2538,4.0,-6.0,10,Hero,0.9456536412239075,1.0
2539,4.1000000000000005,-5.8999999999999995,9,Hero,0.951660950978597,1.0
2540,4.2,-5.8,8,Hero,0.8087005242705345,1.0
2541,4.2,-5.8,8,Hero,0.7977952286601067,1.0
2542,3.4000000000000004,-6.6,16,Hero,0.7151382174342871,1.0
2543,4.4,-5.6,6,Hero,0.9389421741167704,1.0
2544,4.800000000000001,-5.199999999999999,2,Hero,0.8979722857475281,1.0
2545,3.8000000000000007,-6.199999999999999,12,Hero,0.7829099098841349,1.0
2546,4.9,-5.1,1,Hero,0.9235179424285889,1.0
2547,3.4000000000000004,-6.6,16,Hero,0.7508233450353146,1.0
2548,4.800000000000001,-5.199999999999999,2,Hero,0.9879802763462067,1.0
2549,4.800000000000001,-5.199999999999999,2,Hero,0.7366046905517578,1.0
2550,4.1000000000000005,-5.8999999999999995,9,Hero,0.9241060581472185,1.0
2551,4.300000000000001,-5.699999999999999,7,Hero,0.994071934904371,1.0
2552,4.2,-5.8,8,Hero,0.7451296895742416,1.0
2553,4.0,-6.0,10,Hero,0.6752790160477161,1.0
2554,4.2,-5.8,8,Hero,0.8482253402471542,1.0
2555,4.2,-5.8,8,Hero,0.8091292530298233,1.0
2556,4.1000000000000005,-5.8999999999999995,9,Hero,0.9449282089869181,1.0
2557,4.2,-5.8,8,Hero,0.9140964969992638,1.0
2558,3.6000000000000005,-6.3999999999999995,14,Hero,0.7789419484989983,1.0
2559,4.1000000000000005,-5.8999999999999995,9,Hero,0.9943235913912455,1.0
2560,4.1000000000000005,-5.8999999999999995,9,Hero,0.8886554682006439,1.0
2561,3.8000000000000007,-6.199999999999999,12,Hero,0.8702109158039093,1.0
2562,4.300000000000001,-5.699999999999999,7,Hero,0.8345875761338643,1.0
2563,4.6000000000000005,-5.3999999999999995,4,Hero,0.9889775663614273,1.0
2564,2.6999999999999997,-7.300000000000001,23,Hero,0.603714066679063,1.0
2565,3.5,-6.5,15,Hero,0.7445316632588704,1.0
2566,3.7,-6.3,13,Hero,0.7305022684427408,1.0
2567,4.0,-6.0,10,Hero,0.7856042593717575,1.0
2568,4.300000000000001,-5.699999999999999,7,Hero,0.7273962455136436,1.0
2569,3.8000000000000007,-6.199999999999999,12,Hero,0.7670629744728407,1.0
2570,4.1000000000000005,-5.8999999999999995,9,Hero,0.7757113840844896,1.0
2571,3.2,-6.8,18,Hero,0.7359515035318004,1.0
2572,4.300000000000001,-5.699999999999999,7,Hero,0.9482556070600238,1.0
2573,4.6000000000000005,-5.3999999999999995,4,Hero,0.8153742849826813,1.0
2574,4.300000000000001,-5.699999999999999,7,Hero,0.9985254917825971,1.0
2575,4.5,-5.5,5,Hero,0.8905087232589721,1.0
2576,3.7,-6.3,13,Hero,0.7656490871539483,1.0
2577,4.0,-6.0,10,Hero,0.7168594866991043,1.0
2578,4.5,-5.5,5,Hero,0.9597450494766235,1.0
2579,4.2,-5.8,8,Hero,0.6223665082361549,1.0
2580,4.1000000000000005,-5.8999999999999995,9,Hero,0.9180218312475417,1.0
2581,4.4,-5.6,6,Hero,0.7749850125983357,1.0
2582,4.2,-5.8,8,Hero,0.9758910536766052,1.0
2583,3.8000000000000007,-6.199999999999999,12,Hero,0.8042106876770655,1.0
2584,4.7,-5.3,3,Hero,0.9712667266527811,1.0
2585,4.5,-5.5,5,Hero,0.906332004070282,1.0
2586,3.8000000000000007,-6.199999999999999,12,Hero,0.8438428218166033,1.0
2587,4.0,-6.0,10,Hero,0.7764386594295501,1.0
2588,4.5,-5.5,5,Hero,0.9960096120834351,1.0
2589,4.800000000000001,-5.199999999999999,2,Hero,0.7813182771205902,1.0
2590,4.0,-6.0,10,Hero,0.7815821379423141,1.0
2591,4.1000000000000005,-5.8999999999999995,9,Hero,0.8907610575358073,1.0
2592,4.7,-5.3,3,Hero,0.8803346554438273,1.0
2593,4.1000000000000005,-5.8999999999999995,9,Hero,0.7471737331814237,1.0
2594,3.8000000000000007,-6.199999999999999,12,Hero,0.7622418602307638,1.0
2595,3.5,-6.5,15,Hero,0.7404535805185636,1.0
2596,-5.6,4.4,6,Villain,0.8010572691758474,1.0
2597,4.0,-6.0,10,Hero,0.7894729420542717,1.0
2598,4.300000000000001,-5.699999999999999,7,Hero,0.937909586088998,1.0
2599,4.5,-5.5,5,Hero,0.9944706559181213,1.0
2600,3.7,-6.3,13,Hero,0.8657120007735032,1.0
2601,4.4,-5.6,6,Hero,0.8123826086521149,1.0
2602,4.4,-5.6,6,Hero,0.9989371796449026,1.0
2603,4.300000000000001,-5.699999999999999,7,Hero,0.9198089752878461,1.0
2604,4.1000000000000005,-5.8999999999999995,9,Hero,0.8287729521592458,1.0
2605,3.9000000000000004,-6.1,11,Hero,0.8461310917680914,1.0
2606,4.1000000000000005,-5.8999999999999995,9,Hero,0.7646188835302988,1.0
2607,4.6000000000000005,-5.3999999999999995,4,Hero,0.9997679740190506,1.0
2608,3.0,-7.0,20,Hero,0.7994581408798694,1.0
2609,3.6000000000000005,-6.3999999999999995,14,Hero,0.718039482831955,1.0
2610,4.300000000000001,-5.699999999999999,7,Hero,0.9995592321668353,1.0
2611,4.800000000000001,-5.199999999999999,2,Hero,0.997052937746048,1.0
2612,3.9000000000000004,-6.1,11,Hero,0.806956949559125,1.0
2613,4.4,-5.6,6,Hero,0.7267614435404539,1.0
2614,4.1000000000000005,-5.8999999999999995,9,Hero,0.9018572535779741,1.0
2615,3.8000000000000007,-6.199999999999999,12,Hero,0.8176913683613142,1.0
2616,4.5,-5.5,5,Hero,0.6813067257404327,1.0
2617,3.5,-6.5,15,Hero,0.7452407350142797,1.0
2618,4.0,-6.0,10,Hero,0.8109167873859405,1.0
2619,3.8000000000000007,-6.199999999999999,12,Hero,0.7209287489143511,1.0
2620,4.1000000000000005,-5.8999999999999995,9,Hero,0.9626856115129259,1.0
2621,4.7,-5.3,3,Hero,0.915627638498942,1.0
2622,3.8000000000000007,-6.199999999999999,12,Hero,0.8365671783685684,1.0
2623,3.7,-6.3,13,Hero,0.6622195908656487,1.0
2624,3.8000000000000007,-6.199999999999999,12,Hero,0.8093513684968153,1.0
2625,4.1000000000000005,-5.8999999999999995,9,Hero,0.8585211899545457,1.0
2626,3.5,-6.5,15,Hero,0.7925219575564066,1.0
2627,4.6000000000000005,-5.3999999999999995,4,Hero,0.7671769335865974,1.0
2628,4.0,-6.0,10,Hero,0.7894476473331451,1.0
2629,3.4000000000000004,-6.6,16,Hero,0.7410923596471548,1.0
2630,3.8000000000000007,-6.199999999999999,12,Hero,0.8325646047790846,1.0
2631,3.8000000000000007,-6.199999999999999,12,Hero,0.9096288979053497,1.0
2632,4.6000000000000005,-5.3999999999999995,4,Hero,0.7766085807234049,1.0
2633,3.8000000000000007,-6.199999999999999,12,Hero,0.7762044235908737,1.0
2634,4.1000000000000005,-5.8999999999999995,9,Hero,0.8775147265858121,1.0
2635,4.4,-5.6,6,Hero,0.9187643031279246,1.0
2636,2.8,-7.2,22,Hero,0.6475689119913361,1.0
2637,4.1000000000000005,-5.8999999999999995,9,Hero,0.8777683973312378,1.0
2638,4.0,-6.0,10,Hero,0.8880891472101211,1.0
2639,3.8000000000000007,-6.199999999999999,12,Hero,0.8380136837561926,1.0
2640,3.8000000000000007,-6.199999999999999,12,Hero,0.8405191749334335,1.0
2641,4.2,-5.8,8,Hero,0.9989985823631287,1.0
2642,3.8000000000000007,-6.199999999999999,12,Hero,0.7603239168723425,1.0
2643,4.800000000000001,-5.199999999999999,2,Hero,0.9631653130054474,1.0
2644,3.4000000000000004,-6.6,16,Hero,0.6910351407714188,1.0
2645,3.7,-6.3,13,Hero,0.8240040494845464,1.0
2646,-5.5,4.5,5,Villain,0.9953074097633362,1.0
2647,4.4,-5.6,6,Hero,0.9723481833934784,1.0
2648,3.9000000000000004,-6.1,11,Hero,0.7800636440515518,1.0
2649,3.4000000000000004,-6.6,16,Hero,0.713593658991158,1.0
2650,3.9000000000000004,-6.1,11,Hero,0.8129016540267251,1.0
2651,3.6000000000000005,-6.3999999999999995,14,Hero,0.75290301282491,1.0
2652,4.300000000000001,-5.699999999999999,7,Hero,0.9949627688952855,1.0
2653,4.6000000000000005,-5.3999999999999995,4,Hero,0.994554340839386,1.0
2654,4.1000000000000005,-5.8999999999999995,9,Hero,0.7068633420599831,1.0
2655,4.1000000000000005,-5.8999999999999995,9,Hero,0.706524540980657,1.0
2656,4.6000000000000005,-5.3999999999999995,4,Hero,0.9910471439361572,1.0
2657,4.0,-6.0,10,Hero,0.7773805886507035,1.0
2658,4.1000000000000005,-5.8999999999999995,9,Hero,0.7901340226332346,1.0
2659,4.300000000000001,-5.699999999999999,7,Hero,0.8272961292948041,1.0
2660,3.0999999999999996,-6.9,19,Hero,0.70136585282652,1.0
2661,4.0,-6.0,10,Hero,0.7716562002897263,1.0
2662,4.0,-6.0,10,Hero,0.9519217252731323,1.0
2663,4.0,-6.0,10,Hero,0.9448118388652802,1.0
2664,4.7,-5.3,3,Hero,0.9556583762168884,1.0
2665,4.2,-5.8,8,Hero,0.8985046818852425,1.0
2666,3.7,-6.3,13,Hero,0.784148877629867,1.0
2667,4.7,-5.3,3,Hero,0.8247226476669312,1.0
2668,3.5,-6.5,15,Hero,0.8188742101192474,1.0
2669,4.300000000000001,-5.699999999999999,7,Hero,0.9233586021832058,1.0
2670,4.5,-5.5,5,Hero,0.6095557287335396,1.0
2671,4.6000000000000005,-5.3999999999999995,4,Hero,0.7322566397488117,1.0
2672,4.5,-5.5,5,Hero,0.8100989103317261,1.0
2673,4.5,-5.5,5,Hero,0.9031992554664612,1.0
2674,4.4,-5.6,6,Hero,0.7521714369455973,1.0
2675,3.4000000000000004,-6.6,16,Hero,0.736276825889945,1.0
2676,3.9000000000000004,-6.1,11,Hero,0.9344492825594816,1.0
2677,4.1000000000000005,-5.8999999999999995,9,Hero,0.8450998018185297,1.0
2678,-5.1,4.9,1,Villain,0.999929666519165,1.0
2679,4.2,-5.8,8,Hero,0.8017661347985268,1.0
2680,3.6000000000000005,-6.3999999999999995,14,Hero,0.7440078407526016,1.0
2681,3.7,-6.3,13,Hero,0.7948676599906042,1.0
2682,3.9000000000000004,-6.1,11,Hero,0.8830432187427174,1.0
2683,3.7,-6.3,13,Hero,0.681562249477093,1.0
2684,4.4,-5.6,6,Hero,0.7310735235611597,1.0
2685,3.2,-6.8,18,Hero,0.6598422370023198,1.0
2686,4.9,-5.1,1,Hero,0.9040272235870361,1.0
2687,4.0,-6.0,10,Hero,0.9491926372051239,1.0
2688,4.1000000000000005,-5.8999999999999995,9,Hero,0.7596432831552293,1.0
2689,3.9000000000000004,-6.1,11,Hero,0.8474923209710554,1.0
2690,3.9000000000000004,-6.1,11,Hero,0.815854473547502,1.0
2691,4.7,-5.3,3,Hero,0.9978249073028564,1.0
2692,4.5,-5.5,5,Hero,0.9981012344360352,1.0
2693,4.2,-5.8,8,Hero,0.8058426678180695,1.0
2694,3.3,-6.7,17,Hero,0.6681729928754708,1.0
2695,4.4,-5.6,6,Hero,0.9978831013043722,1.0
2696,4.0,-6.0,10,Hero,0.8862707883119583,1.0
2697,3.7,-6.3,13,Hero,0.774688319518016,1.0
2698,3.7,-6.3,13,Hero,0.7472721934318542,1.0
2699,3.3,-6.7,17,Hero,0.7090555320439094,1.0
2700,4.7,-5.3,3,Hero,0.9979117115338644,1.0
2701,4.2,-5.8,8,Hero,0.9342190101742744,1.0
2702,4.6000000000000005,-5.3999999999999995,4,Hero,0.9962867796421051,1.0
2703,4.4,-5.6,6,Hero,0.8795559157927831,1.0
2704,4.300000000000001,-5.699999999999999,7,Hero,0.9068987199238369,1.0
2705,3.4000000000000004,-6.6,16,Hero,0.6884839693084359,1.0
2706,4.2,-5.8,8,Hero,0.6369935385882854,1.0
2707,3.7,-6.3,13,Hero,0.7933158553563632,1.0
2708,4.1000000000000005,-5.8999999999999995,9,Hero,0.6777760647237301,1.0
2709,4.5,-5.5,5,Hero,0.9789772510528565,1.0
2710,4.800000000000001,-5.199999999999999,2,Hero,0.9845949709415436,1.0
2711,4.2,-5.8,8,Hero,0.8529800660908222,1.0
2712,3.9000000000000004,-6.1,11,Hero,0.6392957705327056,1.0
2713,3.7,-6.3,13,Hero,0.8042761935637548,1.0
2714,4.0,-6.0,10,Hero,0.7826200593262911,1.0
2715,4.0,-6.0,10,Hero,0.8713029444217681,1.0
2716,3.5,-6.5,15,Hero,0.761694586277008,1.0
2717,4.6000000000000005,-5.3999999999999995,4,Hero,0.8114961385726929,1.0
2718,4.0,-6.0,10,Hero,0.8593852564692497,1.0
2719,4.5,-5.5,5,Hero,0.9862757563591004,1.0
2720,4.1000000000000005,-5.8999999999999995,9,Hero,0.7627259459760454,1.0
2721,4.300000000000001,-5.699999999999999,7,Hero,0.8531027947153363,1.0
2722,4.5,-5.5,5,Hero,0.6925537303090096,1.0
2723,4.1000000000000005,-5.8999999999999995,9,Hero,0.796914259592692,1.0
2724,4.7,-5.3,3,Hero,0.9945794939994812,1.0
2725,3.7,-6.3,13,Hero,0.7343010446773126,1.0
2726,4.300000000000001,-5.699999999999999,7,Hero,0.9250370689800808,1.0
2727,3.8000000000000007,-6.199999999999999,12,Hero,0.7573257982730865,1.0
2728,4.1000000000000005,-5.8999999999999995,9,Hero,0.9997376667128669,1.0
2729,3.4000000000000004,-6.6,16,Hero,0.7325765620917082,1.0
2730,3.7,-6.3,13,Hero,0.8018425405025482,1.0
2731,4.4,-5.6,6,Hero,0.7104946921269099,1.0
2732,3.2,-6.8,18,Hero,0.6774576215280427,1.0
2733,3.7,-6.3,13,Hero,0.8404519741351788,1.0
2734,4.300000000000001,-5.699999999999999,7,Hero,0.948337163243975,1.0
2735,3.6000000000000005,-6.3999999999999995,14,Hero,0.65009648672172,1.0
2736,4.2,-5.8,8,Hero,0.7447737287729979,1.0
2737,-5.3,4.7,3,Villain,0.970210611820221,1.0
2738,4.6000000000000005,-5.3999999999999995,4,Hero,0.9965907037258148,1.0
2739,4.6000000000000005,-5.3999999999999995,4,Hero,0.8093525171279907,1.0
2740,4.7,-5.3,3,Hero,0.6819490691026052,1.0
2741,4.300000000000001,-5.699999999999999,7,Hero,0.9884580799511501,1.0
2742,4.5,-5.5,5,Hero,0.7465259015560151,1.0
2743,3.7,-6.3,13,Hero,0.824780693420997,1.0
2744,4.1000000000000005,-5.8999999999999995,9,Hero,0.9952633712026808,1.0
2745,3.7,-6.3,13,Hero,0.8198754626971024,1.0
2746,3.4000000000000004,-6.6,16,Hero,0.7122207526117563,1.0
2747,3.5,-6.5,15,Hero,0.7195678119858105,1.0
2748,3.9000000000000004,-6.1,11,Hero,0.7799153199250047,1.0
2749,4.4,-5.6,6,Hero,0.729317232966423,1.0
2750,3.8000000000000007,-6.199999999999999,12,Hero,0.6837148057917753,1.0
2751,4.300000000000001,-5.699999999999999,7,Hero,0.9081072424139295,1.0
2752,3.8000000000000007,-6.199999999999999,12,Hero,0.851790559788545,1.0
2753,3.5,-6.5,15,Hero,0.7306576639413833,1.0
2754,4.0,-6.0,10,Hero,0.9181869268417359,1.0
2755,4.6000000000000005,-5.3999999999999995,4,Hero,0.6282078986987472,1.0
2756,4.0,-6.0,10,Hero,0.876292371749878,1.0
2757,-5.6,4.4,6,Villain,0.9999943574269613,1.0
2758,3.9000000000000004,-6.1,11,Hero,0.826596891338175,1.0
2759,4.4,-5.6,6,Hero,0.8076768666505814,1.0
2760,4.300000000000001,-5.699999999999999,7,Hero,0.8162067702838353,1.0
2761,4.2,-5.8,8,Hero,0.8113708589226007,1.0
2762,4.6000000000000005,-5.3999999999999995,4,Hero,0.9919456839561462,1.0
2763,4.0,-6.0,10,Hero,0.7589305192232132,1.0
2764,4.0,-6.0,10,Hero,0.9547056913375854,1.0
2765,-5.3,4.7,3,Villain,0.6843531243503094,1.0
2766,3.5,-6.5,15,Hero,0.7281287014484406,1.0
2767,4.9,-5.1,1,Hero,0.9991617202758789,1.0
2768,0.10000000000000142,-9.899999999999999,49,Hero,0.9179350524304473,1.0
2769,3.0,-7.0,20,Hero,0.7758100466802716,1.0
2770,-4.999999999999998,-4.999999999999998,50,None,0.8860013735294342,1.0
2771,-4.999999999999998,-4.999999999999998,50,None,0.971681591719389,1.0
2772,4.800000000000001,-5.199999999999999,2,Hero,0.99998939037323,1.0
2773,2.6999999999999997,-7.300000000000001,23,Hero,0.7627402924244171,1.0
2774,3.7,-6.3,13,Hero,0.8619036079885868,1.0
2775,-4.999999999999998,-4.999999999999998,50,None,0.9528373047709465,1.0
2776,-4.999999999999998,-4.999999999999998,50,None,0.9455061826109886,1.0
2777,3.7,-6.3,13,Hero,0.8289792338887659,1.0
2778,-4.999999999999998,-4.999999999999998,50,None,0.8768366685509682,1.0
2779,1.899999999999999,-8.100000000000001,31,Hero,0.9186990539873799,1.0
2780,2.3999999999999995,-7.6000000000000005,26,Hero,0.8169174785278022,1.0
2781,2.8,-7.2,22,Hero,0.753481937064366,1.0
2782,3.6000000000000005,-6.3999999999999995,14,Hero,0.8004658451037747,1.0
2783,-4.999999999999998,-4.999999999999998,50,None,0.9129357483983039,1.0
2784,3.8000000000000007,-6.199999999999999,12,Hero,0.8167623697469631,1.0
2785,4.7,-5.3,3,Hero,0.6813692450523376,1.0
2786,3.0,-7.0,20,Hero,0.7717365257441997,1.0
2787,3.8000000000000007,-6.199999999999999,12,Hero,0.7431013832489649,1.0
2788,4.4,-5.6,6,Hero,0.8178303564588228,1.0
2789,3.8000000000000007,-6.199999999999999,12,Hero,0.8105508958299955,1.0
2790,3.6000000000000005,-6.3999999999999995,14,Hero,0.7273590990475246,1.0
2791,2.8,-7.2,22,Hero,0.8511890159411863,1.0
2792,4.5,-5.5,5,Hero,0.9100887775421143,1.0
2793,3.6000000000000005,-6.3999999999999995,14,Hero,0.7511741880859647,1.0
2794,3.9000000000000004,-6.1,11,Hero,0.7782267711379312,1.0
2795,3.8000000000000007,-6.199999999999999,12,Hero,0.7870678827166557,1.0
2796,2.4999999999999996,-7.5,25,Hero,0.8014409652352333,1.0
2797,4.0,-6.0,10,Hero,0.8331340357661248,1.0
2798,2.6999999999999997,-7.300000000000001,23,Hero,0.6829631429003633,1.0
2799,3.3,-6.7,17,Hero,0.7238589975613114,1.0
2800,3.0,-7.0,20,Hero,0.7198959466069936,1.0
2801,4.5,-5.5,5,Hero,0.9084617614746093,1.0
2802,3.9000000000000004,-6.1,11,Hero,0.8239346051757986,1.0
2803,3.8000000000000007,-6.199999999999999,12,Hero,0.7429680352409681,1.0
2804,3.4000000000000004,-6.6,16,Hero,0.812501909211278,1.0
2805,3.9000000000000004,-6.1,11,Hero,0.8908415897326036,1.0
2806,-5.3,4.7,3,Villain,0.9999999602635702,1.0
2807,4.1000000000000005,-5.8999999999999995,9,Hero,0.910147852367825,1.0
2808,2.5999999999999996,-7.4,24,Hero,0.6149779744446278,1.0
2809,3.9000000000000004,-6.1,11,Hero,0.766349582509561,1.0
2810,4.1000000000000005,-5.8999999999999995,9,Hero,0.8403389321433173,1.0
2811,3.6000000000000005,-6.3999999999999995,14,Hero,0.8374864969934736,1.0
2812,4.1000000000000005,-5.8999999999999995,9,Hero,0.8314351307021247,1.0
2813,4.1000000000000005,-5.8999999999999995,9,Hero,0.8747244162691964,1.0
2814,3.8000000000000007,-6.199999999999999,12,Hero,0.8164960630238056,1.0
2815,4.2,-5.8,8,Hero,0.7949637360870838,1.0
2816,4.4,-5.6,6,Hero,0.9167495866616567,1.0
2817,4.6000000000000005,-5.3999999999999995,4,Hero,0.8771421164274216,1.0
2818,3.9000000000000004,-6.1,11,Hero,0.8586328747597608,1.0
2819,4.0,-6.0,10,Hero,0.7966934973374009,1.0
2820,3.9000000000000004,-6.1,11,Hero,0.7532180561260744,1.0
2821,3.9000000000000004,-6.1,11,Hero,0.8510525849732485,1.0
2822,3.6000000000000005,-6.3999999999999995,14,Hero,0.8409135192632675,1.0
2823,4.4,-5.6,6,Hero,0.8863863249619802,1.0
2824,4.5,-5.5,5,Hero,0.7036252021789551,1.0
2825,3.9000000000000004,-6.1,11,Hero,0.8738122176040303,1.0
2826,4.2,-5.8,8,Hero,0.9308054372668266,1.0
2827,4.2,-5.8,8,Hero,0.8095144033432007,1.0
2828,3.4000000000000004,-6.6,16,Hero,0.7117848247289658,1.0
2829,4.2,-5.8,8,Hero,0.9727375656366348,1.0
2830,3.9000000000000004,-6.1,11,Hero,0.8292244632135738,1.0
2831,3.9000000000000004,-6.1,11,Hero,0.9175414497202093,1.0
2832,3.6000000000000005,-6.3999999999999995,14,Hero,0.7989420912095478,1.0
2833,4.1000000000000005,-5.8999999999999995,9,Hero,0.8354137010044522,1.0
2834,4.4,-5.6,6,Hero,0.6714136774341265,1.0
2835,-5.3999999999999995,4.6000000000000005,4,Villain,0.8160742968320847,1.0
2836,3.7,-6.3,13,Hero,0.8043650044844701,1.0
2837,4.5,-5.5,5,Hero,0.9988544106483459,1.0
2838,4.0,-6.0,10,Hero,0.8809314355254173,1.0
2839,-5.6,4.4,6,Villain,0.999889055887858,1.0
2840,4.4,-5.6,6,Hero,0.9999496837457021,1.0
2841,3.9000000000000004,-6.1,11,Hero,0.7774340998042714,1.0
2842,3.7,-6.3,13,Hero,0.8114928396848532,1.0
2843,-5.199999999999999,4.800000000000001,2,Villain,0.9999383091926575,1.0
2844,2.4999999999999996,-7.5,25,Hero,0.81673449665308,1.0
2845,3.2,-6.8,18,Hero,0.7388697812954584,1.0
2846,-5.3999999999999995,4.6000000000000005,4,Villain,0.9999987483024597,1.0
2847,-6.8,3.2,18,Villain,0.6305678760011991,1.0
2848,-5.6,4.4,6,Villain,0.9997603396574656,1.0
2849,4.1000000000000005,-5.8999999999999995,9,Hero,0.9993248250749376,1.0
2850,3.7,-6.3,13,Hero,0.7889511814484229,1.0
2851,4.1000000000000005,-5.8999999999999995,9,Hero,0.6794187559021844,1.0
2852,4.0,-6.0,10,Hero,0.9053971588611602,1.0
2853,4.1000000000000005,-5.8999999999999995,9,Hero,0.872090251909362,1.0
2854,3.5,-6.5,15,Hero,0.6635807879269123,1.0
2855,3.8000000000000007,-6.199999999999999,12,Hero,0.7219487596303225,1.0
2856,3.7,-6.3,13,Hero,0.7592246211492099,1.0
2857,3.4000000000000004,-6.6,16,Hero,0.7873504236340523,1.0
2858,4.4,-5.6,6,Hero,0.8538626233736674,1.0
2859,3.6000000000000005,-6.3999999999999995,14,Hero,0.7574684470891953,1.0
2860,4.2,-5.8,8,Hero,0.8992537185549736,1.0
2861,-5.3,4.7,3,Villain,0.9998210867245992,1.0
2862,4.300000000000001,-5.699999999999999,7,Hero,0.8239465185574123,1.0
2863,4.6000000000000005,-5.3999999999999995,4,Hero,0.6921558193862438,1.0
2864,4.6000000000000005,-5.3999999999999995,4,Hero,0.778140626847744,1.0
2865,4.4,-5.6,6,Hero,0.8291062265634537,1.0
2866,3.7,-6.3,13,Hero,0.7943911638397437,1.0
2867,4.0,-6.0,10,Hero,0.9158133447170258,1.0
2868,3.2,-6.8,18,Hero,0.7150545633501477,1.0
2869,4.5,-5.5,5,Hero,0.9860758185386658,1.0
2870,4.4,-5.6,6,Hero,0.9218865434328715,1.0
2871,3.6000000000000005,-6.3999999999999995,14,Hero,0.6824427087392125,1.0
2872,4.1000000000000005,-5.8999999999999995,9,Hero,0.9671101702584161,1.0
2873,4.300000000000001,-5.699999999999999,7,Hero,0.8554125811372485,1.0
2874,3.9000000000000004,-6.1,11,Hero,0.8192049962553111,1.0
2875,3.8000000000000007,-6.199999999999999,12,Hero,0.7739438886443774,1.0
2876,2.8,-7.2,22,Hero,0.593914733691649,1.0
2877,-5.5,4.5,5,Villain,0.9982780337333679,1.0
2878,4.2,-5.8,8,Hero,0.7818425484001637,1.0
2879,3.0999999999999996,-6.9,19,Hero,0.7127482036226674,1.0
2880,4.2,-5.8,8,Hero,0.8152939192950726,1.0
2881,-5.3999999999999995,4.6000000000000005,4,Villain,0.9999984502792358,1.0
2882,4.5,-5.5,5,Hero,0.8835290431976318,1.0
2883,3.8000000000000007,-6.199999999999999,12,Hero,0.8070159877339999,1.0
2884,4.300000000000001,-5.699999999999999,7,Hero,0.7569702437945774,1.0
2885,3.7,-6.3,13,Hero,0.7549474730801123,1.0
2886,4.0,-6.0,10,Hero,0.936223816871643,1.0
2887,4.9,-5.1,1,Hero,0.9747569561004639,1.0
2888,4.6000000000000005,-5.3999999999999995,4,Hero,0.9842900633811951,1.0
2889,3.8000000000000007,-6.199999999999999,12,Hero,0.8168899044394493,1.0
2890,2.8,-7.2,22,Hero,0.8042854697189548,1.0
2891,3.7,-6.3,13,Hero,0.8332859197488198,1.0
2892,3.0999999999999996,-6.9,19,Hero,0.9083550890025339,1.0
2893,3.6000000000000005,-6.3999999999999995,14,Hero,0.7693089842796326,1.0
2894,4.1000000000000005,-5.8999999999999995,9,Hero,0.7693731718593173,1.0
2895,3.9000000000000004,-6.1,11,Hero,0.7711479372598908,1.0
2896,4.1000000000000005,-5.8999999999999995,9,Hero,0.7791070209609138,1.0
2897,3.9000000000000004,-6.1,11,Hero,0.7943771075118672,1.0
2898,3.5,-6.5,15,Hero,0.79124356508255,1.0
2899,4.0,-6.0,10,Hero,0.8636298239231109,1.0
2900,3.7,-6.3,13,Hero,0.8533345965238718,1.0
2901,3.7,-6.3,13,Hero,0.8731322242663457,1.0
2902,3.5,-6.5,15,Hero,0.7404407342274983,1.0
2903,4.4,-5.6,6,Hero,0.9999457399050394,1.0
2904,4.2,-5.8,8,Hero,0.9999186918139458,1.0
2905,3.9000000000000004,-6.1,11,Hero,0.863204690543088,1.0
2906,3.8000000000000007,-6.199999999999999,12,Hero,0.7120905295014381,1.0
2907,4.9,-5.1,1,Hero,0.6762641072273254,1.0
2908,3.8000000000000007,-6.199999999999999,12,Hero,0.8279039269934098,1.0
2909,3.9000000000000004,-6.1,11,Hero,0.8348615833304145,1.0
2910,4.2,-5.8,8,Hero,0.7800976373255253,1.0
2911,2.9,-7.1,21,Hero,0.7804453053644725,1.0
2912,4.800000000000001,-5.199999999999999,2,Hero,0.9998897612094879,1.0
2913,4.0,-6.0,10,Hero,0.7638277798891068,1.0
2914,-5.199999999999999,4.800000000000001,2,Villain,0.9979201555252075,1.0
2915,4.9,-5.1,1,Hero,0.9989234805107117,1.0
2916,3.8000000000000007,-6.199999999999999,12,Hero,0.7220064861079057,1.0
2917,3.9000000000000004,-6.1,11,Hero,0.7660094841637395,1.0
2918,4.0,-6.0,10,Hero,0.7802150376141072,1.0
2919,3.7,-6.3,13,Hero,0.8281224438777337,1.0
2920,-5.5,4.5,5,Villain,0.9602409482002259,1.0
2921,3.8000000000000007,-6.199999999999999,12,Hero,0.9101591805617014,1.0
2922,4.9,-5.1,1,Hero,0.9265921115875244,1.0
2923,4.0,-6.0,10,Hero,0.9049483120441437,1.0
2924,3.9000000000000004,-6.1,11,Hero,0.9246893254193392,1.0
2925,3.9000000000000004,-6.1,11,Hero,0.7310129756277258,1.0
2926,3.9000000000000004,-6.1,11,Hero,0.810344322161241,1.0
2927,4.2,-5.8,8,Hero,0.9831834733486176,1.0
2928,3.3,-6.7,17,Hero,0.7289344357217059,1.0
2929,4.1000000000000005,-5.8999999999999995,9,Hero,0.995619018872579,1.0
2930,2.9,-7.1,21,Hero,0.6905952535924458,1.0
2931,3.9000000000000004,-6.1,11,Hero,0.8121523884209719,1.0
2932,4.1000000000000005,-5.8999999999999995,9,Hero,0.6741485067953666,1.0
2933,4.300000000000001,-5.699999999999999,7,Hero,0.8206556971584048,1.0
2934,3.6000000000000005,-6.3999999999999995,14,Hero,0.7149118121181216,1.0
2935,4.2,-5.8,8,Hero,0.8624561838805676,1.0
2936,3.3,-6.7,17,Hero,0.7416151700650945,1.0
2937,3.9000000000000004,-6.1,11,Hero,0.773217670280825,1.0
2938,4.6000000000000005,-5.3999999999999995,4,Hero,0.9997807443141937,1.0
2939,3.8000000000000007,-6.199999999999999,12,Hero,0.8201230019330978,1.0
2940,4.9,-5.1,1,Hero,0.6893596053123474,1.0
2941,4.300000000000001,-5.699999999999999,7,Hero,0.7570232834134784,1.0
2942,2.9,-7.1,21,Hero,0.6802682319567317,1.0
2943,4.300000000000001,-5.699999999999999,7,Hero,0.6541352314608437,1.0
2944,3.4000000000000004,-6.6,16,Hero,0.6433633649721742,1.0
2945,3.9000000000000004,-6.1,11,Hero,0.8864877711642872,1.0
2946,4.1000000000000005,-5.8999999999999995,9,Hero,0.7323831841349602,1.0
2947,4.2,-5.8,8,Hero,0.8815109357237816,1.0
2948,4.0,-6.0,10,Hero,0.9330361425876618,1.0
2949,4.300000000000001,-5.699999999999999,7,Hero,0.881404419030462,1.0
2950,4.5,-5.5,5,Hero,0.8027094155550003,1.0
2951,4.1000000000000005,-5.8999999999999995,9,Hero,0.9951750834782919,1.0
2952,4.4,-5.6,6,Hero,0.6201246393223604,1.0
2953,4.0,-6.0,10,Hero,0.7461688727140426,1.0
2954,4.5,-5.5,5,Hero,0.9946127533912659,1.0
2955,4.6000000000000005,-5.3999999999999995,4,Hero,0.7466133572161198,1.0
2956,4.0,-6.0,10,Hero,0.907420015335083,1.0
2957,4.4,-5.6,6,Hero,0.9301517903804779,1.0
2958,4.0,-6.0,10,Hero,0.7459613263607026,1.0
2959,4.1000000000000005,-5.8999999999999995,9,Hero,0.8594575060738457,1.0
2960,4.300000000000001,-5.699999999999999,7,Hero,0.9410123229026794,1.0
2961,3.9000000000000004,-6.1,11,Hero,0.8842334232547067,1.0
2962,4.4,-5.6,6,Hero,0.8551942259073257,1.0
2963,3.2,-6.8,18,Hero,0.7123623560700152,1.0
2964,4.300000000000001,-5.699999999999999,7,Hero,0.9456641163144793,1.0
2965,3.8000000000000007,-6.199999999999999,12,Hero,0.8737765351931254,1.0
2966,3.9000000000000004,-6.1,11,Hero,0.7216123992746527,1.0
2967,4.2,-5.8,8,Hero,0.7475340217351913,1.0
2968,4.0,-6.0,10,Hero,0.8576122179627419,1.0
2969,4.300000000000001,-5.699999999999999,7,Hero,0.9640626566750663,1.0
2970,4.5,-5.5,5,Hero,0.996376347541809,1.0
2971,3.0999999999999996,-6.9,19,Hero,0.6323534548282623,1.0
2972,4.0,-6.0,10,Hero,0.715929713845253,1.0
2973,4.4,-5.6,6,Hero,0.6070626747484008,1.0
2974,-5.1,4.9,1,Villain,0.9998587369918823,1.0
2975,3.8000000000000007,-6.199999999999999,12,Hero,0.7931393484274546,1.0
2976,4.1000000000000005,-5.8999999999999995,9,Hero,0.8849498728911082,1.0
2977,3.9000000000000004,-6.1,11,Hero,0.84430931373076,1.0
2978,-5.3,4.7,3,Villain,0.9770603974660238,1.0
2979,4.6000000000000005,-5.3999999999999995,4,Hero,0.6699115931987762,1.0
2980,3.4000000000000004,-6.6,16,Hero,0.7466570613905787,1.0
2981,3.8000000000000007,-6.199999999999999,12,Hero,0.83118969698747,1.0
2982,4.2,-5.8,8,Hero,0.9504558816552162,1.0
2983,4.300000000000001,-5.699999999999999,7,Hero,0.8753318446023124,1.0
2984,4.800000000000001,-5.199999999999999,2,Hero,0.9926649630069733,1.0
2985,4.4,-5.6,6,Hero,0.9979729354381561,1.0
2986,3.9000000000000004,-6.1,11,Hero,0.802607693455436,1.0
2987,4.2,-5.8,8,Hero,0.9995845481753349,1.0
2988,4.2,-5.8,8,Hero,0.8998097106814384,1.0
2989,4.800000000000001,-5.199999999999999,2,Hero,0.8766669034957886,1.0
2990,3.8000000000000007,-6.199999999999999,12,Hero,0.7374105180303255,1.0
2991,3.5,-6.5,15,Hero,0.8187235797444979,1.0
2992,3.2,-6.8,18,Hero,0.7888044516245524,1.0
2993,3.9000000000000004,-6.1,11,Hero,0.8254137201742693,1.0
2994,-5.1,4.9,1,Villain,0.9932530522346497,1.0
2995,4.9,-5.1,1,Hero,0.9957146048545837,1.0
2996,4.300000000000001,-5.699999999999999,7,Hero,0.70790553518704,1.0
2997,4.7,-5.3,3,Hero,0.9997375210126241,1.0
2998,3.9000000000000004,-6.1,11,Hero,0.8773341646248644,1.0
2999,3.6000000000000005,-6.3999999999999995,14,Hero,0.83732741858278,1.0
3000,3.4000000000000004,-6.6,16,Hero,0.7002049260772765,1.0
