episode,hero_reward,villain_reward,steps,winner,hero_avg_prob,villain_avg_prob
1,-4.999999999999998,-4.999999999999998,50,None,0.30681661888957024,0.3152565322816372
2,3.4000000000000004,-6.6,16,Hero,0.31887186598032713,0.4406784400343895
3,4.1000000000000005,-5.8999999999999995,9,Hero,0.46859056419796413,0.36694003227684235
4,3.8000000000000007,-6.199999999999999,12,Hero,0.48834994559486705,0.30963756144046783
5,4.5,-5.5,5,Hero,0.5880205184221268,0.31053546965122225
6,-5.3,4.7,3,Villain,0.44715311129887897,0.31861764192581177
7,4.800000000000001,-5.199999999999999,2,Hero,0.7634193003177643,0.32041075825691223
8,4.4,-5.6,6,Hero,0.6086667440831661,0.27359530826409656
9,3.9000000000000004,-6.1,11,Hero,0.7048328437588431,0.27243306826461444
10,2.4999999999999996,-7.5,25,Hero,0.6921140403486788,0.3115574613213539
11,3.8000000000000007,-6.199999999999999,12,Hero,0.5968062641719977,0.27404808439314365
12,4.0,-6.0,10,Hero,0.7196831718087197,0.34053735584020617
13,3.3,-6.7,17,Hero,0.6761594888042001,0.3432388871031649
14,-5.8,4.2,8,Villain,0.417124405503273,0.3920695623382926
15,3.5,-6.5,15,Hero,0.47373673717180886,0.3084766527016958
16,2.9,-7.1,21,Hero,0.5290271043777466,0.3550486784605753
17,3.2,-6.8,18,Hero,0.5598066043522623,0.3258361311422454
18,3.8000000000000007,-6.199999999999999,12,Hero,0.5613827506701151,0.36379680161674816
19,4.4,-5.6,6,Hero,0.555955613652865,0.2569017745554447
20,3.6000000000000005,-6.3999999999999995,14,Hero,0.6545041352510452,0.43297042192092966
21,3.8000000000000007,-6.199999999999999,12,Hero,0.5652557176848253,0.3873005509376526
22,4.300000000000001,-5.699999999999999,7,Hero,0.6525264233350754,0.7098262437752315
23,3.4000000000000004,-6.6,16,Hero,0.5816347934305668,0.43673846824094653
24,4.5,-5.5,5,Hero,0.5307390689849854,0.32439717948436736
25,4.2,-5.8,8,Hero,0.5601244941353798,0.42049829103052616
26,4.0,-6.0,10,Hero,0.5104141801595687,0.7333312813192606
27,4.0,-6.0,10,Hero,0.5455668270587921,0.7970575138926506
28,4.300000000000001,-5.699999999999999,7,Hero,0.4613302860941206,0.458170586930854
29,2.9,-7.1,21,Hero,0.48661468852133977,0.5223974581985247
30,4.300000000000001,-5.699999999999999,7,Hero,0.5275494115693229,0.6109877473541668
31,3.8000000000000007,-6.199999999999999,12,Hero,0.5646381651361784,0.5007114416609207
32,3.3,-6.7,17,Hero,0.46799339773133397,0.4398723233710317
33,-5.3999999999999995,4.6000000000000005,4,Villain,0.5043776035308838,0.45970115065574646
34,4.2,-5.8,8,Hero,0.5318061299622059,0.36129834316670895
35,3.9000000000000004,-6.1,11,Hero,0.5303982360796495,0.46346132355657493
36,4.4,-5.6,6,Hero,0.49052421003580093,0.44453221186995506
37,3.5,-6.5,15,Hero,0.5506799479325613,0.500174651791652
38,3.6000000000000005,-6.3999999999999995,14,Hero,0.5077240499002593,0.8952051145689828
39,3.6000000000000005,-6.3999999999999995,14,Hero,0.5292562076023647,0.47279614210128784
40,4.5,-5.5,5,Hero,0.5435644268989563,0.5744592785835266
41,4.300000000000001,-5.699999999999999,7,Hero,0.6465558069092887,0.5504784456321171
42,3.6000000000000005,-6.3999999999999995,14,Hero,0.6208190481577601,0.6415530719927379
43,4.300000000000001,-5.699999999999999,7,Hero,0.5134139316422599,0.8000747731753758
44,3.4000000000000004,-6.6,16,Hero,0.591829570941627,0.5889892899431288
45,3.7,-6.3,13,Hero,0.530548230959819,0.6486025452613831
46,3.4000000000000004,-6.6,16,Hero,0.5694414358586073,0.7300433628261089
47,4.300000000000001,-5.699999999999999,7,Hero,0.799984702042171,0.3798997527254479
48,3.5,-6.5,15,Hero,0.48537076115608213,0.4205308342973391
49,4.7,-5.3,3,Hero,0.6572896440823873,0.5908226668834686
50,3.9000000000000004,-6.1,11,Hero,0.6414930386976763,0.44635059786113823
51,3.4000000000000004,-6.6,16,Hero,0.5617038700729609,0.5117046991363168
52,3.8000000000000007,-6.199999999999999,12,Hero,0.6497962946693102,0.5783271233861645
53,4.1000000000000005,-5.8999999999999995,9,Hero,0.597206700179312,0.5503043598598905
54,4.800000000000001,-5.199999999999999,2,Hero,0.4994267672300339,0.40465350449085236
55,4.0,-6.0,10,Hero,0.6232990935444832,0.3969920532777905
56,4.0,-6.0,10,Hero,0.5798647344112396,0.5561929792165756
57,-5.1,4.9,1,Villain,0.7886214852333069,0.8922829627990723
58,3.8000000000000007,-6.199999999999999,12,Hero,0.6942686202625433,0.388642611913383
59,3.5,-6.5,15,Hero,0.7930378610889117,0.7260634576280912
60,-4.999999999999998,-4.999999999999998,50,None,0.7871632891893386,0.950019623041153
61,-4.999999999999998,-4.999999999999998,50,None,0.8496205495297908,0.9459039158374071
62,4.1000000000000005,-5.8999999999999995,9,Hero,0.8637661250929037,0.7121546334690518
63,-9.899999999999999,0.10000000000000142,49,Villain,0.7762622746581934,0.9521590868125156
64,4.9,-5.1,1,Hero,0.15611261129379272,0.7358497977256775
65,1.0999999999999983,-8.900000000000002,39,Hero,0.6446240682107134,0.8537230087587466
66,-5.699999999999999,4.300000000000001,7,Villain,0.549359210899898,0.8372064067849091
67,4.1000000000000005,-5.8999999999999995,9,Hero,0.5045042468441857,0.9082257350285848
68,4.0,-6.0,10,Hero,0.5225614696741104,0.5960524260997773
69,3.5,-6.5,15,Hero,0.5718427677949269,0.6763183434804281
70,4.1000000000000005,-5.8999999999999995,9,Hero,0.516019708580441,0.6190076644221941
71,4.1000000000000005,-5.8999999999999995,9,Hero,0.48867671688397724,0.5416609048843384
72,4.4,-5.6,6,Hero,0.5434926052888235,0.764744320884347
73,3.7,-6.3,13,Hero,0.5656316303289853,0.8970377060513084
74,1.4999999999999987,-8.500000000000002,35,Hero,0.6991208289350782,0.8018873991710799
75,3.7,-6.3,13,Hero,0.7166504665062978,0.6135361756269748
76,-5.1,4.9,1,Villain,0.7082507014274597,0.901971161365509
77,4.2,-5.8,8,Hero,0.5552046485245228,0.818826949223876
78,3.5,-6.5,15,Hero,0.5036077002684275,0.9112907568613688
79,4.6000000000000005,-5.3999999999999995,4,Hero,0.6906551718711853,0.5976876318454742
80,3.8000000000000007,-6.199999999999999,12,Hero,0.6771072546641032,0.632194864253203
81,3.0,-7.0,20,Hero,0.7905919026583433,0.6166520004160703
82,2.3999999999999995,-7.6000000000000005,26,Hero,0.7245741652754637,0.89494106058891
83,-5.3,4.7,3,Villain,0.7611170212427775,0.6266603445013365
84,3.5,-6.5,15,Hero,0.8265138288338979,0.8310480621953805
85,2.099999999999999,-7.9,29,Hero,0.6306513275565773,0.8109420324065562
86,3.3,-6.7,17,Hero,0.5153698237503276,0.8894810663426623
87,3.7,-6.3,13,Hero,0.5595165766202487,0.9108342425181315
88,4.2,-5.8,8,Hero,0.6831681374460459,0.7644755281507969
89,4.4,-5.6,6,Hero,0.6364824424187342,0.9769277771313986
90,4.0,-6.0,10,Hero,0.5428539246320725,0.9800752997398376
91,3.8000000000000007,-6.199999999999999,12,Hero,0.5343763132890066,0.719278983771801
92,3.7,-6.3,13,Hero,0.5324916174778571,0.9957599135545584
93,4.300000000000001,-5.699999999999999,7,Hero,0.5995550921985081,0.7655981779098511
94,3.9000000000000004,-6.1,11,Hero,0.7142585671760819,0.7296512045643546
95,3.7,-6.3,13,Hero,0.5978242961259989,0.785187459908999
96,4.1000000000000005,-5.8999999999999995,9,Hero,0.5798235221041573,0.8395343598806195
97,-5.3,4.7,3,Villain,0.9116095105806986,0.4976685841878255
98,-5.1,4.9,1,Villain,0.918825626373291,0.9801140427589417
99,3.4000000000000004,-6.6,16,Hero,0.4960782416164875,0.5309149328968488
100,4.5,-5.5,5,Hero,0.5539020478725434,0.9235032081604004
101,0.5,-9.5,45,Hero,0.5433303780025907,0.5955527796927426
102,4.5,-5.5,5,Hero,0.7971627831459045,0.9968340754508972
103,3.3,-6.7,17,Hero,0.5845953025033369,0.9751529728665072
104,1.899999999999999,-8.100000000000001,31,Hero,0.648424657602464,0.5164034719308538
105,4.2,-5.8,8,Hero,0.5460944175720215,0.9962452575564384
106,3.9000000000000004,-6.1,11,Hero,0.5775708827105436,0.7630053433504972
107,-5.199999999999999,4.800000000000001,2,Villain,0.5076974630355835,0.4840267803519964
108,3.7,-6.3,13,Hero,0.5198775163063636,0.7029981441222705
109,4.1000000000000005,-5.8999999999999995,9,Hero,0.6417082018322415,0.7865322364701165
110,3.8000000000000007,-6.199999999999999,12,Hero,0.5382756814360619,0.9893249124288559
111,4.300000000000001,-5.699999999999999,7,Hero,0.5171028418200356,0.8352600543626717
112,3.6000000000000005,-6.3999999999999995,14,Hero,0.6401723112378802,0.6450287422963551
113,2.9,-7.1,21,Hero,0.5517488515802792,0.8959224642742247
114,4.2,-5.8,8,Hero,0.5309369973838329,0.993438221514225
115,4.0,-6.0,10,Hero,0.4924390181899071,0.8706176403909922
116,4.7,-5.3,3,Hero,0.5018570820490519,0.9991066257158915
117,4.4,-5.6,6,Hero,0.6663075735171636,0.9988016585508982
118,3.7,-6.3,13,Hero,0.5927154169632838,0.9847558828500601
119,4.300000000000001,-5.699999999999999,7,Hero,0.5656114220619202,0.9963996836117336
120,4.0,-6.0,10,Hero,0.6550413556396961,0.9939269959926605
121,3.5,-6.5,15,Hero,0.5187347233295441,0.7347913841406505
122,3.6000000000000005,-6.3999999999999995,14,Hero,0.6213975931916919,0.9903198140008109
123,-5.5,4.5,5,Villain,0.3291750818490982,0.4989242762327194
124,2.3999999999999995,-7.6000000000000005,26,Hero,0.413654869583507,0.8955869668951402
125,3.6000000000000005,-6.3999999999999995,14,Hero,0.5312349604708808,0.8673870041966438
126,3.0999999999999996,-6.9,19,Hero,0.5309396448888277,0.7078262755745336
127,-5.1,4.9,1,Villain,0.6823416948318481,0.47590765357017517
128,3.7,-6.3,13,Hero,0.5565066417822471,0.7492131259865485
129,2.6999999999999997,-7.300000000000001,23,Hero,0.4380500571721274,0.7161294004839399
130,4.4,-5.6,6,Hero,0.7194489538669586,0.9757904509703318
131,2.8,-7.2,22,Hero,0.442865827544169,0.4198432730680162
132,3.8000000000000007,-6.199999999999999,12,Hero,0.5874690562098598,0.8932814309373498
133,4.2,-5.8,8,Hero,0.6132542360574007,0.8115047160536051
134,3.7,-6.3,13,Hero,0.6310969935013697,0.5706508618134719
135,4.0,-6.0,10,Hero,0.5801483571529389,0.782507860660553
136,3.7,-6.3,13,Hero,0.5141324951098516,0.783913027208585
137,3.5,-6.5,15,Hero,0.5249254574378331,0.6052536845207215
138,4.4,-5.6,6,Hero,0.5649776210387548,0.7699535638093948
139,3.8000000000000007,-6.199999999999999,12,Hero,0.6880217318733534,0.7334373593330383
140,4.7,-5.3,3,Hero,0.7561883330345154,0.5719870229562124
141,4.4,-5.6,6,Hero,0.6499192516009012,0.5609238495429357
142,3.0,-7.0,20,Hero,0.5865019604563713,0.6857377957552672
143,3.8000000000000007,-6.199999999999999,12,Hero,0.6609465032815933,0.9567935566107432
144,-5.3,4.7,3,Villain,0.9722521106402079,0.28195417920748395
145,4.2,-5.8,8,Hero,0.5541314110159874,0.9371723458170891
146,4.2,-5.8,8,Hero,0.7352918162941933,0.8097797408699989
147,3.0999999999999996,-6.9,19,Hero,0.4915744626992627,0.9037363342940807
148,4.0,-6.0,10,Hero,0.5407195091247559,0.5278819996863604
149,3.8000000000000007,-6.199999999999999,12,Hero,0.557421613484621,0.7635127659887075
150,4.2,-5.8,8,Hero,0.9423817694187164,0.6783853862434626
151,4.5,-5.5,5,Hero,0.6860159665346146,0.920176100730896
152,3.9000000000000004,-6.1,11,Hero,0.7811641842126846,0.7103074687448415
153,3.4000000000000004,-6.6,16,Hero,0.5119104906916618,0.92526507464936
154,4.4,-5.6,6,Hero,0.5516704122225443,0.6715405732393265
155,3.6000000000000005,-6.3999999999999995,14,Hero,0.5548226122877428,0.9963794606072562
156,4.0,-6.0,10,Hero,0.5842124968767166,0.5737548559904099
157,2.3999999999999995,-7.6000000000000005,26,Hero,0.5445949618632977,0.7500132233477556
158,3.4000000000000004,-6.6,16,Hero,0.5449549723416567,0.6526122987270355
159,3.8000000000000007,-6.199999999999999,12,Hero,0.4974816602965196,0.9957301070292791
160,4.300000000000001,-5.699999999999999,7,Hero,0.9138160177639553,0.7355764167649406
161,4.2,-5.8,8,Hero,0.528644472360611,0.5757573489099741
162,3.4000000000000004,-6.6,16,Hero,0.5342854000627995,0.8984172453638166
163,4.4,-5.6,6,Hero,0.6217827958365282,0.694060206413269
164,4.0,-6.0,10,Hero,0.5895273387432098,0.663732472807169
165,3.5,-6.5,15,Hero,0.5226054807504018,0.9924274325370789
166,4.300000000000001,-5.699999999999999,7,Hero,0.5644143394061497,0.8589717660631452
167,3.7,-6.3,13,Hero,0.6501613362477376,0.7223894378313651
168,4.300000000000001,-5.699999999999999,7,Hero,0.651042103767395,0.7749295617852893
169,3.8000000000000007,-6.199999999999999,12,Hero,0.5719496061404546,0.8036707987387975
170,3.3,-6.7,17,Hero,0.5554417503230712,0.7852115604807349
171,4.300000000000001,-5.699999999999999,7,Hero,0.45918475304331097,0.74957418016025
172,3.6000000000000005,-6.3999999999999995,14,Hero,0.5477062868220466,0.763423500848668
173,4.800000000000001,-5.199999999999999,2,Hero,0.8164485991001129,0.5888093709945679
174,4.0,-6.0,10,Hero,0.6339199587702751,0.6137356216087937
175,4.0,-6.0,10,Hero,0.6671221718192101,0.6562458008527756
176,3.6000000000000005,-6.3999999999999995,14,Hero,0.5752272041780608,0.5817159078350025
177,3.7,-6.3,13,Hero,0.5129394783423498,0.9849132391122671
178,4.0,-6.0,10,Hero,0.6863650889921701,0.6302636981010437
179,4.300000000000001,-5.699999999999999,7,Hero,0.9705333539417812,0.8150312645094735
180,0.6999999999999993,-9.3,43,Hero,0.7660994839876197,0.9701661547256071
181,3.3,-6.7,17,Hero,0.4401649341863744,0.9346461803378427
182,2.8,-7.2,22,Hero,0.6913339048624039,0.8828093035315926
183,4.5,-5.5,5,Hero,0.6268284916877747,0.9749733567237854
184,4.6000000000000005,-5.3999999999999995,4,Hero,0.5556333735585213,0.9454532265663147
185,3.3,-6.7,17,Hero,0.5604543046039694,0.9981301076271955
186,3.8000000000000007,-6.199999999999999,12,Hero,0.5693456331888834,0.9078391245566308
187,4.4,-5.6,6,Hero,0.44325190285841626,0.9964119791984558
188,3.9000000000000004,-6.1,11,Hero,0.6331311762332916,0.681590729647062
189,4.4,-5.6,6,Hero,0.6162303487459818,0.987909177939097
190,-6.199999999999999,3.8000000000000007,12,Villain,0.5387750677764416,0.8745909457405409
191,4.0,-6.0,10,Hero,0.5931386440992356,0.8037929445505142
192,3.7,-6.3,13,Hero,0.562798912708576,0.9557438309376056
193,3.0,-7.0,20,Hero,0.5591548979282379,0.7880223892629147
194,2.3999999999999995,-7.6000000000000005,26,Hero,0.6259752592215171,0.8343387097120285
195,3.3,-6.7,17,Hero,0.6251938860206043,0.9496222734451294
196,4.4,-5.6,6,Hero,0.6884294624129931,0.9988552729288737
197,3.7,-6.3,13,Hero,0.6172731278034357,0.9972459582182077
198,4.4,-5.6,6,Hero,0.6548196276028951,0.8595795730749766
199,4.1000000000000005,-5.8999999999999995,9,Hero,0.5798020197285546,0.5781264222330518
200,4.5,-5.5,5,Hero,0.9417701482772827,0.7539233028888702
201,4.4,-5.6,6,Hero,0.6694884995619456,0.7524183305601279
202,4.2,-5.8,8,Hero,0.5386143550276756,0.5932507999241352
203,4.1000000000000005,-5.8999999999999995,9,Hero,0.7395375764204396,0.9288118879000345
204,3.9000000000000004,-6.1,11,Hero,0.7873822504823859,0.8812305764718489
205,3.0,-7.0,20,Hero,0.4929209291934967,0.8944144904613495
206,4.9,-5.1,1,Hero,0.7430665493011475,0.8431085348129272
207,4.0,-6.0,10,Hero,0.5742540478706359,0.8714012399315834
208,-6.0,4.0,10,Villain,0.5813410103321075,0.98841792345047
209,4.0,-6.0,10,Hero,0.7486723393201828,0.8940320238471031
210,3.8000000000000007,-6.199999999999999,12,Hero,0.64628816395998,0.9129077941179276
211,4.300000000000001,-5.699999999999999,7,Hero,0.8951567922319684,0.8120766995208604
212,3.4000000000000004,-6.6,16,Hero,0.5664975205436349,0.9391761496663094
213,4.0,-6.0,10,Hero,0.5798178464174271,0.9751926898956299
214,3.9000000000000004,-6.1,11,Hero,0.5922263643958352,0.991308185187253
215,-5.1,4.9,1,Villain,0.7719169855117798,0.9796698093414307
216,3.8000000000000007,-6.199999999999999,12,Hero,0.8776063385109106,0.8595598265528679
217,-5.8999999999999995,4.1000000000000005,9,Villain,0.5391314112477832,0.9951002664036221
218,4.2,-5.8,8,Hero,0.5308032650500536,0.8648793410393409
219,3.0999999999999996,-6.9,19,Hero,0.6252410380463851,0.8274065321801525
220,4.1000000000000005,-5.8999999999999995,9,Hero,0.5490715785159005,0.9933274123403761
221,4.300000000000001,-5.699999999999999,7,Hero,0.9850723573139736,0.7242423040526254
222,4.2,-5.8,8,Hero,0.6368583999574184,0.9985363930463791
223,4.5,-5.5,5,Hero,0.6313300669193268,0.41983999609947203
224,3.5,-6.5,15,Hero,0.5644564787546794,0.8820623145749171
225,4.1000000000000005,-5.8999999999999995,9,Hero,0.9598219792048136,0.8240919481548998
226,4.300000000000001,-5.699999999999999,7,Hero,0.5165431116308484,0.6372701642768723
227,4.5,-5.5,5,Hero,0.6190764725208282,0.7426695466041565
228,4.300000000000001,-5.699999999999999,7,Hero,0.5775651676314217,0.9963763867105756
229,3.9000000000000004,-6.1,11,Hero,0.5909823748198423,0.9870684851299633
230,4.9,-5.1,1,Hero,0.4592987596988678,0.7567660212516785
231,4.7,-5.3,3,Hero,0.5707878768444061,0.43198006600141525
232,3.7,-6.3,13,Hero,0.6386756942822382,0.8099932189171131
233,4.6000000000000005,-5.3999999999999995,4,Hero,0.7546292208135128,0.9671614021062851
234,-5.5,4.5,5,Villain,0.5523524068295955,0.9998635888099671
235,3.7,-6.3,13,Hero,0.5986866125693688,0.9084634504352624
236,4.2,-5.8,8,Hero,0.6060157790780067,0.8280788101255894
237,3.4000000000000004,-6.6,16,Hero,0.5667653605341911,0.7798002949275542
238,-5.5,4.5,5,Villain,0.7255686193704605,0.9966288924217224
239,4.4,-5.6,6,Hero,0.604565441608429,0.958800862232844
240,1.6999999999999988,-8.3,33,Hero,0.6995208615606482,0.9993004184780698
241,4.5,-5.5,5,Hero,0.6406378626823426,0.6784487038850784
242,3.8000000000000007,-6.199999999999999,12,Hero,0.6608093244334062,0.9904996653397878
243,3.9000000000000004,-6.1,11,Hero,0.6898719129702923,0.9993432489308444
244,3.4000000000000004,-6.6,16,Hero,0.5494815856218338,0.8944571487372741
245,4.5,-5.5,5,Hero,0.9900099635124207,0.7802794456481934
246,4.300000000000001,-5.699999999999999,7,Hero,0.574283995798656,0.9837266802787781
247,3.7,-6.3,13,Hero,0.605750308587001,0.7062934095469805
248,3.7,-6.3,13,Hero,0.5973399969247671,0.7337539150164678
249,4.5,-5.5,5,Hero,0.6672447085380554,0.823503041267395
250,3.8000000000000007,-6.199999999999999,12,Hero,0.5960545192162195,0.8069888154665629
251,4.2,-5.8,8,Hero,0.7084547132253647,0.8436482921242714
252,4.4,-5.6,6,Hero,0.780259961883227,0.9830216964085897
253,4.1000000000000005,-5.8999999999999995,9,Hero,0.630866633521186,0.8343034585316976
254,3.8000000000000007,-6.199999999999999,12,Hero,0.5721782930195332,0.9010987879397968
255,4.1000000000000005,-5.8999999999999995,9,Hero,0.7115502059459686,0.7338519891103109
256,3.9000000000000004,-6.1,11,Hero,0.6769390891898762,0.9988093647089872
257,3.8000000000000007,-6.199999999999999,12,Hero,0.7392191762725512,0.8098383322358131
258,4.0,-6.0,10,Hero,0.5969418317079545,0.9983765304088592
259,3.9000000000000004,-6.1,11,Hero,0.6911655881188132,0.838183421980251
260,4.4,-5.6,6,Hero,0.5022033303976059,0.8001907613749305
261,3.4000000000000004,-6.6,16,Hero,0.6314091305248439,0.9806869812309742
262,4.300000000000001,-5.699999999999999,7,Hero,0.6374036286558423,0.9879283138683864
263,4.1000000000000005,-5.8999999999999995,9,Hero,0.7982389529546102,0.9991751975483365
264,4.0,-6.0,10,Hero,0.7632297098636627,0.7848474213853478
265,4.9,-5.1,1,Hero,0.3041326105594635,0.8895878791809082
266,4.6000000000000005,-5.3999999999999995,4,Hero,0.6949481498450041,0.9991059750318527
267,4.6000000000000005,-5.3999999999999995,4,Hero,0.9000831544399261,0.7423638883046806
268,4.2,-5.8,8,Hero,0.5812833085656166,0.5273346093017608
269,4.800000000000001,-5.199999999999999,2,Hero,0.8948226273059845,0.9847909808158875
270,4.2,-5.8,8,Hero,0.5724697597324848,0.8273011744022369
271,4.9,-5.1,1,Hero,0.9080600738525391,0.9718009233474731
272,3.4000000000000004,-6.6,16,Hero,0.6723441532813013,0.9969293177127838
273,4.300000000000001,-5.699999999999999,7,Hero,0.7062633378165108,0.9989154764584133
274,2.8,-7.2,22,Hero,0.5678984520279549,0.9334693903272803
275,3.6000000000000005,-6.3999999999999995,14,Hero,0.6654462633388383,0.9945066273212433
276,3.0999999999999996,-6.9,19,Hero,0.5956534962905081,0.9691508224135951
277,2.4999999999999996,-7.5,25,Hero,0.5427628526836634,0.8746725822985172
278,3.7,-6.3,13,Hero,0.6551989569113805,0.9876345946238592
279,4.1000000000000005,-5.8999999999999995,9,Hero,0.6758133222659429,0.9948721263143752
280,3.2,-6.8,18,Hero,0.6088963283432854,0.9593773550457425
281,-5.6,4.4,6,Villain,0.5332095921039581,0.6080702183147272
282,-6.7,3.3,17,Villain,0.46706996989600796,0.8875152416089002
283,3.9000000000000004,-6.1,11,Hero,0.8023153042251413,0.9990452419627797
284,3.7,-6.3,13,Hero,0.6217743513675836,0.9777434422419622
285,4.0,-6.0,10,Hero,0.7112562481313944,0.9984142065048218
286,3.0,-7.0,20,Hero,0.6285051852464676,0.9851572334766387
287,3.0999999999999996,-6.9,19,Hero,0.6130419483310298,0.9952155947685242
288,-5.699999999999999,4.300000000000001,7,Villain,0.9439672998019627,0.9999329021998814
289,3.9000000000000004,-6.1,11,Hero,0.5715595375407826,0.7552353419702161
290,4.1000000000000005,-5.8999999999999995,9,Hero,0.5503911773363749,0.9938709470960829
291,4.0,-6.0,10,Hero,0.7858405351638794,0.9532647490501404
292,3.5,-6.5,15,Hero,0.6158511104683081,0.9997043410936991
293,3.6000000000000005,-6.3999999999999995,14,Hero,0.6427116062758225,0.9996147751808167
294,-5.1,4.9,1,Villain,0.8700226545333862,0.9999624490737915
295,3.0999999999999996,-6.9,19,Hero,0.5727026650780126,0.9993746437524494
296,4.300000000000001,-5.699999999999999,7,Hero,0.5814641628946576,0.9740221074649266
297,4.300000000000001,-5.699999999999999,7,Hero,0.6019765436649323,0.9750753726278033
298,4.0,-6.0,10,Hero,0.42869095765054227,0.9998994886875152
299,3.5,-6.5,15,Hero,0.5349997026224931,0.9886212229728699
300,3.9000000000000004,-6.1,11,Hero,0.49371432987126435,0.9965950196439569
301,4.6000000000000005,-5.3999999999999995,4,Hero,0.7694846093654633,0.9969135969877243
302,3.5,-6.5,15,Hero,0.5772056008999547,0.9236034194628397
303,3.0,-7.0,20,Hero,0.5295680150389671,0.9995973199605942
304,2.6999999999999997,-7.300000000000001,23,Hero,0.4736398464959601,0.9443606475125188
305,4.4,-5.6,6,Hero,0.560403915743033,0.9935150941212972
306,3.8000000000000007,-6.199999999999999,12,Hero,0.542811984817187,0.9821051607529322
307,3.9000000000000004,-6.1,11,Hero,0.5651088600808923,0.9738782048225403
308,3.7,-6.3,13,Hero,0.5552003360711611,0.9995277340595539
309,4.9,-5.1,1,Hero,0.9211422204971313,0.9997190833091736
310,3.8000000000000007,-6.199999999999999,12,Hero,0.7112449134389559,0.9128974974155426
311,3.6000000000000005,-6.3999999999999995,14,Hero,0.5981668106147221,0.9930182695388794
312,3.9000000000000004,-6.1,11,Hero,0.5922756615010175,0.962887937372381
313,4.5,-5.5,5,Hero,0.9564675927162171,0.9806471943855286
314,4.1000000000000005,-5.8999999999999995,9,Hero,0.6851032276948293,0.9929263061947293
315,4.7,-5.3,3,Hero,0.6465825935204824,0.9411269426345825
316,3.6000000000000005,-6.3999999999999995,14,Hero,0.6250685410840171,0.9907531099660056
317,4.6000000000000005,-5.3999999999999995,4,Hero,0.9382673352956772,0.9942677468061447
318,3.2,-6.8,18,Hero,0.5409032884571288,0.9765472677018907
319,-6.1,3.9000000000000004,11,Villain,0.5653000799092379,0.9834280122410167
320,4.7,-5.3,3,Hero,0.6732853700717291,0.9851994117101034
321,4.800000000000001,-5.199999999999999,2,Hero,0.9421058595180511,0.31190450489521027
322,4.0,-6.0,10,Hero,0.5971405148506165,0.9717131614685058
323,4.0,-6.0,10,Hero,0.5623516892082989,0.991632467508316
324,3.9000000000000004,-6.1,11,Hero,0.8005858747796579,0.8198220567269758
325,4.2,-5.8,8,Hero,0.5692094452679157,0.7806850336492062
326,4.300000000000001,-5.699999999999999,7,Hero,0.8456731851079634,0.6371190207345145
327,3.6000000000000005,-6.3999999999999995,14,Hero,0.5819566643663815,0.9668047981602805
328,4.2,-5.8,8,Hero,0.8478064928203821,0.6730356198968366
329,4.0,-6.0,10,Hero,0.6366425365209579,0.8836454290896654
330,3.3,-6.7,17,Hero,0.535882529528702,0.8826344451483559
331,4.0,-6.0,10,Hero,0.7101666808128357,0.8945417195558548
332,3.6000000000000005,-6.3999999999999995,14,Hero,0.6380488915102822,0.9908971445901054
333,4.4,-5.6,6,Hero,0.6641329477230707,0.958000659942627
334,4.1000000000000005,-5.8999999999999995,9,Hero,0.5785725033945508,0.9673659735255771
335,3.5,-6.5,15,Hero,0.6035175244013469,0.9832597295443217
336,3.4000000000000004,-6.6,16,Hero,0.5510590272024274,0.9595665074884892
337,4.2,-5.8,8,Hero,0.6005490683019161,0.9895354211330414
338,3.8000000000000007,-6.199999999999999,12,Hero,0.6183206140995026,0.9518183072408041
339,4.6000000000000005,-5.3999999999999995,4,Hero,0.852808803319931,0.9322573095560074
340,3.6000000000000005,-6.3999999999999995,14,Hero,0.6269681517566953,0.9921022781303951
341,3.8000000000000007,-6.199999999999999,12,Hero,0.5714514143764973,0.8927335912982622
342,-5.8999999999999995,4.1000000000000005,9,Villain,0.6052866097953584,0.9625285466512045
343,3.7,-6.3,13,Hero,0.5671671101680169,0.99361796103991
344,4.1000000000000005,-5.8999999999999995,9,Hero,0.584963944223192,0.9988128145535787
345,4.300000000000001,-5.699999999999999,7,Hero,0.8065358230045864,0.8066552792276654
346,4.2,-5.8,8,Hero,0.7815932929515839,0.8712136983522214
347,-5.3999999999999995,4.6000000000000005,4,Villain,0.6477375123649836,0.9928461909294128
348,4.1000000000000005,-5.8999999999999995,9,Hero,0.6224345531728532,0.9943700035413107
349,4.5,-5.5,5,Hero,0.6107452571392059,0.624677374958992
350,3.6000000000000005,-6.3999999999999995,14,Hero,0.6179243943520955,0.8383756003209523
351,3.9000000000000004,-6.1,11,Hero,0.6120460304346952,0.8201245834881609
352,4.1000000000000005,-5.8999999999999995,9,Hero,0.668753118150764,0.9985749853981866
353,3.5,-6.5,15,Hero,0.6954819715892275,0.9978286306063334
354,4.0,-6.0,10,Hero,0.8343306630849838,0.999121469259262
355,3.5,-6.5,15,Hero,0.6206114768981934,0.9932149449984232
356,3.8000000000000007,-6.199999999999999,12,Hero,0.7458376465559317,0.8674189075827599
357,4.4,-5.6,6,Hero,0.7737745443979899,0.9833058615525564
358,3.4000000000000004,-6.6,16,Hero,0.5879549821838737,0.9385503381490707
359,3.8000000000000007,-6.199999999999999,12,Hero,0.6906027098496755,0.9696206400791804
360,-5.1,4.9,1,Villain,0.7746759653091431,0.978156566619873
361,4.1000000000000005,-5.8999999999999995,9,Hero,0.8011507060792711,0.7880639491809739
362,4.4,-5.6,6,Hero,0.6380766183137894,0.9813028077284495
363,1.0999999999999983,-8.900000000000002,39,Hero,0.7209802189698586,0.9895676618967301
364,3.9000000000000004,-6.1,11,Hero,0.6376801065423272,0.9353529539975253
365,4.0,-6.0,10,Hero,0.6859498083591461,0.9957053363323212
366,4.5,-5.5,5,Hero,0.6972199082374573,0.9990293860435486
367,4.1000000000000005,-5.8999999999999995,9,Hero,0.6130761206150055,0.9986924396620857
368,4.0,-6.0,10,Hero,0.6278249710798264,0.8821550585329533
369,4.5,-5.5,5,Hero,0.6979574009776115,0.7987589207477868
370,3.3,-6.7,17,Hero,0.5955807514050427,0.9311445398968371
371,4.800000000000001,-5.199999999999999,2,Hero,0.9129674732685089,0.49558444134891033
372,4.0,-6.0,10,Hero,0.7816644135862589,0.6936495110392571
373,3.6000000000000005,-6.3999999999999995,14,Hero,0.6051792566265378,0.9941531930650983
374,4.2,-5.8,8,Hero,0.7363058300688863,0.9995724335312843
375,3.3,-6.7,17,Hero,0.571658095016199,0.9940944314002991
376,4.0,-6.0,10,Hero,0.6130841348320246,0.9998552799224854
377,3.4000000000000004,-6.6,16,Hero,0.5980964358896017,0.9881687685847282
378,2.1999999999999993,-7.800000000000001,28,Hero,0.6865949247564588,0.9891774143491473
379,3.6000000000000005,-6.3999999999999995,14,Hero,0.7147616275719234,0.9998908255781446
380,2.9,-7.1,21,Hero,0.6023008724053701,0.9995348879269191
381,4.2,-5.8,8,Hero,0.632214367389679,0.9951751157641411
382,4.6000000000000005,-5.3999999999999995,4,Hero,0.5326067209243774,0.9999295473098755
383,3.9000000000000004,-6.1,11,Hero,0.7192621366544203,0.8994291153821078
384,3.6000000000000005,-6.3999999999999995,14,Hero,0.7081484528524535,0.9999293684959412
385,4.5,-5.5,5,Hero,0.5925391852855683,0.9979772686958313
386,-5.199999999999999,4.800000000000001,2,Villain,0.49988133925944567,0.9999820590019226
387,3.7,-6.3,13,Hero,0.5948756152334121,0.9908734193215003
388,3.0999999999999996,-6.9,19,Hero,0.5708259646045534,0.9904181706277948
389,4.4,-5.6,6,Hero,0.9564271370569865,0.6554223050673803
390,3.9000000000000004,-6.1,11,Hero,0.7398333251476288,0.9985501061786305
391,3.8000000000000007,-6.199999999999999,12,Hero,0.7700845176974932,0.9136482874552408
392,4.6000000000000005,-5.3999999999999995,4,Hero,0.6039474606513977,0.9997589141130447
393,3.4000000000000004,-6.6,16,Hero,0.6234759241342545,0.9965443797409534
394,4.5,-5.5,5,Hero,0.7158276677131653,0.9994470834732055
395,4.2,-5.8,8,Hero,0.7444381862878799,0.999971479177475
396,3.2,-6.8,18,Hero,0.6016436028811667,0.9644014139970144
397,3.8000000000000007,-6.199999999999999,12,Hero,0.6490713184078535,0.9999177406231562
398,3.2,-6.8,18,Hero,0.5894365956385931,0.9601468410756853
399,3.9000000000000004,-6.1,11,Hero,0.6648785688660361,0.8996639407493852
400,3.7,-6.3,13,Hero,0.7822896242141724,0.9999281764030457
401,4.9,-5.1,1,Hero,0.9792097806930542,0.9440579414367676
402,4.0,-6.0,10,Hero,0.6195315510034561,0.900385519862175
403,3.8000000000000007,-6.199999999999999,12,Hero,0.6897509420911471,0.9838556945323944
404,3.8000000000000007,-6.199999999999999,12,Hero,0.6124196077386538,0.9992157419522604
405,4.0,-6.0,10,Hero,0.6683703124523163,0.9999776601791381
406,3.9000000000000004,-6.1,11,Hero,0.7235945734110746,0.9765507199547507
407,4.800000000000001,-5.199999999999999,2,Hero,0.9799218475818634,0.9997921586036682
408,4.7,-5.3,3,Hero,0.9358766277631124,0.9999614159266154
409,3.8000000000000007,-6.199999999999999,12,Hero,0.5667257358630499,0.9995706876118978
410,3.4000000000000004,-6.6,16,Hero,0.6791557921096683,0.997041791677475
411,3.9000000000000004,-6.1,11,Hero,0.7730750766667452,0.9919049306349321
412,3.7,-6.3,13,Hero,0.57091502730663,0.9998412774159358
413,4.4,-5.6,6,Hero,0.9601692060629526,0.7842705442259709
414,4.4,-5.6,6,Hero,0.8395514885584513,0.9990749557813009
415,-5.3999999999999995,4.6000000000000005,4,Villain,0.8233178406953812,0.9997749328613281
416,-6.6,3.4000000000000004,16,Villain,0.6276406887918711,0.9992708712816238
417,2.1999999999999993,-7.800000000000001,28,Hero,0.7023045873003346,0.9999910933630807
418,4.2,-5.8,8,Hero,0.6694297306239605,0.9997345805168152
419,3.5,-6.5,15,Hero,0.636796764532725,0.9965849240620931
420,3.8000000000000007,-6.199999999999999,12,Hero,0.6554620638489723,0.9985467493534088
421,3.6000000000000005,-6.3999999999999995,14,Hero,0.702469524528299,0.9991464274270194
422,4.1000000000000005,-5.8999999999999995,9,Hero,0.9732282426622179,0.8727134267489115
423,3.9000000000000004,-6.1,11,Hero,0.758832340890711,0.99978276274421
424,4.2,-5.8,8,Hero,0.6680800840258598,0.9991243705153465
425,4.2,-5.8,8,Hero,0.7838954254984856,0.9999420642852783
426,-5.1,4.9,1,Villain,0.967832088470459,0.9967293739318848
427,3.7,-6.3,13,Hero,0.6505128534940573,0.9950679219686068
428,3.9000000000000004,-6.1,11,Hero,0.7021208215843547,0.9998098069971258
429,4.1000000000000005,-5.8999999999999995,9,Hero,0.5907205310132768,0.9991276992691888
430,4.2,-5.8,8,Hero,0.7968500666320324,0.9997458159923553
431,4.9,-5.1,1,Hero,0.7492125034332275,0.9998118281364441
432,3.5,-6.5,15,Hero,0.6178264339764913,0.8479522501428922
433,4.7,-5.3,3,Hero,0.9060067931811014,0.9997623165448507
434,3.3,-6.7,17,Hero,0.5870973125976675,0.9963364355704364
435,4.1000000000000005,-5.8999999999999995,9,Hero,0.7186900741524167,0.9999605284796821
436,3.9000000000000004,-6.1,11,Hero,0.6120076403021812,0.9999726143750277
437,4.0,-6.0,10,Hero,0.6816512435674668,0.9998221695423126
438,4.0,-6.0,10,Hero,0.8602155793458224,0.9982773721218109
439,3.9000000000000004,-6.1,11,Hero,0.778893606229262,0.9994657906618986
440,4.300000000000001,-5.699999999999999,7,Hero,0.6130147661481585,0.9998559866632734
441,4.5,-5.5,5,Hero,0.6130444407463074,0.9994777083396912
442,3.2,-6.8,18,Hero,0.6447911411523819,0.9385773393118547
443,4.9,-5.1,1,Hero,0.9929991960525513,0.9908163547515869
444,4.1000000000000005,-5.8999999999999995,9,Hero,0.5689973367585076,0.9987890587912666
445,4.0,-6.0,10,Hero,0.6624485105276108,0.9929005384445191
446,4.2,-5.8,8,Hero,0.6547834984958172,0.9903072491288185
447,3.7,-6.3,13,Hero,0.6347378159944828,0.9988217307971075
448,4.5,-5.5,5,Hero,0.9979820609092712,0.7763521555811167
449,4.2,-5.8,8,Hero,0.6500023193657398,0.9999677538871765
450,3.6000000000000005,-6.3999999999999995,14,Hero,0.6692990022046226,0.964734068938664
451,-5.1,4.9,1,Villain,0.9860657453536987,0.9889143109321594
452,3.2,-6.8,18,Hero,0.6362606634696325,0.9731931818856133
453,3.8000000000000007,-6.199999999999999,12,Hero,0.6217055196563402,0.9987358202536901
454,4.4,-5.6,6,Hero,0.6618955185015997,0.994786928097407
455,3.9000000000000004,-6.1,11,Hero,0.8668256076899442,0.9999732537703081
456,4.0,-6.0,10,Hero,0.667637288570404,0.9998732149600983
457,4.5,-5.5,5,Hero,0.6837736785411834,0.9999494791030884
458,-5.1,4.9,1,Villain,0.9984011054039001,0.6851677894592285
459,3.4000000000000004,-6.6,16,Hero,0.6157395597547293,0.9994596801698208
460,3.9000000000000004,-6.1,11,Hero,0.6486128026788885,0.999673225662925
461,4.4,-5.6,6,Hero,0.7012342015902201,0.9999906420707703
462,4.1000000000000005,-5.8999999999999995,9,Hero,0.6516816119352976,0.9999419384532504
463,3.9000000000000004,-6.1,11,Hero,0.8697657585144043,0.99999539418654
464,4.2,-5.8,8,Hero,0.9003544300794601,0.9946986585855484
465,4.4,-5.6,6,Hero,0.5643922388553619,0.9999962449073792
466,4.4,-5.6,6,Hero,0.5966036965449651,0.9999801715215048
467,4.1000000000000005,-5.8999999999999995,9,Hero,0.6823159952958425,0.9986066354645623
468,3.7,-6.3,13,Hero,0.607252415556174,0.9997098996089056
469,4.2,-5.8,8,Hero,0.6770872101187706,0.9998142123222351
470,3.9000000000000004,-6.1,11,Hero,0.59344896835021,0.9998111724853516
471,3.9000000000000004,-6.1,11,Hero,0.617464466528459,0.9999038468707692
472,4.2,-5.8,8,Hero,0.6335601955652237,0.9998884350061417
473,-5.199999999999999,4.800000000000001,2,Villain,0.9969858825206757,0.9999971389770508
474,-5.8999999999999995,4.1000000000000005,9,Villain,0.8370602826277415,0.9999969005584717
475,3.8000000000000007,-6.199999999999999,12,Hero,0.689470166961352,0.9999944865703583
476,4.0,-6.0,10,Hero,0.8012824028730392,0.9999179720878602
477,3.9000000000000004,-6.1,11,Hero,0.8273093050176447,0.9934363852847706
478,4.4,-5.6,6,Hero,0.6999224424362183,0.9999239246050516
479,4.300000000000001,-5.699999999999999,7,Hero,0.7267433106899261,0.9999438609395709
480,3.5,-6.5,15,Hero,0.6300303320089976,0.9963237643241882
481,4.0,-6.0,10,Hero,0.8917592763900757,0.994261872768402
482,3.6000000000000005,-6.3999999999999995,14,Hero,0.6365135546241488,0.9998023935726711
483,4.7,-5.3,3,Hero,0.7143279512723287,0.999976396560669
484,4.300000000000001,-5.699999999999999,7,Hero,0.837149522267282,0.9999961342130389
485,3.7,-6.3,13,Hero,0.7445816426323011,0.999774483534006
486,4.9,-5.1,1,Hero,0.8142797350883484,0.9999860525131226
487,3.9000000000000004,-6.1,11,Hero,0.695841984315352,0.999559456651861
488,3.9000000000000004,-6.1,11,Hero,0.8135120895775881,0.9982213865626942
489,4.2,-5.8,8,Hero,0.7923568282276392,0.9999811947345734
490,3.8000000000000007,-6.199999999999999,12,Hero,0.6961659795294205,0.9996698995431265
491,-5.5,4.5,5,Villain,0.5705997824668885,0.9999791383743286
492,4.2,-5.8,8,Hero,0.9838594198226929,0.9984856098890305
493,-5.8,4.2,8,Villain,0.7845767587423325,0.9999953061342239
494,4.300000000000001,-5.699999999999999,7,Hero,0.6380089265959603,0.9999757834843227
495,4.1000000000000005,-5.8999999999999995,9,Hero,0.5636485893822586,0.9997448523839315
496,4.4,-5.6,6,Hero,0.9939032594362894,0.9966952800750732
497,4.300000000000001,-5.699999999999999,7,Hero,0.7253382333687374,0.9996762190546308
498,3.2,-6.8,18,Hero,0.6699877629677454,0.9999975032276578
499,4.5,-5.5,5,Hero,0.7275683477520942,0.9999456644058228
500,4.0,-6.0,10,Hero,0.9303321957588195,0.9999949693679809
501,4.300000000000001,-5.699999999999999,7,Hero,0.7222324748124395,0.999982476234436
502,3.9000000000000004,-6.1,11,Hero,0.6677075787024065,0.9999272769147699
503,4.2,-5.8,8,Hero,0.7369150593876839,0.9999789148569107
504,4.2,-5.8,8,Hero,0.7780186757445335,0.9987351298332214
505,4.1000000000000005,-5.8999999999999995,9,Hero,0.7025962670644125,0.9998548958036635
506,3.6000000000000005,-6.3999999999999995,14,Hero,0.6441023488129888,0.9947759977408818
507,4.4,-5.6,6,Hero,0.6843785668412844,0.9999352395534515
508,4.6000000000000005,-5.3999999999999995,4,Hero,0.7761104330420494,0.999969482421875
509,4.0,-6.0,10,Hero,0.8988215446472168,0.9999451220035553
510,3.6000000000000005,-6.3999999999999995,14,Hero,0.8063249992472785,0.9999977350234985
511,4.0,-6.0,10,Hero,0.6627565562725067,0.9995026588439941
512,3.9000000000000004,-6.1,11,Hero,0.6991592970761386,0.9995237968184731
513,4.6000000000000005,-5.3999999999999995,4,Hero,0.6761598587036133,0.9999915957450867
514,3.9000000000000004,-6.1,11,Hero,0.6326475495641882,0.9994876167990945
515,3.8000000000000007,-6.199999999999999,12,Hero,0.7644993116458257,0.9998217026392618
516,4.2,-5.8,8,Hero,0.6030079629272223,0.999969407916069
517,3.7,-6.3,13,Hero,0.6801479321259719,0.99744785290498
518,4.0,-6.0,10,Hero,0.6935318380594253,0.9999238908290863
519,3.7,-6.3,13,Hero,0.6140284801904972,0.9980046840814444
520,4.5,-5.5,5,Hero,0.6528480231761933,0.9998507857322693
521,4.2,-5.8,8,Hero,0.8033580891788006,0.9999441429972649
522,3.8000000000000007,-6.199999999999999,12,Hero,0.6652028933167458,0.9995281547307968
523,4.6000000000000005,-5.3999999999999995,4,Hero,0.6031210273504257,0.9999943375587463
524,3.9000000000000004,-6.1,11,Hero,0.65216218883341,0.9999464479359713
525,4.1000000000000005,-5.8999999999999995,9,Hero,0.7120249503188663,0.9999819199244181
526,3.6000000000000005,-6.3999999999999995,14,Hero,0.6138189775603158,0.9998248176915305
527,4.4,-5.6,6,Hero,0.8742511371771494,0.9999829332033793
528,4.6000000000000005,-5.3999999999999995,4,Hero,0.934648334980011,0.9999696910381317
529,4.5,-5.5,5,Hero,0.5020120650529861,0.9999947547912598
530,3.7,-6.3,13,Hero,0.751128760094826,0.9998000172468332
531,4.9,-5.1,1,Hero,0.9406870603561401,0.9999759197235107
532,3.7,-6.3,13,Hero,0.7244086471887735,0.9999880515612088
533,3.4000000000000004,-6.6,16,Hero,0.5722454404458404,0.9997674934566021
534,3.5,-6.5,15,Hero,0.7257535894711812,0.9990949193636577
535,3.4000000000000004,-6.6,16,Hero,0.633035552687943,0.999602671712637
536,4.2,-5.8,8,Hero,0.8474978720769286,0.9999367073178291
537,-5.8999999999999995,4.1000000000000005,9,Villain,0.8317198819584317,0.9998191263940599
538,4.0,-6.0,10,Hero,0.7646072655916214,0.9931900680065155
539,4.0,-6.0,10,Hero,0.8973100543022156,0.999960845708847
540,4.0,-6.0,10,Hero,0.8490855753421783,0.999983811378479
541,4.6000000000000005,-5.3999999999999995,4,Hero,0.6963279321789742,0.9999525547027588
542,1.799999999999999,-8.200000000000001,32,Hero,0.7321017081849277,0.999892707914114
543,4.0,-6.0,10,Hero,0.6263828217983246,0.9999305605888367
544,3.5,-6.5,15,Hero,0.6217866281668345,0.99803067445755
545,4.0,-6.0,10,Hero,0.8508377373218536,0.9992629885673523
546,4.9,-5.1,1,Hero,0.9949460625648499,0.9998730421066284
547,4.2,-5.8,8,Hero,0.7908743657171726,0.999981552362442
548,3.4000000000000004,-6.6,16,Hero,0.5715380818583071,0.9820137768983841
549,-5.5,4.5,5,Villain,0.9981571078300476,0.9999993085861206
550,3.6000000000000005,-6.3999999999999995,14,Hero,0.7867988348007202,0.9999928900173732
551,3.5,-6.5,15,Hero,0.6475329339504242,0.9301918357610702
552,3.5,-6.5,15,Hero,0.7436411688725154,0.999964161713918
553,3.9000000000000004,-6.1,11,Hero,0.6255309202454307,0.9997775879773226
554,3.9000000000000004,-6.1,11,Hero,0.6707257899371061,0.9999252503568475
555,3.7,-6.3,13,Hero,0.7805969875592452,0.9999168469355657
556,4.2,-5.8,8,Hero,0.5843445248901844,0.999830037355423
557,4.2,-5.8,8,Hero,0.6820301320403814,0.999980241060257
558,3.9000000000000004,-6.1,11,Hero,0.8002749844030901,0.9999474016102877
559,4.7,-5.3,3,Hero,0.9811838269233704,0.9999684492746989
560,4.0,-6.0,10,Hero,0.6950291424989701,0.9999808073043823
561,3.6000000000000005,-6.3999999999999995,14,Hero,0.699598701936858,0.9993598290852138
562,4.300000000000001,-5.699999999999999,7,Hero,0.8261867931910923,0.9999982459204537
563,4.0,-6.0,10,Hero,0.7166600108146668,0.999973726272583
564,4.4,-5.6,6,Hero,0.5983391453822454,0.9999940594037374
565,3.7,-6.3,13,Hero,0.6180687884871776,0.9997556392963116
566,3.5,-6.5,15,Hero,0.6328182319800059,0.9291161083926757
567,3.9000000000000004,-6.1,11,Hero,0.7406249479814009,0.9990562254732306
568,3.7,-6.3,13,Hero,0.6292794438508841,0.9993751049041748
569,3.7,-6.3,13,Hero,0.6826101679068345,0.9984668584970328
570,4.2,-5.8,8,Hero,0.6561098881065845,0.9999611973762512
571,4.7,-5.3,3,Hero,0.7793785134951273,0.999998927116394
572,3.7,-6.3,13,Hero,0.6398797172766465,0.9938419552949759
573,4.1000000000000005,-5.8999999999999995,9,Hero,0.697270530793402,0.9999692837397257
574,4.5,-5.5,5,Hero,0.7249340757727623,0.9999983310699463
575,3.4000000000000004,-6.6,16,Hero,0.5899587050080299,0.9983409158885479
576,3.8000000000000007,-6.199999999999999,12,Hero,0.7298359970251719,0.9999288320541382
577,4.9,-5.1,1,Hero,0.5475824475288391,0.9999977350234985
578,4.1000000000000005,-5.8999999999999995,9,Hero,0.9034106863869561,0.999934607081943
579,4.6000000000000005,-5.3999999999999995,4,Hero,0.49999871104955673,0.9999995827674866
580,4.1000000000000005,-5.8999999999999995,9,Hero,0.7483116272423003,0.9999605947070651
581,3.7,-6.3,13,Hero,0.6730142556704007,0.9981891421171335
582,4.6000000000000005,-5.3999999999999995,4,Hero,0.7025631815195084,0.9999920427799225
583,-5.5,4.5,5,Villain,0.9775601863861084,0.9999940633773804
584,4.7,-5.3,3,Hero,0.6611337860425314,0.9999667406082153
585,4.6000000000000005,-5.3999999999999995,4,Hero,0.944964811205864,0.9998679608106613
586,3.9000000000000004,-6.1,11,Hero,0.7840891548178412,0.9991185394200411
587,4.1000000000000005,-5.8999999999999995,9,Hero,0.6397929754522111,0.9998031788402133
588,4.4,-5.6,6,Hero,0.832681268453598,0.9999932249387106
589,-5.3999999999999995,4.6000000000000005,4,Villain,0.9991129338741302,0.999995231628418
590,3.7,-6.3,13,Hero,0.6994922596674699,0.9987993056957538
591,-5.1,4.9,1,Villain,0.9560389518737793,0.9999548196792603
592,4.800000000000001,-5.199999999999999,2,Hero,0.4794340878725052,0.9999809861183167
593,4.0,-6.0,10,Hero,0.8672896891832351,0.9999697804450989
594,4.1000000000000005,-5.8999999999999995,9,Hero,0.9035504427221086,0.993000778887007
595,2.5999999999999996,-7.4,24,Hero,0.6648662369698286,0.9999032268921534
596,3.7,-6.3,13,Hero,0.7281403123186185,0.9857795513593234
597,4.2,-5.8,8,Hero,0.649780735373497,0.9998909309506416
598,3.5,-6.5,15,Hero,0.6377998451391856,0.9980820933977763
599,4.800000000000001,-5.199999999999999,2,Hero,0.6477770805358887,0.9999746680259705
600,3.2,-6.8,18,Hero,0.6670997937520345,0.9997838901148902
601,4.2,-5.8,8,Hero,0.7152793237473816,0.9999854564666748
602,4.1000000000000005,-5.8999999999999995,9,Hero,0.8316713909540946,0.9993340571721395
603,4.4,-5.6,6,Hero,0.8127113729715347,0.9999888141949972
604,4.4,-5.6,6,Hero,0.8171658938129743,0.9999884168306986
605,3.8000000000000007,-6.199999999999999,12,Hero,0.798438087105751,0.9156027710996568
606,4.1000000000000005,-5.8999999999999995,9,Hero,0.9159241252475314,0.9999948475095961
607,4.7,-5.3,3,Hero,0.7106777826944987,0.9999954700469971
608,-5.5,4.5,5,Villain,0.9971581935882569,0.9999781131744385
609,3.9000000000000004,-6.1,11,Hero,0.6548180851069364,0.999665682966059
610,3.5,-6.5,15,Hero,0.7579448560873667,0.9999881347020467
611,3.8000000000000007,-6.199999999999999,12,Hero,0.7919211275875568,0.9861183216174444
612,3.4000000000000004,-6.6,16,Hero,0.6406208761036396,0.9940675236284733
613,-5.6,4.4,6,Villain,0.669767360513409,0.9995762606461843
614,-5.3999999999999995,4.6000000000000005,4,Villain,0.7255090530961752,0.9980733692646027
615,4.2,-5.8,8,Hero,0.8821301646530628,0.9999837279319763
616,4.300000000000001,-5.699999999999999,7,Hero,0.6367343323571342,0.9997606022017342
617,3.0999999999999996,-6.9,19,Hero,0.6928125282651499,0.987448767611855
618,3.6000000000000005,-6.3999999999999995,14,Hero,0.6656982770987919,0.9265510715943363
619,3.6000000000000005,-6.3999999999999995,14,Hero,0.65464115355696,0.995722770690918
620,-5.6,4.4,6,Villain,0.9931546946366628,0.9994904895623525
621,3.8000000000000007,-6.199999999999999,12,Hero,0.7442468926310539,0.9998954385519028
622,3.2,-6.8,18,Hero,0.6397213886181513,0.9960432416862912
623,3.4000000000000004,-6.6,16,Hero,0.757033459842205,0.9998122565448284
624,3.9000000000000004,-6.1,11,Hero,0.6280248774723574,0.9989864067597822
625,4.0,-6.0,10,Hero,0.6049328505992889,0.9999599874019622
626,4.5,-5.5,5,Hero,0.6338357269763947,0.9999366521835327
627,4.6000000000000005,-5.3999999999999995,4,Hero,0.5972601994872093,0.9999632835388184
628,3.5,-6.5,15,Hero,0.6351870295902093,0.9334918992593885
629,4.300000000000001,-5.699999999999999,7,Hero,0.8740947416850499,0.9989800708634513
630,3.3,-6.7,17,Hero,0.6045079274815234,0.9964133150437299
631,4.0,-6.0,10,Hero,0.9336992263793945,0.9999940395355225
632,3.7,-6.3,13,Hero,0.6801938666747167,0.9996121938412006
633,-5.699999999999999,4.300000000000001,7,Villain,0.9618672387940543,0.9999520352908543
634,4.4,-5.6,6,Hero,0.7006118148565292,0.9999330143133799
635,4.0,-6.0,10,Hero,0.8541260838508606,0.999977457523346
636,3.2,-6.8,18,Hero,0.6320765039159192,0.804798946774099
637,3.8000000000000007,-6.199999999999999,12,Hero,0.6681696722904841,0.9994883437951406
638,4.7,-5.3,3,Hero,0.5493104706207911,0.9999871651331583
639,3.8000000000000007,-6.199999999999999,12,Hero,0.7041084257264932,0.9989765187104543
640,3.6000000000000005,-6.3999999999999995,14,Hero,0.6606696205479758,0.9970052242279053
641,3.8000000000000007,-6.199999999999999,12,Hero,0.7703375493486723,0.9982896049817404
642,4.300000000000001,-5.699999999999999,7,Hero,0.9922097665922982,0.9988701258386884
643,3.5,-6.5,15,Hero,0.5623371442159016,0.9940720915794372
644,3.7,-6.3,13,Hero,0.8177711768792226,0.9998503556618323
645,3.4000000000000004,-6.6,16,Hero,0.7144715008325875,0.9997758194804192
646,3.7,-6.3,13,Hero,0.6480942930166538,0.9913209676742554
647,3.8000000000000007,-6.199999999999999,12,Hero,0.6878572531665365,0.9883638272682825
648,4.1000000000000005,-5.8999999999999995,9,Hero,0.6166267527474297,0.9999465081426833
649,4.0,-6.0,10,Hero,0.9351456582546234,0.9999934911727906
650,4.1000000000000005,-5.8999999999999995,9,Hero,0.9640643331739638,0.9987104733784994
651,4.5,-5.5,5,Hero,0.7434146046638489,0.9999519109725952
652,-5.1,4.9,1,Villain,0.9924116730690002,0.9999902248382568
653,4.4,-5.6,6,Hero,0.6186450719833374,0.9999248087406158
654,3.8000000000000007,-6.199999999999999,12,Hero,0.5883204063453983,0.9994273881117502
655,-5.3999999999999995,4.6000000000000005,4,Villain,0.5996127799153328,0.9999961853027344
656,4.1000000000000005,-5.8999999999999995,9,Hero,0.6150860571198993,0.9994842807451884
657,4.300000000000001,-5.699999999999999,7,Hero,0.6579277515411377,0.9998102017811367
658,3.9000000000000004,-6.1,11,Hero,0.8634330521930348,0.9998159787871621
659,3.5,-6.5,15,Hero,0.6063583756486575,0.9999141891797384
660,4.300000000000001,-5.699999999999999,7,Hero,0.6487381884029934,0.9995072569165911
661,4.6000000000000005,-5.3999999999999995,4,Hero,0.8326960206031799,0.9999929666519165
662,3.8000000000000007,-6.199999999999999,12,Hero,0.6944336264083782,0.9993231743574142
663,4.0,-6.0,10,Hero,0.8138952016830444,0.9987829744815826
664,3.9000000000000004,-6.1,11,Hero,0.7213004949417982,0.9999873313036832
665,3.9000000000000004,-6.1,11,Hero,0.6963627690618689,0.9993074211207303
666,3.7,-6.3,13,Hero,0.743261688030683,0.999961101091825
667,4.300000000000001,-5.699999999999999,7,Hero,0.7503862295831952,0.9997003248759678
668,3.8000000000000007,-6.199999999999999,12,Hero,0.6633907351642847,0.9933659633000692
669,4.6000000000000005,-5.3999999999999995,4,Hero,0.6882518231868744,0.9999927580356598
670,4.1000000000000005,-5.8999999999999995,9,Hero,0.7534299658404456,0.9993180168999566
671,4.2,-5.8,8,Hero,0.9675481244921684,0.9999938011169434
672,4.4,-5.6,6,Hero,0.6789871652921041,0.9999985694885254
673,3.9000000000000004,-6.1,11,Hero,0.6637880856340582,0.9079554772999306
674,4.0,-6.0,10,Hero,0.9085669875144958,0.9999764204025269
675,4.6000000000000005,-5.3999999999999995,4,Hero,0.6847281567752361,0.9999902844429016
676,3.3,-6.7,17,Hero,0.6700988043757046,0.9922030217507306
677,-5.3999999999999995,4.6000000000000005,4,Villain,0.9950916022062302,0.9999862313270569
678,4.800000000000001,-5.199999999999999,2,Hero,0.9293884336948395,0.9998796284198761
679,3.7,-6.3,13,Hero,0.7600091993808746,0.9992774587411147
680,3.7,-6.3,13,Hero,0.7066429922213922,0.9120351743812745
681,3.8000000000000007,-6.199999999999999,12,Hero,0.6368606009831032,0.998924508690834
682,4.2,-5.8,8,Hero,0.6210318394005299,0.9988302662968636
683,4.5,-5.5,5,Hero,0.8667811155319214,0.9999908685684205
684,4.1000000000000005,-5.8999999999999995,9,Hero,0.6230953981479009,0.9973799784978231
685,4.1000000000000005,-5.8999999999999995,9,Hero,0.9088385932975345,0.9980368481742011
686,3.5,-6.5,15,Hero,0.6447510073582331,0.9999122262001038
687,-5.699999999999999,4.300000000000001,7,Villain,0.9966277139527457,0.9999956573758807
688,3.8000000000000007,-6.199999999999999,12,Hero,0.7669548889001211,0.999552920460701
689,4.300000000000001,-5.699999999999999,7,Hero,0.7557030745915004,0.9995258961405072
690,4.7,-5.3,3,Hero,0.6704288522402445,0.9999662637710571
691,4.2,-5.8,8,Hero,0.7904274240136147,0.99995918571949
692,3.5,-6.5,15,Hero,0.6663951287666957,0.9967231154441833
693,4.2,-5.8,8,Hero,0.6160022038966417,0.9996961057186127
694,4.2,-5.8,8,Hero,0.9932964816689491,0.9999969154596329
695,3.6000000000000005,-6.3999999999999995,14,Hero,0.6153245930160794,0.9993823383535657
696,3.2,-6.8,18,Hero,0.5893724511067072,0.9889707664648691
697,4.5,-5.5,5,Hero,0.9326562523841858,0.9999804735183716
698,3.4000000000000004,-6.6,16,Hero,0.649448785930872,0.9987081065773964
699,-5.1,4.9,1,Villain,0.8823262453079224,0.9771952033042908
700,3.9000000000000004,-6.1,11,Hero,0.8144562406973406,0.9972616975957697
701,4.0,-6.0,10,Hero,0.8951080083847046,0.9940315365791321
702,3.9000000000000004,-6.1,11,Hero,0.7713838138363578,0.9999148683114485
703,4.7,-5.3,3,Hero,0.7472590804100037,0.9999533096949259
704,3.5,-6.5,15,Hero,0.7044888099034627,0.9943233450253804
705,-5.199999999999999,4.800000000000001,2,Villain,0.595129981637001,0.9999144077301025
706,4.1000000000000005,-5.8999999999999995,9,Hero,0.8871688776546054,0.9999969800313314
707,2.9,-7.1,21,Hero,0.619121002299445,0.9976077391987755
708,-5.8,4.2,8,Villain,0.9430149793624878,0.9999922960996628
709,4.1000000000000005,-5.8999999999999995,9,Hero,0.9793856541315714,0.9999618132909139
710,4.6000000000000005,-5.3999999999999995,4,Hero,0.6416447050869465,0.9999823868274689
711,4.0,-6.0,10,Hero,0.6865516945719718,0.9998079061508178
712,3.6000000000000005,-6.3999999999999995,14,Hero,0.785393625497818,0.9999745232718331
713,3.7,-6.3,13,Hero,0.7658434991653149,0.9996920365553635
714,4.300000000000001,-5.699999999999999,7,Hero,0.9851851378168378,0.9997416394097465
715,4.300000000000001,-5.699999999999999,7,Hero,0.9749532256807599,0.9998946700777326
716,3.8000000000000007,-6.199999999999999,12,Hero,0.6592386849224567,0.9999868969122568
717,4.4,-5.6,6,Hero,0.7173451532920202,0.9999828735987345
718,4.0,-6.0,10,Hero,0.8431494295597076,0.9988651156425477
719,4.2,-5.8,8,Hero,0.640467319637537,0.9999921023845673
720,3.6000000000000005,-6.3999999999999995,14,Hero,0.6471321391207832,0.9979682309286935
721,4.0,-6.0,10,Hero,0.9060407161712647,0.9999993681907654
722,4.300000000000001,-5.699999999999999,7,Hero,0.9907134941646031,0.9993329133306231
723,-5.1,4.9,1,Villain,0.9100310802459717,0.9993840456008911
724,3.5,-6.5,15,Hero,0.7014144519964854,0.9998000264167786
725,3.8000000000000007,-6.199999999999999,12,Hero,0.7974563936392466,0.9999885459740957
726,2.9,-7.1,21,Hero,0.7196235330331893,0.9927296808787754
727,3.7,-6.3,13,Hero,0.6236086854567895,0.9998237032156724
728,4.0,-6.0,10,Hero,0.9191919654607773,0.9981013476848603
729,3.9000000000000004,-6.1,11,Hero,0.6225875170732086,0.9993867549029264
730,3.4000000000000004,-6.6,16,Hero,0.6543981852009892,0.9800208806991577
731,-6.1,3.9000000000000004,11,Villain,0.5547854209488089,0.9993201602589
732,4.7,-5.3,3,Hero,0.6551669289668401,0.9999992450078329
733,4.6000000000000005,-5.3999999999999995,4,Hero,0.9862447530031204,0.9990933388471603
734,3.2,-6.8,18,Hero,0.6757187822626697,0.9600291219022539
735,-5.3,4.7,3,Villain,0.9420194824536642,0.9999839862187704
736,3.5,-6.5,15,Hero,0.6375118027130763,0.9984273711840311
737,3.9000000000000004,-6.1,11,Hero,0.79970322413878,0.9999836141412909
738,4.6000000000000005,-5.3999999999999995,4,Hero,0.5856602862477303,0.999996155500412
739,4.1000000000000005,-5.8999999999999995,9,Hero,0.8202928221888013,0.9999907546573215
740,4.1000000000000005,-5.8999999999999995,9,Hero,0.9813267125023736,0.9999414682388306
741,3.7,-6.3,13,Hero,0.6170976689228644,0.9983276862364548
742,3.8000000000000007,-6.199999999999999,12,Hero,0.7189263803884387,0.9997578561306
743,4.1000000000000005,-5.8999999999999995,9,Hero,0.6323832683265209,0.9991958406236436
744,4.2,-5.8,8,Hero,0.8904894813895226,0.9997355490922928
745,-5.699999999999999,4.300000000000001,7,Villain,0.9849135875701904,0.9999950102397374
746,4.1000000000000005,-5.8999999999999995,9,Hero,0.841709189944797,0.9999747276306152
747,4.300000000000001,-5.699999999999999,7,Hero,0.7441835616316114,0.9999236975397382
748,4.300000000000001,-5.699999999999999,7,Hero,0.8860630989074707,0.9999903270176479
749,4.6000000000000005,-5.3999999999999995,4,Hero,0.8726933300495148,0.9999982416629791
750,4.300000000000001,-5.699999999999999,7,Hero,0.8524376265704632,0.9994562268257141
751,3.2,-6.8,18,Hero,0.5757376013530625,0.9415791237519847
752,4.800000000000001,-5.199999999999999,2,Hero,0.8635888695716858,0.9999992847442627
753,3.5,-6.5,15,Hero,0.7672675808270772,0.9994483073552449
754,4.1000000000000005,-5.8999999999999995,9,Hero,0.7658797436290317,0.9999907414118449
755,-5.6,4.4,6,Villain,0.9710243145624796,0.999939481417338
756,4.0,-6.0,10,Hero,0.7410280615091324,0.999807721376419
757,3.2,-6.8,18,Hero,0.6534727838718228,0.9997741182645162
758,4.800000000000001,-5.199999999999999,2,Hero,0.923076719045639,0.9999973773956299
759,4.6000000000000005,-5.3999999999999995,4,Hero,0.5871357843279839,0.9999917149543762
760,4.2,-5.8,8,Hero,0.8487614393234253,0.9999984800815582
761,4.1000000000000005,-5.8999999999999995,9,Hero,0.6548326015472412,0.9998986389901903
762,4.5,-5.5,5,Hero,0.9575881958007812,0.9999909400939941
763,4.0,-6.0,10,Hero,0.6759193886071444,0.9999955177307129
764,3.8000000000000007,-6.199999999999999,12,Hero,0.6392371853192648,0.9999852379163107
765,4.1000000000000005,-5.8999999999999995,9,Hero,0.983183847533332,0.9999947283003066
766,4.2,-5.8,8,Hero,0.9191854223608971,0.9999945312738419
767,3.3,-6.7,17,Hero,0.6394029829431983,0.9875403256977305
768,3.9000000000000004,-6.1,11,Hero,0.7836505391381003,0.9998014786026694
769,4.2,-5.8,8,Hero,0.6541139781475067,0.9998742043972015
770,3.2,-6.8,18,Hero,0.6863462891843584,0.9998860127396054
771,3.9000000000000004,-6.1,11,Hero,0.6330980821089311,0.9999483336101879
772,3.4000000000000004,-6.6,16,Hero,0.575335118919611,0.9999936893582344
773,4.300000000000001,-5.699999999999999,7,Hero,0.5790711087839944,0.999853355543954
774,4.300000000000001,-5.699999999999999,7,Hero,0.842323145696095,0.9999151144708905
775,3.6000000000000005,-6.3999999999999995,14,Hero,0.6387869098356792,0.9783534024442945
776,3.8000000000000007,-6.199999999999999,12,Hero,0.8445532657206059,0.9999678234259287
777,4.0,-6.0,10,Hero,0.691503393650055,0.9999751329421998
778,3.4000000000000004,-6.6,16,Hero,0.7478552181273699,0.9977463409304619
779,3.5,-6.5,15,Hero,0.6718579505880674,0.9999033848444621
780,4.4,-5.6,6,Hero,0.9464880327383677,0.9999980727831522
781,4.4,-5.6,6,Hero,0.7424732744693756,0.9999658068021139
782,3.7,-6.3,13,Hero,0.6609204090558566,0.9991418123245239
783,3.5,-6.5,15,Hero,0.6206692133719722,0.999754770596822
784,4.4,-5.6,6,Hero,0.8923082153002421,0.9998422761758169
785,-6.3,3.7,13,Villain,0.6502893979732807,0.9998703002929688
786,4.4,-5.6,6,Hero,0.9613168736298879,0.999911367893219
787,3.9000000000000004,-6.1,11,Hero,0.7616488825191151,0.9999079812656749
788,4.2,-5.8,8,Hero,0.9620483741164207,0.999912939965725
789,3.9000000000000004,-6.1,11,Hero,0.6462444900111719,0.9997833913022821
790,4.5,-5.5,5,Hero,0.5871487855911255,0.9999733686447143
791,4.1000000000000005,-5.8999999999999995,9,Hero,0.9584763844807943,0.9996931950251261
792,3.8000000000000007,-6.199999999999999,12,Hero,0.6567606627941132,0.9999594440062841
793,3.5,-6.5,15,Hero,0.6287435164054235,0.995824686686198
794,3.6000000000000005,-6.3999999999999995,14,Hero,0.688978774206979,0.9965675686086927
795,3.6000000000000005,-6.3999999999999995,14,Hero,0.7302247150135892,0.9998058506420681
796,3.7,-6.3,13,Hero,0.7466829075263097,0.9952162412496713
797,3.4000000000000004,-6.6,16,Hero,0.7141470480710268,0.9998964965343475
798,-5.1,4.9,1,Villain,0.9986796975135803,0.9999994039535522
799,4.5,-5.5,5,Hero,0.9738338708877563,0.9999991178512573
800,4.300000000000001,-5.699999999999999,7,Hero,0.6201388112136296,0.9998697723661151
801,4.4,-5.6,6,Hero,0.6884797116120657,0.9999376038710276
802,4.0,-6.0,10,Hero,0.757535120844841,0.9980242252349854
803,3.9000000000000004,-6.1,11,Hero,0.7893519645387476,0.9995947100899436
804,-5.3999999999999995,4.6000000000000005,4,Villain,0.9962394088506699,0.9999888837337494
805,3.7,-6.3,13,Hero,0.7167758914427116,0.9999910042836115
806,4.300000000000001,-5.699999999999999,7,Hero,0.8261027336120605,0.9999805518559047
807,3.7,-6.3,13,Hero,0.7062015602221856,0.9998233685126672
808,3.6000000000000005,-6.3999999999999995,14,Hero,0.6667086354323796,0.9984361444200788
809,3.0999999999999996,-6.9,19,Hero,0.6433243904213765,0.999753032860003
810,4.1000000000000005,-5.8999999999999995,9,Hero,0.6459943685266707,0.9999806880950928
811,3.8000000000000007,-6.199999999999999,12,Hero,0.6978388880379498,0.9996938755114874
812,3.2,-6.8,18,Hero,0.6802273715535799,0.9925791157616509
813,3.9000000000000004,-6.1,11,Hero,0.8173948255452242,0.9999851963736794
814,4.0,-6.0,10,Hero,0.7203328587114811,0.9969938337802887
815,4.6000000000000005,-5.3999999999999995,4,Hero,0.7087202742695808,0.9999955296516418
816,3.5,-6.5,15,Hero,0.6532244026660919,0.9948206663131713
817,3.8000000000000007,-6.199999999999999,12,Hero,0.7684661820530891,0.9999755024909973
818,3.7,-6.3,13,Hero,0.7540444892186385,0.9998632715298579
819,4.1000000000000005,-5.8999999999999995,9,Hero,0.6647321018907759,0.9995677206251357
820,4.4,-5.6,6,Hero,0.9808957080046335,0.9989401002724966
821,4.5,-5.5,5,Hero,0.6589658558368683,0.9999902248382568
822,4.7,-5.3,3,Hero,0.9671129385630289,0.9999780257542928
823,3.5,-6.5,15,Hero,0.6677604471643765,0.9985018372535706
824,3.9000000000000004,-6.1,11,Hero,0.6981086172163486,0.9999490326101129
825,4.5,-5.5,5,Hero,0.8116172760725021,0.99992436170578
826,3.9000000000000004,-6.1,11,Hero,0.5980506051670421,0.9999965537678112
827,-5.8999999999999995,4.1000000000000005,9,Villain,0.7098244925340017,0.9999798933664957
828,4.300000000000001,-5.699999999999999,7,Hero,0.6560217482703072,0.9997075881276812
829,4.2,-5.8,8,Hero,0.6554701328277588,0.9999937564134598
830,4.0,-6.0,10,Hero,0.9335427224636078,0.9999919414520264
831,3.6000000000000005,-6.3999999999999995,14,Hero,0.6861526093312672,0.9997593760490417
832,4.5,-5.5,5,Hero,0.7753435134887695,0.9999661922454834
833,4.5,-5.5,5,Hero,0.7885037988424302,0.9999905109405518
834,3.7,-6.3,13,Hero,0.6876902866822022,0.9996622846676753
835,3.8000000000000007,-6.199999999999999,12,Hero,0.7193146447340647,0.9999435295661291
836,4.7,-5.3,3,Hero,0.9391861359278361,0.9999962250391642
837,3.3,-6.7,17,Hero,0.6356240537236718,0.9988820903441485
838,3.7,-6.3,13,Hero,0.6641894991581256,0.9997951204960163
839,4.7,-5.3,3,Hero,0.7721163332462311,0.9999989668528239
840,4.2,-5.8,8,Hero,0.9104093164205551,0.9999876320362091
841,4.5,-5.5,5,Hero,0.6832231640815735,0.9999688386917114
842,3.7,-6.3,13,Hero,0.6217729586821336,0.9998456285550044
843,4.800000000000001,-5.199999999999999,2,Hero,0.9542739987373352,0.9999995231628418
844,3.7,-6.3,13,Hero,0.6915792662363786,0.9996179204720718
845,4.300000000000001,-5.699999999999999,7,Hero,0.8442396393844059,0.9999740123748779
846,3.2,-6.8,18,Hero,0.6453063380387094,0.9457363784313202
847,4.300000000000001,-5.699999999999999,7,Hero,0.9757882101195199,0.9962460824421474
848,3.6000000000000005,-6.3999999999999995,14,Hero,0.7178550830909184,0.9775574718202863
849,4.7,-5.3,3,Hero,0.8933681646982828,0.9999941984812418
850,4.300000000000001,-5.699999999999999,7,Hero,0.8483779260090419,0.9999936819076538
851,4.9,-5.1,1,Hero,0.2620285749435425,0.9999938011169434
852,3.8000000000000007,-6.199999999999999,12,Hero,0.757970854640007,0.9984556138515472
853,4.300000000000001,-5.699999999999999,7,Hero,0.9021043522017342,0.9999972752162388
854,4.0,-6.0,10,Hero,0.9172755599021911,0.9999903082847595
855,4.2,-5.8,8,Hero,0.937991239130497,0.9986226782202721
856,3.5,-6.5,15,Hero,0.5833942073086897,0.9990872701009115
857,4.0,-6.0,10,Hero,0.7880197674036026,0.999724280834198
858,4.9,-5.1,1,Hero,0.7931441068649292,0.9999892711639404
859,4.300000000000001,-5.699999999999999,7,Hero,0.7542752964156014,0.9999627896717617
860,4.800000000000001,-5.199999999999999,2,Hero,0.9033052623271942,0.9999651312828064
861,4.5,-5.5,5,Hero,0.792267569899559,0.9999978542327881
862,4.4,-5.6,6,Hero,0.659140075246493,0.9999727209409078
863,4.300000000000001,-5.699999999999999,7,Hero,0.6109897068568638,0.9999884366989136
864,4.7,-5.3,3,Hero,0.7289536794026693,0.9999946753184
865,3.9000000000000004,-6.1,11,Hero,0.8522502752867612,0.9897736744447188
866,4.0,-6.0,10,Hero,0.761823907494545,0.9996726870536804
867,4.0,-6.0,10,Hero,0.7768616586923599,0.9999906420707703
868,4.9,-5.1,1,Hero,0.31129568815231323,0.9999949932098389
869,3.9000000000000004,-6.1,11,Hero,0.8432970453392375,0.999329534443942
870,3.7,-6.3,13,Hero,0.6396065262647775,0.9983646961358877
871,4.7,-5.3,3,Hero,0.9609706401824951,0.9999447266260783
872,3.5,-6.5,15,Hero,0.7079356054464976,0.9989224394162496
873,4.300000000000001,-5.699999999999999,7,Hero,0.9031420264925275,0.994639916079385
874,4.4,-5.6,6,Hero,0.9463410675525665,0.9999958078066508
875,4.0,-6.0,10,Hero,0.871979446336627,0.9999932527542115
876,4.5,-5.5,5,Hero,0.5475128591060638,0.9999832391738892
877,4.0,-6.0,10,Hero,0.7955877125263214,0.9976830244064331
878,3.5,-6.5,15,Hero,0.7235590875148773,0.9981205821037292
879,3.5,-6.5,15,Hero,0.7550118754307429,0.9993906776110332
880,3.4000000000000004,-6.6,16,Hero,0.6585871567949653,0.9904115460813046
881,4.4,-5.6,6,Hero,0.9398909012476603,0.9994219442208608
882,3.9000000000000004,-6.1,11,Hero,0.8089869564229791,0.9999936060471968
883,4.6000000000000005,-5.3999999999999995,4,Hero,0.9383092075586319,0.9998017400503159
884,3.3,-6.7,17,Hero,0.6743966174476287,0.997462833628935
885,-6.3,3.7,13,Villain,0.6121375973408039,0.9997580372370206
886,4.4,-5.6,6,Hero,0.610909566283226,0.9999858736991882
887,3.8000000000000007,-6.199999999999999,12,Hero,0.670871322353681,0.9988089948892593
888,3.9000000000000004,-6.1,11,Hero,0.8007631616836245,0.9997191537510265
889,4.7,-5.3,3,Hero,0.9646797378857931,0.9999978939692179
890,3.9000000000000004,-6.1,11,Hero,0.7635825140909716,0.9974160411141135
891,3.9000000000000004,-6.1,11,Hero,0.7250961878082969,0.9996858401732012
892,3.6000000000000005,-6.3999999999999995,14,Hero,0.7300946850861821,0.9999050370284489
893,3.9000000000000004,-6.1,11,Hero,0.8007734661752527,0.9875219897790388
894,3.9000000000000004,-6.1,11,Hero,0.6376113268462095,0.9999912326986139
895,4.9,-5.1,1,Hero,0.42664510011672974,0.9999977350234985
896,4.9,-5.1,1,Hero,0.7485097050666809,0.9999945163726807
897,4.1000000000000005,-5.8999999999999995,9,Hero,0.8088334252436956,0.9999984502792358
898,3.2,-6.8,18,Hero,0.6284345090389252,0.9984475904040866
899,-5.8999999999999995,4.1000000000000005,9,Villain,0.9173543055852255,0.9999987549251981
900,4.1000000000000005,-5.8999999999999995,9,Hero,0.6985534826914469,0.9999597668647766
901,3.3,-6.7,17,Hero,0.6594768333084443,0.9947556923417484
902,3.7,-6.3,13,Hero,0.7333081914828374,0.9999359662716205
903,4.0,-6.0,10,Hero,0.8859884560108184,0.9997550010681152
904,4.0,-6.0,10,Hero,0.7461458414793014,0.9979850947856903
905,4.800000000000001,-5.199999999999999,2,Hero,0.8604735732078552,0.9999876022338867
906,3.9000000000000004,-6.1,11,Hero,0.6340188682079315,0.9993825392289595
907,3.7,-6.3,13,Hero,0.6774143633934168,0.9996199378600488
908,3.7,-6.3,13,Hero,0.6818985870251288,0.9999273877877456
909,3.5,-6.5,15,Hero,0.6637149939934412,0.9896716793378194
910,3.5,-6.5,15,Hero,0.6958519930640856,0.9998697320620219
911,4.0,-6.0,10,Hero,0.7356715261936188,0.9954247057437897
912,4.7,-5.3,3,Hero,0.7067659000555674,0.9999900261561075
913,4.4,-5.6,6,Hero,0.6221695592006048,0.9998084902763367
914,4.1000000000000005,-5.8999999999999995,9,Hero,0.7963544196552701,0.9996551407708062
915,4.1000000000000005,-5.8999999999999995,9,Hero,0.9085673358705308,0.9960310194227431
916,4.2,-5.8,8,Hero,0.6863402985036373,0.9997398778796196
917,4.1000000000000005,-5.8999999999999995,9,Hero,0.8155916482210159,0.999998476770189
918,4.1000000000000005,-5.8999999999999995,9,Hero,0.9807066520055135,0.9999978277418349
919,4.0,-6.0,10,Hero,0.7844331791624427,0.9999966144561767
920,4.6000000000000005,-5.3999999999999995,4,Hero,0.5778170749545097,0.999989777803421
921,4.1000000000000005,-5.8999999999999995,9,Hero,0.8111564434236951,0.9983829591009352
922,4.300000000000001,-5.699999999999999,7,Hero,0.6748003363609314,0.9999395523752485
923,4.1000000000000005,-5.8999999999999995,9,Hero,0.700094684958458,0.9988778233528137
924,-5.3,4.7,3,Villain,0.48509856810172397,0.6208158954977989
925,-5.3,4.7,3,Villain,0.9894969860712687,0.9999558925628662
926,3.8000000000000007,-6.199999999999999,12,Hero,0.6751825052003065,0.996858611702919
927,4.300000000000001,-5.699999999999999,7,Hero,0.626807879124369,0.999984792300633
928,3.9000000000000004,-6.1,11,Hero,0.8845368406989358,0.9999930966984142
929,3.8000000000000007,-6.199999999999999,12,Hero,0.7794371818502744,0.9998944600423177
930,4.4,-5.6,6,Hero,0.6761367867390314,0.9999042550722758
931,3.8000000000000007,-6.199999999999999,12,Hero,0.8150928492347399,0.9978980720043182
932,4.7,-5.3,3,Hero,0.6584648340940475,0.9999919732411703
933,2.6999999999999997,-7.300000000000001,23,Hero,0.5501312347857849,0.9553419518001054
934,4.1000000000000005,-5.8999999999999995,9,Hero,0.8351601726479001,0.9994824661148919
935,4.0,-6.0,10,Hero,0.8893514938652516,0.9993649244308471
936,4.300000000000001,-5.699999999999999,7,Hero,0.6830305201666695,0.9998034579413277
937,4.1000000000000005,-5.8999999999999995,9,Hero,0.729024178451962,0.9998359481493632
938,4.7,-5.3,3,Hero,0.7771396438280741,0.9999249776204427
939,2.3999999999999995,-7.6000000000000005,26,Hero,0.6022309360022728,0.9907871278432699
940,4.2,-5.8,8,Hero,0.6826214734464884,0.9998312145471573
941,4.1000000000000005,-5.8999999999999995,9,Hero,0.791443407535553,0.9994430541992188
942,4.1000000000000005,-5.8999999999999995,9,Hero,0.6144116222858429,0.9999517533514235
943,3.9000000000000004,-6.1,11,Hero,0.8193972977724943,0.9999323107979514
944,4.300000000000001,-5.699999999999999,7,Hero,0.8444991622652326,0.9987227490970066
945,3.6000000000000005,-6.3999999999999995,14,Hero,0.6861320648874555,0.9935346714087895
946,3.7,-6.3,13,Hero,0.7281891199258658,0.9206028213867774
947,4.2,-5.8,8,Hero,0.9141445904970169,0.9999948292970657
948,4.300000000000001,-5.699999999999999,7,Hero,0.6709952929190227,0.9999894584928241
949,4.300000000000001,-5.699999999999999,7,Hero,0.6795686845268522,0.9999321699142456
950,3.4000000000000004,-6.6,16,Hero,0.7303816289640963,0.9966621585190296
951,4.2,-5.8,8,Hero,0.7272023297846317,0.8749412776742247
952,4.0,-6.0,10,Hero,0.6455487973988057,0.9997396886348724
953,3.2,-6.8,18,Hero,0.580603287451797,0.9691598614056905
954,3.7,-6.3,13,Hero,0.6980654184634869,0.9977790438211881
955,-6.6,3.4000000000000004,16,Villain,0.5292896912433207,0.9974273853003979
956,4.300000000000001,-5.699999999999999,7,Hero,0.9544278809002468,0.9999906676156181
957,4.300000000000001,-5.699999999999999,7,Hero,0.6512176139014108,0.9999760048730033
958,3.5,-6.5,15,Hero,0.7103092448165019,0.999389668305715
959,4.2,-5.8,8,Hero,0.6319488568697125,0.9999654144048691
960,4.300000000000001,-5.699999999999999,7,Hero,0.9019200120653424,0.9999905484063285
961,4.0,-6.0,10,Hero,0.8184016674757004,0.998454487323761
962,4.6000000000000005,-5.3999999999999995,4,Hero,0.9261192977428436,0.9999026209115982
963,4.9,-5.1,1,Hero,0.34480154514312744,0.9999744892120361
964,4.300000000000001,-5.699999999999999,7,Hero,0.7437601834535599,0.9998920815331596
965,4.300000000000001,-5.699999999999999,7,Hero,0.6732792960745948,0.9999795470918927
966,4.4,-5.6,6,Hero,0.5870549927155176,0.9999920129776001
967,4.7,-5.3,3,Hero,0.7069815595944723,0.9999682903289795
968,3.8000000000000007,-6.199999999999999,12,Hero,0.7558928889532884,0.9047488975338638
969,4.800000000000001,-5.199999999999999,2,Hero,0.9266454577445984,0.9999949336051941
970,3.9000000000000004,-6.1,11,Hero,0.800019092773172,0.9999985803257335
971,4.2,-5.8,8,Hero,0.762842945754528,0.9999232664704323
972,3.7,-6.3,13,Hero,0.6659460910237752,0.9988022446632385
973,4.6000000000000005,-5.3999999999999995,4,Hero,0.528623956721276,0.9999687969684601
974,3.7,-6.3,13,Hero,0.7777323447740995,0.9999728111120371
975,3.9000000000000004,-6.1,11,Hero,0.5917842212048444,0.9998835000124845
976,4.800000000000001,-5.199999999999999,2,Hero,0.9645477831363678,0.9999971985816956
977,-5.1,4.9,1,Villain,0.4269424080848694,0.5184029340744019
978,4.9,-5.1,1,Hero,0.9070097804069519,0.9999991655349731
979,4.4,-5.6,6,Hero,0.8299903770287832,0.9999996622403463
980,4.300000000000001,-5.699999999999999,7,Hero,0.6194883946861539,0.9999761751719883
981,4.9,-5.1,1,Hero,0.842842161655426,1.0
982,4.5,-5.5,5,Hero,0.9508021235466003,0.9999999761581421
983,-5.3999999999999995,4.6000000000000005,4,Villain,0.2745504640042782,0.9999976754188538
984,4.2,-5.8,8,Hero,0.8000694438815117,0.9999976754188538
985,2.9,-7.1,21,Hero,0.5512724884209179,0.9999999148505074
986,4.7,-5.3,3,Hero,0.98301629225413,0.9999959468841553
987,4.2,-5.8,8,Hero,0.8857459742575884,0.999718651175499
988,4.9,-5.1,1,Hero,0.34600284695625305,0.9999998807907104
989,4.0,-6.0,10,Hero,0.9020706862211227,0.9999998331069946
990,3.4000000000000004,-6.6,16,Hero,0.6353000504896045,0.9993500597774982
991,1.4999999999999987,-8.500000000000002,35,Hero,0.5338258983567357,0.9999978474208286
992,4.800000000000001,-5.199999999999999,2,Hero,0.4979681633412838,0.9999994039535522
993,4.6000000000000005,-5.3999999999999995,4,Hero,0.4680570587515831,1.0
994,4.1000000000000005,-5.8999999999999995,9,Hero,0.8864979876412286,0.9999189509285821
995,4.1000000000000005,-5.8999999999999995,9,Hero,0.8278541167577108,0.9999994569354587
996,4.7,-5.3,3,Hero,0.9886751373608907,0.9999817212422689
997,4.300000000000001,-5.699999999999999,7,Hero,0.7671043276786804,0.9999997786113194
998,4.4,-5.6,6,Hero,0.8680788079897562,0.9999978939692179
999,2.8,-7.2,22,Hero,0.5812548490410502,0.9989162493835796
1000,3.6000000000000005,-6.3999999999999995,14,Hero,0.5785569484744754,0.9998793346541268
1001,4.2,-5.8,8,Hero,0.6359022632241249,0.9999851286411285
1002,3.9000000000000004,-6.1,11,Hero,0.8163559606129472,0.9997333775867115
1003,3.9000000000000004,-6.1,11,Hero,0.7747115926309065,0.9999990354884755
1004,4.300000000000001,-5.699999999999999,7,Hero,0.9947635616574969,0.9999565141541618
1005,3.8000000000000007,-6.199999999999999,12,Hero,0.6588163310661912,0.9999793271223704
1006,4.4,-5.6,6,Hero,0.9921641449133555,0.9999891519546509
1007,3.0,-7.0,20,Hero,0.6000509894452989,0.9999881982803345
1008,3.8000000000000007,-6.199999999999999,12,Hero,0.8208419556419054,0.9999971290429434
1009,3.8000000000000007,-6.199999999999999,12,Hero,0.6653821306924025,0.9999993642171224
1010,4.2,-5.8,8,Hero,0.8715861514210701,0.999999925494194
1011,3.8000000000000007,-6.199999999999999,12,Hero,0.8062132894992828,0.9997048924366633
1012,4.2,-5.8,8,Hero,0.98731929063797,0.9999895244836807
1013,4.1000000000000005,-5.8999999999999995,9,Hero,0.7630283402072059,0.9999999072816637
1014,-6.6,3.4000000000000004,16,Villain,0.5891423346474767,0.9999881163239479
1015,4.7,-5.3,3,Hero,0.9346989393234253,0.9999998807907104
1016,3.7,-6.3,13,Hero,0.5454995001737888,0.9999880240513728
1017,4.300000000000001,-5.699999999999999,7,Hero,0.785611207996096,0.9999988589968
1018,4.5,-5.5,5,Hero,0.8318512797355652,0.9999998331069946
1019,3.6000000000000005,-6.3999999999999995,14,Hero,0.6619575949651855,0.9990497401782444
1020,3.9000000000000004,-6.1,11,Hero,0.650868218053471,0.9999433918432756
1021,4.0,-6.0,10,Hero,0.8355909049510956,0.9999970197677612
1022,4.2,-5.8,8,Hero,0.5893902312964201,0.9999998658895493
1023,-5.6,4.4,6,Villain,0.7033350771913925,1.0
1024,3.5,-6.5,15,Hero,0.6831004788478215,0.9993337313334147
1025,3.7,-6.3,13,Hero,0.786628741484422,0.9999982026907114
1026,4.1000000000000005,-5.8999999999999995,9,Hero,0.7975695232550303,0.9999997085995145
1027,4.4,-5.6,6,Hero,0.7618009348710378,0.9999981721242269
1028,3.8000000000000007,-6.199999999999999,12,Hero,0.7960644041498502,0.9991725385189056
1029,4.9,-5.1,1,Hero,0.7255632281303406,0.9999971389770508
1030,4.800000000000001,-5.199999999999999,2,Hero,0.9785433411598206,0.9999998807907104
1031,4.4,-5.6,6,Hero,0.7118812104066213,0.9999978343645731
1032,3.7,-6.3,13,Hero,0.7219300304467862,0.9999157098623422
1033,4.800000000000001,-5.199999999999999,2,Hero,0.7051507830619812,0.9999998211860657
1034,4.300000000000001,-5.699999999999999,7,Hero,0.793388558285577,0.999998824937003
1035,4.0,-6.0,10,Hero,0.6811162039637566,0.9999987006187439
1036,4.1000000000000005,-5.8999999999999995,9,Hero,0.7183599538273282,0.9999983443154229
1037,4.2,-5.8,8,Hero,0.8806607834994793,1.0
1038,4.9,-5.1,1,Hero,0.9352662563323975,0.9999994039535522
1039,3.8000000000000007,-6.199999999999999,12,Hero,0.5675790620346864,0.9999998112519582
1040,4.6000000000000005,-5.3999999999999995,4,Hero,0.653341144323349,0.9999998211860657
1041,4.800000000000001,-5.199999999999999,2,Hero,0.9253565073013306,1.0
1042,4.4,-5.6,6,Hero,0.8209968954324722,0.9999988675117493
1043,4.0,-6.0,10,Hero,0.6083636090159417,0.9999998807907104
1044,3.8000000000000007,-6.199999999999999,12,Hero,0.826842874288559,0.9982222964366277
1045,4.2,-5.8,8,Hero,0.6476558521389961,0.9999808371067047
1046,3.9000000000000004,-6.1,11,Hero,0.8064224096861753,0.9999999783255837
1047,-5.1,4.9,1,Villain,0.044287845492362976,0.9891722202301025
1048,4.0,-6.0,10,Hero,0.6982857286930084,0.9999981880187988
1049,-5.699999999999999,4.300000000000001,7,Villain,0.9979799389839172,1.0
1050,-6.0,4.0,10,Villain,0.6485679835081101,0.9999981045722961
1051,4.0,-6.0,10,Hero,0.8000883340835572,0.9999968647956848
1052,-5.3999999999999995,4.6000000000000005,4,Villain,0.7458184924907982,0.9999997615814209
1053,4.0,-6.0,10,Hero,0.636049821972847,0.999999749660492
1054,4.2,-5.8,8,Hero,0.8571853935718536,1.0
1055,3.8000000000000007,-6.199999999999999,12,Hero,0.6060541619857153,0.9999860525131226
1056,2.2999999999999994,-7.700000000000001,27,Hero,0.5212017962088188,0.9997226728333367
1057,3.7,-6.3,13,Hero,0.6925549759314611,0.9999885925879846
1058,4.300000000000001,-5.699999999999999,7,Hero,0.7769001126289368,0.9999996594020298
1059,4.2,-5.8,8,Hero,0.7531906142830849,0.9999790191650391
1060,-5.199999999999999,4.800000000000001,2,Villain,0.2814864069223404,0.9965263307094574
1061,3.5,-6.5,15,Hero,0.6811353236436843,0.9997596502304077
1062,4.300000000000001,-5.699999999999999,7,Hero,0.7937610575131008,0.9999930007117135
1063,4.2,-5.8,8,Hero,0.9146639034152031,0.9998976290225983
1064,4.1000000000000005,-5.8999999999999995,9,Hero,0.8243890429536501,0.9999998542997572
1065,3.9000000000000004,-6.1,11,Hero,0.767543149265376,0.9999993931163441
1066,-4.999999999999998,-4.999999999999998,50,None,0.5040083556622267,0.9999216735363007
1067,3.2,-6.8,18,Hero,0.5667965279685127,0.9999955097834269
1068,3.5,-6.5,15,Hero,0.6613516052563985,0.9999524434407552
1069,2.2999999999999994,-7.700000000000001,27,Hero,0.532876061482562,0.9999857787732724
1070,4.7,-5.3,3,Hero,0.9643914500872294,1.0
1071,4.1000000000000005,-5.8999999999999995,9,Hero,0.9151293171776665,0.9999905559751723
1072,-4.999999999999998,-4.999999999999998,50,None,0.6865217644814402,0.9999434280395508
1073,3.7,-6.3,13,Hero,0.7922435173621545,0.9999965521005484
1074,4.800000000000001,-5.199999999999999,2,Hero,0.7229501605033875,0.9999999403953552
1075,1.1999999999999984,-8.8,38,Hero,0.5225647512431207,0.9999497313248483
1076,3.9000000000000004,-6.1,11,Hero,0.736903353170915,0.9999828663739291
1077,4.2,-5.8,8,Hero,0.7166114896535873,0.9999847263097763
1078,-5.8,4.2,8,Villain,0.8830225951969624,0.9999999701976776
1079,-5.3,4.7,3,Villain,0.9977473417917887,1.0
1080,4.5,-5.5,5,Hero,0.9815763831138611,1.0
1081,4.5,-5.5,5,Hero,0.9431163549423218,0.9999985218048095
1082,4.6000000000000005,-5.3999999999999995,4,Hero,0.8098787069320679,0.9999984204769135
1083,4.5,-5.5,5,Hero,0.9031466245651245,0.9999993801116943
1084,3.6000000000000005,-6.3999999999999995,14,Hero,0.7085470493350711,0.9996571924005236
1085,4.4,-5.6,6,Hero,0.970020055770874,0.9999906420707703
1086,3.8000000000000007,-6.199999999999999,12,Hero,0.8268148774902025,0.9993951718012491
1087,4.2,-5.8,8,Hero,0.860242385417223,0.9999848902225494
1088,4.5,-5.5,5,Hero,0.5827750027179718,0.9999997854232788
1089,4.9,-5.1,1,Hero,0.8227331042289734,0.9999998807907104
1090,4.4,-5.6,6,Hero,0.7472714719672998,0.9999853372573853
1091,4.0,-6.0,10,Hero,0.7139583706855774,0.9997451186180115
1092,4.6000000000000005,-5.3999999999999995,4,Hero,0.7815377563238144,0.9999994933605194
1093,4.300000000000001,-5.699999999999999,7,Hero,0.5535517750041825,0.9999988419669015
1094,3.9000000000000004,-6.1,11,Hero,0.6614350912065923,0.9999670603058555
1095,3.6000000000000005,-6.3999999999999995,14,Hero,0.7500524204224348,0.999992345060621
1096,4.2,-5.8,8,Hero,0.8331809192895889,0.9999995976686478
1097,3.8000000000000007,-6.199999999999999,12,Hero,0.6607640820244948,0.9999853670597076
1098,4.300000000000001,-5.699999999999999,7,Hero,0.7663907131978444,0.9999963215419224
1099,3.9000000000000004,-6.1,11,Hero,0.6472510099411011,0.9999995881860907
1100,3.9000000000000004,-6.1,11,Hero,0.6813007213852622,0.9999969547445123
1101,4.300000000000001,-5.699999999999999,7,Hero,0.7509759941271373,0.9999993188040597
1102,4.2,-5.8,8,Hero,0.6792019940912724,0.9999531880021095
1103,3.8000000000000007,-6.199999999999999,12,Hero,0.6806758604943752,0.9999991456667582
1104,3.4000000000000004,-6.6,16,Hero,0.6852397052571177,0.9995636604726315
1105,4.300000000000001,-5.699999999999999,7,Hero,0.6459174198763711,0.9999997956412179
1106,3.7,-6.3,13,Hero,0.7660441384292566,0.9999949106803308
1107,4.5,-5.5,5,Hero,0.8930802345275879,0.9999911069869996
1108,3.2,-6.8,18,Hero,0.6289599055631293,0.9976472192340426
1109,3.4000000000000004,-6.6,16,Hero,0.6904162727296352,0.9969741404056549
1110,3.8000000000000007,-6.199999999999999,12,Hero,0.736394668618838,0.9999953210353851
1111,4.0,-6.0,10,Hero,0.7450070470571518,0.9999472975730896
1112,4.6000000000000005,-5.3999999999999995,4,Hero,0.7336993962526321,0.9999996423721313
1113,3.8000000000000007,-6.199999999999999,12,Hero,0.7119471107920011,0.9999906321366628
1114,3.6000000000000005,-6.3999999999999995,14,Hero,0.7500212767294475,0.9999620871884483
1115,3.8000000000000007,-6.199999999999999,12,Hero,0.8245911117022237,0.9999986390272776
1116,3.6000000000000005,-6.3999999999999995,14,Hero,0.6924414038658142,0.9999982629503522
1117,4.6000000000000005,-5.3999999999999995,4,Hero,0.6319994255900383,0.9999998509883881
1118,3.9000000000000004,-6.1,11,Hero,0.5438133822754025,0.9999997507442128
1119,3.6000000000000005,-6.3999999999999995,14,Hero,0.73438411206007,0.9998786619731358
1120,4.0,-6.0,10,Hero,0.8972327768802643,0.999992287158966
1121,4.4,-5.6,6,Hero,0.9849570492903391,0.9999999006589254
1122,4.300000000000001,-5.699999999999999,7,Hero,0.6699694948537009,0.9999952486583165
1123,-5.5,4.5,5,Villain,0.9998131275177002,1.0
1124,3.8000000000000007,-6.199999999999999,12,Hero,0.8262366106112798,0.9999682803948721
1125,4.1000000000000005,-5.8999999999999995,9,Hero,0.740083290470971,0.9999979204601712
1126,3.5,-6.5,15,Hero,0.6020249664783478,0.9999802947044373
1127,4.300000000000001,-5.699999999999999,7,Hero,0.7467716996158872,0.9999992677143642
1128,3.9000000000000004,-6.1,11,Hero,0.6155386648394845,0.9999855973503806
1129,2.8,-7.2,22,Hero,0.5620186322114684,0.9999767704443498
1130,4.6000000000000005,-5.3999999999999995,4,Hero,0.9388781189918518,0.9999998509883881
1131,3.8000000000000007,-6.199999999999999,12,Hero,0.6217124772568544,0.9999895393848419
1132,4.2,-5.8,8,Hero,0.9224681407213211,1.0
1133,4.1000000000000005,-5.8999999999999995,9,Hero,0.7346493328611056,0.9999941057629056
1134,4.5,-5.5,5,Hero,0.7086890459060669,0.9999866485595703
1135,3.8000000000000007,-6.199999999999999,12,Hero,0.8546564728021622,0.9999980628490448
1136,3.7,-6.3,13,Hero,0.7425872133328364,0.999991068473229
1137,3.7,-6.3,13,Hero,0.7471118913247035,0.9999153430645282
1138,4.5,-5.5,5,Hero,0.678106564283371,0.9999999761581421
1139,4.5,-5.5,5,Hero,0.983697772026062,0.9999980688095093
1140,4.1000000000000005,-5.8999999999999995,9,Hero,0.7123795917464627,0.9999841451644897
1141,4.300000000000001,-5.699999999999999,7,Hero,0.8919344459261213,0.9999779292515346
1142,3.9000000000000004,-6.1,11,Hero,0.8327673429792578,0.9999999566511675
1143,3.7,-6.3,13,Hero,0.7296836811762589,0.9999815775797918
1144,4.5,-5.5,5,Hero,0.8531702280044555,0.9999998569488525
1145,4.0,-6.0,10,Hero,0.8578370362520218,0.9999892115592957
1146,4.6000000000000005,-5.3999999999999995,4,Hero,0.9494700282812119,0.9999998509883881
1147,4.9,-5.1,1,Hero,0.775498628616333,0.9999997615814209
1148,3.0999999999999996,-6.9,19,Hero,0.6556628444477132,0.9999968189942209
1149,4.5,-5.5,5,Hero,0.5233567178249359,0.9999989748001099
1150,3.9000000000000004,-6.1,11,Hero,0.8260927146131342,0.9999914494427767
1151,4.1000000000000005,-5.8999999999999995,9,Hero,0.7675897710853152,0.9999966886308458
1152,4.7,-5.3,3,Hero,0.9917084376017252,1.0
1153,3.2,-6.8,18,Hero,0.6083868212170072,0.999966088268492
1154,4.300000000000001,-5.699999999999999,7,Hero,0.9245620199612209,0.999999863760812
1155,4.6000000000000005,-5.3999999999999995,4,Hero,0.7347172498703003,0.9999997913837433
1156,3.2,-6.8,18,Hero,0.6024416834115982,0.999160326189465
1157,4.2,-5.8,8,Hero,0.6889570673229173,0.999999925494194
1158,3.4000000000000004,-6.6,16,Hero,0.6713542006909847,0.9997004680335522
1159,3.9000000000000004,-6.1,11,Hero,0.7757672477852214,0.9999960119074042
1160,3.9000000000000004,-6.1,11,Hero,0.738493182442405,0.9997688640247692
1161,4.300000000000001,-5.699999999999999,7,Hero,0.8537836958255086,0.9999993869236538
1162,4.7,-5.3,3,Hero,0.9353829026222229,0.9999998807907104
1163,4.7,-5.3,3,Hero,0.6419527182976404,0.9999998410542806
1164,4.5,-5.5,5,Hero,0.9564613342285156,0.999999713897705
1165,3.6000000000000005,-6.3999999999999995,14,Hero,0.7101458555885724,0.9999278570924487
1166,3.8000000000000007,-6.199999999999999,12,Hero,0.708999698360761,0.9999987880388895
1167,3.8000000000000007,-6.199999999999999,12,Hero,0.6885653423766295,0.9999924004077911
1168,4.1000000000000005,-5.8999999999999995,9,Hero,0.8987656897968717,0.9999990198347304
1169,3.7,-6.3,13,Hero,0.7193359125118989,0.9999919487879827
1170,4.6000000000000005,-5.3999999999999995,4,Hero,0.9756295531988144,0.9999999701976776
1171,4.6000000000000005,-5.3999999999999995,4,Hero,0.6933088600635529,0.9999988675117493
1172,4.1000000000000005,-5.8999999999999995,9,Hero,0.6312870052125719,0.9999998542997572
1173,4.6000000000000005,-5.3999999999999995,4,Hero,0.7391491681337357,0.999998927116394
1174,3.8000000000000007,-6.199999999999999,12,Hero,0.7290138912697633,0.9999840358893076
1175,4.4,-5.6,6,Hero,0.8708802262941996,0.9999958276748657
1176,2.6999999999999997,-7.300000000000001,23,Hero,0.5479234061811281,0.9999879546787428
1177,4.800000000000001,-5.199999999999999,2,Hero,0.7270828783512115,1.0
1178,4.300000000000001,-5.699999999999999,7,Hero,0.6600474332060132,0.9999999148505074
1179,4.0,-6.0,10,Hero,0.6863449469208718,0.9999995589256286
1180,4.1000000000000005,-5.8999999999999995,9,Hero,0.8837374746799469,0.9999968608220419
1181,4.1000000000000005,-5.8999999999999995,9,Hero,0.8856081995699141,0.9999612238672044
1182,4.6000000000000005,-5.3999999999999995,4,Hero,0.9747634828090668,0.9999978542327881
1183,4.300000000000001,-5.699999999999999,7,Hero,0.9838393245424543,0.999995197568621
1184,3.8000000000000007,-6.199999999999999,12,Hero,0.7180840224027634,0.9999610930681229
1185,4.1000000000000005,-5.8999999999999995,9,Hero,0.9871368143293593,0.9999334348572625
1186,4.1000000000000005,-5.8999999999999995,9,Hero,0.9194454749425253,0.9999996821085612
1187,4.6000000000000005,-5.3999999999999995,4,Hero,0.7393348962068558,0.9999967515468597
1188,4.1000000000000005,-5.8999999999999995,9,Hero,0.8923354844252268,0.9999954038196139
1189,4.1000000000000005,-5.8999999999999995,9,Hero,0.6854105707671907,0.9999920394685533
1190,4.0,-6.0,10,Hero,0.8404889434576035,0.9999974250793457
1191,3.8000000000000007,-6.199999999999999,12,Hero,0.7995360965530077,0.9999318619569143
1192,4.0,-6.0,10,Hero,0.7753333580447361,0.9999897480010986
1193,4.0,-6.0,10,Hero,0.8721223175525665,0.9999911785125732
1194,4.7,-5.3,3,Hero,0.732274333635966,0.9999996821085612
1195,4.1000000000000005,-5.8999999999999995,9,Hero,0.9019876884089576,0.9999998675452338
1196,4.2,-5.8,8,Hero,0.7637368366122246,0.9999997019767761
1197,3.8000000000000007,-6.199999999999999,12,Hero,0.6890407105286916,0.9999988178412119
1198,2.6999999999999997,-7.300000000000001,23,Hero,0.5809326249620189,0.999970125115436
1199,3.6000000000000005,-6.3999999999999995,14,Hero,0.7590226467166629,0.9998998769692012
1200,-5.6,4.4,6,Villain,0.8250475715224942,0.9999980330467224
1201,4.2,-5.8,8,Hero,0.682487353682518,0.9999999850988388
1202,-5.8999999999999995,4.1000000000000005,9,Villain,0.7880394011735916,0.9999925560421414
1203,1.5999999999999988,-8.400000000000002,34,Hero,0.7209375119384598,0.9999950563206392
1204,3.9000000000000004,-6.1,11,Hero,0.7723175829107111,0.9999999349767511
1205,3.2,-6.8,18,Hero,0.6623062739769617,0.9999946289592319
1206,3.5,-6.5,15,Hero,0.6945593535900116,0.9999171455701192
1207,3.6000000000000005,-6.3999999999999995,14,Hero,0.7294924195323672,0.9999016949108669
1208,4.5,-5.5,5,Hero,0.9968797445297242,0.999998927116394
1209,4.300000000000001,-5.699999999999999,7,Hero,0.7508796027728489,0.9999972581863403
1210,2.6999999999999997,-7.300000000000001,23,Hero,0.6060504774036615,0.999707711779553
1211,-5.6,4.4,6,Villain,0.9846653044223785,1.0
1212,4.0,-6.0,10,Hero,0.8456957757472991,0.9996537506580353
1213,3.7,-6.3,13,Hero,0.7897169865094699,0.9997565975556006
1214,4.5,-5.5,5,Hero,0.6895904868841172,0.9999996900558472
1215,4.800000000000001,-5.199999999999999,2,Hero,0.6173048913478851,1.0
1216,3.7,-6.3,13,Hero,0.7870077261557946,0.9999975057748648
1217,3.0,-7.0,20,Hero,0.5939398355782032,0.999077108502388
1218,4.2,-5.8,8,Hero,0.8430346623063087,0.9999993741512299
1219,3.6000000000000005,-6.3999999999999995,14,Hero,0.7793028418506894,0.9997580477169582
1220,3.6000000000000005,-6.3999999999999995,14,Hero,0.7523813221071448,0.9999284446239471
1221,3.7,-6.3,13,Hero,0.6998697358828324,0.9999114871025085
1222,4.1000000000000005,-5.8999999999999995,9,Hero,0.7166366477807363,0.9999990860621134
1223,3.7,-6.3,13,Hero,0.7480515029567939,0.9996135234832764
1224,4.7,-5.3,3,Hero,0.7743788361549377,0.9999998013178507
1225,4.1000000000000005,-5.8999999999999995,9,Hero,0.9942766427993774,0.9999644623862373
1226,-5.699999999999999,4.300000000000001,7,Villain,0.6770630649157933,0.9999998807907104
1227,4.300000000000001,-5.699999999999999,7,Hero,0.9900644677025932,0.9999920470373971
1228,3.2,-6.8,18,Hero,0.6712049535579152,0.9998006588882871
1229,4.0,-6.0,10,Hero,0.6997448742389679,0.9999966144561767
1230,3.9000000000000004,-6.1,11,Hero,0.7448192618109963,0.9999988187443126
1231,-5.699999999999999,4.300000000000001,7,Villain,0.9745768649237496,1.0
1232,-5.6,4.4,6,Villain,0.6766342918078104,0.9999991257985433
1233,3.7,-6.3,13,Hero,0.7214564589353708,0.999426740866441
1234,4.300000000000001,-5.699999999999999,7,Hero,0.7095576402332101,0.9999808243342808
1235,-6.1,3.9000000000000004,11,Villain,0.6352944455363534,0.9999689839103005
1236,4.9,-5.1,1,Hero,0.9050392508506775,0.9999982118606567
1237,4.4,-5.6,6,Hero,0.7308325624714295,0.9999991456667582
1238,3.5,-6.5,15,Hero,0.6748286545276642,0.9998917420705159
1239,4.5,-5.5,5,Hero,0.6456450879573822,0.9999989032745361
1240,2.3999999999999995,-7.6000000000000005,26,Hero,0.6282490755502994,0.9997805769626911
1241,4.5,-5.5,5,Hero,0.8586153745651245,0.9999998092651368
1242,3.6000000000000005,-6.3999999999999995,14,Hero,0.8187552030597415,0.9999998382159642
1243,3.8000000000000007,-6.199999999999999,12,Hero,0.6682947054505348,0.9999962945779165
1244,4.9,-5.1,1,Hero,0.804028332233429,0.9999990463256836
1245,3.9000000000000004,-6.1,11,Hero,0.8450769727880304,0.9999969113956798
1246,4.0,-6.0,10,Hero,0.6833809182047844,0.9999959707260132
1247,-6.3,3.7,13,Villain,0.7361704026563809,0.9999992297245905
1248,4.2,-5.8,8,Hero,0.633404053747654,0.9999992549419403
1249,4.6000000000000005,-5.3999999999999995,4,Hero,0.868602991104126,0.9999998211860657
1250,2.9,-7.1,21,Hero,0.6139457286113784,0.9996804481460935
1251,3.7,-6.3,13,Hero,0.765997242469054,0.9994622468948364
1252,4.2,-5.8,8,Hero,0.9630014970898628,0.9999569281935692
1253,4.6000000000000005,-5.3999999999999995,4,Hero,0.9893953800201416,0.9999997019767761
1254,4.2,-5.8,8,Hero,0.7349255364388227,0.9999765455722809
1255,3.7,-6.3,13,Hero,0.7653464147677789,0.9999982943901649
1256,4.2,-5.8,8,Hero,0.768282737582922,0.9999991804361343
1257,4.0,-6.0,10,Hero,0.6903789296746254,0.9999964833259583
1258,3.7,-6.3,13,Hero,0.7213254685585315,0.9994501242270837
1259,3.8000000000000007,-6.199999999999999,12,Hero,0.7838497397800287,0.9999825954437256
1260,3.6000000000000005,-6.3999999999999995,14,Hero,0.7220641076564789,0.9981255105563572
1261,3.5,-6.5,15,Hero,0.7089294930299123,0.9999968528747558
1262,3.6000000000000005,-6.3999999999999995,14,Hero,0.6056359193420836,0.9999992081097194
1263,4.2,-5.8,8,Hero,0.8284363746643066,0.9999998509883881
1264,3.9000000000000004,-6.1,11,Hero,0.7164715826511383,0.9998993223363702
1265,3.9000000000000004,-6.1,11,Hero,0.8481240848248656,0.9997976801612161
1266,4.1000000000000005,-5.8999999999999995,9,Hero,0.7334644860691495,0.9999991257985433
1267,4.1000000000000005,-5.8999999999999995,9,Hero,0.9178189436594645,0.999999483426412
1268,3.6000000000000005,-6.3999999999999995,14,Hero,0.7807744145393372,0.9971892833709717
1269,-5.1,4.9,1,Villain,0.04954104870557785,0.9990620017051697
1270,4.5,-5.5,5,Hero,0.7534571170806885,0.9999990463256836
1271,4.300000000000001,-5.699999999999999,7,Hero,0.6581624703747886,0.9999994550432477
1272,3.6000000000000005,-6.3999999999999995,14,Hero,0.7326243737978595,0.9999096989631653
1273,4.0,-6.0,10,Hero,0.8512868702411651,0.9999998927116394
1274,3.5,-6.5,15,Hero,0.7300446887811025,0.9998898148536682
1275,3.5,-6.5,15,Hero,0.6603056907653808,0.9999523758888245
1276,4.6000000000000005,-5.3999999999999995,4,Hero,0.9592190682888031,1.0
1277,4.6000000000000005,-5.3999999999999995,4,Hero,0.6206808723509312,0.9999942481517792
1278,4.7,-5.3,3,Hero,0.6711233506600062,0.9999977350234985
1279,-5.5,4.5,5,Villain,0.6973159790039063,0.9999943733215332
1280,4.6000000000000005,-5.3999999999999995,4,Hero,0.9858507961034775,0.9999999105930328
1281,4.5,-5.5,5,Hero,0.655846917629242,0.9999998807907104
1282,3.7,-6.3,13,Hero,0.8305118542451125,0.9999995690125686
1283,3.9000000000000004,-6.1,11,Hero,0.7888194078748877,0.9999868327921088
1284,4.0,-6.0,10,Hero,0.7381941705942154,0.999989926815033
1285,4.0,-6.0,10,Hero,0.879833847284317,0.9999821543693542
1286,4.300000000000001,-5.699999999999999,7,Hero,0.6729815282991954,0.9999916212899345
1287,-5.5,4.5,5,Villain,0.9999707698822021,0.9999999523162841
1288,4.2,-5.8,8,Hero,0.7320808947551996,0.9999937266111374
1289,4.4,-5.6,6,Hero,0.8713159064451853,0.9999999602635702
1290,4.300000000000001,-5.699999999999999,7,Hero,0.8317070603370667,0.9999989100864956
1291,3.6000000000000005,-6.3999999999999995,14,Hero,0.6553019306489399,0.9992118052073887
1292,4.0,-6.0,10,Hero,0.8213304251432418,0.9999995827674866
1293,4.2,-5.8,8,Hero,0.8146426193416119,0.9999952465295792
1294,4.5,-5.5,5,Hero,0.7296304881572724,0.9999989032745361
1295,4.300000000000001,-5.699999999999999,7,Hero,0.8131231835910252,0.9999954359872001
1296,-5.6,4.4,6,Villain,0.8722402254740397,1.0
1297,4.2,-5.8,8,Hero,0.9537843093276024,0.9999805837869644
1298,4.6000000000000005,-5.3999999999999995,4,Hero,0.5333773009479046,0.9999993741512299
1299,3.8000000000000007,-6.199999999999999,12,Hero,0.6866087081531683,0.9999855061372122
1300,4.4,-5.6,6,Hero,0.9878190358479818,0.9999969005584717
1301,4.0,-6.0,10,Hero,0.6271562799811363,0.9999993443489075
1302,4.1000000000000005,-5.8999999999999995,9,Hero,0.9523206088278029,0.9999746084213257
1303,4.4,-5.6,6,Hero,0.6400669254362583,0.9999996821085612
1304,3.4000000000000004,-6.6,16,Hero,0.7436878010630608,0.9999966844916344
1305,4.2,-5.8,8,Hero,0.7079620510339737,0.9999997466802597
1306,4.0,-6.0,10,Hero,0.7161731362342835,0.9999936342239379
1307,4.6000000000000005,-5.3999999999999995,4,Hero,0.9621742814779282,0.9999994933605194
1308,4.5,-5.5,5,Hero,0.754693204164505,1.0
1309,3.9000000000000004,-6.1,11,Hero,0.912295168096369,0.9999998157674616
1310,3.6000000000000005,-6.3999999999999995,14,Hero,0.7293105093496186,0.9999981607709613
1311,4.1000000000000005,-5.8999999999999995,9,Hero,0.7178014467159907,0.9999199178483751
1312,3.9000000000000004,-6.1,11,Hero,0.7917657846754248,0.999993389303034
1313,3.4000000000000004,-6.6,16,Hero,0.6624893024563789,0.999988853931427
1314,4.1000000000000005,-5.8999999999999995,9,Hero,0.8451968861950768,0.9999981721242269
1315,-6.5,3.5,15,Villain,0.5928013210495313,0.9999082525571187
1316,4.1000000000000005,-5.8999999999999995,9,Hero,0.8441674444410536,0.999781330426534
1317,4.2,-5.8,8,Hero,0.7662142291665077,0.9999972879886627
1318,3.8000000000000007,-6.199999999999999,12,Hero,0.7295571640133858,0.9999961952368418
1319,4.800000000000001,-5.199999999999999,2,Hero,0.6825626790523529,0.9999995231628418
1320,4.300000000000001,-5.699999999999999,7,Hero,0.756941060934748,0.9999994720731463
1321,3.5,-6.5,15,Hero,0.7499080911278725,0.9999991416931152
1322,4.1000000000000005,-5.8999999999999995,9,Hero,0.7776936690012614,0.9999566872914633
1323,4.0,-6.0,10,Hero,0.8267528772354126,0.9999997735023498
1324,3.0,-7.0,20,Hero,0.6365671686828136,0.9921056777238846
1325,3.9000000000000004,-6.1,11,Hero,0.671996222300963,0.9999952533028342
1326,-5.3999999999999995,4.6000000000000005,4,Villain,0.8403510004281998,0.9998997896909714
1327,4.800000000000001,-5.199999999999999,2,Hero,0.8511897325515747,0.9999998807907104
1328,3.8000000000000007,-6.199999999999999,12,Hero,0.8508368531862894,0.9999996324380239
1329,4.4,-5.6,6,Hero,0.7207924673954645,0.9999991257985433
1330,4.4,-5.6,6,Hero,0.8214263816674551,0.9999999602635702
1331,4.4,-5.6,6,Hero,0.9623923897743225,0.9999997615814209
1332,3.7,-6.3,13,Hero,0.8034298786750207,0.9999942596142108
1333,4.4,-5.6,6,Hero,0.9812513887882233,0.9999999602635702
1334,3.7,-6.3,13,Hero,0.7513521565840795,0.9995870865308322
1335,4.1000000000000005,-5.8999999999999995,9,Hero,0.9747805065578885,0.9999997880723741
1336,4.5,-5.5,5,Hero,0.990999436378479,0.9999986171722413
1337,3.8000000000000007,-6.199999999999999,12,Hero,0.7061844145258268,0.9999791383743286
1338,3.8000000000000007,-6.199999999999999,12,Hero,0.7719182471434275,0.9999141792456309
1339,3.6000000000000005,-6.3999999999999995,14,Hero,0.735992086252996,0.9999675878456661
1340,4.300000000000001,-5.699999999999999,7,Hero,0.7068003352199282,0.9999484930719648
1341,3.8000000000000007,-6.199999999999999,12,Hero,0.7441787260274092,0.999997059504191
1342,3.7,-6.3,13,Hero,0.6670653703980721,0.9999693632125854
1343,4.4,-5.6,6,Hero,0.9187695185343424,0.9999414583047231
1344,4.5,-5.5,5,Hero,0.9311896443367005,0.9999985694885254
1345,4.800000000000001,-5.199999999999999,2,Hero,0.7493355572223663,0.9999982714653015
1346,3.9000000000000004,-6.1,11,Hero,0.8689806356348775,0.9999998916279186
1347,3.9000000000000004,-6.1,11,Hero,0.7358452122319828,0.9999837225133722
1348,4.6000000000000005,-5.3999999999999995,4,Hero,0.5635835900902748,0.9999987483024597
1349,3.9000000000000004,-6.1,11,Hero,0.8060345849530264,0.999999230558222
1350,4.1000000000000005,-5.8999999999999995,9,Hero,0.74035754137569,0.9998975859747993
1351,4.2,-5.8,8,Hero,0.6861270926892757,0.9999801367521286
1352,4.6000000000000005,-5.3999999999999995,4,Hero,0.9798553735017776,0.9999989569187164
1353,4.6000000000000005,-5.3999999999999995,4,Hero,0.9971648752689362,1.0
1354,3.8000000000000007,-6.199999999999999,12,Hero,0.81758484741052,0.9999889036019644
1355,3.7,-6.3,13,Hero,0.7760002888165988,0.9999576898721548
1356,4.1000000000000005,-5.8999999999999995,9,Hero,0.6266590870089002,0.999999894036187
1357,4.5,-5.5,5,Hero,0.7653357326984406,0.9999988794326782
1358,-5.3,4.7,3,Villain,0.8665160139401754,0.9987037579218546
1359,-5.5,4.5,5,Villain,0.9991502165794373,0.9999998092651368
1360,4.7,-5.3,3,Hero,0.9705860813458761,0.9999927679697672
1361,4.1000000000000005,-5.8999999999999995,9,Hero,0.9674454993671842,0.9999750587675307
1362,4.0,-6.0,10,Hero,0.783541040867567,0.9999860525131226
1363,4.2,-5.8,8,Hero,0.7778398394584656,0.9999694228172302
1364,3.5,-6.5,15,Hero,0.6407786207894485,0.998046894868215
1365,4.2,-5.8,8,Hero,0.7933102771639824,0.9999982416629791
1366,4.1000000000000005,-5.8999999999999995,9,Hero,0.7132014864020877,0.9999792840745714
1367,4.7,-5.3,3,Hero,0.5357993145783743,0.9999996821085612
1368,4.7,-5.3,3,Hero,0.7633676528930664,0.9999994436899821
1369,3.9000000000000004,-6.1,11,Hero,0.864780224182389,0.9997011423110962
1370,3.5,-6.5,15,Hero,0.6591438968976339,0.9999937852223714
1371,3.9000000000000004,-6.1,11,Hero,0.7463422444733706,0.9997410882603038
1372,4.6000000000000005,-5.3999999999999995,4,Hero,0.880636990070343,1.0
1373,4.6000000000000005,-5.3999999999999995,4,Hero,0.7871056571602821,0.9999999105930328
1374,3.9000000000000004,-6.1,11,Hero,0.7389756833965128,0.9999925548380072
1375,4.1000000000000005,-5.8999999999999995,9,Hero,0.8517951269944509,0.9999999337726169
1376,4.0,-6.0,10,Hero,0.6686569720506668,0.9999994158744812
1377,4.800000000000001,-5.199999999999999,2,Hero,0.7129558026790619,0.999999463558197
1378,4.2,-5.8,8,Hero,0.7617165334522724,0.999999925494194
1379,4.2,-5.8,8,Hero,0.7363916244357824,0.9999985247850418
1380,3.7,-6.3,13,Hero,0.6396127091004298,0.9999987895672138
1381,4.5,-5.5,5,Hero,0.7473013401031494,0.9999999523162841
1382,4.7,-5.3,3,Hero,0.7607507507006327,0.999997615814209
1383,4.800000000000001,-5.199999999999999,2,Hero,0.7610549032688141,0.9999998211860657
1384,3.0999999999999996,-6.9,19,Hero,0.6327745030192953,0.9999818425429495
1385,4.800000000000001,-5.199999999999999,2,Hero,0.9224882423877716,0.9999995827674866
1386,4.5,-5.5,5,Hero,0.9808291673660279,0.9999866724014282
1387,3.4000000000000004,-6.6,16,Hero,0.6845481256023049,0.9998643659055233
1388,3.3,-6.7,17,Hero,0.6992876425878528,0.9998356489574208
1389,4.7,-5.3,3,Hero,0.9721924265225729,0.9999860922495524
1390,-5.199999999999999,4.800000000000001,2,Villain,0.9999843835830688,0.9999998211860657
1391,4.2,-5.8,8,Hero,0.7078528143465519,0.9999992996454239
1392,4.2,-5.8,8,Hero,0.7512126937508583,0.9999990314245224
1393,4.5,-5.5,5,Hero,0.9773334622383117,0.9999986171722413
1394,4.6000000000000005,-5.3999999999999995,4,Hero,0.7128099203109741,0.9999967515468597
1395,-5.1,4.9,1,Villain,0.9960200190544128,1.0
1396,-5.8999999999999995,4.1000000000000005,9,Villain,0.773519977927208,0.9999984237882826
1397,3.9000000000000004,-6.1,11,Hero,0.8792518675327301,0.9999960552562367
1398,4.4,-5.6,6,Hero,0.7921507308880488,0.9999595880508423
1399,3.9000000000000004,-6.1,11,Hero,0.7234248925339092,0.9999024434523149
1400,3.8000000000000007,-6.199999999999999,12,Hero,0.6072577369244149,0.9999801218509674
1401,4.0,-6.0,10,Hero,0.8002517819404602,0.9999996185302734
1402,4.0,-6.0,10,Hero,0.8480979166924953,0.999989116191864
1403,4.1000000000000005,-5.8999999999999995,9,Hero,0.7897228573759397,0.9999893506368002
1404,3.8000000000000007,-6.199999999999999,12,Hero,0.7675145516792933,0.9998584340016047
1405,4.5,-5.5,5,Hero,0.8114224076271057,0.9999999523162841
1406,3.9000000000000004,-6.1,11,Hero,0.7533270052888177,0.9999998049302534
1407,-5.199999999999999,4.800000000000001,2,Villain,0.35405124723911285,0.4937879517674446
1408,-5.5,4.5,5,Villain,0.9992594361305237,0.9999993562698364
1409,4.7,-5.3,3,Hero,0.9868932565053304,0.9999998807907104
1410,4.5,-5.5,5,Hero,0.716732132434845,0.9999994754791259
1411,4.6000000000000005,-5.3999999999999995,4,Hero,0.8434175550937653,0.9999972581863403
1412,3.8000000000000007,-6.199999999999999,12,Hero,0.7431518783171972,0.9993227670590082
1413,4.9,-5.1,1,Hero,0.9807009696960449,0.999998927116394
1414,3.9000000000000004,-6.1,11,Hero,0.9131210717287931,0.9982509504665028
1415,3.7,-6.3,13,Hero,0.7137574817125614,0.9979226039006159
1416,4.1000000000000005,-5.8999999999999995,9,Hero,0.9418123165766398,0.9997599456045363
1417,3.9000000000000004,-6.1,11,Hero,0.8175599967891519,0.9998960061506792
1418,4.0,-6.0,10,Hero,0.9220217227935791,0.9999814510345459
1419,4.300000000000001,-5.699999999999999,7,Hero,0.7887694452490125,0.9999818290982928
1420,4.2,-5.8,8,Hero,0.6171608380973339,0.9999876469373703
1421,4.5,-5.5,5,Hero,0.7561580538749695,0.9999848127365112
1422,3.2,-6.8,18,Hero,0.6863336058126556,0.9897419313589731
1423,4.4,-5.6,6,Hero,0.8974707225958506,0.9999300539493561
1424,3.9000000000000004,-6.1,11,Hero,0.7019060850143433,0.9997311397032305
1425,4.300000000000001,-5.699999999999999,7,Hero,0.7311552507536752,0.9999912977218628
1426,4.300000000000001,-5.699999999999999,7,Hero,0.8433886000088283,0.999972905431475
1427,-5.5,4.5,5,Villain,0.9999494314193725,0.9999942779541016
1428,4.6000000000000005,-5.3999999999999995,4,Hero,0.9793531596660614,0.9999987781047821
1429,4.300000000000001,-5.699999999999999,7,Hero,0.9035218698637826,0.9999984673091343
1430,4.4,-5.6,6,Hero,0.7475624134143194,0.9999487698078156
1431,4.0,-6.0,10,Hero,0.9524118542671204,0.9999902844429016
1432,3.8000000000000007,-6.199999999999999,12,Hero,0.8220134216050307,0.999838983019193
1433,1.799999999999999,-8.200000000000001,32,Hero,0.5312436250969768,0.902850788552314
1434,3.8000000000000007,-6.199999999999999,12,Hero,0.8450741842389107,0.9998599936564764
1435,4.300000000000001,-5.699999999999999,7,Hero,0.8247445779187339,0.9998961176191058
1436,4.1000000000000005,-5.8999999999999995,9,Hero,0.8000404867861006,0.9997090432378981
1437,3.9000000000000004,-6.1,11,Hero,0.7758283425461162,0.9997359026562084
1438,4.800000000000001,-5.199999999999999,2,Hero,0.9596509635448456,0.9999993443489075
1439,3.6000000000000005,-6.3999999999999995,14,Hero,0.7168142348527908,0.9996668951851981
1440,3.9000000000000004,-6.1,11,Hero,0.7833115539767526,0.9993579550222917
1441,-5.1,4.9,1,Villain,0.9999291896820068,0.9999892711639404
1442,4.6000000000000005,-5.3999999999999995,4,Hero,0.6948312744498253,0.9999953210353851
1443,4.7,-5.3,3,Hero,0.9751907587051392,0.9999957084655762
1444,4.5,-5.5,5,Hero,0.8662142515182495,0.9999886751174927
1445,4.1000000000000005,-5.8999999999999995,9,Hero,0.9460174441337585,0.9999952846103244
1446,3.6000000000000005,-6.3999999999999995,14,Hero,0.78523736340659,0.9974192040307182
1447,4.2,-5.8,8,Hero,0.885967206209898,0.9999373033642769
1448,4.0,-6.0,10,Hero,0.889409652352333,0.9995319306850433
1449,-6.3999999999999995,3.6000000000000005,14,Villain,0.6504511902374881,0.9996679042066846
1450,3.9000000000000004,-6.1,11,Hero,0.8811284059827978,0.9999654184688221
1451,3.2,-6.8,18,Hero,0.6864319294691086,0.9886153803931342
1452,3.5,-6.5,15,Hero,0.7579748789469402,0.9961112936337789
1453,3.4000000000000004,-6.6,16,Hero,0.6691291173920035,0.9301224248483777
1454,3.3,-6.7,17,Hero,0.7064449234920389,0.934432765140253
1455,4.300000000000001,-5.699999999999999,7,Hero,0.9824154036385673,0.9999741315841675
1456,4.7,-5.3,3,Hero,0.5937209179004034,0.9999987681706747
1457,4.0,-6.0,10,Hero,0.875169986486435,0.9999944806098938
1458,3.9000000000000004,-6.1,11,Hero,0.8483514514836398,0.9998755075714805
1459,4.300000000000001,-5.699999999999999,7,Hero,0.7639426503862653,0.9999914169311523
1460,4.1000000000000005,-5.8999999999999995,9,Hero,0.7905851337644789,0.9999202622307671
1461,3.7,-6.3,13,Hero,0.8307864161638113,0.9995713921693655
1462,-6.1,3.9000000000000004,11,Villain,0.7433137351816351,0.9999363855882124
1463,-5.8999999999999995,4.1000000000000005,9,Villain,0.8474595977200402,0.9999637736214532
1464,4.0,-6.0,10,Hero,0.9419959723949433,0.9999992251396179
1465,3.3,-6.7,17,Hero,0.6625597043072476,0.9994091777240529
1466,3.5,-6.5,15,Hero,0.7246564467748006,0.9992545445760092
1467,3.4000000000000004,-6.6,16,Hero,0.6743036350235343,0.9965960010886192
1468,4.5,-5.5,5,Hero,0.5997555136680603,0.9999994754791259
1469,4.0,-6.0,10,Hero,0.8498845972120762,0.999990177154541
1470,4.300000000000001,-5.699999999999999,7,Hero,0.7162519310201917,0.999992983681815
1471,3.9000000000000004,-6.1,11,Hero,0.6909550888971849,0.9995707436041399
1472,4.0,-6.0,10,Hero,0.8696970194578171,0.9998585164546967
1473,3.7,-6.3,13,Hero,0.6991943820164754,0.9999130872579721
1474,4.9,-5.1,1,Hero,0.9664992094039917,0.9999992847442627
1475,4.4,-5.6,6,Hero,0.8337072829405466,0.9999961058298746
1476,3.7,-6.3,13,Hero,0.7984119986112301,0.9986625955655024
1477,3.8000000000000007,-6.199999999999999,12,Hero,0.6965849424401919,0.999852697054545
1478,3.3,-6.7,17,Hero,0.7149887891376719,0.9878235880066367
1479,4.1000000000000005,-5.8999999999999995,9,Hero,0.9347421261999342,0.9999895493189493
1480,-5.199999999999999,4.800000000000001,2,Villain,0.815177321434021,0.9999994039535522
1481,4.4,-5.6,6,Hero,0.6924779663483301,0.9999997218449911
1482,4.300000000000001,-5.699999999999999,7,Hero,0.9987004143851144,0.9999987397875104
1483,3.0,-7.0,20,Hero,0.6863991402089595,0.9452147257514298
1484,3.6000000000000005,-6.3999999999999995,14,Hero,0.7854535579681396,0.9999995912824359
1485,3.2,-6.8,18,Hero,0.6701997634437349,0.985151833958096
1486,3.5,-6.5,15,Hero,0.6426589521269004,0.994254732131958
1487,4.4,-5.6,6,Hero,0.8987510899702708,0.9999978939692179
1488,4.4,-5.6,6,Hero,0.5102662692467371,0.999997595945994
1489,2.8,-7.2,22,Hero,0.5766999619928274,0.9023815677924589
1490,3.4000000000000004,-6.6,16,Hero,0.7356554102152586,0.9999840185046196
1491,4.9,-5.1,1,Hero,0.9933506846427917,0.9999998807907104
1492,4.7,-5.3,3,Hero,0.998187522093455,0.9999998807907104
1493,3.7,-6.3,13,Hero,0.7634839942822089,0.9999973315459031
1494,4.4,-5.6,6,Hero,0.5432235250870386,0.9999991059303284
1495,4.2,-5.8,8,Hero,0.7922087498009205,0.9999888390302658
1496,4.2,-5.8,8,Hero,0.9397053718566895,0.9999945312738419
1497,3.6000000000000005,-6.3999999999999995,14,Hero,0.7945501250880105,0.9995316948209491
1498,3.7,-6.3,13,Hero,0.8080690044623154,0.9996018134630643
1499,3.9000000000000004,-6.1,11,Hero,0.8306087147105824,0.9998765858736905
1500,2.9,-7.1,21,Hero,0.6445065957571691,0.9961166012854803
1501,4.2,-5.8,8,Hero,0.988478384912014,0.9999329969286919
1502,4.4,-5.6,6,Hero,0.9908559620380402,0.9998698929945627
1503,-5.199999999999999,4.800000000000001,2,Villain,0.9999772310256958,0.999998927116394
1504,3.3,-6.7,17,Hero,0.7134092642980463,0.9983203095548293
1505,3.3,-6.7,17,Hero,0.6496113604482483,0.9982045187669641
1506,4.800000000000001,-5.199999999999999,2,Hero,0.7325844466686249,0.9999978542327881
1507,3.6000000000000005,-6.3999999999999995,14,Hero,0.6908717794077737,0.9981250379766736
1508,4.5,-5.5,5,Hero,0.7555041790008545,0.9999935865402222
1509,4.0,-6.0,10,Hero,0.8727900415658951,0.9998089134693146
1510,-5.3,4.7,3,Villain,0.8588310678799947,0.9995842973391215
1511,4.4,-5.6,6,Hero,0.8107491681973139,0.999987781047821
1512,3.7,-6.3,13,Hero,0.7408977446074669,0.9999639529448289
1513,-5.699999999999999,4.300000000000001,7,Villain,0.888447391135352,0.9999981096812657
1514,3.5,-6.5,15,Hero,0.635983672986428,0.9968480706214905
1515,4.5,-5.5,5,Hero,0.6515880644321441,0.9999994754791259
1516,4.4,-5.6,6,Hero,0.65952135125796,0.9999991854031881
1517,4.7,-5.3,3,Hero,0.945055345694224,0.9999971787134806
1518,3.5,-6.5,15,Hero,0.6871658772230148,0.9985313336054484
1519,3.4000000000000004,-6.6,16,Hero,0.6877824077382684,0.9376844560028985
1520,4.1000000000000005,-5.8999999999999995,9,Hero,0.7649648379948404,0.9999085134930081
1521,4.1000000000000005,-5.8999999999999995,9,Hero,0.7223928256167306,0.9999601907200284
1522,3.6000000000000005,-6.3999999999999995,14,Hero,0.8189247591154916,0.9997240645544869
1523,3.2,-6.8,18,Hero,0.6934956742657555,0.9873216218418546
1524,3.3,-6.7,17,Hero,0.6930076462381026,0.9958998841397902
1525,4.800000000000001,-5.199999999999999,2,Hero,0.6876191943883896,0.9999958872795105
1526,4.1000000000000005,-5.8999999999999995,9,Hero,0.8112570842107137,0.9999896155463325
1527,4.1000000000000005,-5.8999999999999995,9,Hero,0.8815658026271396,0.9998061259587606
1528,4.1000000000000005,-5.8999999999999995,9,Hero,0.7972403764724731,0.9999695089128282
1529,3.4000000000000004,-6.6,16,Hero,0.6979616656899452,0.9973200932145119
1530,3.4000000000000004,-6.6,16,Hero,0.678596505895257,0.9981772862374783
1531,4.5,-5.5,5,Hero,0.749180144071579,0.9999962091445923
1532,4.6000000000000005,-5.3999999999999995,4,Hero,0.4790421724319458,0.999999612569809
1533,4.2,-5.8,8,Hero,0.753603033721447,0.9999974966049194
1534,4.2,-5.8,8,Hero,0.7701386138796806,0.9999494031071663
1535,3.7,-6.3,13,Hero,0.6980822579218791,0.9995686274308425
1536,4.2,-5.8,8,Hero,0.7657122723758221,0.9999862164258957
1537,4.5,-5.5,5,Hero,0.7816937953233719,0.9999998331069946
1538,4.800000000000001,-5.199999999999999,2,Hero,0.9889894127845764,0.9999973177909851
1539,-5.8,4.2,8,Villain,0.8516904562711716,0.9999984353780746
1540,3.9000000000000004,-6.1,11,Hero,0.8920671235431324,0.9997023181481794
1541,4.9,-5.1,1,Hero,0.9392772316932678,0.9999990463256836
1542,4.5,-5.5,5,Hero,0.8660918176174164,0.9999956607818603
1543,3.3,-6.7,17,Hero,0.6417447806281202,0.9991246461868286
1544,-5.5,4.5,5,Villain,0.9992191791534424,0.9999998092651368
1545,4.5,-5.5,5,Hero,0.7645695473998785,0.9999993801116943
1546,4.4,-5.6,6,Hero,0.6029069523016611,0.9999982317288717
1547,2.9,-7.1,21,Hero,0.6341191076097035,0.9838625930604481
1548,4.1000000000000005,-5.8999999999999995,9,Hero,0.8863657977845933,0.9999866088231405
1549,3.7,-6.3,13,Hero,0.7037337399446048,0.9998485629375164
1550,3.8000000000000007,-6.199999999999999,12,Hero,0.6625770703540184,0.999994566043218
1551,-5.1,4.9,1,Villain,0.9999865293502808,0.9999535083770752
1552,3.4000000000000004,-6.6,16,Hero,0.6357943257316947,0.9962798543274403
1553,3.2,-6.8,18,Hero,0.6786130302482181,0.9861582385169135
1554,4.0,-6.0,10,Hero,0.7390461795032024,0.9997265577316284
1555,4.800000000000001,-5.199999999999999,2,Hero,0.7516901195049286,0.999998152256012
1556,3.6000000000000005,-6.3999999999999995,14,Hero,0.7472074862037387,0.9950077874319894
1557,4.2,-5.8,8,Hero,0.8881303071975708,0.9997415840625763
1558,4.6000000000000005,-5.3999999999999995,4,Hero,0.6953126527369022,0.9999930262565613
1559,4.300000000000001,-5.699999999999999,7,Hero,0.9947295274053302,0.9999946015221732
1560,3.4000000000000004,-6.6,16,Hero,0.655555640347302,0.9354258342646062
1561,4.800000000000001,-5.199999999999999,2,Hero,0.9935431480407715,0.9999976754188538
1562,3.9000000000000004,-6.1,11,Hero,0.6350415918356951,0.9999576590277932
1563,4.0,-6.0,10,Hero,0.8154718816280365,0.9999741315841675
1564,4.4,-5.6,6,Hero,0.6621857012311617,0.9999985297520956
1565,-5.5,4.5,5,Villain,0.9047270059585572,0.9999977588653565
1566,-6.199999999999999,3.8000000000000007,12,Villain,0.6679333820939064,0.9999974568684896
1567,2.6999999999999997,-7.300000000000001,23,Hero,0.7046918856061023,0.9503946599914975
1568,-5.6,4.4,6,Villain,0.6867401351531347,0.9999974966049194
1569,3.3,-6.7,17,Hero,0.6889363457174862,0.9976599672261406
1570,4.300000000000001,-5.699999999999999,7,Hero,0.8245334497519902,0.9999991655349731
1571,4.1000000000000005,-5.8999999999999995,9,Hero,0.8188300232092539,0.999992847442627
1572,4.6000000000000005,-5.3999999999999995,4,Hero,0.6560182869434357,0.9999999403953552
1573,3.5,-6.5,15,Hero,0.7066787292559942,0.9997545043627422
1574,3.7,-6.3,13,Hero,0.7295730412006378,0.9999531736740699
1575,4.2,-5.8,8,Hero,0.7283020988106728,0.9999948441982269
1576,3.2,-6.8,18,Hero,0.6242361517830027,0.9921717180146111
1577,4.6000000000000005,-5.3999999999999995,4,Hero,0.9976412504911423,0.9999965131282806
1578,-5.8999999999999995,4.1000000000000005,9,Villain,0.7927019794782003,0.9999975230958726
1579,-5.3,4.7,3,Villain,0.7474554777145386,0.9999996821085612
1580,3.8000000000000007,-6.199999999999999,12,Hero,0.8279037276903788,0.999771848320961
1581,-5.3999999999999995,4.6000000000000005,4,Villain,0.9999442100524902,0.9999997615814209
1582,4.0,-6.0,10,Hero,0.8855795785784721,0.999570882320404
1583,4.1000000000000005,-5.8999999999999995,9,Hero,0.7421558764245775,0.9997748600112067
1584,4.6000000000000005,-5.3999999999999995,4,Hero,0.827124834060669,0.9999992251396179
1585,4.300000000000001,-5.699999999999999,7,Hero,0.8030845906053271,0.9999725307737078
1586,3.3,-6.7,17,Hero,0.6708182850304771,0.9902396272210514
1587,3.8000000000000007,-6.199999999999999,12,Hero,0.6897924874598781,0.9999722341696421
1588,3.6000000000000005,-6.3999999999999995,14,Hero,0.6727123547877584,0.9999813267162868
1589,4.2,-5.8,8,Hero,0.8529240898787975,0.9999952167272568
1590,3.9000000000000004,-6.1,11,Hero,0.7294584268873389,0.9994937181472778
1591,4.0,-6.0,10,Hero,0.7632010996341705,0.9995384871959686
1592,4.9,-5.1,1,Hero,0.7234609723091125,0.9999995231628418
1593,3.8000000000000007,-6.199999999999999,12,Hero,0.7500650510191917,0.9999876519044241
1594,4.2,-5.8,8,Hero,0.9245495647192001,0.999960295855999
1595,3.5,-6.5,15,Hero,0.7056557539850473,0.9930536031723023
1596,-5.3,4.7,3,Villain,0.9999969800313314,0.9999991655349731
1597,3.8000000000000007,-6.199999999999999,12,Hero,0.8569494156787792,0.9999764462312063
1598,4.1000000000000005,-5.8999999999999995,9,Hero,0.8746008475621542,0.999999549653795
1599,3.2,-6.8,18,Hero,0.655024780995316,0.9996623065736558
1600,4.0,-6.0,10,Hero,0.7067243289202452,0.9999751806259155
1601,4.5,-5.5,5,Hero,0.8095970630645752,0.9999873399734497
1602,4.4,-5.6,6,Hero,0.9958261251449585,0.9998785058657328
1603,4.7,-5.3,3,Hero,0.9957549373308817,0.9999999205271403
1604,4.1000000000000005,-5.8999999999999995,9,Hero,0.8849766213032935,0.999996542930603
1605,4.7,-5.3,3,Hero,0.9634437163670858,0.9999988476435343
1606,3.4000000000000004,-6.6,16,Hero,0.7823936231434345,0.9983261972665787
1607,3.9000000000000004,-6.1,11,Hero,0.8507716086777773,0.9999703168869019
1608,3.5,-6.5,15,Hero,0.6603239926199118,0.9994016249974569
1609,3.6000000000000005,-6.3999999999999995,14,Hero,0.7146398020642144,0.9991270176001957
1610,2.8,-7.2,22,Hero,0.5608530539003286,0.9991433430801738
1611,4.4,-5.6,6,Hero,0.9154146413008372,0.9999967217445374
1612,3.5,-6.5,15,Hero,0.6838611443837483,0.9999790191650391
1613,4.1000000000000005,-5.8999999999999995,9,Hero,0.731492361260785,0.999931792418162
1614,3.7,-6.3,13,Hero,0.7028357398051482,0.9983408726178683
1615,4.1000000000000005,-5.8999999999999995,9,Hero,0.7340291738510132,0.9999956554836698
1616,4.1000000000000005,-5.8999999999999995,9,Hero,0.6593678279055489,0.9999707010057237
1617,3.8000000000000007,-6.199999999999999,12,Hero,0.8364678993821144,0.9994969715674719
1618,4.4,-5.6,6,Hero,0.7269007613261541,0.9999910791714987
1619,4.0,-6.0,10,Hero,0.7805064946413041,0.9996919155120849
1620,3.8000000000000007,-6.199999999999999,12,Hero,0.7869405845801035,0.9998777111371359
1621,3.6000000000000005,-6.3999999999999995,14,Hero,0.6918978116341999,0.9964489723954882
1622,3.9000000000000004,-6.1,11,Hero,0.7447193942286752,0.999732727354223
1623,4.6000000000000005,-5.3999999999999995,4,Hero,0.4502589516341686,0.9999991357326508
1624,4.300000000000001,-5.699999999999999,7,Hero,0.8022784335272652,0.9999932561601911
1625,4.5,-5.5,5,Hero,0.9957791805267334,0.9999154686927796
1626,-5.199999999999999,4.800000000000001,2,Villain,0.9960379302501678,0.9999937415122986
1627,3.7,-6.3,13,Hero,0.759351909160614,0.9997263459058908
1628,4.4,-5.6,6,Hero,0.7857791284720103,0.9999851584434509
1629,3.3,-6.7,17,Hero,0.6484879180788994,0.9867822703193215
1630,3.9000000000000004,-6.1,11,Hero,0.7292439883405512,0.9999421076341108
1631,3.4000000000000004,-6.6,16,Hero,0.6741835875436664,0.9950168579816818
1632,3.4000000000000004,-6.6,16,Hero,0.7128257788717747,0.9998927004635334
1633,3.5,-6.5,15,Hero,0.7178431153297424,0.9987441380818685
1634,3.6000000000000005,-6.3999999999999995,14,Hero,0.6463172137737274,0.9999206832477024
1635,4.0,-6.0,10,Hero,0.6742287695407867,0.9999996304512024
1636,4.6000000000000005,-5.3999999999999995,4,Hero,0.9887830168008804,0.9999993741512299
1637,3.3,-6.7,17,Hero,0.6935244526933221,0.9788675343289095
1638,3.9000000000000004,-6.1,11,Hero,0.7443624978715723,0.9998425624587319
1639,4.2,-5.8,8,Hero,0.7760868892073631,0.9999823421239853
1640,3.3,-6.7,17,Hero,0.644501185592483,0.997630725888645
1641,4.9,-5.1,1,Hero,0.2895238995552063,0.9999997615814209
1642,3.7,-6.3,13,Hero,0.7651492976225339,0.9948109296651987
1643,4.0,-6.0,10,Hero,0.6805481754243374,0.999926108121872
1644,4.800000000000001,-5.199999999999999,2,Hero,0.6801430135965347,0.9999988079071045
1645,4.7,-5.3,3,Hero,0.6124478479226431,0.9999978542327881
1646,-6.0,4.0,10,Villain,0.844237768650055,0.9999965548515319
1647,4.1000000000000005,-5.8999999999999995,9,Hero,0.6196541297766898,0.9999775224261813
1648,4.1000000000000005,-5.8999999999999995,9,Hero,0.8618839830160141,0.9999927149878608
1649,4.300000000000001,-5.699999999999999,7,Hero,0.8127460053988865,0.9998947381973267
1650,4.6000000000000005,-5.3999999999999995,4,Hero,0.9909573793411255,0.9999990165233612
1651,3.0,-7.0,20,Hero,0.6676121622323989,0.9991172254085541
1652,4.300000000000001,-5.699999999999999,7,Hero,0.8343299627304077,0.9999829190117973
1653,4.2,-5.8,8,Hero,0.9483920335769653,0.999996542930603
1654,4.6000000000000005,-5.3999999999999995,4,Hero,0.7275344133377075,0.9999884963035583
1655,4.300000000000001,-5.699999999999999,7,Hero,0.9273273604256767,0.9999805688858032
1656,3.8000000000000007,-6.199999999999999,12,Hero,0.710869034131368,0.9987863898277283
1657,3.6000000000000005,-6.3999999999999995,14,Hero,0.6941010217581477,0.998429421867643
1658,3.5,-6.5,15,Hero,0.6443782225251198,0.9968144536018372
1659,4.6000000000000005,-5.3999999999999995,4,Hero,0.7512642219662666,0.9999954700469971
1660,3.8000000000000007,-6.199999999999999,12,Hero,0.8282695511976877,0.9999116013447443
1661,3.4000000000000004,-6.6,16,Hero,0.7481576446443796,0.9996236301958561
1662,4.1000000000000005,-5.8999999999999995,9,Hero,0.6849458730883069,0.9999930063883463
1663,4.5,-5.5,5,Hero,0.7865724295377732,0.9999886751174927
1664,4.2,-5.8,8,Hero,0.7250756993889809,0.9999951273202896
1665,3.7,-6.3,13,Hero,0.8262436733796046,0.9954493275055518
1666,4.4,-5.6,6,Hero,0.8314458957562844,0.9999982714653015
1667,3.9000000000000004,-6.1,11,Hero,0.7350768819451332,0.9998416575518522
1668,4.4,-5.6,6,Hero,0.7888977924982706,0.999995231628418
1669,4.0,-6.0,10,Hero,0.7406162053346634,0.999888402223587
1670,3.9000000000000004,-6.1,11,Hero,0.8622565973888744,0.9999483932148326
1671,3.6000000000000005,-6.3999999999999995,14,Hero,0.7159161259021077,0.9990733478750501
1672,4.5,-5.5,5,Hero,0.8360111296176911,0.999998950958252
1673,4.0,-6.0,10,Hero,0.7360909432172775,0.9999597191810607
1674,3.7,-6.3,13,Hero,0.7979981968036065,0.999706126176394
1675,4.1000000000000005,-5.8999999999999995,9,Hero,0.9984063042534722,0.9996927910380893
1676,3.8000000000000007,-6.199999999999999,12,Hero,0.7740620573361715,0.9999866286913554
1677,4.2,-5.8,8,Hero,0.852623138576746,0.9999966025352478
1678,4.0,-6.0,10,Hero,0.8726601362228393,0.9997222244739532
1679,3.5,-6.5,15,Hero,0.7210580945014954,0.9325236295815558
1680,4.0,-6.0,10,Hero,0.7231924265623093,0.9994999587535858
1681,-5.5,4.5,5,Villain,0.8910887956619262,0.9998871088027954
1682,4.300000000000001,-5.699999999999999,7,Hero,0.7321259847709111,0.9999846730913434
1683,4.0,-6.0,10,Hero,0.859540444612503,0.9999830007553101
1684,4.0,-6.0,10,Hero,0.8875109732151032,0.9995058536529541
1685,4.300000000000001,-5.699999999999999,7,Hero,0.6908747894423348,0.9999673707144601
1686,3.9000000000000004,-6.1,11,Hero,0.7844617962837219,0.9999631318179044
1687,4.0,-6.0,10,Hero,0.89389368891716,0.9998228907585144
1688,3.3,-6.7,17,Hero,0.7208851593382218,0.9275641011841157
1689,-5.8999999999999995,4.1000000000000005,9,Villain,0.9605786005655924,0.9998828834957547
1690,4.4,-5.6,6,Hero,0.8919411997000376,0.9999923904736837
1691,4.6000000000000005,-5.3999999999999995,4,Hero,0.9477073401212692,0.9999977350234985
1692,4.1000000000000005,-5.8999999999999995,9,Hero,0.901784188217587,0.9999865823321872
1693,3.5,-6.5,15,Hero,0.7153231024742126,0.9999189496040344
1694,4.300000000000001,-5.699999999999999,7,Hero,0.8507645066295352,0.9999445932252067
1695,4.4,-5.6,6,Hero,0.9814440608024597,0.9999945362408956
1696,4.4,-5.6,6,Hero,0.8277261952559153,0.9999723434448242
1697,2.4999999999999996,-7.5,25,Hero,0.597985405921936,0.9977039003372192
1698,3.9000000000000004,-6.1,11,Hero,0.7936178134246306,0.9998004328120839
1699,3.7,-6.3,13,Hero,0.8191743607704456,0.9994046275432293
1700,3.4000000000000004,-6.6,16,Hero,0.7348815072327852,0.9957817420363426
1701,4.9,-5.1,1,Hero,0.7378411293029785,0.9999966621398926
1702,4.5,-5.5,5,Hero,0.8841960430145264,0.9999966859817505
1703,4.0,-6.0,10,Hero,0.9486266255378724,0.9999942183494568
1704,-5.199999999999999,4.800000000000001,2,Villain,0.9995059669017792,0.9999685287475586
1705,3.5,-6.5,15,Hero,0.7488249997297923,0.9982032418251038
1706,4.9,-5.1,1,Hero,0.9607599973678589,0.9999991655349731
1707,4.6000000000000005,-5.3999999999999995,4,Hero,0.8279110044240952,0.9999855160713196
1708,4.4,-5.6,6,Hero,0.917676309744517,0.9999951918919882
1709,4.5,-5.5,5,Hero,0.9930630564689636,0.9999987840652466
1710,4.1000000000000005,-5.8999999999999995,9,Hero,0.7228357295195261,0.9999992979897393
1711,4.4,-5.6,6,Hero,0.894712915023168,0.9998595317204794
1712,3.3,-6.7,17,Hero,0.6676703446051654,0.9991619201267466
1713,3.9000000000000004,-6.1,11,Hero,0.8803177828138525,0.998496797951785
1714,4.300000000000001,-5.699999999999999,7,Hero,0.7369689175060817,0.9998776827539716
1715,4.6000000000000005,-5.3999999999999995,4,Hero,0.8138907700777054,0.9999996423721313
1716,3.8000000000000007,-6.199999999999999,12,Hero,0.8769167761007944,0.9998914500077566
1717,3.8000000000000007,-6.199999999999999,12,Hero,0.8315495053927103,0.9999668697516123
1718,4.4,-5.6,6,Hero,0.8962705135345459,0.9999917348225912
1719,3.8000000000000007,-6.199999999999999,12,Hero,0.8055805539091428,0.9999457250038782
1720,4.800000000000001,-5.199999999999999,2,Hero,0.9755489826202393,0.9999986886978149
1721,3.3,-6.7,17,Hero,0.6318100774112869,0.9914723845089183
1722,3.9000000000000004,-6.1,11,Hero,0.8373838473450054,0.9998948248949918
1723,3.6000000000000005,-6.3999999999999995,14,Hero,0.7137475588491985,0.9968445173331669
1724,3.9000000000000004,-6.1,11,Hero,0.6912783567201007,0.9994517456401478
1725,4.9,-5.1,1,Hero,0.9863308668136597,0.999996542930603
1726,3.9000000000000004,-6.1,11,Hero,0.8185356963764537,0.9985583262010054
1727,3.9000000000000004,-6.1,11,Hero,0.8028190325606953,0.9999954700469971
1728,4.4,-5.6,6,Hero,0.9970400730768839,0.9999492069085439
1729,4.1000000000000005,-5.8999999999999995,9,Hero,0.7636677225430807,0.9999464154243469
1730,-5.1,4.9,1,Villain,0.9923813939094543,0.9998838901519775
1731,3.3,-6.7,17,Hero,0.6723766870358411,0.9394674098995679
1732,3.8000000000000007,-6.199999999999999,12,Hero,0.77230587353309,0.9973697811365128
1733,4.7,-5.3,3,Hero,0.7957435150941213,0.9999977350234985
1734,3.6000000000000005,-6.3999999999999995,14,Hero,0.7497088259884289,0.9953978019101279
1735,4.1000000000000005,-5.8999999999999995,9,Hero,0.9866516921255324,0.9999969005584717
1736,-5.8,4.2,8,Villain,0.9146663211286068,0.9999631196260452
1737,3.6000000000000005,-6.3999999999999995,14,Hero,0.6648968756198883,0.9996350194726672
1738,-6.3999999999999995,3.6000000000000005,14,Villain,0.6939302086830139,0.9986322394439152
1739,4.0,-6.0,10,Hero,0.8150819778442383,0.9996235787868499
1740,3.9000000000000004,-6.1,11,Hero,0.8662663454359228,0.9999758980490945
1741,-5.8,4.2,8,Villain,0.8590764440596104,0.9996718168258667
1742,4.5,-5.5,5,Hero,0.5921130441129208,0.9999943256378174
1743,4.0,-6.0,10,Hero,0.711908558756113,0.9998466908931732
1744,4.1000000000000005,-5.8999999999999995,9,Hero,0.8550029463238187,0.9999832842085097
1745,-5.5,4.5,5,Villain,0.5680638879537583,0.999926221370697
1746,4.9,-5.1,1,Hero,0.5627631545066833,0.9999896287918091
1747,4.1000000000000005,-5.8999999999999995,9,Hero,0.7299563487370809,0.9999035994211832
1748,3.9000000000000004,-6.1,11,Hero,0.7762953368100253,0.9999947222796354
1749,4.0,-6.0,10,Hero,0.8358207911252975,0.9994383335113526
1750,4.300000000000001,-5.699999999999999,7,Hero,0.7899487614631653,0.9999918426786151
1751,4.6000000000000005,-5.3999999999999995,4,Hero,0.8657390624284744,0.9999336451292038
1752,4.1000000000000005,-5.8999999999999995,9,Hero,0.8124187952942319,0.9997197455830045
1753,4.4,-5.6,6,Hero,0.7482548455397288,0.9999859929084778
1754,4.800000000000001,-5.199999999999999,2,Hero,0.796531468629837,0.9999964237213135
1755,3.9000000000000004,-6.1,11,Hero,0.8756116195158525,0.9984602223743092
1756,3.8000000000000007,-6.199999999999999,12,Hero,0.8126950529403985,0.9975692530473074
1757,4.7,-5.3,3,Hero,0.8003722031911215,0.9999906222025553
1758,4.5,-5.5,5,Hero,0.7117849290370941,0.9999823093414306
1759,3.9000000000000004,-6.1,11,Hero,0.8202474076639522,0.9967598589983854
1760,4.5,-5.5,5,Hero,0.7622085511684418,0.9999824047088623
1761,4.6000000000000005,-5.3999999999999995,4,Hero,0.7604480907320976,0.9999881982803345
1762,4.0,-6.0,10,Hero,0.7914015352725983,0.999989366531372
1763,4.300000000000001,-5.699999999999999,7,Hero,0.9941917657852173,0.9998318893568856
1764,4.0,-6.0,10,Hero,0.877188503742218,0.9999738931655884
1765,3.2,-6.8,18,Hero,0.6618043838275803,0.9961965812577142
1766,3.9000000000000004,-6.1,11,Hero,0.8005349202589556,0.9999744458632036
1767,3.7,-6.3,13,Hero,0.7412332949730066,0.999831117116488
1768,3.0999999999999996,-6.9,19,Hero,0.6312330984755566,0.9461409405216967
1769,4.7,-5.3,3,Hero,0.8542726238568624,0.9999974171320597
1770,4.7,-5.3,3,Hero,0.6692013802627722,0.9999954303105673
1771,4.5,-5.5,5,Hero,0.8867217779159546,0.9999626636505127
1772,3.9000000000000004,-6.1,11,Hero,0.881950088522651,0.9970681667327881
1773,4.0,-6.0,10,Hero,0.8926965773105622,0.9992484092712403
1774,3.9000000000000004,-6.1,11,Hero,0.8616737398234281,0.999950809912248
1775,4.0,-6.0,10,Hero,0.8287376403808594,0.9996130168437958
1776,3.7,-6.3,13,Hero,0.7192839670639771,0.9967360129723182
1777,4.1000000000000005,-5.8999999999999995,9,Hero,0.909203612142139,0.9999842378828261
1778,4.4,-5.6,6,Hero,0.9973095059394836,0.9999956687291464
1779,3.7,-6.3,13,Hero,0.7321734588879806,0.9974156526418833
1780,4.4,-5.6,6,Hero,0.9658511281013489,0.9999104042847952
1781,4.0,-6.0,10,Hero,0.9204233348369598,0.9996616244316101
1782,4.300000000000001,-5.699999999999999,7,Hero,0.8725252832685199,0.9999608823231289
1783,-6.1,3.9000000000000004,11,Villain,0.7270378605885939,0.999882925640453
1784,3.9000000000000004,-6.1,11,Hero,0.7450453300367702,0.9984107125889171
1785,3.4000000000000004,-6.6,16,Hero,0.624385304749012,0.9992516040802002
1786,4.300000000000001,-5.699999999999999,7,Hero,0.9406903386116028,0.9999879939215524
1787,4.7,-5.3,3,Hero,0.9402197202046713,0.9999790589014689
1788,4.2,-5.8,8,Hero,0.8182336986064911,0.9999853521585464
1789,4.2,-5.8,8,Hero,0.7007070854306221,0.9998063445091248
1790,4.4,-5.6,6,Hero,0.8012010355790457,0.9999294380346934
1791,3.7,-6.3,13,Hero,0.7583958002237173,0.9995850232931284
1792,4.6000000000000005,-5.3999999999999995,4,Hero,0.8257613703608513,0.999904528260231
1793,4.1000000000000005,-5.8999999999999995,9,Hero,0.940201977888743,0.9999932712978787
1794,3.6000000000000005,-6.3999999999999995,14,Hero,0.726529557790075,0.9975068058286395
1795,4.2,-5.8,8,Hero,0.9226224794983864,0.9996863827109337
1796,4.2,-5.8,8,Hero,0.9922334030270576,0.9997073113918304
1797,4.2,-5.8,8,Hero,0.8511803522706032,0.9999681264162064
1798,4.0,-6.0,10,Hero,0.8262652099132538,0.9998687744140625
1799,4.1000000000000005,-5.8999999999999995,9,Hero,0.7628142709533373,0.9993411898612976
1800,4.0,-6.0,10,Hero,0.8101162716746331,0.9999518275260926
1801,4.5,-5.5,5,Hero,0.9933262944221497,0.9999104142189026
1802,4.0,-6.0,10,Hero,0.9452804207801819,0.9992706835269928
1803,4.2,-5.8,8,Hero,0.801067940890789,0.9997740462422371
1804,4.1000000000000005,-5.8999999999999995,9,Hero,0.9522443215052286,0.9993845290607877
1805,4.0,-6.0,10,Hero,0.8728240996599197,0.9999206304550171
1806,3.3,-6.7,17,Hero,0.6623663832159603,0.98297500259736
1807,3.6000000000000005,-6.3999999999999995,14,Hero,0.8168488400323051,0.9981250975813184
1808,-6.1,3.9000000000000004,11,Villain,0.7916364561427723,0.9991449334404685
1809,4.6000000000000005,-5.3999999999999995,4,Hero,0.9848451167345047,0.9999256879091263
1810,4.800000000000001,-5.199999999999999,2,Hero,0.9970550239086151,0.9999988675117493
1811,4.5,-5.5,5,Hero,0.8331132411956788,0.9999799489974975
1812,3.2,-6.8,18,Hero,0.7097255976663696,0.999488052394655
1813,3.3,-6.7,17,Hero,0.7072317258400076,0.9999282570446238
1814,4.0,-6.0,10,Hero,0.6505992732942104,0.9998090267181396
1815,4.300000000000001,-5.699999999999999,7,Hero,0.8327355214527675,0.9999781336103167
1816,3.7,-6.3,13,Hero,0.7618418026428956,0.9983316476528461
1817,3.6000000000000005,-6.3999999999999995,14,Hero,0.7102541561637606,0.9948960372379848
1818,4.4,-5.6,6,Hero,0.9736862579981486,0.9999489386876425
1819,3.5,-6.5,15,Hero,0.6498706003030141,0.9989567677179972
1820,4.2,-5.8,8,Hero,0.8079942725598812,0.9999287351965904
1821,4.5,-5.5,5,Hero,0.9147498607635498,0.9999940633773804
1822,4.300000000000001,-5.699999999999999,7,Hero,0.7771398339952741,0.9999851499285016
1823,3.9000000000000004,-6.1,11,Hero,0.8095999685200778,0.9997219660065391
1824,3.6000000000000005,-6.3999999999999995,14,Hero,0.8272777795791626,0.9989408595221383
1825,4.2,-5.8,8,Hero,0.7689546421170235,0.9999897927045822
1826,3.4000000000000004,-6.6,16,Hero,0.6375620258040726,0.9983718320727348
1827,3.7,-6.3,13,Hero,0.8550831377506256,0.9996731464679425
1828,3.6000000000000005,-6.3999999999999995,14,Hero,0.7635318615606853,0.9946625999041966
1829,4.4,-5.6,6,Hero,0.9944323201974233,0.9998537997404734
1830,3.9000000000000004,-6.1,11,Hero,0.6951020928946409,0.9991808371110396
1831,4.0,-6.0,10,Hero,0.9284722030162811,0.9999723076820374
1832,4.0,-6.0,10,Hero,0.9426162362098693,0.9993127226829529
1833,4.1000000000000005,-5.8999999999999995,9,Hero,0.8579097390174866,0.999955415725708
1834,3.8000000000000007,-6.199999999999999,12,Hero,0.8157792240381241,0.9998984535535177
1835,3.7,-6.3,13,Hero,0.7880251384698428,0.9993363297902621
1836,3.8000000000000007,-6.199999999999999,12,Hero,0.7147090795139471,0.9997125416994095
1837,4.6000000000000005,-5.3999999999999995,4,Hero,0.8460288792848587,0.9999947547912598
1838,3.7,-6.3,13,Hero,0.7411673945876268,0.996087161394266
1839,4.4,-5.6,6,Hero,0.9889062543710073,0.9999028444290161
1840,4.1000000000000005,-5.8999999999999995,9,Hero,0.8491317298677232,0.9993871317969428
1841,3.6000000000000005,-6.3999999999999995,14,Hero,0.7640369279044015,0.9991275199822017
1842,3.8000000000000007,-6.199999999999999,12,Hero,0.8676708439985911,0.9979860782623291
1843,3.6000000000000005,-6.3999999999999995,14,Hero,0.7344841989023345,0.9934528129441398
1844,4.300000000000001,-5.699999999999999,7,Hero,0.795810899564198,0.9999270609446934
1845,4.2,-5.8,8,Hero,0.8735930463299155,0.9999185502529144
1846,3.4000000000000004,-6.6,16,Hero,0.6735623767599463,0.9972816109657288
1847,4.9,-5.1,1,Hero,0.6466639041900635,0.999998927116394
1848,4.7,-5.3,3,Hero,0.8317866126696268,0.9999954303105673
1849,4.5,-5.5,5,Hero,0.9855750918388366,0.9999947786331177
1850,3.5,-6.5,15,Hero,0.7227201148867607,0.9852347215016682
1851,4.9,-5.1,1,Hero,0.9663767218589783,0.9999852180480957
1852,4.6000000000000005,-5.3999999999999995,4,Hero,0.8407879322767258,0.9999832510948181
1853,4.5,-5.5,5,Hero,0.9891164898872375,0.9999953269958496
1854,4.1000000000000005,-5.8999999999999995,9,Hero,0.7473424507511987,0.999987800916036
1855,4.2,-5.8,8,Hero,0.7522785728797317,0.9996337071061134
1856,3.8000000000000007,-6.199999999999999,12,Hero,0.815365843474865,0.9990562548240026
1857,3.7,-6.3,13,Hero,0.8109465333131644,0.9984880502407367
1858,4.2,-5.8,8,Hero,0.9945303648710251,0.9999975860118866
1859,3.7,-6.3,13,Hero,0.7298101244064478,0.9213456967129157
1860,-5.1,4.9,1,Villain,0.9999659061431885,0.9998160004615784
1861,3.9000000000000004,-6.1,11,Hero,0.7959886572577737,0.9969266707246954
1862,3.9000000000000004,-6.1,11,Hero,0.7766332545063712,0.9990818392146718
1863,4.0,-6.0,10,Hero,0.8701021328568459,0.9944709777832031
1864,4.6000000000000005,-5.3999999999999995,4,Hero,0.7787483856081963,0.9999087899923325
1865,4.300000000000001,-5.699999999999999,7,Hero,0.8592096652303424,0.9999620744160244
1866,4.800000000000001,-5.199999999999999,2,Hero,0.9165893495082855,0.9999932646751404
1867,3.8000000000000007,-6.199999999999999,12,Hero,0.7706209365278482,0.9921887467304865
1868,3.7,-6.3,13,Hero,0.8078944203085624,0.9748278260231018
1869,4.4,-5.6,6,Hero,0.8333557546138763,0.9995970129966736
1870,3.8000000000000007,-6.199999999999999,12,Hero,0.7517940402030945,0.9945491453011831
1871,4.0,-6.0,10,Hero,0.7744552228599787,0.999353003501892
1872,-5.5,4.5,5,Villain,0.8776171565055847,0.9979849457740784
1873,-5.1,4.9,1,Villain,0.9997473359107971,0.9989830851554871
1874,-5.3999999999999995,4.6000000000000005,4,Villain,0.9865172356367111,0.9999828040599823
1875,4.4,-5.6,6,Hero,0.8173964878854653,0.9999812245368958
1876,3.2,-6.8,18,Hero,0.6960060165988075,0.9730993409951528
1877,3.0999999999999996,-6.9,19,Hero,0.6224343651219418,0.9324322052692112
1878,4.2,-5.8,8,Hero,0.6470766607671976,0.9999464750289917
1879,4.300000000000001,-5.699999999999999,7,Hero,0.9393296241760254,0.9987065877233233
1880,4.4,-5.6,6,Hero,0.7527670189738274,0.9998704592386881
1881,4.9,-5.1,1,Hero,0.8703892827033997,0.9999986886978149
1882,4.6000000000000005,-5.3999999999999995,4,Hero,0.6436921693384647,0.999969869852066
1883,3.5,-6.5,15,Hero,0.7303708732128144,0.9985712011655171
1884,4.300000000000001,-5.699999999999999,7,Hero,0.8098442469324384,0.9998070682798114
1885,4.2,-5.8,8,Hero,0.8199663367122412,0.9991762265563011
1886,-5.1,4.9,1,Villain,0.9999982118606567,0.999845027923584
1887,3.9000000000000004,-6.1,11,Hero,0.8934213085608049,0.999845412644473
1888,3.7,-6.3,13,Hero,0.779207204396908,0.9219886497236215
1889,3.6000000000000005,-6.3999999999999995,14,Hero,0.7722581050225666,0.9987350106239319
1890,4.1000000000000005,-5.8999999999999995,9,Hero,0.9897034035788642,0.99999115202162
1891,3.9000000000000004,-6.1,11,Hero,0.7832771810618314,0.9992813522165472
1892,3.6000000000000005,-6.3999999999999995,14,Hero,0.7161477676459721,0.9976074695587158
1893,3.7,-6.3,13,Hero,0.7940297212738258,0.9991313815116882
1894,3.3,-6.7,17,Hero,0.6536937605808762,0.9859028949457056
1895,3.5,-6.5,15,Hero,0.7834342320760092,0.9908069133758545
1896,4.2,-5.8,8,Hero,0.8514732122421265,0.9999593645334244
1897,4.300000000000001,-5.699999999999999,7,Hero,0.7964217577661786,0.9999111465045384
1898,4.6000000000000005,-5.3999999999999995,4,Hero,0.7085125744342804,0.9999825656414032
1899,4.300000000000001,-5.699999999999999,7,Hero,0.9955704808235168,0.9999900885990688
1900,4.4,-5.6,6,Hero,0.8327569464842478,0.9999571442604065
1901,-5.3,4.7,3,Villain,0.9983000755310059,0.9999859730402628
1902,4.1000000000000005,-5.8999999999999995,9,Hero,0.8170287989907794,0.9999024139510261
1903,4.1000000000000005,-5.8999999999999995,9,Hero,0.7534141937891642,0.9996117022302415
1904,3.5,-6.5,15,Hero,0.6867816050847372,0.9857492884000142
1905,-5.1,4.9,1,Villain,0.9946019649505615,0.9991520643234253
1906,4.800000000000001,-5.199999999999999,2,Hero,0.9954767227172852,0.9999766945838928
1907,4.1000000000000005,-5.8999999999999995,9,Hero,0.9540509912702773,0.9999420642852783
1908,4.4,-5.6,6,Hero,0.9967706501483917,0.9999967018763224
1909,4.4,-5.6,6,Hero,0.830319918692112,0.9999023278554281
1910,4.800000000000001,-5.199999999999999,2,Hero,0.8626908659934998,0.9999847412109375
1911,3.9000000000000004,-6.1,11,Hero,0.892875453287905,0.9999828772111372
1912,3.5,-6.5,15,Hero,0.7169415056705475,0.98752494653066
1913,-5.6,4.4,6,Villain,0.771279995640119,0.9999856750170389
1914,4.2,-5.8,8,Hero,0.9262165203690529,0.9999584853649139
1915,4.0,-6.0,10,Hero,0.8112865865230561,0.9999014675617218
1916,4.2,-5.8,8,Hero,0.937860019505024,0.9996261149644852
1917,4.0,-6.0,10,Hero,0.8345589429140091,0.9998051166534424
1918,4.9,-5.1,1,Hero,0.6328821182250977,0.9999947547912598
1919,4.300000000000001,-5.699999999999999,7,Hero,0.8324483718190875,0.999871918133327
1920,3.8000000000000007,-6.199999999999999,12,Hero,0.7316583717862765,0.915637283527758
1921,3.7,-6.3,13,Hero,0.8063813619888746,0.9995531302232009
1922,4.300000000000001,-5.699999999999999,7,Hero,0.7434541540486472,0.999952895300729
1923,3.6000000000000005,-6.3999999999999995,14,Hero,0.712955929338932,0.9903945922851562
1924,-5.3999999999999995,4.6000000000000005,4,Villain,0.9990660697221756,0.9999980032444
1925,3.7,-6.3,13,Hero,0.6320606056027688,0.9979201096754807
1926,3.8000000000000007,-6.199999999999999,12,Hero,0.7095803717772166,0.99983911216259
1927,4.0,-6.0,10,Hero,0.7210477113723754,0.9996363580226898
1928,4.4,-5.6,6,Hero,0.7809848090012869,0.9999663233757019
1929,4.5,-5.5,5,Hero,0.7164951145648957,0.9999977350234985
1930,3.5,-6.5,15,Hero,0.7302575469017029,0.9936748107274374
1931,-6.8,3.2,18,Villain,0.6354645796948009,0.9963044027487437
1932,4.4,-5.6,6,Hero,0.8833657105763754,0.9999733765920004
1933,4.4,-5.6,6,Hero,0.8461853464444479,0.999998410542806
1934,4.300000000000001,-5.699999999999999,7,Hero,0.740580712045942,0.9999219349452427
1935,-5.1,4.9,1,Villain,0.9796760082244873,0.0031553127337247133
1936,4.300000000000001,-5.699999999999999,7,Hero,0.7890240039144244,0.9998563868658883
1937,3.3,-6.7,17,Hero,0.6401086666566485,0.9817843928056604
1938,4.300000000000001,-5.699999999999999,7,Hero,0.7431644329002925,0.9971199631690979
1939,4.1000000000000005,-5.8999999999999995,9,Hero,0.8861871295505099,0.8740299593450295
1940,3.7,-6.3,13,Hero,0.7261095482569474,0.9876403395946209
1941,3.2,-6.8,18,Hero,0.6837236964040332,0.848929782708486
1942,4.1000000000000005,-5.8999999999999995,9,Hero,0.869362923834059,0.9911129805776808
1943,4.300000000000001,-5.699999999999999,7,Hero,0.7697676154119628,0.9945939098085675
1944,3.8000000000000007,-6.199999999999999,12,Hero,0.778204508125782,0.9798851311206818
1945,4.6000000000000005,-5.3999999999999995,4,Hero,0.7802208438515663,0.9924833476543427
1946,4.0,-6.0,10,Hero,0.8889076828956604,0.9919122993946076
1947,4.4,-5.6,6,Hero,0.7219317244986693,0.9954419434070587
1948,3.5,-6.5,15,Hero,0.7282593667507171,0.9449618617693584
1949,3.8000000000000007,-6.199999999999999,12,Hero,0.765573300421238,0.8917976797868808
1950,4.1000000000000005,-5.8999999999999995,9,Hero,0.9351845913463168,0.9791583286391364
1951,4.7,-5.3,3,Hero,0.9864949782689413,0.996746559937795
1952,3.2,-6.8,18,Hero,0.6597332114146816,0.8557627085182402
1953,4.1000000000000005,-5.8999999999999995,9,Hero,0.7319522168901231,0.9894812438223097
1954,4.9,-5.1,1,Hero,0.4236529767513275,0.9980113506317139
1955,4.1000000000000005,-5.8999999999999995,9,Hero,0.9267518156104617,0.9876580834388733
1956,3.6000000000000005,-6.3999999999999995,14,Hero,0.7603842584150178,0.8322555497288704
1957,3.8000000000000007,-6.199999999999999,12,Hero,0.7678451935450236,0.961276521285375
1958,4.1000000000000005,-5.8999999999999995,9,Hero,0.9112838904062907,0.987053308222029
1959,4.1000000000000005,-5.8999999999999995,9,Hero,0.9525037407875061,0.9913543860117594
1960,4.5,-5.5,5,Hero,0.8861630320549011,0.9953885555267334
1961,-5.5,4.5,5,Villain,0.7076289236545563,0.9934898853302002
1962,4.2,-5.8,8,Hero,0.8154415227472782,0.9943144619464874
1963,4.2,-5.8,8,Hero,0.7192160487174988,0.9924636408686638
1964,4.0,-6.0,10,Hero,0.7327188547700644,0.9891276895999909
1965,4.1000000000000005,-5.8999999999999995,9,Hero,0.7087755269474454,0.9938820666737027
1966,3.5,-6.5,15,Hero,0.7655763834714889,0.9586850881576539
1967,3.3,-6.7,17,Hero,0.7291002808248296,0.8910963997683105
1968,3.4000000000000004,-6.6,16,Hero,0.6772393807768822,0.979148130863905
1969,3.6000000000000005,-6.3999999999999995,14,Hero,0.6506221879805837,0.9865180041108813
1970,3.4000000000000004,-6.6,16,Hero,0.7166442759335041,0.9309446737170219
1971,3.8000000000000007,-6.199999999999999,12,Hero,0.736299825211366,0.9789893279472986
1972,4.1000000000000005,-5.8999999999999995,9,Hero,0.9719138873947991,0.9967630902926127
1973,-5.1,4.9,1,Villain,0.9998754262924194,0.9887446165084839
1974,4.1000000000000005,-5.8999999999999995,9,Hero,0.7260619716511832,0.885509612219822
1975,4.1000000000000005,-5.8999999999999995,9,Hero,0.9978362454308404,0.9986719489097595
1976,4.0,-6.0,10,Hero,0.8330576241016387,0.9922013998031616
1977,4.7,-5.3,3,Hero,0.8187285463015238,0.9990858236948649
1978,4.4,-5.6,6,Hero,0.7375962883234024,0.9975632131099701
1979,4.2,-5.8,8,Hero,0.9965155273675919,0.998929351568222
1980,3.7,-6.3,13,Hero,0.7436489313840866,0.9906259866861197
1981,3.9000000000000004,-6.1,11,Hero,0.7588144039565866,0.9942384524778887
1982,4.0,-6.0,10,Hero,0.9383246839046478,0.997843188047409
1983,4.0,-6.0,10,Hero,0.9410796582698822,0.9963596403598786
1984,3.8000000000000007,-6.199999999999999,12,Hero,0.7453648885712028,0.9914388755957285
1985,4.9,-5.1,1,Hero,0.9244654774665833,0.9997277855873108
1986,3.8000000000000007,-6.199999999999999,12,Hero,0.7022052587320408,0.9947899182637533
1987,4.1000000000000005,-5.8999999999999995,9,Hero,0.9950113495190939,0.9979464279280769
1988,4.2,-5.8,8,Hero,0.7172012217342854,0.9954539686441422
1989,4.0,-6.0,10,Hero,0.8277722954750061,0.9972382426261902
1990,3.9000000000000004,-6.1,11,Hero,0.8874016864733263,0.9961679632013495
1991,3.5,-6.5,15,Hero,0.7394616236289342,0.9275176276763281
1992,4.7,-5.3,3,Hero,0.5371292158961296,0.9992691477139791
1993,4.2,-5.8,8,Hero,0.872329592704773,0.9996057152748108
1994,4.300000000000001,-5.699999999999999,7,Hero,0.9942900112697056,0.9978219781603131
1995,3.4000000000000004,-6.6,16,Hero,0.7291971873492002,0.9537302516400814
1996,-5.8999999999999995,4.1000000000000005,9,Villain,0.8509475522571139,0.9989611109097799
1997,4.300000000000001,-5.699999999999999,7,Hero,0.9971018859318325,0.9983941657202584
1998,4.2,-5.8,8,Hero,0.9486058801412582,0.9979702234268188
1999,4.1000000000000005,-5.8999999999999995,9,Hero,0.7744066764911016,0.994538426399231
2000,4.1000000000000005,-5.8999999999999995,9,Hero,0.7121710214349959,0.9957694543732537
2001,4.1000000000000005,-5.8999999999999995,9,Hero,0.7561523276898596,0.9970173637072245
2002,4.2,-5.8,8,Hero,0.7455659247934818,0.9960174784064293
2003,2.9,-7.1,21,Hero,0.6807047178347906,0.9498677991685414
2004,2.9,-7.1,21,Hero,0.5977450126693362,0.9254342594317028
2005,3.4000000000000004,-6.6,16,Hero,0.7520792353898287,0.980730514973402
2006,3.8000000000000007,-6.199999999999999,12,Hero,0.7070454706748327,0.9962389518817266
2007,4.7,-5.3,3,Hero,0.6737800737222036,0.9991020361582438
2008,3.9000000000000004,-6.1,11,Hero,0.7501739697022871,0.9958215951919556
2009,4.300000000000001,-5.699999999999999,7,Hero,0.984501770564488,0.9986517259052822
2010,4.4,-5.6,6,Hero,0.7368006904919943,0.9988892177740732
2011,3.4000000000000004,-6.6,16,Hero,0.6784231017809361,0.8927022186107934
2012,3.7,-6.3,13,Hero,0.8019502885066546,0.9875063804479746
2013,4.800000000000001,-5.199999999999999,2,Hero,0.9801574945449829,0.9990241527557373
2014,4.5,-5.5,5,Hero,0.8759155154228211,0.9991692066192627
2015,4.0,-6.0,10,Hero,0.6933384843170642,0.9986284017562866
2016,4.0,-6.0,10,Hero,0.7843530207872391,0.9964778780937195
2017,3.4000000000000004,-6.6,16,Hero,0.6941981185227633,0.9225126225501299
2018,4.9,-5.1,1,Hero,0.9767645001411438,0.9992388486862183
2019,3.9000000000000004,-6.1,11,Hero,0.7095451382073489,0.9954628456722606
2020,4.2,-5.8,8,Hero,0.8830729052424431,0.9974977523088455
2021,4.6000000000000005,-5.3999999999999995,4,Hero,0.8644020706415176,0.9991016983985901
2022,-6.0,4.0,10,Villain,0.6847941964864731,0.9964932978153229
2023,4.0,-6.0,10,Hero,0.925290185213089,0.9979789197444916
2024,4.0,-6.0,10,Hero,0.8759448647499084,0.9956628143787384
2025,3.9000000000000004,-6.1,11,Hero,0.7220273044976321,0.9953317425467751
2026,4.800000000000001,-5.199999999999999,2,Hero,0.995347648859024,0.9996019303798676
2027,3.9000000000000004,-6.1,11,Hero,0.8720689985731785,0.9958795309066772
2028,4.4,-5.6,6,Hero,0.807355523109436,0.9989149769147238
2029,3.4000000000000004,-6.6,16,Hero,0.6831897012889385,0.9848600029945374
2030,3.8000000000000007,-6.199999999999999,12,Hero,0.7675398464004198,0.9989682187636694
2031,4.2,-5.8,8,Hero,0.8063349528238177,0.9995526224374771
2032,3.9000000000000004,-6.1,11,Hero,0.8860489834438671,0.9959964643825184
2033,4.1000000000000005,-5.8999999999999995,9,Hero,0.9991484218173556,0.9996070000860426
2034,4.5,-5.5,5,Hero,0.7599197387695312,0.999700951576233
2035,4.300000000000001,-5.699999999999999,7,Hero,0.922392223562513,0.997338456766946
2036,3.0999999999999996,-6.9,19,Hero,0.6760891062256537,0.8713884149727068
2037,4.0,-6.0,10,Hero,0.7568097949028015,0.9986484110355377
2038,3.7,-6.3,13,Hero,0.7857810671512897,0.9805888808690585
2039,3.5,-6.5,15,Hero,0.7890189190705618,0.9609253644943238
2040,4.5,-5.5,5,Hero,0.8172983884811401,0.9992114305496216
2041,3.9000000000000004,-6.1,11,Hero,0.7147196395830675,0.9886747165159746
2042,4.800000000000001,-5.199999999999999,2,Hero,0.9442771673202515,0.9987411499023438
2043,4.5,-5.5,5,Hero,0.9904613375663758,0.9975488424301148
2044,4.7,-5.3,3,Hero,0.6699690371751785,0.9987275799115499
2045,3.9000000000000004,-6.1,11,Hero,0.8547441092404452,0.9899750731208108
2046,4.6000000000000005,-5.3999999999999995,4,Hero,0.8711951971054077,0.9987975507974625
2047,4.1000000000000005,-5.8999999999999995,9,Hero,0.6131124902102683,0.9918748007880317
2048,4.5,-5.5,5,Hero,0.7236291706562042,0.9981017231941223
2049,4.6000000000000005,-5.3999999999999995,4,Hero,0.8458337187767029,0.9982807785272598
2050,3.9000000000000004,-6.1,11,Hero,0.899295611815019,0.9961125146258961
2051,4.5,-5.5,5,Hero,0.7795932769775391,0.9952363729476928
2052,3.6000000000000005,-6.3999999999999995,14,Hero,0.7754190830247742,0.9844920592648643
2053,3.3,-6.7,17,Hero,0.6452738583526191,0.8949309184270746
2054,4.300000000000001,-5.699999999999999,7,Hero,0.9210772599492755,0.9951604093824115
2055,4.1000000000000005,-5.8999999999999995,9,Hero,0.9952246149381002,0.9983622166845534
2056,4.9,-5.1,1,Hero,0.9370070695877075,0.9979408383369446
2057,4.0,-6.0,10,Hero,0.9446010410785675,0.9955526769161225
2058,4.300000000000001,-5.699999999999999,7,Hero,0.8310257749898093,0.9957752057484218
2059,3.4000000000000004,-6.6,16,Hero,0.7504892898723483,0.980094663798809
2060,4.6000000000000005,-5.3999999999999995,4,Hero,0.9695637375116348,0.9994602203369141
2061,4.4,-5.6,6,Hero,0.9857700963815054,0.9992503424485525
2062,4.300000000000001,-5.699999999999999,7,Hero,0.7790802232921124,0.9970818928309849
2063,3.9000000000000004,-6.1,11,Hero,0.7769231565973975,0.996273858980699
2064,-5.1,4.9,1,Villain,0.9978904128074646,0.9996663331985474
2065,3.7,-6.3,13,Hero,0.747685792354437,0.9946821698775659
2066,4.300000000000001,-5.699999999999999,7,Hero,0.8929597820554461,0.9996462038585118
2067,4.2,-5.8,8,Hero,0.8448440469801426,0.9974449798464775
2068,4.7,-5.3,3,Hero,0.8212894598642985,0.999274492263794
2069,4.6000000000000005,-5.3999999999999995,4,Hero,0.827968418598175,0.9997490644454956
2070,4.1000000000000005,-5.8999999999999995,9,Hero,0.8575896620750427,0.9990554054578146
2071,-6.0,4.0,10,Villain,0.7107284039258956,0.9987907111644745
2072,-5.699999999999999,4.300000000000001,7,Villain,0.9986393621989659,0.9995141625404358
2073,4.6000000000000005,-5.3999999999999995,4,Hero,0.4628008119761944,0.9974435120820999
2074,4.300000000000001,-5.699999999999999,7,Hero,0.7195396774581501,0.9985226052148002
2075,4.9,-5.1,1,Hero,0.9240217804908752,0.9996079802513123
2076,3.8000000000000007,-6.199999999999999,12,Hero,0.6926936705907186,0.9969806770483652
2077,3.6000000000000005,-6.3999999999999995,14,Hero,0.7819191919905799,0.9898625612258911
2078,3.9000000000000004,-6.1,11,Hero,0.7321166938001459,0.9979565089399164
2079,4.1000000000000005,-5.8999999999999995,9,Hero,0.9910364482137892,0.9993834230634902
2080,4.6000000000000005,-5.3999999999999995,4,Hero,0.7964187115430832,0.9983983039855957
2081,3.6000000000000005,-6.3999999999999995,14,Hero,0.793047913483211,0.9848721878869193
2082,3.6000000000000005,-6.3999999999999995,14,Hero,0.8075925643954959,0.904219022927074
2083,3.5,-6.5,15,Hero,0.7156215729812782,0.9906051516532898
2084,4.2,-5.8,8,Hero,0.9303527474403381,0.9992638304829597
2085,4.4,-5.6,6,Hero,0.9971576730410258,0.9971608718236288
2086,3.9000000000000004,-6.1,11,Hero,0.8360999971628189,0.9985691688277505
2087,4.7,-5.3,3,Hero,0.8074384729067484,0.9969011743863424
2088,3.7,-6.3,13,Hero,0.7932520686433866,0.9923185706138611
2089,4.300000000000001,-5.699999999999999,7,Hero,0.9273701480456761,0.9979426349912371
2090,4.0,-6.0,10,Hero,0.7914944626390934,0.9938054502010345
2091,4.5,-5.5,5,Hero,0.7068216145038605,0.9996897101402282
2092,4.5,-5.5,5,Hero,0.8892149567604065,0.9959278106689453
2093,4.4,-5.6,6,Hero,0.9978064695994059,0.9979322453339895
2094,4.0,-6.0,10,Hero,0.9376324355602265,0.9995153188705445
2095,4.6000000000000005,-5.3999999999999995,4,Hero,0.9451814740896225,0.998796820640564
2096,4.300000000000001,-5.699999999999999,7,Hero,0.7962152148996081,0.9957761679376874
2097,3.7,-6.3,13,Hero,0.8219509124755859,0.9954691666823167
2098,3.7,-6.3,13,Hero,0.7563717136016259,0.9955689494426434
2099,4.4,-5.6,6,Hero,0.9966469804445902,0.9995931684970856
2100,4.1000000000000005,-5.8999999999999995,9,Hero,0.9153974056243896,0.997345937622918
2101,4.4,-5.6,6,Hero,0.8554230878750483,0.9960262974103292
2102,4.6000000000000005,-5.3999999999999995,4,Hero,0.7184432819485664,0.9994850605726242
2103,4.2,-5.8,8,Hero,0.7495780605822802,0.9966582357883453
2104,4.6000000000000005,-5.3999999999999995,4,Hero,0.9865114986896515,0.9995009899139404
2105,4.9,-5.1,1,Hero,0.21890336275100708,0.9992386102676392
2106,4.1000000000000005,-5.8999999999999995,9,Hero,0.7525512476762136,0.9922896292474535
2107,4.9,-5.1,1,Hero,0.762402355670929,0.9999018907546997
2108,4.4,-5.6,6,Hero,0.7653319040934244,0.9994466602802277
2109,4.2,-5.8,8,Hero,0.8180555328726768,0.9969842210412025
2110,3.3,-6.7,17,Hero,0.6781149901011411,0.996921998613021
2111,-5.1,4.9,1,Villain,0.9999921321868896,0.9980429410934448
2112,4.1000000000000005,-5.8999999999999995,9,Hero,0.9962831934293112,0.9994412528143989
2113,4.800000000000001,-5.199999999999999,2,Hero,0.6458633244037628,0.9990486800670624
2114,4.800000000000001,-5.199999999999999,2,Hero,0.9749470949172974,0.9988077580928802
2115,3.2,-6.8,18,Hero,0.6855184800095029,0.9957316517829895
2116,3.3,-6.7,17,Hero,0.6886507925741813,0.9979115163578707
2117,3.6000000000000005,-6.3999999999999995,14,Hero,0.7678746171295643,0.9877437906605857
2118,3.9000000000000004,-6.1,11,Hero,0.7199859050187197,0.9981827898459001
2119,4.5,-5.5,5,Hero,0.7485521137714386,0.9992702603340149
2120,4.300000000000001,-5.699999999999999,7,Hero,0.5979984721967152,0.9983082839420864
2121,4.1000000000000005,-5.8999999999999995,9,Hero,0.8503814606616894,0.9971127046479119
2122,3.5,-6.5,15,Hero,0.7480910817782084,0.9135680404802163
2123,4.0,-6.0,10,Hero,0.757104080915451,0.9958237648010254
2124,4.9,-5.1,1,Hero,0.4206222891807556,0.9998743534088135
2125,2.8,-7.2,22,Hero,0.5831820246848193,0.9973603974689137
2126,4.2,-5.8,8,Hero,0.9474011287093163,0.9981373399496078
2127,4.5,-5.5,5,Hero,0.7865438103675843,0.9995635986328125
2128,3.8000000000000007,-6.199999999999999,12,Hero,0.7450276737411817,0.9910153597593307
2129,3.8000000000000007,-6.199999999999999,12,Hero,0.8296656558911005,0.9990814079840978
2130,3.5,-6.5,15,Hero,0.7988408009211222,0.9163338934381803
2131,4.9,-5.1,1,Hero,0.9879119396209717,0.9998295307159424
2132,3.8000000000000007,-6.199999999999999,12,Hero,0.786737414697806,0.9068619081129631
2133,4.4,-5.6,6,Hero,0.7817457715670267,0.9987412889798483
2134,4.2,-5.8,8,Hero,0.9554298669099808,0.9978696405887604
2135,3.9000000000000004,-6.1,11,Hero,0.935493371703408,0.9978323036974127
2136,4.6000000000000005,-5.3999999999999995,4,Hero,0.9359065890312195,0.99983811378479
2137,2.9,-7.1,21,Hero,0.6353470012545586,0.9983226259549459
2138,3.8000000000000007,-6.199999999999999,12,Hero,0.6912370411058267,0.9992887377738953
2139,4.6000000000000005,-5.3999999999999995,4,Hero,0.7483358383178711,0.9988619834184647
2140,-5.1,4.9,1,Villain,0.9958006739616394,0.9979293346405029
2141,3.6000000000000005,-6.3999999999999995,14,Hero,0.7442216937031064,0.9954269102641514
2142,-5.8,4.2,8,Villain,0.6303035393357277,0.9993433728814125
2143,4.2,-5.8,8,Hero,0.9421669021248817,0.9989160299301147
2144,4.5,-5.5,5,Hero,0.7691810905933381,0.9972436666488648
2145,4.5,-5.5,5,Hero,0.7987428437918425,0.9993158578872681
2146,4.4,-5.6,6,Hero,0.750110407670339,0.9964639246463776
2147,-5.3,4.7,3,Villain,0.9999988079071045,0.9978989760080973
2148,4.9,-5.1,1,Hero,0.9282473921775818,0.9998134970664978
2149,4.7,-5.3,3,Hero,0.8704003294308981,0.999448299407959
2150,-5.1,4.9,1,Villain,0.9991434812545776,0.9996589422225952
2151,3.9000000000000004,-6.1,11,Hero,0.8268781981684945,0.9976335763931274
2152,-5.199999999999999,4.800000000000001,2,Villain,0.9999080896377563,0.9993511736392975
2153,-5.3999999999999995,4.6000000000000005,4,Villain,0.9999647438526154,0.9992641061544418
2154,3.3,-6.7,17,Hero,0.7304030463976019,0.9785813724293428
2155,4.0,-6.0,10,Hero,0.8964755177497864,0.9964713811874389
2156,3.4000000000000004,-6.6,16,Hero,0.728511143475771,0.9906718172132969
2157,3.7,-6.3,13,Hero,0.7745748299818772,0.9959860535768362
2158,4.2,-5.8,8,Hero,0.8429673127830029,0.9985550940036774
2159,3.5,-6.5,15,Hero,0.7518038513759772,0.9938624540964762
2160,2.9,-7.1,21,Hero,0.6296498264585223,0.928011783531734
2161,2.5999999999999996,-7.4,24,Hero,0.6063210908323526,0.8988802103946606
2162,3.8000000000000007,-6.199999999999999,12,Hero,0.8078698938091596,0.9996446818113327
2163,3.4000000000000004,-6.6,16,Hero,0.7386730741709471,0.9985075406730175
2164,3.6000000000000005,-6.3999999999999995,14,Hero,0.6824800914951733,0.9867052478449685
2165,4.0,-6.0,10,Hero,0.7962262071669102,0.9990819871425629
2166,4.2,-5.8,8,Hero,0.74892239831388,0.9983354583382607
2167,3.9000000000000004,-6.1,11,Hero,0.898617069829594,0.9975166429172863
2168,4.300000000000001,-5.699999999999999,7,Hero,0.887782599244799,0.9984563589096069
2169,3.9000000000000004,-6.1,11,Hero,0.7056136293844744,0.9920122894373807
2170,3.5,-6.5,15,Hero,0.7441275258858998,0.8607797841231029
2171,4.2,-5.8,8,Hero,0.8709775656461716,0.9996343180537224
2172,3.9000000000000004,-6.1,11,Hero,0.6830634400248528,0.9972692186182196
2173,4.300000000000001,-5.699999999999999,7,Hero,0.7500920593738556,0.9989715388842991
2174,3.8000000000000007,-6.199999999999999,12,Hero,0.7559186667203903,0.9966602623462677
2175,4.4,-5.6,6,Hero,0.7064604212840399,0.9991035163402557
2176,4.4,-5.6,6,Hero,0.9070940017700195,0.999641478061676
2177,3.2,-6.8,18,Hero,0.6582672860887315,0.9989039566781786
2178,3.8000000000000007,-6.199999999999999,12,Hero,0.7075445254643759,0.9992797821760178
2179,-5.1,4.9,1,Villain,0.9959015250205994,0.9509929418563843
2180,4.0,-6.0,10,Hero,0.8853460997343063,0.9977229058742523
2181,4.800000000000001,-5.199999999999999,2,Hero,0.7205774337053299,0.9995855093002319
2182,3.9000000000000004,-6.1,11,Hero,0.7285820042545145,0.9992466731504961
2183,3.7,-6.3,13,Hero,0.7748491213871882,0.9981962763346158
2184,3.5,-6.5,15,Hero,0.7299521098534266,0.9988049745559693
2185,4.6000000000000005,-5.3999999999999995,4,Hero,0.9958227723836899,0.9999369382858276
2186,4.0,-6.0,10,Hero,0.9072202786803245,0.9997866749763489
2187,4.6000000000000005,-5.3999999999999995,4,Hero,0.9959076046943665,0.9999057054519653
2188,4.6000000000000005,-5.3999999999999995,4,Hero,0.6974885892122984,0.9999798238277435
2189,4.6000000000000005,-5.3999999999999995,4,Hero,0.9974929690361023,0.9999327063560486
2190,4.6000000000000005,-5.3999999999999995,4,Hero,0.9645052850246429,0.9999029487371445
2191,3.2,-6.8,18,Hero,0.7031175734268295,0.9980923533439636
2192,4.5,-5.5,5,Hero,0.7147047102451325,0.9998856902122497
2193,3.6000000000000005,-6.3999999999999995,14,Hero,0.7678898982703686,0.9970171025821141
2194,4.7,-5.3,3,Hero,0.6694367900490761,0.9999765157699585
2195,3.8000000000000007,-6.199999999999999,12,Hero,0.8774123738209406,0.9981708725293478
2196,4.5,-5.5,5,Hero,0.8897821307182312,0.999760091304779
2197,4.4,-5.6,6,Hero,0.8575124243895212,0.9999587734540304
2198,4.300000000000001,-5.699999999999999,7,Hero,0.7878438814410141,0.9999091369765145
2199,-5.699999999999999,4.300000000000001,7,Villain,0.9874095491000584,0.9999533721378872
2200,3.7,-6.3,13,Hero,0.6994728872982355,0.997470287176279
2201,3.0999999999999996,-6.9,19,Hero,0.6462639389853728,0.9994813046957317
2202,3.5,-6.5,15,Hero,0.6341402858495713,0.9994196414947509
2203,4.2,-5.8,8,Hero,0.6903898091986775,0.99932861328125
2204,4.7,-5.3,3,Hero,0.9283210237820944,0.999992291132609
2205,4.0,-6.0,10,Hero,0.9405136466026306,0.9998581409454346
2206,4.1000000000000005,-5.8999999999999995,9,Hero,0.8726055953237746,0.9995793170399137
2207,4.0,-6.0,10,Hero,0.9350309193134307,0.9997886002063752
2208,4.4,-5.6,6,Hero,0.979034016529719,0.9999822576840719
2209,4.0,-6.0,10,Hero,0.9550635635852813,0.9998597264289856
2210,-5.3,4.7,3,Villain,0.9999553759892782,0.9996619621912638
2211,4.800000000000001,-5.199999999999999,2,Hero,0.6769406199455261,0.9999727010726929
2212,3.4000000000000004,-6.6,16,Hero,0.6978584774769843,0.9982605017721653
2213,4.300000000000001,-5.699999999999999,7,Hero,0.8201201174940381,0.999912406717028
2214,4.2,-5.8,8,Hero,0.8069445490837097,0.9999577105045319
2215,-5.199999999999999,4.800000000000001,2,Villain,0.9931331872940063,0.99997878074646
2216,3.9000000000000004,-6.1,11,Hero,0.8490823940797285,0.9998855211518027
2217,3.4000000000000004,-6.6,16,Hero,0.6813408849993721,0.9968040138483047
2218,3.3,-6.7,17,Hero,0.6297814727706068,0.9977444831062766
2219,3.7,-6.3,13,Hero,0.8519670504790086,0.9994879273267893
2220,3.7,-6.3,13,Hero,0.8691445268117465,0.9997952351203332
2221,4.9,-5.1,1,Hero,0.9469377398490906,0.999946117401123
2222,4.4,-5.6,6,Hero,0.8566310405731201,0.9999177356561025
2223,4.7,-5.3,3,Hero,0.9558331767717997,0.9998757243156433
2224,-5.6,4.4,6,Villain,0.9991688330968221,0.9997084240118662
2225,3.9000000000000004,-6.1,11,Hero,0.7500681619752537,0.9995835748585787
2226,4.1000000000000005,-5.8999999999999995,9,Hero,0.9691511392593384,0.999856538242764
2227,-5.1,4.9,1,Villain,0.999976396560669,0.9999399185180664
2228,-5.1,4.9,1,Villain,0.9999998807907104,0.9998552799224854
2229,4.4,-5.6,6,Hero,0.7072115888198217,0.9997013509273529
2230,4.7,-5.3,3,Hero,0.8257851998011271,0.9999336004257202
2231,4.300000000000001,-5.699999999999999,7,Hero,0.7021441459655762,0.9999544790812901
2232,4.800000000000001,-5.199999999999999,2,Hero,0.9802956283092499,0.9999926090240479
2233,4.800000000000001,-5.199999999999999,2,Hero,0.9732751548290253,0.9999839663505554
2234,3.5,-6.5,15,Hero,0.7276767114798228,0.9991282900174459
2235,3.7,-6.3,13,Hero,0.810325026512146,0.9980119099983802
2236,4.2,-5.8,8,Hero,0.6756343701854348,0.9995453506708145
2237,4.4,-5.6,6,Hero,0.9440229336420695,0.9998904764652252
2238,-5.6,4.4,6,Villain,0.9996610879898071,0.9999548196792603
2239,3.9000000000000004,-6.1,11,Hero,0.7058692188425497,0.9997731284661726
2240,4.6000000000000005,-5.3999999999999995,4,Hero,0.732527939369902,0.9998602420091629
2241,3.8000000000000007,-6.199999999999999,12,Hero,0.8157816901803017,0.9980776757001877
2242,4.0,-6.0,10,Hero,0.880920983850956,0.9998454332351685
2243,4.6000000000000005,-5.3999999999999995,4,Hero,0.8130019158124924,0.9999241530895233
2244,4.4,-5.6,6,Hero,0.9446793794631958,0.9999357064565023
2245,4.1000000000000005,-5.8999999999999995,9,Hero,0.7842773008677695,0.9998451471328735
2246,4.300000000000001,-5.699999999999999,7,Hero,0.7466948564563479,0.9998190317835126
2247,4.0,-6.0,10,Hero,0.8331283301115036,0.9993916869163513
2248,4.4,-5.6,6,Hero,0.9141651590665182,0.9996993144353231
2249,4.1000000000000005,-5.8999999999999995,9,Hero,0.9939035508367751,0.9999672306908501
2250,4.1000000000000005,-5.8999999999999995,9,Hero,0.7435036732090844,0.9996390872531467
2251,4.7,-5.3,3,Hero,0.9589461882909139,0.9999658664067587
2252,-5.3,4.7,3,Villain,0.9999905427296957,0.9998575448989868
2253,4.2,-5.8,8,Hero,0.9935232251882553,0.999888688325882
2254,3.7,-6.3,13,Hero,0.7428066363701453,0.9984120864134568
2255,4.4,-5.6,6,Hero,0.7326936771472295,0.9996998210748037
2256,4.9,-5.1,1,Hero,0.7957887053489685,0.999983549118042
2257,3.5,-6.5,15,Hero,0.7508445342381795,0.9983607212702433
2258,3.7,-6.3,13,Hero,0.6673171652051119,0.9988420926607572
2259,3.9000000000000004,-6.1,11,Hero,0.863937222822146,0.9999520128423517
2260,4.1000000000000005,-5.8999999999999995,9,Hero,0.8933739397260878,0.9999485280778673
2261,3.8000000000000007,-6.199999999999999,12,Hero,0.7758216559886932,0.996850773692131
2262,3.8000000000000007,-6.199999999999999,12,Hero,0.7841544188559055,0.9985056221485138
2263,4.5,-5.5,5,Hero,0.8738926231861115,0.9994994521141052
2264,3.6000000000000005,-6.3999999999999995,14,Hero,0.8136185961110252,0.9982890273843493
2265,4.4,-5.6,6,Hero,0.9061174293359121,0.9997526903947195
2266,4.0,-6.0,10,Hero,0.8865053474903106,0.9984129011631012
2267,3.3,-6.7,17,Hero,0.6693389520925634,0.9994233636295095
2268,4.9,-5.1,1,Hero,0.44121333956718445,0.9999403953552246
2269,4.6000000000000005,-5.3999999999999995,4,Hero,0.9858487248420715,0.9999614655971527
2270,3.8000000000000007,-6.199999999999999,12,Hero,0.8446540062626203,0.9996931950251261
2271,-5.1,4.9,1,Villain,0.9920529127120972,0.981455385684967
2272,3.9000000000000004,-6.1,11,Hero,0.8061778152530844,0.9998175339265303
2273,3.3,-6.7,17,Hero,0.7452789054197424,0.9893591614330516
2274,4.9,-5.1,1,Hero,0.8771034479141235,0.9999459981918335
2275,4.9,-5.1,1,Hero,0.31060996651649475,0.9999806880950928
2276,4.0,-6.0,10,Hero,0.7761737465858459,0.9991131901741028
2277,3.9000000000000004,-6.1,11,Hero,0.7453616207296198,0.9988467747514899
2278,3.6000000000000005,-6.3999999999999995,14,Hero,0.8005090398447854,0.998848978962217
2279,3.5,-6.5,15,Hero,0.698789996219178,0.9987919449806213
2280,3.9000000000000004,-6.1,11,Hero,0.758964787830006,0.9995520927689292
2281,4.1000000000000005,-5.8999999999999995,9,Hero,0.9947853750652738,0.9999354018105401
2282,3.2,-6.8,18,Hero,0.6517170356172655,0.9997664491335551
2283,4.7,-5.3,3,Hero,0.7319562633832296,0.9999157190322876
2284,4.4,-5.6,6,Hero,0.8193390816450119,0.9998651047547659
2285,4.0,-6.0,10,Hero,0.7189532268792391,0.9997999966144562
2286,4.1000000000000005,-5.8999999999999995,9,Hero,0.9913994934823778,0.9997873968548245
2287,4.4,-5.6,6,Hero,0.8720940997203191,0.9999096492926279
2288,4.6000000000000005,-5.3999999999999995,4,Hero,0.8013353496789932,0.9999438226222992
2289,3.6000000000000005,-6.3999999999999995,14,Hero,0.7955556043556758,0.9992507696151733
2290,4.5,-5.5,5,Hero,0.8428699612617493,0.9999250888824462
2291,3.5,-6.5,15,Hero,0.7427739610274633,0.9998130520184835
2292,4.5,-5.5,5,Hero,0.8549450755119323,0.9998254418373108
2293,3.9000000000000004,-6.1,11,Hero,0.842771979895505,0.9996896711262789
2294,4.300000000000001,-5.699999999999999,7,Hero,0.8475981269563947,0.9999636922563825
2295,4.2,-5.8,8,Hero,0.998643659055233,0.9999314248561859
2296,4.5,-5.5,5,Hero,0.9732248663902283,0.9999205589294433
2297,4.6000000000000005,-5.3999999999999995,4,Hero,0.9732216149568558,0.9999284446239471
2298,3.6000000000000005,-6.3999999999999995,14,Hero,0.741265562496015,0.994383420263018
2299,3.9000000000000004,-6.1,11,Hero,0.8906012123281305,0.99802320653742
2300,3.5,-6.5,15,Hero,0.7149103686213494,0.9319526265743965
2301,3.8000000000000007,-6.199999999999999,12,Hero,0.8591809533536434,0.9999399681886038
2302,4.6000000000000005,-5.3999999999999995,4,Hero,0.7874910831451416,0.9999422430992126
2303,3.6000000000000005,-6.3999999999999995,14,Hero,0.7785589077642986,0.9984165983540672
2304,3.9000000000000004,-6.1,11,Hero,0.8635227192531932,0.9998247189955278
2305,-5.199999999999999,4.800000000000001,2,Villain,0.9628419280052185,0.9675224721431732
2306,4.0,-6.0,10,Hero,0.7638368993997574,0.9997970521450043
2307,4.9,-5.1,1,Hero,0.9734443426132202,0.9999818801879883
2308,-5.6,4.4,6,Villain,0.8966094354788462,0.9999692440032959
2309,4.300000000000001,-5.699999999999999,7,Hero,0.9987404601914542,0.9999620573861259
2310,-5.5,4.5,5,Villain,0.9999757766723633,0.9999791145324707
2311,4.5,-5.5,5,Hero,0.7624279439449311,0.9998868703842163
2312,4.300000000000001,-5.699999999999999,7,Hero,0.7391760264124189,0.9999745573316302
2313,3.8000000000000007,-6.199999999999999,12,Hero,0.76328244805336,0.9970353196064631
2314,4.2,-5.8,8,Hero,0.6163719268515706,0.9999875426292419
2315,1.799999999999999,-8.200000000000001,32,Hero,0.8785883751697838,0.9999961704015732
2316,4.6000000000000005,-5.3999999999999995,4,Hero,0.6095587834715843,0.9999803602695465
2317,4.1000000000000005,-5.8999999999999995,9,Hero,0.9325621326764425,0.9999587933222452
2318,4.6000000000000005,-5.3999999999999995,4,Hero,0.8035140186548233,0.9999669790267944
2319,4.2,-5.8,8,Hero,0.9348116517066956,0.9998749643564224
2320,4.0,-6.0,10,Hero,0.8465962827205658,0.9994762301445007
2321,3.6000000000000005,-6.3999999999999995,14,Hero,0.7635512202978134,0.9994698805468423
2322,3.4000000000000004,-6.6,16,Hero,0.7826952151954174,0.9903947226703167
2323,3.9000000000000004,-6.1,11,Hero,0.8568981181491505,0.9996555176648226
2324,3.6000000000000005,-6.3999999999999995,14,Hero,0.8209336964147431,0.9988460923944201
2325,4.4,-5.6,6,Hero,0.9869880874951681,0.999976913134257
2326,3.6000000000000005,-6.3999999999999995,14,Hero,0.8184144198894501,0.9990937965256828
2327,4.2,-5.8,8,Hero,0.8732173964381218,0.999993085861206
2328,4.5,-5.5,5,Hero,0.6853369444608688,0.9999865055084228
2329,4.300000000000001,-5.699999999999999,7,Hero,0.8329508304595947,0.9999121682984489
2330,3.8000000000000007,-6.199999999999999,12,Hero,0.7303171555201212,0.9998200883467993
2331,4.300000000000001,-5.699999999999999,7,Hero,0.8570261182529586,0.999901533126831
2332,4.300000000000001,-5.699999999999999,7,Hero,0.989047076020922,0.9999711854117257
2333,4.4,-5.6,6,Hero,0.8933868557214737,0.9999465743700663
2334,4.0,-6.0,10,Hero,0.7845613986253739,0.9999743461608886
2335,-6.8,3.2,18,Villain,0.6273183102409045,0.9987719058990479
2336,4.800000000000001,-5.199999999999999,2,Hero,0.9583005309104919,0.9999886155128479
2337,4.7,-5.3,3,Hero,0.7713418404261271,0.9999856948852539
2338,-5.1,4.9,1,Villain,0.40657615661621094,0.9580945372581482
2339,4.0,-6.0,10,Hero,0.9225710749626159,0.9998999118804932
2340,3.4000000000000004,-6.6,16,Hero,0.7086349204182625,0.9999569207429886
2341,4.300000000000001,-5.699999999999999,7,Hero,0.6964441537857056,0.999992983681815
2342,4.1000000000000005,-5.8999999999999995,9,Hero,0.7584215137693617,0.9999360707071092
2343,3.8000000000000007,-6.199999999999999,12,Hero,0.7439648490399122,0.9991321315368017
2344,3.9000000000000004,-6.1,11,Hero,0.8626810529015281,0.9999741207469593
2345,3.9000000000000004,-6.1,11,Hero,0.7839372456073761,0.999965180050243
2346,2.1999999999999993,-7.800000000000001,28,Hero,0.8046307148677962,0.9999993826661792
2347,3.9000000000000004,-6.1,11,Hero,0.8661437413909219,0.999981089071794
2348,3.8000000000000007,-6.199999999999999,12,Hero,0.7434272952377796,0.9992174555857977
2349,4.1000000000000005,-5.8999999999999995,9,Hero,0.9380928145514594,0.9999784628550211
2350,4.4,-5.6,6,Hero,0.9248986840248108,0.9999843637148539
2351,4.2,-5.8,8,Hero,0.8063860991969705,0.9999698251485825
2352,4.7,-5.3,3,Hero,0.979875644048055,0.9999980131785074
2353,4.9,-5.1,1,Hero,0.9745064377784729,0.9999997615814209
2354,4.4,-5.6,6,Hero,0.6111455236872038,0.9999698400497437
2355,3.8000000000000007,-6.199999999999999,12,Hero,0.910940537850062,0.9999769230683645
2356,4.4,-5.6,6,Hero,0.6836340377728144,0.9999985098838806
2357,4.4,-5.6,6,Hero,0.8079360524813334,0.9999706943829855
2358,4.0,-6.0,10,Hero,0.9461773872375489,0.9999931812286377
2359,4.2,-5.8,8,Hero,0.8554885275661945,0.9999457448720932
2360,4.800000000000001,-5.199999999999999,2,Hero,0.9967221021652222,0.9999961853027344
2361,3.9000000000000004,-6.1,11,Hero,0.8993458991700952,0.999957637353377
2362,3.6000000000000005,-6.3999999999999995,14,Hero,0.7285486339990582,0.9997702368668148
2363,4.6000000000000005,-5.3999999999999995,4,Hero,0.7401822507381439,0.9999809563159943
2364,3.9000000000000004,-6.1,11,Hero,0.9060604463924061,0.9999980818141591
2365,4.1000000000000005,-5.8999999999999995,9,Hero,0.9995727605289884,0.9999983840518527
2366,4.1000000000000005,-5.8999999999999995,9,Hero,0.9268068273862203,0.9999914964040121
2367,4.7,-5.3,3,Hero,0.6623807648817698,0.9999923308690389
2368,-5.3999999999999995,4.6000000000000005,4,Villain,0.7789377048611641,0.9998348951339722
2369,4.9,-5.1,1,Hero,0.37705227732658386,0.9999980926513672
2370,3.9000000000000004,-6.1,11,Hero,0.90119238875129,0.9999831264669244
2371,4.4,-5.6,6,Hero,0.5495311816533407,0.9999893506368002
2372,4.0,-6.0,10,Hero,0.7110833480954171,0.9996910572052002
2373,4.9,-5.1,1,Hero,0.30172795057296753,0.9999995231628418
2374,4.2,-5.8,8,Hero,0.7615792080760002,0.9999161511659622
2375,3.7,-6.3,13,Hero,0.7244113236665726,0.9998800204350398
2376,4.1000000000000005,-5.8999999999999995,9,Hero,0.9878938992818197,0.9999943971633911
2377,3.5,-6.5,15,Hero,0.7817198793093364,0.9976667801539103
2378,2.6999999999999997,-7.300000000000001,23,Hero,0.5447745592049931,0.9999591941418855
2379,3.8000000000000007,-6.199999999999999,12,Hero,0.7209098363916079,0.9999929467837015
2380,4.6000000000000005,-5.3999999999999995,4,Hero,0.8354689404368401,0.9999962151050568
2381,4.300000000000001,-5.699999999999999,7,Hero,0.9272993717874799,0.9999179925237384
2382,4.7,-5.3,3,Hero,0.9945785403251648,0.9999939203262329
2383,4.5,-5.5,5,Hero,0.7547038197517395,0.9999914169311523
2384,4.4,-5.6,6,Hero,0.92239182194074,0.9999781052271525
2385,4.300000000000001,-5.699999999999999,7,Hero,0.7757940590381622,0.9999361463955471
2386,3.7,-6.3,13,Hero,0.8031548261642456,0.9997537136077881
2387,-4.999999999999998,-4.999999999999998,50,None,0.8499013055860997,0.999656445980072
2388,3.5,-6.5,15,Hero,0.6313024245202541,0.9999971548716228
2389,4.7,-5.3,3,Hero,0.5791894843180975,0.9999960660934448
2390,3.9000000000000004,-6.1,11,Hero,0.8690033189275048,0.9999866593967784
2391,4.300000000000001,-5.699999999999999,7,Hero,0.8877288017954145,0.9999705723353794
2392,4.6000000000000005,-5.3999999999999995,4,Hero,0.9888611286878586,0.9999985098838806
2393,4.2,-5.8,8,Hero,0.9519615545868874,0.9999719113111496
2394,-6.199999999999999,3.8000000000000007,12,Villain,0.7898906009892622,0.999974936246872
2395,4.4,-5.6,6,Hero,0.9603049159049988,0.9999461770057678
2396,4.4,-5.6,6,Hero,0.9991604387760162,0.9999938805898031
2397,4.800000000000001,-5.199999999999999,2,Hero,0.7564238607883453,0.9999983906745911
2398,4.7,-5.3,3,Hero,0.9960848490397135,0.9999994039535522
2399,4.800000000000001,-5.199999999999999,2,Hero,0.8134510815143585,0.9999966025352478
2400,3.8000000000000007,-6.199999999999999,12,Hero,0.7007668515046438,0.9997503260771433
2401,4.1000000000000005,-5.8999999999999995,9,Hero,0.9277885688675774,0.9999140236112807
2402,3.7,-6.3,13,Hero,0.698002218340452,0.9999935443584735
2403,3.8000000000000007,-6.199999999999999,12,Hero,0.740298276146253,0.999994953473409
2404,4.7,-5.3,3,Hero,0.9066765308380127,0.9999974966049194
2405,4.2,-5.8,8,Hero,0.8297502771019936,0.9999661445617676
2406,4.6000000000000005,-5.3999999999999995,4,Hero,0.5703688338398933,0.9999881684780121
2407,4.4,-5.6,6,Hero,0.7873541042208672,0.999980608622233
2408,4.6000000000000005,-5.3999999999999995,4,Hero,0.7504333071410656,0.9999896585941315
2409,4.300000000000001,-5.699999999999999,7,Hero,0.8307321220636368,0.9999903440475464
2410,4.1000000000000005,-5.8999999999999995,9,Hero,0.859276949117581,0.9999970462587144
2411,3.3,-6.7,17,Hero,0.6987786563661169,0.9942876766709721
2412,4.0,-6.0,10,Hero,0.9051165297627449,0.9999906063079834
2413,3.9000000000000004,-6.1,11,Hero,0.9080833034081892,0.9999530965631659
2414,4.2,-5.8,8,Hero,0.739522710442543,0.9999649971723557
2415,4.0,-6.0,10,Hero,0.7472740769386291,0.9996804177761078
2416,4.2,-5.8,8,Hero,0.9961771592497826,0.9999932646751404
2417,-5.199999999999999,4.800000000000001,2,Villain,0.9999750852584839,0.9999752640724182
2418,4.9,-5.1,1,Hero,0.8906424045562744,0.9999990463256836
2419,4.1000000000000005,-5.8999999999999995,9,Hero,0.8572113315264384,0.9998830888006423
2420,3.9000000000000004,-6.1,11,Hero,0.7306439659812234,0.9999206824736162
2421,4.0,-6.0,10,Hero,0.76209577023983,0.9998969197273254
2422,4.2,-5.8,8,Hero,0.8182611465454102,0.9999968558549881
2423,4.0,-6.0,10,Hero,0.8101093292236328,0.9999581038951874
2424,4.9,-5.1,1,Hero,0.9877247214317322,0.999994158744812
2425,4.2,-5.8,8,Hero,0.8925298471003771,0.9999737292528152
2426,3.8000000000000007,-6.199999999999999,12,Hero,0.7803380265831947,0.9989137053489685
2427,3.7,-6.3,13,Hero,0.7779053243306967,0.9999395792300885
2428,4.0,-6.0,10,Hero,0.7425847634673118,0.9999617040157318
2429,3.0999999999999996,-6.9,19,Hero,0.6178480018126337,0.9999695075185675
2430,3.8000000000000007,-6.199999999999999,12,Hero,0.7204292093714079,0.9994588394959768
2431,4.7,-5.3,3,Hero,0.45666200915972394,0.9999972979227701
2432,4.7,-5.3,3,Hero,0.995623509089152,0.9999939997990926
2433,4.6000000000000005,-5.3999999999999995,4,Hero,0.8764708191156387,0.9999893009662628
2434,3.5,-6.5,15,Hero,0.62242893576622,0.9999920050303142
2435,4.9,-5.1,1,Hero,0.9924167394638062,0.9999973773956299
2436,4.4,-5.6,6,Hero,0.8309550682703654,0.9999744296073914
2437,4.1000000000000005,-5.8999999999999995,9,Hero,0.802570597993003,0.9999827411439683
2438,3.0,-7.0,20,Hero,0.6054676868952811,0.999912315607071
2439,3.7,-6.3,13,Hero,0.7501984531632983,0.9993958977552561
2440,3.9000000000000004,-6.1,11,Hero,0.7126141730272635,0.9999713680960916
2441,4.1000000000000005,-5.8999999999999995,9,Hero,0.8694124983416663,0.9999938540988498
2442,3.9000000000000004,-6.1,11,Hero,0.8996602486480366,0.9999504306099631
2443,4.4,-5.6,6,Hero,0.8826753596464793,0.9999679327011108
2444,4.7,-5.3,3,Hero,0.6770818357666334,0.9999987681706747
2445,3.2,-6.8,18,Hero,0.703648455027077,0.9992196294996474
2446,-5.3,4.7,3,Villain,0.9983073075612386,0.9999711116154989
2447,4.300000000000001,-5.699999999999999,7,Hero,0.9933160884039742,0.9999217050416129
2448,-5.5,4.5,5,Villain,0.9992017269134521,0.9999449729919434
2449,4.9,-5.1,1,Hero,0.346299946308136,0.999998927116394
2450,4.6000000000000005,-5.3999999999999995,4,Hero,0.8096128031611443,0.9999972581863403
2451,4.1000000000000005,-5.8999999999999995,9,Hero,0.8425830519861646,0.9999963310029771
2452,4.4,-5.6,6,Hero,0.8105555921792984,0.999995231628418
2453,3.5,-6.5,15,Hero,0.681942363580068,0.999708604812622
2454,4.0,-6.0,10,Hero,0.8939934849739075,0.9997967779636383
2455,3.7,-6.3,13,Hero,0.7234198173078207,0.9999635769770696
2456,4.1000000000000005,-5.8999999999999995,9,Hero,0.9618162711461385,0.999903659025828
2457,4.6000000000000005,-5.3999999999999995,4,Hero,0.6534794941544533,0.9999995827674866
2458,3.5,-6.5,15,Hero,0.7562376350164414,0.9995896657307942
2459,4.5,-5.5,5,Hero,0.8788816928863525,0.9999857664108276
2460,3.6000000000000005,-6.3999999999999995,14,Hero,0.7243477755359241,0.9995075379099164
2461,-5.1,4.9,1,Villain,0.9995997548103333,0.9999973773956299
2462,3.6000000000000005,-6.3999999999999995,14,Hero,0.8116928509303502,0.9995316352163043
2463,3.5,-6.5,15,Hero,0.7612553055087725,0.9987932682037354
2464,3.8000000000000007,-6.199999999999999,12,Hero,0.8346286024898291,0.9999119987090429
2465,4.0,-6.0,10,Hero,0.7011997699737549,0.9999247431755066
2466,3.9000000000000004,-6.1,11,Hero,0.7052896876226772,0.9999678243290294
2467,-5.5,4.5,5,Villain,0.9859102964401245,0.9999331474304199
2468,4.2,-5.8,8,Hero,0.9906543418765068,0.9999880641698837
2469,4.1000000000000005,-5.8999999999999995,9,Hero,0.8709019786781735,0.9999577071931627
2470,4.1000000000000005,-5.8999999999999995,9,Hero,0.9072729349136353,0.9999234941270616
2471,3.4000000000000004,-6.6,16,Hero,0.7155365217477083,0.9985065050423145
2472,4.5,-5.5,5,Hero,0.929842185974121,0.9999847888946534
2473,-5.199999999999999,4.800000000000001,2,Villain,0.9584328532218933,0.9999968409538269
2474,3.7,-6.3,13,Hero,0.8576928193752582,0.998355663739718
2475,4.4,-5.6,6,Hero,0.9994500378767649,0.9999938607215881
2476,-5.8999999999999995,4.1000000000000005,9,Villain,0.8645828564961752,0.9999910725487603
2477,3.5,-6.5,15,Hero,0.7584922353426615,0.9988651474316915
2478,4.5,-5.5,5,Hero,0.8968014597892762,0.9999922037124633
2479,3.7,-6.3,13,Hero,0.7707420129042405,0.9993347479746892
2480,-5.8,4.2,8,Villain,0.8288876935839653,0.9999886006116867
2481,4.2,-5.8,8,Hero,0.9256406612694263,0.9999955147504807
2482,3.6000000000000005,-6.3999999999999995,14,Hero,0.6726894998656852,0.9999517330101558
2483,4.0,-6.0,10,Hero,0.7743722975254059,0.9994174003601074
2484,3.5,-6.5,15,Hero,0.6658722080290318,0.999742575486501
2485,4.1000000000000005,-5.8999999999999995,9,Hero,0.9928707612885369,0.9999868472417196
2486,3.9000000000000004,-6.1,11,Hero,0.7764017527753656,0.9997036944736134
2487,3.5,-6.5,15,Hero,0.6623200039068858,0.9999879757563274
2488,3.8000000000000007,-6.199999999999999,12,Hero,0.7606002365549406,0.9997576971848806
2489,3.9000000000000004,-6.1,11,Hero,0.8973994309251959,0.9999167702414773
2490,3.9000000000000004,-6.1,11,Hero,0.9148663824254816,0.9998753883621909
2491,4.5,-5.5,5,Hero,0.8604568183422089,0.9999988317489624
2492,3.6000000000000005,-6.3999999999999995,14,Hero,0.800481915473938,0.9993914876665387
2493,4.2,-5.8,8,Hero,0.6895376862958074,0.9999902546405792
2494,-5.1,4.9,1,Villain,0.9993569254875183,0.9999229907989502
2495,4.6000000000000005,-5.3999999999999995,4,Hero,0.8279551565647125,0.9999918043613434
2496,3.8000000000000007,-6.199999999999999,12,Hero,0.9004087746143341,0.9998987764120102
2497,4.300000000000001,-5.699999999999999,7,Hero,0.7168694330113274,0.9999961512429374
2498,4.0,-6.0,10,Hero,0.9588503777980805,0.9999968528747558
2499,4.300000000000001,-5.699999999999999,7,Hero,0.7747239215033395,0.9999480417796544
2500,-6.7,3.3,17,Villain,0.5563067505478531,0.9999258483157438
2501,3.6000000000000005,-6.3999999999999995,14,Hero,0.7449886841433389,0.996245414018631
2502,3.6000000000000005,-6.3999999999999995,14,Hero,0.7925828290837151,0.9974729035581861
2503,4.7,-5.3,3,Hero,0.9967202544212341,0.9999972581863403
2504,4.4,-5.6,6,Hero,0.9448919892311096,0.9999905029932658
2505,4.0,-6.0,10,Hero,0.62457485049963,0.9999858736991882
2506,3.3,-6.7,17,Hero,0.7890050551470589,0.9793351958779728
2507,3.9000000000000004,-6.1,11,Hero,0.9300653771920637,0.9999950907447122
2508,4.5,-5.5,5,Hero,0.901405680179596,0.9999980688095093
2509,4.300000000000001,-5.699999999999999,7,Hero,0.8320388495922089,0.9999896117619106
2510,3.0999999999999996,-6.9,19,Hero,0.6679273702596363,0.9996011414025959
2511,4.2,-5.8,8,Hero,0.9097635000944138,0.9999784231185913
2512,4.300000000000001,-5.699999999999999,7,Hero,0.9978083797863552,0.9999736206872123
2513,4.6000000000000005,-5.3999999999999995,4,Hero,0.9974400252103806,0.9999936819076538
2514,4.7,-5.3,3,Hero,0.9792734185854594,0.9999949137369791
2515,4.4,-5.6,6,Hero,0.8460131386915842,0.9999982913335165
2516,3.7,-6.3,13,Hero,0.7864998709410429,0.9997851848602295
2517,4.5,-5.5,5,Hero,0.9072638750076294,0.9999906778335571
2518,4.0,-6.0,10,Hero,0.8232264786958694,0.9999671578407288
2519,4.1000000000000005,-5.8999999999999995,9,Hero,0.9996370010905795,0.9999086128340827
2520,4.7,-5.3,3,Hero,0.6425399879614512,0.9999997218449911
2521,3.3,-6.7,17,Hero,0.630412287571851,0.9997978455880109
2522,3.8000000000000007,-6.199999999999999,12,Hero,0.8640784348050753,0.9999800324440002
2523,-5.3,4.7,3,Villain,0.9994102319081625,0.9999159177144369
2524,4.800000000000001,-5.199999999999999,2,Hero,0.8347005546092987,0.9999945163726807
2525,3.8000000000000007,-6.199999999999999,12,Hero,0.8510897010564804,0.9998016059398651
2526,4.4,-5.6,6,Hero,0.9882117013136545,0.999997874101003
2527,4.4,-5.6,6,Hero,0.8995055456956228,0.9999864300092062
2528,3.9000000000000004,-6.1,11,Hero,0.8718901574611664,0.999927515333349
2529,3.5,-6.5,15,Hero,0.805273973941803,0.9983330488204956
2530,3.8000000000000007,-6.199999999999999,12,Hero,0.792834443350633,0.9979633539915085
2531,4.2,-5.8,8,Hero,0.7357094427570701,0.9999915361404419
2532,4.0,-6.0,10,Hero,0.7786752223968506,0.9998369097709656
2533,3.9000000000000004,-6.1,11,Hero,0.7405719946731221,0.9998054341836409
2534,4.6000000000000005,-5.3999999999999995,4,Hero,0.9694608598947525,0.9999983906745911
2535,4.7,-5.3,3,Hero,0.8041849434375763,0.9999929666519165
2536,4.4,-5.6,6,Hero,0.9353017807006836,0.999992569287618
2537,4.800000000000001,-5.199999999999999,2,Hero,0.9962416589260101,0.9999896287918091
2538,4.2,-5.8,8,Hero,0.9876926690340042,0.9999831318855286
2539,4.2,-5.8,8,Hero,0.9497272968292236,0.9999968856573105
2540,4.5,-5.5,5,Hero,0.9739660382270813,0.9999879360198974
2541,4.5,-5.5,5,Hero,0.846834373474121,0.9999577283859253
2542,3.5,-6.5,15,Hero,0.7607725063959757,0.9987272024154663
2543,3.2,-6.8,18,Hero,0.7138926991158061,0.9972735643386841
2544,3.7,-6.3,13,Hero,0.7542020919231268,0.9998894058741056
2545,4.4,-5.6,6,Hero,0.6289947306116422,0.9999900857607523
2546,4.5,-5.5,5,Hero,0.7841679155826569,0.999977970123291
2547,3.8000000000000007,-6.199999999999999,12,Hero,0.8946282664934794,0.9999465793371201
2548,3.8000000000000007,-6.199999999999999,12,Hero,0.81748316437006,0.9999621709187826
2549,4.800000000000001,-5.199999999999999,2,Hero,0.9795003831386566,0.999992311000824
2550,4.4,-5.6,6,Hero,0.9213110903898875,0.9999762376149496
2551,3.9000000000000004,-6.1,11,Hero,0.8848800320516933,0.9999887401407416
2552,3.4000000000000004,-6.6,16,Hero,0.7180664378684014,0.9996329843997955
2553,3.7,-6.3,13,Hero,0.720945839698498,0.9999489234044001
2554,4.5,-5.5,5,Hero,0.9247244358062744,0.9999977350234985
2555,4.2,-5.8,8,Hero,0.8602827377617359,0.9999201595783234
2556,4.0,-6.0,10,Hero,0.7697191804647445,0.9998661637306213
2557,3.4000000000000004,-6.6,16,Hero,0.7526143416762352,0.999245036393404
2558,4.2,-5.8,8,Hero,0.9026017487049103,0.9999793022871017
2559,3.5,-6.5,15,Hero,0.741107451915741,0.9997289141019186
2560,4.300000000000001,-5.699999999999999,7,Hero,0.9985134771892002,0.9999864442007882
2561,3.9000000000000004,-6.1,11,Hero,0.7565080035816539,0.9999627741900358
2562,3.8000000000000007,-6.199999999999999,12,Hero,0.8516892269253731,0.999406302968661
2563,3.8000000000000007,-6.199999999999999,12,Hero,0.8530587802330653,0.9998959104220072
2564,4.1000000000000005,-5.8999999999999995,9,Hero,0.9988546967506409,0.999983443154229
2565,4.2,-5.8,8,Hero,0.9983915090560913,0.9999984949827194
2566,4.4,-5.6,6,Hero,0.9272994498411814,0.9999799331029257
2567,3.7,-6.3,13,Hero,0.8211210094965421,0.9998482924241286
2568,3.4000000000000004,-6.6,16,Hero,0.8226256854832172,0.9983965754508972
2569,4.300000000000001,-5.699999999999999,7,Hero,0.8371389082499913,0.9999947037015643
2570,4.9,-5.1,1,Hero,0.9675827622413635,0.9999979734420776
2571,3.5,-6.5,15,Hero,0.743874678015709,0.9986754854520162
2572,4.4,-5.6,6,Hero,0.9319669107596079,0.9999830921490988
2573,3.9000000000000004,-6.1,11,Hero,0.8391281393441287,0.999874700199474
2574,3.9000000000000004,-6.1,11,Hero,0.7472570457241752,0.9991617148572748
2575,4.7,-5.3,3,Hero,0.8480973243713379,0.9999974171320597
2576,-5.3,4.7,3,Villain,0.9999825954437256,0.9999911785125732
2577,4.4,-5.6,6,Hero,0.995943009853363,0.9999900857607523
2578,3.7,-6.3,13,Hero,0.7994340199690598,0.9997325952236469
2579,3.2,-6.8,18,Hero,0.6739911403920915,0.9998634623156654
2580,4.5,-5.5,5,Hero,0.7798846185207366,0.9999545574188232
2581,4.300000000000001,-5.699999999999999,7,Hero,0.9968648041997638,0.9999934775488717
2582,4.5,-5.5,5,Hero,0.8162585139274597,0.9999605894088746
2583,3.4000000000000004,-6.6,16,Hero,0.8262910507619381,0.9980707168579102
2584,4.5,-5.5,5,Hero,0.8902469158172608,0.9999813079833985
2585,4.6000000000000005,-5.3999999999999995,4,Hero,0.8328326866030693,0.9999895989894867
2586,3.9000000000000004,-6.1,11,Hero,0.9397058107636191,0.9999788349325006
2587,3.9000000000000004,-6.1,11,Hero,0.7624395699663595,0.9988790046085011
2588,3.5,-6.5,15,Hero,0.7344904040296872,0.9999489148457845
2589,3.5,-6.5,15,Hero,0.7829551051060358,0.9990482807159424
2590,3.8000000000000007,-6.199999999999999,12,Hero,0.792492251843214,0.9998618811368942
2591,4.4,-5.6,6,Hero,0.9106345176696777,0.9999606410662333
2592,3.4000000000000004,-6.6,16,Hero,0.7589514181017876,0.9990624710917473
2593,4.2,-5.8,8,Hero,0.6803260291926563,0.9999255537986755
2594,4.2,-5.8,8,Hero,0.7752577289938927,0.9999561160802841
2595,4.0,-6.0,10,Hero,0.7263882905244827,0.9996939778327942
2596,3.7,-6.3,13,Hero,0.8336819983445681,0.9999149395869329
2597,4.300000000000001,-5.699999999999999,7,Hero,0.9403531040464129,0.9999899012701852
2598,4.0,-6.0,10,Hero,0.749822860956192,0.9999889850616455
2599,4.1000000000000005,-5.8999999999999995,9,Hero,0.9957205785645379,0.9999534421496921
2600,3.8000000000000007,-6.199999999999999,12,Hero,0.7984628832588593,0.9997704376777014
2601,4.300000000000001,-5.699999999999999,7,Hero,0.7709070348313877,0.9999845198222569
2602,3.9000000000000004,-6.1,11,Hero,0.8534785644574598,0.9997820962559093
2603,4.7,-5.3,3,Hero,0.8198823928833008,0.9999920924504598
2604,3.3,-6.7,17,Hero,0.6771249383249703,0.9999380111694336
2605,4.6000000000000005,-5.3999999999999995,4,Hero,0.9761558473110199,0.9999996423721313
2606,-5.1,4.9,1,Villain,0.9999802112579346,0.9999712705612183
2607,3.6000000000000005,-6.3999999999999995,14,Hero,0.7692009593759265,0.9969805266175952
2608,3.4000000000000004,-6.6,16,Hero,0.7132355580106378,0.9998946860432625
2609,4.7,-5.3,3,Hero,0.9877387086550394,0.9999723037083944
2610,4.5,-5.5,5,Hero,0.8691091895103454,0.9999792098999023
2611,4.1000000000000005,-5.8999999999999995,9,Hero,0.7999805741839938,0.9998710221714444
2612,3.7,-6.3,13,Hero,0.8633636625913473,0.9998754033675561
2613,4.1000000000000005,-5.8999999999999995,9,Hero,0.9341851307286156,0.9999913507037692
2614,3.7,-6.3,13,Hero,0.8374104591516348,0.9999663829803467
2615,-5.8,4.2,8,Villain,0.7327614314854145,0.9999938458204269
2616,3.9000000000000004,-6.1,11,Hero,0.6917789553038098,0.9990918148647655
2617,3.7,-6.3,13,Hero,0.8884966786091144,0.9992587107878464
2618,4.800000000000001,-5.199999999999999,2,Hero,0.8801946938037872,0.9999945163726807
2619,4.4,-5.6,6,Hero,0.8255900541941324,0.9999673962593079
2620,-6.1,3.9000000000000004,11,Villain,0.834594106132334,0.999961332841353
2621,3.9000000000000004,-6.1,11,Hero,0.8316231938925657,0.9988302480090748
2622,4.2,-5.8,8,Hero,0.798982267268002,0.999988779425621
2623,4.6000000000000005,-5.3999999999999995,4,Hero,0.723825104534626,0.9999688267707825
2624,3.4000000000000004,-6.6,16,Hero,0.7474862355738878,0.9979911781847477
2625,4.1000000000000005,-5.8999999999999995,9,Hero,0.6933531757030222,0.9999119308259752
2626,4.7,-5.3,3,Hero,0.956656813621521,0.9999957084655762
2627,4.6000000000000005,-5.3999999999999995,4,Hero,0.965528130531311,0.9999979734420776
2628,2.9,-7.1,21,Hero,0.6459167816099667,0.9931306838989258
2629,4.300000000000001,-5.699999999999999,7,Hero,0.9941568885530744,0.9999700103487287
2630,4.4,-5.6,6,Hero,0.8660132090250651,0.9999783635139465
2631,4.0,-6.0,10,Hero,0.7021925479173661,0.9999176800251007
2632,4.5,-5.5,5,Hero,0.7569241404533387,0.9999961853027344
2633,4.0,-6.0,10,Hero,0.9277095675468445,0.9999268233776093
2634,3.5,-6.5,15,Hero,0.7856801728407542,0.9991466482480367
2635,4.0,-6.0,10,Hero,0.7549866676330567,0.9999168038368225
2636,3.3,-6.7,17,Hero,0.7415571843876558,0.9375342946390018
2637,4.0,-6.0,10,Hero,0.8140252083539963,0.9998703300952911
2638,4.4,-5.6,6,Hero,0.8804835875829061,0.9999701579411825
2639,4.0,-6.0,10,Hero,0.9080179810523987,0.9998494684696198
2640,4.300000000000001,-5.699999999999999,7,Hero,0.6991008626563209,0.9999889816556659
2641,3.8000000000000007,-6.199999999999999,12,Hero,0.6797432703121254,0.9999680817127228
2642,4.4,-5.6,6,Hero,0.7497218406448761,0.999943474928538
2643,3.5,-6.5,15,Hero,0.7564237376054128,0.9962286829948426
2644,4.4,-5.6,6,Hero,0.7910591835776964,0.9999883770942688
2645,4.300000000000001,-5.699999999999999,7,Hero,0.8574876763990947,0.9999051349503654
2646,3.4000000000000004,-6.6,16,Hero,0.7823894955217838,0.9883891828358173
2647,4.0,-6.0,10,Hero,0.8960177227854729,0.9999720811843872
2648,4.5,-5.5,5,Hero,0.9429265975952148,0.9999941110610961
2649,4.1000000000000005,-5.8999999999999995,9,Hero,0.8646275053421656,0.9996388687027825
2650,4.1000000000000005,-5.8999999999999995,9,Hero,0.9319750600390964,0.9998689757453071
2651,3.7,-6.3,13,Hero,0.8321706641178864,0.9996645679840674
2652,4.7,-5.3,3,Hero,0.9961076776186625,0.9999863306681315
2653,4.0,-6.0,10,Hero,0.8684485077857971,0.9995714366436005
2654,4.5,-5.5,5,Hero,0.8760649681091308,0.9999626636505127
2655,4.4,-5.6,6,Hero,0.8769762615362803,0.9999679327011108
2656,4.300000000000001,-5.699999999999999,7,Hero,0.9143398148672921,0.9999463217599052
2657,3.6000000000000005,-6.3999999999999995,14,Hero,0.7480140498706273,0.9999209259237561
2658,4.4,-5.6,6,Hero,0.7776115462183952,0.9999799331029257
2659,4.6000000000000005,-5.3999999999999995,4,Hero,0.9836558699607849,0.9999883770942688
2660,4.300000000000001,-5.699999999999999,7,Hero,0.853680065699986,0.9999739953449794
2661,4.1000000000000005,-5.8999999999999995,9,Hero,0.787800477610694,0.9997513095537821
2662,3.3,-6.7,17,Hero,0.7435491260360269,0.998664000455071
2663,4.6000000000000005,-5.3999999999999995,4,Hero,0.8632340282201767,0.9999760091304779
2664,4.5,-5.5,5,Hero,0.8964507460594178,0.9999428510665893
2665,4.6000000000000005,-5.3999999999999995,4,Hero,0.9541873782873154,0.9999986290931702
2666,-6.3999999999999995,3.6000000000000005,14,Villain,0.7369354303394046,0.9996209357466016
2667,4.5,-5.5,5,Hero,0.7785059332847595,0.9999629497528076
2668,4.4,-5.6,6,Hero,0.9924015402793884,0.9999336302280426
2669,4.1000000000000005,-5.8999999999999995,9,Hero,0.8747769726647271,0.9993884894582961
2670,4.1000000000000005,-5.8999999999999995,9,Hero,0.8590655624866486,0.9998735388120016
2671,4.9,-5.1,1,Hero,0.4922356903553009,0.9999957084655762
2672,3.2,-6.8,18,Hero,0.7375081148412492,0.9916736019982232
2673,4.1000000000000005,-5.8999999999999995,9,Hero,0.9098498026529948,0.9999384350246854
2674,4.800000000000001,-5.199999999999999,2,Hero,0.9941627085208893,0.9999784231185913
2675,4.5,-5.5,5,Hero,0.9986161828041077,0.9999898672103882
2676,4.2,-5.8,8,Hero,0.9071227684617043,0.9999109208583832
2677,3.7,-6.3,13,Hero,0.7483384402898642,0.9998340423290546
2678,3.7,-6.3,13,Hero,0.7522873574724565,0.9998638354814969
2679,3.3,-6.7,17,Hero,0.6736591927268926,0.9403609844910747
2680,4.7,-5.3,3,Hero,0.960447351137797,0.9999952713648478
2681,3.6000000000000005,-6.3999999999999995,14,Hero,0.6974485282387052,0.997394255229405
2682,3.7,-6.3,13,Hero,0.6841568981225674,0.9999310878606943
2683,4.1000000000000005,-5.8999999999999995,9,Hero,0.9612449341350131,0.9999646213319566
2684,4.0,-6.0,10,Hero,0.7973308950662613,0.9996188282966614
2685,-5.1,4.9,1,Villain,0.9916593432426453,0.9997841715812683
2686,3.6000000000000005,-6.3999999999999995,14,Hero,0.7547876132386071,0.999971057687487
2687,3.7,-6.3,13,Hero,0.7101466311858251,0.9997584452995887
2688,4.300000000000001,-5.699999999999999,7,Hero,0.761341678244727,0.9999765498297555
2689,3.9000000000000004,-6.1,11,Hero,0.7938011071898721,0.999839419668371
2690,4.2,-5.8,8,Hero,0.8394934013485909,0.9999928623437881
2691,3.8000000000000007,-6.199999999999999,12,Hero,0.8249070569872856,0.9999917149543762
2692,4.1000000000000005,-5.8999999999999995,9,Hero,0.9141720897621579,0.9999133745829264
2693,3.6000000000000005,-6.3999999999999995,14,Hero,0.7668919499431338,0.9990303260939462
2694,4.300000000000001,-5.699999999999999,7,Hero,0.8469053123678479,0.9999319570405143
2695,4.2,-5.8,8,Hero,0.9949700832366943,0.999981477856636
2696,4.2,-5.8,8,Hero,0.9980413913726807,0.9999576508998871
2697,4.0,-6.0,10,Hero,0.934789726138115,0.9997905373573304
2698,2.9,-7.1,21,Hero,0.6517189180567151,0.9993389930043902
2699,4.5,-5.5,5,Hero,0.9964043140411377,0.9999056458473206
2700,3.6000000000000005,-6.3999999999999995,14,Hero,0.7835416463868958,0.9997010443891797
2701,4.6000000000000005,-5.3999999999999995,4,Hero,0.9956431239843369,0.9999970197677612
2702,4.1000000000000005,-5.8999999999999995,9,Hero,0.7545463608370887,0.9995191031032138
2703,4.300000000000001,-5.699999999999999,7,Hero,0.9965749893869672,0.9999877555029733
2704,4.1000000000000005,-5.8999999999999995,9,Hero,0.9360567231973013,0.9997066722975837
2705,-5.3999999999999995,4.6000000000000005,4,Villain,0.9999895989894867,0.9999852776527405
2706,4.4,-5.6,6,Hero,0.9944116373856863,0.9999075631300608
2707,4.0,-6.0,10,Hero,0.8114248663187027,0.9999390780925751
2708,3.8000000000000007,-6.199999999999999,12,Hero,0.8305032427112261,0.9993393421173096
2709,4.300000000000001,-5.699999999999999,7,Hero,0.7556310924036163,0.99995676108769
2710,3.9000000000000004,-6.1,11,Hero,0.6728169254281304,0.9999925331635908
2711,3.6000000000000005,-6.3999999999999995,14,Hero,0.7654439147029605,0.9936316183635167
2712,4.2,-5.8,8,Hero,0.953098900616169,0.9999752789735794
2713,4.1000000000000005,-5.8999999999999995,9,Hero,0.8313423560725318,0.9998446967866685
2714,4.300000000000001,-5.699999999999999,7,Hero,0.7653260231018066,0.9999763114111764
2715,3.8000000000000007,-6.199999999999999,12,Hero,0.7378057564298311,0.9995529999335607
2716,4.300000000000001,-5.699999999999999,7,Hero,0.9126901626586914,0.9997406857354301
2717,3.4000000000000004,-6.6,16,Hero,0.7398143447935581,0.9970031678676605
2718,4.9,-5.1,1,Hero,0.3488868474960327,0.9999971389770508
2719,4.6000000000000005,-5.3999999999999995,4,Hero,0.8612908869981766,0.9999618232250214
2720,3.4000000000000004,-6.6,16,Hero,0.7257658713497221,0.992596473544836
2721,4.1000000000000005,-5.8999999999999995,9,Hero,0.8312688287761476,0.9996677107281156
2722,-5.1,4.9,1,Villain,0.9999991655349731,0.9999604225158691
2723,4.0,-6.0,10,Hero,0.873495252430439,0.9999453663825989
2724,4.9,-5.1,1,Hero,0.5767039656639099,0.999996542930603
2725,4.300000000000001,-5.699999999999999,7,Hero,0.9827399935041156,0.9999679497310093
2726,4.9,-5.1,1,Hero,0.9871784448623657,0.9999977350234985
2727,4.6000000000000005,-5.3999999999999995,4,Hero,0.8392807021737099,0.999973326921463
2728,3.8000000000000007,-6.199999999999999,12,Hero,0.7899192795157433,0.9998154987891515
2729,3.6000000000000005,-6.3999999999999995,14,Hero,0.7050318097961801,0.9279691364083972
2730,3.6000000000000005,-6.3999999999999995,14,Hero,0.8141618818044662,0.9994980139391763
2731,4.0,-6.0,10,Hero,0.8894117563962937,0.9994034171104431
2732,4.4,-5.6,6,Hero,0.9131863613923391,0.9999779462814331
2733,4.2,-5.8,8,Hero,0.9237195961177349,0.9999769032001495
2734,3.8000000000000007,-6.199999999999999,12,Hero,0.7033109366893768,0.9997870624065399
2735,4.5,-5.5,5,Hero,0.9947735071182251,0.9999902486801148
2736,4.0,-6.0,10,Hero,0.7170705944299698,0.9996002316474915
2737,3.7,-6.3,13,Hero,0.7174195716014276,0.9988362743304326
2738,4.300000000000001,-5.699999999999999,7,Hero,0.9983711668423244,0.9999887432370868
2739,3.7,-6.3,13,Hero,0.867469819692465,0.9986137701914861
2740,4.0,-6.0,10,Hero,0.8606013774871826,0.9999348759651184
2741,-5.5,4.5,5,Villain,0.9483085036277771,0.9999924659729004
2742,4.4,-5.6,6,Hero,0.9844741423924764,0.9999862114588419
2743,4.1000000000000005,-5.8999999999999995,9,Hero,0.8661275174882677,0.999881280793084
2744,3.8000000000000007,-6.199999999999999,12,Hero,0.7859004388252894,0.9999527384837469
2745,-5.6,4.4,6,Villain,0.9988087515036265,0.9999963641166687
2746,4.1000000000000005,-5.8999999999999995,9,Hero,0.8787299593289694,0.9997468855645921
2747,4.1000000000000005,-5.8999999999999995,9,Hero,0.9982670744260153,0.9999791781107584
2748,4.1000000000000005,-5.8999999999999995,9,Hero,0.8744029568301307,0.9999801715215048
2749,3.9000000000000004,-6.1,11,Hero,0.9087495695460927,0.9999883500012484
2750,3.7,-6.3,13,Hero,0.8267958255914541,0.9998824779803936
2751,-5.3,4.7,3,Villain,0.9999904632568359,0.9999725023905436
2752,4.2,-5.8,8,Hero,0.9066623225808144,0.9999715387821198
2753,3.6000000000000005,-6.3999999999999995,14,Hero,0.711312758071082,0.999968443598066
2754,4.4,-5.6,6,Hero,0.8915779292583466,0.999984085559845
2755,4.800000000000001,-5.199999999999999,2,Hero,0.5003753639757633,0.999995768070221
2756,4.0,-6.0,10,Hero,0.939636954665184,0.9999737501144409
2757,4.300000000000001,-5.699999999999999,7,Hero,0.7862237649304527,0.9999227098056248
2758,4.300000000000001,-5.699999999999999,7,Hero,0.5910695361505661,0.9999722582953317
2759,4.1000000000000005,-5.8999999999999995,9,Hero,0.9993797408209907,0.9999861982133653
2760,4.0,-6.0,10,Hero,0.6578431766480207,0.9999799489974975
2761,4.0,-6.0,10,Hero,0.9139079272747039,0.9999888181686402
2762,4.300000000000001,-5.699999999999999,7,Hero,0.7009432443550655,0.9999852010181972
2763,4.1000000000000005,-5.8999999999999995,9,Hero,0.990301423602634,0.9999871253967285
2764,4.9,-5.1,1,Hero,0.9959664344787598,0.9999957084655762
2765,4.300000000000001,-5.699999999999999,7,Hero,0.9853774905204773,0.9999926090240479
2766,-5.199999999999999,4.800000000000001,2,Villain,0.9997393786907196,0.9999740123748779
2767,3.9000000000000004,-6.1,11,Hero,0.8820171993098814,0.9999654726548628
2768,4.300000000000001,-5.699999999999999,7,Hero,0.949340317930494,0.9999712705612183
2769,4.0,-6.0,10,Hero,0.7631885185837746,0.9998809635639191
2770,4.4,-5.6,6,Hero,0.902278741200765,0.9999975363413492
2771,3.2,-6.8,18,Hero,0.7187351700332429,0.9983871810966067
2772,4.0,-6.0,10,Hero,0.9691885530948638,0.999980115890503
2773,4.2,-5.8,8,Hero,0.8566585425287485,0.9999740868806839
2774,3.6000000000000005,-6.3999999999999995,14,Hero,0.8431211124573436,0.9998013717787606
2775,4.5,-5.5,5,Hero,0.9798428654670716,0.9999835729598999
2776,3.8000000000000007,-6.199999999999999,12,Hero,0.8806804219881693,0.9999594688415527
2777,4.800000000000001,-5.199999999999999,2,Hero,0.9968529045581818,0.9999962449073792
2778,4.9,-5.1,1,Hero,0.935005247592926,0.9999997615814209
2779,3.4000000000000004,-6.6,16,Hero,0.7960262978449464,0.9973627887666225
2780,-5.199999999999999,4.800000000000001,2,Villain,0.9999988079071045,0.999963641166687
2781,3.7,-6.3,13,Hero,0.8192388060001227,0.9995611814352182
2782,4.0,-6.0,10,Hero,0.7595426604151726,0.9999474585056305
2783,4.300000000000001,-5.699999999999999,7,Hero,0.9118256824357169,0.9999762943812779
2784,3.6000000000000005,-6.3999999999999995,14,Hero,0.8551719231264931,0.9988939676965986
2785,3.7,-6.3,13,Hero,0.7228377561729687,0.999777995623075
2786,4.1000000000000005,-5.8999999999999995,9,Hero,0.7923134366671244,0.999948177072737
2787,4.7,-5.3,3,Hero,0.6737021207809448,0.9999886353810629
2788,3.7,-6.3,13,Hero,0.659065496463042,0.999976974267226
2789,4.4,-5.6,6,Hero,0.8019914415975412,0.9999929269154867
2790,3.7,-6.3,13,Hero,0.822424876002165,0.999339773104741
2791,3.9000000000000004,-6.1,11,Hero,0.7945206625895067,0.9999780546535145
2792,4.9,-5.1,1,Hero,0.9843481183052063,0.9999949932098389
2793,4.0,-6.0,10,Hero,0.8408087432384491,0.9999559462070465
2794,4.0,-6.0,10,Hero,0.7723340272903443,0.9999865651130676
2795,4.4,-5.6,6,Hero,0.9972006777922312,0.9999903241793314
2796,4.1000000000000005,-5.8999999999999995,9,Hero,0.8004489574167464,0.999887141916487
2797,-5.5,4.5,5,Villain,0.7913273870944977,0.9992641091346741
2798,3.8000000000000007,-6.199999999999999,12,Hero,0.9051298300425211,0.999811997016271
2799,3.0999999999999996,-6.9,19,Hero,0.6519507750084526,0.9997085238757887
2800,-5.6,4.4,6,Villain,0.999966025352478,0.9999910394350687
2801,-5.3,4.7,3,Villain,0.4488827586174011,0.9981554746627808
2802,4.1000000000000005,-5.8999999999999995,9,Hero,0.76509071720971,0.9999570846557617
2803,3.5,-6.5,15,Hero,0.7461448689301808,0.9999051014582316
2804,3.4000000000000004,-6.6,16,Hero,0.676633040420711,0.9978970587253571
2805,3.9000000000000004,-6.1,11,Hero,0.7760897314345295,0.9998674392700195
2806,4.2,-5.8,8,Hero,0.9762326404452324,0.9999873787164688
2807,4.1000000000000005,-5.8999999999999995,9,Hero,0.817231512731976,0.9999843703375922
2808,4.800000000000001,-5.199999999999999,2,Hero,0.8568070828914642,0.9999944567680359
2809,2.4999999999999996,-7.5,25,Hero,0.6201608148217201,0.9998516535758972
2810,4.1000000000000005,-5.8999999999999995,9,Hero,0.9065683020485772,0.9999518129560683
2811,4.9,-5.1,1,Hero,0.8477553725242615,0.9999966621398926
2812,4.1000000000000005,-5.8999999999999995,9,Hero,0.9215294983651903,0.9997466140323215
2813,4.300000000000001,-5.699999999999999,7,Hero,0.9017076322010585,0.9999931880405971
2814,4.1000000000000005,-5.8999999999999995,9,Hero,0.9965000483724806,0.9999901983473036
2815,3.5,-6.5,15,Hero,0.6850455194711685,0.999753725528717
2816,-5.6,4.4,6,Villain,0.7979505211114883,0.999991238117218
2817,4.4,-5.6,6,Hero,0.9975937604904175,0.9999948541323344
2818,3.6000000000000005,-6.3999999999999995,14,Hero,0.7761630479778562,0.9999421664646694
2819,3.8000000000000007,-6.199999999999999,12,Hero,0.629940900253132,0.9999851981798807
2820,3.5,-6.5,15,Hero,0.7779755875468254,0.9999857187271118
2821,3.6000000000000005,-6.3999999999999995,14,Hero,0.7971529683896473,0.99978626200131
2822,4.0,-6.0,10,Hero,0.7466082900762558,0.9998764872550965
2823,3.9000000000000004,-6.1,11,Hero,0.8544909737326882,0.9999900189313021
2824,3.6000000000000005,-6.3999999999999995,14,Hero,0.7805756527398314,0.9999925153596061
2825,3.7,-6.3,13,Hero,0.8148007461657891,0.9991519634540265
2826,3.7,-6.3,13,Hero,0.7802114074046795,0.9999162646440359
2827,3.9000000000000004,-6.1,11,Hero,0.8814408616586165,0.9997959733009338
2828,3.8000000000000007,-6.199999999999999,12,Hero,0.8493781760334969,0.9999651710192362
2829,4.2,-5.8,8,Hero,0.8145577143877745,0.9999840408563614
2830,4.1000000000000005,-5.8999999999999995,9,Hero,0.8752321104208628,0.9999938540988498
2831,4.9,-5.1,1,Hero,0.3754587769508362,0.999997615814209
2832,3.6000000000000005,-6.3999999999999995,14,Hero,0.7828057876655033,0.999988147190639
2833,4.6000000000000005,-5.3999999999999995,4,Hero,0.8108605369925499,0.9999983012676239
2834,2.099999999999999,-7.9,29,Hero,0.6458089698491425,0.9998057936799938
2835,3.6000000000000005,-6.3999999999999995,14,Hero,0.8398365122931344,0.9999935626983643
2836,2.9,-7.1,21,Hero,0.609198139891738,0.9999258603368487
2837,3.2,-6.8,18,Hero,0.7880379309256872,0.9999305639002058
2838,4.300000000000001,-5.699999999999999,7,Hero,0.707373420042651,0.9999531592641558
2839,3.0999999999999996,-6.9,19,Hero,0.733043372631073,0.8861961670612034
2840,3.8000000000000007,-6.199999999999999,12,Hero,0.727156020506906,0.99997878074646
2841,3.6000000000000005,-6.3999999999999995,14,Hero,0.7963659156646047,0.9991124272346497
2842,3.8000000000000007,-6.199999999999999,12,Hero,0.7193954785664877,0.9999377777179083
2843,-6.7,3.3,17,Villain,0.7908297856064403,0.9999755691079533
2844,4.800000000000001,-5.199999999999999,2,Hero,0.9919905662536621,0.9999970197677612
2845,3.7,-6.3,13,Hero,0.7132160319731786,0.9999876205737774
2846,4.1000000000000005,-5.8999999999999995,9,Hero,0.8367650972472297,0.999950561258528
2847,3.9000000000000004,-6.1,11,Hero,0.9250783920288086,0.999977783723311
2848,4.300000000000001,-5.699999999999999,7,Hero,0.9161389725548881,0.9999969857079642
2849,3.4000000000000004,-6.6,16,Hero,0.7580608613789082,0.9998321682214737
2850,3.9000000000000004,-6.1,11,Hero,0.8719925419850783,0.9999711405147206
2851,3.7,-6.3,13,Hero,0.8107586548878596,0.9996366684253399
2852,3.2,-6.8,18,Hero,0.7422526975472769,0.998287730746799
2853,4.0,-6.0,10,Hero,0.8157435059547424,0.9999627828598022
2854,4.2,-5.8,8,Hero,0.8011838346719742,0.9999418333172798
2855,3.6000000000000005,-6.3999999999999995,14,Hero,0.7713830449751445,0.996801495552063
2856,4.6000000000000005,-5.3999999999999995,4,Hero,0.9954568445682526,0.999989926815033
2857,4.7,-5.3,3,Hero,0.9891736308733622,0.999997059504191
2858,4.800000000000001,-5.199999999999999,2,Hero,0.801909327507019,0.9999969601631165
2859,4.7,-5.3,3,Hero,0.9949856003125509,0.9999958276748657
2860,4.9,-5.1,1,Hero,0.9577721357345581,0.9999988079071045
2861,4.0,-6.0,10,Hero,0.8867302566766739,0.9999288856983185
2862,3.9000000000000004,-6.1,11,Hero,0.7614953192797574,0.9999668164686724
2863,4.0,-6.0,10,Hero,0.9403676569461823,0.999856150150299
2864,3.8000000000000007,-6.199999999999999,12,Hero,0.8468322468300661,0.9997577418883642
2865,4.0,-6.0,10,Hero,0.8768988870084286,0.999990713596344
2866,4.300000000000001,-5.699999999999999,7,Hero,0.7557180055550167,0.9999818461281913
2867,4.2,-5.8,8,Hero,0.9466620162129402,0.9999356269836426
2868,3.3,-6.7,17,Hero,0.7453613048967194,0.9338428718859658
2869,4.5,-5.5,5,Hero,0.9915020227432251,0.9999979257583618
2870,4.7,-5.3,3,Hero,0.9846288561820984,0.9999960660934448
2871,3.8000000000000007,-6.199999999999999,12,Hero,0.8425236940383911,0.999822070201238
2872,3.3,-6.7,17,Hero,0.7322903761968893,0.9999735425500309
2873,3.5,-6.5,15,Hero,0.8280057728290557,0.9996261994043986
2874,4.7,-5.3,3,Hero,0.9932490388552347,0.9999967018763224
2875,4.2,-5.8,8,Hero,0.9979902729392052,0.9999762326478958
2876,4.2,-5.8,8,Hero,0.9145891666412354,0.999969407916069
2877,3.3,-6.7,17,Hero,0.690364721505081,0.9998573064804077
2878,4.0,-6.0,10,Hero,0.8855930626392364,0.9999782323837281
2879,4.5,-5.5,5,Hero,0.9181132912635803,0.9999940395355225
2880,4.0,-6.0,10,Hero,0.8971858978271484,0.999966824054718
2881,4.0,-6.0,10,Hero,0.9597156405448913,0.9999773621559143
2882,4.7,-5.3,3,Hero,0.9835562109947205,0.9999991257985433
2883,4.2,-5.8,8,Hero,0.8978804349899292,0.999986082315445
2884,4.1000000000000005,-5.8999999999999995,9,Hero,0.8398768636915419,0.9999655352698432
2885,4.5,-5.5,5,Hero,0.7991160452365875,0.9999933958053588
2886,4.0,-6.0,10,Hero,0.7021584004163742,0.9999670147895813
2887,4.1000000000000005,-5.8999999999999995,9,Hero,0.8622391025225321,0.9999389714664884
2888,4.5,-5.5,5,Hero,0.9961306691169739,0.9999974012374878
2889,3.0999999999999996,-6.9,19,Hero,0.6455955852411295,0.9999509547886095
2890,4.2,-5.8,8,Hero,0.9989358708262444,0.999983549118042
2891,4.6000000000000005,-5.3999999999999995,4,Hero,0.652036752551794,0.9999977648258209
2892,3.2,-6.8,18,Hero,0.6269909740529127,0.9993959003024631
2893,3.5,-6.5,15,Hero,0.7523674309253693,0.9999618609746297
2894,4.5,-5.5,5,Hero,0.9944568753242493,0.999980115890503
2895,4.9,-5.1,1,Hero,0.5398390889167786,0.9999966621398926
2896,4.1000000000000005,-5.8999999999999995,9,Hero,0.9058503773477342,0.999974701139662
2897,4.4,-5.6,6,Hero,0.7768673971295357,0.9999930659929911
2898,4.6000000000000005,-5.3999999999999995,4,Hero,0.7763816118240356,0.9999983310699463
2899,3.7,-6.3,13,Hero,0.7630385360322319,0.9998934314801142
2900,4.0,-6.0,10,Hero,0.6449046060442924,0.9999459028244019
2901,3.6000000000000005,-6.3999999999999995,14,Hero,0.7362231910228729,0.9996344574860164
2902,-5.3999999999999995,4.6000000000000005,4,Villain,0.9782653003931046,0.999984472990036
2903,-5.3,4.7,3,Villain,0.9998447100321451,0.9999961853027344
2904,3.7,-6.3,13,Hero,0.7179179747517292,0.9998276783869817
2905,3.5,-6.5,15,Hero,0.7354542131225268,0.999898080031077
2906,3.8000000000000007,-6.199999999999999,12,Hero,0.8219035615523657,0.9998835523923238
2907,-5.8999999999999995,4.1000000000000005,9,Villain,0.7118947009245554,0.9999788867102729
2908,3.9000000000000004,-6.1,11,Hero,0.8375043002041903,0.9998013377189636
2909,3.6000000000000005,-6.3999999999999995,14,Hero,0.7750984132289886,0.9999251365661621
2910,4.2,-5.8,8,Hero,0.73083421215415,0.9998705983161926
2911,4.7,-5.3,3,Hero,0.9632958372433981,0.9999925295511881
2912,3.5,-6.5,15,Hero,0.7823712925116221,0.9999366362889608
2913,4.300000000000001,-5.699999999999999,7,Hero,0.7928434525217328,0.9999666043690273
2914,4.300000000000001,-5.699999999999999,7,Hero,0.8711950778961182,0.9999879087720599
2915,4.5,-5.5,5,Hero,0.9290233492851258,0.9999958753585816
2916,4.5,-5.5,5,Hero,0.8035485714673996,0.9999775171279908
2917,3.7,-6.3,13,Hero,0.7504162077720349,0.999638937986814
2918,4.9,-5.1,1,Hero,0.593944787979126,0.9999998807907104
2919,4.1000000000000005,-5.8999999999999995,9,Hero,0.9601993163426717,0.9999894830915663
2920,4.300000000000001,-5.699999999999999,7,Hero,0.5245451618518148,0.9999987738473075
2921,3.8000000000000007,-6.199999999999999,12,Hero,0.8556351487835249,0.9999816417694092
2922,4.4,-5.6,6,Hero,0.7858304580052694,0.9999817212422689
2923,4.4,-5.6,6,Hero,0.8186087409655253,0.9999875624974569
2924,3.9000000000000004,-6.1,11,Hero,0.9491775198416277,0.9998579675501044
2925,-7.0,3.0,20,Villain,0.735196377336979,0.9999548435211182
2926,3.6000000000000005,-6.3999999999999995,14,Hero,0.8001236319541931,0.9998435378074646
2927,3.9000000000000004,-6.1,11,Hero,0.8668307878754355,0.99998939037323
2928,-5.3999999999999995,4.6000000000000005,4,Villain,0.480892900377512,0.9999549686908722
2929,3.5,-6.5,15,Hero,0.754387350877126,0.9998239795366923
2930,4.2,-5.8,8,Hero,0.8391370214521885,0.999971330165863
2931,3.8000000000000007,-6.199999999999999,12,Hero,0.85655582183972,0.9999430676301321
2932,4.4,-5.6,6,Hero,0.7844115098317465,0.999994138876597
2933,4.6000000000000005,-5.3999999999999995,4,Hero,0.9558165967464447,0.9999959170818329
2934,-4.999999999999998,-4.999999999999998,50,None,0.7148269125819207,0.9999875688552856
2935,3.9000000000000004,-6.1,11,Hero,0.6692334779284217,0.9999600757252086
2936,3.8000000000000007,-6.199999999999999,12,Hero,0.7281967516658673,0.9998771945635477
2937,4.1000000000000005,-5.8999999999999995,9,Hero,0.7403485228617986,0.9997820324367948
2938,4.300000000000001,-5.699999999999999,7,Hero,0.9975744911602565,0.9999836342675346
2939,4.2,-5.8,8,Hero,0.9587274789810181,0.9999275580048561
2940,3.7,-6.3,13,Hero,0.739327073097229,0.9992929926285377
2941,2.5999999999999996,-7.4,24,Hero,0.5566322642068068,0.9999759743611017
2942,4.2,-5.8,8,Hero,0.865041010081768,0.9999783337116241
2943,4.2,-5.8,8,Hero,0.9617552310228348,0.9999232515692711
2944,3.9000000000000004,-6.1,11,Hero,0.790346123278141,0.9999884583733298
2945,4.1000000000000005,-5.8999999999999995,9,Hero,0.9222774108250936,0.9999785158369277
2946,-5.3999999999999995,4.6000000000000005,4,Villain,0.9938256591558456,0.9999924302101135
2947,3.3,-6.7,17,Hero,0.7739164145553813,0.999915410490597
2948,4.6000000000000005,-5.3999999999999995,4,Hero,0.6166371777653694,0.9999960660934448
2949,4.6000000000000005,-5.3999999999999995,4,Hero,0.9179526567459106,0.9999953806400299
2950,4.1000000000000005,-5.8999999999999995,9,Hero,0.8606018556488885,0.9999178118175931
2951,3.7,-6.3,13,Hero,0.7196862514202411,0.9999583913729742
2952,4.6000000000000005,-5.3999999999999995,4,Hero,0.818925678730011,0.9999870955944061
2953,1.3999999999999986,-8.600000000000001,36,Hero,0.6093370746821165,0.9999961256980896
2954,4.800000000000001,-5.199999999999999,2,Hero,0.8454293012619019,0.999997615814209
2955,4.1000000000000005,-5.8999999999999995,9,Hero,0.8504954940742917,0.9999675750732422
2956,4.9,-5.1,1,Hero,0.5328406691551208,0.9999979734420776
2957,4.9,-5.1,1,Hero,0.951900839805603,0.9999978542327881
2958,4.5,-5.5,5,Hero,0.8911453366279602,0.9999765396118164
2959,4.800000000000001,-5.199999999999999,2,Hero,0.9873393476009369,0.9999956488609314
2960,4.300000000000001,-5.699999999999999,7,Hero,0.6863903147833688,0.9999950442995343
2961,2.6999999999999997,-7.300000000000001,23,Hero,0.6308444537546324,0.9999673677527386
2962,4.5,-5.5,5,Hero,0.7944674611091613,0.9999912500381469
2963,3.0999999999999996,-6.9,19,Hero,0.7020674167495025,0.9998224126665216
2964,3.2,-6.8,18,Hero,0.742014742973778,0.9999916089905633
2965,3.8000000000000007,-6.199999999999999,12,Hero,0.8238313707212607,0.9999685684839884
2966,4.5,-5.5,5,Hero,0.6933246672153472,0.999998664855957
2967,3.3,-6.7,17,Hero,0.8240337051889476,0.9999964587828692
2968,3.2,-6.8,18,Hero,0.8368829463919004,0.9999936885303922
2969,3.8000000000000007,-6.199999999999999,12,Hero,0.8099416134258112,0.999956950545311
2970,4.0,-6.0,10,Hero,0.8421903848648071,0.9998892903327942
2971,3.9000000000000004,-6.1,11,Hero,0.8541604592041536,0.9999886642802845
2972,4.2,-5.8,8,Hero,0.757236672565341,0.9999890774488449
2973,4.5,-5.5,5,Hero,0.6135419368743896,0.9999980211257935
2974,4.300000000000001,-5.699999999999999,7,Hero,0.6834254690579006,0.9999970878873553
2975,4.7,-5.3,3,Hero,0.8613933523495992,0.9999928871790568
2976,4.4,-5.6,6,Hero,0.909510980049769,0.999981701374054
2977,4.4,-5.6,6,Hero,0.7094145386169354,0.9999946753184
2978,3.8000000000000007,-6.199999999999999,12,Hero,0.690098670621713,0.9999602238337199
2979,4.0,-6.0,10,Hero,0.7846349745988845,0.9999545514583588
2980,4.5,-5.5,5,Hero,0.8686139285564423,0.9999921560287476
2981,4.1000000000000005,-5.8999999999999995,9,Hero,0.7775291783942117,0.9999712573157417
2982,4.2,-5.8,8,Hero,0.9408799558877945,0.9999787509441376
2983,3.7,-6.3,13,Hero,0.7262521202747638,0.9998482419894292
2984,4.6000000000000005,-5.3999999999999995,4,Hero,0.9943152219057083,0.9999953210353851
2985,4.7,-5.3,3,Hero,0.7408072749773661,0.9999986489613851
2986,3.9000000000000004,-6.1,11,Hero,0.8256863951683044,0.9994026368314569
2987,4.5,-5.5,5,Hero,0.7894960403442383,0.9999820470809937
2988,4.0,-6.0,10,Hero,0.8816260695457458,0.9999255657196044
2989,4.1000000000000005,-5.8999999999999995,9,Hero,0.814812613858117,0.9998192058669196
2990,-5.199999999999999,4.800000000000001,2,Villain,0.9999791979789734,0.9999922513961792
2991,4.800000000000001,-5.199999999999999,2,Hero,0.49107247591018677,0.9999980926513672
2992,3.8000000000000007,-6.199999999999999,12,Hero,0.7943523240586122,0.9997766514619192
2993,4.5,-5.5,5,Hero,0.610046774148941,0.9999982833862304
2994,4.2,-5.8,8,Hero,0.7995965592563152,0.9998792707920074
2995,3.0,-7.0,20,Hero,0.7397050783038139,0.99864641726017
2996,4.300000000000001,-5.699999999999999,7,Hero,0.9976931980678013,0.9999959809439523
2997,4.300000000000001,-5.699999999999999,7,Hero,0.810703443629401,0.9999878236225673
2998,4.7,-5.3,3,Hero,0.9948705037434896,0.9999953508377075
2999,3.7,-6.3,13,Hero,0.8116467956167001,0.9995273856016306
3000,3.8000000000000007,-6.199999999999999,12,Hero,0.8463379008074602,0.9992999583482742
