episode,hero_reward,villain_reward,steps,winner,hero_avg_prob,villain_avg_prob
1,-8.500000000000002,1.4999999999999987,35,Villain,0.27533951827457975,0.300118436557906
2,-9.99999999999998,-9.99999999999998,100,None,0.33115895111113786,0.4720961059257388
3,-9.99999999999998,-9.99999999999998,100,None,0.3922603152692318,0.5218253675289453
4,-7.300000000000001,2.6999999999999997,23,Villain,0.29882213862045953,0.33764528839484503
5,-9.99999999999998,-9.99999999999998,100,None,0.4096774306893349,0.322748399823904
6,-9.99999999999998,-9.99999999999998,100,None,0.5831007598154246,0.37023641189560297
7,-9.99999999999998,-9.99999999999998,100,None,0.3894832802191377,0.33231063045561315
8,-9.99999999999998,-9.99999999999998,100,None,0.3379695538058877,0.335403105057776
9,-6.199999999999999,3.8000000000000007,12,Villain,0.26390886430939037,0.33573049927751225
10,-9.99999999999998,-9.99999999999998,100,None,0.5052176343090832,0.49015456434339283
11,-9.99999999999998,-9.99999999999998,100,None,0.4655143717676401,0.3740765498764813
12,-7.1,2.9,21,Villain,0.2857613269062269,0.3665732258842105
13,4.0,-6.0,10,Hero,0.28604280278086663,0.321777181327343
14,-9.99999999999998,-9.99999999999998,100,None,0.6669644393026829,0.5535845504142344
15,-6.8,3.2,18,Villain,0.4014129564166069,0.4364919020897812
16,-9.99999999999998,-9.99999999999998,100,None,0.7363137693330646,0.5106955690681935
17,2.3999999999999995,-7.6000000000000005,26,Hero,0.6001981671612996,0.5129247789199536
18,-9.99999999999998,-9.99999999999998,100,None,0.7065072839707136,0.44985557414591315
19,-9.99999999999998,-9.99999999999998,100,None,0.7878364466968923,0.5212790154851973
20,4.800000000000001,-5.199999999999999,2,Hero,0.44713401421904564,0.19721392542123795
21,-2.1999999999999904,-12.19999999999999,72,Hero,0.8056521677515573,0.5061192120321922
22,3.5,-6.5,15,Hero,0.4127249891559283,0.5316474914550782
23,0.3000000000000007,-9.7,47,Hero,0.6931861895830074,0.4462764713358372
24,1.6999999999999988,-8.3,33,Hero,0.6460769957665241,0.3852398521972425
25,4.5,-5.5,5,Hero,0.46408918499946594,0.38182433843612673
26,2.4999999999999996,-7.5,25,Hero,0.5447681093215943,0.72399986743927
27,3.4000000000000004,-6.6,16,Hero,0.6323751928284764,0.4921707836911082
28,-10.399999999999997,-0.3999999999999968,54,Villain,0.831623993727758,0.6897630559073554
29,-7.9,2.099999999999999,29,Villain,0.8102299231265125,0.7186723366893571
30,-6.199999999999999,3.8000000000000007,12,Villain,0.8120517122248808,0.38214438781142235
31,4.2,-5.8,8,Hero,0.5041404515504837,0.746852210490033
32,-4.099999999999984,-14.099999999999984,91,Hero,0.8305825047338238,0.8601333513999214
33,-6.6,3.4000000000000004,16,Villain,0.8066639360040426,0.5988378596957773
34,-0.899999999999995,-10.899999999999995,59,Hero,0.7132099032149477,0.8398494125675346
35,-8.8,1.1999999999999984,38,Villain,0.8631213549524546,0.6449918660678362
36,-7.0,3.0,20,Villain,0.7944573309272528,0.6750875350087882
37,4.6000000000000005,-5.3999999999999995,4,Hero,0.5363183543086052,0.48376428335905075
38,1.4999999999999987,-8.500000000000002,35,Hero,0.6256666417632785,0.4182676104030439
39,-6.3,3.7,13,Villain,0.47064785258128095,0.6888693743027173
40,3.8000000000000007,-6.199999999999999,12,Hero,0.5251535649100939,0.5109194610267878
41,-11.899999999999991,-1.8999999999999915,69,Villain,0.9262274819547716,0.9171267095818252
42,-8.100000000000001,1.899999999999999,31,Villain,0.8438817124378176,0.9184890125067003
43,-7.700000000000001,2.2999999999999994,27,Villain,0.8518600544926745,0.9006259535197858
44,3.4000000000000004,-6.6,16,Hero,0.6762516908347607,0.9201239373651333
45,-7.300000000000001,2.6999999999999997,23,Villain,0.8786305114626884,0.7901373868403228
46,4.2,-5.8,8,Hero,0.4975130446255207,0.6385176982730627
47,3.9000000000000004,-6.1,11,Hero,0.4537547935139049,0.8220530279319395
48,-5.8,4.2,8,Villain,0.8746887966990471,0.5744332559406757
49,1.899999999999999,-8.100000000000001,31,Hero,0.6078102031061726,0.6461473979776905
50,3.9000000000000004,-6.1,11,Hero,0.6324396214701913,0.8576538616960699
51,3.6000000000000005,-6.3999999999999995,14,Hero,0.48297692835330963,0.8618301657427635
52,-5.3999999999999995,4.6000000000000005,4,Villain,0.8604721873998642,0.8519904166460037
53,3.8000000000000007,-6.199999999999999,12,Hero,0.6205105061332384,0.527680516242981
54,3.4000000000000004,-6.6,16,Hero,0.5141147430986166,0.7425291755589569
55,4.300000000000001,-5.699999999999999,7,Hero,0.47636259879384724,0.8301784183297839
56,4.0,-6.0,10,Hero,0.646899277716875,0.7008920475840569
57,-0.09999999999999787,-10.099999999999998,51,Hero,0.7904468841774289,0.9958116038172853
58,4.6000000000000005,-5.3999999999999995,4,Hero,0.6099121160805225,0.9884883016347885
59,-6.7,3.3,17,Villain,0.657105462077786,0.9764672517776489
60,-8.900000000000002,1.0999999999999983,39,Villain,0.8679540164959736,0.8346611959382128
61,-4.6999999999999815,-14.699999999999982,97,Hero,0.9124184505073065,0.9449963285167673
62,-2.9999999999999876,-12.999999999999988,80,Hero,0.9269879986997693,0.9443700237665326
63,-7.2,2.8,22,Villain,0.9027394291690805,0.9924783381548795
64,-3.8999999999999844,-13.899999999999984,89,Hero,0.823832540657748,0.9427738327897949
65,-10.999999999999995,-0.9999999999999947,60,Villain,0.8606924851269772,0.9537054863059893
66,-5.8999999999999995,4.1000000000000005,9,Villain,0.7865934007697635,0.6414428458042999
67,0.5999999999999996,-9.4,44,Hero,0.8195603538135235,0.9347245261411775
68,0.5,-9.5,45,Hero,0.7189528763501181,0.9905591805775961
69,-5.6,4.4,6,Villain,0.8804389337698618,0.8207727111876011
70,2.6999999999999997,-7.300000000000001,23,Hero,0.6785658587772481,0.8791519675565802
71,3.3,-6.7,17,Hero,0.5631215248037788,0.7906167682479409
72,3.7,-6.3,13,Hero,0.6522798985242844,0.6728937740509326
73,3.4000000000000004,-6.6,16,Hero,0.6832959372550249,0.7326992267044261
74,3.5,-6.5,15,Hero,0.49643786350886027,0.5915545523166656
75,-6.7,3.3,17,Villain,0.5012555490521824,0.5715907452737584
76,4.2,-5.8,8,Hero,0.5152251608669758,0.5296692419797182
77,3.5,-6.5,15,Hero,0.7275558233261108,0.6259122808774312
78,3.9000000000000004,-6.1,11,Hero,0.4849113171750849,0.9813207550482317
79,2.9,-7.1,21,Hero,0.8223232140853292,0.8303336935738722
80,4.1000000000000005,-5.8999999999999995,9,Hero,0.6353668769200643,0.6610818439059787
81,3.4000000000000004,-6.6,16,Hero,0.6370527255348861,0.738580244127661
82,-5.6,4.4,6,Villain,0.8920613924662272,0.8333233296871185
83,3.0999999999999996,-6.9,19,Hero,0.8439552776123348,0.5056715278249038
84,3.6000000000000005,-6.3999999999999995,14,Hero,0.45023772439786364,0.5990031893764224
85,3.6000000000000005,-6.3999999999999995,14,Hero,0.8219389360664147,0.9960228715624128
86,3.4000000000000004,-6.6,16,Hero,0.7593867313116789,0.962505716830492
87,1.6999999999999988,-8.3,33,Hero,0.8520188491339936,0.9901025746807908
88,-4.099999999999984,-14.099999999999984,91,Hero,0.9128128170639604,0.7728398153404858
89,3.7,-6.3,13,Hero,0.7429931208204764,0.9959257382612962
90,2.2999999999999994,-7.700000000000001,27,Hero,0.7220013955676997,0.79451122879982
91,4.6000000000000005,-5.3999999999999995,4,Hero,0.6985423713922501,0.5285895057022572
92,4.5,-5.5,5,Hero,0.7168534994125366,0.9977285027503967
93,1.2999999999999985,-8.700000000000001,37,Hero,0.6862331548252621,0.8423058070443772
94,3.2,-6.8,18,Hero,0.7799617474277815,0.9884140921963586
95,-5.1,4.9,1,Villain,0.7541086673736572,0.9662550687789917
96,2.9,-7.1,21,Hero,0.6132006059799876,0.7257087048630984
97,3.0999999999999996,-6.9,19,Hero,0.6718667133858329,0.9891697105608488
98,3.4000000000000004,-6.6,16,Hero,0.8479304537177086,0.7515792029298609
99,2.6999999999999997,-7.300000000000001,23,Hero,0.8358774280742459,0.9867763908013053
100,4.9,-5.1,1,Hero,0.7887267470359802,0.997645914554596
101,3.4000000000000004,-6.6,16,Hero,0.7102068774402142,0.9711948037147522
102,3.7,-6.3,13,Hero,0.6291514646548492,0.9987822083326486
103,3.3,-6.7,17,Hero,0.5633911301984507,0.8996628619292203
104,3.5,-6.5,15,Hero,0.7016627530256907,0.9980459411938986
105,3.5,-6.5,15,Hero,0.5271291156609853,0.850012959043185
106,4.2,-5.8,8,Hero,0.6432778052985668,0.9704257473349571
107,3.7,-6.3,13,Hero,0.4703191232222777,0.9660617250662583
108,4.5,-5.5,5,Hero,0.6174714624881744,0.989404022693634
109,4.1000000000000005,-5.8999999999999995,9,Hero,0.897137098842197,0.9965459638171725
110,3.2,-6.8,18,Hero,0.705405150850614,0.999086449543635
111,2.9,-7.1,21,Hero,0.5344029338586898,0.9991521324430194
112,3.7,-6.3,13,Hero,0.6258659374255401,0.9845185921742365
113,3.5,-6.5,15,Hero,0.5283244783058763,0.7995471484959126
114,2.5999999999999996,-7.4,24,Hero,0.6160762797420224,0.9969276214639345
115,3.8000000000000007,-6.199999999999999,12,Hero,0.5252113069097201,0.9984860966602961
116,4.4,-5.6,6,Hero,0.7582865059375763,0.9808139204978943
117,4.300000000000001,-5.699999999999999,7,Hero,0.6773457995482853,0.9899340357099261
118,4.9,-5.1,1,Hero,0.16266682744026184,0.9948108196258545
119,3.6000000000000005,-6.3999999999999995,14,Hero,0.6924992054700851,0.9997431422982898
120,2.6999999999999997,-7.300000000000001,23,Hero,0.6821503820626632,0.9996142750201018
121,4.300000000000001,-5.699999999999999,7,Hero,0.6276856149945941,0.9897851688521249
122,4.0,-6.0,10,Hero,0.7952167719602585,0.9998249292373658
123,4.5,-5.5,5,Hero,0.5219692051410675,0.9980453491210938
124,4.6000000000000005,-5.3999999999999995,4,Hero,0.5472913980484009,0.9991855025291443
125,4.300000000000001,-5.699999999999999,7,Hero,0.8844778750623975,0.9994767563683646
126,2.8,-7.2,22,Hero,0.6414238790219481,0.999986323443326
127,4.0,-6.0,10,Hero,0.6316473651328124,0.888973206281662
128,3.4000000000000004,-6.6,16,Hero,0.5801198142580688,0.9992436915636063
129,4.5,-5.5,5,Hero,0.7140330329537392,0.9949375748634338
130,4.2,-5.8,8,Hero,0.6618867330253124,0.9904050454497337
131,4.1000000000000005,-5.8999999999999995,9,Hero,0.5686673257086012,0.8877904304439047
132,3.5,-6.5,15,Hero,0.7343431055545807,0.998372753461202
133,-5.6,4.4,6,Villain,0.9935421744982401,0.9980729520320892
134,3.7,-6.3,13,Hero,0.5787271719712478,0.9998476276030908
135,4.7,-5.3,3,Hero,0.7724226911862692,0.9759608308474222
136,4.0,-6.0,10,Hero,0.8504169553518295,0.983916574716568
137,3.8000000000000007,-6.199999999999999,12,Hero,0.7234365865588188,0.9999208947022756
138,3.9000000000000004,-6.1,11,Hero,0.7579767148603093,0.6709026618098671
139,3.3,-6.7,17,Hero,0.6341187515679527,0.9995786091860603
140,4.0,-6.0,10,Hero,0.8324319154024125,0.9981156527996063
141,4.300000000000001,-5.699999999999999,7,Hero,0.49385435240609304,0.9978233320372445
142,3.2,-6.8,18,Hero,0.5622814340103004,0.7744170777085755
143,3.4000000000000004,-6.6,16,Hero,0.5281096752732992,0.9146362217143178
144,4.2,-5.8,8,Hero,0.697641177335754,0.998291365802288
145,3.0,-7.0,20,Hero,0.5236542275175452,0.7896418456919492
146,3.9000000000000004,-6.1,11,Hero,0.5291129885749384,0.9973179318688132
147,3.3,-6.7,17,Hero,0.5462262087008533,0.9988728165626526
148,4.4,-5.6,6,Hero,0.5992367515961329,0.9996701975663503
149,4.1000000000000005,-5.8999999999999995,9,Hero,0.5967014696862962,0.9999436736106873
150,3.8000000000000007,-6.199999999999999,12,Hero,0.6845833790042283,0.999735544125239
151,-5.3999999999999995,4.6000000000000005,4,Villain,0.9757111221551895,0.9999939203262329
152,4.7,-5.3,3,Hero,0.9870638847351074,0.9979921579360962
153,4.0,-6.0,10,Hero,0.6506227731704712,0.9871172487735749
154,3.8000000000000007,-6.199999999999999,12,Hero,0.6019971817731857,0.99995556473732
155,3.6000000000000005,-6.3999999999999995,14,Hero,0.7742480848516736,0.9998385991368975
156,4.1000000000000005,-5.8999999999999995,9,Hero,0.7935586306783888,0.9983954628308614
157,3.6000000000000005,-6.3999999999999995,14,Hero,0.5551359696047646,0.8588825384421008
158,4.0,-6.0,10,Hero,0.5922473430633545,0.9863610386848449
159,4.0,-6.0,10,Hero,0.7293842911720276,0.9984121203422547
160,4.4,-5.6,6,Hero,0.5480802655220032,0.985233892997106
161,4.1000000000000005,-5.8999999999999995,9,Hero,0.8350112239519755,0.9980266955163744
162,4.4,-5.6,6,Hero,0.9599185387293497,0.9891181786855062
163,4.0,-6.0,10,Hero,0.6837983042001724,0.9939727365970612
164,3.2,-6.8,18,Hero,0.4939186769641108,0.8642559557596946
165,3.5,-6.5,15,Hero,0.7168298453092575,0.9997031172116597
166,4.9,-5.1,1,Hero,0.9990606904029846,0.9999909400939941
167,3.5,-6.5,15,Hero,0.8235331743955612,0.9999226331710815
168,3.9000000000000004,-6.1,11,Hero,0.8611167940226468,0.9998466535048052
169,3.3,-6.7,17,Hero,0.5203293938847149,0.9968510305180269
170,3.9000000000000004,-6.1,11,Hero,0.7244878377426754,0.9998654994097623
171,3.3,-6.7,17,Hero,0.6747480700997746,0.9994098579182344
172,3.0,-7.0,20,Hero,0.5869640685617924,0.9953808486461639
173,3.3,-6.7,17,Hero,0.6838098431334776,0.9985869386616875
174,2.5999999999999996,-7.4,24,Hero,0.5282846639553705,0.9911562353372574
175,3.4000000000000004,-6.6,16,Hero,0.6796831725878292,0.9992235563695431
176,3.7,-6.3,13,Hero,0.6195313036441803,0.9882954542453473
177,4.1000000000000005,-5.8999999999999995,9,Hero,0.7215738395849863,0.9983299838172065
178,4.0,-6.0,10,Hero,0.7605255395174026,0.9970996916294098
179,4.300000000000001,-5.699999999999999,7,Hero,0.7163957612855094,0.9830359901700702
180,3.3,-6.7,17,Hero,0.6734024926143534,0.9919840798658484
181,3.3,-6.7,17,Hero,0.601604097029742,0.9995057582855225
182,4.0,-6.0,10,Hero,0.6603626668453216,0.9999257802963257
183,3.9000000000000004,-6.1,11,Hero,0.5827774689956144,0.9987143223935907
184,3.0999999999999996,-6.9,19,Hero,0.6450770136557127,0.9994260982463234
185,3.5,-6.5,15,Hero,0.6032350791928669,0.9975776553153992
186,3.9000000000000004,-6.1,11,Hero,0.6438290016217665,0.9996360648762096
187,3.7,-6.3,13,Hero,0.8433100902117215,0.9941731278712933
188,4.4,-5.6,6,Hero,0.5546353509028753,0.9619631369908651
189,3.7,-6.3,13,Hero,0.6809772367660816,0.9950431401912982
190,3.9000000000000004,-6.1,11,Hero,0.6387631127780135,0.8959940394217317
191,4.800000000000001,-5.199999999999999,2,Hero,0.983835756778717,0.9981193840503693
192,3.3,-6.7,17,Hero,0.526410019792178,0.8072473783703411
193,3.9000000000000004,-6.1,11,Hero,0.648923781785098,0.9999553507024591
194,4.1000000000000005,-5.8999999999999995,9,Hero,0.5389730665418837,0.9910241961479187
195,4.800000000000001,-5.199999999999999,2,Hero,0.5578396245837212,0.9993907511234283
196,3.8000000000000007,-6.199999999999999,12,Hero,0.7175464270015558,0.999686673283577
197,4.0,-6.0,10,Hero,0.669680917263031,0.994225698709488
198,3.9000000000000004,-6.1,11,Hero,0.648376966741952,0.9998787966641512
199,3.7,-6.3,13,Hero,0.5961175108185182,0.9988295619304364
200,-5.3,4.7,3,Villain,0.9846609830856323,0.9813360969225565
201,4.5,-5.5,5,Hero,0.7843910574913024,0.9998638987541199
202,4.2,-5.8,8,Hero,0.5350286141037941,0.9888705462217331
203,-5.1,4.9,1,Villain,0.9780394434928894,0.796583354473114
204,3.8000000000000007,-6.199999999999999,12,Hero,0.792622414107124,0.999975730975469
205,4.2,-5.8,8,Hero,0.8107532979920506,0.9988966658711433
206,3.5,-6.5,15,Hero,0.5761740366617839,0.8459663985297083
207,2.3999999999999995,-7.6000000000000005,26,Hero,0.7989528193496741,0.9999792438287002
208,3.8000000000000007,-6.199999999999999,12,Hero,0.46733206262191135,0.9977470686038336
209,1.0999999999999983,-8.900000000000002,39,Hero,0.7502207847741934,0.9999167980291904
210,3.4000000000000004,-6.6,16,Hero,0.5752336159348488,0.9873025193810463
211,4.1000000000000005,-5.8999999999999995,9,Hero,0.9217387371593051,0.9997775024837918
212,4.1000000000000005,-5.8999999999999995,9,Hero,0.558110773563385,0.9974907371732924
213,-5.199999999999999,4.800000000000001,2,Villain,0.9375221133232117,0.9998287856578827
214,4.0,-6.0,10,Hero,0.6317759618163109,0.9999964952468872
215,4.0,-6.0,10,Hero,0.6912110984325409,0.9997633159160614
216,4.2,-5.8,8,Hero,0.7114604488015175,0.9989364743232727
217,4.1000000000000005,-5.8999999999999995,9,Hero,0.6404940022362603,0.9998504122098287
218,4.0,-6.0,10,Hero,0.8037696361541748,0.9994182467460633
219,4.5,-5.5,5,Hero,0.7379001840949059,0.9998743057250976
220,4.0,-6.0,10,Hero,0.6694080919027329,0.9995848596096039
221,3.8000000000000007,-6.199999999999999,12,Hero,0.8120221098264059,0.9999421934286753
222,2.9,-7.1,21,Hero,0.6580131564821515,0.9999197267350697
223,3.2,-6.8,18,Hero,0.6632654484775331,0.9991919630103641
224,4.0,-6.0,10,Hero,0.8822076737880706,0.9998285889625549
225,3.8000000000000007,-6.199999999999999,12,Hero,0.6056041245659193,0.9995734641949335
226,2.5999999999999996,-7.4,24,Hero,0.7306398746247093,0.9999952167272568
227,1.4999999999999987,-8.500000000000002,35,Hero,0.7506016865372658,0.999992973463876
228,4.4,-5.6,6,Hero,0.6506095839043459,0.999996284643809
229,1.899999999999999,-8.100000000000001,31,Hero,0.8184106768138947,0.9999981503332814
230,-5.1,4.9,1,Villain,0.18668586015701294,0.93213951587677
231,4.9,-5.1,1,Hero,0.5543384552001953,0.9998739957809448
232,4.1000000000000005,-5.8999999999999995,9,Hero,0.5993970789843135,0.9934218724568685
233,4.300000000000001,-5.699999999999999,7,Hero,0.942365152495248,0.9999784401484898
234,3.3,-6.7,17,Hero,0.5592478320879095,0.9890866244540495
235,4.300000000000001,-5.699999999999999,7,Hero,0.6557239294052124,0.9999994380133492
236,4.1000000000000005,-5.8999999999999995,9,Hero,0.64616985205147,0.9999706215328641
237,4.7,-5.3,3,Hero,0.6662599245707194,0.9999984502792358
238,4.300000000000001,-5.699999999999999,7,Hero,0.7155970505305699,0.9999879087720599
239,3.8000000000000007,-6.199999999999999,12,Hero,0.7362969716389974,0.9999987979729971
240,4.6000000000000005,-5.3999999999999995,4,Hero,0.9977628737688065,0.9999998211860657
241,3.0,-7.0,20,Hero,0.6303189754486084,0.9999193102121353
242,3.2,-6.8,18,Hero,0.6619934184127487,0.9999609722031487
243,4.800000000000001,-5.199999999999999,2,Hero,0.5084719955921173,0.9999191164970398
244,3.7,-6.3,13,Hero,0.730019095998544,0.9999980926513672
245,4.6000000000000005,-5.3999999999999995,4,Hero,0.7437548935413361,0.999994546175003
246,4.4,-5.6,6,Hero,0.8163216859102249,0.9999964634577433
247,3.9000000000000004,-6.1,11,Hero,0.7201741351322695,0.9997645779089495
248,3.0999999999999996,-6.9,19,Hero,0.7081787711695621,0.9996957214255082
249,3.9000000000000004,-6.1,11,Hero,0.7874797731637955,0.999993768605319
250,3.8000000000000007,-6.199999999999999,12,Hero,0.5579805473486582,0.9945071538289388
251,4.0,-6.0,10,Hero,0.6471575394272804,0.999996566772461
252,4.300000000000001,-5.699999999999999,7,Hero,0.7268827131816319,0.9999996594020298
253,3.5,-6.5,15,Hero,0.8681198358535767,0.9999848524729411
254,4.300000000000001,-5.699999999999999,7,Hero,0.7239222143377576,0.9999611037118095
255,3.6000000000000005,-6.3999999999999995,14,Hero,0.6028887405991554,0.9219850130113108
256,4.4,-5.6,6,Hero,0.5905683785676956,0.9999874432881674
257,3.9000000000000004,-6.1,11,Hero,0.5990874008698897,0.9974604411558672
258,3.3,-6.7,17,Hero,0.5612394432811176,0.98966704046025
259,3.7,-6.3,13,Hero,0.6762135808284466,0.999740903194134
260,4.4,-5.6,6,Hero,0.8222845196723938,0.9992805123329163
261,3.7,-6.3,13,Hero,0.5494785308837891,0.9975985930516169
262,4.6000000000000005,-5.3999999999999995,4,Hero,0.6968336626887321,0.999949187040329
263,3.2,-6.8,18,Hero,0.6754685507880317,0.9998384747240279
264,3.5,-6.5,15,Hero,0.6172029395898183,0.9999351223309835
265,2.9,-7.1,21,Hero,0.6384932313646589,0.9999950897125971
266,4.4,-5.6,6,Hero,0.43797994156678516,0.9998974402745565
267,3.8000000000000007,-6.199999999999999,12,Hero,0.551744315152367,0.9999973773956299
268,3.8000000000000007,-6.199999999999999,12,Hero,0.6440300196409225,0.9990449051062266
269,3.0,-7.0,20,Hero,0.48606664799153804,0.9092726893723011
270,3.4000000000000004,-6.6,16,Hero,0.7203551596030593,0.9999501034617424
271,4.4,-5.6,6,Hero,0.6175678670406342,0.999981681505839
272,3.6000000000000005,-6.3999999999999995,14,Hero,0.8202482440641948,0.9999991144452777
273,4.0,-6.0,10,Hero,0.660209196805954,0.9999838471412659
274,4.2,-5.8,8,Hero,0.6495921462774277,0.9999954998493195
275,3.9000000000000004,-6.1,11,Hero,0.6830935004082593,0.9999648332595825
276,4.0,-6.0,10,Hero,0.7483529672026634,0.9999495387077332
277,4.1000000000000005,-5.8999999999999995,9,Hero,0.6383479717704985,0.9995340572463142
278,4.0,-6.0,10,Hero,0.7816398233175278,0.9998689711093902
279,4.0,-6.0,10,Hero,0.742728185467422,0.9999974966049194
280,4.1000000000000005,-5.8999999999999995,9,Hero,0.7431124183866713,0.9999995231628418
281,4.1000000000000005,-5.8999999999999995,9,Hero,0.6851372950606875,0.999938514497545
282,3.5,-6.5,15,Hero,0.6213630000750224,0.9987212061882019
283,4.0,-6.0,10,Hero,0.76770104393363,0.9999994993209839
284,3.5,-6.5,15,Hero,0.6059033999840419,0.999088180065155
285,4.4,-5.6,6,Hero,0.5141695042451223,0.9997449119885763
286,3.3,-6.7,17,Hero,0.7517874091863632,0.9999608011806712
287,3.6000000000000005,-6.3999999999999995,14,Hero,0.7345677231039319,0.9959277382918766
288,4.4,-5.6,6,Hero,0.8094294170538584,0.9999810059865316
289,3.5,-6.5,15,Hero,0.6564151327436168,0.9996804436047871
290,3.6000000000000005,-6.3999999999999995,14,Hero,0.7150396768535886,0.999999829701015
291,3.3,-6.7,17,Hero,0.5438231895951664,0.9769005705328548
292,3.7,-6.3,13,Hero,0.6073373750998423,0.9993600845336914
293,4.0,-6.0,10,Hero,0.8173160254955292,0.9999917626380921
294,3.8000000000000007,-6.199999999999999,12,Hero,0.6740124821662903,0.9985006699959437
295,4.300000000000001,-5.699999999999999,7,Hero,0.8849910497665405,0.9999967813491821
296,4.5,-5.5,5,Hero,0.8038249403238297,0.9999992609024048
297,4.300000000000001,-5.699999999999999,7,Hero,0.4735586941242218,0.9999098352023533
298,3.6000000000000005,-6.3999999999999995,14,Hero,0.8317714823143822,0.9999960575784955
299,3.3,-6.7,17,Hero,0.5089608722311609,0.9909595566637376
300,3.7,-6.3,13,Hero,0.5848602881798377,0.9999940578754132
301,3.0999999999999996,-6.9,19,Hero,0.5467229233074345,0.9961060254197371
302,4.0,-6.0,10,Hero,0.8292758643627167,0.9999807119369507
303,3.5,-6.5,15,Hero,0.5988871077696483,0.9970963994661967
304,4.300000000000001,-5.699999999999999,7,Hero,0.8171584989343371,0.9999995231628418
305,3.7,-6.3,13,Hero,0.6365761413024023,0.9999352601858286
306,3.8000000000000007,-6.199999999999999,12,Hero,0.86010088895758,0.999999592701594
307,-5.1,4.9,1,Villain,0.9812495112419128,0.9986749291419983
308,4.800000000000001,-5.199999999999999,2,Hero,0.5375697761774063,0.9999616742134094
309,4.300000000000001,-5.699999999999999,7,Hero,0.7222307409558978,0.9999098862920489
310,3.9000000000000004,-6.1,11,Hero,0.7564994503151287,0.9998733130368319
311,3.6000000000000005,-6.3999999999999995,14,Hero,0.7844312137791088,0.999992447240012
312,1.5999999999999988,-8.400000000000002,34,Hero,0.7755134263459373,0.9999964798198027
313,4.0,-6.0,10,Hero,0.7094187125563621,0.9998930215835571
314,3.9000000000000004,-6.1,11,Hero,0.909321053461595,0.9999860633503307
315,1.799999999999999,-8.200000000000001,32,Hero,0.8081025402061641,0.9999916814267635
316,3.8000000000000007,-6.199999999999999,12,Hero,0.8869677235682806,0.9999445279439291
317,3.9000000000000004,-6.1,11,Hero,0.8903123898939653,0.9999964128841053
318,3.9000000000000004,-6.1,11,Hero,0.8517136844721708,0.999976168979298
319,3.0,-7.0,20,Hero,0.6699769765138626,0.9999830484390259
320,2.2999999999999994,-7.700000000000001,27,Hero,0.7361880833352054,0.9999872534363358
321,3.2,-6.8,18,Hero,0.6097858051458994,0.9998727672629886
322,3.7,-6.3,13,Hero,0.7067045248471774,0.9999878406524658
323,3.7,-6.3,13,Hero,0.8338007583067968,0.9999346091197088
324,3.6000000000000005,-6.3999999999999995,14,Hero,0.6268623130662101,0.9976132128919873
325,4.5,-5.5,5,Hero,0.9852796792984009,0.9999996185302734
326,3.8000000000000007,-6.199999999999999,12,Hero,0.6477244098981222,0.9999883274237314
327,4.0,-6.0,10,Hero,0.8403372019529343,0.9999937415122986
328,4.1000000000000005,-5.8999999999999995,9,Hero,0.6007485720846388,0.9988409015867445
329,3.0999999999999996,-6.9,19,Hero,0.5485865478894036,0.9999346984060187
330,4.5,-5.5,5,Hero,0.8354747414588928,0.9999931812286377
331,3.8000000000000007,-6.199999999999999,12,Hero,0.8218147779504458,0.9999985794226328
332,4.2,-5.8,8,Hero,0.6091900132596493,0.9999986886978149
333,4.2,-5.8,8,Hero,0.7165641374886036,0.9998646751046181
334,4.800000000000001,-5.199999999999999,2,Hero,0.9781315326690674,0.9999986886978149
335,3.4000000000000004,-6.6,16,Hero,0.694590182043612,0.9999693036079407
336,4.2,-5.8,8,Hero,0.7966148182749748,0.9999972581863403
337,4.1000000000000005,-5.8999999999999995,9,Hero,0.7667999168237051,0.9999042219585843
338,3.8000000000000007,-6.199999999999999,12,Hero,0.6478808596730232,0.9997722009817759
339,4.2,-5.8,8,Hero,0.7857529707252979,0.999920204281807
340,4.9,-5.1,1,Hero,0.9689644575119019,0.9999990463256836
341,4.0,-6.0,10,Hero,0.6141932472586632,0.9999388575553894
342,4.5,-5.5,5,Hero,0.6920441597700119,0.99988853931427
343,4.6000000000000005,-5.3999999999999995,4,Hero,0.8578002452850342,0.9999821484088898
344,4.7,-5.3,3,Hero,0.7061145901679993,0.9997242093086243
345,4.6000000000000005,-5.3999999999999995,4,Hero,0.6367892399430275,0.9999282360076904
346,4.6000000000000005,-5.3999999999999995,4,Hero,0.622090607881546,0.9999533593654633
347,3.5,-6.5,15,Hero,0.621835728486379,0.9947038849194845
348,3.3,-6.7,17,Hero,0.6204613270238042,0.9390098097021965
349,4.1000000000000005,-5.8999999999999995,9,Hero,0.8219915363523695,0.9999989800983005
350,-5.3999999999999995,4.6000000000000005,4,Villain,0.7942293472588062,0.9999889135360718
351,3.8000000000000007,-6.199999999999999,12,Hero,0.6093186338742574,0.9931014577547709
352,3.4000000000000004,-6.6,16,Hero,0.607857171446085,0.9988230913877487
353,3.0999999999999996,-6.9,19,Hero,0.6338606994403037,0.9999774443475824
354,4.5,-5.5,5,Hero,0.9609533905982971,0.999995756149292
355,3.2,-6.8,18,Hero,0.6532784129182497,0.9999937216440836
356,3.7,-6.3,13,Hero,0.7226828382565424,0.9999031149424039
357,4.1000000000000005,-5.8999999999999995,9,Hero,0.7645642591847314,0.9999227656258477
358,3.4000000000000004,-6.6,16,Hero,0.7923517075832933,0.9999972581863403
359,3.7,-6.3,13,Hero,0.7109895784121293,0.9999995506726779
360,4.300000000000001,-5.699999999999999,7,Hero,0.7345642532621112,0.9999934434890747
361,4.0,-6.0,10,Hero,0.7744157671928406,0.9997557580471039
362,4.300000000000001,-5.699999999999999,7,Hero,0.9816823857171195,0.9999981607709613
363,2.8,-7.2,22,Hero,0.656776374713941,0.9984718588265505
364,3.2,-6.8,18,Hero,0.6167241070005629,0.997834046681722
365,3.6000000000000005,-6.3999999999999995,14,Hero,0.6130709978086608,0.9996403328010014
366,3.9000000000000004,-6.1,11,Hero,0.7828588621182875,0.9999652667479082
367,4.300000000000001,-5.699999999999999,7,Hero,0.77633655497006,0.9999816928591047
368,4.0,-6.0,10,Hero,0.7742051020264625,0.999985146522522
369,-5.1,4.9,1,Villain,0.9983193278312683,0.9999737739562988
370,3.6000000000000005,-6.3999999999999995,14,Hero,0.7570384602461543,0.999990028994424
371,3.9000000000000004,-6.1,11,Hero,0.6699300327084281,0.9998498071323741
372,4.300000000000001,-5.699999999999999,7,Hero,0.8489155513899667,0.9984796728406634
373,4.300000000000001,-5.699999999999999,7,Hero,0.6588014279093061,0.9999912806919643
374,3.9000000000000004,-6.1,11,Hero,0.7381067221814935,0.9999812733043324
375,4.300000000000001,-5.699999999999999,7,Hero,0.6470858837877002,0.9999968835285732
376,3.6000000000000005,-6.3999999999999995,14,Hero,0.7693945552621569,0.9999693972723824
377,3.4000000000000004,-6.6,16,Hero,0.6927446932531893,0.9999203719198704
378,4.300000000000001,-5.699999999999999,7,Hero,0.7447610710348401,0.9999811819621495
379,4.5,-5.5,5,Hero,0.7840368926525116,0.9999980449676513
380,3.9000000000000004,-6.1,11,Hero,0.6513203192840923,0.9999443400989879
381,3.7,-6.3,13,Hero,0.7279237497311372,0.9999731137202337
382,4.2,-5.8,8,Hero,0.648478340357542,0.9994684308767319
383,3.7,-6.3,13,Hero,0.6156634493516042,0.9998166561126709
384,4.7,-5.3,3,Hero,0.9453060626983643,0.9999915361404419
385,-5.1,4.9,1,Villain,0.40325337648391724,0.9999971389770508
386,4.800000000000001,-5.199999999999999,2,Hero,0.9981917142868042,1.0
387,3.2,-6.8,18,Hero,0.6709546289510198,0.9999984635247124
388,3.4000000000000004,-6.6,16,Hero,0.5783942118287086,0.9999663308262825
389,0.3000000000000007,-9.7,47,Hero,0.7472440020993669,0.9999899154013776
390,-5.3,4.7,3,Villain,0.8834642370541891,0.9749080737431844
391,3.0999999999999996,-6.9,19,Hero,0.8911776927937018,0.9999986134077373
392,-5.8,4.2,8,Villain,0.9935263767838478,0.9999919235706329
393,-5.199999999999999,4.800000000000001,2,Villain,0.9007808268070221,0.9712973237037659
394,0.9999999999999982,-9.000000000000002,40,Hero,0.9359514567069709,0.9999995738267898
395,-9.99999999999998,-9.99999999999998,100,None,0.8946684866026043,0.9999995338916778
396,3.4000000000000004,-6.6,16,Hero,0.6928318934515119,0.9997305795550346
397,2.1999999999999993,-7.800000000000001,28,Hero,0.8951625113508531,0.9999982501779284
398,-4.399999999999983,-14.399999999999983,94,Hero,0.8167015123081968,0.9999989715028317
399,4.0,-6.0,10,Hero,0.5893680781126023,0.998045152425766
400,3.4000000000000004,-6.6,16,Hero,0.7875373978167772,0.9999997466802597
401,4.1000000000000005,-5.8999999999999995,9,Hero,0.5668003973033693,0.9998224841223823
402,2.9,-7.1,21,Hero,0.6210397120032992,0.9999909400939941
403,3.4000000000000004,-6.6,16,Hero,0.7245831303298473,0.9999390281736851
404,4.800000000000001,-5.199999999999999,2,Hero,0.9914568960666656,0.9999995231628418
405,3.8000000000000007,-6.199999999999999,12,Hero,0.8086206068595251,0.999996542930603
406,3.8000000000000007,-6.199999999999999,12,Hero,0.6617565763493379,0.9999982416629791
407,-5.3,4.7,3,Villain,0.9728177785873413,0.9999998410542806
408,3.6000000000000005,-6.3999999999999995,14,Hero,0.7530714475682804,0.9999719432422093
409,-5.199999999999999,4.800000000000001,2,Villain,0.9825961589813232,0.9999487996101379
410,4.5,-5.5,5,Hero,0.732461792230606,0.9999982833862304
411,3.3,-6.7,17,Hero,0.6263978463761947,0.9999932471443626
412,4.1000000000000005,-5.8999999999999995,9,Hero,0.7146768735514747,0.9999805291493734
413,3.3,-6.7,17,Hero,0.67343048926662,0.9999957785886877
414,4.0,-6.0,10,Hero,0.7905882619321346,0.9999948143959045
415,3.0999999999999996,-6.9,19,Hero,0.7606592360687884,0.9999326153805381
416,-0.6999999999999957,-10.699999999999996,57,Hero,0.8874089644666303,0.9999181534114637
417,-5.1,4.9,1,Villain,0.9032670855522156,0.9988025426864624
418,-5.199999999999999,4.800000000000001,2,Villain,0.43978723138570786,0.9999970197677612
419,-1.9999999999999911,-11.999999999999991,70,Hero,0.8461642861366272,0.9995652377605438
420,1.899999999999999,-8.100000000000001,31,Hero,0.6667349626941066,0.9999961468481249
421,-0.29999999999999716,-10.299999999999997,53,Hero,0.6196569149505418,0.9981311885815747
422,1.5999999999999988,-8.400000000000002,34,Hero,0.7883631978183985,0.9999460437718559
423,-5.3,4.7,3,Villain,0.5576320290565491,0.9999997218449911
424,1.4999999999999987,-8.500000000000002,35,Hero,0.8322040385433606,0.9997242348534721
425,-9.99999999999998,-9.99999999999998,100,None,0.5948438917100429,0.9999137485027313
426,2.4999999999999996,-7.5,25,Hero,0.5896546334028244,0.9996000123023987
427,3.8000000000000007,-6.199999999999999,12,Hero,0.5084101874381304,0.9998979916175207
428,2.2999999999999994,-7.700000000000001,27,Hero,0.6607065338779379,0.9995131227705214
429,2.8,-7.2,22,Hero,0.5641571634914726,0.9997465502132069
430,3.6000000000000005,-6.3999999999999995,14,Hero,0.850363165140152,0.9999925153596061
431,4.4,-5.6,6,Hero,0.575491956124703,0.999992569287618
432,3.6000000000000005,-6.3999999999999995,14,Hero,0.608313572193895,0.9999153784343174
433,3.2,-6.8,18,Hero,0.6100804540846083,0.9981739421685537
434,3.8000000000000007,-6.199999999999999,12,Hero,0.8063880279660225,0.9999999006589254
435,2.9,-7.1,21,Hero,0.544244976625556,0.9967155428159804
436,4.5,-5.5,5,Hero,0.916381561756134,0.999991774559021
437,3.5,-6.5,15,Hero,0.8226379295190175,0.999997886021932
438,4.6000000000000005,-5.3999999999999995,4,Hero,0.7519793584942818,0.9999969601631165
439,2.6999999999999997,-7.300000000000001,23,Hero,0.6118660575669744,0.9999995490779048
440,3.7,-6.3,13,Hero,0.6833811837893266,0.9999969739180344
441,3.9000000000000004,-6.1,11,Hero,0.7359924079342322,0.9999312162399292
442,4.300000000000001,-5.699999999999999,7,Hero,0.8263806487832751,0.9999705382755825
443,-5.199999999999999,4.800000000000001,2,Villain,0.667730450630188,0.9971826672554016
444,3.7,-6.3,13,Hero,0.584165344444605,0.9999968088590182
445,4.1000000000000005,-5.8999999999999995,9,Hero,0.6024312509430779,0.9997622039582994
446,4.0,-6.0,10,Hero,0.5464766040444374,0.9998161554336548
447,4.7,-5.3,3,Hero,0.6797362466653188,0.9999966224034628
448,3.6000000000000005,-6.3999999999999995,14,Hero,0.8846033343247005,0.9999868444034031
449,3.7,-6.3,13,Hero,0.8255206690384791,0.9999960385836087
450,4.7,-5.3,3,Hero,0.688094695409139,0.9999975363413492
451,1.799999999999999,-8.200000000000001,32,Hero,0.512218666728586,0.9999819844961166
452,4.2,-5.8,8,Hero,0.5930225998163223,0.9999101683497429
453,3.8000000000000007,-6.199999999999999,12,Hero,0.7237511355585108,0.99998739361763
454,3.7,-6.3,13,Hero,0.8069368559294022,0.9999909034142127
455,4.7,-5.3,3,Hero,0.8996347387631735,0.9999788204828898
456,3.7,-6.3,13,Hero,0.7292608206088727,0.9999994956530057
457,3.0,-7.0,20,Hero,0.5858110260218382,0.9998764872550965
458,-6.7,3.3,17,Villain,0.3168930128655013,0.9209817893912687
459,3.5,-6.5,15,Hero,0.5661847084760666,0.9999778588612874
460,3.2,-6.8,18,Hero,0.6301356322235532,0.9991658959123824
461,-5.1,4.9,1,Villain,0.9978360533714294,1.0
462,3.6000000000000005,-6.3999999999999995,14,Hero,0.7877353993909699,0.9999974966049194
463,3.0,-7.0,20,Hero,0.5202611409127712,0.9807261854410172
464,4.300000000000001,-5.699999999999999,7,Hero,0.539565167256764,0.9999118021556309
465,4.1000000000000005,-5.8999999999999995,9,Hero,0.6788539671235614,0.9999997748268975
466,3.9000000000000004,-6.1,11,Hero,0.5171308598735116,0.9983655701984059
467,3.0999999999999996,-6.9,19,Hero,0.6505567301799985,0.9995309490906564
468,4.0,-6.0,10,Hero,0.5311049222946167,0.9995750069618226
469,3.5,-6.5,15,Hero,0.604309356212616,0.9968380729357401
470,2.4999999999999996,-7.5,25,Hero,0.5711426740884781,0.9996174454689026
471,3.2,-6.8,18,Hero,0.8585067275497649,0.9999969138039483
472,4.4,-5.6,6,Hero,0.5735839058955511,0.9999512831370035
473,4.2,-5.8,8,Hero,0.8100782968103886,0.9999947100877762
474,4.300000000000001,-5.699999999999999,7,Hero,0.7090090044907161,0.9998836347035
475,4.4,-5.6,6,Hero,0.7618362245460352,0.9999819000562032
476,4.1000000000000005,-5.8999999999999995,9,Hero,0.6305913428465525,0.999963641166687
477,4.5,-5.5,5,Hero,0.5889056086540222,0.9999995708465577
478,2.8,-7.2,22,Hero,0.49549945376136084,0.9195512871850621
479,4.800000000000001,-5.199999999999999,2,Hero,0.5988062471151352,0.9999937415122986
480,4.2,-5.8,8,Hero,0.6541020181030035,0.999945729970932
481,3.5,-6.5,15,Hero,0.7013561819990476,0.9999949296315511
482,3.5,-6.5,15,Hero,0.724366279443105,0.9999402681986491
483,-5.6,4.4,6,Villain,0.9978862802187601,1.0
484,2.8,-7.2,22,Hero,0.5268174734982577,0.9999971660700712
485,3.2,-6.8,18,Hero,0.7401194390323427,0.9999382495880127
486,3.0,-7.0,20,Hero,0.6632887236773968,0.9999915838241578
487,-5.199999999999999,4.800000000000001,2,Villain,0.7246567606925964,0.9997696280479431
488,3.4000000000000004,-6.6,16,Hero,0.562465937808156,0.9724215231835842
489,3.4000000000000004,-6.6,16,Hero,0.5970790786668658,0.9999947771430016
490,3.7,-6.3,13,Hero,0.7134067714214325,0.9998831290465134
491,4.1000000000000005,-5.8999999999999995,9,Hero,0.5499358673890432,0.9989038772053189
492,4.800000000000001,-5.199999999999999,2,Hero,0.9724223017692566,0.9999843835830688
493,4.4,-5.6,6,Hero,0.6032671282688776,0.9999402562777201
494,3.9000000000000004,-6.1,11,Hero,0.49237910590388556,0.9999731237238104
495,4.2,-5.8,8,Hero,0.6025535017251968,0.9992402419447899
496,4.300000000000001,-5.699999999999999,7,Hero,0.547367323920428,0.999996508870806
497,4.300000000000001,-5.699999999999999,7,Hero,0.662568211555481,0.9999677113124302
498,4.9,-5.1,1,Hero,0.9932742118835449,1.0
499,3.3,-6.7,17,Hero,0.62954000778058,0.9805776266490712
500,4.2,-5.8,8,Hero,0.47142923809587955,0.9999983906745911
501,3.5,-6.5,15,Hero,0.663146250260373,0.9999988953272502
502,4.1000000000000005,-5.8999999999999995,9,Hero,0.8574962847762637,0.9958608018027412
503,4.2,-5.8,8,Hero,0.5473772324621677,0.995773658156395
504,3.8000000000000007,-6.199999999999999,12,Hero,0.6521917854746183,0.9999688764413198
505,4.1000000000000005,-5.8999999999999995,9,Hero,0.7654009924994575,0.9998514519797431
506,3.5,-6.5,15,Hero,0.7754474977652231,0.9999880870183309
507,4.9,-5.1,1,Hero,0.9668734073638916,0.9999480247497559
508,2.5999999999999996,-7.4,24,Hero,0.7659823348124822,0.9999961058298746
509,3.0,-7.0,20,Hero,0.556266013532877,0.9933661341667175
510,-0.3999999999999968,-10.399999999999997,54,Hero,0.4941926379860551,0.9998715078389203
511,2.9,-7.1,21,Hero,0.5239663130958521,0.9999945106960478
512,3.0999999999999996,-6.9,19,Hero,0.6059361515860808,0.9998510323072735
513,4.2,-5.8,8,Hero,0.8731494583189487,0.9999984502792358
514,3.0999999999999996,-6.9,19,Hero,0.6387616482220198,0.9995551046572233
515,3.5,-6.5,15,Hero,0.548438095053037,0.998695166905721
516,4.1000000000000005,-5.8999999999999995,9,Hero,0.622434113588598,0.9999922381507026
517,3.9000000000000004,-6.1,11,Hero,0.5383884703571146,0.9999800378626044
518,3.6000000000000005,-6.3999999999999995,14,Hero,0.5723779696438994,0.9995671340397426
519,-5.5,4.5,5,Villain,0.7888275230303406,0.9999886274337768
520,3.6000000000000005,-6.3999999999999995,14,Hero,0.46843842170866473,0.9955101524080548
521,3.7,-6.3,13,Hero,0.7239847068603222,0.9999554615754348
522,3.9000000000000004,-6.1,11,Hero,0.6738687618212267,0.9999970414421775
523,4.1000000000000005,-5.8999999999999995,9,Hero,0.5690040191014608,0.9999990463256836
524,3.7,-6.3,13,Hero,0.5829144670413091,0.9992137413758498
525,-5.199999999999999,4.800000000000001,2,Villain,0.9970711469650269,0.9999997019767761
526,4.9,-5.1,1,Hero,0.9989705085754395,0.9999997615814209
527,4.4,-5.6,6,Hero,0.6677639558911324,0.9998666743437449
528,2.6999999999999997,-7.300000000000001,23,Hero,0.5173433924336797,0.9647888929947562
529,2.9,-7.1,21,Hero,0.503852176524344,0.9989580881027949
530,4.4,-5.6,6,Hero,0.6474162066976229,0.9999980330467224
531,-5.199999999999999,4.800000000000001,2,Villain,0.835005134344101,0.9999959468841553
532,4.0,-6.0,10,Hero,0.7352762095630169,0.9999925374984742
533,4.0,-6.0,10,Hero,0.7476678133010864,0.9998463034629822
534,4.4,-5.6,6,Hero,0.9661470949649811,0.9999995032946268
535,4.300000000000001,-5.699999999999999,7,Hero,0.7033133868660245,0.9999884366989136
536,-5.1,4.9,1,Villain,0.9550924897193909,0.9999924898147583
537,4.4,-5.6,6,Hero,0.5865342443188032,0.9999265273412069
538,-9.99999999999998,-9.99999999999998,100,None,0.9572547964239493,0.9993435150384903
539,1.2999999999999985,-8.700000000000001,37,Hero,0.4985677108571336,0.9945495225287773
540,3.7,-6.3,13,Hero,0.6035675681554354,0.9998101408664997
541,2.6999999999999997,-7.300000000000001,23,Hero,0.5203482806682587,0.9960682262545046
542,4.9,-5.1,1,Hero,0.43398749828338623,0.9999514818191528
543,4.5,-5.5,5,Hero,0.361084196716547,0.9999960899353028
544,-0.49999999999999645,-10.499999999999996,55,Hero,0.5360486817630854,0.9999526446515864
545,2.099999999999999,-7.9,29,Hero,0.6159821540631097,0.9999889546427233
546,3.2,-6.8,18,Hero,0.42181343419684303,0.9998623132705688
547,4.300000000000001,-5.699999999999999,7,Hero,0.5235704811555999,0.9993619578225272
548,-9.99999999999998,-9.99999999999998,100,None,0.7805520077608525,0.9671433626511134
549,4.7,-5.3,3,Hero,0.9525944590568542,0.9999775091807047
550,3.9000000000000004,-6.1,11,Hero,0.6448017846454274,0.9984583529559049
551,-9.99999999999998,-9.99999999999998,100,None,0.6624449337646365,0.9342664912017062
552,3.5,-6.5,15,Hero,0.5711163565516472,0.9603089650472005
553,3.0,-7.0,20,Hero,0.6463748748414219,0.9996537864208221
554,-1.9999999999999911,-11.999999999999991,70,Hero,0.6174596313387155,0.9969283478600638
555,1.4999999999999987,-8.500000000000002,35,Hero,0.5231473939759391,0.9965839692524501
556,3.6000000000000005,-6.3999999999999995,14,Hero,0.6253328940698079,0.9960231695856366
557,3.2,-6.8,18,Hero,0.6822503358125687,0.9999614556630453
558,0.9999999999999982,-9.000000000000002,40,Hero,0.4996825551614165,0.9655217867155443
559,3.8000000000000007,-6.199999999999999,12,Hero,0.6440790691218959,0.9999865392843882
560,4.300000000000001,-5.699999999999999,7,Hero,0.7282950580120087,0.9962184514318194
561,3.6000000000000005,-6.3999999999999995,14,Hero,0.5488099093948092,0.9987402388027736
562,4.0,-6.0,10,Hero,0.5787450909614563,0.9999986290931702
563,2.6999999999999997,-7.300000000000001,23,Hero,0.47815701916165976,0.9946296759273695
564,3.8000000000000007,-6.199999999999999,12,Hero,0.7724440116435289,0.9998755057652792
565,3.6000000000000005,-6.3999999999999995,14,Hero,0.5902376675180027,0.9978647615228381
566,3.6000000000000005,-6.3999999999999995,14,Hero,0.5992196074553898,0.9999879087720599
567,3.9000000000000004,-6.1,11,Hero,0.6183823021975431,0.9999596097252585
568,4.0,-6.0,10,Hero,0.828109261393547,0.9990385472774506
569,3.3,-6.7,17,Hero,0.6668446021264091,0.9995639148880454
570,3.2,-6.8,18,Hero,0.5553655516770151,0.9789290461275313
571,4.0,-6.0,10,Hero,0.5901202768087387,0.9999614238739014
572,3.9000000000000004,-6.1,11,Hero,0.7413627180186185,0.9934480894695629
573,4.0,-6.0,10,Hero,0.7946581929922104,0.9993079602718353
574,0.8999999999999986,-9.100000000000001,41,Hero,0.4901819025597921,0.991729563329278
575,3.8000000000000007,-6.199999999999999,12,Hero,0.6773694753646851,0.996379574139913
576,4.1000000000000005,-5.8999999999999995,9,Hero,0.6737461984157562,0.9999953375922309
577,3.2,-6.8,18,Hero,0.5259526545802752,0.9999564819865756
578,-5.3999999999999995,4.6000000000000005,4,Villain,0.6940183397382498,1.0
579,3.5,-6.5,15,Hero,0.6769834687312444,0.9999904314676921
580,4.2,-5.8,8,Hero,0.7730012200772762,0.9950676560401917
581,4.9,-5.1,1,Hero,0.9180770516395569,0.9999991655349731
582,3.5,-6.5,15,Hero,0.6374229311943054,0.9820379217465719
583,3.6000000000000005,-6.3999999999999995,14,Hero,0.8335769112621035,0.9996226515088763
584,3.7,-6.3,13,Hero,0.8467096640513494,0.9996465077767005
585,3.8000000000000007,-6.199999999999999,12,Hero,0.8090458363294601,0.9999868671099345
586,4.1000000000000005,-5.8999999999999995,9,Hero,0.730794119855596,0.9970485236909654
587,3.9000000000000004,-6.1,11,Hero,0.7064089693806388,0.999867547642101
588,-5.199999999999999,4.800000000000001,2,Villain,0.9640781581401825,0.9999998807907104
589,3.5,-6.5,15,Hero,0.5361969182888667,0.9995182593663533
590,4.0,-6.0,10,Hero,0.5414083139621653,0.993109279870987
591,4.2,-5.8,8,Hero,0.7544266376644373,0.9999739229679108
592,1.9999999999999991,-8.0,30,Hero,0.629004177202781,0.9999218841393789
593,4.0,-6.0,10,Hero,0.8205491125583648,0.9999921560287476
594,3.9000000000000004,-6.1,11,Hero,0.8147809302264993,0.9999723976308649
595,3.2,-6.8,18,Hero,0.5711601475874583,0.9996235734886594
596,3.8000000000000007,-6.199999999999999,12,Hero,0.6676981871326765,0.8650429049351563
597,4.300000000000001,-5.699999999999999,7,Hero,0.5486021307962281,0.9837679522378104
598,4.0,-6.0,10,Hero,0.8449625194072723,0.9998493432998657
599,4.9,-5.1,1,Hero,0.8795160055160522,0.9971789121627808
600,4.2,-5.8,8,Hero,0.6448620855808258,0.9999580532312393
601,3.7,-6.3,13,Hero,0.8910616223628705,0.9999548838688777
602,4.9,-5.1,1,Hero,0.9941589832305908,1.0
603,4.300000000000001,-5.699999999999999,7,Hero,0.7000402744327273,0.9999963045120239
604,3.4000000000000004,-6.6,16,Hero,0.6349743497557938,0.9999341666698456
605,3.8000000000000007,-6.199999999999999,12,Hero,0.8678079253683487,0.9999945759773254
606,4.2,-5.8,8,Hero,0.6463592778891325,0.9962205737829208
607,3.6000000000000005,-6.3999999999999995,14,Hero,0.6187917127140931,0.9999674303191048
608,4.7,-5.3,3,Hero,0.7140818536281586,0.9999998410542806
609,3.0999999999999996,-6.9,19,Hero,0.5424347276750364,0.9918965571805051
610,3.5,-6.5,15,Hero,0.7303160945574443,0.999911363919576
611,2.2999999999999994,-7.700000000000001,27,Hero,0.5830275684560614,0.999914374616411
612,3.6000000000000005,-6.3999999999999995,14,Hero,0.6281338706612587,0.9968085970197406
613,3.6000000000000005,-6.3999999999999995,14,Hero,0.5807745664247445,0.9999478033610752
614,4.1000000000000005,-5.8999999999999995,9,Hero,0.6014709737565782,0.9996907114982605
615,2.9,-7.1,21,Hero,0.7062533469427199,0.9972401601927621
616,-5.199999999999999,4.800000000000001,2,Villain,0.7754893004894257,0.9999997019767761
617,4.4,-5.6,6,Hero,0.802506019671758,0.9999951918919882
618,4.4,-5.6,6,Hero,0.7318991894523302,0.9999968409538269
619,3.0,-7.0,20,Hero,0.6619953766465188,0.9999656975269318
620,1.9999999999999991,-8.0,30,Hero,0.5155899339045088,0.9985453605651855
621,4.0,-6.0,10,Hero,0.7307837903499603,0.9992087125778198
622,4.1000000000000005,-5.8999999999999995,9,Hero,0.7131849411461089,0.9999345143636068
623,4.2,-5.8,8,Hero,0.7824930734932423,0.9993093609809875
624,4.1000000000000005,-5.8999999999999995,9,Hero,0.5765079023937384,0.9998831020461189
625,4.1000000000000005,-5.8999999999999995,9,Hero,0.7831080423461066,0.9992807176378038
626,-5.699999999999999,4.300000000000001,7,Villain,0.4664388575724193,0.9992903981889997
627,3.0999999999999996,-6.9,19,Hero,0.6186679872243028,0.9999565764477378
628,4.5,-5.5,5,Hero,0.7105305135250092,0.9999992847442627
629,3.7,-6.3,13,Hero,0.673989033469787,0.998530782186068
630,4.0,-6.0,10,Hero,0.6821493014693261,0.9993351876735688
631,3.9000000000000004,-6.1,11,Hero,0.6192053664814342,0.9083510658982216
632,3.5,-6.5,15,Hero,0.6145099540551503,0.9967986186345418
633,2.6999999999999997,-7.300000000000001,23,Hero,0.5802103590382182,0.9946124864661176
634,4.0,-6.0,10,Hero,0.6776567697525024,0.9999590158462525
635,4.300000000000001,-5.699999999999999,7,Hero,0.8333521080868584,0.9987082311085292
636,3.6000000000000005,-6.3999999999999995,14,Hero,0.5753161683678627,0.9999645607812064
637,4.7,-5.3,3,Hero,0.8919209241867065,0.9999780257542928
638,3.9000000000000004,-6.1,11,Hero,0.8078846094960516,0.9997173656116832
639,4.5,-5.5,5,Hero,0.7717110633850097,0.999976921081543
640,1.0999999999999983,-8.900000000000002,39,Hero,0.7253663572363365,0.9999953355544653
641,0.40000000000000036,-9.6,46,Hero,0.7140131994130333,0.9999929329623347
642,4.4,-5.6,6,Hero,0.9041353563467661,0.9991050958633423
643,3.8000000000000007,-6.199999999999999,12,Hero,0.8476574967304865,0.9999716182549795
644,3.3,-6.7,17,Hero,0.6785362134961521,0.9990018395816579
645,3.8000000000000007,-6.199999999999999,12,Hero,0.8338668321569761,0.9999720752239227
646,3.9000000000000004,-6.1,11,Hero,0.826880460435694,0.9998512864112854
647,4.9,-5.1,1,Hero,0.27040350437164307,0.9988735318183899
648,3.2,-6.8,18,Hero,0.5907638789051108,0.9988357424736023
649,3.7,-6.3,13,Hero,0.5774057433009148,0.9999687121464655
650,4.5,-5.5,5,Hero,0.7961721658706665,0.9999954223632812
651,3.8000000000000007,-6.199999999999999,12,Hero,0.6564108654856682,0.9986962974071503
652,3.2,-6.8,18,Hero,0.5272191373838319,0.9991962280538347
653,1.899999999999999,-8.100000000000001,31,Hero,0.4491061981647245,0.9995841537752459
654,3.7,-6.3,13,Hero,0.8366159417738135,0.9999847778907189
655,4.5,-5.5,5,Hero,0.7766197800636292,0.9994243383407593
656,4.7,-5.3,3,Hero,0.9609935482343038,0.9999987284342448
657,3.0999999999999996,-6.9,19,Hero,0.5507238342573768,0.9876753248666462
658,4.0,-6.0,10,Hero,0.8581352607543522,0.9998252093791962
659,4.7,-5.3,3,Hero,0.6681041816870371,0.999369204044342
660,4.0,-6.0,10,Hero,0.7378213495016098,0.9983205139636994
661,4.0,-6.0,10,Hero,0.7133496642112732,0.9996060967445374
662,3.5,-6.5,15,Hero,0.5843552649021149,0.9579098105430603
663,4.0,-6.0,10,Hero,0.8017955318093299,0.9999540686607361
664,3.8000000000000007,-6.199999999999999,12,Hero,0.6425202805548906,0.9987915257612864
665,3.0999999999999996,-6.9,19,Hero,0.6192585700436642,0.9749370970224079
666,3.0999999999999996,-6.9,19,Hero,0.6106259101315549,0.9948772003776148
667,3.7,-6.3,13,Hero,0.6473479849787859,0.9987044242712168
668,4.1000000000000005,-5.8999999999999995,9,Hero,0.7183873156706492,0.9835295942094591
669,3.9000000000000004,-6.1,11,Hero,0.6733759763565931,0.9975623325868086
670,3.0999999999999996,-6.9,19,Hero,0.5955379095516706,0.9998941421508789
671,4.9,-5.1,1,Hero,0.7754764556884766,0.9993231296539307
672,3.2,-6.8,18,Hero,0.6340482715103362,0.922542590699676
673,-5.1,4.9,1,Villain,0.3745031952857971,0.9952887296676636
674,4.0,-6.0,10,Hero,0.7942455530166626,0.9997686684131623
675,4.5,-5.5,5,Hero,0.6196320652961731,0.9983426213264466
676,3.6000000000000005,-6.3999999999999995,14,Hero,0.6927142824445452,0.9998835580689567
677,3.8000000000000007,-6.199999999999999,12,Hero,0.5766045438746611,0.9952559520800909
678,4.1000000000000005,-5.8999999999999995,9,Hero,0.7137343800730176,0.9980379011895921
679,4.0,-6.0,10,Hero,0.7456033766269684,0.9571088373661041
680,0.3000000000000007,-9.7,47,Hero,0.6140786756543403,0.9994149030523097
681,3.8000000000000007,-6.199999999999999,12,Hero,0.7776036448776722,0.9750546514987946
682,3.6000000000000005,-6.3999999999999995,14,Hero,0.591242504971368,0.9950594987188067
683,4.800000000000001,-5.199999999999999,2,Hero,0.9523522853851318,0.9998101890087128
684,3.9000000000000004,-6.1,11,Hero,0.8170279291543093,0.9512467059222135
685,3.8000000000000007,-6.199999999999999,12,Hero,0.6938908522327741,0.9126599387576183
686,3.8000000000000007,-6.199999999999999,12,Hero,0.6444252567986647,0.6791732842878749
687,4.4,-5.6,6,Hero,0.5904965003331503,0.993656168381373
688,3.9000000000000004,-6.1,11,Hero,0.66588948125189,0.7247728597034108
689,3.9000000000000004,-6.1,11,Hero,0.6364435255527496,0.6128916496580298
690,0.9999999999999982,-9.000000000000002,40,Hero,0.49668435771018266,0.9885277032852173
691,3.9000000000000004,-6.1,11,Hero,0.5338639588179913,0.6304145888848738
692,2.8,-7.2,22,Hero,0.5534924851222471,0.9412972949106585
693,4.300000000000001,-5.699999999999999,7,Hero,0.5805972473961967,0.9153622218540737
694,4.4,-5.6,6,Hero,0.6947427491346995,0.8978782991568247
695,4.4,-5.6,6,Hero,0.8136787737409273,0.8139804241557916
696,2.4999999999999996,-7.5,25,Hero,0.5790135401487351,0.8931354719400406
697,3.8000000000000007,-6.199999999999999,12,Hero,0.6510334971050421,0.5929195036490759
698,4.5,-5.5,5,Hero,0.7368128955364227,0.9225488305091858
699,4.1000000000000005,-5.8999999999999995,9,Hero,0.6909681326813168,0.8539728191163805
700,4.800000000000001,-5.199999999999999,2,Hero,0.5701100677251816,0.9436072707176208
701,3.5,-6.5,15,Hero,0.5526031600932281,0.644265478849411
702,3.4000000000000004,-6.6,16,Hero,0.6645915880799294,0.7500948701053858
703,4.300000000000001,-5.699999999999999,7,Hero,0.598863980599812,0.988946156842368
704,4.0,-6.0,10,Hero,0.7167897507548332,0.6887969493865966
705,4.6000000000000005,-5.3999999999999995,4,Hero,0.9206656068563461,0.99394591152668
706,3.4000000000000004,-6.6,16,Hero,0.5747115663252771,0.8103205165825784
707,4.7,-5.3,3,Hero,0.4740280658006668,0.9991219441095988
708,4.1000000000000005,-5.8999999999999995,9,Hero,0.583107341080904,0.9462907181845771
709,4.1000000000000005,-5.8999999999999995,9,Hero,0.7233085003164079,0.819770657353931
710,3.8000000000000007,-6.199999999999999,12,Hero,0.5513733997941017,0.9888609250386556
711,3.6000000000000005,-6.3999999999999995,14,Hero,0.6120180040597916,0.9983859232493809
712,3.8000000000000007,-6.199999999999999,12,Hero,0.5648399678369364,0.9942232469717661
713,3.7,-6.3,13,Hero,0.582602858543396,0.9843966960906982
714,4.2,-5.8,8,Hero,0.8780385218560696,0.9979106038808823
715,3.8000000000000007,-6.199999999999999,12,Hero,0.5560312326997519,0.9979854623476664
716,3.9000000000000004,-6.1,11,Hero,0.5908765440637415,0.9977026906880465
717,3.4000000000000004,-6.6,16,Hero,0.5092573674628511,0.9275682191364467
718,4.1000000000000005,-5.8999999999999995,9,Hero,0.9063401950730218,0.9996789892514547
719,3.0999999999999996,-6.9,19,Hero,0.5824486730914367,0.9994089572053206
720,4.7,-5.3,3,Hero,0.6411415934562683,0.9999945958455404
721,3.8000000000000007,-6.199999999999999,12,Hero,0.5120844356715679,0.999625896414121
722,-5.1,4.9,1,Villain,0.3504278063774109,0.9988728165626526
723,4.800000000000001,-5.199999999999999,2,Hero,0.9080678522586823,0.9989158511161804
724,3.0999999999999996,-6.9,19,Hero,0.5750909375124856,0.876420968849408
725,4.4,-5.6,6,Hero,0.6054311022162437,0.9999965826670328
726,3.6000000000000005,-6.3999999999999995,14,Hero,0.6923670466057956,0.9976360372134617
727,2.8,-7.2,22,Hero,0.6416683386672627,0.9994394887577404
728,4.4,-5.6,6,Hero,0.9025004307428995,0.9999741514523824
729,4.6000000000000005,-5.3999999999999995,4,Hero,0.7332915551960468,0.9999584257602692
730,4.0,-6.0,10,Hero,0.6129853367805481,0.9979820728302002
731,3.3,-6.7,17,Hero,0.6326699081589194,0.9999685147229362
732,4.7,-5.3,3,Hero,0.9747777779897054,0.9967049161593119
733,4.2,-5.8,8,Hero,0.6998958513140678,0.9996570274233818
734,4.4,-5.6,6,Hero,0.635338286558787,0.9999637007713318
735,3.3,-6.7,17,Hero,0.5648044722483438,0.998477974358727
736,2.5999999999999996,-7.4,24,Hero,0.5219771098927595,0.9990338062246641
737,4.5,-5.5,5,Hero,0.9725937843322754,0.9999980211257935
738,4.0,-6.0,10,Hero,0.6640366911888123,0.9972359895706177
739,4.0,-6.0,10,Hero,0.7584570288658142,0.9979805827140809
740,3.2,-6.8,18,Hero,0.548162149058448,0.9751934210459391
741,3.0,-7.0,20,Hero,0.5435366198420525,0.9987964481115341
742,3.7,-6.3,13,Hero,0.6595124418918903,0.9141390381130174
743,4.1000000000000005,-5.8999999999999995,9,Hero,0.7106035980913374,0.998786555396186
744,4.4,-5.6,6,Hero,0.9788093864917755,0.9999004999796549
745,4.4,-5.6,6,Hero,0.798926517367363,0.9979801873366038
746,2.8,-7.2,22,Hero,0.738328103992072,0.9999063800681721
747,4.9,-5.1,1,Hero,0.16182585060596466,0.999992847442627
748,2.6999999999999997,-7.300000000000001,23,Hero,0.5654669073612794,0.9885563539422076
749,0.3000000000000007,-9.7,47,Hero,0.7207011173855751,0.9998884251777161
750,3.3,-6.7,17,Hero,0.5107010666500119,0.9650323145529803
751,3.6000000000000005,-6.3999999999999995,14,Hero,0.6679512709379196,0.8979031981102058
752,4.6000000000000005,-5.3999999999999995,4,Hero,0.5983979180455208,0.9999991357326508
753,2.9,-7.1,21,Hero,0.6416612881280127,0.9997808365594774
754,4.300000000000001,-5.699999999999999,7,Hero,0.5737937598356179,0.9999761922018868
755,3.0,-7.0,20,Hero,0.5978391602635383,0.9999220997095108
756,4.9,-5.1,1,Hero,0.7383310198783875,0.9999980926513672
757,4.2,-5.8,8,Hero,0.5837823189795017,0.9999539703130722
758,3.0999999999999996,-6.9,19,Hero,0.5429249703884125,0.9995354100277549
759,3.9000000000000004,-6.1,11,Hero,0.6913510208780115,0.9723565632646735
760,4.2,-5.8,8,Hero,0.9661464840173721,0.9999214112758636
761,4.0,-6.0,10,Hero,0.8542643010616302,0.9999933958053588
762,3.5,-6.5,15,Hero,0.5829615652561188,0.9997290174166361
763,3.9000000000000004,-6.1,11,Hero,0.6703014306046746,0.9986245252869346
764,3.5,-6.5,15,Hero,0.6594697495301565,0.9999529838562011
765,3.7,-6.3,13,Hero,0.6329324818574465,0.993409670316256
766,3.6000000000000005,-6.3999999999999995,14,Hero,0.47053215306784424,0.9999708533287048
767,4.800000000000001,-5.199999999999999,2,Hero,0.7824639081954956,0.9998356699943542
768,2.9,-7.1,21,Hero,0.5249139127277193,0.999177805015019
769,4.300000000000001,-5.699999999999999,7,Hero,0.8208610160010201,0.9997469101633344
770,4.800000000000001,-5.199999999999999,2,Hero,0.5992199927568436,0.9999977946281433
771,3.8000000000000007,-6.199999999999999,12,Hero,0.8078285058339437,0.9969911773999532
772,4.300000000000001,-5.699999999999999,7,Hero,0.8353333132607597,0.9956428408622742
773,3.9000000000000004,-6.1,11,Hero,0.7741257859901949,0.9998713027347218
774,4.2,-5.8,8,Hero,0.6472979709506035,0.999992847442627
775,4.5,-5.5,5,Hero,0.9912089467048645,0.9991040468215943
776,3.4000000000000004,-6.6,16,Hero,0.5871852902637329,0.9997807033360004
777,3.7,-6.3,13,Hero,0.6300334552159677,0.9999468326568604
778,4.2,-5.8,8,Hero,0.6490188427269459,0.9982506781816483
779,3.6000000000000005,-6.3999999999999995,14,Hero,0.7087514528206417,0.9944482105118888
780,4.6000000000000005,-5.3999999999999995,4,Hero,0.684679426252842,0.9999984204769135
781,3.8000000000000007,-6.199999999999999,12,Hero,0.8100551143288612,0.9999223152796427
782,4.2,-5.8,8,Hero,0.6161534078419209,0.9974652081727982
783,3.7,-6.3,13,Hero,0.7243851377413824,0.9943224375064557
784,3.2,-6.8,18,Hero,0.5661834585997794,0.9973177446259393
785,4.300000000000001,-5.699999999999999,7,Hero,0.961575448513031,0.999655944960458
786,4.7,-5.3,3,Hero,0.7990521589914957,0.9999978542327881
787,3.2,-6.8,18,Hero,0.6074884699450599,0.9927787284056345
788,4.4,-5.6,6,Hero,0.6177055748800436,0.9995980461438497
789,4.800000000000001,-5.199999999999999,2,Hero,0.9654070734977722,0.9999473690986633
790,4.2,-5.8,8,Hero,0.716270312666893,0.9999639242887497
791,2.9,-7.1,21,Hero,0.5982558012363457,0.9945884999774751
792,3.7,-6.3,13,Hero,0.5588279079932433,0.9999652183972872
793,4.0,-6.0,10,Hero,0.783521568775177,0.9988002419471741
794,3.8000000000000007,-6.199999999999999,12,Hero,0.6891268094380697,0.9986662268638611
795,3.0,-7.0,20,Hero,0.5903580240905285,0.9914896160364151
796,2.3999999999999995,-7.6000000000000005,26,Hero,0.5096869679311147,0.8268272764980793
797,4.300000000000001,-5.699999999999999,7,Hero,0.6439061824764524,0.9999839067459106
798,3.2,-6.8,18,Hero,0.5723021825154623,0.8516599262754122
799,3.7,-6.3,13,Hero,0.7238262261335666,0.9985471826333266
800,3.5,-6.5,15,Hero,0.6840563575426738,0.9955957452456157
801,4.1000000000000005,-5.8999999999999995,9,Hero,0.9652157757017348,0.9997731645901998
802,4.4,-5.6,6,Hero,0.6983067641655604,0.9993295868237814
803,4.5,-5.5,5,Hero,0.7043817907571792,0.9998191833496094
804,2.6999999999999997,-7.300000000000001,23,Hero,0.5625784189298587,0.999845248201619
805,4.2,-5.8,8,Hero,0.8750541359186172,0.9999042451381683
806,4.300000000000001,-5.699999999999999,7,Hero,0.9718589867864337,0.9990510855402265
807,3.3,-6.7,17,Hero,0.6472972800188205,0.99886356381809
808,4.0,-6.0,10,Hero,0.5330728456377983,0.9987956523895264
809,-5.3999999999999995,4.6000000000000005,4,Villain,0.558525837957859,1.0
810,3.0999999999999996,-6.9,19,Hero,0.7255139758712367,0.9470505600635845
811,1.5999999999999988,-8.400000000000002,34,Hero,0.7903990390546182,0.9998379314647001
812,3.4000000000000004,-6.6,16,Hero,0.5896512363106012,0.994851116091013
813,3.0,-7.0,20,Hero,0.7232514346018434,0.9999644041061402
814,2.8,-7.2,22,Hero,0.7188575579361483,0.9986486787145789
815,3.2,-6.8,18,Hero,0.5680119956119193,0.9989264044496748
816,2.6999999999999997,-7.300000000000001,23,Hero,0.5405179417651632,0.9971956532934437
817,3.7,-6.3,13,Hero,0.4564579358467689,0.9988107085227966
818,3.0,-7.0,20,Hero,0.7034470126032829,0.9998199641704559
819,3.3,-6.7,17,Hero,0.6289419233798981,0.9894295299754423
820,4.0,-6.0,10,Hero,0.6273141369223595,0.9997665107250213
821,4.5,-5.5,5,Hero,0.9918078541755676,0.9999991655349731
822,4.4,-5.6,6,Hero,0.5415089279413223,0.9931354522705078
823,4.4,-5.6,6,Hero,0.9962597091992696,0.999955932299296
824,4.0,-6.0,10,Hero,0.7631878912448883,0.9991009712219239
825,2.3999999999999995,-7.6000000000000005,26,Hero,0.6451928687210267,0.9994784135084885
826,3.4000000000000004,-6.6,16,Hero,0.5420837217243388,0.999130018055439
827,2.8,-7.2,22,Hero,0.6652935743331909,0.9998331638899717
828,4.0,-6.0,10,Hero,0.664881831407547,0.9979985237121582
829,3.5,-6.5,15,Hero,0.5879924257596334,0.998944362004598
830,3.8000000000000007,-6.199999999999999,12,Hero,0.7727701266606649,0.9998732258876165
831,4.1000000000000005,-5.8999999999999995,9,Hero,0.6181663374106089,0.999957283337911
832,-5.8,4.2,8,Villain,0.30569887440651655,0.9081690087914467
833,4.1000000000000005,-5.8999999999999995,9,Hero,0.6291358967622122,0.9993965162171258
834,3.6000000000000005,-6.3999999999999995,14,Hero,0.7193370631762913,0.9999672515051705
835,4.800000000000001,-5.199999999999999,2,Hero,0.9772586226463318,0.9999958276748657
836,4.0,-6.0,10,Hero,0.6878264203667641,0.9998594880104065
837,4.1000000000000005,-5.8999999999999995,9,Hero,0.7912244962321388,0.9961094657580057
838,4.9,-5.1,1,Hero,0.9678497314453125,1.0
839,4.300000000000001,-5.699999999999999,7,Hero,0.8288109302520752,0.9999958276748657
840,4.2,-5.8,8,Hero,0.8499739901162684,0.999657116830349
841,3.8000000000000007,-6.199999999999999,12,Hero,0.6375250294804573,0.999976654847463
842,4.300000000000001,-5.699999999999999,7,Hero,0.815638895545687,0.999989424433027
843,4.7,-5.3,3,Hero,0.6199348370234171,0.9999980131785074
844,3.8000000000000007,-6.199999999999999,12,Hero,0.6553787862261137,0.9992016404867172
845,4.2,-5.8,8,Hero,0.6948279438074678,0.9999963641166687
846,3.3,-6.7,17,Hero,0.5917140915989876,0.9990823198767269
847,4.800000000000001,-5.199999999999999,2,Hero,0.8853920996189117,0.9999999403953552
848,3.6000000000000005,-6.3999999999999995,14,Hero,0.5590805275631803,0.9996506358895983
849,3.5,-6.5,15,Hero,0.6524888426065445,0.9744342207908631
850,3.8000000000000007,-6.199999999999999,12,Hero,0.7306445290644964,0.9983406911293665
851,4.6000000000000005,-5.3999999999999995,4,Hero,0.7974238991737366,0.9991895407438278
852,-5.1,4.9,1,Villain,0.9955675005912781,1.0
853,3.4000000000000004,-6.6,16,Hero,0.6107610631734133,0.9999951347708702
854,3.5,-6.5,15,Hero,0.6566291809082031,0.9986038923263549
855,4.300000000000001,-5.699999999999999,7,Hero,0.6902652169976916,0.9999932391302926
856,4.7,-5.3,3,Hero,0.6724411845207214,0.9998993873596191
857,3.9000000000000004,-6.1,11,Hero,0.6658699214458466,0.9986603964458812
858,3.7,-6.3,13,Hero,0.6566317494098957,0.9999852088781503
859,4.300000000000001,-5.699999999999999,7,Hero,0.9760035446711949,0.9991058111190796
860,3.0999999999999996,-6.9,19,Hero,0.6117060215849626,0.9998386753232855
861,4.1000000000000005,-5.8999999999999995,9,Hero,0.9713921745618185,0.9997255868381925
862,4.5,-5.5,5,Hero,0.6203339993953705,1.0
863,3.9000000000000004,-6.1,11,Hero,0.7469437176531012,0.9988468451933428
864,3.9000000000000004,-6.1,11,Hero,0.7566424797881733,0.9999967596747659
865,4.9,-5.1,1,Hero,0.5379884839057922,1.0
866,3.8000000000000007,-6.199999999999999,12,Hero,0.5977331561346849,0.9999847114086151
867,4.4,-5.6,6,Hero,0.6312081962823868,0.9997913340727488
868,3.0999999999999996,-6.9,19,Hero,0.6084225742440474,0.9999902938541613
869,4.1000000000000005,-5.8999999999999995,9,Hero,0.8427000641822815,0.9999922116597494
870,3.7,-6.3,13,Hero,0.7600340522252597,0.9998597044211167
871,3.5,-6.5,15,Hero,0.6169233645002047,0.9999951601028443
872,4.5,-5.5,5,Hero,0.8520655155181884,0.9995018124580384
873,4.9,-5.1,1,Hero,0.9620060324668884,0.9999997615814209
874,4.0,-6.0,10,Hero,0.6134424619376659,0.9997088491916657
875,3.7,-6.3,13,Hero,0.6394705405602088,0.9700808754334083
876,3.7,-6.3,13,Hero,0.7709271105436178,0.9997783119861896
877,4.4,-5.6,6,Hero,0.572463204463323,0.9999994436899821
878,3.6000000000000005,-6.3999999999999995,14,Hero,0.6011037688170161,0.9932873291628701
879,4.0,-6.0,10,Hero,0.553713995218277,0.9998430013656616
880,3.3,-6.7,17,Hero,0.641386850791819,0.9997853356249192
881,4.0,-6.0,10,Hero,0.6079475343227386,0.9997608363628387
882,4.7,-5.3,3,Hero,0.9930794636408488,0.9999990860621134
883,3.4000000000000004,-6.6,16,Hero,0.6844748165458441,0.9974678009748459
884,2.9,-7.1,21,Hero,0.6582092387335641,0.9997992912928263
885,4.1000000000000005,-5.8999999999999995,9,Hero,0.9971813625759549,0.9977661305003696
886,4.0,-6.0,10,Hero,0.6540572971105576,0.9997432708740235
887,4.800000000000001,-5.199999999999999,2,Hero,0.9872377514839172,0.9999678730964661
888,3.0999999999999996,-6.9,19,Hero,0.6182774634737718,0.999897445503034
889,-5.3,4.7,3,Villain,0.285396933555603,0.8440004587173462
890,3.7,-6.3,13,Hero,0.6385036867398483,0.9099950833389392
891,3.9000000000000004,-6.1,11,Hero,0.6385274204340848,0.9999916553497314
892,4.5,-5.5,5,Hero,0.9911024570465088,0.9999635219573975
893,3.8000000000000007,-6.199999999999999,12,Hero,0.7337548496822516,0.999923512339592
894,4.5,-5.5,5,Hero,0.8535935163497925,0.9999998569488525
895,4.1000000000000005,-5.8999999999999995,9,Hero,0.6202515363693237,0.9997949136628045
896,4.7,-5.3,3,Hero,0.6644418661793073,0.999999483426412
897,3.5,-6.5,15,Hero,0.6117730498313904,0.9864000757535298
898,3.9000000000000004,-6.1,11,Hero,0.6700205884196542,0.9996443390846252
899,4.300000000000001,-5.699999999999999,7,Hero,0.8490474266665322,0.9999998978206089
900,3.6000000000000005,-6.3999999999999995,14,Hero,0.6819261653082711,0.9993065808500562
901,3.4000000000000004,-6.6,16,Hero,0.6674027917906642,0.9780033901333809
902,4.2,-5.8,8,Hero,0.9825695976614952,0.9999871850013733
903,4.300000000000001,-5.699999999999999,7,Hero,0.8715224691799709,0.9989779761859349
904,4.0,-6.0,10,Hero,0.7445655837655067,0.9999996900558472
905,4.9,-5.1,1,Hero,0.33935338258743286,0.9996824264526367
906,4.5,-5.5,5,Hero,0.5730015367269516,0.9997704982757568
907,4.9,-5.1,1,Hero,0.9021823406219482,0.9999847412109375
908,4.300000000000001,-5.699999999999999,7,Hero,0.6413950941392353,0.9999936478478568
909,3.4000000000000004,-6.6,16,Hero,0.6723189549520612,0.9999994859099388
910,3.9000000000000004,-6.1,11,Hero,0.6261607787825845,0.9999840042807839
911,3.8000000000000007,-6.199999999999999,12,Hero,0.7525939720993241,0.9999938507874807
912,3.9000000000000004,-6.1,11,Hero,0.8278229561719027,0.9999078078703447
913,4.5,-5.5,5,Hero,0.8248594999313354,0.9992509126663208
914,3.6000000000000005,-6.3999999999999995,14,Hero,0.6337655740124839,0.9999999403953552
915,3.7,-6.3,13,Hero,0.751917309485949,0.9989282442973211
916,4.9,-5.1,1,Hero,0.11948981881141663,0.9999990463256836
917,3.8000000000000007,-6.199999999999999,12,Hero,0.6523656447728475,0.9999595085779825
918,3.7,-6.3,13,Hero,0.7544987568488488,0.9999893812032846
919,4.4,-5.6,6,Hero,0.7951099475224813,0.9997551739215851
920,4.2,-5.8,8,Hero,0.5087381340563297,0.9997321516275406
921,3.7,-6.3,13,Hero,0.709525140432211,0.9997692291553204
922,3.8000000000000007,-6.199999999999999,12,Hero,0.811582108338674,0.9950993557771047
923,4.2,-5.8,8,Hero,0.5965923257172108,0.9997586905956268
924,4.1000000000000005,-5.8999999999999995,9,Hero,0.6511102318763733,0.9999560647540622
925,4.0,-6.0,10,Hero,0.7157314985990524,0.9969286024570465
926,3.7,-6.3,13,Hero,0.6962031424045563,0.9987624241755559
927,4.4,-5.6,6,Hero,0.8391023874282837,0.9999997417132059
928,3.4000000000000004,-6.6,16,Hero,0.6597523116506636,0.830498976400122
929,4.0,-6.0,10,Hero,0.678701463341713,0.9999999761581421
930,3.4000000000000004,-6.6,16,Hero,0.612197282469424,0.999999463558197
931,3.9000000000000004,-6.1,11,Hero,0.6722949743270874,0.9935462258078835
932,4.5,-5.5,5,Hero,0.7373494386672974,0.9997833371162415
933,4.300000000000001,-5.699999999999999,7,Hero,0.9676142079489571,0.9999996934618268
934,3.9000000000000004,-6.1,11,Hero,0.7223695272749121,0.9973319552161477
935,-5.3999999999999995,4.6000000000000005,4,Villain,0.8105615675449371,0.9999997913837433
936,4.7,-5.3,3,Hero,0.9560242692629496,0.9999991655349731
937,3.0,-7.0,20,Hero,0.6727494132239371,0.9994039297103882
938,3.9000000000000004,-6.1,11,Hero,0.7208228273825212,0.9998616359450601
939,4.9,-5.1,1,Hero,0.8775557279586792,1.0
940,4.2,-5.8,8,Hero,0.7680184096097946,0.9999997168779373
941,3.9000000000000004,-6.1,11,Hero,0.7989116256887262,0.9999855214899237
942,4.2,-5.8,8,Hero,0.5979585247114301,0.9999320656061172
943,3.8000000000000007,-6.199999999999999,12,Hero,0.6833300665020943,0.9995381484429041
944,3.8000000000000007,-6.199999999999999,12,Hero,0.67051818408072,0.9995486040910085
945,3.9000000000000004,-6.1,11,Hero,0.7746099910952828,0.9999770467931574
946,3.3,-6.7,17,Hero,0.6340301435659913,0.9997904405874365
947,4.300000000000001,-5.699999999999999,7,Hero,0.9747490882873535,0.9999811138425555
948,3.5,-6.5,15,Hero,0.7097176730632782,0.9991763869921366
949,3.7,-6.3,13,Hero,0.6535906384770687,0.9999966346300565
950,3.7,-6.3,13,Hero,0.7848032988034762,0.9998508508388813
951,4.1000000000000005,-5.8999999999999995,9,Hero,0.7241972949769762,0.9986568689346313
952,3.7,-6.3,13,Hero,0.7504671536959134,0.9978166222572327
953,4.300000000000001,-5.699999999999999,7,Hero,0.7712868239198413,0.9985828059060233
954,3.4000000000000004,-6.6,16,Hero,0.6219224957749248,0.9999982118606567
955,4.300000000000001,-5.699999999999999,7,Hero,0.7043671991143908,0.9998657873698643
956,4.0,-6.0,10,Hero,0.686547240614891,0.9993720173835754
957,4.300000000000001,-5.699999999999999,7,Hero,0.7709469199180603,0.9985539742878505
958,4.300000000000001,-5.699999999999999,7,Hero,0.6177517133099693,0.9993438720703125
959,3.3,-6.7,17,Hero,0.6257234005367055,0.9999880089479334
960,4.0,-6.0,10,Hero,0.6007850334048271,0.9999994039535522
961,4.7,-5.3,3,Hero,0.9104497234026591,0.9998802344004313
962,4.9,-5.1,1,Hero,0.8699882626533508,0.9999996423721313
963,3.0999999999999996,-6.9,19,Hero,0.6197719302420553,0.9999242299481442
964,4.7,-5.3,3,Hero,0.9307496547698975,0.9996893803278605
965,4.2,-5.8,8,Hero,0.6288582384586334,0.9990214705467224
966,3.6000000000000005,-6.3999999999999995,14,Hero,0.6503682083317212,0.9999994891030448
967,4.300000000000001,-5.699999999999999,7,Hero,0.773317596742085,0.9999998467309135
968,-5.1,4.9,1,Villain,0.9995824694633484,1.0
969,4.4,-5.6,6,Hero,0.851842055718104,0.9999996225039164
970,4.5,-5.5,5,Hero,0.7488089197780937,0.9999933004379272
971,3.8000000000000007,-6.199999999999999,12,Hero,0.6291605656345686,0.9999991556008657
972,4.0,-6.0,10,Hero,0.9187218129634858,0.9999959111213684
973,3.8000000000000007,-6.199999999999999,12,Hero,0.7972617596387863,0.9984322190284729
974,4.300000000000001,-5.699999999999999,7,Hero,0.9542149731091091,0.999856173992157
975,3.8000000000000007,-6.199999999999999,12,Hero,0.7500349804759026,0.9999990363915762
976,4.5,-5.5,5,Hero,0.9840976238250733,0.9999997615814209
977,3.8000000000000007,-6.199999999999999,12,Hero,0.6678574432929357,0.9931618273258209
978,4.2,-5.8,8,Hero,0.718136128038168,0.9999992102384567
979,4.6000000000000005,-5.3999999999999995,4,Hero,0.7324954904615879,0.9999614953994751
980,4.6000000000000005,-5.3999999999999995,4,Hero,0.4999978467822075,0.9999996423721313
981,3.7,-6.3,13,Hero,0.6332754464103625,0.9972788645670965
982,3.5,-6.5,15,Hero,0.6212168663740159,0.9974791804949442
983,3.3,-6.7,17,Hero,0.7501781758140115,0.9972566751872792
984,3.8000000000000007,-6.199999999999999,12,Hero,0.7857705280184746,0.9991207371155421
985,4.0,-6.0,10,Hero,0.7059913575649261,0.9999970674514771
986,4.800000000000001,-5.199999999999999,2,Hero,0.5600821077823639,0.999884307384491
987,3.2,-6.8,18,Hero,0.6899920834435357,0.9994875921143426
988,4.0,-6.0,10,Hero,0.8264876931905747,0.9999974846839905
989,4.4,-5.6,6,Hero,0.8453652560710907,0.9999608794848124
990,4.6000000000000005,-5.3999999999999995,4,Hero,0.9460954815149307,0.9999653398990631
991,4.2,-5.8,8,Hero,0.7207354120910168,0.9999336302280426
992,4.9,-5.1,1,Hero,0.8067216277122498,0.9998310804367065
993,3.9000000000000004,-6.1,11,Hero,0.6203748963095925,0.9999838742342863
994,3.7,-6.3,13,Hero,0.7303108320786402,0.9995767199076139
995,3.3,-6.7,17,Hero,0.6528724133968353,0.9999823850743911
996,4.300000000000001,-5.699999999999999,7,Hero,0.9790529438427517,0.9999998978206089
997,4.4,-5.6,6,Hero,0.7251830548048019,0.9999766747156779
998,4.2,-5.8,8,Hero,0.9053580611944199,0.9936653226613998
999,4.800000000000001,-5.199999999999999,2,Hero,0.5981398522853851,1.0
1000,4.0,-6.0,10,Hero,0.7861692577600479,0.9999864578247071
1001,4.1000000000000005,-5.8999999999999995,9,Hero,0.7065701319111718,0.9972236222691007
1002,3.8000000000000007,-6.199999999999999,12,Hero,0.780466616153717,0.9999996622403463
1003,4.6000000000000005,-5.3999999999999995,4,Hero,0.41454264521598816,0.9999971389770508
1004,4.4,-5.6,6,Hero,0.9134903947512308,0.999995211760203
1005,4.2,-5.8,8,Hero,0.911824181675911,0.9999993741512299
1006,4.0,-6.0,10,Hero,0.7730787128210068,0.9999948859214782
1007,4.7,-5.3,3,Hero,0.8278251886367798,0.9999707937240601
1008,4.1000000000000005,-5.8999999999999995,9,Hero,0.7622175481584337,0.9994739890098572
1009,4.0,-6.0,10,Hero,0.7558330595493317,0.9999245524406433
1010,4.5,-5.5,5,Hero,0.9636249423027039,0.9996267914772033
1011,4.0,-6.0,10,Hero,0.7555636703968048,0.9997232735157013
1012,-5.199999999999999,4.800000000000001,2,Villain,0.5163449570536613,1.0
1013,4.300000000000001,-5.699999999999999,7,Hero,0.688100346497127,0.9999219349452427
1014,2.3999999999999995,-7.6000000000000005,26,Hero,0.7441423220130113,0.9999758096841666
1015,4.5,-5.5,5,Hero,0.8289328992366791,0.9996566891670227
1016,2.3999999999999995,-7.6000000000000005,26,Hero,0.9263637492863032,0.999999633202186
1017,4.2,-5.8,8,Hero,0.9994660019874573,0.9999991357326508
1018,3.4000000000000004,-6.6,16,Hero,0.8892532056197524,0.9999915286898613
1019,-5.1,4.9,1,Villain,0.9952735304832458,0.9999748468399048
1020,3.6000000000000005,-6.3999999999999995,14,Hero,0.6612894407340458,0.9987324178218842
1021,2.1999999999999993,-7.800000000000001,28,Hero,0.7548316115779536,0.9999716026442391
1022,3.6000000000000005,-6.3999999999999995,14,Hero,0.7439947383744376,0.9982201031276158
1023,3.8000000000000007,-6.199999999999999,12,Hero,0.7923401646936933,0.9992649505535761
1024,3.7,-6.3,13,Hero,0.7037039857644302,0.9999799544994648
1025,4.0,-6.0,10,Hero,0.5929586350917816,0.9993954658508301
1026,3.8000000000000007,-6.199999999999999,12,Hero,0.6386622339487076,0.9999884963035583
1027,4.300000000000001,-5.699999999999999,7,Hero,0.5479224749973842,0.9999994039535522
1028,4.2,-5.8,8,Hero,0.8403348550200462,0.9998805671930313
1029,3.3,-6.7,17,Hero,0.6766826067777241,0.9988290281856761
1030,4.0,-6.0,10,Hero,0.6813323616981506,0.9954875469207763
1031,4.300000000000001,-5.699999999999999,7,Hero,0.6881225577422551,0.9999951464789254
1032,4.2,-5.8,8,Hero,0.9170934334397316,0.9999803751707077
1033,3.9000000000000004,-6.1,11,Hero,0.7956287291916934,0.903150203553113
1034,3.5,-6.5,15,Hero,0.676233704884847,0.9999976952870687
1035,4.2,-5.8,8,Hero,0.6957864165306091,0.9997214749455452
1036,3.7,-6.3,13,Hero,0.626303874529325,0.9988908676000742
1037,4.2,-5.8,8,Hero,0.7919259816408157,0.9999995678663254
1038,4.4,-5.6,6,Hero,0.725714753071467,0.9999997615814209
1039,4.2,-5.8,8,Hero,0.8456699959933758,0.9999989718198776
1040,3.8000000000000007,-6.199999999999999,12,Hero,0.8103690619270006,0.9999977946281433
1041,4.1000000000000005,-5.8999999999999995,9,Hero,0.8665454255210029,0.99987217452791
1042,3.2,-6.8,18,Hero,0.6870142643650373,0.9999995761447482
1043,4.0,-6.0,10,Hero,0.7677497453987598,0.99989133477211
1044,4.300000000000001,-5.699999999999999,7,Hero,0.5545028213943753,0.9999995231628418
1045,4.2,-5.8,8,Hero,0.668929822742939,0.999989241361618
1046,4.6000000000000005,-5.3999999999999995,4,Hero,0.811056837439537,0.9999534785747528
1047,4.0,-6.0,10,Hero,0.8226512640714645,0.9993039965629578
1048,4.2,-5.8,8,Hero,0.7305848225951195,0.9999656081199646
1049,3.6000000000000005,-6.3999999999999995,14,Hero,0.5914254771944668,0.992766797542572
1050,4.7,-5.3,3,Hero,0.6531581779321035,0.9999992450078329
1051,3.2,-6.8,18,Hero,0.8087490772207578,0.9999518394470215
1052,3.0,-7.0,20,Hero,0.7293202828615903,0.9998756974935532
1053,1.9999999999999991,-8.0,30,Hero,0.682445214688778,0.9988265653451284
1054,4.6000000000000005,-5.3999999999999995,4,Hero,0.5099323093891144,0.9993972778320312
1055,3.0999999999999996,-6.9,19,Hero,0.7917127629840061,0.9999992157283583
1056,0.7999999999999989,-9.200000000000001,42,Hero,0.8746053639444566,0.9999998382159642
1057,3.9000000000000004,-6.1,11,Hero,0.6560044180263173,0.9994904073801908
1058,3.7,-6.3,13,Hero,0.61246536557491,0.9865453243255615
1059,3.9000000000000004,-6.1,11,Hero,0.678372247652574,0.9999797669324008
1060,4.4,-5.6,6,Hero,0.9889406661192576,0.9999979933102926
1061,-5.1,4.9,1,Villain,0.9332913160324097,0.9996920824050903
1062,2.9,-7.1,21,Hero,0.5980185470765546,0.998688450881413
1063,4.2,-5.8,8,Hero,0.9933434352278709,0.9999894201755524
1064,4.1000000000000005,-5.8999999999999995,9,Hero,0.7715707884894477,0.9998772144317627
1065,4.0,-6.0,10,Hero,0.6132302105426788,0.9980493128299713
1066,2.4999999999999996,-7.5,25,Hero,0.7913836777210236,0.9999997854232788
1067,4.6000000000000005,-5.3999999999999995,4,Hero,0.4584415704011917,0.9999998211860657
1068,4.5,-5.5,5,Hero,0.8284152507781982,0.9996777057647706
1069,3.9000000000000004,-6.1,11,Hero,0.765993210402402,0.9999875697222623
1070,3.5,-6.5,15,Hero,0.6509532392024994,0.9857540567715962
1071,4.1000000000000005,-5.8999999999999995,9,Hero,0.5780929625034332,0.9998510347472297
1072,3.0999999999999996,-6.9,19,Hero,0.7366238079572979,0.9996963049236097
1073,3.5,-6.5,15,Hero,0.6396590987841289,0.9999991655349731
1074,4.4,-5.6,6,Hero,0.8455561796824137,0.9999651710192362
1075,3.7,-6.3,13,Hero,0.7058364554093435,0.9995628824600806
1076,4.7,-5.3,3,Hero,0.9394770661989847,0.9999959071477255
1077,4.4,-5.6,6,Hero,0.6103295907378197,0.9999977946281433
1078,3.4000000000000004,-6.6,16,Hero,0.7650347091257572,0.9999929517507553
1079,4.1000000000000005,-5.8999999999999995,9,Hero,0.8517536487844255,0.9983327256308662
1080,4.7,-5.3,3,Hero,0.8704018592834473,0.9999978542327881
1081,4.9,-5.1,1,Hero,0.5757044553756714,0.9998844861984253
1082,3.5,-6.5,15,Hero,0.6774381866057714,0.9999797900517782
1083,4.0,-6.0,10,Hero,0.7766434073448181,0.9999973773956299
1084,3.7,-6.3,13,Hero,0.740963332928144,0.9995761376160842
1085,3.4000000000000004,-6.6,16,Hero,0.6679710121825337,0.9999459385871887
1086,4.300000000000001,-5.699999999999999,7,Hero,0.915216326713562,0.9999999489103045
1087,3.6000000000000005,-6.3999999999999995,14,Hero,0.7053489424288273,0.9999991059303284
1088,3.4000000000000004,-6.6,16,Hero,0.651826174929738,0.9976155534386635
1089,3.7,-6.3,13,Hero,0.7146262056552447,0.9999800461989182
1090,4.1000000000000005,-5.8999999999999995,9,Hero,0.9567964408132765,0.9999992714987861
1091,4.9,-5.1,1,Hero,0.8081132173538208,0.9999990463256836
1092,3.2,-6.8,18,Hero,0.5580897979024384,0.9928078187836541
1093,4.2,-5.8,8,Hero,0.7776090183760971,0.9999653995037079
1094,3.4000000000000004,-6.6,16,Hero,0.6978215435519814,0.9999428577721119
1095,3.8000000000000007,-6.199999999999999,12,Hero,0.7281972579658031,0.9998145947853724
1096,3.3,-6.7,17,Hero,0.7486886103801867,0.9994676393621108
1097,4.300000000000001,-5.699999999999999,7,Hero,0.5962870504174914,0.9999032361166817
1098,4.2,-5.8,8,Hero,0.7781510967761278,0.9999980479478836
1099,3.3,-6.7,17,Hero,0.6862439696183976,0.9999925459132475
1100,3.6000000000000005,-6.3999999999999995,14,Hero,0.7003711930343083,0.9999427710260663
1101,4.0,-6.0,10,Hero,0.79262725263834,0.9999907732009887
1102,3.5,-6.5,15,Hero,0.6130728662014008,0.9959280927975972
1103,4.0,-6.0,10,Hero,0.5734785288572312,0.9995697975158692
1104,4.1000000000000005,-5.8999999999999995,9,Hero,0.8714734315872192,0.9999964502122667
1105,-5.1,4.9,1,Villain,0.7891930937767029,0.9998983144760132
1106,3.7,-6.3,13,Hero,0.6802622148623834,0.999991407761207
1107,3.9000000000000004,-6.1,11,Hero,0.5661802210591056,0.9999844269319014
1108,4.800000000000001,-5.199999999999999,2,Hero,0.9594235718250275,0.9999954700469971
1109,4.300000000000001,-5.699999999999999,7,Hero,0.5236961671284267,0.999537970338549
1110,3.9000000000000004,-6.1,11,Hero,0.7073392326181586,0.9999946030703458
1111,3.7,-6.3,13,Hero,0.719113388313697,0.9999986061683068
1112,2.8,-7.2,22,Hero,0.6123389859091152,0.9587584137916565
1113,4.1000000000000005,-5.8999999999999995,9,Hero,0.8035657008488973,0.9999563031726413
1114,4.7,-5.3,3,Hero,0.6275744636853536,0.9999679327011108
1115,4.2,-5.8,8,Hero,0.7273258939385414,0.9999881088733673
1116,4.1000000000000005,-5.8999999999999995,9,Hero,0.6570476094881693,0.9987506800227695
1117,4.5,-5.5,5,Hero,0.6578616261482239,0.9999996185302734
1118,3.0999999999999996,-6.9,19,Hero,0.6146666434054312,0.9934279761816326
1119,3.9000000000000004,-6.1,11,Hero,0.7651597532359037,0.9999938986518166
1120,3.8000000000000007,-6.199999999999999,12,Hero,0.7539242655038834,0.9827049374580383
1121,3.8000000000000007,-6.199999999999999,12,Hero,0.6303059346973896,0.9998928556839625
1122,4.800000000000001,-5.199999999999999,2,Hero,0.6701061725616455,0.9999996423721313
1123,3.7,-6.3,13,Hero,0.6994684451761154,0.9986300560144278
1124,4.300000000000001,-5.699999999999999,7,Hero,0.6466360007013593,0.9990401438304356
1125,3.4000000000000004,-6.6,16,Hero,0.7013409473001957,0.9999940171837807
1126,3.5,-6.5,15,Hero,0.7103957037130991,0.9999438365300496
1127,3.9000000000000004,-6.1,11,Hero,0.77256851778789,0.9999933242797852
1128,3.5,-6.5,15,Hero,0.6200003663698832,0.999995215733846
1129,3.8000000000000007,-6.199999999999999,12,Hero,0.6811568029224873,0.9999252061049143
1130,4.300000000000001,-5.699999999999999,7,Hero,0.6494186009679522,0.9995502659252712
1131,3.6000000000000005,-6.3999999999999995,14,Hero,0.6422190320278917,0.9999914509909493
1132,-5.1,4.9,1,Villain,0.9706055521965027,0.9999970197677612
1133,3.5,-6.5,15,Hero,0.668666152159373,0.9987707177797953
1134,4.7,-5.3,3,Hero,0.6021856268246969,0.9999837478001913
1135,3.7,-6.3,13,Hero,0.6854399631802852,0.9999885742480938
1136,3.7,-6.3,13,Hero,0.6845529681214919,0.9992411916072552
1137,3.5,-6.5,15,Hero,0.6355320205291112,0.885351666311423
1138,4.7,-5.3,3,Hero,0.7019032289584478,0.9999547402064005
1139,4.800000000000001,-5.199999999999999,2,Hero,0.8331129252910614,0.9999984502792358
1140,4.9,-5.1,1,Hero,0.9170963764190674,0.9999972581863403
1141,3.8000000000000007,-6.199999999999999,12,Hero,0.6030589559425911,0.9999980628490448
1142,3.7,-6.3,13,Hero,0.7364551906402295,0.962479660144219
1143,3.7,-6.3,13,Hero,0.6197019723745493,0.9999968088590182
1144,2.8,-7.2,22,Hero,0.5751382166689093,0.9990694658322767
1145,4.4,-5.6,6,Hero,0.5991053879261017,0.9999998013178507
1146,4.800000000000001,-5.199999999999999,2,Hero,0.880786657333374,0.9999988079071045
1147,4.300000000000001,-5.699999999999999,7,Hero,0.7359922357967922,0.9999474627631051
1148,4.6000000000000005,-5.3999999999999995,4,Hero,0.6228591576218605,0.998320996761322
1149,4.7,-5.3,3,Hero,0.5081177602211634,0.9999858538309733
1150,3.5,-6.5,15,Hero,0.6331343417366345,0.9999903043111166
1151,4.2,-5.8,8,Hero,0.77036003023386,0.9989557936787605
1152,4.1000000000000005,-5.8999999999999995,9,Hero,0.7422902642024888,0.9993667138947381
1153,4.0,-6.0,10,Hero,0.7076617121696472,0.9999895811080932
1154,3.8000000000000007,-6.199999999999999,12,Hero,0.6577951498329639,0.9990295320749283
1155,4.1000000000000005,-5.8999999999999995,9,Hero,0.5962600997752614,0.9999932712978787
1156,-5.3,4.7,3,Villain,0.7051851550738016,0.9999985694885254
1157,3.8000000000000007,-6.199999999999999,12,Hero,0.7748818335433801,0.9985802471637726
1158,3.2,-6.8,18,Hero,0.6078892753769954,0.9999914964040121
1159,-5.3999999999999995,4.6000000000000005,4,Villain,0.7382402420043945,0.9999910295009613
1160,4.1000000000000005,-5.8999999999999995,9,Hero,0.8561614354451498,0.9661665691269768
1161,4.0,-6.0,10,Hero,0.602801962941885,0.9999464869499206
1162,4.300000000000001,-5.699999999999999,7,Hero,0.8149608331067222,0.9999979564121791
1163,3.5,-6.5,15,Hero,0.5688067545493444,0.9999979178110758
1164,4.800000000000001,-5.199999999999999,2,Hero,0.9441837668418884,0.9999955296516418
1165,4.9,-5.1,1,Hero,0.6238922476768494,0.9999852180480957
1166,2.9,-7.1,21,Hero,0.5493259571847462,0.9999246086393084
1167,3.6000000000000005,-6.3999999999999995,14,Hero,0.7232184857130051,0.9977221701826368
1168,4.4,-5.6,6,Hero,0.7396346231301626,0.9999602834383646
1169,4.7,-5.3,3,Hero,0.9762933254241943,0.9999133149782816
1170,3.6000000000000005,-6.3999999999999995,14,Hero,0.7485421895980835,0.9938642808369228
1171,4.1000000000000005,-5.8999999999999995,9,Hero,0.5654144121540917,0.9980689750777351
1172,3.8000000000000007,-6.199999999999999,12,Hero,0.7432935908436775,0.8893578043916932
1173,3.9000000000000004,-6.1,11,Hero,0.7276243161071431,0.9999979517676614
1174,3.8000000000000007,-6.199999999999999,12,Hero,0.7597989781449238,0.9997932513554891
1175,4.2,-5.8,8,Hero,0.7778316857293248,0.999988317489624
1176,3.7,-6.3,13,Hero,0.7060454785823822,0.999753475189209
1177,4.1000000000000005,-5.8999999999999995,9,Hero,0.8815567294756571,0.999497307671441
1178,4.0,-6.0,10,Hero,0.714215549826622,0.9997218430042267
1179,4.0,-6.0,10,Hero,0.7110405713319778,0.9856826961040497
1180,4.0,-6.0,10,Hero,0.7831414371728898,0.999216741323471
1181,3.9000000000000004,-6.1,11,Hero,0.744799863208424,0.9999105713584207
1182,3.8000000000000007,-6.199999999999999,12,Hero,0.6245741893847784,0.9998644888401031
1183,3.0,-7.0,20,Hero,0.5827594004571438,0.9988703519105911
1184,3.5,-6.5,15,Hero,0.5557220826546351,0.9984721302986145
1185,3.8000000000000007,-6.199999999999999,12,Hero,0.5978915989398956,0.9987921466430029
1186,4.300000000000001,-5.699999999999999,7,Hero,0.6605277146611895,0.9966184837477547
1187,3.7,-6.3,13,Hero,0.5845828265524827,0.9998592459238492
1188,4.4,-5.6,6,Hero,0.867582360903422,0.9999713699022929
1189,4.2,-5.8,8,Hero,0.8520391639322042,0.9999968111515045
1190,4.6000000000000005,-5.3999999999999995,4,Hero,0.6471310555934906,0.9999738931655884
1191,4.2,-5.8,8,Hero,0.9884404987096786,0.9999787658452988
1192,4.300000000000001,-5.699999999999999,7,Hero,0.6426557770797184,0.9951961295945304
1193,4.7,-5.3,3,Hero,0.6986419260501862,0.9999972184499105
1194,3.8000000000000007,-6.199999999999999,12,Hero,0.7399978035440048,0.9995949019988378
1195,4.2,-5.8,8,Hero,0.6245649252086878,0.999999389052391
1196,4.7,-5.3,3,Hero,0.5303312440713247,0.9999950329462687
1197,4.2,-5.8,8,Hero,0.5585226565599442,0.9999138563871384
1198,3.4000000000000004,-6.6,16,Hero,0.6220848217781167,0.999989464879036
1199,4.2,-5.8,8,Hero,0.5942897773347795,0.9999804049730301
1200,4.2,-5.8,8,Hero,0.7824608057271689,0.9999616593122482
1201,4.6000000000000005,-5.3999999999999995,4,Hero,0.7532687447965145,0.9999978840351105
1202,3.5,-6.5,15,Hero,0.6908974687258402,0.9974247376124065
1203,3.4000000000000004,-6.6,16,Hero,0.6708671256637899,0.9999831169843674
1204,3.5,-6.5,15,Hero,0.6069345613320668,0.9998125990231832
1205,4.1000000000000005,-5.8999999999999995,9,Hero,0.8093391532699267,0.9672725399335226
1206,3.6000000000000005,-6.3999999999999995,14,Hero,0.6558909038347858,0.9582240283489227
1207,3.5,-6.5,15,Hero,0.7159544547398885,0.9996855815251668
1208,4.7,-5.3,3,Hero,0.7071323394775391,0.987319807211558
1209,3.0,-7.0,20,Hero,0.5436340637505055,0.9496127367019653
1210,3.7,-6.3,13,Hero,0.6146251135147535,0.9999360900658828
1211,3.3,-6.7,17,Hero,0.6392694429549224,0.9992476631613338
1212,-5.3,4.7,3,Villain,0.9415333469708761,0.9999994436899821
1213,4.7,-5.3,3,Hero,0.739311695098877,0.9998994867006937
1214,4.2,-5.8,8,Hero,0.8005137033760548,0.8387954705394804
1215,4.6000000000000005,-5.3999999999999995,4,Hero,0.5243955478072166,0.9999980628490448
1216,3.6000000000000005,-6.3999999999999995,14,Hero,0.6358519888349942,0.9949159281594413
1217,3.8000000000000007,-6.199999999999999,12,Hero,0.7685226189593474,0.9940673559904099
1218,3.0,-7.0,20,Hero,0.6158475011587143,0.9998144268989563
1219,4.5,-5.5,5,Hero,0.6895655959844589,0.9996717691421508
1220,4.4,-5.6,6,Hero,0.7828516662120819,0.9998750587304434
1221,3.5,-6.5,15,Hero,0.6325634196400642,0.9999366521835327
1222,3.5,-6.5,15,Hero,0.688062192996343,0.9999772071838379
1223,3.7,-6.3,13,Hero,0.6625465200497553,0.9999462824601394
1224,4.2,-5.8,8,Hero,0.8113221377134323,0.8404730753973126
1225,4.1000000000000005,-5.8999999999999995,9,Hero,0.723442468378279,0.9706073469585843
1226,3.3,-6.7,17,Hero,0.5648798607289791,0.9985756137791801
1227,3.4000000000000004,-6.6,16,Hero,0.6368961385451257,0.9993408098816872
1228,4.2,-5.8,8,Hero,0.7592428140342236,0.9999385103583336
1229,3.5,-6.5,15,Hero,0.6597930739323298,0.9995443979899089
1230,4.7,-5.3,3,Hero,0.6328555842240652,0.9512731234232584
1231,3.5,-6.5,15,Hero,0.6310950090487798,0.9981722593307495
1232,4.2,-5.8,8,Hero,0.6716963164508343,0.9971807226538658
1233,3.7,-6.3,13,Hero,0.7382651988703471,0.9098450706268733
1234,3.9000000000000004,-6.1,11,Hero,0.7569393068552017,0.9998205737634138
1235,4.5,-5.5,5,Hero,0.6317159295082092,0.9998077154159546
1236,-5.1,4.9,1,Villain,0.9533880949020386,0.9999386072158813
1237,4.300000000000001,-5.699999999999999,7,Hero,0.9842495066779,0.9997396043368748
1238,3.6000000000000005,-6.3999999999999995,14,Hero,0.7229432570082801,0.9978155067988804
1239,3.9000000000000004,-6.1,11,Hero,0.6836001818830316,0.9012864699417894
1240,4.300000000000001,-5.699999999999999,7,Hero,0.6422139321054731,0.9949233446802411
1241,2.4999999999999996,-7.5,25,Hero,0.49932400092482565,0.8399383941292763
1242,4.5,-5.5,5,Hero,0.9346565365791321,0.9999984741210938
1243,4.2,-5.8,8,Hero,0.8502814248204231,0.9998840764164925
1244,2.8,-7.2,22,Hero,0.5605310252444311,0.9967475262555209
1245,3.8000000000000007,-6.199999999999999,12,Hero,0.684740211814642,0.9980098207791647
1246,4.5,-5.5,5,Hero,0.8245638132095336,0.9999994039535522
1247,4.1000000000000005,-5.8999999999999995,9,Hero,0.8188494775030348,0.9999187390009562
1248,4.300000000000001,-5.699999999999999,7,Hero,0.8370967273201261,0.9985913038253784
1249,3.5,-6.5,15,Hero,0.631111741811037,0.9999965826670328
1250,3.0,-7.0,20,Hero,0.5674305200576782,0.9998441249132156
1251,-5.3,4.7,3,Villain,0.36653852959473926,0.9999171694119772
1252,4.4,-5.6,6,Hero,0.9676710764567057,0.9995448291301727
1253,4.9,-5.1,1,Hero,0.5846853256225586,0.9999945163726807
1254,4.300000000000001,-5.699999999999999,7,Hero,0.8525467770440238,0.998854432787214
1255,3.9000000000000004,-6.1,11,Hero,0.8532920669425618,0.9999097423119978
1256,4.1000000000000005,-5.8999999999999995,9,Hero,0.7259451846281687,0.9997473094198439
1257,3.8000000000000007,-6.199999999999999,12,Hero,0.590079494441549,0.9997362792491913
1258,2.6999999999999997,-7.300000000000001,23,Hero,0.6269287666224915,0.9999964081722758
1259,3.4000000000000004,-6.6,16,Hero,0.6788088871398941,0.9999949634075165
1260,2.9,-7.1,21,Hero,0.524215998926333,0.9991562678700402
1261,3.9000000000000004,-6.1,11,Hero,0.8585387603803114,0.9999728419563987
1262,2.099999999999999,-7.9,29,Hero,0.5460380687025087,0.9999886874494881
1263,4.4,-5.6,6,Hero,0.7070782482624054,0.9941093524297079
1264,4.1000000000000005,-5.8999999999999995,9,Hero,0.7431957903835509,0.9986400008201599
1265,3.3,-6.7,17,Hero,0.569219304358258,0.9997649403179393
1266,2.4999999999999996,-7.5,25,Hero,0.5793670181185007,0.9999946165084839
1267,4.6000000000000005,-5.3999999999999995,4,Hero,0.605937197804451,0.9999565780162811
1268,4.2,-5.8,8,Hero,0.8081100024282932,0.9948327168822289
1269,4.1000000000000005,-5.8999999999999995,9,Hero,0.6891992158359952,0.9999981588787503
1270,4.0,-6.0,10,Hero,0.9103031277656555,0.9988016188144684
1271,4.300000000000001,-5.699999999999999,7,Hero,0.7586697297436851,0.9998331240245274
1272,4.800000000000001,-5.199999999999999,2,Hero,0.8756775557994843,0.9978868663311005
1273,2.5999999999999996,-7.4,24,Hero,0.5283403997309506,0.8318145389979085
1274,4.4,-5.6,6,Hero,0.9021595021088918,0.9999964237213135
1275,3.9000000000000004,-6.1,11,Hero,0.825271487236023,0.9985275972973217
1276,3.7,-6.3,13,Hero,0.5720880769479734,0.9991896152496338
1277,3.8000000000000007,-6.199999999999999,12,Hero,0.6879555384318033,0.9982652912537257
1278,2.8,-7.2,22,Hero,0.7009244181893088,0.9999968572096392
1279,4.800000000000001,-5.199999999999999,2,Hero,0.5442788004875183,0.999857097864151
1280,4.2,-5.8,8,Hero,0.6218530517071486,0.9991381838917732
1281,4.2,-5.8,8,Hero,0.6675803922116756,0.9947762116789818
1282,3.9000000000000004,-6.1,11,Hero,0.5363171422346071,0.9943858168341897
1283,4.2,-5.8,8,Hero,0.627656240016222,0.995158314704895
1284,4.0,-6.0,10,Hero,0.6559562236070633,0.9999612689018249
1285,4.5,-5.5,5,Hero,0.5658850491046905,0.9999970197677612
1286,4.300000000000001,-5.699999999999999,7,Hero,0.8246667427676064,0.9920159152575901
1287,4.4,-5.6,6,Hero,0.6986040224631628,0.9999979535738627
1288,4.1000000000000005,-5.8999999999999995,9,Hero,0.5191647037863731,0.9999986754523383
1289,4.0,-6.0,10,Hero,0.648134483397007,0.9999741673469543
1290,4.2,-5.8,8,Hero,0.909892126917839,0.9998496249318123
1291,3.7,-6.3,13,Hero,0.6512433599967223,0.998922966993772
1292,3.9000000000000004,-6.1,11,Hero,0.6176139278845354,0.9998621886426752
1293,4.5,-5.5,5,Hero,0.6902599722146988,0.9999455690383912
1294,4.1000000000000005,-5.8999999999999995,9,Hero,0.8261802626980675,0.9999717738893297
1295,4.5,-5.5,5,Hero,0.9187950015068054,0.9999979972839356
1296,3.6000000000000005,-6.3999999999999995,14,Hero,0.7077991770846503,0.9999891689845494
1297,3.7,-6.3,13,Hero,0.6838228438909237,0.9923155628717862
1298,4.1000000000000005,-5.8999999999999995,9,Hero,0.6750514805316925,0.9960426754421658
1299,4.300000000000001,-5.699999999999999,7,Hero,0.6509805406842913,0.9996970125607082
1300,3.4000000000000004,-6.6,16,Hero,0.6767284846864641,0.9917724132537842
1301,4.4,-5.6,6,Hero,0.6454725662867228,0.9999543229738871
1302,4.4,-5.6,6,Hero,0.5797584106524786,0.9998922745386759
1303,2.6999999999999997,-7.300000000000001,23,Hero,0.5725721753323856,0.9984123758647753
1304,4.6000000000000005,-5.3999999999999995,4,Hero,0.8871492296457291,0.7483731126412749
1305,4.1000000000000005,-5.8999999999999995,9,Hero,0.6359814206759135,0.9968308409055074
1306,3.8000000000000007,-6.199999999999999,12,Hero,0.629197004561623,0.9998710751533508
1307,4.5,-5.5,5,Hero,0.66143878698349,0.9996693849563598
1308,4.0,-6.0,10,Hero,0.7480103254318238,0.8887999631464482
1309,4.6000000000000005,-5.3999999999999995,4,Hero,0.7019753009080887,0.9997311979532242
1310,4.800000000000001,-5.199999999999999,2,Hero,0.7032952010631561,0.9965783655643463
1311,3.8000000000000007,-6.199999999999999,12,Hero,0.5998825654387474,0.9999915361404419
1312,4.7,-5.3,3,Hero,0.9528022408485413,0.999951442082723
1313,4.4,-5.6,6,Hero,0.8595754404862722,0.99620121717453
1314,4.2,-5.8,8,Hero,0.6236956231296062,0.9999963343143463
1315,3.5,-6.5,15,Hero,0.7036279916763306,0.9995350440343221
1316,4.4,-5.6,6,Hero,0.8257706587513288,0.9988762636979421
1317,4.2,-5.8,8,Hero,0.5843797735869884,0.9999958276748657
1318,4.0,-6.0,10,Hero,0.8573550701141357,0.9999828934669495
1319,4.2,-5.8,8,Hero,0.7520868703722954,0.9999949783086777
1320,4.0,-6.0,10,Hero,0.7440127015113831,0.9988250851631164
1321,3.4000000000000004,-6.6,16,Hero,0.6106169205158949,0.9995814636349678
1322,4.1000000000000005,-5.8999999999999995,9,Hero,0.6474285638994641,0.9999767541885376
1323,4.4,-5.6,6,Hero,0.6583047353972992,0.9993140598138174
1324,4.2,-5.8,8,Hero,0.7260004468262196,0.9999719262123108
1325,3.7,-6.3,13,Hero,0.7187472604788266,0.8541089989818059
1326,3.8000000000000007,-6.199999999999999,12,Hero,0.8096823915839195,0.9824789265791575
1327,-5.1,4.9,1,Villain,0.934390127658844,0.9996015429496765
1328,4.4,-5.6,6,Hero,0.971626748641332,0.9997378786404928
1329,3.6000000000000005,-6.3999999999999995,14,Hero,0.6505400176559176,0.8363684281440718
1330,4.0,-6.0,10,Hero,0.8912049666047096,0.9970461189746856
1331,-5.3999999999999995,4.6000000000000005,4,Villain,0.8418777287006378,0.999998927116394
1332,4.2,-5.8,8,Hero,0.5694018118083477,0.9995172247290611
1333,4.9,-5.1,1,Hero,0.9352162480354309,0.9998563528060913
1334,3.9000000000000004,-6.1,11,Hero,0.6834626522931185,0.9999893253499811
1335,4.1000000000000005,-5.8999999999999995,9,Hero,0.7276477283901639,0.9381452997525533
1336,4.6000000000000005,-5.3999999999999995,4,Hero,0.7003273814916611,0.9897525012493134
1337,2.2999999999999994,-7.700000000000001,27,Hero,0.4698895362240297,0.8786579807357932
1338,2.9,-7.1,21,Hero,0.6279606797865459,0.99994615146092
1339,4.300000000000001,-5.699999999999999,7,Hero,0.8560552871120828,0.9980653013501849
1340,2.9,-7.1,21,Hero,0.5783793592736834,0.9999978428795224
1341,4.4,-5.6,6,Hero,0.5860641002655029,0.9985216756661733
1342,4.1000000000000005,-5.8999999999999995,9,Hero,0.9326983955171373,0.9978541731834412
1343,3.9000000000000004,-6.1,11,Hero,0.8353145813400095,0.9973621043291959
1344,4.4,-5.6,6,Hero,0.7542195773373047,0.9996415277322134
1345,-5.5,4.5,5,Villain,0.3398926079273224,0.9863680720329284
1346,4.800000000000001,-5.199999999999999,2,Hero,0.38326750695705414,0.9999650120735168
1347,3.7,-6.3,13,Hero,0.6719671762906588,0.9999696291410006
1348,4.0,-6.0,10,Hero,0.7523204196710139,0.999976634979248
1349,2.4999999999999996,-7.5,25,Hero,0.55078833848238,0.9996286082267761
1350,3.3,-6.7,17,Hero,0.6653149198083317,0.9826978024314431
1351,4.2,-5.8,8,Hero,0.6439450681209564,0.9998236075043678
1352,4.800000000000001,-5.199999999999999,2,Hero,0.5357250273227692,0.9999528527259827
1353,3.8000000000000007,-6.199999999999999,12,Hero,0.8063007841507593,0.9985149602095286
1354,4.2,-5.8,8,Hero,0.656846727244556,0.9999683648347855
1355,4.2,-5.8,8,Hero,0.8427908010780811,0.9999921470880508
1356,4.1000000000000005,-5.8999999999999995,9,Hero,0.7820467485321893,0.9996745586395264
1357,4.1000000000000005,-5.8999999999999995,9,Hero,0.949642625119951,0.9998753137058682
1358,4.1000000000000005,-5.8999999999999995,9,Hero,0.8050794005393982,0.999748256471422
1359,4.0,-6.0,10,Hero,0.6652224227786064,0.9999977350234985
1360,4.300000000000001,-5.699999999999999,7,Hero,0.6632016130856105,0.990960282938821
1361,3.6000000000000005,-6.3999999999999995,14,Hero,0.6569746900349855,0.999996943133218
1362,3.8000000000000007,-6.199999999999999,12,Hero,0.7367037540922562,0.9999980131785074
1363,3.7,-6.3,13,Hero,0.6239172380704147,0.9987451938482431
1364,4.9,-5.1,1,Hero,0.9577909708023071,0.9999741315841675
1365,3.3,-6.7,17,Hero,0.6375360103214488,0.9022096860058167
1366,-5.1,4.9,1,Villain,0.7856914401054382,0.9990761280059814
1367,3.3,-6.7,17,Hero,0.6207240377278889,0.9998262209050796
1368,3.2,-6.8,18,Hero,0.6990549554013543,0.9408517501627406
1369,4.5,-5.5,5,Hero,0.7837609868496657,0.9998659253120422
1370,4.7,-5.3,3,Hero,0.7077548305193583,0.9999973773956299
1371,3.3,-6.7,17,Hero,0.6165862306952477,0.9903773209627937
1372,2.9,-7.1,21,Hero,0.5363228452347574,0.9054944066419488
1373,4.300000000000001,-5.699999999999999,7,Hero,0.5371308816330773,0.9999517202377319
1374,2.6999999999999997,-7.300000000000001,23,Hero,0.6794502061346303,0.9993993199389913
1375,3.8000000000000007,-6.199999999999999,12,Hero,0.5842420837531487,0.9996625830729803
1376,3.3,-6.7,17,Hero,0.5782969033016878,0.9998628952923942
1377,2.4999999999999996,-7.5,25,Hero,0.5807419812679291,0.9987683081626892
1378,2.5999999999999996,-7.4,24,Hero,0.5773263039688269,0.9770249178012212
1379,4.4,-5.6,6,Hero,0.9665857553482056,0.9944054583708445
1380,3.4000000000000004,-6.6,16,Hero,0.6014388790354133,0.9999980181455612
1381,2.9,-7.1,21,Hero,0.5725179935495058,0.9888946045012701
1382,4.300000000000001,-5.699999999999999,7,Hero,0.9469871435846601,0.9949752177510943
1383,4.0,-6.0,10,Hero,0.6917415738105774,0.9928300738334656
1384,3.6000000000000005,-6.3999999999999995,14,Hero,0.6866703158510583,0.9929529300757817
1385,2.8,-7.2,22,Hero,0.6908304284919392,0.9998789483850653
1386,4.4,-5.6,6,Hero,0.6062817126512527,0.9997317393620809
1387,3.6000000000000005,-6.3999999999999995,14,Hero,0.7519163936376572,0.9926439949444362
1388,3.5,-6.5,15,Hero,0.7612637440363567,0.999999483426412
1389,2.5999999999999996,-7.4,24,Hero,0.8134165046115717,0.9999993046124777
1390,3.3,-6.7,17,Hero,0.7565480084980235,0.9955521015559926
1391,1.1999999999999984,-8.8,38,Hero,0.670028434747732,0.9997259817625347
1392,2.4999999999999996,-7.5,25,Hero,0.7279581677913666,0.9999987649917602
1393,2.3999999999999995,-7.6000000000000005,26,Hero,0.6786226145923138,0.9999766028844393
1394,3.2,-6.8,18,Hero,0.701348332895173,0.9999000562561883
1395,3.2,-6.8,18,Hero,0.631870824429724,0.9811333749029372
1396,4.2,-5.8,8,Hero,0.8824272006750107,0.9999992251396179
1397,4.4,-5.6,6,Hero,0.7496546233693758,0.9999494751294454
1398,4.0,-6.0,10,Hero,0.6907158493995667,0.9981798112392426
1399,4.0,-6.0,10,Hero,0.7736908763647079,0.9988200664520264
1400,4.1000000000000005,-5.8999999999999995,9,Hero,0.9114456574122111,0.9999717738893297
1401,4.2,-5.8,8,Hero,0.6407392816618085,0.9999845027923584
1402,4.4,-5.6,6,Hero,0.7967237929503123,0.9999956091245016
1403,2.9,-7.1,21,Hero,0.6705413130777222,0.994852154027848
1404,4.300000000000001,-5.699999999999999,7,Hero,0.81939354964665,0.9921009199959892
1405,4.5,-5.5,5,Hero,0.43058077394962313,0.9999990940093995
1406,4.0,-6.0,10,Hero,0.6339840844273568,0.9999611735343933
1407,4.4,-5.6,6,Hero,0.7817033529281616,0.9985028207302094
1408,4.9,-5.1,1,Hero,0.8722618222236633,0.999993085861206
1409,4.6000000000000005,-5.3999999999999995,4,Hero,0.7045190334320068,0.9998211711645126
1410,4.1000000000000005,-5.8999999999999995,9,Hero,0.8883245322439406,0.9974360995822482
1411,2.3999999999999995,-7.6000000000000005,26,Hero,0.5700574177675523,0.8884727863165048
1412,2.8,-7.2,22,Hero,0.7145270068537105,0.9837309745225039
1413,3.3,-6.7,17,Hero,0.6349579814602347,0.9999988710179049
1414,-6.1,3.9000000000000004,11,Villain,0.44475181807171216,0.8888913508165966
1415,3.4000000000000004,-6.6,16,Hero,0.6233133254572749,0.9995840080082417
1416,3.0999999999999996,-6.9,19,Hero,0.5798082606572854,0.992226851613898
1417,3.5,-6.5,15,Hero,0.6858019630114237,0.9998961885770162
1418,3.6000000000000005,-6.3999999999999995,14,Hero,0.6723511602197375,0.9997677547591073
1419,4.6000000000000005,-5.3999999999999995,4,Hero,0.6552615240216255,0.9999258816242218
1420,4.300000000000001,-5.699999999999999,7,Hero,0.5078889791454587,0.9998919452939715
1421,3.8000000000000007,-6.199999999999999,12,Hero,0.7336301679412524,0.9998486936092377
1422,4.6000000000000005,-5.3999999999999995,4,Hero,0.49544625356793404,0.9999739825725555
1423,4.0,-6.0,10,Hero,0.6327957279980183,0.9998069643974304
1424,4.4,-5.6,6,Hero,0.5390833529333273,0.9999368786811829
1425,4.2,-5.8,8,Hero,0.6605203803628683,0.999373622238636
1426,4.300000000000001,-5.699999999999999,7,Hero,0.8444808721542358,0.9999825613839286
1427,4.0,-6.0,10,Hero,0.8121087163686752,0.988859111070633
1428,4.1000000000000005,-5.8999999999999995,9,Hero,0.7269176310963101,0.9977913300196329
1429,4.300000000000001,-5.699999999999999,7,Hero,0.6574986491884504,0.9999859162739345
1430,3.4000000000000004,-6.6,16,Hero,0.6240888545871712,0.999423049390316
1431,4.2,-5.8,8,Hero,0.8389152018353343,0.999979168176651
1432,3.8000000000000007,-6.199999999999999,12,Hero,0.8176482543349266,0.9999896387259165
1433,4.0,-6.0,10,Hero,0.7683307852596044,0.9999935746192932
1434,4.0,-6.0,10,Hero,0.7464117974042892,0.9973641812801362
1435,3.8000000000000007,-6.199999999999999,12,Hero,0.7644963959852854,0.9943610032399496
1436,3.8000000000000007,-6.199999999999999,12,Hero,0.8023133302728335,0.9968291918436686
1437,3.9000000000000004,-6.1,11,Hero,0.8367301604964517,0.9991538307883523
1438,2.8,-7.2,22,Hero,0.6420118754560297,0.9998280839486555
1439,4.4,-5.6,6,Hero,0.6448175385594368,0.9997678697109222
1440,3.8000000000000007,-6.199999999999999,12,Hero,0.7485507466675093,0.9990297456582388
1441,3.6000000000000005,-6.3999999999999995,14,Hero,0.6859445252588817,0.8514644812260356
1442,4.9,-5.1,1,Hero,0.7788129448890686,0.9997803568840027
1443,4.7,-5.3,3,Hero,0.41950251658757526,0.9999979337056478
1444,4.7,-5.3,3,Hero,0.9003862142562866,0.9970479607582092
1445,4.5,-5.5,5,Hero,0.6827999711036682,0.999993109703064
1446,3.5,-6.5,15,Hero,0.5736784625177582,0.922980106746157
1447,4.7,-5.3,3,Hero,0.6567181448141733,0.9930235147476196
1448,3.3,-6.7,17,Hero,0.6859103441238403,0.9997344718259924
1449,2.8,-7.2,22,Hero,0.5612378875640306,0.837487689812075
1450,4.5,-5.5,5,Hero,0.9635979413986206,0.9993425369262695
1451,3.3,-6.7,17,Hero,0.6250371442121618,0.9995382322984583
1452,4.0,-6.0,10,Hero,0.882281818985939,0.9904325306415558
1453,3.4000000000000004,-6.6,16,Hero,0.6607689494267106,0.9984353706240654
1454,3.5,-6.5,15,Hero,0.5847476877272129,0.9999399344126384
1455,3.3,-6.7,17,Hero,0.5943982013884712,0.9908300392767962
1456,4.5,-5.5,5,Hero,0.7775944530963897,0.9998695731163025
1457,4.300000000000001,-5.699999999999999,7,Hero,0.7786958558218819,0.9999971049172538
1458,3.5,-6.5,15,Hero,0.5961455419659615,0.9999441385269165
1459,3.0999999999999996,-6.9,19,Hero,0.6300917091338258,0.9997461814629404
1460,4.0,-6.0,10,Hero,0.7170951277017593,0.9999530971050262
1461,2.9,-7.1,21,Hero,0.6486700042372658,0.9999861660457793
1462,2.8,-7.2,22,Hero,0.5915113101628694,0.9989299611611799
1463,4.2,-5.8,8,Hero,0.7102556899189949,0.9999223202466965
1464,4.300000000000001,-5.699999999999999,7,Hero,0.6484153973204749,0.9999993869236538
1465,3.2,-6.8,18,Hero,0.7741592013173633,0.999999052948422
1466,4.4,-5.6,6,Hero,0.68419681986173,0.9999966820081075
1467,3.9000000000000004,-6.1,11,Hero,0.7026701312173497,0.9960264563560486
1468,4.6000000000000005,-5.3999999999999995,4,Hero,0.7916201502084732,0.9999380111694336
1469,4.300000000000001,-5.699999999999999,7,Hero,0.6627348129238401,0.9999904632568359
1470,3.5,-6.5,15,Hero,0.6611279346048832,0.9999992450078329
1471,4.1000000000000005,-5.8999999999999995,9,Hero,0.8981938792599572,0.8886769573048999
1472,4.300000000000001,-5.699999999999999,7,Hero,0.5814352439982551,0.9999131219727653
1473,3.8000000000000007,-6.199999999999999,12,Hero,0.7483094402899345,0.999017541607221
1474,3.8000000000000007,-6.199999999999999,12,Hero,0.7725136255224546,0.9997054090102514
1475,4.800000000000001,-5.199999999999999,2,Hero,0.6106358170509338,0.9999997615814209
1476,3.2,-6.8,18,Hero,0.6453477549884055,0.999941262933943
1477,4.0,-6.0,10,Hero,0.7677299171686173,0.9997973740100861
1478,3.3,-6.7,17,Hero,0.6375907633234473,0.9321297868428862
1479,4.2,-5.8,8,Hero,0.7682835012674332,0.997382827103138
1480,4.1000000000000005,-5.8999999999999995,9,Hero,0.8844880759716034,0.999912805027432
1481,4.5,-5.5,5,Hero,0.6426008209586144,0.9999517679214478
1482,3.7,-6.3,13,Hero,0.7101911764878494,0.9890073583676264
1483,3.0,-7.0,20,Hero,0.5640416068956255,0.9207207152619958
1484,4.0,-6.0,10,Hero,0.9122646391391754,0.9999402284622192
1485,3.7,-6.3,13,Hero,0.7306070923805237,0.9999988629267766
1486,3.4000000000000004,-6.6,16,Hero,0.6691396702080965,0.9999997615814209
1487,4.0,-6.0,10,Hero,0.6779047757387161,0.9999989032745361
1488,4.7,-5.3,3,Hero,0.6042990187803904,0.9999803702036539
1489,3.9000000000000004,-6.1,11,Hero,0.5944495390761982,0.9957826679403131
1490,4.2,-5.8,8,Hero,0.8581065759062767,0.999996230006218
1491,4.0,-6.0,10,Hero,0.6524097979068756,0.999999749660492
1492,3.9000000000000004,-6.1,11,Hero,0.8391952572221105,0.9999563802372325
1493,4.2,-5.8,8,Hero,0.7211917787790298,0.9991095811128616
1494,4.4,-5.6,6,Hero,0.809635100265344,0.9992642104625702
1495,4.0,-6.0,10,Hero,0.8056354895234108,0.9999870896339417
1496,4.0,-6.0,10,Hero,0.6550075631588698,0.9999905824661255
1497,4.6000000000000005,-5.3999999999999995,4,Hero,0.5328257866203785,0.9999989867210388
1498,3.5,-6.5,15,Hero,0.6517869710922242,0.9999998172124227
1499,3.9000000000000004,-6.1,11,Hero,0.5519465858286078,0.9998358488082886
1500,3.8000000000000007,-6.199999999999999,12,Hero,0.780249772593379,0.9999990661938986
1501,4.1000000000000005,-5.8999999999999995,9,Hero,0.7262444694836935,0.9999330242474874
1502,3.9000000000000004,-6.1,11,Hero,0.8160780668258667,0.9999999024651267
1503,3.6000000000000005,-6.3999999999999995,14,Hero,0.7425220502274377,0.9985041746071407
1504,3.4000000000000004,-6.6,16,Hero,0.5278544203611091,0.9999993965029716
1505,3.8000000000000007,-6.199999999999999,12,Hero,0.5840216415623823,0.9999994933605194
1506,3.8000000000000007,-6.199999999999999,12,Hero,0.7361337095499039,0.9999853074550629
1507,3.4000000000000004,-6.6,16,Hero,0.6653606742620468,0.9923906400799751
1508,3.9000000000000004,-6.1,11,Hero,0.5903319906104695,0.9995651136745106
1509,4.300000000000001,-5.699999999999999,7,Hero,0.9887201360293797,0.9996145027024406
1510,4.9,-5.1,1,Hero,0.45276129245758057,1.0
1511,3.9000000000000004,-6.1,11,Hero,0.806433379650116,0.9999493685635653
1512,4.4,-5.6,6,Hero,0.6409391562143961,0.999989906946818
1513,3.8000000000000007,-6.199999999999999,12,Hero,0.8454004563391209,0.9996433804432551
1514,4.9,-5.1,1,Hero,0.6999506950378418,0.9999021291732788
1515,4.4,-5.6,6,Hero,0.622570663690567,0.9998536308606466
1516,3.9000000000000004,-6.1,11,Hero,0.6791547692634843,0.9990732127969916
1517,3.5,-6.5,15,Hero,0.632707279920578,0.999872350692749
1518,4.2,-5.8,8,Hero,0.7032669465988874,0.9999994337558746
1519,3.2,-6.8,18,Hero,0.5644202143367794,0.9998859001530541
1520,-5.1,4.9,1,Villain,0.004096316173672676,0.9999954700469971
1521,3.8000000000000007,-6.199999999999999,12,Hero,0.8723226115107536,0.9998337229092916
1522,4.2,-5.8,8,Hero,0.8710717521607876,0.9999984800815582
1523,3.9000000000000004,-6.1,11,Hero,0.6180479336868633,0.9999998266046698
1524,3.3,-6.7,17,Hero,0.690410422928193,0.99947248136296
1525,4.2,-5.8,8,Hero,0.6130080707371235,0.9999995976686478
1526,4.2,-5.8,8,Hero,0.5792660340666771,0.9999997615814209
1527,4.9,-5.1,1,Hero,0.6412203907966614,0.9999994039535522
1528,3.6000000000000005,-6.3999999999999995,14,Hero,0.640019630747182,0.9949782618454525
1529,3.9000000000000004,-6.1,11,Hero,0.6995953880250454,0.9999998807907104
1530,3.2,-6.8,18,Hero,0.6993684189187156,0.9999997218449911
1531,3.2,-6.8,18,Hero,0.5819960898823209,0.9993834363089668
1532,3.4000000000000004,-6.6,16,Hero,0.6054812339134514,0.9995631389319897
1533,4.0,-6.0,10,Hero,0.885452426970005,0.9999858260154724
1534,4.7,-5.3,3,Hero,0.6112399101257324,0.9999990860621134
1535,3.7,-6.3,13,Hero,0.6651142640755727,0.9999992113846999
1536,4.1000000000000005,-5.8999999999999995,9,Hero,0.8185151749187045,0.9982907308472527
1537,3.7,-6.3,13,Hero,0.6559391984572778,0.9785331671054547
1538,4.0,-6.0,10,Hero,0.8424579590559006,0.9999998211860657
1539,4.7,-5.3,3,Hero,0.5533417065938314,0.9998638033866882
1540,3.6000000000000005,-6.3999999999999995,14,Hero,0.7716296315193176,0.9988164561135429
1541,4.1000000000000005,-5.8999999999999995,9,Hero,0.6541486647393968,0.9999945561091105
1542,-5.1,4.9,1,Villain,0.3641703724861145,0.9999798536300659
1543,4.2,-5.8,8,Hero,0.534776046872139,0.9999997764825821
1544,2.3999999999999995,-7.6000000000000005,26,Hero,0.6935664363778554,0.998208951491576
1545,4.4,-5.6,6,Hero,0.8051787180205187,0.9999834696451823
1546,4.5,-5.5,5,Hero,0.9981908559799194,0.9998009443283081
1547,4.1000000000000005,-5.8999999999999995,9,Hero,0.6569260375367271,0.9999963707394071
1548,3.2,-6.8,18,Hero,0.649346330927478,0.999986641936832
1549,3.5,-6.5,15,Hero,0.6496430868903796,0.9998673558235168
1550,4.0,-6.0,10,Hero,0.6435581892728806,0.9997608363628387
1551,4.800000000000001,-5.199999999999999,2,Hero,0.986301064491272,0.9999971985816956
1552,4.7,-5.3,3,Hero,0.9705742796262106,0.9999800125757853
1553,4.300000000000001,-5.699999999999999,7,Hero,0.65326298560415,0.9986377017838615
1554,3.5,-6.5,15,Hero,0.6556036055088044,0.9098030850291252
1555,4.4,-5.6,6,Hero,0.8809705773989359,0.9998861849308014
1556,3.7,-6.3,13,Hero,0.6477229136687058,0.9999913435715896
1557,3.9000000000000004,-6.1,11,Hero,0.7497013394128192,0.9999998699535023
1558,4.5,-5.5,5,Hero,0.6620528042316437,0.9999460220336914
1559,4.800000000000001,-5.199999999999999,2,Hero,0.5485574677586555,0.999593049287796
1560,2.5999999999999996,-7.4,24,Hero,0.7075382135808468,0.9998624672492346
1561,3.3,-6.7,17,Hero,0.8264226225369117,0.9999624841353473
1562,1.899999999999999,-8.100000000000001,31,Hero,0.8948235899931,0.9999995500810684
1563,-2.9999999999999876,-12.999999999999988,80,Hero,0.879584340332076,0.9999998703598976
1564,1.6999999999999988,-8.3,33,Hero,0.7008633785175554,0.9148962492842905
1565,4.4,-5.6,6,Hero,0.9865604241689047,0.9999207754929861
1566,3.6000000000000005,-6.3999999999999995,14,Hero,0.9039521850645542,0.9999999489103045
1567,4.1000000000000005,-5.8999999999999995,9,Hero,0.5337640825245116,0.9999978012508817
1568,3.3,-6.7,17,Hero,0.820569213698892,0.9998127362307381
1569,3.6000000000000005,-6.3999999999999995,14,Hero,0.7747447682278497,0.9999998807907104
1570,3.5,-6.5,15,Hero,0.6067813843488693,0.9999441464742025
1571,3.4000000000000004,-6.6,16,Hero,0.6917464341968298,0.9998499602079391
1572,3.7,-6.3,13,Hero,0.8314987134474975,0.9999872354360727
1573,2.4999999999999996,-7.5,25,Hero,0.6211753755807876,0.9999999189376831
1574,4.4,-5.6,6,Hero,0.9942378501097361,0.9999406337738037
1575,3.6000000000000005,-6.3999999999999995,14,Hero,0.7820819509880883,0.9999115254197802
1576,3.8000000000000007,-6.199999999999999,12,Hero,0.798852468530337,0.9999041557312012
1577,4.2,-5.8,8,Hero,0.997444286942482,0.9997623711824417
1578,3.6000000000000005,-6.3999999999999995,14,Hero,0.6732619293034077,0.9999877555029733
1579,3.6000000000000005,-6.3999999999999995,14,Hero,0.8004271654146058,0.9999747446605137
1580,3.3,-6.7,17,Hero,0.8840567040092805,1.0
1581,4.300000000000001,-5.699999999999999,7,Hero,0.7919217646121979,0.9999549729483468
1582,2.8,-7.2,22,Hero,0.6913585771213878,0.999996461651542
1583,4.4,-5.6,6,Hero,0.9790312548478445,0.9999945561091105
1584,2.5999999999999996,-7.4,24,Hero,0.625962508842349,0.9999961207310358
1585,3.5,-6.5,15,Hero,0.6396334856748581,0.9999963601430257
1586,2.9,-7.1,21,Hero,0.6614634288208825,0.9998836659249806
1587,3.9000000000000004,-6.1,11,Hero,0.8396095118739388,0.9999555566094138
1588,-5.1,4.9,1,Villain,0.5120489597320557,0.9999891519546509
1589,3.8000000000000007,-6.199999999999999,12,Hero,0.6496384193499883,0.999984860420227
1590,3.0,-7.0,20,Hero,0.705625756084919,0.9949388593435288
1591,3.7,-6.3,13,Hero,0.5046010132019336,0.9999998716207651
1592,4.9,-5.1,1,Hero,0.9758861660957336,0.9999963045120239
1593,4.2,-5.8,8,Hero,0.547498844563961,0.999999925494194
1594,4.7,-5.3,3,Hero,0.9841820200284322,0.9999995231628418
1595,4.1000000000000005,-5.8999999999999995,9,Hero,0.7203656435012817,0.9999956554836698
1596,3.0,-7.0,20,Hero,0.6603310152888298,0.9938893973827362
1597,4.800000000000001,-5.199999999999999,2,Hero,0.5185191333293915,0.9999541640281677
1598,3.3,-6.7,17,Hero,0.660275787115097,0.9887245122124168
1599,3.5,-6.5,15,Hero,0.7221187512079875,0.9999339501063029
1600,3.7,-6.3,13,Hero,0.8248366610361979,0.9999997432415302
1601,4.0,-6.0,10,Hero,0.818634033203125,0.9999992489814759
1602,4.4,-5.6,6,Hero,0.9268667797247568,0.9999998807907104
1603,3.8000000000000007,-6.199999999999999,12,Hero,0.7461165438095728,0.996018315354983
1604,4.2,-5.8,8,Hero,0.9441851451992989,0.9999160468578339
1605,4.9,-5.1,1,Hero,0.797831654548645,0.9999971389770508
1606,4.4,-5.6,6,Hero,0.7942826002836227,0.9999938011169434
1607,4.0,-6.0,10,Hero,0.8892421215772629,0.9999936342239379
1608,4.1000000000000005,-5.8999999999999995,9,Hero,0.6649521688620249,0.9984801014264425
1609,4.1000000000000005,-5.8999999999999995,9,Hero,0.7500315838389926,0.9988114370240105
1610,3.5,-6.5,15,Hero,0.6947161828478178,0.9999667803446451
1611,4.0,-6.0,10,Hero,0.8593012511730194,0.9999998569488525
1612,4.0,-6.0,10,Hero,0.8376085847616196,0.9993520736694336
1613,4.5,-5.5,5,Hero,0.774066586792469,0.9999156355857849
1614,3.8000000000000007,-6.199999999999999,12,Hero,0.7725888142983118,0.9999988675117493
1615,3.5,-6.5,15,Hero,0.7347570975621541,0.9999658346176148
1616,4.0,-6.0,10,Hero,0.6811566829681397,0.9999980449676513
1617,3.3,-6.7,17,Hero,0.7122109584948596,0.9999632134157068
1618,3.7,-6.3,13,Hero,0.8298869797816644,0.9999991930448092
1619,4.4,-5.6,6,Hero,0.9764767189820608,0.99992303053538
1620,4.0,-6.0,10,Hero,0.9213024973869324,0.9997295916080475
1621,3.4000000000000004,-6.6,16,Hero,0.7818536208942533,0.9999917671084404
1622,4.0,-6.0,10,Hero,0.660725399851799,0.9962392330169678
1623,3.8000000000000007,-6.199999999999999,12,Hero,0.6419731397181749,0.9999775290489197
1624,4.6000000000000005,-5.3999999999999995,4,Hero,0.6303589940071106,0.9991089701652527
1625,4.4,-5.6,6,Hero,0.9876609047253927,0.9999919136365255
1626,3.9000000000000004,-6.1,11,Hero,0.6681171438910745,0.9997302131219343
1627,4.4,-5.6,6,Hero,0.6174817681312561,0.9999704957008362
1628,3.8000000000000007,-6.199999999999999,12,Hero,0.7405560178061327,0.9999996423721313
1629,4.800000000000001,-5.199999999999999,2,Hero,0.8339973092079163,0.9999998807907104
1630,4.5,-5.5,5,Hero,0.6805372685194016,0.9999999284744263
1631,4.1000000000000005,-5.8999999999999995,9,Hero,0.7968107925521003,0.999633080429501
1632,4.2,-5.8,8,Hero,0.8461135700345039,0.9999276399612427
1633,4.5,-5.5,5,Hero,0.8091352820396424,0.9999915599822998
1634,3.9000000000000004,-6.1,11,Hero,0.8387800292535261,0.9999888593500311
1635,4.300000000000001,-5.699999999999999,7,Hero,0.6840454169682094,0.9988202963556562
1636,4.0,-6.0,10,Hero,0.5974490508437157,0.9983220517635345
1637,4.1000000000000005,-5.8999999999999995,9,Hero,0.7314042134417428,0.9998635384771559
1638,3.7,-6.3,13,Hero,0.6823786565890679,0.9982027824108417
1639,4.1000000000000005,-5.8999999999999995,9,Hero,0.7630365706152387,0.999980092048645
1640,4.4,-5.6,6,Hero,0.6454531302054723,0.9999225735664368
1641,4.300000000000001,-5.699999999999999,7,Hero,0.9915336200169155,0.9999701976776123
1642,3.0999999999999996,-6.9,19,Hero,0.6914190583323178,0.9999924458955464
1643,4.9,-5.1,1,Hero,0.05934986472129822,0.9999986886978149
1644,3.9000000000000004,-6.1,11,Hero,0.6054461747407913,0.9996312694116072
1645,3.9000000000000004,-6.1,11,Hero,0.7912043658169833,0.9999366673556241
1646,4.1000000000000005,-5.8999999999999995,9,Hero,0.5516576634513007,0.9999997880723741
1647,3.9000000000000004,-6.1,11,Hero,0.7896017513491891,0.9999715848402544
1648,4.1000000000000005,-5.8999999999999995,9,Hero,0.8925273252858056,0.9999779595269097
1649,4.1000000000000005,-5.8999999999999995,9,Hero,0.9180298646291097,0.9999996423721313
1650,4.300000000000001,-5.699999999999999,7,Hero,0.621574159179415,0.9999991825648716
1651,3.3,-6.7,17,Hero,0.7756825878339655,0.9992323517799377
1652,3.8000000000000007,-6.199999999999999,12,Hero,0.8330841412146887,0.9999930163224539
1653,3.6000000000000005,-6.3999999999999995,14,Hero,0.5864533973591668,0.9999869380678449
1654,4.0,-6.0,10,Hero,0.7994437277317047,0.9999918937683105
1655,4.1000000000000005,-5.8999999999999995,9,Hero,0.6700982517666287,0.999989284409417
1656,4.4,-5.6,6,Hero,0.5922292470932007,0.9998047351837158
1657,3.6000000000000005,-6.3999999999999995,14,Hero,0.8565343756760869,0.9999990463256836
1658,4.1000000000000005,-5.8999999999999995,9,Hero,0.7430424922042422,0.9999978542327881
1659,3.7,-6.3,13,Hero,0.6780374394013331,0.9922485947608948
1660,4.1000000000000005,-5.8999999999999995,9,Hero,0.693632079495324,0.9999788204828898
1661,3.4000000000000004,-6.6,16,Hero,0.6473732497543097,0.9872339703142643
1662,3.6000000000000005,-6.3999999999999995,14,Hero,0.8026384881564549,0.9999976924487523
1663,4.300000000000001,-5.699999999999999,7,Hero,0.8730902416365487,0.9999997956412179
1664,4.300000000000001,-5.699999999999999,7,Hero,0.8626221971852439,0.9985110674585614
1665,3.2,-6.8,18,Hero,0.8010362866852019,0.9999928077061971
1666,4.0,-6.0,10,Hero,0.7181342117488384,0.9999996781349182
1667,3.8000000000000007,-6.199999999999999,12,Hero,0.796398475766182,0.9993766397237778
1668,3.7,-6.3,13,Hero,0.7264400399648226,0.9993596993959867
1669,4.0,-6.0,10,Hero,0.857229408621788,0.9989768624305725
1670,4.7,-5.3,3,Hero,0.648144910732905,0.999981959660848
1671,3.9000000000000004,-6.1,11,Hero,0.7348110133951361,0.9999295256354592
1672,3.7,-6.3,13,Hero,0.8089310079813004,0.9973159982607915
1673,4.6000000000000005,-5.3999999999999995,4,Hero,0.7697053998708725,0.9997760355472565
1674,3.9000000000000004,-6.1,11,Hero,0.7621203735470772,0.9999978108839556
1675,4.1000000000000005,-5.8999999999999995,9,Hero,0.7100803785853915,0.9983079433441162
1676,3.5,-6.5,15,Hero,0.7204160432020823,0.999925454457601
1677,3.7,-6.3,13,Hero,0.7343763502744528,0.9999992847442627
1678,4.6000000000000005,-5.3999999999999995,4,Hero,0.758061558008194,0.9988458007574081
1679,4.1000000000000005,-5.8999999999999995,9,Hero,0.9708816342883639,0.9996687438752916
1680,3.6000000000000005,-6.3999999999999995,14,Hero,0.6941339809979711,0.9999333279473441
1681,4.0,-6.0,10,Hero,0.8903709828853608,0.9999971985816956
1682,4.0,-6.0,10,Hero,0.7167520157992839,0.9989351689815521
1683,4.1000000000000005,-5.8999999999999995,9,Hero,0.7690524475442039,0.9998615781466166
1684,3.9000000000000004,-6.1,11,Hero,0.9258727350018241,0.9999793009324507
1685,3.4000000000000004,-6.6,16,Hero,0.6554599031805992,0.986677061766386
1686,4.300000000000001,-5.699999999999999,7,Hero,0.8392187782696315,0.9999363933290754
1687,3.9000000000000004,-6.1,11,Hero,0.7450713081793352,0.9952574372291565
1688,3.9000000000000004,-6.1,11,Hero,0.7851026593284174,0.9999966079538519
1689,4.4,-5.6,6,Hero,0.6211195091406504,0.9999992847442627
1690,4.300000000000001,-5.699999999999999,7,Hero,0.9694801228387016,0.9991540653364999
1691,4.9,-5.1,1,Hero,0.9945114850997925,1.0
1692,4.6000000000000005,-5.3999999999999995,4,Hero,0.8367790132761002,0.9995761215686798
1693,4.300000000000001,-5.699999999999999,7,Hero,0.8455779893057687,0.9999984162194389
1694,4.1000000000000005,-5.8999999999999995,9,Hero,0.8828529798322253,0.9998324116071066
1695,4.4,-5.6,6,Hero,0.6482489903767904,0.9992942909399668
1696,4.2,-5.8,8,Hero,0.7660659309476614,0.9999983310699463
1697,3.2,-6.8,18,Hero,0.7003909916513495,0.9965030782752566
1698,4.2,-5.8,8,Hero,0.509421169757843,0.9999907165765762
1699,3.6000000000000005,-6.3999999999999995,14,Hero,0.729558867801513,0.9999927197183881
1700,4.2,-5.8,8,Hero,0.6888274075463414,0.9950352683663368
1701,4.2,-5.8,8,Hero,0.689590479247272,0.9999704957008362
1702,3.6000000000000005,-6.3999999999999995,14,Hero,0.6614805364183017,0.9899106451443264
1703,4.1000000000000005,-5.8999999999999995,9,Hero,0.8196881612141927,0.9999899466832479
1704,4.2,-5.8,8,Hero,0.8894762471318245,0.9972456619143486
1705,3.8000000000000007,-6.199999999999999,12,Hero,0.8235245048999786,0.9999947746594747
1706,4.6000000000000005,-5.3999999999999995,4,Hero,0.7655212581157684,0.9997149109840393
1707,4.300000000000001,-5.699999999999999,7,Hero,0.7888678248439517,0.9999990463256836
1708,4.300000000000001,-5.699999999999999,7,Hero,0.6719349707875933,0.9999983991895404
1709,4.1000000000000005,-5.8999999999999995,9,Hero,0.7060403823852539,0.9997467266188728
1710,4.0,-6.0,10,Hero,0.7882107570767403,0.9999991059303284
1711,4.5,-5.5,5,Hero,0.6483186721801758,0.999990177154541
1712,4.4,-5.6,6,Hero,0.7499297149479389,0.9999967217445374
1713,4.0,-6.0,10,Hero,0.7389570325613022,0.9999929904937744
1714,3.4000000000000004,-6.6,16,Hero,0.6667037531733513,0.9319760940270498
1715,3.5,-6.5,15,Hero,0.7591163516044617,0.9999958038330078
1716,3.8000000000000007,-6.199999999999999,12,Hero,0.8226879611611366,0.9979485174020132
1717,4.9,-5.1,1,Hero,0.8798679113388062,0.9994204044342041
1718,3.7,-6.3,13,Hero,0.7447551786899567,0.999051245359274
1719,4.7,-5.3,3,Hero,0.6692039569218954,0.9999998013178507
1720,4.300000000000001,-5.699999999999999,7,Hero,0.6765056763376508,0.999480562550681
1721,3.6000000000000005,-6.3999999999999995,14,Hero,0.8239466079643795,0.9999988504818508
1722,4.4,-5.6,6,Hero,0.9401669303576151,0.9994151095549265
1723,4.4,-5.6,6,Hero,0.6265041579802831,0.9970148901144663
1724,4.5,-5.5,5,Hero,0.7145306870341301,0.9997189283370972
1725,3.3,-6.7,17,Hero,0.7774532042882022,0.9999994740766638
1726,4.1000000000000005,-5.8999999999999995,9,Hero,0.6688386731677585,0.9997946421305338
1727,4.2,-5.8,8,Hero,0.6169282929040492,0.9999972879886627
1728,4.5,-5.5,5,Hero,0.9058616757392883,0.9999793767929077
1729,4.4,-5.6,6,Hero,0.9936686853567759,0.999974767367045
1730,3.8000000000000007,-6.199999999999999,12,Hero,0.7802442833781242,0.9999970694382986
1731,4.300000000000001,-5.699999999999999,7,Hero,0.879562509911401,0.9999985694885254
1732,4.6000000000000005,-5.3999999999999995,4,Hero,0.9928325116634369,0.999999076128006
1733,4.6000000000000005,-5.3999999999999995,4,Hero,0.6891868859529495,0.9999998509883881
1734,4.1000000000000005,-5.8999999999999995,9,Hero,0.8778392010264926,0.9998354646894667
1735,3.4000000000000004,-6.6,16,Hero,0.6366218030452728,0.9998729899525642
1736,-5.1,4.9,1,Villain,0.9095500111579895,0.999640941619873
1737,4.800000000000001,-5.199999999999999,2,Hero,0.7396010160446167,0.9999983906745911
1738,3.7,-6.3,13,Hero,0.6259775459766388,0.9823572498101455
1739,3.5,-6.5,15,Hero,0.6369760934263468,0.999839190642039
1740,3.7,-6.3,13,Hero,0.7127700058313516,0.9999992480644813
1741,4.2,-5.8,8,Hero,0.9648179858922958,0.9986505061388016
1742,4.0,-6.0,10,Hero,0.6495711952447891,0.9966081559658051
1743,4.0,-6.0,10,Hero,0.8352921277284622,0.9999989032745361
1744,3.8000000000000007,-6.199999999999999,12,Hero,0.8237331708272299,0.9996540000041326
1745,3.9000000000000004,-6.1,11,Hero,0.8130306655710394,0.9985245899720625
1746,3.8000000000000007,-6.199999999999999,12,Hero,0.7684151778618494,0.9999870856602987
1747,3.9000000000000004,-6.1,11,Hero,0.8482830090956255,0.9999903548847545
1748,3.5,-6.5,15,Hero,0.687069837252299,0.9999367952346802
1749,3.3,-6.7,17,Hero,0.6551142578177592,0.9999810036490945
1750,3.8000000000000007,-6.199999999999999,12,Hero,0.751024356422325,0.9976962904135386
1751,4.5,-5.5,5,Hero,0.9349051117897034,0.9987446069717407
1752,4.5,-5.5,5,Hero,0.5646820068359375,0.999998140335083
1753,4.0,-6.0,10,Hero,0.699765183776617,0.9999884486198425
1754,4.0,-6.0,10,Hero,0.6339952170848846,0.9999856233596802
1755,4.0,-6.0,10,Hero,0.7938230454921722,0.9999989628791809
1756,4.1000000000000005,-5.8999999999999995,9,Hero,0.6410240597195096,0.9982467558648851
1757,4.2,-5.8,8,Hero,0.6970841623842716,0.9999688863754272
1758,4.800000000000001,-5.199999999999999,2,Hero,0.6999256610870361,0.9999773502349854
1759,4.6000000000000005,-5.3999999999999995,4,Hero,0.6049622073769569,0.9999994039535522
1760,4.4,-5.6,6,Hero,0.7223846564690272,0.9999800324440002
1761,3.8000000000000007,-6.199999999999999,12,Hero,0.625786284605662,0.9963232676188151
1762,4.300000000000001,-5.699999999999999,7,Hero,0.6866446776049477,0.9999978542327881
1763,3.9000000000000004,-6.1,11,Hero,0.694548942826011,0.9874989932233637
1764,4.6000000000000005,-5.3999999999999995,4,Hero,0.6946608349680901,0.9999467730522156
1765,4.2,-5.8,8,Hero,0.8113802755251527,0.999855637550354
1766,4.4,-5.6,6,Hero,0.7869318276643753,0.9999996622403463
1767,3.5,-6.5,15,Hero,0.6585001687208811,0.9985009789466858
1768,4.6000000000000005,-5.3999999999999995,4,Hero,0.6021564677357674,0.9996372759342194
1769,4.7,-5.3,3,Hero,0.6908485194047292,0.9999979337056478
1770,3.8000000000000007,-6.199999999999999,12,Hero,0.7553176212434968,0.9999504586060842
1771,4.2,-5.8,8,Hero,0.7923592291772366,0.9995689615607262
1772,4.800000000000001,-5.199999999999999,2,Hero,0.4361052066087723,0.9999997019767761
1773,3.6000000000000005,-6.3999999999999995,14,Hero,0.7496547145502908,0.987446767943246
1774,4.800000000000001,-5.199999999999999,2,Hero,0.8073695302009583,0.9990680813789368
1775,4.4,-5.6,6,Hero,0.6809222002824148,0.9999924302101135
1776,4.300000000000001,-5.699999999999999,7,Hero,0.9561137982777187,0.9993042434964862
1777,4.1000000000000005,-5.8999999999999995,9,Hero,0.6456661033961508,0.9999805556403266
1778,3.7,-6.3,13,Hero,0.5975799784064293,0.9999956626158494
1779,3.4000000000000004,-6.6,16,Hero,0.6279617045074701,0.9739428646862507
1780,4.2,-5.8,8,Hero,0.8383973464369774,0.995948351919651
1781,4.4,-5.6,6,Hero,0.733344222108523,0.9999692241350809
1782,4.2,-5.8,8,Hero,0.7914039976894855,0.9999699592590332
1783,4.0,-6.0,10,Hero,0.8808259993791581,0.9999964118003846
1784,4.300000000000001,-5.699999999999999,7,Hero,0.7255714727299554,0.999988215310233
1785,4.0,-6.0,10,Hero,0.6702166050672531,0.9890243351459503
1786,4.0,-6.0,10,Hero,0.8774045467376709,0.9963174939155579
1787,4.2,-5.8,8,Hero,0.9765205532312393,0.9835845828056335
1788,3.8000000000000007,-6.199999999999999,12,Hero,0.7355792343926927,0.9998371750116348
1789,3.4000000000000004,-6.6,16,Hero,0.6824328359216452,0.991308931261301
1790,4.1000000000000005,-5.8999999999999995,9,Hero,0.98473103178872,0.9987071553866068
1791,3.5,-6.5,15,Hero,0.804882138967514,0.9999920686086019
1792,4.0,-6.0,10,Hero,0.7672660689800977,0.9998349845409393
1793,3.8000000000000007,-6.199999999999999,12,Hero,0.7393069254855315,0.9102550249857208
1794,3.4000000000000004,-6.6,16,Hero,0.6783254593610764,0.9256051964184735
1795,4.300000000000001,-5.699999999999999,7,Hero,0.6043356869901929,0.9999950442995343
1796,4.1000000000000005,-5.8999999999999995,9,Hero,0.9814033442073398,0.9986034234364828
1797,4.0,-6.0,10,Hero,0.9127239018678666,0.999938714504242
1798,3.9000000000000004,-6.1,11,Hero,0.7574851350350813,0.9999993280930952
1799,4.300000000000001,-5.699999999999999,7,Hero,0.8699274488857814,0.9999534572873797
1800,4.2,-5.8,8,Hero,0.6288384236395359,0.9998624473810196
1801,4.300000000000001,-5.699999999999999,7,Hero,0.7062506547995976,0.9986881528581891
1802,3.4000000000000004,-6.6,16,Hero,0.6556585168000311,0.9996027164161205
1803,4.4,-5.6,6,Hero,0.7020397062102953,0.9999820590019226
1804,3.8000000000000007,-6.199999999999999,12,Hero,0.7221943450470766,0.999818334976832
1805,3.6000000000000005,-6.3999999999999995,14,Hero,0.6908354620848384,0.999638306243079
1806,3.6000000000000005,-6.3999999999999995,14,Hero,0.6982724059905324,0.998318476336343
1807,3.5,-6.5,15,Hero,0.6982209891080856,0.9979019085566203
1808,3.5,-6.5,15,Hero,0.7519622127215068,0.9999243736267089
1809,4.800000000000001,-5.199999999999999,2,Hero,0.7041612863540649,0.9999620318412781
1810,4.4,-5.6,6,Hero,0.6165431886911392,0.9978376030921936
1811,4.4,-5.6,6,Hero,0.8162428736686707,0.9999988873799642
1812,4.800000000000001,-5.199999999999999,2,Hero,0.9892110228538513,0.999988853931427
1813,4.5,-5.5,5,Hero,0.6536645501852035,0.9999121904373169
1814,3.9000000000000004,-6.1,11,Hero,0.8088741898536682,0.9999824870716442
1815,3.8000000000000007,-6.199999999999999,12,Hero,0.7537829702099165,0.9999867379665375
1816,-5.199999999999999,4.800000000000001,2,Villain,0.9967988729476929,1.0
1817,3.6000000000000005,-6.3999999999999995,14,Hero,0.6908616721630096,0.9989537937300546
1818,3.3,-6.7,17,Hero,0.5969926802551045,0.9337624015615267
1819,3.7,-6.3,13,Hero,0.7110608861996577,0.980245984517611
1820,3.5,-6.5,15,Hero,0.717114531993866,0.9569212079048157
1821,4.2,-5.8,8,Hero,0.680138610303402,0.9999987483024597
1822,4.7,-5.3,3,Hero,0.9149167140324911,0.9999682505925497
1823,4.4,-5.6,6,Hero,0.699282502134641,0.9998350143432617
1824,4.6000000000000005,-5.3999999999999995,4,Hero,0.9005656540393829,0.9999997317790985
1825,4.0,-6.0,10,Hero,0.9297932028770447,0.9998413860797882
1826,-5.3999999999999995,4.6000000000000005,4,Villain,0.6354695111513138,0.9942960292100906
1827,4.5,-5.5,5,Hero,0.9457163453102112,0.9999846458435059
1828,3.9000000000000004,-6.1,11,Hero,0.6557997221296484,0.9999926306984641
1829,4.800000000000001,-5.199999999999999,2,Hero,0.6261827945709229,0.998799741268158
1830,-5.3,4.7,3,Villain,0.30323517819245654,0.9935514330863953
1831,3.9000000000000004,-6.1,11,Hero,0.692023442550139,0.9992177865721963
1832,3.5,-6.5,15,Hero,0.6989370147387187,0.9955833236376445
1833,4.5,-5.5,5,Hero,0.601302969455719,0.9999480009078979
1834,4.6000000000000005,-5.3999999999999995,4,Hero,0.9818763583898544,0.9999343156814575
1835,4.0,-6.0,10,Hero,0.9322850644588471,0.9993151962757111
1836,4.0,-6.0,10,Hero,0.7137240037322045,0.9986231207847596
1837,4.7,-5.3,3,Hero,0.9484032392501831,0.9999956289927164
1838,3.6000000000000005,-6.3999999999999995,14,Hero,0.6174720352781671,0.999172738620213
1839,3.9000000000000004,-6.1,11,Hero,0.6168851242824034,0.9994909980080344
1840,3.6000000000000005,-6.3999999999999995,14,Hero,0.7269654901964324,0.9999989441462925
1841,3.0999999999999996,-6.9,19,Hero,0.6386959874316266,0.9997549088377702
1842,3.7,-6.3,13,Hero,0.6763212910065284,0.9989214035180899
1843,3.5,-6.5,15,Hero,0.7026633510986964,0.9985520760218303
1844,4.300000000000001,-5.699999999999999,7,Hero,0.5921049671513694,0.9999977690832955
1845,4.6000000000000005,-5.3999999999999995,4,Hero,0.7301471382379532,0.9999946057796478
1846,4.1000000000000005,-5.8999999999999995,9,Hero,0.9072038663758172,0.9995781050788032
1847,4.0,-6.0,10,Hero,0.8812092155218124,0.9999101758003235
1848,3.9000000000000004,-6.1,11,Hero,0.724162299524654,0.9999938769774004
1849,3.9000000000000004,-6.1,11,Hero,0.6970513666217978,0.9999927932565863
1850,4.2,-5.8,8,Hero,0.714030809700489,0.9980844333767891
1851,4.0,-6.0,10,Hero,0.7407182559370995,0.999993646144867
1852,4.5,-5.5,5,Hero,0.809296452999115,0.9999912023544312
1853,3.2,-6.8,18,Hero,0.7613729097776942,0.9999435411559211
1854,4.2,-5.8,8,Hero,0.97601617872715,0.9999741464853287
1855,4.9,-5.1,1,Hero,0.9483144879341125,0.99998939037323
1856,4.6000000000000005,-5.3999999999999995,4,Hero,0.8716832399368286,0.9999994039535522
1857,4.1000000000000005,-5.8999999999999995,9,Hero,0.8291032798588276,0.9999986224704318
1858,4.800000000000001,-5.199999999999999,2,Hero,0.5861999988555908,0.9999909996986389
1859,4.0,-6.0,10,Hero,0.6594911456108093,0.999894917011261
1860,4.300000000000001,-5.699999999999999,7,Hero,0.743583697293486,0.9999998126711164
1861,3.7,-6.3,13,Hero,0.7480814405358754,0.999956149321336
1862,4.1000000000000005,-5.8999999999999995,9,Hero,0.908194343249003,0.9990899099244012
1863,4.1000000000000005,-5.8999999999999995,9,Hero,0.9661558866500854,0.9999711778428819
1864,4.1000000000000005,-5.8999999999999995,9,Hero,0.9457738002141317,0.9999991655349731
1865,3.9000000000000004,-6.1,11,Hero,0.7244615134867755,0.9976370280439203
1866,4.9,-5.1,1,Hero,0.6685915589332581,0.99996018409729
1867,3.9000000000000004,-6.1,11,Hero,0.8053331727331335,0.9996784221042286
1868,4.9,-5.1,1,Hero,0.8147829174995422,0.9999998807907104
1869,4.300000000000001,-5.699999999999999,7,Hero,0.894332196031298,0.9999994209834507
1870,4.300000000000001,-5.699999999999999,7,Hero,0.6161251366138458,0.9999927282333374
1871,4.5,-5.5,5,Hero,0.6887502372264862,0.9999890565872193
1872,4.0,-6.0,10,Hero,0.7053252995014191,0.9967541217803955
1873,-5.199999999999999,4.800000000000001,2,Villain,0.5498211085796356,0.9999553561210632
1874,4.2,-5.8,8,Hero,0.6718376353383064,0.9999986439943314
1875,4.0,-6.0,10,Hero,0.7035144180059433,0.9989572167396545
1876,4.0,-6.0,10,Hero,0.5954312518239021,0.9999984264373779
1877,4.1000000000000005,-5.8999999999999995,9,Hero,0.604591084851159,0.999967959192064
1878,3.9000000000000004,-6.1,11,Hero,0.607432408766313,0.9990218823606317
1879,4.4,-5.6,6,Hero,0.9901942014694214,0.9996176858743032
1880,3.5,-6.5,15,Hero,0.7594953715801239,0.9982935667037964
1881,4.4,-5.6,6,Hero,0.6274599134922028,0.9999855955441793
1882,3.0,-7.0,20,Hero,0.6261764544993639,0.9999428153038025
1883,3.7,-6.3,13,Hero,0.7268251860514283,0.999995754315303
1884,4.1000000000000005,-5.8999999999999995,9,Hero,0.6809785928991106,0.9999956025017632
1885,4.2,-5.8,8,Hero,0.7120071053504944,0.999891385436058
1886,4.5,-5.5,5,Hero,0.7594476103782654,0.9999992847442627
1887,3.8000000000000007,-6.199999999999999,12,Hero,0.7704913740356764,0.9999862313270569
1888,3.2,-6.8,18,Hero,0.6402219070328606,0.9394115468142749
1889,3.4000000000000004,-6.6,16,Hero,0.638664323836565,0.9742764793336391
1890,3.3,-6.7,17,Hero,0.7147216604036444,0.9999826445299036
1891,3.2,-6.8,18,Hero,0.6326252520084381,0.9999789926740859
1892,-5.3,4.7,3,Villain,0.38417452573776245,0.9998683532079061
1893,3.9000000000000004,-6.1,11,Hero,0.7239422053098679,0.9962229186838324
1894,3.7,-6.3,13,Hero,0.7985583824607042,0.9999968363688543
1895,3.8000000000000007,-6.199999999999999,12,Hero,0.7363196512063345,0.9999373853206635
1896,4.300000000000001,-5.699999999999999,7,Hero,0.6338760554790497,0.9999954530170986
1897,3.8000000000000007,-6.199999999999999,12,Hero,0.8222511050601801,0.9971530536810557
1898,3.7,-6.3,13,Hero,0.7309689682263595,0.9999917470491849
1899,4.4,-5.6,6,Hero,0.7465453942616781,0.999998410542806
1900,4.0,-6.0,10,Hero,0.8977101750671863,0.99905846118927
1901,4.5,-5.5,5,Hero,0.9930950760841369,0.9999648571014405
1902,4.2,-5.8,8,Hero,0.9848006814718246,0.99980478733778
1903,3.8000000000000007,-6.199999999999999,12,Hero,0.7909718205531439,0.9999801218509674
1904,4.5,-5.5,5,Hero,0.8186815261840821,0.9999971151351928
1905,4.2,-5.8,8,Hero,0.9879334345459938,0.9998309463262558
1906,4.2,-5.8,8,Hero,0.8609075993299484,0.9991716966032982
1907,3.3,-6.7,17,Hero,0.7133669555187225,0.9993831550373751
1908,4.4,-5.6,6,Hero,0.709555151561896,0.9999986489613851
1909,4.300000000000001,-5.699999999999999,7,Hero,0.988976069859096,0.9997632418360028
1910,4.300000000000001,-5.699999999999999,7,Hero,0.6902787472520556,0.999425641127995
1911,4.2,-5.8,8,Hero,0.6501772850751877,0.9999813288450241
1912,4.0,-6.0,10,Hero,0.9174040734767914,0.9999936342239379
1913,4.6000000000000005,-5.3999999999999995,4,Hero,0.6962428838014603,0.9999991059303284
1914,3.4000000000000004,-6.6,16,Hero,0.652183435857296,0.9996338374912739
1915,4.4,-5.6,6,Hero,0.8029867360989252,0.9999749064445496
1916,3.7,-6.3,13,Hero,0.7422161308618692,0.9999889227060171
1917,3.6000000000000005,-6.3999999999999995,14,Hero,0.7839209118059703,0.9999397056443351
1918,4.0,-6.0,10,Hero,0.7585970267653466,0.9998512387275695
1919,4.2,-5.8,8,Hero,0.9444130882620811,0.9985824674367905
1920,4.1000000000000005,-5.8999999999999995,9,Hero,0.8137328881356451,0.9999814430872599
1921,3.4000000000000004,-6.6,16,Hero,0.7146535161882639,0.9986316300928593
1922,3.9000000000000004,-6.1,11,Hero,0.8567081093788147,0.9999886426058683
1923,3.9000000000000004,-6.1,11,Hero,0.6904884275387634,0.9998294602740895
1924,4.300000000000001,-5.699999999999999,7,Hero,0.7955391790185656,0.9993859274046761
1925,3.9000000000000004,-6.1,11,Hero,0.848736129023812,0.9999130964279175
1926,3.6000000000000005,-6.3999999999999995,14,Hero,0.7239579962832587,0.9999821356364659
1927,3.8000000000000007,-6.199999999999999,12,Hero,0.7683170785506567,0.9999854763348898
1928,4.2,-5.8,8,Hero,0.6345541104674339,0.9921214729547501
1929,3.0999999999999996,-6.9,19,Hero,0.6512016010911841,0.9870198055317527
1930,4.300000000000001,-5.699999999999999,7,Hero,0.8691207085336957,0.9999992677143642
1931,4.0,-6.0,10,Hero,0.8251134648919105,0.9999985337257385
1932,4.300000000000001,-5.699999999999999,7,Hero,0.7877421038491386,0.9999997956412179
1933,4.0,-6.0,10,Hero,0.7899552613496781,0.9980527043342591
1934,4.6000000000000005,-5.3999999999999995,4,Hero,0.7254027463495731,0.9990643709897995
1935,4.2,-5.8,8,Hero,0.8912779912352562,0.9999994784593582
1936,4.7,-5.3,3,Hero,0.9110046823819479,0.9999992450078329
1937,3.2,-6.8,18,Hero,0.6185381462176641,0.9998495512538486
1938,3.2,-6.8,18,Hero,0.7065196649895774,0.999980456299252
1939,4.6000000000000005,-5.3999999999999995,4,Hero,0.7051123641431332,0.9997109621763229
1940,3.8000000000000007,-6.199999999999999,12,Hero,0.8173465008536974,0.9986534217993418
1941,4.300000000000001,-5.699999999999999,7,Hero,0.9828982097761971,0.9958119477544513
1942,4.2,-5.8,8,Hero,0.9893449768424034,0.9979616031050682
1943,4.4,-5.6,6,Hero,0.7906148334344228,0.9997094472249349
1944,3.8000000000000007,-6.199999999999999,12,Hero,0.6824108424286047,0.9992692470550537
1945,4.0,-6.0,10,Hero,0.853102308511734,0.9991401672363281
1946,-5.1,4.9,1,Villain,0.998903751373291,0.9999995231628418
1947,2.5999999999999996,-7.4,24,Hero,0.7994732409715652,0.9999859382708868
1948,4.2,-5.8,8,Hero,0.8235597647726536,0.9952571541070938
1949,4.1000000000000005,-5.8999999999999995,9,Hero,0.6743032220337126,0.9987094733450148
1950,2.3999999999999995,-7.6000000000000005,26,Hero,0.8431554425221223,0.9999977120986352
1951,3.4000000000000004,-6.6,16,Hero,0.688468019478023,0.9940644428133965
1952,3.7,-6.3,13,Hero,0.7158998675071276,0.9966699526860163
1953,4.7,-5.3,3,Hero,0.7781874140103658,0.9997406601905823
1954,3.9000000000000004,-6.1,11,Hero,0.6446059833873402,0.9998547326434742
1955,3.5,-6.5,15,Hero,0.7308723822236061,0.9983746012051901
1956,4.4,-5.6,6,Hero,0.757298598686854,0.9993495245774587
1957,4.300000000000001,-5.699999999999999,7,Hero,0.7263731892619815,0.9996472001075745
1958,4.5,-5.5,5,Hero,0.7217413067817688,0.999972152709961
1959,3.7,-6.3,13,Hero,0.7108016243347755,0.9921804758218619
1960,4.1000000000000005,-5.8999999999999995,9,Hero,0.6293641039066844,0.9982312719027201
1961,4.1000000000000005,-5.8999999999999995,9,Hero,0.7134071869982613,0.9991714689466689
1962,4.9,-5.1,1,Hero,0.3843632638454437,0.9999815225601196
1963,3.5,-6.5,15,Hero,0.7175909380118052,0.999996527036031
1964,3.7,-6.3,13,Hero,0.7881552674449407,0.999995754315303
1965,-5.199999999999999,4.800000000000001,2,Villain,0.27391163259744644,0.9995189309120178
1966,3.4000000000000004,-6.6,16,Hero,0.7881161104887724,0.9999739602208138
1967,4.1000000000000005,-5.8999999999999995,9,Hero,0.7555869751506381,0.9999847544564141
1968,3.6000000000000005,-6.3999999999999995,14,Hero,0.6936481818556786,0.9912510216236115
1969,4.6000000000000005,-5.3999999999999995,4,Hero,0.7651284337043762,0.9999847710132599
1970,3.7,-6.3,13,Hero,0.7214196484822494,0.9999699867688693
1971,4.6000000000000005,-5.3999999999999995,4,Hero,0.6870607435703278,0.9987029880285263
1972,4.1000000000000005,-5.8999999999999995,9,Hero,0.7502028519908587,0.9995890723334419
1973,4.6000000000000005,-5.3999999999999995,4,Hero,0.6952775418758392,0.9999911785125732
1974,3.3,-6.7,17,Hero,0.7856686060481212,0.9999727010726929
1975,3.7,-6.3,13,Hero,0.725946075641192,0.9969870264713581
1976,4.6000000000000005,-5.3999999999999995,4,Hero,0.8291833102703094,0.9975597560405731
1977,4.300000000000001,-5.699999999999999,7,Hero,0.9962961503437587,0.9998630711010524
1978,3.4000000000000004,-6.6,16,Hero,0.6897407677024603,0.9999220035970211
1979,4.4,-5.6,6,Hero,0.5875388632218043,0.9999087254206339
1980,3.8000000000000007,-6.199999999999999,12,Hero,0.8239822660883268,0.9999357561270396
1981,4.0,-6.0,10,Hero,0.6970497339963913,0.9942063391208649
1982,3.5,-6.5,15,Hero,0.8307759801546732,0.9958391547203064
1983,4.1000000000000005,-5.8999999999999995,9,Hero,0.5862602094809214,0.9970466428332858
1984,4.4,-5.6,6,Hero,0.8638418118158976,0.9999941190083822
1985,3.6000000000000005,-6.3999999999999995,14,Hero,0.6919971342597689,0.9991339274815151
1986,2.8,-7.2,22,Hero,0.6349289850755171,0.9999304820190776
1987,4.0,-6.0,10,Hero,0.8327682599425316,0.9999571323394776
1988,3.8000000000000007,-6.199999999999999,12,Hero,0.7624876735111078,0.9848368565241495
1989,4.300000000000001,-5.699999999999999,7,Hero,0.7470925024577549,0.9958539775439671
1990,4.2,-5.8,8,Hero,0.7113634981215,0.9982255920767784
1991,4.1000000000000005,-5.8999999999999995,9,Hero,0.8607816199461619,0.9931391212675307
1992,3.8000000000000007,-6.199999999999999,12,Hero,0.769459918141365,0.9996483872334162
1993,4.9,-5.1,1,Hero,0.1896442323923111,0.999954342842102
1994,3.4000000000000004,-6.6,16,Hero,0.7137732096016407,0.9893916957080364
1995,3.6000000000000005,-6.3999999999999995,14,Hero,0.7102428844996861,0.99007996065276
1996,3.6000000000000005,-6.3999999999999995,14,Hero,0.8627437661801066,0.9999920981270927
1997,4.2,-5.8,8,Hero,0.7582111340016127,0.9984347373247147
1998,3.6000000000000005,-6.3999999999999995,14,Hero,0.6291025685412543,0.9961009195872715
1999,3.9000000000000004,-6.1,11,Hero,0.7700115821578286,0.993976587598974
2000,-5.3999999999999995,4.6000000000000005,4,Villain,0.9932122826576233,0.9998133182525635
2001,4.1000000000000005,-5.8999999999999995,9,Hero,0.9244409799575806,0.9990246229701572
2002,4.800000000000001,-5.199999999999999,2,Hero,0.7418246865272522,0.9983935952186584
2003,3.8000000000000007,-6.199999999999999,12,Hero,0.839274637789155,0.9997310191392899
2004,3.0999999999999996,-6.9,19,Hero,0.6970460007065221,0.9999317746413382
2005,4.6000000000000005,-5.3999999999999995,4,Hero,0.6294739693403244,0.9996619671583176
2006,-5.1,4.9,1,Villain,0.998242974281311,0.9999983310699463
2007,3.8000000000000007,-6.199999999999999,12,Hero,0.8268227092921734,0.9969152708848318
2008,3.5,-6.5,15,Hero,0.7379313588142395,0.9999621391296387
2009,3.7,-6.3,13,Hero,0.6704217401834635,0.995451766711015
2010,4.800000000000001,-5.199999999999999,2,Hero,0.9704213440418243,0.9994517266750336
2011,3.3,-6.7,17,Hero,0.6501079254290637,0.7874461123171974
2012,-5.1,4.9,1,Villain,0.9951564073562622,0.9999779462814331
2013,3.0999999999999996,-6.9,19,Hero,0.69182831607759,0.9975326061248779
2014,4.300000000000001,-5.699999999999999,7,Hero,0.8551943472453526,0.9963376181466239
2015,4.0,-6.0,10,Hero,0.9149208426475525,0.9770402252674103
2016,4.2,-5.8,8,Hero,0.8511844836175442,0.9326474964618683
2017,4.4,-5.6,6,Hero,0.7910567919413248,0.9998450577259064
2018,4.6000000000000005,-5.3999999999999995,4,Hero,0.7041410729289055,0.9993676245212555
2019,4.4,-5.6,6,Hero,0.845565507809321,0.8307813537927965
2020,4.5,-5.5,5,Hero,0.9031322717666626,0.9999610185623169
2021,3.2,-6.8,18,Hero,0.6774797348512543,0.99928018450737
2022,4.2,-5.8,8,Hero,0.8028916530311108,0.9799215123057365
2023,3.6000000000000005,-6.3999999999999995,14,Hero,0.7579726087195533,0.9794723434107644
2024,4.6000000000000005,-5.3999999999999995,4,Hero,0.7672191709280014,0.996813490986824
2025,4.2,-5.8,8,Hero,0.9771640077233315,0.999579519033432
2026,4.9,-5.1,1,Hero,0.9995160102844238,0.9999659061431885
2027,3.9000000000000004,-6.1,11,Hero,0.8117404365065423,0.9999556324698708
2028,4.4,-5.6,6,Hero,0.8121243317921957,0.9999346931775411
2029,3.6000000000000005,-6.3999999999999995,14,Hero,0.7331530233579022,0.9989634879997799
2030,-9.99999999999998,-9.99999999999998,100,None,0.9701678195595741,0.9986436289548873
2031,2.6999999999999997,-7.300000000000001,23,Hero,0.8696140287363011,0.9999937596528427
2032,0.6999999999999993,-9.3,43,Hero,0.9261249268297539,0.9997127970983816
2033,3.8000000000000007,-6.199999999999999,12,Hero,0.6659806941946348,0.9999908904234568
2034,-2.6999999999999886,-12.699999999999989,77,Hero,0.903472591651144,0.9982732255737503
2035,-5.1,4.9,1,Villain,0.9979074001312256,0.9998644590377808
2036,3.0,-7.0,20,Hero,0.7159100994467735,0.9998818665742875
2037,3.3,-6.7,17,Hero,0.7974920825046652,0.9999950212590835
2038,2.9,-7.1,21,Hero,0.7070719748735428,0.9997694492340088
2039,3.8000000000000007,-6.199999999999999,12,Hero,0.6771759651601315,0.9994102517763773
2040,3.2,-6.8,18,Hero,0.8116596316297849,0.9998781747288175
2041,3.2,-6.8,18,Hero,0.7002759195036359,0.9982364508840773
2042,1.9999999999999991,-8.0,30,Hero,0.7791965497036775,0.9981910030047099
2043,3.8000000000000007,-6.199999999999999,12,Hero,0.7413956852008899,0.999889944990476
2044,3.3,-6.7,17,Hero,0.7432181957890006,0.9998485831653371
2045,4.1000000000000005,-5.8999999999999995,9,Hero,0.7691005269686381,0.9999817742241753
2046,1.2999999999999985,-8.700000000000001,37,Hero,0.7619469278567547,0.9987171614492262
2047,3.3,-6.7,17,Hero,0.6604017006123767,0.9999962063396678
2048,4.4,-5.6,6,Hero,0.8181114395459493,0.9999941984812418
2049,3.0,-7.0,20,Hero,0.6746434904634953,0.9241251099854708
2050,4.0,-6.0,10,Hero,0.6487794809043408,0.9999955296516418
2051,3.9000000000000004,-6.1,11,Hero,0.8887194395065308,0.9999771334908225
2052,3.8000000000000007,-6.199999999999999,12,Hero,0.7762984956304232,0.9995217074950536
2053,4.4,-5.6,6,Hero,0.8311679183195034,0.9997961620489756
2054,4.1000000000000005,-5.8999999999999995,9,Hero,0.7297772864500681,0.9999970330132378
2055,3.8000000000000007,-6.199999999999999,12,Hero,0.7366758541514477,0.9999534487724304
2056,4.4,-5.6,6,Hero,0.7777160008748373,0.9996501902739207
2057,4.5,-5.5,5,Hero,0.8168712973594665,0.9999842882156372
2058,3.4000000000000004,-6.6,16,Hero,0.6890653534792364,0.9980734102427959
2059,4.2,-5.8,8,Hero,0.8187069073319435,0.9997975677251816
2060,3.8000000000000007,-6.199999999999999,12,Hero,0.5933966257919868,0.9978011200825373
2061,3.9000000000000004,-6.1,11,Hero,0.784502962096171,0.9999915253032338
2062,3.8000000000000007,-6.199999999999999,12,Hero,0.7104528024792671,0.9980309704939524
2063,4.0,-6.0,10,Hero,0.8068738609552384,0.9998876571655273
2064,3.2,-6.8,18,Hero,0.7505532635582818,0.9901563160949283
2065,3.8000000000000007,-6.199999999999999,12,Hero,0.6948678884655237,0.9999510844548544
2066,4.0,-6.0,10,Hero,0.8631223917007447,0.9999925136566162
2067,3.8000000000000007,-6.199999999999999,12,Hero,0.7145882582602402,0.9991493920485178
2068,3.4000000000000004,-6.6,16,Hero,0.6431923247873783,0.9069195778574795
2069,4.0,-6.0,10,Hero,0.7140869468450546,0.9998598694801331
2070,3.7,-6.3,13,Hero,0.7258009154063004,0.9980973830589881
2071,3.5,-6.5,15,Hero,0.9519796371459961,0.9999706904093425
2072,3.8000000000000007,-6.199999999999999,12,Hero,0.7931086247165998,0.9999473889668783
2073,4.0,-6.0,10,Hero,0.8684763580560684,0.9999954581260682
2074,3.5,-6.5,15,Hero,0.8594963937997818,0.9999919017155965
2075,3.6000000000000005,-6.3999999999999995,14,Hero,0.7877353216920581,0.9986672742026192
2076,3.8000000000000007,-6.199999999999999,12,Hero,0.7315748780965805,0.9999156892299652
2077,4.1000000000000005,-5.8999999999999995,9,Hero,0.6386011747850312,0.9998404516114129
2078,3.5,-6.5,15,Hero,0.6528251151243846,0.9922514438629151
2079,4.1000000000000005,-5.8999999999999995,9,Hero,0.6895976894431644,0.9999901718563504
2080,3.7,-6.3,13,Hero,0.6526354792026373,0.9947107342573313
2081,3.9000000000000004,-6.1,11,Hero,0.8752066086639058,0.999998461116444
2082,4.0,-6.0,10,Hero,0.7552248537540436,0.9998155355453491
2083,4.9,-5.1,1,Hero,0.902121901512146,0.9997918009757996
2084,4.2,-5.8,8,Hero,0.7905087228864431,0.9998249262571335
2085,4.4,-5.6,6,Hero,0.5355081409215927,0.9985701143741608
2086,3.8000000000000007,-6.199999999999999,12,Hero,0.7302445322275162,0.9999895691871643
2087,4.2,-5.8,8,Hero,0.7676635347306728,0.9993627294898033
2088,4.2,-5.8,8,Hero,0.89069939032197,0.9999713003635406
2089,3.8000000000000007,-6.199999999999999,12,Hero,0.8667832463979721,0.9999882280826569
2090,4.300000000000001,-5.699999999999999,7,Hero,0.7770950687783105,0.9999111550194877
2091,4.0,-6.0,10,Hero,0.6986907392740249,0.9979222476482391
2092,4.7,-5.3,3,Hero,0.9887542923291525,0.9999745686848959
2093,3.9000000000000004,-6.1,11,Hero,0.7693637802519582,0.9997383843768727
2094,4.2,-5.8,8,Hero,0.7490048632025719,0.9999783635139465
2095,3.6000000000000005,-6.3999999999999995,14,Hero,0.6810118140918868,0.973669456584113
2096,3.6000000000000005,-6.3999999999999995,14,Hero,0.6952574678829738,0.9999490465436663
2097,3.5,-6.5,15,Hero,0.7010539263486862,0.999962051709493
2098,4.1000000000000005,-5.8999999999999995,9,Hero,0.9967610703574287,0.999986900223626
2099,3.6000000000000005,-6.3999999999999995,14,Hero,0.6093936200652804,0.9490760309355599
2100,4.2,-5.8,8,Hero,0.6532046236097813,0.9999842643737793
2101,4.4,-5.6,6,Hero,0.9871692359447479,0.9999644160270691
2102,3.9000000000000004,-6.1,11,Hero,0.7269610728729855,0.9998218742283908
2103,3.6000000000000005,-6.3999999999999995,14,Hero,0.7498135162251336,0.9999696612358093
2104,4.2,-5.8,8,Hero,0.7992682307958603,0.9993569403886795
2105,4.9,-5.1,1,Hero,0.782162606716156,0.9998719692230225
2106,4.2,-5.8,8,Hero,0.5675894804298878,0.9989292845129967
2107,4.2,-5.8,8,Hero,0.9727627784013748,0.9988003969192505
2108,3.9000000000000004,-6.1,11,Hero,0.8598947633396495,0.997017957947471
2109,3.9000000000000004,-6.1,11,Hero,0.7893737391992048,0.9952323978597467
2110,3.5,-6.5,15,Hero,0.8791706631580989,0.999766492843628
2111,3.3,-6.7,17,Hero,0.6242551374084809,0.8690998656401301
2112,4.300000000000001,-5.699999999999999,7,Hero,0.6957392777715411,0.9992632525307792
2113,4.0,-6.0,10,Hero,0.9274525105953216,0.9553603291511535
2114,4.1000000000000005,-5.8999999999999995,9,Hero,0.6585543155670166,0.9935922291543748
2115,4.300000000000001,-5.699999999999999,7,Hero,0.8707692623138428,0.994825405733926
2116,4.0,-6.0,10,Hero,0.7978265091776848,0.9985876500606536
2117,4.0,-6.0,10,Hero,0.8913884490728379,0.982943719625473
2118,3.5,-6.5,15,Hero,0.7211694808055957,0.9790048400561014
2119,3.2,-6.8,18,Hero,0.7715058798591296,0.9987141489982605
2120,-5.1,4.9,1,Villain,0.9926538467407227,0.9997766613960266
2121,1.3999999999999986,-8.600000000000001,36,Hero,0.8762698978599575,0.9965117507510715
2122,4.7,-5.3,3,Hero,0.8379501501719157,0.9953970511754354
2123,3.8000000000000007,-6.199999999999999,12,Hero,0.8348267320543528,0.9973326176404953
2124,3.5,-6.5,15,Hero,0.7047324270009995,0.8403050737145047
2125,3.8000000000000007,-6.199999999999999,12,Hero,0.6696466480692228,0.9165374487638474
2126,3.2,-6.8,18,Hero,0.6843645125627518,0.9182984638286548
2127,2.4999999999999996,-7.5,25,Hero,0.7921458011865616,0.9521041243895888
2128,3.2,-6.8,18,Hero,0.7252759585777918,0.9991351531611549
2129,4.5,-5.5,5,Hero,0.8155793666839599,0.9999490976333618
2130,2.5999999999999996,-7.4,24,Hero,0.6780788904676834,0.9988737056652705
2131,3.7,-6.3,13,Hero,0.6811803327156947,0.9329137068528396
2132,3.7,-6.3,13,Hero,0.6559347544725125,0.923874346109537
2133,3.0999999999999996,-6.9,19,Hero,0.6731981307170108,0.5988953884102797
2134,3.9000000000000004,-6.1,11,Hero,0.7819489619948647,0.6509954895485531
2135,3.9000000000000004,-6.1,11,Hero,0.7399202693592418,0.7031741480512376
2136,3.5,-6.5,15,Hero,0.8095151940981548,0.9624251246452331
2137,4.300000000000001,-5.699999999999999,7,Hero,0.7864065894058773,0.9579225182533264
2138,3.7,-6.3,13,Hero,0.9490293126839858,0.9974110768391535
2139,4.9,-5.1,1,Hero,0.9154484868049622,0.991692066192627
2140,-5.199999999999999,4.800000000000001,2,Villain,0.9924787282943726,0.9997641146183014
2141,3.8000000000000007,-6.199999999999999,12,Hero,0.7133527503659328,0.7983984782670935
2142,3.3,-6.7,17,Hero,0.8876568289364085,0.9893226693658268
2143,4.2,-5.8,8,Hero,0.8948691040277481,0.9962961673736572
2144,4.0,-6.0,10,Hero,0.733227601647377,0.9996199548244477
2145,3.6000000000000005,-6.3999999999999995,14,Hero,0.7265130693891219,0.9707249701023102
2146,4.4,-5.6,6,Hero,0.825191345376273,0.9994980692863464
2147,4.1000000000000005,-5.8999999999999995,9,Hero,0.895237406094869,0.9830116762055291
2148,3.8000000000000007,-6.199999999999999,12,Hero,0.8595223178466161,0.9100393527187407
2149,3.9000000000000004,-6.1,11,Hero,0.9003136239268563,0.9029268244789406
2150,3.7,-6.3,13,Hero,0.8648204505443573,0.9999489417442908
2151,4.300000000000001,-5.699999999999999,7,Hero,0.8779773328985486,0.9995166489056179
2152,4.300000000000001,-5.699999999999999,7,Hero,0.868710675409862,0.9940357889447894
2153,3.8000000000000007,-6.199999999999999,12,Hero,0.7339064267774423,0.983040322860082
2154,3.3,-6.7,17,Hero,0.832987855462467,0.9833569070872139
2155,4.300000000000001,-5.699999999999999,7,Hero,0.794723493712289,0.9999751704079765
2156,3.9000000000000004,-6.1,11,Hero,0.8557167161594738,0.9999544295397672
2157,4.0,-6.0,10,Hero,0.8584104388952255,0.9998028695583343
2158,3.5,-6.5,15,Hero,0.6604606449604035,0.843247702717781
2159,3.4000000000000004,-6.6,16,Hero,0.6243223007768393,0.9997087605297565
2160,3.9000000000000004,-6.1,11,Hero,0.7677347406067632,0.9984731674194336
2161,3.7,-6.3,13,Hero,0.7888685694107642,0.8997167878999159
2162,4.0,-6.0,10,Hero,0.7894011929631233,0.9970865964889526
2163,4.2,-5.8,8,Hero,0.8411753736436367,0.9986487552523613
2164,3.7,-6.3,13,Hero,0.6458627398197467,0.8082408647124584
2165,4.9,-5.1,1,Hero,0.8107382655143738,0.999948263168335
2166,3.8000000000000007,-6.199999999999999,12,Hero,0.7412997111678123,0.9999236464500427
2167,3.4000000000000004,-6.6,16,Hero,0.7114510550163686,0.9739591330289841
2168,4.1000000000000005,-5.8999999999999995,9,Hero,0.78792647851838,0.8818583114771172
2169,4.1000000000000005,-5.8999999999999995,9,Hero,0.8750899505491058,0.9985268712043762
2170,3.6000000000000005,-6.3999999999999995,14,Hero,0.814068578183651,0.9874302106244224
2171,3.9000000000000004,-6.1,11,Hero,0.7893280684947968,0.9802891882983121
2172,-5.1,4.9,1,Villain,0.9881842136383057,0.9980347752571106
2173,4.2,-5.8,8,Hero,0.8447708114981651,0.9993880912661552
2174,4.4,-5.6,6,Hero,0.8481026490529379,0.9999386966228485
2175,4.800000000000001,-5.199999999999999,2,Hero,0.9688914716243744,0.9964970648288727
2176,3.7,-6.3,13,Hero,0.8572182609484746,0.9996189016562241
2177,4.6000000000000005,-5.3999999999999995,4,Hero,0.827313095331192,0.9999169558286667
2178,3.6000000000000005,-6.3999999999999995,14,Hero,0.7411733003599303,0.7883046860141414
2179,3.3,-6.7,17,Hero,0.6780498452922877,0.9688333623549518
2180,2.8,-7.2,22,Hero,0.7386005029759624,0.8317140850492499
2181,4.2,-5.8,8,Hero,0.8215405000373721,0.9990739524364471
2182,3.7,-6.3,13,Hero,0.9152856996426215,0.9996073337701651
2183,3.6000000000000005,-6.3999999999999995,14,Hero,0.5911153916801725,0.9798689016274044
2184,3.7,-6.3,13,Hero,0.8293932538766128,0.9995512366294861
2185,4.0,-6.0,10,Hero,0.8229739483445883,0.9930735766887665
2186,4.5,-5.5,5,Hero,0.8462021827697754,0.9727531790733337
2187,4.1000000000000005,-5.8999999999999995,9,Hero,0.8227697147263421,0.9864422612720065
2188,4.5,-5.5,5,Hero,0.8098236739635467,0.9969815135002136
2189,3.7,-6.3,13,Hero,0.8999755451312432,0.9996005938603327
2190,3.3,-6.7,17,Hero,0.6348895001060822,0.8637524799388998
2191,4.2,-5.8,8,Hero,0.8117522373795509,0.8667658418999054
2192,4.0,-6.0,10,Hero,0.8610306508839131,0.9993446707725525
2193,4.0,-6.0,10,Hero,0.7478072732686997,0.9894215166568756
2194,4.0,-6.0,10,Hero,0.8370658457279205,0.9786009967327118
2195,3.9000000000000004,-6.1,11,Hero,0.8781915415417064,0.9992215416648171
2196,4.2,-5.8,8,Hero,0.9852432906627655,0.9991601184010506
2197,4.9,-5.1,1,Hero,0.7363908886909485,0.9947298765182495
2198,4.4,-5.6,6,Hero,0.7125360518693924,0.9994610647360483
2199,3.8000000000000007,-6.199999999999999,12,Hero,0.8014225220928589,0.9598982930183411
2200,4.4,-5.6,6,Hero,0.661197821299235,0.992602656284968
2201,4.2,-5.8,8,Hero,0.6391275143250823,0.8094623470678926
2202,4.1000000000000005,-5.8999999999999995,9,Hero,0.9307111038102044,0.8804579488933086
2203,3.8000000000000007,-6.199999999999999,12,Hero,0.8109599774082502,0.9985940853754679
2204,-5.1,4.9,1,Villain,0.5867645740509033,0.0733170136809349
2205,4.1000000000000005,-5.8999999999999995,9,Hero,0.7719124439689848,0.9975240363015069
2206,4.4,-5.6,6,Hero,0.7482776194810867,0.9869958162307739
2207,4.5,-5.5,5,Hero,0.9265432000160218,0.9751296877861023
2208,3.8000000000000007,-6.199999999999999,12,Hero,0.7326074540615082,0.9403555492560068
2209,4.0,-6.0,10,Hero,0.888488256931305,0.9253776967525482
2210,4.0,-6.0,10,Hero,0.7749219626188278,0.9720698714256286
2211,4.5,-5.5,5,Hero,0.7119735777378082,0.982338297367096
2212,3.8000000000000007,-6.199999999999999,12,Hero,0.8363269964853922,0.6465508310745159
2213,4.2,-5.8,8,Hero,0.7223582649603486,0.7760224426165223
2214,3.9000000000000004,-6.1,11,Hero,0.7445081066001545,0.865866406397386
2215,4.300000000000001,-5.699999999999999,7,Hero,0.5800704743180957,0.7638767191341945
2216,4.4,-5.6,6,Hero,0.8303364813327789,0.7985131417711576
2217,3.5,-6.5,15,Hero,0.6635376955072085,0.7717780898014704
2218,3.4000000000000004,-6.6,16,Hero,0.7585265878587961,0.5552388442447409
2219,4.9,-5.1,1,Hero,0.45050129294395447,0.9349620938301086
2220,4.4,-5.6,6,Hero,0.7252981513738632,0.9115464091300964
2221,4.5,-5.5,5,Hero,0.692119014263153,0.9921232104301453
2222,4.5,-5.5,5,Hero,0.983969533443451,0.9101425290107727
2223,4.0,-6.0,10,Hero,0.8381824344396591,0.8638702576979995
2224,-5.3,4.7,3,Villain,0.9684757192929586,0.9989136060078939
2225,3.2,-6.8,18,Hero,0.6961547103193071,0.8734761873881022
2226,4.6000000000000005,-5.3999999999999995,4,Hero,0.7039506137371063,0.9574577361345291
2227,3.9000000000000004,-6.1,11,Hero,0.793920023874803,0.5574739697304639
2228,3.9000000000000004,-6.1,11,Hero,0.7278646257790652,0.7501580376516689
2229,3.7,-6.3,13,Hero,0.7729186621996073,0.7647297720496471
2230,4.300000000000001,-5.699999999999999,7,Hero,0.7878890378134591,0.8478312492370605
2231,3.4000000000000004,-6.6,16,Hero,0.664136191830039,0.5624274457804859
2232,3.6000000000000005,-6.3999999999999995,14,Hero,0.8541408010891506,0.6498213559389114
2233,3.9000000000000004,-6.1,11,Hero,0.7959010004997253,0.7866465697403658
2234,4.2,-5.8,8,Hero,0.6527594346553087,0.7668969091027975
2235,4.1000000000000005,-5.8999999999999995,9,Hero,0.8759560684363047,0.8480614572763443
2236,4.1000000000000005,-5.8999999999999995,9,Hero,0.7676127437088225,0.8607253432273865
2237,4.300000000000001,-5.699999999999999,7,Hero,0.6394492047173637,0.7828480473586491
2238,-5.199999999999999,4.800000000000001,2,Villain,0.992144763469696,0.9997006356716156
2239,3.8000000000000007,-6.199999999999999,12,Hero,0.723499688009421,0.8510458221038183
2240,3.6000000000000005,-6.3999999999999995,14,Hero,0.7242638383592878,0.8011226877570152
2241,4.5,-5.5,5,Hero,0.721133029460907,0.9978009223937988
2242,3.8000000000000007,-6.199999999999999,12,Hero,0.680187831322352,0.9957103580236435
2243,3.6000000000000005,-6.3999999999999995,14,Hero,0.6892730082784381,0.8895560862230403
2244,3.9000000000000004,-6.1,11,Hero,0.8373808291825381,0.9934754154898904
2245,4.6000000000000005,-5.3999999999999995,4,Hero,0.9932045340538025,0.9999738037586212
2246,4.7,-5.3,3,Hero,0.6614406084020933,0.9939993023872375
2247,4.300000000000001,-5.699999999999999,7,Hero,0.9285081880433219,0.99986846106393
2248,4.5,-5.5,5,Hero,0.7224397599697113,0.9998589754104614
2249,3.7,-6.3,13,Hero,0.6938474201239072,0.9950760786349957
2250,4.300000000000001,-5.699999999999999,7,Hero,0.8158827466624123,0.9965827890804836
2251,3.9000000000000004,-6.1,11,Hero,0.6671601913192056,0.8695914616638963
2252,4.5,-5.5,5,Hero,0.9758994340896606,0.998246169090271
2253,3.6000000000000005,-6.3999999999999995,14,Hero,0.7190280450241906,0.997502897466932
2254,3.7,-6.3,13,Hero,0.8582067948121291,0.9797117985211886
2255,3.8000000000000007,-6.199999999999999,12,Hero,0.8078023282190164,0.9849888483683268
2256,4.2,-5.8,8,Hero,0.7955299988389015,0.9958214983344078
2257,4.2,-5.8,8,Hero,0.7887639850378036,0.9989291802048683
2258,3.9000000000000004,-6.1,11,Hero,0.7154741463336077,0.9918999780308116
2259,4.2,-5.8,8,Hero,0.6991538424044847,0.9853747636079788
2260,4.9,-5.1,1,Hero,0.6090834736824036,0.9998873472213745
2261,3.8000000000000007,-6.199999999999999,12,Hero,0.8108299796779951,0.992341344555219
2262,4.300000000000001,-5.699999999999999,7,Hero,0.7821993614946093,0.9994766286441258
2263,4.2,-5.8,8,Hero,0.8404845371842384,0.9978109002113342
2264,3.8000000000000007,-6.199999999999999,12,Hero,0.8567614654699961,0.9640886435906092
2265,3.9000000000000004,-6.1,11,Hero,0.745804017240351,0.9953000328757546
2266,-5.3,4.7,3,Villain,0.9405547976493835,0.9996429085731506
2267,3.7,-6.3,13,Hero,0.6848830374387594,0.8531633661343501
2268,4.6000000000000005,-5.3999999999999995,4,Hero,0.7239117957651615,0.9736501723527908
2269,4.6000000000000005,-5.3999999999999995,4,Hero,0.96971794962883,0.9989540278911591
2270,4.0,-6.0,10,Hero,0.7791327558457851,0.9840744376182556
2271,4.7,-5.3,3,Hero,0.657115618387858,0.9803420106569926
2272,4.0,-6.0,10,Hero,0.7345822095870972,0.987395441532135
2273,4.0,-6.0,10,Hero,0.7079727813601494,0.9057384192943573
2274,4.4,-5.6,6,Hero,0.8834236164887747,0.9804786642392477
2275,4.300000000000001,-5.699999999999999,7,Hero,0.7221247766699109,0.7945705577731133
2276,3.6000000000000005,-6.3999999999999995,14,Hero,0.7279478620205607,0.8109321572950908
2277,3.4000000000000004,-6.6,16,Hero,0.6879477854818106,0.9084735959768295
2278,4.300000000000001,-5.699999999999999,7,Hero,0.6642079481056758,0.857663801738194
2279,4.0,-6.0,10,Hero,0.8902110397815705,0.9876008212566376
2280,3.6000000000000005,-6.3999999999999995,14,Hero,0.7252800528492246,0.6322762689420155
2281,3.5,-6.5,15,Hero,0.6360501502950986,0.6358483905593554
2282,4.9,-5.1,1,Hero,0.9690077304840088,0.9994083642959595
2283,3.9000000000000004,-6.1,11,Hero,0.6873960156332363,0.5737538669597019
2284,4.7,-5.3,3,Hero,0.7784653504689535,0.9921961029370626
2285,4.800000000000001,-5.199999999999999,2,Hero,0.7998706102371216,0.8796380162239075
2286,4.0,-6.0,10,Hero,0.8559646427631378,0.8281627893447876
2287,4.300000000000001,-5.699999999999999,7,Hero,0.8664632780211312,0.5919912393604007
2288,3.9000000000000004,-6.1,11,Hero,0.8450951251116666,0.8941853425719521
2289,4.300000000000001,-5.699999999999999,7,Hero,0.9302113737378802,0.46027211738484247
2290,3.7,-6.3,13,Hero,0.6523907367999737,0.5180400541195502
2291,4.4,-5.6,6,Hero,0.7783459375301996,0.5296580518285433
2292,4.9,-5.1,1,Hero,0.8669624328613281,0.7740150690078735
2293,4.0,-6.0,10,Hero,0.8535586059093475,0.6032163828611374
2294,4.7,-5.3,3,Hero,0.6428566376368204,0.8781726956367493
2295,4.1000000000000005,-5.8999999999999995,9,Hero,0.8857232398456998,0.7807476276324855
2296,3.9000000000000004,-6.1,11,Hero,0.6875906803391196,0.7720652347938581
2297,3.7,-6.3,13,Hero,0.6527470565186098,0.7420898750424385
2298,3.2,-6.8,18,Hero,0.579367458820343,0.776612475928333
2299,4.0,-6.0,10,Hero,0.8951370067894459,0.9964471459388733
2300,4.0,-6.0,10,Hero,0.7549847334623336,0.9847867727279663
2301,3.6000000000000005,-6.3999999999999995,14,Hero,0.6994798063699689,0.9734266400337219
2302,4.300000000000001,-5.699999999999999,7,Hero,0.7990604298455375,0.7528553594435964
2303,4.2,-5.8,8,Hero,0.8693888625130057,0.9929722175002098
2304,4.2,-5.8,8,Hero,0.9886336922645569,0.9986424893140793
2305,4.0,-6.0,10,Hero,0.7938999474048615,0.9576702058315277
2306,4.5,-5.5,5,Hero,0.8497444748878479,0.978529417514801
2307,4.2,-5.8,8,Hero,0.6934524420648813,0.915897361934185
2308,3.6000000000000005,-6.3999999999999995,14,Hero,0.7141044818397079,0.9909835968698774
2309,4.800000000000001,-5.199999999999999,2,Hero,0.534612849354744,0.9968958497047424
2310,3.2,-6.8,18,Hero,0.6181319836113188,0.8909329101443291
2311,4.1000000000000005,-5.8999999999999995,9,Hero,0.6640975574652354,0.9934018188052707
2312,4.5,-5.5,5,Hero,0.6460248976945877,0.9998929381370545
2313,4.5,-5.5,5,Hero,0.8235457301139831,0.9996424078941345
2314,-5.1,4.9,1,Villain,0.9648061990737915,0.9997380375862122
2315,4.6000000000000005,-5.3999999999999995,4,Hero,0.9848159104585648,0.9941779375076294
2316,4.300000000000001,-5.699999999999999,7,Hero,0.7800902362380709,0.9996387021882194
2317,3.0999999999999996,-6.9,19,Hero,0.5806771430530047,0.9810398158274198
2318,3.7,-6.3,13,Hero,0.7425527251683749,0.9971849689116845
2319,4.1000000000000005,-5.8999999999999995,9,Hero,0.8998771144284142,0.9903986056645712
2320,2.1999999999999993,-7.800000000000001,28,Hero,0.7069368681737355,0.9640109453882489
2321,3.4000000000000004,-6.6,16,Hero,0.6879367437213659,0.8111509559676051
2322,3.6000000000000005,-6.3999999999999995,14,Hero,0.6712890480245862,0.8313263403916997
2323,4.0,-6.0,10,Hero,0.6228951562196017,0.9974752306938172
2324,4.300000000000001,-5.699999999999999,7,Hero,0.8654220231941768,0.993049008505685
2325,4.9,-5.1,1,Hero,0.4925345182418823,0.9977704286575317
2326,4.300000000000001,-5.699999999999999,7,Hero,0.7958934136799404,0.9995610458510262
2327,4.1000000000000005,-5.8999999999999995,9,Hero,0.5894522666931152,0.995844132370419
2328,3.7,-6.3,13,Hero,0.7773305406937232,0.9823661859218891
2329,4.5,-5.5,5,Hero,0.7717387318611145,0.995724081993103
2330,4.4,-5.6,6,Hero,0.7379324833552042,0.9849484066168467
2331,3.9000000000000004,-6.1,11,Hero,0.8606959527189081,0.8683155463500456
2332,4.5,-5.5,5,Hero,0.5669012606143952,0.9990727543830872
2333,3.8000000000000007,-6.199999999999999,12,Hero,0.6990318124492964,0.947263260682424
2334,4.9,-5.1,1,Hero,0.8274872899055481,0.9998747110366821
2335,3.9000000000000004,-6.1,11,Hero,0.872039030898701,0.791388519785621
2336,4.300000000000001,-5.699999999999999,7,Hero,0.6637921099151883,0.8457995605921107
2337,4.2,-5.8,8,Hero,0.747832975408528,0.9983411282300949
2338,4.0,-6.0,10,Hero,0.8754140146076679,0.9984819293022156
2339,3.0999999999999996,-6.9,19,Hero,0.6318248894653822,0.85810875814212
2340,4.6000000000000005,-5.3999999999999995,4,Hero,0.9827822893857956,0.9958731383085251
2341,3.4000000000000004,-6.6,16,Hero,0.7058509709313512,0.8959812596440315
2342,4.4,-5.6,6,Hero,0.8307192555318276,0.9990120232105255
2343,4.4,-5.6,6,Hero,0.5952618916829427,0.9977252086003622
2344,4.2,-5.8,8,Hero,0.6738626062870026,0.996632419526577
2345,3.8000000000000007,-6.199999999999999,12,Hero,0.7515392253796259,0.702114894365271
2346,3.9000000000000004,-6.1,11,Hero,0.5284242128784006,0.9943141449581493
2347,4.2,-5.8,8,Hero,0.7752571254968643,0.9962312653660774
2348,4.9,-5.1,1,Hero,0.9304527044296265,0.9991901516914368
2349,3.9000000000000004,-6.1,11,Hero,0.666158099743453,0.8861823433544487
2350,4.300000000000001,-5.699999999999999,7,Hero,0.7295268901756832,0.9948078138487679
2351,4.4,-5.6,6,Hero,0.9515691796938578,0.8128936948875586
2352,4.300000000000001,-5.699999999999999,7,Hero,0.987910338810512,0.9988147275788444
2353,4.1000000000000005,-5.8999999999999995,9,Hero,0.9870451953676012,0.9995907876226637
2354,4.1000000000000005,-5.8999999999999995,9,Hero,0.6434077438380983,0.9349235826068454
2355,3.6000000000000005,-6.3999999999999995,14,Hero,0.7577945781605584,0.859944819339684
2356,4.7,-5.3,3,Hero,0.5202889144420624,0.9912945429484049
2357,2.9,-7.1,21,Hero,0.6263026197751363,0.7586760941582421
2358,4.300000000000001,-5.699999999999999,7,Hero,0.7138849369117192,0.9393799986158099
2359,4.6000000000000005,-5.3999999999999995,4,Hero,0.947567880153656,0.9994579404592514
2360,3.9000000000000004,-6.1,11,Hero,0.7761363278735768,0.8276241259141401
2361,4.5,-5.5,5,Hero,0.8621205925941468,0.9899115085601806
2362,4.0,-6.0,10,Hero,0.6856007531285286,0.9675883889198303
2363,4.4,-5.6,6,Hero,0.6848688324292501,0.9451239705085754
2364,4.5,-5.5,5,Hero,0.7913348555564881,0.9956085920333863
2365,3.0999999999999996,-6.9,19,Hero,0.5935650569827933,0.9087773216398138
2366,3.6000000000000005,-6.3999999999999995,14,Hero,0.6487310784203666,0.8173247048897403
2367,4.6000000000000005,-5.3999999999999995,4,Hero,0.6576122045516968,0.9992309063673019
2368,3.8000000000000007,-6.199999999999999,12,Hero,0.7250892619291941,0.9660361260175705
2369,4.1000000000000005,-5.8999999999999995,9,Hero,0.9918050236172147,0.9978272914886475
2370,4.1000000000000005,-5.8999999999999995,9,Hero,0.5746995690796111,0.7799885819355646
2371,3.9000000000000004,-6.1,11,Hero,0.8167817890644073,0.8087260445410555
2372,4.1000000000000005,-5.8999999999999995,9,Hero,0.8400101396772597,0.8986719051996866
2373,3.9000000000000004,-6.1,11,Hero,0.7608422257683494,0.5860929502682253
2374,4.300000000000001,-5.699999999999999,7,Hero,0.5951336004904338,0.9458856582641602
2375,4.4,-5.6,6,Hero,0.6768059631188711,0.907934695482254
2376,4.6000000000000005,-5.3999999999999995,4,Hero,0.6645060554146767,0.7199500203132629
2377,4.1000000000000005,-5.8999999999999995,9,Hero,0.7652678059207069,0.5969778994719187
2378,4.2,-5.8,8,Hero,0.9866027906537056,0.7505928911268711
2379,4.300000000000001,-5.699999999999999,7,Hero,0.9572287712778363,0.49016030452081133
2380,4.7,-5.3,3,Hero,0.943611721197764,0.6539010604222616
2381,4.5,-5.5,5,Hero,0.5949678719043732,0.5403022348880768
2382,3.8000000000000007,-6.199999999999999,12,Hero,0.672420876721541,0.7962431708971659
2383,4.300000000000001,-5.699999999999999,7,Hero,0.5982753400291715,0.5782414504459926
2384,4.0,-6.0,10,Hero,0.5889947548508644,0.7319538101553917
2385,4.1000000000000005,-5.8999999999999995,9,Hero,0.8507156901889377,0.9250427948104011
2386,4.800000000000001,-5.199999999999999,2,Hero,0.7999634146690369,0.9966787397861481
2387,3.0999999999999996,-6.9,19,Hero,0.5770119301190502,0.8785852970261323
2388,3.2,-6.8,18,Hero,0.6893487158748839,0.6563450696153773
2389,3.9000000000000004,-6.1,11,Hero,0.7768645462664691,0.8160942657427355
2390,4.7,-5.3,3,Hero,0.9685653845469157,0.94581405321757
2391,3.4000000000000004,-6.6,16,Hero,0.7201399765908718,0.791737649589777
2392,3.6000000000000005,-6.3999999999999995,14,Hero,0.7706605664321354,0.6660114622541836
2393,-5.1,4.9,1,Villain,0.9996970891952515,0.99996018409729
2394,4.6000000000000005,-5.3999999999999995,4,Hero,0.9338268935680389,0.6029108911752701
2395,3.9000000000000004,-6.1,11,Hero,0.8740065829320387,0.9677748409184542
2396,3.5,-6.5,15,Hero,0.73188290198644,0.8964810813466708
2397,4.0,-6.0,10,Hero,0.6276175856590271,0.8583443246781826
2398,3.8000000000000007,-6.199999999999999,12,Hero,0.8336962709824244,0.9262249022722244
2399,4.1000000000000005,-5.8999999999999995,9,Hero,0.9609606067339579,0.9958536492453681
2400,4.300000000000001,-5.699999999999999,7,Hero,0.9572569387299674,0.7161972182137626
2401,4.6000000000000005,-5.3999999999999995,4,Hero,0.7929392457008362,0.9884255677461624
2402,4.4,-5.6,6,Hero,0.6186760676403841,0.9907862345377604
2403,3.7,-6.3,13,Hero,0.760999226799378,0.8227731025992677
2404,4.800000000000001,-5.199999999999999,2,Hero,0.6619555354118347,0.9978842437267303
2405,3.6000000000000005,-6.3999999999999995,14,Hero,0.7286063602992466,0.9009507809366498
2406,3.4000000000000004,-6.6,16,Hero,0.749013583175838,0.8161077504046261
2407,3.9000000000000004,-6.1,11,Hero,0.7697375172918494,0.7685848853804849
2408,3.8000000000000007,-6.199999999999999,12,Hero,0.6745686940848827,0.9508908490339915
2409,4.300000000000001,-5.699999999999999,7,Hero,0.8443357263292585,0.9452336771147591
2410,4.0,-6.0,10,Hero,0.7297824889421463,0.7693534970283509
2411,4.300000000000001,-5.699999999999999,7,Hero,0.8479287496634892,0.8313323429652623
2412,3.9000000000000004,-6.1,11,Hero,0.7217569026080045,0.8908418346492742
2413,4.1000000000000005,-5.8999999999999995,9,Hero,0.83326412902938,0.7227023045221964
2414,4.6000000000000005,-5.3999999999999995,4,Hero,0.748506048694253,0.9983987659215927
2415,1.5999999999999988,-8.400000000000002,34,Hero,0.7905862721450189,0.8367638560833738
2416,4.5,-5.5,5,Hero,0.999534296989441,0.9989335179328919
2417,-1.6999999999999922,-11.699999999999992,67,Hero,0.8823338451225367,0.940723809955725
2418,4.9,-5.1,1,Hero,0.9941331744194031,0.9999871253967285
2419,3.6000000000000005,-6.3999999999999995,14,Hero,0.6155530852930886,0.9970195250851768
2420,4.2,-5.8,8,Hero,0.7281924746930599,0.9976183995604515
2421,3.4000000000000004,-6.6,16,Hero,0.787972204387188,0.8986986465752125
2422,3.9000000000000004,-6.1,11,Hero,0.8265280723571777,0.9976933977820657
2423,4.0,-6.0,10,Hero,0.632327476888895,0.9872288882732392
2424,4.1000000000000005,-5.8999999999999995,9,Hero,0.6612095865938399,0.9956830872429742
2425,4.0,-6.0,10,Hero,0.8200480625033378,0.9866733610630035
2426,4.2,-5.8,8,Hero,0.7577896993607283,0.9976024404168129
2427,4.1000000000000005,-5.8999999999999995,9,Hero,0.8283595823579364,0.9966358343760172
2428,4.2,-5.8,8,Hero,0.5831423215568066,0.9936686009168625
2429,3.6000000000000005,-6.3999999999999995,14,Hero,0.7341796601457256,0.8428629572902407
2430,3.6000000000000005,-6.3999999999999995,14,Hero,0.6499671153724194,0.9971149393490383
2431,4.1000000000000005,-5.8999999999999995,9,Hero,0.9779878854751587,0.999716215663486
2432,3.8000000000000007,-6.199999999999999,12,Hero,0.7005552848180135,0.9987504780292511
2433,4.9,-5.1,1,Hero,0.9200044274330139,0.9985949397087097
2434,4.1000000000000005,-5.8999999999999995,9,Hero,0.9913129475381639,0.955080098576016
2435,4.300000000000001,-5.699999999999999,7,Hero,0.689309128693172,0.9983599867139544
2436,3.7,-6.3,13,Hero,0.6702784437399644,0.9735531715246347
2437,-5.199999999999999,4.800000000000001,2,Villain,0.5560412108898163,0.994644969701767
2438,4.9,-5.1,1,Hero,0.13799092173576355,0.9999027252197266
2439,3.7,-6.3,13,Hero,0.7383453800128057,0.909885891355001
2440,3.0,-7.0,20,Hero,0.6554553069174289,0.8959511578083038
2441,3.4000000000000004,-6.6,16,Hero,0.6008629137650132,0.9893157444894314
2442,4.300000000000001,-5.699999999999999,7,Hero,0.8036536148616246,0.9999537127358573
2443,4.0,-6.0,10,Hero,0.912019145488739,0.9989724159240723
2444,4.300000000000001,-5.699999999999999,7,Hero,0.9074160371507917,0.9843258687428066
2445,4.300000000000001,-5.699999999999999,7,Hero,0.6323017137391227,0.9995226519448417
2446,3.4000000000000004,-6.6,16,Hero,0.626202424056828,0.949731819331646
2447,3.6000000000000005,-6.3999999999999995,14,Hero,0.6039854399859905,0.9046513470155852
2448,3.6000000000000005,-6.3999999999999995,14,Hero,0.7258528215544564,0.8773053660988808
2449,3.8000000000000007,-6.199999999999999,12,Hero,0.7935676301519076,0.9174108654260635
2450,4.0,-6.0,10,Hero,0.8886738061904907,0.8699674665927887
2451,3.7,-6.3,13,Hero,0.6867135419295385,0.9860743971971365
2452,4.2,-5.8,8,Hero,0.9580323025584221,0.8442474603652954
2453,3.6000000000000005,-6.3999999999999995,14,Hero,0.701178965823991,0.8517831968409675
2454,4.1000000000000005,-5.8999999999999995,9,Hero,0.7401789791054196,0.9928390516175164
2455,3.9000000000000004,-6.1,11,Hero,0.7216824216937477,0.9981653852896257
2456,4.1000000000000005,-5.8999999999999995,9,Hero,0.8078351451290978,0.8833959219045937
2457,3.2,-6.8,18,Hero,0.6434099583162202,0.9702614214685228
2458,3.9000000000000004,-6.1,11,Hero,0.7198243710127744,0.8954809195446697
2459,3.3,-6.7,17,Hero,0.7183753427337197,0.7758134493933004
2460,3.4000000000000004,-6.6,16,Hero,0.7001087851822376,0.8178948503918946
2461,4.5,-5.5,5,Hero,0.7476789973676204,0.9998803734779358
2462,4.1000000000000005,-5.8999999999999995,9,Hero,0.7606866359710693,0.9956721398565505
2463,4.6000000000000005,-5.3999999999999995,4,Hero,0.7899402007460594,0.9746020138263702
2464,3.2,-6.8,18,Hero,0.6495018158521917,0.8564600000778834
2465,3.6000000000000005,-6.3999999999999995,14,Hero,0.6980501274977412,0.9720240235328674
2466,3.5,-6.5,15,Hero,0.6871432503064473,0.9129138390223185
2467,4.6000000000000005,-5.3999999999999995,4,Hero,0.6435051113367081,0.9995062947273254
2468,4.6000000000000005,-5.3999999999999995,4,Hero,0.5331506580114365,0.9999814331531525
2469,4.4,-5.6,6,Hero,0.6943270663420359,0.9997838338216146
2470,3.3,-6.7,17,Hero,0.7491617974113015,0.8847051403101753
2471,4.300000000000001,-5.699999999999999,7,Hero,0.9020056469099862,0.9829976728984288
2472,4.4,-5.6,6,Hero,0.6003277748823166,0.9982301592826843
2473,3.9000000000000004,-6.1,11,Hero,0.7327816811474887,0.9712466705929149
2474,4.5,-5.5,5,Hero,0.6252062976360321,0.9999183535575866
2475,4.300000000000001,-5.699999999999999,7,Hero,0.6826938592961856,0.8537032819752183
2476,3.4000000000000004,-6.6,16,Hero,0.6421519592404366,0.7501588147424627
2477,4.2,-5.8,8,Hero,0.6995767429471016,0.9974564909934998
2478,3.9000000000000004,-6.1,11,Hero,0.7039217894727533,0.9325201944871382
2479,3.7,-6.3,13,Hero,0.5465877428650856,0.9860297028835003
2480,4.300000000000001,-5.699999999999999,7,Hero,0.8889961923871722,0.9940432395253863
2481,4.300000000000001,-5.699999999999999,7,Hero,0.988070411341531,0.9986868841307504
2482,4.4,-5.6,6,Hero,0.7976085164894661,0.9922151863574982
2483,4.1000000000000005,-5.8999999999999995,9,Hero,0.8087004787392087,0.8262347165081236
2484,3.2,-6.8,18,Hero,0.6939262112395631,0.7287736884318292
2485,4.4,-5.6,6,Hero,0.8412263145049413,0.9997937381267548
2486,4.0,-6.0,10,Hero,0.8151992917060852,0.9700160205364228
2487,3.0,-7.0,20,Hero,0.6733606785535813,0.7518145522568375
2488,3.9000000000000004,-6.1,11,Hero,0.7166757854548368,0.8180166726762598
2489,3.8000000000000007,-6.199999999999999,12,Hero,0.8278955096999804,0.9788363923629125
2490,3.9000000000000004,-6.1,11,Hero,0.6247054677117955,0.9974442232738842
2491,4.800000000000001,-5.199999999999999,2,Hero,0.9152926802635193,0.9999920129776001
2492,4.2,-5.8,8,Hero,0.7289100848138332,0.8358343834988773
2493,4.2,-5.8,8,Hero,0.7029401659965515,0.9935712888836861
2494,3.7,-6.3,13,Hero,0.6764336572243617,0.9034056088958795
2495,4.300000000000001,-5.699999999999999,7,Hero,0.9839657374790737,0.8723840117454529
2496,3.7,-6.3,13,Hero,0.6934433625294611,0.9599494750683124
2497,4.4,-5.6,6,Hero,0.8644871314366659,0.9976638853549957
2498,4.2,-5.8,8,Hero,0.8377945143729448,0.9901530519127846
2499,3.4000000000000004,-6.6,16,Hero,0.6780711552128196,0.8470524419099092
2500,4.2,-5.8,8,Hero,0.9007793739438057,0.9975242540240288
2501,4.6000000000000005,-5.3999999999999995,4,Hero,0.6734661012887955,0.998501792550087
2502,3.8000000000000007,-6.199999999999999,12,Hero,0.6999959324796995,0.8282507134911915
2503,3.2,-6.8,18,Hero,0.6489615324470732,0.7969808686110709
2504,4.0,-6.0,10,Hero,0.5880562230944634,0.9948798894882203
2505,4.2,-5.8,8,Hero,0.7313491329550743,0.9849332496523857
2506,4.5,-5.5,5,Hero,0.9914501309394836,0.996342933177948
2507,4.4,-5.6,6,Hero,0.8111440042654673,0.8915875057379404
2508,4.0,-6.0,10,Hero,0.6992914617061615,0.8872234255075455
2509,4.2,-5.8,8,Hero,0.7837949506938457,0.9759451448917389
2510,4.7,-5.3,3,Hero,0.6277572711308798,0.999912440776825
2511,4.2,-5.8,8,Hero,0.995390772819519,0.9975451752543449
2512,4.1000000000000005,-5.8999999999999995,9,Hero,0.6527282198270162,0.9968320859803094
2513,3.8000000000000007,-6.199999999999999,12,Hero,0.706003145625194,0.9953386584917704
2514,2.6999999999999997,-7.300000000000001,23,Hero,0.7014697660570559,0.8478501834299254
2515,3.9000000000000004,-6.1,11,Hero,0.7116725387221033,0.8318409073081884
2516,3.0,-7.0,20,Hero,0.6660733178257943,0.826976359821856
2517,4.4,-5.6,6,Hero,0.8993551035722097,0.9983595709005991
2518,4.5,-5.5,5,Hero,0.7314691126346589,0.9997799277305603
2519,4.300000000000001,-5.699999999999999,7,Hero,0.6877000459602901,0.9996594616344997
2520,4.6000000000000005,-5.3999999999999995,4,Hero,0.8570647835731506,0.9680936634540558
2521,3.8000000000000007,-6.199999999999999,12,Hero,0.5991301784912745,0.6893378049135208
2522,3.7,-6.3,13,Hero,0.6906847415062097,0.8837099785988147
2523,4.4,-5.6,6,Hero,0.757090429464976,0.6294506621779874
2524,4.7,-5.3,3,Hero,0.46261022984981537,0.9999850193659464
2525,4.5,-5.5,5,Hero,0.5410679697990417,0.9998643517494201
2526,4.2,-5.8,8,Hero,0.7963101528584957,0.7721142861992121
2527,3.8000000000000007,-6.199999999999999,12,Hero,0.6047398696343104,0.7393722608685493
2528,4.300000000000001,-5.699999999999999,7,Hero,0.8275967133896691,0.9990085959434509
2529,4.300000000000001,-5.699999999999999,7,Hero,0.734194985457829,0.7267807466643197
2530,4.2,-5.8,8,Hero,0.9610730335116386,0.9778731763362885
2531,-5.1,4.9,1,Villain,0.642769992351532,0.39184272289276123
2532,4.300000000000001,-5.699999999999999,7,Hero,0.7095988520554134,0.8923640676907131
2533,4.1000000000000005,-5.8999999999999995,9,Hero,0.8118960526254442,0.9337218933635287
2534,4.300000000000001,-5.699999999999999,7,Hero,0.8201409408024379,0.9618922812598092
2535,4.6000000000000005,-5.3999999999999995,4,Hero,0.5973314568400383,0.9601254761219025
2536,4.0,-6.0,10,Hero,0.7161064058542251,0.82401182949543
2537,4.2,-5.8,8,Hero,0.8167828768491745,0.9955755174160004
2538,4.9,-5.1,1,Hero,0.9710185527801514,0.9829024076461792
2539,4.9,-5.1,1,Hero,0.9870497584342957,0.9952483773231506
2540,3.8000000000000007,-6.199999999999999,12,Hero,0.6293120303501686,0.6620292837421099
2541,4.800000000000001,-5.199999999999999,2,Hero,0.7085833251476288,0.6552804708480835
2542,4.1000000000000005,-5.8999999999999995,9,Hero,0.6237036916944716,0.6995247511400117
2543,4.6000000000000005,-5.3999999999999995,4,Hero,0.7569880932569504,0.9940359443426132
2544,4.800000000000001,-5.199999999999999,2,Hero,0.9713197946548462,0.5781314373016357
2545,4.6000000000000005,-5.3999999999999995,4,Hero,0.7861971110105515,0.6876565366983414
2546,4.1000000000000005,-5.8999999999999995,9,Hero,0.6633464727136824,0.829941083987554
2547,3.4000000000000004,-6.6,16,Hero,0.6928680189885199,0.8425504034385085
2548,4.0,-6.0,10,Hero,0.7532265070825815,0.7663698494434357
2549,4.6000000000000005,-5.3999999999999995,4,Hero,0.6918588429689407,0.9759945869445801
2550,4.7,-5.3,3,Hero,0.8331264853477478,0.7694845100243887
2551,4.0,-6.0,10,Hero,0.7465976297855377,0.8053288936614991
2552,4.300000000000001,-5.699999999999999,7,Hero,0.7132931968995503,0.9883704866681781
2553,3.9000000000000004,-6.1,11,Hero,0.7738842720335181,0.8090736332603476
2554,4.9,-5.1,1,Hero,0.9216068983078003,0.9569073915481567
2555,4.9,-5.1,1,Hero,0.9054147601127625,0.9988512992858887
2556,3.8000000000000007,-6.199999999999999,12,Hero,0.796479957178235,0.7130863453106334
2557,3.3,-6.7,17,Hero,0.6316820339244955,0.818342816303758
2558,-5.3,4.7,3,Villain,0.9614215691884359,0.6427227854728699
2559,-5.1,4.9,1,Villain,0.05798569321632385,0.9536430835723877
2560,4.4,-5.6,6,Hero,0.8658319214979807,0.7544399003187815
2561,4.4,-5.6,6,Hero,0.978786567846934,0.7226671675841013
2562,4.6000000000000005,-5.3999999999999995,4,Hero,0.7459599077701569,0.8100550547242165
2563,4.2,-5.8,8,Hero,0.9082755520939827,0.7958922833204269
2564,4.1000000000000005,-5.8999999999999995,9,Hero,0.6940353512763977,0.5079432659678988
2565,4.2,-5.8,8,Hero,0.992603987455368,0.7123469077050686
2566,1.899999999999999,-8.100000000000001,31,Hero,0.6773275175402241,0.702602204175726
2567,3.2,-6.8,18,Hero,0.7094277375274234,0.7553908758693271
2568,3.4000000000000004,-6.6,16,Hero,0.6501456405967474,0.5898645729757845
2569,-6.1,3.9000000000000004,11,Villain,0.7359312854029916,0.6642079922285947
2570,4.300000000000001,-5.699999999999999,7,Hero,0.7012412037168231,0.814530393907002
2571,4.1000000000000005,-5.8999999999999995,9,Hero,0.8535557124349806,0.6365604235066308
2572,3.3,-6.7,17,Hero,0.7615694666610044,0.8751946126713472
2573,4.0,-6.0,10,Hero,0.6594706267118454,0.715125747025013
2574,3.9000000000000004,-6.1,11,Hero,0.7385991087014024,0.760194637558677
2575,4.2,-5.8,8,Hero,0.6905510909855366,0.7483471892774105
2576,3.4000000000000004,-6.6,16,Hero,0.7239159010350704,0.8586335396394134
2577,3.6000000000000005,-6.3999999999999995,14,Hero,0.7295037465436118,0.9806233261312757
2578,2.4999999999999996,-7.5,25,Hero,0.5623555248975753,0.9781695413589477
2579,3.6000000000000005,-6.3999999999999995,14,Hero,0.7048369241612298,0.9757589186940875
2580,4.4,-5.6,6,Hero,0.8227450090150038,0.7187287857135137
2581,4.300000000000001,-5.699999999999999,7,Hero,0.6625062567847115,0.9836090207099915
2582,4.4,-5.6,6,Hero,0.8386585389574369,0.9844103654225668
2583,4.0,-6.0,10,Hero,0.8296469271183013,0.9974917650222779
2584,0.6999999999999993,-9.3,43,Hero,0.8823202252388,0.9752674920614376
2585,3.7,-6.3,13,Hero,0.7248241947247431,0.9200042171690327
2586,2.6999999999999997,-7.300000000000001,23,Hero,0.6308924199446387,0.9946363697881284
2587,-5.199999999999999,4.800000000000001,2,Villain,0.9743897914886475,0.9900352954864502
2588,-5.8999999999999995,4.1000000000000005,9,Villain,0.8752198153071933,0.9999943044450548
2589,3.7,-6.3,13,Hero,0.7138576897291037,0.761724905254176
2590,2.1999999999999993,-7.800000000000001,28,Hero,0.4350639907643199,0.9612592347631497
2591,4.300000000000001,-5.699999999999999,7,Hero,0.5152694157191685,0.904405585357121
2592,1.799999999999999,-8.200000000000001,32,Hero,0.7437917292118073,0.7246030826354399
2593,4.0,-6.0,10,Hero,0.7138392776250839,0.994131225347519
2594,4.300000000000001,-5.699999999999999,7,Hero,0.7367030595030103,0.9998516099793571
2595,3.6000000000000005,-6.3999999999999995,14,Hero,0.5714241404618535,0.8987974732049874
2596,3.7,-6.3,13,Hero,0.7855523870541499,0.9848536573923551
2597,-6.0,4.0,10,Villain,0.7333071291446686,0.7235972136259079
2598,4.800000000000001,-5.199999999999999,2,Hero,0.5980405509471893,0.8611818850040436
2599,-7.5,2.4999999999999996,25,Villain,0.6545977625250816,0.9579359650611877
2600,3.5,-6.5,15,Hero,0.6487837255001068,0.8827245533466339
2601,4.0,-6.0,10,Hero,0.6658034652471543,0.9874626636505127
2602,4.300000000000001,-5.699999999999999,7,Hero,0.7386056057044438,0.9988670604569572
2603,3.9000000000000004,-6.1,11,Hero,0.5718328234824267,0.9961435957388445
2604,3.3,-6.7,17,Hero,0.6283478649223552,0.9217443764209747
2605,4.2,-5.8,8,Hero,0.8519676141440868,0.9789739474654198
2606,2.9,-7.1,21,Hero,0.5143978278196993,0.9927209104810443
2607,-6.3999999999999995,3.6000000000000005,14,Villain,0.7763458022049495,0.9701317421027592
2608,4.5,-5.5,5,Hero,0.613995435833931,0.9935853362083436
2609,4.1000000000000005,-5.8999999999999995,9,Hero,0.9082368115584055,0.9999576409657797
2610,3.9000000000000004,-6.1,11,Hero,0.8463370962576433,0.9607875455509532
2611,4.7,-5.3,3,Hero,0.7712336977322897,0.9999528725941976
2612,4.7,-5.3,3,Hero,0.9600506822268168,0.9733908176422119
2613,4.2,-5.8,8,Hero,0.8495853245258331,0.9999526217579842
2614,3.0999999999999996,-6.9,19,Hero,0.8324127895267386,0.9517068415880203
2615,4.2,-5.8,8,Hero,0.7969538010656834,0.8934512250125408
2616,4.2,-5.8,8,Hero,0.9838507249951363,0.87823686003685
2617,-6.3999999999999995,3.6000000000000005,14,Villain,0.5790792841996465,0.7279093161757503
2618,4.1000000000000005,-5.8999999999999995,9,Hero,0.8296702901522318,0.999964972337087
2619,4.300000000000001,-5.699999999999999,7,Hero,0.8640716331345695,0.9992681230817523
2620,-5.8999999999999995,4.1000000000000005,9,Villain,0.7029290985729959,0.9999998013178507
2621,3.4000000000000004,-6.6,16,Hero,0.7175605045631528,0.9892268925905228
2622,4.2,-5.8,8,Hero,0.7168527245521545,0.999941423535347
2623,4.2,-5.8,8,Hero,0.604618919081986,0.9933090284466743
2624,4.4,-5.6,6,Hero,0.7001332640647888,0.9997761646906534
2625,4.4,-5.6,6,Hero,0.6389710704485575,0.9965209066867828
2626,3.9000000000000004,-6.1,11,Hero,0.7996135462414135,0.981870710849762
2627,-7.5,2.4999999999999996,25,Villain,0.6731979736685753,0.992851152420044
2628,4.2,-5.8,8,Hero,0.7960503958165646,0.9991878792643547
2629,4.1000000000000005,-5.8999999999999995,9,Hero,0.6519370724757513,0.9993597335285611
2630,4.1000000000000005,-5.8999999999999995,9,Hero,0.8886836171150208,0.9982608225610521
2631,4.300000000000001,-5.699999999999999,7,Hero,0.7631200381687709,0.9994133114814758
2632,-6.199999999999999,3.8000000000000007,12,Villain,0.6056889174506068,0.9104297328740358
2633,3.9000000000000004,-6.1,11,Hero,0.8101915263316848,0.9993526339530945
2634,-7.0,3.0,20,Villain,0.7680860938504338,0.851822854578495
2635,4.5,-5.5,5,Hero,0.7230216205120087,0.9999774932861328
2636,-5.199999999999999,4.800000000000001,2,Villain,0.9310422241687775,0.9999992847442627
2637,3.9000000000000004,-6.1,11,Hero,0.6624926355752078,0.9889330484650352
2638,3.6000000000000005,-6.3999999999999995,14,Hero,0.5479849736605372,0.9167777597821052
2639,4.9,-5.1,1,Hero,0.9571178555488586,0.9999996423721313
2640,3.8000000000000007,-6.199999999999999,12,Hero,0.7710448776682218,0.9990646094083786
2641,3.0,-7.0,20,Hero,0.5457356542348861,0.9692738473415374
2642,4.5,-5.5,5,Hero,0.9536776304244995,0.9996778488159179
2643,4.1000000000000005,-5.8999999999999995,9,Hero,0.8656331400076548,0.8884204380576395
2644,4.0,-6.0,10,Hero,0.7393043726682663,0.9938776969909668
2645,4.2,-5.8,8,Hero,0.641716655343771,0.9990874081850052
2646,2.8,-7.2,22,Hero,0.6693795668807897,0.993660263039849
2647,-8.8,1.1999999999999984,38,Villain,0.861812500381156,0.9050816470070889
2648,3.9000000000000004,-6.1,11,Hero,0.7623268582604148,0.9950765046206388
2649,3.6000000000000005,-6.3999999999999995,14,Hero,0.6827850309865815,0.9982664372239795
2650,3.8000000000000007,-6.199999999999999,12,Hero,0.6255297039945921,0.904733947943896
2651,-10.999999999999995,-0.9999999999999947,60,Villain,0.9443333941822251,0.9993529140949249
2652,-5.1,4.9,1,Villain,0.3628164529800415,0.9990677237510681
2653,4.5,-5.5,5,Hero,0.7843207478523254,0.9977872729301452
2654,-5.5,4.5,5,Villain,0.5422445878386497,0.6695285961031914
2655,1.799999999999999,-8.200000000000001,32,Hero,0.7383201173506677,0.8981333211995661
2656,-9.99999999999998,-9.99999999999998,100,None,0.9756607699394226,0.9858212115103379
2657,4.300000000000001,-5.699999999999999,7,Hero,0.9996664694377354,0.9996440836361477
2658,2.3999999999999995,-7.6000000000000005,26,Hero,0.7715136867303115,0.9993157914051642
2659,-7.300000000000001,2.6999999999999997,23,Villain,0.8429255479055903,0.5550118652374848
2660,3.8000000000000007,-6.199999999999999,12,Hero,0.8712882523735365,0.9882644812266032
2661,1.1999999999999984,-8.8,38,Hero,0.7154429654933905,0.9357120196678137
2662,-9.99999999999998,-9.99999999999998,100,None,0.9821057566651143,0.9962487810850144
2663,3.9000000000000004,-6.1,11,Hero,0.6965913803062656,0.9849429293112322
2664,-7.2,2.8,22,Villain,0.923281687904488,0.7911764887923544
2665,4.2,-5.8,8,Hero,0.640986293554306,0.9998535364866257
2666,3.0999999999999996,-6.9,19,Hero,0.6502477146292988,0.9885908773070887
2667,3.3,-6.7,17,Hero,0.628601124181467,0.9780864925945506
2668,-5.5,4.5,5,Villain,0.9764495849609375,0.9975866079330444
2669,3.9000000000000004,-6.1,11,Hero,0.6509868610988964,0.9936973344195973
2670,3.9000000000000004,-6.1,11,Hero,0.6525988362052224,0.9953764893791892
2671,3.6000000000000005,-6.3999999999999995,14,Hero,0.7060198986104557,0.8769570772669145
2672,1.799999999999999,-8.200000000000001,32,Hero,0.6727312931325287,0.6861978619126603
2673,4.1000000000000005,-5.8999999999999995,9,Hero,0.6660559922456741,0.9945992562505934
2674,-9.99999999999998,-9.99999999999998,100,None,0.9807871879963205,0.9738338403357193
2675,-9.99999999999998,-9.99999999999998,100,None,0.9605385057348758,0.9958892428874969
2676,3.4000000000000004,-6.6,16,Hero,0.5956800179556012,0.9938704408705235
2677,4.0,-6.0,10,Hero,0.6817741572856904,0.8835069475695491
2678,2.8,-7.2,22,Hero,0.703419603407383,0.8292985209687189
2679,3.8000000000000007,-6.199999999999999,12,Hero,0.6181138451987257,0.8687931547562281
2680,4.1000000000000005,-5.8999999999999995,9,Hero,0.7219142810338073,0.8797425760163201
2681,4.0,-6.0,10,Hero,0.7207194447517395,0.9918465971946716
2682,4.5,-5.5,5,Hero,0.6720839262008667,0.9957285284996032
2683,1.4999999999999987,-8.500000000000002,35,Hero,0.6655313432748828,0.8833910533360072
2684,4.4,-5.6,6,Hero,0.8557186524073283,0.9999150633811951
2685,4.300000000000001,-5.699999999999999,7,Hero,0.6722611657210759,0.9979128156389508
2686,4.0,-6.0,10,Hero,0.5672640614211559,0.9549052298069001
2687,4.0,-6.0,10,Hero,0.7727499515749514,0.9075495064258575
2688,1.2999999999999985,-8.700000000000001,37,Hero,0.7181695670996969,0.7333227613487759
2689,1.3999999999999986,-8.600000000000001,36,Hero,0.6989735612231824,0.7417194840187827
2690,-5.3,4.7,3,Villain,0.4282083908716838,0.7329556941986084
2691,-9.99999999999998,-9.99999999999998,100,None,0.9676696537900716,0.9988609367609024
2692,3.8000000000000007,-6.199999999999999,12,Hero,0.7660838266213735,0.9968764781951904
2693,4.300000000000001,-5.699999999999999,7,Hero,0.9784880961690631,0.88802456004279
2694,4.2,-5.8,8,Hero,0.9524148628115654,0.874878342350712
2695,4.6000000000000005,-5.3999999999999995,4,Hero,0.998542845249176,0.9998207688331604
2696,4.800000000000001,-5.199999999999999,2,Hero,0.9947892725467682,0.996033638715744
2697,2.1999999999999993,-7.800000000000001,28,Hero,0.6848602978446122,0.8987985764231
2698,4.1000000000000005,-5.8999999999999995,9,Hero,0.6175241867701212,0.9959494670232137
2699,4.2,-5.8,8,Hero,0.6259194258600473,0.9898559972643852
2700,3.3,-6.7,17,Hero,0.6905282556134111,0.9955623009625603
2701,3.9000000000000004,-6.1,11,Hero,0.649141709912907,0.9989974227818575
2702,4.4,-5.6,6,Hero,0.6683379858732224,0.9999567369620005
2703,-5.3,4.7,3,Villain,0.5137435421347618,0.6059366961320242
2704,4.2,-5.8,8,Hero,0.9166076667606831,0.9995675683021545
2705,4.9,-5.1,1,Hero,0.9990448355674744,0.9999954700469971
2706,3.0,-7.0,20,Hero,0.5971605502068996,0.9181933298707008
2707,4.1000000000000005,-5.8999999999999995,9,Hero,0.5788092331753837,0.996148685614268
2708,-5.3,4.7,3,Villain,0.21093101302782694,0.6719834506511688
2709,3.0999999999999996,-6.9,19,Hero,0.6434751952949324,0.9286307964081827
2710,2.6999999999999997,-7.300000000000001,23,Hero,0.620713468964981,0.7289522955113131
2711,3.9000000000000004,-6.1,11,Hero,0.7993101125413721,0.9789912483908914
2712,3.8000000000000007,-6.199999999999999,12,Hero,0.6746977070967356,0.9904907097419103
2713,2.2999999999999994,-7.700000000000001,27,Hero,0.6957000471927501,0.7416856437921524
2714,3.7,-6.3,13,Hero,0.7531797897357208,0.9869327591015742
2715,4.0,-6.0,10,Hero,0.8750155866146088,0.8978818414965645
2716,4.7,-5.3,3,Hero,0.6759241422017416,0.8438459436098734
2717,4.5,-5.5,5,Hero,0.8368556022644043,0.9765901923179626
2718,3.9000000000000004,-6.1,11,Hero,0.8352545018053867,0.9917843450199474
2719,-6.199999999999999,3.8000000000000007,12,Villain,0.898824580013752,0.747807780901591
2720,4.2,-5.8,8,Hero,0.7121864687651396,0.9751456305384636
2721,4.1000000000000005,-5.8999999999999995,9,Hero,0.9658933546808031,0.9233729773097568
2722,4.7,-5.3,3,Hero,0.6618892351786295,0.8977949023246765
2723,4.300000000000001,-5.699999999999999,7,Hero,0.713396029812949,0.5884440903152738
2724,1.6999999999999988,-8.3,33,Hero,0.6825316936680765,0.7795832274538098
2725,4.0,-6.0,10,Hero,0.5995843023061752,0.7540034398436546
2726,4.1000000000000005,-5.8999999999999995,9,Hero,0.9910878936449686,0.9753130276997884
2727,2.6999999999999997,-7.300000000000001,23,Hero,0.7332630999710249,0.8708630502223969
2728,3.9000000000000004,-6.1,11,Hero,0.769890002228997,0.7777047753334045
2729,3.5,-6.5,15,Hero,0.7953088839848836,0.8372110029061636
2730,-5.3,4.7,3,Villain,0.4610484838485718,0.9994409084320068
2731,-6.3,3.7,13,Villain,0.5920976063666435,0.7060459784876841
2732,4.5,-5.5,5,Hero,0.6508781373500824,0.808347012102604
2733,3.4000000000000004,-6.6,16,Hero,0.6756714889779687,0.7738365735858679
2734,2.5999999999999996,-7.4,24,Hero,0.6737674009054899,0.768911330330108
2735,3.7,-6.3,13,Hero,0.681039408995555,0.9894327750572791
2736,2.3999999999999995,-7.6000000000000005,26,Hero,0.7074246729294268,0.8895468986951388
2737,3.4000000000000004,-6.6,16,Hero,0.6847019530832767,0.7654835630673915
2738,3.0,-7.0,20,Hero,0.6556848436594009,0.9819035291671753
2739,3.6000000000000005,-6.3999999999999995,14,Hero,0.7210645366992269,0.974352879183633
2740,4.800000000000001,-5.199999999999999,2,Hero,0.6496830731630325,0.9979141056537628
2741,3.4000000000000004,-6.6,16,Hero,0.7646301370114088,0.8260650704905856
2742,3.9000000000000004,-6.1,11,Hero,0.7318260154940865,0.8128770088607614
2743,4.1000000000000005,-5.8999999999999995,9,Hero,0.8562285502751669,0.9590881798002455
2744,3.5,-6.5,15,Hero,0.8091039910912514,0.909219714999199
2745,4.0,-6.0,10,Hero,0.7054171591997147,0.7591357111930848
2746,4.1000000000000005,-5.8999999999999995,9,Hero,0.6871536639001634,0.9374154210090637
2747,3.9000000000000004,-6.1,11,Hero,0.7861995344812219,0.7402423836968162
2748,4.2,-5.8,8,Hero,0.7907334640622139,0.9990866407752037
2749,3.2,-6.8,18,Hero,0.6317287749714322,0.7225746040542921
2750,3.6000000000000005,-6.3999999999999995,14,Hero,0.7257289673600879,0.9941930004528591
2751,4.0,-6.0,10,Hero,0.6391359478235245,0.7663841210305691
2752,4.0,-6.0,10,Hero,0.5528122901916503,0.902300214767456
2753,4.300000000000001,-5.699999999999999,7,Hero,0.7626570974077497,0.6439848159040723
2754,4.1000000000000005,-5.8999999999999995,9,Hero,0.7149024042818282,0.6882384088304307
2755,3.9000000000000004,-6.1,11,Hero,0.75205128707669,0.9984730048613115
2756,2.9,-7.1,21,Hero,0.5890451761938277,0.8371766207994715
2757,4.4,-5.6,6,Hero,0.8402416557073593,0.7553900095323721
2758,3.7,-6.3,13,Hero,0.8153990896848532,0.7299706832720683
2759,3.8000000000000007,-6.199999999999999,12,Hero,0.8241386314233144,0.9441568901141485
2760,3.7,-6.3,13,Hero,0.916147822370896,0.834771032516773
2761,3.7,-6.3,13,Hero,0.7985657247213217,0.8939556341904861
2762,2.6999999999999997,-7.300000000000001,23,Hero,0.7321895128116012,0.8294242724128391
2763,4.1000000000000005,-5.8999999999999995,9,Hero,0.790014334850841,0.7497994129856428
2764,4.5,-5.5,5,Hero,0.7493565917015076,0.9891673803329468
2765,4.1000000000000005,-5.8999999999999995,9,Hero,0.7703408863809373,0.9456265899870131
2766,4.4,-5.6,6,Hero,0.7416159808635712,0.9998667041460673
2767,4.7,-5.3,3,Hero,0.9974976976712545,0.9999842246373495
2768,4.0,-6.0,10,Hero,0.8578592598438263,0.8155651018023491
2769,4.6000000000000005,-5.3999999999999995,4,Hero,0.9748493432998657,0.9753226935863495
2770,3.5,-6.5,15,Hero,0.8092732866605122,0.9452618479728698
2771,4.2,-5.8,8,Hero,0.7508504949510098,0.8512095483019948
2772,4.5,-5.5,5,Hero,0.8025469779968262,0.9932150721549988
2773,4.5,-5.5,5,Hero,0.7689357161521911,0.997461199760437
2774,4.4,-5.6,6,Hero,0.96527166167895,0.8940284351507822
2775,3.9000000000000004,-6.1,11,Hero,0.6542074209587141,0.9077752812511541
2776,4.5,-5.5,5,Hero,0.9974053025245666,0.9949138998985291
2777,3.2,-6.8,18,Hero,0.6803835613860024,0.9180358081228204
2778,4.9,-5.1,1,Hero,0.7945917248725891,0.9975132942199707
2779,4.1000000000000005,-5.8999999999999995,9,Hero,0.9255304005410936,0.916775749789344
2780,3.8000000000000007,-6.199999999999999,12,Hero,0.7652424226204554,0.8919720371098568
2781,3.9000000000000004,-6.1,11,Hero,0.6184306767853823,0.9181289645758542
2782,3.7,-6.3,13,Hero,0.7159818640122046,0.9852420733525202
2783,4.7,-5.3,3,Hero,0.6583587527275085,0.9999856948852539
2784,3.8000000000000007,-6.199999999999999,12,Hero,0.7766234371811152,0.9851218114296595
2785,4.0,-6.0,10,Hero,0.7723592150956392,0.9980273902416229
2786,3.2,-6.8,18,Hero,0.7129547918836275,0.8434971910383966
2787,4.9,-5.1,1,Hero,0.908978283405304,0.9997335076332092
2788,4.9,-5.1,1,Hero,0.8087003231048584,0.9964141845703125
2789,4.2,-5.8,8,Hero,0.8619580082595348,0.9962412267923355
2790,4.5,-5.5,5,Hero,0.6491466462612152,0.993294894695282
2791,4.5,-5.5,5,Hero,0.9379417061805725,0.9993609547615051
2792,3.9000000000000004,-6.1,11,Hero,0.7363153154199774,0.9976902278986844
2793,4.1000000000000005,-5.8999999999999995,9,Hero,0.8948444094922807,0.8387151658535004
2794,3.9000000000000004,-6.1,11,Hero,0.8686215877532959,0.8429997617548163
2795,4.0,-6.0,10,Hero,0.896597683429718,0.9367451012134552
2796,2.4999999999999996,-7.5,25,Hero,0.6274123734980822,0.8424704217910767
2797,3.3,-6.7,17,Hero,0.6756222388323616,0.8596912423039184
2798,4.5,-5.5,5,Hero,0.6443803250789643,0.9997856616973877
2799,4.4,-5.6,6,Hero,0.9300228357315063,0.9997783601284027
2800,4.1000000000000005,-5.8999999999999995,9,Hero,0.8066083238356643,0.938431978225708
2801,4.9,-5.1,1,Hero,0.2751721441745758,0.9985124468803406
2802,4.1000000000000005,-5.8999999999999995,9,Hero,0.7016223404142592,0.7148646836479505
2803,2.1999999999999993,-7.800000000000001,28,Hero,0.7151063643395901,0.8359644248017243
2804,4.0,-6.0,10,Hero,0.8472985029220581,0.9985679388046265
2805,4.4,-5.6,6,Hero,0.7384239037831625,0.9811249375343323
2806,3.0999999999999996,-6.9,19,Hero,0.7563848087662145,0.8303755584516024
2807,2.8,-7.2,22,Hero,0.6552685605870052,0.8423083018172871
2808,4.300000000000001,-5.699999999999999,7,Hero,0.7737110470022474,0.9100598096847534
2809,4.1000000000000005,-5.8999999999999995,9,Hero,0.6511626309818692,0.988715284400516
2810,4.300000000000001,-5.699999999999999,7,Hero,0.8647966470037188,0.7588082509381431
2811,4.4,-5.6,6,Hero,0.9391609927018484,0.9996895591417948
2812,3.9000000000000004,-6.1,11,Hero,0.6219018264250322,0.9045749631795016
2813,3.9000000000000004,-6.1,11,Hero,0.8368015343492682,0.8115918473763899
2814,3.7,-6.3,13,Hero,0.7404028177261353,0.9708485832581153
2815,1.799999999999999,-8.200000000000001,32,Hero,0.6882392299594358,0.7568609098962042
2816,4.5,-5.5,5,Hero,0.8766781449317932,0.9380516767501831
2817,4.800000000000001,-5.199999999999999,2,Hero,0.9702832698822021,0.9181788861751556
2818,4.1000000000000005,-5.8999999999999995,9,Hero,0.7479153937763638,0.9962291982438829
2819,4.4,-5.6,6,Hero,0.8202139139175415,0.9999954104423523
2820,3.8000000000000007,-6.199999999999999,12,Hero,0.6431779650350412,0.8095924401034912
2821,4.5,-5.5,5,Hero,0.8276168793439865,0.9986778259277344
2822,4.0,-6.0,10,Hero,0.8275133755058051,0.8145498961210251
2823,4.1000000000000005,-5.8999999999999995,9,Hero,0.8619012600845761,0.9060465428564284
2824,4.1000000000000005,-5.8999999999999995,9,Hero,0.9914425743950738,0.8709974487622579
2825,4.9,-5.1,1,Hero,0.5981414318084717,0.9999908208847046
2826,2.4999999999999996,-7.5,25,Hero,0.6711593246459961,0.7658031111955643
2827,4.7,-5.3,3,Hero,0.9863180716832479,0.5788236409425735
2828,3.5,-6.5,15,Hero,0.749211631792908,0.9117726405461629
2829,3.8000000000000007,-6.199999999999999,12,Hero,0.8897971858580908,0.92401422560215
2830,-5.1,4.9,1,Villain,0.9999934434890747,0.8296133279800415
2831,4.6000000000000005,-5.3999999999999995,4,Hero,0.6716298945248127,0.998898833990097
2832,3.7,-6.3,13,Hero,0.7381006651199781,0.9967460724023672
2833,4.2,-5.8,8,Hero,0.94233837723732,0.9270293861627579
2834,3.5,-6.5,15,Hero,0.735153063138326,0.9994766553243001
2835,4.5,-5.5,5,Hero,0.7895475506782532,0.9999943971633911
2836,4.2,-5.8,8,Hero,0.7988475896418095,0.9545568972826004
2837,4.5,-5.5,5,Hero,0.9772608280181885,0.6513657063245774
2838,4.6000000000000005,-5.3999999999999995,4,Hero,0.8253095299005508,0.9390643537044525
2839,4.2,-5.8,8,Hero,0.8539396449923515,0.9992598667740822
2840,3.7,-6.3,13,Hero,0.6860832205185523,0.7996299220965459
2841,4.0,-6.0,10,Hero,0.8944099009037018,0.9996769547462463
2842,4.1000000000000005,-5.8999999999999995,9,Hero,0.9975104067060683,0.9825365940729777
2843,3.7,-6.3,13,Hero,0.8719483613967896,0.9978289191539471
2844,3.7,-6.3,13,Hero,0.7578420822436993,0.9868968725204468
2845,4.1000000000000005,-5.8999999999999995,9,Hero,0.9100242919392056,0.8841898673110538
2846,3.8000000000000007,-6.199999999999999,12,Hero,0.6814134052644173,0.9995086342096329
2847,4.2,-5.8,8,Hero,0.9984510466456413,0.8717535063624382
2848,4.2,-5.8,8,Hero,0.8449590988457203,0.7357254229718819
2849,3.7,-6.3,13,Hero,0.7537743489329631,0.860921554840528
2850,4.7,-5.3,3,Hero,0.46477388838926953,0.9999515215555826
2851,3.6000000000000005,-6.3999999999999995,14,Hero,0.6858354860118457,0.6721230287637029
2852,4.1000000000000005,-5.8999999999999995,9,Hero,0.8233208292060428,0.9975854092174106
2853,4.2,-5.8,8,Hero,0.9967512339353561,0.6638741306960583
2854,4.300000000000001,-5.699999999999999,7,Hero,0.721362999507359,0.9992499436650958
2855,4.5,-5.5,5,Hero,0.7915653884410858,0.9993947148323059
2856,4.6000000000000005,-5.3999999999999995,4,Hero,0.8915843367576599,0.9684080928564072
2857,4.2,-5.8,8,Hero,0.7218156903982162,0.7282288260757923
2858,4.9,-5.1,1,Hero,0.6675176620483398,0.9994456171989441
2859,3.9000000000000004,-6.1,11,Hero,0.7800324234095487,0.9957028681581671
2860,2.8,-7.2,22,Hero,0.6038984432816505,0.694313259287314
2861,4.5,-5.5,5,Hero,0.7728591799736023,0.9941124081611633
2862,4.4,-5.6,6,Hero,0.6775420606136322,0.6362190408011278
2863,4.5,-5.5,5,Hero,0.9915959239006042,0.9377285718917847
2864,4.6000000000000005,-5.3999999999999995,4,Hero,0.9928088188171387,0.8990036994218826
2865,3.4000000000000004,-6.6,16,Hero,0.6542491568252444,0.747899473644793
2866,3.4000000000000004,-6.6,16,Hero,0.6823871862143278,0.9110517203807831
2867,4.0,-6.0,10,Hero,0.7914088074117899,0.789148473739624
2868,4.6000000000000005,-5.3999999999999995,4,Hero,0.8477559089660645,0.994309201836586
2869,3.0999999999999996,-6.9,19,Hero,0.6545327697929583,0.7930337429830903
2870,4.0,-6.0,10,Hero,0.6896622031927109,0.6758205518126488
2871,4.4,-5.6,6,Hero,0.89752925435702,0.9996318519115448
2872,4.6000000000000005,-5.3999999999999995,4,Hero,0.9889234453439713,0.9890446215867996
2873,3.7,-6.3,13,Hero,0.8161930616658467,0.9328419864177704
2874,3.0,-7.0,20,Hero,0.7540487915277481,0.8914201781153679
2875,4.7,-5.3,3,Hero,0.9563312331835429,0.999985138575236
2876,4.2,-5.8,8,Hero,0.8950001038610935,0.9027559831738472
2877,4.7,-5.3,3,Hero,0.8675175706545512,0.9141853849093119
2878,4.1000000000000005,-5.8999999999999995,9,Hero,0.6826161291036341,0.992789606253306
2879,3.4000000000000004,-6.6,16,Hero,0.6444953610189259,0.8524626102298498
2880,4.0,-6.0,10,Hero,0.931267386674881,0.9140815436840057
2881,3.6000000000000005,-6.3999999999999995,14,Hero,0.6726731945361409,0.719646990498794
2882,2.9,-7.1,21,Hero,0.6428458101692653,0.8880340265376228
2883,3.4000000000000004,-6.6,16,Hero,0.6159773720428348,0.8461086936295033
2884,4.6000000000000005,-5.3999999999999995,4,Hero,0.9838536530733109,0.9929869025945663
2885,3.7,-6.3,13,Hero,0.7675354136870458,0.9976014265647302
2886,4.1000000000000005,-5.8999999999999995,9,Hero,0.986663924323188,0.860358347495397
2887,4.2,-5.8,8,Hero,0.9023292884230614,0.9945034310221672
2888,3.6000000000000005,-6.3999999999999995,14,Hero,0.7539944361363139,0.9845865453992572
2889,3.5,-6.5,15,Hero,0.7209659079710643,0.9085273226102193
2890,4.300000000000001,-5.699999999999999,7,Hero,0.9945784722055707,0.9998782191957746
2891,4.1000000000000005,-5.8999999999999995,9,Hero,0.7642960051695505,0.993605739540524
2892,3.6000000000000005,-6.3999999999999995,14,Hero,0.7169363881860461,0.7848573913797736
2893,3.6000000000000005,-6.3999999999999995,14,Hero,0.8191701791116169,0.9265872868044036
2894,4.300000000000001,-5.699999999999999,7,Hero,0.9834497656141009,0.8592845456940787
2895,4.9,-5.1,1,Hero,0.8561767935752869,0.9999891519546509
2896,3.9000000000000004,-6.1,11,Hero,0.7557188048958778,0.9989657998085022
2897,3.9000000000000004,-6.1,11,Hero,0.8365765728733756,0.8749393116344105
2898,4.0,-6.0,10,Hero,0.6481596112251282,0.8079463060945272
2899,3.6000000000000005,-6.3999999999999995,14,Hero,0.6596309138195855,0.7542270166533334
2900,3.5,-6.5,15,Hero,0.7728389059503873,0.9534058411916096
2901,4.0,-6.0,10,Hero,0.5228292584419251,0.5237252831459045
2902,4.9,-5.1,1,Hero,0.5017997026443481,0.9999347925186157
2903,4.5,-5.5,5,Hero,0.9886989951133728,0.9997266173362732
2904,3.7,-6.3,13,Hero,0.8597343288935148,0.8181654352408189
2905,3.8000000000000007,-6.199999999999999,12,Hero,0.7127952203154564,0.9069964364171028
2906,3.5,-6.5,15,Hero,0.787077866991361,0.9494930068651836
2907,4.2,-5.8,8,Hero,0.7397831678390503,0.8870975822210312
2908,4.300000000000001,-5.699999999999999,7,Hero,0.7718622258731297,0.8300766859735761
2909,4.4,-5.6,6,Hero,0.6987529012064139,0.999665230512619
2910,4.800000000000001,-5.199999999999999,2,Hero,0.9994032084941864,0.9999991655349731
2911,4.300000000000001,-5.699999999999999,7,Hero,0.6833540179899761,0.9970717685563224
2912,4.4,-5.6,6,Hero,0.6229014421502749,0.9999716877937317
2913,4.2,-5.8,8,Hero,0.6869262931868434,0.9916290566325188
2914,3.7,-6.3,13,Hero,0.8392990139814523,0.8845478307742339
2915,4.2,-5.8,8,Hero,0.6661708559840918,0.9999986290931702
2916,4.0,-6.0,10,Hero,0.9359646052122116,0.9245885729789733
2917,4.6000000000000005,-5.3999999999999995,4,Hero,0.6270959824323654,0.9999954998493195
2918,3.4000000000000004,-6.6,16,Hero,0.648365507600829,0.9878450334072113
2919,4.5,-5.5,5,Hero,0.7085251331329345,0.9999624252319336
2920,3.8000000000000007,-6.199999999999999,12,Hero,0.785835770269235,0.9998578230539957
2921,3.9000000000000004,-6.1,11,Hero,0.6245324042710391,0.8600793101570823
2922,3.3,-6.7,17,Hero,0.7482569217681885,0.9934458381989423
2923,3.4000000000000004,-6.6,16,Hero,0.8607045048847795,0.8070678785443306
2924,4.0,-6.0,10,Hero,0.6812865912914277,0.8179609268903733
2925,3.7,-6.3,13,Hero,0.6044160288113815,0.9147448147145602
2926,4.2,-5.8,8,Hero,0.8699118085205555,0.7239882163703442
2927,3.8000000000000007,-6.199999999999999,12,Hero,0.7339142921070257,0.997640868028005
2928,3.9000000000000004,-6.1,11,Hero,0.7676579261367972,0.9758577888662164
2929,3.9000000000000004,-6.1,11,Hero,0.7246281450445001,0.8143413270061667
2930,4.0,-6.0,10,Hero,0.9095894739031791,0.8356761785689741
2931,4.9,-5.1,1,Hero,0.4496277868747711,0.9999998807907104
2932,4.1000000000000005,-5.8999999999999995,9,Hero,0.9331415096918741,0.9765214456452264
2933,4.5,-5.5,5,Hero,0.7059656858444214,0.9938736200332642
2934,3.7,-6.3,13,Hero,0.7369340474788959,0.8992030024528503
2935,3.6000000000000005,-6.3999999999999995,14,Hero,0.7301968197737422,0.999884558575494
2936,3.7,-6.3,13,Hero,0.7212519324742831,0.9890584716430078
2937,4.1000000000000005,-5.8999999999999995,9,Hero,0.633026091588868,0.6942924559116364
2938,4.4,-5.6,6,Hero,0.7972396314144135,0.9994992713133494
2939,4.4,-5.6,6,Hero,0.8120067218939463,0.8992996513843536
2940,4.300000000000001,-5.699999999999999,7,Hero,0.9033035635948181,0.9997469867978778
2941,4.1000000000000005,-5.8999999999999995,9,Hero,0.8088491095436944,0.9418577882978652
2942,3.9000000000000004,-6.1,11,Hero,0.7212236225605011,0.9984605854207819
2943,4.0,-6.0,10,Hero,0.9454417765140534,0.9341977655887603
2944,4.300000000000001,-5.699999999999999,7,Hero,0.7156760820320675,0.9985802599361965
2945,4.0,-6.0,10,Hero,0.844601246714592,0.9563636183738708
2946,4.7,-5.3,3,Hero,0.6990683873494467,0.9997395674387614
2947,4.4,-5.6,6,Hero,0.6468124240636826,0.9999995430310568
2948,3.5,-6.5,15,Hero,0.7021123225490252,0.9792009631792704
2949,4.5,-5.5,5,Hero,0.6857992708683014,0.9999999761581421
2950,4.5,-5.5,5,Hero,0.6762786388397217,0.7995027065277099
2951,4.6000000000000005,-5.3999999999999995,4,Hero,0.6905066268518567,0.9990463703870773
2952,3.9000000000000004,-6.1,11,Hero,0.6988271799954501,0.9979836507277056
2953,3.8000000000000007,-6.199999999999999,12,Hero,0.7839141488075256,0.9689968824386597
2954,4.0,-6.0,10,Hero,0.7094179205596447,0.9160869359970093
2955,3.2,-6.8,18,Hero,0.7156512008772956,0.9922844933138953
2956,4.5,-5.5,5,Hero,0.6366441488265991,0.9977623462677002
2957,3.5,-6.5,15,Hero,0.6841639081637064,0.9590848406155904
2958,4.800000000000001,-5.199999999999999,2,Hero,0.537400484085083,0.9999868869781494
2959,3.9000000000000004,-6.1,11,Hero,0.8063113283027302,0.978008974682201
2960,3.9000000000000004,-6.1,11,Hero,0.7981404323469509,0.980900293046778
2961,4.0,-6.0,10,Hero,0.8944295823574067,0.9345067262649536
2962,4.6000000000000005,-5.3999999999999995,4,Hero,0.5032256655395031,0.9999998807907104
2963,4.5,-5.5,5,Hero,0.6393899023532867,0.9999998807907104
2964,3.6000000000000005,-6.3999999999999995,14,Hero,0.7814028912356922,0.820721977523395
2965,3.6000000000000005,-6.3999999999999995,14,Hero,0.6819308613027845,0.9811929677213941
2966,3.3,-6.7,17,Hero,0.794899990891709,0.9977133309139925
2967,4.2,-5.8,8,Hero,0.8227969408035278,0.9631910920143127
2968,3.5,-6.5,15,Hero,0.7269632081190746,0.8451879133780797
2969,3.4000000000000004,-6.6,16,Hero,0.7347740428522229,0.9902352131903172
2970,3.6000000000000005,-6.3999999999999995,14,Hero,0.6974273760403905,0.7931069625275475
2971,4.2,-5.8,8,Hero,0.7809633612632751,0.9998622089624405
2972,3.9000000000000004,-6.1,11,Hero,0.889596700668335,0.9378927566788413
2973,3.9000000000000004,-6.1,11,Hero,0.7835252420468763,0.9321410385045138
2974,4.6000000000000005,-5.3999999999999995,4,Hero,0.9987824112176895,0.9999941885471344
2975,3.5,-6.5,15,Hero,0.7345579634110133,0.9270188093185425
2976,3.9000000000000004,-6.1,11,Hero,0.6725442267277024,0.9046653075651689
2977,4.6000000000000005,-5.3999999999999995,4,Hero,0.7808172255754471,0.9997023344039917
2978,3.9000000000000004,-6.1,11,Hero,0.6714488823305477,0.957401763309132
2979,4.5,-5.5,5,Hero,0.9929575324058533,0.9999404311180115
2980,4.2,-5.8,8,Hero,0.7385556995868683,0.9849176332354546
2981,3.0,-7.0,20,Hero,0.6834076717495918,0.923605526983738
2982,4.2,-5.8,8,Hero,0.8116852790117264,0.7732787411659956
2983,4.300000000000001,-5.699999999999999,7,Hero,0.8780295508248466,0.9968411752155849
2984,3.9000000000000004,-6.1,11,Hero,0.8035419556227598,0.831297140229832
2985,4.300000000000001,-5.699999999999999,7,Hero,0.808820549930845,0.9999862568719047
2986,4.300000000000001,-5.699999999999999,7,Hero,0.9969706194741386,0.9999443548066276
2987,3.9000000000000004,-6.1,11,Hero,0.8547923835841092,0.9965404813939874
2988,4.300000000000001,-5.699999999999999,7,Hero,0.9545090198516846,0.9495635884148734
2989,4.300000000000001,-5.699999999999999,7,Hero,0.8964409146990094,0.999996542930603
2990,4.7,-5.3,3,Hero,0.9715951681137085,0.9958425561587015
2991,3.5,-6.5,15,Hero,0.5532399415969849,0.833506453037262
2992,3.9000000000000004,-6.1,11,Hero,0.761353384364735,0.9982519529082559
2993,4.2,-5.8,8,Hero,0.9471624866127968,0.9999561458826065
2994,4.0,-6.0,10,Hero,0.7105327367782592,0.9951097130775451
2995,4.300000000000001,-5.699999999999999,7,Hero,0.7932055911847523,0.9994900056294033
2996,3.5,-6.5,15,Hero,0.7632601300875346,0.8723375548919042
2997,4.800000000000001,-5.199999999999999,2,Hero,0.7993208765983582,0.9980082511901855
2998,4.5,-5.5,5,Hero,0.9617850422859192,0.9948737144470214
2999,3.7,-6.3,13,Hero,0.7758658528327942,0.8193928244022223
3000,3.6000000000000005,-6.3999999999999995,14,Hero,0.7373478934168816,0.9333432572228568
