episode,hero_reward,villain_reward,steps,winner,hero_avg_prob,villain_avg_prob
1,-4.999999999999998,-4.999999999999998,50,None,0.2707923437654972,0.550251235589385
2,-4.999999999999998,-4.999999999999998,50,None,0.3215742921829224,0.3441936395317316
3,-4.999999999999998,-4.999999999999998,50,None,0.30731966987252235,0.3806783358752728
4,3.8000000000000007,-6.199999999999999,12,Hero,0.37053425796329975,0.5533421747386456
5,-4.999999999999998,-4.999999999999998,50,None,0.37247849628329277,0.5734145835041999
6,-4.999999999999998,-4.999999999999998,50,None,0.8098757544159889,0.4932173013687134
7,-5.8,4.2,8,Villain,0.7733102086931467,0.7744880616664886
8,2.099999999999999,-7.9,29,Hero,0.32413630084744816,0.4443285146663929
9,4.6000000000000005,-5.3999999999999995,4,Hero,0.42156190052628517,0.6193356029689312
10,0.6999999999999993,-9.3,43,Hero,0.38022401989545934,0.5111230516503024
11,3.3,-6.7,17,Hero,0.3321080264799735,0.49804505026515794
12,1.4999999999999987,-8.500000000000002,35,Hero,0.4099664445434298,0.4979624316096306
13,1.3999999999999986,-8.600000000000001,36,Hero,0.4476593660397662,0.6859362965656651
14,4.0,-6.0,10,Hero,0.45976634658873083,0.5354119658470153
15,-5.6,4.4,6,Villain,0.5139921928445498,0.6992191709189987
16,4.300000000000001,-5.699999999999999,7,Hero,0.4522773155144283,0.5536852904728481
17,4.1000000000000005,-5.8999999999999995,9,Hero,0.3710920148425632,0.510859790775511
18,4.7,-5.3,3,Hero,0.42648329337437946,0.43274695177872974
19,3.6000000000000005,-6.3999999999999995,14,Hero,0.42139530394758495,0.8633816896804741
20,4.2,-5.8,8,Hero,0.4659166969358921,0.5760351177304983
21,3.5,-6.5,15,Hero,0.44380874633789064,0.3157237003246943
22,4.5,-5.5,5,Hero,0.48873392939567567,0.6011308312416077
23,2.1999999999999993,-7.800000000000001,28,Hero,0.4675674598131861,0.3996127564460039
24,3.6000000000000005,-6.3999999999999995,14,Hero,0.43598523682781626,0.456821934985263
25,4.6000000000000005,-5.3999999999999995,4,Hero,0.49661240726709366,0.3589524542912841
26,3.5,-6.5,15,Hero,0.5231207489967347,0.33174793322881063
27,4.2,-5.8,8,Hero,0.5026648193597794,0.6156791523098946
28,3.4000000000000004,-6.6,16,Hero,0.4655688183847815,0.5735463150776923
29,3.7,-6.3,13,Hero,0.5015281668076148,0.5546141828481967
30,4.0,-6.0,10,Hero,0.484674921631813,0.5347908735275269
31,3.8000000000000007,-6.199999999999999,12,Hero,0.5119259109099706,0.44476701443394023
32,4.1000000000000005,-5.8999999999999995,9,Hero,0.5392456650733948,0.48056943714618683
33,3.6000000000000005,-6.3999999999999995,14,Hero,0.4710716764841761,0.4662710800766945
34,3.0999999999999996,-6.9,19,Hero,0.5260817330134543,0.5382513730345588
35,3.2,-6.8,18,Hero,0.47958355435791117,0.32892805627650684
36,3.3,-6.7,17,Hero,0.5282849502914092,0.7504581901080468
37,3.8000000000000007,-6.199999999999999,12,Hero,0.4681019460161527,0.3453225251287222
38,4.6000000000000005,-5.3999999999999995,4,Hero,0.505317397415638,0.4345543389208615
39,3.5,-6.5,15,Hero,0.5776262069741885,0.6320556163787842
40,4.5,-5.5,5,Hero,0.5538774490356445,0.6978956885635853
41,3.9000000000000004,-6.1,11,Hero,0.5590480132536455,0.6635650640184229
42,4.300000000000001,-5.699999999999999,7,Hero,0.5222529683794294,0.3874752659882818
43,3.6000000000000005,-6.3999999999999995,14,Hero,0.5805839598178864,0.36232800249542507
44,4.300000000000001,-5.699999999999999,7,Hero,0.47706626994269236,0.8394093348511628
45,3.9000000000000004,-6.1,11,Hero,0.5049144449559125,0.7539857124740427
46,4.0,-6.0,10,Hero,0.5772736623883248,0.8795514166355133
47,4.5,-5.5,5,Hero,0.549528181552887,0.7015179067850112
48,3.3,-6.7,17,Hero,0.5530839877970078,0.9431736364084131
49,2.3999999999999995,-7.6000000000000005,26,Hero,0.5471716591273434,0.8554466020029324
50,3.9000000000000004,-6.1,11,Hero,0.5832949280738831,0.8814049471508373
51,4.2,-5.8,8,Hero,0.5142398402094841,0.8272691937163472
52,3.0,-7.0,20,Hero,0.5127798706293106,0.7312804907560349
53,4.0,-6.0,10,Hero,0.7592048645019531,0.38950546085834503
54,4.0,-6.0,10,Hero,0.7675459861755372,0.5646827958524228
55,3.4000000000000004,-6.6,16,Hero,0.5898440666496754,0.5047883678926155
56,4.0,-6.0,10,Hero,0.5641861766576767,0.4398146718740463
57,4.9,-5.1,1,Hero,0.5008030533790588,0.11639115959405899
58,4.7,-5.3,3,Hero,0.5772748788197836,0.5332104563713074
59,4.0,-6.0,10,Hero,0.6028603792190552,0.9514421164989472
60,2.4999999999999996,-7.5,25,Hero,0.6189872640371322,0.8226646800339222
61,4.800000000000001,-5.199999999999999,2,Hero,0.8775311708450317,0.9785183966159821
62,4.300000000000001,-5.699999999999999,7,Hero,0.5896960603339332,0.9698693241391864
63,2.3999999999999995,-7.6000000000000005,26,Hero,0.5299115347174498,0.5968661807262554
64,3.2,-6.8,18,Hero,0.4982224744227197,0.8568359009093709
65,4.1000000000000005,-5.8999999999999995,9,Hero,0.700161529911889,0.8070191641648611
66,4.0,-6.0,10,Hero,0.7408291000872851,0.5586346760392189
67,4.7,-5.3,3,Hero,0.7900389830271403,0.4867316385110219
68,3.9000000000000004,-6.1,11,Hero,0.6727828600189902,0.8122428208589554
69,4.0,-6.0,10,Hero,0.6114648282527924,0.6696463793516159
70,3.7,-6.3,13,Hero,0.5758928037606753,0.7592469717447574
71,4.1000000000000005,-5.8999999999999995,9,Hero,0.557669104801284,0.634641187886397
72,4.2,-5.8,8,Hero,0.5473479777574539,0.7939856424927711
73,-5.1,4.9,1,Villain,0.8217759132385254,0.9977303147315979
74,4.2,-5.8,8,Hero,0.5992182567715645,0.7209078939631581
75,3.5,-6.5,15,Hero,0.8503643542528152,0.9753094037373861
76,3.4000000000000004,-6.6,16,Hero,0.5887499703094363,0.832099374383688
77,3.6000000000000005,-6.3999999999999995,14,Hero,0.7599610249911036,0.9573496452399662
78,3.5,-6.5,15,Hero,0.6491654773553213,0.7062535944084326
79,3.9000000000000004,-6.1,11,Hero,0.883744937452403,0.8928081740371205
80,3.4000000000000004,-6.6,16,Hero,0.5236712414771318,0.8998439963907003
81,3.8000000000000007,-6.199999999999999,12,Hero,0.5770744035641352,0.8899823526541392
82,4.2,-5.8,8,Hero,0.7008051462471485,0.8583550304174423
83,4.2,-5.8,8,Hero,0.6708658730931347,0.6020750626921654
84,3.9000000000000004,-6.1,11,Hero,0.729942986969201,0.5796039998531342
85,3.5,-6.5,15,Hero,0.5511281659205755,0.8356151729822159
86,4.9,-5.1,1,Hero,0.6335144639015198,0.9698530435562134
87,4.800000000000001,-5.199999999999999,2,Hero,0.9230449199676514,0.7851069867610931
88,4.300000000000001,-5.699999999999999,7,Hero,0.70577154122293,0.48687208124569487
89,4.4,-5.6,6,Hero,0.9849937160809835,0.8037919737398624
90,1.5999999999999988,-8.400000000000002,34,Hero,0.8898666803451145,0.5906859088469955
91,2.4999999999999996,-7.5,25,Hero,0.7034383031725884,0.6607968789339066
92,4.300000000000001,-5.699999999999999,7,Hero,0.9954067724091666,0.6405024975538254
93,-4.999999999999998,-4.999999999999998,50,None,0.840004894733429,0.7392708893120289
94,4.4,-5.6,6,Hero,0.9940117001533508,0.8621980746587118
95,3.2,-6.8,18,Hero,0.6589952893555164,0.5964408268531164
96,2.099999999999999,-7.9,29,Hero,0.79125665282381,0.6558732020443884
97,2.5999999999999996,-7.4,24,Hero,0.7443133139361938,0.5976332115630308
98,3.5,-6.5,15,Hero,0.6950750313078363,0.5966319262981414
99,3.4000000000000004,-6.6,16,Hero,0.5472903437912464,0.574525274336338
100,4.7,-5.3,3,Hero,0.14007994532585144,0.5603087544441223
101,4.2,-5.8,8,Hero,0.561968345195055,0.6820907108485699
102,4.5,-5.5,5,Hero,0.9755220174789428,0.4213072042912245
103,3.7,-6.3,13,Hero,0.5781998754693911,0.5102613190045724
104,4.4,-5.6,6,Hero,0.678333173195521,0.5315511375665665
105,4.2,-5.8,8,Hero,0.8125414587557316,0.4879610799252987
106,3.9000000000000004,-6.1,11,Hero,0.5942846861752596,0.6251113496043466
107,3.4000000000000004,-6.6,16,Hero,0.4886704171076417,0.6241967957466841
108,3.3,-6.7,17,Hero,0.5935917496681213,0.6154794351142996
109,-5.5,4.5,5,Villain,0.4793240290135145,0.7312303304672241
110,2.9,-7.1,21,Hero,0.5456737961531395,0.616057449508281
111,3.7,-6.3,13,Hero,0.6517845243215561,0.5926725004728024
112,3.0,-7.0,20,Hero,0.6237622804939746,0.5486365422606468
113,4.0,-6.0,10,Hero,0.6954618081450462,0.5514983683824539
114,3.7,-6.3,13,Hero,0.6722722002663292,0.5564121798827097
115,3.9000000000000004,-6.1,11,Hero,0.5908144604076039,0.5822613293474371
116,4.1000000000000005,-5.8999999999999995,9,Hero,0.6681304822365443,0.5564400570260154
117,4.4,-5.6,6,Hero,0.8057207663853964,0.616796225309372
118,4.0,-6.0,10,Hero,0.7658287100493908,0.6603782966732978
119,3.7,-6.3,13,Hero,0.7097922437466108,0.7667501242114947
120,3.8000000000000007,-6.199999999999999,12,Hero,0.6131570562720299,0.5896122436970472
121,4.300000000000001,-5.699999999999999,7,Hero,0.5815254380826705,0.6634620151349476
122,4.2,-5.8,8,Hero,0.9306369051337242,0.6382152177393436
123,-5.1,4.9,1,Villain,0.9326155185699463,0.872759997844696
124,4.300000000000001,-5.699999999999999,7,Hero,0.7756721760545459,0.8613765367439815
125,4.300000000000001,-5.699999999999999,7,Hero,0.6256845593452454,0.6336886201586042
126,3.9000000000000004,-6.1,11,Hero,0.6743093786591833,0.7979921888221394
127,3.3,-6.7,17,Hero,0.6075039532254723,0.7642083658891565
128,4.5,-5.5,5,Hero,0.6159419119358063,0.6066730499267579
129,3.9000000000000004,-6.1,11,Hero,0.6370413249189203,0.5709564834833145
130,4.4,-5.6,6,Hero,0.6016944063206514,0.6098155876000723
131,4.300000000000001,-5.699999999999999,7,Hero,0.8481878382819039,0.6835012819085803
132,3.9000000000000004,-6.1,11,Hero,0.5461323821747844,0.5313088135285811
133,4.1000000000000005,-5.8999999999999995,9,Hero,0.8927990463044908,0.8099889854590098
134,4.6000000000000005,-5.3999999999999995,4,Hero,0.6784753352403641,0.6314550712704659
135,3.9000000000000004,-6.1,11,Hero,0.8107986125079069,0.7212963998317719
136,4.9,-5.1,1,Hero,0.6643122434616089,0.9500619173049927
137,3.5,-6.5,15,Hero,0.6704831381638845,0.8136797149976095
138,3.9000000000000004,-6.1,11,Hero,0.716350869698958,0.6523185697468844
139,3.6000000000000005,-6.3999999999999995,14,Hero,0.5966528132557869,0.6187085424150739
140,-5.199999999999999,4.800000000000001,2,Villain,0.6179930567741394,0.9878060519695282
141,3.5,-6.5,15,Hero,0.6042558786304046,0.7392733136812846
142,-5.3999999999999995,4.6000000000000005,4,Villain,0.8257132917642593,0.9977672100067139
143,4.6000000000000005,-5.3999999999999995,4,Hero,0.6113408952951431,0.7803580015897751
144,4.5,-5.5,5,Hero,0.6330069243907929,0.8752304434776306
145,4.1000000000000005,-5.8999999999999995,9,Hero,0.9919785526063707,0.575398652917809
146,3.9000000000000004,-6.1,11,Hero,0.7420639788562601,0.5325602022084323
147,4.300000000000001,-5.699999999999999,7,Hero,0.8726531437465123,0.5291614319596972
148,3.0,-7.0,20,Hero,0.6166698509827256,0.7160007163882256
149,-5.5,4.5,5,Villain,0.2305225819349289,0.41947669386863706
150,3.7,-6.3,13,Hero,0.6507315383507655,0.6055066998188312
151,4.4,-5.6,6,Hero,0.8200931325554848,0.5927345305681229
152,4.5,-5.5,5,Hero,0.6320533871650695,0.7333584904670716
153,3.4000000000000004,-6.6,16,Hero,0.6386321214959025,0.7745120078325272
154,4.1000000000000005,-5.8999999999999995,9,Hero,0.7862649162610372,0.7220801512400309
155,3.6000000000000005,-6.3999999999999995,14,Hero,0.6116977589471,0.7728004540715899
156,4.300000000000001,-5.699999999999999,7,Hero,0.8541700839996338,0.7915988223893302
157,4.7,-5.3,3,Hero,0.9137442310651144,0.5867809653282166
158,4.2,-5.8,8,Hero,0.8829688802361488,0.7353844866156578
159,4.2,-5.8,8,Hero,0.5867672078311443,0.680654838681221
160,3.5,-6.5,15,Hero,0.5991772164901098,0.6589909265438716
161,-5.199999999999999,4.800000000000001,2,Villain,0.9011901915073395,0.9975554347038269
162,4.6000000000000005,-5.3999999999999995,4,Hero,0.6120483800768852,0.6813478022813797
163,4.0,-6.0,10,Hero,0.737989655137062,0.5984730690717697
164,-5.199999999999999,4.800000000000001,2,Villain,0.31207818537950516,0.351549968123436
165,4.4,-5.6,6,Hero,0.6358497788508733,0.7885270367066065
166,4.2,-5.8,8,Hero,0.9634758979082108,0.7451393902301788
167,4.9,-5.1,1,Hero,0.5747931003570557,0.7486515641212463
168,4.0,-6.0,10,Hero,0.6186757043004036,0.77060976177454
169,3.6000000000000005,-6.3999999999999995,14,Hero,0.5365672664982932,0.8349421960966927
170,4.2,-5.8,8,Hero,0.9793623983860016,0.746551800519228
171,4.1000000000000005,-5.8999999999999995,9,Hero,0.6087806589073606,0.6564103894763522
172,4.5,-5.5,5,Hero,0.960808801651001,0.5979820281267166
173,4.1000000000000005,-5.8999999999999995,9,Hero,0.7307943602403005,0.7211446447504891
174,4.6000000000000005,-5.3999999999999995,4,Hero,0.6939518451690674,0.9779859781265259
175,4.7,-5.3,3,Hero,0.49010642369588214,0.9779570897420248
176,4.7,-5.3,3,Hero,0.6375151375929514,0.9464812278747559
177,4.7,-5.3,3,Hero,0.6841558814048767,0.9959744215011597
178,4.300000000000001,-5.699999999999999,7,Hero,0.883448030267443,0.8509361030800002
179,3.5,-6.5,15,Hero,0.6750286519527435,0.7719613956908385
180,4.1000000000000005,-5.8999999999999995,9,Hero,0.5586543248759376,0.7657496233781179
181,3.7,-6.3,13,Hero,0.6091188398691324,0.7961856012160962
182,4.800000000000001,-5.199999999999999,2,Hero,0.6610532402992249,0.9687578082084656
183,4.300000000000001,-5.699999999999999,7,Hero,0.7468026791300092,0.7792328298091888
184,4.0,-6.0,10,Hero,0.7025736309587955,0.8042873203754425
185,4.6000000000000005,-5.3999999999999995,4,Hero,0.6321957111358643,0.9670203477144241
186,4.5,-5.5,5,Hero,0.598270857334137,0.671496856212616
187,4.300000000000001,-5.699999999999999,7,Hero,0.9587933932031903,0.761096886226109
188,4.5,-5.5,5,Hero,0.6821553945541382,0.9596796035766602
189,4.1000000000000005,-5.8999999999999995,9,Hero,0.9599421355459425,0.7316439168320762
190,4.0,-6.0,10,Hero,0.6684630140662193,0.8627853631973267
191,-5.3999999999999995,4.6000000000000005,4,Villain,0.43506426736712456,0.8911265879869461
192,4.6000000000000005,-5.3999999999999995,4,Hero,0.94008968770504,0.9921830594539642
193,4.2,-5.8,8,Hero,0.968756303191185,0.7013663966208696
194,4.300000000000001,-5.699999999999999,7,Hero,0.7239446895463126,0.8237319035189492
195,4.300000000000001,-5.699999999999999,7,Hero,0.6790625963892255,0.9633540681430272
196,3.7,-6.3,13,Hero,0.632512839940878,0.8562095394501319
197,4.0,-6.0,10,Hero,0.6716126173734664,0.7254467219114303
198,3.7,-6.3,13,Hero,0.6891207419908963,0.7647195527186761
199,3.8000000000000007,-6.199999999999999,12,Hero,0.6330805470546087,0.838446244597435
200,3.8000000000000007,-6.199999999999999,12,Hero,0.7885699222485224,0.7976326672360301
201,4.4,-5.6,6,Hero,0.7986502846082052,0.8047111531098684
202,4.9,-5.1,1,Hero,0.7773125171661377,0.9860191345214844
203,4.2,-5.8,8,Hero,0.7758957985788584,0.6919669676572084
204,4.2,-5.8,8,Hero,0.7298687919974327,0.8025098517537117
205,4.4,-5.6,6,Hero,0.6425541241963705,0.7338852882385254
206,4.1000000000000005,-5.8999999999999995,9,Hero,0.670678993066152,0.7085391829411188
207,4.0,-6.0,10,Hero,0.8458376705646515,0.8047103524208069
208,4.7,-5.3,3,Hero,0.6481877565383911,0.6991207798322042
209,3.7,-6.3,13,Hero,0.7431638275201504,0.7609545290470123
210,3.6000000000000005,-6.3999999999999995,14,Hero,0.6754421825919833,0.770215630531311
211,4.2,-5.8,8,Hero,0.6907333210110664,0.7324511408805847
212,4.2,-5.8,8,Hero,0.9883124530315399,0.9803154245018959
213,4.2,-5.8,8,Hero,0.8817279152572155,0.8580734208226204
214,-5.199999999999999,4.800000000000001,2,Villain,0.5539102032780647,0.9835455417633057
215,4.4,-5.6,6,Hero,0.6282484332720438,0.7831690460443497
216,4.4,-5.6,6,Hero,0.882740318775177,0.9850486914316813
217,4.6000000000000005,-5.3999999999999995,4,Hero,0.6465044021606445,0.7104065930470824
218,3.7,-6.3,13,Hero,0.6958911138085219,0.7998800894532067
219,3.8000000000000007,-6.199999999999999,12,Hero,0.6694348926345507,0.8786957537134489
220,4.7,-5.3,3,Hero,0.5578554073969523,0.8725735346476237
221,3.8000000000000007,-6.199999999999999,12,Hero,0.5657067919770876,0.7248427706460158
222,4.300000000000001,-5.699999999999999,7,Hero,0.7606633262974876,0.9067855732781547
223,4.800000000000001,-5.199999999999999,2,Hero,0.5677043944597244,0.9822425842285156
224,4.5,-5.5,5,Hero,0.7367768287658691,0.7823335409164429
225,3.9000000000000004,-6.1,11,Hero,0.8391350927678022,0.9612539789893411
226,3.8000000000000007,-6.199999999999999,12,Hero,0.6374981527527174,0.7482894853067895
227,4.0,-6.0,10,Hero,0.880756889283657,0.7985450863838196
228,4.1000000000000005,-5.8999999999999995,9,Hero,0.6892682976192899,0.8370623191197714
229,3.9000000000000004,-6.1,11,Hero,0.7614333903924986,0.7340271318839355
230,3.4000000000000004,-6.6,16,Hero,0.6451185389887542,0.822863738052547
231,3.9000000000000004,-6.1,11,Hero,0.7475453208793293,0.8610392050309614
232,4.0,-6.0,10,Hero,0.7792958080768585,0.6838335230946541
233,4.0,-6.0,10,Hero,0.9059960901737213,0.7918528735637664
234,4.0,-6.0,10,Hero,0.706932021304965,0.8200798153877258
235,4.6000000000000005,-5.3999999999999995,4,Hero,0.7225316539406776,0.7562676668167114
236,3.9000000000000004,-6.1,11,Hero,0.8279092934998599,0.879141853614287
237,3.2,-6.8,18,Hero,0.61863305254115,0.8184351275364558
238,4.1000000000000005,-5.8999999999999995,9,Hero,0.9061935974491967,0.8864315615759956
239,3.4000000000000004,-6.6,16,Hero,0.6678731651045382,0.8094068886712193
240,3.2,-6.8,18,Hero,0.6293457738097964,0.7774980391065279
241,3.6000000000000005,-6.3999999999999995,14,Hero,0.664746126958302,0.9057828571115222
242,3.6000000000000005,-6.3999999999999995,14,Hero,0.5942865067294666,0.8587681608540672
243,3.8000000000000007,-6.199999999999999,12,Hero,0.7184019448856512,0.8945388396581014
244,-5.1,4.9,1,Villain,0.9053100347518921,0.2974814772605896
245,4.6000000000000005,-5.3999999999999995,4,Hero,0.7142604887485504,0.997846320271492
246,3.9000000000000004,-6.1,11,Hero,0.7353540686043826,0.8488949726928364
247,3.0999999999999996,-6.9,19,Hero,0.6080830379536277,0.8456636137868229
248,2.9,-7.1,21,Hero,0.6230252356756301,0.7884897779495943
249,3.8000000000000007,-6.199999999999999,12,Hero,0.6625604455669721,0.9926165342330933
250,4.2,-5.8,8,Hero,0.7307840958237648,0.9991310983896255
251,-5.699999999999999,4.300000000000001,7,Villain,0.9910792197499957,0.994762761252267
252,4.800000000000001,-5.199999999999999,2,Hero,0.6707342565059662,0.9999772310256958
253,3.8000000000000007,-6.199999999999999,12,Hero,0.8007153794169426,0.9887662331263224
254,4.7,-5.3,3,Hero,0.9207095503807068,0.999957799911499
255,4.0,-6.0,10,Hero,0.8967642470495776,0.9999058365821838
256,3.0,-7.0,20,Hero,0.5729060709476471,0.8516445218585431
257,4.1000000000000005,-5.8999999999999995,9,Hero,0.8883867082703445,0.9998383323351542
258,4.9,-5.1,1,Hero,0.92516028881073,0.9999980926513672
259,-5.699999999999999,4.300000000000001,7,Villain,0.6417278477123806,0.994890034198761
260,-6.1,3.9000000000000004,11,Villain,0.7831022495573218,0.8644559451124885
261,4.300000000000001,-5.699999999999999,7,Hero,0.5952782247747693,0.9999533636229379
262,2.6999999999999997,-7.300000000000001,23,Hero,0.500405471124079,0.9044957115598347
263,1.4999999999999987,-8.500000000000002,35,Hero,0.5574252314333404,0.7418314575084618
264,4.800000000000001,-5.199999999999999,2,Hero,0.9826579689979553,0.9999971389770508
265,3.3,-6.7,17,Hero,0.5778432466527995,0.9951021951787612
266,-4.999999999999998,-4.999999999999998,50,None,0.5307144153118134,0.9697098982334137
267,1.5999999999999988,-8.400000000000002,34,Hero,0.6090562637237942,0.894015635637676
268,1.1999999999999984,-8.8,38,Hero,0.4879579489168368,0.8880201264431602
269,4.5,-5.5,5,Hero,0.7440294444561004,0.9999879121780395
270,3.5,-6.5,15,Hero,0.5945952887336413,0.9915605902671814
271,1.4999999999999987,-8.500000000000002,35,Hero,0.5481252465929304,0.8608271793728428
272,4.800000000000001,-5.199999999999999,2,Hero,0.683428019285202,0.9999944567680359
273,2.3999999999999995,-7.6000000000000005,26,Hero,0.6199849740816996,0.9136196466592642
274,4.4,-5.6,6,Hero,0.6442713811993599,0.9999902248382568
275,4.300000000000001,-5.699999999999999,7,Hero,0.6046324829970088,0.9998494727270943
276,0.7999999999999989,-9.200000000000001,42,Hero,0.5359262458625293,0.8542010635137558
277,3.4000000000000004,-6.6,16,Hero,0.6662059356458485,0.9808727279305458
278,3.4000000000000004,-6.6,16,Hero,0.6160094626247883,0.9173257250804454
279,3.6000000000000005,-6.3999999999999995,14,Hero,0.537194091294493,0.9678942774023328
280,3.0999999999999996,-6.9,19,Hero,0.5997614821811256,0.820177103147695
281,4.0,-6.0,10,Hero,0.9142922133207321,0.9990055382251739
282,3.2,-6.8,18,Hero,0.6598940342664719,0.8592244381725322
283,3.3,-6.7,17,Hero,0.6699816198909984,0.9036110727226033
284,-6.199999999999999,3.8000000000000007,12,Villain,0.5463254346201817,0.9161907235781351
285,4.0,-6.0,10,Hero,0.8254067152738571,0.9824043154716492
286,4.0,-6.0,10,Hero,0.7756974846124649,0.9955556511878967
287,3.0999999999999996,-6.9,19,Hero,0.6550669270126444,0.8965865902994808
288,4.300000000000001,-5.699999999999999,7,Hero,0.6556837537458965,0.9997591291155133
289,4.4,-5.6,6,Hero,0.7504237840572993,0.9999526639779409
290,4.2,-5.8,8,Hero,0.977289043366909,0.9997603222727776
291,4.2,-5.8,8,Hero,0.674266867339611,0.9997290894389153
292,2.6999999999999997,-7.300000000000001,23,Hero,0.6120001479335453,0.8621711057165394
293,4.1000000000000005,-5.8999999999999995,9,Hero,0.9921758704715304,0.9992138147354126
294,3.5,-6.5,15,Hero,0.6199779220546285,0.9358720103899638
295,4.300000000000001,-5.699999999999999,7,Hero,0.7248068962778363,0.999757204736982
296,4.6000000000000005,-5.3999999999999995,4,Hero,0.9861262142658234,0.999980092048645
297,3.8000000000000007,-6.199999999999999,12,Hero,0.5528633731106917,0.97116186718146
298,-6.3999999999999995,3.6000000000000005,14,Villain,0.5196182775710311,0.888390587908881
299,3.4000000000000004,-6.6,16,Hero,0.6565865026786923,0.9335048533976078
300,3.5,-6.5,15,Hero,0.7231042434771856,0.9802266875902812
301,3.4000000000000004,-6.6,16,Hero,0.6525142537429929,0.9328021220862865
302,3.7,-6.3,13,Hero,0.7925649973062369,0.8500568224833562
303,4.300000000000001,-5.699999999999999,7,Hero,0.7624885780470712,0.9998488170760018
304,4.6000000000000005,-5.3999999999999995,4,Hero,0.9564339220523834,0.999974250793457
305,-5.8,4.2,8,Villain,0.9824889376759529,0.8774521760642529
306,3.4000000000000004,-6.6,16,Hero,0.6529337232932448,0.9500357657670975
307,4.1000000000000005,-5.8999999999999995,9,Hero,0.8399905131922828,0.9947793616188897
308,2.9,-7.1,21,Hero,0.588059065597398,0.8092667105873781
309,3.7,-6.3,13,Hero,0.7309970145042126,0.9248545720027044
310,4.9,-5.1,1,Hero,0.35414406657218933,0.9999918937683105
311,3.6000000000000005,-6.3999999999999995,14,Hero,0.7060397969824928,0.8968368002346584
312,3.5,-6.5,15,Hero,0.7365612725416819,0.9260140498479207
313,4.1000000000000005,-5.8999999999999995,9,Hero,0.9946211179097494,0.9980086882909139
314,4.2,-5.8,8,Hero,0.9942450821399689,0.9993056356906891
315,2.9,-7.1,21,Hero,0.5830876988225749,0.8045271251882825
316,2.9,-7.1,21,Hero,0.5912721538029256,0.9097898786976224
317,3.8000000000000007,-6.199999999999999,12,Hero,0.7771668154746294,0.999342679977417
318,3.7,-6.3,13,Hero,0.7820699283709893,0.9132645376599752
319,3.8000000000000007,-6.199999999999999,12,Hero,0.8174150623381138,0.9757328728834788
320,3.4000000000000004,-6.6,16,Hero,0.6459157322533429,0.9080638382583857
321,4.4,-5.6,6,Hero,0.7574070543050766,0.9999054074287415
322,3.7,-6.3,13,Hero,0.617832926603464,0.9313884927676275
323,4.4,-5.6,6,Hero,0.6318481676280499,0.9998239378134409
324,3.6000000000000005,-6.3999999999999995,14,Hero,0.6896247480596814,0.8798066845961979
325,3.7,-6.3,13,Hero,0.781489188854511,0.9290711742181045
326,3.4000000000000004,-6.6,16,Hero,0.6647305497899652,0.9081533141434193
327,3.9000000000000004,-6.1,11,Hero,0.8459746200929988,0.9708981188860807
328,4.1000000000000005,-5.8999999999999995,9,Hero,0.6179242150651084,0.9989338053597344
329,3.5,-6.5,15,Hero,0.6711225887139638,0.9387124220530192
330,4.6000000000000005,-5.3999999999999995,4,Hero,0.9452075213193893,0.9999765455722809
331,4.300000000000001,-5.699999999999999,7,Hero,0.7368618547916412,0.9997995410646711
332,4.0,-6.0,10,Hero,0.6198366083204746,0.9984297573566436
333,4.0,-6.0,10,Hero,0.7259029507637024,0.9169116973876953
334,4.5,-5.5,5,Hero,0.6456547558307648,0.9997788906097412
335,4.4,-5.6,6,Hero,0.6475332733243704,0.999722808599472
336,4.2,-5.8,8,Hero,0.7995210960507393,0.997655414044857
337,4.5,-5.5,5,Hero,0.6079464137554169,0.9997774839401246
338,4.4,-5.6,6,Hero,0.7433874110380808,0.9995661973953247
339,4.1000000000000005,-5.8999999999999995,9,Hero,0.880328635374705,0.9904690583546957
340,3.6000000000000005,-6.3999999999999995,14,Hero,0.6751164793968201,0.9398669281176159
341,4.6000000000000005,-5.3999999999999995,4,Hero,0.714808739721775,0.9999497532844543
342,2.9,-7.1,21,Hero,0.6066904671135402,0.8555861083524567
343,4.1000000000000005,-5.8999999999999995,9,Hero,0.9870803554852804,0.9985886216163635
344,4.0,-6.0,10,Hero,0.8268662355840206,0.9992520630359649
345,4.1000000000000005,-5.8999999999999995,9,Hero,0.748077854514122,0.9715473254521688
346,-5.3,4.7,3,Villain,0.8870003422101339,0.9894107580184937
347,4.1000000000000005,-5.8999999999999995,9,Hero,0.7930757999420166,0.9991654952367147
348,3.8000000000000007,-6.199999999999999,12,Hero,0.83214320987463,0.9946019599835078
349,4.7,-5.3,3,Hero,0.9659656286239624,0.9999784231185913
350,3.5,-6.5,15,Hero,0.7033798383548856,0.9503995656967164
351,4.2,-5.8,8,Hero,0.5198703426867723,0.9988451153039932
352,3.7,-6.3,13,Hero,0.6958680152893066,0.9868294275723971
353,4.1000000000000005,-5.8999999999999995,9,Hero,0.6675314870145586,0.9989954696761237
354,3.3,-6.7,17,Hero,0.6490148555706529,0.9387714266777039
355,3.5,-6.5,15,Hero,0.5333554238080979,0.868905387322108
356,3.8000000000000007,-6.199999999999999,12,Hero,0.6751182538767656,0.9959195256233215
357,4.0,-6.0,10,Hero,0.7875331908464431,0.9992929637432099
358,3.2,-6.8,18,Hero,0.6381287657552295,0.9397739337550269
359,3.8000000000000007,-6.199999999999999,12,Hero,0.6155652739107609,0.9516095370054245
360,3.8000000000000007,-6.199999999999999,12,Hero,0.8264497295022011,0.991922914981842
361,-5.8,4.2,8,Villain,0.6025736443698406,0.9670785218477249
362,3.3,-6.7,17,Hero,0.5679253072423094,0.9533476794467253
363,4.1000000000000005,-5.8999999999999995,9,Hero,0.7425428695148892,0.9988418089018928
364,4.0,-6.0,10,Hero,0.6828786104917526,0.9983400046825409
365,4.1000000000000005,-5.8999999999999995,9,Hero,0.9722778929604424,0.9978699617915683
366,4.9,-5.1,1,Hero,0.7345965504646301,0.9999960660934448
367,4.4,-5.6,6,Hero,0.6796496113141378,0.9998085598150889
368,4.800000000000001,-5.199999999999999,2,Hero,0.8954403102397919,0.9999686479568481
369,3.3,-6.7,17,Hero,0.6850662082433701,0.8843396867022795
370,3.8000000000000007,-6.199999999999999,12,Hero,0.6352044257024924,0.9195938358704249
371,4.300000000000001,-5.699999999999999,7,Hero,0.9138984850474766,0.9999410169465202
372,-5.1,4.9,1,Villain,0.28456634283065796,0.10237371921539307
373,3.7,-6.3,13,Hero,0.637933809023637,0.946170293367826
374,4.2,-5.8,8,Hero,0.8467033226042986,0.9997633099555969
375,-5.5,4.5,5,Villain,0.5183658301830292,0.7654155697673559
376,3.8000000000000007,-6.199999999999999,12,Hero,0.6846392527222633,0.9020437287787596
377,3.7,-6.3,13,Hero,0.6632763153085341,0.8803197191311762
378,3.4000000000000004,-6.6,16,Hero,0.6566947149112821,0.924599789083004
379,4.1000000000000005,-5.8999999999999995,9,Hero,0.6810101063715087,0.9953941636615329
380,4.1000000000000005,-5.8999999999999995,9,Hero,0.623765212794145,0.9995208117696974
381,-5.1,4.9,1,Villain,0.9948996901512146,0.9986086487770081
382,-5.1,4.9,1,Villain,0.9936136603355408,0.9879617094993591
383,4.4,-5.6,6,Hero,0.6511911352475485,0.9994848370552063
384,4.0,-6.0,10,Hero,0.8310553286224603,0.9784105539321899
385,3.7,-6.3,13,Hero,0.6517505932312745,0.9299626281628242
386,4.1000000000000005,-5.8999999999999995,9,Hero,0.7435294455952115,0.9971258176697625
387,4.300000000000001,-5.699999999999999,7,Hero,0.8683096085275922,0.9997059873172215
388,4.0,-6.0,10,Hero,0.7310271471738815,0.9887476325035095
389,4.300000000000001,-5.699999999999999,7,Hero,0.9746968490736825,0.9987264956746783
390,3.7,-6.3,13,Hero,0.6825900427423991,0.8976904157047662
391,3.8000000000000007,-6.199999999999999,12,Hero,0.7777509093284607,0.9747456659873327
392,3.9000000000000004,-6.1,11,Hero,0.6669982305981896,0.9953220324082808
393,3.7,-6.3,13,Hero,0.6644266323687938,0.8400801453166283
394,4.5,-5.5,5,Hero,0.9758463144302368,0.999511206150055
395,4.4,-5.6,6,Hero,0.9816473921140035,0.9989862541357676
396,4.2,-5.8,8,Hero,0.9173168614506721,0.8797612986527383
397,4.6000000000000005,-5.3999999999999995,4,Hero,0.6091261729598045,0.9992409348487854
398,4.2,-5.8,8,Hero,0.8553421627730131,0.9933870956301689
399,3.3,-6.7,17,Hero,0.6802621308495017,0.933118504636428
400,3.7,-6.3,13,Hero,0.7020572051405907,0.9810297855964074
401,4.2,-5.8,8,Hero,0.9772740229964256,0.9973515644669533
402,3.9000000000000004,-6.1,11,Hero,0.8457698632370342,0.8960383534431458
403,3.9000000000000004,-6.1,11,Hero,0.7290288833054629,0.8765899430621754
404,3.7,-6.3,13,Hero,0.7406637576910166,0.931687579705165
405,3.9000000000000004,-6.1,11,Hero,0.7920041666789488,0.9944083311341025
406,4.0,-6.0,10,Hero,0.7970037937164307,0.9983623802661896
407,4.300000000000001,-5.699999999999999,7,Hero,0.7497139711465154,0.9990998676845005
408,4.7,-5.3,3,Hero,0.9486608505249023,0.9998937249183655
409,4.1000000000000005,-5.8999999999999995,9,Hero,0.9891242914729648,0.9993649654918246
410,-5.199999999999999,4.800000000000001,2,Villain,0.9999134540557861,0.9968974590301514
411,4.1000000000000005,-5.8999999999999995,9,Hero,0.6419934646950828,0.9994099073939853
412,3.6000000000000005,-6.3999999999999995,14,Hero,0.6949041496430125,0.9263954843793597
413,4.300000000000001,-5.699999999999999,7,Hero,0.6510523131915501,0.9962407861437116
414,4.0,-6.0,10,Hero,0.7726741909980774,0.9982441842556
415,3.7,-6.3,13,Hero,0.6237621765870315,0.9308445499493525
416,4.9,-5.1,1,Hero,0.9256662726402283,0.9998056292533875
417,3.4000000000000004,-6.6,16,Hero,0.682565534254536,0.9475170932710171
418,4.7,-5.3,3,Hero,0.6958887775739034,0.9996185898780823
419,4.4,-5.6,6,Hero,0.9715474247932434,0.9996972779432932
420,4.7,-5.3,3,Hero,0.757911741733551,0.9999533891677856
421,4.5,-5.5,5,Hero,0.8906341195106506,0.9997179388999939
422,4.800000000000001,-5.199999999999999,2,Hero,0.9785270690917969,0.9999206066131592
423,4.5,-5.5,5,Hero,0.6819738686084748,0.9997631311416626
424,-5.3999999999999995,4.6000000000000005,4,Villain,0.9946091324090958,0.997697189450264
425,4.4,-5.6,6,Hero,0.9216415882110596,0.9994836648305258
426,4.6000000000000005,-5.3999999999999995,4,Hero,0.9887626022100449,0.9996094852685928
427,4.0,-6.0,10,Hero,0.7124414414167404,0.9906317830085755
428,3.8000000000000007,-6.199999999999999,12,Hero,0.8005383567263683,0.9847202350695928
429,4.4,-5.6,6,Hero,0.8781366149584452,0.9964096248149872
430,3.7,-6.3,13,Hero,0.6383116351297269,0.9103324149663632
431,4.4,-5.6,6,Hero,0.8785764078299204,0.9996972382068634
432,4.300000000000001,-5.699999999999999,7,Hero,0.6713642584426063,0.9995455912181309
433,4.2,-5.8,8,Hero,0.7849564263597131,0.9992306679487228
434,4.0,-6.0,10,Hero,0.7181404456496239,0.9943112254142761
435,3.6000000000000005,-6.3999999999999995,14,Hero,0.7283465904848916,0.8929152557892459
436,4.0,-6.0,10,Hero,0.6791638731956482,0.9948831140995026
437,4.4,-5.6,6,Hero,0.9779223799705505,0.997010330359141
438,4.6000000000000005,-5.3999999999999995,4,Hero,0.7253251597285271,0.9998539686203003
439,3.7,-6.3,13,Hero,0.6957408338785172,0.9666987382448636
440,4.0,-6.0,10,Hero,0.6948367655277252,0.9978500008583069
441,3.5,-6.5,15,Hero,0.6143191535025835,0.933411439259847
442,3.0999999999999996,-6.9,19,Hero,0.6590907934464907,0.8970563370538386
443,4.300000000000001,-5.699999999999999,7,Hero,0.9000090190342495,0.9989634667124067
444,4.300000000000001,-5.699999999999999,7,Hero,0.8293877669743129,0.9991301723888942
445,-5.8,4.2,8,Villain,0.9004505202174187,0.9928563088178635
446,4.2,-5.8,8,Hero,0.8826169893145561,0.8542754246009281
447,3.6000000000000005,-6.3999999999999995,14,Hero,0.6642631451998439,0.8598629236221313
448,-5.8,4.2,8,Villain,0.9463187754154205,0.9887108728289604
449,4.0,-6.0,10,Hero,0.6850967019796371,0.9241066157817841
450,4.5,-5.5,5,Hero,0.7426501035690307,0.999884307384491
451,3.9000000000000004,-6.1,11,Hero,0.7811695892702449,0.9922572591088035
452,-5.8,4.2,8,Villain,0.7833914496004581,0.947703555226326
453,4.4,-5.6,6,Hero,0.9778459568818411,0.998824546734492
454,4.0,-6.0,10,Hero,0.8886670932173729,0.9825549721717834
455,4.1000000000000005,-5.8999999999999995,9,Hero,0.6984291639592912,0.9946641259723239
456,4.300000000000001,-5.699999999999999,7,Hero,0.6633274512631553,0.9992043120520455
457,3.6000000000000005,-6.3999999999999995,14,Hero,0.6902596264013222,0.9698554064546313
458,-5.6,4.4,6,Villain,0.6114814753333727,0.9977883597215017
459,4.6000000000000005,-5.3999999999999995,4,Hero,0.8155274093151093,0.9999393224716187
460,4.0,-6.0,10,Hero,0.8739396452903747,0.9985806047916412
461,3.6000000000000005,-6.3999999999999995,14,Hero,0.6676846646836826,0.8849847721202033
462,4.9,-5.1,1,Hero,0.8971043229103088,0.9999839067459106
463,-5.6,4.4,6,Villain,0.6215039044618607,0.9992925624052683
464,4.300000000000001,-5.699999999999999,7,Hero,0.8621349206992558,0.9992928845541817
465,-5.8999999999999995,4.1000000000000005,9,Villain,0.9191506637467278,0.9921546313497756
466,-5.3,4.7,3,Villain,0.6307118237018585,0.999782939751943
467,4.6000000000000005,-5.3999999999999995,4,Hero,0.9918235242366791,0.9999123066663742
468,-5.3999999999999995,4.6000000000000005,4,Villain,0.6028269678354263,0.9972192943096161
469,3.6000000000000005,-6.3999999999999995,14,Hero,0.6873299905232021,0.9420183130673
470,4.2,-5.8,8,Hero,0.8345061466097832,0.9997197389602661
471,4.4,-5.6,6,Hero,0.8576357960700989,0.9994635085264841
472,3.8000000000000007,-6.199999999999999,12,Hero,0.7104971705315014,0.9209337035814921
473,4.2,-5.8,8,Hero,0.868605432799086,0.9989545568823814
474,3.9000000000000004,-6.1,11,Hero,0.8404970981857993,0.9981025890870527
475,4.5,-5.5,5,Hero,0.4910285770893097,0.9999272346496582
476,4.5,-5.5,5,Hero,0.8375404834747314,0.9995055198669434
477,4.6000000000000005,-5.3999999999999995,4,Hero,0.9674616158008575,0.9997809827327728
478,4.300000000000001,-5.699999999999999,7,Hero,0.9713163290704999,0.9997919797897339
479,4.800000000000001,-5.199999999999999,2,Hero,0.9549554586410522,0.9999183416366577
480,4.2,-5.8,8,Hero,0.7705330774188042,0.9977925196290016
481,3.8000000000000007,-6.199999999999999,12,Hero,0.7315788542230924,0.9899854610363642
482,4.5,-5.5,5,Hero,0.8571583569049835,0.9985722899436951
483,4.1000000000000005,-5.8999999999999995,9,Hero,0.7203026645713382,0.9981266988648309
484,3.5,-6.5,15,Hero,0.7206010038654009,0.9026250004768371
485,-5.8999999999999995,4.1000000000000005,9,Villain,0.7766014867358737,0.9840285115771823
486,4.6000000000000005,-5.3999999999999995,4,Hero,0.9172244966030121,0.9992204308509827
487,3.6000000000000005,-6.3999999999999995,14,Hero,0.7418289993490491,0.9104475453495979
488,4.0,-6.0,10,Hero,0.7355070471763611,0.9981592893600464
489,4.0,-6.0,10,Hero,0.7659555226564407,0.9996670961380005
490,3.8000000000000007,-6.199999999999999,12,Hero,0.6933277075489362,0.9266598100463549
491,4.9,-5.1,1,Hero,0.9869312644004822,0.9999862909317017
492,4.6000000000000005,-5.3999999999999995,4,Hero,0.6358188092708588,0.9999346435070038
493,4.5,-5.5,5,Hero,0.7838963150978089,0.9998771905899048
494,3.9000000000000004,-6.1,11,Hero,0.831438506191427,0.9934608069333163
495,4.9,-5.1,1,Hero,0.5816881060600281,0.9999359846115112
496,4.300000000000001,-5.699999999999999,7,Hero,0.979298642703465,0.9993947829519
497,4.0,-6.0,10,Hero,0.92105912566185,0.9972683250904083
498,4.0,-6.0,10,Hero,0.9162079632282257,0.9924368262290955
499,3.7,-6.3,13,Hero,0.7139458014414861,0.8864085657092241
500,-6.1,3.9000000000000004,11,Villain,0.6545100435614586,0.8606896942312067
501,3.7,-6.3,13,Hero,0.6231676500577193,0.8765328171161505
502,3.8000000000000007,-6.199999999999999,12,Hero,0.7879337693254153,0.9997111310561498
503,3.7,-6.3,13,Hero,0.7657402409957006,0.9403315094801096
504,-6.0,4.0,10,Villain,0.8008651822805405,0.9024089992046356
505,4.4,-5.6,6,Hero,0.6199704259634018,0.9994098444779714
506,3.0,-7.0,20,Hero,0.6089408863335848,0.8764749993570149
507,4.300000000000001,-5.699999999999999,7,Hero,0.5902350928102221,0.999443130833762
508,4.7,-5.3,3,Hero,0.7551993727684021,0.9999516407648722
509,3.9000000000000004,-6.1,11,Hero,0.6660003025423397,0.9993353865363381
510,4.2,-5.8,8,Hero,0.7883726879954338,0.9994231164455414
511,3.9000000000000004,-6.1,11,Hero,0.6958475004542958,0.9065888511355628
512,-5.3,4.7,3,Villain,0.5632359186808268,0.9998834927876791
513,-5.199999999999999,4.800000000000001,2,Villain,0.5044492706656456,0.6606168299913406
514,3.6000000000000005,-6.3999999999999995,14,Hero,0.693514496088028,0.8964929027216775
515,4.7,-5.3,3,Hero,0.5974269807338715,0.9997284213701884
516,3.8000000000000007,-6.199999999999999,12,Hero,0.8186729351679484,0.9932251075903574
517,3.6000000000000005,-6.3999999999999995,14,Hero,0.7191777782780784,0.8445336459470647
518,4.1000000000000005,-5.8999999999999995,9,Hero,0.7512180805206299,0.9322266247537401
519,3.2,-6.8,18,Hero,0.655494732161363,0.9408307241068946
520,4.5,-5.5,5,Hero,0.6364556193351746,0.9718882203102112
521,4.9,-5.1,1,Hero,0.9684708714485168,0.9996127486228943
522,4.300000000000001,-5.699999999999999,7,Hero,0.8880356805665153,0.7981494409697396
523,4.5,-5.5,5,Hero,0.7679444253444672,0.9998976588249207
524,3.5,-6.5,15,Hero,0.7102372050285339,0.8736333248515924
525,4.300000000000001,-5.699999999999999,7,Hero,0.8428931278841836,0.9671969754355294
526,3.8000000000000007,-6.199999999999999,12,Hero,0.7295243019858996,0.9314666489760081
527,4.0,-6.0,10,Hero,0.7059211879968643,0.9204346060752868
528,4.2,-5.8,8,Hero,0.6463291272521019,0.9067245274782181
529,3.7,-6.3,13,Hero,0.752523582142133,0.9226311720334567
530,4.6000000000000005,-5.3999999999999995,4,Hero,0.6144098863005638,0.9985321760177612
531,3.6000000000000005,-6.3999999999999995,14,Hero,0.696108204977853,0.8994330380644117
532,3.6000000000000005,-6.3999999999999995,14,Hero,0.7329841107130051,0.9200444966554642
533,3.3,-6.7,17,Hero,0.6310510065625695,0.8215607027797138
534,3.9000000000000004,-6.1,11,Hero,0.8648065802725878,0.9798421480438926
535,4.1000000000000005,-5.8999999999999995,9,Hero,0.8507178624471029,0.9932443234655592
536,4.800000000000001,-5.199999999999999,2,Hero,0.8743249475955963,0.999444842338562
537,-5.5,4.5,5,Villain,0.5542202785611152,0.7673368155956268
538,-5.1,4.9,1,Villain,0.9334891438484192,0.9522913694381714
539,3.2,-6.8,18,Hero,0.6102752271625731,0.9232985509766473
540,3.7,-6.3,13,Hero,0.7981582180811808,0.9972613591414231
541,3.4000000000000004,-6.6,16,Hero,0.7480016411282122,0.8714557723724283
542,2.6999999999999997,-7.300000000000001,23,Hero,0.6491944997206979,0.995946018592171
543,3.2,-6.8,18,Hero,0.7298712490333451,0.9467751367224587
544,4.5,-5.5,5,Hero,0.7152328252792358,0.9999858140945435
545,4.5,-5.5,5,Hero,0.5904348850250244,0.9999689340591431
546,4.300000000000001,-5.699999999999999,7,Hero,0.9985740269933429,0.9995641708374023
547,3.9000000000000004,-6.1,11,Hero,0.8416500308296897,0.9942361929199912
548,4.6000000000000005,-5.3999999999999995,4,Hero,0.9995845258235931,0.9997876733541489
549,4.2,-5.8,8,Hero,0.9998372122645378,0.9775616154074669
550,3.4000000000000004,-6.6,16,Hero,0.7339092418551445,0.9588081613183022
551,4.800000000000001,-5.199999999999999,2,Hero,0.9996519088745117,0.9997504949569702
552,4.800000000000001,-5.199999999999999,2,Hero,0.9202694892883301,0.9999682307243347
553,-5.699999999999999,4.300000000000001,7,Villain,0.6900643493447985,0.9990717853818621
554,1.3999999999999986,-8.600000000000001,36,Hero,0.8876351316769918,0.9864160567522049
555,4.0,-6.0,10,Hero,0.7823780626058578,0.9977084159851074
556,3.4000000000000004,-6.6,16,Hero,0.688308765180409,0.8280816478654742
557,3.3,-6.7,17,Hero,0.6496072648202672,0.8932321483324117
558,4.0,-6.0,10,Hero,0.8263897776603699,0.9968000173568725
559,4.4,-5.6,6,Hero,0.8241668616731962,0.9996235370635986
560,4.2,-5.8,8,Hero,0.9960466250777245,0.9967005252838135
561,4.5,-5.5,5,Hero,0.6636105358600617,0.9991026878356933
562,4.5,-5.5,5,Hero,0.6660956740379333,0.999874758720398
563,-5.8999999999999995,4.1000000000000005,9,Villain,0.7660012659099367,0.8409556928608153
564,4.2,-5.8,8,Hero,0.9927694872021675,0.9976324439048767
565,4.4,-5.6,6,Hero,0.6979787051677704,0.9999871253967285
566,-5.3999999999999995,4.6000000000000005,4,Villain,0.9876341223716736,0.9814803749322891
567,4.800000000000001,-5.199999999999999,2,Hero,0.9914778172969818,0.9996147155761719
568,3.5,-6.5,15,Hero,0.6910569032033285,0.8580866413811843
569,4.300000000000001,-5.699999999999999,7,Hero,0.8509914577007294,0.9970085365431649
570,4.5,-5.5,5,Hero,0.7621839165687561,0.9999275803565979
571,4.300000000000001,-5.699999999999999,7,Hero,0.6940872669219971,0.999498188495636
572,4.0,-6.0,10,Hero,0.7853205144405365,0.9734455347061157
573,4.1000000000000005,-5.8999999999999995,9,Hero,0.9389216370052762,0.9977292617162069
574,4.1000000000000005,-5.8999999999999995,9,Hero,0.856113667289416,0.9042650361855825
575,4.0,-6.0,10,Hero,0.6839672401547432,0.9994419872760772
576,4.2,-5.8,8,Hero,0.6847334187477827,0.998921126127243
577,3.8000000000000007,-6.199999999999999,12,Hero,0.816145251194636,0.9569255312283834
578,4.2,-5.8,8,Hero,0.6494451090693474,0.9992227479815483
579,4.0,-6.0,10,Hero,0.7407501175999641,0.9794290840625763
580,3.7,-6.3,13,Hero,0.8234845743729517,0.9519722966047434
581,4.4,-5.6,6,Hero,0.8844027022520701,0.9999234775702158
582,4.4,-5.6,6,Hero,0.9688596228758494,0.9999125599861145
583,4.300000000000001,-5.699999999999999,7,Hero,0.9608430692127773,0.9999503663608006
584,3.6000000000000005,-6.3999999999999995,14,Hero,0.7258563424859729,0.935227768761771
585,4.6000000000000005,-5.3999999999999995,4,Hero,0.45905788987874985,0.9986830204725266
586,4.4,-5.6,6,Hero,0.7883209139108658,0.9997489154338837
587,4.1000000000000005,-5.8999999999999995,9,Hero,0.8654713763131036,0.9272331131829156
588,3.7,-6.3,13,Hero,0.6895123456533139,0.9323643331344311
589,4.2,-5.8,8,Hero,0.8031093496829271,0.9998895302414894
590,3.3,-6.7,17,Hero,0.6345969754106858,0.9364948535666746
591,4.0,-6.0,10,Hero,0.8886817753314972,0.8833177206572145
592,4.300000000000001,-5.699999999999999,7,Hero,0.7545297656740461,0.9998263801847186
593,-5.3,4.7,3,Villain,0.5969836960236231,0.7875730196634928
594,4.2,-5.8,8,Hero,0.7226833216845989,0.9420702755451202
595,4.2,-5.8,8,Hero,0.7584176883101463,0.9997729137539864
596,4.300000000000001,-5.699999999999999,7,Hero,0.8922210335731506,0.9380189265523639
597,3.7,-6.3,13,Hero,0.7491766420694498,0.9257035897328303
598,4.6000000000000005,-5.3999999999999995,4,Hero,0.762510135769844,0.9997894167900085
599,4.300000000000001,-5.699999999999999,7,Hero,0.8701726304633277,0.9991533756256104
600,4.300000000000001,-5.699999999999999,7,Hero,0.8208118421690804,0.9936425771032061
601,4.800000000000001,-5.199999999999999,2,Hero,0.7419326603412628,0.9999960064888
602,4.6000000000000005,-5.3999999999999995,4,Hero,0.8686733245849609,0.9999372959136963
603,4.0,-6.0,10,Hero,0.8321905259042979,0.997536015510559
604,3.9000000000000004,-6.1,11,Hero,0.7153749140826139,0.9166393015872348
605,4.300000000000001,-5.699999999999999,7,Hero,0.8091321459838322,0.9682186075619289
606,3.8000000000000007,-6.199999999999999,12,Hero,0.8256762009114027,0.9539741923411688
607,4.300000000000001,-5.699999999999999,7,Hero,0.8127892741135189,0.9996535863195147
608,3.3,-6.7,17,Hero,0.5988890519913506,0.8484053971136317
609,-5.699999999999999,4.300000000000001,7,Villain,0.9974276508603778,0.9368219716208321
610,4.0,-6.0,10,Hero,0.7631595194339752,0.9992864191532135
611,4.2,-5.8,8,Hero,0.8388407155871391,0.9831304252147675
612,4.9,-5.1,1,Hero,0.7695301175117493,0.9999364614486694
613,4.300000000000001,-5.699999999999999,7,Hero,0.7201766669750214,0.9908253124782017
614,4.2,-5.8,8,Hero,0.6118174232542515,0.9875938892364502
615,3.8000000000000007,-6.199999999999999,12,Hero,0.7409494239836931,0.9964311867952347
616,4.0,-6.0,10,Hero,0.8259486012160778,0.9904755890369416
617,4.5,-5.5,5,Hero,0.7785779356956481,0.9999435901641845
618,-5.3999999999999995,4.6000000000000005,4,Villain,0.4381043165922165,0.792492538690567
619,3.5,-6.5,15,Hero,0.752536429464817,0.8919094506030282
620,3.8000000000000007,-6.199999999999999,12,Hero,0.8224663659930229,0.993978555003802
621,3.5,-6.5,15,Hero,0.7080973704655965,0.9008689949909846
622,4.0,-6.0,10,Hero,0.9340255975723266,0.9983202457427979
623,4.0,-6.0,10,Hero,0.9436604082584381,0.9982664048671722
624,3.9000000000000004,-6.1,11,Hero,0.7355043508789756,0.9982093301686373
625,3.6000000000000005,-6.3999999999999995,14,Hero,0.7623630527939115,0.9614328486578805
626,4.7,-5.3,3,Hero,0.8363851110140482,0.9994517167409261
627,4.2,-5.8,8,Hero,0.9106565937399864,0.9837253615260124
628,3.0999999999999996,-6.9,19,Hero,0.6969706880811014,0.9235716085684927
629,4.2,-5.8,8,Hero,0.7705937251448631,0.9984067305922508
630,4.2,-5.8,8,Hero,0.7765448205173016,0.9421932399272919
631,3.8000000000000007,-6.199999999999999,12,Hero,0.7174066255489985,0.9615590075651804
632,4.5,-5.5,5,Hero,0.9670440316200256,0.9931738972663879
633,3.8000000000000007,-6.199999999999999,12,Hero,0.6790624484419823,0.9444600517551104
634,3.5,-6.5,15,Hero,0.7170252680778504,0.9408285617828369
635,3.9000000000000004,-6.1,11,Hero,0.8827255124395544,0.9137778905304995
636,4.2,-5.8,8,Hero,0.9953707009553909,0.9997518882155418
637,3.0,-7.0,20,Hero,0.673965459689498,0.9628930628299713
638,4.9,-5.1,1,Hero,0.8615086674690247,0.9999872446060181
639,4.0,-6.0,10,Hero,0.8544965147972107,0.9478259325027466
640,3.3,-6.7,17,Hero,0.6817331734825584,0.9242369041723364
641,3.5,-6.5,15,Hero,0.7148397872845332,0.9057337517229219
642,3.6000000000000005,-6.3999999999999995,14,Hero,0.6993268575253231,0.9410659159932818
643,4.7,-5.3,3,Hero,0.725140909353892,0.9998941222826639
644,3.5,-6.5,15,Hero,0.7340156771242619,0.9713870922724406
645,3.4000000000000004,-6.6,16,Hero,0.6857056254521012,0.876377459615469
646,4.6000000000000005,-5.3999999999999995,4,Hero,0.978582888841629,0.9990271478891373
647,4.300000000000001,-5.699999999999999,7,Hero,0.9795260855129787,0.9966048427990505
648,2.8,-7.2,22,Hero,0.6427517553622072,0.9201129221103408
649,4.4,-5.6,6,Hero,0.9177064796288809,0.9998546242713928
650,-5.6,4.4,6,Villain,0.8400236691037813,0.8972564935684204
651,4.5,-5.5,5,Hero,0.8086397469043731,0.8189204901456832
652,-5.3999999999999995,4.6000000000000005,4,Villain,0.9989371299743652,0.9536344558000565
653,4.6000000000000005,-5.3999999999999995,4,Hero,0.7127480804920197,0.9927745759487152
654,4.800000000000001,-5.199999999999999,2,Hero,0.9872739315032959,0.9999894499778748
655,4.7,-5.3,3,Hero,0.6090505123138428,0.9995723565419515
656,4.2,-5.8,8,Hero,0.7896271646022797,0.999392680823803
657,4.300000000000001,-5.699999999999999,7,Hero,0.8065476332392011,0.9975386772836957
658,3.7,-6.3,13,Hero,0.7262567327572749,0.9856862471653864
659,4.4,-5.6,6,Hero,0.475464624663194,0.9999956289927164
660,4.4,-5.6,6,Hero,0.784927765528361,0.9514024058977762
661,4.1000000000000005,-5.8999999999999995,9,Hero,0.9430919686953226,0.9915753404299418
662,4.4,-5.6,6,Hero,0.828223142772913,0.9994617402553558
663,3.7,-6.3,13,Hero,0.7438709472234433,0.9046132770868448
664,4.1000000000000005,-5.8999999999999995,9,Hero,0.6875698616107305,0.9983980059623718
665,4.1000000000000005,-5.8999999999999995,9,Hero,0.8651494648721483,0.9367374446656969
666,3.9000000000000004,-6.1,11,Hero,0.8235291215506467,0.9649384184317156
667,3.0,-7.0,20,Hero,0.7009268879890442,0.9521931052207947
668,4.2,-5.8,8,Hero,0.9965018704533577,0.9971109926700592
669,4.1000000000000005,-5.8999999999999995,9,Hero,0.8036711663007736,0.9023995018667645
670,4.7,-5.3,3,Hero,0.5832575956980387,0.9987999200820923
671,-5.5,4.5,5,Villain,0.698040759563446,0.9773675441741944
672,4.1000000000000005,-5.8999999999999995,9,Hero,0.7294816043900533,0.9024120105637444
673,4.6000000000000005,-5.3999999999999995,4,Hero,0.7416756600141525,0.9999965131282806
674,3.0999999999999996,-6.9,19,Hero,0.6385248321059503,0.8868266046047211
675,3.8000000000000007,-6.199999999999999,12,Hero,0.8013410444060961,0.9572086284557978
676,3.9000000000000004,-6.1,11,Hero,0.79680570485917,0.9157599915157665
677,4.0,-6.0,10,Hero,0.9192064613103866,0.9707108914852143
678,4.6000000000000005,-5.3999999999999995,4,Hero,0.9665314108133316,0.9988400638103485
679,4.0,-6.0,10,Hero,0.7912829559296369,0.999834680557251
680,4.2,-5.8,8,Hero,0.6964817391708493,0.9995852783322334
681,4.4,-5.6,6,Hero,0.6730484291911125,0.9999461869398752
682,4.0,-6.0,10,Hero,0.7719333618879318,0.998965322971344
683,3.3,-6.7,17,Hero,0.7421483967234107,0.9186496831038419
684,3.8000000000000007,-6.199999999999999,12,Hero,0.847767618795236,0.9701912502447764
685,2.9,-7.1,21,Hero,0.6729372512726557,0.9680248981430417
686,3.7,-6.3,13,Hero,0.7162890915687268,0.9949247149320749
687,4.5,-5.5,5,Hero,0.8481008052825928,0.9999639511108398
688,4.300000000000001,-5.699999999999999,7,Hero,0.7560946260179792,0.9998160260064262
689,4.5,-5.5,5,Hero,0.7699621677398681,0.9999679565429688
690,3.9000000000000004,-6.1,11,Hero,0.8322037146850065,0.9947962869297374
691,4.1000000000000005,-5.8999999999999995,9,Hero,0.8579555716779497,0.9997897611724006
692,3.6000000000000005,-6.3999999999999995,14,Hero,0.7922407750572477,0.8973608783313206
693,-5.3999999999999995,4.6000000000000005,4,Villain,0.7532035112380981,0.9971706420183182
694,3.3,-6.7,17,Hero,0.7714905572288177,0.9276414829141953
695,3.9000000000000004,-6.1,11,Hero,0.810137079520659,0.9502503926103766
696,3.6000000000000005,-6.3999999999999995,14,Hero,0.7606493213347026,0.8948917142780763
697,4.2,-5.8,8,Hero,0.5161654874682426,0.9999669194221497
698,4.2,-5.8,8,Hero,0.7782212216407061,0.9977834150195122
699,2.8,-7.2,22,Hero,0.7022116631269455,0.9587611596692692
700,3.9000000000000004,-6.1,11,Hero,0.8454420674930919,0.9976918805729259
701,4.5,-5.5,5,Hero,0.7091911435127258,0.9985207319259644
702,4.4,-5.6,6,Hero,0.9804240067799886,0.9999472796916962
703,4.2,-5.8,8,Hero,0.8731963187456131,0.9998635947704315
704,4.1000000000000005,-5.8999999999999995,9,Hero,0.6874355441994138,0.9983168575498793
705,4.6000000000000005,-5.3999999999999995,4,Hero,0.9816843569278717,0.9999918341636658
706,4.0,-6.0,10,Hero,0.8621470302343368,0.998267662525177
707,3.3,-6.7,17,Hero,0.7282372441361932,0.8787754966932184
708,4.6000000000000005,-5.3999999999999995,4,Hero,0.9468046873807907,0.999996155500412
709,4.300000000000001,-5.699999999999999,7,Hero,0.7964144221373967,0.9834944605827332
710,3.5,-6.5,15,Hero,0.7700464149316152,0.8980247577031454
711,4.1000000000000005,-5.8999999999999995,9,Hero,0.793883913093143,0.9254112607902951
712,4.1000000000000005,-5.8999999999999995,9,Hero,0.9923892219861349,0.9683791134092543
713,3.0999999999999996,-6.9,19,Hero,0.6878235057780617,0.9424525687569066
714,3.9000000000000004,-6.1,11,Hero,0.7283100458708677,0.9989990050142462
715,3.2,-6.8,18,Hero,0.7064977321359847,0.9137251567509439
716,3.7,-6.3,13,Hero,0.8216943167723142,0.9875575579129733
717,3.7,-6.3,13,Hero,0.801529164497669,0.9927349778322073
718,3.8000000000000007,-6.199999999999999,12,Hero,0.889687642455101,0.999318798383077
719,3.6000000000000005,-6.3999999999999995,14,Hero,0.7383478858641216,0.9543772126947131
720,4.7,-5.3,3,Hero,0.7494501272837321,0.9999705155690511
721,4.0,-6.0,10,Hero,0.8824608772993088,0.869038550555706
722,4.9,-5.1,1,Hero,0.756976306438446,0.9999996423721313
723,4.6000000000000005,-5.3999999999999995,4,Hero,0.6388126444071531,0.9999871850013733
724,4.4,-5.6,6,Hero,0.7118109787503878,0.9976330002148946
725,3.9000000000000004,-6.1,11,Hero,0.7708831537853588,0.9917094544930891
726,3.9000000000000004,-6.1,11,Hero,0.7868153723803434,0.9971010197292675
727,4.5,-5.5,5,Hero,0.9741252303123474,0.9999472498893738
728,3.4000000000000004,-6.6,16,Hero,0.716191852465272,0.9346242435276508
729,3.4000000000000004,-6.6,16,Hero,0.7079940075054765,0.9751028381288052
730,4.1000000000000005,-5.8999999999999995,9,Hero,0.8812688837448756,0.9936573770311143
731,3.7,-6.3,13,Hero,0.7061898158146784,0.8900322878303436
732,4.300000000000001,-5.699999999999999,7,Hero,0.7563270160130092,0.9999838556562152
733,3.6000000000000005,-6.3999999999999995,14,Hero,0.8038816941635949,0.961985149553844
734,4.300000000000001,-5.699999999999999,7,Hero,0.8890019527503422,0.9968636972563607
735,-5.1,4.9,1,Villain,0.9996622800827026,0.9999613761901855
736,4.2,-5.8,8,Hero,0.6623210357502103,0.9999570772051811
737,4.0,-6.0,10,Hero,0.7137136131525039,0.9255415558815002
738,4.1000000000000005,-5.8999999999999995,9,Hero,0.9572505023744371,0.9999249577522278
739,-5.5,4.5,5,Villain,0.9852954864501953,0.9726681351661682
740,3.6000000000000005,-6.3999999999999995,14,Hero,0.7596938905439207,0.9457091007913861
741,4.800000000000001,-5.199999999999999,2,Hero,0.9150773584842682,0.9999793767929077
742,4.5,-5.5,5,Hero,0.9748968005180358,0.9994680047035217
743,4.2,-5.8,8,Hero,0.9941517412662506,0.9998311102390289
744,3.4000000000000004,-6.6,16,Hero,0.7240306194871664,0.9544199705123901
745,3.6000000000000005,-6.3999999999999995,14,Hero,0.7877704417333007,0.9552252164908818
746,4.2,-5.8,8,Hero,0.7861346285790205,0.9998632743954659
747,4.1000000000000005,-5.8999999999999995,9,Hero,0.8025690250926547,0.9999243418375651
748,4.0,-6.0,10,Hero,0.8898784816265106,0.9999423503875733
749,3.8000000000000007,-6.199999999999999,12,Hero,0.7145452226201693,0.9982448220252991
750,4.0,-6.0,10,Hero,0.9401640087366104,0.9826242208480835
751,3.0,-7.0,20,Hero,0.5986114956438542,0.9651343941688537
752,3.6000000000000005,-6.3999999999999995,14,Hero,0.743321204824107,0.8348310450091958
753,4.1000000000000005,-5.8999999999999995,9,Hero,0.9635803037219577,0.9943820039431254
754,4.9,-5.1,1,Hero,0.6429464817047119,1.0
755,3.2,-6.8,18,Hero,0.7009239312675264,0.9268908765580919
756,4.0,-6.0,10,Hero,0.756835600733757,0.9998519241809845
757,4.9,-5.1,1,Hero,0.9788342118263245,0.9999995231628418
758,3.4000000000000004,-6.6,16,Hero,0.7011391213163733,0.9417307320982218
759,3.2,-6.8,18,Hero,0.7103160226510631,0.9173263913641373
760,3.0,-7.0,20,Hero,0.7853607892990112,0.9725802809000015
761,4.300000000000001,-5.699999999999999,7,Hero,0.840879180601665,0.9999927963529315
762,3.6000000000000005,-6.3999999999999995,14,Hero,0.6547938862017223,0.9570358267852238
763,3.9000000000000004,-6.1,11,Hero,0.7598858746615323,0.9987900853157043
764,4.9,-5.1,1,Hero,0.9972752928733826,0.9999996423721313
765,4.0,-6.0,10,Hero,0.7503191903233528,0.9994902014732361
766,3.2,-6.8,18,Hero,0.6058635264635086,0.9663147628307343
767,4.4,-5.6,6,Hero,0.7257275879383087,0.9999916950861613
768,3.9000000000000004,-6.1,11,Hero,0.834229667078365,0.9995925643227317
769,3.5,-6.5,15,Hero,0.6461582964286208,0.9381316870450973
770,4.5,-5.5,5,Hero,0.9398355722427368,0.9999215364456177
771,4.6000000000000005,-5.3999999999999995,4,Hero,0.9526401162147522,0.9999981224536896
772,3.7,-6.3,13,Hero,0.8064243426689734,0.99119378053225
773,-5.1,4.9,1,Villain,0.9982964396476746,0.997864305973053
774,4.2,-5.8,8,Hero,0.8390721827745438,0.9999652281403542
775,4.5,-5.5,5,Hero,0.9948889255523682,0.9999967813491821
776,4.300000000000001,-5.699999999999999,7,Hero,0.997383109160832,0.9999958957944598
777,2.9,-7.1,21,Hero,0.7175006036247525,0.9241807503359658
778,4.1000000000000005,-5.8999999999999995,9,Hero,0.8007328973876106,0.994611468580034
779,-5.3999999999999995,4.6000000000000005,4,Villain,0.7195820696651936,0.943450927734375
780,4.7,-5.3,3,Hero,0.5985658715168635,0.9999992847442627
781,4.4,-5.6,6,Hero,0.9916189014911652,0.9999712705612183
782,-5.3999999999999995,4.6000000000000005,4,Villain,0.9907238930463791,0.9901908785104752
783,3.6000000000000005,-6.3999999999999995,14,Hero,0.7713703768593925,0.9603583174092429
784,3.9000000000000004,-6.1,11,Hero,0.7234571413560347,0.9995377497239546
785,3.7,-6.3,13,Hero,0.8526319712400436,0.9975067514639634
786,4.0,-6.0,10,Hero,0.8112961784005165,0.9999318957328797
787,3.5,-6.5,15,Hero,0.7117726313571135,0.9866784890492757
788,4.4,-5.6,6,Hero,0.9765836596488953,0.9996346831321716
789,4.9,-5.1,1,Hero,0.9340790510177612,0.9999998807907104
790,3.3,-6.7,17,Hero,0.7074801196645507,0.9568066298961639
791,3.8000000000000007,-6.199999999999999,12,Hero,0.6732731147979697,0.8667096773472925
792,4.1000000000000005,-5.8999999999999995,9,Hero,0.7196011112795936,0.9999909533394707
793,4.0,-6.0,10,Hero,0.882194870710373,0.9926999926567077
794,3.5,-6.5,15,Hero,0.7583596090475718,0.9703269362449646
795,4.300000000000001,-5.699999999999999,7,Hero,0.7529438180582864,0.9999781676701137
796,3.6000000000000005,-6.3999999999999995,14,Hero,0.8676467325006213,0.9954858209405627
797,-5.6,4.4,6,Villain,0.9998548130194346,0.9989197055498759
798,4.5,-5.5,5,Hero,0.8464873433113098,0.9999990224838257
799,4.2,-5.8,8,Hero,0.9046556502580643,0.9945058524608612
800,3.9000000000000004,-6.1,11,Hero,0.8914349241690203,0.9996421933174133
801,4.5,-5.5,5,Hero,0.9766554594039917,0.9999910593032837
802,3.7,-6.3,13,Hero,0.7403103777995477,0.9984662807904757
803,4.0,-6.0,10,Hero,0.709358986467123,0.997643518447876
804,4.2,-5.8,8,Hero,0.7526604495942593,0.9976718053221703
805,3.2,-6.8,18,Hero,0.6865207289035121,0.8996814108557172
806,4.2,-5.8,8,Hero,0.9158810824155807,0.9990390166640282
807,4.0,-6.0,10,Hero,0.8091510362923146,0.9998551309108734
808,3.6000000000000005,-6.3999999999999995,14,Hero,0.7273980996438435,0.9852649867534637
809,4.5,-5.5,5,Hero,0.9916874051094056,0.9998879313468934
810,4.0,-6.0,10,Hero,0.8871822118759155,0.9999227941036224
811,4.7,-5.3,3,Hero,0.9918104211489359,0.9999982118606567
812,4.7,-5.3,3,Hero,0.7780341307322184,0.9999991655349731
813,3.7,-6.3,13,Hero,0.8485425137556516,0.99853548178306
814,4.1000000000000005,-5.8999999999999995,9,Hero,0.9230944547388289,0.9999766747156779
815,3.6000000000000005,-6.3999999999999995,14,Hero,0.826493889093399,0.9777819429125104
816,4.2,-5.8,8,Hero,0.9092709943652153,0.9922711253166199
817,4.0,-6.0,10,Hero,0.843409264087677,0.9995172142982482
818,4.800000000000001,-5.199999999999999,2,Hero,0.6503669768571854,0.9999963641166687
819,4.0,-6.0,10,Hero,0.9457456290721893,0.9992612302303314
820,4.1000000000000005,-5.8999999999999995,9,Hero,0.7145280606216855,0.9777638713518778
821,4.9,-5.1,1,Hero,0.9752538800239563,0.9999998807907104
822,4.1000000000000005,-5.8999999999999995,9,Hero,0.7696372320254644,0.9999482896592882
823,4.300000000000001,-5.699999999999999,7,Hero,0.9973828792572021,0.9999906676156181
824,3.9000000000000004,-6.1,11,Hero,0.8523845306851647,0.9997325377030806
825,4.7,-5.3,3,Hero,0.9592992464701334,0.9999996026357015
826,4.2,-5.8,8,Hero,0.7302572093904018,0.9814022779464722
827,4.300000000000001,-5.699999999999999,7,Hero,0.938987238066537,0.9999920640672956
828,4.5,-5.5,5,Hero,0.9821454882621765,0.9999984741210938
829,3.7,-6.3,13,Hero,0.8116425757224743,0.9988233813872704
830,4.2,-5.8,8,Hero,0.9965807273983955,0.9999247491359711
831,4.7,-5.3,3,Hero,0.9597319960594177,0.9999978542327881
832,4.300000000000001,-5.699999999999999,7,Hero,0.9096547790936061,0.999982339995248
833,3.9000000000000004,-6.1,11,Hero,0.758028547194871,0.9998226653445851
834,3.8000000000000007,-6.199999999999999,12,Hero,0.8380930796265602,0.956292082866033
835,4.0,-6.0,10,Hero,0.8874764621257782,0.9996387243270874
836,4.300000000000001,-5.699999999999999,7,Hero,0.7787052648408073,0.999988351549421
837,3.9000000000000004,-6.1,11,Hero,0.8458164469762282,0.9017013162374496
838,4.300000000000001,-5.699999999999999,7,Hero,0.7920023458344596,0.99997992174966
839,4.0,-6.0,10,Hero,0.7728432327508926,0.9997894763946533
840,3.2,-6.8,18,Hero,0.7194676796595255,0.9010260982645882
841,3.7,-6.3,13,Hero,0.7801284560790429,0.9667115257336543
842,4.9,-5.1,1,Hero,0.9523830413818359,0.9999998807907104
843,4.2,-5.8,8,Hero,0.8734736684709787,0.9996913820505142
844,4.2,-5.8,8,Hero,0.8512171618640423,0.9999878853559494
845,-5.8999999999999995,4.1000000000000005,9,Villain,0.806856115659078,0.9763828780916002
846,3.6000000000000005,-6.3999999999999995,14,Hero,0.7268230255161013,0.949713430234364
847,3.9000000000000004,-6.1,11,Hero,0.7847331491383639,0.9992225820367987
848,3.7,-6.3,13,Hero,0.6620705723762512,0.9835285177597632
849,3.7,-6.3,13,Hero,0.7553522116862811,0.957424480181474
850,4.300000000000001,-5.699999999999999,7,Hero,0.8354388347693852,0.999968273299081
851,4.5,-5.5,5,Hero,0.8069215059280396,0.9999988317489624
852,4.2,-5.8,8,Hero,0.9319653958082199,0.9999891966581345
853,4.7,-5.3,3,Hero,0.781447172164917,0.9999997218449911
854,3.7,-6.3,13,Hero,0.7380169286177709,0.8987801900276771
855,-5.8999999999999995,4.1000000000000005,9,Villain,0.9347365299860636,0.9588181641366746
856,3.4000000000000004,-6.6,16,Hero,0.7697825152426958,0.9606721550226212
857,3.5,-6.5,15,Hero,0.7634281078974406,0.9709261735280355
858,4.0,-6.0,10,Hero,0.7111130490899086,0.9959311068058014
859,4.4,-5.6,6,Hero,0.8554509952664375,0.9999989072481791
860,4.2,-5.8,8,Hero,0.6597025822848082,0.9999720305204391
861,4.7,-5.3,3,Hero,0.9377342263857523,0.9999999205271403
862,4.2,-5.8,8,Hero,0.9393850266933441,0.9999518319964409
863,4.6000000000000005,-5.3999999999999995,4,Hero,0.8760602623224258,0.999997466802597
864,4.2,-5.8,8,Hero,0.9301013797521591,0.9882528781890869
865,4.2,-5.8,8,Hero,0.9950736239552498,0.9998941943049431
866,3.9000000000000004,-6.1,11,Hero,0.8549304035576907,0.9977289709177884
867,4.1000000000000005,-5.8999999999999995,9,Hero,0.8171664443280962,0.9999099771181742
868,4.0,-6.0,10,Hero,0.8780261158943177,0.9999512553215026
869,4.5,-5.5,5,Hero,0.9969949126243591,0.9999991416931152
870,4.300000000000001,-5.699999999999999,7,Hero,0.7921268003327506,0.9999836172376361
871,3.9000000000000004,-6.1,11,Hero,0.8969799388538707,0.9517892599105835
872,4.0,-6.0,10,Hero,0.8475833088159561,0.9998702645301819
873,4.0,-6.0,10,Hero,0.7551535844802857,0.9503797173500061
874,4.7,-5.3,3,Hero,0.8289322455724081,0.9999995231628418
875,4.9,-5.1,1,Hero,0.9397137761116028,0.9999994039535522
876,3.8000000000000007,-6.199999999999999,12,Hero,0.6819905856003364,0.9474325925111771
877,3.6000000000000005,-6.3999999999999995,14,Hero,0.8043235859700612,0.9670236153262002
878,4.5,-5.5,5,Hero,0.5502409301698208,0.999993371963501
879,4.0,-6.0,10,Hero,0.6453592710196971,0.9888135254383087
880,4.1000000000000005,-5.8999999999999995,9,Hero,0.9328496919737922,0.9986861414379544
881,2.6999999999999997,-7.300000000000001,23,Hero,0.6203926536052123,0.9029709144454935
882,4.5,-5.5,5,Hero,0.8388575911521912,0.9999980211257935
883,3.8000000000000007,-6.199999999999999,12,Hero,0.8097685525814692,0.9978530605634054
884,4.2,-5.8,8,Hero,0.6289326595142484,0.9939849823713303
885,3.6000000000000005,-6.3999999999999995,14,Hero,0.7860136585576194,0.978028552872794
886,4.1000000000000005,-5.8999999999999995,9,Hero,0.9921616713205973,0.9999554091029697
887,-5.5,4.5,5,Villain,0.8614017546176911,0.999897038936615
888,3.7,-6.3,13,Hero,0.8445821266907912,0.9967087736496558
889,3.9000000000000004,-6.1,11,Hero,0.6616287664933638,0.9984246546571905
890,3.8000000000000007,-6.199999999999999,12,Hero,0.7693328559398651,0.9764245202143987
891,4.6000000000000005,-5.3999999999999995,4,Hero,0.7402263097465038,0.9999986588954926
892,4.4,-5.6,6,Hero,0.6688486437002817,0.9999977350234985
893,4.0,-6.0,10,Hero,0.832165515422821,0.9989492654800415
894,3.7,-6.3,13,Hero,0.7993900730059698,0.9957010837701651
895,-5.199999999999999,4.800000000000001,2,Villain,0.9434850811958313,0.9999507069587708
896,4.300000000000001,-5.699999999999999,7,Hero,0.8256722944123405,0.9999747446605137
897,4.5,-5.5,5,Hero,0.8628658771514892,0.999980115890503
898,3.8000000000000007,-6.199999999999999,12,Hero,0.764451744655768,0.9985478868087133
899,4.7,-5.3,3,Hero,0.970592220624288,0.9999963045120239
900,4.6000000000000005,-5.3999999999999995,4,Hero,0.9829524755477905,0.9999969899654388
901,3.9000000000000004,-6.1,11,Hero,0.7635908604345538,0.9999065886844288
902,3.7,-6.3,13,Hero,0.7503934145833437,0.9948564217640803
903,3.9000000000000004,-6.1,11,Hero,0.9016910141164606,0.9970614801753651
904,4.2,-5.8,8,Hero,0.8641355261206627,0.9999547675251961
905,3.9000000000000004,-6.1,11,Hero,0.8447074104439128,0.9996844259175387
906,4.300000000000001,-5.699999999999999,7,Hero,0.9308777025767735,0.9999258773667472
907,4.7,-5.3,3,Hero,0.6676478683948517,0.9999995231628418
908,4.1000000000000005,-5.8999999999999995,9,Hero,0.9441069430775113,0.9999224676026238
909,-5.5,4.5,5,Villain,0.7896794080734253,0.9996681928634643
910,3.4000000000000004,-6.6,16,Hero,0.7111103772185743,0.9011600683443248
911,3.3,-6.7,17,Hero,0.7372917681932449,0.8923827655175153
912,4.5,-5.5,5,Hero,0.9873368263244628,0.9998309016227722
913,3.9000000000000004,-6.1,11,Hero,0.7173053866082971,0.9899961840022694
914,4.2,-5.8,8,Hero,0.9981667697429657,0.9999884814023972
915,4.5,-5.5,5,Hero,0.884999668598175,0.9999875783920288
916,3.4000000000000004,-6.6,16,Hero,0.7710130419582129,0.9620302245020866
917,3.8000000000000007,-6.199999999999999,12,Hero,0.8311432544142008,0.9758311212062836
918,3.6000000000000005,-6.3999999999999995,14,Hero,0.759901225566864,0.9641031154564449
919,3.9000000000000004,-6.1,11,Hero,0.7475917583162134,0.9984780550003052
920,3.8000000000000007,-6.199999999999999,12,Hero,0.8320793683330218,0.9995945046345392
921,3.5,-6.5,15,Hero,0.7828222890694936,0.8595968117316564
922,4.9,-5.1,1,Hero,0.7480267286300659,1.0
923,4.6000000000000005,-5.3999999999999995,4,Hero,0.9797050058841705,0.9999995529651642
924,3.3,-6.7,17,Hero,0.7634561254697687,0.969308474484612
925,3.9000000000000004,-6.1,11,Hero,0.898772036487406,0.9701041416688398
926,3.0999999999999996,-6.9,19,Hero,0.707435669867616,0.973943148788653
927,4.2,-5.8,8,Hero,0.8521452136337757,0.9955449923872948
928,-5.1,4.9,1,Villain,0.9996225833892822,0.9997896552085876
929,3.8000000000000007,-6.199999999999999,12,Hero,0.7448182459920645,0.9941762785116831
930,4.4,-5.6,6,Hero,0.9284031987190247,0.9999966820081075
931,4.4,-5.6,6,Hero,0.7538713663816452,0.9999972780545553
932,4.0,-6.0,10,Hero,0.9432358503341675,0.998805046081543
933,4.1000000000000005,-5.8999999999999995,9,Hero,0.8787587781747183,0.9884019096692404
934,4.5,-5.5,5,Hero,0.7740821123123169,0.9999968767166137
935,3.2,-6.8,18,Hero,0.7164888506134351,0.9525962455405129
936,3.8000000000000007,-6.199999999999999,12,Hero,0.8976489901542664,0.9113045659226676
937,4.300000000000001,-5.699999999999999,7,Hero,0.9797594547271729,0.999852682862963
938,4.5,-5.5,5,Hero,0.9845556378364563,0.9999979734420776
939,4.5,-5.5,5,Hero,0.7671470284461975,0.9999957323074341
940,3.8000000000000007,-6.199999999999999,12,Hero,0.8531866371631622,0.9485964824755987
941,4.300000000000001,-5.699999999999999,7,Hero,0.8297756058829171,0.9999806540352958
942,4.300000000000001,-5.699999999999999,7,Hero,0.8491039020674569,0.9999816758292062
943,4.2,-5.8,8,Hero,0.9940199330449104,0.9995182827115059
944,3.9000000000000004,-6.1,11,Hero,0.8331377296285196,0.9998076178810813
945,4.2,-5.8,8,Hero,0.9971232414245605,0.9999654516577721
946,4.300000000000001,-5.699999999999999,7,Hero,0.8919212647846767,0.9999907697950091
947,3.7,-6.3,13,Hero,0.8363199440332559,0.9966914699627802
948,4.0,-6.0,10,Hero,0.8178947389125824,0.9986629605293273
949,3.9000000000000004,-6.1,11,Hero,0.8082169395956126,0.9998140822757374
950,4.2,-5.8,8,Hero,0.9935437142848969,0.9979183301329613
951,4.300000000000001,-5.699999999999999,7,Hero,0.7393737648214612,0.9999428817204067
952,4.300000000000001,-5.699999999999999,7,Hero,0.9120607035500663,0.9999781676701137
953,4.300000000000001,-5.699999999999999,7,Hero,0.9043893388339451,0.9999911785125732
954,4.0,-6.0,10,Hero,0.8526795148849488,0.9989877283573151
955,4.300000000000001,-5.699999999999999,7,Hero,0.9920679330825806,0.9999912125723702
956,4.1000000000000005,-5.8999999999999995,9,Hero,0.8759473727809058,0.9999806748496162
957,4.0,-6.0,10,Hero,0.8310661643743515,0.9999649107456208
958,-5.1,4.9,1,Villain,0.7750431299209595,0.9999979734420776
959,4.1000000000000005,-5.8999999999999995,9,Hero,0.9347073038419088,0.8545940634277132
960,3.6000000000000005,-6.3999999999999995,14,Hero,0.8486834402595248,0.9387906257595334
961,3.9000000000000004,-6.1,11,Hero,0.7496191263198853,0.9997618090022694
962,-6.0,4.0,10,Villain,0.8506404720246792,0.9441506922245025
963,3.6000000000000005,-6.3999999999999995,14,Hero,0.8146681444985526,0.996208552803312
964,3.9000000000000004,-6.1,11,Hero,0.8074055572294376,0.9998200535774231
965,3.0,-7.0,20,Hero,0.7084292715415359,0.8466765388846398
966,2.9,-7.1,21,Hero,0.7171061484231835,0.8817148691131955
967,4.4,-5.6,6,Hero,0.7350106984376907,0.9999921123186747
968,-5.6,4.4,6,Villain,0.7080970853567123,0.8544900715351105
969,4.300000000000001,-5.699999999999999,7,Hero,0.8408275331769671,0.9999632239341736
970,4.300000000000001,-5.699999999999999,7,Hero,0.8821575471333095,0.9999950953892299
971,4.800000000000001,-5.199999999999999,2,Hero,0.8165145218372345,0.9999997615814209
972,4.0,-6.0,10,Hero,0.8231825843453408,0.9855764210224152
973,4.0,-6.0,10,Hero,0.7803571395576,0.9996636927127838
974,4.6000000000000005,-5.3999999999999995,4,Hero,0.8393785357475281,0.9999781250953674
975,3.2,-6.8,18,Hero,0.7137701079352863,0.9220455371671252
976,-5.6,4.4,6,Villain,0.9998999138673147,0.9974050919214884
977,4.5,-5.5,5,Hero,0.9975767135620117,0.9999981164932251
978,4.4,-5.6,6,Hero,0.6868432213862737,0.9994672040144602
979,4.1000000000000005,-5.8999999999999995,9,Hero,0.8762219283315871,0.9990698761410184
980,4.4,-5.6,6,Hero,0.9740529259045919,0.9999978939692179
981,4.1000000000000005,-5.8999999999999995,9,Hero,0.9940674503644308,0.9825583895047506
982,4.4,-5.6,6,Hero,0.8007063319285711,0.9999961654345194
983,4.2,-5.8,8,Hero,0.9272818118333817,0.9994900599122047
984,4.9,-5.1,1,Hero,0.5563713908195496,0.9999998807907104
985,-5.3,4.7,3,Villain,0.9239025115966797,0.9996246298154196
986,3.8000000000000007,-6.199999999999999,12,Hero,0.8213101848959923,0.9574006050825119
987,3.7,-6.3,13,Hero,0.7993652889361749,0.9635631579619187
988,4.800000000000001,-5.199999999999999,2,Hero,0.9984739124774933,0.9999995231628418
989,-5.8,4.2,8,Villain,0.8557369410991669,0.969982735812664
990,3.9000000000000004,-6.1,11,Hero,0.69752436876297,0.9650803154165094
991,3.7,-6.3,13,Hero,0.7207164638317548,0.995874074789194
992,-5.5,4.5,5,Villain,0.8617027044296265,0.9998817443847656
993,-5.6,4.4,6,Villain,0.9998794396718343,0.9984053373336792
994,4.4,-5.6,6,Hero,0.9784321089585623,0.9999939401944479
995,4.6000000000000005,-5.3999999999999995,4,Hero,0.8380317687988281,0.9999995529651642
996,-5.5,4.5,5,Villain,0.9937298655509949,0.9993647813796998
997,4.5,-5.5,5,Hero,0.6727427840232849,0.9999995470046997
998,3.5,-6.5,15,Hero,0.7612169822057088,0.982723331451416
999,3.3,-6.7,17,Hero,0.8653281585258596,0.9848110044703764
1000,3.9000000000000004,-6.1,11,Hero,0.7016001709482886,0.9999745054678484
1001,4.300000000000001,-5.699999999999999,7,Hero,0.9996261596679688,0.9998601589884076
1002,-5.8,4.2,8,Villain,0.8592964336276054,0.999981015920639
1003,4.4,-5.6,6,Hero,0.7550614898403486,0.9999962250391642
1004,4.0,-6.0,10,Hero,0.9146969377994537,0.9998179793357849
1005,-5.8999999999999995,4.1000000000000005,9,Villain,0.7419103251563178,0.9790967040591769
1006,3.8000000000000007,-6.199999999999999,12,Hero,0.8372174377242724,0.9993213613828024
1007,4.300000000000001,-5.699999999999999,7,Hero,0.9818291664123535,0.9999897480010986
1008,4.1000000000000005,-5.8999999999999995,9,Hero,0.9072812265819974,0.9999856683943007
1009,4.0,-6.0,10,Hero,0.7448883861303329,0.9992776334285736
1010,2.8,-7.2,22,Hero,0.6226913901892576,0.975837152112614
1011,4.1000000000000005,-5.8999999999999995,9,Hero,0.7280425983998511,0.9999553826120164
1012,3.7,-6.3,13,Hero,0.7742636020366962,0.9960738237087543
1013,3.9000000000000004,-6.1,11,Hero,0.7320453091101213,0.9998740933158181
1014,4.4,-5.6,6,Hero,0.7505114575227102,0.9999962250391642
1015,3.8000000000000007,-6.199999999999999,12,Hero,0.7417902996142706,0.9957603315512339
1016,4.6000000000000005,-5.3999999999999995,4,Hero,0.9818161576986313,0.999999612569809
1017,4.5,-5.5,5,Hero,0.8978389978408814,0.9999996185302734
1018,-5.1,4.9,1,Villain,0.9919009804725647,0.9998944997787476
1019,3.9000000000000004,-6.1,11,Hero,0.8640878403728659,0.98511803150177
1020,3.8000000000000007,-6.199999999999999,12,Hero,0.8420537564282616,0.9874110470215479
1021,3.5,-6.5,15,Hero,0.6999122266968091,0.9967009941736857
1022,4.0,-6.0,10,Hero,0.8805773466825485,0.9999562263488769
1023,4.4,-5.6,6,Hero,0.8367343346277872,0.9999987483024597
1024,3.9000000000000004,-6.1,11,Hero,0.824944334951314,0.9995839270678434
1025,4.300000000000001,-5.699999999999999,7,Hero,0.8192742211478097,0.9998939973967416
1026,4.9,-5.1,1,Hero,0.987837553024292,0.9999997615814209
1027,3.9000000000000004,-6.1,11,Hero,0.702579599889842,0.9637847867879
1028,4.4,-5.6,6,Hero,0.7330788746476173,0.9999992648760477
1029,4.2,-5.8,8,Hero,0.8742141425609589,0.999587394297123
1030,4.2,-5.8,8,Hero,0.9539576545357704,0.99997179210186
1031,4.7,-5.3,3,Hero,0.9965786337852478,0.9999996821085612
1032,4.300000000000001,-5.699999999999999,7,Hero,0.9343916348048619,0.9999870572771344
1033,4.4,-5.6,6,Hero,0.9736026426156362,0.9999505579471588
1034,4.4,-5.6,6,Hero,0.9367296397686005,0.9999974767367045
1035,4.4,-5.6,6,Hero,0.7680017451445261,0.9999968806902567
1036,3.0,-7.0,20,Hero,0.6967080168426036,0.9634734138846397
1037,4.5,-5.5,5,Hero,0.8491583466529846,0.9999991893768311
1038,4.2,-5.8,8,Hero,0.9277471676468849,0.8973408080637455
1039,3.6000000000000005,-6.3999999999999995,14,Hero,0.8038561046123505,0.9995420234543937
1040,4.4,-5.6,6,Hero,0.8114559203386307,0.999991754690806
1041,3.9000000000000004,-6.1,11,Hero,0.7804858481342142,0.9999617067250338
1042,4.800000000000001,-5.199999999999999,2,Hero,0.6007338762283325,1.0
1043,4.300000000000001,-5.699999999999999,7,Hero,0.8176774893488202,0.9999869210379464
1044,4.1000000000000005,-5.8999999999999995,9,Hero,0.9911021060413785,0.9999043146769205
1045,3.6000000000000005,-6.3999999999999995,14,Hero,0.7758876766477313,0.9917432240077427
1046,4.2,-5.8,8,Hero,0.8713436350226402,0.9999952763319016
1047,4.2,-5.8,8,Hero,0.7887216592207551,0.9999765306711197
1048,4.9,-5.1,1,Hero,0.973118782043457,1.0
1049,4.800000000000001,-5.199999999999999,2,Hero,0.6114831864833832,0.9999995827674866
1050,4.1000000000000005,-5.8999999999999995,9,Hero,0.7973729703161452,0.9981829126675924
1051,3.8000000000000007,-6.199999999999999,12,Hero,0.790302629272143,0.9973375598589579
1052,4.5,-5.5,5,Hero,0.7882469654083252,0.9999996900558472
1053,4.2,-5.8,8,Hero,0.730169836897403,0.9999793469905853
1054,4.1000000000000005,-5.8999999999999995,9,Hero,0.8459787964820862,0.9994534783893161
1055,3.9000000000000004,-6.1,11,Hero,0.9024846851825714,0.9394215697591956
1056,-5.8999999999999995,4.1000000000000005,9,Villain,0.7526005171239376,0.9231975177923838
1057,4.0,-6.0,10,Hero,0.9508087456226348,0.9999495148658752
1058,3.8000000000000007,-6.199999999999999,12,Hero,0.7398507688194513,0.9902825305859247
1059,4.4,-5.6,6,Hero,0.5950669646263123,0.9999993046124777
1060,4.0,-6.0,10,Hero,0.7200798455625772,0.963728415966034
1061,4.6000000000000005,-5.3999999999999995,4,Hero,0.7813536673784256,0.9999992251396179
1062,4.9,-5.1,1,Hero,0.990351140499115,1.0
1063,-5.8999999999999995,4.1000000000000005,9,Villain,0.7652770479520162,0.9386988017294142
1064,4.0,-6.0,10,Hero,0.8866988494992256,0.99994655251503
1065,4.1000000000000005,-5.8999999999999995,9,Hero,0.8363041579723358,0.9998934268951416
1066,4.6000000000000005,-5.3999999999999995,4,Hero,0.8890385627746582,0.9999927282333374
1067,3.9000000000000004,-6.1,11,Hero,0.9327111731876027,0.9838799671693281
1068,4.300000000000001,-5.699999999999999,7,Hero,0.799418990101133,0.999964347907475
1069,4.5,-5.5,5,Hero,0.7462394595146179,0.9999887943267822
1070,4.4,-5.6,6,Hero,0.9817623297373453,0.9984310468037924
1071,4.9,-5.1,1,Hero,0.9933983087539673,0.9999996423721313
1072,4.0,-6.0,10,Hero,0.8781170010566711,0.9885770440101623
1073,3.6000000000000005,-6.3999999999999995,14,Hero,0.7233241525079522,0.866356017932828
1074,4.0,-6.0,10,Hero,0.9337048172950745,0.9936702966690063
1075,4.300000000000001,-5.699999999999999,7,Hero,0.8486403524875641,0.9999913828713554
1076,4.0,-6.0,10,Hero,0.847814804315567,0.9998372077941895
1077,4.4,-5.6,6,Hero,0.7972592065731684,0.9998757243156433
1078,4.2,-5.8,8,Hero,0.7458331733942032,0.9995249137282372
1079,3.8000000000000007,-6.199999999999999,12,Hero,0.7465556825821599,0.9758889774481455
1080,4.7,-5.3,3,Hero,0.9673067529996237,0.9999748865763346
1081,3.9000000000000004,-6.1,11,Hero,0.8031486228785731,0.9714917377992109
1082,4.300000000000001,-5.699999999999999,7,Hero,0.8652755277497428,0.9965704253741673
1083,4.0,-6.0,10,Hero,0.777316790819168,0.956487512588501
1084,4.300000000000001,-5.699999999999999,7,Hero,0.9892475094114032,0.9999160766601562
1085,4.2,-5.8,8,Hero,0.758333470672369,0.9999254122376442
1086,4.0,-6.0,10,Hero,0.857157176733017,0.9997572779655457
1087,3.7,-6.3,13,Hero,0.7062302673092256,0.9668254256248474
1088,3.8000000000000007,-6.199999999999999,12,Hero,0.8483889730026325,0.971070741613706
1089,4.5,-5.5,5,Hero,0.6529700547456742,0.9997659683227539
1090,4.1000000000000005,-5.8999999999999995,9,Hero,0.8445592456393771,0.9889915320608351
1091,3.5,-6.5,15,Hero,0.7917919874191284,0.9855231046676636
1092,4.9,-5.1,1,Hero,0.6846251487731934,0.9999982118606567
1093,3.7,-6.3,13,Hero,0.7181844430474135,0.9385485786658067
1094,3.7,-6.3,13,Hero,0.8459773751405569,0.9846742153167725
1095,4.300000000000001,-5.699999999999999,7,Hero,0.7201745701687676,0.9992983852113996
1096,3.9000000000000004,-6.1,11,Hero,0.8616760644045743,0.9970397624102506
1097,3.9000000000000004,-6.1,11,Hero,0.8279200169173154,0.9957809990102594
1098,4.300000000000001,-5.699999999999999,7,Hero,0.6874257368700845,0.9998521549361092
1099,4.4,-5.6,6,Hero,0.925522138675054,0.9999959866205851
1100,3.6000000000000005,-6.3999999999999995,14,Hero,0.7309035978146962,0.9728513828345707
1101,-5.1,4.9,1,Villain,0.998665452003479,0.9999257326126099
1102,3.9000000000000004,-6.1,11,Hero,0.9066236181692644,0.9973998449065469
1103,3.3,-6.7,17,Hero,0.6957646419896799,0.9376101020504447
1104,3.7,-6.3,13,Hero,0.7287695619922417,0.9734381574850816
1105,4.4,-5.6,6,Hero,0.9996645450592041,0.983534167210261
1106,4.7,-5.3,3,Hero,0.7945927480856577,0.9999981721242269
1107,4.0,-6.0,10,Hero,0.7506438195705414,0.9995492577552796
1108,-5.1,4.9,1,Villain,0.9999083280563354,0.9999428987503052
1109,4.1000000000000005,-5.8999999999999995,9,Hero,0.8008785727951262,0.9998139275444878
1110,-5.5,4.5,5,Villain,0.7316428899765015,0.9995619773864746
1111,3.7,-6.3,13,Hero,0.7435915103325477,0.9486710085318639
1112,3.6000000000000005,-6.3999999999999995,14,Hero,0.7643972358533314,0.9038061568779605
1113,3.9000000000000004,-6.1,11,Hero,0.8565843051130121,0.887752543118867
1114,4.4,-5.6,6,Hero,0.9242685933907827,0.9804702202479044
1115,3.6000000000000005,-6.3999999999999995,14,Hero,0.681138123119516,0.9130908037934985
1116,3.6000000000000005,-6.3999999999999995,14,Hero,0.8026326107127326,0.9746748294149127
1117,-5.3,4.7,3,Villain,0.9999955892562866,0.9990196824073792
1118,4.6000000000000005,-5.3999999999999995,4,Hero,0.874392032623291,0.9999950230121613
1119,-5.6,4.4,6,Villain,0.9063803752263387,0.9966598550478617
1120,4.2,-5.8,8,Hero,0.7627644017338753,0.9999711364507675
1121,3.9000000000000004,-6.1,11,Hero,0.909013650634072,0.9990404735911976
1122,3.9000000000000004,-6.1,11,Hero,0.9083705273541537,0.9998862743377686
1123,3.7,-6.3,13,Hero,0.8405206879744163,0.9708766066111051
1124,4.6000000000000005,-5.3999999999999995,4,Hero,0.7796358317136765,0.9999980032444
1125,3.4000000000000004,-6.6,16,Hero,0.7235794123262167,0.9413924999535084
1126,4.6000000000000005,-5.3999999999999995,4,Hero,0.930191695690155,0.999999076128006
1127,4.0,-6.0,10,Hero,0.8287605941295624,0.9996503353118896
1128,4.0,-6.0,10,Hero,0.8130204796791076,0.9993096828460694
1129,-5.699999999999999,4.300000000000001,7,Villain,0.7635567528860909,0.9216282793453762
1130,3.5,-6.5,15,Hero,0.7940780758857727,0.9858559449513753
1131,4.300000000000001,-5.699999999999999,7,Hero,0.998342113835471,0.9999800239290509
1132,4.7,-5.3,3,Hero,0.8449307282765707,0.9999998013178507
1133,4.800000000000001,-5.199999999999999,2,Hero,0.9745580554008484,0.9999999403953552
1134,4.6000000000000005,-5.3999999999999995,4,Hero,0.9910629391670227,0.9999995827674866
1135,3.9000000000000004,-6.1,11,Hero,0.7545926110310988,0.9930569366975264
1136,4.0,-6.0,10,Hero,0.7969207048416138,0.9999038279056549
1137,4.300000000000001,-5.699999999999999,7,Hero,0.707458666392735,0.9917403885296413
1138,4.9,-5.1,1,Hero,0.9586530327796936,0.9999996423721313
1139,3.3,-6.7,17,Hero,0.7460087835788727,0.9456933666678036
1140,4.300000000000001,-5.699999999999999,7,Hero,0.7542079431670052,0.9999471306800842
1141,3.5,-6.5,15,Hero,0.7606945544481277,0.9663215756416321
1142,4.0,-6.0,10,Hero,0.8099360242486,0.999907237291336
1143,3.9000000000000004,-6.1,11,Hero,0.7864136289466511,0.9714395241303877
1144,3.6000000000000005,-6.3999999999999995,14,Hero,0.7882742674223014,0.9694686276572091
1145,3.7,-6.3,13,Hero,0.8166226733189362,0.9541897177696228
1146,3.2,-6.8,18,Hero,0.7250640036331283,0.9732187920146518
1147,3.8000000000000007,-6.199999999999999,12,Hero,0.9063305805126826,0.9168015243097519
1148,4.7,-5.3,3,Hero,0.9789751966794332,0.9998430212338766
1149,4.2,-5.8,8,Hero,0.9990405216813087,0.9999439418315887
1150,3.5,-6.5,15,Hero,0.7760233581066132,0.9837151646614075
1151,4.0,-6.0,10,Hero,0.8590036541223526,0.9992986202239991
1152,4.300000000000001,-5.699999999999999,7,Hero,0.7452378911631448,0.9999899864196777
1153,4.0,-6.0,10,Hero,0.8816815853118897,0.9998096764087677
1154,4.5,-5.5,5,Hero,0.8247469186782836,0.9999968767166137
1155,4.6000000000000005,-5.3999999999999995,4,Hero,0.860546812415123,0.9999969303607941
1156,3.7,-6.3,13,Hero,0.7545727606003101,0.8905694140837743
1157,4.800000000000001,-5.199999999999999,2,Hero,0.9661431014537811,0.9999997615814209
1158,4.2,-5.8,8,Hero,0.9357243850827217,0.9999857693910599
1159,4.0,-6.0,10,Hero,0.7108549989759922,0.9993028819561005
1160,3.5,-6.5,15,Hero,0.7693454007307688,0.9620907465616862
1161,4.5,-5.5,5,Hero,0.8755686342716217,0.9999982357025147
1162,3.6000000000000005,-6.3999999999999995,14,Hero,0.7444044245140893,0.9671599056039538
1163,4.4,-5.6,6,Hero,0.906480073928833,0.9963011940320333
1164,4.2,-5.8,8,Hero,0.815476905554533,0.9998355880379677
1165,3.8000000000000007,-6.199999999999999,12,Hero,0.7867420004525533,0.9559415628512701
1166,4.9,-5.1,1,Hero,0.7892428636550903,0.9999995231628418
1167,4.1000000000000005,-5.8999999999999995,9,Hero,0.9248557156986661,0.9998517632484436
1168,4.0,-6.0,10,Hero,0.7073705688118934,0.9996326684951782
1169,3.9000000000000004,-6.1,11,Hero,0.834359041669152,0.9475006840445779
1170,-5.8,4.2,8,Villain,0.7997762988670729,0.7023021951317787
1171,4.1000000000000005,-5.8999999999999995,9,Hero,0.7109698885016971,0.935547755824195
1172,4.4,-5.6,6,Hero,0.9055986950794855,0.9999938607215881
1173,3.3,-6.7,17,Hero,0.7564339322202346,0.997405188925126
1174,3.8000000000000007,-6.199999999999999,12,Hero,0.8004403313000997,0.9932878663142523
1175,3.6000000000000005,-6.3999999999999995,14,Hero,0.7481634132564068,0.9596608621733529
1176,4.7,-5.3,3,Hero,0.8590850830078125,0.9999982118606567
1177,4.800000000000001,-5.199999999999999,2,Hero,0.9039876163005829,0.9999996423721313
1178,3.8000000000000007,-6.199999999999999,12,Hero,0.8644070091346899,0.8924769187966982
1179,3.6000000000000005,-6.3999999999999995,14,Hero,0.7102342583239079,0.993948587349483
1180,4.2,-5.8,8,Hero,0.7879087645560503,0.9844103157520294
1181,4.6000000000000005,-5.3999999999999995,4,Hero,0.8495321795344353,0.9999197870492935
1182,-5.3999999999999995,4.6000000000000005,4,Villain,0.7643419876694679,0.9998918175697327
1183,4.5,-5.5,5,Hero,0.7573806494474411,0.999994158744812
1184,3.5,-6.5,15,Hero,0.8283665517965952,0.9487819572289785
1185,2.9,-7.1,21,Hero,0.7621200489146369,0.9846829913911366
1186,-5.5,4.5,5,Villain,0.8004342436790466,0.9600642323493958
1187,-5.6,4.4,6,Villain,0.9999996622403463,0.9934072295824686
1188,-4.999999999999998,-4.999999999999998,50,None,0.9430471700429917,0.9793225300312042
1189,3.9000000000000004,-6.1,11,Hero,0.7990353381769224,0.9999993389303033
1190,3.4000000000000004,-6.6,16,Hero,0.8902822593227029,0.939572577830404
1191,2.9,-7.1,21,Hero,0.7851200547246706,0.9999362854730516
1192,4.5,-5.5,5,Hero,0.7073415696620942,0.9999981641769409
1193,3.5,-6.5,15,Hero,0.71122527718544,0.9999937136967977
1194,4.300000000000001,-5.699999999999999,7,Hero,0.8402547240257263,0.9999844687325614
1195,3.9000000000000004,-6.1,11,Hero,0.6378119118850339,0.9767755595120516
1196,3.2,-6.8,18,Hero,0.7199723654323154,0.9797474410798814
1197,4.7,-5.3,3,Hero,0.8668613235155741,0.9999986886978149
1198,3.8000000000000007,-6.199999999999999,12,Hero,0.8583264388144016,0.9879703025023142
1199,-5.5,4.5,5,Villain,0.999971079826355,0.9994359612464905
1200,4.300000000000001,-5.699999999999999,7,Hero,0.8802339349474225,0.9977664606911796
1201,3.9000000000000004,-6.1,11,Hero,0.8723696361888539,0.9274603914130818
1202,4.1000000000000005,-5.8999999999999995,9,Hero,0.7910651299688551,0.9999766217337714
1203,3.9000000000000004,-6.1,11,Hero,0.8177938623861833,0.9953282041983171
1204,4.1000000000000005,-5.8999999999999995,9,Hero,0.7973360733853446,0.9999174210760329
1205,4.5,-5.5,5,Hero,0.8566950559616089,0.9999983310699463
1206,4.0,-6.0,10,Hero,0.8417772650718689,0.9800591707229614
1207,4.800000000000001,-5.199999999999999,2,Hero,0.8260204792022705,0.9999995827674866
1208,4.0,-6.0,10,Hero,0.8923597395420074,0.9999104678630829
1209,3.9000000000000004,-6.1,11,Hero,0.9204646999185736,0.9554944363507357
1210,4.800000000000001,-5.199999999999999,2,Hero,0.9665220379829407,0.9999997615814209
1211,4.300000000000001,-5.699999999999999,7,Hero,0.8528528213500977,0.9999791894640241
1212,4.300000000000001,-5.699999999999999,7,Hero,0.999033510684967,0.9998502220426287
1213,4.300000000000001,-5.699999999999999,7,Hero,0.9039010490689959,0.9999944823128837
1214,-5.6,4.4,6,Villain,0.6012421498696009,0.9992006321748098
1215,4.7,-5.3,3,Hero,0.6233159508556128,0.9999945958455404
1216,3.7,-6.3,13,Hero,0.7847675107992612,0.9647129086347727
1217,4.1000000000000005,-5.8999999999999995,9,Hero,0.9354297750526004,0.9997868471675448
1218,3.6000000000000005,-6.3999999999999995,14,Hero,0.6957671998866967,0.9963309296539852
1219,4.6000000000000005,-5.3999999999999995,4,Hero,0.9944550395011902,0.9999988675117493
1220,4.300000000000001,-5.699999999999999,7,Hero,0.7390169203281403,0.9999877384730748
1221,3.6000000000000005,-6.3999999999999995,14,Hero,0.7260726743510791,0.9575044299874987
1222,4.0,-6.0,10,Hero,0.9322527170181274,0.9999621927738189
1223,4.0,-6.0,10,Hero,0.751711493730545,0.9509672105312348
1224,3.8000000000000007,-6.199999999999999,12,Hero,0.7685558572411537,0.9411906649669012
1225,4.0,-6.0,10,Hero,0.7662896484136581,0.9998031973838806
1226,4.6000000000000005,-5.3999999999999995,4,Hero,0.9982166439294815,0.999999612569809
1227,4.5,-5.5,5,Hero,0.7118748128414154,0.9999973773956299
1228,4.1000000000000005,-5.8999999999999995,9,Hero,0.8063542271653811,0.999986383650038
1229,4.4,-5.6,6,Hero,0.6721806650360426,0.9999983906745911
1230,4.1000000000000005,-5.8999999999999995,9,Hero,0.8270372748374939,0.9991089635425143
1231,4.0,-6.0,10,Hero,0.8028495579957962,0.9642144978046417
1232,4.1000000000000005,-5.8999999999999995,9,Hero,0.9578661719957987,0.9148185186915927
1233,-5.6,4.4,6,Villain,0.8263041178385416,0.9812714060147604
1234,4.300000000000001,-5.699999999999999,7,Hero,0.9984368341309684,0.9999321699142456
1235,4.2,-5.8,8,Hero,0.8702156580984592,0.999601200222969
1236,4.300000000000001,-5.699999999999999,7,Hero,0.933547956602914,0.9999609078679766
1237,4.2,-5.8,8,Hero,0.9534199014306068,0.9999875724315643
1238,4.5,-5.5,5,Hero,0.9813090801239014,0.9999978303909302
1239,4.4,-5.6,6,Hero,0.9092301825682322,0.9999852379163107
1240,3.7,-6.3,13,Hero,0.7841948522971227,0.9748010222728436
1241,4.4,-5.6,6,Hero,0.9888230760892233,0.9999991655349731
1242,3.7,-6.3,13,Hero,0.755079468855491,0.9369375556707382
1243,-5.1,4.9,1,Villain,0.452542781829834,0.729474663734436
1244,4.1000000000000005,-5.8999999999999995,9,Hero,0.8603234754668342,0.9918007850646973
1245,3.7,-6.3,13,Hero,0.9034791818031898,0.9975257149109473
1246,3.7,-6.3,13,Hero,0.8454564144978156,0.9750889539718628
1247,4.300000000000001,-5.699999999999999,7,Hero,0.9413431031363351,0.9999633942331586
1248,3.4000000000000004,-6.6,16,Hero,0.7395079373382032,0.9311929917894304
1249,3.0999999999999996,-6.9,19,Hero,0.6709635622407261,0.9426681807166651
1250,4.6000000000000005,-5.3999999999999995,4,Hero,0.8717158883810043,0.9999490082263947
1251,4.2,-5.8,8,Hero,0.7240147702395916,0.940528891980648
1252,3.6000000000000005,-6.3999999999999995,14,Hero,0.8056356717965433,0.9956448546477726
1253,4.4,-5.6,6,Hero,0.9986737271149954,0.9998070498307546
1254,4.1000000000000005,-5.8999999999999995,9,Hero,0.9074519938892789,0.9998150202963088
1255,4.300000000000001,-5.699999999999999,7,Hero,0.8536433577537537,0.9998806544712612
1256,4.1000000000000005,-5.8999999999999995,9,Hero,0.9995210833019681,0.9996915989451938
1257,4.1000000000000005,-5.8999999999999995,9,Hero,0.9993550380071005,0.9991594950358073
1258,4.300000000000001,-5.699999999999999,7,Hero,0.9991996714047023,0.9999778951917376
1259,4.300000000000001,-5.699999999999999,7,Hero,0.9988056080681937,0.9999067613056728
1260,4.2,-5.8,8,Hero,0.8753333194181323,0.9988152012228966
1261,3.8000000000000007,-6.199999999999999,12,Hero,0.6703754883880416,0.9543665746847788
1262,4.1000000000000005,-5.8999999999999995,9,Hero,0.850692868232727,0.9927578634685941
1263,4.0,-6.0,10,Hero,0.8518474996089935,0.999671345949173
1264,4.5,-5.5,5,Hero,0.9099103808403015,0.9999748468399048
1265,4.0,-6.0,10,Hero,0.8915687203407288,0.9293482363224029
1266,4.2,-5.8,8,Hero,0.9273845925927162,0.9638934656977654
1267,4.300000000000001,-5.699999999999999,7,Hero,0.9960917319570269,0.8091899321547577
1268,4.5,-5.5,5,Hero,0.7821266710758209,0.999852979183197
1269,2.9,-7.1,21,Hero,0.6046591942154226,0.9647303393908909
1270,3.4000000000000004,-6.6,16,Hero,0.7625696957111359,0.8821930772392079
1271,4.1000000000000005,-5.8999999999999995,9,Hero,0.8692030178176032,0.9951629373762343
1272,3.6000000000000005,-6.3999999999999995,14,Hero,0.7714624724217823,0.9770518285887582
1273,3.8000000000000007,-6.199999999999999,12,Hero,0.8431330670913061,0.9502315620581309
1274,4.0,-6.0,10,Hero,0.9527040541172027,0.9995897054672241
1275,4.5,-5.5,5,Hero,0.7675926208496093,0.9999584913253784
1276,3.6000000000000005,-6.3999999999999995,14,Hero,0.7978658314262118,0.9882411020142692
1277,4.1000000000000005,-5.8999999999999995,9,Hero,0.998766627576616,0.9998746050728692
1278,3.5,-6.5,15,Hero,0.8389025628566742,0.9130748759955167
1279,3.5,-6.5,15,Hero,0.7293618659178416,0.9541556616624196
1280,4.2,-5.8,8,Hero,0.9990178272128105,0.9998788833618164
1281,-5.3999999999999995,4.6000000000000005,4,Villain,0.5372499115765095,0.5780049916356802
1282,3.0,-7.0,20,Hero,0.705057543516159,0.9284892663359642
1283,4.4,-5.6,6,Hero,0.8228869140148163,0.9951691031455994
1284,4.1000000000000005,-5.8999999999999995,9,Hero,0.948616643746694,0.9999918010499742
1285,4.300000000000001,-5.699999999999999,7,Hero,0.8699370835508619,0.9987633909497943
1286,4.300000000000001,-5.699999999999999,7,Hero,0.9942552277020046,0.9999756131853376
1287,4.7,-5.3,3,Hero,0.9457846283912659,0.9999998410542806
1288,4.2,-5.8,8,Hero,0.7440458536148071,0.9999932199716568
1289,3.3,-6.7,17,Hero,0.730113602736417,0.9463008537011988
1290,4.1000000000000005,-5.8999999999999995,9,Hero,0.7846974200672574,0.998088710837894
1291,4.300000000000001,-5.699999999999999,7,Hero,0.8951079589979989,0.9998329877853394
1292,3.8000000000000007,-6.199999999999999,12,Hero,0.6725747623519661,0.9999637603759766
1293,3.5,-6.5,15,Hero,0.752577664454778,0.9935809810956319
1294,4.2,-5.8,8,Hero,0.998499259352684,0.9999758899211884
1295,3.9000000000000004,-6.1,11,Hero,0.8297045745632865,0.9999119693582709
1296,3.3,-6.7,17,Hero,0.6650328592342489,0.9710335275706123
1297,3.7,-6.3,13,Hero,0.7542346899326031,0.952824578835414
1298,3.8000000000000007,-6.199999999999999,12,Hero,0.8939286222060522,0.9855428338050842
1299,3.7,-6.3,13,Hero,0.7510576715263036,0.9987771602777334
1300,4.2,-5.8,8,Hero,0.9254136979579926,0.9999934583902359
1301,3.9000000000000004,-6.1,11,Hero,0.8644174391573126,0.9999191815202887
1302,-5.8999999999999995,4.1000000000000005,9,Villain,0.8431407842371199,0.9695504506429037
1303,4.4,-5.6,6,Hero,0.7174520840247472,0.9999990264574686
1304,3.8000000000000007,-6.199999999999999,12,Hero,0.7062561760346094,0.9999687075614929
1305,4.1000000000000005,-5.8999999999999995,9,Hero,0.9997248517142402,0.9999605351024203
1306,-5.1,4.9,1,Villain,0.8517745733261108,0.9867449402809143
1307,4.300000000000001,-5.699999999999999,7,Hero,0.9526948758534023,0.9999967302594867
1308,4.300000000000001,-5.699999999999999,7,Hero,0.7589758081095559,0.9999987397875104
1309,3.7,-6.3,13,Hero,0.5865657341021758,0.9999999358103826
1310,2.9,-7.1,21,Hero,0.5399292925638812,0.9178628006151744
1311,4.800000000000001,-5.199999999999999,2,Hero,0.5353985875844955,1.0
1312,3.6000000000000005,-6.3999999999999995,14,Hero,0.7602131313511303,0.9872491231986454
1313,-5.1,4.9,1,Villain,0.9999881982803345,0.9999988079071045
1314,3.5,-6.5,15,Hero,0.8047566294670105,0.994982099533081
1315,3.7,-6.3,13,Hero,0.7823553899159799,0.934081576191462
1316,4.2,-5.8,8,Hero,0.9177687838673592,0.9999989420175552
1317,3.7,-6.3,13,Hero,0.7503034071280406,0.9941313816950872
1318,3.7,-6.3,13,Hero,0.7853488830419687,0.9356076167179987
1319,4.0,-6.0,10,Hero,0.9699724674224853,0.9994850158691406
1320,4.300000000000001,-5.699999999999999,7,Hero,0.911465619291578,0.9999973773956299
1321,3.9000000000000004,-6.1,11,Hero,0.9150667298923839,0.9999353235418146
1322,3.9000000000000004,-6.1,11,Hero,0.8813184215263887,0.9994760751724243
1323,4.1000000000000005,-5.8999999999999995,9,Hero,0.7623889942963918,0.9999829530715942
1324,4.4,-5.6,6,Hero,0.6735812434926629,0.9999998609224955
1325,4.5,-5.5,5,Hero,0.9870873928070069,0.9999999761581421
1326,2.8,-7.2,22,Hero,0.6780203492804007,0.9256411858580329
1327,4.2,-5.8,8,Hero,0.8068358898162842,0.9999982714653015
1328,4.2,-5.8,8,Hero,0.7235239958390594,0.9999985694885254
1329,4.5,-5.5,5,Hero,0.8905195355415344,1.0
1330,3.8000000000000007,-6.199999999999999,12,Hero,0.7959519264598688,0.9781437615553538
1331,3.2,-6.8,18,Hero,0.740369915134377,0.9389846954080794
1332,4.9,-5.1,1,Hero,0.9379050731658936,1.0
1333,3.4000000000000004,-6.6,16,Hero,0.7167755272239447,0.9675208814442158
1334,4.7,-5.3,3,Hero,0.833524247010549,1.0
1335,-5.6,4.4,6,Villain,0.9999898870786031,0.9999216099580129
1336,3.6000000000000005,-6.3999999999999995,14,Hero,0.7825046117816653,0.9985828655106681
1337,3.8000000000000007,-6.199999999999999,12,Hero,0.8229946093633771,0.9999474982420603
1338,4.2,-5.8,8,Hero,0.9990412890911102,0.9999995827674866
1339,3.8000000000000007,-6.199999999999999,12,Hero,0.8334165091315905,0.9682262937227885
1340,3.6000000000000005,-6.3999999999999995,14,Hero,0.8083607703447342,0.9978519465242114
1341,3.4000000000000004,-6.6,16,Hero,0.7393098055617884,0.9800542667508125
1342,4.6000000000000005,-5.3999999999999995,4,Hero,0.9961307495832443,1.0
1343,3.9000000000000004,-6.1,11,Hero,0.8597696017135273,0.9999880790710449
1344,2.5999999999999996,-7.4,24,Hero,0.644876830590268,0.9784790153304735
1345,4.5,-5.5,5,Hero,0.992785918712616,0.9999999284744263
1346,-5.5,4.5,5,Villain,0.9999953508377075,0.9999539732933045
1347,4.300000000000001,-5.699999999999999,7,Hero,0.8528281365122113,0.9999985013689313
1348,4.0,-6.0,10,Hero,0.8336584359407425,0.9999499201774598
1349,-5.699999999999999,4.300000000000001,7,Villain,0.9999236719948905,0.9992370435169765
1350,4.2,-5.8,8,Hero,0.8860287740826607,0.9999984204769135
1351,3.3,-6.7,17,Hero,0.6138674322077456,0.9172557960538303
1352,4.1000000000000005,-5.8999999999999995,9,Hero,0.631609294977453,0.9999986224704318
1353,3.3,-6.7,17,Hero,0.7163550698143595,0.9663753842606264
1354,4.300000000000001,-5.699999999999999,7,Hero,0.8473271897860936,0.9999945674623761
1355,4.4,-5.6,6,Hero,0.8083243072032928,0.9999992847442627
1356,-5.699999999999999,4.300000000000001,7,Villain,0.9999436395508903,0.9996830991336277
1357,3.9000000000000004,-6.1,11,Hero,0.8576444116505709,0.9999569979580966
1358,3.5,-6.5,15,Hero,0.7615960399309795,0.9974609375
1359,4.4,-5.6,6,Hero,0.7657855749130249,0.9999996026357015
1360,3.6000000000000005,-6.3999999999999995,14,Hero,0.7629795351198742,0.9334787428379059
1361,3.3,-6.7,17,Hero,0.7987143112456098,0.9624055904500625
1362,4.4,-5.6,6,Hero,0.8208551009496053,0.9999999403953552
1363,3.7,-6.3,13,Hero,0.7514973489137796,0.9919144144425025
1364,4.4,-5.6,6,Hero,0.9972581466039022,0.9999993840853373
1365,3.7,-6.3,13,Hero,0.7539892612168422,0.9505947874142573
1366,3.8000000000000007,-6.199999999999999,12,Hero,0.8253187934557596,0.9996357709169388
1367,4.2,-5.8,8,Hero,0.7469808608293533,0.9999952167272568
1368,3.9000000000000004,-6.1,11,Hero,0.8671331149949268,0.9978849833661859
1369,3.8000000000000007,-6.199999999999999,12,Hero,0.8728394607702891,0.9999770671129227
1370,4.4,-5.6,6,Hero,0.9320986469586691,0.9999997417132059
1371,-5.199999999999999,4.800000000000001,2,Villain,0.9961572587490082,0.9815714657306671
1372,4.5,-5.5,5,Hero,0.9932308554649353,1.0
1373,4.6000000000000005,-5.3999999999999995,4,Hero,0.9874063581228256,0.9999998807907104
1374,4.4,-5.6,6,Hero,0.78910893201828,0.9999979337056478
1375,4.4,-5.6,6,Hero,0.7403456618388494,0.9999996423721313
1376,4.7,-5.3,3,Hero,0.8329251805941263,1.0
1377,4.2,-5.8,8,Hero,0.8636055998504162,0.9999990612268448
1378,4.9,-5.1,1,Hero,0.9327592253684998,1.0
1379,3.3,-6.7,17,Hero,0.7766457690912134,0.952433870119207
1380,3.8000000000000007,-6.199999999999999,12,Hero,0.723807738473018,0.999598483244578
1381,3.7,-6.3,13,Hero,0.7682734601772748,0.9851777782806983
1382,3.9000000000000004,-6.1,11,Hero,0.7633839635686441,0.9998709613626654
1383,4.6000000000000005,-5.3999999999999995,4,Hero,0.9082386344671249,0.9999999701976776
1384,4.300000000000001,-5.699999999999999,7,Hero,0.826364064855235,0.999999829701015
1385,4.2,-5.8,8,Hero,0.6943396916612983,0.999980017542839
1386,4.5,-5.5,5,Hero,0.9060042142868042,1.0
1387,4.2,-5.8,8,Hero,0.8649219460785389,0.999997615814209
1388,3.7,-6.3,13,Hero,0.8435034935290997,0.9996947416892419
1389,4.1000000000000005,-5.8999999999999995,9,Hero,0.9581538240114847,0.9999956687291464
1390,4.6000000000000005,-5.3999999999999995,4,Hero,0.998222604393959,1.0
1391,4.1000000000000005,-5.8999999999999995,9,Hero,0.8814278841018677,0.9999975760777792
1392,3.7,-6.3,13,Hero,0.8125152266942538,0.9348070025444031
1393,3.6000000000000005,-6.3999999999999995,14,Hero,0.7681397585464376,0.9804607927799225
1394,3.4000000000000004,-6.6,16,Hero,0.6937900125049055,0.9995435886085033
1395,3.7,-6.3,13,Hero,0.8411951752809378,0.9972362839258634
1396,-5.3,4.7,3,Villain,0.6424095829327902,0.9994906584421793
1397,4.9,-5.1,1,Hero,0.9369442462921143,1.0
1398,4.2,-5.8,8,Hero,0.8714431449770927,0.9999967664480209
1399,3.3,-6.7,17,Hero,0.7322593171368627,0.9762395164545845
1400,3.7,-6.3,13,Hero,0.7210157147537057,0.999969904239361
1401,4.300000000000001,-5.699999999999999,7,Hero,0.9437809331076485,0.9999998467309135
1402,4.1000000000000005,-5.8999999999999995,9,Hero,0.6676677796575758,0.9999964899486966
1403,4.0,-6.0,10,Hero,0.8439144968986512,0.9999921083450317
1404,4.5,-5.5,5,Hero,0.7236114263534545,0.9999997615814209
1405,3.8000000000000007,-6.199999999999999,12,Hero,0.8201233719786009,0.9999621113141378
1406,3.5,-6.5,15,Hero,0.7351372306545575,0.9763583540916443
1407,4.7,-5.3,3,Hero,0.8348813454310099,1.0
1408,4.5,-5.5,5,Hero,0.8594568014144898,1.0
1409,4.800000000000001,-5.199999999999999,2,Hero,0.6685667634010315,1.0
1410,3.7,-6.3,13,Hero,0.862796989771036,0.999930358850039
1411,4.4,-5.6,6,Hero,0.7789880012472471,0.9999997019767761
1412,4.6000000000000005,-5.3999999999999995,4,Hero,0.7982505708932877,1.0
1413,3.9000000000000004,-6.1,11,Hero,0.7682552872733637,0.999931432984092
1414,4.300000000000001,-5.699999999999999,7,Hero,0.7671309879847935,0.999998790877206
1415,-5.6,4.4,6,Villain,0.6977531562248865,0.9999869664510092
1416,4.300000000000001,-5.699999999999999,7,Hero,0.9981129510062081,0.999991740499224
1417,3.7,-6.3,13,Hero,0.800321947496671,0.9989776244530311
1418,3.8000000000000007,-6.199999999999999,12,Hero,0.80868041391174,0.9981003900369009
1419,3.9000000000000004,-6.1,11,Hero,0.8434564559297129,0.9999566674232483
1420,-6.1,3.9000000000000004,11,Villain,0.5725823098962958,0.9273440106348558
1421,4.6000000000000005,-5.3999999999999995,4,Hero,0.9299567937850952,0.9999999701976776
1422,-5.3,4.7,3,Villain,0.43820727864901227,0.4794623851776123
1423,3.5,-6.5,15,Hero,0.6938137004772822,0.9991105914115905
1424,3.6000000000000005,-6.3999999999999995,14,Hero,0.8372048118284771,0.9994267395564488
1425,3.4000000000000004,-6.6,16,Hero,0.7177080628462136,0.9637105986475945
1426,4.2,-5.8,8,Hero,0.8664736319333315,0.9999993145465851
1427,4.1000000000000005,-5.8999999999999995,9,Hero,0.7642492486370934,0.9999944766362509
1428,4.800000000000001,-5.199999999999999,2,Hero,0.7805651426315308,1.0
1429,3.2,-6.8,18,Hero,0.6862113980783356,0.9826883143848844
1430,4.4,-5.6,6,Hero,0.7488043097158273,0.9999953111012777
1431,4.4,-5.6,6,Hero,0.9988168974717458,0.9999999403953552
1432,4.5,-5.5,5,Hero,0.7746737897396088,0.9999999046325684
1433,4.300000000000001,-5.699999999999999,7,Hero,0.8215594930308205,0.9999996253422329
1434,3.0,-7.0,20,Hero,0.7074152648448944,0.8190110414521768
1435,4.800000000000001,-5.199999999999999,2,Hero,0.7592062652111053,1.0
1436,4.4,-5.6,6,Hero,0.6579442465056976,0.9999998609224955
1437,4.300000000000001,-5.699999999999999,7,Hero,0.8395381058965411,0.9999997786113194
1438,4.1000000000000005,-5.8999999999999995,9,Hero,0.9953658249643114,0.9999947415457832
1439,4.2,-5.8,8,Hero,0.7649903818964958,0.9999994784593582
1440,4.0,-6.0,10,Hero,0.877934330701828,0.985515034198761
1441,4.7,-5.3,3,Hero,0.9802860021591187,1.0
1442,4.1000000000000005,-5.8999999999999995,9,Hero,0.8957941267225478,0.9998694062232971
1443,3.9000000000000004,-6.1,11,Hero,0.7907582358880476,0.9999837875366211
1444,4.6000000000000005,-5.3999999999999995,4,Hero,0.9990438371896744,1.0
1445,3.0,-7.0,20,Hero,0.6858348172158003,0.9672395706176757
1446,-5.5,4.5,5,Villain,0.8418395161628723,0.9999978542327881
1447,3.7,-6.3,13,Hero,0.767696215556218,0.9359416124912409
1448,4.2,-5.8,8,Hero,0.9494333565235138,0.9999993741512299
1449,4.4,-5.6,6,Hero,0.8896363576253256,0.9999965230623881
1450,4.0,-6.0,10,Hero,0.8007633477449417,0.9999987363815308
1451,4.1000000000000005,-5.8999999999999995,9,Hero,0.7718140714698367,0.9999986092249552
1452,4.2,-5.8,8,Hero,0.8265239745378494,0.9999949634075165
1453,3.4000000000000004,-6.6,16,Hero,0.7791726998984814,0.9958998411893845
1454,3.9000000000000004,-6.1,11,Hero,0.8681992888450623,0.9998439225283536
1455,3.6000000000000005,-6.3999999999999995,14,Hero,0.8416165964944022,0.915167140907475
1456,3.6000000000000005,-6.3999999999999995,14,Hero,0.8360493545021329,0.9077057130634785
1457,-5.199999999999999,4.800000000000001,2,Villain,0.9943476319313049,0.9675525426864624
1458,3.4000000000000004,-6.6,16,Hero,0.6327459086896852,0.9573866277933121
1459,4.1000000000000005,-5.8999999999999995,9,Hero,0.7939130597644382,0.9998726579878066
1460,4.1000000000000005,-5.8999999999999995,9,Hero,0.9993219441837735,0.9999802509943644
1461,4.300000000000001,-5.699999999999999,7,Hero,0.7652407373700824,0.999999829701015
1462,4.5,-5.5,5,Hero,0.866254699230194,0.9999999761581421
1463,4.7,-5.3,3,Hero,0.9980249206225077,1.0
1464,4.2,-5.8,8,Hero,0.8757746629416943,0.9999998509883881
1465,3.9000000000000004,-6.1,11,Hero,0.7815532359209928,0.9999860958619551
1466,3.8000000000000007,-6.199999999999999,12,Hero,0.8225909505660335,0.9999763518571854
1467,4.300000000000001,-5.699999999999999,7,Hero,0.8942076563835144,0.9999966110501971
1468,4.1000000000000005,-5.8999999999999995,9,Hero,0.7981632616784837,0.9986716906229655
1469,4.5,-5.5,5,Hero,0.9519964337348938,0.9999998807907104
1470,3.6000000000000005,-6.3999999999999995,14,Hero,0.6924491875938007,0.9721081895487649
1471,4.2,-5.8,8,Hero,0.8748548903968185,0.999999925494194
1472,-5.699999999999999,4.300000000000001,7,Villain,0.7757343862737928,0.9999840600149972
1473,3.3,-6.7,17,Hero,0.7924281656742096,0.9814732986337998
1474,4.2,-5.8,8,Hero,0.9520759209990501,0.9999999552965164
1475,3.9000000000000004,-6.1,11,Hero,0.6152852394364097,0.999934196472168
1476,3.9000000000000004,-6.1,11,Hero,0.9425787817348134,0.9999774369326505
1477,4.5,-5.5,5,Hero,0.8732638359069824,0.9999999761581421
1478,4.1000000000000005,-5.8999999999999995,9,Hero,0.8996755679448446,0.9999964369667901
1479,3.8000000000000007,-6.199999999999999,12,Hero,0.7423782728922864,0.9997389068206152
1480,4.6000000000000005,-5.3999999999999995,4,Hero,0.6734800711274147,1.0
1481,4.9,-5.1,1,Hero,0.9512318968772888,1.0
1482,4.300000000000001,-5.699999999999999,7,Hero,0.7796554820878165,0.9999948229108538
1483,3.0999999999999996,-6.9,19,Hero,0.66636455764896,0.9603096325146524
1484,3.8000000000000007,-6.199999999999999,12,Hero,0.8985218654076258,0.9996576805909475
1485,4.4,-5.6,6,Hero,0.9169894556204478,0.999999980131785
1486,4.7,-5.3,3,Hero,0.8663301467895508,1.0
1487,4.800000000000001,-5.199999999999999,2,Hero,0.7911160588264465,1.0
1488,4.0,-6.0,10,Hero,0.7576821625232697,0.9999955534934998
1489,2.9,-7.1,21,Hero,0.6361304365453266,0.9999892229125613
1490,4.4,-5.6,6,Hero,0.8837099472681681,0.9999999602635702
1491,4.5,-5.5,5,Hero,0.9154507160186768,1.0
1492,-5.3,4.7,3,Villain,0.9638920029004415,0.9999998807907104
1493,3.8000000000000007,-6.199999999999999,12,Hero,0.7592729441821575,0.9990609486897787
1494,4.2,-5.8,8,Hero,0.733177085960051,0.9999862462282181
1495,4.1000000000000005,-5.8999999999999995,9,Hero,0.7188879756463898,0.9999852975209554
1496,4.4,-5.6,6,Hero,0.9874702394008636,0.9999998211860657
1497,4.5,-5.5,5,Hero,0.9984846830368042,1.0
1498,4.1000000000000005,-5.8999999999999995,9,Hero,0.9980501996146308,0.999999827808804
1499,3.9000000000000004,-6.1,11,Hero,0.8057808808305047,0.9999947114424272
1500,-5.3,4.7,3,Villain,0.6048324977358183,0.9999996026357015
1501,3.5,-6.5,15,Hero,0.7215650989363591,0.9731523950894674
1502,3.4000000000000004,-6.6,16,Hero,0.7457623612135649,0.960984367877245
1503,4.1000000000000005,-5.8999999999999995,9,Hero,0.7618335628261169,0.9999678333600363
1504,-5.6,4.4,6,Villain,0.4628642126917839,0.9108405808607737
1505,3.6000000000000005,-6.3999999999999995,14,Hero,0.7902226139392171,0.978852948972157
1506,-5.199999999999999,4.800000000000001,2,Villain,0.9999902844429016,0.9999999403953552
1507,3.8000000000000007,-6.199999999999999,12,Hero,0.8967781166235606,0.9999683648347855
1508,4.0,-6.0,10,Hero,0.7588490009307861,0.999993908405304
1509,3.4000000000000004,-6.6,16,Hero,0.801228315802291,0.9533967599272728
1510,-5.1,4.9,1,Villain,1.0,0.9999896287918091
1511,4.0,-6.0,10,Hero,0.7998255461454391,0.9999850988388062
1512,4.4,-5.6,6,Hero,0.6956003357966741,1.0
1513,-5.8,4.2,8,Villain,0.6960549131035805,0.999957837164402
1514,-5.8,4.2,8,Villain,0.7159832678735256,0.9097358100116253
1515,4.7,-5.3,3,Hero,0.8638232747713724,1.0
1516,4.300000000000001,-5.699999999999999,7,Hero,0.9499634674617222,0.9999994550432477
1517,3.8000000000000007,-6.199999999999999,12,Hero,0.8698256860176722,0.9997782458861669
1518,4.1000000000000005,-5.8999999999999995,9,Hero,0.9184902773963081,0.9999894830915663
1519,-5.699999999999999,4.300000000000001,7,Villain,0.8190613772187915,0.9999994039535522
1520,-5.8999999999999995,4.1000000000000005,9,Villain,0.8851186235745748,0.9579312403996786
1521,3.9000000000000004,-6.1,11,Hero,0.8709330023689703,0.998676988211545
1522,-6.1,3.9000000000000004,11,Villain,0.6984587020494721,0.9628465934233232
1523,-5.1,4.9,1,Villain,0.9990039467811584,0.9999898672103882
1524,2.6999999999999997,-7.300000000000001,23,Hero,0.6859511643972086,0.9665436355963998
1525,3.8000000000000007,-6.199999999999999,12,Hero,0.7257609615723292,0.9976932356754938
1526,4.4,-5.6,6,Hero,0.8868926564852396,0.9999975164731344
1527,2.8,-7.2,22,Hero,0.685393451183865,0.9538451582193375
1528,4.1000000000000005,-5.8999999999999995,9,Hero,0.8257247805595398,0.9999973111682467
1529,3.7,-6.3,13,Hero,0.8694554613186762,0.9998983053060678
1530,-5.3,4.7,3,Villain,0.6684289475282034,0.6907829443613688
1531,4.300000000000001,-5.699999999999999,7,Hero,0.6680531906230109,0.9999978882925851
1532,3.6000000000000005,-6.3999999999999995,14,Hero,0.7128587886691093,0.9273316647325244
1533,4.300000000000001,-5.699999999999999,7,Hero,0.7980090262634414,0.9999993358339582
1534,3.8000000000000007,-6.199999999999999,12,Hero,0.8246534541249275,0.9999382893244425
1535,4.0,-6.0,10,Hero,0.9075324237346649,0.9999853014945984
1536,4.300000000000001,-5.699999999999999,7,Hero,0.9345873083387103,0.999988181250436
1537,-5.3,4.7,3,Villain,0.8681727051734924,0.9999999205271403
1538,3.7,-6.3,13,Hero,0.7886843864734356,0.9679144254097571
1539,3.6000000000000005,-6.3999999999999995,14,Hero,0.7326107414971504,0.9987023600510189
1540,3.9000000000000004,-6.1,11,Hero,0.7886933792721141,0.9999515414237976
1541,4.1000000000000005,-5.8999999999999995,9,Hero,0.7229025695059035,0.9999526209301419
1542,3.4000000000000004,-6.6,16,Hero,0.7262600478716195,0.9341988861560822
1543,4.0,-6.0,10,Hero,0.7740774720907211,0.999996829032898
1544,3.5,-6.5,15,Hero,0.8319079399108886,0.9828995704650879
1545,3.8000000000000007,-6.199999999999999,12,Hero,0.8203509176770846,0.9999791334072748
1546,-5.3,4.7,3,Villain,1.0,0.9999877214431763
1547,4.2,-5.8,8,Hero,0.8528386205434799,0.9951760321855545
1548,4.1000000000000005,-5.8999999999999995,9,Hero,0.7004033683074845,0.9999992979897393
1549,3.8000000000000007,-6.199999999999999,12,Hero,0.7907736549774805,0.9717030028502146
1550,3.9000000000000004,-6.1,11,Hero,0.9256155707619407,0.8799631250175562
1551,4.9,-5.1,1,Hero,0.9961060881614685,1.0
1552,4.2,-5.8,8,Hero,0.9974094107747078,0.9999980181455612
1553,3.3,-6.7,17,Hero,0.7920293194406173,0.9664736565421609
1554,3.0,-7.0,20,Hero,0.7441794145852327,0.9548713594675065
1555,4.800000000000001,-5.199999999999999,2,Hero,0.7309091985225677,1.0
1556,4.4,-5.6,6,Hero,0.9189489185810089,0.9999969005584717
1557,3.2,-6.8,18,Hero,0.8121903075112237,0.9783419867356619
1558,4.2,-5.8,8,Hero,0.8964520916342735,0.9999989718198776
1559,4.9,-5.1,1,Hero,0.4448682367801666,1.0
1560,3.9000000000000004,-6.1,11,Hero,0.9376618753780018,0.9997446049343456
1561,4.2,-5.8,8,Hero,0.85862922295928,0.9999995678663254
1562,4.300000000000001,-5.699999999999999,7,Hero,0.9141610137053898,0.9999992847442627
1563,4.2,-5.8,8,Hero,0.9994957000017166,0.999992772936821
1564,4.300000000000001,-5.699999999999999,7,Hero,0.7136951184698513,0.9999996253422329
1565,4.6000000000000005,-5.3999999999999995,4,Hero,0.997801885008812,1.0
1566,3.7,-6.3,13,Hero,0.7231484284767737,0.9569355662052448
1567,4.2,-5.8,8,Hero,0.9989074394106865,0.9997274354100227
1568,-5.6,4.4,6,Villain,0.6831628953417143,0.9999920725822449
1569,4.0,-6.0,10,Hero,0.8789682894945144,0.9999988675117493
1570,3.6000000000000005,-6.3999999999999995,14,Hero,0.8786158987454006,0.9961768984794617
1571,3.9000000000000004,-6.1,11,Hero,0.8501787998459556,0.9999136220325123
1572,3.4000000000000004,-6.6,16,Hero,0.8166123516857624,0.9646022152155638
1573,4.1000000000000005,-5.8999999999999995,9,Hero,0.8878984683089786,0.9999682969517178
1574,4.2,-5.8,8,Hero,0.8102358654141426,0.9999999850988388
1575,4.7,-5.3,3,Hero,0.5558306674162546,1.0
1576,3.7,-6.3,13,Hero,0.7105089529202535,0.972630684192364
1577,3.5,-6.5,15,Hero,0.7746830232441425,0.951781169573466
1578,4.1000000000000005,-5.8999999999999995,9,Hero,0.9769160085254245,0.9999910725487603
1579,4.2,-5.8,8,Hero,0.9468768388032913,0.9999954253435135
1580,3.9000000000000004,-6.1,11,Hero,0.9418292262337424,0.9999905499545011
1581,4.6000000000000005,-5.3999999999999995,4,Hero,0.8020652160048485,1.0
1582,4.0,-6.0,10,Hero,0.8934126183390617,0.9975073575973511
1583,3.8000000000000007,-6.199999999999999,12,Hero,0.847254840657115,0.9822424501180649
1584,4.5,-5.5,5,Hero,0.9619883298873901,0.9999999761581421
1585,4.4,-5.6,6,Hero,0.9521432816982269,0.9999999602635702
1586,3.6000000000000005,-6.3999999999999995,14,Hero,0.802199384729777,0.998993741614478
1587,3.5,-6.5,15,Hero,0.8489201108614604,0.9680327335993449
1588,4.2,-5.8,8,Hero,0.9734515398740768,0.9996980130672455
1589,4.800000000000001,-5.199999999999999,2,Hero,0.8602272570133209,1.0
1590,3.2,-6.8,18,Hero,0.750815918462144,0.9745125836796231
1591,3.3,-6.7,17,Hero,0.7862473217880025,0.9844203486162073
1592,4.4,-5.6,6,Hero,0.828923280040423,0.9999996026357015
1593,3.9000000000000004,-6.1,11,Hero,0.8723829598589377,0.9995288686318831
1594,4.0,-6.0,10,Hero,0.832795576006174,0.9995214879512787
1595,3.4000000000000004,-6.6,16,Hero,0.7101851091720164,0.9143431783886626
1596,4.7,-5.3,3,Hero,0.8656321962674459,1.0
1597,-5.3,4.7,3,Villain,0.9998764991760254,0.9999999205271403
1598,4.1000000000000005,-5.8999999999999995,9,Hero,0.7876501431067785,0.999998026423984
1599,4.5,-5.5,5,Hero,0.7853433519601822,1.0
1600,3.2,-6.8,18,Hero,0.7345230422086186,0.9781900942325592
1601,4.300000000000001,-5.699999999999999,7,Hero,0.9673295021057129,0.999967702797481
1602,4.9,-5.1,1,Hero,0.11520213633775711,1.0
1603,3.9000000000000004,-6.1,11,Hero,0.8544584363698959,0.9991824952038851
1604,4.5,-5.5,5,Hero,0.9030368566513062,1.0
1605,4.300000000000001,-5.699999999999999,7,Hero,0.9440927079745701,0.9999985694885254
1606,4.5,-5.5,5,Hero,0.9998219609260559,0.9999999761581421
1607,4.0,-6.0,10,Hero,0.6760991543531418,0.9999995946884155
1608,4.1000000000000005,-5.8999999999999995,9,Hero,0.9558392100863986,0.999998927116394
1609,4.2,-5.8,8,Hero,0.9079793691635132,0.9999985694885254
1610,4.300000000000001,-5.699999999999999,7,Hero,0.8570954400513854,0.9999999829701015
1611,4.6000000000000005,-5.3999999999999995,4,Hero,0.9944009035825729,1.0
1612,3.9000000000000004,-6.1,11,Hero,0.8023627048188989,0.9929534305225719
1613,4.2,-5.8,8,Hero,0.8654968738555908,0.9999942034482956
1614,3.6000000000000005,-6.3999999999999995,14,Hero,0.8053729943931103,0.9950035555022103
1615,4.300000000000001,-5.699999999999999,7,Hero,0.8485386925084251,0.9999995742525373
1616,4.4,-5.6,6,Hero,0.7103103498617808,0.999999980131785
1617,-5.5,4.5,5,Villain,0.6991035789251328,0.9999994754791259
1618,3.2,-6.8,18,Hero,0.7821556139323447,0.9628404941823747
1619,3.9000000000000004,-6.1,11,Hero,0.8505740761756897,0.9999706907705828
1620,4.0,-6.0,10,Hero,0.7676140278577804,0.9912043035030365
1621,3.8000000000000007,-6.199999999999999,12,Hero,0.8844106445709864,0.9997154772281647
1622,-5.3999999999999995,4.6000000000000005,4,Villain,0.999771311879158,0.9999874830245972
1623,4.2,-5.8,8,Hero,0.8408951302990317,0.9999994337558746
1624,4.4,-5.6,6,Hero,0.9140608906745911,0.9999998609224955
1625,3.9000000000000004,-6.1,11,Hero,0.8870801465077833,0.9966135566884821
1626,3.7,-6.3,13,Hero,0.7387456274949588,0.9890951972741348
1627,-5.5,4.5,5,Villain,0.9999984264373779,0.999982500076294
1628,4.4,-5.6,6,Hero,0.6999430159727732,0.9999993840853373
1629,3.8000000000000007,-6.199999999999999,12,Hero,0.8194135203957558,0.9999631345272064
1630,4.300000000000001,-5.699999999999999,7,Hero,0.8106812494141715,0.9999993188040597
1631,3.7,-6.3,13,Hero,0.8711935694401081,0.9996250180097727
1632,4.5,-5.5,5,Hero,0.8179023563861847,0.9999999761581421
1633,3.9000000000000004,-6.1,11,Hero,0.9180754206397317,0.998908590186726
1634,-5.199999999999999,4.800000000000001,2,Villain,0.9999939799308777,0.9999998211860657
1635,4.5,-5.5,5,Hero,0.6741746306419373,1.0
1636,4.5,-5.5,5,Hero,0.8076938629150391,0.9999999761581421
1637,-5.6,4.4,6,Villain,0.9999971787134806,0.9980701804161072
1638,4.0,-6.0,10,Hero,0.8354692816734314,0.9834107041358948
1639,-5.8,4.2,8,Villain,0.8665740936994553,0.9987233951687813
1640,3.4000000000000004,-6.6,16,Hero,0.7914601471275091,0.9726683087646961
1641,4.2,-5.8,8,Hero,0.9985583424568176,0.9999993145465851
1642,-5.6,4.4,6,Villain,0.8593147844076157,0.9992684721946716
1643,4.2,-5.8,8,Hero,0.7437165156006813,0.999995082616806
1644,4.9,-5.1,1,Hero,0.9872772097587585,1.0
1645,4.2,-5.8,8,Hero,0.9488042891025543,0.9999937564134598
1646,3.5,-6.5,15,Hero,0.7777065356572469,0.9068731069564819
1647,3.4000000000000004,-6.6,16,Hero,0.7419533059000969,0.9404514227062464
1648,4.2,-5.8,8,Hero,0.6823845393955708,0.9999973475933075
1649,-5.1,4.9,1,Villain,0.9999227523803711,0.9992700219154358
1650,3.0999999999999996,-6.9,19,Hero,0.7334843156369109,0.9270994165226033
1651,3.4000000000000004,-6.6,16,Hero,0.8108092062175274,0.9709033332765102
1652,4.2,-5.8,8,Hero,0.9693346992135048,0.9999998807907104
1653,4.2,-5.8,8,Hero,0.7862493582069874,0.9999991953372955
1654,3.8000000000000007,-6.199999999999999,12,Hero,0.7967252333958944,0.9983366280794144
1655,3.6000000000000005,-6.3999999999999995,14,Hero,0.8413311902965818,0.9032814417566571
1656,4.0,-6.0,10,Hero,0.8272100389003754,0.9999976873397827
1657,3.7,-6.3,13,Hero,0.821633884539971,0.9650214131061847
1658,4.7,-5.3,3,Hero,0.998531719048818,1.0
1659,4.300000000000001,-5.699999999999999,7,Hero,0.8332794521536145,0.999999829701015
1660,4.2,-5.8,8,Hero,0.753563903272152,0.999999925494194
1661,4.1000000000000005,-5.8999999999999995,9,Hero,0.9984299739201864,0.9886222150590684
1662,4.4,-5.6,6,Hero,0.9994941552480062,0.9999999205271403
1663,3.7,-6.3,13,Hero,0.7182081891940191,0.9649990521944486
1664,-5.3,4.7,3,Villain,0.358142180989186,0.5662295892834663
1665,4.4,-5.6,6,Hero,0.9949298202991486,0.9999953905741373
1666,4.800000000000001,-5.199999999999999,2,Hero,0.998560220003128,1.0
1667,4.0,-6.0,10,Hero,0.8688580155372619,0.9999741017818451
1668,4.9,-5.1,1,Hero,0.9952257871627808,1.0
1669,3.7,-6.3,13,Hero,0.7934270833547299,0.965471625328064
1670,-5.5,4.5,5,Villain,0.9999660015106201,0.998936128616333
1671,4.5,-5.5,5,Hero,0.7486410796642303,0.9999954223632812
1672,3.9000000000000004,-6.1,11,Hero,0.8195601566271349,0.9999981034885753
1673,4.300000000000001,-5.699999999999999,7,Hero,0.9491090859685626,0.9999969346182687
1674,3.7,-6.3,13,Hero,0.8442672284749838,0.9985628265600938
1675,3.7,-6.3,13,Hero,0.9212996959686279,0.9997003491108234
1676,4.0,-6.0,10,Hero,0.86512610912323,0.9996434807777405
1677,4.1000000000000005,-5.8999999999999995,9,Hero,0.9998785588476393,0.99999909930759
1678,4.1000000000000005,-5.8999999999999995,9,Hero,0.9979677398999532,0.9997839265399509
1679,4.1000000000000005,-5.8999999999999995,9,Hero,0.9995452231831021,0.9999901718563504
1680,4.6000000000000005,-5.3999999999999995,4,Hero,0.9131163656711578,1.0
1681,4.6000000000000005,-5.3999999999999995,4,Hero,0.8964571058750153,0.9999999701976776
1682,4.2,-5.8,8,Hero,0.8973958790302277,0.9999978542327881
1683,3.2,-6.8,18,Hero,0.7564237281266186,0.9157484720150629
1684,3.7,-6.3,13,Hero,0.7246749309393076,0.9558225319935725
1685,3.9000000000000004,-6.1,11,Hero,0.9175598675554449,0.9926669543439691
1686,4.5,-5.5,5,Hero,0.939829158782959,0.9999999046325684
1687,4.9,-5.1,1,Hero,0.9571136236190796,1.0
1688,4.1000000000000005,-5.8999999999999995,9,Hero,0.8853416509098477,0.9999926884969076
1689,-5.6,4.4,6,Villain,0.9999998013178507,0.9998859862486521
1690,3.3,-6.7,17,Hero,0.7969213846851798,0.9706935496891246
1691,3.8000000000000007,-6.199999999999999,12,Hero,0.8442826246221861,0.9959719429413477
1692,4.6000000000000005,-5.3999999999999995,4,Hero,0.9990607649087906,1.0
1693,4.5,-5.5,5,Hero,0.87038813829422,0.9999998331069946
1694,-5.3,4.7,3,Villain,0.9999276598294576,0.9999988476435343
1695,4.300000000000001,-5.699999999999999,7,Hero,0.9971518346241542,0.9999980585915702
1696,4.6000000000000005,-5.3999999999999995,4,Hero,0.8314433991909027,1.0
1697,4.0,-6.0,10,Hero,0.7968620210886002,0.9999846577644348
1698,3.8000000000000007,-6.199999999999999,12,Hero,0.9250031361977259,0.9880545934041342
1699,4.1000000000000005,-5.8999999999999995,9,Hero,0.9975076185332404,0.9997752971119351
1700,4.1000000000000005,-5.8999999999999995,9,Hero,0.7753763033284081,0.9999905294842191
1701,4.6000000000000005,-5.3999999999999995,4,Hero,0.8161375746130943,0.9999999105930328
1702,4.6000000000000005,-5.3999999999999995,4,Hero,0.9217458963394165,1.0
1703,3.5,-6.5,15,Hero,0.7116772549847762,0.9788695812225342
1704,3.8000000000000007,-6.199999999999999,12,Hero,0.7474735726912817,0.9744745641946793
1705,4.1000000000000005,-5.8999999999999995,9,Hero,0.9205677774217393,0.9998270803027682
1706,4.9,-5.1,1,Hero,0.046615663915872574,1.0
1707,4.2,-5.8,8,Hero,0.9013541080057621,0.9999975115060806
1708,3.8000000000000007,-6.199999999999999,12,Hero,0.789097880323728,0.9996528774499893
1709,4.0,-6.0,10,Hero,0.8653525143861771,0.9999849438667298
1710,3.7,-6.3,13,Hero,0.8019575270322653,0.9247803573425
1711,4.5,-5.5,5,Hero,0.8625531017780304,0.999999713897705
1712,4.9,-5.1,1,Hero,0.9940088987350464,1.0
1713,4.2,-5.8,8,Hero,0.955824002623558,0.9999990165233612
1714,4.9,-5.1,1,Hero,0.9437236785888672,1.0
1715,4.0,-6.0,10,Hero,0.9037942677736283,0.9995470941066742
1716,4.1000000000000005,-5.8999999999999995,9,Hero,0.8590695924229093,0.9977706604533725
1717,4.1000000000000005,-5.8999999999999995,9,Hero,0.8455616037050883,0.9999196330706278
1718,4.300000000000001,-5.699999999999999,7,Hero,0.8607471883296967,0.9999994720731463
1719,4.0,-6.0,10,Hero,0.7285491675138474,0.9945837616920471
1720,4.2,-5.8,8,Hero,0.8800779655575752,0.999997541308403
1721,4.5,-5.5,5,Hero,0.8799829363822937,0.9999994277954102
1722,3.9000000000000004,-6.1,11,Hero,0.7338092442263257,0.9231259186159481
1723,3.6000000000000005,-6.3999999999999995,14,Hero,0.8644754695040839,0.9522622908864703
1724,4.4,-5.6,6,Hero,0.9128678937753042,0.999998927116394
1725,4.5,-5.5,5,Hero,0.8370546102523804,0.9999974489212036
1726,3.4000000000000004,-6.6,16,Hero,0.7938856107648462,0.9707283228635788
1727,4.1000000000000005,-5.8999999999999995,9,Hero,0.9461852179633247,0.9998262325922648
1728,4.6000000000000005,-5.3999999999999995,4,Hero,0.9947308152914047,0.9999995231628418
1729,4.1000000000000005,-5.8999999999999995,9,Hero,0.918372200595008,0.9999892314275106
1730,4.300000000000001,-5.699999999999999,7,Hero,0.998162967818124,0.9999940735953194
1731,4.4,-5.6,6,Hero,0.9476591944694519,0.9999996821085612
1732,3.5,-6.5,15,Hero,0.6958727523684501,0.9747368335723877
1733,4.9,-5.1,1,Hero,0.9895957112312317,1.0
1734,4.300000000000001,-5.699999999999999,7,Hero,0.999578424862453,0.9999994550432477
1735,3.9000000000000004,-6.1,11,Hero,0.8120461241765455,0.9923366958444769
1736,4.2,-5.8,8,Hero,0.9995963796973228,0.9999987334012985
1737,4.6000000000000005,-5.3999999999999995,4,Hero,0.8289189785718918,0.9999998807907104
1738,4.2,-5.8,8,Hero,0.9311292618513107,0.9999949485063553
1739,3.5,-6.5,15,Hero,0.7603967100381851,0.9761942664782206
1740,4.300000000000001,-5.699999999999999,7,Hero,0.862785347870418,0.999998756817409
1741,4.1000000000000005,-5.8999999999999995,9,Hero,0.9568411310513815,0.9990627699428134
1742,4.0,-6.0,10,Hero,0.9566189527511597,0.9999598562717438
1743,3.4000000000000004,-6.6,16,Hero,0.7373718882445246,0.9104260327294469
1744,-5.1,4.9,1,Villain,0.9999971389770508,0.11424802988767624
1745,4.4,-5.6,6,Hero,0.9234691162904104,0.9999744097391764
1746,4.4,-5.6,6,Hero,0.8668021162350973,0.9999780058860779
1747,4.5,-5.5,5,Hero,0.9915894865989685,0.999950361251831
1748,4.300000000000001,-5.699999999999999,7,Hero,0.9362140042441232,0.9997010231018066
1749,4.2,-5.8,8,Hero,0.9989396035671234,0.9999806582927704
1750,3.4000000000000004,-6.6,16,Hero,0.7349700508639216,0.9003632199019194
1751,4.2,-5.8,8,Hero,0.9651067554950714,0.8391402959823608
1752,4.5,-5.5,5,Hero,0.9982778429985046,0.9993986487388611
1753,3.9000000000000004,-6.1,11,Hero,0.7538662850856781,0.9960200624032454
1754,4.2,-5.8,8,Hero,0.8874305412173271,0.861413836479187
1755,4.300000000000001,-5.699999999999999,7,Hero,0.8430552567754473,0.9934265698705401
1756,3.7,-6.3,13,Hero,0.8371129494446975,0.8705948766034383
1757,4.5,-5.5,5,Hero,0.9435275912284851,0.9991199374198914
1758,4.1000000000000005,-5.8999999999999995,9,Hero,0.9164552887280782,0.803373763958613
1759,4.2,-5.8,8,Hero,0.9992584958672523,0.936553567647934
1760,4.9,-5.1,1,Hero,0.6231130957603455,0.9999938011169434
1761,4.7,-5.3,3,Hero,0.9856533408164978,0.9999227523803711
1762,-5.1,4.9,1,Villain,0.13499648869037628,0.9658522009849548
1763,3.9000000000000004,-6.1,11,Hero,0.7826244749806144,0.880501619794152
1764,3.4000000000000004,-6.6,16,Hero,0.7960208524018526,0.9604354985058308
1765,4.1000000000000005,-5.8999999999999995,9,Hero,0.9999913109673394,0.9979882703887092
1766,2.6999999999999997,-7.300000000000001,23,Hero,0.7856354763650376,0.9215992209704026
1767,3.9000000000000004,-6.1,11,Hero,0.7373146570541642,0.9999767758629539
1768,-5.5,4.5,5,Villain,0.8351745367050171,0.8318270206451416
1769,3.9000000000000004,-6.1,11,Hero,0.7985695139928297,0.9973466179587624
1770,4.2,-5.8,8,Hero,0.9999883323907852,0.9999305978417397
1771,-5.8,4.2,8,Villain,0.7702391594648361,0.9284535124897957
1772,4.0,-6.0,10,Hero,0.8163651406764985,0.9991164028644561
1773,3.7,-6.3,13,Hero,0.8376480134633871,0.987110789005573
1774,4.1000000000000005,-5.8999999999999995,9,Hero,0.9999379250738356,0.9999757077958848
1775,4.0,-6.0,10,Hero,0.8616709649562836,0.9964161098003388
1776,-5.8999999999999995,4.1000000000000005,9,Villain,0.794360445605384,0.946917818652259
1777,4.300000000000001,-5.699999999999999,7,Hero,0.784803011587688,0.9911412341254098
1778,4.0,-6.0,10,Hero,0.9214346706867218,0.9994926393032074
1779,4.0,-6.0,10,Hero,0.7705115005373955,0.9324679940938949
1780,4.300000000000001,-5.699999999999999,7,Hero,0.9999853372573853,0.9961463638714382
1781,3.8000000000000007,-6.199999999999999,12,Hero,0.8416186397274336,0.9890649865070978
1782,3.8000000000000007,-6.199999999999999,12,Hero,0.8898340513308843,0.9520391573508581
1783,4.4,-5.6,6,Hero,0.9999891718228658,0.9998824695746104
1784,4.6000000000000005,-5.3999999999999995,4,Hero,0.7883570566773415,0.9999789297580719
1785,3.7,-6.3,13,Hero,0.8028271931868333,0.9685104443476751
1786,4.9,-5.1,1,Hero,0.9652158617973328,0.9999998807907104
1787,4.9,-5.1,1,Hero,0.17685016989707947,0.9999995231628418
1788,3.9000000000000004,-6.1,11,Hero,0.9173140959306196,0.8893711824308742
1789,-5.5,4.5,5,Villain,0.9439424753189087,0.9814116358757019
1790,-5.6,4.4,6,Villain,0.7510571864744028,0.9361248115698496
1791,3.7,-6.3,13,Hero,0.8558391882823064,0.9238426693930075
1792,4.5,-5.5,5,Hero,0.9089454412460327,0.9999905824661255
1793,4.6000000000000005,-5.3999999999999995,4,Hero,0.9993036389350891,0.9999834597110748
1794,3.5,-6.5,15,Hero,0.7487143993377685,0.966167402267456
1795,4.300000000000001,-5.699999999999999,7,Hero,0.7523925943034036,0.9999946185520717
1796,4.4,-5.6,6,Hero,0.8772831459840139,0.9999953707059225
1797,3.7,-6.3,13,Hero,0.8310721487953112,0.9524337007449224
1798,3.7,-6.3,13,Hero,0.8881681332221398,0.9330503298686101
1799,-5.5,4.5,5,Villain,1.0,0.9318643569946289
1800,-5.8,4.2,8,Villain,0.8281664373353124,0.9249275140464306
1801,4.5,-5.5,5,Hero,0.9452571272850037,0.9999996423721313
1802,4.1000000000000005,-5.8999999999999995,9,Hero,0.9774387545055814,0.9985177583164639
1803,4.1000000000000005,-5.8999999999999995,9,Hero,0.9666849904590182,0.9999954700469971
1804,-5.8,4.2,8,Villain,0.6988103901967406,0.9520705491304398
1805,4.1000000000000005,-5.8999999999999995,9,Hero,0.9767760237058004,0.9956809613439772
1806,4.5,-5.5,5,Hero,0.8331357002258301,0.9999911308288574
1807,3.3,-6.7,17,Hero,0.7222704332979286,0.945247091791209
1808,4.1000000000000005,-5.8999999999999995,9,Hero,0.8863575557867686,0.997384508450826
1809,4.6000000000000005,-5.3999999999999995,4,Hero,0.9985296130180359,0.9999999701976776
1810,4.7,-5.3,3,Hero,0.7207085887591044,0.999996026357015
1811,4.9,-5.1,1,Hero,0.43631044030189514,1.0
1812,3.4000000000000004,-6.6,16,Hero,0.7994049182161689,0.8990403236821294
1813,4.2,-5.8,8,Hero,0.8231768258847296,0.9998799934983253
1814,3.8000000000000007,-6.199999999999999,12,Hero,0.7677947900568446,0.9802760680516561
1815,-5.1,4.9,1,Villain,0.9999946355819702,0.9966805577278137
1816,3.2,-6.8,18,Hero,0.6997092035081651,0.9622536036703322
1817,3.6000000000000005,-6.3999999999999995,14,Hero,0.8078544826379844,0.9468829823391778
1818,3.4000000000000004,-6.6,16,Hero,0.730281108058989,0.9134064726531506
1819,4.2,-5.8,8,Hero,0.8761542364954948,0.997018851339817
1820,4.4,-5.6,6,Hero,0.9999715288480123,0.9999988675117493
1821,3.7,-6.3,13,Hero,0.7298799512478021,0.9781217896021329
1822,3.8000000000000007,-6.199999999999999,12,Hero,0.8495247388879458,0.9745935002962748
1823,4.300000000000001,-5.699999999999999,7,Hero,0.944302499294281,0.999998927116394
1824,3.4000000000000004,-6.6,16,Hero,0.8091934062540531,0.9270218061283231
1825,4.0,-6.0,10,Hero,0.7592231340706348,0.9998480081558228
1826,3.2,-6.8,18,Hero,0.7443842834068669,0.9468299845854441
1827,4.5,-5.5,5,Hero,0.921722948551178,0.9999971389770508
1828,4.300000000000001,-5.699999999999999,7,Hero,0.9051225696291242,0.9999977350234985
1829,4.1000000000000005,-5.8999999999999995,9,Hero,0.9754043486383226,0.9792186088032193
1830,3.5,-6.5,15,Hero,0.8157890419165293,0.9512148857116699
1831,3.8000000000000007,-6.199999999999999,12,Hero,0.8394271793464819,0.965414563814799
1832,3.6000000000000005,-6.3999999999999995,14,Hero,0.8839842081069946,0.9446302141462054
1833,4.2,-5.8,8,Hero,0.9999158456921577,0.9985457584261894
1834,3.9000000000000004,-6.1,11,Hero,0.9224839102138173,0.9999094117771495
1835,4.6000000000000005,-5.3999999999999995,4,Hero,0.9949242919683456,0.9999992549419403
1836,4.0,-6.0,10,Hero,0.9010835707187652,0.999571293592453
1837,4.4,-5.6,6,Hero,0.7656585363050302,0.999999205271403
1838,3.9000000000000004,-6.1,11,Hero,0.781620361588218,0.9045825905420564
1839,4.300000000000001,-5.699999999999999,7,Hero,0.8186892696789333,0.9999970708574567
1840,4.300000000000001,-5.699999999999999,7,Hero,0.8146909134728568,0.999994056565421
1841,3.8000000000000007,-6.199999999999999,12,Hero,0.7984581515192986,0.9415226355195045
1842,4.7,-5.3,3,Hero,0.9939298828442892,0.9999962250391642
1843,-5.199999999999999,4.800000000000001,2,Villain,1.0,0.8049401342868805
1844,4.0,-6.0,10,Hero,0.9443160891532898,0.9999916315078735
1845,3.9000000000000004,-6.1,11,Hero,0.7861008481545881,0.9164002280343663
1846,4.800000000000001,-5.199999999999999,2,Hero,0.9839029014110565,1.0
1847,4.7,-5.3,3,Hero,0.7997218271096548,1.0
1848,3.5,-6.5,15,Hero,0.7459516525268555,0.9573121786117553
1849,3.9000000000000004,-6.1,11,Hero,0.7823269394311038,0.9999475154009733
1850,4.4,-5.6,6,Hero,0.8110652565956116,0.9999703963597616
1851,3.5,-6.5,15,Hero,0.7492775986591975,0.9747955640157063
1852,3.8000000000000007,-6.199999999999999,12,Hero,0.9496284276247025,0.9989935954411825
1853,4.1000000000000005,-5.8999999999999995,9,Hero,0.9658322135607401,0.9999994569354587
1854,4.9,-5.1,1,Hero,0.24628661572933197,1.0
1855,4.300000000000001,-5.699999999999999,7,Hero,0.8163957680974688,0.9999996594020298
1856,3.8000000000000007,-6.199999999999999,12,Hero,0.8915907591581345,0.9962976177533468
1857,-5.3,4.7,3,Villain,0.9997369249661764,0.9999998807907104
1858,-5.8999999999999995,4.1000000000000005,9,Villain,0.8525705718331866,0.9982623789045546
1859,4.2,-5.8,8,Hero,0.8791669830679893,0.9855788573622704
1860,4.1000000000000005,-5.8999999999999995,9,Hero,0.9038052078750398,0.9999314612812467
1861,4.2,-5.8,8,Hero,0.8455513063818216,0.9999992549419403
1862,3.4000000000000004,-6.6,16,Hero,0.8444444015622139,0.9623854979872704
1863,4.5,-5.5,5,Hero,0.6387705244123936,0.9999999761581421
1864,4.2,-5.8,8,Hero,0.7787628192454576,0.9999995678663254
1865,3.5,-6.5,15,Hero,0.8507897486289342,0.970429805914561
1866,4.300000000000001,-5.699999999999999,7,Hero,0.9051816804068429,0.9999997786113194
1867,4.1000000000000005,-5.8999999999999995,9,Hero,0.9999459187189738,0.9999939997990926
1868,-5.3999999999999995,4.6000000000000005,4,Villain,0.9999999701976776,0.9995728731155396
1869,3.2,-6.8,18,Hero,0.7851052896844016,0.9825610650910271
1870,4.2,-5.8,8,Hero,0.8479944015853107,0.9999979734420776
1871,3.5,-6.5,15,Hero,0.8304953222473462,0.9698346575101217
1872,4.4,-5.6,6,Hero,0.9998489518960317,0.9999996622403463
1873,4.9,-5.1,1,Hero,0.9656286239624023,1.0
1874,3.9000000000000004,-6.1,11,Hero,0.7758149098266255,0.9984996481375261
1875,4.300000000000001,-5.699999999999999,7,Hero,0.9748841864722115,0.9999984162194389
1876,3.9000000000000004,-6.1,11,Hero,0.8340686823834073,0.9620483192530546
1877,3.8000000000000007,-6.199999999999999,12,Hero,0.8662229230006536,0.9998961885770162
1878,4.1000000000000005,-5.8999999999999995,9,Hero,0.8779639071888394,0.9992067548963759
1879,4.0,-6.0,10,Hero,0.9373410880565644,0.9993787944316864
1880,3.8000000000000007,-6.199999999999999,12,Hero,0.8947444471220175,0.9999701827764511
1881,3.8000000000000007,-6.199999999999999,12,Hero,0.823212556540966,0.9997733334700266
1882,4.0,-6.0,10,Hero,0.866422812640667,0.9999725520610809
1883,3.9000000000000004,-6.1,11,Hero,0.9008717618205331,0.8994104997678236
1884,4.6000000000000005,-5.3999999999999995,4,Hero,0.7089919894933701,1.0
1885,3.9000000000000004,-6.1,11,Hero,0.9126465537331321,0.9237270897085016
1886,4.300000000000001,-5.699999999999999,7,Hero,0.803660933460508,0.9999999489103045
1887,3.9000000000000004,-6.1,11,Hero,0.8744625015692278,0.9998584227128462
1888,3.7,-6.3,13,Hero,0.8074422409901252,0.9995825840876653
1889,3.5,-6.5,15,Hero,0.7877374341090521,0.9672932744026184
1890,3.9000000000000004,-6.1,11,Hero,0.8700217198241841,0.999807433648543
1891,3.8000000000000007,-6.199999999999999,12,Hero,0.8792893389860789,0.9944164057572683
1892,4.0,-6.0,10,Hero,0.9578677654266358,0.9999640166759491
1893,4.0,-6.0,10,Hero,0.9024583607912063,0.9999659955501556
1894,4.5,-5.5,5,Hero,0.7626744478940963,0.9999993324279786
1895,4.7,-5.3,3,Hero,0.9489308993021647,1.0
1896,4.6000000000000005,-5.3999999999999995,4,Hero,0.8881153464317322,1.0
1897,4.7,-5.3,3,Hero,0.990229070186615,1.0
1898,4.4,-5.6,6,Hero,0.9516940911610922,0.9999999602635702
1899,3.5,-6.5,15,Hero,0.7832331181814273,0.9824138760566712
1900,4.300000000000001,-5.699999999999999,7,Hero,0.8589621484279633,0.9999996253422329
1901,3.7,-6.3,13,Hero,0.8369573950767517,0.9370947457276858
1902,4.4,-5.6,6,Hero,0.8421939661105474,0.9999996026357015
1903,4.6000000000000005,-5.3999999999999995,4,Hero,0.998140886425972,0.9999999701976776
1904,3.7,-6.3,13,Hero,0.9243958088067862,0.9713725218406091
1905,3.4000000000000004,-6.6,16,Hero,0.8083192413323559,0.8984195243101567
1906,4.300000000000001,-5.699999999999999,7,Hero,0.9997103810310364,0.9999969516481672
1907,3.8000000000000007,-6.199999999999999,12,Hero,0.9265288313229879,0.9997638414303461
1908,3.4000000000000004,-6.6,16,Hero,0.8517600819468498,0.959029782563448
1909,4.7,-5.3,3,Hero,0.884133537610372,1.0
1910,4.5,-5.5,5,Hero,0.7691396117210388,0.9999999761581421
1911,3.9000000000000004,-6.1,11,Hero,0.952875093980269,0.9999960552562367
1912,4.0,-6.0,10,Hero,0.8533666297793389,0.9999953031539917
1913,4.300000000000001,-5.699999999999999,7,Hero,0.8971044506345477,0.9999909911836896
1914,4.4,-5.6,6,Hero,0.9547627866268158,0.9999997615814209
1915,4.9,-5.1,1,Hero,0.844693124294281,1.0
1916,3.3,-6.7,17,Hero,0.8319029878167545,0.9341694940538967
1917,4.2,-5.8,8,Hero,0.942874439060688,0.9999975115060806
1918,4.4,-5.6,6,Hero,0.9932363530000051,0.999999980131785
1919,4.9,-5.1,1,Hero,0.9830960035324097,1.0
1920,3.4000000000000004,-6.6,16,Hero,0.8352555073797703,0.9091969262808561
1921,4.4,-5.6,6,Hero,0.8206461369991302,0.9999998410542806
1922,4.800000000000001,-5.199999999999999,2,Hero,0.7430370151996613,1.0
1923,4.6000000000000005,-5.3999999999999995,4,Hero,0.7431357726454735,1.0
1924,4.1000000000000005,-5.8999999999999995,9,Hero,0.9985690183109708,0.9999202754762437
1925,3.9000000000000004,-6.1,11,Hero,0.9058609333905306,0.9996930740096353
1926,3.3,-6.7,17,Hero,0.8366002300206352,0.9460719359271667
1927,4.1000000000000005,-5.8999999999999995,9,Hero,0.853590104315016,0.9999983045789931
1928,4.6000000000000005,-5.3999999999999995,4,Hero,0.9581782817840576,1.0
1929,4.5,-5.5,5,Hero,0.7886168420314789,0.9999998807907104
1930,4.1000000000000005,-5.8999999999999995,9,Hero,0.8278865416844686,0.9999958409203423
1931,3.9000000000000004,-6.1,11,Hero,0.7896709062836387,0.998610333962874
1932,3.8000000000000007,-6.199999999999999,12,Hero,0.8867313216129938,0.957642396291097
1933,3.4000000000000004,-6.6,16,Hero,0.7661913288757205,0.9706520065665245
1934,4.300000000000001,-5.699999999999999,7,Hero,0.9441127010754177,0.9999998978206089
1935,4.2,-5.8,8,Hero,0.8266798406839371,0.9999418631196022
1936,3.8000000000000007,-6.199999999999999,12,Hero,0.794964550063014,0.999814843138059
1937,4.2,-5.8,8,Hero,0.7541128434240818,0.9999972432851791
1938,4.0,-6.0,10,Hero,0.9405201971530914,0.99998459815979
1939,4.800000000000001,-5.199999999999999,2,Hero,0.9054930210113525,1.0
1940,4.2,-5.8,8,Hero,0.8568115513771772,0.9999974817037582
1941,3.7,-6.3,13,Hero,0.7617622178334457,0.9967839488616357
1942,4.7,-5.3,3,Hero,0.7648786207040151,1.0
1943,3.6000000000000005,-6.3999999999999995,14,Hero,0.8123851035322461,0.9772333034447261
1944,3.6000000000000005,-6.3999999999999995,14,Hero,0.6880869637742373,0.9993460476398468
1945,4.4,-5.6,6,Hero,0.8519869297742844,0.999999980131785
1946,4.5,-5.5,5,Hero,0.7883849054574966,0.9999999284744263
1947,3.4000000000000004,-6.6,16,Hero,0.8378715142607689,0.9061314184218645
1948,4.800000000000001,-5.199999999999999,2,Hero,0.9849922358989716,1.0
1949,3.8000000000000007,-6.199999999999999,12,Hero,0.7502012376983961,0.9873204429944357
1950,3.6000000000000005,-6.3999999999999995,14,Hero,0.8040856580649104,0.9040660717125449
1951,4.800000000000001,-5.199999999999999,2,Hero,0.8655089437961578,1.0
1952,3.8000000000000007,-6.199999999999999,12,Hero,0.888158289094766,0.9992588808139166
1953,4.5,-5.5,5,Hero,0.9993188738822937,1.0
1954,3.9000000000000004,-6.1,11,Hero,0.828604134646329,0.9873992963270708
1955,-5.1,4.9,1,Villain,0.9331029653549194,0.7949786186218262
1956,4.2,-5.8,8,Hero,0.9052114859223366,0.9999880492687225
1957,4.2,-5.8,8,Hero,0.9996439889073372,0.9999961704015732
1958,-5.699999999999999,4.300000000000001,7,Villain,0.8894434911864144,0.9988443766321454
1959,3.4000000000000004,-6.6,16,Hero,0.7575991377234459,0.8998321648687124
1960,3.5,-6.5,15,Hero,0.8818884571393331,0.9237271408240001
1961,-5.1,4.9,1,Villain,1.0,0.999991774559021
1962,3.2,-6.8,18,Hero,0.8373081303305097,0.9653002487288581
1963,4.6000000000000005,-5.3999999999999995,4,Hero,0.9942571669816971,0.9999987483024597
1964,3.9000000000000004,-6.1,11,Hero,0.8629386614669453,0.9831778407096863
1965,3.6000000000000005,-6.3999999999999995,14,Hero,0.8872509875467846,0.994422197341919
1966,4.5,-5.5,5,Hero,0.8855730652809143,0.9999979496002197
1967,-5.699999999999999,4.300000000000001,7,Villain,0.779796838760376,0.9993406959942409
1968,4.300000000000001,-5.699999999999999,7,Hero,0.8552143148013523,0.9999992336545672
1969,3.3,-6.7,17,Hero,0.8143850849831805,0.9585135053185856
1970,4.1000000000000005,-5.8999999999999995,9,Hero,0.9103387792905172,0.9993335207303365
1971,3.2,-6.8,18,Hero,0.7934214812186029,0.9037756005095111
1972,4.800000000000001,-5.199999999999999,2,Hero,0.8741526007652283,1.0
1973,3.7,-6.3,13,Hero,0.8805289749915783,0.9968341588973999
1974,3.2,-6.8,18,Hero,0.7743002848906649,0.9290595203638077
1975,4.1000000000000005,-5.8999999999999995,9,Hero,0.9254266685909696,0.9997769660419888
1976,4.2,-5.8,8,Hero,0.9267450571060181,0.999836228787899
1977,4.0,-6.0,10,Hero,0.8572807878255844,0.9999553084373474
1978,3.5,-6.5,15,Hero,0.7980020453532537,0.9524300694465637
1979,4.6000000000000005,-5.3999999999999995,4,Hero,0.9600132703781128,0.9999998509883881
1980,4.9,-5.1,1,Hero,0.9989393353462219,1.0
1981,3.2,-6.8,18,Hero,0.6811233428824279,0.9263480967945523
1982,3.2,-6.8,18,Hero,0.6901175750212537,0.9565636234150993
1983,-5.199999999999999,4.800000000000001,2,Villain,0.9999669790267944,0.9999992847442627
1984,3.2,-6.8,18,Hero,0.8005793342987696,0.9548103147082858
1985,4.1000000000000005,-5.8999999999999995,9,Hero,0.9484946926434835,0.9984667698542277
1986,4.7,-5.3,3,Hero,0.9926324089368185,0.9999999205271403
1987,3.7,-6.3,13,Hero,0.9058930782171396,0.9680761419809781
1988,4.6000000000000005,-5.3999999999999995,4,Hero,0.8790877163410187,0.9999999701976776
1989,4.5,-5.5,5,Hero,0.8911222696304322,0.9999999523162841
1990,4.5,-5.5,5,Hero,0.8318787395954133,0.9999998092651368
1991,4.4,-5.6,6,Hero,0.9959605038166046,0.9999996026357015
1992,3.8000000000000007,-6.199999999999999,12,Hero,0.8574439107129971,0.9990250865618387
1993,4.0,-6.0,10,Hero,0.9089805841445923,0.999993371963501
1994,4.2,-5.8,8,Hero,0.8850789666175842,0.9999969005584717
1995,4.300000000000001,-5.699999999999999,7,Hero,0.8305232439722333,0.9999995742525373
1996,4.6000000000000005,-5.3999999999999995,4,Hero,0.9894810616970062,1.0
1997,4.6000000000000005,-5.3999999999999995,4,Hero,0.9540354311466217,0.9999999701976776
1998,3.8000000000000007,-6.199999999999999,12,Hero,0.9588011006514231,0.9991437345743179
1999,3.4000000000000004,-6.6,16,Hero,0.7362181730568409,0.9663342535495758
2000,4.300000000000001,-5.699999999999999,7,Hero,0.9784407871110099,0.9999974795750209
2001,3.4000000000000004,-6.6,16,Hero,0.8541609793901443,0.974852442741394
2002,4.7,-5.3,3,Hero,0.9953846534093221,0.9999999602635702
2003,4.5,-5.5,5,Hero,0.986456549167633,0.9999997615814209
2004,3.5,-6.5,15,Hero,0.7692076047261556,0.9857259313265483
2005,3.7,-6.3,13,Hero,0.8863221670572574,0.9771303396958572
2006,4.0,-6.0,10,Hero,0.9846502184867859,0.8673894211649895
2007,4.7,-5.3,3,Hero,0.9968504110972086,0.9999999205271403
2008,4.0,-6.0,10,Hero,0.9142095506191253,0.9999945759773254
2009,4.6000000000000005,-5.3999999999999995,4,Hero,0.9998083412647247,0.9999999701976776
2010,3.8000000000000007,-6.199999999999999,12,Hero,0.8488976735000809,0.9996429731448492
2011,4.6000000000000005,-5.3999999999999995,4,Hero,0.9408612102270126,1.0
2012,4.0,-6.0,10,Hero,0.8606451824307442,0.9516358792781829
2013,3.7,-6.3,13,Hero,0.9323030618520883,0.9991708397865295
2014,4.1000000000000005,-5.8999999999999995,9,Hero,0.9327111641565958,0.9999671445952522
2015,4.4,-5.6,6,Hero,0.9732815225919088,0.9999990264574686
2016,3.3,-6.7,17,Hero,0.8180239340838265,0.9781608897096971
2017,4.300000000000001,-5.699999999999999,7,Hero,0.8292615413665771,0.9999989952359881
2018,3.9000000000000004,-6.1,11,Hero,0.9715051054954529,0.9561998085542158
2019,4.4,-5.6,6,Hero,0.834444264570872,0.9999983112017313
2020,3.9000000000000004,-6.1,11,Hero,0.9721614826809276,0.9821410991928794
2021,4.300000000000001,-5.699999999999999,7,Hero,0.7751441470214299,0.9999785934175763
2022,4.2,-5.8,8,Hero,0.7597969304770231,0.9999979585409164
2023,3.6000000000000005,-6.3999999999999995,14,Hero,0.8217561723930495,0.9404875391295978
2024,4.800000000000001,-5.199999999999999,2,Hero,0.9907253086566925,1.0
2025,4.2,-5.8,8,Hero,0.9800219163298607,0.9999884516000748
2026,4.5,-5.5,5,Hero,0.9466538906097413,0.999998950958252
2027,4.300000000000001,-5.699999999999999,7,Hero,0.9998886244637626,0.9999991144452777
2028,4.800000000000001,-5.199999999999999,2,Hero,0.8620423078536987,1.0
2029,3.7,-6.3,13,Hero,0.9028519300314096,0.970876932144165
2030,4.2,-5.8,8,Hero,0.8041435070335865,0.9999990910291672
2031,4.0,-6.0,10,Hero,0.9754910826683044,0.9862235307693481
2032,4.300000000000001,-5.699999999999999,7,Hero,0.9771409545625959,0.9999944993427822
2033,4.1000000000000005,-5.8999999999999995,9,Hero,0.8361245161957211,0.9999282028939989
2034,4.0,-6.0,10,Hero,0.9805329024791718,0.9999869227409363
2035,4.1000000000000005,-5.8999999999999995,9,Hero,0.8183518581920199,0.9999925295511881
2036,4.2,-5.8,8,Hero,0.8892209231853485,0.9999993592500687
2037,-5.5,4.5,5,Villain,0.5080280907452106,0.8859925866127014
2038,3.9000000000000004,-6.1,11,Hero,0.9185919490727511,0.9998075311834161
2039,3.8000000000000007,-6.199999999999999,12,Hero,0.8763715152939161,0.9503741463025411
2040,4.2,-5.8,8,Hero,0.9519099667668343,0.9993229582905769
2041,3.7,-6.3,13,Hero,0.8879528641700745,0.9817251379673297
2042,4.7,-5.3,3,Hero,0.9996191064516703,0.9999999205271403
2043,4.2,-5.8,8,Hero,0.9998487681150436,0.9999801218509674
2044,3.4000000000000004,-6.6,16,Hero,0.8477700436487794,0.9465390723198652
2045,4.300000000000001,-5.699999999999999,7,Hero,0.7951782430921283,0.9999979734420776
2046,4.5,-5.5,5,Hero,0.9680922985076904,0.9999990463256836
2047,4.2,-5.8,8,Hero,0.9487009271979332,0.9999916255474091
2048,4.1000000000000005,-5.8999999999999995,9,Hero,0.8926087634430991,0.9999812973870171
2049,4.1000000000000005,-5.8999999999999995,9,Hero,0.9494326710700989,0.9999623762236701
2050,3.9000000000000004,-6.1,11,Hero,0.8703637668354944,0.9719123461029746
2051,3.5,-6.5,15,Hero,0.8195265134175619,0.9619184533754984
2052,4.4,-5.6,6,Hero,0.9882133901119232,0.9999895890553793
2053,3.9000000000000004,-6.1,11,Hero,0.7830468355254694,0.9534710916605863
2054,4.0,-6.0,10,Hero,0.8468026295304298,0.9987642645835877
2055,4.300000000000001,-5.699999999999999,7,Hero,0.9673006534576416,0.9999737228666034
2056,3.8000000000000007,-6.199999999999999,12,Hero,0.7797562815248966,0.9703124115864435
2057,3.5,-6.5,15,Hero,0.8839574337005616,0.9486564457416534
2058,4.1000000000000005,-5.8999999999999995,9,Hero,0.7853628860579597,0.9999821980794271
2059,3.9000000000000004,-6.1,11,Hero,0.9051192876967517,0.9477735920385881
2060,3.8000000000000007,-6.199999999999999,12,Hero,0.8526564252873262,0.9853669106960297
2061,3.8000000000000007,-6.199999999999999,12,Hero,0.8945136566956838,0.9988657136758169
2062,3.3,-6.7,17,Hero,0.8476025146596572,0.9465319742174709
2063,4.300000000000001,-5.699999999999999,7,Hero,0.9763995494161334,0.9999099288667951
2064,4.5,-5.5,5,Hero,0.9878190875053405,0.999999737739563
2065,4.5,-5.5,5,Hero,0.9945428609848023,0.999999737739563
2066,4.1000000000000005,-5.8999999999999995,9,Hero,0.8630764409899712,0.9999287724494934
2067,3.4000000000000004,-6.6,16,Hero,0.802233471069485,0.9524895660579205
2068,4.7,-5.3,3,Hero,0.9831263025601705,1.0
2069,-5.5,4.5,5,Villain,0.4855609402060509,0.8364113807678223
2070,4.1000000000000005,-5.8999999999999995,9,Hero,0.767971884045336,0.9999178846677145
2071,3.7,-6.3,13,Hero,0.8890586999746469,0.9797184879963214
2072,4.2,-5.8,8,Hero,0.9366465881466866,0.9943011850118637
2073,4.7,-5.3,3,Hero,0.9952028195063273,0.999999205271403
2074,4.0,-6.0,10,Hero,0.8877537041902542,0.9081644475460052
2075,-5.5,4.5,5,Villain,0.9999994993209839,0.9836432337760925
2076,4.9,-5.1,1,Hero,0.99037766456604,1.0
2077,3.6000000000000005,-6.3999999999999995,14,Hero,0.9272675131048475,0.9025898927024433
2078,3.9000000000000004,-6.1,11,Hero,0.943415332924236,0.9488554813645103
2079,-5.3999999999999995,4.6000000000000005,4,Villain,0.9919124692678452,0.6533949375152588
2080,4.0,-6.0,10,Hero,0.8754781231284141,0.9809276401996613
2081,4.1000000000000005,-5.8999999999999995,9,Hero,0.9997912446657816,0.9984250598483615
2082,3.3,-6.7,17,Hero,0.8501337893745479,0.9816590442376978
2083,3.9000000000000004,-6.1,11,Hero,0.873716726899147,0.9996374737132679
2084,4.800000000000001,-5.199999999999999,2,Hero,0.9898294508457184,0.9999997615814209
2085,4.5,-5.5,5,Hero,0.9023720979690552,0.9999963521957398
2086,4.4,-5.6,6,Hero,0.9249230523904165,0.9994574983914694
2087,4.300000000000001,-5.699999999999999,7,Hero,0.939027624470847,0.9999690907342094
2088,4.7,-5.3,3,Hero,0.9963823556900024,0.9970390399297079
2089,4.0,-6.0,10,Hero,0.8773420721292495,0.9667663097381591
2090,4.0,-6.0,10,Hero,0.9691477358341217,0.9978221595287323
2091,4.5,-5.5,5,Hero,0.7779282808303833,0.9999404549598694
2092,4.0,-6.0,10,Hero,0.9023517400026322,0.9253457188606262
2093,3.7,-6.3,13,Hero,0.8257136058348876,0.9555638707601107
2094,3.8000000000000007,-6.199999999999999,12,Hero,0.9347640524307886,0.9889663656552633
2095,4.300000000000001,-5.699999999999999,7,Hero,0.9328889506203788,0.9096933390413012
2096,3.2,-6.8,18,Hero,0.7057821102854278,0.9830137723022037
2097,4.1000000000000005,-5.8999999999999995,9,Hero,0.7944470511542426,0.9999534752633836
2098,3.5,-6.5,15,Hero,0.8520695780714352,0.9517160574595134
2099,4.7,-5.3,3,Hero,0.9844638705253601,0.9999947945276896
2100,3.5,-6.5,15,Hero,0.7840757322808106,0.9630479613939921
2101,4.5,-5.5,5,Hero,0.84563649892807,0.9999779224395752
2102,4.300000000000001,-5.699999999999999,7,Hero,0.9983433570180621,0.9997964416231427
2103,4.2,-5.8,8,Hero,0.8291592188179493,0.8513793088495731
2104,3.8000000000000007,-6.199999999999999,12,Hero,0.8216229801376661,0.9977269570032755
2105,-5.5,4.5,5,Villain,0.7745566964149475,0.9973292589187622
2106,4.9,-5.1,1,Hero,0.9076800346374512,1.0
2107,4.2,-5.8,8,Hero,0.6847456693649292,0.9839924871921539
2108,4.0,-6.0,10,Hero,0.9193838000297546,0.9988018989562988
2109,4.1000000000000005,-5.8999999999999995,9,Hero,0.8877889745765262,0.9999666942490472
2110,3.9000000000000004,-6.1,11,Hero,0.7884155186739835,0.9921196915886619
2111,3.2,-6.8,18,Hero,0.7490828368398879,0.932705326212777
2112,3.4000000000000004,-6.6,16,Hero,0.7479930566623807,0.8869086876511574
2113,4.0,-6.0,10,Hero,0.8991476863622665,0.9713096857070923
2114,4.300000000000001,-5.699999999999999,7,Hero,0.9286534190177917,0.9999923195157733
2115,4.300000000000001,-5.699999999999999,7,Hero,0.8367543816566467,0.9997057403836932
2116,4.300000000000001,-5.699999999999999,7,Hero,0.9924403258732387,0.9997008187430245
2117,4.0,-6.0,10,Hero,0.7892241612076759,0.9589624643325806
2118,3.8000000000000007,-6.199999999999999,12,Hero,0.81475713600715,0.9761011650164922
2119,4.7,-5.3,3,Hero,0.923936108748118,0.9999982118606567
2120,4.1000000000000005,-5.8999999999999995,9,Hero,0.933951305018531,0.9999885823991563
2121,3.9000000000000004,-6.1,11,Hero,0.8657219030640342,0.9855054237625815
2122,4.300000000000001,-5.699999999999999,7,Hero,0.9353785174233573,0.9999040876116071
2123,-5.3999999999999995,4.6000000000000005,4,Villain,0.8267185091972351,0.9109487235546112
2124,3.5,-6.5,15,Hero,0.7909131278594335,0.9634410858154296
2125,3.8000000000000007,-6.199999999999999,12,Hero,0.8061455165346464,0.9033646577348312
2126,4.5,-5.5,5,Hero,0.9997441411018372,0.9999995708465577
2127,4.800000000000001,-5.199999999999999,2,Hero,0.9995886981487274,0.9999762177467346
2128,4.6000000000000005,-5.3999999999999995,4,Hero,0.8949619084596634,0.9999994039535522
2129,4.4,-5.6,6,Hero,0.9682680666446686,0.9999779065450033
2130,3.2,-6.8,18,Hero,0.7627344479163488,0.9312866595056322
2131,4.9,-5.1,1,Hero,0.9960830211639404,0.9999985694885254
2132,4.4,-5.6,6,Hero,0.8376816511154175,0.9999522268772125
2133,3.4000000000000004,-6.6,16,Hero,0.8520769271999598,0.8932418888434768
2134,4.6000000000000005,-5.3999999999999995,4,Hero,0.9379779696464539,0.9999994933605194
2135,4.300000000000001,-5.699999999999999,7,Hero,0.7162101141044072,0.9999972581863403
2136,4.300000000000001,-5.699999999999999,7,Hero,0.9847398570605687,0.9998832941055298
2137,4.7,-5.3,3,Hero,0.6817636688550314,0.9999987284342448
2138,4.9,-5.1,1,Hero,0.9995802044868469,0.9999997615814209
2139,3.6000000000000005,-6.3999999999999995,14,Hero,0.8784445779664176,0.9050428511441818
2140,4.300000000000001,-5.699999999999999,7,Hero,0.9648914422307696,0.96944888148989
2141,-5.8,4.2,8,Villain,0.6478628367185593,0.9967015236616135
2142,3.9000000000000004,-6.1,11,Hero,0.8928046334873546,0.9743039499629628
2143,4.4,-5.6,6,Hero,0.8388638446728388,0.999956339597702
2144,4.300000000000001,-5.699999999999999,7,Hero,0.9148306633744921,0.9999974114554269
2145,4.1000000000000005,-5.8999999999999995,9,Hero,0.8159344163205888,0.9992624719937643
2146,4.6000000000000005,-5.3999999999999995,4,Hero,0.7004585936665535,0.9999963045120239
2147,4.1000000000000005,-5.8999999999999995,9,Hero,0.8429487380716536,0.9814408090379503
2148,4.0,-6.0,10,Hero,0.9675080835819244,0.9411109387874603
2149,4.5,-5.5,5,Hero,0.949513053894043,0.9993721008300781
2150,4.1000000000000005,-5.8999999999999995,9,Hero,0.8773296409183078,0.9975289305051168
2151,3.6000000000000005,-6.3999999999999995,14,Hero,0.8613884555441993,0.9541060520069939
2152,4.9,-5.1,1,Hero,0.9845446348190308,0.9999971389770508
2153,4.4,-5.6,6,Hero,0.9999079604943594,0.9565982421239217
2154,4.7,-5.3,3,Hero,0.7531036933263143,0.99992835521698
2155,4.300000000000001,-5.699999999999999,7,Hero,0.9349645801952907,0.9515888009752546
2156,3.9000000000000004,-6.1,11,Hero,0.8748187693682584,0.9025189524347131
2157,4.0,-6.0,10,Hero,0.8460894405841828,0.8721177399158477
2158,4.5,-5.5,5,Hero,0.9997003436088562,0.9978280067443848
2159,4.2,-5.8,8,Hero,0.9998483061790466,0.9628592357039452
2160,3.6000000000000005,-6.3999999999999995,14,Hero,0.8889160667146955,0.9691573679447174
2161,4.800000000000001,-5.199999999999999,2,Hero,0.9819786548614502,0.9999996423721313
2162,3.5,-6.5,15,Hero,0.7364253838857014,0.9440445592006047
2163,4.4,-5.6,6,Hero,0.9108255257209142,0.9911955098311106
2164,4.5,-5.5,5,Hero,0.8531841516494751,0.9998952269554138
2165,4.800000000000001,-5.199999999999999,2,Hero,0.8658094704151154,0.9999889731407166
2166,4.4,-5.6,6,Hero,0.9470878541469574,0.999828984340032
2167,4.800000000000001,-5.199999999999999,2,Hero,0.9725632667541504,0.9999997615814209
2168,3.9000000000000004,-6.1,11,Hero,0.8187988861040636,0.9593510356816378
2169,-5.3999999999999995,4.6000000000000005,4,Villain,0.9999997317790985,0.9642126709222794
2170,3.9000000000000004,-6.1,11,Hero,0.8401725238019769,0.9974228793924506
2171,3.8000000000000007,-6.199999999999999,12,Hero,0.9045912275711695,0.9952571739753088
2172,4.1000000000000005,-5.8999999999999995,9,Hero,0.7577766196595298,0.9647450711992052
2173,4.800000000000001,-5.199999999999999,2,Hero,0.9993535578250885,0.9999982118606567
2174,3.9000000000000004,-6.1,11,Hero,0.763024159453132,0.9842383102937178
2175,4.800000000000001,-5.199999999999999,2,Hero,0.8943013250827789,0.9999999403953552
2176,3.0,-7.0,20,Hero,0.7456755742430687,0.953523936867714
2177,4.800000000000001,-5.199999999999999,2,Hero,0.8605605959892273,0.9999999403953552
2178,4.300000000000001,-5.699999999999999,7,Hero,0.998267011983054,0.9999783209392002
2179,3.9000000000000004,-6.1,11,Hero,0.8336674692955884,0.9811150919307362
2180,-5.699999999999999,4.300000000000001,7,Villain,0.849298140832356,0.872101251568113
2181,4.1000000000000005,-5.8999999999999995,9,Hero,0.9996975859006246,0.9166885548167758
2182,-5.8999999999999995,4.1000000000000005,9,Villain,0.6835347513357798,0.9631244076622857
2183,4.2,-5.8,8,Hero,0.8322448320686817,0.9990786388516426
2184,4.5,-5.5,5,Hero,0.919157886505127,0.9999993324279786
2185,4.0,-6.0,10,Hero,0.8330857515335083,0.9990477383136749
2186,4.2,-5.8,8,Hero,0.7327402252703905,0.9999891817569733
2187,4.6000000000000005,-5.3999999999999995,4,Hero,0.9996502995491028,0.9999998211860657
2188,3.6000000000000005,-6.3999999999999995,14,Hero,0.8482160163777215,0.9596133828163147
2189,3.9000000000000004,-6.1,11,Hero,0.8711224252527411,0.9611954959956083
2190,2.6999999999999997,-7.300000000000001,23,Hero,0.7528556740802267,0.9287772677514864
2191,4.6000000000000005,-5.3999999999999995,4,Hero,0.8840506076812744,0.9999995529651642
2192,4.1000000000000005,-5.8999999999999995,9,Hero,0.7291030817561679,0.9999761316511366
2193,4.800000000000001,-5.199999999999999,2,Hero,0.9944536089897156,1.0
2194,4.2,-5.8,8,Hero,0.7650541141629219,0.9968833923339844
2195,4.9,-5.1,1,Hero,0.9847072958946228,1.0
2196,4.0,-6.0,10,Hero,0.9093803137540817,0.990654182434082
2197,-5.8,4.2,8,Villain,0.4805250755744055,0.9696348831057549
2198,4.2,-5.8,8,Hero,0.956471361219883,0.9999536499381065
2199,4.5,-5.5,5,Hero,0.7902094721794128,0.9999998807907104
2200,4.2,-5.8,8,Hero,0.8870161436498165,0.9999954700469971
2201,-5.3,4.7,3,Villain,0.45057210326194763,0.9054288466771444
2202,4.6000000000000005,-5.3999999999999995,4,Hero,0.9565841406583786,0.9999999403953552
2203,4.5,-5.5,5,Hero,0.9800795674324035,0.9999996185302734
2204,3.3,-6.7,17,Hero,0.8396160392200246,0.9743775094256681
2205,4.9,-5.1,1,Hero,0.9690731167793274,1.0
2206,4.1000000000000005,-5.8999999999999995,9,Hero,0.9800080789460076,0.9981301758024428
2207,3.2,-6.8,18,Hero,0.6793869860056374,0.9324704375531938
2208,4.4,-5.6,6,Hero,0.9321175614992777,0.9999958475430807
2209,4.4,-5.6,6,Hero,0.9621005157629648,0.9992109338442484
2210,3.8000000000000007,-6.199999999999999,12,Hero,0.896870881319046,0.9702530552943548
2211,-5.699999999999999,4.300000000000001,7,Villain,0.9979872788701739,0.9233470984867641
2212,4.800000000000001,-5.199999999999999,2,Hero,0.7791725099086761,1.0
2213,4.2,-5.8,8,Hero,0.9751168414950371,0.9996831119060516
2214,-5.8999999999999995,4.1000000000000005,9,Villain,0.7971602082252502,0.9994627502229478
2215,4.300000000000001,-5.699999999999999,7,Hero,0.9043366142681667,0.9999946866716657
2216,4.4,-5.6,6,Hero,0.9995883305867513,0.9998222887516022
2217,4.5,-5.5,5,Hero,0.9989617824554443,0.9999999046325684
2218,4.6000000000000005,-5.3999999999999995,4,Hero,0.89231838285923,0.9999981820583344
2219,-5.1,4.9,1,Villain,1.0,0.9953382015228271
2220,3.7,-6.3,13,Hero,0.7905301921642743,0.9483859745355753
2221,4.2,-5.8,8,Hero,0.8669756092131138,0.9981353729963303
2222,3.9000000000000004,-6.1,11,Hero,0.8426568738438867,0.9326442967761647
2223,4.6000000000000005,-5.3999999999999995,4,Hero,0.8527833968400955,0.9999999701976776
2224,4.1000000000000005,-5.8999999999999995,9,Hero,0.8299705826987823,0.9708159499698215
2225,4.4,-5.6,6,Hero,0.9632968803246816,0.9989421665668488
2226,3.7,-6.3,13,Hero,0.9041323203306931,0.9846291404504043
2227,3.5,-6.5,15,Hero,0.8648306809365749,0.978069007396698
2228,4.300000000000001,-5.699999999999999,7,Hero,0.9695946063314166,0.9999852350779942
2229,3.7,-6.3,13,Hero,0.8614179847332147,0.9425771970015305
2230,4.300000000000001,-5.699999999999999,7,Hero,0.8582362037684236,0.9999651483127049
2231,-5.199999999999999,4.800000000000001,2,Villain,0.999972403049469,0.9999731183052063
2232,4.300000000000001,-5.699999999999999,7,Hero,0.9259643299239022,0.9999906165259225
2233,4.0,-6.0,10,Hero,0.8414531037211418,0.9414878040552139
2234,4.6000000000000005,-5.3999999999999995,4,Hero,0.996731162071228,0.9999999701976776
2235,4.4,-5.6,6,Hero,0.7792752782503763,0.9999995430310568
2236,3.9000000000000004,-6.1,11,Hero,0.786220599304546,0.9944647388024763
2237,4.0,-6.0,10,Hero,0.9007398813962937,0.9745358884334564
2238,3.5,-6.5,15,Hero,0.8020091454188029,0.9542049984137217
2239,3.2,-6.8,18,Hero,0.7956152972247865,0.9459855655829111
2240,4.7,-5.3,3,Hero,0.9982742071151733,1.0
2241,3.6000000000000005,-6.3999999999999995,14,Hero,0.8302808851003647,0.9670932505811963
2242,-5.6,4.4,6,Villain,0.8131520574291548,0.7881060118476549
2243,4.2,-5.8,8,Hero,0.954840861260891,0.9998639598488808
2244,3.9000000000000004,-6.1,11,Hero,0.8303638561205431,0.9998957027088512
2245,3.7,-6.3,13,Hero,0.8889515927204719,0.9657916747606717
2246,4.300000000000001,-5.699999999999999,7,Hero,0.8369507449013847,0.9999963896615165
2247,4.0,-6.0,10,Hero,0.8521968089044094,0.9999759197235107
2248,3.6000000000000005,-6.3999999999999995,14,Hero,0.8444329415048871,0.9706935967717852
2249,4.300000000000001,-5.699999999999999,7,Hero,0.9998177630560738,0.9999999318804059
2250,4.5,-5.5,5,Hero,0.8178534924983978,0.9999993801116943
2251,4.2,-5.8,8,Hero,0.896213486790657,0.999996080994606
2252,3.5,-6.5,15,Hero,0.8112197995185852,0.9081200202306111
2253,3.9000000000000004,-6.1,11,Hero,0.7770771248774095,0.9990098693154075
2254,3.7,-6.3,13,Hero,0.8145368626484504,0.9483888378510108
2255,4.6000000000000005,-5.3999999999999995,4,Hero,0.764042355120182,0.9999999403953552
2256,4.1000000000000005,-5.8999999999999995,9,Hero,0.8076587021350861,0.9476931691169739
2257,4.4,-5.6,6,Hero,0.739525372783343,0.9999905824661255
2258,3.9000000000000004,-6.1,11,Hero,0.8654765324159102,0.9784189191731539
2259,4.300000000000001,-5.699999999999999,7,Hero,0.9129902635301862,0.9999243531908307
2260,3.3,-6.7,17,Hero,0.8060864194789353,0.9789812284357408
2261,3.9000000000000004,-6.1,11,Hero,0.76623050597581,0.8624002987688238
2262,4.2,-5.8,8,Hero,0.7905567437410355,0.9999836981296539
2263,3.7,-6.3,13,Hero,0.8817592535454494,0.9044986739754677
2264,4.6000000000000005,-5.3999999999999995,4,Hero,0.9501507729291916,0.9999997317790985
2265,3.6000000000000005,-6.3999999999999995,14,Hero,0.8415399672729629,0.9850243415151324
2266,4.7,-5.3,3,Hero,0.676956981420517,1.0
2267,4.0,-6.0,10,Hero,0.9755388975143433,0.9999873399734497
2268,3.5,-6.5,15,Hero,0.7929669951399168,0.9526367266972859
2269,4.5,-5.5,5,Hero,0.9424645304679871,0.9999994277954102
2270,3.9000000000000004,-6.1,11,Hero,0.8366684669798071,0.908203283494169
2271,4.9,-5.1,1,Hero,0.23381145298480988,1.0
2272,3.8000000000000007,-6.199999999999999,12,Hero,0.8640279720226923,0.9993734608093897
2273,4.6000000000000005,-5.3999999999999995,4,Hero,0.9978446960449219,0.9999978840351105
2274,3.5,-6.5,15,Hero,0.8581375072399775,0.9242063830296199
2275,4.2,-5.8,8,Hero,0.9524311870336533,0.9656192511320114
2276,4.300000000000001,-5.699999999999999,7,Hero,0.9990986670766558,0.9999991655349731
2277,4.9,-5.1,1,Hero,0.9918525815010071,1.0
2278,3.4000000000000004,-6.6,16,Hero,0.8278549741953611,0.8594492361880839
2279,-5.1,4.9,1,Villain,0.9903990626335144,0.8308892250061035
2280,4.5,-5.5,5,Hero,0.9991963386535645,0.9999998092651368
2281,4.300000000000001,-5.699999999999999,7,Hero,0.9199916848114559,0.9998564209256854
2282,4.6000000000000005,-5.3999999999999995,4,Hero,0.9972395151853561,0.9998705834150314
2283,-5.699999999999999,4.300000000000001,7,Villain,0.9220057044710431,0.8214314231382949
2284,4.6000000000000005,-5.3999999999999995,4,Hero,0.8186828345060349,0.9999657273292542
2285,4.6000000000000005,-5.3999999999999995,4,Hero,0.9526162296533585,0.9999998807907104
2286,3.5,-6.5,15,Hero,0.7705768913030624,0.9173745969931285
2287,4.4,-5.6,6,Hero,0.9416851003964742,0.9999993443489075
2288,4.300000000000001,-5.699999999999999,7,Hero,0.8078233259064811,0.9999983140400478
2289,3.9000000000000004,-6.1,11,Hero,0.8740692484107885,0.8864242502234199
2290,3.7,-6.3,13,Hero,0.8185688870457503,0.9524867786810949
2291,4.300000000000001,-5.699999999999999,7,Hero,0.978712797164917,0.9999987738473075
2292,4.300000000000001,-5.699999999999999,7,Hero,0.9691496321133205,0.9999836172376361
2293,3.9000000000000004,-6.1,11,Hero,0.7627549256113443,0.9810305996374651
2294,4.1000000000000005,-5.8999999999999995,9,Hero,0.9763236708111234,0.9997316069073148
2295,3.6000000000000005,-6.3999999999999995,14,Hero,0.7514088292207036,0.9447005305971418
2296,3.5,-6.5,15,Hero,0.8108463605244954,0.8609524036447207
2297,-5.5,4.5,5,Villain,0.9525759816169739,0.9957071423530579
2298,3.8000000000000007,-6.199999999999999,12,Hero,0.8152997295061747,0.9640776664018631
2299,3.9000000000000004,-6.1,11,Hero,0.886844658038833,0.9999809915369208
2300,4.0,-6.0,10,Hero,0.963115656375885,0.9440760523080826
2301,4.2,-5.8,8,Hero,0.9999708458781242,0.9628467038273811
2302,4.300000000000001,-5.699999999999999,7,Hero,0.9999819483075824,0.9999961853027344
2303,3.3,-6.7,17,Hero,0.7539768644115504,0.9718802886850694
2304,3.7,-6.3,13,Hero,0.8750855911236542,0.965939787717966
2305,4.0,-6.0,10,Hero,0.9336973845958709,0.9995140135288239
2306,3.9000000000000004,-6.1,11,Hero,0.9672306234186346,0.9715131683783098
2307,3.4000000000000004,-6.6,16,Hero,0.7988287629559636,0.9292941270396113
2308,4.300000000000001,-5.699999999999999,7,Hero,0.9740413427352905,0.8575744066786554
2309,4.4,-5.6,6,Hero,0.9661114315191904,0.9144729177157084
2310,3.5,-6.5,15,Hero,0.8908238490422566,0.9342481662829717
2311,4.5,-5.5,5,Hero,0.8000814974308014,0.9999984979629517
2312,4.7,-5.3,3,Hero,0.9434163967768351,0.9999953111012777
2313,3.7,-6.3,13,Hero,0.9315203519967886,0.9775826014005221
2314,4.300000000000001,-5.699999999999999,7,Hero,0.7011485238160405,0.9999968494687762
2315,4.0,-6.0,10,Hero,0.9302586495876313,0.9769541144371032
2316,4.2,-5.8,8,Hero,0.9472557827830315,0.9999958574771881
2317,3.6000000000000005,-6.3999999999999995,14,Hero,0.8515759126416275,0.9552094297749656
2318,3.9000000000000004,-6.1,11,Hero,0.7837185670029033,0.9613390673290599
2319,4.1000000000000005,-5.8999999999999995,9,Hero,0.784219096104304,0.9999608000119528
2320,-5.6,4.4,6,Villain,0.9880571663379669,0.9479623834292094
2321,3.7,-6.3,13,Hero,0.7391684020941074,0.9982402462225693
2322,4.5,-5.5,5,Hero,0.8280199497938157,0.9999900817871094
2323,-5.6,4.4,6,Villain,0.999764641125997,0.9592890044053396
2324,4.7,-5.3,3,Hero,0.8602423270543417,0.9999997615814209
2325,4.2,-5.8,8,Hero,0.9990475028753281,0.9700300693511963
2326,4.1000000000000005,-5.8999999999999995,9,Hero,0.8344158099757301,0.9745665457513597
2327,3.8000000000000007,-6.199999999999999,12,Hero,0.8863166123628616,0.9504688084125519
2328,4.300000000000001,-5.699999999999999,7,Hero,0.9986006191798619,0.9999496000153678
2329,4.1000000000000005,-5.8999999999999995,9,Hero,0.799931698375278,0.9579857057995267
2330,3.9000000000000004,-6.1,11,Hero,0.7798523821614005,0.997131044214422
2331,4.2,-5.8,8,Hero,0.9309006743133068,0.9999480172991753
2332,3.8000000000000007,-6.199999999999999,12,Hero,0.7144709713757038,0.9992640564839045
2333,3.9000000000000004,-6.1,11,Hero,0.8869799917394464,0.9952955462715842
2334,4.9,-5.1,1,Hero,0.6454562544822693,1.0
2335,-5.3999999999999995,4.6000000000000005,4,Villain,1.0,0.9577033966779709
2336,4.2,-5.8,8,Hero,0.8912479132413864,0.9734575897455215
2337,4.0,-6.0,10,Hero,0.8355375569313764,0.9961826920509338
2338,-5.699999999999999,4.300000000000001,7,Villain,0.6614689901471138,0.9092185326984951
2339,4.2,-5.8,8,Hero,0.7840669825673103,0.999725915491581
2340,4.300000000000001,-5.699999999999999,7,Hero,0.6473588028124401,0.9557832990373883
2341,3.7,-6.3,13,Hero,0.8427617183098426,0.9047295959809651
2342,-5.3,4.7,3,Villain,0.9999427795410156,0.9961125651995341
2343,4.5,-5.5,5,Hero,0.6544899225234986,0.9999998569488525
2344,3.2,-6.8,18,Hero,0.7175212941235967,0.9829687178134918
2345,3.6000000000000005,-6.3999999999999995,14,Hero,0.851985399212156,0.9572837735925402
2346,3.9000000000000004,-6.1,11,Hero,0.8557286662134257,0.9275691075758501
2347,3.6000000000000005,-6.3999999999999995,14,Hero,0.8497570721166474,0.9783040540558952
2348,4.2,-5.8,8,Hero,0.9998231381177902,0.9038505628705025
2349,4.0,-6.0,10,Hero,0.9838947057723999,0.9695395708084107
2350,3.7,-6.3,13,Hero,0.8880485869370974,0.9659402508002061
2351,3.3,-6.7,17,Hero,0.8286621605648714,0.9756826057153589
2352,4.2,-5.8,8,Hero,0.9909332543611526,0.8388215061277151
2353,4.1000000000000005,-5.8999999999999995,9,Hero,0.7857136709822549,0.9079902768135071
2354,4.300000000000001,-5.699999999999999,7,Hero,0.7430485987237522,0.8820538605962481
2355,4.300000000000001,-5.699999999999999,7,Hero,0.8214221012645534,0.9999495318957737
2356,3.3,-6.7,17,Hero,0.741751763093121,0.937585092642728
2357,4.1000000000000005,-5.8999999999999995,9,Hero,0.9641325208875868,0.9826735655466715
2358,-5.199999999999999,4.800000000000001,2,Villain,0.9999992847442627,0.8861034214496613
2359,4.4,-5.6,6,Hero,0.8626443346341451,0.9998613993326823
2360,3.8000000000000007,-6.199999999999999,12,Hero,0.9449824541807175,0.9799771507581075
2361,4.800000000000001,-5.199999999999999,2,Hero,0.9173409640789032,0.9999999403953552
2362,4.7,-5.3,3,Hero,0.9936069250106812,0.9978738228480021
2363,4.4,-5.6,6,Hero,0.9354005654652914,0.9999856948852539
2364,4.2,-5.8,8,Hero,0.8084765318781137,0.9999905824661255
2365,4.7,-5.3,3,Hero,0.9244853059450785,0.9999998807907104
2366,4.7,-5.3,3,Hero,0.952926496664683,0.9999998410542806
2367,4.0,-6.0,10,Hero,0.8764164060354233,0.999143373966217
2368,4.7,-5.3,3,Hero,0.9369501272837321,0.9999992450078329
2369,3.3,-6.7,17,Hero,0.8777035790331223,0.923102999873021
2370,3.7,-6.3,13,Hero,0.8977718169872577,0.9469282352007352
2371,3.6000000000000005,-6.3999999999999995,14,Hero,0.9133388612951551,0.9412810419287
2372,4.5,-5.5,5,Hero,0.9932514786720276,0.9999987363815308
2373,-5.5,4.5,5,Villain,0.9991599559783936,0.733121708035469
2374,4.6000000000000005,-5.3999999999999995,4,Hero,0.7830742299556732,0.9999919831752777
2375,4.5,-5.5,5,Hero,0.9082787156105041,0.9999988794326782
2376,3.2,-6.8,18,Hero,0.7814089573091931,0.9676172567738427
2377,4.1000000000000005,-5.8999999999999995,9,Hero,0.9193527897198995,0.9974392520056831
2378,4.800000000000001,-5.199999999999999,2,Hero,0.9974267184734344,0.9999999403953552
2379,3.8000000000000007,-6.199999999999999,12,Hero,0.9188135812679926,0.9786775310834249
2380,4.0,-6.0,10,Hero,0.928073388338089,0.9252289295196533
2381,4.1000000000000005,-5.8999999999999995,9,Hero,0.9004406299855974,0.9532201356357999
2382,3.8000000000000007,-6.199999999999999,12,Hero,0.7734798391660055,0.8523089550435543
2383,3.6000000000000005,-6.3999999999999995,14,Hero,0.8736125656536647,0.9324235277516502
2384,4.5,-5.5,5,Hero,0.9995019435882568,0.999955153465271
2385,4.1000000000000005,-5.8999999999999995,9,Hero,0.8890944355063968,0.9721957710054185
2386,4.2,-5.8,8,Hero,0.9978755116462708,0.9956025704741478
2387,3.9000000000000004,-6.1,11,Hero,0.8914350704713301,0.9947620196775957
2388,3.4000000000000004,-6.6,16,Hero,0.8575615934096277,0.9736774154007435
2389,4.1000000000000005,-5.8999999999999995,9,Hero,0.9692298240131803,0.9534929196039835
2390,-6.0,4.0,10,Villain,0.6758526384830474,0.8777580380439758
2391,3.7,-6.3,13,Hero,0.8926553840820606,0.9825374621611375
2392,4.4,-5.6,6,Hero,0.9160538117090861,0.9999993244806925
2393,3.6000000000000005,-6.3999999999999995,14,Hero,0.782012803213937,0.9631633503096444
2394,4.6000000000000005,-5.3999999999999995,4,Hero,0.9988126754760742,0.9999997019767761
2395,4.9,-5.1,1,Hero,0.9956502318382263,1.0
2396,4.9,-5.1,1,Hero,0.4603407680988312,1.0
2397,3.9000000000000004,-6.1,11,Hero,0.8272796733812853,0.9636756994507529
2398,4.0,-6.0,10,Hero,0.8048230737447739,0.9407720118761063
2399,4.300000000000001,-5.699999999999999,7,Hero,0.8220585116318294,0.9858164020947048
2400,4.1000000000000005,-5.8999999999999995,9,Hero,0.8677556382285224,0.9999819331698947
2401,4.6000000000000005,-5.3999999999999995,4,Hero,0.999318540096283,0.99996417760849
2402,3.7,-6.3,13,Hero,0.8108411775185511,0.8206677035643504
2403,4.300000000000001,-5.699999999999999,7,Hero,0.9249314112322671,0.9999969175883702
2404,4.5,-5.5,5,Hero,0.9833373427391052,0.9083045959472656
2405,3.9000000000000004,-6.1,11,Hero,0.8666161136193709,0.9986014528708025
2406,4.5,-5.5,5,Hero,0.860886299610138,0.9999998092651368
2407,3.5,-6.5,15,Hero,0.8280806799729665,0.95942089955012
2408,-5.3999999999999995,4.6000000000000005,4,Villain,1.0,0.8657324612140656
2409,4.1000000000000005,-5.8999999999999995,9,Hero,0.9153130253156027,0.9919248090849982
2410,3.4000000000000004,-6.6,16,Hero,0.7945633372291923,0.9175604414194822
2411,3.4000000000000004,-6.6,16,Hero,0.8426302000880241,0.9616822674870491
2412,-5.1,4.9,1,Villain,0.7739678025245667,0.7767501473426819
2413,3.3,-6.7,17,Hero,0.7794462600175072,0.9187234850490794
2414,3.3,-6.7,17,Hero,0.7672036894980598,0.9534737643073586
2415,3.5,-6.5,15,Hero,0.7993598332007726,0.9273481607437134
2416,-5.5,4.5,5,Villain,0.9999821424484253,0.9999999046325684
2417,4.4,-5.6,6,Hero,0.8321203887462616,1.0
2418,4.0,-6.0,10,Hero,0.9573285758495331,0.9999913334846496
2419,4.0,-6.0,10,Hero,0.8970070719718933,0.9989118337631225
2420,4.0,-6.0,10,Hero,0.9663735330104828,0.9999194324016571
2421,4.5,-5.5,5,Hero,0.8621644020080567,1.0
2422,4.2,-5.8,8,Hero,0.7430401854217052,0.9999997317790985
2423,3.3,-6.7,17,Hero,0.8238605699118446,0.9636942183270174
2424,3.4000000000000004,-6.6,16,Hero,0.772790702059865,0.9883406795561314
2425,4.1000000000000005,-5.8999999999999995,9,Hero,0.9585139354070028,0.9999463889333937
2426,4.300000000000001,-5.699999999999999,7,Hero,0.9115190548556191,1.0
2427,-5.5,4.5,5,Villain,0.8044222980737686,0.9976998209953308
2428,4.5,-5.5,5,Hero,0.756476891040802,1.0
2429,4.4,-5.6,6,Hero,0.7840069284041723,1.0
2430,4.2,-5.8,8,Hero,0.9884588494896889,0.997795969247818
2431,3.8000000000000007,-6.199999999999999,12,Hero,0.9037981728712717,0.9992300520340601
2432,3.7,-6.3,13,Hero,0.8386345918361957,0.9962855256520785
2433,3.8000000000000007,-6.199999999999999,12,Hero,0.715746533125639,0.9997346500555674
2434,3.3,-6.7,17,Hero,0.8206192447858698,0.9295226212810067
2435,3.7,-6.3,13,Hero,0.7814741810927024,0.9992792835602393
2436,4.2,-5.8,8,Hero,0.9715482071042061,0.999999925494194
2437,3.9000000000000004,-6.1,11,Hero,0.8492599427700043,0.9475830468264493
2438,3.9000000000000004,-6.1,11,Hero,0.8507934063673019,0.999635783108798
2439,4.6000000000000005,-5.3999999999999995,4,Hero,0.8370018601417542,1.0
2440,4.4,-5.6,6,Hero,0.931140253941218,1.0
2441,3.8000000000000007,-6.199999999999999,12,Hero,0.9254992852608362,0.9995739261309305
2442,-5.1,4.9,1,Villain,0.9999971389770508,0.9999992847442627
2443,4.300000000000001,-5.699999999999999,7,Hero,0.9773817488125393,0.9999995742525373
2444,3.9000000000000004,-6.1,11,Hero,0.9700193080035123,0.9958202297037299
2445,3.8000000000000007,-6.199999999999999,12,Hero,0.7782114818692207,0.9970007439454397
2446,3.8000000000000007,-6.199999999999999,12,Hero,0.9022380709648132,0.9245587984720866
2447,4.6000000000000005,-5.3999999999999995,4,Hero,0.9906766563653946,1.0
2448,3.7,-6.3,13,Hero,0.8279155125984778,0.9876349247418917
2449,3.6000000000000005,-6.3999999999999995,14,Hero,0.8374640260423932,0.976204229252679
2450,4.4,-5.6,6,Hero,0.7287909189860026,1.0
2451,-5.6,4.4,6,Villain,0.9999993046124777,0.9994244774182638
2452,4.4,-5.6,6,Hero,0.8455564181009928,0.9999979337056478
2453,4.4,-5.6,6,Hero,0.9993098278840383,1.0
2454,4.6000000000000005,-5.3999999999999995,4,Hero,0.9987598806619644,1.0
2455,3.7,-6.3,13,Hero,0.8042594652909499,0.9999319773453933
2456,4.1000000000000005,-5.8999999999999995,9,Hero,0.9495912128024631,0.9999664293395149
2457,3.2,-6.8,18,Hero,0.7644326852427589,0.9515459736188253
2458,4.4,-5.6,6,Hero,0.8275887866814932,1.0
2459,3.6000000000000005,-6.3999999999999995,14,Hero,0.8368015949215207,0.9634914994239807
2460,4.4,-5.6,6,Hero,0.8035972515741984,1.0
2461,4.0,-6.0,10,Hero,0.9725730717182159,0.9991040468215943
2462,3.9000000000000004,-6.1,11,Hero,0.8290619877251711,0.993967121297663
2463,4.2,-5.8,8,Hero,0.8551624231040478,0.9999934285879135
2464,3.5,-6.5,15,Hero,0.8827021757761637,0.9864182273546854
2465,4.5,-5.5,5,Hero,0.9991104602813721,1.0
2466,4.1000000000000005,-5.8999999999999995,9,Hero,0.9637562897470262,0.9999994304445055
2467,-5.1,4.9,1,Villain,0.9999997615814209,1.0
2468,4.0,-6.0,10,Hero,0.9021228969097137,0.9999868988990783
2469,4.1000000000000005,-5.8999999999999995,9,Hero,0.8566758102840848,0.9999934699800279
2470,3.8000000000000007,-6.199999999999999,12,Hero,0.776689387857914,0.9999756962060928
2471,4.0,-6.0,10,Hero,0.7826086208224297,0.9999985456466675
2472,4.2,-5.8,8,Hero,0.9397187680006027,0.9999944120645523
2473,3.9000000000000004,-6.1,11,Hero,0.9573716467077081,0.9894625273617831
2474,-5.1,4.9,1,Villain,0.14732840657234192,1.0
2475,-5.5,4.5,5,Villain,0.999997353553772,0.9999998569488525
2476,3.3,-6.7,17,Hero,0.7952496775371187,0.988236178370083
2477,4.7,-5.3,3,Hero,0.9999933242797852,1.0
2478,-5.699999999999999,4.300000000000001,7,Villain,0.7590923572757414,0.9999893392835345
2479,2.3999999999999995,-7.6000000000000005,26,Hero,0.8885855580178591,1.0
2480,3.8000000000000007,-6.199999999999999,12,Hero,0.8617921272913615,0.9999997516473135
2481,3.2,-6.8,18,Hero,0.7768554252882799,0.9683566027217441
2482,3.7,-6.3,13,Hero,0.8278982043266296,0.8993726819753647
2483,3.7,-6.3,13,Hero,0.8567794332137475,0.9800355021770184
2484,3.7,-6.3,13,Hero,0.8890924488122647,0.9852273464202881
2485,4.6000000000000005,-5.3999999999999995,4,Hero,0.9026799201965332,1.0
2486,4.2,-5.8,8,Hero,0.717148631811142,1.0
2487,4.300000000000001,-5.699999999999999,7,Hero,0.8292751833796501,0.999999965940203
2488,3.0999999999999996,-6.9,19,Hero,0.7922274203676927,0.9843084341601321
2489,-5.8,4.2,8,Villain,0.9238228425383568,0.9962541460990906
2490,4.1000000000000005,-5.8999999999999995,9,Hero,0.97707732518514,0.9999794827567207
2491,4.1000000000000005,-5.8999999999999995,9,Hero,0.971081448925866,0.9999708731969198
2492,4.800000000000001,-5.199999999999999,2,Hero,0.9797736406326294,1.0
2493,4.4,-5.6,6,Hero,0.7476786822080612,1.0
2494,3.5,-6.5,15,Hero,0.8074415445327758,0.9758316993713378
2495,4.7,-5.3,3,Hero,0.8023150662581126,1.0
2496,4.1000000000000005,-5.8999999999999995,9,Hero,0.7827347001681725,0.9999614026811388
2497,3.8000000000000007,-6.199999999999999,12,Hero,0.8221404974659284,0.9986173659563065
2498,3.8000000000000007,-6.199999999999999,12,Hero,0.7975423292567333,0.9999074141184489
2499,4.7,-5.3,3,Hero,0.8116437196731567,1.0
2500,4.0,-6.0,10,Hero,0.953619921207428,0.999789708852768
2501,4.300000000000001,-5.699999999999999,7,Hero,0.9757362093244281,1.0
2502,4.2,-5.8,8,Hero,0.8818463832139969,0.9999996274709702
2503,4.0,-6.0,10,Hero,0.8376976996660233,0.9542928814888001
2504,4.7,-5.3,3,Hero,0.955136219660441,1.0
2505,4.2,-5.8,8,Hero,0.8898236304521561,0.9999996423721313
2506,3.8000000000000007,-6.199999999999999,12,Hero,0.8990401476621628,0.9847206423679987
2507,3.5,-6.5,15,Hero,0.7747694472471873,0.9765997370084126
2508,3.8000000000000007,-6.199999999999999,12,Hero,0.942776158452034,0.9993793666362762
2509,4.1000000000000005,-5.8999999999999995,9,Hero,0.777934890654352,0.999996542930603
2510,4.5,-5.5,5,Hero,0.7728413298726082,1.0
2511,4.2,-5.8,8,Hero,0.9998920112848282,0.9998623877763748
2512,3.6000000000000005,-6.3999999999999995,14,Hero,0.8363732333694186,0.9067036403076989
2513,4.6000000000000005,-5.3999999999999995,4,Hero,0.9924900978803635,1.0
2514,4.7,-5.3,3,Hero,0.7217596769332886,1.0
2515,4.1000000000000005,-5.8999999999999995,9,Hero,0.9973630441559685,0.9999999470180936
2516,4.2,-5.8,8,Hero,0.8751483075320721,1.0
2517,4.0,-6.0,10,Hero,0.7970615029335022,0.9999922752380371
2518,4.6000000000000005,-5.3999999999999995,4,Hero,0.7378084398806095,1.0
2519,4.5,-5.5,5,Hero,0.9998167991638184,1.0
2520,4.0,-6.0,10,Hero,0.8631741166114807,0.9999723494052887
2521,-5.8999999999999995,4.1000000000000005,9,Villain,0.8461606833669875,0.9576414558622572
2522,4.2,-5.8,8,Hero,0.9999447092413902,0.9999999105930328
2523,4.4,-5.6,6,Hero,0.9754330217838287,0.9999993046124777
2524,3.5,-6.5,15,Hero,0.8064549744129181,0.9704224626223247
2525,3.9000000000000004,-6.1,11,Hero,0.8318009918386285,0.9994711550799283
2526,4.300000000000001,-5.699999999999999,7,Hero,0.9045852294989994,0.9999945334025792
2527,3.5,-6.5,15,Hero,0.8011217931906383,0.8994690003494422
2528,4.1000000000000005,-5.8999999999999995,9,Hero,0.9991674886809455,1.0
2529,4.800000000000001,-5.199999999999999,2,Hero,0.9969430863857269,1.0
2530,4.0,-6.0,10,Hero,0.9115225970745087,0.9999996423721313
2531,4.2,-5.8,8,Hero,0.9470681250095367,1.0
2532,4.9,-5.1,1,Hero,0.99992835521698,1.0
2533,4.0,-6.0,10,Hero,0.7602553635835647,0.9999997615814209
2534,4.800000000000001,-5.199999999999999,2,Hero,0.6888772547245026,1.0
2535,4.5,-5.5,5,Hero,0.8770901679992675,1.0
2536,4.0,-6.0,10,Hero,0.8751041561365127,0.9998779535293579
2537,3.9000000000000004,-6.1,11,Hero,0.9380044557831504,0.9981458566405557
2538,4.9,-5.1,1,Hero,0.9998911619186401,1.0
2539,4.300000000000001,-5.699999999999999,7,Hero,0.875882123197828,1.0
2540,4.2,-5.8,8,Hero,0.8244454078376293,0.9999999850988388
2541,3.8000000000000007,-6.199999999999999,12,Hero,0.8471846344570318,0.9665498733520508
2542,4.300000000000001,-5.699999999999999,7,Hero,0.801930159330368,0.9999999489103045
2543,3.7,-6.3,13,Hero,0.8364623441145971,0.9999553102713364
2544,3.9000000000000004,-6.1,11,Hero,0.8907293623143976,0.9999966729771007
2545,3.6000000000000005,-6.3999999999999995,14,Hero,0.8586310595273972,0.9690789750644139
2546,4.2,-5.8,8,Hero,0.696361726266332,0.9999999850988388
2547,3.7,-6.3,13,Hero,0.8718371236553559,0.9803722409101633
2548,4.0,-6.0,10,Hero,0.8359240084886551,0.9999995827674866
2549,3.7,-6.3,13,Hero,0.9265067623211787,0.9736847235606267
2550,3.7,-6.3,13,Hero,0.8832598328590393,0.9972501947329595
2551,3.6000000000000005,-6.3999999999999995,14,Hero,0.8490475804678032,0.9484090634754726
2552,4.5,-5.5,5,Hero,0.9349264621734619,1.0
2553,3.8000000000000007,-6.199999999999999,12,Hero,0.9142360687255859,0.9999522417783737
2554,4.5,-5.5,5,Hero,0.9989938139915466,1.0
2555,4.300000000000001,-5.699999999999999,7,Hero,0.8855296543666294,1.0
2556,4.300000000000001,-5.699999999999999,7,Hero,0.9956780842372349,0.9998081837381635
2557,4.300000000000001,-5.699999999999999,7,Hero,0.8869137849126544,1.0
2558,4.1000000000000005,-5.8999999999999995,9,Hero,0.985338462723626,0.9999999470180936
2559,3.8000000000000007,-6.199999999999999,12,Hero,0.9043589656551679,0.9654421359300613
2560,-5.3999999999999995,4.6000000000000005,4,Villain,1.0,0.9999934732913971
2561,3.9000000000000004,-6.1,11,Hero,0.9506917920979586,0.9999961311166937
2562,4.7,-5.3,3,Hero,0.8498332699139913,1.0
2563,4.2,-5.8,8,Hero,0.9629190489649773,0.9999997913837433
2564,3.8000000000000007,-6.199999999999999,12,Hero,0.8779054457942644,0.9971713721752167
2565,4.5,-5.5,5,Hero,0.5753091499209404,1.0
2566,4.4,-5.6,6,Hero,0.9200993676980337,1.0
2567,4.2,-5.8,8,Hero,0.9655051231384277,0.9999999850988388
2568,4.300000000000001,-5.699999999999999,7,Hero,0.8690873810223171,1.0
2569,4.0,-6.0,10,Hero,0.7651203244924545,0.9999917030334473
2570,4.300000000000001,-5.699999999999999,7,Hero,0.7763521288122449,1.0
2571,3.4000000000000004,-6.6,16,Hero,0.7132395599037409,0.980281163007021
2572,4.2,-5.8,8,Hero,0.9436828270554543,0.9999999701976776
2573,4.300000000000001,-5.699999999999999,7,Hero,0.9999240721975055,1.0
2574,3.6000000000000005,-6.3999999999999995,14,Hero,0.878530523606709,0.9994573507990155
2575,-5.5,4.5,5,Villain,0.9998843789100647,0.9999958038330078
2576,4.4,-5.6,6,Hero,0.7277181645234426,0.999999980131785
2577,4.4,-5.6,6,Hero,0.7625620290637016,0.9999991655349731
2578,-5.1,4.9,1,Villain,1.0,0.9999990463256836
2579,-5.3,4.7,3,Villain,0.83429882923762,0.9999999602635702
2580,4.5,-5.5,5,Hero,0.9998861432075501,0.9999998807907104
2581,3.9000000000000004,-6.1,11,Hero,0.7154258374463428,0.9999934760006991
2582,4.300000000000001,-5.699999999999999,7,Hero,0.8339048081210682,1.0
2583,4.1000000000000005,-5.8999999999999995,9,Hero,0.9778154889742533,0.9998925659391615
2584,4.2,-5.8,8,Hero,0.8918169848620892,1.0
2585,3.8000000000000007,-6.199999999999999,12,Hero,0.8834015211711327,0.920138786546886
2586,3.3,-6.7,17,Hero,0.8621353594695821,0.9621560573577881
2587,3.7,-6.3,13,Hero,0.8820601082765139,0.998766330572275
2588,3.8000000000000007,-6.199999999999999,12,Hero,0.8335316330194473,0.9999870757261912
2589,4.4,-5.6,6,Hero,0.6349707966049513,1.0
2590,-5.3999999999999995,4.6000000000000005,4,Villain,0.9999992847442627,0.9999980330467224
2591,4.0,-6.0,10,Hero,0.837852244079113,0.9999998092651368
2592,-5.8,4.2,8,Villain,0.7980951648205519,1.0
2593,-6.0,4.0,10,Villain,0.787166529148817,0.9999957203865051
2594,-5.1,4.9,1,Villain,0.6483336091041565,0.9999974966049194
2595,4.2,-5.8,8,Hero,0.793839480727911,1.0
2596,3.9000000000000004,-6.1,11,Hero,0.9133364178917625,0.9999788945371454
2597,4.300000000000001,-5.699999999999999,7,Hero,0.870909069265638,0.9999999148505074
2598,3.8000000000000007,-6.199999999999999,12,Hero,0.7986649200320244,0.9533093571662903
2599,4.300000000000001,-5.699999999999999,7,Hero,0.8720075232642037,1.0
2600,4.9,-5.1,1,Hero,0.9999504089355469,1.0
2601,4.0,-6.0,10,Hero,0.8354489713907242,0.9999993562698364
2602,4.6000000000000005,-5.3999999999999995,4,Hero,0.9586476683616638,1.0
2603,3.7,-6.3,13,Hero,0.8845098643348768,0.9996125102043152
2604,4.5,-5.5,5,Hero,0.9649887561798096,1.0
2605,4.7,-5.3,3,Hero,0.9993847211201986,1.0
2606,3.6000000000000005,-6.3999999999999995,14,Hero,0.778943487576076,0.9134512425932501
2607,3.6000000000000005,-6.3999999999999995,14,Hero,0.7325874183859143,0.9876480528286525
2608,-6.199999999999999,3.8000000000000007,12,Villain,0.7266275205959877,0.9759612282117208
2609,4.1000000000000005,-5.8999999999999995,9,Hero,0.8451861176225874,0.999999033080207
2610,3.9000000000000004,-6.1,11,Hero,0.8877988232469017,0.9974857243624601
2611,4.300000000000001,-5.699999999999999,7,Hero,0.6878768113175673,1.0
2612,4.6000000000000005,-5.3999999999999995,4,Hero,0.9855478703975677,1.0
2613,3.8000000000000007,-6.199999999999999,12,Hero,0.8288612961769104,0.9804553737243017
2614,4.5,-5.5,5,Hero,0.868281614780426,1.0
2615,3.8000000000000007,-6.199999999999999,12,Hero,0.8646597365538279,0.9803039779265722
2616,4.2,-5.8,8,Hero,0.7052908861078322,0.9999996721744537
2617,3.5,-6.5,15,Hero,0.8408892085154851,0.9746495167414347
2618,4.1000000000000005,-5.8999999999999995,9,Hero,0.9987439844343398,0.9999999205271403
2619,4.1000000000000005,-5.8999999999999995,9,Hero,0.8475187520186106,0.9999996291266547
2620,3.6000000000000005,-6.3999999999999995,14,Hero,0.868839123419353,0.9995397925376892
2621,-5.3,4.7,3,Villain,0.5180521508057913,0.824211319287618
2622,-5.199999999999999,4.800000000000001,2,Villain,0.9969113171100616,0.9889405965805054
2623,4.2,-5.8,8,Hero,0.806813471019268,0.9999995678663254
2624,3.3,-6.7,17,Hero,0.8313057597945718,0.9876437397564158
2625,4.800000000000001,-5.199999999999999,2,Hero,0.9999293684959412,1.0
2626,3.8000000000000007,-6.199999999999999,12,Hero,0.8572826335827509,0.9994271943966547
2627,4.5,-5.5,5,Hero,0.9995804905891419,0.9999965190887451
2628,3.8000000000000007,-6.199999999999999,12,Hero,0.7089067238072554,0.9776412943998972
2629,3.4000000000000004,-6.6,16,Hero,0.7033296429435723,0.978819977492094
2630,3.5,-6.5,15,Hero,0.8658173133929571,0.9864606539408366
2631,4.4,-5.6,6,Hero,0.8600202898184458,1.0
2632,4.7,-5.3,3,Hero,0.8339295983314514,1.0
2633,4.9,-5.1,1,Hero,0.9897096753120422,1.0
2634,4.800000000000001,-5.199999999999999,2,Hero,0.9999814033508301,1.0
2635,4.0,-6.0,10,Hero,0.9638114631175995,0.997962886095047
2636,3.3,-6.7,17,Hero,0.7724084744558615,0.968289901228512
2637,4.1000000000000005,-5.8999999999999995,9,Hero,0.9559547570016649,0.9999956289927164
2638,4.0,-6.0,10,Hero,0.7890877485275268,0.99999440908432
2639,4.7,-5.3,3,Hero,0.9983065724372864,1.0
2640,3.8000000000000007,-6.199999999999999,12,Hero,0.8866620014111201,0.8914754564563433
2641,4.2,-5.8,8,Hero,0.7549753161147237,0.9999998807907104
2642,4.800000000000001,-5.199999999999999,2,Hero,0.8743137717247009,1.0
2643,3.6000000000000005,-6.3999999999999995,14,Hero,0.8491626765046801,0.97664156130382
2644,4.0,-6.0,10,Hero,0.7121844694018364,0.99558065533638
2645,3.3,-6.7,17,Hero,0.7679765452356899,0.991282087915084
2646,4.1000000000000005,-5.8999999999999995,9,Hero,0.9997939136293199,0.9999999735090468
2647,4.2,-5.8,8,Hero,0.8110242709517479,0.9938067644834518
2648,3.6000000000000005,-6.3999999999999995,14,Hero,0.8133425819022315,0.9991468404020581
2649,-5.1,4.9,1,Villain,0.9806510806083679,0.7748423218727112
2650,3.3,-6.7,17,Hero,0.8233735675320906,0.9699975567705491
2651,4.2,-5.8,8,Hero,0.9947763010859489,1.0
2652,4.2,-5.8,8,Hero,0.946520172059536,0.9999999850988388
2653,3.5,-6.5,15,Hero,0.8339392066001892,0.9538142561912537
2654,3.9000000000000004,-6.1,11,Hero,0.7901478848758746,0.9999426386573098
2655,4.300000000000001,-5.699999999999999,7,Hero,0.8694000286715371,1.0
2656,3.6000000000000005,-6.3999999999999995,14,Hero,0.8723244965076447,0.9561987859862191
2657,4.9,-5.1,1,Hero,0.9923215508460999,1.0
2658,3.6000000000000005,-6.3999999999999995,14,Hero,0.8036306883607592,0.9998896675450462
2659,4.9,-5.1,1,Hero,0.9347158074378967,1.0
2660,4.0,-6.0,10,Hero,0.9037667334079742,0.9999850869178772
2661,3.7,-6.3,13,Hero,0.8456521951235257,0.9999224635270926
2662,3.9000000000000004,-6.1,11,Hero,0.887956670739434,0.9999985911629417
2663,4.5,-5.5,5,Hero,0.8611210882663727,1.0
2664,4.1000000000000005,-5.8999999999999995,9,Hero,0.9981208046277364,0.9999988873799642
2665,4.7,-5.3,3,Hero,0.7938267985979716,1.0
2666,4.1000000000000005,-5.8999999999999995,9,Hero,0.9999527732531229,0.9999999867545234
2667,4.2,-5.8,8,Hero,0.8719274662435055,1.0
2668,3.9000000000000004,-6.1,11,Hero,0.7185635918920691,0.9996789151971991
2669,4.300000000000001,-5.699999999999999,7,Hero,0.7811100440365928,1.0
2670,4.5,-5.5,5,Hero,0.9293387770652771,1.0
2671,4.4,-5.6,6,Hero,0.9795359671115875,1.0
2672,4.2,-5.8,8,Hero,0.999941997230053,1.0
2673,4.0,-6.0,10,Hero,0.9662264227867127,0.9999999642372132
2674,4.2,-5.8,8,Hero,0.967040054500103,0.9999997019767761
2675,3.8000000000000007,-6.199999999999999,12,Hero,0.965477799375852,0.925474609558781
2676,4.1000000000000005,-5.8999999999999995,9,Hero,0.994342154926724,1.0
2677,4.4,-5.6,6,Hero,0.7738693058490753,1.0
2678,4.0,-6.0,10,Hero,0.8710633784532547,0.9956508219242096
2679,4.2,-5.8,8,Hero,0.9071068316698074,1.0
2680,3.3,-6.7,17,Hero,0.8285912038648829,0.9739777200362262
2681,4.0,-6.0,10,Hero,0.9632629513740539,0.9999995827674866
2682,4.4,-5.6,6,Hero,0.9992087582747141,1.0
2683,3.9000000000000004,-6.1,11,Hero,0.7100557315755974,0.9658486843109131
2684,4.9,-5.1,1,Hero,0.9967228770256042,1.0
2685,4.6000000000000005,-5.3999999999999995,4,Hero,0.8106044381856918,1.0
2686,4.300000000000001,-5.699999999999999,7,Hero,0.9999594603266034,0.9999999829701015
2687,4.2,-5.8,8,Hero,0.8480684254318476,0.9999999850988388
2688,4.2,-5.8,8,Hero,0.9678989946842194,1.0
2689,3.7,-6.3,13,Hero,0.8114316417620733,0.9811786550741929
2690,4.6000000000000005,-5.3999999999999995,4,Hero,0.8527651131153107,1.0
2691,4.1000000000000005,-5.8999999999999995,9,Hero,0.8700166692336401,1.0
2692,4.2,-5.8,8,Hero,0.9625520780682564,0.9999994039535522
2693,4.0,-6.0,10,Hero,0.8728572651743889,0.9999999642372132
2694,3.9000000000000004,-6.1,11,Hero,0.846851016648791,0.9999661608175798
2695,4.5,-5.5,5,Hero,0.9998409986495972,1.0
2696,4.1000000000000005,-5.8999999999999995,9,Hero,0.891140749057134,1.0
2697,4.2,-5.8,8,Hero,0.8386717848479748,0.9999998956918716
2698,4.5,-5.5,5,Hero,0.9850723028182984,1.0
2699,4.6000000000000005,-5.3999999999999995,4,Hero,0.9518750458955765,1.0
2700,4.9,-5.1,1,Hero,0.9399216175079346,1.0
2701,3.4000000000000004,-6.6,16,Hero,0.7912911549210548,0.9879661984741688
2702,4.300000000000001,-5.699999999999999,7,Hero,0.8416741830962045,0.9999998126711164
2703,4.7,-5.3,3,Hero,0.857574999332428,1.0
2704,4.5,-5.5,5,Hero,0.943731427192688,1.0
2705,4.5,-5.5,5,Hero,0.8072882175445557,1.0
2706,3.8000000000000007,-6.199999999999999,12,Hero,0.843302521854639,0.9999663730462393
2707,3.6000000000000005,-6.3999999999999995,14,Hero,0.739226704862501,0.9540289044380188
2708,3.6000000000000005,-6.3999999999999995,14,Hero,0.8362668762648744,0.9987476510660989
2709,-5.8,4.2,8,Villain,0.761941846460104,0.9161771573126316
2710,4.7,-5.3,3,Hero,0.9998698234558105,1.0
2711,3.9000000000000004,-6.1,11,Hero,0.7870647798884999,0.9999302625656128
2712,4.9,-5.1,1,Hero,0.413969486951828,1.0
2713,4.300000000000001,-5.699999999999999,7,Hero,0.9247729863439288,0.9999999829701015
2714,3.8000000000000007,-6.199999999999999,12,Hero,0.8617828165491422,0.9531968012452126
2715,4.300000000000001,-5.699999999999999,7,Hero,0.8315784973757607,0.99996417760849
2716,3.0,-7.0,20,Hero,0.7655032008886338,0.9508505471050739
2717,4.300000000000001,-5.699999999999999,7,Hero,0.9707788910184588,0.9999957936150687
2718,4.0,-6.0,10,Hero,0.8959328785538674,0.9998182833194733
2719,3.8000000000000007,-6.199999999999999,12,Hero,0.8558680986364683,0.889138076454401
2720,4.0,-6.0,10,Hero,0.8690333493053913,0.9998552858829498
2721,-5.6,4.4,6,Villain,0.9999992251396179,0.8580036188165346
2722,4.6000000000000005,-5.3999999999999995,4,Hero,0.943967416882515,1.0
2723,4.5,-5.5,5,Hero,0.7944933123886585,1.0
2724,4.6000000000000005,-5.3999999999999995,4,Hero,0.989687979221344,1.0
2725,-5.5,4.5,5,Villain,0.8566178977489471,0.999998950958252
2726,4.2,-5.8,8,Hero,0.9961780309677124,0.9994631186127663
2727,3.5,-6.5,15,Hero,0.8791724979877472,0.9082710524400075
2728,-5.3,4.7,3,Villain,0.9908985098203024,0.5882873584826788
2729,4.5,-5.5,5,Hero,0.9588384509086609,1.0
2730,-5.199999999999999,4.800000000000001,2,Villain,0.9999998807907104,0.9998498857021332
2731,4.0,-6.0,10,Hero,0.7531004056334496,0.9999994397163391
2732,3.7,-6.3,13,Hero,0.9394820836874155,0.9896557514484112
2733,4.5,-5.5,5,Hero,0.9737765431404114,1.0
2734,4.4,-5.6,6,Hero,0.9601266284783682,1.0
2735,4.4,-5.6,6,Hero,0.9999403655529022,0.9999996423721313
2736,4.2,-5.8,8,Hero,0.9350216090679169,0.9999997764825821
2737,3.8000000000000007,-6.199999999999999,12,Hero,0.954122876127561,0.9767115861177444
2738,3.8000000000000007,-6.199999999999999,12,Hero,0.8589490652084351,0.999965026974678
2739,4.1000000000000005,-5.8999999999999995,9,Hero,0.940661715136634,0.8731299804316627
2740,3.9000000000000004,-6.1,11,Hero,0.9755663925951178,0.9969781366261569
2741,3.8000000000000007,-6.199999999999999,12,Hero,0.8565551104644934,0.9626480340957642
2742,-5.3,4.7,3,Villain,0.6357235262791315,0.9549339016278585
2743,4.7,-5.3,3,Hero,0.7482025523980459,1.0
2744,4.0,-6.0,10,Hero,0.8574985578656197,0.9999964594841003
2745,4.300000000000001,-5.699999999999999,7,Hero,0.9160875678062439,0.9999999489103045
2746,3.6000000000000005,-6.3999999999999995,14,Hero,0.8637679054268769,0.9662437949861798
2747,3.5,-6.5,15,Hero,0.6967204496264457,0.9830886046091716
2748,4.6000000000000005,-5.3999999999999995,4,Hero,0.9505747109651566,1.0
2749,4.1000000000000005,-5.8999999999999995,9,Hero,0.9817214409510294,0.9765491551823087
2750,3.7,-6.3,13,Hero,0.8357042165902945,0.9971566750453069
2751,4.6000000000000005,-5.3999999999999995,4,Hero,0.9893634766340256,0.9999997317790985
2752,4.300000000000001,-5.699999999999999,7,Hero,0.9768288305827549,0.9661429950169155
2753,3.8000000000000007,-6.199999999999999,12,Hero,0.9544464896122614,0.9046593699604273
2754,-5.3,4.7,3,Villain,0.999994158744812,0.9991652568181356
2755,-5.5,4.5,5,Villain,0.9999970436096192,0.718971488054376
2756,4.1000000000000005,-5.8999999999999995,9,Hero,0.9633685747782389,0.8624600503179762
2757,4.300000000000001,-5.699999999999999,7,Hero,0.9998571872711182,0.9999852691377912
2758,3.8000000000000007,-6.199999999999999,12,Hero,0.871649102618297,0.927985992282629
2759,4.2,-5.8,8,Hero,0.9997611343860626,0.9999592527747154
2760,4.2,-5.8,8,Hero,0.8162005096673965,0.9999998509883881
2761,4.300000000000001,-5.699999999999999,7,Hero,0.7438890518886703,0.9999966621398926
2762,4.1000000000000005,-5.8999999999999995,9,Hero,0.7817691531446245,0.9993369314405653
2763,4.4,-5.6,6,Hero,0.7715293318033218,1.0
2764,3.9000000000000004,-6.1,11,Hero,0.878786796873266,0.9829675284298983
2765,4.5,-5.5,5,Hero,0.8981867909431458,0.9997480392456055
2766,3.4000000000000004,-6.6,16,Hero,0.6708494583144784,0.9220393560826778
2767,4.2,-5.8,8,Hero,0.7861313708126545,0.9991851225495338
2768,4.1000000000000005,-5.8999999999999995,9,Hero,0.9988545841640897,0.9652657972441779
2769,-5.6,4.4,6,Villain,0.9426143765449524,0.9862099289894104
2770,3.7,-6.3,13,Hero,0.7692316042689177,0.9806123146644006
2771,3.9000000000000004,-6.1,11,Hero,0.9656860774213617,0.9982492544434287
2772,3.5,-6.5,15,Hero,0.8467069288094838,0.9132329434156418
2773,4.800000000000001,-5.199999999999999,2,Hero,0.9889821708202362,1.0
2774,4.7,-5.3,3,Hero,0.9997061491012573,0.9999962250391642
2775,3.9000000000000004,-6.1,11,Hero,0.8196697072549299,0.890450579198924
2776,4.2,-5.8,8,Hero,0.9271866232156754,0.9995193257927895
2777,4.5,-5.5,5,Hero,0.918135690689087,1.0
2778,4.9,-5.1,1,Hero,0.7842934727668762,1.0
2779,4.1000000000000005,-5.8999999999999995,9,Hero,0.9459447662035624,0.9619272549947103
2780,4.1000000000000005,-5.8999999999999995,9,Hero,0.8575768437650468,0.9529699484507242
2781,4.6000000000000005,-5.3999999999999995,4,Hero,0.9406386315822601,0.9999774992465973
2782,3.0,-7.0,20,Hero,0.6754872296471148,0.954198807477951
2783,4.300000000000001,-5.699999999999999,7,Hero,0.9992817044258118,0.9999993698937553
2784,4.1000000000000005,-5.8999999999999995,9,Hero,0.8897726138432821,0.9951116310225593
2785,-5.699999999999999,4.300000000000001,7,Villain,0.804822998387473,0.8510588109493256
2786,4.0,-6.0,10,Hero,0.9002720341086388,0.9999995470046997
2787,4.300000000000001,-5.699999999999999,7,Hero,0.8654340079852513,0.9656110405921936
2788,2.6999999999999997,-7.300000000000001,23,Hero,0.8029044954025227,0.9767970261366471
2789,4.0,-6.0,10,Hero,0.8366512641310692,0.8000692501664162
2790,4.300000000000001,-5.699999999999999,7,Hero,0.992488409791674,0.9999994380133492
2791,4.300000000000001,-5.699999999999999,7,Hero,0.7312041691371373,0.9999908549445016
2792,4.1000000000000005,-5.8999999999999995,9,Hero,0.9583475854661729,0.9642957051595052
2793,4.0,-6.0,10,Hero,0.8343069136142731,0.9999476253986359
2794,3.9000000000000004,-6.1,11,Hero,0.8488301174207167,0.9999423081224615
2795,-5.3999999999999995,4.6000000000000005,4,Villain,0.9725501239299774,0.9384064376354218
2796,3.9000000000000004,-6.1,11,Hero,0.84886019338261,0.9999781847000122
2797,4.1000000000000005,-5.8999999999999995,9,Hero,0.8852220972379049,0.998571515083313
2798,4.6000000000000005,-5.3999999999999995,4,Hero,0.9560007005929947,0.9999985694885254
2799,4.2,-5.8,8,Hero,0.8252990152686834,0.9998975470662117
2800,3.5,-6.5,15,Hero,0.9143834630648295,0.9971426606178284
2801,3.8000000000000007,-6.199999999999999,12,Hero,0.8867573539415995,0.9496976509690285
2802,3.0,-7.0,20,Hero,0.8061465710401535,0.9815492153167724
2803,4.800000000000001,-5.199999999999999,2,Hero,0.8837018013000488,0.9999990463256836
2804,4.1000000000000005,-5.8999999999999995,9,Hero,0.999282591872745,0.9323917594220903
2805,-5.8999999999999995,4.1000000000000005,9,Villain,0.5903676516479917,0.7909238014577163
2806,-5.6,4.4,6,Villain,0.7275591349850098,0.9279010593891144
2807,3.7,-6.3,13,Hero,0.8925081399770883,0.8899988451829324
2808,2.5999999999999996,-7.4,24,Hero,0.690100584179163,0.9295187486956517
2809,3.5,-6.5,15,Hero,0.862463508049647,0.9831889788309733
2810,-5.199999999999999,4.800000000000001,2,Villain,0.9917234480381012,0.9914835691452026
2811,-5.6,4.4,6,Villain,0.88660595814387,0.9717048307259878
2812,4.4,-5.6,6,Hero,0.9110139558712641,0.9999943971633911
2813,3.5,-6.5,15,Hero,0.8509772419929504,0.8699150795737902
2814,4.2,-5.8,8,Hero,0.9990990981459618,0.9999954998493195
2815,3.2,-6.8,18,Hero,0.8920271810558107,0.9199333886305491
2816,2.099999999999999,-7.9,29,Hero,0.72138831679356,0.9027971604774738
2817,3.8000000000000007,-6.199999999999999,12,Hero,0.8413917571306229,0.8990477696061134
2818,4.6000000000000005,-5.3999999999999995,4,Hero,0.9964037239551544,1.0
2819,4.300000000000001,-5.699999999999999,7,Hero,0.9998128754752023,1.0
2820,3.8000000000000007,-6.199999999999999,12,Hero,0.8036127984523773,0.9817123562097549
2821,3.8000000000000007,-6.199999999999999,12,Hero,0.8640721050711969,0.9996708184480667
2822,3.8000000000000007,-6.199999999999999,12,Hero,0.8981794690092405,0.9467317387461662
2823,4.7,-5.3,3,Hero,0.6957947611808777,1.0
2824,4.6000000000000005,-5.3999999999999995,4,Hero,0.9751174449920654,0.9999995231628418
2825,3.8000000000000007,-6.199999999999999,12,Hero,0.9023784746726354,0.8924025495847067
2826,-5.6,4.4,6,Villain,0.8799286683400472,0.9791731735070547
2827,3.7,-6.3,13,Hero,0.8463360873552469,0.9910021286744338
2828,4.1000000000000005,-5.8999999999999995,9,Hero,0.9991637667020162,0.9998210138744779
2829,4.800000000000001,-5.199999999999999,2,Hero,0.9164306819438934,1.0
2830,4.2,-5.8,8,Hero,0.9234779141843319,0.9999999701976776
2831,-5.699999999999999,4.300000000000001,7,Villain,0.8940724389893668,0.9546326143401009
2832,3.4000000000000004,-6.6,16,Hero,0.8742513838224113,0.8854323886334896
2833,4.5,-5.5,5,Hero,0.99896639585495,1.0
2834,4.0,-6.0,10,Hero,0.8027170419692993,0.9999938845634461
2835,-6.199999999999999,3.8000000000000007,12,Villain,0.7705527705450853,0.9643238286177317
2836,2.8,-7.2,22,Hero,0.8090840727090836,0.9893236837603829
2837,3.0,-7.0,20,Hero,0.8535442885011435,0.8740521531552077
2838,2.1999999999999993,-7.800000000000001,28,Hero,0.7137481389301163,0.8924889635028583
2839,3.2,-6.8,18,Hero,0.7728049175606834,0.9509932349125544
2840,3.7,-6.3,13,Hero,0.7459828991156358,0.9854529270758996
2841,3.0,-7.0,20,Hero,0.693813249329105,0.9357976718456484
2842,2.5999999999999996,-7.4,24,Hero,0.740474202670157,0.9707620069384575
2843,3.3,-6.7,17,Hero,0.8345283272073549,0.9703683432410745
2844,4.5,-5.5,5,Hero,0.9514951825141906,1.0
2845,4.1000000000000005,-5.8999999999999995,9,Hero,0.8523595399326749,0.9905163976881239
2846,3.5,-6.5,15,Hero,0.870140528678894,0.974801762898763
2847,4.5,-5.5,5,Hero,0.7869320929050445,1.0
2848,4.1000000000000005,-5.8999999999999995,9,Hero,0.8887537368055847,0.934705052110884
2849,3.9000000000000004,-6.1,11,Hero,0.9562826427546415,0.9996435858986594
2850,4.7,-5.3,3,Hero,0.9694494803746542,1.0
2851,3.5,-6.5,15,Hero,0.8065339475870132,0.9413973530133565
2852,3.8000000000000007,-6.199999999999999,12,Hero,0.8595363510151705,0.9868941803773245
2853,4.300000000000001,-5.699999999999999,7,Hero,0.9715946657317025,0.9999539256095886
2854,4.4,-5.6,6,Hero,0.8537215093771616,1.0
2855,-5.699999999999999,4.300000000000001,7,Villain,0.8684913260596139,0.9944426502500262
2856,2.5999999999999996,-7.4,24,Hero,0.7278894016053528,0.9583128144343694
2857,4.4,-5.6,6,Hero,0.7152463995541135,0.9999999006589254
2858,4.2,-5.8,8,Hero,0.9785701930522919,0.9999994486570358
2859,2.8,-7.2,22,Hero,0.7743033306165175,0.985508609901775
2860,4.9,-5.1,1,Hero,0.9969546794891357,0.9999996423721313
2861,3.8000000000000007,-6.199999999999999,12,Hero,0.9620400369167328,0.9429769987861315
2862,3.6000000000000005,-6.3999999999999995,14,Hero,0.8350237490875381,0.9896005179200854
2863,3.5,-6.5,15,Hero,0.7888324290513993,0.9158982197443645
2864,-5.3999999999999995,4.6000000000000005,4,Villain,0.9997345805168152,0.673538826406002
2865,3.9000000000000004,-6.1,11,Hero,0.953753650188446,0.9999730261889371
2866,3.9000000000000004,-6.1,11,Hero,0.9185397083109076,0.9422728365117853
2867,3.8000000000000007,-6.199999999999999,12,Hero,0.8849661648273468,0.9999744097391764
2868,4.300000000000001,-5.699999999999999,7,Hero,0.951422393321991,1.0
2869,4.800000000000001,-5.199999999999999,2,Hero,0.5056687593460083,1.0
2870,4.6000000000000005,-5.3999999999999995,4,Hero,0.9243501424789429,1.0
2871,4.6000000000000005,-5.3999999999999995,4,Hero,0.9835968017578125,0.9996062368154526
2872,4.9,-5.1,1,Hero,0.9003257751464844,1.0
2873,4.4,-5.6,6,Hero,0.8526679674784342,0.9999997218449911
2874,4.300000000000001,-5.699999999999999,7,Hero,0.9538130589893886,0.9999999148505074
2875,4.300000000000001,-5.699999999999999,7,Hero,0.8162338307925633,0.9999998467309135
2876,4.1000000000000005,-5.8999999999999995,9,Hero,0.9996407363149855,0.9999997615814209
2877,3.5,-6.5,15,Hero,0.8295994718869527,0.9931090116500855
2878,4.5,-5.5,5,Hero,0.6213149406015873,1.0
2879,4.300000000000001,-5.699999999999999,7,Hero,0.8801453709602356,0.9999994891030448
2880,4.2,-5.8,8,Hero,0.943206824362278,0.8481379970908165
2881,3.8000000000000007,-6.199999999999999,12,Hero,0.7574149618546168,0.9999464104572932
2882,4.300000000000001,-5.699999999999999,7,Hero,0.9020336696079799,0.9091265712465558
2883,4.800000000000001,-5.199999999999999,2,Hero,0.8562002182006836,1.0
2884,4.4,-5.6,6,Hero,0.9499345123767853,0.999999980131785
2885,4.6000000000000005,-5.3999999999999995,4,Hero,0.8286047279834747,1.0
2886,3.6000000000000005,-6.3999999999999995,14,Hero,0.8008139548557145,0.999456307717732
2887,4.800000000000001,-5.199999999999999,2,Hero,0.9998024702072144,1.0
2888,4.4,-5.6,6,Hero,0.9975197513898214,0.999999980131785
2889,4.0,-6.0,10,Hero,0.9658422648906708,0.8829130917787552
2890,3.5,-6.5,15,Hero,0.8476248741149902,0.9242391521732013
2891,4.0,-6.0,10,Hero,0.9777065098285675,0.9766773164272309
2892,3.9000000000000004,-6.1,11,Hero,0.9026272188533436,0.9999905174428766
2893,4.4,-5.6,6,Hero,0.8779010872046152,0.9999999602635702
2894,4.7,-5.3,3,Hero,0.9468415379524231,1.0
2895,4.2,-5.8,8,Hero,0.8075796430930495,1.0
2896,3.7,-6.3,13,Hero,0.8838244900107384,0.9740110910855807
2897,3.9000000000000004,-6.1,11,Hero,0.9676479046994989,0.9999995014884255
2898,3.5,-6.5,15,Hero,0.8387686292330424,0.9672643184661865
2899,4.7,-5.3,3,Hero,0.977938195069631,1.0
2900,3.9000000000000004,-6.1,11,Hero,0.9049758802760731,0.9898045442321084
2901,4.7,-5.3,3,Hero,0.9743948777516683,1.0
2902,4.7,-5.3,3,Hero,0.6253491751849651,1.0
2903,4.800000000000001,-5.199999999999999,2,Hero,0.9803484082221985,1.0
2904,4.5,-5.5,5,Hero,0.9985860705375671,0.999999737739563
2905,-5.3999999999999995,4.6000000000000005,4,Villain,0.9999817609786987,0.9899874776601791
2906,4.300000000000001,-5.699999999999999,7,Hero,0.994796063218798,0.9996366500854492
2907,3.8000000000000007,-6.199999999999999,12,Hero,0.8758157889048258,0.9998917977015177
2908,4.4,-5.6,6,Hero,0.9105440477530161,0.9999732573827108
2909,3.8000000000000007,-6.199999999999999,12,Hero,0.8620154112577438,0.9997517019510269
2910,4.2,-5.8,8,Hero,0.9588981717824936,0.9756247475743294
2911,3.6000000000000005,-6.3999999999999995,14,Hero,0.8403052708932331,0.9994604204382215
2912,4.2,-5.8,8,Hero,0.8930796943604946,0.99778962880373
2913,4.0,-6.0,10,Hero,0.7665078043937683,0.9998992562294007
2914,3.7,-6.3,13,Hero,0.7627469702408864,0.9997174464739286
2915,4.7,-5.3,3,Hero,0.7267705351114273,0.9999998013178507
2916,4.5,-5.5,5,Hero,0.8576723515987397,0.9999999284744263
2917,4.1000000000000005,-5.8999999999999995,9,Hero,0.9952101508776346,0.9943716062439812
2918,3.9000000000000004,-6.1,11,Hero,0.8265113153240897,0.8818494514985518
2919,3.0999999999999996,-6.9,19,Hero,0.7388468961182394,0.987469102206983
2920,2.9,-7.1,21,Hero,0.7868259577524095,0.9867288158053443
2921,4.800000000000001,-5.199999999999999,2,Hero,0.9964294135570526,1.0
2922,2.4999999999999996,-7.5,25,Hero,0.7123008255660533,0.9252069666981697
2923,3.2,-6.8,18,Hero,0.8331828961769739,0.9676784641212888
2924,4.300000000000001,-5.699999999999999,7,Hero,0.9993641035897392,1.0
2925,3.0,-7.0,20,Hero,0.8277542812749743,0.8994329102337361
2926,3.7,-6.3,13,Hero,0.8517400066439922,0.9179010253686172
2927,4.1000000000000005,-5.8999999999999995,9,Hero,0.9945101274384393,0.9999990860621134
2928,4.4,-5.6,6,Hero,0.9553701976935068,1.0
2929,4.300000000000001,-5.699999999999999,7,Hero,0.9996516960007804,0.9999994891030448
2930,3.9000000000000004,-6.1,11,Hero,0.8840031407096169,0.9984210458668795
2931,4.5,-5.5,5,Hero,0.9890988588333129,0.9999998807907104
2932,4.6000000000000005,-5.3999999999999995,4,Hero,0.9236167669296265,1.0
2933,4.2,-5.8,8,Hero,0.9989243671298027,0.9999999850988388
2934,4.0,-6.0,10,Hero,0.8826086014509201,0.9999986171722413
2935,4.1000000000000005,-5.8999999999999995,9,Hero,0.7968640592363145,0.9999976687961154
2936,4.0,-6.0,10,Hero,0.9620075166225434,0.9112141460180283
2937,4.4,-5.6,6,Hero,0.8536527951558431,0.9999999403953552
2938,4.1000000000000005,-5.8999999999999995,9,Hero,0.95126783185535,0.9999958939022489
2939,4.9,-5.1,1,Hero,0.822627067565918,1.0
2940,3.5,-6.5,15,Hero,0.8620814164479573,0.9471172372500102
2941,4.1000000000000005,-5.8999999999999995,9,Hero,0.8841441224018732,0.9954666958914863
2942,3.9000000000000004,-6.1,11,Hero,0.9068355126814409,0.9591720429333773
2943,-5.199999999999999,4.800000000000001,2,Villain,0.975211888551712,0.9967124760150909
2944,4.6000000000000005,-5.3999999999999995,4,Hero,0.5114860944449902,0.9999999701976776
2945,4.2,-5.8,8,Hero,0.7864005384035408,0.9999863803386688
2946,3.4000000000000004,-6.6,16,Hero,0.8933351337909698,0.8679308113642037
2947,4.300000000000001,-5.699999999999999,7,Hero,0.8560273817607335,0.9999997956412179
2948,3.9000000000000004,-6.1,11,Hero,0.9753686189651489,0.8720148585059426
2949,4.800000000000001,-5.199999999999999,2,Hero,0.8723078370094299,1.0
2950,4.4,-5.6,6,Hero,0.9994556506474813,0.9999998013178507
2951,-5.1,4.9,1,Villain,0.9859912991523743,0.9999567270278931
2952,4.300000000000001,-5.699999999999999,7,Hero,0.8234813830682209,0.9999929325921195
2953,3.9000000000000004,-6.1,11,Hero,0.8733145824887536,0.8577603033997796
2954,-5.5,4.5,5,Villain,0.8118812799453735,0.9811175107955933
2955,4.0,-6.0,10,Hero,0.8817760404199362,0.9835049450397492
2956,4.6000000000000005,-5.3999999999999995,4,Hero,0.8618312627077103,0.9997895061969757
2957,4.0,-6.0,10,Hero,0.7173467291519046,0.981634384393692
2958,2.9,-7.1,21,Hero,0.7934692792949223,0.9448841937950679
2959,3.5,-6.5,15,Hero,0.8678474962711334,0.9849596063296
2960,4.1000000000000005,-5.8999999999999995,9,Hero,0.8791620710657703,0.9999998542997572
2961,4.2,-5.8,8,Hero,0.9823533892631531,0.9562133550643921
2962,3.7,-6.3,13,Hero,0.8270102326686566,0.9539576677175668
2963,4.1000000000000005,-5.8999999999999995,9,Hero,0.9999279379844666,0.9999998013178507
2964,3.8000000000000007,-6.199999999999999,12,Hero,0.9608532239993414,0.9999293287595113
2965,-5.5,4.5,5,Villain,0.9285442590713501,0.6982230216264724
2966,4.2,-5.8,8,Hero,0.9081634655594826,0.9999999552965164
2967,4.6000000000000005,-5.3999999999999995,4,Hero,0.9998592585325241,1.0
2968,3.4000000000000004,-6.6,16,Hero,0.7831377321854234,0.9019746575504541
2969,4.7,-5.3,3,Hero,0.903112788995107,0.9999995628992716
2970,-5.3,4.7,3,Villain,0.8020605643590292,0.95864866177241
2971,4.300000000000001,-5.699999999999999,7,Hero,0.9999816247395107,0.9999576125826154
2972,4.7,-5.3,3,Hero,0.9999510447184244,1.0
2973,4.2,-5.8,8,Hero,0.9363421238958836,0.8635181989520788
2974,4.7,-5.3,3,Hero,0.9997928937276205,1.0
2975,4.0,-6.0,10,Hero,0.815662345290184,0.9202898472547532
2976,3.7,-6.3,13,Hero,0.9187523676798894,0.9460348807848417
2977,4.0,-6.0,10,Hero,0.967202365398407,0.9580205857753754
2978,4.4,-5.6,6,Hero,0.9075932403405508,0.999999980131785
2979,4.800000000000001,-5.199999999999999,2,Hero,0.9999055564403534,1.0
2980,3.8000000000000007,-6.199999999999999,12,Hero,0.7844580903668733,0.8754124871144692
2981,3.0,-7.0,20,Hero,0.8288871399126947,0.9513290390372277
2982,4.9,-5.1,1,Hero,0.8167428970336914,1.0
2983,3.0999999999999996,-6.9,19,Hero,0.8200272125633139,0.9703990252394425
2984,4.0,-6.0,10,Hero,0.774835029989481,0.9704568445682525
2985,4.2,-5.8,8,Hero,0.9500734955072403,0.9999956041574478
2986,2.6999999999999997,-7.300000000000001,23,Hero,0.7639221153829409,0.9674122333526611
2987,3.7,-6.3,13,Hero,0.9268294068483206,0.8686100978117722
2988,3.9000000000000004,-6.1,11,Hero,0.9265628077767112,0.9998054883696816
2989,-5.199999999999999,4.800000000000001,2,Villain,0.9653130173683167,0.4523935317993164
2990,3.4000000000000004,-6.6,16,Hero,0.8390143271535635,0.9892872869968414
2991,4.300000000000001,-5.699999999999999,7,Hero,0.8580608367919922,1.0
2992,4.4,-5.6,6,Hero,0.9986203710238138,0.999998946984609
2993,-5.6,4.4,6,Villain,0.6821137393514315,0.7287210325400034
2994,3.9000000000000004,-6.1,11,Hero,0.811886960809881,0.999990311535922
2995,3.9000000000000004,-6.1,11,Hero,0.9604524211450056,0.999999230558222
2996,4.2,-5.8,8,Hero,0.840460754930973,0.9994986727833748
2997,4.1000000000000005,-5.8999999999999995,9,Hero,0.9579599102338155,0.9826301468743218
2998,4.800000000000001,-5.199999999999999,2,Hero,0.968228816986084,1.0
2999,4.5,-5.5,5,Hero,0.8840404629707337,1.0
3000,4.5,-5.5,5,Hero,0.9643415451049805,0.9991593480110168
