episode,hero_reward,villain_reward,steps,winner,hero_avg_prob,villain_avg_prob
1,-4.999999999999998,-4.999999999999998,50,None,0.32394044667482375,0.399574955701828
2,-5.699999999999999,4.300000000000001,7,Villain,0.28448958482061115,0.3238780562366758
3,-4.999999999999998,-4.999999999999998,50,None,0.38248121753335,0.3862461818754673
4,-4.999999999999998,-4.999999999999998,50,None,0.4163618579506874,0.3593433707952499
5,-4.999999999999998,-4.999999999999998,50,None,0.43979900792241094,0.3658806044608355
6,-7.2,2.8,22,Villain,0.403256491842595,0.35340802947228606
7,-9.200000000000001,0.7999999999999989,42,Villain,0.25311973726465586,0.3483630715026742
8,-7.5,2.4999999999999996,25,Villain,0.4129508438706398,0.3902348253130913
9,-4.999999999999998,-4.999999999999998,50,None,0.291147877573967,0.38380920499563215
10,-4.999999999999998,-4.999999999999998,50,None,0.36072506502270696,0.3901489341259003
11,-4.999999999999998,-4.999999999999998,50,None,0.3347678983211517,0.4093839019536972
12,-4.999999999999998,-4.999999999999998,50,None,0.37091513454914093,0.37818939477205277
13,-4.999999999999998,-4.999999999999998,50,None,0.4842685267329216,0.35609142705798147
14,-4.999999999999998,-4.999999999999998,50,None,0.4102366851270199,0.32505696177482607
15,-4.999999999999998,-4.999999999999998,50,None,0.46957710683345794,0.3034827554225922
16,-4.999999999999998,-4.999999999999998,50,None,0.39227589190006257,0.3097620888054371
17,-4.999999999999998,-4.999999999999998,50,None,0.6093860241398216,0.2796374398469925
18,-4.999999999999998,-4.999999999999998,50,None,0.5634964286535978,0.2774684330821037
19,-4.999999999999998,-4.999999999999998,50,None,0.373553706407547,0.3250865510106087
20,-4.999999999999998,-4.999999999999998,50,None,0.42981187514960767,0.263516962826252
21,-4.999999999999998,-4.999999999999998,50,None,0.4433596967160702,0.25990003764629366
22,-4.999999999999998,-4.999999999999998,50,None,0.45184614427387715,0.27515628963708877
23,-4.999999999999998,-4.999999999999998,50,None,0.31837573677301406,0.3630630299448967
24,-7.4,2.5999999999999996,24,Villain,0.3722791817660133,0.3719758279621601
25,-4.999999999999998,-4.999999999999998,50,None,0.4436812800914049,0.6547677390277385
26,-4.999999999999998,-4.999999999999998,50,None,0.35022408798336985,0.4095203183591366
27,-4.999999999999998,-4.999999999999998,50,None,0.2946795663237572,0.3739852237701416
28,-8.200000000000001,1.799999999999999,32,Villain,0.34230316895991564,0.4258706751279533
29,-4.999999999999998,-4.999999999999998,50,None,0.4028019225597382,0.3526537837088108
30,-4.999999999999998,-4.999999999999998,50,None,0.31711245894432066,0.4052517893910408
31,-8.0,1.9999999999999991,30,Villain,0.39129081666469573,0.3915239967405796
32,-4.999999999999998,-4.999999999999998,50,None,0.38039261944592,0.3238393548130989
33,-5.8999999999999995,4.1000000000000005,9,Villain,0.45076678941647214,0.5110607023040453
34,-6.7,3.3,17,Villain,0.4216474250835531,0.48788074886097627
35,-6.9,3.0999999999999996,19,Villain,0.4965977053108968,0.47256702968948766
36,-6.3,3.7,13,Villain,0.5160210069555503,0.45803562523080754
37,-4.999999999999998,-4.999999999999998,50,None,0.3643547840416431,0.5796838953346014
38,-7.9,2.099999999999999,29,Villain,0.35408873043569,0.42907878628064844
39,-6.5,3.5,15,Villain,0.3994481275478999,0.5507088268796603
40,-5.699999999999999,4.300000000000001,7,Villain,0.39517343044281006,0.406466007232666
41,-7.1,2.9,21,Villain,0.4502135082369759,0.5103520460958991
42,-4.999999999999998,-4.999999999999998,50,None,0.3830525702238083,0.6686532155238092
43,-4.999999999999998,-4.999999999999998,50,None,0.3667088308930397,0.687111925240606
44,-9.5,0.5,45,Villain,0.3424579187399811,0.4705121590031518
45,-7.300000000000001,2.6999999999999997,23,Villain,0.35564959761889087,0.43879971183512523
46,-4.999999999999998,-4.999999999999998,50,None,0.36774221286177633,0.516213343590498
47,-4.999999999999998,-4.999999999999998,50,None,0.3142820537090302,0.6794754320383072
48,-4.999999999999998,-4.999999999999998,50,None,0.42047113463282587,0.8810348735749721
49,-7.300000000000001,2.6999999999999997,23,Villain,0.45330888097700867,0.654539641154849
50,-4.999999999999998,-4.999999999999998,50,None,0.337951091080904,0.6359537325054407
51,-9.4,0.5999999999999996,44,Villain,0.34968787702647125,0.5152275931428779
52,-7.800000000000001,2.1999999999999993,28,Villain,0.3508275636205716,0.4532787243702582
53,-4.999999999999998,-4.999999999999998,50,None,0.432004232108593,0.8809440186060965
54,-6.3999999999999995,3.6000000000000005,14,Villain,0.4724062351243837,0.5031790946211133
55,-8.400000000000002,1.5999999999999988,34,Villain,0.3155894687070566,0.6063102827790905
56,-4.999999999999998,-4.999999999999998,50,None,0.30852102756500244,0.5946338568627835
57,-6.6,3.4000000000000004,16,Villain,0.6000682320445776,0.5323373740538955
58,-7.0,3.0,20,Villain,0.3734480030834675,0.4293895162642002
59,-7.4,2.5999999999999996,24,Villain,0.3260887845729788,0.41717496141791344
60,3.2,-6.8,18,Hero,0.49859210362450945,0.6547508976525731
61,-6.5,3.5,15,Villain,0.34616590589284896,0.4709000289440155
62,-7.0,3.0,20,Villain,0.36360701620578767,0.4279023949056864
63,1.899999999999999,-8.100000000000001,31,Hero,0.7737748976196012,0.6412463132892886
64,1.3999999999999986,-8.600000000000001,36,Hero,0.5742277609080904,0.6056544100865722
65,2.5999999999999996,-7.4,24,Hero,0.7352230274118483,0.5028370177994171
66,3.4000000000000004,-6.6,16,Hero,0.4172123442403972,0.6679986190283671
67,-5.3999999999999995,4.6000000000000005,4,Villain,0.5517323762178421,0.9885721504688263
68,1.799999999999999,-8.200000000000001,32,Hero,0.4167798449052498,0.5011736548040062
69,3.0999999999999996,-6.9,19,Hero,0.4620595080287833,0.4854404855715601
70,4.5,-5.5,5,Hero,0.5090331792831421,0.5695822834968567
71,4.4,-5.6,6,Hero,0.5287231678764025,0.5499794632196426
72,4.5,-5.5,5,Hero,0.5532899260520935,0.8317165613174439
73,4.2,-5.8,8,Hero,0.6333115957677364,0.9838231950998306
74,3.9000000000000004,-6.1,11,Hero,0.5770832706581462,0.9936742620034651
75,3.9000000000000004,-6.1,11,Hero,0.5473221770741723,0.7185443251986395
76,4.6000000000000005,-5.3999999999999995,4,Hero,0.912874236702919,0.9931481033563614
77,3.6000000000000005,-6.3999999999999995,14,Hero,0.7045826635190419,0.8580801210233143
78,1.899999999999999,-8.100000000000001,31,Hero,0.7285956009741752,0.9631975389746649
79,2.4999999999999996,-7.5,25,Hero,0.7248298352956772,0.993197636604309
80,-4.999999999999998,-4.999999999999998,50,None,0.8271007128059864,0.9749183038715273
81,-4.999999999999998,-4.999999999999998,50,None,0.8606893600523472,0.994068945646286
82,-4.999999999999998,-4.999999999999998,50,None,0.9255735529959201,0.9925203812122345
83,-4.999999999999998,-4.999999999999998,50,None,0.9880148720741272,0.9460440387576818
84,-4.999999999999998,-4.999999999999998,50,None,0.8662976522743702,0.9687262856122106
85,-4.999999999999998,-4.999999999999998,50,None,0.8711831361800432,0.9695034847268835
86,-4.999999999999998,-4.999999999999998,50,None,0.922418935932219,0.9705140702053905
87,-4.999999999999998,-4.999999999999998,50,None,0.9054918515309691,0.939832738339901
88,-4.999999999999998,-4.999999999999998,50,None,0.9117201946116984,0.9045313456654549
89,-4.999999999999998,-4.999999999999998,50,None,0.90129988104105,0.9519439441338181
90,-4.999999999999998,-4.999999999999998,50,None,0.9679221904277802,0.9609139706753195
91,-4.999999999999998,-4.999999999999998,50,None,0.9175602599978447,0.9662909854296595
92,-4.999999999999998,-4.999999999999998,50,None,0.9547724565863609,0.9647974850982428
93,-4.999999999999998,-4.999999999999998,50,None,0.9683121925219893,0.9635223305225372
94,-4.999999999999998,-4.999999999999998,50,None,0.8982285548746586,0.9323908258229494
95,-4.999999999999998,-4.999999999999998,50,None,0.989994558095932,0.95797659013886
96,-4.999999999999998,-4.999999999999998,50,None,0.9536677788197995,0.9587310308218002
97,-4.999999999999998,-4.999999999999998,50,None,0.9057738856971264,0.9453023934364319
98,-4.999999999999998,-4.999999999999998,50,None,0.9746708012372255,0.9335473914816975
99,-5.5,4.5,5,Villain,0.9119707584381104,0.8039346218109131
100,-4.999999999999998,-4.999999999999998,50,None,0.9738654094934464,0.8572408168017864
101,-4.999999999999998,-4.999999999999998,50,None,0.852321460545063,0.9353370930626989
102,-4.999999999999998,-4.999999999999998,50,None,0.87926105029881,0.963991471529007
103,-4.999999999999998,-4.999999999999998,50,None,0.9917225182056427,0.8087171597965062
104,-4.999999999999998,-4.999999999999998,50,None,0.9781646403251216,0.8864271873235703
105,-4.999999999999998,-4.999999999999998,50,None,0.9519543940387666,0.945111451074481
106,-4.999999999999998,-4.999999999999998,50,None,0.9990440404415131,0.8729555621743202
107,4.6000000000000005,-5.3999999999999995,4,Hero,0.9999144971370697,0.5684153735637665
108,-4.999999999999998,-4.999999999999998,50,None,0.9194997410848736,0.89732328414917
109,-4.999999999999998,-4.999999999999998,50,None,0.9174887187033892,0.7540537216700613
110,-4.999999999999998,-4.999999999999998,50,None,0.9493772032298148,0.7940369509160519
111,-5.3,4.7,3,Villain,0.9754859407742819,0.8052485386530558
112,-4.999999999999998,-4.999999999999998,50,None,0.9389346954971551,0.8493631034344434
113,-4.999999999999998,-4.999999999999998,50,None,0.9326786858588457,0.9794666492938995
114,-4.999999999999998,-4.999999999999998,50,None,0.9043241386115551,0.9934397029876709
115,-4.999999999999998,-4.999999999999998,50,None,0.8626209316775203,0.9545496132969856
116,-4.999999999999998,-4.999999999999998,50,None,0.9131048972159624,0.9970901465415954
117,-4.999999999999998,-4.999999999999998,50,None,0.9912736570835113,0.9565944916009903
118,-4.999999999999998,-4.999999999999998,50,None,0.9992995548248291,0.9594023311138153
119,-4.999999999999998,-4.999999999999998,50,None,0.9974431312084198,0.9591930937860161
120,-4.999999999999998,-4.999999999999998,50,None,0.9979820942878723,0.9790166628360748
121,-4.999999999999998,-4.999999999999998,50,None,0.9983413672447204,0.9353110951581038
122,-4.999999999999998,-4.999999999999998,50,None,0.9245717057585716,0.9994900238513946
123,-4.999999999999998,-4.999999999999998,50,None,0.9280342218652368,0.9990758550167084
124,-4.999999999999998,-4.999999999999998,50,None,0.8898155658692122,0.9992833733558655
125,-4.999999999999998,-4.999999999999998,50,None,0.9984591376781463,0.9971409690380096
126,-4.999999999999998,-4.999999999999998,50,None,0.9954837846755982,0.9784254297334701
127,-4.999999999999998,-4.999999999999998,50,None,0.9458082555234433,0.997670704126358
128,-4.999999999999998,-4.999999999999998,50,None,0.9194377516955137,0.9988693499565124
129,4.5,-5.5,5,Hero,0.9998396158218383,0.9626451134681702
130,-4.999999999999998,-4.999999999999998,50,None,0.9012194899842143,0.9792035758495331
131,-4.999999999999998,-4.999999999999998,50,None,0.906361475661397,0.9775851464271545
132,-4.999999999999998,-4.999999999999998,50,None,0.866325441300869,0.9993971824645996
133,-4.999999999999998,-4.999999999999998,50,None,0.9929920411109925,0.9798510217666626
134,-4.999999999999998,-4.999999999999998,50,None,0.9668913416191935,0.9992190408706665
135,-4.999999999999998,-4.999999999999998,50,None,0.9990097451210022,0.945920293033123
136,-4.999999999999998,-4.999999999999998,50,None,0.9227417425811291,0.9987178564071655
137,-4.999999999999998,-4.999999999999998,50,None,0.9497173833847046,0.9981617498397827
138,-4.999999999999998,-4.999999999999998,50,None,0.9404240891709924,0.9976071631908416
139,-4.999999999999998,-4.999999999999998,50,None,0.9931479239463806,0.9412267140578479
140,-4.999999999999998,-4.999999999999998,50,None,0.9936776316165924,0.9936135947704315
141,-5.8,4.2,8,Villain,0.9785474613308907,0.9999834448099136
142,-4.999999999999998,-4.999999999999998,50,None,0.8851220005750656,0.9969435679912567
143,-4.999999999999998,-4.999999999999998,50,None,0.9397512657940388,0.9794539274810813
144,-4.999999999999998,-4.999999999999998,50,None,0.9432822068408132,0.999542908668518
145,4.800000000000001,-5.199999999999999,2,Hero,0.9998383224010468,0.9950630366802216
146,-4.999999999999998,-4.999999999999998,50,None,0.906817786693573,0.9518035852909088
147,-4.999999999999998,-4.999999999999998,50,None,0.8395686398958787,0.999086012840271
148,-4.999999999999998,-4.999999999999998,50,None,0.9853646290302277,0.9772392410039902
149,-4.999999999999998,-4.999999999999998,50,None,0.9140221505612135,0.999670559167862
150,-4.999999999999998,-4.999999999999998,50,None,0.9687384128198028,0.9788887406163849
151,-4.999999999999998,-4.999999999999998,50,None,0.8683401465043425,0.930560830682516
152,-4.999999999999998,-4.999999999999998,50,None,0.9797021842002869,0.9975605750083923
153,-4.999999999999998,-4.999999999999998,50,None,0.972633676752448,0.999296064376831
154,-4.999999999999998,-4.999999999999998,50,None,0.9984647285938263,0.964173863530159
155,-4.999999999999998,-4.999999999999998,50,None,0.8578195960447192,0.9983739900588989
156,-4.999999999999998,-4.999999999999998,50,None,0.8216293535381556,0.9994726061820984
157,-4.999999999999998,-4.999999999999998,50,None,0.8541935196518898,0.9947530698776245
158,-4.999999999999998,-4.999999999999998,50,None,0.9991934037208557,0.9606810092926026
159,-4.999999999999998,-4.999999999999998,50,None,0.9894788563251495,0.99425483584404
160,0.5,-9.5,45,Hero,0.9502703105823861,0.9993053476015726
161,-4.999999999999998,-4.999999999999998,50,None,0.950274703335017,0.9981621766090393
162,-4.999999999999998,-4.999999999999998,50,None,0.9492236699908971,0.9970656549930572
163,4.7,-5.3,3,Hero,0.9985346794128418,0.9727806647618612
164,2.1999999999999993,-7.800000000000001,28,Hero,0.9153597576743258,0.9991841252361026
165,3.7,-6.3,13,Hero,0.90106681189858,0.9969161382088294
166,4.6000000000000005,-5.3999999999999995,4,Hero,0.7451819460839033,0.9994948655366898
167,1.0999999999999983,-8.900000000000002,39,Hero,0.9635283090651799,0.9663578247030576
168,3.0,-7.0,20,Hero,0.5722137734293937,0.9989124894142151
169,0.10000000000000142,-9.899999999999999,49,Hero,0.8997522569736656,0.9980746945556329
170,-4.999999999999998,-4.999999999999998,50,None,0.7917044289410115,0.9897646248340607
171,4.0,-6.0,10,Hero,0.8331410229206085,0.9743385791778565
172,3.3,-6.7,17,Hero,0.6598645737942528,0.8590215395259506
173,2.4999999999999996,-7.5,25,Hero,0.6134131336212159,0.999197735786438
174,4.9,-5.1,1,Hero,0.748359203338623,0.9979117512702942
175,3.9000000000000004,-6.1,11,Hero,0.6948402144692161,0.9996906085447832
176,1.6999999999999988,-8.3,33,Hero,0.7005075408202229,0.9997644514748545
177,-4.999999999999998,-4.999999999999998,50,None,0.8643089254200459,0.9783799910545349
178,3.0,-7.0,20,Hero,0.5837311586365104,0.9998685419559479
179,-4.999999999999998,-4.999999999999998,50,None,0.9232589754462243,0.9978043818473816
180,3.0999999999999996,-6.9,19,Hero,0.753985373597396,0.9998243513860201
181,-4.999999999999998,-4.999999999999998,50,None,0.99029132604599,0.9992373526096344
182,-4.999999999999998,-4.999999999999998,50,None,0.897716421186924,0.9792884126544231
183,-4.999999999999998,-4.999999999999998,50,None,0.7940422713011503,0.9608052745833993
184,-4.999999999999998,-4.999999999999998,50,None,0.9797917711734772,0.9356213016342372
185,3.3,-6.7,17,Hero,0.5896077283165034,0.9979560655706069
186,1.799999999999999,-8.200000000000001,32,Hero,0.948331983294338,0.9969769567251205
187,3.6000000000000005,-6.3999999999999995,14,Hero,0.6172566541603633,0.9999270268848964
188,2.5999999999999996,-7.4,24,Hero,0.7089683820183078,0.9995383967955908
189,3.8000000000000007,-6.199999999999999,12,Hero,0.6766761125375828,0.9033681750297546
190,-4.999999999999998,-4.999999999999998,50,None,0.7913772240653634,0.9953025841712951
191,2.8,-7.2,22,Hero,0.6680313971909609,0.9991784691810608
192,4.2,-5.8,8,Hero,0.6637517102062702,0.9504188075661659
193,4.1000000000000005,-5.8999999999999995,9,Hero,0.6842177444034152,0.999519493844774
194,3.5,-6.5,15,Hero,0.7628291428089142,0.9991979718208313
195,2.1999999999999993,-7.800000000000001,28,Hero,0.7079188147825854,0.9598617945531649
196,4.7,-5.3,3,Hero,0.39391645540793735,0.9999668200810751
197,3.4000000000000004,-6.6,16,Hero,0.5643072444945574,0.8531708642840385
198,4.1000000000000005,-5.8999999999999995,9,Hero,0.573489808373981,0.9776902861065335
199,4.7,-5.3,3,Hero,0.6480666399002075,0.9990497628847758
200,4.1000000000000005,-5.8999999999999995,9,Hero,0.5502761072582669,0.9975717531310188
201,4.6000000000000005,-5.3999999999999995,4,Hero,0.5523315742611885,0.9956496357917786
202,3.5,-6.5,15,Hero,0.5738746931155523,0.877728870138526
203,3.8000000000000007,-6.199999999999999,12,Hero,0.7011736035346985,0.810020866493384
204,-4.999999999999998,-4.999999999999998,50,None,0.9933056354522705,0.997868206501007
205,3.0999999999999996,-6.9,19,Hero,0.9062366232668099,0.997921485649912
206,3.4000000000000004,-6.6,16,Hero,0.6079816352576017,0.8433232558891177
207,4.4,-5.6,6,Hero,0.38368479534983635,0.983609696229299
208,4.7,-5.3,3,Hero,0.944062610467275,0.9932411114374796
209,4.0,-6.0,10,Hero,0.6113250508904458,0.9544523477554321
210,-5.199999999999999,4.800000000000001,2,Villain,0.2187989354133606,0.492922842502594
211,3.2,-6.8,18,Hero,0.4952641057057513,0.7138845357629988
212,2.3999999999999995,-7.6000000000000005,26,Hero,0.5625127777457237,0.6020432103138703
213,2.9,-7.1,21,Hero,0.6349733230613527,0.7197005142058645
214,2.6999999999999997,-7.300000000000001,23,Hero,0.6393593018469603,0.7990181135094684
215,3.8000000000000007,-6.199999999999999,12,Hero,0.6619750236471494,0.6978193589796623
216,3.9000000000000004,-6.1,11,Hero,0.6768231933767145,0.7294802381233736
217,3.4000000000000004,-6.6,16,Hero,0.7484667990356684,0.5578297430402017
218,3.7,-6.3,13,Hero,0.6997588998996295,0.9306265849333543
219,3.7,-6.3,13,Hero,0.8187632331481347,0.4585484197506538
220,3.6000000000000005,-6.3999999999999995,14,Hero,0.7863721166338239,0.8562277214867728
221,3.4000000000000004,-6.6,16,Hero,0.6500292755663395,0.7744077555835247
222,4.0,-6.0,10,Hero,0.895264308154583,0.7402585089206696
223,3.9000000000000004,-6.1,11,Hero,0.6583714945749803,0.7831574515862898
224,4.300000000000001,-5.699999999999999,7,Hero,0.8385209270886013,0.7799970890794482
225,4.0,-6.0,10,Hero,0.8861696209758521,0.8372899979352951
226,3.6000000000000005,-6.3999999999999995,14,Hero,0.6140173019043037,0.8164792843163013
227,4.300000000000001,-5.699999999999999,7,Hero,0.9630017365728106,0.867098833833422
228,3.9000000000000004,-6.1,11,Hero,0.7215696342966773,0.845944344997406
229,-5.199999999999999,4.800000000000001,2,Villain,0.5596717000007629,0.9669316411018372
230,-5.1,4.9,1,Villain,0.9865589141845703,0.9962413311004639
231,3.9000000000000004,-6.1,11,Hero,0.6324245103380897,0.8151147324930538
232,4.1000000000000005,-5.8999999999999995,9,Hero,0.9882689714431763,0.7680936571624544
233,2.099999999999999,-7.9,29,Hero,0.9170180840481972,0.8947708599012474
234,4.300000000000001,-5.699999999999999,7,Hero,0.9794291513306754,0.9988760692732674
235,4.5,-5.5,5,Hero,0.6129630386829377,0.9955028891563416
236,3.9000000000000004,-6.1,11,Hero,0.7215957858345725,0.9165358380837874
237,3.7,-6.3,13,Hero,0.6965340375900269,0.8803396362524766
238,2.4999999999999996,-7.5,25,Hero,0.7020388668775559,0.9436121928691864
239,3.8000000000000007,-6.199999999999999,12,Hero,0.58939911176761,0.9994181593259176
240,2.9,-7.1,21,Hero,0.5832639180478596,0.9996832893008277
241,2.4999999999999996,-7.5,25,Hero,0.8396346646547318,0.8630488935112953
242,4.300000000000001,-5.699999999999999,7,Hero,0.927153502191816,0.8916513579232352
243,-4.999999999999998,-4.999999999999998,50,None,0.936404120400548,0.8671284728497267
244,3.0999999999999996,-6.9,19,Hero,0.8128584027290344,0.8360073244885394
245,3.8000000000000007,-6.199999999999999,12,Hero,0.643546757598718,0.9987676491340002
246,4.9,-5.1,1,Hero,0.13957230746746063,0.9994791150093079
247,4.300000000000001,-5.699999999999999,7,Hero,0.6739711889198848,0.9996007936341422
248,3.5,-6.5,15,Hero,0.8212318331003189,0.8526100903749466
249,3.9000000000000004,-6.1,11,Hero,0.5409410040486943,0.7958724498748779
250,3.8000000000000007,-6.199999999999999,12,Hero,0.6703288635859886,0.9215612063805262
251,3.6000000000000005,-6.3999999999999995,14,Hero,0.7014087282420535,0.8701227541480746
252,3.6000000000000005,-6.3999999999999995,14,Hero,0.5270212590694427,0.9996136256626674
253,4.1000000000000005,-5.8999999999999995,9,Hero,0.8763595877422227,0.9290029406547546
254,3.7,-6.3,13,Hero,0.8480847048071715,0.8198926253960683
255,4.9,-5.1,1,Hero,0.42598143219947815,0.8083593845367432
256,3.6000000000000005,-6.3999999999999995,14,Hero,0.6601753769708532,0.8842349137578692
257,3.7,-6.3,13,Hero,0.8417962835385249,0.7916675691421216
258,4.1000000000000005,-5.8999999999999995,9,Hero,0.9978058536847433,0.7306412168674998
259,4.2,-5.8,8,Hero,0.9959261044859886,0.806593656539917
260,3.9000000000000004,-6.1,11,Hero,0.7798188355836001,0.7392093054950237
261,4.5,-5.5,5,Hero,0.9785903811454773,0.8323820471763611
262,4.2,-5.8,8,Hero,0.9990434125065804,0.8751966925337911
263,3.8000000000000007,-6.199999999999999,12,Hero,0.897251769900322,0.9137821619709333
264,4.0,-6.0,10,Hero,0.778977119922638,0.7355906598269939
265,4.1000000000000005,-5.8999999999999995,9,Hero,0.6668361723423004,0.5175183018048605
266,4.2,-5.8,8,Hero,0.6270627416670322,0.8349242657423019
267,3.7,-6.3,13,Hero,0.6253017083956645,0.9623188238877517
268,3.5,-6.5,15,Hero,0.7037075678507487,0.757089896996816
269,3.3,-6.7,17,Hero,0.9129851600703072,0.7362854704260826
270,3.0,-7.0,20,Hero,0.5776139855384826,0.8971665598452091
271,4.5,-5.5,5,Hero,0.6144381284713745,0.9135472416877747
272,3.5,-6.5,15,Hero,0.8032036870718002,0.8065406575798988
273,-5.3,4.7,3,Villain,0.9875145355860392,0.9996585448582967
274,3.7,-6.3,13,Hero,0.6257451337117416,0.7708380394257032
275,4.5,-5.5,5,Hero,0.567538720369339,0.7843858003616333
276,-5.199999999999999,4.800000000000001,2,Villain,0.6057105958461761,0.8684284090995789
277,4.300000000000001,-5.699999999999999,7,Hero,0.9764600651604789,0.9564142652920314
278,3.8000000000000007,-6.199999999999999,12,Hero,0.6146422922611237,0.692539818584919
279,2.3999999999999995,-7.6000000000000005,26,Hero,0.9053363553606547,0.6375439614057541
280,4.5,-5.5,5,Hero,0.6204646974802017,0.956900441646576
281,3.0,-7.0,20,Hero,0.5156649373471737,0.670837688818574
282,3.8000000000000007,-6.199999999999999,12,Hero,0.7176069766283035,0.8538242975870768
283,4.2,-5.8,8,Hero,0.999982938170433,0.9927925616502762
284,3.9000000000000004,-6.1,11,Hero,0.8355600562962618,0.9240363836288452
285,3.7,-6.3,13,Hero,0.7708351772565109,0.7731979042291641
286,3.8000000000000007,-6.199999999999999,12,Hero,0.8615305895606676,0.9961374501387278
287,4.800000000000001,-5.199999999999999,2,Hero,0.5089367367327213,0.9918925762176514
288,2.8,-7.2,22,Hero,0.8341448415409435,0.7608238810842688
289,3.3,-6.7,17,Hero,0.6681731443728923,0.9074317988227395
290,-5.3,4.7,3,Villain,0.29218789935112,0.770340104897817
291,2.9,-7.1,21,Hero,0.5315597823687962,0.7293470826975647
292,2.3999999999999995,-7.6000000000000005,26,Hero,0.8381826198444917,0.8072132620100791
293,4.4,-5.6,6,Hero,0.709107240041097,0.6991644849379858
294,3.2,-6.8,18,Hero,0.7093663381205665,0.9400266425477134
295,2.6999999999999997,-7.300000000000001,23,Hero,0.4885932757802632,0.7881474656903226
296,4.6000000000000005,-5.3999999999999995,4,Hero,0.9866490960121155,0.9997564256191254
297,3.7,-6.3,13,Hero,0.5443493013198559,0.7515084239152762
298,3.5,-6.5,15,Hero,0.6259058843056361,0.8039400756359101
299,4.0,-6.0,10,Hero,0.79294004291296,0.9758522510528564
300,3.9000000000000004,-6.1,11,Hero,0.5753401219844818,0.8067034943537279
301,-4.999999999999998,-4.999999999999998,50,None,0.9976231300830841,0.7976344791054726
302,4.4,-5.6,6,Hero,0.9971813162167867,0.9987792174021403
303,4.1000000000000005,-5.8999999999999995,9,Hero,0.6502480130228732,0.9100415971544054
304,4.4,-5.6,6,Hero,0.49663566797971725,0.7641056875387827
305,3.3,-6.7,17,Hero,0.5678007928106714,0.668948787593228
306,3.5,-6.5,15,Hero,0.6783822495490313,0.8019679506619771
307,4.2,-5.8,8,Hero,0.7503894418478012,0.7118807770311832
308,4.1000000000000005,-5.8999999999999995,9,Hero,0.9455378519164191,0.998706062634786
309,3.7,-6.3,13,Hero,0.6517526897100302,0.6808660259613624
310,3.9000000000000004,-6.1,11,Hero,0.7732439068230715,0.778642705895684
311,3.7,-6.3,13,Hero,0.68672659018865,0.8709803773806646
312,4.300000000000001,-5.699999999999999,7,Hero,0.9956399202346802,0.9700254372188023
313,4.9,-5.1,1,Hero,0.9822427034378052,0.8070010542869568
314,4.1000000000000005,-5.8999999999999995,9,Hero,0.5923538986179564,0.7587507905231582
315,-5.3,4.7,3,Villain,0.9055701096852621,0.9985219637552897
316,3.8000000000000007,-6.199999999999999,12,Hero,0.6764241928855578,0.8218363225460052
317,4.7,-5.3,3,Hero,0.6430338888118664,0.7459355394045512
318,3.6000000000000005,-6.3999999999999995,14,Hero,0.6055193373135158,0.9227923836026873
319,-4.999999999999998,-4.999999999999998,50,None,0.9787564039230346,0.9983073902130127
320,-5.5,4.5,5,Villain,0.9257968664169312,0.8712288439273834
321,-6.199999999999999,3.8000000000000007,12,Villain,0.9471642424662908,0.7553037401133528
322,4.1000000000000005,-5.8999999999999995,9,Hero,0.8038058347172208,0.9996294577916464
323,3.0999999999999996,-6.9,19,Hero,0.6390878997350994,0.9146822769390909
324,4.800000000000001,-5.199999999999999,2,Hero,0.9050771296024323,0.9999431371688843
325,4.7,-5.3,3,Hero,0.9949842095375061,0.999882181485494
326,2.099999999999999,-7.9,29,Hero,0.6791860420128395,0.7650461340772694
327,3.2,-6.8,18,Hero,0.6640006295508809,0.9191187404923968
328,3.7,-6.3,13,Hero,0.7279016558940594,0.8505283605593902
329,4.800000000000001,-5.199999999999999,2,Hero,0.8643607497215271,0.9999557137489319
330,4.4,-5.6,6,Hero,0.9961369434992472,0.999842623869578
331,4.300000000000001,-5.699999999999999,7,Hero,0.9965331554412842,0.9998392803328378
332,1.799999999999999,-8.200000000000001,32,Hero,0.6282337862066925,0.6995656059589237
333,2.3999999999999995,-7.6000000000000005,26,Hero,0.7308495686604426,0.9854530325302711
334,3.6000000000000005,-6.3999999999999995,14,Hero,0.6086524863328252,0.7803690092904227
335,4.5,-5.5,5,Hero,0.6408209264278412,0.9986483812332153
336,3.6000000000000005,-6.3999999999999995,14,Hero,0.732398761170251,0.8477078889097486
337,3.5,-6.5,15,Hero,0.5732029249270757,0.825095620964809
338,-5.6,4.4,6,Villain,0.3049785966674487,0.6418803706765175
339,3.8000000000000007,-6.199999999999999,12,Hero,0.8322458937764168,0.91936161617438
340,4.300000000000001,-5.699999999999999,7,Hero,0.8457392081618309,0.8730492166110447
341,3.3,-6.7,17,Hero,0.6775077239555471,0.7467592656612396
342,4.2,-5.8,8,Hero,0.8223186433315277,0.9196367189288139
343,3.2,-6.8,18,Hero,0.7717331366406547,0.90328851621598
344,4.0,-6.0,10,Hero,0.6087134659290314,0.8884385049343109
345,2.1999999999999993,-7.800000000000001,28,Hero,0.6460493260196277,0.9553337501628059
346,4.300000000000001,-5.699999999999999,7,Hero,0.6598616072109768,0.7724929707390922
347,2.6999999999999997,-7.300000000000001,23,Hero,0.7063155494954275,0.9157379710155985
348,4.1000000000000005,-5.8999999999999995,9,Hero,0.8925120052364137,0.9172726737128364
349,3.9000000000000004,-6.1,11,Hero,0.6956649747761813,0.8661910863910717
350,3.7,-6.3,13,Hero,0.7665288981336814,0.9359766084414262
351,4.0,-6.0,10,Hero,0.6473047375679016,0.6510366261005401
352,4.9,-5.1,1,Hero,0.8538098335266113,0.9183472394943237
353,1.2999999999999985,-8.700000000000001,37,Hero,0.5036080803822827,0.7720671682492704
354,0.40000000000000036,-9.6,46,Hero,0.7746731671302215,0.9989480026390242
355,4.6000000000000005,-5.3999999999999995,4,Hero,0.6989127099514008,0.9845786243677139
356,3.7,-6.3,13,Hero,0.7646135504429157,0.8390011993738321
357,4.1000000000000005,-5.8999999999999995,9,Hero,0.7317690460218323,0.7692995303206973
358,4.2,-5.8,8,Hero,0.7637131158262491,0.9970613047480583
359,3.6000000000000005,-6.3999999999999995,14,Hero,0.7929423898458481,0.8509736337832042
360,3.9000000000000004,-6.1,11,Hero,0.9128144545988603,0.9433806050907482
361,4.2,-5.8,8,Hero,0.8125074040144682,0.7940959352999926
362,4.1000000000000005,-5.8999999999999995,9,Hero,0.6972832712862227,0.7698653141657511
363,4.1000000000000005,-5.8999999999999995,9,Hero,0.669748928811815,0.7280245626138316
364,3.9000000000000004,-6.1,11,Hero,0.7820224084637382,0.6968305632472038
365,4.300000000000001,-5.699999999999999,7,Hero,0.8651224161897387,0.8661050455910819
366,3.9000000000000004,-6.1,11,Hero,0.779295804825696,0.7735633853484284
367,4.1000000000000005,-5.8999999999999995,9,Hero,0.8072594834698571,0.9245344930224948
368,4.5,-5.5,5,Hero,0.5527085304260254,0.9068071365356445
369,4.4,-5.6,6,Hero,0.6858155354857445,0.9936506052811941
370,4.2,-5.8,8,Hero,0.8411193564534187,0.8251053765416145
371,4.800000000000001,-5.199999999999999,2,Hero,0.5148835852742195,0.8469040095806122
372,4.2,-5.8,8,Hero,0.855328768491745,0.7804841808974743
373,4.1000000000000005,-5.8999999999999995,9,Hero,0.9769907659954495,0.9891390403111776
374,3.7,-6.3,13,Hero,0.7201127318235544,0.732054210626162
375,3.4000000000000004,-6.6,16,Hero,0.916995607316494,0.8937515483121388
376,2.4999999999999996,-7.5,25,Hero,0.5167118953168393,0.775382000207901
377,3.3,-6.7,17,Hero,0.6755739077925682,0.9355116907288047
378,4.2,-5.8,8,Hero,0.6948379762470722,0.7061156360432506
379,3.7,-6.3,13,Hero,0.6061061448775805,0.730764260658851
380,3.6000000000000005,-6.3999999999999995,14,Hero,0.5276818163692951,0.7492245201553617
381,4.2,-5.8,8,Hero,0.8117823824286461,0.7915449431166053
382,-5.3,4.7,3,Villain,0.9247066775957743,0.6814349380632242
383,4.1000000000000005,-5.8999999999999995,9,Hero,0.6807406710253822,0.7298077692588171
384,3.9000000000000004,-6.1,11,Hero,0.7938888384537264,0.9899007298729636
385,4.2,-5.8,8,Hero,0.6511555500328541,0.8316278159618378
386,4.4,-5.6,6,Hero,0.6152445524930954,0.7750186771154404
387,4.300000000000001,-5.699999999999999,7,Hero,0.776242903300694,0.9935699445860726
388,3.7,-6.3,13,Hero,0.721151704971607,0.9105547070503235
389,3.6000000000000005,-6.3999999999999995,14,Hero,0.6810562184878758,0.7733925219093051
390,3.5,-6.5,15,Hero,0.5969304402669271,0.7602125316858291
391,2.5999999999999996,-7.4,24,Hero,0.749964656929175,0.8137404350563884
392,3.6000000000000005,-6.3999999999999995,14,Hero,0.6707467032330376,0.9969394079276493
393,3.0999999999999996,-6.9,19,Hero,0.6126139242398111,0.9374640254597915
394,3.0,-7.0,20,Hero,0.9000491917133331,0.8352992063388228
395,3.4000000000000004,-6.6,16,Hero,0.5411355029791594,0.751313537824899
396,3.8000000000000007,-6.199999999999999,12,Hero,0.7057077509040633,0.7892563696950674
397,3.8000000000000007,-6.199999999999999,12,Hero,0.5823438124110302,0.5764590464532375
398,3.7,-6.3,13,Hero,0.6726319468938388,0.7852452380152849
399,4.300000000000001,-5.699999999999999,7,Hero,0.9686037302017212,0.8423820223127093
400,4.800000000000001,-5.199999999999999,2,Hero,0.5881615430116653,0.9998319447040558
401,3.8000000000000007,-6.199999999999999,12,Hero,0.787896861632665,0.9446181853612264
402,3.5,-6.5,15,Hero,0.6240742772817611,0.9804884513219198
403,4.0,-6.0,10,Hero,0.8653383255004883,0.761317165195942
404,4.4,-5.6,6,Hero,0.7508490830659866,0.9996097385883331
405,3.9000000000000004,-6.1,11,Hero,0.7152316516095941,0.9622638875787909
406,2.3999999999999995,-7.6000000000000005,26,Hero,0.65494521936545,0.7463926558311169
407,3.7,-6.3,13,Hero,0.5967709926458505,0.8613074169709132
408,4.1000000000000005,-5.8999999999999995,9,Hero,0.7617551916175418,0.9975879788398743
409,4.6000000000000005,-5.3999999999999995,4,Hero,0.9838141351938248,0.9925325363874435
410,4.0,-6.0,10,Hero,0.8180317968130112,0.9980085790157318
411,4.0,-6.0,10,Hero,0.6018856152892113,0.8736098229885101
412,2.4999999999999996,-7.5,25,Hero,0.49995551988482473,0.8113662594556809
413,4.6000000000000005,-5.3999999999999995,4,Hero,0.5868396796286106,0.673003613948822
414,2.4999999999999996,-7.5,25,Hero,0.5125534742139279,0.8772029136121273
415,3.8000000000000007,-6.199999999999999,12,Hero,0.5627113531033198,0.7655458028117815
416,4.5,-5.5,5,Hero,0.616000872850418,0.999022388458252
417,3.8000000000000007,-6.199999999999999,12,Hero,0.6426279644171397,0.6513122164954742
418,3.8000000000000007,-6.199999999999999,12,Hero,0.650001465032498,0.9907077749570211
419,3.5,-6.5,15,Hero,0.6226445461312929,0.853898270924886
420,3.9000000000000004,-6.1,11,Hero,0.7295530987056819,0.769417174837806
421,4.4,-5.6,6,Hero,0.9911663432916006,0.9955629408359528
422,4.300000000000001,-5.699999999999999,7,Hero,0.7894500579152789,0.5925107938902718
423,1.3999999999999986,-8.600000000000001,36,Hero,0.553656785024537,0.6695666807807155
424,4.4,-5.6,6,Hero,0.7610553602377573,0.9982781012852987
425,2.8,-7.2,22,Hero,0.5079934791746464,0.8447307141667063
426,3.5,-6.5,15,Hero,0.575785780325532,0.6315903608997663
427,4.4,-5.6,6,Hero,0.8376107762257258,0.7057509074608485
428,3.6000000000000005,-6.3999999999999995,14,Hero,0.5811391515391213,0.6574503183364868
429,3.4000000000000004,-6.6,16,Hero,0.5534358425065875,0.8676230157725513
430,3.9000000000000004,-6.1,11,Hero,0.6827297806739807,0.9936624819582159
431,4.1000000000000005,-5.8999999999999995,9,Hero,0.5781902472178141,0.7648859879829817
432,3.7,-6.3,13,Hero,0.8274378432677343,0.7506477958880938
433,-5.1,4.9,1,Villain,0.6796139478683472,0.9999094009399414
434,4.2,-5.8,8,Hero,0.840055450797081,0.9592171534895897
435,4.4,-5.6,6,Hero,0.5528457971910635,0.7883325951794783
436,3.5,-6.5,15,Hero,0.5371053636074066,0.703200430671374
437,3.5,-6.5,15,Hero,0.667079783976078,0.7292693307002386
438,3.2,-6.8,18,Hero,0.6117440737369988,0.9585065046946207
439,3.6000000000000005,-6.3999999999999995,14,Hero,0.6278792593095984,0.7745194602757692
440,4.4,-5.6,6,Hero,0.9994377791881561,0.6922249794006348
441,3.5,-6.5,15,Hero,0.4933292449141542,0.8310176392396291
442,3.8000000000000007,-6.199999999999999,12,Hero,0.6776302369932333,0.7966237540046374
443,4.0,-6.0,10,Hero,0.8535392314195633,0.9774150669574737
444,4.7,-5.3,3,Hero,0.5744035045305887,0.40754178166389465
445,3.7,-6.3,13,Hero,0.5647676458152441,0.8750221798053155
446,3.7,-6.3,13,Hero,0.5542295878896346,0.7949810440723712
447,3.8000000000000007,-6.199999999999999,12,Hero,0.7666227171818415,0.9978566517432531
448,3.4000000000000004,-6.6,16,Hero,0.7106147015001625,0.920883827842772
449,4.0,-6.0,10,Hero,0.8983570337295532,0.9987047851085663
450,3.9000000000000004,-6.1,11,Hero,0.7308239963921633,0.9993226094679399
451,3.6000000000000005,-6.3999999999999995,14,Hero,0.6339529678225517,0.9995797531945365
452,3.4000000000000004,-6.6,16,Hero,0.7683902084827423,0.9992555491626263
453,-6.3999999999999995,3.6000000000000005,14,Villain,0.4133718418223517,0.7624773138335773
454,3.3,-6.7,17,Hero,0.6162127331994912,0.9987985141137067
455,3.8000000000000007,-6.199999999999999,12,Hero,0.4796666841333111,0.9999045133590698
456,3.8000000000000007,-6.199999999999999,12,Hero,0.5656527131795883,0.8882100201832751
457,4.5,-5.5,5,Hero,0.7397626101970672,0.9999396204948425
458,4.0,-6.0,10,Hero,0.7587003529071807,0.7958695679903031
459,4.6000000000000005,-5.3999999999999995,4,Hero,0.8308606147766113,0.9991843998432159
460,4.1000000000000005,-5.8999999999999995,9,Hero,0.8760990500450134,0.741289820935991
461,2.099999999999999,-7.9,29,Hero,0.5410596774569874,0.877273463740431
462,4.9,-5.1,1,Hero,0.9999743700027466,0.9999992847442627
463,4.800000000000001,-5.199999999999999,2,Hero,0.9982192814350128,0.9995304942131042
464,3.6000000000000005,-6.3999999999999995,14,Hero,0.5692410266825131,0.9973208095346179
465,3.3,-6.7,17,Hero,0.6102582036572344,0.931074429084273
466,4.1000000000000005,-5.8999999999999995,9,Hero,0.7382182015313042,0.9995185534159342
467,4.2,-5.8,8,Hero,0.5970388781279325,0.995234489440918
468,3.0,-7.0,20,Hero,0.6127028092741966,0.9901663571596145
469,4.6000000000000005,-5.3999999999999995,4,Hero,0.7063159272074699,0.9183714240789413
470,3.8000000000000007,-6.199999999999999,12,Hero,0.7592298686504364,0.777694083750248
471,4.9,-5.1,1,Hero,0.9966289401054382,0.9995558857917786
472,2.4999999999999996,-7.5,25,Hero,0.8680289775133133,0.9242978179454804
473,1.4999999999999987,-8.500000000000002,35,Hero,0.5017710975903485,0.9998718976974488
474,3.0999999999999996,-6.9,19,Hero,0.5316413139042101,0.9031465767245543
475,3.4000000000000004,-6.6,16,Hero,0.5612199872266501,0.8648606261704117
476,4.0,-6.0,10,Hero,0.5994552746415138,0.9991309762001037
477,3.8000000000000007,-6.199999999999999,12,Hero,0.568547627578179,0.9967771619558334
478,3.6000000000000005,-6.3999999999999995,14,Hero,0.5817749532205718,0.8203242551535368
479,3.5,-6.5,15,Hero,0.590789012114207,0.9966410001118978
480,3.3,-6.7,17,Hero,0.5364010640803505,0.9442056557711433
481,3.7,-6.3,13,Hero,0.7596749113156245,0.9979058458254888
482,3.9000000000000004,-6.1,11,Hero,0.8016250282526016,0.7685278938575224
483,3.9000000000000004,-6.1,11,Hero,0.8527443246407942,0.9929857199842279
484,3.2,-6.8,18,Hero,0.5707035246822569,0.985304594039917
485,4.1000000000000005,-5.8999999999999995,9,Hero,0.999350110689799,0.8358572158548567
486,3.7,-6.3,13,Hero,0.7477794851248081,0.987716060418349
487,3.5,-6.5,15,Hero,0.637889548142751,0.9968885898590087
488,2.5999999999999996,-7.4,24,Hero,0.5615635452171167,0.8978321192165216
489,4.0,-6.0,10,Hero,0.78226557970047,0.8765910387039184
490,3.6000000000000005,-6.3999999999999995,14,Hero,0.7418295932667596,0.9982285073825291
491,4.0,-6.0,10,Hero,0.7855557709932327,0.7777381539344788
492,2.1999999999999993,-7.800000000000001,28,Hero,0.4953851300690855,0.8182603470715029
493,4.800000000000001,-5.199999999999999,2,Hero,0.9992945790290833,0.9490012228488922
494,2.8,-7.2,22,Hero,0.47133878008885816,0.9611147587949579
495,3.7,-6.3,13,Hero,0.8077677671725934,0.9951769709587097
496,3.4000000000000004,-6.6,16,Hero,0.49812794500030577,0.6308912128442898
497,4.4,-5.6,6,Hero,0.8115235567092896,0.7994904965162277
498,1.6999999999999988,-8.3,33,Hero,0.5168167892279047,0.7670363306886319
499,3.2,-6.8,18,Hero,0.5505482968356874,0.8923366607891189
500,3.9000000000000004,-6.1,11,Hero,0.6523522192781622,0.9070935953747142
501,-5.199999999999999,4.800000000000001,2,Villain,0.9981816709041595,0.8391064405441284
502,3.9000000000000004,-6.1,11,Hero,0.8119161237369884,0.9759904633868824
503,4.2,-5.8,8,Hero,0.5445278361439705,0.7094743102788925
504,4.300000000000001,-5.699999999999999,7,Hero,0.6777831869465964,0.918219941002982
505,4.6000000000000005,-5.3999999999999995,4,Hero,0.8905611932277679,0.7464131712913513
506,-6.0,4.0,10,Villain,0.4053002931177616,0.9998204469680786
507,-5.3,4.7,3,Villain,0.9956196943918864,1.0
508,4.7,-5.3,3,Hero,0.6127927303314209,0.9997002283732096
509,4.300000000000001,-5.699999999999999,7,Hero,0.7542563208511898,0.9998104401997158
510,2.6999999999999997,-7.300000000000001,23,Hero,0.47681099046831543,0.8179393637439479
511,1.9999999999999991,-8.0,30,Hero,0.7861042025188605,0.9721154391765594
512,3.7,-6.3,13,Hero,0.692208927984421,0.9572037916917068
513,3.9000000000000004,-6.1,11,Hero,0.6770996099168604,0.7055790410800413
514,1.4999999999999987,-8.500000000000002,35,Hero,0.8956780504967485,0.9862195372581481
515,3.4000000000000004,-6.6,16,Hero,0.563591880723834,0.8711525723338127
516,3.5,-6.5,15,Hero,0.8264590685566267,0.9840448300043741
517,3.9000000000000004,-6.1,11,Hero,0.6798521280288696,0.9797602079131387
518,3.8000000000000007,-6.199999999999999,12,Hero,0.7391843510170778,0.9824455976486206
519,4.6000000000000005,-5.3999999999999995,4,Hero,0.7917068898677826,0.9999653697013855
520,3.4000000000000004,-6.6,16,Hero,0.6035517416894436,0.7009831026407483
521,4.1000000000000005,-5.8999999999999995,9,Hero,0.6352213124434153,0.9911667240990533
522,4.1000000000000005,-5.8999999999999995,9,Hero,0.8773349788453844,0.9998417960272895
523,4.1000000000000005,-5.8999999999999995,9,Hero,0.7824652252925767,0.9998977846569486
524,3.8000000000000007,-6.199999999999999,12,Hero,0.6492183386192968,0.9041238725185394
525,-5.8,4.2,8,Villain,0.40856425277888775,0.9999195337295532
526,4.4,-5.6,6,Hero,0.8625974059104919,0.8229918281237284
527,4.2,-5.8,8,Hero,0.6706282612867653,0.9997590780258179
528,3.9000000000000004,-6.1,11,Hero,0.8648171831261028,0.9998897043141451
529,2.1999999999999993,-7.800000000000001,28,Hero,0.6274095922708511,0.7953939010788288
530,4.800000000000001,-5.199999999999999,2,Hero,0.8783114850521088,0.9999436140060425
531,4.300000000000001,-5.699999999999999,7,Hero,0.7564347599233899,0.9999684861728123
532,3.4000000000000004,-6.6,16,Hero,0.622361408546567,0.9741910174489021
533,-4.999999999999998,-4.999999999999998,50,None,0.41704861015081407,0.9236216082423926
534,4.800000000000001,-5.199999999999999,2,Hero,0.977319985628128,0.9999984502792358
535,2.1999999999999993,-7.800000000000001,28,Hero,0.8072963846581322,0.9200427260782037
536,3.7,-6.3,13,Hero,0.8173234709180318,0.9908798428682181
537,3.0,-7.0,20,Hero,0.6023590462747961,0.7071509793400764
538,-4.999999999999998,-4.999999999999998,50,None,0.9833978962898254,0.970179902240634
539,3.6000000000000005,-6.3999999999999995,14,Hero,0.6883878984621593,0.9845733089106423
540,4.800000000000001,-5.199999999999999,2,Hero,0.988802582025528,0.9999949932098389
541,3.3,-6.7,17,Hero,0.7089072676265941,0.9957206705037285
542,3.6000000000000005,-6.3999999999999995,14,Hero,0.6086596420833043,0.7904184400103986
543,4.5,-5.5,5,Hero,0.6242138147354126,0.9976519823074341
544,0.10000000000000142,-9.899999999999999,49,Hero,0.862001934753997,0.9674488464180304
545,4.300000000000001,-5.699999999999999,7,Hero,0.9684551528521946,0.9998838390622821
546,3.9000000000000004,-6.1,11,Hero,0.6149067838083614,0.9951107231053439
547,-5.5,4.5,5,Villain,0.5339748192578554,1.0
548,3.6000000000000005,-6.3999999999999995,14,Hero,0.739108436873981,0.9998821190425328
549,3.5,-6.5,15,Hero,0.6402048548062642,0.7565758327643076
550,3.5,-6.5,15,Hero,0.574888676404953,0.9089659631252289
551,4.0,-6.0,10,Hero,0.5537122115492821,0.981542432308197
552,3.7,-6.3,13,Hero,0.6948675020382955,0.792055772509999
553,3.6000000000000005,-6.3999999999999995,14,Hero,0.6547082918030875,0.999886155128479
554,2.099999999999999,-7.9,29,Hero,0.5372348557515391,0.8915664240204054
555,4.5,-5.5,5,Hero,0.7900951087474823,0.9999900341033936
556,3.4000000000000004,-6.6,16,Hero,0.6259333898779005,0.9974740780889988
557,2.9,-7.1,21,Hero,0.6167868173548153,0.8697032233079275
558,2.1999999999999993,-7.800000000000001,28,Hero,0.577443728223443,0.9561196405972753
559,4.0,-6.0,10,Hero,0.8914896249771118,0.8147443413734436
560,3.6000000000000005,-6.3999999999999995,14,Hero,0.6197239692722049,0.9951679153101785
561,3.3,-6.7,17,Hero,0.6442437312182259,0.891041611047352
562,4.0,-6.0,10,Hero,0.8651313841342926,0.7813107028603554
563,3.0,-7.0,20,Hero,0.6514039795845747,0.9952636927366256
564,3.5,-6.5,15,Hero,0.6599558562040329,0.8733661810557047
565,3.8000000000000007,-6.199999999999999,12,Hero,0.7000089585781097,0.799956813454628
566,2.099999999999999,-7.9,29,Hero,0.6888508430585779,0.8373318087823433
567,4.6000000000000005,-5.3999999999999995,4,Hero,0.9272734820842743,0.9997205883264542
568,3.0,-7.0,20,Hero,0.5996940970420838,0.9885426491498948
569,4.300000000000001,-5.699999999999999,7,Hero,0.8759152548653739,0.7885863717113223
570,1.9999999999999991,-8.0,30,Hero,0.6384173441678286,0.8812687228123347
571,-5.8,4.2,8,Villain,0.8286677114665508,0.864586004987359
572,3.5,-6.5,15,Hero,0.6471661667029063,0.8078624327977498
573,2.099999999999999,-7.9,29,Hero,0.6905436058496607,0.8287488977456915
574,3.6000000000000005,-6.3999999999999995,14,Hero,0.727756431060178,0.9998024106025696
575,-5.8999999999999995,4.1000000000000005,9,Villain,0.6112252380698919,0.9999363819758097
576,4.1000000000000005,-5.8999999999999995,9,Hero,0.8596623473697238,0.8101094961166382
577,2.5999999999999996,-7.4,24,Hero,0.5903016645461321,0.8155680494722523
578,3.9000000000000004,-6.1,11,Hero,0.8125689246437766,0.8437500243837183
579,4.2,-5.8,8,Hero,0.5989757217466831,0.9820003286004066
580,4.0,-6.0,10,Hero,0.6432501822710037,0.7352323591709137
581,2.4999999999999996,-7.5,25,Hero,0.6394088873657165,0.8161154210567474
582,4.1000000000000005,-5.8999999999999995,9,Hero,0.8763760659429762,0.9434234897295634
583,3.3,-6.7,17,Hero,0.6953237915740293,0.794823738581994
584,3.9000000000000004,-6.1,11,Hero,0.622641147537665,0.9910347353328358
585,2.6999999999999997,-7.300000000000001,23,Hero,0.8126034172980682,0.8953992141329724
586,4.2,-5.8,8,Hero,0.767668392509222,0.999838724732399
587,4.0,-6.0,10,Hero,0.6389510303735733,0.9998600423336029
588,4.0,-6.0,10,Hero,0.7836676670238376,0.9995311856269836
589,3.8000000000000007,-6.199999999999999,12,Hero,0.6798584025042752,0.9872012982765833
590,3.7,-6.3,13,Hero,0.763133181975438,0.8581748329676114
591,4.2,-5.8,8,Hero,0.8564764931797981,0.9994690641760826
592,2.8,-7.2,22,Hero,0.7728401259942488,0.8429835398088802
593,3.9000000000000004,-6.1,11,Hero,0.5888232263651761,0.8992679024284537
594,4.6000000000000005,-5.3999999999999995,4,Hero,0.5261088497936726,0.9976388812065125
595,4.6000000000000005,-5.3999999999999995,4,Hero,0.791743740439415,0.987381711602211
596,4.9,-5.1,1,Hero,0.6878997087478638,0.9994364380836487
597,3.0999999999999996,-6.9,19,Hero,0.7683732117477217,0.9853866131682145
598,4.1000000000000005,-5.8999999999999995,9,Hero,0.8927974949280421,0.9991403553220961
599,3.3,-6.7,17,Hero,0.5802015920772272,0.893293072195614
600,2.5999999999999996,-7.4,24,Hero,0.7684550769627094,0.8935526671508948
601,2.9,-7.1,21,Hero,0.7927261641515153,0.9930206821078346
602,2.2999999999999994,-7.700000000000001,27,Hero,0.7322730104680415,0.8393460777070787
603,2.4999999999999996,-7.5,25,Hero,0.7937454755976796,0.8364239794015884
604,4.300000000000001,-5.699999999999999,7,Hero,0.7208319881132671,0.9960259710039411
605,4.1000000000000005,-5.8999999999999995,9,Hero,0.7417732891109254,0.9985102150175307
606,3.8000000000000007,-6.199999999999999,12,Hero,0.700062188009421,0.7824567779898643
607,3.5,-6.5,15,Hero,0.6257144898176193,0.9945983568827311
608,4.1000000000000005,-5.8999999999999995,9,Hero,0.6759777532683479,0.9510490761862861
609,4.9,-5.1,1,Hero,0.9486573338508606,0.9134257435798645
610,4.0,-6.0,10,Hero,0.8287379443645477,0.8082327395677567
611,4.4,-5.6,6,Hero,0.9832588136196136,0.8404262165228525
612,4.300000000000001,-5.699999999999999,7,Hero,0.9867810181209019,0.9661326152937753
613,-5.699999999999999,4.300000000000001,7,Villain,0.910774861063276,0.999445412840162
614,3.7,-6.3,13,Hero,0.5575518069358972,0.9322735667228699
615,3.7,-6.3,13,Hero,0.8070093301626352,0.8422477359955127
616,3.7,-6.3,13,Hero,0.8003125603382404,0.8506157742096827
617,2.9,-7.1,21,Hero,0.5834036547513235,0.9807307975632804
618,4.1000000000000005,-5.8999999999999995,9,Hero,0.6254168235593371,0.9057863503694534
619,-5.3999999999999995,4.6000000000000005,4,Villain,0.7752775251865387,0.9999999701976776
620,4.5,-5.5,5,Hero,0.7219300210475922,0.9997429609298706
621,4.0,-6.0,10,Hero,0.683927372097969,0.8167674124240876
622,4.300000000000001,-5.699999999999999,7,Hero,0.6052286497184208,0.9996182577950614
623,3.7,-6.3,13,Hero,0.6651402345070472,0.9998420843711266
624,4.5,-5.5,5,Hero,0.8736152708530426,0.9999653816223144
625,3.5,-6.5,15,Hero,0.7906696707010269,0.9912792921066285
626,4.6000000000000005,-5.3999999999999995,4,Hero,0.9949474036693573,0.9993609488010406
627,3.8000000000000007,-6.199999999999999,12,Hero,0.8084815045197805,0.9106717705726624
628,3.7,-6.3,13,Hero,0.8316001058197938,0.9906728817866399
629,4.0,-6.0,10,Hero,0.7330474466085434,0.8660416714847088
630,4.4,-5.6,6,Hero,0.724993367989858,0.9999937216440836
631,2.8,-7.2,22,Hero,0.7422014638273553,0.9079817479307001
632,4.4,-5.6,6,Hero,0.6604894747336706,0.9999057153860728
633,3.5,-6.5,15,Hero,0.7127224574486415,0.9102835774421691
634,3.5,-6.5,15,Hero,0.5861388732989629,0.9843707760175069
635,4.0,-6.0,10,Hero,0.9100879043340683,0.9989989638328552
636,3.9000000000000004,-6.1,11,Hero,0.8921422609551386,0.892543060874397
637,2.8,-7.2,22,Hero,0.7790234434333715,0.8133771541443738
638,3.8000000000000007,-6.199999999999999,12,Hero,0.651081919670105,0.9018651247024536
639,3.6000000000000005,-6.3999999999999995,14,Hero,0.700469649795975,0.9970785166536059
640,3.5,-6.5,15,Hero,0.5960659762223561,0.9230556029205521
641,4.1000000000000005,-5.8999999999999995,9,Hero,0.8614263004726834,0.6711009989182154
642,2.6999999999999997,-7.300000000000001,23,Hero,0.6682812312374944,0.8842577053152997
643,4.2,-5.8,8,Hero,0.8053163960576057,0.8836182616651058
644,4.2,-5.8,8,Hero,0.81713442876935,0.99555304646492
645,4.5,-5.5,5,Hero,0.592724186182022,0.9999890089035034
646,4.0,-6.0,10,Hero,0.7373219311237336,0.9985390603542328
647,4.7,-5.3,3,Hero,0.7131324807802836,0.9992433985074362
648,4.2,-5.8,8,Hero,0.7296787956729531,0.9989396184682846
649,4.9,-5.1,1,Hero,0.9862334728240967,0.9993177652359009
650,2.9,-7.1,21,Hero,0.5877447646288645,0.8201663706983838
651,4.1000000000000005,-5.8999999999999995,9,Hero,0.9934777551227145,0.872851957877477
652,4.7,-5.3,3,Hero,0.9769671956698099,0.9910188913345337
653,-5.8,4.2,8,Villain,0.5009203422814608,0.9986852258443832
654,3.8000000000000007,-6.199999999999999,12,Hero,0.638703607643644,0.9891179253657659
655,3.9000000000000004,-6.1,11,Hero,0.6756409975615415,0.7744919495149092
656,-5.3,4.7,3,Villain,0.21985727548599243,0.7724558611710867
657,4.1000000000000005,-5.8999999999999995,9,Hero,0.6503575725687875,0.9977081086900499
658,4.0,-6.0,10,Hero,0.6641041904687881,0.8923198312520981
659,3.7,-6.3,13,Hero,0.696443433371874,0.8549506022379949
660,3.3,-6.7,17,Hero,0.6522584334015846,0.985052161356982
661,3.4000000000000004,-6.6,16,Hero,0.724717422388494,0.9893601574003696
662,4.2,-5.8,8,Hero,0.9973685070872307,0.962976261973381
663,3.9000000000000004,-6.1,11,Hero,0.7931622767990286,0.9914833198894154
664,4.300000000000001,-5.699999999999999,7,Hero,0.6937601396015712,0.9906002112797329
665,3.0999999999999996,-6.9,19,Hero,0.7570072573266531,0.8586704197682833
666,4.7,-5.3,3,Hero,0.6878102421760559,0.9968927502632141
667,4.4,-5.6,6,Hero,0.8376945580045382,0.7083573341369629
668,3.2,-6.8,18,Hero,0.6539439343743854,0.9207044111357795
669,4.2,-5.8,8,Hero,0.6880961805582047,0.9988924562931061
670,4.2,-5.8,8,Hero,0.8758020685054362,0.9999933838844299
671,3.7,-6.3,13,Hero,0.6627407389191481,0.9997945473744319
672,4.4,-5.6,6,Hero,0.5836292753616968,0.9965252677599589
673,2.6999999999999997,-7.300000000000001,23,Hero,0.6640851060333459,0.9993817883989086
674,2.099999999999999,-7.9,29,Hero,0.6370386912904936,0.8527336787223687
675,4.300000000000001,-5.699999999999999,7,Hero,0.6082918324640819,0.9971144199371338
676,3.8000000000000007,-6.199999999999999,12,Hero,0.7819514473279318,0.999784787495931
677,3.8000000000000007,-6.199999999999999,12,Hero,0.6468201006452242,0.9999598215023676
678,4.7,-5.3,3,Hero,0.6970289548238119,0.6205739080905914
679,4.300000000000001,-5.699999999999999,7,Hero,0.888375631400517,0.9281347223690578
680,3.7,-6.3,13,Hero,0.7454350819954505,0.9997282899343051
681,4.2,-5.8,8,Hero,0.7902081366628408,0.8287394866347313
682,3.6000000000000005,-6.3999999999999995,14,Hero,0.6853217972176415,0.9037328149591174
683,3.8000000000000007,-6.199999999999999,12,Hero,0.7795044754942259,0.9995969931284586
684,4.0,-6.0,10,Hero,0.8235369116067887,0.9040112197399139
685,3.9000000000000004,-6.1,11,Hero,0.7572295801206068,0.994451566175981
686,3.0999999999999996,-6.9,19,Hero,0.7689347235780013,0.8668601449186865
687,4.0,-6.0,10,Hero,0.624596717953682,0.8367212861776352
688,3.0,-7.0,20,Hero,0.8010050155222416,0.8979720145463943
689,3.5,-6.5,15,Hero,0.6475530902544657,0.7201388716697693
690,4.6000000000000005,-5.3999999999999995,4,Hero,0.9790866374969482,0.9961403161287308
691,4.1000000000000005,-5.8999999999999995,9,Hero,0.9361762007077535,0.8246796362929874
692,4.2,-5.8,8,Hero,0.8228305093944073,0.8275829739868641
693,4.7,-5.3,3,Hero,0.7220534086227417,0.6505677700042725
694,3.4000000000000004,-6.6,16,Hero,0.77556586638093,0.864069395698607
695,3.6000000000000005,-6.3999999999999995,14,Hero,0.6476506239601544,0.8549049709524427
696,3.6000000000000005,-6.3999999999999995,14,Hero,0.6944498554138201,0.9967998138495854
697,3.9000000000000004,-6.1,11,Hero,0.6457470682534304,0.8069395477121527
698,3.9000000000000004,-6.1,11,Hero,0.7921112098477103,0.9086379354650324
699,4.800000000000001,-5.199999999999999,2,Hero,0.9995340406894684,0.9999815821647644
700,4.1000000000000005,-5.8999999999999995,9,Hero,0.9176119301054213,0.8286142746607462
701,-6.6,3.4000000000000004,16,Villain,0.5805092374794185,0.8368291109800339
702,4.0,-6.0,10,Hero,0.7485968500375748,0.8564790055155754
703,4.5,-5.5,5,Hero,0.796433562040329,0.7492389798164367
704,3.8000000000000007,-6.199999999999999,12,Hero,0.7494628801941872,0.8008764187494913
705,4.7,-5.3,3,Hero,0.9988077084223429,0.9978183110555013
706,3.9000000000000004,-6.1,11,Hero,0.7727063569155607,0.9945491552352905
707,4.4,-5.6,6,Hero,0.8686653474966685,0.8744384944438934
708,4.1000000000000005,-5.8999999999999995,9,Hero,0.8321638806826539,0.6996683014763726
709,3.8000000000000007,-6.199999999999999,12,Hero,0.795015720029672,0.9016881634791692
710,3.5,-6.5,15,Hero,0.6742580711841584,0.8144643386205037
711,4.0,-6.0,10,Hero,0.721845456212759,0.7331121072173119
712,3.7,-6.3,13,Hero,0.6436683249015075,0.9764920885746295
713,3.6000000000000005,-6.3999999999999995,14,Hero,0.6278180011681148,0.7393058772597995
714,4.1000000000000005,-5.8999999999999995,9,Hero,0.6929881672064463,0.7395681407716539
715,3.5,-6.5,15,Hero,0.6548502763112386,0.8199990332126618
716,3.7,-6.3,13,Hero,0.6528934744688181,0.6989277692941519
717,4.2,-5.8,8,Hero,0.8124626623466611,0.9123065695166588
718,4.0,-6.0,10,Hero,0.6561625957489013,0.6601172760128975
719,3.9000000000000004,-6.1,11,Hero,0.6770003085786646,0.739661612293937
720,3.7,-6.3,13,Hero,0.7299696568113107,0.852764409322005
721,4.1000000000000005,-5.8999999999999995,9,Hero,0.9172555042637719,0.6595469779438443
722,4.0,-6.0,10,Hero,0.8399098679423332,0.7311402097344398
723,4.0,-6.0,10,Hero,0.8716621220111846,0.8429922871291637
724,4.300000000000001,-5.699999999999999,7,Hero,0.8037715767111097,0.8596104787928718
725,4.2,-5.8,8,Hero,0.8330909349024296,0.8421127018518746
726,4.4,-5.6,6,Hero,0.9979968369007111,0.9365958174069723
727,4.5,-5.5,5,Hero,0.828198903799057,0.8200691342353821
728,4.300000000000001,-5.699999999999999,7,Hero,0.7212659184421811,0.8550932066781181
729,4.7,-5.3,3,Hero,0.76102215051651,0.8378116687138876
730,3.2,-6.8,18,Hero,0.6828983529574342,0.8776311493582196
731,3.2,-6.8,18,Hero,0.7877450676427947,0.914369199011061
732,3.0,-7.0,20,Hero,0.6139720544219017,0.9271323593333364
733,3.7,-6.3,13,Hero,0.7049992405451261,0.7893491708315336
734,4.300000000000001,-5.699999999999999,7,Hero,0.5899327439921243,0.799736989395959
735,4.1000000000000005,-5.8999999999999995,9,Hero,0.9041950868235694,0.768295019865036
736,4.1000000000000005,-5.8999999999999995,9,Hero,0.9824001524183485,0.9939862887064616
737,4.0,-6.0,10,Hero,0.9462337255477905,0.7351528406143188
738,4.300000000000001,-5.699999999999999,7,Hero,0.6805806457996368,0.8501509172575814
739,3.6000000000000005,-6.3999999999999995,14,Hero,0.7972905497465815,0.7604266543473516
740,1.899999999999999,-8.100000000000001,31,Hero,0.6141938281155401,0.83324566002815
741,3.7,-6.3,13,Hero,0.7754241549051725,0.9492824467328879
742,4.1000000000000005,-5.8999999999999995,9,Hero,0.7102618581718869,0.9583238032129076
743,4.9,-5.1,1,Hero,0.6455304622650146,0.9995168447494507
744,4.6000000000000005,-5.3999999999999995,4,Hero,0.7590806633234024,0.8123759925365448
745,4.2,-5.8,8,Hero,0.6743970382958651,0.7983500920236111
746,4.2,-5.8,8,Hero,0.7747668949887156,0.9477936401963234
747,3.9000000000000004,-6.1,11,Hero,0.727416144175963,0.9285777129910209
748,3.7,-6.3,13,Hero,0.8299669760924119,0.7460901737213135
749,4.4,-5.6,6,Hero,0.5726590510457754,0.9621407190958658
750,3.3,-6.7,17,Hero,0.6564476244589862,0.9042580767589457
751,4.1000000000000005,-5.8999999999999995,9,Hero,0.5273572438293033,0.7615126876367463
752,4.300000000000001,-5.699999999999999,7,Hero,0.6408591525895255,0.8681077424968991
753,4.1000000000000005,-5.8999999999999995,9,Hero,0.8736722469329834,0.8446475581990348
754,4.7,-5.3,3,Hero,0.9993036190668741,0.8708741466204325
755,3.9000000000000004,-6.1,11,Hero,0.8840376843105663,0.9832349040291526
756,4.300000000000001,-5.699999999999999,7,Hero,0.8186284814562116,0.8775143197604588
757,3.6000000000000005,-6.3999999999999995,14,Hero,0.6797823735645839,0.9316904885428292
758,3.8000000000000007,-6.199999999999999,12,Hero,0.7448429477711519,0.8139232645432154
759,4.6000000000000005,-5.3999999999999995,4,Hero,0.9814814329147339,0.9994159191846848
760,4.0,-6.0,10,Hero,0.892540019750595,0.6946260929107666
761,4.9,-5.1,1,Hero,0.8128883838653564,0.9998651742935181
762,3.5,-6.5,15,Hero,0.7251196660101413,0.9304867843786876
763,3.6000000000000005,-6.3999999999999995,14,Hero,0.8042034826108387,0.7890220944370542
764,4.0,-6.0,10,Hero,0.723614963889122,0.9601026117801666
765,-5.1,4.9,1,Villain,0.9957244396209717,0.9876517057418823
766,3.2,-6.8,18,Hero,0.7818998793760935,0.7688335536254777
767,4.4,-5.6,6,Hero,0.9529733856519064,0.9999846418698629
768,3.9000000000000004,-6.1,11,Hero,0.7767792696302588,0.7831941131841053
769,3.7,-6.3,13,Hero,0.7665129395631644,0.8521224684440173
770,3.2,-6.8,18,Hero,0.8724679284625583,0.7757675680849287
771,4.2,-5.8,8,Hero,0.9589607119560242,0.9999987483024597
772,4.800000000000001,-5.199999999999999,2,Hero,0.8499265015125275,0.9999955296516418
773,4.2,-5.8,8,Hero,0.9998385086655617,0.9338020980358124
774,3.5,-6.5,15,Hero,0.7303047557671865,0.9933772404988607
775,4.7,-5.3,3,Hero,0.6872021158536276,0.9997966488202413
776,4.1000000000000005,-5.8999999999999995,9,Hero,0.7559232479996152,0.874341799153222
777,3.7,-6.3,13,Hero,0.8792248884072671,0.9710908898940454
778,-5.8,4.2,8,Villain,0.6467410591430962,0.8249775618314743
779,3.4000000000000004,-6.6,16,Hero,0.7870965003967285,0.7802232676185668
780,4.1000000000000005,-5.8999999999999995,9,Hero,0.7205585307545133,0.8781913353337182
781,3.6000000000000005,-6.3999999999999995,14,Hero,0.7649424906287875,0.9687001151697976
782,3.6000000000000005,-6.3999999999999995,14,Hero,0.7947951076286179,0.8399388406957898
783,3.3,-6.7,17,Hero,0.6203014863764539,0.9318582731134751
784,2.2999999999999994,-7.700000000000001,27,Hero,0.8190013346848665,0.7368893736490497
785,3.8000000000000007,-6.199999999999999,12,Hero,0.6449397852023443,0.918379137913386
786,3.8000000000000007,-6.199999999999999,12,Hero,0.7469985981782278,0.9712714701890945
787,-5.3,4.7,3,Villain,0.6764444895088673,0.9952376484870911
788,3.0,-7.0,20,Hero,0.6617068111896515,0.918432449363172
789,4.4,-5.6,6,Hero,0.8166297425826391,0.9987512032190958
790,3.9000000000000004,-6.1,11,Hero,0.7899833836338737,0.9745073264295404
791,4.2,-5.8,8,Hero,0.7434203922748566,0.9999241307377815
792,3.0999999999999996,-6.9,19,Hero,0.5786988362669945,0.8710055108133116
793,3.9000000000000004,-6.1,11,Hero,0.7279605174606497,0.901210979981856
794,-5.199999999999999,4.800000000000001,2,Villain,0.999950647354126,0.9995863437652588
795,4.7,-5.3,3,Hero,0.9997754693031311,0.9999998410542806
796,-4.999999999999998,-4.999999999999998,50,None,0.8561222994327545,0.979857017993927
797,-4.999999999999998,-4.999999999999998,50,None,0.9983570396900177,0.944902159422636
798,0.20000000000000107,-9.799999999999999,48,Hero,0.8785435805330053,0.9967178838948408
799,-4.999999999999998,-4.999999999999998,50,None,0.9562852707505226,0.8968108403682709
800,4.0,-6.0,10,Hero,0.7395348504185677,0.9999303877353668
801,4.4,-5.6,6,Hero,0.9999008576075236,0.9998440543810526
802,0.3000000000000007,-9.7,47,Hero,0.9091873557921103,0.9105755308088153
803,-4.999999999999998,-4.999999999999998,50,None,0.9302254512906074,0.9971940338611602
804,3.4000000000000004,-6.6,16,Hero,0.6722737522795796,0.923311922699213
805,4.1000000000000005,-5.8999999999999995,9,Hero,0.807604870862431,0.7806129157543182
806,3.2,-6.8,18,Hero,0.7735949241452746,0.903504878282547
807,4.0,-6.0,10,Hero,0.711840707063675,0.9957255601882935
808,3.5,-6.5,15,Hero,0.6708682537078857,0.9994203050931295
809,3.7,-6.3,13,Hero,0.6695613792309394,0.8756483036738175
810,4.2,-5.8,8,Hero,0.9955463781952858,0.9998454302549362
811,4.4,-5.6,6,Hero,0.6286183434228102,0.9999998807907104
812,4.1000000000000005,-5.8999999999999995,9,Hero,0.7478742467032539,0.8139768524302377
813,4.2,-5.8,8,Hero,0.8762587010860443,0.9686560183763504
814,-5.1,4.9,1,Villain,0.9999997615814209,0.905573308467865
815,4.1000000000000005,-5.8999999999999995,9,Hero,0.8792053129937913,0.8785971899827322
816,4.9,-5.1,1,Hero,0.941144585609436,0.9999827146530151
817,3.9000000000000004,-6.1,11,Hero,0.77030079879544,0.9638447544791482
818,4.1000000000000005,-5.8999999999999995,9,Hero,0.6639603699247042,0.9992130928569369
819,3.9000000000000004,-6.1,11,Hero,0.7960848970846697,0.9119578423825178
820,4.5,-5.5,5,Hero,0.6642252981662751,0.9999735593795777
821,3.8000000000000007,-6.199999999999999,12,Hero,0.803159392128388,0.9502929449081421
822,3.0999999999999996,-6.9,19,Hero,0.8321554025537089,0.984193532090438
823,4.0,-6.0,10,Hero,0.7569127742201089,0.9862348675727844
824,4.0,-6.0,10,Hero,0.853067533671856,0.827543905377388
825,4.2,-5.8,8,Hero,0.640935966745019,0.9999531358480453
826,4.7,-5.3,3,Hero,0.959012508392334,0.7777785857518514
827,2.8,-7.2,22,Hero,0.6914946096525951,0.9989194544878873
828,1.6999999999999988,-8.3,33,Hero,0.8107268537084261,0.999999356992317
829,4.1000000000000005,-5.8999999999999995,9,Hero,0.8405975235833062,0.9564540121290419
830,2.8,-7.2,22,Hero,0.7987864749633115,0.9332944351163778
831,3.9000000000000004,-6.1,11,Hero,0.7164285386150534,0.9999880248850043
832,4.4,-5.6,6,Hero,0.9998720983664194,0.9998361269632975
833,3.8000000000000007,-6.199999999999999,12,Hero,0.6055669219543537,0.9492357497413954
834,3.4000000000000004,-6.6,16,Hero,0.6870645433664322,0.9327982924878597
835,-5.3999999999999995,4.6000000000000005,4,Villain,0.7819588482379913,0.944881871342659
836,3.7,-6.3,13,Hero,0.6793943070448362,0.9708971289487985
837,2.3999999999999995,-7.6000000000000005,26,Hero,0.7713622217281506,0.9999680748352637
838,4.2,-5.8,8,Hero,0.999084010720253,0.994816817343235
839,-4.999999999999998,-4.999999999999998,50,None,0.7754336161911488,0.9429128742218018
840,-4.999999999999998,-4.999999999999998,50,None,0.895313718020916,1.0
841,4.300000000000001,-5.699999999999999,7,Hero,0.7217138579913548,0.9795773029327393
842,4.9,-5.1,1,Hero,0.9060675501823425,0.9911605715751648
843,-4.999999999999998,-4.999999999999998,50,None,0.9141941100358963,0.9999910843372345
844,4.7,-5.3,3,Hero,0.7021428743998209,0.999513566493988
845,3.6000000000000005,-6.3999999999999995,14,Hero,0.6176831062350955,0.9999984077044896
846,3.4000000000000004,-6.6,16,Hero,0.6450329804793,0.9343513660132885
847,3.6000000000000005,-6.3999999999999995,14,Hero,0.7400693983903953,0.8351409461881433
848,3.0999999999999996,-6.9,19,Hero,0.6892464294245368,0.9999994165018985
849,4.5,-5.5,5,Hero,0.5633522748947144,0.9998160243034363
850,3.8000000000000007,-6.199999999999999,12,Hero,0.845517228047053,0.9999217788378397
851,4.2,-5.8,8,Hero,0.999405100941658,0.8667296338826418
852,4.300000000000001,-5.699999999999999,7,Hero,0.5732587022440774,1.0
853,3.5,-6.5,15,Hero,0.6841339568297068,0.9207860986391704
854,4.1000000000000005,-5.8999999999999995,9,Hero,0.6555448671181997,0.9885477887259589
855,4.5,-5.5,5,Hero,0.9958552837371826,0.9999994039535522
856,4.1000000000000005,-5.8999999999999995,9,Hero,0.6387258652183745,1.0
857,4.800000000000001,-5.199999999999999,2,Hero,0.9046382308006287,1.0
858,3.8000000000000007,-6.199999999999999,12,Hero,0.7299198607603709,0.996559331814448
859,2.9,-7.1,21,Hero,0.7692738281829017,0.9999784656933376
860,4.2,-5.8,8,Hero,0.9572319984436035,1.0
861,4.2,-5.8,8,Hero,0.8638945780694485,0.9762291610240936
862,3.8000000000000007,-6.199999999999999,12,Hero,0.661487822731336,0.9977806011835734
863,4.6000000000000005,-5.3999999999999995,4,Hero,0.8415330499410629,1.0
864,4.9,-5.1,1,Hero,0.9076891541481018,1.0
865,4.2,-5.8,8,Hero,0.7855030447244644,0.9999999850988388
866,4.6000000000000005,-5.3999999999999995,4,Hero,0.9956471920013428,1.0
867,1.4999999999999987,-8.500000000000002,35,Hero,0.8580584611211505,0.9999999182564872
868,4.800000000000001,-5.199999999999999,2,Hero,0.8295145034790039,1.0
869,3.8000000000000007,-6.199999999999999,12,Hero,0.6316011448701223,0.9448981781800588
870,4.0,-6.0,10,Hero,0.8706214249134063,1.0
871,1.1999999999999984,-8.8,38,Hero,0.6029257274379856,0.9893489872154436
872,4.2,-5.8,8,Hero,0.915553905069828,1.0
873,4.1000000000000005,-5.8999999999999995,9,Hero,0.7341034842862023,0.9999997085995145
874,3.5,-6.5,15,Hero,0.6775495807329813,0.9925880511601766
875,3.5,-6.5,15,Hero,0.6481383820374806,0.9999836246172588
876,3.8000000000000007,-6.199999999999999,12,Hero,0.671075905362765,0.9901840686798096
877,-5.1,4.9,1,Villain,0.9784796833992004,1.0
878,4.5,-5.5,5,Hero,0.8231628596782684,1.0
879,4.4,-5.6,6,Hero,0.6870799940079451,1.0
880,4.4,-5.6,6,Hero,0.9474102159341177,0.999999980131785
881,-5.1,4.9,1,Villain,0.6312888860702515,0.998931348323822
882,-5.3,4.7,3,Villain,0.9914699991544088,1.0
883,4.0,-6.0,10,Hero,0.607932311296463,1.0
884,3.0999999999999996,-6.9,19,Hero,0.754599994734714,0.9998911525073805
885,3.5,-6.5,15,Hero,0.6262249489625294,0.9999652147293091
886,3.9000000000000004,-6.1,11,Hero,0.7065046727657318,0.9999970197677612
887,4.0,-6.0,10,Hero,0.8160613015294075,0.9854003429412842
888,3.9000000000000004,-6.1,11,Hero,0.6779914850538428,0.999999924139543
889,4.300000000000001,-5.699999999999999,7,Hero,0.48200554081371855,1.0
890,4.1000000000000005,-5.8999999999999995,9,Hero,0.9572283956739638,0.9434297151035733
891,3.2,-6.8,18,Hero,0.6764292733536826,0.9705254203743405
892,4.1000000000000005,-5.8999999999999995,9,Hero,0.9683916568756104,1.0
893,-5.199999999999999,4.800000000000001,2,Villain,0.5112020671367645,0.9999999403953552
894,-4.999999999999998,-4.999999999999998,50,None,0.8036989039182663,0.9101222294569016
895,-4.999999999999998,-4.999999999999998,50,None,0.8256437095999718,1.0
896,2.8,-7.2,22,Hero,0.6804591687396169,0.9247876392169432
897,2.1999999999999993,-7.800000000000001,28,Hero,0.818517199650939,1.0
898,3.3,-6.7,17,Hero,0.9055882074377116,0.9999999158522662
899,4.300000000000001,-5.699999999999999,7,Hero,0.846511572599411,1.0
900,3.8000000000000007,-6.199999999999999,12,Hero,0.7722269458075365,1.0
901,2.8,-7.2,22,Hero,0.7959536779671907,1.0
902,3.0,-7.0,20,Hero,0.7671359173953534,1.0
903,4.2,-5.8,8,Hero,0.6050362400710583,1.0
904,2.9,-7.1,21,Hero,0.6723156223694483,1.0
905,3.9000000000000004,-6.1,11,Hero,0.6508345983245156,1.0
906,2.4999999999999996,-7.5,25,Hero,0.7625368271768093,0.8882194077968597
907,2.1999999999999993,-7.800000000000001,28,Hero,0.7025641245501382,0.8925109952688217
908,4.6000000000000005,-5.3999999999999995,4,Hero,0.8025289177894592,1.0
909,3.7,-6.3,13,Hero,0.8154781139813937,1.0
910,3.2,-6.8,18,Hero,0.5917568637265099,1.0
911,4.6000000000000005,-5.3999999999999995,4,Hero,0.44022681564092636,1.0
912,4.2,-5.8,8,Hero,0.8032045364379883,1.0
913,4.6000000000000005,-5.3999999999999995,4,Hero,0.7919041067361832,1.0
914,4.4,-5.6,6,Hero,0.8245387089749178,1.0
915,3.7,-6.3,13,Hero,0.7508777127816126,0.9999999908300546
916,3.4000000000000004,-6.6,16,Hero,0.7776044276542962,1.0
917,4.300000000000001,-5.699999999999999,7,Hero,0.8546701414244515,1.0
918,4.800000000000001,-5.199999999999999,2,Hero,0.5522293783724308,1.0
919,3.8000000000000007,-6.199999999999999,12,Hero,0.8048782600089908,1.0
920,-4.999999999999998,-4.999999999999998,50,None,0.8347944636642933,0.9994921672344208
921,4.4,-5.6,6,Hero,0.6611770838499069,1.0
922,4.4,-5.6,6,Hero,0.6777547337114811,1.0
923,4.1000000000000005,-5.8999999999999995,9,Hero,0.9992860621876187,1.0
924,4.800000000000001,-5.199999999999999,2,Hero,0.8047128915786743,1.0
925,4.300000000000001,-5.699999999999999,7,Hero,0.9341573289462498,0.9999999318804059
926,4.4,-5.6,6,Hero,0.7666698694229126,1.0
927,3.9000000000000004,-6.1,11,Hero,0.770976183089343,1.0
928,4.5,-5.5,5,Hero,0.8506108224391937,1.0
929,4.2,-5.8,8,Hero,0.6954017505049706,1.0
930,4.0,-6.0,10,Hero,0.8287132889032364,0.9987156093120575
931,4.300000000000001,-5.699999999999999,7,Hero,0.7591596118041447,1.0
932,2.6999999999999997,-7.300000000000001,23,Hero,0.849341231195823,1.0
933,4.5,-5.5,5,Hero,0.883659815788269,1.0
934,4.4,-5.6,6,Hero,0.7185813983281454,1.0
935,2.9,-7.1,21,Hero,0.6248614873204913,0.9997945200829279
936,4.0,-6.0,10,Hero,0.6540734529495239,1.0
937,1.1999999999999984,-8.8,38,Hero,0.7986798072233796,0.9999984753759283
938,4.1000000000000005,-5.8999999999999995,9,Hero,0.8331156224012375,1.0
939,3.3,-6.7,17,Hero,0.8310144328895737,1.0
940,4.9,-5.1,1,Hero,0.9976874589920044,1.0
941,4.1000000000000005,-5.8999999999999995,9,Hero,0.7118212001191245,1.0
942,2.5999999999999996,-7.4,24,Hero,0.6819997578859329,0.8667628355324268
943,3.7,-6.3,13,Hero,0.714760239307697,0.9999999816601093
944,3.5,-6.5,15,Hero,0.5487216234207153,0.9999911467234294
945,1.899999999999999,-8.100000000000001,31,Hero,0.7424046901925918,0.894884463279478
946,4.2,-5.8,8,Hero,0.959019161760807,1.0
947,3.4000000000000004,-6.6,16,Hero,0.6455094777047634,0.999997191131115
948,2.5999999999999996,-7.4,24,Hero,0.5941921199361483,0.9404282706479231
949,2.099999999999999,-7.9,29,Hero,0.6688371151685715,0.946433936727458
950,2.3999999999999995,-7.6000000000000005,26,Hero,0.7188665239283671,0.8963137982556453
951,4.2,-5.8,8,Hero,0.5484913168475032,1.0
952,4.7,-5.3,3,Hero,0.9951121807098389,1.0
953,4.6000000000000005,-5.3999999999999995,4,Hero,0.9816969484090805,1.0
954,3.6000000000000005,-6.3999999999999995,14,Hero,0.6539377971951451,0.9999943716185433
955,2.9,-7.1,21,Hero,0.6695293803654966,0.973947945095244
956,4.0,-6.0,10,Hero,0.6335867926478386,1.0
957,4.4,-5.6,6,Hero,0.6908227155605952,1.0
958,4.6000000000000005,-5.3999999999999995,4,Hero,0.7605637386441231,1.0
959,3.7,-6.3,13,Hero,0.6721025888736432,0.9883132164294903
960,3.7,-6.3,13,Hero,0.6516155462998611,1.0
961,3.9000000000000004,-6.1,11,Hero,0.783306324346499,1.0
962,4.5,-5.5,5,Hero,0.996907377243042,1.0
963,3.9000000000000004,-6.1,11,Hero,0.6512509638612921,1.0
964,4.1000000000000005,-5.8999999999999995,9,Hero,0.7404391765594482,1.0
965,2.1999999999999993,-7.800000000000001,28,Hero,0.6934603287705353,0.9197979079825538
966,3.7,-6.3,13,Hero,0.7385566028264853,1.0
967,4.5,-5.5,5,Hero,0.6510523796081543,1.0
968,4.0,-6.0,10,Hero,0.769606676697731,0.9999951601028443
969,4.5,-5.5,5,Hero,0.8739567041397095,1.0
970,4.300000000000001,-5.699999999999999,7,Hero,0.6418154580252511,1.0
971,4.2,-5.8,8,Hero,0.7831619270145893,1.0
972,4.4,-5.6,6,Hero,0.6814183120926222,1.0
973,3.7,-6.3,13,Hero,0.7207817068466773,0.9999999633202186
974,3.3,-6.7,17,Hero,0.6260036350611378,0.9995595392058877
975,3.4000000000000004,-6.6,16,Hero,0.6724038682878017,0.9999998509883881
976,3.9000000000000004,-6.1,11,Hero,0.8562810854478315,1.0
977,4.7,-5.3,3,Hero,0.8027113676071167,1.0
978,4.0,-6.0,10,Hero,0.8381199210882186,0.9999999761581421
979,4.2,-5.8,8,Hero,0.69734126329422,1.0
980,3.9000000000000004,-6.1,11,Hero,0.8788670165972277,1.0
981,3.9000000000000004,-6.1,11,Hero,0.797261425039985,1.0
982,3.6000000000000005,-6.3999999999999995,14,Hero,0.6488671920129231,1.0
983,3.8000000000000007,-6.199999999999999,12,Hero,0.6326728562513987,1.0
984,4.0,-6.0,10,Hero,0.6212150983512401,1.0
985,3.2,-6.8,18,Hero,0.7028274602360196,1.0
986,2.6999999999999997,-7.300000000000001,23,Hero,0.6908540298109469,0.980873932009158
987,4.6000000000000005,-5.3999999999999995,4,Hero,0.8099626004695892,1.0
988,2.2999999999999994,-7.700000000000001,27,Hero,0.7018102510935731,0.9629370835092332
989,4.1000000000000005,-5.8999999999999995,9,Hero,0.8038957781261868,1.0
990,4.9,-5.1,1,Hero,0.9791259765625,1.0
991,3.8000000000000007,-6.199999999999999,12,Hero,0.8132337480783463,0.9999764015277227
992,4.5,-5.5,5,Hero,0.6148745954036713,1.0
993,4.7,-5.3,3,Hero,0.987751305103302,1.0
994,3.9000000000000004,-6.1,11,Hero,0.7898115786639127,1.0
995,3.5,-6.5,15,Hero,0.6610808412233988,0.9356870546936988
996,4.0,-6.0,10,Hero,0.6738578230142593,1.0
997,4.2,-5.8,8,Hero,0.9884815514087677,1.0
998,4.300000000000001,-5.699999999999999,7,Hero,0.7717331605298179,1.0
999,4.300000000000001,-5.699999999999999,7,Hero,0.6772911463465009,1.0
1000,-5.199999999999999,4.800000000000001,2,Villain,0.4397291988134384,1.0
1001,4.2,-5.8,8,Hero,0.5986348688602448,1.0
1002,4.0,-6.0,10,Hero,0.7531725227832794,1.0
1003,1.6999999999999988,-8.3,33,Hero,0.7363482738534609,0.9293144981969487
1004,3.6000000000000005,-6.3999999999999995,14,Hero,0.6260695947068078,0.9999999489103045
1005,4.1000000000000005,-5.8999999999999995,9,Hero,0.9995429648293389,1.0
1006,-4.999999999999998,-4.999999999999998,50,None,0.8506647612154484,0.968178388029337
1007,-4.999999999999998,-4.999999999999998,50,None,0.7739767418056727,0.9817270231246948
1008,-4.999999999999998,-4.999999999999998,50,None,0.7364919231086969,0.9838570374250412
1009,4.1000000000000005,-5.8999999999999995,9,Hero,0.9999297989739312,1.0
1010,-4.999999999999998,-4.999999999999998,50,None,0.8527641880512238,1.0
1011,4.2,-5.8,8,Hero,0.9999420717358589,1.0
1012,3.9000000000000004,-6.1,11,Hero,0.6902030970562588,1.0
1013,-4.999999999999998,-4.999999999999998,50,None,0.8027263782918453,0.9999806416034699
1014,3.8000000000000007,-6.199999999999999,12,Hero,0.7067860141396523,1.0
1015,3.3,-6.7,17,Hero,0.6997107232318205,1.0
1016,0.3000000000000007,-9.7,47,Hero,0.7688832750662844,0.978270062740813
1017,4.300000000000001,-5.699999999999999,7,Hero,0.9989678859710693,1.0
1018,4.2,-5.8,8,Hero,0.8178679691627622,1.0
1019,3.4000000000000004,-6.6,16,Hero,0.7200043653137982,1.0
1020,2.6999999999999997,-7.300000000000001,23,Hero,0.7138482727434324,0.9999458737995314
1021,4.1000000000000005,-5.8999999999999995,9,Hero,0.8508715099758573,1.0
1022,4.1000000000000005,-5.8999999999999995,9,Hero,0.7428341574139066,1.0
1023,4.0,-6.0,10,Hero,0.8157574981451035,1.0
1024,2.4999999999999996,-7.5,25,Hero,0.565144709944725,0.9697883629798889
1025,4.6000000000000005,-5.3999999999999995,4,Hero,0.6609803289175034,1.0
1026,3.0999999999999996,-6.9,19,Hero,0.6427693155251051,0.9994968866047106
1027,2.9,-7.1,21,Hero,0.7267648448191938,0.9919252537545704
1028,3.4000000000000004,-6.6,16,Hero,0.6381510915234685,1.0
1029,3.5,-6.5,15,Hero,0.6949514965216319,0.9999998966852824
1030,4.300000000000001,-5.699999999999999,7,Hero,0.8060230399881091,1.0
1031,4.2,-5.8,8,Hero,0.7022040374577045,1.0
1032,4.1000000000000005,-5.8999999999999995,9,Hero,0.6819834833343824,1.0
1033,3.0,-7.0,20,Hero,0.6606864431872964,0.9999551266431809
1034,3.8000000000000007,-6.199999999999999,12,Hero,0.6705551519989967,1.0
1035,3.0999999999999996,-6.9,19,Hero,0.7348571525592553,0.9999999184357492
1036,2.4999999999999996,-7.5,25,Hero,0.7058664882183074,0.9993499636650085
1037,4.0,-6.0,10,Hero,0.6834545910358429,1.0
1038,4.300000000000001,-5.699999999999999,7,Hero,0.888040576662336,1.0
1039,3.5,-6.5,15,Hero,0.7335525194803874,1.0
1040,4.9,-5.1,1,Hero,0.8112834095954895,1.0
1041,4.2,-5.8,8,Hero,0.8589036976918578,1.0
1042,4.0,-6.0,10,Hero,0.7940007388591767,1.0
1043,2.5999999999999996,-7.4,24,Hero,0.7375739558289448,0.9999435842037201
1044,3.7,-6.3,13,Hero,0.7108620359347417,0.9999999816601093
1045,3.5,-6.5,15,Hero,0.6718731562296549,1.0
1046,4.9,-5.1,1,Hero,0.7263428568840027,1.0
1047,4.5,-5.5,5,Hero,0.714540445804596,1.0
1048,4.1000000000000005,-5.8999999999999995,9,Hero,0.8484337859683566,1.0
1049,2.8,-7.2,22,Hero,0.6519205190918662,0.9999999891627919
1050,3.7,-6.3,13,Hero,0.6955426415571799,1.0
1051,4.5,-5.5,5,Hero,0.7910210891626775,1.0
1052,3.9000000000000004,-6.1,11,Hero,0.7997123490680348,1.0
1053,2.6999999999999997,-7.300000000000001,23,Hero,0.6740050983169804,0.9981109422186146
1054,3.0,-7.0,20,Hero,0.814471760392189,0.9999999940395355
1055,4.1000000000000005,-5.8999999999999995,9,Hero,0.7606974376572503,1.0
1056,4.1000000000000005,-5.8999999999999995,9,Hero,0.8468404610951742,1.0
1057,3.4000000000000004,-6.6,16,Hero,0.6452658995985985,1.0
1058,4.300000000000001,-5.699999999999999,7,Hero,0.7373186264719281,1.0
1059,4.1000000000000005,-5.8999999999999995,9,Hero,0.6901618639628092,1.0
1060,2.8,-7.2,22,Hero,0.743751422925429,0.9999267052520405
1061,4.2,-5.8,8,Hero,0.5976242534816265,1.0
1062,2.3999999999999995,-7.6000000000000005,26,Hero,0.6294715479016304,0.9983416612331684
1063,3.7,-6.3,13,Hero,0.6406269907378234,1.0
1064,4.5,-5.5,5,Hero,0.7794498085975647,1.0
1065,4.800000000000001,-5.199999999999999,2,Hero,0.9863657355308533,1.0
1066,3.4000000000000004,-6.6,16,Hero,0.6836755769327283,1.0
1067,2.3999999999999995,-7.6000000000000005,26,Hero,0.7297003590143644,0.9991812407970428
1068,3.8000000000000007,-6.199999999999999,12,Hero,0.6847089777390162,1.0
1069,3.6000000000000005,-6.3999999999999995,14,Hero,0.6779205596872738,1.0
1070,4.1000000000000005,-5.8999999999999995,9,Hero,0.9994164771503873,1.0
1071,-4.999999999999998,-4.999999999999998,50,None,0.886702663898468,1.0
1072,3.6000000000000005,-6.3999999999999995,14,Hero,0.6730233026402337,1.0
1073,4.4,-5.6,6,Hero,0.6540573040644327,1.0
1074,2.9,-7.1,21,Hero,0.6090946878705706,0.9999773899714152
1075,3.3,-6.7,17,Hero,0.6548832091776764,1.0
1076,3.5,-6.5,15,Hero,0.7215712269147238,1.0
1077,2.9,-7.1,21,Hero,0.7438431289933977,0.9999999829701015
1078,3.5,-6.5,15,Hero,0.6400822957356771,1.0
1079,4.9,-5.1,1,Hero,0.7691607475280762,1.0
1080,3.6000000000000005,-6.3999999999999995,14,Hero,0.7820521529231753,1.0
1081,4.300000000000001,-5.699999999999999,7,Hero,0.7209518253803253,1.0
1082,3.9000000000000004,-6.1,11,Hero,0.8196842724626715,1.0
1083,4.1000000000000005,-5.8999999999999995,9,Hero,0.9154955612288581,1.0
1084,4.2,-5.8,8,Hero,0.6144146234728396,1.0
1085,3.0999999999999996,-6.9,19,Hero,0.6095492877066135,1.0
1086,4.300000000000001,-5.699999999999999,7,Hero,0.7375518764768328,1.0
1087,4.7,-5.3,3,Hero,0.7831082542737325,1.0
1088,3.6000000000000005,-6.3999999999999995,14,Hero,0.6474631588373866,1.0
1089,3.8000000000000007,-6.199999999999999,12,Hero,0.6561353653669357,1.0
1090,4.0,-6.0,10,Hero,0.8153264611959458,1.0
1091,4.2,-5.8,8,Hero,0.6277257930487394,1.0
1092,3.7,-6.3,13,Hero,0.706491639980903,1.0
1093,4.1000000000000005,-5.8999999999999995,9,Hero,0.9751481082704332,1.0
1094,4.0,-6.0,10,Hero,0.6676560401916504,1.0
1095,4.2,-5.8,8,Hero,0.7511934712529182,1.0
1096,4.300000000000001,-5.699999999999999,7,Hero,0.9632514289447239,1.0
1097,4.2,-5.8,8,Hero,0.7154149021953344,1.0
1098,3.4000000000000004,-6.6,16,Hero,0.6375582767650485,1.0
1099,2.5999999999999996,-7.4,24,Hero,0.6774934632703662,0.9999999006589254
1100,4.300000000000001,-5.699999999999999,7,Hero,0.7999155947140285,1.0
1101,4.1000000000000005,-5.8999999999999995,9,Hero,0.7170088787873586,1.0
1102,4.6000000000000005,-5.3999999999999995,4,Hero,0.8270061612129211,1.0
1103,3.3,-6.7,17,Hero,0.650590833495645,0.999999957926133
1104,4.2,-5.8,8,Hero,0.6493698544800282,1.0
1105,4.300000000000001,-5.699999999999999,7,Hero,0.9769680414881025,1.0
1106,4.5,-5.5,5,Hero,0.8558730959892273,1.0
1107,4.1000000000000005,-5.8999999999999995,9,Hero,0.7943961454762353,1.0
1108,4.5,-5.5,5,Hero,0.9685622453689575,1.0
1109,4.0,-6.0,10,Hero,0.7496866345405578,1.0
1110,3.7,-6.3,13,Hero,0.8106680776064212,1.0
1111,3.6000000000000005,-6.3999999999999995,14,Hero,0.7628223268049104,1.0
1112,4.0,-6.0,10,Hero,0.7567445039749146,1.0
1113,4.1000000000000005,-5.8999999999999995,9,Hero,0.9089762204223208,1.0
1114,3.9000000000000004,-6.1,11,Hero,0.8355627439238809,1.0
1115,3.8000000000000007,-6.199999999999999,12,Hero,0.6984019428491592,1.0
1116,2.4999999999999996,-7.5,25,Hero,0.7106212026998401,1.0
1117,3.9000000000000004,-6.1,11,Hero,0.8941344889727506,1.0
1118,4.9,-5.1,1,Hero,0.9746171832084656,1.0
1119,3.4000000000000004,-6.6,16,Hero,0.7030384917743504,1.0
1120,3.3,-6.7,17,Hero,0.8044385384110844,1.0
1121,3.8000000000000007,-6.199999999999999,12,Hero,0.8078763199349245,1.0
1122,3.4000000000000004,-6.6,16,Hero,0.6605774313211441,0.9999999925494194
1123,4.2,-5.8,8,Hero,0.9324803277850151,1.0
1124,4.4,-5.6,6,Hero,0.6955099999904633,1.0
1125,4.4,-5.6,6,Hero,0.8321307698885599,1.0
1126,4.1000000000000005,-5.8999999999999995,9,Hero,0.9401493668556213,1.0
1127,4.800000000000001,-5.199999999999999,2,Hero,0.6626341044902802,1.0
1128,3.9000000000000004,-6.1,11,Hero,0.7836636277762327,1.0
1129,3.5,-6.5,15,Hero,0.7054506758848826,1.0
1130,4.4,-5.6,6,Hero,0.7094308783610662,1.0
1131,4.1000000000000005,-5.8999999999999995,9,Hero,0.7341791225804223,1.0
1132,4.6000000000000005,-5.3999999999999995,4,Hero,0.8656716048717499,1.0
1133,3.8000000000000007,-6.199999999999999,12,Hero,0.6221894534925619,1.0
1134,2.6999999999999997,-7.300000000000001,23,Hero,0.7362882961397585,1.0
1135,2.8,-7.2,22,Hero,0.724247695370154,0.9999999783255837
1136,3.8000000000000007,-6.199999999999999,12,Hero,0.7807426465054353,1.0
1137,4.4,-5.6,6,Hero,0.5833407739798228,1.0
1138,4.6000000000000005,-5.3999999999999995,4,Hero,0.9902039021253586,1.0
1139,4.0,-6.0,10,Hero,0.5859896227717399,1.0
1140,3.8000000000000007,-6.199999999999999,12,Hero,0.7834226830552021,1.0
1141,3.0999999999999996,-6.9,19,Hero,0.634709568400132,0.9999999937258268
1142,3.7,-6.3,13,Hero,0.7846975509936993,1.0
1143,3.9000000000000004,-6.1,11,Hero,0.6846555769443512,1.0
1144,4.1000000000000005,-5.8999999999999995,9,Hero,0.8660083214441935,1.0
1145,3.7,-6.3,13,Hero,0.7875832342184507,1.0
1146,4.1000000000000005,-5.8999999999999995,9,Hero,0.75181695073843,1.0
1147,3.3,-6.7,17,Hero,0.679448004154598,1.0
1148,4.4,-5.6,6,Hero,0.6631350666284561,1.0
1149,4.1000000000000005,-5.8999999999999995,9,Hero,0.7125166257222494,1.0
1150,4.4,-5.6,6,Hero,0.9797514776388804,1.0
1151,3.6000000000000005,-6.3999999999999995,14,Hero,0.6627474214349475,1.0
1152,4.4,-5.6,6,Hero,0.9868779480457306,1.0
1153,4.1000000000000005,-5.8999999999999995,9,Hero,0.940764433807797,1.0
1154,3.9000000000000004,-6.1,11,Hero,0.7679731087251143,1.0
1155,4.1000000000000005,-5.8999999999999995,9,Hero,0.8346785373157926,1.0
1156,4.300000000000001,-5.699999999999999,7,Hero,0.8946508126599448,1.0
1157,3.9000000000000004,-6.1,11,Hero,0.8294305394996296,1.0
1158,4.7,-5.3,3,Hero,0.9779907663663229,1.0
1159,2.4999999999999996,-7.5,25,Hero,0.6949770419299602,1.0
1160,2.1999999999999993,-7.800000000000001,28,Hero,0.7074657186333623,1.0
1161,4.4,-5.6,6,Hero,0.9952689607938131,1.0
1162,2.3999999999999995,-7.6000000000000005,26,Hero,0.6175277050083073,1.0
1163,3.7,-6.3,13,Hero,0.6332611097739294,1.0
1164,2.8,-7.2,22,Hero,0.7677093744277954,1.0
1165,3.2,-6.8,18,Hero,0.6702314706312286,1.0
1166,4.300000000000001,-5.699999999999999,7,Hero,0.6910331440823418,1.0
1167,3.8000000000000007,-6.199999999999999,12,Hero,0.8041810790697733,1.0
1168,4.2,-5.8,8,Hero,0.8182671591639519,1.0
1169,4.2,-5.8,8,Hero,0.9975548535585403,1.0
1170,3.4000000000000004,-6.6,16,Hero,0.7457420919090509,1.0
1171,3.0999999999999996,-6.9,19,Hero,0.5788827503198072,1.0
1172,4.6000000000000005,-5.3999999999999995,4,Hero,0.8152570277452469,1.0
1173,3.0,-7.0,20,Hero,0.5971387955360115,1.0
1174,3.9000000000000004,-6.1,11,Hero,0.6790711229497736,1.0
1175,4.300000000000001,-5.699999999999999,7,Hero,0.7697880225522178,1.0
1176,4.2,-5.8,8,Hero,0.7098157331347466,1.0
1177,3.0,-7.0,20,Hero,0.7000499829649925,1.0
1178,4.300000000000001,-5.699999999999999,7,Hero,0.9746410165514264,1.0
1179,4.300000000000001,-5.699999999999999,7,Hero,0.848746338060924,1.0
1180,4.4,-5.6,6,Hero,0.6989568720261256,1.0
1181,3.8000000000000007,-6.199999999999999,12,Hero,0.7117801917095979,1.0
1182,4.1000000000000005,-5.8999999999999995,9,Hero,0.8203866498337852,1.0
1183,4.9,-5.1,1,Hero,0.8863810896873474,1.0
1184,2.3999999999999995,-7.6000000000000005,26,Hero,0.7486177350466068,1.0
1185,3.5,-6.5,15,Hero,0.6495287885268529,1.0
1186,4.7,-5.3,3,Hero,0.6450467457373937,1.0
1187,4.5,-5.5,5,Hero,0.7286224484443664,1.0
1188,4.300000000000001,-5.699999999999999,7,Hero,0.6189712381788662,1.0
1189,3.8000000000000007,-6.199999999999999,12,Hero,0.8440308893720309,1.0
1190,4.0,-6.0,10,Hero,0.8612595319747924,1.0
1191,4.300000000000001,-5.699999999999999,7,Hero,0.8347571279321399,1.0
1192,4.4,-5.6,6,Hero,0.7026935567458471,1.0
1193,4.5,-5.5,5,Hero,0.8748136043548584,1.0
1194,2.9,-7.1,21,Hero,0.7277181794246038,1.0
1195,2.6999999999999997,-7.300000000000001,23,Hero,0.7435000046439793,1.0
1196,4.2,-5.8,8,Hero,0.6764919497072697,1.0
1197,4.0,-6.0,10,Hero,0.8325336754322052,1.0
1198,4.0,-6.0,10,Hero,0.6882845461368561,1.0
1199,2.6999999999999997,-7.300000000000001,23,Hero,0.7582454568018084,1.0
1200,4.0,-6.0,10,Hero,0.7686528459191322,1.0
1201,3.2,-6.8,18,Hero,0.6657047644257545,1.0
1202,3.8000000000000007,-6.199999999999999,12,Hero,0.6113144941627979,1.0
1203,4.300000000000001,-5.699999999999999,7,Hero,0.6288396758692605,1.0
1204,4.300000000000001,-5.699999999999999,7,Hero,0.7957865808691297,1.0
1205,3.4000000000000004,-6.6,16,Hero,0.7283205292187631,1.0
1206,4.0,-6.0,10,Hero,0.830105209350586,1.0
1207,4.1000000000000005,-5.8999999999999995,9,Hero,0.9870780905087789,1.0
1208,4.2,-5.8,8,Hero,0.7766662612557411,1.0
1209,-5.6,4.4,6,Villain,0.4618750438094139,1.0
1210,-5.1,4.9,1,Villain,0.9947905540466309,1.0
1211,4.300000000000001,-5.699999999999999,7,Hero,0.7687711087720734,1.0
1212,2.8,-7.2,22,Hero,0.658181810031899,1.0
1213,4.6000000000000005,-5.3999999999999995,4,Hero,0.7665538713335991,1.0
1214,4.2,-5.8,8,Hero,0.9926978945732117,1.0
1215,4.300000000000001,-5.699999999999999,7,Hero,0.7383456251450947,1.0
1216,2.5999999999999996,-7.4,24,Hero,0.7114287723476688,1.0
1217,3.4000000000000004,-6.6,16,Hero,0.6469080317765474,1.0
1218,4.5,-5.5,5,Hero,0.8185760498046875,1.0
1219,4.800000000000001,-5.199999999999999,2,Hero,0.7247006893157959,1.0
1220,2.1999999999999993,-7.800000000000001,28,Hero,0.6520209370979241,1.0
1221,3.0999999999999996,-6.9,19,Hero,0.7150589157091943,1.0
1222,4.1000000000000005,-5.8999999999999995,9,Hero,0.713201062546836,1.0
1223,4.2,-5.8,8,Hero,0.8680451661348343,1.0
1224,4.300000000000001,-5.699999999999999,7,Hero,0.6631641968020371,1.0
1225,3.5,-6.5,15,Hero,0.6640929649273555,1.0
1226,2.5999999999999996,-7.4,24,Hero,0.8264664656793078,1.0
1227,0.40000000000000036,-9.6,46,Hero,0.9045366424581279,1.0
1228,-4.999999999999998,-4.999999999999998,50,None,0.8777185893058777,1.0
1229,2.6999999999999997,-7.300000000000001,23,Hero,0.9215600247616353,1.0
1230,4.4,-5.6,6,Hero,0.5073965465029081,1.0
1231,2.3999999999999995,-7.6000000000000005,26,Hero,0.7390444086721311,1.0
1232,4.5,-5.5,5,Hero,0.9984481930732727,1.0
1233,4.6000000000000005,-5.3999999999999995,4,Hero,0.5102390758693218,1.0
1234,2.5999999999999996,-7.4,24,Hero,0.7764231562614441,1.0
1235,3.9000000000000004,-6.1,11,Hero,0.7327695976604115,1.0
1236,4.4,-5.6,6,Hero,0.7099437713623047,1.0
1237,4.0,-6.0,10,Hero,0.6690913245081902,1.0
1238,4.300000000000001,-5.699999999999999,7,Hero,0.755773527281625,1.0
1239,4.9,-5.1,1,Hero,0.5997890830039978,1.0
1240,4.1000000000000005,-5.8999999999999995,9,Hero,0.8620643085903592,1.0
1241,4.800000000000001,-5.199999999999999,2,Hero,0.9696546196937561,1.0
1242,4.4,-5.6,6,Hero,0.8967036008834839,1.0
1243,4.5,-5.5,5,Hero,0.7536011502146721,1.0
1244,4.9,-5.1,1,Hero,0.9534151554107666,1.0
1245,4.0,-6.0,10,Hero,0.8072671264410018,1.0
1246,3.9000000000000004,-6.1,11,Hero,0.8224728838963942,1.0
1247,3.8000000000000007,-6.199999999999999,12,Hero,0.7913202494382858,1.0
1248,3.7,-6.3,13,Hero,0.702811136841774,1.0
1249,4.800000000000001,-5.199999999999999,2,Hero,0.9470836222171783,1.0
1250,4.0,-6.0,10,Hero,0.9409625411033631,1.0
1251,3.7,-6.3,13,Hero,0.7151950070491204,1.0
1252,4.4,-5.6,6,Hero,0.7661129633585612,1.0
1253,2.5999999999999996,-7.4,24,Hero,0.752118124316136,1.0
1254,4.5,-5.5,5,Hero,0.7988608770072461,1.0
1255,4.1000000000000005,-5.8999999999999995,9,Hero,0.7738786505328284,1.0
1256,3.6000000000000005,-6.3999999999999995,14,Hero,0.6851923742464611,1.0
1257,3.9000000000000004,-6.1,11,Hero,0.798210312019695,1.0
1258,3.9000000000000004,-6.1,11,Hero,0.7388887064192783,1.0
1259,4.4,-5.6,6,Hero,0.899175355831782,1.0
1260,4.2,-5.8,8,Hero,0.9364586472511292,1.0
1261,4.0,-6.0,10,Hero,0.8534921288490296,1.0
1262,4.6000000000000005,-5.3999999999999995,4,Hero,0.7491468414664268,1.0
1263,3.9000000000000004,-6.1,11,Hero,0.7883546135642312,1.0
1264,4.300000000000001,-5.699999999999999,7,Hero,0.6210517734289169,1.0
1265,4.1000000000000005,-5.8999999999999995,9,Hero,0.7062917219267951,1.0
1266,4.800000000000001,-5.199999999999999,2,Hero,0.98895463347435,1.0
1267,3.4000000000000004,-6.6,16,Hero,0.6925228238105774,1.0
1268,4.300000000000001,-5.699999999999999,7,Hero,0.7555890168462481,1.0
1269,4.1000000000000005,-5.8999999999999995,9,Hero,0.8843027585082583,1.0
1270,4.0,-6.0,10,Hero,0.8190354142338038,1.0
1271,4.0,-6.0,10,Hero,0.8400993090122938,1.0
1272,4.1000000000000005,-5.8999999999999995,9,Hero,0.9164111746682061,1.0
1273,4.7,-5.3,3,Hero,0.7821876207987467,1.0
1274,4.800000000000001,-5.199999999999999,2,Hero,0.968276858329773,1.0
1275,4.300000000000001,-5.699999999999999,7,Hero,0.9705173288072858,1.0
1276,3.9000000000000004,-6.1,11,Hero,0.7158918109807101,1.0
1277,4.1000000000000005,-5.8999999999999995,9,Hero,0.7567940652370453,1.0
1278,4.300000000000001,-5.699999999999999,7,Hero,0.9760740314211164,1.0
1279,4.4,-5.6,6,Hero,0.8776329606771469,1.0
1280,4.300000000000001,-5.699999999999999,7,Hero,0.9862204790115356,1.0
1281,4.800000000000001,-5.199999999999999,2,Hero,0.9455325901508331,1.0
1282,4.6000000000000005,-5.3999999999999995,4,Hero,0.7140951827168465,1.0
1283,4.300000000000001,-5.699999999999999,7,Hero,0.9911143183708191,1.0
1284,4.800000000000001,-5.199999999999999,2,Hero,0.6785010099411011,1.0
1285,3.8000000000000007,-6.199999999999999,12,Hero,0.7360412180423737,1.0
1286,3.0999999999999996,-6.9,19,Hero,0.6532110399321506,1.0
1287,4.4,-5.6,6,Hero,0.9933244983355204,1.0
1288,3.9000000000000004,-6.1,11,Hero,0.6540199491110715,1.0
1289,4.800000000000001,-5.199999999999999,2,Hero,0.6581752896308899,1.0
1290,4.0,-6.0,10,Hero,0.9490797877311706,1.0
1291,4.4,-5.6,6,Hero,0.7453432182470957,1.0
1292,4.6000000000000005,-5.3999999999999995,4,Hero,0.7182989567518234,1.0
1293,3.4000000000000004,-6.6,16,Hero,0.6942447456531227,1.0
1294,4.1000000000000005,-5.8999999999999995,9,Hero,0.8857886658774482,1.0
1295,3.4000000000000004,-6.6,16,Hero,0.7406018069013953,1.0
1296,4.6000000000000005,-5.3999999999999995,4,Hero,0.8810417950153351,1.0
1297,3.3,-6.7,17,Hero,0.7570851471494225,1.0
1298,4.300000000000001,-5.699999999999999,7,Hero,0.7310264919485364,1.0
1299,4.2,-5.8,8,Hero,0.950754888355732,1.0
1300,4.0,-6.0,10,Hero,0.7217358887195587,1.0
1301,4.4,-5.6,6,Hero,0.979181577761968,1.0
1302,4.4,-5.6,6,Hero,0.8318439871072769,1.0
1303,4.5,-5.5,5,Hero,0.8722108602523804,1.0
1304,-5.1,4.9,1,Villain,0.9999997615814209,1.0
1305,4.300000000000001,-5.699999999999999,7,Hero,0.7282146258013589,1.0
1306,-5.199999999999999,4.800000000000001,2,Villain,0.761398583650589,1.0
1307,4.0,-6.0,10,Hero,0.9078161977231503,1.0
1308,3.8000000000000007,-6.199999999999999,12,Hero,0.8057524065176646,1.0
1309,4.2,-5.8,8,Hero,0.6764430198818445,1.0
1310,4.300000000000001,-5.699999999999999,7,Hero,0.7278773720775332,1.0
1311,4.1000000000000005,-5.8999999999999995,9,Hero,0.653361138370302,1.0
1312,4.5,-5.5,5,Hero,0.8581633150577546,1.0
1313,4.0,-6.0,10,Hero,0.8953192919492722,1.0
1314,3.4000000000000004,-6.6,16,Hero,0.6606385624036193,1.0
1315,4.4,-5.6,6,Hero,0.5835289135575294,1.0
1316,3.8000000000000007,-6.199999999999999,12,Hero,0.7402694237728914,1.0
1317,4.6000000000000005,-5.3999999999999995,4,Hero,0.9994639009237289,1.0
1318,4.0,-6.0,10,Hero,0.664023645222187,1.0
1319,3.6000000000000005,-6.3999999999999995,14,Hero,0.6315684595278331,1.0
1320,3.8000000000000007,-6.199999999999999,12,Hero,0.8007500041276217,1.0
1321,4.2,-5.8,8,Hero,0.9602670967578888,1.0
1322,2.6999999999999997,-7.300000000000001,23,Hero,0.7115090444036152,1.0
1323,4.9,-5.1,1,Hero,0.9798194766044617,1.0
1324,2.9,-7.1,21,Hero,0.7517547621613457,1.0
1325,3.9000000000000004,-6.1,11,Hero,0.7372488095001741,1.0
1326,4.7,-5.3,3,Hero,0.7188996424277624,1.0
1327,3.8000000000000007,-6.199999999999999,12,Hero,0.8005697851379713,1.0
1328,4.2,-5.8,8,Hero,0.695315370336175,1.0
1329,4.4,-5.6,6,Hero,0.6614981591701508,1.0
1330,2.9,-7.1,21,Hero,0.7060563780722164,1.0
1331,3.8000000000000007,-6.199999999999999,12,Hero,0.836186354358991,1.0
1332,3.8000000000000007,-6.199999999999999,12,Hero,0.719292014837265,1.0
1333,3.9000000000000004,-6.1,11,Hero,0.8775709732012316,1.0
1334,3.6000000000000005,-6.3999999999999995,14,Hero,0.7127639736448016,1.0
1335,4.6000000000000005,-5.3999999999999995,4,Hero,0.9973620027303696,1.0
1336,2.8,-7.2,22,Hero,0.6725470572710037,1.0
1337,3.8000000000000007,-6.199999999999999,12,Hero,0.6161010178426901,1.0
1338,2.9,-7.1,21,Hero,0.632112523479875,1.0
1339,3.9000000000000004,-6.1,11,Hero,0.5991706638173624,1.0
1340,3.2,-6.8,18,Hero,0.7717365142371919,1.0
1341,4.300000000000001,-5.699999999999999,7,Hero,0.8542041948863438,1.0
1342,2.6999999999999997,-7.300000000000001,23,Hero,0.7233150601387024,1.0
1343,4.5,-5.5,5,Hero,0.6111208111047745,1.0
1344,3.7,-6.3,13,Hero,0.7987746160763961,1.0
1345,2.4999999999999996,-7.5,25,Hero,0.6950082144141198,1.0
1346,3.9000000000000004,-6.1,11,Hero,0.8644323321906003,1.0
1347,4.2,-5.8,8,Hero,0.6096686758100986,1.0
1348,3.4000000000000004,-6.6,16,Hero,0.667654340621084,1.0
1349,4.1000000000000005,-5.8999999999999995,9,Hero,0.8778753777345022,1.0
1350,4.2,-5.8,8,Hero,0.9998270869255066,1.0
1351,4.6000000000000005,-5.3999999999999995,4,Hero,0.8054772764444351,1.0
1352,3.9000000000000004,-6.1,11,Hero,0.6808164289051836,1.0
1353,3.8000000000000007,-6.199999999999999,12,Hero,0.791443731635809,1.0
1354,3.4000000000000004,-6.6,16,Hero,0.6987637281417847,1.0
1355,3.9000000000000004,-6.1,11,Hero,0.8425733690912073,1.0
1356,3.3,-6.7,17,Hero,0.6950218975543976,1.0
1357,3.6000000000000005,-6.3999999999999995,14,Hero,0.7472481025116784,1.0
1358,3.2,-6.8,18,Hero,0.6530951207710637,1.0
1359,3.9000000000000004,-6.1,11,Hero,0.6980589628219604,1.0
1360,4.9,-5.1,1,Hero,0.9939175248146057,1.0
1361,3.9000000000000004,-6.1,11,Hero,0.7208730442957445,1.0
1362,4.1000000000000005,-5.8999999999999995,9,Hero,0.8961805436346266,1.0
1363,4.2,-5.8,8,Hero,0.6884240210056305,1.0
1364,3.9000000000000004,-6.1,11,Hero,0.9021454318003221,1.0
1365,4.2,-5.8,8,Hero,0.7416431419551373,1.0
1366,4.800000000000001,-5.199999999999999,2,Hero,0.9990565776824951,1.0
1367,3.4000000000000004,-6.6,16,Hero,0.7075053881853819,1.0
1368,3.3,-6.7,17,Hero,0.6869223538567039,1.0
1369,3.9000000000000004,-6.1,11,Hero,0.7190159505063837,1.0
1370,2.9,-7.1,21,Hero,0.711239483384859,1.0
1371,4.2,-5.8,8,Hero,0.9444755613803864,1.0
1372,3.7,-6.3,13,Hero,0.6888998265449817,1.0
1373,3.7,-6.3,13,Hero,0.8202354036844693,1.0
1374,3.9000000000000004,-6.1,11,Hero,0.7030815116383813,1.0
1375,4.2,-5.8,8,Hero,0.7219224013388157,1.0
1376,4.1000000000000005,-5.8999999999999995,9,Hero,0.7724007533656226,1.0
1377,3.3,-6.7,17,Hero,0.6986785053330309,1.0
1378,3.9000000000000004,-6.1,11,Hero,0.6915978829969059,1.0
1379,3.4000000000000004,-6.6,16,Hero,0.5977876763790846,1.0
1380,3.0,-7.0,20,Hero,0.6635619979351759,1.0
1381,4.2,-5.8,8,Hero,0.8518139906227589,1.0
1382,4.2,-5.8,8,Hero,0.7433633022010326,1.0
1383,4.7,-5.3,3,Hero,0.5484248499075571,1.0
1384,4.5,-5.5,5,Hero,0.9891382217407226,1.0
1385,3.4000000000000004,-6.6,16,Hero,0.8035071892663836,1.0
1386,4.4,-5.6,6,Hero,0.6952127317587534,1.0
1387,4.800000000000001,-5.199999999999999,2,Hero,0.9678699374198914,1.0
1388,4.1000000000000005,-5.8999999999999995,9,Hero,0.788477920823627,1.0
1389,4.6000000000000005,-5.3999999999999995,4,Hero,0.7910506427288055,1.0
1390,3.8000000000000007,-6.199999999999999,12,Hero,0.7424813980857531,1.0
1391,4.0,-6.0,10,Hero,0.8772292628884315,1.0
1392,4.800000000000001,-5.199999999999999,2,Hero,0.9835759997367859,1.0
1393,3.9000000000000004,-6.1,11,Hero,0.8393604511564429,1.0
1394,3.5,-6.5,15,Hero,0.7763985812664032,1.0
1395,4.5,-5.5,5,Hero,0.5533909857273102,1.0
1396,3.6000000000000005,-6.3999999999999995,14,Hero,0.6458767109683582,1.0
1397,4.300000000000001,-5.699999999999999,7,Hero,0.9816206863948277,1.0
1398,3.4000000000000004,-6.6,16,Hero,0.7312162260059267,1.0
1399,2.8,-7.2,22,Hero,0.6914928836578672,1.0
1400,4.1000000000000005,-5.8999999999999995,9,Hero,0.8535903361108568,1.0
1401,3.8000000000000007,-6.199999999999999,12,Hero,0.7296783874432246,1.0
1402,2.9,-7.1,21,Hero,0.7026906183787754,1.0
1403,3.9000000000000004,-6.1,11,Hero,0.8565484691749919,1.0
1404,3.6000000000000005,-6.3999999999999995,14,Hero,0.8204863390752247,1.0
1405,4.7,-5.3,3,Hero,0.9985683163007101,1.0
1406,4.300000000000001,-5.699999999999999,7,Hero,0.7373998761177063,1.0
1407,4.2,-5.8,8,Hero,0.998663529753685,1.0
1408,4.0,-6.0,10,Hero,0.7838063180446625,1.0
1409,3.0999999999999996,-6.9,19,Hero,0.6654118079888193,1.0
1410,4.7,-5.3,3,Hero,0.8214654723803202,1.0
1411,4.4,-5.6,6,Hero,0.9980685909589132,1.0
1412,4.1000000000000005,-5.8999999999999995,9,Hero,0.7526388863722483,1.0
1413,3.2,-6.8,18,Hero,0.687144983249406,1.0
1414,4.1000000000000005,-5.8999999999999995,9,Hero,0.7257745597097609,1.0
1415,4.4,-5.6,6,Hero,0.9984515905380249,1.0
1416,4.300000000000001,-5.699999999999999,7,Hero,0.99798241683415,1.0
1417,4.4,-5.6,6,Hero,0.7342427919308344,1.0
1418,3.4000000000000004,-6.6,16,Hero,0.7918087039142847,1.0
1419,4.300000000000001,-5.699999999999999,7,Hero,0.8690981588193348,1.0
1420,4.5,-5.5,5,Hero,0.9972402811050415,1.0
1421,4.2,-5.8,8,Hero,0.7250806391239166,1.0
1422,4.5,-5.5,5,Hero,0.7204296946525574,1.0
1423,4.1000000000000005,-5.8999999999999995,9,Hero,0.8789376185999976,1.0
1424,3.4000000000000004,-6.6,16,Hero,0.7185725502990863,1.0
1425,3.6000000000000005,-6.3999999999999995,14,Hero,0.7021395915320942,1.0
1426,4.4,-5.6,6,Hero,0.8403135438760122,1.0
1427,4.1000000000000005,-5.8999999999999995,9,Hero,0.8872767090797424,1.0
1428,4.4,-5.6,6,Hero,0.9182112713654836,1.0
1429,3.6000000000000005,-6.3999999999999995,14,Hero,0.6786884250385421,1.0
1430,4.300000000000001,-5.699999999999999,7,Hero,0.7718879474060876,1.0
1431,4.5,-5.5,5,Hero,0.944581151008606,1.0
1432,3.7,-6.3,13,Hero,0.7865519569470332,1.0
1433,4.6000000000000005,-5.3999999999999995,4,Hero,0.9931847453117371,1.0
1434,4.300000000000001,-5.699999999999999,7,Hero,0.9383772952216012,1.0
1435,3.4000000000000004,-6.6,16,Hero,0.6677800952456892,1.0
1436,4.9,-5.1,1,Hero,0.9776480197906494,1.0
1437,2.9,-7.1,21,Hero,0.7469834777570906,1.0
1438,3.9000000000000004,-6.1,11,Hero,0.7613031796433709,1.0
1439,3.0,-7.0,20,Hero,0.7230306200683116,1.0
1440,3.9000000000000004,-6.1,11,Hero,0.8220376541668718,1.0
1441,4.2,-5.8,8,Hero,0.765663392841816,1.0
1442,4.1000000000000005,-5.8999999999999995,9,Hero,0.9315855635537041,1.0
1443,4.5,-5.5,5,Hero,0.741448438167572,1.0
1444,4.1000000000000005,-5.8999999999999995,9,Hero,0.8666014638211992,1.0
1445,3.9000000000000004,-6.1,11,Hero,0.8812081786719236,1.0
1446,3.7,-6.3,13,Hero,0.6615794278108157,1.0
1447,4.7,-5.3,3,Hero,0.6734651525815328,1.0
1448,3.9000000000000004,-6.1,11,Hero,0.9186791777610779,1.0
1449,4.1000000000000005,-5.8999999999999995,9,Hero,0.7237289879057143,1.0
1450,4.5,-5.5,5,Hero,0.9825140953063964,1.0
1451,2.4999999999999996,-7.5,25,Hero,0.7056413286924362,1.0
1452,4.5,-5.5,5,Hero,0.7726332664489746,1.0
1453,4.2,-5.8,8,Hero,0.9976417943835258,1.0
1454,4.0,-6.0,10,Hero,0.9271047711372375,1.0
1455,4.9,-5.1,1,Hero,0.9964451193809509,1.0
1456,3.3,-6.7,17,Hero,0.6803479177110335,1.0
1457,4.300000000000001,-5.699999999999999,7,Hero,0.9757544142859322,1.0
1458,4.300000000000001,-5.699999999999999,7,Hero,0.7135780690503972,1.0
1459,4.1000000000000005,-5.8999999999999995,9,Hero,0.8856629729270935,1.0
1460,4.2,-5.8,8,Hero,0.7768577188253403,1.0
1461,3.3,-6.7,17,Hero,0.7678179999484736,1.0
1462,4.1000000000000005,-5.8999999999999995,9,Hero,0.9296590420934889,1.0
1463,3.0999999999999996,-6.9,19,Hero,0.6652604653254935,1.0
1464,3.9000000000000004,-6.1,11,Hero,0.8978287956931374,1.0
1465,4.800000000000001,-5.199999999999999,2,Hero,0.8771638572216034,1.0
1466,4.7,-5.3,3,Hero,0.9982783993085226,1.0
1467,4.4,-5.6,6,Hero,0.9561203420162201,1.0
1468,4.9,-5.1,1,Hero,0.9778020977973938,1.0
1469,4.1000000000000005,-5.8999999999999995,9,Hero,0.8465536634127299,1.0
1470,4.2,-5.8,8,Hero,0.6731516551226377,1.0
1471,2.9,-7.1,21,Hero,0.6916511495198522,1.0
1472,4.1000000000000005,-5.8999999999999995,9,Hero,0.7756838699181875,1.0
1473,4.4,-5.6,6,Hero,0.9636271198590597,1.0
1474,4.0,-6.0,10,Hero,0.8769044786691665,1.0
1475,2.6999999999999997,-7.300000000000001,23,Hero,0.7170635170262792,1.0
1476,3.8000000000000007,-6.199999999999999,12,Hero,0.8714015434185663,1.0
1477,4.6000000000000005,-5.3999999999999995,4,Hero,0.9839809387922287,1.0
1478,3.7,-6.3,13,Hero,0.6398403163139637,1.0
1479,3.4000000000000004,-6.6,16,Hero,0.7767389533109963,1.0
1480,4.6000000000000005,-5.3999999999999995,4,Hero,0.9642887562513351,1.0
1481,4.800000000000001,-5.199999999999999,2,Hero,0.9637626111507416,1.0
1482,4.4,-5.6,6,Hero,0.7861592744787534,1.0
1483,3.0999999999999996,-6.9,19,Hero,0.7188666682494315,1.0
1484,4.6000000000000005,-5.3999999999999995,4,Hero,0.995279848575592,1.0
1485,3.7,-6.3,13,Hero,0.6960519903267806,1.0
1486,3.9000000000000004,-6.1,11,Hero,0.8207503259181976,1.0
1487,4.1000000000000005,-5.8999999999999995,9,Hero,0.7564158737659454,1.0
1488,3.7,-6.3,13,Hero,0.6906231572994819,1.0
1489,4.6000000000000005,-5.3999999999999995,4,Hero,0.830484002828598,1.0
1490,3.4000000000000004,-6.6,16,Hero,0.7579790148884058,1.0
1491,4.4,-5.6,6,Hero,0.9888096849123637,1.0
1492,2.8,-7.2,22,Hero,0.6434896256436001,1.0
1493,3.9000000000000004,-6.1,11,Hero,0.8956146456978538,1.0
1494,3.7,-6.3,13,Hero,0.6959291719473325,1.0
1495,-5.1,4.9,1,Villain,0.9981478452682495,1.0
1496,4.4,-5.6,6,Hero,0.7646392037471136,1.0
1497,3.0999999999999996,-6.9,19,Hero,0.6461568670837503,1.0
1498,4.9,-5.1,1,Hero,0.9726040959358215,1.0
1499,4.6000000000000005,-5.3999999999999995,4,Hero,0.7427868247032166,1.0
1500,4.0,-6.0,10,Hero,0.7572766669094563,1.0
1501,3.6000000000000005,-6.3999999999999995,14,Hero,0.7414855659008026,1.0
1502,4.2,-5.8,8,Hero,0.9080896377563477,1.0
1503,4.4,-5.6,6,Hero,0.6643846233685812,1.0
1504,4.300000000000001,-5.699999999999999,7,Hero,0.6541257500648499,1.0
1505,3.4000000000000004,-6.6,16,Hero,0.6754268128424883,1.0
1506,3.9000000000000004,-6.1,11,Hero,0.7863778309388594,1.0
1507,4.6000000000000005,-5.3999999999999995,4,Hero,0.80892613530159,1.0
1508,3.9000000000000004,-6.1,11,Hero,0.7213243645700541,1.0
1509,4.2,-5.8,8,Hero,0.6915381290018559,1.0
1510,4.7,-5.3,3,Hero,0.6557639241218567,1.0
1511,4.300000000000001,-5.699999999999999,7,Hero,0.7779813749449593,1.0
1512,4.300000000000001,-5.699999999999999,7,Hero,0.8663756591933114,1.0
1513,2.5999999999999996,-7.4,24,Hero,0.6886103351910909,1.0
1514,1.0999999999999983,-8.900000000000002,39,Hero,0.756126819894864,1.0
1515,3.5,-6.5,15,Hero,0.7137582649787267,1.0
1516,3.9000000000000004,-6.1,11,Hero,0.8185511929067698,1.0
1517,4.4,-5.6,6,Hero,0.9157437086105347,1.0
1518,4.1000000000000005,-5.8999999999999995,9,Hero,0.9905407031377157,1.0
1519,4.300000000000001,-5.699999999999999,7,Hero,0.8460019401141575,1.0
1520,4.0,-6.0,10,Hero,0.8089677006006241,1.0
1521,-5.1,4.9,1,Villain,1.0,1.0
1522,3.9000000000000004,-6.1,11,Hero,0.6677974299951033,1.0
1523,3.7,-6.3,13,Hero,0.8357737110211299,1.0
1524,3.4000000000000004,-6.6,16,Hero,0.8045401386916637,1.0
1525,4.300000000000001,-5.699999999999999,7,Hero,0.7939699334757668,1.0
1526,4.5,-5.5,5,Hero,0.7660145461559296,1.0
1527,4.2,-5.8,8,Hero,0.9947099909186363,1.0
1528,4.5,-5.5,5,Hero,0.7636632144451141,1.0
1529,-5.199999999999999,4.800000000000001,2,Villain,0.6463173031806946,1.0
1530,4.9,-5.1,1,Hero,0.47328901290893555,1.0
1531,4.300000000000001,-5.699999999999999,7,Hero,0.5817620956471988,1.0
1532,4.300000000000001,-5.699999999999999,7,Hero,0.8318948830877032,1.0
1533,4.300000000000001,-5.699999999999999,7,Hero,0.5605488164084298,1.0
1534,4.0,-6.0,10,Hero,0.7538934588432312,1.0
1535,3.0,-7.0,20,Hero,0.6922944851219655,1.0
1536,2.9,-7.1,21,Hero,0.7697292864322662,1.0
1537,4.0,-6.0,10,Hero,0.7083176910877228,1.0
1538,3.6000000000000005,-6.3999999999999995,14,Hero,0.706556784255164,1.0
1539,3.2,-6.8,18,Hero,0.6680317407266961,1.0
1540,4.6000000000000005,-5.3999999999999995,4,Hero,0.9975165724754333,1.0
1541,4.1000000000000005,-5.8999999999999995,9,Hero,0.8253281993998421,1.0
1542,4.2,-5.8,8,Hero,0.8486474454402924,1.0
1543,4.4,-5.6,6,Hero,0.8024370471636454,1.0
1544,4.2,-5.8,8,Hero,0.513602995313704,1.0
1545,4.5,-5.5,5,Hero,0.8154613614082337,1.0
1546,2.8,-7.2,22,Hero,0.7059978966347196,1.0
1547,3.6000000000000005,-6.3999999999999995,14,Hero,0.7061952437673297,1.0
1548,3.8000000000000007,-6.199999999999999,12,Hero,0.8266279349724451,1.0
1549,2.3999999999999995,-7.6000000000000005,26,Hero,0.778905605754027,1.0
1550,1.3999999999999986,-8.600000000000001,36,Hero,0.7618232626054022,1.0
1551,3.0999999999999996,-6.9,19,Hero,0.6435297457011122,1.0
1552,0.3000000000000007,-9.7,47,Hero,0.9244230888744301,1.0
1553,4.9,-5.1,1,Hero,0.7872655391693115,1.0
1554,4.9,-5.1,1,Hero,0.9963330030441284,1.0
1555,2.8,-7.2,22,Hero,0.7168544544415041,1.0
1556,2.6999999999999997,-7.300000000000001,23,Hero,0.6858531482841658,1.0
1557,3.9000000000000004,-6.1,11,Hero,0.9004803191531788,1.0
1558,4.2,-5.8,8,Hero,0.9995014294981956,1.0
1559,4.2,-5.8,8,Hero,0.6944296807050705,1.0
1560,-5.3999999999999995,4.6000000000000005,4,Villain,0.5377671793103218,1.0
1561,2.6999999999999997,-7.300000000000001,23,Hero,0.6801061205889868,1.0
1562,4.800000000000001,-5.199999999999999,2,Hero,0.9933448433876038,1.0
1563,1.9999999999999991,-8.0,30,Hero,0.9302698048452537,1.0
1564,1.9999999999999991,-8.0,30,Hero,0.8558300152420998,1.0
1565,3.8000000000000007,-6.199999999999999,12,Hero,0.8707803698877493,1.0
1566,3.7,-6.3,13,Hero,0.7423673466994212,1.0
1567,3.9000000000000004,-6.1,11,Hero,0.6754568280144171,1.0
1568,2.9,-7.1,21,Hero,0.6739165339441526,1.0
1569,4.4,-5.6,6,Hero,0.8032250305016836,1.0
1570,3.6000000000000005,-6.3999999999999995,14,Hero,0.6929642558097839,1.0
1571,3.7,-6.3,13,Hero,0.7029866610582058,1.0
1572,2.1999999999999993,-7.800000000000001,28,Hero,0.681886645832232,1.0
1573,4.4,-5.6,6,Hero,0.7246585935354233,1.0
1574,2.3999999999999995,-7.6000000000000005,26,Hero,0.6363299179535645,1.0
1575,3.8000000000000007,-6.199999999999999,12,Hero,0.7694901203115782,1.0
1576,2.3999999999999995,-7.6000000000000005,26,Hero,0.6777728853317407,1.0
1577,4.2,-5.8,8,Hero,0.9854135140776634,1.0
1578,3.9000000000000004,-6.1,11,Hero,0.7594914239915934,1.0
1579,3.7,-6.3,13,Hero,0.7048358103403678,1.0
1580,4.1000000000000005,-5.8999999999999995,9,Hero,0.9857451518376669,1.0
1581,3.4000000000000004,-6.6,16,Hero,0.7224118318408728,1.0
1582,2.8,-7.2,22,Hero,0.5643718605014411,1.0
1583,4.0,-6.0,10,Hero,0.807236784696579,1.0
1584,3.8000000000000007,-6.199999999999999,12,Hero,0.809757928053538,1.0
1585,2.9,-7.1,21,Hero,0.6725568635211814,1.0
1586,3.0,-7.0,20,Hero,0.7096165750175715,1.0
1587,3.4000000000000004,-6.6,16,Hero,0.7615626212209463,1.0
1588,3.7,-6.3,13,Hero,0.7877032367082742,1.0
1589,2.5999999999999996,-7.4,24,Hero,0.7587133968869845,1.0
1590,4.1000000000000005,-5.8999999999999995,9,Hero,0.7740790893634161,1.0
1591,3.3,-6.7,17,Hero,0.6136851131039507,1.0
1592,4.4,-5.6,6,Hero,0.790035660068194,1.0
1593,3.9000000000000004,-6.1,11,Hero,0.7017778876152906,1.0
1594,4.1000000000000005,-5.8999999999999995,9,Hero,0.6528099634581142,1.0
1595,3.3,-6.7,17,Hero,0.6856886446475983,1.0
1596,3.9000000000000004,-6.1,11,Hero,0.7950188653035597,1.0
1597,3.3,-6.7,17,Hero,0.6589503980734769,1.0
1598,3.8000000000000007,-6.199999999999999,12,Hero,0.8246636862556139,1.0
1599,4.2,-5.8,8,Hero,0.9939504712820053,1.0
1600,3.7,-6.3,13,Hero,0.7860221822674458,1.0
1601,3.9000000000000004,-6.1,11,Hero,0.8160438104109331,1.0
1602,2.8,-7.2,22,Hero,0.656924270093441,1.0
1603,4.7,-5.3,3,Hero,0.9594365159670512,1.0
1604,4.4,-5.6,6,Hero,0.8896186649799347,1.0
1605,3.9000000000000004,-6.1,11,Hero,0.7507813627069647,1.0
1606,4.0,-6.0,10,Hero,0.8089711323380471,1.0
1607,4.300000000000001,-5.699999999999999,7,Hero,0.8022421896457672,1.0
1608,4.2,-5.8,8,Hero,0.7279692441225052,1.0
1609,-5.1,4.9,1,Villain,0.14257466793060303,1.0
1610,3.9000000000000004,-6.1,11,Hero,0.8379209285432642,1.0
1611,4.300000000000001,-5.699999999999999,7,Hero,0.9351321288517543,1.0
1612,3.9000000000000004,-6.1,11,Hero,0.7245085293596442,1.0
1613,3.9000000000000004,-6.1,11,Hero,0.9031101302667097,1.0
1614,4.7,-5.3,3,Hero,0.7413407663504282,1.0
1615,-4.999999999999998,-4.999999999999998,50,None,0.8886784088611602,1.0
1616,4.7,-5.3,3,Hero,0.7354087481896082,1.0
1617,4.0,-6.0,10,Hero,0.8830692321062088,1.0
1618,3.9000000000000004,-6.1,11,Hero,0.776341755324128,1.0
1619,4.800000000000001,-5.199999999999999,2,Hero,0.9059571027755737,1.0
1620,4.0,-6.0,10,Hero,0.7975794494152069,1.0
1621,4.1000000000000005,-5.8999999999999995,9,Hero,0.8290760301881366,1.0
1622,3.9000000000000004,-6.1,11,Hero,0.9116135835647583,1.0
1623,3.9000000000000004,-6.1,11,Hero,0.7938713241707195,1.0
1624,3.9000000000000004,-6.1,11,Hero,0.8658783517100594,1.0
1625,-5.3999999999999995,4.6000000000000005,4,Villain,0.714578066021204,1.0
1626,3.7,-6.3,13,Hero,0.8897342360936679,1.0
1627,4.1000000000000005,-5.8999999999999995,9,Hero,0.9357268379794227,1.0
1628,4.2,-5.8,8,Hero,0.8178208917379379,1.0
1629,3.5,-6.5,15,Hero,0.7812425752480825,1.0
1630,4.2,-5.8,8,Hero,0.8490428552031517,1.0
1631,4.5,-5.5,5,Hero,0.8209550619125366,1.0
1632,4.2,-5.8,8,Hero,0.7704590074717999,1.0
1633,4.2,-5.8,8,Hero,0.9794561788439751,1.0
1634,4.800000000000001,-5.199999999999999,2,Hero,0.9872857928276062,1.0
1635,4.300000000000001,-5.699999999999999,7,Hero,0.8551593401602336,1.0
1636,3.3,-6.7,17,Hero,0.8596699754981434,1.0
1637,4.7,-5.3,3,Hero,0.7782418727874756,1.0
1638,1.6999999999999988,-8.3,33,Hero,0.8181707843235044,1.0
1639,4.6000000000000005,-5.3999999999999995,4,Hero,0.7146519124507904,1.0
1640,3.0,-7.0,20,Hero,0.717460623383522,1.0
1641,-5.3999999999999995,4.6000000000000005,4,Villain,0.7787282280623913,1.0
1642,2.3999999999999995,-7.6000000000000005,26,Hero,0.7576930915506986,1.0
1643,-4.999999999999998,-4.999999999999998,50,None,0.9742414876818657,1.0
1644,4.4,-5.6,6,Hero,0.8041378458340963,1.0
1645,0.10000000000000142,-9.899999999999999,49,Hero,0.8237565023045302,1.0
1646,-4.999999999999998,-4.999999999999998,50,None,0.8463845534622669,1.0
1647,-4.999999999999998,-4.999999999999998,50,None,0.898797909617424,1.0
1648,-4.999999999999998,-4.999999999999998,50,None,0.9464955848455429,1.0
1649,-4.999999999999998,-4.999999999999998,50,None,0.8902525815367699,1.0
1650,4.7,-5.3,3,Hero,0.9999032616615295,1.0
1651,-4.999999999999998,-4.999999999999998,50,None,0.9080744297802448,1.0
1652,2.8,-7.2,22,Hero,0.8530518073927272,1.0
1653,3.4000000000000004,-6.6,16,Hero,0.7222475078888237,1.0
1654,4.4,-5.6,6,Hero,0.9312223196029663,1.0
1655,3.9000000000000004,-6.1,11,Hero,0.7548160038211129,1.0
1656,3.6000000000000005,-6.3999999999999995,14,Hero,0.7119616254099778,1.0
1657,3.8000000000000007,-6.199999999999999,12,Hero,0.741328607002894,1.0
1658,3.8000000000000007,-6.199999999999999,12,Hero,0.8470814079046249,1.0
1659,4.0,-6.0,10,Hero,0.791309928894043,1.0
1660,3.0999999999999996,-6.9,19,Hero,0.6043737671877208,1.0
1661,4.4,-5.6,6,Hero,0.75582022468249,1.0
1662,4.7,-5.3,3,Hero,0.9998841285705566,1.0
1663,4.5,-5.5,5,Hero,0.8405620574951171,1.0
1664,4.5,-5.5,5,Hero,0.8460087895393371,1.0
1665,4.0,-6.0,10,Hero,0.7023133650422096,1.0
1666,4.5,-5.5,5,Hero,0.8603707313537597,1.0
1667,4.2,-5.8,8,Hero,0.976803332567215,1.0
1668,3.7,-6.3,13,Hero,0.7765498207165644,1.0
1669,3.8000000000000007,-6.199999999999999,12,Hero,0.7520693615078926,1.0
1670,4.5,-5.5,5,Hero,0.8142662286758423,1.0
1671,4.7,-5.3,3,Hero,0.7182558427254359,1.0
1672,4.9,-5.1,1,Hero,0.9996071457862854,1.0
1673,3.8000000000000007,-6.199999999999999,12,Hero,0.7462373388310274,1.0
1674,4.300000000000001,-5.699999999999999,7,Hero,0.7814903344426837,1.0
1675,4.4,-5.6,6,Hero,0.9081632792949677,1.0
1676,3.9000000000000004,-6.1,11,Hero,0.8956904140385714,1.0
1677,3.6000000000000005,-6.3999999999999995,14,Hero,0.8434448327336993,1.0
1678,4.0,-6.0,10,Hero,0.7623146519064903,1.0
1679,4.4,-5.6,6,Hero,0.934791366259257,1.0
1680,4.0,-6.0,10,Hero,0.7604590341448784,1.0
1681,4.0,-6.0,10,Hero,0.7872792989015579,1.0
1682,4.300000000000001,-5.699999999999999,7,Hero,0.6753480434417725,1.0
1683,4.5,-5.5,5,Hero,0.7539664447307587,1.0
1684,4.0,-6.0,10,Hero,0.8835036873817443,1.0
1685,4.2,-5.8,8,Hero,0.9265525564551353,1.0
1686,4.300000000000001,-5.699999999999999,7,Hero,0.8493245584624154,1.0
1687,4.7,-5.3,3,Hero,0.9999231298764547,1.0
1688,3.8000000000000007,-6.199999999999999,12,Hero,0.8636309107144674,1.0
1689,-5.3,4.7,3,Villain,0.9996914068857828,1.0
1690,4.1000000000000005,-5.8999999999999995,9,Hero,0.8055662314097086,1.0
1691,4.300000000000001,-5.699999999999999,7,Hero,0.9963263613837106,1.0
1692,3.9000000000000004,-6.1,11,Hero,0.7586559924212369,1.0
1693,4.300000000000001,-5.699999999999999,7,Hero,0.7890024355479649,1.0
1694,3.9000000000000004,-6.1,11,Hero,0.7228962101719596,1.0
1695,4.300000000000001,-5.699999999999999,7,Hero,0.7204682784421104,1.0
1696,4.1000000000000005,-5.8999999999999995,9,Hero,0.6934990684191386,1.0
1697,4.300000000000001,-5.699999999999999,7,Hero,0.8423310177666801,1.0
1698,3.6000000000000005,-6.3999999999999995,14,Hero,0.5627565894808088,1.0
1699,4.4,-5.6,6,Hero,0.6764204824964205,1.0
1700,4.800000000000001,-5.199999999999999,2,Hero,0.9958327114582062,1.0
1701,3.7,-6.3,13,Hero,0.8514281373757583,1.0
1702,4.5,-5.5,5,Hero,0.9971439242362976,1.0
1703,4.4,-5.6,6,Hero,0.7699211637179056,1.0
1704,2.8,-7.2,22,Hero,0.753753849728541,1.0
1705,2.9,-7.1,21,Hero,0.6392203931297574,1.0
1706,3.3,-6.7,17,Hero,0.681411925045883,1.0
1707,4.9,-5.1,1,Hero,0.9972414970397949,1.0
1708,4.2,-5.8,8,Hero,0.9962073713541031,1.0
1709,4.2,-5.8,8,Hero,0.9411577582359314,1.0
1710,2.8,-7.2,22,Hero,0.6391217315738852,1.0
1711,3.8000000000000007,-6.199999999999999,12,Hero,0.8014754255612692,1.0
1712,4.1000000000000005,-5.8999999999999995,9,Hero,0.9397150211864047,1.0
1713,-5.199999999999999,4.800000000000001,2,Villain,0.9998190999031067,1.0
1714,3.9000000000000004,-6.1,11,Hero,0.7666566561568867,1.0
1715,4.1000000000000005,-5.8999999999999995,9,Hero,0.7879212730460696,1.0
1716,4.4,-5.6,6,Hero,0.9838955501715342,1.0
1717,4.0,-6.0,10,Hero,0.7974360525608063,1.0
1718,4.2,-5.8,8,Hero,0.837515652179718,1.0
1719,4.0,-6.0,10,Hero,0.8985685706138611,1.0
1720,4.2,-5.8,8,Hero,0.9900663271546364,1.0
1721,3.6000000000000005,-6.3999999999999995,14,Hero,0.7371654020888465,1.0
1722,3.8000000000000007,-6.199999999999999,12,Hero,0.8334077050288519,1.0
1723,3.3,-6.7,17,Hero,0.6797740345492083,1.0
1724,3.9000000000000004,-6.1,11,Hero,0.8453354347835887,1.0
1725,4.0,-6.0,10,Hero,0.8175397276878357,1.0
1726,4.1000000000000005,-5.8999999999999995,9,Hero,0.9958477285173204,1.0
1727,3.5,-6.5,15,Hero,0.7997723321119944,1.0
1728,4.2,-5.8,8,Hero,0.6776351649314165,1.0
1729,4.300000000000001,-5.699999999999999,7,Hero,0.9761552810668945,1.0
1730,4.0,-6.0,10,Hero,0.9646410584449768,1.0
1731,4.1000000000000005,-5.8999999999999995,9,Hero,0.9133310185538398,1.0
1732,3.7,-6.3,13,Hero,0.8335258708550379,1.0
1733,3.2,-6.8,18,Hero,0.6801159512251616,1.0
1734,4.5,-5.5,5,Hero,0.7678260564804077,1.0
1735,4.800000000000001,-5.199999999999999,2,Hero,0.9927529394626617,1.0
1736,4.2,-5.8,8,Hero,0.8880638852715492,1.0
1737,4.7,-5.3,3,Hero,0.9997899134953817,1.0
1738,3.9000000000000004,-6.1,11,Hero,0.8228467567400499,1.0
1739,3.7,-6.3,13,Hero,0.7263661989798913,1.0
1740,3.8000000000000007,-6.199999999999999,12,Hero,0.7709879502654076,1.0
1741,4.1000000000000005,-5.8999999999999995,9,Hero,0.7530054085784488,1.0
1742,4.2,-5.8,8,Hero,0.6308774163480848,1.0
1743,4.300000000000001,-5.699999999999999,7,Hero,0.8556492477655411,1.0
1744,4.300000000000001,-5.699999999999999,7,Hero,0.9110546112060547,1.0
1745,4.4,-5.6,6,Hero,0.9991684456666311,1.0
1746,4.4,-5.6,6,Hero,0.9945564369360606,1.0
1747,4.6000000000000005,-5.3999999999999995,4,Hero,0.5888512842357159,1.0
1748,3.2,-6.8,18,Hero,0.8214277757538689,1.0
1749,4.2,-5.8,8,Hero,0.7820864468812943,1.0
1750,4.300000000000001,-5.699999999999999,7,Hero,0.7506425380706787,1.0
1751,4.1000000000000005,-5.8999999999999995,9,Hero,0.8332944247457716,1.0
1752,3.2,-6.8,18,Hero,0.6905733464906613,1.0
1753,-5.1,4.9,1,Villain,0.9999977350234985,1.0
1754,4.6000000000000005,-5.3999999999999995,4,Hero,0.9667322486639023,1.0
1755,4.1000000000000005,-5.8999999999999995,9,Hero,0.8832512961493598,1.0
1756,4.2,-5.8,8,Hero,0.7636767504736781,1.0
1757,4.0,-6.0,10,Hero,0.7644668757915497,1.0
1758,4.4,-5.6,6,Hero,0.918433666229248,1.0
1759,3.9000000000000004,-6.1,11,Hero,0.906558481129733,1.0
1760,4.5,-5.5,5,Hero,0.996508252620697,1.0
1761,3.4000000000000004,-6.6,16,Hero,0.815312267281115,1.0
1762,4.0,-6.0,10,Hero,0.7711308240890503,1.0
1763,4.4,-5.6,6,Hero,0.7464213371276855,1.0
1764,3.7,-6.3,13,Hero,0.7918255879328802,1.0
1765,3.5,-6.5,15,Hero,0.6993230938911438,1.0
1766,4.6000000000000005,-5.3999999999999995,4,Hero,0.7707830518484116,1.0
1767,-5.199999999999999,4.800000000000001,2,Villain,0.9999004602432251,1.0
1768,4.300000000000001,-5.699999999999999,7,Hero,0.7259704087461744,1.0
1769,4.300000000000001,-5.699999999999999,7,Hero,0.7518108700002942,1.0
1770,4.1000000000000005,-5.8999999999999995,9,Hero,0.8637858629226685,1.0
1771,3.8000000000000007,-6.199999999999999,12,Hero,0.7937072093288103,1.0
1772,4.4,-5.6,6,Hero,0.9248028894265493,1.0
1773,3.0,-7.0,20,Hero,0.7286716990172863,1.0
1774,3.7,-6.3,13,Hero,0.7418980369201074,1.0
1775,4.0,-6.0,10,Hero,0.8093450918793679,1.0
1776,4.0,-6.0,10,Hero,0.6967380970716477,1.0
1777,4.800000000000001,-5.199999999999999,2,Hero,0.9998759329319,1.0
1778,4.300000000000001,-5.699999999999999,7,Hero,0.9746454272951398,1.0
1779,4.800000000000001,-5.199999999999999,2,Hero,0.9934498369693756,1.0
1780,4.5,-5.5,5,Hero,0.9920334219932556,1.0
1781,4.0,-6.0,10,Hero,0.8072383999824524,1.0
1782,4.800000000000001,-5.199999999999999,2,Hero,0.9912957549095154,1.0
1783,-5.3,4.7,3,Villain,0.920398473739624,1.0
1784,3.3,-6.7,17,Hero,0.6266667501014822,1.0
1785,4.7,-5.3,3,Hero,0.5242690046628317,1.0
1786,3.4000000000000004,-6.6,16,Hero,0.6504627384711057,1.0
1787,4.300000000000001,-5.699999999999999,7,Hero,0.6898594562496457,1.0
1788,4.0,-6.0,10,Hero,0.6614216804504395,1.0
1789,4.1000000000000005,-5.8999999999999995,9,Hero,0.8128842049174838,1.0
1790,3.5,-6.5,15,Hero,0.7847284346818924,1.0
1791,4.0,-6.0,10,Hero,0.8082133919000626,1.0
1792,4.300000000000001,-5.699999999999999,7,Hero,0.9991223301206317,1.0
1793,4.4,-5.6,6,Hero,0.8126848340034485,1.0
1794,3.5,-6.5,15,Hero,0.7434632847706477,1.0
1795,3.5,-6.5,15,Hero,0.8327367266019186,1.0
1796,4.6000000000000005,-5.3999999999999995,4,Hero,0.999948725104332,1.0
1797,3.6000000000000005,-6.3999999999999995,14,Hero,0.736572225178991,1.0
1798,4.6000000000000005,-5.3999999999999995,4,Hero,0.7577445358037949,1.0
1799,3.8000000000000007,-6.199999999999999,12,Hero,0.8667214984695116,1.0
1800,3.9000000000000004,-6.1,11,Hero,0.7062506513162092,1.0
1801,4.7,-5.3,3,Hero,0.8215410709381104,1.0
1802,3.5,-6.5,15,Hero,0.8435114284356435,1.0
1803,3.9000000000000004,-6.1,11,Hero,0.7118689011443745,1.0
1804,3.9000000000000004,-6.1,11,Hero,0.7791410278190266,1.0
1805,4.1000000000000005,-5.8999999999999995,9,Hero,0.7662196705738703,1.0
1806,4.1000000000000005,-5.8999999999999995,9,Hero,0.6730485575066673,1.0
1807,3.5,-6.5,15,Hero,0.7373069902261098,1.0
1808,3.8000000000000007,-6.199999999999999,12,Hero,0.8110737626751264,1.0
1809,4.1000000000000005,-5.8999999999999995,9,Hero,0.7002958042754067,1.0
1810,3.6000000000000005,-6.3999999999999995,14,Hero,0.7419264082397733,1.0
1811,4.0,-6.0,10,Hero,0.8908089518547058,1.0
1812,3.9000000000000004,-6.1,11,Hero,0.9067291942509738,1.0
1813,4.800000000000001,-5.199999999999999,2,Hero,0.6125373542308807,1.0
1814,4.4,-5.6,6,Hero,0.9779158234596252,1.0
1815,3.8000000000000007,-6.199999999999999,12,Hero,0.7962519998351733,1.0
1816,4.300000000000001,-5.699999999999999,7,Hero,0.9699277792658124,1.0
1817,3.5,-6.5,15,Hero,0.7004558409253756,1.0
1818,4.300000000000001,-5.699999999999999,7,Hero,0.9561911991664341,1.0
1819,4.1000000000000005,-5.8999999999999995,9,Hero,0.7885410653220283,1.0
1820,3.2,-6.8,18,Hero,0.6929852548572752,1.0
1821,4.5,-5.5,5,Hero,0.9855137467384338,1.0
1822,4.5,-5.5,5,Hero,0.8884930968284607,1.0
1823,4.2,-5.8,8,Hero,0.9054496772587299,1.0
1824,4.4,-5.6,6,Hero,0.8269814650217692,1.0
1825,3.6000000000000005,-6.3999999999999995,14,Hero,0.8407943296645369,1.0
1826,3.0,-7.0,20,Hero,0.7099826108664274,1.0
1827,4.300000000000001,-5.699999999999999,7,Hero,0.6993492586272103,1.0
1828,3.5,-6.5,15,Hero,0.7390559802452723,1.0
1829,4.0,-6.0,10,Hero,0.7791479888372124,1.0
1830,4.7,-5.3,3,Hero,0.7545116146405538,1.0
1831,4.2,-5.8,8,Hero,0.9564284309744835,1.0
1832,4.0,-6.0,10,Hero,0.8479874119162559,1.0
1833,-5.199999999999999,4.800000000000001,2,Villain,0.9997619688510895,1.0
1834,3.4000000000000004,-6.6,16,Hero,0.8124183528125286,1.0
1835,-5.1,4.9,1,Villain,0.9998319149017334,1.0
1836,4.4,-5.6,6,Hero,0.7769261300563812,1.0
1837,4.300000000000001,-5.699999999999999,7,Hero,0.8928613833018711,1.0
1838,3.8000000000000007,-6.199999999999999,12,Hero,0.8346173316240311,1.0
1839,4.4,-5.6,6,Hero,0.9988457957903544,1.0
1840,3.9000000000000004,-6.1,11,Hero,0.7630972049453042,1.0
1841,3.8000000000000007,-6.199999999999999,12,Hero,0.7049298329899708,1.0
1842,3.9000000000000004,-6.1,11,Hero,0.7721090709621256,1.0
1843,4.5,-5.5,5,Hero,0.7956910550594329,1.0
1844,-5.1,4.9,1,Villain,0.9999412298202515,1.0
1845,4.5,-5.5,5,Hero,0.9985912561416626,1.0
1846,4.1000000000000005,-5.8999999999999995,9,Hero,0.9979892704221938,1.0
1847,3.5,-6.5,15,Hero,0.8422371317942937,1.0
1848,3.5,-6.5,15,Hero,0.6727038928618033,1.0
1849,-5.3999999999999995,4.6000000000000005,4,Villain,0.9999992549419403,1.0
1850,3.9000000000000004,-6.1,11,Hero,0.7742331894961271,1.0
1851,3.4000000000000004,-6.6,16,Hero,0.6914042066782713,1.0
1852,4.800000000000001,-5.199999999999999,2,Hero,0.7623427212238312,1.0
1853,3.9000000000000004,-6.1,11,Hero,0.8440766632556915,1.0
1854,4.9,-5.1,1,Hero,0.7782812714576721,1.0
1855,3.9000000000000004,-6.1,11,Hero,0.7916684909300371,1.0
1856,3.9000000000000004,-6.1,11,Hero,0.7833296724341132,1.0
1857,4.0,-6.0,10,Hero,0.7671508479863405,1.0
1858,4.7,-5.3,3,Hero,0.23890858640273413,1.0
1859,4.800000000000001,-5.199999999999999,2,Hero,0.9930422306060791,1.0
1860,3.2,-6.8,18,Hero,0.7218196164402697,1.0
1861,4.1000000000000005,-5.8999999999999995,9,Hero,0.6984346757332484,1.0
1862,4.4,-5.6,6,Hero,0.7881403416395187,1.0
1863,4.6000000000000005,-5.3999999999999995,4,Hero,0.5484127849340439,1.0
1864,3.6000000000000005,-6.3999999999999995,14,Hero,0.8149617697511401,1.0
1865,4.4,-5.6,6,Hero,0.8305615046992898,1.0
1866,4.4,-5.6,6,Hero,0.9969590703646342,1.0
1867,3.8000000000000007,-6.199999999999999,12,Hero,0.7778734850386778,1.0
1868,4.2,-5.8,8,Hero,0.8766218163073063,1.0
1869,3.9000000000000004,-6.1,11,Hero,0.724797011776404,1.0
1870,-5.1,4.9,1,Villain,0.9999005794525146,1.0
1871,4.2,-5.8,8,Hero,0.9719076156616211,1.0
1872,4.1000000000000005,-5.8999999999999995,9,Hero,0.8299163348144956,1.0
1873,4.2,-5.8,8,Hero,0.7946197157725692,1.0
1874,3.9000000000000004,-6.1,11,Hero,0.782887876033783,1.0
1875,4.1000000000000005,-5.8999999999999995,9,Hero,0.8172879434294171,1.0
1876,4.1000000000000005,-5.8999999999999995,9,Hero,0.9985280632972717,1.0
1877,4.300000000000001,-5.699999999999999,7,Hero,0.6989554337092808,1.0
1878,3.8000000000000007,-6.199999999999999,12,Hero,0.7724027087291082,1.0
1879,4.300000000000001,-5.699999999999999,7,Hero,0.8575889532055173,1.0
1880,4.300000000000001,-5.699999999999999,7,Hero,0.6650666378970657,1.0
1881,3.3,-6.7,17,Hero,0.7556030934347826,1.0
1882,4.2,-5.8,8,Hero,0.944986380636692,1.0
1883,4.2,-5.8,8,Hero,0.8716714531183243,1.0
1884,3.3,-6.7,17,Hero,0.701791937736904,1.0
1885,3.5,-6.5,15,Hero,0.7377644558747609,1.0
1886,3.9000000000000004,-6.1,11,Hero,0.7730582132935524,1.0
1887,3.9000000000000004,-6.1,11,Hero,0.845713116905906,1.0
1888,4.300000000000001,-5.699999999999999,7,Hero,0.8669906854629517,1.0
1889,4.4,-5.6,6,Hero,0.6206769924610853,1.0
1890,4.1000000000000005,-5.8999999999999995,9,Hero,0.7573659113711781,1.0
1891,3.8000000000000007,-6.199999999999999,12,Hero,0.7783237872645259,1.0
1892,4.2,-5.8,8,Hero,0.8324352949857712,1.0
1893,4.2,-5.8,8,Hero,0.9467259794473648,1.0
1894,3.9000000000000004,-6.1,11,Hero,0.8432992127808657,1.0
1895,4.6000000000000005,-5.3999999999999995,4,Hero,0.7396322079002857,1.0
1896,4.300000000000001,-5.699999999999999,7,Hero,0.849206625350884,1.0
1897,4.2,-5.8,8,Hero,0.857702262699604,1.0
1898,-5.1,4.9,1,Villain,1.0,1.0
1899,4.1000000000000005,-5.8999999999999995,9,Hero,0.9069472153981527,1.0
1900,4.4,-5.6,6,Hero,0.6872338553269705,1.0
1901,3.8000000000000007,-6.199999999999999,12,Hero,0.8526709315677484,1.0
1902,4.2,-5.8,8,Hero,0.6820500865578651,1.0
1903,3.2,-6.8,18,Hero,0.7785329562094476,1.0
1904,3.9000000000000004,-6.1,11,Hero,0.7933646413412961,1.0
1905,4.5,-5.5,5,Hero,0.6974317729473114,1.0
1906,4.4,-5.6,6,Hero,0.8993221422036489,1.0
1907,3.9000000000000004,-6.1,11,Hero,0.793213813142343,1.0
1908,4.4,-5.6,6,Hero,0.726531187693278,1.0
1909,2.5999999999999996,-7.4,24,Hero,0.7325234276552995,1.0
1910,4.5,-5.5,5,Hero,0.9997417807579041,1.0
1911,4.1000000000000005,-5.8999999999999995,9,Hero,0.7881622115770975,1.0
1912,4.2,-5.8,8,Hero,0.7255589179694653,1.0
1913,3.2,-6.8,18,Hero,0.7170877622233497,1.0
1914,4.5,-5.5,5,Hero,0.8109208703041076,1.0
1915,4.2,-5.8,8,Hero,0.6737001633737236,1.0
1916,3.0,-7.0,20,Hero,0.7479398787021637,1.0
1917,1.6999999999999988,-8.3,33,Hero,0.869791009435148,1.0
1918,4.6000000000000005,-5.3999999999999995,4,Hero,0.8115699887275696,1.0
1919,3.6000000000000005,-6.3999999999999995,14,Hero,0.8139232503516334,1.0
1920,3.6000000000000005,-6.3999999999999995,14,Hero,0.7202451064118317,1.0
1921,3.9000000000000004,-6.1,11,Hero,0.7997122799808328,1.0
1922,4.9,-5.1,1,Hero,0.0665944442152977,1.0
1923,4.9,-5.1,1,Hero,0.9923985600471497,1.0
1924,4.2,-5.8,8,Hero,0.7382941357791424,1.0
1925,4.6000000000000005,-5.3999999999999995,4,Hero,0.690209798514843,1.0
1926,4.5,-5.5,5,Hero,0.8000826835632324,1.0
1927,4.0,-6.0,10,Hero,0.8796247363090515,1.0
1928,4.5,-5.5,5,Hero,0.7036718487739563,1.0
1929,4.5,-5.5,5,Hero,0.7765767872333527,1.0
1930,3.8000000000000007,-6.199999999999999,12,Hero,0.8212960114081701,1.0
1931,3.6000000000000005,-6.3999999999999995,14,Hero,0.699922155056681,1.0
1932,4.300000000000001,-5.699999999999999,7,Hero,0.8604869672230312,1.0
1933,3.5,-6.5,15,Hero,0.7741511593262355,1.0
1934,3.7,-6.3,13,Hero,0.7347060006398421,1.0
1935,4.5,-5.5,5,Hero,0.7005900740623474,1.0
1936,4.2,-5.8,8,Hero,0.7928692791610956,1.0
1937,-5.3,4.7,3,Villain,0.9983610908190409,1.0
1938,3.9000000000000004,-6.1,11,Hero,0.6849352324550803,1.0
1939,4.300000000000001,-5.699999999999999,7,Hero,0.8401041626930237,1.0
1940,4.2,-5.8,8,Hero,0.9989755675196648,1.0
1941,4.1000000000000005,-5.8999999999999995,9,Hero,0.7662589160932435,1.0
1942,4.6000000000000005,-5.3999999999999995,4,Hero,0.7801748067140579,1.0
1943,4.5,-5.5,5,Hero,0.7603345513343811,1.0
1944,4.4,-5.6,6,Hero,0.7440929859876633,1.0
1945,3.3,-6.7,17,Hero,0.7788405497284496,1.0
1946,4.1000000000000005,-5.8999999999999995,9,Hero,0.8647140330738492,1.0
1947,4.0,-6.0,10,Hero,0.778047525882721,1.0
1948,-5.1,4.9,1,Villain,0.9999849796295166,1.0
1949,3.5,-6.5,15,Hero,0.7965588311354319,1.0
1950,3.5,-6.5,15,Hero,0.8239541967709859,1.0
1951,3.6000000000000005,-6.3999999999999995,14,Hero,0.7912801333836147,1.0
1952,3.9000000000000004,-6.1,11,Hero,0.7324226336045698,1.0
1953,4.0,-6.0,10,Hero,0.9446441888809204,1.0
1954,4.300000000000001,-5.699999999999999,7,Hero,0.8176209032535553,1.0
1955,4.1000000000000005,-5.8999999999999995,9,Hero,0.8711783753501045,1.0
1956,4.2,-5.8,8,Hero,0.9373262673616409,1.0
1957,4.2,-5.8,8,Hero,0.8325388170778751,1.0
1958,4.300000000000001,-5.699999999999999,7,Hero,0.8079632094928196,1.0
1959,3.8000000000000007,-6.199999999999999,12,Hero,0.7131249283750852,1.0
1960,3.7,-6.3,13,Hero,0.7769297911570623,1.0
1961,4.0,-6.0,10,Hero,0.8507161915302277,1.0
1962,4.1000000000000005,-5.8999999999999995,9,Hero,0.8967537946171231,1.0
1963,4.5,-5.5,5,Hero,0.8373186230659485,1.0
1964,4.300000000000001,-5.699999999999999,7,Hero,0.9891227654048375,1.0
1965,4.2,-5.8,8,Hero,0.7068411335349083,1.0
1966,4.6000000000000005,-5.3999999999999995,4,Hero,0.8443048894405365,1.0
1967,4.1000000000000005,-5.8999999999999995,9,Hero,0.7314596467961868,1.0
1968,4.0,-6.0,10,Hero,0.7744364067912102,1.0
1969,4.4,-5.6,6,Hero,0.85814268887043,1.0
1970,4.6000000000000005,-5.3999999999999995,4,Hero,0.7687199860811234,1.0
1971,4.2,-5.8,8,Hero,0.9988143667578697,1.0
1972,4.1000000000000005,-5.8999999999999995,9,Hero,0.7194983462492625,1.0
1973,3.3,-6.7,17,Hero,0.7219870581346399,1.0
1974,4.0,-6.0,10,Hero,0.767512658238411,1.0
1975,4.6000000000000005,-5.3999999999999995,4,Hero,0.6448177844285965,1.0
1976,4.300000000000001,-5.699999999999999,7,Hero,0.8241674474307469,1.0
1977,4.7,-5.3,3,Hero,0.9621158242225647,1.0
1978,4.5,-5.5,5,Hero,0.9846184730529786,1.0
1979,3.8000000000000007,-6.199999999999999,12,Hero,0.7606075381239256,1.0
1980,4.0,-6.0,10,Hero,0.8748357981443405,1.0
1981,4.4,-5.6,6,Hero,0.9969663023948669,1.0
1982,4.7,-5.3,3,Hero,0.8213547468185425,1.0
1983,4.4,-5.6,6,Hero,0.8204454878966013,1.0
1984,3.6000000000000005,-6.3999999999999995,14,Hero,0.7515269879783902,1.0
1985,4.2,-5.8,8,Hero,0.924837738275528,1.0
1986,4.4,-5.6,6,Hero,0.9687271018822988,1.0
1987,4.1000000000000005,-5.8999999999999995,9,Hero,0.7668666558133231,1.0
1988,4.5,-5.5,5,Hero,0.9939829707145691,1.0
1989,4.4,-5.6,6,Hero,0.7672735154628754,1.0
1990,-5.1,4.9,1,Villain,0.8855409622192383,1.0
1991,4.2,-5.8,8,Hero,0.7546294257044792,1.0
1992,3.9000000000000004,-6.1,11,Hero,0.7277625054121017,1.0
1993,4.300000000000001,-5.699999999999999,7,Hero,0.7262788074357169,1.0
1994,4.1000000000000005,-5.8999999999999995,9,Hero,0.8931224072972933,1.0
1995,4.4,-5.6,6,Hero,0.6821025380243858,1.0
1996,4.4,-5.6,6,Hero,0.7512994781136513,1.0
1997,-4.999999999999998,-4.999999999999998,50,None,0.9403771138191224,1.0
1998,3.0,-7.0,20,Hero,0.7050872161984444,1.0
1999,-5.3,4.7,3,Villain,0.9998534321784973,1.0
2000,4.2,-5.8,8,Hero,0.9851688742637634,1.0
2001,-4.999999999999998,-4.999999999999998,50,None,0.9764407420158386,1.0
2002,4.6000000000000005,-5.3999999999999995,4,Hero,0.9997022300958633,1.0
2003,1.1999999999999984,-8.8,38,Hero,0.9202612116932869,1.0
2004,3.5,-6.5,15,Hero,0.8423674285411835,1.0
2005,3.5,-6.5,15,Hero,0.7603620092074076,1.0
2006,4.2,-5.8,8,Hero,0.7090560384094715,1.0
2007,3.7,-6.3,13,Hero,0.7542488231108739,1.0
2008,4.2,-5.8,8,Hero,0.879214845597744,1.0
2009,2.3999999999999995,-7.6000000000000005,26,Hero,0.7429048751409237,1.0
2010,3.6000000000000005,-6.3999999999999995,14,Hero,0.7824074189577784,1.0
2011,4.2,-5.8,8,Hero,0.9961767941713333,1.0
2012,3.9000000000000004,-6.1,11,Hero,0.7585477124560963,1.0
2013,3.6000000000000005,-6.3999999999999995,14,Hero,0.7773456669279507,1.0
2014,3.5,-6.5,15,Hero,0.7640037332971891,1.0
2015,4.4,-5.6,6,Hero,0.9286641975243887,1.0
2016,4.0,-6.0,10,Hero,0.7858142584562302,1.0
2017,4.6000000000000005,-5.3999999999999995,4,Hero,0.59619165584445,1.0
2018,4.300000000000001,-5.699999999999999,7,Hero,0.935588538646698,1.0
2019,3.9000000000000004,-6.1,11,Hero,0.836578829721971,1.0
2020,4.7,-5.3,3,Hero,0.8109518686930338,1.0
2021,2.8,-7.2,22,Hero,0.6458837626374919,1.0
2022,3.9000000000000004,-6.1,11,Hero,0.7056555243378336,1.0
2023,4.4,-5.6,6,Hero,0.9999982515970866,1.0
2024,3.7,-6.3,13,Hero,0.7460164473606989,1.0
2025,-4.999999999999998,-4.999999999999998,50,None,0.8704774093627929,1.0
2026,4.2,-5.8,8,Hero,0.6712206173688173,1.0
2027,4.5,-5.5,5,Hero,0.9997399806976318,1.0
2028,4.2,-5.8,8,Hero,0.8692554384469986,1.0
2029,3.3,-6.7,17,Hero,0.7174116491394884,1.0
2030,4.9,-5.1,1,Hero,0.9999998807907104,1.0
2031,4.800000000000001,-5.199999999999999,2,Hero,0.9999997615814209,1.0
2032,4.2,-5.8,8,Hero,0.8931020721793175,1.0
2033,4.6000000000000005,-5.3999999999999995,4,Hero,0.8046935647726059,1.0
2034,3.8000000000000007,-6.199999999999999,12,Hero,0.8261695727705956,1.0
2035,3.8000000000000007,-6.199999999999999,12,Hero,0.8157698065042496,1.0
2036,3.8000000000000007,-6.199999999999999,12,Hero,0.684848677366972,1.0
2037,3.4000000000000004,-6.6,16,Hero,0.7515180688351393,1.0
2038,3.4000000000000004,-6.6,16,Hero,0.8307193927466869,1.0
2039,3.8000000000000007,-6.199999999999999,12,Hero,0.834906650086244,1.0
2040,4.300000000000001,-5.699999999999999,7,Hero,0.6861361520630973,1.0
2041,4.9,-5.1,1,Hero,0.31351521611213684,1.0
2042,4.5,-5.5,5,Hero,0.916746997833252,1.0
2043,4.800000000000001,-5.199999999999999,2,Hero,0.8699330687522888,1.0
2044,3.7,-6.3,13,Hero,0.7780885203526571,1.0
2045,3.6000000000000005,-6.3999999999999995,14,Hero,0.6547873115965298,1.0
2046,4.0,-6.0,10,Hero,0.7837528318166733,1.0
2047,-4.999999999999998,-4.999999999999998,50,None,0.8930299812555313,1.0
2048,4.0,-6.0,10,Hero,0.5378568708896637,1.0
2049,3.4000000000000004,-6.6,16,Hero,0.7323459247127175,1.0
2050,3.8000000000000007,-6.199999999999999,12,Hero,0.8117569535970688,1.0
2051,3.6000000000000005,-6.3999999999999995,14,Hero,0.8225826472043991,1.0
2052,3.9000000000000004,-6.1,11,Hero,0.8529319607398727,1.0
2053,-5.3999999999999995,4.6000000000000005,4,Villain,0.9135764539241791,1.0
2054,4.7,-5.3,3,Hero,0.6689262675742308,1.0
2055,3.8000000000000007,-6.199999999999999,12,Hero,0.8781972303986549,1.0
2056,3.7,-6.3,13,Hero,0.6897258302913263,1.0
2057,4.300000000000001,-5.699999999999999,7,Hero,0.6597543103354317,1.0
2058,4.1000000000000005,-5.8999999999999995,9,Hero,0.8251291902528869,1.0
2059,3.5,-6.5,15,Hero,0.7640621701876322,1.0
2060,3.5,-6.5,15,Hero,0.7302029564976692,1.0
2061,4.1000000000000005,-5.8999999999999995,9,Hero,0.7786766522460513,1.0
2062,4.0,-6.0,10,Hero,0.6935747057199478,1.0
2063,4.6000000000000005,-5.3999999999999995,4,Hero,0.806464433670044,1.0
2064,3.6000000000000005,-6.3999999999999995,14,Hero,0.8175414715494428,1.0
2065,4.1000000000000005,-5.8999999999999995,9,Hero,0.9357245961825053,1.0
2066,4.2,-5.8,8,Hero,0.9421672224998474,1.0
2067,4.0,-6.0,10,Hero,0.8942130118608475,1.0
2068,3.7,-6.3,13,Hero,0.6859278690356475,1.0
2069,3.8000000000000007,-6.199999999999999,12,Hero,0.880194365978241,1.0
2070,4.0,-6.0,10,Hero,0.8553935497999191,1.0
2071,3.7,-6.3,13,Hero,0.8554523633076594,1.0
2072,4.9,-5.1,1,Hero,0.8915961384773254,1.0
2073,4.0,-6.0,10,Hero,0.7641508162021637,1.0
2074,4.800000000000001,-5.199999999999999,2,Hero,0.5112241944298148,1.0
2075,3.0999999999999996,-6.9,19,Hero,0.7132996195241025,1.0
2076,4.1000000000000005,-5.8999999999999995,9,Hero,0.9931819571389092,1.0
2077,4.300000000000001,-5.699999999999999,7,Hero,0.9973232660974775,1.0
2078,3.8000000000000007,-6.199999999999999,12,Hero,0.7552143658200899,1.0
2079,3.6000000000000005,-6.3999999999999995,14,Hero,0.6802960836461612,1.0
2080,4.1000000000000005,-5.8999999999999995,9,Hero,0.9330674409866333,1.0
2081,3.7,-6.3,13,Hero,0.7710111989424779,1.0
2082,4.300000000000001,-5.699999999999999,7,Hero,0.977816777569907,1.0
2083,4.800000000000001,-5.199999999999999,2,Hero,0.9982428848743439,1.0
2084,4.2,-5.8,8,Hero,0.8027087301015854,1.0
2085,4.5,-5.5,5,Hero,0.825576001405716,1.0
2086,3.9000000000000004,-6.1,11,Hero,0.8698735697702928,1.0
2087,3.8000000000000007,-6.199999999999999,12,Hero,0.8076509963721037,1.0
2088,3.8000000000000007,-6.199999999999999,12,Hero,0.7690823574860891,1.0
2089,4.5,-5.5,5,Hero,0.9982381820678711,1.0
2090,4.2,-5.8,8,Hero,0.8222009725868702,1.0
2091,4.2,-5.8,8,Hero,0.9932587295770645,1.0
2092,3.7,-6.3,13,Hero,0.7444063803324332,1.0
2093,3.8000000000000007,-6.199999999999999,12,Hero,0.7858872065941492,1.0
2094,4.9,-5.1,1,Hero,0.9999725818634033,1.0
2095,4.4,-5.6,6,Hero,0.7079507584373156,1.0
2096,3.9000000000000004,-6.1,11,Hero,0.8749333620071411,1.0
2097,4.1000000000000005,-5.8999999999999995,9,Hero,0.8595519098970625,1.0
2098,3.9000000000000004,-6.1,11,Hero,0.8479254191572015,1.0
2099,4.9,-5.1,1,Hero,0.9995660185813904,1.0
2100,4.300000000000001,-5.699999999999999,7,Hero,0.776875593832561,1.0
2101,4.300000000000001,-5.699999999999999,7,Hero,0.7738940988534263,1.0
2102,4.300000000000001,-5.699999999999999,7,Hero,0.8300167535032544,1.0
2103,4.7,-5.3,3,Hero,0.9702745874722799,1.0
2104,-5.1,4.9,1,Villain,0.9994592070579529,1.0
2105,3.3,-6.7,17,Hero,0.7833777964115143,1.0
2106,4.2,-5.8,8,Hero,0.8556492291390896,1.0
2107,4.2,-5.8,8,Hero,0.6469484567642212,1.0
2108,3.7,-6.3,13,Hero,0.8062226222111628,1.0
2109,4.0,-6.0,10,Hero,0.7487454436719417,1.0
2110,4.300000000000001,-5.699999999999999,7,Hero,0.8914479144981929,1.0
2111,4.0,-6.0,10,Hero,0.752842378616333,1.0
2112,4.5,-5.5,5,Hero,0.806929349899292,1.0
2113,3.9000000000000004,-6.1,11,Hero,0.7901882041584362,1.0
2114,4.2,-5.8,8,Hero,0.8773354813456535,1.0
2115,4.5,-5.5,5,Hero,0.9188721537590027,1.0
2116,3.5,-6.5,15,Hero,0.7203471635778745,1.0
2117,4.2,-5.8,8,Hero,0.8614822328090668,1.0
2118,4.300000000000001,-5.699999999999999,7,Hero,0.9467006070273263,1.0
2119,4.1000000000000005,-5.8999999999999995,9,Hero,0.8927261961830987,1.0
2120,4.1000000000000005,-5.8999999999999995,9,Hero,0.9001277122232649,1.0
2121,4.300000000000001,-5.699999999999999,7,Hero,0.8940771988459996,1.0
2122,4.6000000000000005,-5.3999999999999995,4,Hero,0.9286098033189774,1.0
2123,3.9000000000000004,-6.1,11,Hero,0.8075496757572348,1.0
2124,4.1000000000000005,-5.8999999999999995,9,Hero,0.9352514876259698,1.0
2125,4.2,-5.8,8,Hero,0.9999698624014854,1.0
2126,4.1000000000000005,-5.8999999999999995,9,Hero,0.7966203188730611,1.0
2127,4.2,-5.8,8,Hero,0.8344210144132376,1.0
2128,3.6000000000000005,-6.3999999999999995,14,Hero,0.720291650721005,1.0
2129,2.2999999999999994,-7.700000000000001,27,Hero,0.9212600889581221,1.0
2130,3.0999999999999996,-6.9,19,Hero,0.7742562135513014,1.0
2131,1.799999999999999,-8.200000000000001,32,Hero,0.8078729006811045,1.0
2132,4.300000000000001,-5.699999999999999,7,Hero,0.7330923080444336,1.0
2133,4.9,-5.1,1,Hero,0.9999966621398926,1.0
2134,2.2999999999999994,-7.700000000000001,27,Hero,0.6933735598016668,1.0
2135,4.1000000000000005,-5.8999999999999995,9,Hero,0.7746753957536485,1.0
2136,3.7,-6.3,13,Hero,0.7734421354073745,1.0
2137,4.5,-5.5,5,Hero,0.7065439075231552,1.0
2138,4.5,-5.5,5,Hero,0.9998949527740478,1.0
2139,4.300000000000001,-5.699999999999999,7,Hero,0.8947022131511143,1.0
2140,3.4000000000000004,-6.6,16,Hero,0.6796065447852015,1.0
2141,3.7,-6.3,13,Hero,0.8649055728545556,1.0
2142,4.2,-5.8,8,Hero,0.7836677990853786,1.0
2143,4.0,-6.0,10,Hero,0.9158327385783196,1.0
2144,3.4000000000000004,-6.6,16,Hero,0.7627277229912579,1.0
2145,4.300000000000001,-5.699999999999999,7,Hero,0.941949086529868,1.0
2146,4.2,-5.8,8,Hero,0.9063298851251602,1.0
2147,4.0,-6.0,10,Hero,0.8125386610627174,1.0
2148,3.8000000000000007,-6.199999999999999,12,Hero,0.8023855114976565,1.0
2149,4.1000000000000005,-5.8999999999999995,9,Hero,0.8984413362211652,1.0
2150,4.2,-5.8,8,Hero,0.8093614298850298,1.0
2151,3.7,-6.3,13,Hero,0.7087578893854067,1.0
2152,3.9000000000000004,-6.1,11,Hero,0.7617799829352986,1.0
2153,3.5,-6.5,15,Hero,0.7596638282140096,1.0
2154,-5.1,4.9,1,Villain,0.9999998807907104,1.0
2155,3.4000000000000004,-6.6,16,Hero,0.8901669010519981,1.0
2156,4.2,-5.8,8,Hero,0.7518143355846405,1.0
2157,3.8000000000000007,-6.199999999999999,12,Hero,0.8557668477296829,1.0
2158,3.7,-6.3,13,Hero,0.8474838550274189,1.0
2159,3.9000000000000004,-6.1,11,Hero,0.8438917669382963,1.0
2160,3.8000000000000007,-6.199999999999999,12,Hero,0.8259991928935051,1.0
2161,4.2,-5.8,8,Hero,0.7255592904984951,1.0
2162,4.300000000000001,-5.699999999999999,7,Hero,0.8122839714799609,1.0
2163,4.0,-6.0,10,Hero,0.9408313214778901,1.0
2164,4.2,-5.8,8,Hero,0.9990754798054695,1.0
2165,4.2,-5.8,8,Hero,0.6997221037745476,1.0
2166,4.1000000000000005,-5.8999999999999995,9,Hero,0.96202595366372,1.0
2167,4.4,-5.6,6,Hero,0.8281023154656092,1.0
2168,3.6000000000000005,-6.3999999999999995,14,Hero,0.8367709517478943,1.0
2169,3.4000000000000004,-6.6,16,Hero,0.7831080686300993,1.0
2170,4.300000000000001,-5.699999999999999,7,Hero,0.9195906605039325,1.0
2171,3.8000000000000007,-6.199999999999999,12,Hero,0.8465253959099451,1.0
2172,3.8000000000000007,-6.199999999999999,12,Hero,0.8004617604116598,1.0
2173,3.3,-6.7,17,Hero,0.7587481912444619,1.0
2174,4.4,-5.6,6,Hero,0.9941348731517792,1.0
2175,3.9000000000000004,-6.1,11,Hero,0.5675531029701233,1.0
2176,3.7,-6.3,13,Hero,0.7575941097277862,1.0
2177,3.6000000000000005,-6.3999999999999995,14,Hero,0.7644627456154142,1.0
2178,4.2,-5.8,8,Hero,0.687444094568491,1.0
2179,3.7,-6.3,13,Hero,0.8587729816253369,1.0
2180,4.0,-6.0,10,Hero,0.898742002248764,1.0
2181,3.4000000000000004,-6.6,16,Hero,0.7658089753240347,1.0
2182,4.1000000000000005,-5.8999999999999995,9,Hero,0.8719272828764386,1.0
2183,4.2,-5.8,8,Hero,0.8256972804665565,1.0
2184,4.1000000000000005,-5.8999999999999995,9,Hero,0.7651582910782762,1.0
2185,4.0,-6.0,10,Hero,0.7421245962381363,1.0
2186,4.4,-5.6,6,Hero,0.7665607780218124,1.0
2187,4.300000000000001,-5.699999999999999,7,Hero,0.8766409946339471,1.0
2188,4.0,-6.0,10,Hero,0.8161854177713395,1.0
2189,4.1000000000000005,-5.8999999999999995,9,Hero,0.9414373371336195,1.0
2190,4.300000000000001,-5.699999999999999,7,Hero,0.7973809960697379,1.0
2191,4.5,-5.5,5,Hero,0.854498827457428,1.0
2192,4.5,-5.5,5,Hero,0.8787059783935547,1.0
2193,4.2,-5.8,8,Hero,0.8669724436476827,1.0
2194,4.6000000000000005,-5.3999999999999995,4,Hero,0.9870150834321976,1.0
2195,4.1000000000000005,-5.8999999999999995,9,Hero,0.8709525763988495,1.0
2196,3.4000000000000004,-6.6,16,Hero,0.7560306750237942,1.0
2197,4.1000000000000005,-5.8999999999999995,9,Hero,0.891671770148807,1.0
2198,4.1000000000000005,-5.8999999999999995,9,Hero,0.9142488969696893,1.0
2199,4.1000000000000005,-5.8999999999999995,9,Hero,0.8175346255302429,1.0
2200,3.9000000000000004,-6.1,11,Hero,0.8848951242186807,1.0
2201,3.6000000000000005,-6.3999999999999995,14,Hero,0.8155858197382518,1.0
2202,4.1000000000000005,-5.8999999999999995,9,Hero,0.9934275084071689,1.0
2203,4.2,-5.8,8,Hero,0.788548088632524,1.0
2204,3.7,-6.3,13,Hero,0.7494297841420541,1.0
2205,4.6000000000000005,-5.3999999999999995,4,Hero,0.9936363697052002,1.0
2206,3.9000000000000004,-6.1,11,Hero,0.8872606456279755,1.0
2207,4.1000000000000005,-5.8999999999999995,9,Hero,0.889398604631424,1.0
2208,4.2,-5.8,8,Hero,0.96641606092453,1.0
2209,-5.3999999999999995,4.6000000000000005,4,Villain,0.9257402420043945,1.0
2210,3.8000000000000007,-6.199999999999999,12,Hero,0.636124639150997,1.0
2211,4.6000000000000005,-5.3999999999999995,4,Hero,0.9981057196855545,1.0
2212,2.4999999999999996,-7.5,25,Hero,0.6100909367203713,1.0
2213,3.7,-6.3,13,Hero,0.7634216363613422,1.0
2214,4.300000000000001,-5.699999999999999,7,Hero,0.6829156705311367,1.0
2215,3.5,-6.5,15,Hero,0.7148606836795807,1.0
2216,3.3,-6.7,17,Hero,0.7045471194912406,1.0
2217,3.9000000000000004,-6.1,11,Hero,0.8595034209164706,1.0
2218,4.2,-5.8,8,Hero,0.9997408017516136,1.0
2219,3.4000000000000004,-6.6,16,Hero,0.7246898142620921,1.0
2220,4.800000000000001,-5.199999999999999,2,Hero,0.9865210652351379,1.0
2221,4.5,-5.5,5,Hero,0.6817530870437623,1.0
2222,3.6000000000000005,-6.3999999999999995,14,Hero,0.8406860988054957,1.0
2223,3.6000000000000005,-6.3999999999999995,14,Hero,0.8049871745918479,1.0
2224,-5.199999999999999,4.800000000000001,2,Villain,0.876425564289093,1.0
2225,-5.1,4.9,1,Villain,0.9999973773956299,1.0
2226,4.0,-6.0,10,Hero,0.8250321596860886,1.0
2227,4.6000000000000005,-5.3999999999999995,4,Hero,0.7643615826964378,1.0
2228,4.300000000000001,-5.699999999999999,7,Hero,0.9389267563819885,1.0
2229,3.6000000000000005,-6.3999999999999995,14,Hero,0.7547993936708995,1.0
2230,3.0,-7.0,20,Hero,0.6741848533973098,1.0
2231,4.4,-5.6,6,Hero,0.8075774610042572,1.0
2232,3.6000000000000005,-6.3999999999999995,14,Hero,0.7260471805930138,1.0
2233,3.6000000000000005,-6.3999999999999995,14,Hero,0.8015353009104729,1.0
2234,4.5,-5.5,5,Hero,0.7662959426641465,1.0
2235,3.5,-6.5,15,Hero,0.7079782178004582,1.0
2236,4.6000000000000005,-5.3999999999999995,4,Hero,0.7392149865627289,1.0
2237,4.1000000000000005,-5.8999999999999995,9,Hero,0.9927140408092074,1.0
2238,3.6000000000000005,-6.3999999999999995,14,Hero,0.7368082734090942,1.0
2239,4.5,-5.5,5,Hero,0.8548126220703125,1.0
2240,4.5,-5.5,5,Hero,0.9856603384017945,1.0
2241,4.5,-5.5,5,Hero,0.838514906167984,1.0
2242,4.6000000000000005,-5.3999999999999995,4,Hero,0.8357914239168167,1.0
2243,3.8000000000000007,-6.199999999999999,12,Hero,0.7675781932969888,1.0
2244,4.800000000000001,-5.199999999999999,2,Hero,0.9800993800163269,1.0
2245,3.6000000000000005,-6.3999999999999995,14,Hero,0.8488731213978359,1.0
2246,4.300000000000001,-5.699999999999999,7,Hero,0.9848723411560059,1.0
2247,4.1000000000000005,-5.8999999999999995,9,Hero,0.6967523305987319,1.0
2248,3.9000000000000004,-6.1,11,Hero,0.7105428170074116,1.0
2249,4.1000000000000005,-5.8999999999999995,9,Hero,0.7738840704162916,1.0
2250,4.5,-5.5,5,Hero,0.7221991300582886,1.0
2251,4.4,-5.6,6,Hero,0.9994356135527293,1.0
2252,4.5,-5.5,5,Hero,0.9034510850906372,1.0
2253,3.9000000000000004,-6.1,11,Hero,0.8211156156930056,1.0
2254,4.6000000000000005,-5.3999999999999995,4,Hero,0.7248874828219414,1.0
2255,3.6000000000000005,-6.3999999999999995,14,Hero,0.7859991299254554,1.0
2256,4.300000000000001,-5.699999999999999,7,Hero,0.8362445277827126,1.0
2257,3.5,-6.5,15,Hero,0.7511481295029322,1.0
2258,4.800000000000001,-5.199999999999999,2,Hero,0.9716449975967407,1.0
2259,3.8000000000000007,-6.199999999999999,12,Hero,0.791657671953241,1.0
2260,3.2,-6.8,18,Hero,0.7111929642657439,1.0
2261,4.5,-5.5,5,Hero,0.7478726625442504,1.0
2262,4.2,-5.8,8,Hero,0.880865141749382,1.0
2263,-5.3999999999999995,4.6000000000000005,4,Villain,0.7801833003759384,1.0
2264,3.6000000000000005,-6.3999999999999995,14,Hero,0.7379196951431888,1.0
2265,-5.199999999999999,4.800000000000001,2,Villain,0.9992842674255371,1.0
2266,3.5,-6.5,15,Hero,0.7378457427024842,1.0
2267,1.1999999999999984,-8.8,38,Hero,0.8447571846803552,1.0
2268,4.300000000000001,-5.699999999999999,7,Hero,0.8127697365624564,1.0
2269,4.300000000000001,-5.699999999999999,7,Hero,0.8622960980449405,1.0
2270,4.7,-5.3,3,Hero,0.9997100830078125,1.0
2271,4.5,-5.5,5,Hero,0.8379713654518127,1.0
2272,4.4,-5.6,6,Hero,0.6505296230316162,1.0
2273,3.9000000000000004,-6.1,11,Hero,0.889062605120919,1.0
2274,4.300000000000001,-5.699999999999999,7,Hero,0.7988134707723346,1.0
2275,3.5,-6.5,15,Hero,0.7840849260489146,1.0
2276,4.6000000000000005,-5.3999999999999995,4,Hero,0.8624249696731567,1.0
2277,3.9000000000000004,-6.1,11,Hero,0.8929362378337167,1.0
2278,3.5,-6.5,15,Hero,0.66500856479009,1.0
2279,4.4,-5.6,6,Hero,0.9779627621173859,1.0
2280,4.0,-6.0,10,Hero,0.7858631536364555,1.0
2281,4.5,-5.5,5,Hero,0.9975109219551086,1.0
2282,4.2,-5.8,8,Hero,0.8681307435035706,1.0
2283,4.0,-6.0,10,Hero,0.9598273038864136,1.0
2284,3.9000000000000004,-6.1,11,Hero,0.9315753091465343,1.0
2285,4.0,-6.0,10,Hero,0.7646753668785096,1.0
2286,4.0,-6.0,10,Hero,0.7677862823009491,1.0
2287,3.8000000000000007,-6.199999999999999,12,Hero,0.8718872318665186,1.0
2288,4.4,-5.6,6,Hero,0.9709207713603973,1.0
2289,4.4,-5.6,6,Hero,0.8354019721349081,1.0
2290,4.9,-5.1,1,Hero,0.9989426732063293,1.0
2291,4.2,-5.8,8,Hero,0.9372390732169151,1.0
2292,4.2,-5.8,8,Hero,0.7641716375946999,1.0
2293,3.8000000000000007,-6.199999999999999,12,Hero,0.7541297599673271,1.0
2294,4.300000000000001,-5.699999999999999,7,Hero,0.8551997265645436,1.0
2295,4.5,-5.5,5,Hero,0.9706179857254028,1.0
2296,4.6000000000000005,-5.3999999999999995,4,Hero,0.6942350938916206,1.0
2297,4.1000000000000005,-5.8999999999999995,9,Hero,0.8888734195174443,1.0
2298,4.5,-5.5,5,Hero,0.8059083819389343,1.0
2299,4.9,-5.1,1,Hero,0.4859834313392639,1.0
2300,4.1000000000000005,-5.8999999999999995,9,Hero,0.8557792123821046,1.0
2301,4.4,-5.6,6,Hero,0.733175702393055,1.0
2302,4.6000000000000005,-5.3999999999999995,4,Hero,0.8070818483829498,1.0
2303,4.9,-5.1,1,Hero,0.7647571563720703,1.0
2304,4.0,-6.0,10,Hero,0.7601195007562638,1.0
2305,4.9,-5.1,1,Hero,0.9182800650596619,1.0
2306,3.8000000000000007,-6.199999999999999,12,Hero,0.8279655215640863,1.0
2307,4.7,-5.3,3,Hero,0.8057416677474976,1.0
2308,3.4000000000000004,-6.6,16,Hero,0.7754223830997944,1.0
2309,3.9000000000000004,-6.1,11,Hero,0.8385688174854625,1.0
2310,4.2,-5.8,8,Hero,0.8774059489369392,1.0
2311,4.300000000000001,-5.699999999999999,7,Hero,0.8007644947086062,1.0
2312,4.300000000000001,-5.699999999999999,7,Hero,0.7454350250107902,1.0
2313,3.9000000000000004,-6.1,11,Hero,0.8330054689537395,1.0
2314,3.7,-6.3,13,Hero,0.7498099276652703,1.0
2315,4.0,-6.0,10,Hero,0.7491099469363689,1.0
2316,3.9000000000000004,-6.1,11,Hero,0.7519196813756769,1.0
2317,3.5,-6.5,15,Hero,0.8389195064703624,1.0
2318,4.7,-5.3,3,Hero,0.9992520411809286,1.0
2319,3.7,-6.3,13,Hero,0.8318836299272684,1.0
2320,4.4,-5.6,6,Hero,0.8149775316317877,1.0
2321,4.800000000000001,-5.199999999999999,2,Hero,0.46703463792800903,1.0
2322,4.7,-5.3,3,Hero,0.9998099207878113,1.0
2323,4.300000000000001,-5.699999999999999,7,Hero,0.9022754515920367,1.0
2324,4.2,-5.8,8,Hero,0.9191072657704353,1.0
2325,4.1000000000000005,-5.8999999999999995,9,Hero,0.8177515988548597,1.0
2326,4.2,-5.8,8,Hero,0.8252571634948254,1.0
2327,3.4000000000000004,-6.6,16,Hero,0.6929391957819462,1.0
2328,4.1000000000000005,-5.8999999999999995,9,Hero,0.7353239672051536,1.0
2329,4.1000000000000005,-5.8999999999999995,9,Hero,0.7910625918043984,1.0
2330,4.5,-5.5,5,Hero,0.9982098817825318,1.0
2331,3.9000000000000004,-6.1,11,Hero,0.7900638986717571,1.0
2332,3.8000000000000007,-6.199999999999999,12,Hero,0.7549065966159105,1.0
2333,4.2,-5.8,8,Hero,0.9535815194249153,1.0
2334,3.8000000000000007,-6.199999999999999,12,Hero,0.8653499260544777,1.0
2335,3.9000000000000004,-6.1,11,Hero,0.8255922496318817,1.0
2336,3.5,-6.5,15,Hero,0.7836590588092804,1.0
2337,4.300000000000001,-5.699999999999999,7,Hero,0.8360842381204877,1.0
2338,4.800000000000001,-5.199999999999999,2,Hero,0.4999999701976776,1.0
2339,4.300000000000001,-5.699999999999999,7,Hero,0.8019356003829411,1.0
2340,4.6000000000000005,-5.3999999999999995,4,Hero,0.879909560084343,1.0
2341,-5.3999999999999995,4.6000000000000005,4,Villain,0.952877089381218,1.0
2342,4.1000000000000005,-5.8999999999999995,9,Hero,0.8954924196004868,1.0
2343,3.6000000000000005,-6.3999999999999995,14,Hero,0.7770419291087559,1.0
2344,-5.1,4.9,1,Villain,0.963290274143219,1.0
2345,3.9000000000000004,-6.1,11,Hero,0.7754848287864164,1.0
2346,4.300000000000001,-5.699999999999999,7,Hero,0.8472338191100529,1.0
2347,4.0,-6.0,10,Hero,0.8409254292026163,1.0
2348,4.300000000000001,-5.699999999999999,7,Hero,0.860712468624115,1.0
2349,4.6000000000000005,-5.3999999999999995,4,Hero,0.7298029214143753,1.0
2350,3.9000000000000004,-6.1,11,Hero,0.8221009861339222,1.0
2351,4.6000000000000005,-5.3999999999999995,4,Hero,0.9933554083108902,1.0
2352,4.5,-5.5,5,Hero,0.9882698774337768,1.0
2353,3.8000000000000007,-6.199999999999999,12,Hero,0.7286441661417484,1.0
2354,4.300000000000001,-5.699999999999999,7,Hero,0.7805974387696811,1.0
2355,4.0,-6.0,10,Hero,0.936428040266037,1.0
2356,3.8000000000000007,-6.199999999999999,12,Hero,0.865008662144343,1.0
2357,4.7,-5.3,3,Hero,0.9489165345827738,1.0
2358,3.8000000000000007,-6.199999999999999,12,Hero,0.8048118762671947,1.0
2359,4.1000000000000005,-5.8999999999999995,9,Hero,0.6266681104898453,1.0
2360,4.4,-5.6,6,Hero,0.6232342223326365,1.0
2361,4.1000000000000005,-5.8999999999999995,9,Hero,0.9419083330366347,1.0
2362,4.2,-5.8,8,Hero,0.7697780914604664,1.0
2363,4.2,-5.8,8,Hero,0.6371610201895237,1.0
2364,4.2,-5.8,8,Hero,0.7465111743658781,1.0
2365,4.300000000000001,-5.699999999999999,7,Hero,0.6898982354572841,1.0
2366,4.2,-5.8,8,Hero,0.6780303344130516,1.0
2367,4.1000000000000005,-5.8999999999999995,9,Hero,0.9984540806876289,1.0
2368,4.0,-6.0,10,Hero,0.9265899121761322,1.0
2369,4.4,-5.6,6,Hero,0.9692307611306509,1.0
2370,4.300000000000001,-5.699999999999999,7,Hero,0.7819277016179902,1.0
2371,3.5,-6.5,15,Hero,0.863602465391159,1.0
2372,3.7,-6.3,13,Hero,0.7681099634904128,1.0
2373,3.4000000000000004,-6.6,16,Hero,0.7414889307692647,1.0
2374,4.2,-5.8,8,Hero,0.9830716699361801,1.0
2375,4.1000000000000005,-5.8999999999999995,9,Hero,0.9900400241216024,1.0
2376,4.5,-5.5,5,Hero,0.9964535593986511,1.0
2377,4.5,-5.5,5,Hero,0.968346917629242,1.0
2378,4.5,-5.5,5,Hero,0.7222741365432739,1.0
2379,3.7,-6.3,13,Hero,0.818088371020097,1.0
2380,4.300000000000001,-5.699999999999999,7,Hero,0.7534347006252834,1.0
2381,3.9000000000000004,-6.1,11,Hero,0.8372770195657556,1.0
2382,-5.199999999999999,4.800000000000001,2,Villain,0.9994361400604248,1.0
2383,4.0,-6.0,10,Hero,0.8199869751930237,1.0
2384,3.6000000000000005,-6.3999999999999995,14,Hero,0.821083705340113,1.0
2385,4.300000000000001,-5.699999999999999,7,Hero,0.8817907912390572,1.0
2386,4.800000000000001,-5.199999999999999,2,Hero,0.9992900192737579,1.0
2387,3.4000000000000004,-6.6,16,Hero,0.7704710722900927,1.0
2388,4.9,-5.1,1,Hero,0.998153030872345,1.0
2389,3.3,-6.7,17,Hero,0.7528231389382306,1.0
2390,4.2,-5.8,8,Hero,0.6947473846375942,1.0
2391,4.0,-6.0,10,Hero,0.9619724869728088,1.0
2392,4.9,-5.1,1,Hero,0.9797798991203308,1.0
2393,3.5,-6.5,15,Hero,0.8191966901222865,1.0
2394,3.7,-6.3,13,Hero,0.751494503651674,1.0
2395,3.8000000000000007,-6.199999999999999,12,Hero,0.7792938351631165,1.0
2396,4.6000000000000005,-5.3999999999999995,4,Hero,0.9984988868236542,1.0
2397,4.7,-5.3,3,Hero,0.764291008313497,1.0
2398,4.7,-5.3,3,Hero,0.9895822207132975,1.0
2399,4.1000000000000005,-5.8999999999999995,9,Hero,0.9988446964157952,1.0
2400,3.9000000000000004,-6.1,11,Hero,0.6965517532927069,1.0
2401,3.8000000000000007,-6.199999999999999,12,Hero,0.797140508890152,1.0
2402,4.2,-5.8,8,Hero,0.9641052037477493,1.0
2403,4.1000000000000005,-5.8999999999999995,9,Hero,0.8404836273855634,1.0
2404,3.5,-6.5,15,Hero,0.7249829232692718,1.0
2405,4.7,-5.3,3,Hero,0.9024976293245951,1.0
2406,4.7,-5.3,3,Hero,0.9878725409507751,1.0
2407,4.6000000000000005,-5.3999999999999995,4,Hero,0.966167613863945,1.0
2408,4.1000000000000005,-5.8999999999999995,9,Hero,0.8255559239122603,1.0
2409,4.1000000000000005,-5.8999999999999995,9,Hero,0.737523689866066,1.0
2410,3.9000000000000004,-6.1,11,Hero,0.8596981980583884,1.0
2411,4.0,-6.0,10,Hero,0.9322199523448944,1.0
2412,4.5,-5.5,5,Hero,0.7644164800643921,1.0
2413,3.8000000000000007,-6.199999999999999,12,Hero,0.7352184988558292,1.0
2414,3.8000000000000007,-6.199999999999999,12,Hero,0.8649755691488584,1.0
2415,3.9000000000000004,-6.1,11,Hero,0.7535844038833271,1.0
2416,4.2,-5.8,8,Hero,0.880403645336628,1.0
2417,4.0,-6.0,10,Hero,0.8394748598337174,1.0
2418,3.9000000000000004,-6.1,11,Hero,0.8637231236154382,1.0
2419,4.6000000000000005,-5.3999999999999995,4,Hero,0.7801872715353966,1.0
2420,4.4,-5.6,6,Hero,0.9737023313840231,1.0
2421,4.6000000000000005,-5.3999999999999995,4,Hero,0.8373250439763069,1.0
2422,3.3,-6.7,17,Hero,0.7774991524570128,1.0
2423,4.0,-6.0,10,Hero,0.7652800425887107,1.0
2424,4.300000000000001,-5.699999999999999,7,Hero,0.8403136219297137,1.0
2425,3.9000000000000004,-6.1,11,Hero,0.9140508635477587,1.0
2426,3.8000000000000007,-6.199999999999999,12,Hero,0.7367186484237512,1.0
2427,3.8000000000000007,-6.199999999999999,12,Hero,0.7237988809744517,1.0
2428,3.8000000000000007,-6.199999999999999,12,Hero,0.7785516753792763,1.0
2429,4.1000000000000005,-5.8999999999999995,9,Hero,0.8480905592441559,1.0
2430,4.800000000000001,-5.199999999999999,2,Hero,0.9994606375694275,1.0
2431,3.9000000000000004,-6.1,11,Hero,0.9431477026505903,1.0
2432,4.300000000000001,-5.699999999999999,7,Hero,0.6092310143368584,1.0
2433,4.2,-5.8,8,Hero,0.9990944787859917,1.0
2434,4.7,-5.3,3,Hero,0.9126939376195272,1.0
2435,3.8000000000000007,-6.199999999999999,12,Hero,0.797236554014186,1.0
2436,4.4,-5.6,6,Hero,0.9783394038677216,1.0
2437,4.1000000000000005,-5.8999999999999995,9,Hero,0.7562845212717851,1.0
2438,3.8000000000000007,-6.199999999999999,12,Hero,0.868151381611824,1.0
2439,4.6000000000000005,-5.3999999999999995,4,Hero,0.9645780920982361,1.0
2440,4.300000000000001,-5.699999999999999,7,Hero,0.7704449594020844,1.0
2441,3.3,-6.7,17,Hero,0.7227345845278572,1.0
2442,4.4,-5.6,6,Hero,0.9527710874875387,1.0
2443,3.5,-6.5,15,Hero,0.7866929461558659,1.0
2444,3.5,-6.5,15,Hero,0.7740557899077734,1.0
2445,4.2,-5.8,8,Hero,0.7983812168240547,1.0
2446,3.5,-6.5,15,Hero,0.7599046190579732,1.0
2447,3.8000000000000007,-6.199999999999999,12,Hero,0.8690531278649966,1.0
2448,4.800000000000001,-5.199999999999999,2,Hero,0.741608738899231,1.0
2449,4.5,-5.5,5,Hero,0.9572337031364441,1.0
2450,3.8000000000000007,-6.199999999999999,12,Hero,0.8029069180289904,1.0
2451,4.0,-6.0,10,Hero,0.7955889090895653,1.0
2452,4.1000000000000005,-5.8999999999999995,9,Hero,0.999665015273624,1.0
2453,3.9000000000000004,-6.1,11,Hero,0.795770750804381,1.0
2454,4.7,-5.3,3,Hero,0.8619114557902018,1.0
2455,3.6000000000000005,-6.3999999999999995,14,Hero,0.7761528789997101,1.0
2456,4.5,-5.5,5,Hero,0.8128681525588035,1.0
2457,-5.1,4.9,1,Villain,0.9999985694885254,1.0
2458,4.1000000000000005,-5.8999999999999995,9,Hero,0.7527010473940108,1.0
2459,3.5,-6.5,15,Hero,0.6686048229535421,1.0
2460,4.5,-5.5,5,Hero,0.8326794147491455,1.0
2461,-5.1,4.9,1,Villain,0.9981096982955933,1.0
2462,4.800000000000001,-5.199999999999999,2,Hero,0.9863931238651276,1.0
2463,4.4,-5.6,6,Hero,0.7762017349402109,1.0
2464,4.6000000000000005,-5.3999999999999995,4,Hero,0.8905351907014847,1.0
2465,4.0,-6.0,10,Hero,0.9490460336208344,1.0
2466,4.2,-5.8,8,Hero,0.8708973806351423,1.0
2467,4.2,-5.8,8,Hero,0.8527350425720215,1.0
2468,4.300000000000001,-5.699999999999999,7,Hero,0.7982393396752221,1.0
2469,-5.3,4.7,3,Villain,0.9999982118606567,1.0
2470,4.1000000000000005,-5.8999999999999995,9,Hero,0.7860057022836473,1.0
2471,3.0999999999999996,-6.9,19,Hero,0.7496789678146965,1.0
2472,4.1000000000000005,-5.8999999999999995,9,Hero,0.6668028500345018,1.0
2473,3.6000000000000005,-6.3999999999999995,14,Hero,0.6970149810825076,1.0
2474,4.7,-5.3,3,Hero,0.7089521984259287,1.0
2475,4.6000000000000005,-5.3999999999999995,4,Hero,0.7787010036408901,1.0
2476,4.300000000000001,-5.699999999999999,7,Hero,0.8122742452791759,1.0
2477,3.5,-6.5,15,Hero,0.7159950435161591,1.0
2478,3.8000000000000007,-6.199999999999999,12,Hero,0.8594404843946298,1.0
2479,3.7,-6.3,13,Hero,0.8404884544702677,1.0
2480,3.8000000000000007,-6.199999999999999,12,Hero,0.7880814249316851,1.0
2481,3.8000000000000007,-6.199999999999999,12,Hero,0.8229705219467481,1.0
2482,4.1000000000000005,-5.8999999999999995,9,Hero,0.8226141863399081,1.0
2483,3.8000000000000007,-6.199999999999999,12,Hero,0.7049214678506056,1.0
2484,4.1000000000000005,-5.8999999999999995,9,Hero,0.8461453318595886,1.0
2485,4.5,-5.5,5,Hero,0.9997545123100281,1.0
2486,4.0,-6.0,10,Hero,0.7951086714863778,1.0
2487,3.5,-6.5,15,Hero,0.792526904741923,1.0
2488,3.4000000000000004,-6.6,16,Hero,0.7428621482104063,1.0
2489,4.0,-6.0,10,Hero,0.9119410544633866,1.0
2490,4.4,-5.6,6,Hero,0.7436395486195883,1.0
2491,4.1000000000000005,-5.8999999999999995,9,Hero,0.7261236541801028,1.0
2492,4.5,-5.5,5,Hero,0.8641304492950439,1.0
2493,4.9,-5.1,1,Hero,0.82966148853302,1.0
2494,3.4000000000000004,-6.6,16,Hero,0.7928739599883556,1.0
2495,4.300000000000001,-5.699999999999999,7,Hero,0.8317046506064278,1.0
2496,3.6000000000000005,-6.3999999999999995,14,Hero,0.8252919348222869,1.0
2497,4.2,-5.8,8,Hero,0.7585812471807003,1.0
2498,3.6000000000000005,-6.3999999999999995,14,Hero,0.7609243829335485,1.0
2499,4.300000000000001,-5.699999999999999,7,Hero,0.685552499123982,1.0
2500,3.5,-6.5,15,Hero,0.7950387348731359,1.0
2501,4.6000000000000005,-5.3999999999999995,4,Hero,0.8314459919929504,1.0
2502,4.1000000000000005,-5.8999999999999995,9,Hero,0.8850325147310892,1.0
2503,3.8000000000000007,-6.199999999999999,12,Hero,0.8834301655491194,1.0
2504,3.6000000000000005,-6.3999999999999995,14,Hero,0.8104470308337893,1.0
2505,4.7,-5.3,3,Hero,0.8697168032328287,1.0
2506,4.1000000000000005,-5.8999999999999995,9,Hero,0.7017089211278491,1.0
2507,3.8000000000000007,-6.199999999999999,12,Hero,0.8075623447075486,1.0
2508,4.0,-6.0,10,Hero,0.8236911837011576,1.0
2509,-5.1,4.9,1,Villain,0.9894155263900757,1.0
2510,-5.199999999999999,4.800000000000001,2,Villain,0.9472485184669495,1.0
2511,3.8000000000000007,-6.199999999999999,12,Hero,0.8213556781411171,1.0
2512,4.0,-6.0,10,Hero,0.8165358781814576,1.0
2513,4.1000000000000005,-5.8999999999999995,9,Hero,0.7014308604929183,1.0
2514,3.9000000000000004,-6.1,11,Hero,0.8476991761814464,1.0
2515,3.7,-6.3,13,Hero,0.7611307080548543,1.0
2516,4.6000000000000005,-5.3999999999999995,4,Hero,0.8546746075153351,1.0
2517,4.7,-5.3,3,Hero,0.9137734373410543,1.0
2518,4.6000000000000005,-5.3999999999999995,4,Hero,0.9997829049825668,1.0
2519,4.0,-6.0,10,Hero,0.8362447381019592,1.0
2520,3.7,-6.3,13,Hero,0.8452997780763186,1.0
2521,3.3,-6.7,17,Hero,0.642780461732079,1.0
2522,4.2,-5.8,8,Hero,0.899873461574316,1.0
2523,4.6000000000000005,-5.3999999999999995,4,Hero,0.9962476044893265,1.0
2524,4.5,-5.5,5,Hero,0.7674044966697693,1.0
2525,3.6000000000000005,-6.3999999999999995,14,Hero,0.846521658556802,1.0
2526,3.5,-6.5,15,Hero,0.8234224855899811,1.0
2527,3.6000000000000005,-6.3999999999999995,14,Hero,0.7994116512792451,1.0
2528,4.5,-5.5,5,Hero,0.8050444066524506,1.0
2529,3.5,-6.5,15,Hero,0.8266059458255768,1.0
2530,3.4000000000000004,-6.6,16,Hero,0.7876410465687513,1.0
2531,4.1000000000000005,-5.8999999999999995,9,Hero,0.9997236596213447,1.0
2532,4.2,-5.8,8,Hero,0.958406113088131,1.0
2533,4.4,-5.6,6,Hero,0.7720480412244797,1.0
2534,3.9000000000000004,-6.1,11,Hero,0.8471557660536333,1.0
2535,4.5,-5.5,5,Hero,0.9996268272399902,1.0
2536,4.0,-6.0,10,Hero,0.8565375730395317,1.0
2537,4.5,-5.5,5,Hero,0.8267792940139771,1.0
2538,4.300000000000001,-5.699999999999999,7,Hero,0.7141656662736621,1.0
2539,3.6000000000000005,-6.3999999999999995,14,Hero,0.7695181305919375,1.0
2540,4.0,-6.0,10,Hero,0.6958205133676529,1.0
2541,4.4,-5.6,6,Hero,0.9120509326457977,1.0
2542,3.9000000000000004,-6.1,11,Hero,0.8791955397887663,1.0
2543,3.0,-7.0,20,Hero,0.7369148097932339,1.0
2544,4.1000000000000005,-5.8999999999999995,9,Hero,0.7724746002091302,1.0
2545,3.7,-6.3,13,Hero,0.8995034832220811,1.0
2546,4.9,-5.1,1,Hero,0.4737444519996643,1.0
2547,3.5,-6.5,15,Hero,0.75796583990256,1.0
2548,3.0,-7.0,20,Hero,0.7211364342132583,1.0
2549,3.7,-6.3,13,Hero,0.8257984220981598,1.0
2550,3.6000000000000005,-6.3999999999999995,14,Hero,0.850941423858915,1.0
2551,3.3,-6.7,17,Hero,0.7650745738955105,1.0
2552,4.4,-5.6,6,Hero,0.9072392781575521,1.0
2553,-5.1,4.9,1,Villain,0.9999954700469971,1.0
2554,4.1000000000000005,-5.8999999999999995,9,Hero,0.7217717187272178,1.0
2555,4.300000000000001,-5.699999999999999,7,Hero,0.7608545550278255,1.0
2556,3.2,-6.8,18,Hero,0.6974341256750954,1.0
2557,4.6000000000000005,-5.3999999999999995,4,Hero,0.7930293008685112,1.0
2558,3.7,-6.3,13,Hero,0.7416464273746197,1.0
2559,-5.3999999999999995,4.6000000000000005,4,Villain,0.7436692267656326,1.0
2560,3.9000000000000004,-6.1,11,Hero,0.8667442879893563,1.0
2561,3.9000000000000004,-6.1,11,Hero,0.7867466346784071,1.0
2562,4.1000000000000005,-5.8999999999999995,9,Hero,0.7307721409532759,1.0
2563,4.300000000000001,-5.699999999999999,7,Hero,0.8074374539511544,1.0
2564,4.0,-6.0,10,Hero,0.7741381660103798,1.0
2565,3.9000000000000004,-6.1,11,Hero,0.8908172039823099,1.0
2566,4.9,-5.1,1,Hero,0.9725592136383057,1.0
2567,3.5,-6.5,15,Hero,0.7272155940532684,1.0
2568,3.2,-6.8,18,Hero,0.7542341227332751,1.0
2569,3.9000000000000004,-6.1,11,Hero,0.8532169528982856,1.0
2570,4.300000000000001,-5.699999999999999,7,Hero,0.8526368056024823,1.0
2571,-5.3,4.7,3,Villain,0.6158872644106547,1.0
2572,4.1000000000000005,-5.8999999999999995,9,Hero,0.811367885933982,1.0
2573,3.5,-6.5,15,Hero,0.6993349770704905,1.0
2574,2.6999999999999997,-7.300000000000001,23,Hero,0.7048156480102435,1.0
2575,3.5,-6.5,15,Hero,0.7645805935064952,1.0
2576,1.899999999999999,-8.100000000000001,31,Hero,0.8763659572409045,1.0
2577,-4.999999999999998,-4.999999999999998,50,None,0.9368744772672654,1.0
2578,3.0,-7.0,20,Hero,0.7077292956411838,1.0
2579,4.0,-6.0,10,Hero,0.9209552004933357,1.0
2580,4.2,-5.8,8,Hero,0.7011579386889935,1.0
2581,4.7,-5.3,3,Hero,0.6694439947605133,1.0
2582,3.4000000000000004,-6.6,16,Hero,0.8055616493802518,1.0
2583,-5.199999999999999,4.800000000000001,2,Villain,1.0,1.0
2584,4.7,-5.3,3,Hero,0.8157784740130106,1.0
2585,3.5,-6.5,15,Hero,0.7784672180811564,1.0
2586,4.300000000000001,-5.699999999999999,7,Hero,0.6760122605732509,1.0
2587,4.6000000000000005,-5.3999999999999995,4,Hero,0.9598873853683472,1.0
2588,4.6000000000000005,-5.3999999999999995,4,Hero,0.5521150454878807,1.0
2589,4.6000000000000005,-5.3999999999999995,4,Hero,0.8697688579559326,1.0
2590,4.800000000000001,-5.199999999999999,2,Hero,0.7384763658046722,1.0
2591,4.1000000000000005,-5.8999999999999995,9,Hero,0.937700523270501,1.0
2592,4.0,-6.0,10,Hero,0.7984522521495819,1.0
2593,3.3,-6.7,17,Hero,0.8249906722237083,1.0
2594,3.5,-6.5,15,Hero,0.81234057645003,1.0
2595,4.4,-5.6,6,Hero,0.8959988653659821,1.0
2596,3.5,-6.5,15,Hero,0.842787790298462,1.0
2597,4.300000000000001,-5.699999999999999,7,Hero,0.8548052896346364,1.0
2598,3.9000000000000004,-6.1,11,Hero,0.828439243815162,1.0
2599,4.1000000000000005,-5.8999999999999995,9,Hero,0.8272204332881503,1.0
2600,4.300000000000001,-5.699999999999999,7,Hero,0.7389373098100934,1.0
2601,4.7,-5.3,3,Hero,0.6674988300849994,1.0
2602,3.0,-7.0,20,Hero,0.8363481923937798,1.0
2603,-5.3,4.7,3,Villain,0.5472416281700134,1.0
2604,4.2,-5.8,8,Hero,0.9471735060214996,1.0
2605,3.6000000000000005,-6.3999999999999995,14,Hero,0.6739359716385869,1.0
2606,4.800000000000001,-5.199999999999999,2,Hero,0.7442152798175812,1.0
2607,3.3,-6.7,17,Hero,0.9085523451075834,1.0
2608,4.300000000000001,-5.699999999999999,7,Hero,0.9992295588765826,1.0
2609,2.4999999999999996,-7.5,25,Hero,0.6703002572059631,1.0
2610,3.6000000000000005,-6.3999999999999995,14,Hero,0.749688486967768,1.0
2611,3.3,-6.7,17,Hero,0.8333718373494989,1.0
2612,4.0,-6.0,10,Hero,0.7834559828042984,1.0
2613,4.6000000000000005,-5.3999999999999995,4,Hero,0.9989901781082153,1.0
2614,4.5,-5.5,5,Hero,0.795426195859909,1.0
2615,4.6000000000000005,-5.3999999999999995,4,Hero,0.9057661592960358,1.0
2616,-5.199999999999999,4.800000000000001,2,Villain,0.7877463102340698,1.0
2617,3.9000000000000004,-6.1,11,Hero,0.6880544938824393,1.0
2618,2.8,-7.2,22,Hero,0.7679945555600253,1.0
2619,2.3999999999999995,-7.6000000000000005,26,Hero,0.7725195202689904,1.0
2620,3.6000000000000005,-6.3999999999999995,14,Hero,0.7955874257854053,1.0
2621,4.4,-5.6,6,Hero,0.702034150560697,1.0
2622,3.3,-6.7,17,Hero,0.723739248864791,1.0
2623,4.300000000000001,-5.699999999999999,7,Hero,0.7996907489640372,1.0
2624,4.4,-5.6,6,Hero,0.9352389474709829,1.0
2625,3.9000000000000004,-6.1,11,Hero,0.9021866375749762,1.0
2626,4.7,-5.3,3,Hero,0.8866228461265564,1.0
2627,4.1000000000000005,-5.8999999999999995,9,Hero,0.9422154890166389,1.0
2628,4.1000000000000005,-5.8999999999999995,9,Hero,0.5968766030338075,1.0
2629,4.4,-5.6,6,Hero,0.6556016852458318,1.0
2630,3.7,-6.3,13,Hero,0.7849001609362088,1.0
2631,4.2,-5.8,8,Hero,0.9259812757372856,1.0
2632,3.5,-6.5,15,Hero,0.6590801210453113,1.0
2633,4.300000000000001,-5.699999999999999,7,Hero,0.6051979384252003,1.0
2634,4.2,-5.8,8,Hero,0.9760270714759827,1.0
2635,4.300000000000001,-5.699999999999999,7,Hero,0.8281467386654445,1.0
2636,3.5,-6.5,15,Hero,0.6284726296861967,1.0
2637,4.300000000000001,-5.699999999999999,7,Hero,0.8109163982527596,1.0
2638,4.4,-5.6,6,Hero,0.9934983054796854,1.0
2639,4.5,-5.5,5,Hero,0.6289303183555603,1.0
2640,4.9,-5.1,1,Hero,0.993807852268219,1.0
2641,4.1000000000000005,-5.8999999999999995,9,Hero,0.8458127876122793,1.0
2642,3.0,-7.0,20,Hero,0.6605253033339977,1.0
2643,4.300000000000001,-5.699999999999999,7,Hero,0.8403494145189013,1.0
2644,3.6000000000000005,-6.3999999999999995,14,Hero,0.7980968824454716,1.0
2645,3.4000000000000004,-6.6,16,Hero,0.7205827366560698,1.0
2646,3.3,-6.7,17,Hero,0.596639930325396,1.0
2647,4.9,-5.1,1,Hero,0.9796884655952454,1.0
2648,3.6000000000000005,-6.3999999999999995,14,Hero,0.757996312209538,1.0
2649,4.4,-5.6,6,Hero,0.8407624761263529,1.0
2650,3.4000000000000004,-6.6,16,Hero,0.7581495065242052,1.0
2651,4.300000000000001,-5.699999999999999,7,Hero,0.8379323993410382,1.0
2652,4.2,-5.8,8,Hero,0.985100194811821,1.0
2653,3.0,-7.0,20,Hero,0.8273734591901303,1.0
2654,4.300000000000001,-5.699999999999999,7,Hero,0.8152855400528226,1.0
2655,4.4,-5.6,6,Hero,0.9138646821180979,1.0
2656,2.9,-7.1,21,Hero,0.7864085659384727,1.0
2657,4.2,-5.8,8,Hero,0.9997797086834908,1.0
2658,3.0,-7.0,20,Hero,0.6717837251722812,1.0
2659,3.8000000000000007,-6.199999999999999,12,Hero,0.8106136992573738,1.0
2660,4.9,-5.1,1,Hero,0.992719292640686,1.0
2661,3.6000000000000005,-6.3999999999999995,14,Hero,0.8055414280721119,1.0
2662,2.1999999999999993,-7.800000000000001,28,Hero,0.7788942881992885,1.0
2663,2.8,-7.2,22,Hero,0.6941538453102112,1.0
2664,3.4000000000000004,-6.6,16,Hero,0.7729280702769756,1.0
2665,3.5,-6.5,15,Hero,0.709352457523346,1.0
2666,-5.199999999999999,4.800000000000001,2,Villain,0.44157329201698303,1.0
2667,-5.1,4.9,1,Villain,0.8531990051269531,1.0
2668,4.5,-5.5,5,Hero,0.93154456615448,1.0
2669,4.5,-5.5,5,Hero,0.7605096578598023,1.0
2670,4.5,-5.5,5,Hero,0.7848219901323319,1.0
2671,4.2,-5.8,8,Hero,0.8575377762317657,1.0
2672,3.6000000000000005,-6.3999999999999995,14,Hero,0.7436384452240807,1.0
2673,4.1000000000000005,-5.8999999999999995,9,Hero,0.6679920968082216,1.0
2674,2.4999999999999996,-7.5,25,Hero,0.6801749330759048,1.0
2675,3.7,-6.3,13,Hero,0.8268019774785409,1.0
2676,2.4999999999999996,-7.5,25,Hero,0.6805839163064956,1.0
2677,4.2,-5.8,8,Hero,0.8502812683582306,1.0
2678,2.5999999999999996,-7.4,24,Hero,0.6935444132735332,1.0
2679,3.9000000000000004,-6.1,11,Hero,0.672781387513334,1.0
2680,4.1000000000000005,-5.8999999999999995,9,Hero,0.6908091356356939,1.0
2681,3.0,-7.0,20,Hero,0.6852006800472736,1.0
2682,2.5999999999999996,-7.4,24,Hero,0.6814217468102773,1.0
2683,4.1000000000000005,-5.8999999999999995,9,Hero,0.7201422717836168,1.0
2684,4.300000000000001,-5.699999999999999,7,Hero,0.9722410525594439,1.0
2685,3.5,-6.5,15,Hero,0.7130818575620651,1.0
2686,2.9,-7.1,21,Hero,0.6860929131507874,1.0
2687,4.1000000000000005,-5.8999999999999995,9,Hero,0.8984898693031735,1.0
2688,4.0,-6.0,10,Hero,0.730776273459196,1.0
2689,3.4000000000000004,-6.6,16,Hero,0.7290103919804096,1.0
2690,3.8000000000000007,-6.199999999999999,12,Hero,0.8077642247080803,1.0
2691,3.9000000000000004,-6.1,11,Hero,0.8800898004661907,1.0
2692,4.2,-5.8,8,Hero,0.9963417798280716,1.0
2693,4.2,-5.8,8,Hero,0.9891194626688957,1.0
2694,4.300000000000001,-5.699999999999999,7,Hero,0.8676701869283404,1.0
2695,3.8000000000000007,-6.199999999999999,12,Hero,0.7182638437176744,1.0
2696,4.1000000000000005,-5.8999999999999995,9,Hero,0.7150707468390465,1.0
2697,3.0,-7.0,20,Hero,0.7843403741717339,1.0
2698,4.0,-6.0,10,Hero,0.9502694129943847,1.0
2699,4.2,-5.8,8,Hero,0.9412093833088875,1.0
2700,4.1000000000000005,-5.8999999999999995,9,Hero,0.9972640209727817,1.0
2701,4.2,-5.8,8,Hero,0.950393371284008,1.0
2702,4.6000000000000005,-5.3999999999999995,4,Hero,0.7593514770269394,1.0
2703,3.9000000000000004,-6.1,11,Hero,0.8272756202654405,1.0
2704,3.9000000000000004,-6.1,11,Hero,0.6839791969819502,1.0
2705,3.9000000000000004,-6.1,11,Hero,0.8840034333142367,1.0
2706,3.8000000000000007,-6.199999999999999,12,Hero,0.7970462540785471,1.0
2707,3.7,-6.3,13,Hero,0.7705876139494089,1.0
2708,4.4,-5.6,6,Hero,0.9987970391909281,1.0
2709,3.6000000000000005,-6.3999999999999995,14,Hero,0.6408100351691246,1.0
2710,4.6000000000000005,-5.3999999999999995,4,Hero,0.6983061656355858,1.0
2711,3.9000000000000004,-6.1,11,Hero,0.7362780272960663,1.0
2712,2.8,-7.2,22,Hero,0.7666696628386324,1.0
2713,4.5,-5.5,5,Hero,0.6455364763736725,1.0
2714,2.5999999999999996,-7.4,24,Hero,0.7055730391293764,1.0
2715,4.2,-5.8,8,Hero,0.6396128786727786,1.0
2716,3.8000000000000007,-6.199999999999999,12,Hero,0.8466330369313558,1.0
2717,4.5,-5.5,5,Hero,0.9824059009552002,1.0
2718,3.8000000000000007,-6.199999999999999,12,Hero,0.8622946292161942,1.0
2719,3.0999999999999996,-6.9,19,Hero,0.8363138531383715,1.0
2720,3.9000000000000004,-6.1,11,Hero,0.8895991905169054,1.0
2721,4.0,-6.0,10,Hero,0.6541549310088157,1.0
2722,2.099999999999999,-7.9,29,Hero,0.6493580722860222,1.0
2723,4.2,-5.8,8,Hero,0.7107205344364047,1.0
2724,3.9000000000000004,-6.1,11,Hero,0.8592321195385673,1.0
2725,4.0,-6.0,10,Hero,0.9213495671749115,1.0
2726,4.800000000000001,-5.199999999999999,2,Hero,0.9114477932453156,1.0
2727,4.2,-5.8,8,Hero,0.8879774063825607,1.0
2728,3.6000000000000005,-6.3999999999999995,14,Hero,0.8186636705483709,1.0
2729,3.8000000000000007,-6.199999999999999,12,Hero,0.8593925461173058,1.0
2730,4.0,-6.0,10,Hero,0.7530255809426307,1.0
2731,4.300000000000001,-5.699999999999999,7,Hero,0.9407773613929749,1.0
2732,3.7,-6.3,13,Hero,0.8380417399681531,1.0
2733,3.9000000000000004,-6.1,11,Hero,0.894333774393255,1.0
2734,3.5,-6.5,15,Hero,0.7479338069756826,1.0
2735,3.8000000000000007,-6.199999999999999,12,Hero,0.8864167779684067,1.0
2736,4.5,-5.5,5,Hero,0.8766337096691131,1.0
2737,3.8000000000000007,-6.199999999999999,12,Hero,0.7121810838580132,1.0
2738,4.2,-5.8,8,Hero,0.8205137588083744,1.0
2739,4.300000000000001,-5.699999999999999,7,Hero,0.8668807830129351,1.0
2740,4.2,-5.8,8,Hero,0.8325698226690292,1.0
2741,3.8000000000000007,-6.199999999999999,12,Hero,0.8000799845904112,1.0
2742,4.7,-5.3,3,Hero,0.7442073623339335,1.0
2743,3.6000000000000005,-6.3999999999999995,14,Hero,0.809522922549929,1.0
2744,4.5,-5.5,5,Hero,0.6285963326692581,1.0
2745,4.2,-5.8,8,Hero,0.7302992455661297,1.0
2746,4.6000000000000005,-5.3999999999999995,4,Hero,0.7335502356290817,1.0
2747,3.4000000000000004,-6.6,16,Hero,0.550470607355237,1.0
2748,4.1000000000000005,-5.8999999999999995,9,Hero,0.7777588019768397,1.0
2749,3.9000000000000004,-6.1,11,Hero,0.7546041905879974,1.0
2750,4.800000000000001,-5.199999999999999,2,Hero,0.9935110807418823,1.0
2751,3.0,-7.0,20,Hero,0.7026074633002282,1.0
2752,1.6999999999999988,-8.3,33,Hero,0.6564686519630027,1.0
2753,4.2,-5.8,8,Hero,0.8604474291205406,1.0
2754,4.7,-5.3,3,Hero,0.8769997358322144,1.0
2755,4.5,-5.5,5,Hero,0.9237934350967407,1.0
2756,4.1000000000000005,-5.8999999999999995,9,Hero,0.8387928042146895,1.0
2757,3.8000000000000007,-6.199999999999999,12,Hero,0.7395990950365862,1.0
2758,2.5999999999999996,-7.4,24,Hero,0.6324012101783106,1.0
2759,4.300000000000001,-5.699999999999999,7,Hero,0.8688251887048993,1.0
2760,4.2,-5.8,8,Hero,0.8539451956748962,1.0
2761,4.4,-5.6,6,Hero,0.8619200388590494,1.0
2762,4.4,-5.6,6,Hero,0.7914446989695231,1.0
2763,3.8000000000000007,-6.199999999999999,12,Hero,0.8346902430057526,1.0
2764,3.7,-6.3,13,Hero,0.8114980069490579,1.0
2765,4.1000000000000005,-5.8999999999999995,9,Hero,0.7921417620446947,1.0
2766,4.0,-6.0,10,Hero,0.8522774696350097,1.0
2767,4.4,-5.6,6,Hero,0.8772451380888621,1.0
2768,4.0,-6.0,10,Hero,0.744808404147625,1.0
2769,3.2,-6.8,18,Hero,0.6710307945807775,1.0
2770,4.4,-5.6,6,Hero,0.7900560796260834,1.0
2771,4.5,-5.5,5,Hero,0.9982392311096191,1.0
2772,3.6000000000000005,-6.3999999999999995,14,Hero,0.6728812349694115,1.0
2773,2.5999999999999996,-7.4,24,Hero,0.8144485875964165,1.0
2774,3.6000000000000005,-6.3999999999999995,14,Hero,0.7454267889261246,1.0
2775,2.9,-7.1,21,Hero,0.775706369252432,1.0
2776,4.2,-5.8,8,Hero,0.8792951479554176,1.0
2777,3.6000000000000005,-6.3999999999999995,14,Hero,0.8151329276817185,1.0
2778,3.8000000000000007,-6.199999999999999,12,Hero,0.6832418472816547,1.0
2779,4.9,-5.1,1,Hero,0.8492323756217957,1.0
2780,4.1000000000000005,-5.8999999999999995,9,Hero,0.9929630557696024,1.0
2781,4.300000000000001,-5.699999999999999,7,Hero,0.8324013905865806,1.0
2782,4.1000000000000005,-5.8999999999999995,9,Hero,0.6934906269113222,1.0
2783,4.0,-6.0,10,Hero,0.8274063915014267,1.0
2784,4.1000000000000005,-5.8999999999999995,9,Hero,0.8644041352801852,1.0
2785,4.6000000000000005,-5.3999999999999995,4,Hero,0.8235023021697998,1.0
2786,3.3,-6.7,17,Hero,0.7485501139479525,1.0
2787,4.7,-5.3,3,Hero,0.997151792049408,1.0
2788,4.4,-5.6,6,Hero,0.9109366138776144,1.0
2789,3.8000000000000007,-6.199999999999999,12,Hero,0.7809871601348277,1.0
2790,3.8000000000000007,-6.199999999999999,12,Hero,0.7911076446374258,1.0
2791,3.9000000000000004,-6.1,11,Hero,0.8434983762827787,1.0
2792,3.6000000000000005,-6.3999999999999995,14,Hero,0.8325848957257611,1.0
2793,4.4,-5.6,6,Hero,0.8949210743109385,1.0
2794,4.2,-5.8,8,Hero,0.9299878552556038,1.0
2795,4.2,-5.8,8,Hero,0.9390267506241798,1.0
2796,3.9000000000000004,-6.1,11,Hero,0.795176400379701,1.0
2797,3.9000000000000004,-6.1,11,Hero,0.8169903375885703,1.0
2798,4.2,-5.8,8,Hero,0.9227082096040249,1.0
2799,2.8,-7.2,22,Hero,0.6811011602932756,1.0
2800,4.2,-5.8,8,Hero,0.913355141878128,1.0
2801,4.800000000000001,-5.199999999999999,2,Hero,0.970119446516037,1.0
2802,4.7,-5.3,3,Hero,0.5196209102869034,1.0
2803,4.1000000000000005,-5.8999999999999995,9,Hero,0.7350119120544858,1.0
2804,4.2,-5.8,8,Hero,0.6990245766937733,1.0
2805,2.9,-7.1,21,Hero,0.792050431172053,1.0
2806,4.0,-6.0,10,Hero,0.7002385579049587,1.0
2807,4.4,-5.6,6,Hero,0.7337434589862823,1.0
2808,2.2999999999999994,-7.700000000000001,27,Hero,0.6693666613902207,1.0
2809,3.6000000000000005,-6.3999999999999995,14,Hero,0.8852996187550681,1.0
2810,4.300000000000001,-5.699999999999999,7,Hero,0.6994538988385882,1.0
2811,3.8000000000000007,-6.199999999999999,12,Hero,0.8650394305586815,1.0
2812,4.1000000000000005,-5.8999999999999995,9,Hero,0.9970289733674791,1.0
2813,2.9,-7.1,21,Hero,0.6679319682575408,1.0
2814,4.6000000000000005,-5.3999999999999995,4,Hero,0.790887176990509,1.0
2815,3.3,-6.7,17,Hero,0.6564095072886523,1.0
2816,4.2,-5.8,8,Hero,0.9958332851529121,1.0
2817,3.9000000000000004,-6.1,11,Hero,0.8253005309538408,1.0
2818,4.800000000000001,-5.199999999999999,2,Hero,0.9996463358402252,1.0
2819,4.2,-5.8,8,Hero,0.970060370862484,1.0
2820,4.2,-5.8,8,Hero,0.785221628844738,1.0
2821,3.9000000000000004,-6.1,11,Hero,0.8802138729528948,1.0
2822,3.5,-6.5,15,Hero,0.7347392578919728,1.0
2823,3.5,-6.5,15,Hero,0.8022966663042704,1.0
2824,4.2,-5.8,8,Hero,0.6803034208714962,1.0
2825,4.4,-5.6,6,Hero,0.8899396856625875,1.0
2826,4.1000000000000005,-5.8999999999999995,9,Hero,0.991762618223826,1.0
2827,3.5,-6.5,15,Hero,0.8214868505795797,1.0
2828,4.2,-5.8,8,Hero,0.9006315618753433,1.0
2829,4.1000000000000005,-5.8999999999999995,9,Hero,0.7953796916537814,1.0
2830,4.0,-6.0,10,Hero,0.7446323029696942,1.0
2831,4.2,-5.8,8,Hero,0.8987783119082451,1.0
2832,3.8000000000000007,-6.199999999999999,12,Hero,0.8348161230484644,1.0
2833,4.4,-5.6,6,Hero,0.9103813568751017,1.0
2834,3.2,-6.8,18,Hero,0.659679651260376,1.0
2835,4.7,-5.3,3,Hero,0.898633082707723,1.0
2836,4.2,-5.8,8,Hero,0.7318093590438366,1.0
2837,4.1000000000000005,-5.8999999999999995,9,Hero,0.764290859301885,1.0
2838,3.0,-7.0,20,Hero,0.7926501579582691,1.0
2839,3.9000000000000004,-6.1,11,Hero,0.6822612231427972,1.0
2840,4.0,-6.0,10,Hero,0.8661901384592057,1.0
2841,2.9,-7.1,21,Hero,0.7770323324061575,1.0
2842,4.9,-5.1,1,Hero,0.9989499449729919,1.0
2843,3.3,-6.7,17,Hero,0.8094539572210873,1.0
2844,4.2,-5.8,8,Hero,0.8322920501232147,1.0
2845,3.5,-6.5,15,Hero,0.803097344810764,1.0
2846,3.9000000000000004,-6.1,11,Hero,0.7235177741809324,1.0
2847,4.1000000000000005,-5.8999999999999995,9,Hero,0.9967679778734843,1.0
2848,4.300000000000001,-5.699999999999999,7,Hero,0.9366302575383868,1.0
2849,3.7,-6.3,13,Hero,0.8329077708319976,1.0
2850,3.4000000000000004,-6.6,16,Hero,0.7939326362684369,1.0
2851,4.300000000000001,-5.699999999999999,7,Hero,0.9234464764595032,1.0
2852,4.9,-5.1,1,Hero,0.9994935989379883,1.0
2853,4.2,-5.8,8,Hero,0.7631621994078159,1.0
2854,3.8000000000000007,-6.199999999999999,12,Hero,0.7513694387550155,1.0
2855,4.4,-5.6,6,Hero,0.8863367239634196,1.0
2856,4.0,-6.0,10,Hero,0.8271700203418731,1.0
2857,3.6000000000000005,-6.3999999999999995,14,Hero,0.7564464232751301,1.0
2858,4.2,-5.8,8,Hero,0.8232892099767923,1.0
2859,-5.199999999999999,4.800000000000001,2,Villain,0.3699866943061352,1.0
2860,3.5,-6.5,15,Hero,0.7234794209400813,1.0
2861,2.5999999999999996,-7.4,24,Hero,0.6453341261173288,1.0
2862,4.4,-5.6,6,Hero,0.9767335454622904,1.0
2863,2.6999999999999997,-7.300000000000001,23,Hero,0.7620347841926243,1.0
2864,3.5,-6.5,15,Hero,0.7180623310307662,1.0
2865,4.1000000000000005,-5.8999999999999995,9,Hero,0.9886801176600986,1.0
2866,4.0,-6.0,10,Hero,0.7563415184617043,1.0
2867,4.300000000000001,-5.699999999999999,7,Hero,0.8038117289543152,1.0
2868,4.0,-6.0,10,Hero,0.9122189849615097,1.0
2869,3.5,-6.5,15,Hero,0.8469284931818645,1.0
2870,2.6999999999999997,-7.300000000000001,23,Hero,0.7646262065871902,1.0
2871,3.3,-6.7,17,Hero,0.7224485830349081,1.0
2872,4.1000000000000005,-5.8999999999999995,9,Hero,0.7923177571760284,1.0
2873,3.7,-6.3,13,Hero,0.7951977894856379,1.0
2874,2.3999999999999995,-7.6000000000000005,26,Hero,0.721189830165643,1.0
2875,3.3,-6.7,17,Hero,0.8563076731036691,1.0
2876,3.5,-6.5,15,Hero,0.8865084330240885,1.0
2877,4.7,-5.3,3,Hero,0.6111048062642416,1.0
2878,4.0,-6.0,10,Hero,0.7918947696685791,1.0
2879,3.6000000000000005,-6.3999999999999995,14,Hero,0.8091506276811872,1.0
2880,2.3999999999999995,-7.6000000000000005,26,Hero,0.6054470642254903,1.0
2881,3.4000000000000004,-6.6,16,Hero,0.873430197359994,1.0
2882,4.1000000000000005,-5.8999999999999995,9,Hero,0.9170736538039314,1.0
2883,2.4999999999999996,-7.5,25,Hero,0.6715323138236999,1.0
2884,3.4000000000000004,-6.6,16,Hero,0.8205683913547546,1.0
2885,4.800000000000001,-5.199999999999999,2,Hero,0.9764047265052795,1.0
2886,3.7,-6.3,13,Hero,0.6461683697998524,1.0
2887,3.8000000000000007,-6.199999999999999,12,Hero,0.8768360565106074,1.0
2888,3.9000000000000004,-6.1,11,Hero,0.6971255534074523,1.0
2889,3.7,-6.3,13,Hero,0.7263976914378313,1.0
2890,3.9000000000000004,-6.1,11,Hero,0.8132210915738886,1.0
2891,4.0,-6.0,10,Hero,0.9133182674646377,1.0
2892,3.6000000000000005,-6.3999999999999995,14,Hero,0.7820941390735763,1.0
2893,3.6000000000000005,-6.3999999999999995,14,Hero,0.8009174806731088,1.0
2894,4.2,-5.8,8,Hero,0.9525546431541443,1.0
2895,4.9,-5.1,1,Hero,0.8078737258911133,1.0
2896,3.7,-6.3,13,Hero,0.9020578746612256,1.0
2897,4.4,-5.6,6,Hero,0.9589052597681681,1.0
2898,4.0,-6.0,10,Hero,0.6513569407165051,1.0
2899,4.2,-5.8,8,Hero,0.7816648669540882,1.0
2900,4.5,-5.5,5,Hero,0.9911832690238953,1.0
2901,4.0,-6.0,10,Hero,0.894495940208435,1.0
2902,4.800000000000001,-5.199999999999999,2,Hero,0.8477147817611694,1.0
2903,3.2,-6.8,18,Hero,0.6971730573309792,1.0
2904,4.1000000000000005,-5.8999999999999995,9,Hero,0.8875141425265206,1.0
2905,3.2,-6.8,18,Hero,0.6660906515187688,1.0
2906,4.1000000000000005,-5.8999999999999995,9,Hero,0.9673834244410197,1.0
2907,3.0,-7.0,20,Hero,0.7657629821449519,1.0
2908,-5.6,4.4,6,Villain,0.683161993821462,1.0
2909,3.7,-6.3,13,Hero,0.7136415185836645,1.0
2910,3.9000000000000004,-6.1,11,Hero,0.857547555457462,1.0
2911,3.7,-6.3,13,Hero,0.8296756813159356,1.0
2912,4.5,-5.5,5,Hero,0.9953956604003906,1.0
2913,3.5,-6.5,15,Hero,0.787660934527715,1.0
2914,2.3999999999999995,-7.6000000000000005,26,Hero,0.8054445699000587,1.0
2915,4.1000000000000005,-5.8999999999999995,9,Hero,0.9452379279666476,1.0
2916,4.0,-6.0,10,Hero,0.7806209549307823,1.0
2917,4.300000000000001,-5.699999999999999,7,Hero,0.9886849437441144,1.0
2918,2.5999999999999996,-7.4,24,Hero,0.8092225456299881,1.0
2919,4.300000000000001,-5.699999999999999,7,Hero,0.8193782099655696,1.0
2920,4.9,-5.1,1,Hero,0.976311981678009,1.0
2921,4.7,-5.3,3,Hero,0.7671766479810079,1.0
2922,3.4000000000000004,-6.6,16,Hero,0.7648470429703593,1.0
2923,4.300000000000001,-5.699999999999999,7,Hero,0.8221496301037925,1.0
2924,3.8000000000000007,-6.199999999999999,12,Hero,0.7005736889938513,1.0
2925,4.9,-5.1,1,Hero,0.17758171260356903,1.0
2926,3.8000000000000007,-6.199999999999999,12,Hero,0.9018527915080389,1.0
2927,4.4,-5.6,6,Hero,0.9973267018795013,1.0
2928,4.4,-5.6,6,Hero,0.6974575892090797,1.0
2929,2.5999999999999996,-7.4,24,Hero,0.7796685739109913,1.0
2930,4.6000000000000005,-5.3999999999999995,4,Hero,0.9873917549848557,1.0
2931,2.1999999999999993,-7.800000000000001,28,Hero,0.7225379119294563,1.0
2932,4.2,-5.8,8,Hero,0.7564476355910301,1.0
2933,3.6000000000000005,-6.3999999999999995,14,Hero,0.6502828885401998,1.0
2934,-5.1,4.9,1,Villain,0.9624412655830383,1.0
2935,4.0,-6.0,10,Hero,0.8102719932794571,1.0
2936,3.5,-6.5,15,Hero,0.7577177306016286,1.0
2937,3.9000000000000004,-6.1,11,Hero,0.8843764804980971,1.0
2938,4.800000000000001,-5.199999999999999,2,Hero,0.9990866482257843,1.0
2939,2.3999999999999995,-7.6000000000000005,26,Hero,0.7066776225200067,1.0
2940,4.1000000000000005,-5.8999999999999995,9,Hero,0.9212310777770149,1.0
2941,-5.3,4.7,3,Villain,0.3829025874535243,1.0
2942,4.1000000000000005,-5.8999999999999995,9,Hero,0.9473433428340488,1.0
2943,3.0,-7.0,20,Hero,0.7560819610953331,1.0
2944,3.8000000000000007,-6.199999999999999,12,Hero,0.82824615513285,1.0
2945,4.2,-5.8,8,Hero,0.9994605854153633,1.0
2946,4.0,-6.0,10,Hero,0.7931640535593033,1.0
2947,3.5,-6.5,15,Hero,0.7672555088996887,1.0
2948,1.899999999999999,-8.100000000000001,31,Hero,0.6173530975657124,1.0
2949,2.5999999999999996,-7.4,24,Hero,0.734492527320981,1.0
2950,4.800000000000001,-5.199999999999999,2,Hero,0.9321274161338806,1.0
2951,3.2,-6.8,18,Hero,0.6923264894220564,1.0
2952,4.300000000000001,-5.699999999999999,7,Hero,0.7479231804609299,1.0
2953,4.300000000000001,-5.699999999999999,7,Hero,0.8164210064070565,1.0
2954,4.800000000000001,-5.199999999999999,2,Hero,0.9970492124557495,1.0
2955,2.3999999999999995,-7.6000000000000005,26,Hero,0.7287897951900959,1.0
2956,2.1999999999999993,-7.800000000000001,28,Hero,0.7342519744166306,1.0
2957,3.9000000000000004,-6.1,11,Hero,0.7499837116761641,1.0
2958,3.9000000000000004,-6.1,11,Hero,0.9385355114936829,1.0
2959,2.9,-7.1,21,Hero,0.7559681179977599,1.0
2960,4.1000000000000005,-5.8999999999999995,9,Hero,0.8392969634797838,1.0
2961,3.6000000000000005,-6.3999999999999995,14,Hero,0.8139940830213683,1.0
2962,4.7,-5.3,3,Hero,0.9993070165316263,1.0
2963,4.0,-6.0,10,Hero,0.8656696259975434,1.0
2964,4.1000000000000005,-5.8999999999999995,9,Hero,0.9596098197831048,1.0
2965,3.9000000000000004,-6.1,11,Hero,0.7832212773236361,1.0
2966,3.4000000000000004,-6.6,16,Hero,0.7552398517727852,1.0
2967,3.9000000000000004,-6.1,11,Hero,0.7199184102090922,1.0
2968,4.9,-5.1,1,Hero,0.992347240447998,1.0
2969,3.8000000000000007,-6.199999999999999,12,Hero,0.9182895471652349,1.0
2970,4.2,-5.8,8,Hero,0.9840103089809418,1.0
2971,3.8000000000000007,-6.199999999999999,12,Hero,0.8039513006806374,1.0
2972,3.4000000000000004,-6.6,16,Hero,0.7007414847612381,1.0
2973,4.300000000000001,-5.699999999999999,7,Hero,0.9204590916633606,1.0
2974,2.6999999999999997,-7.300000000000001,23,Hero,0.7624109866826431,1.0
2975,4.0,-6.0,10,Hero,0.7662332993000746,1.0
2976,4.300000000000001,-5.699999999999999,7,Hero,0.7862053513526917,1.0
2977,4.4,-5.6,6,Hero,0.8495376408100128,1.0
2978,4.300000000000001,-5.699999999999999,7,Hero,0.7885517605713436,1.0
2979,4.300000000000001,-5.699999999999999,7,Hero,0.8979941521372113,1.0
2980,3.7,-6.3,13,Hero,0.7257101845282775,1.0
2981,4.4,-5.6,6,Hero,0.9499961932500204,1.0
2982,2.8,-7.2,22,Hero,0.8267462338236246,1.0
2983,4.5,-5.5,5,Hero,0.750673296675086,1.0
2984,4.2,-5.8,8,Hero,0.9259515181183815,1.0
2985,4.1000000000000005,-5.8999999999999995,9,Hero,0.7798406614197625,1.0
2986,3.2,-6.8,18,Hero,0.6914382005731264,1.0
2987,3.2,-6.8,18,Hero,0.736690697984563,1.0
2988,3.8000000000000007,-6.199999999999999,12,Hero,0.7839583257834116,1.0
2989,4.2,-5.8,8,Hero,0.9210680425167084,1.0
2990,4.5,-5.5,5,Hero,0.8061762653291226,1.0
2991,3.0999999999999996,-6.9,19,Hero,0.7900145626381824,1.0
2992,4.800000000000001,-5.199999999999999,2,Hero,0.997924417257309,1.0
2993,4.0,-6.0,10,Hero,0.7233372583985329,1.0
2994,2.9,-7.1,21,Hero,0.6785962148791268,1.0
2995,3.9000000000000004,-6.1,11,Hero,0.8285961137576536,1.0
2996,4.5,-5.5,5,Hero,0.849530017375946,1.0
2997,4.2,-5.8,8,Hero,0.9968540742993355,1.0
2998,3.6000000000000005,-6.3999999999999995,14,Hero,0.7765930060829435,1.0
2999,3.5,-6.5,15,Hero,0.7950938026110331,1.0
3000,4.800000000000001,-5.199999999999999,2,Hero,0.9976523518562317,1.0
