episode,hero_reward,villain_reward,steps,winner,hero_avg_prob,villain_avg_prob
1,-8.600000000000001,1.3999999999999986,36,Villain,0.3266152044137319,0.28334837448265815
2,-6.7,3.3,17,Villain,0.34703539574847503,0.29645751504337087
3,-4.999999999999998,-4.999999999999998,50,None,0.28335661590099337,0.24649549156427383
4,-4.999999999999998,-4.999999999999998,50,None,0.415106608197093,0.44741992875933645
5,-4.999999999999998,-4.999999999999998,50,None,0.4636408484354615,0.38071118913590907
6,-4.999999999999998,-4.999999999999998,50,None,0.508774702064693,0.37065083168447016
7,-4.999999999999998,-4.999999999999998,50,None,0.43008800216019155,0.3956988149881363
8,-6.1,3.9000000000000004,11,Villain,0.31055152331563557,0.28445207327604294
9,-4.999999999999998,-4.999999999999998,50,None,0.5109858887270093,0.30265415370464327
10,-4.999999999999998,-4.999999999999998,50,None,0.33915127694606784,0.4305728110671043
11,-4.999999999999998,-4.999999999999998,50,None,0.5821010313928128,0.3338672810792923
12,-4.999999999999998,-4.999999999999998,50,None,0.44517069183290003,0.3104309837520123
13,-5.5,4.5,5,Villain,0.2932030975818634,0.5069934997707606
14,-6.0,4.0,10,Villain,0.594483745098114,0.2783415034413338
15,-7.800000000000001,2.1999999999999993,28,Villain,0.2974476385861635,0.8044177506651197
16,-5.3,4.7,3,Villain,0.7986846566200256,0.21619014938672385
17,-4.999999999999998,-4.999999999999998,50,None,0.4881564211845398,0.3284287367016077
18,-7.0,3.0,20,Villain,0.3020502530038357,0.3041228026151657
19,-4.999999999999998,-4.999999999999998,50,None,0.39743108227849006,0.3265726226568222
20,-4.999999999999998,-4.999999999999998,50,None,0.41709711372852326,0.4883468655124307
21,-9.100000000000001,0.8999999999999986,41,Villain,0.33707833835264533,0.8436359001732454
22,-4.999999999999998,-4.999999999999998,50,None,0.43595454424619673,0.8277961644157767
23,-7.1,2.9,21,Villain,0.2957144310431821,0.9172687221850667
24,-8.600000000000001,1.3999999999999986,36,Villain,0.4504182239373525,0.6160477965863215
25,-6.3999999999999995,3.6000000000000005,14,Villain,0.28298127172248705,0.7940543364467365
26,-4.999999999999998,-4.999999999999998,50,None,0.3541409131884575,0.49076146714389324
27,-6.9,3.0999999999999996,19,Villain,0.4222224395918219,0.40705059900095586
28,-4.999999999999998,-4.999999999999998,50,None,0.33551630362868307,0.4610200110077858
29,-4.999999999999998,-4.999999999999998,50,None,0.30988322004675867,0.5393929050303996
30,-7.9,2.099999999999999,29,Villain,0.3384321632570234,0.3866458386182785
31,-4.999999999999998,-4.999999999999998,50,None,0.43856839403510095,0.35284715592861177
32,-6.9,3.0999999999999996,19,Villain,0.3794288901906264,0.5943871483598885
33,-7.4,2.5999999999999996,24,Villain,0.36592719284817576,0.5035304703439275
34,-4.999999999999998,-4.999999999999998,50,None,0.4079140484333038,0.7361809298023582
35,-4.999999999999998,-4.999999999999998,50,None,0.3012004102766514,0.3623874016106129
36,-7.300000000000001,2.6999999999999997,23,Villain,0.37866767852202704,0.5596238413582677
37,-4.999999999999998,-4.999999999999998,50,None,0.4837846750020981,0.7446451221406459
38,-9.6,0.40000000000000036,46,Villain,0.38251844086967735,0.624470766066857
39,-8.0,1.9999999999999991,30,Villain,0.32617293832202754,0.7462787985801697
40,-4.999999999999998,-4.999999999999998,50,None,0.3485498370602727,0.6858617816120386
41,-9.200000000000001,0.7999999999999989,42,Villain,0.3781468030952272,0.7407228584578704
42,-4.999999999999998,-4.999999999999998,50,None,0.3151776736974716,0.8961877337098122
43,-8.3,1.6999999999999988,33,Villain,0.33085981779026263,0.5687784327927864
44,-7.0,3.0,20,Villain,0.36140657737851145,0.6178334571421147
45,-4.999999999999998,-4.999999999999998,50,None,0.43762750819325447,0.49980150666087864
46,-4.999999999999998,-4.999999999999998,50,None,0.34058139503002166,0.5308692413195968
47,-4.999999999999998,-4.999999999999998,50,None,0.35077343583106996,0.6267040142416954
48,-4.999999999999998,-4.999999999999998,50,None,0.35187255673110485,0.39317085571587085
49,-6.6,3.4000000000000004,16,Villain,0.30651101493276656,0.6527375215664506
50,-9.899999999999999,0.10000000000000142,49,Villain,0.3194830030088826,0.5785048266454619
51,-4.999999999999998,-4.999999999999998,50,None,0.262873549759388,0.3269545739889145
52,-4.999999999999998,-4.999999999999998,50,None,0.3469011478871107,0.5704905375279486
53,-9.4,0.5999999999999996,44,Villain,0.3511553786441006,0.5273217570290647
54,-5.3999999999999995,4.6000000000000005,4,Villain,0.32931650057435036,0.39809754863381386
55,-4.999999999999998,-4.999999999999998,50,None,0.39474376298487185,0.5093886816501617
56,-4.999999999999998,-4.999999999999998,50,None,0.3970982671901584,0.4987584685720503
57,-4.999999999999998,-4.999999999999998,50,None,0.27573450669646266,0.3961890703439713
58,-4.999999999999998,-4.999999999999998,50,None,0.40113058656454087,0.607864437699318
59,-7.2,2.8,22,Villain,0.29088599065488036,0.9459426592696797
60,-4.999999999999998,-4.999999999999998,50,None,0.407529271543026,0.9071885361522436
61,-8.3,1.6999999999999988,33,Villain,0.26608228864091815,0.5918598276647654
62,-6.5,3.5,15,Villain,0.3701928973197937,0.35278502056996025
63,-4.999999999999998,-4.999999999999998,50,None,0.41843574643135073,0.5689883443713188
64,-9.3,0.6999999999999993,43,Villain,0.32967434858166894,0.995921463467354
65,-4.999999999999998,-4.999999999999998,50,None,0.4000712725520134,0.44657061114907265
66,-4.999999999999998,-4.999999999999998,50,None,0.41603463619947434,0.9118032417818904
67,-6.9,3.0999999999999996,19,Villain,0.39383477090220703,0.5585234424001292
68,-4.999999999999998,-4.999999999999998,50,None,0.46402783267199993,0.926825322015211
69,-4.999999999999998,-4.999999999999998,50,None,0.37094008579850196,0.9906769573688508
70,-7.300000000000001,2.6999999999999997,23,Villain,0.33896930386190827,0.37216267184070917
71,-6.0,4.0,10,Villain,0.24640945494174957,0.5475541293621063
72,-4.999999999999998,-4.999999999999998,50,None,0.34185228049755095,0.44750411085784436
73,-9.100000000000001,0.8999999999999986,41,Villain,0.3606232970771266,0.43533407751379943
74,-4.999999999999998,-4.999999999999998,50,None,0.38620320469141006,0.8000360970082693
75,-4.999999999999998,-4.999999999999998,50,None,0.4569186703115702,0.9284685098007321
76,-4.999999999999998,-4.999999999999998,50,None,0.44475680783391,0.9739524859935045
77,-5.3999999999999995,4.6000000000000005,4,Villain,0.4708004668354988,0.6540999300777912
78,-7.300000000000001,2.6999999999999997,23,Villain,0.3007067927847738,0.9983895135962445
79,-6.7,3.3,17,Villain,0.3156800881466445,0.5283206806463354
80,-6.3999999999999995,3.6000000000000005,14,Villain,0.5485762687666076,0.4867903249604361
81,-7.2,2.8,22,Villain,0.4674301797693426,0.512386838143522
82,-4.999999999999998,-4.999999999999998,50,None,0.42620277106761933,0.4639033924043179
83,-5.3,4.7,3,Villain,0.30490481356779736,0.4233084221680959
84,-8.8,1.1999999999999984,38,Villain,0.3224163372069597,0.391995635324795
85,-6.0,4.0,10,Villain,0.2928089827299118,0.45337701924145224
86,-6.9,3.0999999999999996,19,Villain,0.26696156122182546,0.3433305954462604
87,-7.300000000000001,2.6999999999999997,23,Villain,0.3760792716689732,0.6894420728735302
88,-9.100000000000001,0.8999999999999986,41,Villain,0.33313116449408414,0.5791298082870681
89,-5.699999999999999,4.300000000000001,7,Villain,0.3694648338215692,0.5326340837138039
90,-4.999999999999998,-4.999999999999998,50,None,0.4107380309700966,0.9962469375133515
91,-5.6,4.4,6,Villain,0.31546800583601,0.5642309685548147
92,-5.699999999999999,4.300000000000001,7,Villain,0.35702059098652433,0.6943889914878777
93,-7.6000000000000005,2.3999999999999995,26,Villain,0.3193000087944361,0.4813821012727343
94,-6.3,3.7,13,Villain,0.32982260905779326,0.5394108077654471
95,-4.999999999999998,-4.999999999999998,50,None,0.48192481353878974,0.8239189112186431
96,-9.100000000000001,0.8999999999999986,41,Villain,0.3376261757277861,0.4696982671938291
97,-4.999999999999998,-4.999999999999998,50,None,0.5194116503000259,0.9196418331563473
98,-4.999999999999998,-4.999999999999998,50,None,0.4805259524285793,0.9714417970553041
99,-7.700000000000001,2.2999999999999994,27,Villain,0.3139601476766445,0.4889678077565299
100,-5.5,4.5,5,Villain,0.41568973660469055,0.5476571381092071
101,-7.6000000000000005,2.3999999999999995,26,Villain,0.3399160343867082,0.4384079131369407
102,-4.999999999999998,-4.999999999999998,50,None,0.4710390981659293,0.9955523014068604
103,-4.999999999999998,-4.999999999999998,50,None,0.40038501523435116,0.9080809234082698
104,-7.2,2.8,22,Villain,0.35433395206928253,0.6840190917824988
105,-4.999999999999998,-4.999999999999998,50,None,0.4982416756078601,0.7880623384378851
106,-4.999999999999998,-4.999999999999998,50,None,0.6146053450554609,0.9215459694620222
107,-4.999999999999998,-4.999999999999998,50,None,0.5903390667214989,0.9788679039478302
108,-6.7,3.3,17,Villain,0.38451481259921017,0.6267644403611913
109,-4.999999999999998,-4.999999999999998,50,None,0.6702011783793569,0.9075063726305962
110,-4.999999999999998,-4.999999999999998,50,None,0.4264325860142708,0.9117974722385407
111,-9.6,0.40000000000000036,46,Villain,0.2708786470086678,0.45694966711427853
112,-6.0,4.0,10,Villain,0.3094769284129143,0.49304101429879665
113,-4.999999999999998,-4.999999999999998,50,None,0.45577695555984976,0.9399529241025448
114,-4.999999999999998,-4.999999999999998,50,None,0.4981856084987521,0.9981373393535614
115,-7.5,2.4999999999999996,25,Villain,0.45192582309246065,0.5150489550456405
116,-5.5,4.5,5,Villain,0.3986299276351929,0.4994180858135223
117,-6.6,3.4000000000000004,16,Villain,0.33728337730281055,0.5130444010719657
118,-8.100000000000001,1.899999999999999,31,Villain,0.3652826667793335,0.4781015689574903
119,-4.999999999999998,-4.999999999999998,50,None,0.5128943694382906,0.8026869580615312
120,-8.3,1.6999999999999988,33,Villain,0.32906136842388095,0.6222951448324955
121,-6.7,3.3,17,Villain,0.40917956631849794,0.4918510349576964
122,-4.999999999999998,-4.999999999999998,50,None,0.5067186815664172,0.7812630742788315
123,-4.999999999999998,-4.999999999999998,50,None,0.6252601097524166,0.984344732761383
124,-6.3,3.7,13,Villain,0.2727966790015881,0.46718867925497204
125,-7.0,3.0,20,Villain,0.36356696784496306,0.7019367687404156
126,-5.8,4.2,8,Villain,0.32486031111329794,0.9996070861816406
127,-7.1,2.9,21,Villain,0.32133057216803235,0.8288192529053915
128,-9.100000000000001,0.8999999999999986,41,Villain,0.4085796171708441,0.9993422583835881
129,-5.6,4.4,6,Villain,0.4946045329173406,0.6403360416491827
130,-5.3999999999999995,4.6000000000000005,4,Villain,0.31984958052635193,0.9999422132968903
131,-4.999999999999998,-4.999999999999998,50,None,0.5580542300269008,0.8099472727626562
132,-6.0,4.0,10,Villain,0.31752029359340667,0.5942154467105866
133,-6.3999999999999995,3.6000000000000005,14,Villain,0.4239259117415973,0.7110305151769093
134,-6.3999999999999995,3.6000000000000005,14,Villain,0.3518721120698111,0.5457158852368593
135,-6.0,4.0,10,Villain,0.440636382997036,0.7251673519611359
136,-4.999999999999998,-4.999999999999998,50,None,0.32981164515018463,0.9991556525230407
137,-8.100000000000001,1.899999999999999,31,Villain,0.35018666617331967,0.9313755987151977
138,-7.2,2.8,22,Villain,0.469179244204001,0.6224858696487817
139,-6.5,3.5,15,Villain,0.47418800940116246,0.6145637581745783
140,-5.5,4.5,5,Villain,0.333193638920784,0.49603062868118286
141,-4.999999999999998,-4.999999999999998,50,None,0.45481358133256433,0.9534652768820524
142,-7.0,3.0,20,Villain,0.37619668347761037,0.5533657018095255
143,-5.6,4.4,6,Villain,0.4016456951697667,0.997391919294993
144,-4.999999999999998,-4.999999999999998,50,None,0.4802249953150749,0.8995842491835355
145,-5.8999999999999995,4.1000000000000005,9,Villain,0.27663782156176037,0.6919292373996642
146,-6.3999999999999995,3.6000000000000005,14,Villain,0.38294560994420734,0.6525365476097379
147,-7.1,2.9,21,Villain,0.40458432620479945,0.691332629039174
148,-4.999999999999998,-4.999999999999998,50,None,0.49052782244980336,0.8694305115938187
149,-4.999999999999998,-4.999999999999998,50,None,0.41934474498033525,0.8500761208869517
150,-4.999999999999998,-4.999999999999998,50,None,0.5358401018381119,0.8519371750485152
151,-8.500000000000002,1.4999999999999987,35,Villain,0.3112023664372308,0.5277843527495861
152,-7.4,2.5999999999999996,24,Villain,0.30281362651536864,0.4223577465551595
153,-6.3999999999999995,3.6000000000000005,14,Villain,0.43684963083692957,0.6066701329712357
154,-8.0,1.9999999999999991,30,Villain,0.297564992805322,0.6023465231992304
155,-5.1,4.9,1,Villain,0.5292699933052063,0.8879906535148621
156,-8.200000000000001,1.799999999999999,32,Villain,0.2731826630188152,0.4676812132820487
157,-8.200000000000001,1.799999999999999,32,Villain,0.41278946748934686,0.4900424914667383
158,-5.199999999999999,4.800000000000001,2,Villain,0.27295801043510437,0.8559406697750092
159,-8.400000000000002,1.5999999999999988,34,Villain,0.4383104783208931,0.6010251869173611
160,-6.5,3.5,15,Villain,0.5266785055398941,0.42915579279263816
161,-4.999999999999998,-4.999999999999998,50,None,0.42662024579942226,0.5281086920201779
162,-8.100000000000001,1.899999999999999,31,Villain,0.40032561820360923,0.6495441751134011
163,-4.999999999999998,-4.999999999999998,50,None,0.7236395209655165,0.6086062772572041
164,-6.9,3.0999999999999996,19,Villain,0.4701729534487975,0.7641500087062779
165,-8.600000000000001,1.3999999999999986,36,Villain,0.546773981096016,0.6277199915299813
166,-4.999999999999998,-4.999999999999998,50,None,0.2896600456535816,0.5464011127501727
167,-4.999999999999998,-4.999999999999998,50,None,0.7668465255200863,0.6124088979512453
168,-4.999999999999998,-4.999999999999998,50,None,0.5318186177313328,0.5210468466579914
169,-4.999999999999998,-4.999999999999998,50,None,0.6819720122218133,0.6230654701590538
170,-6.3999999999999995,3.6000000000000005,14,Villain,0.33110030208315167,0.6134343360151563
171,-4.999999999999998,-4.999999999999998,50,None,0.5771183709800244,0.633612593691796
172,-6.0,4.0,10,Villain,0.3144307259470224,0.9885143637657166
173,-6.199999999999999,3.8000000000000007,12,Villain,0.34060394391417503,0.6484912075102329
174,-7.700000000000001,2.2999999999999994,27,Villain,0.359337790834683,0.6002185106691387
175,-4.999999999999998,-4.999999999999998,50,None,0.44378041552379727,0.7809546059556305
176,-6.3999999999999995,3.6000000000000005,14,Villain,0.3388292204056467,0.5431332433862346
177,-7.700000000000001,2.2999999999999994,27,Villain,0.30036365020054356,0.4940840886146934
178,-8.700000000000001,1.2999999999999985,37,Villain,0.3631495342061326,0.8266968178890042
179,-6.5,3.5,15,Villain,0.4323694586753845,0.5615657637516658
180,-9.999999999999998,1.7763568394002505e-15,50,Villain,0.520140919983387,0.7533413644134999
181,-8.700000000000001,1.2999999999999985,37,Villain,0.44526422164730123,0.6931733958221771
182,-4.999999999999998,-4.999999999999998,50,None,0.47883028239011766,0.8688483766466379
183,-9.100000000000001,0.8999999999999986,41,Villain,0.4119132782627897,0.5963003629046243
184,-6.3999999999999995,3.6000000000000005,14,Villain,0.32537037240607397,0.5143011446510043
185,-8.500000000000002,1.4999999999999987,35,Villain,0.34712892919778826,0.5153114477438586
186,-4.999999999999998,-4.999999999999998,50,None,0.44579392528161405,0.7227775566466152
187,-7.4,2.5999999999999996,24,Villain,0.41627091635018587,0.6611643265932798
188,-7.2,2.8,22,Villain,0.3599360419267958,0.5405614320188761
189,-7.300000000000001,2.6999999999999997,23,Villain,0.48775583505630493,0.6240775107163126
190,-7.700000000000001,2.2999999999999994,27,Villain,0.40801209473499545,0.6182807788804725
191,-6.199999999999999,3.8000000000000007,12,Villain,0.38428592930237454,0.7490876906861862
192,-7.700000000000001,2.2999999999999994,27,Villain,0.3805349643031756,0.5415907184834834
193,-9.799999999999999,0.20000000000000107,48,Villain,0.39235832386960584,0.6328443113404015
194,-6.7,3.3,17,Villain,0.3237728743868716,0.5015690019902062
195,-7.1,2.9,21,Villain,0.4398147955182053,0.6139704606362751
196,-5.5,4.5,5,Villain,0.34487504959106446,0.4902646005153656
197,-6.1,3.9000000000000004,11,Villain,0.33047775653275574,0.7010385610840537
198,-5.3999999999999995,4.6000000000000005,4,Villain,0.3119669072329998,0.5597517862915993
199,-5.3,4.7,3,Villain,0.3166445692380269,0.6567657788594564
200,-7.700000000000001,2.2999999999999994,27,Villain,0.4106416702615442,0.5736430325993785
201,-5.8,4.2,8,Villain,0.5218116044998169,0.6850906312465668
202,-6.7,3.3,17,Villain,0.4276358572875752,0.6415759912308525
203,-7.2,2.8,22,Villain,0.3882229619405486,0.7627122036435388
204,-6.3999999999999995,3.6000000000000005,14,Villain,0.2714743827070509,0.5274918909583773
205,-6.199999999999999,3.8000000000000007,12,Villain,0.4792776641746362,0.7031735739049813
206,-7.4,2.5999999999999996,24,Villain,0.3716433389733235,0.622842320241034
207,-8.500000000000002,1.4999999999999987,35,Villain,0.32954783109681945,0.5489913165569306
208,-5.8,4.2,8,Villain,0.34740519151091576,0.7013304401189089
209,-6.5,3.5,15,Villain,0.4304397893448671,0.5935697744290034
210,-4.999999999999998,-4.999999999999998,50,None,0.5765675481781364,0.5666581870685331
211,-8.0,1.9999999999999991,30,Villain,0.2848496357599894,0.5925519650181135
212,-9.4,0.5999999999999996,44,Villain,0.40457169533791865,0.6165176369249821
213,-6.8,3.2,18,Villain,0.30184140014979577,0.5712622569666969
214,4.5,-5.5,5,Hero,0.4545740343630314,0.9996929883956909
215,-7.1,2.9,21,Villain,0.46087222794691723,0.5646685936621257
216,-5.8,4.2,8,Villain,0.44231649208813906,0.803004328161478
217,-7.800000000000001,2.1999999999999993,28,Villain,0.4889624406184469,0.6894322213317666
218,-5.8999999999999995,4.1000000000000005,9,Villain,0.22482149220175213,0.4991212719016605
219,-7.0,3.0,20,Villain,0.5257335010915994,0.6204121688380837
220,-7.9,2.099999999999999,29,Villain,0.45254077094382256,0.6101314769736652
221,-6.7,3.3,17,Villain,0.3918289270471124,0.6493534539990565
222,-4.999999999999998,-4.999999999999998,50,None,0.6068617468327284,0.6576947113871574
223,-4.999999999999998,-4.999999999999998,50,None,0.6594482269883156,0.5652303938567639
224,-4.999999999999998,-4.999999999999998,50,None,0.8926384177803993,0.8292040798999369
225,-6.0,4.0,10,Villain,0.3730339791625738,0.7205909550189972
226,-6.8,3.2,18,Villain,0.5183116994384263,0.6099472600552771
227,3.7,-6.3,13,Hero,0.4596575332375673,0.9978854610369756
228,-5.6,4.4,6,Villain,0.36503701532880467,0.7238691511253516
229,4.6000000000000005,-5.3999999999999995,4,Hero,0.5868870168924332,0.9881300628185272
230,-5.8999999999999995,4.1000000000000005,9,Villain,0.4364378891057438,0.7782872716585795
231,-7.0,3.0,20,Villain,0.335067056491971,0.5815290181897581
232,-7.2,2.8,22,Villain,0.5064684484492649,0.8587236661802639
233,4.9,-5.1,1,Hero,0.938387930393219,0.9877358078956604
234,-7.1,2.9,21,Villain,0.6031537730069387,0.41843865031287786
235,-4.999999999999998,-4.999999999999998,50,None,0.5366849557682872,0.5444480781815946
236,-5.3,4.7,3,Villain,0.34017595648765564,0.7474047342936198
237,-6.9,3.0999999999999996,19,Villain,0.4161723436493623,0.6532004306975164
238,4.2,-5.8,8,Hero,0.6555268140509725,0.6255233641713858
239,-7.9,2.099999999999999,29,Villain,0.5815463832997042,0.5830895320094865
240,-8.100000000000001,1.899999999999999,31,Villain,0.41604524661576553,0.5530058050588254
241,-5.3999999999999995,4.6000000000000005,4,Villain,0.45522457361221313,0.7367103472352028
242,-4.999999999999998,-4.999999999999998,50,None,0.6056621031463146,0.4599360877275467
243,4.800000000000001,-5.199999999999999,2,Hero,0.9162680506706238,0.9993351995944977
244,-4.999999999999998,-4.999999999999998,50,None,0.5543853783234954,0.6374782192707061
245,-5.8999999999999995,4.1000000000000005,9,Villain,0.6586407919724783,0.646917419301139
246,-5.8999999999999995,4.1000000000000005,9,Villain,0.7933081852065192,0.5773851606580946
247,-8.100000000000001,1.899999999999999,31,Villain,0.6973316149125176,0.511903545548839
248,-4.999999999999998,-4.999999999999998,50,None,0.552293681576848,0.6127655924856663
249,-4.999999999999998,-4.999999999999998,50,None,0.6179071113280952,0.49247248470783234
250,-6.7,3.3,17,Villain,0.5291466283447602,0.697811063598184
251,-7.4,2.5999999999999996,24,Villain,0.5592708346860794,0.5989411550884446
252,-7.5,2.4999999999999996,25,Villain,0.668369560353458,0.6843320423364639
253,-4.999999999999998,-4.999999999999998,50,None,0.5426750184595585,0.6952786385267973
254,-4.999999999999998,-4.999999999999998,50,None,0.4657381971180439,0.5854807883687317
255,-6.1,3.9000000000000004,11,Villain,0.5355503992600874,0.855267424475063
256,-7.2,2.8,22,Villain,0.5142638659612699,0.6956735862927004
257,-5.6,4.4,6,Villain,0.517143135269483,0.8235975528756777
258,-5.8999999999999995,4.1000000000000005,9,Villain,0.6214310245381461,0.8346392644776238
259,-5.5,4.5,5,Villain,0.4620382159948349,0.8513849973678589
260,-7.0,3.0,20,Villain,0.6889958750456572,0.6834524869918823
261,-4.999999999999998,-4.999999999999998,50,None,0.5787025165557861,0.6562888944894075
262,-4.999999999999998,-4.999999999999998,50,None,0.5433471745904535,0.5524143093079329
263,-7.300000000000001,2.6999999999999997,23,Villain,0.5319857846783556,0.5317733844985133
264,-8.0,1.9999999999999991,30,Villain,0.5822513304650784,0.7198412256936232
265,-6.6,3.4000000000000004,16,Villain,0.508583293762058,0.7440827367827296
266,-6.1,3.9000000000000004,11,Villain,0.8347377777099609,0.6670184189623053
267,-4.999999999999998,-4.999999999999998,50,None,0.6168359488248825,0.6706852911412716
268,-5.6,4.4,6,Villain,0.39361072331666946,0.8084717243909836
269,-6.3999999999999995,3.6000000000000005,14,Villain,0.678772612873997,0.7199095478281379
270,-6.6,3.4000000000000004,16,Villain,0.530065675266087,0.7279052846133709
271,-6.0,4.0,10,Villain,0.5954233944416046,0.7227299347519874
272,-5.199999999999999,4.800000000000001,2,Villain,0.19246810674667358,0.41611916571855545
273,-7.2,2.8,22,Villain,0.6690029989589344,0.6473666949366982
274,-5.8999999999999995,4.1000000000000005,9,Villain,0.5680782662497627,0.4561561875873142
275,-5.3999999999999995,4.6000000000000005,4,Villain,0.31597065180540085,0.6899694055318832
276,-6.7,3.3,17,Villain,0.687247204429963,0.5354505468379048
277,-6.3,3.7,13,Villain,0.7594258246513513,0.6367741330311849
278,-4.999999999999998,-4.999999999999998,50,None,0.5385268624126911,0.721882135272026
279,-7.300000000000001,2.6999999999999997,23,Villain,0.5371912121772766,0.6311743892729282
280,-8.100000000000001,1.899999999999999,31,Villain,0.4528839561126886,0.6927676044043994
281,-6.8,3.2,18,Villain,0.7560854588971577,0.6529892378797134
282,-5.3,4.7,3,Villain,0.37817267576853436,0.9847201108932495
283,-6.3,3.7,13,Villain,0.8658995967215071,0.6435194565699651
284,-6.6,3.4000000000000004,16,Villain,0.7050508977845311,0.6236005341634154
285,-6.7,3.3,17,Villain,0.45649919352110696,0.7800375876181266
286,-9.899999999999999,0.10000000000000142,49,Villain,0.7133264446973192,0.5987709226961039
287,-5.8999999999999995,4.1000000000000005,9,Villain,0.896417326397366,0.5888344057732158
288,-6.199999999999999,3.8000000000000007,12,Villain,0.7629752712479482,0.6458326037973166
289,-6.9,3.0999999999999996,19,Villain,0.4023991011475262,0.5715693207947832
290,-9.899999999999999,0.10000000000000142,49,Villain,0.5773557354220931,0.580987059340185
291,-5.8999999999999995,4.1000000000000005,9,Villain,0.7009034802516302,0.631309751007292
292,-5.3999999999999995,4.6000000000000005,4,Villain,0.3240479826927185,0.49236559495329857
293,-4.999999999999998,-4.999999999999998,50,None,0.6833082551509142,0.5627245832979679
294,-5.1,4.9,1,Villain,0.43365079164505005,0.9173887968063354
295,-8.200000000000001,1.799999999999999,32,Villain,0.6992216533981264,0.7085050949826837
296,-5.1,4.9,1,Villain,0.8574858903884888,0.8636009693145752
297,-4.999999999999998,-4.999999999999998,50,None,0.4605455555766821,0.689940770957619
298,-5.6,4.4,6,Villain,0.8121430625518163,0.9989904463291168
299,4.9,-5.1,1,Hero,0.9905517101287842,0.9659414887428284
300,-4.999999999999998,-4.999999999999998,50,None,0.6914744263887406,0.774484853297472
301,-5.8999999999999995,4.1000000000000005,9,Villain,0.9537099798520406,0.9933503866195679
302,-6.0,4.0,10,Villain,0.45538607351481913,0.840951007604599
303,-8.600000000000001,1.3999999999999986,36,Villain,0.6364550251099799,0.774872701201174
304,3.6000000000000005,-6.3999999999999995,14,Hero,0.5758238919079304,0.7828556655773095
305,-7.9,2.099999999999999,29,Villain,0.6083303412486767,0.7230898411623363
306,-6.199999999999999,3.8000000000000007,12,Villain,0.44190505643685657,0.7444905210286379
307,-4.999999999999998,-4.999999999999998,50,None,0.6022843021154404,0.8906107118725777
308,-4.999999999999998,-4.999999999999998,50,None,0.4992147994600236,0.8152809011936187
309,4.9,-5.1,1,Hero,0.8150812983512878,0.4261848032474518
310,-6.3,3.7,13,Villain,0.49449164936175716,0.6307894151944381
311,-4.999999999999998,-4.999999999999998,50,None,0.8458133119344712,0.9995887804031373
312,-4.999999999999998,-4.999999999999998,50,None,0.9139655759185552,0.9966204631328582
313,-4.999999999999998,-4.999999999999998,50,None,0.8158339339960367,0.9995065307617188
314,-4.999999999999998,-4.999999999999998,50,None,0.7730001512169838,0.9941979956626892
315,-8.500000000000002,1.4999999999999987,35,Villain,0.6049446164197954,0.7856626201953206
316,-4.999999999999998,-4.999999999999998,50,None,0.9666755843162537,0.9996568787097931
317,-4.999999999999998,-4.999999999999998,50,None,0.9015948471426963,0.9984709084033966
318,-4.999999999999998,-4.999999999999998,50,None,0.9893399715423584,0.9999997186660766
319,-4.999999999999998,-4.999999999999998,50,None,0.839495946019888,0.9983268821239472
320,-4.999999999999998,-4.999999999999998,50,None,0.9741346108913421,0.9999904537200928
321,-4.999999999999998,-4.999999999999998,50,None,0.8275543194264173,0.9588923921436071
322,4.1000000000000005,-5.8999999999999995,9,Hero,0.7984076109197404,0.9583366579479642
323,-4.999999999999998,-4.999999999999998,50,None,0.952200546041131,0.9991229617595673
324,-4.999999999999998,-4.999999999999998,50,None,0.8852266427874566,0.9985608327388763
325,-4.999999999999998,-4.999999999999998,50,None,0.7295313687622547,0.9102130172401667
326,4.9,-5.1,1,Hero,0.9946327209472656,0.9999983310699463
327,-8.900000000000002,1.0999999999999983,39,Villain,0.7814270100729445,0.9157546708981196
328,-4.999999999999998,-4.999999999999998,50,None,0.9706665730476379,0.9996989870071411
329,-4.999999999999998,-4.999999999999998,50,None,0.8671541656181216,0.9998680162429809
330,-5.8999999999999995,4.1000000000000005,9,Villain,0.2886400098601977,0.719835435350736
331,-5.1,4.9,1,Villain,0.9429337978363037,0.9999269247055054
332,-4.999999999999998,-4.999999999999998,50,None,0.9527460082992911,0.9904274797439575
333,-5.6,4.4,6,Villain,0.6049082428216934,0.7352679520845413
334,-4.999999999999998,-4.999999999999998,50,None,0.954285167530179,0.9984676229953766
335,-4.999999999999998,-4.999999999999998,50,None,0.8065192762762308,0.9579277971864212
336,-4.999999999999998,-4.999999999999998,50,None,0.941826231405139,0.9673299749195575
337,-4.999999999999998,-4.999999999999998,50,None,0.9634550324082375,0.9788172793388367
338,4.800000000000001,-5.199999999999999,2,Hero,0.9882160425186157,0.9903572499752045
339,-4.999999999999998,-4.999999999999998,50,None,0.991689978837967,0.9999462175369263
340,-4.999999999999998,-4.999999999999998,50,None,0.9837546634674073,0.9996111106872558
341,4.7,-5.3,3,Hero,0.9969797531763712,0.9999901056289673
342,-4.999999999999998,-4.999999999999998,50,None,0.9517039772868157,0.9756066013872623
343,-4.999999999999998,-4.999999999999998,50,None,0.7795917710848153,0.9379781955480575
344,-4.999999999999998,-4.999999999999998,50,None,0.9119252412952483,0.981287796497345
345,-4.999999999999998,-4.999999999999998,50,None,0.972419251203537,0.9897564029693604
346,-4.999999999999998,-4.999999999999998,50,None,0.9681424961611629,0.9772650879621506
347,4.6000000000000005,-5.3999999999999995,4,Hero,0.9778545647859573,0.9787040799856186
348,-8.200000000000001,1.799999999999999,32,Villain,0.9385285002135788,0.993733324110508
349,-4.999999999999998,-4.999999999999998,50,None,0.9951108562946319,0.9999386215209961
350,-6.1,3.9000000000000004,11,Villain,0.6502761691808701,0.7645316405052488
351,-4.999999999999998,-4.999999999999998,50,None,0.9585557436943054,0.9495191199705004
352,-4.999999999999998,-4.999999999999998,50,None,0.9826242756843567,0.9728105109930039
353,-4.999999999999998,-4.999999999999998,50,None,0.990127432346344,0.9993212592601776
354,-4.999999999999998,-4.999999999999998,50,None,0.9255280417343602,0.995584808588028
355,-4.999999999999998,-4.999999999999998,50,None,0.8792193542420864,0.9191236811876297
356,-4.999999999999998,-4.999999999999998,50,None,0.9582009383291006,0.9750852036476135
357,-6.199999999999999,3.8000000000000007,12,Villain,0.2887655034040411,0.7092856653034687
358,-6.9,3.0999999999999996,19,Villain,0.8612814976980812,0.8122733739743891
359,-4.999999999999998,-4.999999999999998,50,None,0.9019318187236786,0.9432368743419647
360,-4.999999999999998,-4.999999999999998,50,None,0.9883661067485809,0.9080787762999535
361,4.9,-5.1,1,Hero,0.9977098703384399,0.9967594742774963
362,-5.3,4.7,3,Villain,0.29626071204741794,0.6043562988440195
363,-6.3999999999999995,3.6000000000000005,14,Villain,0.9063409794886995,0.7488831196512494
364,-5.8,4.2,8,Villain,0.9677953869104385,0.8528232583776116
365,-5.6,4.4,6,Villain,0.9756273229916891,0.5729661534229914
366,-4.999999999999998,-4.999999999999998,50,None,0.9615947806835174,0.9705172875523567
367,-4.999999999999998,-4.999999999999998,50,None,0.9955152869224548,0.9998078942298889
368,-6.1,3.9000000000000004,11,Villain,0.6942151734097437,0.7766518227078698
369,-4.999999999999998,-4.999999999999998,50,None,0.9673851943016052,0.9416226005554199
370,-5.699999999999999,4.300000000000001,7,Villain,0.9798111745289394,0.7093938674245562
371,-5.8,4.2,8,Villain,0.9954489469528198,0.6976991235278547
372,-5.8,4.2,8,Villain,0.3495895667001605,0.866681881248951
373,-4.999999999999998,-4.999999999999998,50,None,0.9266209890181198,0.8795406047254801
374,-4.999999999999998,-4.999999999999998,50,None,0.9947071623802185,0.9934968388080597
375,-4.999999999999998,-4.999999999999998,50,None,0.9051222722698004,0.5418107843399048
376,-4.999999999999998,-4.999999999999998,50,None,0.9582804735098034,0.9694107508659363
377,-5.5,4.5,5,Villain,0.9925456166267395,0.9392763614654541
378,-5.3999999999999995,4.6000000000000005,4,Villain,0.9924598634243011,0.9602626711130142
379,-4.999999999999998,-4.999999999999998,50,None,0.9893143177032471,0.9883683323860168
380,-5.8,4.2,8,Villain,0.592362143099308,0.8702338598668575
381,-4.999999999999998,-4.999999999999998,50,None,0.8843589573446661,0.9332424901425839
382,-4.999999999999998,-4.999999999999998,50,None,0.9429605207778513,0.9844365584850311
383,-4.999999999999998,-4.999999999999998,50,None,0.9503293919563294,0.9610454446077347
384,4.9,-5.1,1,Hero,0.9985285997390747,0.9999276399612427
385,-5.8999999999999995,4.1000000000000005,9,Villain,0.8506120257079601,0.9744776686032613
386,-7.1,2.9,21,Villain,0.9395956372553926,0.7297711791027159
387,-6.6,3.4000000000000004,16,Villain,0.905343672959134,0.700384211493656
388,-6.9,3.0999999999999996,19,Villain,0.9851270223918714,0.8252638482341641
389,-7.4,2.5999999999999996,24,Villain,0.9384249658372331,0.9932582527399063
390,-6.5,3.5,15,Villain,0.9679622213045757,0.6427065273125966
391,-5.5,4.5,5,Villain,0.9869499444961548,0.9991055727005005
392,-4.999999999999998,-4.999999999999998,50,None,0.7431470214622096,0.893585910461843
393,-6.3,3.7,13,Villain,0.5482712637346524,0.8822744397016672
394,-6.9,3.0999999999999996,19,Villain,0.6501818835049084,0.6519145569518993
395,-5.8999999999999995,4.1000000000000005,9,Villain,0.9476317101054721,0.8723070886400011
396,-4.999999999999998,-4.999999999999998,50,None,0.8122116614133119,0.904200091585517
397,4.6000000000000005,-5.3999999999999995,4,Hero,0.9860280752182007,0.9988718330860138
398,-4.999999999999998,-4.999999999999998,50,None,0.8728250342980027,0.9684116339683533
399,-5.3999999999999995,4.6000000000000005,4,Villain,0.35469237342476845,0.7568776458501816
400,-4.999999999999998,-4.999999999999998,50,None,0.9730615723133087,0.9749767348170281
401,-4.999999999999998,-4.999999999999998,50,None,0.6344955054670572,0.7325385304866359
402,-4.999999999999998,-4.999999999999998,50,None,0.9536475582234561,0.9891639196872711
403,-6.1,3.9000000000000004,11,Villain,0.9739846803925254,0.735623759302226
404,-5.8999999999999995,4.1000000000000005,9,Villain,0.9724221891827054,0.7877470850944519
405,-5.6,4.4,6,Villain,0.9467017948627472,0.736406646668911
406,-8.8,1.1999999999999984,38,Villain,0.9918870376913171,0.8541728116964039
407,-4.999999999999998,-4.999999999999998,50,None,0.9965213203430175,0.9999010276794433
408,-4.999999999999998,-4.999999999999998,50,None,0.9252009882032871,0.9745281755924224
409,-4.999999999999998,-4.999999999999998,50,None,0.9882026970386505,0.9999673986434936
410,-4.999999999999998,-4.999999999999998,50,None,0.9159841039543971,0.9922461795806885
411,-4.999999999999998,-4.999999999999998,50,None,0.9673176717013121,0.9888847184181213
412,-6.8,3.2,18,Villain,0.9816959003607432,0.7617644204033746
413,-7.4,2.5999999999999996,24,Villain,0.29855420471479494,0.7194294912721185
414,-9.4,0.5999999999999996,44,Villain,0.9624154694928703,0.9600053334566341
415,-9.200000000000001,0.7999999999999989,42,Villain,0.9918613490604219,0.9441697901403088
416,-6.3,3.7,13,Villain,0.9804967458431537,0.7715475914570001
417,-4.999999999999998,-4.999999999999998,50,None,0.9937776911258698,0.9863602244853973
418,-7.1,2.9,21,Villain,0.8002357004831234,0.7311124826138395
419,-4.999999999999998,-4.999999999999998,50,None,0.9555836227536202,0.9587112593650818
420,-6.1,3.9000000000000004,11,Villain,0.6721328405494039,0.7193878550421108
421,-8.600000000000001,1.3999999999999986,36,Villain,0.9656119810210334,0.9108416622297631
422,-4.999999999999998,-4.999999999999998,50,None,0.994639139175415,0.9709474029392005
423,-4.999999999999998,-4.999999999999998,50,None,0.991922994852066,0.8901953464746475
424,-6.6,3.4000000000000004,16,Villain,0.9636181890964508,0.7698321854695678
425,-6.6,3.4000000000000004,16,Villain,0.9361203610897064,0.7985233897343278
426,-4.999999999999998,-4.999999999999998,50,None,0.9672101003676653,0.9688944470882416
427,-4.999999999999998,-4.999999999999998,50,None,0.9969162833690643,0.999962170124054
428,-5.8,4.2,8,Villain,0.9303538575768471,0.970332108438015
429,-6.1,3.9000000000000004,11,Villain,0.747301769527522,0.9096347229047255
430,-4.999999999999998,-4.999999999999998,50,None,0.9707384442957118,0.9860215997695922
431,-4.999999999999998,-4.999999999999998,50,None,0.9961695075035095,0.9999876022338867
432,-5.8999999999999995,4.1000000000000005,9,Villain,0.8148833728498883,0.9410443504651388
433,-7.2,2.8,22,Villain,0.9785024659200148,0.9277287782593207
434,-9.5,0.5,45,Villain,0.9337409915609493,0.999136221408844
435,-4.999999999999998,-4.999999999999998,50,None,0.9975907933712006,0.9974213135242462
436,-5.8,4.2,8,Villain,0.9830745607614517,0.9989214912056923
437,-4.999999999999998,-4.999999999999998,50,None,0.996177681684494,0.9765997946262359
438,-5.6,4.4,6,Villain,0.9179962972799937,0.897882491350174
439,-4.999999999999998,-4.999999999999998,50,None,0.9528454194159712,0.9999436402320862
440,-6.3,3.7,13,Villain,0.7158732964442327,0.8363897364873153
441,-4.999999999999998,-4.999999999999998,50,None,0.9958999967575073,0.9999271380901337
442,-4.999999999999998,-4.999999999999998,50,None,0.9861104333400726,0.9683621853217482
443,-4.999999999999998,-4.999999999999998,50,None,0.9551185066299513,0.976046955883503
444,4.9,-5.1,1,Hero,0.9990672469139099,0.9999985694885254
445,-4.999999999999998,-4.999999999999998,50,None,0.9251408130303025,0.9031136626005173
446,-4.999999999999998,-4.999999999999998,50,None,0.9850319969654083,0.9755732348561287
447,-4.999999999999998,-4.999999999999998,50,None,0.9845163285732269,0.9999966859817505
448,-6.8,3.2,18,Villain,0.8120446668730842,0.8868611161079671
449,-4.999999999999998,-4.999999999999998,50,None,0.9613340291567147,0.9836739259958267
450,-4.999999999999998,-4.999999999999998,50,None,0.9714065175270662,0.9977807486057282
451,-4.999999999999998,-4.999999999999998,50,None,0.932315320475027,0.8556539423763752
452,-4.999999999999998,-4.999999999999998,50,None,0.9240834040939808,0.9809106332063675
453,-6.3,3.7,13,Villain,0.9643179911833543,0.8286450668596305
454,-5.699999999999999,4.300000000000001,7,Villain,0.962391904422215,0.87254006841353
455,-8.200000000000001,1.799999999999999,32,Villain,0.9471099892325583,0.9959160666912794
456,-4.999999999999998,-4.999999999999998,50,None,0.7150913026649505,0.8875157359242439
457,-4.999999999999998,-4.999999999999998,50,None,0.9854515647888183,0.9924406218528747
458,-4.999999999999998,-4.999999999999998,50,None,0.9947708594799042,0.9999838900566101
459,-6.9,3.0999999999999996,19,Villain,0.9635892165334601,0.81809138781146
460,-5.699999999999999,4.300000000000001,7,Villain,0.3794270636779921,0.8623697928019932
461,-4.999999999999998,-4.999999999999998,50,None,0.8234216633765027,0.9544357097148896
462,-5.699999999999999,4.300000000000001,7,Villain,0.9584985290254865,0.9981060113225665
463,-4.999999999999998,-4.999999999999998,50,None,0.9874431610107421,0.9997890889644623
464,-9.200000000000001,0.7999999999999989,42,Villain,0.8807143912584122,0.9470637195876667
465,-8.8,1.1999999999999984,38,Villain,0.9808245238504911,0.8640810997274361
466,-4.999999999999998,-4.999999999999998,50,None,0.9341890832129865,0.9951099038124085
467,-4.999999999999998,-4.999999999999998,50,None,0.9792059135437011,0.9893537902832031
468,-5.5,4.5,5,Villain,0.6580032676458358,0.7109724164009095
469,-5.6,4.4,6,Villain,0.9800480604171753,0.999632308880488
470,-4.999999999999998,-4.999999999999998,50,None,0.9433693281561136,0.9696055486798286
471,-7.700000000000001,2.2999999999999994,27,Villain,0.877836148944442,0.7819726926585039
472,-4.999999999999998,-4.999999999999998,50,None,0.99073251247406,0.9855312144756317
473,-4.999999999999998,-4.999999999999998,50,None,0.9863673043251038,0.9792793798446655
474,-6.1,3.9000000000000004,11,Villain,0.7522764097560536,0.8604699779640544
475,-5.5,4.5,5,Villain,0.36936506628990173,0.7053297519683838
476,-4.999999999999998,-4.999999999999998,50,None,0.9701627719402314,0.9722235709428787
477,-4.999999999999998,-4.999999999999998,50,None,0.9906205236911774,0.999987609386444
478,-4.999999999999998,-4.999999999999998,50,None,0.9560926413303241,0.9941072344779969
479,-4.999999999999998,-4.999999999999998,50,None,0.960385103803128,0.9989011299610138
480,-4.999999999999998,-4.999999999999998,50,None,0.9590857600979507,0.9547612151503563
481,-6.9,3.0999999999999996,19,Villain,0.9394853733124604,0.9971710851317958
482,-5.3999999999999995,4.6000000000000005,4,Villain,0.32235120236873627,0.9792159348726273
483,-4.999999999999998,-4.999999999999998,50,None,0.9914530217647552,0.9300284744799137
484,-5.5,4.5,5,Villain,0.9794488906860351,0.9997554421424866
485,-4.999999999999998,-4.999999999999998,50,None,0.7810292230919004,0.8748831791058183
486,4.6000000000000005,-5.3999999999999995,4,Hero,0.9885803163051605,0.9984461814165115
487,-7.0,3.0,20,Villain,0.8981044984422624,0.8034715723246336
488,-6.0,4.0,10,Villain,0.873900921177119,0.9239195108413696
489,-6.5,3.5,15,Villain,0.9522684216499329,0.7504478176434835
490,-6.0,4.0,10,Villain,0.8236230589449406,0.7552962772548198
491,-6.1,3.9000000000000004,11,Villain,0.7794526788321409,0.9763694622299888
492,-6.3,3.7,13,Villain,0.3062968569306227,0.8164064838336065
493,-4.999999999999998,-4.999999999999998,50,None,0.9721825380064547,0.999961507320404
494,-4.999999999999998,-4.999999999999998,50,None,0.9876198244094848,0.999992642402649
495,-4.999999999999998,-4.999999999999998,50,None,0.9929771435260772,0.9998927128314972
496,-5.1,4.9,1,Villain,0.6890433430671692,0.8821577429771423
497,-4.999999999999998,-4.999999999999998,50,None,0.935135977496393,0.9848801052570343
498,-5.5,4.5,5,Villain,0.41110216081142426,0.7880605816841125
499,-4.999999999999998,-4.999999999999998,50,None,0.7064111973717808,0.9436949976533652
500,-9.200000000000001,0.7999999999999989,42,Villain,0.9307675588698614,0.8919793664522114
501,-4.999999999999998,-4.999999999999998,50,None,0.9649743180349469,0.9999785161018372
502,-6.6,3.4000000000000004,16,Villain,0.8248074324801564,0.9309675361728296
503,4.9,-5.1,1,Hero,0.9969745874404907,0.9999628067016602
504,-6.3999999999999995,3.6000000000000005,14,Villain,0.9579890625817435,0.8458398777459349
505,-4.999999999999998,-4.999999999999998,50,None,0.9354455056786537,0.9734486693143845
506,-4.999999999999998,-4.999999999999998,50,None,0.8220021602511406,0.9180585680902005
507,-9.3,0.6999999999999993,43,Villain,0.8115111249174143,0.9345556707229725
508,-4.999999999999998,-4.999999999999998,50,None,0.9834940171241761,0.9978403723239899
509,-4.999999999999998,-4.999999999999998,50,None,0.9619921173155308,0.9863411045074463
510,-5.6,4.4,6,Villain,0.523265595237414,0.5191817432641983
511,-6.6,3.4000000000000004,16,Villain,0.7732504745945334,0.8609905038028955
512,-6.0,4.0,10,Villain,0.7501250825822353,0.759994138777256
513,-4.999999999999998,-4.999999999999998,50,None,0.9431809697672725,0.97233258664608
514,-4.999999999999998,-4.999999999999998,50,None,0.8560953649505972,0.976067148372531
515,-4.999999999999998,-4.999999999999998,50,None,0.8910945112723857,0.9986645865440369
516,-5.8999999999999995,4.1000000000000005,9,Villain,0.9607164131270515,0.7951582305961185
517,-7.1,2.9,21,Villain,0.8065769298534308,0.8159927874803543
518,-4.999999999999998,-4.999999999999998,50,None,0.9031833213567734,0.9946519100666046
519,-6.7,3.3,17,Villain,0.9243653630016043,0.9805018656394061
520,-5.1,4.9,1,Villain,0.9027555584907532,0.9891464710235596
521,-6.6,3.4000000000000004,16,Villain,0.5663342457264662,0.7041023185010999
522,-5.699999999999999,4.300000000000001,7,Villain,0.6187719383410045,0.720675643001284
523,-5.5,4.5,5,Villain,0.7526041381061077,0.9997317671775818
524,-4.999999999999998,-4.999999999999998,50,None,0.8826400723680854,0.9949701011180878
525,-6.7,3.3,17,Villain,0.8258043829461231,0.7755566778428414
526,-7.5,2.4999999999999996,25,Villain,0.31514643669128417,0.6988642752170563
527,-4.999999999999998,-4.999999999999998,50,None,0.9256076817773282,0.9854178237915039
528,-4.999999999999998,-4.999999999999998,50,None,0.9229249639809132,0.9904665887355805
529,-7.2,2.8,22,Villain,0.764313315126029,0.7304710271683607
530,4.7,-5.3,3,Hero,0.9743552406628927,0.776665190855662
531,-4.999999999999998,-4.999999999999998,50,None,0.9572097778320312,0.9336839711293579
532,-4.999999999999998,-4.999999999999998,50,None,0.9375801885128021,0.9888428461551666
533,-8.3,1.6999999999999988,33,Villain,0.8502879783962712,0.8558932321541237
534,-5.3999999999999995,4.6000000000000005,4,Villain,0.3386793853715062,0.8213755935430527
535,-9.799999999999999,0.20000000000000107,48,Villain,0.8577588442713022,0.8822843306697905
536,-7.1,2.9,21,Villain,0.9730436830293565,0.9467288952409512
537,-4.999999999999998,-4.999999999999998,50,None,0.9320395413599908,0.9852757251262665
538,-6.3999999999999995,3.6000000000000005,14,Villain,0.6543365995000515,0.7120947263070515
539,-7.5,2.4999999999999996,25,Villain,0.44490623749792574,0.8188125501573086
540,-5.6,4.4,6,Villain,0.38325176388025284,0.6278584934771061
541,-5.699999999999999,4.300000000000001,7,Villain,0.967207533972604,0.8556754911052329
542,4.300000000000001,-5.699999999999999,7,Hero,0.9582366177013942,0.7268455113683429
543,-6.6,3.4000000000000004,16,Villain,0.8796731270849705,0.8241000156849623
544,-4.999999999999998,-4.999999999999998,50,None,0.9366437520459294,0.9966108334064484
545,-4.999999999999998,-4.999999999999998,50,None,0.9014104639273137,0.9781170073151588
546,-6.0,4.0,10,Villain,0.8651483315974474,0.9468455970287323
547,-6.3,3.7,13,Villain,0.7523669090408546,0.8752190447770632
548,-4.999999999999998,-4.999999999999998,50,None,0.9007749463617801,0.9873136627674103
549,-6.3,3.7,13,Villain,0.9321109835918133,0.7882697880268097
550,-4.999999999999998,-4.999999999999998,50,None,0.917640784829855,0.9802194166183472
551,-4.999999999999998,-4.999999999999998,50,None,0.6408177916705609,0.87463603079319
552,-5.699999999999999,4.300000000000001,7,Villain,0.5413751964058194,0.7210219630173275
553,-4.999999999999998,-4.999999999999998,50,None,0.780358169823885,0.8531637661159038
554,-8.8,1.1999999999999984,38,Villain,0.55734558776021,0.9065487247548605
555,-4.999999999999998,-4.999999999999998,50,None,0.7591153909638524,0.9058130651712417
556,-4.999999999999998,-4.999999999999998,50,None,0.7446549948211759,0.93370325922966
557,-6.7,3.3,17,Villain,0.7398769312045154,0.8480511270463467
558,3.6000000000000005,-6.3999999999999995,14,Hero,0.641309740287917,0.906513763325555
559,-5.1,4.9,1,Villain,0.8300912976264954,0.9665483236312866
560,-4.999999999999998,-4.999999999999998,50,None,0.9603468215465546,0.9999787735939026
561,-4.999999999999998,-4.999999999999998,50,None,0.937289232686162,0.9999809992313385
562,-4.999999999999998,-4.999999999999998,50,None,0.45711637936532495,0.8730666263401509
563,-7.800000000000001,2.1999999999999993,28,Villain,0.5688600545482976,0.7146804041362235
564,-4.999999999999998,-4.999999999999998,50,None,0.8956538385152817,0.9999626088142395
565,-4.999999999999998,-4.999999999999998,50,None,0.513299369290471,0.8429762350767851
566,-5.699999999999999,4.300000000000001,7,Villain,0.36098189864839825,0.9712328314781189
567,-4.999999999999998,-4.999999999999998,50,None,0.7731456956267357,0.9280425637960434
568,-4.999999999999998,-4.999999999999998,50,None,0.7980269062519073,0.9999029862880707
569,-4.999999999999998,-4.999999999999998,50,None,0.7729267409443855,0.9879857194423676
570,-4.999999999999998,-4.999999999999998,50,None,0.8867262940853834,0.9653649436682463
571,-6.8,3.2,18,Villain,0.6913333717319701,0.8412970012157328
572,-4.999999999999998,-4.999999999999998,50,None,0.70889519687742,0.9996363139152527
573,-5.6,4.4,6,Villain,0.412362406651179,0.8987358709176382
574,-9.100000000000001,0.8999999999999986,41,Villain,0.510925044237477,0.7663871994378363
575,-6.1,3.9000000000000004,11,Villain,0.6221840679645538,0.7438712485811927
576,4.9,-5.1,1,Hero,0.9937282800674438,0.40103083848953247
577,-4.999999999999998,-4.999999999999998,50,None,0.538802020251751,0.7441947139799595
578,-4.999999999999998,-4.999999999999998,50,None,0.4648565332591534,0.7824996806681156
579,-4.999999999999998,-4.999999999999998,50,None,0.5964968731999397,0.9336996412277222
580,-6.5,3.5,15,Villain,0.46820638130108516,0.7202091962099075
581,-8.400000000000002,1.5999999999999988,34,Villain,0.4835078410585137,0.6604668004986118
582,-6.3,3.7,13,Villain,0.4723905903788713,0.7678754237981943
583,-4.999999999999998,-4.999999999999998,50,None,0.5820992536842823,0.8060510417819023
584,4.800000000000001,-5.199999999999999,2,Hero,0.9918305277824402,0.9999967813491821
585,-6.0,4.0,10,Villain,0.7158971488475799,0.763803343474865
586,-4.999999999999998,-4.999999999999998,50,None,0.4728704778291285,0.7460187235940248
587,-4.999999999999998,-4.999999999999998,50,None,0.5530875398218632,0.7455982555449009
588,4.800000000000001,-5.199999999999999,2,Hero,0.994829535484314,0.9999943971633911
589,-4.999999999999998,-4.999999999999998,50,None,0.5713456532359124,0.8664874430000782
590,-6.8,3.2,18,Villain,0.41814378276467323,0.6576318321749568
591,-4.999999999999998,-4.999999999999998,50,None,0.44778230965137483,0.6910291704908014
592,-4.999999999999998,-4.999999999999998,50,None,0.6047527354955673,0.7918886722438038
593,0.7999999999999989,-9.200000000000001,42,Hero,0.5228600053205377,0.7748659345365706
594,-9.200000000000001,0.7999999999999989,42,Villain,0.5460692897350305,0.6441975340601944
595,-4.999999999999998,-4.999999999999998,50,None,0.5029339990019799,0.7051512767374516
596,-4.999999999999998,-4.999999999999998,50,None,0.7604894103202969,0.999990746974945
597,-4.999999999999998,-4.999999999999998,50,None,0.6508240461349487,0.9574190676212311
598,-7.300000000000001,2.6999999999999997,23,Villain,0.6548341648734134,0.8397720119227534
599,-9.000000000000002,0.9999999999999982,40,Villain,0.38434942029416563,0.6728805363178253
600,-4.999999999999998,-4.999999999999998,50,None,0.4668655939400196,0.7821248665452003
601,-4.999999999999998,-4.999999999999998,50,None,0.6542556104809045,0.9293809326738119
602,-4.999999999999998,-4.999999999999998,50,None,0.5063206608965993,0.835303777307272
603,-5.699999999999999,4.300000000000001,7,Villain,0.5230150733675275,0.7645374706813267
604,-5.699999999999999,4.300000000000001,7,Villain,0.2645731100014278,0.8466799865875926
605,-7.800000000000001,2.1999999999999993,28,Villain,0.6418540929444134,0.7587283143241491
606,-4.999999999999998,-4.999999999999998,50,None,0.4697424770146608,0.7077119597233832
607,-4.999999999999998,-4.999999999999998,50,None,0.4691544730961323,0.7423419171420391
608,-4.999999999999998,-4.999999999999998,50,None,0.5220693587511778,0.8223674109578133
609,-5.699999999999999,4.300000000000001,7,Villain,0.6153989455529622,0.5770416685513088
610,4.4,-5.6,6,Hero,0.4926917050033808,0.9701131383577982
611,-4.999999999999998,-4.999999999999998,50,None,0.4664790368080139,0.7982328633964062
612,1.9999999999999991,-8.0,30,Hero,0.5155453210696578,0.7552916633586089
613,-4.999999999999998,-4.999999999999998,50,None,0.8171965484321118,0.99990758061409
614,-5.5,4.5,5,Villain,0.9580136775970459,0.98673495054245
615,4.2,-5.8,8,Hero,0.8786864578723907,0.9427086561918259
616,3.4000000000000004,-6.6,16,Hero,0.8241043405141681,0.903245338704437
617,-6.3,3.7,13,Villain,0.8436500475956843,0.7555723465405978
618,-4.999999999999998,-4.999999999999998,50,None,0.850278698769398,0.9894261384010314
619,-4.999999999999998,-4.999999999999998,50,None,0.8870466256141663,0.9999695444107055
620,4.2,-5.8,8,Hero,0.7967032128944993,0.8907287418842316
621,1.0999999999999983,-8.900000000000002,39,Hero,0.44509987523540473,0.8093879280182031
622,-6.8,3.2,18,Villain,0.5124834362003539,0.7291071551541487
623,3.4000000000000004,-6.6,16,Hero,0.572976787108928,0.8954236507415771
624,1.899999999999999,-8.100000000000001,31,Hero,0.3917500622450344,0.7478457241048736
625,0.5,-9.5,45,Hero,0.3930849101808336,0.7786907782157262
626,4.0,-6.0,10,Hero,0.7110485762357712,0.99796142578125
627,4.6000000000000005,-5.3999999999999995,4,Hero,0.960236206650734,0.9988467842340469
628,1.1999999999999984,-8.8,38,Hero,0.5512340672706303,0.9813485035770818
629,-4.999999999999998,-4.999999999999998,50,None,0.618843520656228,0.9252859242260456
630,4.2,-5.8,8,Hero,0.7802472338080406,0.9521587118506432
631,-5.699999999999999,4.300000000000001,7,Villain,0.7981961028916496,0.8318906596728733
632,2.1999999999999993,-7.800000000000001,28,Hero,0.4173927227301257,0.6433837042589273
633,4.2,-5.8,8,Hero,0.8329476630315185,0.9999894350767136
634,-5.3,4.7,3,Villain,0.44541465242703754,0.9986275633176168
635,4.800000000000001,-5.199999999999999,2,Hero,0.9367818832397461,0.9944356977939606
636,3.0999999999999996,-6.9,19,Hero,0.4940389465834749,0.9999245279713681
637,2.1999999999999993,-7.800000000000001,28,Hero,0.5768801708306585,0.8310459532908031
638,3.3,-6.7,17,Hero,0.3489397185690263,0.9780623071333941
639,-5.5,4.5,5,Villain,0.46274858713150024,0.9747867107391357
640,4.2,-5.8,8,Hero,0.5250128209590912,0.9336156733334064
641,4.300000000000001,-5.699999999999999,7,Hero,0.6299406545502799,0.9998801946640015
642,3.0,-7.0,20,Hero,0.5482156343758107,0.8969861041754484
643,3.6000000000000005,-6.3999999999999995,14,Hero,0.5004356056451797,0.9292406014033726
644,4.0,-6.0,10,Hero,0.5141807228326798,0.9978019595146179
645,3.6000000000000005,-6.3999999999999995,14,Hero,0.4753463183130537,0.969096588236945
646,4.5,-5.5,5,Hero,0.517447155714035,0.9930527210235596
647,-4.999999999999998,-4.999999999999998,50,None,0.6744591833651066,0.6928665092587472
648,4.4,-5.6,6,Hero,0.4401796463256081,0.9999979535738627
649,1.2999999999999985,-8.700000000000001,37,Hero,0.809615703652034,0.9837215164223233
650,4.300000000000001,-5.699999999999999,7,Hero,0.6745035776070186,0.9999679837908063
651,4.4,-5.6,6,Hero,0.6551438470681509,0.9970075190067291
652,1.7763568394002505e-15,-9.999999999999998,50,Hero,0.6960972039401532,0.9416208843514323
653,3.7,-6.3,13,Hero,0.649163021491124,0.9999891061049241
654,-5.3,4.7,3,Villain,0.8491539160410563,0.9137455423672994
655,4.2,-5.8,8,Hero,0.6255901753902435,0.9997636079788208
656,3.9000000000000004,-6.1,11,Hero,0.5721052993427623,0.9995916052298113
657,-5.1,4.9,1,Villain,0.8072330951690674,0.9982471466064453
658,3.0999999999999996,-6.9,19,Hero,0.6148689695094761,0.9961747934943751
659,4.4,-5.6,6,Hero,0.5473301112651825,0.9968932469685873
660,2.5999999999999996,-7.4,24,Hero,0.5526783051900566,0.9144731891186287
661,-4.999999999999998,-4.999999999999998,50,None,0.6217438049521298,0.9232765609025955
662,2.099999999999999,-7.9,29,Hero,0.5960631864466543,0.8337908771274418
663,3.5,-6.5,15,Hero,0.5850023965040843,0.9999814033508301
664,2.9,-7.1,21,Hero,0.5585795598370689,0.8972719425246829
665,3.0,-7.0,20,Hero,0.651530260592699,0.9975899130105972
666,4.1000000000000005,-5.8999999999999995,9,Hero,0.7778962842292256,0.9050956302218967
667,3.9000000000000004,-6.1,11,Hero,0.5759101063013077,0.941595584154129
668,3.2,-6.8,18,Hero,0.6221372725235091,0.963509781493081
669,0.5,-9.5,45,Hero,0.6504554103646013,0.8934804836908976
670,3.3,-6.7,17,Hero,0.5350905516568352,0.9728823163930107
671,-4.999999999999998,-4.999999999999998,50,None,0.6421446644514799,0.7169746723771095
672,2.3999999999999995,-7.6000000000000005,26,Hero,0.5901445024646819,0.9719435813335272
673,4.800000000000001,-5.199999999999999,2,Hero,0.509628664702177,0.9999973177909851
674,4.4,-5.6,6,Hero,0.6396398444970449,0.9997419317563375
675,3.7,-6.3,13,Hero,0.5785806591694171,0.9842160527522748
676,4.9,-5.1,1,Hero,0.8807240128517151,0.9999852180480957
677,4.5,-5.5,5,Hero,0.503027594089508,0.8553677320480346
678,-4.999999999999998,-4.999999999999998,50,None,0.6438604101911187,0.824631785787642
679,-5.3,4.7,3,Villain,0.5983654260635376,0.9949796597162882
680,-4.999999999999998,-4.999999999999998,50,None,0.7792418898642063,0.8137008364498616
681,4.2,-5.8,8,Hero,0.5128121860325336,0.9981212094426155
682,-4.999999999999998,-4.999999999999998,50,None,0.7330446291342377,0.7466573271062225
683,4.4,-5.6,6,Hero,0.5973662932713827,0.9999478658040365
684,3.5,-6.5,15,Hero,0.556510313351949,0.8697034021218618
685,3.9000000000000004,-6.1,11,Hero,0.5782149759205905,0.9942465587095781
686,3.2,-6.8,18,Hero,0.5810379837122228,0.9995741413699256
687,4.1000000000000005,-5.8999999999999995,9,Hero,0.4671976301405165,0.8826518538925383
688,4.5,-5.5,5,Hero,0.7924256317317486,0.9999394178390503
689,3.8000000000000007,-6.199999999999999,12,Hero,0.6084293449918429,0.9503057524561882
690,3.6000000000000005,-6.3999999999999995,14,Hero,0.6428034028836659,0.99972864985466
691,-5.199999999999999,4.800000000000001,2,Villain,0.46361758559942245,0.9961172938346863
692,3.0999999999999996,-6.9,19,Hero,0.4902674547935787,0.9640411954177054
693,1.5999999999999988,-8.400000000000002,34,Hero,0.45420029145829816,0.8361015097402474
694,3.8000000000000007,-6.199999999999999,12,Hero,0.5459260692199072,0.9172333975632986
695,-5.6,4.4,6,Villain,0.551270971695582,0.9038889010747274
696,4.6000000000000005,-5.3999999999999995,4,Hero,0.8648135364055634,0.9737307578325272
697,4.1000000000000005,-5.8999999999999995,9,Hero,0.8213056938515769,0.999801754951477
698,4.300000000000001,-5.699999999999999,7,Hero,0.757137730717659,0.9999706745147705
699,1.799999999999999,-8.200000000000001,32,Hero,0.5968929078080691,0.999966025352478
700,1.799999999999999,-8.200000000000001,32,Hero,0.5761986223515123,0.9578806236386299
701,1.4999999999999987,-8.500000000000002,35,Hero,0.7471431370292391,0.999998334475926
702,-5.5,4.5,5,Villain,0.5651444166898727,0.819566524028778
703,2.9,-7.1,21,Hero,0.48965506734592573,0.9761430167016529
704,4.1000000000000005,-5.8999999999999995,9,Hero,0.6014470557371775,0.9638002581066556
705,0.10000000000000142,-9.899999999999999,49,Hero,0.7606198051754309,0.9998912300382342
706,3.3,-6.7,17,Hero,0.6610445421230158,0.9979807979920331
707,3.3,-6.7,17,Hero,0.6838642630506965,0.9999900705674115
708,3.2,-6.8,18,Hero,0.5028275919483147,0.9331626296043396
709,2.3999999999999995,-7.6000000000000005,26,Hero,0.4678810562651891,0.9370702550961421
710,3.4000000000000004,-6.6,16,Hero,0.5812777746468782,0.9752850160002708
711,-5.699999999999999,4.300000000000001,7,Villain,0.6051275559834072,0.9482221347945077
712,3.2,-6.8,18,Hero,0.5269078777896034,0.9984989729192522
713,3.9000000000000004,-6.1,11,Hero,0.5198686420917511,0.9826065464453264
714,2.2999999999999994,-7.700000000000001,27,Hero,0.4639373313014706,0.9287362324970739
715,3.5,-6.5,15,Hero,0.5913283497095108,0.988222579161326
716,-5.3999999999999995,4.6000000000000005,4,Villain,0.5438577309250832,0.7431097701191902
717,4.9,-5.1,1,Hero,0.7345996499061584,1.0
718,3.7,-6.3,13,Hero,0.5722827567504003,0.9947887934171237
719,3.9000000000000004,-6.1,11,Hero,0.4620700614018874,0.9999972906979647
720,3.6000000000000005,-6.3999999999999995,14,Hero,0.677606751876218,0.9999983821596418
721,4.2,-5.8,8,Hero,0.9576373100280762,0.9850897341966629
722,3.6000000000000005,-6.3999999999999995,14,Hero,0.47380536794662476,0.920484430023602
723,3.3,-6.7,17,Hero,0.6086156499736449,0.9933921028585995
724,3.4000000000000004,-6.6,16,Hero,0.5335340804886073,0.9501485992223024
725,3.2,-6.8,18,Hero,0.45324722967214054,0.976471076409022
726,3.2,-6.8,18,Hero,0.5278617497274859,0.9457855340507295
727,3.9000000000000004,-6.1,11,Hero,0.5092143524776805,0.9716392267834056
728,3.7,-6.3,13,Hero,0.7568505039581885,0.9471044953052814
729,3.2,-6.8,18,Hero,0.4971140854888492,0.9435645805464851
730,4.2,-5.8,8,Hero,0.6478810124099255,0.9999925792217255
731,3.6000000000000005,-6.3999999999999995,14,Hero,0.6667262400899615,0.9987775768552508
732,2.4999999999999996,-7.5,25,Hero,0.4971390714496374,0.9402821165323257
733,4.1000000000000005,-5.8999999999999995,9,Hero,0.6844631764623854,0.9992502729098002
734,4.2,-5.8,8,Hero,0.8413284830749035,0.9999998956918716
735,3.0,-7.0,20,Hero,0.4542604299262166,0.9996051609516143
736,-5.8999999999999995,4.1000000000000005,9,Villain,0.49341827134291333,0.8833737257454131
737,4.0,-6.0,10,Hero,0.7685123264789582,0.9188007235527038
738,4.9,-5.1,1,Hero,0.5509946346282959,1.0
739,4.2,-5.8,8,Hero,0.6128306649625301,0.9999959021806717
740,4.0,-6.0,10,Hero,0.553055240213871,0.9999961018562317
741,-4.999999999999998,-4.999999999999998,50,None,0.6529323780536651,0.9374155464023352
742,2.3999999999999995,-7.6000000000000005,26,Hero,0.7364448099755324,0.9791417419910431
743,0.20000000000000107,-9.799999999999999,48,Hero,0.8341639976327618,0.9995448216795921
744,1.3999999999999986,-8.600000000000001,36,Hero,0.7409207833698019,0.9999816682603624
745,4.2,-5.8,8,Hero,0.9657850787043571,0.9997457414865494
746,3.9000000000000004,-6.1,11,Hero,0.8008790266784754,0.9999996423721313
747,3.6000000000000005,-6.3999999999999995,14,Hero,0.7253894667540278,0.9999995912824359
748,-4.999999999999998,-4.999999999999998,50,None,0.7751471251249313,0.9989087510108948
749,2.1999999999999993,-7.800000000000001,28,Hero,0.684554436909301,0.9971474302666528
750,1.899999999999999,-8.100000000000001,31,Hero,0.7892119384581043,0.987336560603111
751,2.4999999999999996,-7.5,25,Hero,0.6913599044084549,0.9779774129390717
752,3.7,-6.3,13,Hero,0.6708901788179691,0.9745233884224525
753,-4.999999999999998,-4.999999999999998,50,None,0.596036396548152,0.8960247009992599
754,0.10000000000000142,-9.899999999999999,49,Hero,0.612063009215861,0.8854568390441793
755,3.0,-7.0,20,Hero,0.5539494104683399,0.9846890211105347
756,1.9999999999999991,-8.0,30,Hero,0.6045398553212483,0.9019653918221593
757,4.4,-5.6,6,Hero,0.5238242944081625,0.9982263743877411
758,4.300000000000001,-5.699999999999999,7,Hero,0.596862575837544,0.8208757809230259
759,-5.199999999999999,4.800000000000001,2,Villain,0.763624519109726,0.8699855804443359
760,2.8,-7.2,22,Hero,0.5988121398470618,0.9988416812636636
761,4.4,-5.6,6,Hero,0.6260249887903532,0.9999993642171224
762,4.0,-6.0,10,Hero,0.732487812481122,0.9998457252979278
763,3.0,-7.0,20,Hero,0.5432353705167771,0.9870911538600922
764,3.7,-6.3,13,Hero,0.46722793407165086,0.9994049347363986
765,4.300000000000001,-5.699999999999999,7,Hero,0.7428378547940936,0.9999997956412179
766,2.8,-7.2,22,Hero,0.5155891342596575,0.9703747277910059
767,4.4,-5.6,6,Hero,0.5743593772252401,0.999991257985433
768,2.4999999999999996,-7.5,25,Hero,0.4448447191715241,0.8411635410785675
769,4.4,-5.6,6,Hero,0.7855695982774099,1.0
770,3.6000000000000005,-6.3999999999999995,14,Hero,0.5805239432624408,0.9998949425561088
771,3.2,-6.8,18,Hero,0.5973802357912064,0.9999998675452338
772,3.0,-7.0,20,Hero,0.4778431622311473,0.9460165731608867
773,1.799999999999999,-8.200000000000001,32,Hero,0.7609595614485443,0.9999750554561615
774,0.6999999999999993,-9.3,43,Hero,0.4301293168303578,0.8522620002717473
775,3.8000000000000007,-6.199999999999999,12,Hero,0.6111908542613188,0.9967833856741587
776,3.8000000000000007,-6.199999999999999,12,Hero,0.5925635999689499,0.9477694407105446
777,3.0,-7.0,20,Hero,0.6560989729361608,0.9949782907962799
778,-6.199999999999999,3.8000000000000007,12,Villain,0.5098414669434229,0.8556249762574831
779,4.2,-5.8,8,Hero,0.6028522681444883,0.9999938160181046
780,3.4000000000000004,-6.6,16,Hero,0.5530529143288732,0.9999853782355785
781,3.8000000000000007,-6.199999999999999,12,Hero,0.6143801199893156,0.9999999304612478
782,-6.0,4.0,10,Villain,0.633034348487854,0.9999968528747558
783,2.4999999999999996,-7.5,25,Hero,0.42682098418474196,0.9240635621547699
784,4.2,-5.8,8,Hero,0.47790390625596046,0.9999998509883881
785,4.7,-5.3,3,Hero,0.9748043417930603,0.9999961853027344
786,-5.5,4.5,5,Villain,0.664094477891922,0.9332815408706665
787,3.5,-6.5,15,Hero,0.49527668630083405,0.978043532371521
788,3.9000000000000004,-6.1,11,Hero,0.544583182443272,0.9828041304241527
789,4.0,-6.0,10,Hero,0.62739979326725,0.9818205893039703
790,4.1000000000000005,-5.8999999999999995,9,Hero,0.5847780075338151,1.0
791,4.300000000000001,-5.699999999999999,7,Hero,0.7779807022639683,0.9999949421201434
792,2.3999999999999995,-7.6000000000000005,26,Hero,0.4996885915215199,0.9130979306422747
793,-5.6,4.4,6,Villain,0.6003845185041428,0.9062642306089401
794,4.4,-5.6,6,Hero,0.6220998565355936,1.0
795,4.1000000000000005,-5.8999999999999995,9,Hero,0.6443788044982486,0.9990643792682223
796,3.8000000000000007,-6.199999999999999,12,Hero,0.5091636677583059,0.9998600830634435
797,4.300000000000001,-5.699999999999999,7,Hero,0.6162525010960442,0.9999999829701015
798,4.300000000000001,-5.699999999999999,7,Hero,0.9292575291224888,0.9999350990567889
799,3.0,-7.0,20,Hero,0.4580630846321583,0.7398122049868107
800,3.2,-6.8,18,Hero,0.5789309549662802,0.9545231527752347
801,4.300000000000001,-5.699999999999999,7,Hero,0.6319769940205983,0.9999999489103045
802,4.300000000000001,-5.699999999999999,7,Hero,0.9014019029481071,0.9996588826179504
803,-6.1,3.9000000000000004,11,Villain,0.5704985125498339,0.8684647537090562
804,3.7,-6.3,13,Hero,0.6542545969669635,0.9687854372538053
805,3.4000000000000004,-6.6,16,Hero,0.5651418641209602,0.8544739931821823
806,-5.699999999999999,4.300000000000001,7,Villain,0.5851947580065046,0.8328764396054404
807,3.6000000000000005,-6.3999999999999995,14,Hero,0.6523184052535466,0.924361914396286
808,-5.699999999999999,4.300000000000001,7,Villain,0.5802315686430249,0.9999992506844657
809,4.0,-6.0,10,Hero,0.6283419817686081,0.9993417918682098
810,-5.8,4.2,8,Villain,0.7014803737401962,0.9407188668847084
811,3.9000000000000004,-6.1,11,Hero,0.5786602429368279,0.9857940890572288
812,3.5,-6.5,15,Hero,0.5912306666374206,0.9999996026357015
813,3.4000000000000004,-6.6,16,Hero,0.6824952140450478,0.9999957159161568
814,-6.0,4.0,10,Villain,0.6683627009391785,0.9999973058700562
815,4.0,-6.0,10,Hero,0.6603411823511124,0.9999999880790711
816,4.7,-5.3,3,Hero,0.8786693811416626,0.9999997615814209
817,-6.199999999999999,3.8000000000000007,12,Villain,0.7183453738689423,0.9999822974205017
818,4.1000000000000005,-5.8999999999999995,9,Hero,0.8308131098747253,0.999732580449846
819,2.8,-7.2,22,Hero,0.6750751097093929,0.9939583973451094
820,3.6000000000000005,-6.3999999999999995,14,Hero,0.6052237025329045,0.9999999063355582
821,3.5,-6.5,15,Hero,0.5131470133860906,0.9999929825464885
822,3.6000000000000005,-6.3999999999999995,14,Hero,0.7967779168060848,0.9999999914850507
823,3.3,-6.7,17,Hero,0.5902458560817382,0.9999392593608183
824,3.3,-6.7,17,Hero,0.5993654897765202,0.9999374186291414
825,2.8,-7.2,22,Hero,0.5362409617413174,0.9304510463367809
826,3.8000000000000007,-6.199999999999999,12,Hero,0.583681233227253,0.9999404549598694
827,3.7,-6.3,13,Hero,0.7731338945718912,0.9999963503617507
828,-5.8999999999999995,4.1000000000000005,9,Villain,0.5162391596370273,0.9722293416659037
829,3.5,-6.5,15,Hero,0.522875718275706,0.9665622393290202
830,3.8000000000000007,-6.199999999999999,12,Hero,0.6297764529784521,0.9999750902255377
831,-5.6,4.4,6,Villain,0.5690983558694521,0.9989211161931356
832,3.9000000000000004,-6.1,11,Hero,0.6454708007248965,0.9999696612358093
833,3.9000000000000004,-6.1,11,Hero,0.5642985755747015,0.9998643073168668
834,4.6000000000000005,-5.3999999999999995,4,Hero,0.6118916869163513,1.0
835,-6.1,3.9000000000000004,11,Villain,0.6815111149441112,1.0
836,4.1000000000000005,-5.8999999999999995,9,Hero,0.5025452540980445,1.0
837,4.0,-6.0,10,Hero,0.5744818538427353,0.9995916962623597
838,4.2,-5.8,8,Hero,0.8316675275564194,0.9652505815029144
839,4.1000000000000005,-5.8999999999999995,9,Hero,0.7006655070516798,0.9994611475202773
840,4.5,-5.5,5,Hero,0.7123110711574554,0.9999986886978149
841,4.1000000000000005,-5.8999999999999995,9,Hero,0.7161304470565584,0.9926430450545417
842,4.2,-5.8,8,Hero,0.5498957522213459,0.9999909698963165
843,2.9,-7.1,21,Hero,0.48541784428414847,0.9936343828837076
844,3.2,-6.8,18,Hero,0.5307876666386923,0.9910232391622331
845,-5.5,4.5,5,Villain,0.7503081008791923,0.9964218616485596
846,-5.3999999999999995,4.6000000000000005,4,Villain,0.24650580808520317,0.9820547848939896
847,3.7,-6.3,13,Hero,0.5377600513971769,0.9015131945220324
848,3.9000000000000004,-6.1,11,Hero,0.6031667210839011,0.979734019799666
849,3.9000000000000004,-6.1,11,Hero,0.4848852591081099,0.9959199103442106
850,3.7,-6.3,13,Hero,0.6168653437724481,0.9618733846224271
851,4.4,-5.6,6,Hero,0.6628461728493372,0.9999969601631165
852,4.0,-6.0,10,Hero,0.6052145928144455,0.9996948122978211
853,3.5,-6.5,15,Hero,0.5113340655962626,0.9999988555908204
854,4.300000000000001,-5.699999999999999,7,Hero,0.8466516051973615,0.9998154640197754
855,2.2999999999999994,-7.700000000000001,27,Hero,0.6978067722585466,0.999990478709892
856,3.9000000000000004,-6.1,11,Hero,0.554810269312425,0.9987288009036671
857,3.8000000000000007,-6.199999999999999,12,Hero,0.7726658179114262,0.9999913076559702
858,4.2,-5.8,8,Hero,0.866129569709301,1.0
859,3.3,-6.7,17,Hero,0.5218025989392224,0.9999999228645774
860,-5.8999999999999995,4.1000000000000005,9,Villain,0.5360073943932852,0.9974937240282694
861,3.4000000000000004,-6.6,16,Hero,0.4955409987596795,0.9638437442481518
862,2.9,-7.1,21,Hero,0.618782578479676,0.9826877997035072
863,2.5999999999999996,-7.4,24,Hero,0.525571777446506,0.8631300615767638
864,3.8000000000000007,-6.199999999999999,12,Hero,0.7970965827504793,0.9992852061986923
865,4.4,-5.6,6,Hero,0.9832408328851064,0.9999992648760477
866,-6.1,3.9000000000000004,11,Villain,0.5789242847399279,0.9054554917595603
867,3.8000000000000007,-6.199999999999999,12,Hero,0.5847493757804235,0.9766210615634918
868,3.8000000000000007,-6.199999999999999,12,Hero,0.5245688954989115,0.9999570151170095
869,3.9000000000000004,-6.1,11,Hero,0.5924120030619882,0.9999990571628917
870,3.4000000000000004,-6.6,16,Hero,0.5991756226867437,0.9997784160077572
871,4.2,-5.8,8,Hero,0.8617269322276115,0.9999997019767761
872,4.0,-6.0,10,Hero,0.7220063924789428,0.9999997854232788
873,3.7,-6.3,13,Hero,0.6617891811407529,0.999914132631742
874,4.300000000000001,-5.699999999999999,7,Hero,0.647843918630055,0.9999990803854806
875,4.4,-5.6,6,Hero,0.7502436339855194,0.9999995032946268
876,4.2,-5.8,8,Hero,0.7786466516554356,0.9999522194266319
877,3.4000000000000004,-6.6,16,Hero,0.5051504466682673,0.9999978095293045
878,3.8000000000000007,-6.199999999999999,12,Hero,0.6469250718752543,1.0
879,3.9000000000000004,-6.1,11,Hero,0.6226821826262907,0.9999994039535522
880,4.300000000000001,-5.699999999999999,7,Hero,0.8411213031836918,0.9998824170657566
881,4.7,-5.3,3,Hero,0.9228590329488119,0.9999999602635702
882,4.0,-6.0,10,Hero,0.711048710346222,0.9440377563238144
883,3.4000000000000004,-6.6,16,Hero,0.5910881192976376,0.9867912009358406
884,4.1000000000000005,-5.8999999999999995,9,Hero,0.638623466094335,0.9999810059865316
885,-5.3999999999999995,4.6000000000000005,4,Villain,0.6303374469280243,1.0
886,4.9,-5.1,1,Hero,0.98244708776474,1.0
887,4.1000000000000005,-5.8999999999999995,9,Hero,0.5917393234041002,0.9999993907080756
888,4.1000000000000005,-5.8999999999999995,9,Hero,0.6144732038180033,0.9933840301301744
889,3.6000000000000005,-6.3999999999999995,14,Hero,0.6966965230447906,0.9881087030683245
890,3.6000000000000005,-6.3999999999999995,14,Hero,0.6187830013888223,0.9964125454425812
891,4.4,-5.6,6,Hero,0.6016187965869904,0.9999991257985433
892,3.7,-6.3,13,Hero,0.5571574912621424,0.9961804059835581
893,3.7,-6.3,13,Hero,0.577355146408081,0.99989109314405
894,4.5,-5.5,5,Hero,0.8060680031776428,0.9999989032745361
895,3.6000000000000005,-6.3999999999999995,14,Hero,0.5866368391684124,0.9989461515630994
896,4.2,-5.8,8,Hero,0.5797539167106152,0.9999997466802597
897,3.9000000000000004,-6.1,11,Hero,0.6179098148237575,0.9996605515480042
898,3.7,-6.3,13,Hero,0.5427570503491622,0.9999994039535522
899,4.0,-6.0,10,Hero,0.6595481693744659,1.0
900,3.3,-6.7,17,Hero,0.5740861664800083,0.9611349649289075
901,3.8000000000000007,-6.199999999999999,12,Hero,0.5240418029328188,0.9999187340339025
902,3.5,-6.5,15,Hero,0.5717690090338389,0.987434967358907
903,4.4,-5.6,6,Hero,0.689934715628624,0.999999980131785
904,4.300000000000001,-5.699999999999999,7,Hero,0.5869577271597726,0.9999997445515224
905,3.7,-6.3,13,Hero,0.5726536466525152,0.9990966457587022
906,3.2,-6.8,18,Hero,0.5145461034650604,0.9999453491634793
907,4.9,-5.1,1,Hero,0.32350799441337585,1.0
908,3.3,-6.7,17,Hero,0.5610938295722008,0.9466294558609233
909,4.5,-5.5,5,Hero,0.7377425551414489,0.9999981641769409
910,3.9000000000000004,-6.1,11,Hero,0.5506148839538748,0.9999987753954801
911,3.5,-6.5,15,Hero,0.6017958670854568,0.9391120493412017
912,2.099999999999999,-7.9,29,Hero,0.5369422785167036,0.947114552660235
913,3.6000000000000005,-6.3999999999999995,14,Hero,0.5659088002783912,0.9999999914850507
914,3.3,-6.7,17,Hero,0.5186448281302172,0.9999982609468347
915,3.6000000000000005,-6.3999999999999995,14,Hero,0.6055392527154514,0.9771524029118674
916,3.9000000000000004,-6.1,11,Hero,0.6437534120949832,0.9999686317010359
917,4.0,-6.0,10,Hero,0.6225454464554787,0.9999974608421326
918,4.1000000000000005,-5.8999999999999995,9,Hero,0.722820721152756,0.9999999470180936
919,4.300000000000001,-5.699999999999999,7,Hero,0.6270096557480949,1.0
920,4.6000000000000005,-5.3999999999999995,4,Hero,0.7216666787862778,1.0
921,3.5,-6.5,15,Hero,0.5296653548876444,0.9801254510879517
922,3.3,-6.7,17,Hero,0.48927389523562265,0.9999282430200016
923,3.6000000000000005,-6.3999999999999995,14,Hero,0.542598449758121,0.9972586802073887
924,3.4000000000000004,-6.6,16,Hero,0.5433642864227295,0.9999872893095016
925,3.6000000000000005,-6.3999999999999995,14,Hero,0.6283327866611736,0.8298404250693109
926,3.6000000000000005,-6.3999999999999995,14,Hero,0.6786815928561347,0.9202806886584897
927,4.0,-6.0,10,Hero,0.7635986894369126,1.0
928,3.3,-6.7,17,Hero,0.6032374133081997,0.9926456458428327
929,3.8000000000000007,-6.199999999999999,12,Hero,0.5833821892738342,0.988118921717008
930,3.8000000000000007,-6.199999999999999,12,Hero,0.5598610726495584,0.9999892512957255
931,3.8000000000000007,-6.199999999999999,12,Hero,0.6233457351724306,0.9999697059392929
932,4.0,-6.0,10,Hero,0.5497583702206612,0.9999999761581421
933,4.0,-6.0,10,Hero,0.6116022765636444,0.9999999284744263
934,4.0,-6.0,10,Hero,0.5963014647364616,0.9996766090393067
935,4.7,-5.3,3,Hero,0.9890259703000387,0.9999998807907104
936,4.300000000000001,-5.699999999999999,7,Hero,0.5585493498614856,0.9999899183000837
937,3.8000000000000007,-6.199999999999999,12,Hero,0.6545584859947363,0.8656826466321945
938,-5.5,4.5,5,Villain,0.5403644502162933,0.9999989986419677
939,4.9,-5.1,1,Hero,0.08668384701013565,1.0
940,-5.8999999999999995,4.1000000000000005,9,Villain,0.5575311316384209,0.9999999867545234
941,3.7,-6.3,13,Hero,0.635768568286529,0.9999700692983774
942,3.2,-6.8,18,Hero,0.5614291152192487,0.9986244704988267
943,3.9000000000000004,-6.1,11,Hero,0.595278416167606,0.999312086538835
944,4.5,-5.5,5,Hero,0.6558064520359039,0.9999999761581421
945,3.7,-6.3,13,Hero,0.5530420622000327,0.999206176170936
946,3.2,-6.8,18,Hero,0.5730230053886771,0.993407686551412
947,4.5,-5.5,5,Hero,0.5656624495983124,1.0
948,4.5,-5.5,5,Hero,0.6038223445415497,0.9999999046325684
949,4.1000000000000005,-5.8999999999999995,9,Hero,0.46379835738076103,0.9999966621398926
950,4.300000000000001,-5.699999999999999,7,Hero,0.6259754427841732,1.0
951,2.5999999999999996,-7.4,24,Hero,0.6778508201241493,0.9745391930143038
952,3.4000000000000004,-6.6,16,Hero,0.593591770157218,0.9998046457767487
953,4.2,-5.8,8,Hero,0.6175509952008724,1.0
954,-4.999999999999998,-4.999999999999998,50,None,0.7479932701587677,0.9983183097839355
955,3.0,-7.0,20,Hero,0.5609868474304676,0.9999919652938842
956,3.6000000000000005,-6.3999999999999995,14,Hero,0.7778860820191247,0.9999968664986747
957,3.0999999999999996,-6.9,19,Hero,0.5407902480740296,0.9991515216074491
958,4.1000000000000005,-5.8999999999999995,9,Hero,0.5780510728557905,1.0
959,3.8000000000000007,-6.199999999999999,12,Hero,0.5008535385131836,0.9999996225039164
960,3.3,-6.7,17,Hero,0.6966256411636577,0.9999252452569849
961,3.7,-6.3,13,Hero,0.6719406911960015,1.0
962,4.2,-5.8,8,Hero,0.5116909071803093,0.9999998211860657
963,3.0,-7.0,20,Hero,0.7195604607462883,0.9965089499950409
964,1.5999999999999988,-8.400000000000002,34,Hero,0.7025157338049373,0.9999999403953552
965,4.6000000000000005,-5.3999999999999995,4,Hero,0.7415925450623035,0.9999996721744537
966,3.9000000000000004,-6.1,11,Hero,0.7458934377540242,0.9996950355443087
967,0.5,-9.5,45,Hero,0.6293204590316034,0.9999998410542806
968,2.6999999999999997,-7.300000000000001,23,Hero,0.6118178717468096,0.9999996527381565
969,2.2999999999999994,-7.700000000000001,27,Hero,0.6417760440596828,0.990439631320812
970,-5.199999999999999,4.800000000000001,2,Villain,0.5924762189388275,0.8761053085327148
971,4.2,-5.8,8,Hero,0.6371665112674236,1.0
972,4.1000000000000005,-5.8999999999999995,9,Hero,0.5961961713102129,1.0
973,3.4000000000000004,-6.6,16,Hero,0.6579880900681019,0.9385289251804352
974,4.2,-5.8,8,Hero,0.5613180994987488,0.9999992400407791
975,4.7,-5.3,3,Hero,0.6004406809806824,0.9999999602635702
976,3.3,-6.7,17,Hero,0.5489481567569515,0.9574893993489882
977,4.6000000000000005,-5.3999999999999995,4,Hero,0.5907694771885872,1.0
978,4.4,-5.6,6,Hero,0.565597822268804,0.9999991257985433
979,4.5,-5.5,5,Hero,0.8641538977622986,0.999997353553772
980,4.0,-6.0,10,Hero,0.6565560698509216,0.9890056550502777
981,3.7,-6.3,13,Hero,0.5518087102816656,0.9986568230849046
982,3.6000000000000005,-6.3999999999999995,14,Hero,0.5058047686304364,0.9787574325289045
983,3.9000000000000004,-6.1,11,Hero,0.5726683925498616,1.0
984,3.6000000000000005,-6.3999999999999995,14,Hero,0.6341552138328552,0.9998205346720559
985,3.8000000000000007,-6.199999999999999,12,Hero,0.6559299379587173,0.9926923563083013
986,4.1000000000000005,-5.8999999999999995,9,Hero,0.7111726005872091,0.999999894036187
987,4.1000000000000005,-5.8999999999999995,9,Hero,0.6855195760726929,0.9999782376819186
988,3.5,-6.5,15,Hero,0.5654038747151693,0.9896259864171346
989,4.1000000000000005,-5.8999999999999995,9,Hero,0.5414946112367842,0.9999999072816637
990,3.2,-6.8,18,Hero,0.5772431989510854,0.9886845250924429
991,4.300000000000001,-5.699999999999999,7,Hero,0.750081228358405,0.9997750180108207
992,3.3,-6.7,17,Hero,0.5140119758160675,0.9748812352909761
993,4.5,-5.5,5,Hero,0.48388969898223877,0.9999998807907104
994,4.0,-6.0,10,Hero,0.647224885225296,0.999994421005249
995,4.2,-5.8,8,Hero,0.5810659099370241,0.9999984502792358
996,4.7,-5.3,3,Hero,0.648872951666514,0.9999999602635702
997,3.7,-6.3,13,Hero,0.6670889831506289,0.9891821787907527
998,4.9,-5.1,1,Hero,0.554362952709198,1.0
999,3.5,-6.5,15,Hero,0.5335180799166361,0.9517133116722107
1000,4.1000000000000005,-5.8999999999999995,9,Hero,0.7410119705730014,0.9999985694885254
1001,4.300000000000001,-5.699999999999999,7,Hero,0.9295178311211723,0.9999999318804059
1002,4.2,-5.8,8,Hero,0.7344395276159048,0.9999996274709702
1003,3.6000000000000005,-6.3999999999999995,14,Hero,0.6233287187559264,0.9998330431325095
1004,3.7,-6.3,13,Hero,0.656554075387808,0.9996754572941706
1005,4.2,-5.8,8,Hero,0.8037871867418289,0.9999992847442627
1006,3.2,-6.8,18,Hero,0.5398571631974645,0.9999068611198001
1007,3.6000000000000005,-6.3999999999999995,14,Hero,0.5968310811689922,0.9964722352368491
1008,4.7,-5.3,3,Hero,0.6650062724947929,1.0
1009,4.0,-6.0,10,Hero,0.7979172617197037,0.9803345680236817
1010,3.9000000000000004,-6.1,11,Hero,0.5743743858554147,0.999999696558172
1011,-5.8,4.2,8,Villain,0.6495545245707035,0.9771558195352554
1012,3.5,-6.5,15,Hero,0.688211631278197,0.9786413749059041
1013,2.6999999999999997,-7.300000000000001,23,Hero,0.6245916913384977,0.9041030225546464
1014,4.5,-5.5,5,Hero,0.5479147434234619,1.0
1015,3.8000000000000007,-6.199999999999999,12,Hero,0.46902025987704593,0.999983678261439
1016,2.3999999999999995,-7.6000000000000005,26,Hero,0.6356753798631521,0.9898786407250625
1017,4.0,-6.0,10,Hero,0.5943500727415085,0.9999994397163391
1018,4.0,-6.0,10,Hero,0.7116182237863541,0.9996856212615967
1019,3.2,-6.8,18,Hero,0.6574005848831601,0.9999949004915025
1020,4.4,-5.6,6,Hero,0.7842942873636881,1.0
1021,2.5999999999999996,-7.4,24,Hero,0.51402758123974,0.9961268107096354
1022,-5.3999999999999995,4.6000000000000005,4,Villain,0.9412204027175903,0.999971866607666
1023,3.2,-6.8,18,Hero,0.5468988352351718,0.9586640546719233
1024,-5.3999999999999995,4.6000000000000005,4,Villain,0.7842474579811096,0.9999910593032837
1025,3.0999999999999996,-6.9,19,Hero,0.5061600763154658,0.8723646025908621
1026,3.7,-6.3,13,Hero,0.5741916849062993,0.9588483755405133
1027,-5.6,4.4,6,Villain,0.5761250803867976,0.999992569287618
1028,-5.699999999999999,4.300000000000001,7,Villain,0.6410904909883227,1.0
1029,4.2,-5.8,8,Hero,0.5045741237699986,0.9999574720859528
1030,3.3,-6.7,17,Hero,0.544384097077829,0.9720837193376878
1031,4.5,-5.5,5,Hero,0.836565351486206,0.9999957799911499
1032,4.300000000000001,-5.699999999999999,7,Hero,0.5052796580961773,1.0
1033,-5.6,4.4,6,Villain,0.5302732686201731,0.9980726639429728
1034,-5.5,4.5,5,Villain,0.7228306770324707,0.8246620073914528
1035,3.9000000000000004,-6.1,11,Hero,0.4881299232894724,0.9993461045351896
1036,3.8000000000000007,-6.199999999999999,12,Hero,0.574642134209474,0.8908148401727279
1037,3.3,-6.7,17,Hero,0.6120933855281157,0.9847231086562661
1038,3.8000000000000007,-6.199999999999999,12,Hero,0.5460806464155515,0.9959532966216406
1039,-6.0,4.0,10,Villain,0.6319145947694779,0.9984002709388733
1040,2.8,-7.2,22,Hero,0.47051307559013367,0.7889226761815901
1041,4.800000000000001,-5.199999999999999,2,Hero,0.8946757912635803,0.9999999403953552
1042,4.5,-5.5,5,Hero,0.5837754547595978,0.9999999761581421
1043,4.4,-5.6,6,Hero,0.5849194327990214,0.9999998609224955
1044,4.0,-6.0,10,Hero,0.6992110460996628,0.9954907178878785
1045,3.7,-6.3,13,Hero,0.6438672611346612,0.9998451517178462
1046,3.8000000000000007,-6.199999999999999,12,Hero,0.5315220709890127,0.9999995032946268
1047,4.4,-5.6,6,Hero,0.5933314909537634,0.9999996622403463
1048,4.1000000000000005,-5.8999999999999995,9,Hero,0.5232265045245489,1.0
1049,4.2,-5.8,8,Hero,0.7284347973763943,0.9991985857486725
1050,4.6000000000000005,-5.3999999999999995,4,Hero,0.6974902600049973,0.9999999403953552
1051,3.0999999999999996,-6.9,19,Hero,0.5333708126686121,0.8963360660954526
1052,-5.199999999999999,4.800000000000001,2,Villain,0.9614863991737366,0.9834595322608948
1053,2.2999999999999994,-7.700000000000001,27,Hero,0.464380928211742,0.9098105198807187
1054,-5.6,4.4,6,Villain,0.5878178377946218,0.9967055718104044
1055,3.7,-6.3,13,Hero,0.532927522292504,0.9294017885739987
1056,4.300000000000001,-5.699999999999999,7,Hero,0.8248803998742785,0.8923556932381221
1057,4.300000000000001,-5.699999999999999,7,Hero,0.7364122101238796,0.9655869007110596
1058,4.0,-6.0,10,Hero,0.5273820757865906,0.9988387286663055
1059,3.4000000000000004,-6.6,16,Hero,0.5039794854819775,0.9789190664887428
1060,4.2,-5.8,8,Hero,0.5462761223316193,0.9999991208314896
1061,4.1000000000000005,-5.8999999999999995,9,Hero,0.505902874800894,0.9994598362180922
1062,3.9000000000000004,-6.1,11,Hero,0.5293051248246973,0.9992559498006647
1063,4.800000000000001,-5.199999999999999,2,Hero,0.5310261845588684,1.0
1064,3.4000000000000004,-6.6,16,Hero,0.566666061989963,0.9037563875317574
1065,3.9000000000000004,-6.1,11,Hero,0.7424915324557911,0.9115015769546683
1066,3.9000000000000004,-6.1,11,Hero,0.5934826758774844,0.9994778253815391
1067,4.4,-5.6,6,Hero,0.577649270494779,0.9998989204565684
1068,3.7,-6.3,13,Hero,0.5803629526725183,0.9999399506128751
1069,4.4,-5.6,6,Hero,0.6537482192118963,0.9999998013178507
1070,3.6000000000000005,-6.3999999999999995,14,Hero,0.5369287942137037,0.8982959078358752
1071,3.5,-6.5,15,Hero,0.5840543707211813,0.9968440771102905
1072,3.6000000000000005,-6.3999999999999995,14,Hero,0.6568145276313382,0.9837120515959603
1073,3.4000000000000004,-6.6,16,Hero,0.5206858746241778,0.9541122261434793
1074,4.1000000000000005,-5.8999999999999995,9,Hero,0.5515458914968703,0.9999998145633273
1075,-5.3999999999999995,4.6000000000000005,4,Villain,0.9513262212276459,0.9697120934724808
1076,2.9,-7.1,21,Hero,0.5721364759263539,0.9956749166761126
1077,4.7,-5.3,3,Hero,0.5581139723459879,1.0
1078,4.0,-6.0,10,Hero,0.5901830665767193,0.9999933123588562
1079,4.300000000000001,-5.699999999999999,7,Hero,0.5856841249125344,0.9999436906405857
1080,3.8000000000000007,-6.199999999999999,12,Hero,0.6405364175637563,0.9593159407377243
1081,4.7,-5.3,3,Hero,0.6187684734662374,0.9999999602635702
1082,4.2,-5.8,8,Hero,0.7041219547390938,0.9997243136167526
1083,3.2,-6.8,18,Hero,0.5173314842912886,0.9662923415501913
1084,4.2,-5.8,8,Hero,0.902122750878334,0.9359125457704067
1085,3.5,-6.5,15,Hero,0.5685493250687917,0.9518381794293721
1086,3.2,-6.8,18,Hero,0.5471540689468384,0.9986669818560282
1087,3.4000000000000004,-6.6,16,Hero,0.5309469047933817,0.9929844066500664
1088,-5.1,4.9,1,Villain,0.9229238629341125,0.9146516919136047
1089,3.6000000000000005,-6.3999999999999995,14,Hero,0.5412268393806049,0.9749044350215367
1090,3.3,-6.7,17,Hero,0.5580509252407971,0.9268309167202782
1091,4.6000000000000005,-5.3999999999999995,4,Hero,0.5261182337999344,0.9999999701976776
1092,4.6000000000000005,-5.3999999999999995,4,Hero,0.5593520626425743,0.9999993145465851
1093,3.6000000000000005,-6.3999999999999995,14,Hero,0.5462547881262643,0.9931189843586513
1094,4.6000000000000005,-5.3999999999999995,4,Hero,0.692075103521347,0.9999992549419403
1095,2.9,-7.1,21,Hero,0.566052741238049,0.940402512039457
1096,4.300000000000001,-5.699999999999999,7,Hero,0.48392932755606516,0.9999999148505074
1097,4.1000000000000005,-5.8999999999999995,9,Hero,0.6489595373471578,1.0
1098,4.300000000000001,-5.699999999999999,7,Hero,0.698009056704385,0.9999997275216239
1099,4.9,-5.1,1,Hero,0.5783113241195679,1.0
1100,3.9000000000000004,-6.1,11,Hero,0.7123155864802274,0.9984801303256642
1101,4.800000000000001,-5.199999999999999,2,Hero,0.9589081406593323,1.0
1102,4.2,-5.8,8,Hero,0.6981153432279825,0.9997192025184631
1103,3.7,-6.3,13,Hero,0.49941587218871486,0.9993613820809585
1104,1.6999999999999988,-8.3,33,Hero,0.4564866926309399,0.9220496524464
1105,3.0,-7.0,20,Hero,0.5172358147799969,0.916264676488936
1106,4.2,-5.8,8,Hero,0.8106641881167889,0.9999691620469093
1107,3.7,-6.3,13,Hero,0.6563800649287609,0.9352750273851248
1108,4.6000000000000005,-5.3999999999999995,4,Hero,0.48623940348625183,0.9999999105930328
1109,3.8000000000000007,-6.199999999999999,12,Hero,0.6682052239775658,0.9977803031603495
1110,4.7,-5.3,3,Hero,0.8877005577087402,1.0
1111,4.300000000000001,-5.699999999999999,7,Hero,0.5132990883929389,1.0
1112,3.9000000000000004,-6.1,11,Hero,0.6428490091453899,1.0
1113,4.4,-5.6,6,Hero,0.5665743748346964,0.9999999602635702
1114,4.1000000000000005,-5.8999999999999995,9,Hero,0.708724159333441,0.9999997085995145
1115,3.9000000000000004,-6.1,11,Hero,0.5136429938403043,0.9999769004908475
1116,4.1000000000000005,-5.8999999999999995,9,Hero,0.8840175867080688,0.9999998675452338
1117,3.9000000000000004,-6.1,11,Hero,0.5382501591335643,0.999993855302984
1118,4.6000000000000005,-5.3999999999999995,4,Hero,0.6246761977672577,1.0
1119,4.0,-6.0,10,Hero,0.7554495930671692,0.9999804973602295
1120,4.5,-5.5,5,Hero,0.9236918926239014,0.9999945878982544
1121,3.5,-6.5,15,Hero,0.4779106810688972,0.9177043735980988
1122,4.4,-5.6,6,Hero,0.5887144804000854,1.0
1123,4.4,-5.6,6,Hero,0.6878606056173643,1.0
1124,3.9000000000000004,-6.1,11,Hero,0.8202280591834675,0.9739281914450906
1125,3.7,-6.3,13,Hero,0.5655834789459522,0.9997366529244643
1126,3.3,-6.7,17,Hero,0.529474320657113,0.9753057956695557
1127,3.0,-7.0,20,Hero,0.49211967922747135,0.9275351162999869
1128,4.300000000000001,-5.699999999999999,7,Hero,0.6728787251881191,0.9999995061329433
1129,3.4000000000000004,-6.6,16,Hero,0.53689353633672,0.9800845980644226
1130,3.9000000000000004,-6.1,11,Hero,0.5937327715483579,0.9999195987528021
1131,3.7,-6.3,13,Hero,0.7054998891857954,0.9917103006289556
1132,2.6999999999999997,-7.300000000000001,23,Hero,0.4224238598152347,0.831174427744649
1133,3.4000000000000004,-6.6,16,Hero,0.5834450349211693,0.9011524396482855
1134,4.4,-5.6,6,Hero,0.6307886987924576,1.0
1135,-5.5,4.5,5,Villain,0.21725693196058274,0.7830517590045929
1136,-5.3999999999999995,4.6000000000000005,4,Villain,0.5498074591159821,0.999972015619278
1137,4.0,-6.0,10,Hero,0.6366460919380188,0.9999787628650665
1138,4.0,-6.0,10,Hero,0.7077284753322601,0.9999608516693115
1139,3.8000000000000007,-6.199999999999999,12,Hero,0.5182828456163406,0.9699724664290746
1140,4.6000000000000005,-5.3999999999999995,4,Hero,0.8962934166193008,0.9999969005584717
1141,-5.3999999999999995,4.6000000000000005,4,Villain,0.5235607512295246,0.9999999403953552
1142,3.9000000000000004,-6.1,11,Hero,0.602782436392524,1.0
1143,-5.8,4.2,8,Villain,0.5249855425208807,0.9880746528506279
1144,-5.6,4.4,6,Villain,0.2412425714234511,0.918372263511022
1145,4.1000000000000005,-5.8999999999999995,9,Hero,0.8355053828822242,0.9999999735090468
1146,3.6000000000000005,-6.3999999999999995,14,Hero,0.7654432867254529,0.9079826718994549
1147,2.8,-7.2,22,Hero,0.4706574302505363,0.9488045654513619
1148,1.799999999999999,-8.200000000000001,32,Hero,0.5395492205861956,0.8995691968593746
1149,4.5,-5.5,5,Hero,0.5825357675552368,1.0
1150,4.800000000000001,-5.199999999999999,2,Hero,0.598177045583725,1.0
1151,1.799999999999999,-8.200000000000001,32,Hero,0.7924289158545434,0.9999999105930328
1152,-5.1,4.9,1,Villain,0.9099065065383911,0.756333589553833
1153,3.2,-6.8,18,Hero,0.5938746200667487,0.9999985231293572
1154,4.4,-5.6,6,Hero,0.7402152816454569,0.9999999602635702
1155,4.0,-6.0,10,Hero,0.5183191001415253,0.9998683750629425
1156,2.099999999999999,-7.9,29,Hero,0.6129106062239614,0.998554225625663
1157,3.0,-7.0,20,Hero,0.6559456326067448,0.9887684226036072
1158,4.1000000000000005,-5.8999999999999995,9,Hero,0.560755675037702,0.9999864631228976
1159,-5.1,4.9,1,Villain,0.7653417587280273,0.9999871253967285
1160,1.2999999999999985,-8.700000000000001,37,Hero,0.6928834500345024,0.9651266787503217
1161,2.2999999999999994,-7.700000000000001,27,Hero,0.5439056733933588,0.9482852971112287
1162,3.3,-6.7,17,Hero,0.5577373925377341,0.9999570916680729
1163,2.8,-7.2,22,Hero,0.5975436212664301,0.9988419711589813
1164,3.6000000000000005,-6.3999999999999995,14,Hero,0.5304669908114842,0.9919013934476035
1165,4.5,-5.5,5,Hero,0.721238300204277,0.9999998807907104
1166,4.300000000000001,-5.699999999999999,7,Hero,0.9245183893612453,0.9999998978206089
1167,2.4999999999999996,-7.5,25,Hero,0.7402503514289855,0.9883857131004333
1168,3.7,-6.3,13,Hero,0.8874530534331615,0.9669504899245042
1169,3.9000000000000004,-6.1,11,Hero,0.6977471634745598,0.999999924139543
1170,0.5,-9.5,45,Hero,0.7941070723864767,0.999896772702535
1171,4.4,-5.6,6,Hero,0.524695431192716,0.9999997814496359
1172,3.3,-6.7,17,Hero,0.8110334452460793,0.9901319601956535
1173,2.099999999999999,-7.9,29,Hero,0.6724061986495709,0.963477124427927
1174,-5.1,4.9,1,Villain,0.951302707195282,0.9842684268951416
1175,4.800000000000001,-5.199999999999999,2,Hero,0.5410260707139969,1.0
1176,3.5,-6.5,15,Hero,0.5888602018356324,0.9999979416529338
1177,2.1999999999999993,-7.800000000000001,28,Hero,0.5983486407702523,0.9983639248779842
1178,4.300000000000001,-5.699999999999999,7,Hero,0.5626843699387142,0.999996372631618
1179,2.4999999999999996,-7.5,25,Hero,0.5685470020771026,0.9948809123039246
1180,4.2,-5.8,8,Hero,0.84514872264117,0.9926453530788422
1181,-5.199999999999999,4.800000000000001,2,Villain,0.7677527070045471,0.9964153170585632
1182,3.8000000000000007,-6.199999999999999,12,Hero,0.7854050199190775,0.9129112540977076
1183,1.3999999999999986,-8.600000000000001,36,Hero,0.7649326134059165,0.9996497299936082
1184,4.300000000000001,-5.699999999999999,7,Hero,0.5806102582386562,0.9999999489103045
1185,4.9,-5.1,1,Hero,0.5922715067863464,1.0
1186,-5.1,4.9,1,Villain,0.6838458180427551,0.9996976852416992
1187,3.5,-6.5,15,Hero,0.5538682361443837,0.9562621514002482
1188,3.8000000000000007,-6.199999999999999,12,Hero,0.5819741686185201,0.9080561473965645
1189,4.0,-6.0,10,Hero,0.6730310380458832,0.9949242353439331
1190,2.6999999999999997,-7.300000000000001,23,Hero,0.6380306339782217,0.9999979682590651
1191,3.9000000000000004,-6.1,11,Hero,0.5289405177940022,0.9999136545441367
1192,3.9000000000000004,-6.1,11,Hero,0.6527822017669678,0.9993593855337664
1193,3.5,-6.5,15,Hero,0.5392552256584168,0.9170790036519368
1194,3.8000000000000007,-6.199999999999999,12,Hero,0.6280947426954905,0.9990210384130478
1195,2.9,-7.1,21,Hero,0.5941659985553651,0.9630213096028283
1196,-5.3,4.7,3,Villain,0.9454680482546488,0.9888051350911459
1197,4.300000000000001,-5.699999999999999,7,Hero,0.7216265222855976,0.9999999318804059
1198,2.6999999999999997,-7.300000000000001,23,Hero,0.617684802931288,0.9352332854076572
1199,-5.6,4.4,6,Villain,0.2969261147081852,0.7776834815740585
1200,4.0,-6.0,10,Hero,0.642578236758709,0.9719196081161499
1201,3.4000000000000004,-6.6,16,Hero,0.5016902070492506,0.9960369057953358
1202,3.6000000000000005,-6.3999999999999995,14,Hero,0.5122728391683528,0.9484765572207314
1203,4.0,-6.0,10,Hero,0.7723271131515503,0.9947658598423004
1204,3.0,-7.0,20,Hero,0.5237573236227036,0.999497401714325
1205,4.1000000000000005,-5.8999999999999995,9,Hero,0.8383093410068088,0.9961112141609192
1206,3.3,-6.7,17,Hero,0.6097589012454537,0.9292627327582416
1207,4.300000000000001,-5.699999999999999,7,Hero,0.6424930563994816,0.9999878747122628
1208,3.9000000000000004,-6.1,11,Hero,0.5326100073077462,0.9999424598433755
1209,-5.5,4.5,5,Villain,0.6407988607883454,0.9881458282470703
1210,3.8000000000000007,-6.199999999999999,12,Hero,0.5538659120599428,0.9957715024550756
1211,3.6000000000000005,-6.3999999999999995,14,Hero,0.509243860042521,0.9804986885615757
1212,-5.5,4.5,5,Villain,0.5632930994033813,0.9998077034950257
1213,3.9000000000000004,-6.1,11,Hero,0.5807733833789825,0.9999654672362588
1214,4.2,-5.8,8,Hero,0.7866802252829075,0.9999841451644897
1215,4.300000000000001,-5.699999999999999,7,Hero,0.690312249319894,0.9999993358339582
1216,2.9,-7.1,21,Hero,0.5149347725368681,0.9376723099322546
1217,3.9000000000000004,-6.1,11,Hero,0.6176132966171611,0.9999998374418779
1218,4.2,-5.8,8,Hero,0.6989118494093418,0.9999675527215004
1219,4.2,-5.8,8,Hero,0.574940737336874,0.9999999701976776
1220,-5.6,4.4,6,Villain,0.6981989617149035,0.9802471597989401
1221,4.7,-5.3,3,Hero,0.5655917127927145,0.9999996423721313
1222,4.0,-6.0,10,Hero,0.7291019031777978,0.9878348767757416
1223,4.0,-6.0,10,Hero,0.6899787873029709,0.9803494870662689
1224,3.9000000000000004,-6.1,11,Hero,0.6168199885975231,0.9999998157674616
1225,4.4,-5.6,6,Hero,0.5377373099327087,1.0
1226,3.6000000000000005,-6.3999999999999995,14,Hero,0.5452803501061031,0.999463894537517
1227,-5.3,4.7,3,Villain,0.7212751110394796,0.996847947438558
1228,4.4,-5.6,6,Hero,0.5689619680245718,0.9999985496203104
1229,4.2,-5.8,8,Hero,0.5509501472115517,0.999997690320015
1230,3.7,-6.3,13,Hero,0.5459136412693903,0.9999998349409837
1231,3.9000000000000004,-6.1,11,Hero,0.5989472419023514,0.9525286961685527
1232,3.0,-7.0,20,Hero,0.5274485312402248,0.9633489847183228
1233,3.5,-6.5,15,Hero,0.6246725876815618,0.9686712265014649
1234,3.7,-6.3,13,Hero,0.6771029531955719,0.9999466584278986
1235,4.2,-5.8,8,Hero,0.5690183043479919,0.9999954253435135
1236,4.0,-6.0,10,Hero,0.7673897594213486,0.9753477990627288
1237,4.2,-5.8,8,Hero,0.8124117478728294,0.9999999552965164
1238,3.6000000000000005,-6.3999999999999995,14,Hero,0.5767598492758614,0.9998352059296199
1239,4.2,-5.8,8,Hero,0.6142485653981566,0.999999925494194
1240,4.5,-5.5,5,Hero,0.6035862386226654,0.9999996185302734
1241,4.4,-5.6,6,Hero,0.5606321543455124,0.9999529719352722
1242,4.800000000000001,-5.199999999999999,2,Hero,0.956619381904602,0.9999915957450867
1243,4.7,-5.3,3,Hero,0.6616651266813278,0.9999963045120239
1244,4.2,-5.8,8,Hero,0.6338691152632236,0.9167073108255863
1245,3.9000000000000004,-6.1,11,Hero,0.6957265734672546,0.9195718331770464
1246,4.1000000000000005,-5.8999999999999995,9,Hero,0.7531979713175032,0.9997681445545621
1247,3.0,-7.0,20,Hero,0.5796867191791535,0.9999967992305756
1248,4.2,-5.8,8,Hero,0.5122464746236801,0.9999201595783234
1249,3.6000000000000005,-6.3999999999999995,14,Hero,0.601547373192651,0.9604404951844897
1250,3.8000000000000007,-6.199999999999999,12,Hero,0.5921339144309362,0.9552010595798492
1251,4.7,-5.3,3,Hero,0.9658182263374329,0.9999980529149374
1252,4.9,-5.1,1,Hero,0.9754551649093628,0.9999992847442627
1253,4.1000000000000005,-5.8999999999999995,9,Hero,0.5605734454260932,0.9999963574939303
1254,3.2,-6.8,18,Hero,0.572646427485678,0.9672815303007761
1255,-5.5,4.5,5,Villain,0.49748735725879667,0.7945929199457169
1256,3.6000000000000005,-6.3999999999999995,14,Hero,0.5270186641386577,0.8486887365579605
1257,3.0999999999999996,-6.9,19,Hero,0.5349768055112738,0.9609364835839522
1258,2.9,-7.1,21,Hero,0.573018270943846,0.9995869057519096
1259,-5.8,4.2,8,Villain,0.5080074816942215,0.8566751033067703
1260,4.1000000000000005,-5.8999999999999995,9,Hero,0.48279031723116833,0.9999422828356425
1261,-5.3,4.7,3,Villain,0.5891809016466141,0.9999775886535645
1262,4.6000000000000005,-5.3999999999999995,4,Hero,0.7329775989055634,0.9997871071100235
1263,3.7,-6.3,13,Hero,0.5119792177126958,0.8542357476857992
1264,3.8000000000000007,-6.199999999999999,12,Hero,0.7484754100441933,0.9054762870073318
1265,3.8000000000000007,-6.199999999999999,12,Hero,0.6626592377821604,0.9175654525558153
1266,3.3,-6.7,17,Hero,0.6334629926611396,0.9999843555338243
1267,3.6000000000000005,-6.3999999999999995,14,Hero,0.5897062474063465,0.9621398363794599
1268,4.7,-5.3,3,Hero,0.952589193979899,0.9999998807907104
1269,3.8000000000000007,-6.199999999999999,12,Hero,0.7035874649882317,0.962673619389534
1270,4.2,-5.8,8,Hero,0.6319271586835384,0.9961630702018738
1271,3.8000000000000007,-6.199999999999999,12,Hero,0.4989805593698596,0.9937243660291036
1272,3.9000000000000004,-6.1,11,Hero,0.6373651759190992,0.9232152063738216
1273,4.1000000000000005,-5.8999999999999995,9,Hero,0.7649938033686744,0.9998331997129652
1274,4.1000000000000005,-5.8999999999999995,9,Hero,0.5571936733192868,0.9999989403618706
1275,4.5,-5.5,5,Hero,0.724682554602623,0.996449613571167
1276,3.9000000000000004,-6.1,11,Hero,0.6539822031151165,0.8127556019885973
1277,4.4,-5.6,6,Hero,0.6045186594128609,0.9996376633644104
1278,3.7,-6.3,13,Hero,0.5719706427592498,0.9176488541639768
1279,3.7,-6.3,13,Hero,0.6233484928424542,0.8955105646298482
1280,3.8000000000000007,-6.199999999999999,12,Hero,0.6097153946757317,0.9516963958740234
1281,4.2,-5.8,8,Hero,0.6864849478006363,0.9999990314245224
1282,3.7,-6.3,13,Hero,0.6025461153342173,0.995305020075578
1283,3.6000000000000005,-6.3999999999999995,14,Hero,0.5373985448053905,0.9996975958347321
1284,3.5,-6.5,15,Hero,0.6110101774334907,0.9999296545982361
1285,3.4000000000000004,-6.6,16,Hero,0.5760204084217548,0.9999420829117298
1286,3.7,-6.3,13,Hero,0.6820351320963639,0.8252720067707392
1287,-5.3,4.7,3,Villain,0.94645623366038,0.9811998407046
1288,3.6000000000000005,-6.3999999999999995,14,Hero,0.5497365572622844,0.9759205750056675
1289,3.8000000000000007,-6.199999999999999,12,Hero,0.5173655388255914,0.9616387983163198
1290,4.1000000000000005,-5.8999999999999995,9,Hero,0.8216923773288727,0.999974767367045
1291,-5.3999999999999995,4.6000000000000005,4,Villain,0.7081838082522154,0.8918989896774292
1292,4.4,-5.6,6,Hero,0.6959523955980936,0.9891383647918701
1293,3.8000000000000007,-6.199999999999999,12,Hero,0.5638825620214144,0.9211049973964691
1294,3.5,-6.5,15,Hero,0.5923468808333079,0.9789411862691243
1295,-5.1,4.9,1,Villain,0.4268108010292053,0.8739391565322876
1296,4.800000000000001,-5.199999999999999,2,Hero,0.6832706332206726,0.9999997615814209
1297,4.2,-5.8,8,Hero,0.5917432568967342,0.9993249699473381
1298,3.4000000000000004,-6.6,16,Hero,0.5907216416671872,0.9878727421164513
1299,3.5,-6.5,15,Hero,0.5324667235215504,0.9999993801116943
1300,3.9000000000000004,-6.1,11,Hero,0.5357277149503882,0.9999999133023348
1301,4.2,-5.8,8,Hero,0.5413708426058292,0.9999999105930328
1302,4.0,-6.0,10,Hero,0.5489495068788528,0.9999998450279236
1303,3.7,-6.3,13,Hero,0.5167865455150604,0.9999158611664405
1304,4.1000000000000005,-5.8999999999999995,9,Hero,0.582718249824312,0.999981575542026
1305,3.4000000000000004,-6.6,16,Hero,0.5006236210465431,0.9999893978238106
1306,3.8000000000000007,-6.199999999999999,12,Hero,0.6805266054968039,0.99999471505483
1307,3.6000000000000005,-6.3999999999999995,14,Hero,0.5854594132729939,0.9309966904776437
1308,4.5,-5.5,5,Hero,0.7096088051795959,0.9999999046325684
1309,-5.5,4.5,5,Villain,0.9782090187072754,0.9939232587814331
1310,3.8000000000000007,-6.199999999999999,12,Hero,0.6677343820532163,0.9996374944845835
1311,3.9000000000000004,-6.1,11,Hero,0.5259246907450936,0.9999850663271818
1312,2.9,-7.1,21,Hero,0.523841564144407,0.8739927829731078
1313,3.8000000000000007,-6.199999999999999,12,Hero,0.6508994984130064,0.9990048309167227
1314,3.9000000000000004,-6.1,11,Hero,0.6958653222430836,0.9782180894504894
1315,3.8000000000000007,-6.199999999999999,12,Hero,0.596012165149053,0.9978743642568588
1316,4.9,-5.1,1,Hero,0.8952346444129944,1.0
1317,4.4,-5.6,6,Hero,0.5698408534129461,0.9999976952870687
1318,4.7,-5.3,3,Hero,0.3802616099516551,0.999994953473409
1319,-5.5,4.5,5,Villain,0.6096382230520249,0.9589803338050842
1320,4.2,-5.8,8,Hero,0.7994814366102219,0.8857132233679295
1321,3.0999999999999996,-6.9,19,Hero,0.6728847277791876,0.9935399952687716
1322,1.1999999999999984,-8.8,38,Hero,0.6178069165172545,0.9656010957336739
1323,3.6000000000000005,-6.3999999999999995,14,Hero,0.7490496381485302,0.9999209983008248
1324,2.6999999999999997,-7.300000000000001,23,Hero,0.6545614460280732,0.9741462132205134
1325,4.5,-5.5,5,Hero,0.4932724267244339,0.999999213218689
1326,2.5999999999999996,-7.4,24,Hero,0.8118602186441422,0.9999996970097224
1327,1.0999999999999983,-8.900000000000002,39,Hero,0.8254873811816558,0.998831753547375
1328,3.6000000000000005,-6.3999999999999995,14,Hero,0.7237313953893525,0.999992847442627
1329,2.1999999999999993,-7.800000000000001,28,Hero,0.49818893275888904,0.9644486137798854
1330,1.899999999999999,-8.100000000000001,31,Hero,0.683334963456277,0.9959750694613303
1331,2.9,-7.1,21,Hero,0.7859409675002098,0.9994091107731774
1332,4.300000000000001,-5.699999999999999,7,Hero,0.41039251003946575,0.9999998978206089
1333,4.2,-5.8,8,Hero,0.5669469125568867,0.9999775439500809
1334,3.4000000000000004,-6.6,16,Hero,0.6217412380501628,0.9993218146264553
1335,2.6999999999999997,-7.300000000000001,23,Hero,0.6358283071414285,0.9873823886332305
1336,2.6999999999999997,-7.300000000000001,23,Hero,0.6006404543700425,0.980383504991946
1337,2.2999999999999994,-7.700000000000001,27,Hero,0.5335593404317344,0.8474017020176958
1338,4.800000000000001,-5.199999999999999,2,Hero,0.44844985008239746,0.9999998211860657
1339,3.9000000000000004,-6.1,11,Hero,0.6062946455362677,0.9999999566511675
1340,-5.3,4.7,3,Villain,0.6072448045015335,0.9979224801063538
1341,3.9000000000000004,-6.1,11,Hero,0.8092283057895574,0.9889979525045915
1342,3.7,-6.3,13,Hero,0.6694209658755705,0.9999998807907104
1343,3.6000000000000005,-6.3999999999999995,14,Hero,0.5115855506488255,0.996596234185355
1344,2.3999999999999995,-7.6000000000000005,26,Hero,0.6723922869333854,0.998168035195424
1345,4.9,-5.1,1,Hero,0.873531699180603,0.9999972581863403
1346,2.4999999999999996,-7.5,25,Hero,0.7640092277526855,0.9999994421005249
1347,3.4000000000000004,-6.6,16,Hero,0.5514283813536167,0.9463881962001324
1348,4.300000000000001,-5.699999999999999,7,Hero,0.5047342223780495,0.9999999489103045
1349,4.2,-5.8,8,Hero,0.8207482751458883,0.9999921470880508
1350,3.3,-6.7,17,Hero,0.6203424128539422,0.9965043628917021
1351,3.4000000000000004,-6.6,16,Hero,0.608352787559852,0.9815605133771896
1352,3.7,-6.3,13,Hero,0.5994226067112043,0.91730398297883
1353,4.0,-6.0,10,Hero,0.8148969739675522,0.9740946054458618
1354,4.2,-5.8,8,Hero,0.49560291320085526,0.9999964237213135
1355,4.1000000000000005,-5.8999999999999995,9,Hero,0.6910719126462936,0.9999999867545234
1356,3.5,-6.5,15,Hero,0.5927243987719218,0.9999994357426961
1357,4.0,-6.0,10,Hero,0.5638768374919891,0.9999995708465577
1358,3.0999999999999996,-6.9,19,Hero,0.5947231697408777,0.9598464275661268
1359,3.8000000000000007,-6.199999999999999,12,Hero,0.6499062006672224,0.9123419808844725
1360,3.6000000000000005,-6.3999999999999995,14,Hero,0.559012696146965,0.8573659850018365
1361,4.5,-5.5,5,Hero,0.8898904085159302,1.0
1362,3.4000000000000004,-6.6,16,Hero,0.709442294202745,0.9999670758843422
1363,4.5,-5.5,5,Hero,0.6610927581787109,0.9999994277954102
1364,4.2,-5.8,8,Hero,0.741306409239769,0.9987653866410255
1365,2.8,-7.2,22,Hero,0.4551880725405433,0.9605145224116065
1366,3.0999999999999996,-6.9,19,Hero,0.5703281760215759,0.9999986134077373
1367,3.4000000000000004,-6.6,16,Hero,0.5504410360008478,0.9315184624865651
1368,4.9,-5.1,1,Hero,0.7561028599739075,0.9999980926513672
1369,4.5,-5.5,5,Hero,0.538928234577179,1.0
1370,4.2,-5.8,8,Hero,0.9327977076172829,0.9983917772769928
1371,4.1000000000000005,-5.8999999999999995,9,Hero,0.48325780365202164,0.9999987814161513
1372,3.5,-6.5,15,Hero,0.6134823851287365,0.8863339424133301
1373,3.7,-6.3,13,Hero,0.5119664118840144,0.9259161840264614
1374,4.6000000000000005,-5.3999999999999995,4,Hero,0.5722454339265823,1.0
1375,4.2,-5.8,8,Hero,0.5353356562554836,0.9999999701976776
1376,4.7,-5.3,3,Hero,0.6029070814450582,0.9999994436899821
1377,3.6000000000000005,-6.3999999999999995,14,Hero,0.6104153564998082,0.9693037782396589
1378,3.9000000000000004,-6.1,11,Hero,0.6271146806803617,0.9710443886843595
1379,3.5,-6.5,15,Hero,0.5727017819881439,0.9043785651524862
1380,2.8,-7.2,22,Hero,0.5162302477137101,0.9394025921567597
1381,4.2,-5.8,8,Hero,0.8258909024298191,0.9997964724898338
1382,3.7,-6.3,13,Hero,0.6844209792593924,0.9908010822076064
1383,3.5,-6.5,15,Hero,0.5666836893496414,0.936093033850193
1384,-5.3999999999999995,4.6000000000000005,4,Villain,0.755563274025917,0.8045211955904961
1385,4.1000000000000005,-5.8999999999999995,9,Hero,0.5491481158468459,0.9999998013178507
1386,3.0,-7.0,20,Hero,0.4885829597711563,0.8638712260872126
1387,3.5,-6.5,15,Hero,0.5833281556765239,0.9559735894203186
1388,3.4000000000000004,-6.6,16,Hero,0.5344324996694922,0.9533588103950024
1389,3.7,-6.3,13,Hero,0.616925468811622,0.9998935736142672
1390,3.4000000000000004,-6.6,16,Hero,0.5448440131731331,0.9721132852137089
1391,-5.3,4.7,3,Villain,0.9299206535021464,0.5250602985421816
1392,3.0,-7.0,20,Hero,0.5135365106165409,0.8679431863129139
1393,4.0,-6.0,10,Hero,0.5973623737692833,0.966125077009201
1394,4.800000000000001,-5.199999999999999,2,Hero,0.8921211957931519,0.9999822974205017
1395,4.4,-5.6,6,Hero,0.5680454472700754,0.9999944965044657
1396,4.0,-6.0,10,Hero,0.7356455892324447,0.9786375820636749
1397,4.1000000000000005,-5.8999999999999995,9,Hero,0.813331127166748,0.9957264926698473
1398,4.0,-6.0,10,Hero,0.5041192054748536,0.9999991297721863
1399,3.7,-6.3,13,Hero,0.5140968862061317,0.9764969807404739
1400,4.4,-5.6,6,Hero,0.774959941705068,0.9999990860621134
1401,4.4,-5.6,6,Hero,0.6598997314771017,0.9964400331179301
1402,4.2,-5.8,8,Hero,0.5887055397033691,0.9999925941228867
1403,3.4000000000000004,-6.6,16,Hero,0.5331212896853685,0.9600646235048771
1404,4.7,-5.3,3,Hero,0.5843000610669454,0.9999994039535522
1405,4.2,-5.8,8,Hero,0.6409148313105106,0.9999796450138092
1406,3.7,-6.3,13,Hero,0.7115386048188577,0.9860493907561669
1407,3.8000000000000007,-6.199999999999999,12,Hero,0.663660199691852,0.9070928742488226
1408,4.1000000000000005,-5.8999999999999995,9,Hero,0.7151093251175351,0.9964773390028212
1409,3.7,-6.3,13,Hero,0.5310015265758221,0.9999997799213116
1410,4.800000000000001,-5.199999999999999,2,Hero,0.5517797768115997,1.0
1411,3.0,-7.0,20,Hero,0.5987098485231399,0.9722040444612503
1412,4.4,-5.6,6,Hero,0.5649022310972214,0.9999983112017313
1413,4.0,-6.0,10,Hero,0.7119487673044205,0.9048492997884751
1414,3.9000000000000004,-6.1,11,Hero,0.7200008007613096,0.9996529438278892
1415,4.300000000000001,-5.699999999999999,7,Hero,0.6450242080858776,0.999999965940203
1416,2.9,-7.1,21,Hero,0.5449348952443827,0.9140345738047645
1417,4.0,-6.0,10,Hero,0.8783181011676788,0.9900848269462585
1418,3.2,-6.8,18,Hero,0.5439097964101367,0.9617118984460831
1419,3.9000000000000004,-6.1,11,Hero,0.688343963839791,0.9994566874070601
1420,-5.5,4.5,5,Villain,0.2785781532526016,0.8675173163414002
1421,3.7,-6.3,13,Hero,0.606352740755448,0.9852504500975976
1422,2.5999999999999996,-7.4,24,Hero,0.4793433170998469,0.8625554228201509
1423,4.9,-5.1,1,Hero,0.9034009575843811,0.9999998807907104
1424,4.0,-6.0,10,Hero,0.8608223170042038,0.9120709359645843
1425,3.0999999999999996,-6.9,19,Hero,0.5653308427059337,0.9287023003164091
1426,3.0999999999999996,-6.9,19,Hero,0.6557480237985912,0.9300788672346818
1427,4.2,-5.8,8,Hero,0.7417830228805542,0.9999989718198776
1428,4.0,-6.0,10,Hero,0.5944794982671737,1.0
1429,4.0,-6.0,10,Hero,0.6341198891401291,0.9880225419998169
1430,4.0,-6.0,10,Hero,0.5065228775143623,0.999994158744812
1431,3.3,-6.7,17,Hero,0.51240955731448,0.9999082614393795
1432,3.4000000000000004,-6.6,16,Hero,0.5242134479340166,0.8836454637348652
1433,4.0,-6.0,10,Hero,0.6292557835578918,0.8927241027355194
1434,3.8000000000000007,-6.199999999999999,12,Hero,0.5545358657836914,0.9687694162130356
1435,3.8000000000000007,-6.199999999999999,12,Hero,0.5404230977098147,0.9968377749125162
1436,-5.699999999999999,4.300000000000001,7,Villain,0.8294206112623215,0.9999777248927525
1437,3.3,-6.7,17,Hero,0.549500048160553,0.9035522604689878
1438,2.9,-7.1,21,Hero,0.5642773849623544,0.9783062395595369
1439,3.9000000000000004,-6.1,11,Hero,0.5553626147183505,0.9987479502504523
1440,3.7,-6.3,13,Hero,0.5826661725743458,0.8840968108091217
1441,3.5,-6.5,15,Hero,0.6442304340812067,0.999999729792277
1442,4.0,-6.0,10,Hero,0.5512594014406205,0.9999940156936645
1443,2.8,-7.2,22,Hero,0.532325186512687,0.996883441101421
1444,3.6000000000000005,-6.3999999999999995,14,Hero,0.5226824879646301,0.9596373736858368
1445,3.6000000000000005,-6.3999999999999995,14,Hero,0.5183739385434559,0.947222888469696
1446,4.1000000000000005,-5.8999999999999995,9,Hero,0.8463597397009531,0.9905271331469218
1447,3.3,-6.7,17,Hero,0.568438454914619,0.9511982062283684
1448,-5.3999999999999995,4.6000000000000005,4,Villain,0.7350645810365677,0.9999941885471344
1449,-5.3999999999999995,4.6000000000000005,4,Villain,0.2815905977040529,0.9609230309724808
1450,3.9000000000000004,-6.1,11,Hero,0.7321441010995344,0.9200017181309786
1451,3.5,-6.5,15,Hero,0.5540480356973906,0.8322747111320495
1452,-6.0,4.0,10,Villain,0.57702896296978,0.9999999761581421
1453,3.4000000000000004,-6.6,16,Hero,0.5821459405124187,0.9897242709994316
1454,4.9,-5.1,1,Hero,0.08484183996915817,1.0
1455,4.300000000000001,-5.699999999999999,7,Hero,0.5874943648065839,0.9999975647245135
1456,3.4000000000000004,-6.6,16,Hero,0.621485265204683,0.91840392164886
1457,4.2,-5.8,8,Hero,0.6196757555007935,0.9242106899619102
1458,3.5,-6.5,15,Hero,0.566930960615476,0.9959755539894104
1459,4.0,-6.0,10,Hero,0.554238298535347,0.9988911211490631
1460,4.4,-5.6,6,Hero,0.8880536258220673,0.9940852224826813
1461,3.8000000000000007,-6.199999999999999,12,Hero,0.582719604174296,0.9233415474494299
1462,4.300000000000001,-5.699999999999999,7,Hero,0.5063301452568599,0.8542161551969392
1463,4.5,-5.5,5,Hero,0.8852431297302246,0.9999999523162841
1464,4.0,-6.0,10,Hero,0.6428292781114578,0.9999999642372132
1465,3.8000000000000007,-6.199999999999999,12,Hero,0.5369054798502475,0.8746433258056641
1466,3.8000000000000007,-6.199999999999999,12,Hero,0.5998346352328857,0.8798370808362961
1467,3.6000000000000005,-6.3999999999999995,14,Hero,0.5857649892568588,0.9580133599894387
1468,3.0999999999999996,-6.9,19,Hero,0.5686044332228208,0.9173804494111162
1469,4.7,-5.3,3,Hero,0.8096691370010376,0.9999998807907104
1470,-5.3999999999999995,4.6000000000000005,4,Villain,0.9856792986392975,0.9999567270278931
1471,4.4,-5.6,6,Hero,0.5857853889465332,0.999989648660024
1472,4.5,-5.5,5,Hero,0.5866720736026764,1.0
1473,3.6000000000000005,-6.3999999999999995,14,Hero,0.5608192533254623,0.9753380886146
1474,4.6000000000000005,-5.3999999999999995,4,Hero,0.556823194026947,1.0
1475,3.4000000000000004,-6.6,16,Hero,0.5724226422607899,0.9393703266978264
1476,3.7,-6.3,13,Hero,0.6820778640416952,0.8389013168903497
1477,3.4000000000000004,-6.6,16,Hero,0.6801690366119146,0.931242860853672
1478,3.2,-6.8,18,Hero,0.5435545403096411,0.8460953481909301
1479,3.5,-6.5,15,Hero,0.5205361525217692,0.9992520372072856
1480,3.5,-6.5,15,Hero,0.5144250551859538,0.9963976581891377
1481,4.2,-5.8,8,Hero,0.7622247077524662,0.999999389052391
1482,3.2,-6.8,18,Hero,0.5459006746403046,0.9233092686368359
1483,4.7,-5.3,3,Hero,0.948457400004069,0.9999997615814209
1484,4.6000000000000005,-5.3999999999999995,4,Hero,0.6380523964762688,0.9999982118606567
1485,3.7,-6.3,13,Hero,0.5843108021295987,0.96709072131377
1486,4.0,-6.0,10,Hero,0.614842313528061,0.9942997455596924
1487,3.7,-6.3,13,Hero,0.6002490520477295,0.9330370598114454
1488,3.2,-6.8,18,Hero,0.619683509071668,0.8796956671608819
1489,4.4,-5.6,6,Hero,0.5785176008939743,0.9265646636486053
1490,3.5,-6.5,15,Hero,0.6098753790060679,0.9560562968254089
1491,3.6000000000000005,-6.3999999999999995,14,Hero,0.5827497690916061,0.888378843665123
1492,-5.1,4.9,1,Villain,0.5819622278213501,0.999997615814209
1493,3.7,-6.3,13,Hero,0.5752581564279703,0.9275850286850562
1494,3.9000000000000004,-6.1,11,Hero,0.7251930846409365,0.8150137527422472
1495,3.8000000000000007,-6.199999999999999,12,Hero,0.6757785752415657,0.9999700138966242
1496,4.0,-6.0,10,Hero,0.6552354574203492,0.9964446246623992
1497,3.0999999999999996,-6.9,19,Hero,0.6089485444520649,0.988631734722539
1498,4.2,-5.8,8,Hero,0.6762410011142492,0.9293495081365108
1499,-5.3,4.7,3,Villain,0.39620708922545117,0.9919631282488505
1500,3.7,-6.3,13,Hero,0.5843226772088271,0.9999995690125686
1501,3.2,-6.8,18,Hero,0.6294491183426645,0.9999886949857076
1502,3.5,-6.5,15,Hero,0.676496022939682,0.9267158577839534
1503,4.4,-5.6,6,Hero,0.9500381747881571,0.9999698003133138
1504,4.4,-5.6,6,Hero,0.5623916983604431,0.9999884168306986
1505,2.4999999999999996,-7.5,25,Hero,0.6726917171478272,0.9343016278743744
1506,3.4000000000000004,-6.6,16,Hero,0.5692572183907032,0.9999983087182045
1507,4.300000000000001,-5.699999999999999,7,Hero,0.5106096139975956,0.9999234591211591
1508,3.9000000000000004,-6.1,11,Hero,0.5246260111982172,0.9999999674883756
1509,4.5,-5.5,5,Hero,0.7713971540331841,0.9999505877494812
1510,4.0,-6.0,10,Hero,0.49608034193515776,0.9999745309352874
1511,4.6000000000000005,-5.3999999999999995,4,Hero,0.6919698342680931,0.9998508840799332
1512,4.5,-5.5,5,Hero,0.6054455295205117,0.9999999523162841
1513,3.6000000000000005,-6.3999999999999995,14,Hero,0.5471749965633664,0.9207551372902734
1514,4.9,-5.1,1,Hero,0.989648699760437,1.0
1515,-5.199999999999999,4.800000000000001,2,Villain,0.5624724328517914,0.9999997615814209
1516,4.4,-5.6,6,Hero,0.6541225214799246,0.9999389052391052
1517,3.5,-6.5,15,Hero,0.5512736956278483,0.9999999125798543
1518,4.9,-5.1,1,Hero,0.2786480784416199,1.0
1519,3.0999999999999996,-6.9,19,Hero,0.50972645278824,0.8365732964716459
1520,4.0,-6.0,10,Hero,0.8380141854286194,0.9653705775737762
1521,4.1000000000000005,-5.8999999999999995,9,Hero,0.5673653152253892,0.9999810987048678
1522,4.4,-5.6,6,Hero,0.7322281002998352,0.9915753503640493
1523,4.6000000000000005,-5.3999999999999995,4,Hero,0.7076169848442078,0.9999707639217377
1524,4.4,-5.6,6,Hero,0.6331658264001211,0.9998226960500082
1525,-5.8,4.2,8,Villain,0.5557058453559875,0.9999642744660378
1526,4.9,-5.1,1,Hero,0.7976226806640625,1.0
1527,4.0,-6.0,10,Hero,0.6612958461046219,0.9999946355819702
1528,-5.1,4.9,1,Villain,0.4404706358909607,0.999411940574646
1529,-5.3,4.7,3,Villain,0.656461238861084,0.9999836285909017
1530,4.2,-5.8,8,Hero,0.715086504817009,0.999998927116394
1531,3.8000000000000007,-6.199999999999999,12,Hero,0.6349392314441502,0.8800985316435496
1532,-5.1,4.9,1,Villain,0.35917744040489197,0.8482592701911926
1533,3.4000000000000004,-6.6,16,Hero,0.6049824524670839,0.9353105733753182
1534,2.4999999999999996,-7.5,25,Hero,0.6400426352024078,0.9976569080352783
1535,2.8,-7.2,22,Hero,0.7804281515153971,0.9485779783942483
1536,-5.199999999999999,4.800000000000001,2,Villain,0.9942516982555389,0.9999685883522034
1537,4.7,-5.3,3,Hero,0.6497582991917928,0.9999995628992716
1538,2.8,-7.2,22,Hero,0.5673885333923284,0.9095437337051738
1539,2.9,-7.1,21,Hero,0.6677161767369225,0.9583177864551544
1540,4.7,-5.3,3,Hero,0.6284551421801249,0.9999999602635702
1541,-6.1,3.9000000000000004,11,Villain,0.36500976370139554,0.7982728323814544
1542,-5.3999999999999995,4.6000000000000005,4,Villain,0.9875117689371109,0.6590024083852768
1543,3.8000000000000007,-6.199999999999999,12,Hero,0.8877170576403538,0.8996600111325582
1544,-5.5,4.5,5,Villain,0.9409254312515258,0.9694245815277099
1545,4.1000000000000005,-5.8999999999999995,9,Hero,0.9861779742770724,0.9954228334956698
1546,3.5,-6.5,15,Hero,0.6482922951380412,0.960812771320343
1547,4.1000000000000005,-5.8999999999999995,9,Hero,0.7433763684497939,0.9999684691429138
1548,3.0,-7.0,20,Hero,0.6978841878473758,0.881590337306261
1549,3.2,-6.8,18,Hero,0.8517349345816506,0.9990232321951125
1550,4.5,-5.5,5,Hero,0.6142074048519135,0.9743815779685974
1551,3.4000000000000004,-6.6,16,Hero,0.5335972309112549,0.9118971917778254
1552,2.099999999999999,-7.9,29,Hero,0.6437985907340872,0.8643377575268648
1553,2.8,-7.2,22,Hero,0.5069348795170133,0.9408733668652448
1554,3.8000000000000007,-6.199999999999999,12,Hero,0.7875725744913021,0.9896090428034464
1555,4.4,-5.6,6,Hero,0.6502529047429562,0.9998930096626282
1556,-5.3999999999999995,4.6000000000000005,4,Villain,0.9034898430109024,0.6031742380000651
1557,3.9000000000000004,-6.1,11,Hero,0.5184494663368572,0.8780013864690607
1558,3.5,-6.5,15,Hero,0.5968376219272613,0.9363403677940368
1559,4.5,-5.5,5,Hero,0.9511766195297241,0.9999700784683228
1560,2.5999999999999996,-7.4,24,Hero,0.5394844368759854,0.9428686465447148
1561,2.5999999999999996,-7.4,24,Hero,0.6889240687984662,0.9465426678458849
1562,4.5,-5.5,5,Hero,0.6303795874118805,0.9999969244003296
1563,3.9000000000000004,-6.1,11,Hero,0.7085939591581171,0.9946366873654452
1564,3.9000000000000004,-6.1,11,Hero,0.6608235348354686,0.955762884833596
1565,4.2,-5.8,8,Hero,0.8522227061912417,0.89273901283741
1566,3.9000000000000004,-6.1,11,Hero,0.822043551640077,0.7943824936043132
1567,4.300000000000001,-5.699999999999999,7,Hero,0.7695900925568172,0.9999994209834507
1568,3.8000000000000007,-6.199999999999999,12,Hero,0.7648254682620367,0.7265005481118957
1569,2.4999999999999996,-7.5,25,Hero,0.48896116241812704,0.8533754044771195
1570,-5.8999999999999995,4.1000000000000005,9,Villain,0.28918340905672973,0.7714556786749098
1571,4.1000000000000005,-5.8999999999999995,9,Hero,0.8250835521353616,0.9998587833510505
1572,2.8,-7.2,22,Hero,0.5178189292042092,0.891339090060104
1573,3.0,-7.0,20,Hero,0.7583702184259892,0.9538390517234803
1574,3.6000000000000005,-6.3999999999999995,14,Hero,0.6453451045921871,0.9859672273908343
1575,4.2,-5.8,8,Hero,0.6398741267621517,0.9998396039009094
1576,3.7,-6.3,13,Hero,0.557583572772833,0.9273184325832587
1577,-5.3,4.7,3,Villain,0.9731535712877909,0.9998482664426168
1578,3.0999999999999996,-6.9,19,Hero,0.4951534342805022,0.837881506273621
1579,-5.3,4.7,3,Villain,0.8941344221433004,0.7234487732251486
1580,4.4,-5.6,6,Hero,0.7608073651790619,0.9999887148539225
1581,3.3,-6.7,17,Hero,0.5147584374336636,0.9424820910481846
1582,3.0999999999999996,-6.9,19,Hero,0.5426634071688903,0.896426122439535
1583,3.3,-6.7,17,Hero,0.6400624843697775,0.9367491918451646
1584,3.6000000000000005,-6.3999999999999995,14,Hero,0.5724644426788602,0.9029672188418252
1585,3.4000000000000004,-6.6,16,Hero,0.5916125141084194,0.99994782730937
1586,4.0,-6.0,10,Hero,0.5715317144989968,0.99999018907547
1587,4.7,-5.3,3,Hero,0.5763203501701355,0.999999205271403
1588,3.8000000000000007,-6.199999999999999,12,Hero,0.5710939374791147,0.9965562621752421
1589,4.7,-5.3,3,Hero,0.9173989693323771,0.9999997615814209
1590,4.300000000000001,-5.699999999999999,7,Hero,0.8534861994641167,0.999766434941973
1591,4.4,-5.6,6,Hero,0.5223811517159144,1.0
1592,3.0,-7.0,20,Hero,0.6442879527807236,0.9611008495092392
1593,4.2,-5.8,8,Hero,0.517933439463377,0.996374137699604
1594,4.800000000000001,-5.199999999999999,2,Hero,0.5549474954605103,1.0
1595,4.7,-5.3,3,Hero,0.42524075011412305,0.9999999205271403
1596,4.300000000000001,-5.699999999999999,7,Hero,0.7555825901882989,0.9999736377171108
1597,4.1000000000000005,-5.8999999999999995,9,Hero,0.7456403954161538,0.9993634025255839
1598,3.6000000000000005,-6.3999999999999995,14,Hero,0.7209846441234861,0.9979841879435948
1599,1.899999999999999,-8.100000000000001,31,Hero,0.48187839251852804,0.917561371480265
1600,3.4000000000000004,-6.6,16,Hero,0.5759323490783572,0.9004069184884429
1601,3.3,-6.7,17,Hero,0.6817666888237,0.9128642678260803
1602,3.3,-6.7,17,Hero,0.5535003676572267,0.9837929921991685
1603,3.6000000000000005,-6.3999999999999995,14,Hero,0.5537925294733473,0.9187587619360004
1604,-6.3999999999999995,3.6000000000000005,14,Villain,0.3511135700557913,0.739067086151668
1605,3.8000000000000007,-6.199999999999999,12,Hero,0.5356061949084202,0.9335306311647097
1606,4.300000000000001,-5.699999999999999,7,Hero,0.7096540204116276,0.9840394088200161
1607,3.4000000000000004,-6.6,16,Hero,0.7955435859039426,0.9957726262509823
1608,4.5,-5.5,5,Hero,0.7075545519590378,0.9999999761581421
1609,4.2,-5.8,8,Hero,0.5507960226386786,0.9999906271696091
1610,4.1000000000000005,-5.8999999999999995,9,Hero,0.6410577413108614,0.9999999602635702
1611,4.1000000000000005,-5.8999999999999995,9,Hero,0.5772344701819949,0.9803599980142381
1612,3.8000000000000007,-6.199999999999999,12,Hero,0.5993966534733772,0.9608225772778193
1613,3.7,-6.3,13,Hero,0.7739932582928584,0.867918440928826
1614,4.0,-6.0,10,Hero,0.6478209555149078,0.9999998450279236
1615,4.800000000000001,-5.199999999999999,2,Hero,0.8627023100852966,0.9999993443489075
1616,3.5,-6.5,15,Hero,0.5586166779200236,0.9495698571205139
1617,4.800000000000001,-5.199999999999999,2,Hero,0.5906298756599426,0.9999998211860657
1618,3.3,-6.7,17,Hero,0.7199664939852322,0.9975894409067491
1619,2.9,-7.1,21,Hero,0.5434552847374496,0.970885728086744
1620,4.300000000000001,-5.699999999999999,7,Hero,0.7831014352185386,0.9813636030469622
1621,4.1000000000000005,-5.8999999999999995,9,Hero,0.7206227282683054,0.9999938408533732
1622,3.8000000000000007,-6.199999999999999,12,Hero,0.6267138309776783,0.9137226740519205
1623,4.300000000000001,-5.699999999999999,7,Hero,0.5663087410586221,0.999992915562221
1624,4.1000000000000005,-5.8999999999999995,9,Hero,0.5914957291550107,1.0
1625,3.7,-6.3,13,Hero,0.6751246658655313,0.8931000467676383
1626,3.9000000000000004,-6.1,11,Hero,0.7114339267665689,0.8169070692224936
1627,2.4999999999999996,-7.5,25,Hero,0.5813436108827591,0.9234872424602508
1628,3.5,-6.5,15,Hero,0.631444551050663,0.9936210910479227
1629,3.5,-6.5,15,Hero,0.6640908747911454,0.9464800874392192
1630,2.8,-7.2,22,Hero,0.5027357190847397,0.9474732984196056
1631,3.9000000000000004,-6.1,11,Hero,0.7129733264446259,0.9592515609481118
1632,3.5,-6.5,15,Hero,0.55680403051277,0.9886382261912028
1633,4.1000000000000005,-5.8999999999999995,9,Hero,0.7603172808885574,0.999676783879598
1634,-5.3999999999999995,4.6000000000000005,4,Villain,0.4109785850159824,0.9995684921741486
1635,4.1000000000000005,-5.8999999999999995,9,Hero,0.7359891268942091,0.8374390419986513
1636,4.0,-6.0,10,Hero,0.5739540189504624,0.9839118123054504
1637,3.5,-6.5,15,Hero,0.5604338566462199,0.9037400553623836
1638,-6.199999999999999,3.8000000000000007,12,Villain,0.4451614711433649,0.8331611156463623
1639,2.9,-7.1,21,Hero,0.5412369005027271,0.8435042851737568
1640,4.9,-5.1,1,Hero,0.9708643555641174,1.0
1641,3.5,-6.5,15,Hero,0.5046754136681557,0.8012608110904693
1642,4.1000000000000005,-5.8999999999999995,9,Hero,0.5671562966373231,0.999960912598504
1643,3.0999999999999996,-6.9,19,Hero,0.6350933815303602,0.991005329709304
1644,3.5,-6.5,15,Hero,0.7320213188727697,0.9002403455475966
1645,2.8,-7.2,22,Hero,0.5275771245995368,0.9547628570686687
1646,4.300000000000001,-5.699999999999999,7,Hero,0.6784800056900296,0.9999994720731463
1647,4.7,-5.3,3,Hero,0.6935435732205709,0.999999483426412
1648,3.5,-6.5,15,Hero,0.5590203973154227,0.8899269849061966
1649,3.8000000000000007,-6.199999999999999,12,Hero,0.6183939936260382,0.9199977368116379
1650,3.9000000000000004,-6.1,11,Hero,0.5523516264828768,0.812907796014439
1651,4.6000000000000005,-5.3999999999999995,4,Hero,0.6931788176298141,1.0
1652,4.4,-5.6,6,Hero,0.6245169142882029,0.9999800125757853
1653,4.2,-5.8,8,Hero,0.7865098342299461,0.9999995827674866
1654,4.2,-5.8,8,Hero,0.6883375346660614,1.0
1655,-5.8,4.2,8,Villain,0.843368315603584,1.0
1656,3.8000000000000007,-6.199999999999999,12,Hero,0.584135872622331,0.9951979716618856
1657,3.9000000000000004,-6.1,11,Hero,0.542766497893767,0.8732131557031111
1658,3.0999999999999996,-6.9,19,Hero,0.5525393031145397,0.9623500736136186
1659,4.4,-5.6,6,Hero,0.5301750401655833,0.9994273583094279
1660,4.1000000000000005,-5.8999999999999995,9,Hero,0.5498008612129424,0.8805765079127418
1661,-5.8999999999999995,4.1000000000000005,9,Villain,0.4762666200598081,0.6878699436783791
1662,4.800000000000001,-5.199999999999999,2,Hero,0.49961617588996887,0.9999971389770508
1663,3.4000000000000004,-6.6,16,Hero,0.5621119886636734,0.9799752980470657
1664,3.6000000000000005,-6.3999999999999995,14,Hero,0.5538985675999096,0.9918079801968166
1665,4.0,-6.0,10,Hero,0.5439797803759575,0.9839108347892761
1666,3.6000000000000005,-6.3999999999999995,14,Hero,0.6989974422114236,0.9630882484572274
1667,-5.3999999999999995,4.6000000000000005,4,Villain,0.5363052636384964,0.9999990165233612
1668,-5.6,4.4,6,Villain,0.9801727135976156,0.9999295671780905
1669,4.6000000000000005,-5.3999999999999995,4,Hero,0.7865314036607742,0.9795851111412048
1670,4.6000000000000005,-5.3999999999999995,4,Hero,0.6269135475158691,0.8809456378221512
1671,4.4,-5.6,6,Hero,0.7798585643370947,0.853512030094862
1672,3.9000000000000004,-6.1,11,Hero,0.6119185388088226,0.9999972581863403
1673,4.6000000000000005,-5.3999999999999995,4,Hero,0.6689767241477966,0.9999777972698212
1674,4.9,-5.1,1,Hero,0.5236784219741821,0.9999982118606567
1675,3.5,-6.5,15,Hero,0.595083995660146,0.904167632261912
1676,4.2,-5.8,8,Hero,0.5676563307642937,0.9987683221697807
1677,3.7,-6.3,13,Hero,0.6079874749367054,0.920617666382056
1678,3.0999999999999996,-6.9,19,Hero,0.5919713228940964,0.9571407656920584
1679,3.8000000000000007,-6.199999999999999,12,Hero,0.6205739602446556,0.9047594765822092
1680,4.2,-5.8,8,Hero,0.6329507827758789,0.9999975711107254
1681,3.7,-6.3,13,Hero,0.657544341798012,0.8650538210685437
1682,4.300000000000001,-5.699999999999999,7,Hero,0.670984046799796,0.9998589072908673
1683,-5.6,4.4,6,Villain,0.5565274655818939,0.9999997615814209
1684,4.6000000000000005,-5.3999999999999995,4,Hero,0.5936825722455978,0.9999988377094269
1685,-5.3,4.7,3,Villain,0.432696633040905,0.9999862511952718
1686,2.6999999999999997,-7.300000000000001,23,Hero,0.49317033459310944,0.8239315343291863
1687,3.7,-6.3,13,Hero,0.584930603320782,0.9685993515528165
1688,3.9000000000000004,-6.1,11,Hero,0.6162007234313271,0.9585843086242676
1689,4.6000000000000005,-5.3999999999999995,4,Hero,0.5455609560012817,1.0
1690,4.5,-5.5,5,Hero,0.6418777346611023,0.9999995708465577
1691,3.9000000000000004,-6.1,11,Hero,0.6098636470057748,0.8631908216259696
1692,4.800000000000001,-5.199999999999999,2,Hero,0.9914999306201935,1.0
1693,3.9000000000000004,-6.1,11,Hero,0.711864866993644,0.9599567272446372
1694,4.300000000000001,-5.699999999999999,7,Hero,0.6971349588462284,0.9932455335344587
1695,3.3,-6.7,17,Hero,0.5317499944392372,0.9276431097703821
1696,3.4000000000000004,-6.6,16,Hero,0.5091747008264065,0.9999915957450867
1697,3.2,-6.8,18,Hero,0.7273791090895733,0.9999991059303284
1698,-5.8,4.2,8,Villain,0.590840432792902,0.9844959303736687
1699,3.9000000000000004,-6.1,11,Hero,0.6576306359334425,0.9999996857209639
1700,4.300000000000001,-5.699999999999999,7,Hero,0.9055173567363194,0.9940080302102225
1701,4.5,-5.5,5,Hero,0.6735241889953614,1.0
1702,3.7,-6.3,13,Hero,0.5882072127782382,0.9304656844872695
1703,4.0,-6.0,10,Hero,0.5932412981987,0.9447750955820083
1704,-5.1,4.9,1,Villain,0.894073486328125,0.999988317489624
1705,4.6000000000000005,-5.3999999999999995,4,Hero,0.7395678348839283,1.0
1706,4.4,-5.6,6,Hero,0.49926312019427616,0.999999980131785
1707,4.2,-5.8,8,Hero,0.6973368972539902,1.0
1708,4.300000000000001,-5.699999999999999,7,Hero,0.5788976550102234,0.999821126461029
1709,3.4000000000000004,-6.6,16,Hero,0.5648481473326683,0.8861528784036636
1710,4.6000000000000005,-5.3999999999999995,4,Hero,0.5529038608074188,0.9999980032444
1711,4.2,-5.8,8,Hero,0.6521704215556383,0.9999990016222
1712,3.0,-7.0,20,Hero,0.5993369799572974,0.9501871101558208
1713,3.2,-6.8,18,Hero,0.4951890947090255,0.9999999602635702
1714,4.2,-5.8,8,Hero,0.601131446659565,0.9999998211860657
1715,4.2,-5.8,8,Hero,0.5819291584193707,0.9855209589004517
1716,4.6000000000000005,-5.3999999999999995,4,Hero,0.8387235552072525,0.9999971985816956
1717,4.0,-6.0,10,Hero,0.49307580590248107,0.9941826403141022
1718,-5.5,4.5,5,Villain,0.5842076301574707,0.999998140335083
1719,3.5,-6.5,15,Hero,0.6190895895163219,0.902363125483195
1720,4.1000000000000005,-5.8999999999999995,9,Hero,0.5006568663650088,0.9945507579379611
1721,3.6000000000000005,-6.3999999999999995,14,Hero,0.6249633303710392,0.9487972962004798
1722,4.0,-6.0,10,Hero,0.6860674768686295,0.9237913697957992
1723,4.300000000000001,-5.699999999999999,7,Hero,0.5173644721508026,1.0
1724,3.6000000000000005,-6.3999999999999995,14,Hero,0.5592818175043378,0.9605593298162732
1725,3.7,-6.3,13,Hero,0.6578335326451522,0.960615689937885
1726,4.4,-5.6,6,Hero,0.6498005936543146,0.9999999602635702
1727,3.7,-6.3,13,Hero,0.5784213336614462,0.8678264319896698
1728,3.3,-6.7,17,Hero,0.6062793223296895,0.9924463664784151
1729,4.1000000000000005,-5.8999999999999995,9,Hero,0.602384563949373,0.9999982251061333
1730,3.9000000000000004,-6.1,11,Hero,0.6508044654672797,0.9999029961499301
1731,3.9000000000000004,-6.1,11,Hero,0.6385761634870009,0.9986750971187245
1732,3.6000000000000005,-6.3999999999999995,14,Hero,0.5708543338945934,0.9560391519750867
1733,4.1000000000000005,-5.8999999999999995,9,Hero,0.6386692954434289,0.9999928606881036
1734,3.3,-6.7,17,Hero,0.6354958145221805,0.9075787908890668
1735,3.9000000000000004,-6.1,11,Hero,0.7531984123316678,0.9999459440057928
1736,4.6000000000000005,-5.3999999999999995,4,Hero,0.6247677952051163,0.9999979138374329
1737,3.4000000000000004,-6.6,16,Hero,0.6837651319801807,0.9064007658744231
1738,4.7,-5.3,3,Hero,0.8918560942014059,0.9999999602635702
1739,4.4,-5.6,6,Hero,0.5799801597992579,1.0
1740,3.8000000000000007,-6.199999999999999,12,Hero,0.6245792582631111,0.8994927306969961
1741,4.1000000000000005,-5.8999999999999995,9,Hero,0.800869041432937,0.9999998807907104
1742,3.7,-6.3,13,Hero,0.5624204300917112,0.9409802556037903
1743,4.0,-6.0,10,Hero,0.6634698566049337,0.9999999523162841
1744,3.8000000000000007,-6.199999999999999,12,Hero,0.6335111384590467,0.940465067823728
1745,-5.6,4.4,6,Villain,0.5117466747760773,1.0
1746,3.6000000000000005,-6.3999999999999995,14,Hero,0.5157372398035867,0.9591613284179142
1747,3.9000000000000004,-6.1,11,Hero,0.5894451290369034,0.9453727386214517
1748,4.5,-5.5,5,Hero,0.5518732786178588,0.999731981754303
1749,3.3,-6.7,17,Hero,0.5525900423526764,0.9056509145919014
1750,2.4999999999999996,-7.5,25,Hero,0.5210103149712085,0.9456861400604248
1751,4.4,-5.6,6,Hero,0.6373003919919332,1.0
1752,3.0,-7.0,20,Hero,0.562051796913147,0.9665374636650086
1753,3.4000000000000004,-6.6,16,Hero,0.6406726092100143,0.9997569173574448
1754,4.5,-5.5,5,Hero,0.5017758131027221,1.0
1755,4.5,-5.5,5,Hero,0.8507704138755798,1.0
1756,4.2,-5.8,8,Hero,0.5303013995289803,0.9999075457453728
1757,-5.3999999999999995,4.6000000000000005,4,Villain,0.9962408691644669,0.9999958276748657
1758,4.4,-5.6,6,Hero,0.5495010713736216,1.0
1759,2.6999999999999997,-7.300000000000001,23,Hero,0.6248608257459558,0.9431816728218742
1760,2.8,-7.2,22,Hero,0.5824000374837355,0.9801443002440713
1761,4.2,-5.8,8,Hero,0.4503511153161526,1.0
1762,4.7,-5.3,3,Hero,0.6310962041219076,1.0
1763,3.8000000000000007,-6.199999999999999,12,Hero,0.5853886244197687,0.9998400459686915
1764,3.3,-6.7,17,Hero,0.525700965348412,0.9853816488209892
1765,4.4,-5.6,6,Hero,0.8286443824569384,0.9999993642171224
1766,4.0,-6.0,10,Hero,0.7418600648641587,0.851683434844017
1767,3.7,-6.3,13,Hero,0.569272939975445,0.8988518256407517
1768,3.3,-6.7,17,Hero,0.6534672414555269,0.9019187574877459
1769,3.0999999999999996,-6.9,19,Hero,0.6805724831003892,0.9904722132180867
1770,3.7,-6.3,13,Hero,0.5992478590745193,0.9746161561745864
1771,4.1000000000000005,-5.8999999999999995,9,Hero,0.5704657004939185,0.9999976555506388
1772,3.7,-6.3,13,Hero,0.5079999382679279,0.9427394247972049
1773,4.5,-5.5,5,Hero,0.5909152626991272,0.9999999523162841
1774,3.6000000000000005,-6.3999999999999995,14,Hero,0.5428751824157578,0.9445143852915082
1775,4.0,-6.0,10,Hero,0.606240576505661,0.9999874472618103
1776,3.0999999999999996,-6.9,19,Hero,0.5568765788093993,0.9690791588080557
1777,3.8000000000000007,-6.199999999999999,12,Hero,0.6404955089092255,0.993691106637319
1778,3.5,-6.5,15,Hero,0.6696163237094879,0.9414159079392751
1779,2.8,-7.2,22,Hero,0.48734883151271124,0.8928704966198314
1780,4.0,-6.0,10,Hero,0.6882605284452439,0.9999856948852539
1781,3.7,-6.3,13,Hero,0.48322445383438695,0.9942280054092407
1782,4.300000000000001,-5.699999999999999,7,Hero,0.5636595061847142,1.0
1783,4.300000000000001,-5.699999999999999,7,Hero,0.9089395318712506,0.9998917494501386
1784,4.300000000000001,-5.699999999999999,7,Hero,0.6794219017028809,0.9999874830245972
1785,4.2,-5.8,8,Hero,0.7556428462266922,0.9669509679079056
1786,4.2,-5.8,8,Hero,0.6928984597325325,0.8558077830821276
1787,3.5,-6.5,15,Hero,0.5356760442256927,0.9994486927986145
1788,4.0,-6.0,10,Hero,0.644535981118679,0.9999999642372132
1789,3.4000000000000004,-6.6,16,Hero,0.5435481942258775,0.9474291801452637
1790,4.0,-6.0,10,Hero,0.5505734711885453,0.9993448913097381
1791,3.7,-6.3,13,Hero,0.5314624802424357,0.9999999449803278
1792,3.8000000000000007,-6.199999999999999,12,Hero,0.5972094982862473,0.9935322950283686
1793,-5.6,4.4,6,Villain,0.7952974357952675,0.9999926686286926
1794,4.1000000000000005,-5.8999999999999995,9,Hero,0.5412166946464114,0.9885333511564467
1795,3.5,-6.5,15,Hero,0.6555755088726679,0.9445037563641866
1796,3.7,-6.3,13,Hero,0.5316495597362518,0.914147327725704
1797,3.9000000000000004,-6.1,11,Hero,0.6180896325544878,0.9999998699535023
1798,3.6000000000000005,-6.3999999999999995,14,Hero,0.6413663838590894,0.9049017706087658
1799,3.6000000000000005,-6.3999999999999995,14,Hero,0.6082487723657063,0.8924686653273446
1800,4.1000000000000005,-5.8999999999999995,9,Hero,0.6267045934995016,0.9995909200774299
1801,4.6000000000000005,-5.3999999999999995,4,Hero,0.5643320530653,1.0
1802,3.5,-6.5,15,Hero,0.5776742577552796,0.947070840994517
1803,3.9000000000000004,-6.1,11,Hero,0.6403870745138689,0.9832841212099249
1804,3.8000000000000007,-6.199999999999999,12,Hero,0.5858697071671486,0.9860026985406876
1805,4.2,-5.8,8,Hero,0.6886493638157845,0.9999997764825821
1806,4.2,-5.8,8,Hero,0.6306844055652618,0.9999905824661255
1807,3.5,-6.5,15,Hero,0.6593557496865591,0.9348631759484609
1808,3.6000000000000005,-6.3999999999999995,14,Hero,0.5859452416854245,0.8872790634632111
1809,3.8000000000000007,-6.199999999999999,12,Hero,0.7050980540613333,0.9998571674029032
1810,3.8000000000000007,-6.199999999999999,12,Hero,0.527413010597229,0.9898642102877299
1811,3.6000000000000005,-6.3999999999999995,14,Hero,0.5844552091189793,0.9995715405259814
1812,3.7,-6.3,13,Hero,0.5593578397081449,0.8638455718755722
1813,4.4,-5.6,6,Hero,0.607638344168663,0.9986936151981354
1814,4.2,-5.8,8,Hero,0.8791095092892647,0.9999999552965164
1815,4.4,-5.6,6,Hero,0.7792462594807148,0.9999974370002747
1816,4.9,-5.1,1,Hero,0.7418884038925171,1.0
1817,4.5,-5.5,5,Hero,0.5559846520423889,0.9999994993209839
1818,3.3,-6.7,17,Hero,0.5683443918824196,0.9933281716178445
1819,3.9000000000000004,-6.1,11,Hero,0.7508947090669111,0.9999227740547874
1820,4.6000000000000005,-5.3999999999999995,4,Hero,0.6843667924404144,0.9999197125434875
1821,3.5,-6.5,15,Hero,0.5764791329701742,0.9187435189882914
1822,4.1000000000000005,-5.8999999999999995,9,Hero,0.8100550671418508,0.9594254824850295
1823,4.6000000000000005,-5.3999999999999995,4,Hero,0.6436615958809853,0.9999972879886627
1824,4.9,-5.1,1,Hero,0.2912862002849579,1.0
1825,3.4000000000000004,-6.6,16,Hero,0.577139038592577,0.8758410401642323
1826,3.4000000000000004,-6.6,16,Hero,0.595447352156043,0.9682177118957043
1827,3.9000000000000004,-6.1,11,Hero,0.6620579808950424,0.9174777459014546
1828,4.7,-5.3,3,Hero,0.6609345227479935,1.0
1829,3.7,-6.3,13,Hero,0.6557711041890658,0.9494889263923352
1830,4.300000000000001,-5.699999999999999,7,Hero,0.6363344618252346,0.9999937670571464
1831,-5.3999999999999995,4.6000000000000005,4,Villain,0.98253133893013,0.999958872795105
1832,4.300000000000001,-5.699999999999999,7,Hero,0.5686369282858712,1.0
1833,3.5,-6.5,15,Hero,0.6648205498854319,0.9951589028040568
1834,4.0,-6.0,10,Hero,0.5594236329197884,0.9287719368934632
1835,3.8000000000000007,-6.199999999999999,12,Hero,0.6077608242630959,0.9042824779947599
1836,4.300000000000001,-5.699999999999999,7,Hero,0.8279700492109571,0.9999993528638568
1837,4.4,-5.6,6,Hero,0.5708970601360003,1.0
1838,2.8,-7.2,22,Hero,0.47387792881239543,0.8977644450285218
1839,-5.699999999999999,4.300000000000001,7,Villain,0.8128181757139308,0.999999829701015
1840,3.3,-6.7,17,Hero,0.5715595466249129,0.8798627292408663
1841,3.9000000000000004,-6.1,11,Hero,0.7158511524850671,0.9999998374418779
1842,4.0,-6.0,10,Hero,0.5751778170466423,0.9999698638916016
1843,4.2,-5.8,8,Hero,0.587486520409584,1.0
1844,3.5,-6.5,15,Hero,0.6304761906464894,0.9248748779296875
1845,4.4,-5.6,6,Hero,0.777960533897082,0.999999463558197
1846,4.2,-5.8,8,Hero,0.6831587702035904,0.9996860176324844
1847,4.5,-5.5,5,Hero,0.9082141995429993,0.9999794244766236
1848,3.8000000000000007,-6.199999999999999,12,Hero,0.5722642069061598,0.999909445643425
1849,4.300000000000001,-5.699999999999999,7,Hero,0.7276428597314017,0.9998777764184135
1850,3.4000000000000004,-6.6,16,Hero,0.5131628848612309,0.9986214637756348
1851,-5.5,4.5,5,Villain,0.3482113301753998,0.8942534685134887
1852,3.3,-6.7,17,Hero,0.550173407091814,0.916163526913699
1853,4.2,-5.8,8,Hero,0.6355304103344679,0.9999961704015732
1854,4.800000000000001,-5.199999999999999,2,Hero,0.6164157390594482,1.0
1855,4.6000000000000005,-5.3999999999999995,4,Hero,0.7297634426504374,0.9999999701976776
1856,4.0,-6.0,10,Hero,0.5854442417621613,0.9999999880790711
1857,3.9000000000000004,-6.1,11,Hero,0.6253266449679028,0.9999182603575967
1858,3.3,-6.7,17,Hero,0.5396085644469542,0.987915344098035
1859,4.0,-6.0,10,Hero,0.6229136258363723,0.9999998211860657
1860,4.0,-6.0,10,Hero,0.7785410612821579,0.999907261133194
1861,4.300000000000001,-5.699999999999999,7,Hero,0.5818009078502655,0.9999991825648716
1862,4.2,-5.8,8,Hero,0.6970746489241719,0.9407401531934738
1863,4.5,-5.5,5,Hero,0.7753631114959717,0.9999999761581421
1864,3.7,-6.3,13,Hero,0.5531953985874469,0.9947399130234351
1865,3.2,-6.8,18,Hero,0.6155212836133109,0.8734074897236295
1866,3.7,-6.3,13,Hero,0.7385242214569678,0.9311894545188317
1867,3.9000000000000004,-6.1,11,Hero,0.7384438650174574,0.9086540585214441
1868,3.8000000000000007,-6.199999999999999,12,Hero,0.7505125006039938,0.8970207075277964
1869,4.2,-5.8,8,Hero,0.7103171683847904,0.9999991953372955
1870,3.0,-7.0,20,Hero,0.5157060464844108,0.8995443493127823
1871,4.300000000000001,-5.699999999999999,7,Hero,0.9453469429697309,0.9998010737555367
1872,3.8000000000000007,-6.199999999999999,12,Hero,0.6064215525984764,0.9991733580827713
1873,-5.1,4.9,1,Villain,0.8087649345397949,0.9999938011169434
1874,4.5,-5.5,5,Hero,0.6997117519378662,1.0
1875,3.0,-7.0,20,Hero,0.46550442345032933,0.8229651398956775
1876,4.6000000000000005,-5.3999999999999995,4,Hero,0.742141380906105,0.9999998509883881
1877,4.0,-6.0,10,Hero,0.717412269115448,0.9998578667640686
1878,-5.3,4.7,3,Villain,0.9972278475761414,0.999903937180837
1879,3.0999999999999996,-6.9,19,Hero,0.5319053201298964,0.9938344704477411
1880,-5.199999999999999,4.800000000000001,2,Villain,0.99666628241539,0.9999804496765137
1881,3.2,-6.8,18,Hero,0.6317840864260992,0.9578361362218857
1882,4.5,-5.5,5,Hero,0.9525694608688354,0.999997878074646
1883,3.8000000000000007,-6.199999999999999,12,Hero,0.5221559032797813,0.9762846628824869
1884,-5.1,4.9,1,Villain,0.661338210105896,0.9967796206474304
1885,3.0,-7.0,20,Hero,0.5499576825648547,0.9500048995018006
1886,3.3,-6.7,17,Hero,0.536192807560677,0.9510099011309007
1887,4.4,-5.6,6,Hero,0.7667206190526485,1.0
1888,3.8000000000000007,-6.199999999999999,12,Hero,0.7169758627812067,0.9999996622403463
1889,0.8999999999999986,-9.100000000000001,41,Hero,0.8816950277584356,0.9993785997716392
1890,2.4999999999999996,-7.5,25,Hero,0.68488750487566,0.9216620814800263
1891,3.8000000000000007,-6.199999999999999,12,Hero,0.8098876004417738,0.9126683796445528
1892,4.1000000000000005,-5.8999999999999995,9,Hero,0.5150856011443667,0.9997876220279269
1893,3.5,-6.5,15,Hero,0.5614861677090327,0.9640646934509277
1894,3.5,-6.5,15,Hero,0.6636054058869679,0.9914849082628886
1895,4.4,-5.6,6,Hero,0.7214418649673462,0.9999418755372366
1896,4.0,-6.0,10,Hero,0.7117733992636204,0.9974631607532501
1897,3.0,-7.0,20,Hero,0.6384735718369484,0.9650344610214233
1898,4.1000000000000005,-5.8999999999999995,9,Hero,0.7368422514862485,0.9997948540581597
1899,4.300000000000001,-5.699999999999999,7,Hero,0.46415709597723825,0.9999998978206089
1900,-5.5,4.5,5,Villain,0.9938933372497558,0.9999994516372681
1901,-5.199999999999999,4.800000000000001,2,Villain,0.9438844621181488,0.9999600648880005
1902,3.8000000000000007,-6.199999999999999,12,Hero,0.6091075651347637,0.9249265318115553
1903,3.3,-6.7,17,Hero,0.6942875113557366,0.9998919648282668
1904,3.5,-6.5,15,Hero,0.608442505200704,0.8408043920993805
1905,4.300000000000001,-5.699999999999999,7,Hero,0.6037952303886414,1.0
1906,4.1000000000000005,-5.8999999999999995,9,Hero,0.5354794462521871,1.0
1907,4.1000000000000005,-5.8999999999999995,9,Hero,0.7274081938796573,1.0
1908,3.5,-6.5,15,Hero,0.6453957597414652,0.9416187733411789
1909,3.7,-6.3,13,Hero,0.6481518080601325,0.8903274169334998
1910,3.7,-6.3,13,Hero,0.7930021492334512,0.9999625866229718
1911,4.5,-5.5,5,Hero,0.9316811919212341,0.9999995470046997
1912,4.800000000000001,-5.199999999999999,2,Hero,0.8396899104118347,1.0
1913,3.8000000000000007,-6.199999999999999,12,Hero,0.771733266611894,0.9995979170004526
1914,3.9000000000000004,-6.1,11,Hero,0.8539415069601752,0.9994851025668058
1915,3.3,-6.7,17,Hero,0.5583885417265051,0.9995471765013302
1916,4.9,-5.1,1,Hero,0.7262586355209351,1.0
1917,4.5,-5.5,5,Hero,0.605815926194191,0.9999999523162841
1918,4.4,-5.6,6,Hero,0.8574758768081665,0.9829046229521433
1919,4.9,-5.1,1,Hero,0.9397577047348022,1.0
1920,3.3,-6.7,17,Hero,0.5455464738256791,0.9999983030207017
1921,3.3,-6.7,17,Hero,0.5277077973108081,0.91442142120179
1922,4.6000000000000005,-5.3999999999999995,4,Hero,0.9337846487760544,1.0
1923,3.9000000000000004,-6.1,11,Hero,0.6764687895774841,0.8783713145689531
1924,-5.199999999999999,4.800000000000001,2,Villain,0.9642695188522339,0.99998939037323
1925,-5.3,4.7,3,Villain,0.7659304539362589,0.9999989668528239
1926,4.7,-5.3,3,Hero,0.514053612947464,1.0
1927,2.3999999999999995,-7.6000000000000005,26,Hero,0.5515013941778586,0.9754927593928117
1928,4.6000000000000005,-5.3999999999999995,4,Hero,0.7000555768609047,1.0
1929,3.8000000000000007,-6.199999999999999,12,Hero,0.6505773315827051,0.8882655700047811
1930,3.8000000000000007,-6.199999999999999,12,Hero,0.5278370430072149,0.9999837577342987
1931,3.5,-6.5,15,Hero,0.5526117707292239,0.9135936637719472
1932,-5.1,4.9,1,Villain,0.6737005114555359,0.9994431138038635
1933,4.0,-6.0,10,Hero,0.71088377982378,0.9933235228061676
1934,4.0,-6.0,10,Hero,0.5727944612503052,0.999995481967926
1935,-5.6,4.4,6,Villain,0.6505795220534006,0.8768392900625864
1936,4.0,-6.0,10,Hero,0.6166237831115723,0.8558975487947464
1937,4.1000000000000005,-5.8999999999999995,9,Hero,0.9357577297422621,0.9747964806026883
1938,3.8000000000000007,-6.199999999999999,12,Hero,0.6046024709939957,0.9961306055386862
1939,3.0999999999999996,-6.9,19,Hero,0.5114123167310792,0.8254691903528414
1940,4.5,-5.5,5,Hero,0.8545387029647827,0.9999999761581421
1941,3.7,-6.3,13,Hero,0.5376873360230372,0.9125044162456806
1942,3.0999999999999996,-6.9,19,Hero,0.6506998789937872,0.9602101633423253
1943,3.7,-6.3,13,Hero,0.7824882738865339,1.0
1944,2.8,-7.2,22,Hero,0.6506500962105665,0.8068967454812743
1945,3.2,-6.8,18,Hero,0.6645701610379748,0.8704242275820838
1946,4.4,-5.6,6,Hero,0.6395584419369698,1.0
1947,3.7,-6.3,13,Hero,0.5609356325406295,0.9999999724901639
1948,4.9,-5.1,1,Hero,0.7561846971511841,1.0
1949,2.099999999999999,-7.9,29,Hero,0.6012939615496273,0.9076078647169573
1950,1.799999999999999,-8.200000000000001,32,Hero,0.6199995591887273,0.9638919816352427
1951,3.5,-6.5,15,Hero,0.5773435125748316,0.9999968051910401
1952,3.2,-6.8,18,Hero,0.5582080093057206,0.9313982360892825
1953,4.6000000000000005,-5.3999999999999995,4,Hero,0.6182560324668884,1.0
1954,4.9,-5.1,1,Hero,0.7071084976196289,1.0
1955,4.2,-5.8,8,Hero,0.6423016607295722,1.0
1956,4.2,-5.8,8,Hero,0.5577909871935844,0.9676796942949295
1957,3.5,-6.5,15,Hero,0.5964405236300081,0.9505547801653544
1958,4.4,-5.6,6,Hero,0.5574174225330353,1.0
1959,4.2,-5.8,8,Hero,0.613188024610281,0.9991754442453384
1960,4.9,-5.1,1,Hero,0.3450067341327667,1.0
1961,4.2,-5.8,8,Hero,0.5357700884342194,1.0
1962,3.6000000000000005,-6.3999999999999995,14,Hero,0.7245529371180705,0.866119775388922
1963,3.3,-6.7,17,Hero,0.5577588212840697,0.9771775778602151
1964,3.8000000000000007,-6.199999999999999,12,Hero,0.5579207018017769,0.9999998509883881
1965,4.300000000000001,-5.699999999999999,7,Hero,0.5891181656292507,1.0
1966,3.9000000000000004,-6.1,11,Hero,0.7499510185285048,0.9993331323970448
1967,3.6000000000000005,-6.3999999999999995,14,Hero,0.6353273923907962,0.9824344728674207
1968,4.4,-5.6,6,Hero,0.7942234091460705,1.0
1969,3.5,-6.5,15,Hero,0.5150409400463104,0.9322893103662258
1970,1.9999999999999991,-8.0,30,Hero,0.5983616352081299,0.981434573729833
1971,4.7,-5.3,3,Hero,0.559696098168691,1.0
1972,3.6000000000000005,-6.3999999999999995,14,Hero,0.6412525177001953,0.9909064386572156
1973,3.3,-6.7,17,Hero,0.6091754638096866,0.9577581268899581
1974,4.300000000000001,-5.699999999999999,7,Hero,0.9738531793866839,1.0
1975,4.7,-5.3,3,Hero,0.5260292987028757,1.0
1976,3.9000000000000004,-6.1,11,Hero,0.8075018470937555,0.9999999458139593
1977,4.1000000000000005,-5.8999999999999995,9,Hero,0.5623552136951022,1.0
1978,3.8000000000000007,-6.199999999999999,12,Hero,0.5084086830417315,1.0
1979,3.6000000000000005,-6.3999999999999995,14,Hero,0.6353202015161514,0.9992311213697705
1980,3.0999999999999996,-6.9,19,Hero,0.5360887372180035,0.9350785989510385
1981,4.1000000000000005,-5.8999999999999995,9,Hero,0.7465257280402713,0.9999998675452338
1982,4.300000000000001,-5.699999999999999,7,Hero,0.7538599457059588,1.0
1983,4.4,-5.6,6,Hero,0.5241793046394984,1.0
1984,4.1000000000000005,-5.8999999999999995,9,Hero,0.5375194847583771,0.9999999205271403
1985,3.9000000000000004,-6.1,11,Hero,0.6258157356218859,1.0
1986,4.1000000000000005,-5.8999999999999995,9,Hero,0.7088574634657966,1.0
1987,4.4,-5.6,6,Hero,0.6297116627295812,1.0
1988,3.0999999999999996,-6.9,19,Hero,0.5548525017343069,0.9987644019879793
1989,4.300000000000001,-5.699999999999999,7,Hero,0.7072063790900367,1.0
1990,3.6000000000000005,-6.3999999999999995,14,Hero,0.5604399389454296,1.0
1991,3.4000000000000004,-6.6,16,Hero,0.6011386178433895,0.999999962747097
1992,-5.3999999999999995,4.6000000000000005,4,Villain,0.5090579241514206,1.0
1993,4.0,-6.0,10,Hero,0.7114898502826691,1.0
1994,4.5,-5.5,5,Hero,0.5965626567602158,1.0
1995,4.1000000000000005,-5.8999999999999995,9,Hero,0.5453240639633603,1.0
1996,4.6000000000000005,-5.3999999999999995,4,Hero,0.5293474718928337,1.0
1997,3.5,-6.5,15,Hero,0.6234945038954417,0.9999999205271403
1998,3.4000000000000004,-6.6,16,Hero,0.6716657523065805,1.0
1999,4.6000000000000005,-5.3999999999999995,4,Hero,0.7196175269782543,1.0
2000,4.2,-5.8,8,Hero,0.4627998564392328,1.0
2001,-5.6,4.4,6,Villain,0.6450063462058703,1.0
2002,3.6000000000000005,-6.3999999999999995,14,Hero,0.5748187750577927,1.0
2003,4.300000000000001,-5.699999999999999,7,Hero,0.8854103428976876,1.0
2004,4.2,-5.8,8,Hero,0.43668263405561447,1.0
2005,4.300000000000001,-5.699999999999999,7,Hero,0.5671303059373584,1.0
2006,4.2,-5.8,8,Hero,0.8395141959190369,1.0
2007,4.300000000000001,-5.699999999999999,7,Hero,0.6442568855626243,1.0
2008,3.4000000000000004,-6.6,16,Hero,0.46654845122247934,1.0
2009,4.6000000000000005,-5.3999999999999995,4,Hero,0.5517887100577354,1.0
2010,3.9000000000000004,-6.1,11,Hero,0.7778509428555315,1.0
2011,4.4,-5.6,6,Hero,0.6233111446102461,1.0
2012,3.0,-7.0,20,Hero,0.6632104784250259,1.0
2013,3.4000000000000004,-6.6,16,Hero,0.6921158526092768,1.0
2014,3.4000000000000004,-6.6,16,Hero,0.5855762576684356,1.0
2015,4.4,-5.6,6,Hero,0.5212552895148596,1.0
2016,4.4,-5.6,6,Hero,0.6651593446731567,1.0
2017,4.0,-6.0,10,Hero,0.591213421523571,1.0
2018,3.9000000000000004,-6.1,11,Hero,0.594792672178962,1.0
2019,2.9,-7.1,21,Hero,0.5485588823046003,1.0
2020,3.7,-6.3,13,Hero,0.6618377319895304,1.0
2021,-5.1,4.9,1,Villain,0.9279088973999023,1.0
2022,3.6000000000000005,-6.3999999999999995,14,Hero,0.6259337748800006,1.0
2023,3.6000000000000005,-6.3999999999999995,14,Hero,0.47439540897695615,1.0
2024,4.2,-5.8,8,Hero,0.5445006787776947,1.0
2025,3.6000000000000005,-6.3999999999999995,14,Hero,0.5474652514926025,1.0
2026,3.0,-7.0,20,Hero,0.624734602496028,1.0
2027,3.5,-6.5,15,Hero,0.5956440031528473,1.0
2028,3.7,-6.3,13,Hero,0.5590679381902401,1.0
2029,4.1000000000000005,-5.8999999999999995,9,Hero,0.5592605570952097,1.0
2030,4.300000000000001,-5.699999999999999,7,Hero,0.5953189773218972,1.0
2031,3.6000000000000005,-6.3999999999999995,14,Hero,0.5451043929372515,1.0
2032,3.6000000000000005,-6.3999999999999995,14,Hero,0.6243290198700768,1.0
2033,3.9000000000000004,-6.1,11,Hero,0.6721830693158236,1.0
2034,4.300000000000001,-5.699999999999999,7,Hero,0.5846649067742484,1.0
2035,3.6000000000000005,-6.3999999999999995,14,Hero,0.6697243675589561,1.0
2036,3.6000000000000005,-6.3999999999999995,14,Hero,0.6054192525999886,1.0
2037,3.8000000000000007,-6.199999999999999,12,Hero,0.5865999171510339,1.0
2038,3.5,-6.5,15,Hero,0.625769152243932,1.0
2039,-5.5,4.5,5,Villain,0.9614511132240295,1.0
2040,3.0999999999999996,-6.9,19,Hero,0.5761728412226627,1.0
2041,3.3,-6.7,17,Hero,0.6513300187447492,1.0
2042,4.1000000000000005,-5.8999999999999995,9,Hero,0.7737845149305131,1.0
2043,3.8000000000000007,-6.199999999999999,12,Hero,0.6391814624269804,1.0
2044,3.6000000000000005,-6.3999999999999995,14,Hero,0.6802198237606457,1.0
2045,4.300000000000001,-5.699999999999999,7,Hero,0.8422337983335767,1.0
2046,4.7,-5.3,3,Hero,0.9100246032079061,1.0
2047,3.7,-6.3,13,Hero,0.6438444210932806,1.0
2048,3.9000000000000004,-6.1,11,Hero,0.5390613810582594,1.0
2049,-5.6,4.4,6,Villain,0.5598739484945933,1.0
2050,4.0,-6.0,10,Hero,0.5415170654654503,1.0
2051,3.8000000000000007,-6.199999999999999,12,Hero,0.6658960655331612,1.0
2052,3.9000000000000004,-6.1,11,Hero,0.677558186379346,1.0
2053,3.7,-6.3,13,Hero,0.5508914234546515,1.0
2054,4.5,-5.5,5,Hero,0.5851462841033935,1.0
2055,2.099999999999999,-7.9,29,Hero,0.6203859515231231,1.0
2056,3.8000000000000007,-6.199999999999999,12,Hero,0.6176880622903506,1.0
2057,3.9000000000000004,-6.1,11,Hero,0.58660858056762,1.0
2058,3.3,-6.7,17,Hero,0.5617481584058088,1.0
2059,3.0999999999999996,-6.9,19,Hero,0.6217363633607563,1.0
2060,4.1000000000000005,-5.8999999999999995,9,Hero,0.5934823718335893,1.0
2061,4.6000000000000005,-5.3999999999999995,4,Hero,0.41858045011758804,1.0
2062,3.6000000000000005,-6.3999999999999995,14,Hero,0.6580680119139808,1.0
2063,4.5,-5.5,5,Hero,0.7946259379386902,1.0
2064,4.9,-5.1,1,Hero,0.6578170657157898,1.0
2065,4.300000000000001,-5.699999999999999,7,Hero,0.5795431839568275,1.0
2066,3.6000000000000005,-6.3999999999999995,14,Hero,0.8081551183547292,1.0
2067,4.1000000000000005,-5.8999999999999995,9,Hero,0.6723398450348113,1.0
2068,4.0,-6.0,10,Hero,0.6311496287584305,1.0
2069,4.2,-5.8,8,Hero,0.5405848100781441,1.0
2070,1.6999999999999988,-8.3,33,Hero,0.5976488337372289,1.0
2071,4.0,-6.0,10,Hero,0.7809612199664115,1.0
2072,3.0,-7.0,20,Hero,0.6784835256636143,1.0
2073,4.4,-5.6,6,Hero,0.756027435262998,1.0
2074,2.2999999999999994,-7.700000000000001,27,Hero,0.5630439679931711,1.0
2075,4.2,-5.8,8,Hero,0.5845740400254726,1.0
2076,4.4,-5.6,6,Hero,0.578682949145635,1.0
2077,4.1000000000000005,-5.8999999999999995,9,Hero,0.5552022788259718,1.0
2078,3.8000000000000007,-6.199999999999999,12,Hero,0.7541104406118393,1.0
2079,3.2,-6.8,18,Hero,0.6651292757855521,1.0
2080,3.5,-6.5,15,Hero,0.6173002486427625,1.0
2081,1.9999999999999991,-8.0,30,Hero,0.599124810534219,1.0
2082,4.1000000000000005,-5.8999999999999995,9,Hero,0.7443050684200393,1.0
2083,3.9000000000000004,-6.1,11,Hero,0.6362209699370645,1.0
2084,4.2,-5.8,8,Hero,0.6475641764700413,1.0
2085,4.5,-5.5,5,Hero,0.6927553176879883,1.0
2086,4.0,-6.0,10,Hero,0.5599085599184036,1.0
2087,4.5,-5.5,5,Hero,0.5902851104736329,1.0
2088,4.4,-5.6,6,Hero,0.5961244453986486,1.0
2089,3.8000000000000007,-6.199999999999999,12,Hero,0.6041295404235522,1.0
2090,3.8000000000000007,-6.199999999999999,12,Hero,0.7894995411237081,1.0
2091,2.9,-7.1,21,Hero,0.5258122356165023,1.0
2092,3.7,-6.3,13,Hero,0.5851972859639388,1.0
2093,4.300000000000001,-5.699999999999999,7,Hero,0.569683198417936,1.0
2094,4.2,-5.8,8,Hero,0.5031182803213596,1.0
2095,-5.1,4.9,1,Villain,0.9981870055198669,1.0
2096,3.8000000000000007,-6.199999999999999,12,Hero,0.7560877843449513,1.0
2097,4.0,-6.0,10,Hero,0.6381411671638488,1.0
2098,4.0,-6.0,10,Hero,0.7776927635073662,1.0
2099,3.2,-6.8,18,Hero,0.563874045593871,1.0
2100,4.0,-6.0,10,Hero,0.7333713501691819,1.0
2101,3.7,-6.3,13,Hero,0.5263843123729413,1.0
2102,3.4000000000000004,-6.6,16,Hero,0.5962272719480097,1.0
2103,4.300000000000001,-5.699999999999999,7,Hero,0.6959125144141061,1.0
2104,4.4,-5.6,6,Hero,0.58197749654452,1.0
2105,3.5,-6.5,15,Hero,0.5002159575621287,1.0
2106,3.9000000000000004,-6.1,11,Hero,0.6310576918450269,1.0
2107,3.4000000000000004,-6.6,16,Hero,0.7231091782450676,1.0
2108,4.7,-5.3,3,Hero,0.621726393699646,1.0
2109,4.0,-6.0,10,Hero,0.6543702565133571,1.0
2110,3.8000000000000007,-6.199999999999999,12,Hero,0.5532956173022588,1.0
2111,4.1000000000000005,-5.8999999999999995,9,Hero,0.6019670996401045,1.0
2112,4.0,-6.0,10,Hero,0.7047440260648727,1.0
2113,2.6999999999999997,-7.300000000000001,23,Hero,0.6114683449268341,1.0
2114,3.5,-6.5,15,Hero,0.7234140505393346,1.0
2115,4.2,-5.8,8,Hero,0.6386857964098454,1.0
2116,3.6000000000000005,-6.3999999999999995,14,Hero,0.7569031140633992,1.0
2117,3.7,-6.3,13,Hero,0.5552245424343989,1.0
2118,2.8,-7.2,22,Hero,0.4939346266063777,1.0
2119,4.2,-5.8,8,Hero,0.5400801785290241,1.0
2120,4.6000000000000005,-5.3999999999999995,4,Hero,0.48758700489997864,1.0
2121,3.9000000000000004,-6.1,11,Hero,0.8029078898782079,1.0
2122,3.9000000000000004,-6.1,11,Hero,0.5813240246445109,1.0
2123,3.7,-6.3,13,Hero,0.6328388739090699,1.0
2124,4.2,-5.8,8,Hero,0.6676440108567476,1.0
2125,3.9000000000000004,-6.1,11,Hero,0.7941623628139496,1.0
2126,4.800000000000001,-5.199999999999999,2,Hero,0.7266772985458374,1.0
2127,3.2,-6.8,18,Hero,0.6367575058506595,1.0
2128,4.800000000000001,-5.199999999999999,2,Hero,0.3907594084739685,1.0
2129,3.6000000000000005,-6.3999999999999995,14,Hero,0.6444291844964027,1.0
2130,3.7,-6.3,13,Hero,0.6932777441464938,1.0
2131,4.2,-5.8,8,Hero,0.6374814882874489,1.0
2132,3.5,-6.5,15,Hero,0.6812277923027674,1.0
2133,3.8000000000000007,-6.199999999999999,12,Hero,0.6492520651469628,1.0
2134,4.2,-5.8,8,Hero,0.8198681145440787,1.0
2135,3.5,-6.5,15,Hero,0.5590910812218984,1.0
2136,3.7,-6.3,13,Hero,0.569475612961329,1.0
2137,4.5,-5.5,5,Hero,0.8267349362373352,1.0
2138,4.300000000000001,-5.699999999999999,7,Hero,0.7910008281469345,1.0
2139,3.9000000000000004,-6.1,11,Hero,0.6120435730977491,1.0
2140,4.6000000000000005,-5.3999999999999995,4,Hero,0.5088275000452995,1.0
2141,4.1000000000000005,-5.8999999999999995,9,Hero,0.6313172479470571,1.0
2142,4.300000000000001,-5.699999999999999,7,Hero,0.5524393618106842,1.0
2143,3.2,-6.8,18,Hero,0.6448974957068762,1.0
2144,4.300000000000001,-5.699999999999999,7,Hero,0.594313131911414,1.0
2145,4.6000000000000005,-5.3999999999999995,4,Hero,0.5703622624278069,1.0
2146,3.5,-6.5,15,Hero,0.5869879941145579,1.0
2147,3.5,-6.5,15,Hero,0.7579115271568299,1.0
2148,4.9,-5.1,1,Hero,0.9128969311714172,1.0
2149,3.8000000000000007,-6.199999999999999,12,Hero,0.7194457103808721,1.0
2150,3.8000000000000007,-6.199999999999999,12,Hero,0.6811711639165878,1.0
2151,3.4000000000000004,-6.6,16,Hero,0.6838401351124048,1.0
2152,4.800000000000001,-5.199999999999999,2,Hero,0.5628422200679779,1.0
2153,3.5,-6.5,15,Hero,0.6815786232550939,1.0
2154,3.7,-6.3,13,Hero,0.5593397686114678,1.0
2155,3.9000000000000004,-6.1,11,Hero,0.6638306216760115,1.0
2156,-5.6,4.4,6,Villain,0.980845699707667,1.0
2157,4.1000000000000005,-5.8999999999999995,9,Hero,0.7456861668162875,1.0
2158,4.1000000000000005,-5.8999999999999995,9,Hero,0.6558998790052202,1.0
2159,3.6000000000000005,-6.3999999999999995,14,Hero,0.6552088132926396,1.0
2160,3.0,-7.0,20,Hero,0.6835971787571907,1.0
2161,4.7,-5.3,3,Hero,0.5980750322341919,1.0
2162,4.5,-5.5,5,Hero,0.6897558450698853,1.0
2163,-5.1,4.9,1,Villain,0.993445634841919,1.0
2164,-5.3999999999999995,4.6000000000000005,4,Villain,0.9670719057321548,1.0
2165,-5.3999999999999995,4.6000000000000005,4,Villain,0.7264908123761415,1.0
2166,-5.8999999999999995,4.1000000000000005,9,Villain,0.7430697373218007,1.0
2167,3.9000000000000004,-6.1,11,Hero,0.6833657893267545,1.0
2168,3.4000000000000004,-6.6,16,Hero,0.5109831225126982,1.0
2169,4.5,-5.5,5,Hero,0.6049852639436721,1.0
2170,4.5,-5.5,5,Hero,0.7212521016597748,1.0
2171,3.5,-6.5,15,Hero,0.4963810125986735,1.0
2172,4.9,-5.1,1,Hero,0.763939619064331,1.0
2173,4.4,-5.6,6,Hero,0.5443084935347239,1.0
2174,3.2,-6.8,18,Hero,0.614494287305408,1.0
2175,3.9000000000000004,-6.1,11,Hero,0.8207865845073353,1.0
2176,3.5,-6.5,15,Hero,0.605999015768369,1.0
2177,1.0999999999999983,-8.900000000000002,39,Hero,0.6386273258771652,1.0
2178,3.7,-6.3,13,Hero,0.6326297063093919,1.0
2179,3.9000000000000004,-6.1,11,Hero,0.6581960997798226,1.0
2180,3.5,-6.5,15,Hero,0.6579446593920389,1.0
2181,3.8000000000000007,-6.199999999999999,12,Hero,0.6649382213751475,1.0
2182,4.2,-5.8,8,Hero,0.6644550375640392,1.0
2183,4.300000000000001,-5.699999999999999,7,Hero,0.8335000446864537,1.0
2184,3.6000000000000005,-6.3999999999999995,14,Hero,0.7442007171256202,1.0
2185,4.1000000000000005,-5.8999999999999995,9,Hero,0.6013263066609701,1.0
2186,3.7,-6.3,13,Hero,0.6548602363237968,1.0
2187,3.8000000000000007,-6.199999999999999,12,Hero,0.6038383767008781,1.0
2188,4.1000000000000005,-5.8999999999999995,9,Hero,0.7451987204452356,1.0
2189,4.1000000000000005,-5.8999999999999995,9,Hero,0.49180809325642055,1.0
2190,4.0,-6.0,10,Hero,0.6210376158356666,1.0
2191,4.1000000000000005,-5.8999999999999995,9,Hero,0.6410109963681963,1.0
2192,4.0,-6.0,10,Hero,0.7668208058923482,1.0
2193,3.0,-7.0,20,Hero,0.6147882208228111,1.0
2194,3.5,-6.5,15,Hero,0.5942474429806074,1.0
2195,4.9,-5.1,1,Hero,0.900544285774231,1.0
2196,1.6999999999999988,-8.3,33,Hero,0.5996105021922356,1.0
2197,4.2,-5.8,8,Hero,0.5416652346029878,1.0
2198,-5.3999999999999995,4.6000000000000005,4,Villain,0.5628241077065468,1.0
2199,4.2,-5.8,8,Hero,0.5339700095355511,1.0
2200,4.1000000000000005,-5.8999999999999995,9,Hero,0.5318266352017721,1.0
2201,4.6000000000000005,-5.3999999999999995,4,Hero,0.5341155752539635,1.0
2202,2.6999999999999997,-7.300000000000001,23,Hero,0.631343092283477,1.0
2203,4.0,-6.0,10,Hero,0.7495142057538032,1.0
2204,1.2999999999999985,-8.700000000000001,37,Hero,0.6799496678081719,1.0
2205,3.9000000000000004,-6.1,11,Hero,0.49426590583541175,1.0
2206,4.300000000000001,-5.699999999999999,7,Hero,0.48092377611569,1.0
2207,2.6999999999999997,-7.300000000000001,23,Hero,0.6401146182223506,1.0
2208,-5.1,4.9,1,Villain,0.8083812594413757,1.0
2209,3.6000000000000005,-6.3999999999999995,14,Hero,0.627429221357618,1.0
2210,4.300000000000001,-5.699999999999999,7,Hero,0.6463318083967481,1.0
2211,3.0999999999999996,-6.9,19,Hero,0.5269381803901572,1.0
2212,3.0999999999999996,-6.9,19,Hero,0.63335437268803,1.0
2213,2.5999999999999996,-7.4,24,Hero,0.658792452265819,1.0
2214,3.6000000000000005,-6.3999999999999995,14,Hero,0.6111487144870418,1.0
2215,4.4,-5.6,6,Hero,0.6863178089261055,1.0
2216,4.1000000000000005,-5.8999999999999995,9,Hero,0.6075160966979133,1.0
2217,4.6000000000000005,-5.3999999999999995,4,Hero,0.6276839822530746,1.0
2218,4.0,-6.0,10,Hero,0.6933129876852036,1.0
2219,-5.699999999999999,4.300000000000001,7,Villain,0.970554164477757,1.0
2220,3.5,-6.5,15,Hero,0.6709565083185832,1.0
2221,3.3,-6.7,17,Hero,0.632149454425363,1.0
2222,-5.199999999999999,4.800000000000001,2,Villain,0.9934053421020508,1.0
2223,-5.3,4.7,3,Villain,0.5651854846316079,1.0
2224,3.4000000000000004,-6.6,16,Hero,0.6742790956050158,1.0
2225,3.8000000000000007,-6.199999999999999,12,Hero,0.6541193636755148,1.0
2226,3.5,-6.5,15,Hero,0.6662219603856404,1.0
2227,3.6000000000000005,-6.3999999999999995,14,Hero,0.5664979645184108,1.0
2228,4.9,-5.1,1,Hero,0.9541950225830078,1.0
2229,3.4000000000000004,-6.6,16,Hero,0.6172511409968138,1.0
2230,3.9000000000000004,-6.1,11,Hero,0.6344982006333091,1.0
2231,4.4,-5.6,6,Hero,0.5299003918965658,1.0
2232,4.4,-5.6,6,Hero,0.6356253723303477,1.0
2233,4.300000000000001,-5.699999999999999,7,Hero,0.9257727691105434,1.0
2234,4.2,-5.8,8,Hero,0.7743808031082153,1.0
2235,3.8000000000000007,-6.199999999999999,12,Hero,0.5958924144506454,1.0
2236,3.6000000000000005,-6.3999999999999995,14,Hero,0.6314541378191539,1.0
2237,4.9,-5.1,1,Hero,0.8427106142044067,1.0
2238,3.7,-6.3,13,Hero,0.670657665683673,1.0
2239,3.5,-6.5,15,Hero,0.6188591281572978,1.0
2240,3.7,-6.3,13,Hero,0.5870550297773801,1.0
2241,4.1000000000000005,-5.8999999999999995,9,Hero,0.554808517297109,1.0
2242,3.6000000000000005,-6.3999999999999995,14,Hero,0.6992206743785313,1.0
2243,4.2,-5.8,8,Hero,0.6315372176468372,1.0
2244,3.7,-6.3,13,Hero,0.519140023451585,1.0
2245,4.9,-5.1,1,Hero,0.8563392758369446,1.0
2246,4.0,-6.0,10,Hero,0.5927137345075607,1.0
2247,4.2,-5.8,8,Hero,0.6048661507666111,1.0
2248,3.2,-6.8,18,Hero,0.6506349494059881,1.0
2249,4.2,-5.8,8,Hero,0.5117008499801159,1.0
2250,3.6000000000000005,-6.3999999999999995,14,Hero,0.6599158437124321,1.0
2251,4.0,-6.0,10,Hero,0.582885491847992,1.0
2252,3.8000000000000007,-6.199999999999999,12,Hero,0.56599260866642,1.0
2253,4.1000000000000005,-5.8999999999999995,9,Hero,0.558790408902698,1.0
2254,3.7,-6.3,13,Hero,0.6434668394235464,1.0
2255,4.1000000000000005,-5.8999999999999995,9,Hero,0.7301930752065446,1.0
2256,3.4000000000000004,-6.6,16,Hero,0.5266276057809591,1.0
2257,3.6000000000000005,-6.3999999999999995,14,Hero,0.5804163281406675,1.0
2258,4.1000000000000005,-5.8999999999999995,9,Hero,0.7906316916147867,1.0
2259,3.7,-6.3,13,Hero,0.59580437036661,1.0
2260,4.300000000000001,-5.699999999999999,7,Hero,0.7981319980961936,1.0
2261,3.7,-6.3,13,Hero,0.6483293003760852,1.0
2262,4.0,-6.0,10,Hero,0.8360861456021667,1.0
2263,3.7,-6.3,13,Hero,0.6554216960301766,1.0
2264,4.2,-5.8,8,Hero,0.8021165560930967,1.0
2265,3.6000000000000005,-6.3999999999999995,14,Hero,0.6945667703236852,1.0
2266,3.6000000000000005,-6.3999999999999995,14,Hero,0.5636070775134223,1.0
2267,4.300000000000001,-5.699999999999999,7,Hero,0.5587768639836993,1.0
2268,-5.1,4.9,1,Villain,0.5194975733757019,1.0
2269,4.300000000000001,-5.699999999999999,7,Hero,0.6829585337213108,1.0
2270,4.300000000000001,-5.699999999999999,7,Hero,0.6747600681015423,1.0
2271,4.0,-6.0,10,Hero,0.5692090123891831,1.0
2272,1.1999999999999984,-8.8,38,Hero,0.5864692793080681,1.0
2273,4.7,-5.3,3,Hero,0.5541235307852427,1.0
2274,3.8000000000000007,-6.199999999999999,12,Hero,0.6056441863377889,1.0
2275,4.300000000000001,-5.699999999999999,7,Hero,0.5877648719719478,1.0
2276,4.300000000000001,-5.699999999999999,7,Hero,0.7090486586093903,1.0
2277,-5.1,4.9,1,Villain,0.7597874402999878,1.0
2278,-5.3999999999999995,4.6000000000000005,4,Villain,0.9308124929666519,1.0
2279,3.9000000000000004,-6.1,11,Hero,0.6527093648910522,1.0
2280,3.0,-7.0,20,Hero,0.5905103787779808,1.0
2281,3.6000000000000005,-6.3999999999999995,14,Hero,0.7093557204519,1.0
2282,3.3,-6.7,17,Hero,0.5197664477369365,1.0
2283,-5.1,4.9,1,Villain,0.5547038912773132,1.0
2284,2.9,-7.1,21,Hero,0.6614668170611063,1.0
2285,-5.5,4.5,5,Villain,0.5522541046142578,1.0
2286,4.1000000000000005,-5.8999999999999995,9,Hero,0.641202825638983,1.0
2287,4.6000000000000005,-5.3999999999999995,4,Hero,0.9527931958436966,1.0
2288,3.3,-6.7,17,Hero,0.6272576311055351,1.0
2289,-5.6,4.4,6,Villain,0.6226787393291792,1.0
2290,0.10000000000000142,-9.899999999999999,49,Hero,0.7735528596201722,1.0
2291,3.6000000000000005,-6.3999999999999995,14,Hero,0.5685675699330334,1.0
2292,3.8000000000000007,-6.199999999999999,12,Hero,0.5615264102816582,1.0
2293,4.0,-6.0,10,Hero,0.6735698223114014,1.0
2294,4.9,-5.1,1,Hero,0.9585927724838257,1.0
2295,-5.199999999999999,4.800000000000001,2,Villain,0.6627810299396515,1.0
2296,-5.8999999999999995,4.1000000000000005,9,Villain,0.5523834791448381,1.0
2297,3.4000000000000004,-6.6,16,Hero,0.565693935379386,1.0
2298,4.0,-6.0,10,Hero,0.6627475112676621,1.0
2299,3.3,-6.7,17,Hero,0.5274425341802484,1.0
2300,2.4999999999999996,-7.5,25,Hero,0.5062020479142666,1.0
2301,4.1000000000000005,-5.8999999999999995,9,Hero,0.804094092713462,1.0
2302,4.1000000000000005,-5.8999999999999995,9,Hero,0.7289627798729472,1.0
2303,4.300000000000001,-5.699999999999999,7,Hero,0.6634828576019832,1.0
2304,3.8000000000000007,-6.199999999999999,12,Hero,0.5333394755919775,1.0
2305,3.7,-6.3,13,Hero,0.7137684936706836,1.0
2306,3.9000000000000004,-6.1,11,Hero,0.565511787479574,1.0
2307,2.2999999999999994,-7.700000000000001,27,Hero,0.5977824148204591,1.0
2308,4.5,-5.5,5,Hero,0.5915117740631104,1.0
2309,3.0,-7.0,20,Hero,0.6289400152862072,1.0
2310,3.7,-6.3,13,Hero,0.5674837942306812,1.0
2311,3.0,-7.0,20,Hero,0.6311598211526871,1.0
2312,3.8000000000000007,-6.199999999999999,12,Hero,0.6206455652912458,1.0
2313,3.6000000000000005,-6.3999999999999995,14,Hero,0.583265656871455,1.0
2314,3.2,-6.8,18,Hero,0.5076327795783678,1.0
2315,4.6000000000000005,-5.3999999999999995,4,Hero,0.7400903254747391,1.0
2316,3.3,-6.7,17,Hero,0.6634253272238899,1.0
2317,3.7,-6.3,13,Hero,0.6223037678461808,1.0
2318,4.0,-6.0,10,Hero,0.9011917650699616,1.0
2319,4.0,-6.0,10,Hero,0.5852093607187271,1.0
2320,3.4000000000000004,-6.6,16,Hero,0.6852838210761547,1.0
2321,4.300000000000001,-5.699999999999999,7,Hero,0.6230095710073199,1.0
2322,4.5,-5.5,5,Hero,0.5761571049690246,1.0
2323,4.2,-5.8,8,Hero,0.6062131971120834,1.0
2324,4.4,-5.6,6,Hero,0.7356958736975988,1.0
2325,3.7,-6.3,13,Hero,0.6162549394827622,1.0
2326,-5.1,4.9,1,Villain,0.9887030124664307,1.0
2327,-5.8999999999999995,4.1000000000000005,9,Villain,0.8908882670932345,1.0
2328,4.2,-5.8,8,Hero,0.8779572173953056,1.0
2329,3.6000000000000005,-6.3999999999999995,14,Hero,0.6531882360577583,1.0
2330,3.5,-6.5,15,Hero,0.6218308061361313,1.0
2331,-5.1,4.9,1,Villain,0.9978066086769104,1.0
2332,3.0999999999999996,-6.9,19,Hero,0.5981191130060899,1.0
2333,3.8000000000000007,-6.199999999999999,12,Hero,0.6988589925070604,1.0
2334,3.2,-6.8,18,Hero,0.5164910554885864,1.0
2335,4.2,-5.8,8,Hero,0.8594714906066656,1.0
2336,3.9000000000000004,-6.1,11,Hero,0.7123420543291352,1.0
2337,4.5,-5.5,5,Hero,0.7557770192623139,1.0
2338,4.5,-5.5,5,Hero,0.9191764831542969,1.0
2339,4.1000000000000005,-5.8999999999999995,9,Hero,0.8622569979892837,1.0
2340,3.6000000000000005,-6.3999999999999995,14,Hero,0.5854360950844628,1.0
2341,3.5,-6.5,15,Hero,0.687831782301267,1.0
2342,3.3,-6.7,17,Hero,0.698303305050906,1.0
2343,3.4000000000000004,-6.6,16,Hero,0.7250680550932884,1.0
2344,3.3,-6.7,17,Hero,0.7063933751162361,1.0
2345,4.0,-6.0,10,Hero,0.624981763958931,1.0
2346,4.300000000000001,-5.699999999999999,7,Hero,0.6197474386010852,1.0
2347,4.1000000000000005,-5.8999999999999995,9,Hero,0.7423019972112443,1.0
2348,4.1000000000000005,-5.8999999999999995,9,Hero,0.6345382432142893,1.0
2349,4.2,-5.8,8,Hero,0.6114040613174438,1.0
2350,4.0,-6.0,10,Hero,0.8208610400557518,1.0
2351,3.5,-6.5,15,Hero,0.5291206041971842,1.0
2352,3.8000000000000007,-6.199999999999999,12,Hero,0.6780760455876589,1.0
2353,4.4,-5.6,6,Hero,0.6054821660121282,1.0
2354,4.7,-5.3,3,Hero,0.645221213499705,1.0
2355,2.6999999999999997,-7.300000000000001,23,Hero,0.5843390057916227,1.0
2356,3.7,-6.3,13,Hero,0.6575621595749488,1.0
2357,4.1000000000000005,-5.8999999999999995,9,Hero,0.4948597815301683,1.0
2358,4.300000000000001,-5.699999999999999,7,Hero,0.7643197987760816,1.0
2359,4.0,-6.0,10,Hero,0.5709734007716178,1.0
2360,4.300000000000001,-5.699999999999999,7,Hero,0.8328650934355599,1.0
2361,-5.3,4.7,3,Villain,0.9862324992815653,1.0
2362,4.9,-5.1,1,Hero,0.43116262555122375,1.0
2363,4.5,-5.5,5,Hero,0.6410234034061432,1.0
2364,3.5,-6.5,15,Hero,0.7056242187817892,1.0
2365,4.2,-5.8,8,Hero,0.6741805775091052,1.0
2366,4.0,-6.0,10,Hero,0.7141042441129685,1.0
2367,4.0,-6.0,10,Hero,0.816499850153923,1.0
2368,4.0,-6.0,10,Hero,0.646252053976059,1.0
2369,3.4000000000000004,-6.6,16,Hero,0.7133109625428915,1.0
2370,4.2,-5.8,8,Hero,0.6207520291209221,1.0
2371,4.300000000000001,-5.699999999999999,7,Hero,0.5898651650973729,1.0
2372,3.3,-6.7,17,Hero,0.547250401447801,1.0
2373,4.5,-5.5,5,Hero,0.543982344865799,1.0
2374,4.4,-5.6,6,Hero,0.8216385543346405,1.0
2375,4.0,-6.0,10,Hero,0.6283285908401013,1.0
2376,4.1000000000000005,-5.8999999999999995,9,Hero,0.5284468895859189,1.0
2377,-5.199999999999999,4.800000000000001,2,Villain,0.9868374168872833,1.0
2378,3.6000000000000005,-6.3999999999999995,14,Hero,0.7099877340453011,1.0
2379,4.1000000000000005,-5.8999999999999995,9,Hero,0.7640279647376802,1.0
2380,4.5,-5.5,5,Hero,0.7221245527267456,1.0
2381,4.5,-5.5,5,Hero,0.7711825370788574,1.0
2382,3.4000000000000004,-6.6,16,Hero,0.6916248482302763,1.0
2383,4.0,-6.0,10,Hero,0.76194669008255,1.0
2384,3.0999999999999996,-6.9,19,Hero,0.5868482911273053,1.0
2385,4.5,-5.5,5,Hero,0.5021992266178131,1.0
2386,4.4,-5.6,6,Hero,0.7896428406238556,1.0
2387,4.1000000000000005,-5.8999999999999995,9,Hero,0.5985185950994492,1.0
2388,2.8,-7.2,22,Hero,0.5702109404585578,1.0
2389,4.2,-5.8,8,Hero,0.806171212811023,1.0
2390,3.9000000000000004,-6.1,11,Hero,0.5767261941324581,1.0
2391,4.800000000000001,-5.199999999999999,2,Hero,0.760407954454422,1.0
2392,3.9000000000000004,-6.1,11,Hero,0.6232552250677889,1.0
2393,3.8000000000000007,-6.199999999999999,12,Hero,0.7046537324786186,1.0
2394,3.3,-6.7,17,Hero,0.6669619568787953,1.0
2395,4.1000000000000005,-5.8999999999999995,9,Hero,0.7739715443717109,1.0
2396,4.5,-5.5,5,Hero,0.5681620359420776,1.0
2397,3.9000000000000004,-6.1,11,Hero,0.6480927602811293,1.0
2398,3.3,-6.7,17,Hero,0.5483758011284996,1.0
2399,3.9000000000000004,-6.1,11,Hero,0.5718370432203467,1.0
2400,4.2,-5.8,8,Hero,0.5604667775332928,1.0
2401,4.0,-6.0,10,Hero,0.6636213779449462,1.0
2402,4.1000000000000005,-5.8999999999999995,9,Hero,0.5183419303761588,1.0
2403,4.2,-5.8,8,Hero,0.6548625119030476,1.0
2404,-5.1,4.9,1,Villain,0.9449566602706909,1.0
2405,3.8000000000000007,-6.199999999999999,12,Hero,0.541407806177934,1.0
2406,-5.1,4.9,1,Villain,0.7952033877372742,1.0
2407,4.2,-5.8,8,Hero,0.6185408029705286,1.0
2408,3.9000000000000004,-6.1,11,Hero,0.6361745406280864,1.0
2409,-5.3,4.7,3,Villain,0.603724737962087,1.0
2410,3.2,-6.8,18,Hero,0.5785742120610343,1.0
2411,3.0999999999999996,-6.9,19,Hero,0.5602826209444749,1.0
2412,3.8000000000000007,-6.199999999999999,12,Hero,0.5234765273829302,1.0
2413,4.800000000000001,-5.199999999999999,2,Hero,0.5202157571911812,1.0
2414,4.0,-6.0,10,Hero,0.5620687931776047,1.0
2415,4.5,-5.5,5,Hero,0.8573224902153015,1.0
2416,4.0,-6.0,10,Hero,0.6008225023746491,1.0
2417,4.4,-5.6,6,Hero,0.7417118102312088,1.0
2418,4.800000000000001,-5.199999999999999,2,Hero,0.5311354994773865,1.0
2419,4.2,-5.8,8,Hero,0.7127832621335983,1.0
2420,4.800000000000001,-5.199999999999999,2,Hero,0.6895546913146973,1.0
2421,3.7,-6.3,13,Hero,0.6117596121934744,1.0
2422,4.300000000000001,-5.699999999999999,7,Hero,0.6334576691899981,1.0
2423,3.9000000000000004,-6.1,11,Hero,0.7213583588600159,1.0
2424,4.1000000000000005,-5.8999999999999995,9,Hero,0.7843252196907997,1.0
2425,4.300000000000001,-5.699999999999999,7,Hero,0.5353210653577533,1.0
2426,4.0,-6.0,10,Hero,0.753147092461586,1.0
2427,4.0,-6.0,10,Hero,0.5933754026889801,1.0
2428,4.5,-5.5,5,Hero,0.7362116396427154,1.0
2429,4.2,-5.8,8,Hero,0.5626011490821838,1.0
2430,4.300000000000001,-5.699999999999999,7,Hero,0.6592596769332886,1.0
2431,3.6000000000000005,-6.3999999999999995,14,Hero,0.6135956304413932,1.0
2432,3.9000000000000004,-6.1,11,Hero,0.6638567312197252,1.0
2433,3.4000000000000004,-6.6,16,Hero,0.6035717129707336,1.0
2434,3.7,-6.3,13,Hero,0.6259990930557251,1.0
2435,-5.1,4.9,1,Villain,0.4840884506702423,1.0
2436,4.1000000000000005,-5.8999999999999995,9,Hero,0.5146035254001617,1.0
2437,4.0,-6.0,10,Hero,0.61151232868433,1.0
2438,4.1000000000000005,-5.8999999999999995,9,Hero,0.6091992954413096,1.0
2439,3.3,-6.7,17,Hero,0.7370140175609028,1.0
2440,4.300000000000001,-5.699999999999999,7,Hero,0.7002939890537944,1.0
2441,4.2,-5.8,8,Hero,0.5992765445262194,1.0
2442,-6.0,4.0,10,Villain,0.5485851392877521,1.0
2443,3.4000000000000004,-6.6,16,Hero,0.6757165817543864,1.0
2444,3.6000000000000005,-6.3999999999999995,14,Hero,0.7039393335580826,1.0
2445,-5.1,4.9,1,Villain,0.19589464366436005,1.0
2446,4.300000000000001,-5.699999999999999,7,Hero,0.7011253110000065,1.0
2447,3.6000000000000005,-6.3999999999999995,14,Hero,0.5755623323576791,1.0
2448,4.0,-6.0,10,Hero,0.6483454138040543,1.0
2449,3.9000000000000004,-6.1,11,Hero,0.5622266585176642,1.0
2450,4.6000000000000005,-5.3999999999999995,4,Hero,0.7345391511917114,1.0
2451,4.1000000000000005,-5.8999999999999995,9,Hero,0.7783122782905897,1.0
2452,4.300000000000001,-5.699999999999999,7,Hero,0.5238427008901324,1.0
2453,4.2,-5.8,8,Hero,0.7242539003491402,1.0
2454,2.4999999999999996,-7.5,25,Hero,0.5670875906944275,1.0
2455,4.5,-5.5,5,Hero,0.7330886900424958,1.0
2456,3.5,-6.5,15,Hero,0.5926787455876669,1.0
2457,3.3,-6.7,17,Hero,0.6217663397683817,1.0
2458,4.300000000000001,-5.699999999999999,7,Hero,0.7328896863119942,1.0
2459,3.6000000000000005,-6.3999999999999995,14,Hero,0.5692510902881622,1.0
2460,3.6000000000000005,-6.3999999999999995,14,Hero,0.5546237411243575,1.0
2461,4.300000000000001,-5.699999999999999,7,Hero,0.7271735774619239,1.0
2462,3.7,-6.3,13,Hero,0.6651562589865464,1.0
2463,-5.3999999999999995,4.6000000000000005,4,Villain,0.9601475596427917,1.0
2464,3.0999999999999996,-6.9,19,Hero,0.6016914413163537,1.0
2465,4.300000000000001,-5.699999999999999,7,Hero,0.6862625437123435,1.0
2466,4.4,-5.6,6,Hero,0.593818818529447,1.0
2467,3.2,-6.8,18,Hero,0.5820338129997253,1.0
2468,3.2,-6.8,18,Hero,0.5273533115784327,1.0
2469,4.0,-6.0,10,Hero,0.557528355717659,1.0
2470,2.8,-7.2,22,Hero,0.601045510308309,1.0
2471,3.3,-6.7,17,Hero,0.5381973602754229,1.0
2472,-5.6,4.4,6,Villain,0.8286195754384001,1.0
2473,4.2,-5.8,8,Hero,0.6031522396951914,1.0
2474,4.5,-5.5,5,Hero,0.7691197276115418,1.0
2475,3.7,-6.3,13,Hero,0.6684856976454074,1.0
2476,4.2,-5.8,8,Hero,0.758558850735426,1.0
2477,3.0,-7.0,20,Hero,0.6258071744814515,1.0
2478,4.0,-6.0,10,Hero,0.621964630484581,1.0
2479,4.5,-5.5,5,Hero,0.5931541442871093,1.0
2480,4.4,-5.6,6,Hero,0.6074286848306656,1.0
2481,3.9000000000000004,-6.1,11,Hero,0.6174312044273723,1.0
2482,4.1000000000000005,-5.8999999999999995,9,Hero,0.6535666882991791,1.0
2483,3.8000000000000007,-6.199999999999999,12,Hero,0.6342400486270586,1.0
2484,4.5,-5.5,5,Hero,0.564486438035965,1.0
2485,4.7,-5.3,3,Hero,0.640975296497345,1.0
2486,4.300000000000001,-5.699999999999999,7,Hero,0.635204587663923,1.0
2487,4.2,-5.8,8,Hero,0.5752775259315968,1.0
2488,3.8000000000000007,-6.199999999999999,12,Hero,0.5181130593021711,1.0
2489,4.300000000000001,-5.699999999999999,7,Hero,0.8869720782552447,1.0
2490,4.0,-6.0,10,Hero,0.7438386112451554,1.0
2491,4.1000000000000005,-5.8999999999999995,9,Hero,0.7473065952459971,1.0
2492,4.7,-5.3,3,Hero,0.4252436061700185,1.0
2493,4.2,-5.8,8,Hero,0.5174422096461058,1.0
2494,4.1000000000000005,-5.8999999999999995,9,Hero,0.500122563706504,1.0
2495,4.300000000000001,-5.699999999999999,7,Hero,0.8086722408022199,1.0
2496,3.5,-6.5,15,Hero,0.5894318759441376,1.0
2497,4.5,-5.5,5,Hero,0.6314197599887847,1.0
2498,3.6000000000000005,-6.3999999999999995,14,Hero,0.7084866388301764,1.0
2499,2.3999999999999995,-7.6000000000000005,26,Hero,0.782820266026717,1.0
2500,4.1000000000000005,-5.8999999999999995,9,Hero,0.9675192899174161,1.0
2501,4.2,-5.8,8,Hero,0.9816757217049599,1.0
2502,4.0,-6.0,10,Hero,0.5376033991575241,1.0
2503,3.0,-7.0,20,Hero,0.5055169846862555,1.0
2504,4.2,-5.8,8,Hero,0.6108016967773438,1.0
2505,2.099999999999999,-7.9,29,Hero,0.5698238950351189,1.0
2506,2.9,-7.1,21,Hero,0.5681939672323919,1.0
2507,3.8000000000000007,-6.199999999999999,12,Hero,0.8200000748038292,1.0
2508,3.6000000000000005,-6.3999999999999995,14,Hero,0.656634366938046,1.0
2509,-5.1,4.9,1,Villain,0.6394267678260803,1.0
2510,4.300000000000001,-5.699999999999999,7,Hero,0.7753817864826748,1.0
2511,3.4000000000000004,-6.6,16,Hero,0.6456552818417549,1.0
2512,4.2,-5.8,8,Hero,0.5897938013076782,1.0
2513,3.6000000000000005,-6.3999999999999995,14,Hero,0.7741003398384366,1.0
2514,3.9000000000000004,-6.1,11,Hero,0.5750722776759755,1.0
2515,3.2,-6.8,18,Hero,0.48237940379314953,1.0
2516,4.300000000000001,-5.699999999999999,7,Hero,0.5396211104733604,1.0
2517,4.300000000000001,-5.699999999999999,7,Hero,0.6546195149421692,1.0
2518,4.1000000000000005,-5.8999999999999995,9,Hero,0.8095537225405375,1.0
2519,3.4000000000000004,-6.6,16,Hero,0.6071987152099609,1.0
2520,4.1000000000000005,-5.8999999999999995,9,Hero,0.7249675293763479,1.0
2521,-5.199999999999999,4.800000000000001,2,Villain,0.9112926125526428,1.0
2522,3.8000000000000007,-6.199999999999999,12,Hero,0.5768769234418869,1.0
2523,3.6000000000000005,-6.3999999999999995,14,Hero,0.5642659834453038,1.0
2524,3.8000000000000007,-6.199999999999999,12,Hero,0.5114776332241794,1.0
2525,3.5,-6.5,15,Hero,0.662765753765901,1.0
2526,4.0,-6.0,10,Hero,0.7406189143657684,1.0
2527,3.8000000000000007,-6.199999999999999,12,Hero,0.4885348511549334,1.0
2528,4.1000000000000005,-5.8999999999999995,9,Hero,0.6357158356242709,1.0
2529,3.8000000000000007,-6.199999999999999,12,Hero,0.7582685624559721,1.0
2530,4.1000000000000005,-5.8999999999999995,9,Hero,0.5808538893858591,1.0
2531,4.4,-5.6,6,Hero,0.6732880572477976,1.0
2532,-5.5,4.5,5,Villain,0.9851633071899414,1.0
2533,4.2,-5.8,8,Hero,0.5919591896235943,1.0
2534,4.300000000000001,-5.699999999999999,7,Hero,0.6192357795579093,1.0
2535,4.1000000000000005,-5.8999999999999995,9,Hero,0.7864676912625631,1.0
2536,4.6000000000000005,-5.3999999999999995,4,Hero,0.6737246662378311,1.0
2537,3.0,-7.0,20,Hero,0.5870551056228578,1.0
2538,4.4,-5.6,6,Hero,0.6660836736361185,1.0
2539,4.1000000000000005,-5.8999999999999995,9,Hero,0.7073305977715386,1.0
2540,4.7,-5.3,3,Hero,0.6661098450422287,1.0
2541,4.300000000000001,-5.699999999999999,7,Hero,0.6962590898786273,1.0
2542,3.7,-6.3,13,Hero,0.5936495684660398,1.0
2543,3.8000000000000007,-6.199999999999999,12,Hero,0.574944294989109,1.0
2544,4.4,-5.6,6,Hero,0.5897705306609472,1.0
2545,3.8000000000000007,-6.199999999999999,12,Hero,0.6677687757958969,1.0
2546,4.2,-5.8,8,Hero,0.833476223051548,1.0
2547,3.2,-6.8,18,Hero,0.5515073541965749,1.0
2548,4.9,-5.1,1,Hero,0.9215825200080872,1.0
2549,4.4,-5.6,6,Hero,0.7891742289066315,1.0
2550,4.0,-6.0,10,Hero,0.7549216836690903,1.0
2551,4.2,-5.8,8,Hero,0.5402058660984039,1.0
2552,3.5,-6.5,15,Hero,0.6148477762937545,1.0
2553,4.0,-6.0,10,Hero,0.5961609572172165,1.0
2554,3.9000000000000004,-6.1,11,Hero,0.5337736118923534,1.0
2555,3.3,-6.7,17,Hero,0.7094423998804653,1.0
2556,4.2,-5.8,8,Hero,0.5913202576339245,1.0
2557,4.5,-5.5,5,Hero,0.573986929655075,1.0
2558,3.5,-6.5,15,Hero,0.6403578619162241,1.0
2559,3.2,-6.8,18,Hero,0.602995205256674,1.0
2560,2.8,-7.2,22,Hero,0.5089015966619957,1.0
2561,3.6000000000000005,-6.3999999999999995,14,Hero,0.5519649992430848,1.0
2562,4.300000000000001,-5.699999999999999,7,Hero,0.6830480588333947,1.0
2563,4.300000000000001,-5.699999999999999,7,Hero,0.5699514214481626,1.0
2564,3.8000000000000007,-6.199999999999999,12,Hero,0.8049423942963282,1.0
2565,4.6000000000000005,-5.3999999999999995,4,Hero,0.5966840237379074,1.0
2566,4.0,-6.0,10,Hero,0.6373294413089752,1.0
2567,4.300000000000001,-5.699999999999999,7,Hero,0.5501200173582349,1.0
2568,3.4000000000000004,-6.6,16,Hero,0.6237154193222523,1.0
2569,4.4,-5.6,6,Hero,0.5633728206157684,1.0
2570,3.9000000000000004,-6.1,11,Hero,0.7473203634673898,1.0
2571,4.0,-6.0,10,Hero,0.634783661365509,1.0
2572,3.7,-6.3,13,Hero,0.6072530884009141,1.0
2573,3.3,-6.7,17,Hero,0.6556668228962842,1.0
2574,3.5,-6.5,15,Hero,0.5347228904565176,1.0
2575,3.8000000000000007,-6.199999999999999,12,Hero,0.5755998169382414,1.0
2576,4.5,-5.5,5,Hero,0.5712113678455353,1.0
2577,4.9,-5.1,1,Hero,0.8506545424461365,1.0
2578,3.9000000000000004,-6.1,11,Hero,0.5517460595477711,1.0
2579,4.300000000000001,-5.699999999999999,7,Hero,0.711703998701913,1.0
2580,-5.199999999999999,4.800000000000001,2,Villain,0.9838457107543945,1.0
2581,3.8000000000000007,-6.199999999999999,12,Hero,0.6394550154606501,1.0
2582,3.9000000000000004,-6.1,11,Hero,0.6513230421326377,1.0
2583,4.300000000000001,-5.699999999999999,7,Hero,0.5664097283567701,1.0
2584,3.3,-6.7,17,Hero,0.6299379189663074,1.0
2585,4.0,-6.0,10,Hero,0.6367503091692924,1.0
2586,4.2,-5.8,8,Hero,0.6202975511550903,1.0
2587,3.6000000000000005,-6.3999999999999995,14,Hero,0.6003236493894032,1.0
2588,2.2999999999999994,-7.700000000000001,27,Hero,0.6066036810753522,1.0
2589,3.4000000000000004,-6.6,16,Hero,0.5852260603569448,1.0
2590,4.7,-5.3,3,Hero,0.5564936995506287,1.0
2591,4.0,-6.0,10,Hero,0.8235875427722931,1.0
2592,4.0,-6.0,10,Hero,0.6461980685591697,1.0
2593,4.0,-6.0,10,Hero,0.7282303959131241,1.0
2594,4.5,-5.5,5,Hero,0.5855621337890625,1.0
2595,4.0,-6.0,10,Hero,0.6463941022753715,1.0
2596,4.2,-5.8,8,Hero,0.6487529240548611,1.0
2597,4.7,-5.3,3,Hero,0.6010977129141489,1.0
2598,3.5,-6.5,15,Hero,0.6178309281667074,1.0
2599,3.7,-6.3,13,Hero,0.7341074603967942,1.0
2600,3.6000000000000005,-6.3999999999999995,14,Hero,0.5600450826542718,1.0
2601,4.5,-5.5,5,Hero,0.7672549843788147,1.0
2602,-5.8999999999999995,4.1000000000000005,9,Villain,0.5080941948625777,1.0
2603,4.1000000000000005,-5.8999999999999995,9,Hero,0.8777332372135587,1.0
2604,4.5,-5.5,5,Hero,0.9177065372467041,1.0
2605,4.300000000000001,-5.699999999999999,7,Hero,0.6363592445850372,1.0
2606,4.0,-6.0,10,Hero,0.7016404211521149,1.0
2607,3.5,-6.5,15,Hero,0.6063122768498336,1.0
2608,3.8000000000000007,-6.199999999999999,12,Hero,0.6049284227192402,1.0
2609,-5.5,4.5,5,Villain,0.7573379322886467,1.0
2610,1.899999999999999,-8.100000000000001,31,Hero,0.6293501877977002,1.0
2611,4.1000000000000005,-5.8999999999999995,9,Hero,0.5469496349493662,1.0
2612,3.9000000000000004,-6.1,11,Hero,0.5397686010057275,1.0
2613,3.3,-6.7,17,Hero,0.5805799969855476,1.0
2614,3.5,-6.5,15,Hero,0.6915788292884827,1.0
2615,4.4,-5.6,6,Hero,0.622635175784429,1.0
2616,3.5,-6.5,15,Hero,0.7548377652963002,1.0
2617,4.2,-5.8,8,Hero,0.6129728779196739,1.0
2618,4.1000000000000005,-5.8999999999999995,9,Hero,0.8750391536288791,1.0
2619,3.5,-6.5,15,Hero,0.5692139841616154,1.0
2620,-5.1,4.9,1,Villain,0.5016652941703796,1.0
2621,4.6000000000000005,-5.3999999999999995,4,Hero,0.5703205540776253,1.0
2622,2.8,-7.2,22,Hero,0.7983408512716944,1.0
2623,3.0,-7.0,20,Hero,0.6341194845736027,1.0
2624,-5.3,4.7,3,Villain,0.5699175149202347,1.0
2625,3.9000000000000004,-6.1,11,Hero,0.6680003865198656,1.0
2626,1.3999999999999986,-8.600000000000001,36,Hero,0.7201236685634487,1.0
2627,-5.699999999999999,4.300000000000001,7,Villain,0.8844031946999686,1.0
2628,3.5,-6.5,15,Hero,0.7837182392676671,1.0
2629,3.0,-7.0,20,Hero,0.6270840730518102,1.0
2630,-4.999999999999998,-4.999999999999998,50,None,0.8364222466945648,1.0
2631,4.800000000000001,-5.199999999999999,2,Hero,0.5314342826604843,1.0
2632,4.300000000000001,-5.699999999999999,7,Hero,0.5290620412145343,1.0
2633,4.5,-5.5,5,Hero,0.5041331261396408,1.0
2634,2.4999999999999996,-7.5,25,Hero,0.6542243820428848,1.0
2635,4.4,-5.6,6,Hero,0.7220128662884235,1.0
2636,3.5,-6.5,15,Hero,0.6066263576348623,1.0
2637,-5.3,4.7,3,Villain,0.9114732146263123,1.0
2638,4.300000000000001,-5.699999999999999,7,Hero,0.6067746877670288,1.0
2639,4.9,-5.1,1,Hero,0.37045666575431824,1.0
2640,3.9000000000000004,-6.1,11,Hero,0.6854682652470232,1.0
2641,3.8000000000000007,-6.199999999999999,12,Hero,0.5229749282201132,1.0
2642,2.2999999999999994,-7.700000000000001,27,Hero,0.5119039443907915,1.0
2643,3.4000000000000004,-6.6,16,Hero,0.5513466070406139,1.0
2644,4.2,-5.8,8,Hero,0.7722043693065643,1.0
2645,3.6000000000000005,-6.3999999999999995,14,Hero,0.6308148034981319,1.0
2646,4.4,-5.6,6,Hero,0.5881439844767252,1.0
2647,-5.6,4.4,6,Villain,0.8033251562155783,1.0
2648,4.7,-5.3,3,Hero,0.5100034177303314,1.0
2649,3.7,-6.3,13,Hero,0.5644791630598215,1.0
2650,4.4,-5.6,6,Hero,0.5477749357620875,1.0
2651,3.9000000000000004,-6.1,11,Hero,0.5686490075154738,1.0
2652,4.5,-5.5,5,Hero,0.6378763675689697,1.0
2653,3.3,-6.7,17,Hero,0.5171021482742885,1.0
2654,4.0,-6.0,10,Hero,0.4918940499424934,1.0
2655,3.0,-7.0,20,Hero,0.565146841108799,1.0
2656,3.7,-6.3,13,Hero,0.537268308779368,1.0
2657,3.3,-6.7,17,Hero,0.5106210954049054,1.0
2658,4.300000000000001,-5.699999999999999,7,Hero,0.6365556333746228,1.0
2659,3.8000000000000007,-6.199999999999999,12,Hero,0.677585115035375,1.0
2660,3.2,-6.8,18,Hero,0.4498021888236205,1.0
2661,2.9,-7.1,21,Hero,0.52303465846039,1.0
2662,3.3,-6.7,17,Hero,0.66860280098284,1.0
2663,4.1000000000000005,-5.8999999999999995,9,Hero,0.5726516230238808,1.0
2664,3.0,-7.0,20,Hero,0.5426834319718182,1.0
2665,2.099999999999999,-7.9,29,Hero,0.5246035009622574,1.0
2666,1.4999999999999987,-8.500000000000002,35,Hero,0.5124958270362445,1.0
2667,4.5,-5.5,5,Hero,0.7533958666026592,1.0
2668,4.6000000000000005,-5.3999999999999995,4,Hero,0.7303532585501671,1.0
2669,2.4999999999999996,-7.5,25,Hero,0.527198507077992,1.0
2670,4.7,-5.3,3,Hero,0.5585890511671702,1.0
2671,3.9000000000000004,-6.1,11,Hero,0.5703555968674746,1.0
2672,3.0,-7.0,20,Hero,0.4654813831672072,1.0
2673,-5.3999999999999995,4.6000000000000005,4,Villain,0.9501465409994125,1.0
2674,3.9000000000000004,-6.1,11,Hero,0.5879012942314148,1.0
2675,1.9999999999999991,-8.0,30,Hero,0.530875763297081,1.0
2676,3.6000000000000005,-6.3999999999999995,14,Hero,0.49147521142315653,1.0
2677,-4.999999999999998,-4.999999999999998,50,None,0.42419991761445996,1.0
2678,-4.999999999999998,-4.999999999999998,50,None,0.38662245362997055,1.0
2679,4.9,-5.1,1,Hero,0.789770245552063,1.0
2680,3.7,-6.3,13,Hero,0.6606728480412409,1.0
2681,4.0,-6.0,10,Hero,0.6076709687709808,1.0
2682,3.9000000000000004,-6.1,11,Hero,0.7166642925956033,1.0
2683,3.7,-6.3,13,Hero,0.47884203493595123,1.0
2684,3.5,-6.5,15,Hero,0.5256654062618812,1.0
2685,3.6000000000000005,-6.3999999999999995,14,Hero,0.5702203959226608,1.0
2686,4.9,-5.1,1,Hero,0.9126701951026917,1.0
2687,4.7,-5.3,3,Hero,0.6185845037301382,1.0
2688,4.1000000000000005,-5.8999999999999995,9,Hero,0.7628504832585653,1.0
2689,2.8,-7.2,22,Hero,0.48252835196696897,1.0
2690,4.2,-5.8,8,Hero,0.48040549107827246,1.0
2691,4.4,-5.6,6,Hero,0.542170820136865,1.0
2692,4.4,-5.6,6,Hero,0.5268295953671137,1.0
2693,4.1000000000000005,-5.8999999999999995,9,Hero,0.5705517828464508,1.0
2694,2.9,-7.1,21,Hero,0.5186538900293055,1.0
2695,3.8000000000000007,-6.199999999999999,12,Hero,0.5861744210124016,1.0
2696,4.2,-5.8,8,Hero,0.8079707128927112,1.0
2697,4.300000000000001,-5.699999999999999,7,Hero,0.5811177151543754,1.0
2698,4.5,-5.5,5,Hero,0.6995544910430909,1.0
2699,3.0999999999999996,-6.9,19,Hero,0.5800245917941395,1.0
2700,2.2999999999999994,-7.700000000000001,27,Hero,0.47799711688249197,1.0
2701,3.2,-6.8,18,Hero,0.6057810874448882,1.0
2702,3.3,-6.7,17,Hero,0.561520066769684,1.0
2703,3.4000000000000004,-6.6,16,Hero,0.5767161613330245,1.0
2704,3.6000000000000005,-6.3999999999999995,14,Hero,0.5581756494939327,1.0
2705,3.4000000000000004,-6.6,16,Hero,0.45733183808624744,1.0
2706,3.4000000000000004,-6.6,16,Hero,0.5445563467219472,1.0
2707,4.1000000000000005,-5.8999999999999995,9,Hero,0.5648672779401144,1.0
2708,4.2,-5.8,8,Hero,0.6072947904467583,1.0
2709,4.5,-5.5,5,Hero,0.7235770344734191,1.0
2710,3.9000000000000004,-6.1,11,Hero,0.7479555281725797,1.0
2711,3.9000000000000004,-6.1,11,Hero,0.6628130105408755,1.0
2712,3.6000000000000005,-6.3999999999999995,14,Hero,0.4976795734837651,1.0
2713,4.0,-6.0,10,Hero,0.6356043592095375,1.0
2714,3.9000000000000004,-6.1,11,Hero,0.7249595644799146,1.0
2715,4.5,-5.5,5,Hero,0.7756890639662742,1.0
2716,4.1000000000000005,-5.8999999999999995,9,Hero,0.746579627195994,1.0
2717,4.6000000000000005,-5.3999999999999995,4,Hero,0.8207357972860336,1.0
2718,4.300000000000001,-5.699999999999999,7,Hero,0.9186066048485892,1.0
2719,3.9000000000000004,-6.1,11,Hero,0.5506736322052099,1.0
2720,3.9000000000000004,-6.1,11,Hero,0.5610003796490756,1.0
2721,4.6000000000000005,-5.3999999999999995,4,Hero,0.5399662256240845,1.0
2722,4.2,-5.8,8,Hero,0.791426058858633,1.0
2723,-5.3999999999999995,4.6000000000000005,4,Villain,0.7234191559255123,1.0
2724,4.7,-5.3,3,Hero,0.5500207543373108,1.0
2725,4.0,-6.0,10,Hero,0.6868856623768806,1.0
2726,3.6000000000000005,-6.3999999999999995,14,Hero,0.5146871038845607,1.0
2727,4.9,-5.1,1,Hero,0.6126700043678284,1.0
2728,4.4,-5.6,6,Hero,0.9378871222337087,1.0
2729,4.6000000000000005,-5.3999999999999995,4,Hero,0.9075565785169601,1.0
2730,-5.3999999999999995,4.6000000000000005,4,Villain,0.5347825065255165,1.0
2731,4.800000000000001,-5.199999999999999,2,Hero,0.5531521439552307,1.0
2732,3.2,-6.8,18,Hero,0.6296229081021415,1.0
2733,4.4,-5.6,6,Hero,0.8148378133773804,1.0
2734,3.6000000000000005,-6.3999999999999995,14,Hero,0.5992452667227813,1.0
2735,3.8000000000000007,-6.199999999999999,12,Hero,0.5672304555773735,1.0
2736,4.0,-6.0,10,Hero,0.6725990146398544,1.0
2737,4.5,-5.5,5,Hero,0.6085849642753601,1.0
2738,2.6999999999999997,-7.300000000000001,23,Hero,0.5354023536910182,1.0
2739,4.1000000000000005,-5.8999999999999995,9,Hero,0.6641287373171912,1.0
2740,4.4,-5.6,6,Hero,0.6537503749132156,1.0
2741,4.300000000000001,-5.699999999999999,7,Hero,0.5285219124385289,1.0
2742,3.9000000000000004,-6.1,11,Hero,0.5332093650305813,1.0
2743,3.5,-6.5,15,Hero,0.638156909806033,1.0
2744,2.9,-7.1,21,Hero,0.5563366560354119,1.0
2745,2.9,-7.1,21,Hero,0.5309977177530527,1.0
2746,3.9000000000000004,-6.1,11,Hero,0.5718000070615248,1.0
2747,4.300000000000001,-5.699999999999999,7,Hero,0.9238195674760001,1.0
2748,3.9000000000000004,-6.1,11,Hero,0.5183913978663358,1.0
2749,4.2,-5.8,8,Hero,0.9147902801632881,1.0
2750,4.0,-6.0,10,Hero,0.731118693947792,1.0
2751,3.6000000000000005,-6.3999999999999995,14,Hero,0.6180157704012734,1.0
2752,4.2,-5.8,8,Hero,0.8390306308865547,1.0
2753,4.1000000000000005,-5.8999999999999995,9,Hero,0.5847756862640381,1.0
2754,3.0,-7.0,20,Hero,0.5067613816820085,1.0
2755,4.300000000000001,-5.699999999999999,7,Hero,0.8083160477025169,1.0
2756,4.2,-5.8,8,Hero,0.5962119661271572,1.0
2757,3.8000000000000007,-6.199999999999999,12,Hero,0.635963304589192,1.0
2758,3.8000000000000007,-6.199999999999999,12,Hero,0.6452260697260499,1.0
2759,3.8000000000000007,-6.199999999999999,12,Hero,0.677977037926515,1.0
2760,3.9000000000000004,-6.1,11,Hero,0.642957245761698,1.0
2761,4.0,-6.0,10,Hero,0.49761687917634845,1.0
2762,3.4000000000000004,-6.6,16,Hero,0.5306972768157721,1.0
2763,-5.5,4.5,5,Villain,0.7911359071731567,1.0
2764,4.4,-5.6,6,Hero,0.6303647756576538,1.0
2765,4.0,-6.0,10,Hero,0.8234226807951928,1.0
2766,3.0999999999999996,-6.9,19,Hero,0.45227728333128125,1.0
2767,4.300000000000001,-5.699999999999999,7,Hero,0.632099062204361,1.0
2768,3.4000000000000004,-6.6,16,Hero,0.5594802275300026,1.0
2769,2.6999999999999997,-7.300000000000001,23,Hero,0.4978289076167604,1.0
2770,3.7,-6.3,13,Hero,0.5780845697109516,1.0
2771,4.6000000000000005,-5.3999999999999995,4,Hero,0.8743937462568283,1.0
2772,3.5,-6.5,15,Hero,0.5484641303618749,1.0
2773,-5.6,4.4,6,Villain,0.5872920428713163,1.0
2774,3.7,-6.3,13,Hero,0.625298199745325,1.0
2775,4.0,-6.0,10,Hero,0.6534474074840546,1.0
2776,1.9999999999999991,-8.0,30,Hero,0.47675497103482484,1.0
2777,2.4999999999999996,-7.5,25,Hero,0.5111059218645095,1.0
2778,4.0,-6.0,10,Hero,0.6289047598838806,1.0
2779,3.8000000000000007,-6.199999999999999,12,Hero,0.5168357516328493,1.0
2780,4.5,-5.5,5,Hero,0.596505057811737,1.0
2781,3.2,-6.8,18,Hero,0.566047704882092,1.0
2782,-5.3,4.7,3,Villain,0.3503375252087911,1.0
2783,4.9,-5.1,1,Hero,0.9210151433944702,1.0
2784,2.2999999999999994,-7.700000000000001,27,Hero,0.47081737330666296,1.0
2785,1.0999999999999983,-8.900000000000002,39,Hero,0.453322199292672,1.0
2786,-4.999999999999998,-4.999999999999998,50,None,0.6215862484276294,1.0
2787,4.2,-5.8,8,Hero,0.4163451883941889,1.0
2788,-4.999999999999998,-4.999999999999998,50,None,0.47245823800563813,1.0
2789,4.2,-5.8,8,Hero,0.8142153080552816,1.0
2790,3.6000000000000005,-6.3999999999999995,14,Hero,0.5513828758682523,1.0
2791,2.1999999999999993,-7.800000000000001,28,Hero,0.5132244239960398,1.0
2792,3.6000000000000005,-6.3999999999999995,14,Hero,0.5543793556945664,1.0
2793,4.800000000000001,-5.199999999999999,2,Hero,0.9716128408908844,1.0
2794,3.6000000000000005,-6.3999999999999995,14,Hero,0.62649553162711,1.0
2795,0.8999999999999986,-9.100000000000001,41,Hero,0.51697042613949,1.0
2796,-4.999999999999998,-4.999999999999998,50,None,0.4940531612932682,1.0
2797,3.3,-6.7,17,Hero,0.5507969746694845,1.0
2798,3.8000000000000007,-6.199999999999999,12,Hero,0.4746103522678216,1.0
2799,3.8000000000000007,-6.199999999999999,12,Hero,0.7425239303459724,1.0
2800,2.1999999999999993,-7.800000000000001,28,Hero,0.5335376049791064,1.0
2801,4.5,-5.5,5,Hero,0.939692759513855,1.0
2802,4.0,-6.0,10,Hero,0.5499754253774881,1.0
2803,3.0999999999999996,-6.9,19,Hero,0.5235625615245417,1.0
2804,1.799999999999999,-8.200000000000001,32,Hero,0.5078187491744757,1.0
2805,2.9,-7.1,21,Hero,0.5114453906814257,1.0
2806,2.2999999999999994,-7.700000000000001,27,Hero,0.6017514323746717,1.0
2807,4.1000000000000005,-5.8999999999999995,9,Hero,0.8393371022409863,1.0
2808,2.6999999999999997,-7.300000000000001,23,Hero,0.475004598012437,1.0
2809,4.5,-5.5,5,Hero,0.5814709961414337,1.0
2810,3.4000000000000004,-6.6,16,Hero,0.5224141031503677,1.0
2811,3.2,-6.8,18,Hero,0.45666535447041195,1.0
2812,3.9000000000000004,-6.1,11,Hero,0.5315850322896783,1.0
2813,2.3999999999999995,-7.6000000000000005,26,Hero,0.5864606400808463,1.0
2814,4.2,-5.8,8,Hero,0.6685706786811352,1.0
2815,4.0,-6.0,10,Hero,0.5686955511569977,1.0
2816,3.9000000000000004,-6.1,11,Hero,0.5982498308135704,1.0
2817,2.9,-7.1,21,Hero,0.45123994776180815,1.0
2818,2.3999999999999995,-7.6000000000000005,26,Hero,0.5063010126782151,1.0
2819,4.7,-5.3,3,Hero,0.3323822021484375,1.0
2820,4.5,-5.5,5,Hero,0.5919060707092285,1.0
2821,2.099999999999999,-7.9,29,Hero,0.5110494255505759,1.0
2822,2.9,-7.1,21,Hero,0.46106721247945515,1.0
2823,4.2,-5.8,8,Hero,0.6644730269908905,1.0
2824,2.8,-7.2,22,Hero,0.5400404152883724,1.0
2825,4.2,-5.8,8,Hero,0.7698048204183578,1.0
2826,2.5999999999999996,-7.4,24,Hero,0.5748681214948496,1.0
2827,4.4,-5.6,6,Hero,0.6538537666201591,1.0
2828,3.8000000000000007,-6.199999999999999,12,Hero,0.5908788529535135,1.0
2829,3.4000000000000004,-6.6,16,Hero,0.4880287616979331,1.0
2830,3.6000000000000005,-6.3999999999999995,14,Hero,0.43013181909918785,1.0
2831,3.2,-6.8,18,Hero,0.6016816890074147,1.0
2832,2.5999999999999996,-7.4,24,Hero,0.48726417729631066,1.0
2833,3.9000000000000004,-6.1,11,Hero,0.6262547780166973,1.0
2834,2.1999999999999993,-7.800000000000001,28,Hero,0.5411197042890957,1.0
2835,4.2,-5.8,8,Hero,0.6793851815164089,1.0
2836,4.300000000000001,-5.699999999999999,7,Hero,0.4971759617328644,1.0
2837,4.6000000000000005,-5.3999999999999995,4,Hero,0.968510240316391,1.0
2838,2.6999999999999997,-7.300000000000001,23,Hero,0.4906421517548354,1.0
2839,-5.6,4.4,6,Villain,0.782165934642156,1.0
2840,-5.199999999999999,4.800000000000001,2,Villain,0.4214732348918915,1.0
2841,3.3,-6.7,17,Hero,0.6451587650705787,1.0
2842,4.2,-5.8,8,Hero,0.7005654387176037,1.0
2843,-5.199999999999999,4.800000000000001,2,Villain,0.43656352162361145,1.0
2844,3.7,-6.3,13,Hero,0.5799216903173007,1.0
2845,3.6000000000000005,-6.3999999999999995,14,Hero,0.5957835902060781,1.0
2846,4.2,-5.8,8,Hero,0.5819898163899779,1.0
2847,2.6999999999999997,-7.300000000000001,23,Hero,0.5532110065383755,1.0
2848,3.3,-6.7,17,Hero,0.5527062424842049,1.0
2849,3.6000000000000005,-6.3999999999999995,14,Hero,0.4976426458784512,1.0
2850,3.4000000000000004,-6.6,16,Hero,0.6272345008328557,1.0
2851,4.2,-5.8,8,Hero,0.9515992403030396,1.0
2852,3.2,-6.8,18,Hero,0.5934924294965135,1.0
2853,2.099999999999999,-7.9,29,Hero,0.5657673768442253,1.0
2854,4.1000000000000005,-5.8999999999999995,9,Hero,0.4660055571132236,1.0
2855,3.7,-6.3,13,Hero,0.7040430318850738,1.0
2856,2.9,-7.1,21,Hero,0.5784761841808047,1.0
2857,3.2,-6.8,18,Hero,0.5321909905307822,1.0
2858,4.300000000000001,-5.699999999999999,7,Hero,0.6056654836450305,1.0
2859,4.7,-5.3,3,Hero,0.9593162536621094,1.0
2860,3.4000000000000004,-6.6,16,Hero,0.5838937908411026,1.0
2861,3.3,-6.7,17,Hero,0.5768363686168895,1.0
2862,4.2,-5.8,8,Hero,0.6130676865577698,1.0
2863,4.0,-6.0,10,Hero,0.6924243360757828,1.0
2864,3.3,-6.7,17,Hero,0.5351227828684975,1.0
2865,4.2,-5.8,8,Hero,0.6089175585657358,1.0
2866,3.6000000000000005,-6.3999999999999995,14,Hero,0.5951034635571497,1.0
2867,4.4,-5.6,6,Hero,0.9677180250485738,1.0
2868,3.5,-6.5,15,Hero,0.5950925687948863,1.0
2869,4.0,-6.0,10,Hero,0.714895592071116,1.0
2870,4.0,-6.0,10,Hero,0.875700195133686,1.0
2871,3.3,-6.7,17,Hero,0.5956821003380943,1.0
2872,3.3,-6.7,17,Hero,0.47836264200946865,1.0
2873,3.6000000000000005,-6.3999999999999995,14,Hero,0.5816563660545009,1.0
2874,4.300000000000001,-5.699999999999999,7,Hero,0.5712592431477138,1.0
2875,4.6000000000000005,-5.3999999999999995,4,Hero,0.9579336643218994,1.0
2876,3.9000000000000004,-6.1,11,Hero,0.7157581333409656,1.0
2877,2.8,-7.2,22,Hero,0.5984505204991861,1.0
2878,3.8000000000000007,-6.199999999999999,12,Hero,0.47708067918817204,1.0
2879,4.0,-6.0,10,Hero,0.5355046421289444,1.0
2880,2.9,-7.1,21,Hero,0.48867069078343256,1.0
2881,2.9,-7.1,21,Hero,0.41435186848753974,1.0
2882,1.6999999999999988,-8.3,33,Hero,0.4200695992136995,1.0
2883,2.9,-7.1,21,Hero,0.5944197951328187,1.0
2884,3.5,-6.5,15,Hero,0.659004827340444,1.0
2885,3.6000000000000005,-6.3999999999999995,14,Hero,0.5224437463496413,1.0
2886,4.4,-5.6,6,Hero,0.624515766898791,1.0
2887,4.1000000000000005,-5.8999999999999995,9,Hero,0.49854841497209335,1.0
2888,2.5999999999999996,-7.4,24,Hero,0.5167208754767975,1.0
2889,4.5,-5.5,5,Hero,0.5945679783821106,1.0
2890,3.9000000000000004,-6.1,11,Hero,0.6007351062514565,1.0
2891,3.8000000000000007,-6.199999999999999,12,Hero,0.5806699047485987,1.0
2892,3.6000000000000005,-6.3999999999999995,14,Hero,0.5805810200316566,1.0
2893,3.8000000000000007,-6.199999999999999,12,Hero,0.5687837973237038,1.0
2894,3.9000000000000004,-6.1,11,Hero,0.667406293478879,1.0
2895,4.9,-5.1,1,Hero,0.9682400226593018,1.0
2896,4.2,-5.8,8,Hero,0.717456828802824,1.0
2897,4.1000000000000005,-5.8999999999999995,9,Hero,0.5469866825474633,1.0
2898,3.6000000000000005,-6.3999999999999995,14,Hero,0.5797686651349068,1.0
2899,4.0,-6.0,10,Hero,0.7149196922779083,1.0
2900,4.1000000000000005,-5.8999999999999995,9,Hero,0.570579351650344,1.0
2901,3.8000000000000007,-6.199999999999999,12,Hero,0.42630299118657905,1.0
2902,3.5,-6.5,15,Hero,0.541245033343633,1.0
2903,4.6000000000000005,-5.3999999999999995,4,Hero,0.7465160936117172,1.0
2904,3.0999999999999996,-6.9,19,Hero,0.6062190960112371,1.0
2905,3.9000000000000004,-6.1,11,Hero,0.5510996722362258,1.0
2906,3.9000000000000004,-6.1,11,Hero,0.6336123834956776,1.0
2907,3.5,-6.5,15,Hero,0.575442357858022,1.0
2908,4.9,-5.1,1,Hero,0.8781467080116272,1.0
2909,4.300000000000001,-5.699999999999999,7,Hero,0.5430988711970193,1.0
2910,-5.1,4.9,1,Villain,0.7427282929420471,1.0
2911,-5.199999999999999,4.800000000000001,2,Villain,0.8788789212703705,1.0
2912,2.3999999999999995,-7.6000000000000005,26,Hero,0.5510652821797591,1.0
2913,4.4,-5.6,6,Hero,0.5723619858423868,1.0
2914,3.7,-6.3,13,Hero,0.6012760194448324,1.0
2915,3.6000000000000005,-6.3999999999999995,14,Hero,0.5358333090054137,1.0
2916,3.9000000000000004,-6.1,11,Hero,0.625471904873848,1.0
2917,3.9000000000000004,-6.1,11,Hero,0.7834719094363126,1.0
2918,1.9999999999999991,-8.0,30,Hero,0.6003359030932188,1.0
2919,4.7,-5.3,3,Hero,0.3834235171477,1.0
2920,4.300000000000001,-5.699999999999999,7,Hero,0.6837607622146606,1.0
2921,4.1000000000000005,-5.8999999999999995,9,Hero,0.5420717630121443,1.0
2922,4.7,-5.3,3,Hero,0.8787206212679545,1.0
2923,4.6000000000000005,-5.3999999999999995,4,Hero,0.45529115572571754,1.0
2924,3.5,-6.5,15,Hero,0.5784486095110576,1.0
2925,4.2,-5.8,8,Hero,0.5312755554914474,1.0
2926,4.0,-6.0,10,Hero,0.5643704235553741,1.0
2927,4.5,-5.5,5,Hero,0.5809886932373047,1.0
2928,-4.999999999999998,-4.999999999999998,50,None,0.43615652617067097,1.0
2929,3.6000000000000005,-6.3999999999999995,14,Hero,0.6134455951728991,1.0
2930,2.4999999999999996,-7.5,25,Hero,0.5292915773391723,1.0
2931,-5.699999999999999,4.300000000000001,7,Villain,0.4062222284930093,1.0
2932,3.0,-7.0,20,Hero,0.504834414832294,1.0
2933,3.9000000000000004,-6.1,11,Hero,0.5022723607041619,1.0
2934,4.2,-5.8,8,Hero,0.566749943420291,1.0
2935,3.3,-6.7,17,Hero,0.5677695067270714,1.0
2936,4.5,-5.5,5,Hero,0.5570392832159996,1.0
2937,3.4000000000000004,-6.6,16,Hero,0.547442229843,1.0
2938,3.3,-6.7,17,Hero,0.5073904250474537,1.0
2939,3.0,-7.0,20,Hero,0.6538727685809136,1.0
2940,3.8000000000000007,-6.199999999999999,12,Hero,0.46669119596481323,1.0
2941,-5.199999999999999,4.800000000000001,2,Villain,0.20032019168138504,1.0
2942,3.9000000000000004,-6.1,11,Hero,0.524381158026782,1.0
2943,3.5,-6.5,15,Hero,0.5050483127435048,1.0
2944,3.6000000000000005,-6.3999999999999995,14,Hero,0.5510971163000379,1.0
2945,2.1999999999999993,-7.800000000000001,28,Hero,0.6061306348336595,1.0
2946,4.300000000000001,-5.699999999999999,7,Hero,0.5302478724292347,1.0
2947,4.5,-5.5,5,Hero,0.9256319403648376,1.0
2948,2.8,-7.2,22,Hero,0.48061803863807157,1.0
2949,4.5,-5.5,5,Hero,0.921707022190094,1.0
2950,3.7,-6.3,13,Hero,0.5162868465368564,1.0
2951,4.2,-5.8,8,Hero,0.5004390552639961,1.0
2952,2.1999999999999993,-7.800000000000001,28,Hero,0.41050294573817936,1.0
2953,4.9,-5.1,1,Hero,0.770891547203064,1.0
2954,3.5,-6.5,15,Hero,0.7321363319953282,1.0
2955,3.5,-6.5,15,Hero,0.5930410742759704,1.0
2956,4.4,-5.6,6,Hero,0.6699107786019644,1.0
2957,4.1000000000000005,-5.8999999999999995,9,Hero,0.6503592100408342,1.0
2958,2.6999999999999997,-7.300000000000001,23,Hero,0.5299740598901458,1.0
2959,3.7,-6.3,13,Hero,0.7507043778896332,1.0
2960,4.2,-5.8,8,Hero,0.7631997913122177,1.0
2961,4.5,-5.5,5,Hero,0.6389376938343048,1.0
2962,3.4000000000000004,-6.6,16,Hero,0.5794909242540598,1.0
2963,-5.5,4.5,5,Villain,0.4981191545724869,1.0
2964,3.6000000000000005,-6.3999999999999995,14,Hero,0.6007677369884082,1.0
2965,4.1000000000000005,-5.8999999999999995,9,Hero,0.5133692026138306,1.0
2966,3.7,-6.3,13,Hero,0.4638433548120352,1.0
2967,4.4,-5.6,6,Hero,0.7455844581127167,1.0
2968,3.2,-6.8,18,Hero,0.6314023942169216,1.0
2969,3.2,-6.8,18,Hero,0.46087970915767884,1.0
2970,-5.8999999999999995,4.1000000000000005,9,Villain,0.5965821709897783,1.0
2971,2.5999999999999996,-7.4,24,Hero,0.49701944707582396,1.0
2972,4.1000000000000005,-5.8999999999999995,9,Hero,0.6365056220028136,1.0
2973,4.300000000000001,-5.699999999999999,7,Hero,0.5008584899561745,1.0
2974,3.8000000000000007,-6.199999999999999,12,Hero,0.7120388391146358,1.0
2975,3.2,-6.8,18,Hero,0.6748603996303346,1.0
2976,2.6999999999999997,-7.300000000000001,23,Hero,0.6085544549252676,1.0
2977,4.1000000000000005,-5.8999999999999995,9,Hero,0.5464187123709254,1.0
2978,3.5,-6.5,15,Hero,0.5578271756569545,1.0
2979,3.2,-6.8,18,Hero,0.5704362764954567,1.0
2980,4.0,-6.0,10,Hero,0.6614289596676827,1.0
2981,4.6000000000000005,-5.3999999999999995,4,Hero,0.6996925994753838,1.0
2982,4.9,-5.1,1,Hero,0.664855420589447,1.0
2983,1.1999999999999984,-8.8,38,Hero,0.5869112138293291,1.0
2984,4.1000000000000005,-5.8999999999999995,9,Hero,0.4576448053121567,1.0
2985,3.6000000000000005,-6.3999999999999995,14,Hero,0.6188829370907375,1.0
2986,4.5,-5.5,5,Hero,0.5330576926469803,1.0
2987,1.899999999999999,-8.100000000000001,31,Hero,0.6115533002922612,1.0
2988,4.800000000000001,-5.199999999999999,2,Hero,0.6100355982780457,1.0
2989,2.9,-7.1,21,Hero,0.621418392374402,1.0
2990,3.5,-6.5,15,Hero,0.7657020707925161,1.0
2991,3.5,-6.5,15,Hero,0.507877093553543,1.0
2992,0.10000000000000142,-9.899999999999999,49,Hero,0.6248045965116851,1.0
2993,4.5,-5.5,5,Hero,0.6948801219463349,1.0
2994,3.3,-6.7,17,Hero,0.45018772430279674,1.0
2995,4.300000000000001,-5.699999999999999,7,Hero,0.47331641401563374,1.0
2996,4.800000000000001,-5.199999999999999,2,Hero,0.45776282250881195,1.0
2997,-4.999999999999998,-4.999999999999998,50,None,0.5755045266449451,1.0
2998,3.9000000000000004,-6.1,11,Hero,0.6969198015603152,1.0
2999,3.6000000000000005,-6.3999999999999995,14,Hero,0.5929593055375985,1.0
3000,-5.199999999999999,4.800000000000001,2,Villain,0.7253953516483307,1.0
