episode,hero_reward,villain_reward,steps,winner,hero_avg_prob,villain_avg_prob
1,1.5999999999999988,-8.400000000000002,34,Hero,0.32294441671932445,0.5221386965473785
2,2.3999999999999995,-7.6000000000000005,26,Hero,0.32552080802046335,0.5990419886433161
3,2.1999999999999993,-7.800000000000001,28,Hero,0.37746082352740423,0.537468284368515
4,3.6000000000000005,-6.3999999999999995,14,Hero,0.37178323417901993,0.5075227639504841
5,2.2999999999999994,-7.700000000000001,27,Hero,0.36489436789243307,0.4598673027422693
6,0.8999999999999986,-9.100000000000001,41,Hero,0.4170901226561244,0.41011395005554685
7,-8.3,1.6999999999999988,33,Villain,0.48106328510876856,0.3373301970687779
8,0.5999999999999996,-9.4,44,Hero,0.3938348252664913,0.3339544977484779
9,4.300000000000001,-5.699999999999999,7,Hero,0.41848580113479067,0.2172875138265746
10,2.099999999999999,-7.9,29,Hero,0.3819736720159136,0.4390259315741473
11,2.9,-7.1,21,Hero,0.4318148923062143,0.6542549289408184
12,3.0,-7.0,20,Hero,0.3923483662307262,0.5886236082762479
13,3.6000000000000005,-6.3999999999999995,14,Hero,0.3678727096744946,0.7247813173702785
14,4.300000000000001,-5.699999999999999,7,Hero,0.6484341674617359,0.45067099588257925
15,-6.7,3.3,17,Villain,0.4952125899931964,0.6862816115950837
16,-8.100000000000001,1.899999999999999,31,Villain,0.5778062468574893,0.6527617103570411
17,-8.100000000000001,1.899999999999999,31,Villain,0.8404425012488519,0.7896805373170683
18,-9.100000000000001,0.8999999999999986,41,Villain,0.7374541494177609,0.7827018911882144
19,-4.999999999999998,-4.999999999999998,50,None,0.6474883986636997,0.6053392760455608
20,-4.999999999999998,-4.999999999999998,50,None,0.6215614604949952,0.8100205685198307
21,1.4999999999999987,-8.500000000000002,35,Hero,0.7646377081317561,0.7830327493803841
22,4.5,-5.5,5,Hero,0.9711949586868286,0.360493678227067
23,-4.999999999999998,-4.999999999999998,50,None,0.9313166607916356,0.9062392822280526
24,4.1000000000000005,-5.8999999999999995,9,Hero,0.9893618027369181,0.7954238181312879
25,-4.999999999999998,-4.999999999999998,50,None,0.6774909212440252,0.6523873307555914
26,-7.300000000000001,2.6999999999999997,23,Villain,0.5065050973840381,0.744910083387209
27,0.40000000000000036,-9.6,46,Hero,0.9112657052464783,0.8527990971975352
28,-4.999999999999998,-4.999999999999998,50,None,0.9241007482074202,0.8171451643854379
29,-5.1,4.9,1,Villain,0.9659929275512695,0.9671084880828857
30,-4.999999999999998,-4.999999999999998,50,None,0.8904181733727455,0.9144629853963852
31,-4.999999999999998,-4.999999999999998,50,None,0.6743912427127361,0.9388982928264886
32,4.300000000000001,-5.699999999999999,7,Hero,0.9920508946691241,0.9864604813711983
33,4.1000000000000005,-5.8999999999999995,9,Hero,0.9938999281989204,0.9940783381462097
34,-4.999999999999998,-4.999999999999998,50,None,0.7181626504659653,0.9792498660087585
35,1.0999999999999983,-8.900000000000002,39,Hero,0.9468875448100078,0.9769555345559732
36,4.1000000000000005,-5.8999999999999995,9,Hero,0.8722236268222332,0.9886328644222684
37,-4.999999999999998,-4.999999999999998,50,None,0.7060505383461714,0.9437437337078154
38,-5.6,4.4,6,Villain,0.4008215367794037,0.9969939390818278
39,3.3,-6.7,17,Hero,0.9140746730434544,0.9901244885781232
40,-4.999999999999998,-4.999999999999998,50,None,0.6358045860379934,0.987432234287262
41,-7.6000000000000005,2.3999999999999995,26,Villain,0.7774583866389898,0.9969041026555575
42,-4.999999999999998,-4.999999999999998,50,None,0.8203306433558464,0.9983269155025483
43,-4.999999999999998,-4.999999999999998,50,None,0.8064443501830101,0.9961175441741943
44,-4.999999999999998,-4.999999999999998,50,None,0.8925375427864491,0.9935319685935974
45,-7.2,2.8,22,Villain,0.49538935483856633,0.9849999032237313
46,-4.999999999999998,-4.999999999999998,50,None,0.8251453493535519,0.9977490925788879
47,-4.999999999999998,-4.999999999999998,50,None,0.9090529558062553,0.9422212425619364
48,-4.999999999999998,-4.999999999999998,50,None,0.9655381675623357,0.996619348526001
49,-4.999999999999998,-4.999999999999998,50,None,0.9404967880621552,0.9720257863379084
50,-4.999999999999998,-4.999999999999998,50,None,0.789458516612649,0.9693750662542879
51,-6.5,3.5,15,Villain,0.6737676079074542,0.9966590364774068
52,-8.100000000000001,1.899999999999999,31,Villain,0.820102957197495,0.9968393656515306
53,-4.999999999999998,-4.999999999999998,50,None,0.7161618168652057,0.972692708261311
54,-7.4,2.5999999999999996,24,Villain,0.8159596477635205,0.9957511747876803
55,-4.999999999999998,-4.999999999999998,50,None,0.9293516193702817,0.9967403995990753
56,-4.999999999999998,-4.999999999999998,50,None,0.9762112510204315,0.9986275386810303
57,-4.999999999999998,-4.999999999999998,50,None,0.9164978435728699,0.9587514398584608
58,-4.999999999999998,-4.999999999999998,50,None,0.9630525336042046,0.9759868477890268
59,-4.999999999999998,-4.999999999999998,50,None,0.9655106139741838,0.9939452302455902
60,-6.3,3.7,13,Villain,0.7104826337174297,0.9968535304069519
61,-4.999999999999998,-4.999999999999998,50,None,0.817935646623373,0.975491102617234
62,-4.999999999999998,-4.999999999999998,50,None,0.9760547804832459,0.9832328987121582
63,-4.999999999999998,-4.999999999999998,50,None,0.9276185316592455,0.965672257496044
64,-4.999999999999998,-4.999999999999998,50,None,0.9902614760398865,0.9987130832672119
65,-4.999999999999998,-4.999999999999998,50,None,0.9767732942104339,0.9946714746952057
66,-4.999999999999998,-4.999999999999998,50,None,0.8758836477249861,0.9984238803386688
67,-4.999999999999998,-4.999999999999998,50,None,0.9308788816630841,0.9980867528915405
68,-8.200000000000001,1.799999999999999,32,Villain,0.9527148604247486,0.9989828933030367
69,4.1000000000000005,-5.8999999999999995,9,Hero,0.8809236188729604,0.8589391876012087
70,4.9,-5.1,1,Hero,0.9919368028640747,0.99812251329422
71,-4.999999999999998,-4.999999999999998,50,None,0.9731408309936523,0.999568966627121
72,-4.999999999999998,-4.999999999999998,50,None,0.941469613313675,0.9928680551052094
73,-4.999999999999998,-4.999999999999998,50,None,0.7897479253727943,0.9983157992362977
74,1.3999999999999986,-8.600000000000001,36,Hero,0.9440436482739946,0.9585073390561674
75,-4.999999999999998,-4.999999999999998,50,None,0.8359921644628048,0.9993345880508423
76,-4.999999999999998,-4.999999999999998,50,None,0.8248740807175636,0.9993508839607239
77,-6.3999999999999995,3.6000000000000005,14,Villain,0.5289776189518827,0.976714666400637
78,4.1000000000000005,-5.8999999999999995,9,Hero,0.732512759251727,0.992636091179318
79,4.300000000000001,-5.699999999999999,7,Hero,0.6902011185884476,0.9936141542025975
80,-4.999999999999998,-4.999999999999998,50,None,0.6791063281148673,0.9917270123958588
81,1.4999999999999987,-8.500000000000002,35,Hero,0.6585915833711624,0.9701369742995927
82,4.0,-6.0,10,Hero,0.653032049536705,0.9827607274055481
83,3.7,-6.3,13,Hero,0.6067621970835787,0.9943121075630188
84,3.9000000000000004,-6.1,11,Hero,0.48651098730889236,0.991574682972648
85,4.4,-5.6,6,Hero,0.4830113699038823,0.9953696926434835
86,3.5,-6.5,15,Hero,0.5104181256145239,0.9694634199142456
87,2.8,-7.2,22,Hero,0.49310545894232666,0.9969918402758512
88,1.799999999999999,-8.200000000000001,32,Hero,0.5682260503526777,0.997863968834281
89,-5.3,4.7,3,Villain,0.5247958078980446,0.9868116974830627
90,3.6000000000000005,-6.3999999999999995,14,Hero,0.45230574905872345,0.9828048774174282
91,3.2,-6.8,18,Hero,0.4649325052483214,0.993638707531823
92,4.300000000000001,-5.699999999999999,7,Hero,0.5131318696907589,0.9296079107693264
93,4.0,-6.0,10,Hero,0.4958544924855232,0.9654098331928254
94,4.2,-5.8,8,Hero,0.4673876613378525,0.998870849609375
95,3.0,-7.0,20,Hero,0.39570384124526753,0.9943519204854965
96,3.9000000000000004,-6.1,11,Hero,0.502468382770365,0.899713805114681
97,3.9000000000000004,-6.1,11,Hero,0.6034227961843665,0.9984570362351157
98,4.0,-6.0,10,Hero,0.6959658801555634,0.8370174691081047
99,1.799999999999999,-8.200000000000001,32,Hero,0.7103147455491126,0.9997011069208384
100,3.7,-6.3,13,Hero,0.5063235599261063,0.9151878262413308
101,3.6000000000000005,-6.3999999999999995,14,Hero,0.503717377781868,0.9838278761931828
102,2.5999999999999996,-7.4,24,Hero,0.7084659412503242,0.9986088698108991
103,3.8000000000000007,-6.199999999999999,12,Hero,0.667605792482694,0.998842736085256
104,3.6000000000000005,-6.3999999999999995,14,Hero,0.4832790060234921,0.920284974538455
105,3.0,-7.0,20,Hero,0.5598227366805076,0.9880605816841126
106,2.9,-7.1,21,Hero,0.5380640186014629,0.992082539058867
107,3.8000000000000007,-6.199999999999999,12,Hero,0.5440804089109103,0.9626284192005793
108,4.5,-5.5,5,Hero,0.5190560340881347,0.7104378521442414
109,4.2,-5.8,8,Hero,0.5313571207225323,0.9285719245672226
110,4.5,-5.5,5,Hero,0.5347818017005921,0.9976483583450317
111,3.4000000000000004,-6.6,16,Hero,0.710077813710086,0.9615721926093102
112,-6.0,4.0,10,Villain,0.5053904592990875,0.8972646094101947
113,3.5,-6.5,15,Hero,0.511109293003877,0.9019070943196614
114,4.1000000000000005,-5.8999999999999995,9,Hero,0.6880706581804488,0.9928485817379422
115,4.6000000000000005,-5.3999999999999995,4,Hero,0.7227634713053703,0.9486875981092453
116,4.1000000000000005,-5.8999999999999995,9,Hero,0.5743365952124199,0.9399173127280341
117,-9.100000000000001,0.8999999999999986,41,Villain,0.6637539569197631,0.9753605884800824
118,3.4000000000000004,-6.6,16,Hero,0.5697105014696717,0.996062308549881
119,4.7,-5.3,3,Hero,0.6389466126759847,0.9939928849538168
120,4.4,-5.6,6,Hero,0.508635642627875,0.9803749024868011
121,3.8000000000000007,-6.199999999999999,12,Hero,0.5978766397262613,0.9471881637970606
122,-5.6,4.4,6,Villain,0.988386482000351,0.9966204762458801
123,2.5999999999999996,-7.4,24,Hero,0.6351922924319903,0.980227475365003
124,-4.999999999999998,-4.999999999999998,50,None,0.8256194642186165,0.9778537187539041
125,3.9000000000000004,-6.1,11,Hero,0.7116488399492069,0.9979076385498047
126,-4.999999999999998,-4.999999999999998,50,None,0.891738208681345,0.9986398160457611
127,-5.6,4.4,6,Villain,0.9861281116803488,0.9926052788893381
128,-4.999999999999998,-4.999999999999998,50,None,0.844619347602129,0.9969826209545135
129,3.7,-6.3,13,Hero,0.8831263826443598,0.9923473504873422
130,3.6000000000000005,-6.3999999999999995,14,Hero,0.6322543365614754,0.9104925184178033
131,1.899999999999999,-8.100000000000001,31,Hero,0.6466028036609772,0.9964836682042768
132,4.2,-5.8,8,Hero,0.6684097805991769,0.9938865154981613
133,2.6999999999999997,-7.300000000000001,23,Hero,0.6389306576355643,0.9988429727761642
134,4.4,-5.6,6,Hero,0.7059526443481445,0.8154188722061614
135,4.5,-5.5,5,Hero,0.5679539024829865,0.7748904660344124
136,3.0999999999999996,-6.9,19,Hero,0.6373270938270971,0.9969967948762994
137,4.2,-5.8,8,Hero,0.798254944384098,0.9768258035182953
138,4.7,-5.3,3,Hero,0.8625272711118063,0.997680644194285
139,3.0999999999999996,-6.9,19,Hero,0.6202310786435479,0.9963884949684143
140,2.6999999999999997,-7.300000000000001,23,Hero,0.5882953308198763,0.9974923263425413
141,4.7,-5.3,3,Hero,0.5995362202326456,0.9750428597132365
142,4.1000000000000005,-5.8999999999999995,9,Hero,0.601255800988939,0.996034754647149
143,4.9,-5.1,1,Hero,0.8592362403869629,0.9740912318229675
144,4.300000000000001,-5.699999999999999,7,Hero,0.6745896083968026,0.8125014420864838
145,3.7,-6.3,13,Hero,0.5366774258705286,0.9938352245550889
146,3.8000000000000007,-6.199999999999999,12,Hero,0.6927565162380537,0.8835944668389857
147,3.8000000000000007,-6.199999999999999,12,Hero,0.6441408507525921,0.9978388001521429
148,3.9000000000000004,-6.1,11,Hero,0.639291373166171,0.99667888879776
149,3.7,-6.3,13,Hero,0.515505462884903,0.8900318102320083
150,3.4000000000000004,-6.6,16,Hero,0.545847250148654,0.9277357218088582
151,3.6000000000000005,-6.3999999999999995,14,Hero,0.6106667593121529,0.9970469006470272
152,4.1000000000000005,-5.8999999999999995,9,Hero,0.6646853619151645,0.996518976158566
153,4.300000000000001,-5.699999999999999,7,Hero,0.6449371916907174,0.9988070981843131
154,2.099999999999999,-7.9,29,Hero,0.5208501149097393,0.9986071257755674
155,3.9000000000000004,-6.1,11,Hero,0.5722778791731055,0.9816505367105658
156,4.5,-5.5,5,Hero,0.9160771250724793,0.9968133687973022
157,4.1000000000000005,-5.8999999999999995,9,Hero,0.5496813952922821,0.9956909418106079
158,3.8000000000000007,-6.199999999999999,12,Hero,0.6296191737055779,0.9977638274431229
159,4.6000000000000005,-5.3999999999999995,4,Hero,0.9801122695207596,0.9982961416244507
160,2.6999999999999997,-7.300000000000001,23,Hero,0.7640394665624785,0.9971422164336495
161,3.6000000000000005,-6.3999999999999995,14,Hero,0.8274917123573167,0.9998000306742532
162,4.300000000000001,-5.699999999999999,7,Hero,0.571757755109242,0.9474994369915554
163,4.1000000000000005,-5.8999999999999995,9,Hero,0.8705183880196677,0.8865033713065915
164,3.6000000000000005,-6.3999999999999995,14,Hero,0.5448727660945484,0.9914253524371556
165,1.0999999999999983,-8.900000000000002,39,Hero,0.8328813295333813,0.9995084481361585
166,4.9,-5.1,1,Hero,0.9761749505996704,0.9998056292533875
167,4.2,-5.8,8,Hero,0.8079831642098725,0.9965056702494621
168,3.8000000000000007,-6.199999999999999,12,Hero,0.734927718838056,0.9990580578645071
169,0.5999999999999996,-9.4,44,Hero,0.732816875658252,0.9998455928130583
170,3.8000000000000007,-6.199999999999999,12,Hero,0.6853478339811166,0.9995343387126923
171,2.4999999999999996,-7.5,25,Hero,0.5520867752365303,0.9993164944648742
172,3.4000000000000004,-6.6,16,Hero,0.5352541133761406,0.9965260587632656
173,4.1000000000000005,-5.8999999999999995,9,Hero,0.5182053811020322,0.9995588130421109
174,4.300000000000001,-5.699999999999999,7,Hero,0.6487287410667965,0.9996188964162555
175,4.1000000000000005,-5.8999999999999995,9,Hero,0.5700559102826648,0.998512327671051
176,3.8000000000000007,-6.199999999999999,12,Hero,0.7409067576130232,0.9994406352440516
177,2.8,-7.2,22,Hero,0.62870704382658,0.9982519339431416
178,4.300000000000001,-5.699999999999999,7,Hero,0.5404978905405317,0.9993657554898944
179,3.8000000000000007,-6.199999999999999,12,Hero,0.7477482737352451,0.9800696472326914
180,2.5999999999999996,-7.4,24,Hero,0.6165088762839636,0.9765903701384863
181,-5.6,4.4,6,Villain,0.7334540858864784,0.9972264568010966
182,-5.3,4.7,3,Villain,0.5738277534643809,0.9985217650731405
183,4.300000000000001,-5.699999999999999,7,Hero,0.6562789274113519,0.9988215906279427
184,3.0999999999999996,-6.9,19,Hero,0.64008876289192,0.9982527745397467
185,3.2,-6.8,18,Hero,0.518199789751735,0.9967042141490512
186,-5.1,4.9,1,Villain,0.8222817182540894,0.9932589530944824
187,4.0,-6.0,10,Hero,0.8453378170728684,0.7712435586567153
188,0.6999999999999993,-9.3,43,Hero,0.7413466811873192,0.9998146018316579
189,-4.999999999999998,-4.999999999999998,50,None,0.8610047543793917,0.9994947791099549
190,-4.999999999999998,-4.999999999999998,50,None,0.8242682538926601,0.9979034960269928
191,-5.3999999999999995,4.6000000000000005,4,Villain,0.9889316707849503,0.9981051236391068
192,0.5999999999999996,-9.4,44,Hero,0.8187228322706439,0.999072405424985
193,3.5,-6.5,15,Hero,0.6490261405706406,0.9937471111615499
194,1.5999999999999988,-8.400000000000002,34,Hero,0.7101922023164875,0.9984389263040879
195,-4.999999999999998,-4.999999999999998,50,None,0.9040711496770382,0.9977540981769562
196,-4.999999999999998,-4.999999999999998,50,None,0.929990601837635,0.9996218085289001
197,-4.999999999999998,-4.999999999999998,50,None,0.9498996509611607,0.9996298170089721
198,-4.999999999999998,-4.999999999999998,50,None,0.8685735183954238,0.9993279767036438
199,-5.8,4.2,8,Villain,0.871128091821447,0.9992316514253616
200,-4.999999999999998,-4.999999999999998,50,None,0.9490222156792879,0.9995656108856201
201,2.2999999999999994,-7.700000000000001,27,Hero,0.6966059914341679,0.997980104552375
202,-4.999999999999998,-4.999999999999998,50,None,0.9956111085414886,0.999764769077301
203,4.5,-5.5,5,Hero,0.6811175584793091,0.9983863830566406
204,4.5,-5.5,5,Hero,0.752516295015812,0.9976574897766113
205,2.3999999999999995,-7.6000000000000005,26,Hero,0.5512177233512585,0.998633494743934
206,0.7999999999999989,-9.200000000000001,42,Hero,0.7435448849130244,0.998393775451751
207,4.4,-5.6,6,Hero,0.5988505333662033,0.9992494781812032
208,3.0,-7.0,20,Hero,0.5204068116843701,0.9978707224130631
209,-4.999999999999998,-4.999999999999998,50,None,0.7293871450424194,0.9995662200450898
210,3.6000000000000005,-6.3999999999999995,14,Hero,0.5303634458354541,0.9961102093969073
211,2.5999999999999996,-7.4,24,Hero,0.6551360792169968,0.9987672716379166
212,4.300000000000001,-5.699999999999999,7,Hero,0.5933505552155631,0.9967158692223685
213,3.8000000000000007,-6.199999999999999,12,Hero,0.5256029268105825,0.9957371850808462
214,3.5,-6.5,15,Hero,0.5439499775568645,0.9985933065414428
215,2.9,-7.1,21,Hero,0.5783563334317434,0.8424022659171551
216,2.2999999999999994,-7.700000000000001,27,Hero,0.6241870693586491,0.9964088069068061
217,3.2,-6.8,18,Hero,0.6715140955315696,0.9979306923018562
218,-4.999999999999998,-4.999999999999998,50,None,0.7887425500154496,0.9950827991962433
219,4.0,-6.0,10,Hero,0.5531644001603127,0.9979452669620514
220,3.2,-6.8,18,Hero,0.6556450807385974,0.9867518312401242
221,3.6000000000000005,-6.3999999999999995,14,Hero,0.5940068129982267,0.9991639469351087
222,4.1000000000000005,-5.8999999999999995,9,Hero,0.6271210114161173,0.9966048068470426
223,4.300000000000001,-5.699999999999999,7,Hero,0.8045436654772077,0.8190652265745614
224,-5.199999999999999,4.800000000000001,2,Villain,0.4497790262103081,0.8960049748420715
225,3.2,-6.8,18,Hero,0.5952730112605624,0.9988173147042593
226,3.0999999999999996,-6.9,19,Hero,0.6511826483826888,0.9999241232872009
227,3.8000000000000007,-6.199999999999999,12,Hero,0.5599109431107839,0.9771496752897898
228,4.1000000000000005,-5.8999999999999995,9,Hero,0.6862003240320418,0.9993825885984633
229,3.8000000000000007,-6.199999999999999,12,Hero,0.7546647687753042,0.985576276977857
230,3.9000000000000004,-6.1,11,Hero,0.5022513774562288,0.999633252620697
231,4.300000000000001,-5.699999999999999,7,Hero,0.573594548872539,0.9972021153994969
232,2.8,-7.2,22,Hero,0.5108520277691159,0.999269656159661
233,-4.999999999999998,-4.999999999999998,50,None,0.864056077003479,0.999944088459015
234,4.2,-5.8,8,Hero,0.7755660973489285,0.9987573474645615
235,4.4,-5.6,6,Hero,0.5628861884276072,0.9999077121416727
236,3.6000000000000005,-6.3999999999999995,14,Hero,0.6027254345161575,0.9999373597758157
237,3.7,-6.3,13,Hero,0.5476133525371552,0.999836591573862
238,4.7,-5.3,3,Hero,0.9468126694361368,0.9993829727172852
239,4.300000000000001,-5.699999999999999,7,Hero,0.5870971700974873,0.9999212282044547
240,-5.3999999999999995,4.6000000000000005,4,Villain,0.9448160827159882,0.9988036453723907
241,3.0,-7.0,20,Hero,0.5818249925971031,0.999929016828537
242,4.2,-5.8,8,Hero,0.9339459612965584,0.9996283873915672
243,3.7,-6.3,13,Hero,0.5822221017800845,0.9997745477236234
244,3.8000000000000007,-6.199999999999999,12,Hero,0.5068144127726555,0.9999814629554749
245,4.1000000000000005,-5.8999999999999995,9,Hero,0.692165388001336,0.9999606741799248
246,3.4000000000000004,-6.6,16,Hero,0.5369073684269097,0.9999046958982944
247,4.4,-5.6,6,Hero,0.629049946864446,0.9960598250230154
248,4.0,-6.0,10,Hero,0.6213474333286285,0.999274468421936
249,3.7,-6.3,13,Hero,0.5942069750565749,0.9999142105762775
250,4.1000000000000005,-5.8999999999999995,9,Hero,0.6592127084732056,0.9948998159832425
251,4.2,-5.8,8,Hero,0.9730066806077957,0.9961714670062065
252,4.5,-5.5,5,Hero,0.9337131023406983,0.9996454000473023
253,3.8000000000000007,-6.199999999999999,12,Hero,0.5183052606880665,0.9962401787439982
254,1.9999999999999991,-8.0,30,Hero,0.44022996723651886,0.9998025496800741
255,-6.199999999999999,3.8000000000000007,12,Villain,0.6046920195221901,0.9999279131491979
256,3.7,-6.3,13,Hero,0.6012988824110764,0.9999727744322556
257,-6.9,3.0999999999999996,19,Villain,0.7240796661690662,0.9385762904819689
258,3.8000000000000007,-6.199999999999999,12,Hero,0.4873182959854603,0.9999450693527857
259,4.2,-5.8,8,Hero,0.5904795192182064,0.999678261578083
260,-4.999999999999998,-4.999999999999998,50,None,0.49516116462647913,0.9925164616107941
261,-5.3,4.7,3,Villain,0.42594635486602783,0.9912192225456238
262,-4.999999999999998,-4.999999999999998,50,None,0.6946348261833191,0.9993976712226867
263,4.5,-5.5,5,Hero,0.9916898012161255,0.9923309564590455
264,-6.5,3.5,15,Villain,0.3346897472937902,0.9999604185422262
265,4.7,-5.3,3,Hero,0.9178688128789266,0.9994576970736185
266,4.6000000000000005,-5.3999999999999995,4,Hero,0.7467635527718812,0.9985847920179367
267,-4.999999999999998,-4.999999999999998,50,None,0.9882187879085541,0.9983871579170227
268,-9.100000000000001,0.8999999999999986,41,Villain,0.8138184198859807,0.9998368693561088
269,-4.999999999999998,-4.999999999999998,50,None,0.7033756957948207,0.999477698802948
270,-4.999999999999998,-4.999999999999998,50,None,0.5923819481581449,0.9999220776557922
271,-4.999999999999998,-4.999999999999998,50,None,0.7872575568221509,0.9791783358901739
272,-4.999999999999998,-4.999999999999998,50,None,0.8548453094810248,0.9994105505943298
273,-4.999999999999998,-4.999999999999998,50,None,0.8939447369426489,0.9999353766441346
274,-6.5,3.5,15,Villain,0.5689258797715108,0.99128577709198
275,-4.999999999999998,-4.999999999999998,50,None,0.9883518838882446,0.9999244630336761
276,-4.999999999999998,-4.999999999999998,50,None,0.9601227072998881,0.9994189143180847
277,-4.999999999999998,-4.999999999999998,50,None,0.8974689773842692,0.9999856853485107
278,-4.999999999999998,-4.999999999999998,50,None,0.8597391679137946,0.999712369441986
279,-5.3999999999999995,4.6000000000000005,4,Villain,0.6436273669824004,0.999941498041153
280,-5.1,4.9,1,Villain,0.9541130661964417,0.9996788501739502
281,-5.8999999999999995,4.1000000000000005,9,Villain,0.8325774024965035,0.9993526736895243
282,-4.999999999999998,-4.999999999999998,50,None,0.9061556195840239,0.9999420833587647
283,-8.500000000000002,1.4999999999999987,35,Villain,0.855371981220586,0.9998365725789752
284,-4.999999999999998,-4.999999999999998,50,None,0.5004576613754034,0.9999821996688842
285,-4.999999999999998,-4.999999999999998,50,None,0.6857237579673529,0.9998976874351502
286,-4.999999999999998,-4.999999999999998,50,None,0.9971383309364319,0.9998793625831603
287,-4.999999999999998,-4.999999999999998,50,None,0.8372262277826666,0.9999822044372558
288,-4.999999999999998,-4.999999999999998,50,None,0.6923686530441046,0.9999116122722626
289,-4.999999999999998,-4.999999999999998,50,None,0.6815050671249628,0.9999222230911254
290,-6.199999999999999,3.8000000000000007,12,Villain,0.5846962047119936,0.9999896983305613
291,-4.999999999999998,-4.999999999999998,50,None,0.9715280944714323,0.9965818619728088
292,-4.999999999999998,-4.999999999999998,50,None,0.3745553436130285,0.9999678778648377
293,-4.999999999999998,-4.999999999999998,50,None,0.689117516502738,0.9999583411216736
294,-4.999999999999998,-4.999999999999998,50,None,0.9958729839324951,0.999905240535736
295,-4.999999999999998,-4.999999999999998,50,None,0.9743394391238689,0.9981023442745208
296,-4.999999999999998,-4.999999999999998,50,None,0.9107843539305032,0.9999886775016784
297,-4.999999999999998,-4.999999999999998,50,None,0.7911270533502102,0.9999885284900665
298,-4.999999999999998,-4.999999999999998,50,None,0.9880233538150788,0.999791362285614
299,-4.999999999999998,-4.999999999999998,50,None,0.6806215474009514,0.9999300611019134
300,-4.999999999999998,-4.999999999999998,50,None,0.7694116957858205,0.9999301421642304
301,-4.999999999999998,-4.999999999999998,50,None,0.9757509460556321,0.999484052658081
302,-9.6,0.40000000000000036,46,Villain,0.7733730814095748,0.9999572349631268
303,-5.6,4.4,6,Villain,0.964116374651591,0.9996464649836222
304,-4.999999999999998,-4.999999999999998,50,None,0.714553879275918,0.999991397857666
305,-4.999999999999998,-4.999999999999998,50,None,0.7444145634397864,0.9999858224391938
306,-4.999999999999998,-4.999999999999998,50,None,0.9920361840724945,0.9999899315834045
307,-4.999999999999998,-4.999999999999998,50,None,0.9260049815103412,0.979815951816272
308,-4.999999999999998,-4.999999999999998,50,None,0.9960342943668365,0.9999605369567871
309,-6.9,3.0999999999999996,19,Villain,0.6194607033149192,0.9979261567718104
310,-4.999999999999998,-4.999999999999998,50,None,0.9786201095581055,0.9979479992389679
311,-4.999999999999998,-4.999999999999998,50,None,0.9977643465995789,0.994269882440567
312,-6.1,3.9000000000000004,11,Villain,0.5894565351984717,0.999946041540666
313,-5.699999999999999,4.300000000000001,7,Villain,0.9734212500708443,0.9992506759507316
314,-4.999999999999998,-4.999999999999998,50,None,0.9973615348339081,0.9996633768081665
315,-4.999999999999998,-4.999999999999998,50,None,0.8668874903675169,0.9999698865413665
316,-4.999999999999998,-4.999999999999998,50,None,0.9015319808293134,0.999969437122345
317,4.4,-5.6,6,Hero,0.9973897139231364,0.999822606643041
318,4.800000000000001,-5.199999999999999,2,Hero,0.9990385472774506,0.4972419361001812
319,4.7,-5.3,3,Hero,0.9991482098897299,0.9973363677660624
320,-4.999999999999998,-4.999999999999998,50,None,0.9969507849216461,0.9999719309806824
321,-4.999999999999998,-4.999999999999998,50,None,0.9240977603197098,0.9999909222126007
322,-4.999999999999998,-4.999999999999998,50,None,0.9986296391487122,0.9997990918159485
323,-4.999999999999998,-4.999999999999998,50,None,0.9597358766198159,0.9999704706668854
324,-4.999999999999998,-4.999999999999998,50,None,0.9972114932537078,0.9999898505210877
325,-5.3,4.7,3,Villain,0.9937100013097128,0.9999909400939941
326,-4.999999999999998,-4.999999999999998,50,None,0.8610494896024465,0.9998570752143859
327,-4.999999999999998,-4.999999999999998,50,None,0.9961696779727935,0.9999821829795837
328,-4.999999999999998,-4.999999999999998,50,None,0.9863039541244507,0.9999754583835602
329,-5.1,4.9,1,Villain,0.9956035614013672,0.9999890327453613
330,-4.999999999999998,-4.999999999999998,50,None,0.9668650736892596,0.9999971127510071
331,4.5,-5.5,5,Hero,0.9789005756378174,0.9999298334121705
332,-4.999999999999998,-4.999999999999998,50,None,0.9591681667603552,0.9999900460243225
333,-4.999999999999998,-4.999999999999998,50,None,0.9960664510726929,0.9999753522872925
334,-4.999999999999998,-4.999999999999998,50,None,0.7450823044776916,0.9999988102912902
335,-4.999999999999998,-4.999999999999998,50,None,0.9879980516433716,0.9999987053871154
336,-4.999999999999998,-4.999999999999998,50,None,0.9958472788333893,0.9999465036392212
337,-4.999999999999998,-4.999999999999998,50,None,0.9067179445922374,0.9999985194206238
338,-8.200000000000001,1.799999999999999,32,Villain,0.8149598654708825,0.999317454174161
339,-5.8,4.2,8,Villain,0.4981628272216767,0.999471016228199
340,-5.6,4.4,6,Villain,0.9604666332403818,0.9997986257076263
341,-6.0,4.0,10,Villain,0.8787372594699263,0.9999745607376098
342,-4.999999999999998,-4.999999999999998,50,None,0.9996151888370514,0.9999816823005676
343,-4.999999999999998,-4.999999999999998,50,None,0.9017886291071773,0.999972950220108
344,-5.699999999999999,4.300000000000001,7,Villain,0.8384211244327682,0.9998782788004194
345,-4.999999999999998,-4.999999999999998,50,None,0.9418725445494056,0.9999934160709381
346,-4.999999999999998,-4.999999999999998,50,None,0.9753584572160616,0.9999990630149841
347,-4.999999999999998,-4.999999999999998,50,None,0.990385366678238,0.9999715065956116
348,-4.999999999999998,-4.999999999999998,50,None,0.962653446327895,0.9999417698383332
349,-4.999999999999998,-4.999999999999998,50,None,0.9996402275562286,0.9999311172962189
350,-4.999999999999998,-4.999999999999998,50,None,0.9769111819157843,0.9999957537651062
351,-4.999999999999998,-4.999999999999998,50,None,0.9637459599971772,0.999972151517868
352,-4.999999999999998,-4.999999999999998,50,None,0.9752427120576612,0.9999841940402985
353,-4.999999999999998,-4.999999999999998,50,None,0.9984449577331543,0.9999899411201477
354,-4.999999999999998,-4.999999999999998,50,None,0.9959484899044037,0.9999880969524384
355,4.6000000000000005,-5.3999999999999995,4,Hero,0.9995950162410736,0.9996784776449203
356,-4.999999999999998,-4.999999999999998,50,None,0.9794959223270416,0.9999952006340027
357,-4.999999999999998,-4.999999999999998,50,None,0.9724615262867883,0.9999979948997497
358,-4.999999999999998,-4.999999999999998,50,None,0.9994408369064331,0.9999787795543671
359,-4.999999999999998,-4.999999999999998,50,None,0.9975279569625854,0.9999915504455567
360,-4.999999999999998,-4.999999999999998,50,None,0.9992616045475006,0.999998869895935
361,-4.999999999999998,-4.999999999999998,50,None,0.9996754193305969,0.9999217510223388
362,-4.999999999999998,-4.999999999999998,50,None,0.943613455761224,0.9999923527240753
363,-4.999999999999998,-4.999999999999998,50,None,0.9997162055969239,0.9999886000156403
364,-4.999999999999998,-4.999999999999998,50,None,0.9237190725281834,0.9999934244155884
365,-4.999999999999998,-4.999999999999998,50,None,0.9905276298522949,0.999998927116394
366,-4.999999999999998,-4.999999999999998,50,None,0.9982135498523712,0.9999988007545472
367,-4.999999999999998,-4.999999999999998,50,None,0.996201331615448,0.9999763059616089
368,-4.999999999999998,-4.999999999999998,50,None,0.9992010533809662,0.9999918460845947
369,-4.999999999999998,-4.999999999999998,50,None,0.9975481784343719,0.9968466198444367
370,-4.999999999999998,-4.999999999999998,50,None,0.999656765460968,0.9999956607818603
371,-4.999999999999998,-4.999999999999998,50,None,0.9785314797237515,0.9999981451034546
372,-4.999999999999998,-4.999999999999998,50,None,0.9998033523559571,0.9999401104450226
373,-4.999999999999998,-4.999999999999998,50,None,0.9995234656333923,0.999991717338562
374,-4.999999999999998,-4.999999999999998,50,None,0.9901216983795166,0.9999221289157867
375,-5.8999999999999995,4.1000000000000005,9,Villain,0.8470275832547082,0.998534447617001
376,-4.999999999999998,-4.999999999999998,50,None,0.9986369049549103,0.9999697542190552
377,-4.999999999999998,-4.999999999999998,50,None,0.9847542941570282,0.999997239112854
378,-4.999999999999998,-4.999999999999998,50,None,0.9998959338665009,0.9999483406543732
379,-4.999999999999998,-4.999999999999998,50,None,0.9941240334510804,0.9999989652633667
380,-4.999999999999998,-4.999999999999998,50,None,0.9998302102088928,0.9997538673877716
381,-4.999999999999998,-4.999999999999998,50,None,0.9987686467170716,0.9999891650676728
382,-4.999999999999998,-4.999999999999998,50,None,0.8896962040197104,0.9999676525592804
383,-4.999999999999998,-4.999999999999998,50,None,0.9974605488777161,0.9999898886680603
384,-4.999999999999998,-4.999999999999998,50,None,0.9997057271003723,0.9986220526695252
385,-4.999999999999998,-4.999999999999998,50,None,0.9788106286525726,0.9999925673007966
386,-4.999999999999998,-4.999999999999998,50,None,0.9894650721549988,0.9999876403808594
387,4.9,-5.1,1,Hero,0.9997442364692688,0.9998548030853271
388,-4.999999999999998,-4.999999999999998,50,None,0.999879640340805,0.9999930000305176
389,-4.999999999999998,-4.999999999999998,50,None,0.9928727698326111,0.9975472474098206
390,-4.999999999999998,-4.999999999999998,50,None,0.979004391861381,0.9997221732139587
391,-4.999999999999998,-4.999999999999998,50,None,0.9779630604060366,0.9999963474273682
392,-5.8,4.2,8,Villain,0.9968348443508148,0.9999663084745407
393,-4.999999999999998,-4.999999999999998,50,None,0.9821239376068115,0.9999972200393676
394,4.6000000000000005,-5.3999999999999995,4,Hero,0.9997804164886475,0.9998474419116974
395,-4.999999999999998,-4.999999999999998,50,None,0.9605174849648028,0.9999951195716857
396,4.9,-5.1,1,Hero,0.9998762607574463,0.9995959401130676
397,-4.999999999999998,-4.999999999999998,50,None,0.9061571112275124,0.99964191198349
398,-4.999999999999998,-4.999999999999998,50,None,0.9625061428546906,0.9999977374076843
399,-4.999999999999998,-4.999999999999998,50,None,0.9414482076279819,0.9999986100196838
400,-5.8,4.2,8,Villain,0.9910278469324112,0.9998873695731163
401,-5.699999999999999,4.300000000000001,7,Villain,0.9902390326772418,0.9997788667678833
402,-4.999999999999998,-4.999999999999998,50,None,0.9771475579263642,0.999998745918274
403,-4.999999999999998,-4.999999999999998,50,None,0.9796368594985688,0.9999726629257202
404,-4.999999999999998,-4.999999999999998,50,None,0.986460725069046,0.9999712896347046
405,-5.1,4.9,1,Villain,0.06954597681760788,0.9948019981384277
406,-4.999999999999998,-4.999999999999998,50,None,0.9998161959648132,0.9999849116802215
407,-4.999999999999998,-4.999999999999998,50,None,0.982835420370102,0.9991967463493348
408,-4.999999999999998,-4.999999999999998,50,None,0.9949243211746216,0.9999985790252686
409,-4.999999999999998,-4.999999999999998,50,None,0.9999503016471862,0.9999483454227448
410,-4.999999999999998,-4.999999999999998,50,None,0.975969726126641,0.9999971747398376
411,4.800000000000001,-5.199999999999999,2,Hero,0.9999272227287292,0.9999654293060303
412,-4.999999999999998,-4.999999999999998,50,None,0.9909580731391907,0.9999650001525879
413,-4.999999999999998,-4.999999999999998,50,None,0.999872213602066,0.9973002862930298
414,-4.999999999999998,-4.999999999999998,50,None,0.9633801797032356,0.9999953460693359
415,-4.999999999999998,-4.999999999999998,50,None,0.9926298403739929,0.9999978280067444
416,-4.999999999999998,-4.999999999999998,50,None,0.9990827822685242,0.9983183920383454
417,-5.3999999999999995,4.6000000000000005,4,Villain,0.9718024730682373,0.9998766928911209
418,-4.999999999999998,-4.999999999999998,50,None,0.9955875325202942,0.9999378132820129
419,-4.999999999999998,-4.999999999999998,50,None,0.9996536540985107,0.9999885320663452
420,4.5,-5.5,5,Hero,0.9998632311820984,0.999799931049347
421,-4.999999999999998,-4.999999999999998,50,None,0.9951826930046082,0.9999990463256836
422,-4.999999999999998,-4.999999999999998,50,None,0.9865327453613282,0.9999680256843567
423,4.300000000000001,-5.699999999999999,7,Hero,0.9999798536300659,0.9997338397162301
424,-4.999999999999998,-4.999999999999998,50,None,0.9996944904327393,0.9999841463565826
425,-4.999999999999998,-4.999999999999998,50,None,0.999947326183319,0.9999769413471222
426,-4.999999999999998,-4.999999999999998,50,None,0.9980006515979767,0.9998731684684753
427,-4.999999999999998,-4.999999999999998,50,None,0.9987711131572723,0.9956398797035217
428,-4.999999999999998,-4.999999999999998,50,None,0.9969959509372711,0.9999893033504486
429,4.5,-5.5,5,Hero,0.9999701976776123,0.9999933004379272
430,-4.999999999999998,-4.999999999999998,50,None,0.9951844489574433,0.9998650479316712
431,-4.999999999999998,-4.999999999999998,50,None,0.9999020254611969,0.9999970149993896
432,-5.1,4.9,1,Villain,0.995603084564209,0.9999301433563232
433,-4.999999999999998,-4.999999999999998,50,None,0.9977278470993042,0.9995923781394959
434,-4.999999999999998,-4.999999999999998,50,None,0.9997795963287354,0.9999273204803467
435,-6.0,4.0,10,Villain,0.7724103532731533,0.960204941034317
436,-4.999999999999998,-4.999999999999998,50,None,0.9998267614841461,0.9996240913867951
437,-4.999999999999998,-4.999999999999998,50,None,0.9940623128414154,0.9999993419647217
438,-4.999999999999998,-4.999999999999998,50,None,0.999962557554245,0.9999599814414978
439,-4.999999999999998,-4.999999999999998,50,None,0.9998611569404602,0.9999988484382629
440,-4.999999999999998,-4.999999999999998,50,None,0.9999206089973449,0.9999637007713318
441,-5.1,4.9,1,Villain,0.904278576374054,0.9758865833282471
442,-4.999999999999998,-4.999999999999998,50,None,0.9999671864509583,0.999980628490448
443,-4.999999999999998,-4.999999999999998,50,None,0.9998682737350464,0.9999880790710449
444,-4.999999999999998,-4.999999999999998,50,None,0.9995001947879791,0.9999980282783508
445,-4.999999999999998,-4.999999999999998,50,None,0.9999219608306885,0.9999909591674805
446,-4.999999999999998,-4.999999999999998,50,None,0.9996074223518372,0.9999713957309723
447,-4.999999999999998,-4.999999999999998,50,None,0.9959119355678558,0.9998016440868378
448,-4.999999999999998,-4.999999999999998,50,None,0.9771014562249184,0.9999965071678162
449,-4.999999999999998,-4.999999999999998,50,None,0.999898476600647,0.9999562633037568
450,-4.999999999999998,-4.999999999999998,50,None,0.9980766117572785,0.9999998521804809
451,-4.999999999999998,-4.999999999999998,50,None,0.9994028961658478,0.9999963426589966
452,-4.999999999999998,-4.999999999999998,50,None,0.9742156045883894,0.9999986505508422
453,-5.8,4.2,8,Villain,0.9011125266551971,0.9792780131101608
454,4.1000000000000005,-5.8999999999999995,9,Hero,0.9972858164045546,0.9998396966192458
455,-4.999999999999998,-4.999999999999998,50,None,0.9561086155055091,0.999999668598175
456,-4.999999999999998,-4.999999999999998,50,None,0.9972593593597412,0.999999828338623
457,-4.999999999999998,-4.999999999999998,50,None,0.9979369103908539,0.9999967670440674
458,-4.999999999999998,-4.999999999999998,50,None,0.996720232963562,0.9999985909461975
459,-4.999999999999998,-4.999999999999998,50,None,0.9982234418392182,0.999998950958252
460,-5.6,4.4,6,Villain,0.9987216691176096,0.9999935825665792
461,4.300000000000001,-5.699999999999999,7,Hero,0.9981803638594491,0.9999587195260184
462,-4.999999999999998,-4.999999999999998,50,None,0.9999045872688294,0.9999992752075195
463,-4.999999999999998,-4.999999999999998,50,None,0.9989635050296783,0.9999974679946899
464,4.2,-5.8,8,Hero,0.9987000450491905,0.9952430948615074
465,-5.5,4.5,5,Villain,0.9990677833557129,0.9999930620193481
466,-4.999999999999998,-4.999999999999998,50,None,0.9748833945393562,0.9999619603157044
467,-4.999999999999998,-4.999999999999998,50,None,0.9984445452690125,0.9999997901916504
468,-4.999999999999998,-4.999999999999998,50,None,0.9998793411254883,0.9999958729743957
469,-4.999999999999998,-4.999999999999998,50,None,0.9921434116363526,0.9986411690711975
470,-4.999999999999998,-4.999999999999998,50,None,0.9994350063800812,0.9999998331069946
471,-4.999999999999998,-4.999999999999998,50,None,0.9363672629091888,0.9994808757305145
472,-4.999999999999998,-4.999999999999998,50,None,0.9886164009571076,0.9999993491172791
473,-5.5,4.5,5,Villain,0.9998105525970459,0.9999988794326782
474,4.4,-5.6,6,Hero,0.9997414946556091,0.9999969601631165
475,-4.999999999999998,-4.999999999999998,50,None,0.9912490391731262,0.9999314093589783
476,-5.3999999999999995,4.6000000000000005,4,Villain,0.9960655570030212,0.9999907314777374
477,-4.999999999999998,-4.999999999999998,50,None,0.9917517232894898,0.9999992775917054
478,-4.999999999999998,-4.999999999999998,50,None,0.9773024472594262,0.9999992084503174
479,-4.999999999999998,-4.999999999999998,50,None,0.9994522786140442,0.9999793088436126
480,-4.999999999999998,-4.999999999999998,50,None,0.999671037197113,0.9999741339683532
481,-4.999999999999998,-4.999999999999998,50,None,0.9985018718242645,0.999671014547348
482,-5.199999999999999,4.800000000000001,2,Villain,0.9976712763309479,0.9999924898147583
483,-5.1,4.9,1,Villain,0.9736291766166687,0.9998723268508911
484,-4.999999999999998,-4.999999999999998,50,None,0.9991580677032471,0.9999901270866394
485,-4.999999999999998,-4.999999999999998,50,None,0.9511661025881767,0.999991500377655
486,-4.999999999999998,-4.999999999999998,50,None,0.999971764087677,0.9999836373329163
487,-4.999999999999998,-4.999999999999998,50,None,0.9974739754199982,0.9999990057945252
488,-4.999999999999998,-4.999999999999998,50,None,0.9996963632106781,0.9999973917007446
489,-4.999999999999998,-4.999999999999998,50,None,0.9980729198455811,0.9967001271247864
490,-4.999999999999998,-4.999999999999998,50,None,0.9994931662082672,0.9999991583824158
491,-4.999999999999998,-4.999999999999998,50,None,0.9994236207008362,0.9999984741210938
492,-4.999999999999998,-4.999999999999998,50,None,0.9974555397033691,0.9999983882904053
493,-4.999999999999998,-4.999999999999998,50,None,0.9983191514015197,0.9999322474002839
494,-4.999999999999998,-4.999999999999998,50,None,0.9988069534301758,0.9999998712539673
495,-4.999999999999998,-4.999999999999998,50,None,0.97160538893193,0.9999997091293334
496,-4.999999999999998,-4.999999999999998,50,None,0.9995946538448334,0.9999563789367676
497,-4.999999999999998,-4.999999999999998,50,None,0.9999249792098999,0.9999902987480164
498,-4.999999999999998,-4.999999999999998,50,None,0.9701517415791749,0.9999835658073425
499,-4.999999999999998,-4.999999999999998,50,None,0.9994633948802948,0.9997115826606751
500,4.300000000000001,-5.699999999999999,7,Hero,0.9999768904277256,0.9997896211487907
501,-4.999999999999998,-4.999999999999998,50,None,0.9634839319251478,0.9999966859817505
502,-4.999999999999998,-4.999999999999998,50,None,0.9998908293247223,0.9999956798553467
503,4.4,-5.6,6,Hero,0.999904046456019,0.9997659623622894
504,-4.999999999999998,-4.999999999999998,50,None,0.9992879199981689,0.9998720347881317
505,-4.999999999999998,-4.999999999999998,50,None,0.9952726185321807,0.9999993395805359
506,-4.999999999999998,-4.999999999999998,50,None,0.9997707378864288,0.9999939203262329
507,-4.999999999999998,-4.999999999999998,50,None,0.9997544777393341,0.9999980854988099
508,-4.999999999999998,-4.999999999999998,50,None,0.9950926899909973,0.9999993300437927
509,-4.999999999999998,-4.999999999999998,50,None,0.948056689798832,0.9999990439414979
510,-4.999999999999998,-4.999999999999998,50,None,0.9855872428417206,0.99997971534729
511,-4.999999999999998,-4.999999999999998,50,None,0.99972212433815,0.9999924838542938
512,-4.999999999999998,-4.999999999999998,50,None,0.9953219103813171,0.9999976110458374
513,-4.999999999999998,-4.999999999999998,50,None,0.9624892276525497,0.9999968075752258
514,-4.999999999999998,-4.999999999999998,50,None,0.9990851974487305,0.999997763633728
515,-5.6,4.4,6,Villain,0.9928836127122244,0.9999823172887167
516,4.300000000000001,-5.699999999999999,7,Hero,0.9952981301716396,0.9999916553497314
517,-4.999999999999998,-4.999999999999998,50,None,0.9949194383621216,0.9999883270263672
518,-4.999999999999998,-4.999999999999998,50,None,0.9988760447502136,0.9999979758262634
519,-4.999999999999998,-4.999999999999998,50,None,0.9825831997394562,0.9999994778633118
520,4.5,-5.5,5,Hero,0.999577009677887,0.9958318591117858
521,-4.999999999999998,-4.999999999999998,50,None,0.9791418842971324,0.9999989366531372
522,-4.999999999999998,-4.999999999999998,50,None,0.9987592339515686,0.9999574089050293
523,-4.999999999999998,-4.999999999999998,50,None,0.968066466730088,0.9999990105628968
524,-4.999999999999998,-4.999999999999998,50,None,0.9438368619047105,0.9999999737739563
525,-4.999999999999998,-4.999999999999998,50,None,0.9999212872982025,0.9999357998371124
526,-5.3999999999999995,4.6000000000000005,4,Villain,0.9972650110721588,0.9999634027481079
527,-4.999999999999998,-4.999999999999998,50,None,0.999821708202362,0.9994625854492187
528,-4.999999999999998,-4.999999999999998,50,None,0.9758887169230729,0.9999998378753662
529,-4.999999999999998,-4.999999999999998,50,None,0.9645281028747559,0.9999949193000793
530,-4.999999999999998,-4.999999999999998,50,None,0.9703181316889823,0.9999995160102845
531,-4.999999999999998,-4.999999999999998,50,None,0.9997158646583557,0.9999974966049194
532,-4.999999999999998,-4.999999999999998,50,None,0.990857058763504,0.9999891364574433
533,-4.999999999999998,-4.999999999999998,50,None,0.96487214256078,0.9999642789363861
534,-5.1,4.9,1,Villain,0.9766321778297424,0.999998927116394
535,-5.3,4.7,3,Villain,0.9613193273544312,0.9999946355819702
536,-4.999999999999998,-4.999999999999998,50,None,0.9998145794868469,0.9999889779090881
537,-8.100000000000001,1.899999999999999,31,Villain,0.965022181217078,0.9999969697767689
538,4.4,-5.6,6,Hero,0.999187558889389,0.9993137717247009
539,-4.999999999999998,-4.999999999999998,50,None,0.980013622045517,0.9999998807907104
540,4.5,-5.5,5,Hero,0.9999707460403442,0.9999888181686402
541,-4.999999999999998,-4.999999999999998,50,None,0.9921147608757019,0.9999987769126892
542,-4.999999999999998,-4.999999999999998,50,None,0.9992931151390075,0.9999920046329498
543,-4.999999999999998,-4.999999999999998,50,None,0.9698476989287883,0.9999975776672363
544,-4.999999999999998,-4.999999999999998,50,None,0.9983286964893341,0.9999947094917297
545,-4.999999999999998,-4.999999999999998,50,None,0.9996704077720642,0.9997037124633789
546,-4.999999999999998,-4.999999999999998,50,None,0.9999567949771881,0.9999877631664276
547,-4.999999999999998,-4.999999999999998,50,None,0.9996413028240204,0.9999996614456177
548,-4.999999999999998,-4.999999999999998,50,None,0.998340618610382,0.9999996948242188
549,4.9,-5.1,1,Hero,0.999972939491272,0.9999991655349731
550,-4.999999999999998,-4.999999999999998,50,None,0.9996706998348236,0.9999993562698364
551,4.6000000000000005,-5.3999999999999995,4,Hero,0.9987063258886337,0.9999864399433136
552,-4.999999999999998,-4.999999999999998,50,None,0.9991661894321442,0.9783148173987866
553,-4.999999999999998,-4.999999999999998,50,None,0.9995970726013184,0.9998604536056519
554,-4.999999999999998,-4.999999999999998,50,None,0.9734290587902069,0.9999970722198487
555,-4.999999999999998,-4.999999999999998,50,None,0.9978389251232147,0.9999979901313781
556,-4.999999999999998,-4.999999999999998,50,None,0.9653970074653625,0.9999949598312378
557,-5.3999999999999995,4.6000000000000005,4,Villain,0.9954103827476501,0.9999530017375946
558,-4.999999999999998,-4.999999999999998,50,None,0.9455938645149581,0.9999990844726563
559,4.4,-5.6,6,Hero,0.997121681769689,0.9999922116597494
560,-4.999999999999998,-4.999999999999998,50,None,0.9985033822059631,0.9997355151176452
561,4.300000000000001,-5.699999999999999,7,Hero,0.9999200190816607,0.9997340270451137
562,-9.3,0.6999999999999993,43,Villain,0.9713284674338823,0.9999924898147583
563,-4.999999999999998,-4.999999999999998,50,None,0.9191709376312792,0.9999765348434448
564,-4.999999999999998,-4.999999999999998,50,None,0.9394515721243806,0.9999883794784545
565,-4.999999999999998,-4.999999999999998,50,None,0.9996433436870575,0.9999947476387024
566,-4.999999999999998,-4.999999999999998,50,None,0.9999433970451355,0.9999975228309631
567,4.4,-5.6,6,Hero,0.9999569257100424,0.9999317427476248
568,4.6000000000000005,-5.3999999999999995,4,Hero,0.9997780472040176,0.9993084669113159
569,-4.999999999999998,-4.999999999999998,50,None,0.9999907112121582,0.9999817776679992
570,-4.999999999999998,-4.999999999999998,50,None,0.945785403996706,0.9994869816303253
571,-4.999999999999998,-4.999999999999998,50,None,0.9998301243782044,0.9999996590614318
572,-4.999999999999998,-4.999999999999998,50,None,0.9604152252199128,0.9999990940093995
573,-5.199999999999999,4.800000000000001,2,Villain,0.9999046325683594,0.9999987483024597
574,-4.999999999999998,-4.999999999999998,50,None,0.9999478316307068,0.9999691903591156
575,-4.999999999999998,-4.999999999999998,50,None,0.9903418600559235,0.9998521924018859
576,-4.999999999999998,-4.999999999999998,50,None,0.9996553349494934,0.9999992275238037
577,-4.999999999999998,-4.999999999999998,50,None,0.9990605211257935,0.9999979114532471
578,-4.999999999999998,-4.999999999999998,50,None,0.9902233064174653,0.9999998307228088
579,4.9,-5.1,1,Hero,0.9999473094940186,0.9999986886978149
580,-4.999999999999998,-4.999999999999998,50,None,0.9972376906871796,0.999971354007721
581,-5.6,4.4,6,Villain,0.9992611805597941,0.9999826550483704
582,-4.999999999999998,-4.999999999999998,50,None,0.9934193336963654,0.9995630311965943
583,-4.999999999999998,-4.999999999999998,50,None,0.9493684670515359,0.9999995422363281
584,-4.999999999999998,-4.999999999999998,50,None,0.9989302599430084,0.999984347820282
585,-4.999999999999998,-4.999999999999998,50,None,0.9999531197547913,0.9997962081432342
586,-5.6,4.4,6,Villain,0.9971980353196462,0.9999758005142212
587,-4.999999999999998,-4.999999999999998,50,None,0.9972767400741577,0.9999988937377929
588,-4.999999999999998,-4.999999999999998,50,None,0.9538199532032013,0.9999521517753601
589,-4.999999999999998,-4.999999999999998,50,None,0.9996345341205597,0.9999749517440796
590,-5.3999999999999995,4.6000000000000005,4,Villain,0.9935821741819382,0.9999852180480957
591,-4.999999999999998,-4.999999999999998,50,None,0.999765784740448,0.9999730837345123
592,-4.999999999999998,-4.999999999999998,50,None,0.9666812354326249,0.999997341632843
593,-4.999999999999998,-4.999999999999998,50,None,0.9958963286876679,0.9999991488456726
594,-5.699999999999999,4.300000000000001,7,Villain,0.8572446485715253,0.9990919743265424
595,-4.999999999999998,-4.999999999999998,50,None,0.9987828326225281,0.9999979853630065
596,-4.999999999999998,-4.999999999999998,50,None,0.9945580005645752,0.9999994683265686
597,-5.5,4.5,5,Villain,0.9818682670593262,0.999834668636322
598,-5.3999999999999995,4.6000000000000005,4,Villain,0.9992775171995163,0.9999635219573975
599,-4.999999999999998,-4.999999999999998,50,None,0.9996768772602082,0.9999990558624268
600,-4.999999999999998,-4.999999999999998,50,None,0.9999747896194457,0.9999991154670715
601,-4.999999999999998,-4.999999999999998,50,None,0.9764390656352043,0.9995782816410065
602,-4.999999999999998,-4.999999999999998,50,None,0.9785727872076677,0.9998656702041626
603,-4.999999999999998,-4.999999999999998,50,None,0.9998869144916535,0.9973769116401673
604,-4.999999999999998,-4.999999999999998,50,None,0.9998525071144104,0.9999942946434021
605,-5.8,4.2,8,Villain,0.9979619979858398,0.9999783337116241
606,-4.999999999999998,-4.999999999999998,50,None,0.9996946573257446,0.9999781739711762
607,-4.999999999999998,-4.999999999999998,50,None,0.9989201617240906,0.9996746397018432
608,-4.999999999999998,-4.999999999999998,50,None,0.9794724744890118,0.9998173761367798
609,-4.999999999999998,-4.999999999999998,50,None,0.9900057566165924,0.9984675121307373
610,-4.999999999999998,-4.999999999999998,50,None,0.9994577634334564,0.9999694144725799
611,-4.999999999999998,-4.999999999999998,50,None,0.9979686605930328,0.9999940347671509
612,-4.999999999999998,-4.999999999999998,50,None,0.9995677423477173,0.9999991393089295
613,-4.999999999999998,-4.999999999999998,50,None,0.9985509037971496,0.9999949264526368
614,-4.999999999999998,-4.999999999999998,50,None,0.9918123531341553,0.9999981188774109
615,-4.999999999999998,-4.999999999999998,50,None,0.999822645187378,0.9999884855747223
616,-4.999999999999998,-4.999999999999998,50,None,0.9985733675956726,0.9999987435340881
617,-4.999999999999998,-4.999999999999998,50,None,0.9974298977851868,0.9999997353553772
618,-4.999999999999998,-4.999999999999998,50,None,0.9772787224967032,0.9999993658065796
619,-5.3999999999999995,4.6000000000000005,4,Villain,0.9997092485427856,0.9999939799308777
620,-4.999999999999998,-4.999999999999998,50,None,0.9998594450950623,0.9999997806549072
621,-4.999999999999998,-4.999999999999998,50,None,0.9999666607379913,0.999998927116394
622,-4.999999999999998,-4.999999999999998,50,None,0.9978963148593902,0.99958322763443
623,-4.999999999999998,-4.999999999999998,50,None,0.9988777351379394,0.999994785785675
624,-4.999999999999998,-4.999999999999998,50,None,0.9992483878135681,0.9998335218429566
625,4.7,-5.3,3,Hero,0.9999965031941732,0.9999399185180664
626,-4.999999999999998,-4.999999999999998,50,None,0.9913497269153595,0.9999169969558716
627,4.4,-5.6,6,Hero,0.999982476234436,0.9999214311440786
628,-4.999999999999998,-4.999999999999998,50,None,0.9996462428569793,0.9997074139118195
629,-4.999999999999998,-4.999999999999998,50,None,0.9980260479450226,0.999999635219574
630,-4.999999999999998,-4.999999999999998,50,None,0.9650265038758516,0.9999851667881012
631,-4.999999999999998,-4.999999999999998,50,None,0.9950179195404053,0.999953397512436
632,-4.999999999999998,-4.999999999999998,50,None,0.9995552134513855,0.9999981498718262
633,-4.999999999999998,-4.999999999999998,50,None,0.9804318940639496,0.9999739444255829
634,-4.999999999999998,-4.999999999999998,50,None,0.9999741840362549,0.999983286857605
635,-4.999999999999998,-4.999999999999998,50,None,0.9999462258815766,0.9998840594291687
636,-4.999999999999998,-4.999999999999998,50,None,0.9775981935393065,0.99909419298172
637,-4.999999999999998,-4.999999999999998,50,None,0.9937082302570343,0.9999555480480194
638,-4.999999999999998,-4.999999999999998,50,None,0.9970097410678863,0.9999843335151672
639,-4.999999999999998,-4.999999999999998,50,None,0.9923073267936706,0.9999999594688416
640,-4.999999999999998,-4.999999999999998,50,None,0.9896765542030335,0.9999912583827972
641,-5.1,4.9,1,Villain,0.928966760635376,0.9873063564300537
642,-4.999999999999998,-4.999999999999998,50,None,0.9999923467636108,0.9999803268909454
643,-6.1,3.9000000000000004,11,Villain,0.814770522442731,0.9914482019164346
644,-4.999999999999998,-4.999999999999998,50,None,0.9928805100917816,0.9973052895069122
645,-4.999999999999998,-4.999999999999998,50,None,0.999631736278534,0.9999991917610168
646,-4.999999999999998,-4.999999999999998,50,None,0.9978999269008636,0.9999962949752808
647,-5.5,4.5,5,Villain,0.9941433787345886,0.9999367833137512
648,-4.999999999999998,-4.999999999999998,50,None,0.9997989332675934,0.9999977612495422
649,-4.999999999999998,-4.999999999999998,50,None,0.9989076316356659,0.9999996852874756
650,-4.999999999999998,-4.999999999999998,50,None,0.9955382227897644,0.9999992203712463
651,-4.999999999999998,-4.999999999999998,50,None,0.999963846206665,0.9999980950355529
652,-4.999999999999998,-4.999999999999998,50,None,0.9983137774467469,0.9999998331069946
653,-4.999999999999998,-4.999999999999998,50,None,0.9746790535748004,0.9999977087974549
654,-4.999999999999998,-4.999999999999998,50,None,0.9996909189224243,0.9999812519550324
655,-4.999999999999998,-4.999999999999998,50,None,0.9999263846874237,0.9999968695640564
656,-4.999999999999998,-4.999999999999998,50,None,0.9987695527076721,0.9999999976158143
657,-4.999999999999998,-4.999999999999998,50,None,0.9999716782569885,0.9999729478359223
658,-4.999999999999998,-4.999999999999998,50,None,0.9998788666725159,0.9999999856948852
659,-4.999999999999998,-4.999999999999998,50,None,0.9995204782485962,0.9999971985816956
660,-4.999999999999998,-4.999999999999998,50,None,0.9997721016407013,0.9999999833106995
661,-4.999999999999998,-4.999999999999998,50,None,0.9976724219322205,0.9999996829032898
662,-4.999999999999998,-4.999999999999998,50,None,0.9997588276863099,0.9999926888942718
663,-4.999999999999998,-4.999999999999998,50,None,0.9991424870491028,0.9999824273586273
664,-4.999999999999998,-4.999999999999998,50,None,0.999970543384552,0.9999682295322418
665,-4.999999999999998,-4.999999999999998,50,None,0.9400951728224755,0.9999996614456177
666,-4.999999999999998,-4.999999999999998,50,None,0.9963819169998169,0.9999999523162841
667,-4.999999999999998,-4.999999999999998,50,None,0.9799157743342221,0.9999932885169983
668,-4.999999999999998,-4.999999999999998,50,None,0.9999025619029999,0.9999780797958374
669,-4.999999999999998,-4.999999999999998,50,None,0.998806631565094,0.9999909949302673
670,-4.999999999999998,-4.999999999999998,50,None,0.9766765446192585,0.9999993944168091
671,-4.999999999999998,-4.999999999999998,50,None,0.9998451888561248,0.9998965656757355
672,-4.999999999999998,-4.999999999999998,50,None,0.9967010772228241,0.9999987649917602
673,-5.8999999999999995,4.1000000000000005,9,Villain,0.9418216016557481,0.9998019668791029
674,-4.999999999999998,-4.999999999999998,50,None,0.9969523310661316,0.9999945211410523
675,-5.6,4.4,6,Villain,0.9982509215672811,0.999978760878245
676,-4.999999999999998,-4.999999999999998,50,None,0.9992374837398529,0.9999902725219727
677,4.800000000000001,-5.199999999999999,2,Hero,0.9996462762355804,0.9983939230442047
678,4.800000000000001,-5.199999999999999,2,Hero,0.9998516738414764,0.9999697804450989
679,-4.999999999999998,-4.999999999999998,50,None,0.9888458979129792,0.9998454177379608
680,-4.999999999999998,-4.999999999999998,50,None,0.9991790294647217,0.9999988198280334
681,-4.999999999999998,-4.999999999999998,50,None,0.9256862202612683,0.9999996757507325
682,-5.8,4.2,8,Villain,0.9883467555046082,0.9994053617119789
683,-4.999999999999998,-4.999999999999998,50,None,0.9999585640430451,0.9999975562095642
684,-4.999999999999998,-4.999999999999998,50,None,0.9999379134178161,0.9999985432624817
685,-4.999999999999998,-4.999999999999998,50,None,0.980556970834732,0.9997698032855987
686,-4.999999999999998,-4.999999999999998,50,None,0.9997561573982239,0.9999588561058045
687,-4.999999999999998,-4.999999999999998,50,None,0.9997874474525452,0.9989579486846923
688,-4.999999999999998,-4.999999999999998,50,None,0.9998757004737854,0.9999991536140442
689,-4.999999999999998,-4.999999999999998,50,None,0.9979526996612549,1.0
690,4.9,-5.1,1,Hero,0.9999775886535645,0.9999780654907227
691,-4.999999999999998,-4.999999999999998,50,None,0.9996573853492737,0.99976278424263
692,-4.999999999999998,-4.999999999999998,50,None,0.9781765678618103,0.9999997186660766
693,-4.999999999999998,-4.999999999999998,50,None,0.9996134376525879,0.9998532843589782
694,-4.999999999999998,-4.999999999999998,50,None,0.9983465588092804,0.9999742579460144
695,4.6000000000000005,-5.3999999999999995,4,Hero,0.9997613728046417,0.9993211925029755
696,-4.999999999999998,-4.999999999999998,50,None,0.9977618157863617,0.9999973797798156
697,-4.999999999999998,-4.999999999999998,50,None,0.9965885829925537,0.9999998784065247
698,-4.999999999999998,-4.999999999999998,50,None,0.9957364654541015,0.9997874307632446
699,4.9,-5.1,1,Hero,0.9993420243263245,0.9999526739120483
700,-4.999999999999998,-4.999999999999998,50,None,0.9997203516960144,0.9999996614456177
701,4.7,-5.3,3,Hero,0.9999572436014811,0.999785582224528
702,-4.999999999999998,-4.999999999999998,50,None,0.994373117685318,0.9999990916252136
703,-5.1,4.9,1,Villain,0.9994718432426453,0.999998927116394
704,4.9,-5.1,1,Hero,0.9997186064720154,0.9999732971191406
705,-4.999999999999998,-4.999999999999998,50,None,0.999958518743515,0.9999969959259033
706,-5.8,4.2,8,Villain,0.9890221878886223,0.9998981654644012
707,-4.999999999999998,-4.999999999999998,50,None,0.9829105460643768,0.9999993777275086
708,-4.999999999999998,-4.999999999999998,50,None,0.9739027655869722,0.9999999713897705
709,-4.999999999999998,-4.999999999999998,50,None,0.9990156400203705,0.9999955916404724
710,-4.999999999999998,-4.999999999999998,50,None,0.9612198565714061,0.9999998450279236
711,-4.999999999999998,-4.999999999999998,50,None,0.9790605169534683,0.9999933338165283
712,-4.999999999999998,-4.999999999999998,50,None,0.9999047124385834,0.9999255645275116
713,-4.999999999999998,-4.999999999999998,50,None,0.9973973786830902,0.9982117235660553
714,4.800000000000001,-5.199999999999999,2,Hero,0.9995265603065491,0.999864786863327
715,-4.999999999999998,-4.999999999999998,50,None,0.999928058385849,0.9999990439414979
716,-4.999999999999998,-4.999999999999998,50,None,0.9818791425228119,0.9999992346763611
717,-5.3,4.7,3,Villain,0.995171586672465,0.9999889135360718
718,-4.999999999999998,-4.999999999999998,50,None,0.9999822187423706,0.9999865937232971
719,-4.999999999999998,-4.999999999999998,50,None,0.9993528842926025,0.9977459251880646
720,-4.999999999999998,-4.999999999999998,50,None,0.9995073413848877,0.9999968481063842
721,4.1000000000000005,-5.8999999999999995,9,Hero,0.9997841450903151,0.9999757607777914
722,-4.999999999999998,-4.999999999999998,50,None,0.9997595822811127,0.9999994826316834
723,4.9,-5.1,1,Hero,0.9998742341995239,0.9999980926513672
724,4.7,-5.3,3,Hero,0.9969500501950582,0.9999961058298746
725,-5.699999999999999,4.300000000000001,7,Villain,0.9990715384483337,0.9999984843390328
726,-4.999999999999998,-4.999999999999998,50,None,0.9831610226631164,0.9999979710578919
727,-4.999999999999998,-4.999999999999998,50,None,0.9737394255399704,0.9999899220466614
728,-4.999999999999998,-4.999999999999998,50,None,0.9988536989688873,0.9993880403041839
729,-4.999999999999998,-4.999999999999998,50,None,0.9838382279872895,0.9999949383735657
730,4.4,-5.6,6,Hero,0.9984613358974457,0.9999037285645803
731,-6.1,3.9000000000000004,11,Villain,0.8161723004146055,0.997210296717557
732,-5.199999999999999,4.800000000000001,2,Villain,0.9989235103130341,0.9999979734420776
733,-4.999999999999998,-4.999999999999998,50,None,0.9734602519869804,0.9999995660781861
734,-4.999999999999998,-4.999999999999998,50,None,0.9974087059497834,0.9999977040290833
735,-4.999999999999998,-4.999999999999998,50,None,0.9998942637443542,0.9999982953071594
736,-4.999999999999998,-4.999999999999998,50,None,0.9998080456256866,0.9999913096427917
737,-4.999999999999998,-4.999999999999998,50,None,0.9877003002166748,0.9999995875358582
738,-6.9,3.0999999999999996,19,Villain,0.8905292527725626,0.9999969382035104
739,-4.999999999999998,-4.999999999999998,50,None,0.9998352599143981,0.9999436223506928
740,-4.999999999999998,-4.999999999999998,50,None,0.998860833644867,0.999999725818634
741,-4.999999999999998,-4.999999999999998,50,None,0.9881202399730682,0.9999789464473724
742,-4.999999999999998,-4.999999999999998,50,None,0.9618144718557596,0.9999993252754211
743,-4.999999999999998,-4.999999999999998,50,None,0.9946240746974945,0.9999990081787109
744,-4.999999999999998,-4.999999999999998,50,None,0.9977759122848511,0.999797260761261
745,-5.8,4.2,8,Villain,0.8726506140083075,0.9998499229550362
746,-4.999999999999998,-4.999999999999998,50,None,0.8970476793404668,0.9999988913536072
747,-4.999999999999998,-4.999999999999998,50,None,0.9756197249889373,0.9998057544231415
748,-4.999999999999998,-4.999999999999998,50,None,0.9993777585029602,0.9999891245365142
749,-4.999999999999998,-4.999999999999998,50,None,0.997662501335144,0.999871906042099
750,-4.999999999999998,-4.999999999999998,50,None,0.9123207975551486,0.999999692440033
751,-4.999999999999998,-4.999999999999998,50,None,0.9459683376550675,0.9947151911258697
752,-4.999999999999998,-4.999999999999998,50,None,0.9845744645595551,0.9999989318847656
753,-4.999999999999998,-4.999999999999998,50,None,0.8248918733000755,0.9998461759090423
754,4.6000000000000005,-5.3999999999999995,4,Hero,0.9938943982124329,0.9999278485774994
755,-4.999999999999998,-4.999999999999998,50,None,0.9990441346168518,0.999992972612381
756,-4.999999999999998,-4.999999999999998,50,None,0.918531752564013,0.9999930620193481
757,4.7,-5.3,3,Hero,0.9970781207084656,0.9999864101409912
758,4.9,-5.1,1,Hero,0.9997547268867493,0.9999992847442627
759,-4.999999999999998,-4.999999999999998,50,None,0.9170817594975234,0.9999966168403626
760,-8.200000000000001,1.799999999999999,32,Villain,0.8750501939794049,0.9999981336295605
761,-4.999999999999998,-4.999999999999998,50,None,0.9657976227998734,0.9999980092048645
762,-9.899999999999999,0.10000000000000142,49,Villain,0.9142520114855499,0.9999987933100486
763,-4.999999999999998,-4.999999999999998,50,None,0.9987055504322052,0.9999922299385071
764,1.799999999999999,-8.200000000000001,32,Hero,0.9277308703021845,0.9999998807907104
765,-4.999999999999998,-4.999999999999998,50,None,0.9775668948702514,0.9999891233444214
766,-4.999999999999998,-4.999999999999998,50,None,0.8544385388493538,0.9999955940246582
767,-4.999999999999998,-4.999999999999998,50,None,0.8634805056452751,0.9999692487716675
768,-4.999999999999998,-4.999999999999998,50,None,0.8251575833372772,0.999995481967926
769,-4.999999999999998,-4.999999999999998,50,None,0.9624653814733029,0.9999935936927795
770,-4.999999999999998,-4.999999999999998,50,None,0.8318787275627255,0.9999881196022034
771,-4.999999999999998,-4.999999999999998,50,None,0.9777349064592272,0.9999887597560883
772,-4.999999999999998,-4.999999999999998,50,None,0.9980996251106262,0.9999908208847046
773,-4.999999999999998,-4.999999999999998,50,None,0.8534875934943557,0.9999956917762757
774,-4.999999999999998,-4.999999999999998,50,None,0.9463548025116324,0.9999980020523072
775,-4.999999999999998,-4.999999999999998,50,None,0.9252287459373474,0.9999911451339721
776,3.8000000000000007,-6.199999999999999,12,Hero,0.7987461419155201,0.9999949932098389
777,-5.6,4.4,6,Villain,0.8195784588654836,0.9999990264574686
778,0.3000000000000007,-9.7,47,Hero,0.8787594787142379,0.9999915310677062
779,3.2,-6.8,18,Hero,0.609305164259341,0.9999495645364126
780,1.799999999999999,-8.200000000000001,32,Hero,0.8040829647798091,0.999999787658453
781,3.3,-6.7,17,Hero,0.6710251035059199,0.9999371486551621
782,3.9000000000000004,-6.1,11,Hero,0.7774771099740808,0.9999944405122236
783,4.0,-6.0,10,Hero,0.6716574788093567,0.9999953269958496
784,2.6999999999999997,-7.300000000000001,23,Hero,0.612566884931015,0.9959336260090703
785,3.5,-6.5,15,Hero,0.8743057449658712,0.9950350006421407
786,-4.999999999999998,-4.999999999999998,50,None,0.9314869356155395,0.999999828338623
787,3.4000000000000004,-6.6,16,Hero,0.714610696042655,0.9999388381838799
788,4.5,-5.5,5,Hero,0.6078778564929962,0.9999816179275512
789,3.0999999999999996,-6.9,19,Hero,0.6386509851405495,0.9999270815598337
790,0.5999999999999996,-9.4,44,Hero,0.7196075594560667,0.9999995312907479
791,3.8000000000000007,-6.199999999999999,12,Hero,0.6188260801136494,0.999184305469195
792,3.2,-6.8,18,Hero,0.6571111424515644,0.9999962449073792
793,3.0999999999999996,-6.9,19,Hero,0.5563859021732289,0.999475243844484
794,2.8,-7.2,22,Hero,0.6371845274486325,0.999985006722537
795,2.5999999999999996,-7.4,24,Hero,0.8990481129537026,0.9999998758236567
796,4.4,-5.6,6,Hero,0.651270200808843,0.9999412099520365
797,3.8000000000000007,-6.199999999999999,12,Hero,0.6079076553384463,0.9996387710173925
798,3.2,-6.8,18,Hero,0.6363719354073206,0.999997635682424
799,-5.3,4.7,3,Villain,0.9159347216288248,0.9999993244806925
800,-4.999999999999998,-4.999999999999998,50,None,0.7893652510643006,0.9999720597267151
801,3.0999999999999996,-6.9,19,Hero,0.6922261393383929,0.9999998870648836
802,-5.699999999999999,4.300000000000001,7,Villain,0.5720896593161992,0.9999984332493373
803,-6.0,4.0,10,Villain,0.8472499676048756,0.9999992609024048
804,-4.999999999999998,-4.999999999999998,50,None,0.8767008974589408,0.9999992108345032
805,-4.999999999999998,-4.999999999999998,50,None,0.9773953986167908,0.9998063492774963
806,-7.300000000000001,2.6999999999999997,23,Villain,0.9382509934999372,0.9999995853589929
807,-4.999999999999998,-4.999999999999998,50,None,0.9206861498951912,0.9999970817565917
808,-4.999999999999998,-4.999999999999998,50,None,0.9513709962833673,0.9999998092651368
809,-4.999999999999998,-4.999999999999998,50,None,0.8773473294079304,0.9999998807907104
810,-4.999999999999998,-4.999999999999998,50,None,0.999916467666626,0.9999422347545623
811,-5.199999999999999,4.800000000000001,2,Villain,0.9989548027515411,0.9999989867210388
812,-4.999999999999998,-4.999999999999998,50,None,0.9677002868056297,0.9999998474121093
813,-5.1,4.9,1,Villain,0.989959180355072,0.9998428821563721
814,-4.999999999999998,-4.999999999999998,50,None,0.8995363070443273,0.9999998664855957
815,-4.999999999999998,-4.999999999999998,50,None,0.9425701722502708,0.9999993944168091
816,-4.999999999999998,-4.999999999999998,50,None,0.8528159512765705,0.9999990701675415
817,-4.999999999999998,-4.999999999999998,50,None,0.9964151537418365,0.9999956250190735
818,-4.999999999999998,-4.999999999999998,50,None,0.9475963426660746,0.9999996566772461
819,-4.999999999999998,-4.999999999999998,50,None,0.8860874710977078,0.9999960923194885
820,-4.999999999999998,-4.999999999999998,50,None,0.9981525957584381,0.9999875390529632
821,-4.999999999999998,-4.999999999999998,50,None,0.9913497626781463,0.9995764183998108
822,-4.999999999999998,-4.999999999999998,50,None,0.932660676240921,0.999998300075531
823,-4.999999999999998,-4.999999999999998,50,None,0.9946003580093383,0.9799468610753127
824,-4.999999999999998,-4.999999999999998,50,None,0.9937756156921387,0.9999973773956299
825,-5.699999999999999,4.300000000000001,7,Villain,0.6975391922252518,0.9995896560805184
826,-4.999999999999998,-4.999999999999998,50,None,0.9983539283275604,0.9999967384338379
827,-4.999999999999998,-4.999999999999998,50,None,0.9391471453756094,0.9999998354911804
828,-4.999999999999998,-4.999999999999998,50,None,0.9695088310912251,0.9999958109855652
829,4.7,-5.3,3,Hero,0.9996851483980814,0.9999862114588419
830,-4.999999999999998,-4.999999999999998,50,None,0.9823359084129334,0.9999990272521972
831,-4.999999999999998,-4.999999999999998,50,None,0.996634349822998,0.9999997305870056
832,-4.999999999999998,-4.999999999999998,50,None,0.9273531913384795,0.9999806833267212
833,-4.999999999999998,-4.999999999999998,50,None,0.978729162630625,0.9999925708770752
834,-4.999999999999998,-4.999999999999998,50,None,0.9432990892976523,0.9998728942871093
835,-4.999999999999998,-4.999999999999998,50,None,0.8408073291182518,0.9999923658370972
836,-4.999999999999998,-4.999999999999998,50,None,0.932497994452715,0.977237057723105
837,0.7999999999999989,-9.200000000000001,42,Hero,0.9153615758709964,0.9999993727320716
838,-5.1,4.9,1,Villain,0.9807378649711609,0.9998462200164795
839,-5.8,4.2,8,Villain,0.5325137078762054,0.9999980032444
840,-4.999999999999998,-4.999999999999998,50,None,0.8819836538471282,0.999940435886383
841,4.6000000000000005,-5.3999999999999995,4,Hero,0.9989855289459229,0.9999980926513672
842,-4.999999999999998,-4.999999999999998,50,None,0.9982802319526672,0.9999960994720459
843,-4.999999999999998,-4.999999999999998,50,None,0.9320095029100776,0.9999863278865814
844,-4.999999999999998,-4.999999999999998,50,None,0.9972242295742035,0.9999934184551239
845,-4.999999999999998,-4.999999999999998,50,None,0.9983348512649536,0.999999783039093
846,-4.999999999999998,-4.999999999999998,50,None,0.9294318744540214,0.9999993658065796
847,-4.999999999999998,-4.999999999999998,50,None,0.9998737108707428,0.9998465704917908
848,-4.999999999999998,-4.999999999999998,50,None,0.9678349789977073,0.9999981141090393
849,-4.999999999999998,-4.999999999999998,50,None,0.8496019271633122,0.9999066424369812
850,-6.3,3.7,13,Villain,0.7191457122456856,0.99979567527771
851,-4.999999999999998,-4.999999999999998,50,None,0.8617941449210048,0.9999998116493225
852,-4.999999999999998,-4.999999999999998,50,None,0.9997984039783477,0.9999974346160889
853,-4.999999999999998,-4.999999999999998,50,None,0.9242454258538783,0.9999780333042145
854,-6.199999999999999,3.8000000000000007,12,Villain,0.7196611203253269,0.9991950194040934
855,-4.999999999999998,-4.999999999999998,50,None,0.9983861470222473,0.9999979376792908
856,-4.999999999999998,-4.999999999999998,50,None,0.9595984654501081,0.9999961686134339
857,-4.999999999999998,-4.999999999999998,50,None,0.9962365293502807,0.9989027142524719
858,-4.999999999999998,-4.999999999999998,50,None,0.9278811349719763,0.9999491393566131
859,-5.8,4.2,8,Villain,0.48497855104506016,0.9999993294477463
860,-7.700000000000001,2.2999999999999994,27,Villain,0.7348789535462856,0.99998821594097
861,-6.9,3.0999999999999996,19,Villain,0.7653080507328636,0.9999996423721313
862,0.10000000000000142,-9.899999999999999,49,Hero,0.9749823689213669,0.9999002400709658
863,-5.8,4.2,8,Villain,0.5147352525964379,0.9999998658895493
864,4.300000000000001,-5.699999999999999,7,Hero,0.9976170573915754,0.9997934869357518
865,3.6000000000000005,-6.3999999999999995,14,Hero,0.9093582145869732,0.9999081024101802
866,3.4000000000000004,-6.6,16,Hero,0.9063203651458025,0.999575175344944
867,1.9999999999999991,-8.0,30,Hero,0.7694637086242437,0.9999696473280589
868,4.300000000000001,-5.699999999999999,7,Hero,0.5198015389697892,0.9999964237213135
869,4.2,-5.8,8,Hero,0.6752286553382874,0.9999766796827316
870,4.4,-5.6,6,Hero,0.8850786785284678,0.9999788999557495
871,3.7,-6.3,13,Hero,0.615182890341832,0.9999081859221826
872,4.0,-6.0,10,Hero,0.7009262830018997,0.999999749660492
873,3.3,-6.7,17,Hero,0.6470621508710525,0.9997976176878985
874,3.8000000000000007,-6.199999999999999,12,Hero,0.633892361074686,0.9999977946281433
875,4.2,-5.8,8,Hero,0.7080464214086533,0.9996756017208099
876,4.2,-5.8,8,Hero,0.6847959794104099,0.9999897330999374
877,4.6000000000000005,-5.3999999999999995,4,Hero,0.6951891630887985,0.9999951422214508
878,3.0,-7.0,20,Hero,0.7614818185567855,0.9999979853630065
879,3.9000000000000004,-6.1,11,Hero,0.7132124142213301,0.9994904344732111
880,3.6000000000000005,-6.3999999999999995,14,Hero,0.7793485649994442,0.9999990974153791
881,3.3,-6.7,17,Hero,0.7111123432131374,0.998692933250876
882,3.5,-6.5,15,Hero,0.7535670707623164,0.9999965747197469
883,-5.1,4.9,1,Villain,0.9590229392051697,0.9999376535415649
884,3.3,-6.7,17,Hero,0.5641885040437474,0.9998625376645256
885,4.800000000000001,-5.199999999999999,2,Hero,0.8016389012336731,0.9999929070472717
886,3.7,-6.3,13,Hero,0.7542859086623559,0.9999985878284161
887,4.0,-6.0,10,Hero,0.7225759983062744,0.9999910235404968
888,3.4000000000000004,-6.6,16,Hero,0.6854651998728514,0.9999686069786549
889,3.8000000000000007,-6.199999999999999,12,Hero,0.8792348516484102,0.9999995231628418
890,3.5,-6.5,15,Hero,0.5479368845621745,0.9999890724817911
891,3.4000000000000004,-6.6,16,Hero,0.6512001673690975,0.9999829009175301
892,4.5,-5.5,5,Hero,0.584170126914978,0.9999537706375122
893,3.8000000000000007,-6.199999999999999,12,Hero,0.5911523128549258,0.9999729742606481
894,1.5999999999999988,-8.400000000000002,34,Hero,0.7598035791340996,0.9999973423340741
895,3.0,-7.0,20,Hero,0.7983429618179798,0.9999955177307129
896,3.3,-6.7,17,Hero,0.6761935493525337,0.9999917605343986
897,-4.999999999999998,-4.999999999999998,50,None,0.799109101742506,0.9999987483024597
898,1.0999999999999983,-8.900000000000002,39,Hero,0.7328399467544678,0.9999535267169659
899,3.5,-6.5,15,Hero,0.5908119022846222,0.9984874288241069
900,3.8000000000000007,-6.199999999999999,12,Hero,0.5617958977818489,0.9994782507419586
901,3.4000000000000004,-6.6,16,Hero,0.7244661366567016,0.9997954927384853
902,3.8000000000000007,-6.199999999999999,12,Hero,0.7220334907372793,0.9999950329462687
903,3.9000000000000004,-6.1,11,Hero,0.620512840422717,0.9998623891310259
904,4.2,-5.8,8,Hero,0.6915754098445177,0.9999989122152328
905,4.7,-5.3,3,Hero,0.6048430701096853,0.999973734219869
906,-5.1,4.9,1,Villain,0.9538105130195618,0.9999992847442627
907,3.7,-6.3,13,Hero,0.7074087812350347,0.9989242828809298
908,4.0,-6.0,10,Hero,0.5378824353218079,0.9999980449676513
909,4.2,-5.8,8,Hero,0.7397150434553623,0.9991729110479355
910,3.3,-6.7,17,Hero,0.6728374020141714,0.9999982749714571
911,3.0999999999999996,-6.9,19,Hero,0.7186792037988964,0.9999997866781134
912,3.9000000000000004,-6.1,11,Hero,0.8217432580210946,0.9999081709168174
913,3.2,-6.8,18,Hero,0.5774341995517412,0.9999988012843661
914,3.9000000000000004,-6.1,11,Hero,0.8527830432761799,0.9920669902454723
915,3.9000000000000004,-6.1,11,Hero,0.7299765172329816,0.9998598207126964
916,-5.1,4.9,1,Villain,0.9994431138038635,0.9999997615814209
917,3.0,-7.0,20,Hero,0.5898252591490746,0.9999905705451966
918,-5.5,4.5,5,Villain,0.9256885170936584,0.9996282696723938
919,3.5,-6.5,15,Hero,0.6955270489056905,0.9990191022555034
920,3.6000000000000005,-6.3999999999999995,14,Hero,0.6964736921446664,0.9997762484209878
921,-5.6,4.4,6,Villain,0.9926115473111471,0.9999972581863403
922,4.0,-6.0,10,Hero,0.5888952806591987,0.9999996304512024
923,3.6000000000000005,-6.3999999999999995,14,Hero,0.7774496179606233,0.9999970112528119
924,4.2,-5.8,8,Hero,0.5095578022301197,0.9999997913837433
925,4.300000000000001,-5.699999999999999,7,Hero,0.8422868102788925,0.9997478553227016
926,4.6000000000000005,-5.3999999999999995,4,Hero,0.7606738209724426,0.9999371767044067
927,4.300000000000001,-5.699999999999999,7,Hero,0.784298083611897,0.9999646629605975
928,4.1000000000000005,-5.8999999999999995,9,Hero,0.8139264716042413,0.9999809530046251
929,4.5,-5.5,5,Hero,0.7754668742418289,0.9999418377876281
930,4.300000000000001,-5.699999999999999,7,Hero,0.6594118986810956,0.9999581575393677
931,4.4,-5.6,6,Hero,0.6165472616751989,0.9999964237213135
932,3.5,-6.5,15,Hero,0.6845748245716095,0.9999805212020874
933,4.6000000000000005,-5.3999999999999995,4,Hero,0.5693291574716568,0.9999970197677612
934,4.5,-5.5,5,Hero,0.876451051235199,0.9999865293502808
935,4.1000000000000005,-5.8999999999999995,9,Hero,0.8756620970865091,0.9999105532964071
936,3.3,-6.7,17,Hero,0.6999176447005833,0.9999901687397676
937,3.7,-6.3,13,Hero,0.7685755972678845,0.9999911234929011
938,4.7,-5.3,3,Hero,0.6010433534781138,0.9999926090240479
939,4.2,-5.8,8,Hero,0.5897876713424921,0.9999999105930328
940,3.9000000000000004,-6.1,11,Hero,0.7101144086230885,0.999663921919736
941,3.8000000000000007,-6.199999999999999,12,Hero,0.8116559311747551,0.9999990463256836
942,3.0999999999999996,-6.9,19,Hero,0.6808383300116188,0.9999989961322985
943,3.4000000000000004,-6.6,16,Hero,0.6494308025576174,0.9991496913135052
944,3.5,-6.5,15,Hero,0.5739454219738642,0.9999873717625936
945,4.9,-5.1,1,Hero,0.5610949397087097,1.0
946,4.5,-5.5,5,Hero,0.9902202367782593,0.9999998807907104
947,4.5,-5.5,5,Hero,0.9139149427413941,1.0
948,4.9,-5.1,1,Hero,0.6157056093215942,0.9999998807907104
949,4.0,-6.0,10,Hero,0.8066995739936829,0.9999709725379944
950,1.7763568394002505e-15,-9.999999999999998,50,Hero,0.7617915790528059,1.0
951,4.6000000000000005,-5.3999999999999995,4,Hero,0.6160494908690453,0.9999657869338989
952,4.4,-5.6,6,Hero,0.961774210135142,0.9999800125757853
953,4.4,-5.6,6,Hero,0.8045510947704315,0.9999681711196899
954,3.5,-6.5,15,Hero,0.5877201567093532,0.9999261021614074
955,3.7,-6.3,13,Hero,0.7083910637750075,0.9996140736799973
956,3.9000000000000004,-6.1,11,Hero,0.6519959189675071,0.9999938878146085
957,4.0,-6.0,10,Hero,0.6695628762245178,0.9996624171733857
958,4.300000000000001,-5.699999999999999,7,Hero,0.9979932052748544,0.9999999829701015
959,3.2,-6.8,18,Hero,0.6172751796742281,0.9999935626983643
960,-4.999999999999998,-4.999999999999998,50,None,0.8288037528097629,0.9999996519088745
961,-5.1,4.9,1,Villain,0.6172060966491699,0.9997813105583191
962,3.9000000000000004,-6.1,11,Hero,0.8552039942958138,0.9999995340000499
963,3.0,-7.0,20,Hero,0.6886886589229106,0.9999999463558197
964,4.5,-5.5,5,Hero,0.6381929993629456,0.9999999761581421
965,4.5,-5.5,5,Hero,0.6523393452167511,1.0
966,4.2,-5.8,8,Hero,0.8308185059577227,0.9999992102384567
967,3.7,-6.3,13,Hero,0.6788989420120533,0.9999977533633893
968,4.800000000000001,-5.199999999999999,2,Hero,0.5920409560203552,0.9999998211860657
969,3.9000000000000004,-6.1,11,Hero,0.7964453101158142,1.0
970,3.3,-6.7,17,Hero,0.6439760108204449,0.9997639305451337
971,4.2,-5.8,8,Hero,0.5754785407334566,1.0
972,4.300000000000001,-5.699999999999999,7,Hero,0.8475194179586002,0.9999650801931109
973,3.0999999999999996,-6.9,19,Hero,0.6968862759439569,0.9999999121615761
974,2.3999999999999995,-7.6000000000000005,26,Hero,0.7187417585116166,0.9999949932098389
975,4.300000000000001,-5.699999999999999,7,Hero,0.8577674329280853,0.9999995742525373
976,3.3,-6.7,17,Hero,0.6839599999434808,1.0
977,4.800000000000001,-5.199999999999999,2,Hero,0.9937089383602142,0.999993622303009
978,4.1000000000000005,-5.8999999999999995,9,Hero,0.5801818707776774,0.9999999735090468
979,3.7,-6.3,13,Hero,0.6133638606048547,0.9999766579041114
980,4.0,-6.0,10,Hero,0.8927838563919067,0.9999999880790711
981,4.5,-5.5,5,Hero,0.9867405891418457,0.9999998092651368
982,4.9,-5.1,1,Hero,0.9530860781669617,0.9999997615814209
983,3.5,-6.5,15,Hero,0.5957634290059407,1.0
984,3.8000000000000007,-6.199999999999999,12,Hero,0.8241509633759657,0.9999999701976776
985,3.7,-6.3,13,Hero,0.6858053299096915,0.9999661124669589
986,3.8000000000000007,-6.199999999999999,12,Hero,0.6361925899982452,0.9999999701976776
987,3.4000000000000004,-6.6,16,Hero,0.6282087257131934,0.9999999850988388
988,3.5,-6.5,15,Hero,0.7286313772201538,0.9999999364217123
989,4.1000000000000005,-5.8999999999999995,9,Hero,0.6515227655569712,0.9999925560421414
990,4.1000000000000005,-5.8999999999999995,9,Hero,0.6542135377724966,0.9998875061670939
991,3.6000000000000005,-6.3999999999999995,14,Hero,0.6979032691035952,0.9998172649315425
992,4.7,-5.3,3,Hero,0.41127516825993854,1.0
993,4.0,-6.0,10,Hero,0.8920437872409821,0.9999979734420776
994,4.7,-5.3,3,Hero,0.6683323979377747,0.9999992450078329
995,4.300000000000001,-5.699999999999999,7,Hero,0.7685373595782689,0.9999989782060895
996,4.300000000000001,-5.699999999999999,7,Hero,0.7345649749040604,0.9999942779541016
997,4.4,-5.6,6,Hero,0.702481652299563,0.9999998807907104
998,4.0,-6.0,10,Hero,0.5910315573215484,0.9999999165534973
999,4.6000000000000005,-5.3999999999999995,4,Hero,0.5657692179083824,0.999999463558197
1000,4.1000000000000005,-5.8999999999999995,9,Hero,0.6971546676423814,0.9999772840076022
1001,4.2,-5.8,8,Hero,0.6544190924614668,0.9990060329437256
1002,3.2,-6.8,18,Hero,0.7593361991975043,0.9999999205271403
1003,-5.3999999999999995,4.6000000000000005,4,Villain,0.7113625518977642,0.9999989569187164
1004,3.4000000000000004,-6.6,16,Hero,0.5504809143021703,0.9999668300151825
1005,4.6000000000000005,-5.3999999999999995,4,Hero,0.6635384485125542,0.9999964237213135
1006,3.3,-6.7,17,Hero,0.6330330520868301,0.9999994460274192
1007,4.2,-5.8,8,Hero,0.6268718615174294,0.9999834448099136
1008,3.5,-6.5,15,Hero,0.6849309943616391,0.9999999602635702
1009,2.4999999999999996,-7.5,25,Hero,0.8417193320393562,1.0
1010,3.7,-6.3,13,Hero,0.6666481586603018,0.9999999908300546
1011,4.0,-6.0,10,Hero,0.6910027384757995,0.9999999880790711
1012,4.0,-6.0,10,Hero,0.549493533372879,0.9999994397163391
1013,3.9000000000000004,-6.1,11,Hero,0.8693332076072693,0.9999999891627919
1014,4.4,-5.6,6,Hero,0.3241875171661377,0.9999997218449911
1015,3.0999999999999996,-6.9,19,Hero,0.7482697179442958,0.9999999749033075
1016,4.2,-5.8,8,Hero,0.649278350174427,0.9999999552965164
1017,3.8000000000000007,-6.199999999999999,12,Hero,0.6611460310717424,0.9999999900658926
1018,3.8000000000000007,-6.199999999999999,12,Hero,0.8197828729947408,0.9999996721744537
1019,4.1000000000000005,-5.8999999999999995,9,Hero,0.6957315492133299,0.9999907811482748
1020,4.2,-5.8,8,Hero,0.6736062541604042,0.9999999850988388
1021,3.7,-6.3,13,Hero,0.736542637531574,0.9999999908300546
1022,-5.3,4.7,3,Villain,0.9968773523966471,1.0
1023,4.5,-5.5,5,Hero,0.5637250036001206,1.0
1024,4.2,-5.8,8,Hero,0.6214834861457348,1.0
1025,4.5,-5.5,5,Hero,0.6561099410057067,1.0
1026,3.9000000000000004,-6.1,11,Hero,0.8742161784276422,1.0
1027,4.300000000000001,-5.699999999999999,7,Hero,0.5038550198078156,1.0
1028,4.6000000000000005,-5.3999999999999995,4,Hero,0.6125865941867232,1.0
1029,2.9,-7.1,21,Hero,0.6861450163026651,0.9999999829701015
1030,4.6000000000000005,-5.3999999999999995,4,Hero,0.6700228601694107,1.0
1031,3.7,-6.3,13,Hero,0.6730369019966859,0.999999789091257
1032,4.4,-5.6,6,Hero,0.8099100242058436,1.0
1033,3.8000000000000007,-6.199999999999999,12,Hero,0.6418837929765383,1.0
1034,3.5,-6.5,15,Hero,0.5534484550356865,1.0
1035,-5.199999999999999,4.800000000000001,2,Villain,0.9809952676296234,1.0
1036,3.2,-6.8,18,Hero,0.6028654433838609,1.0
1037,3.9000000000000004,-6.1,11,Hero,0.83500936627388,0.9999999891627919
1038,4.2,-5.8,8,Hero,0.9213044494390488,1.0
1039,3.4000000000000004,-6.6,16,Hero,0.7022376246750355,1.0
1040,4.9,-5.1,1,Hero,0.40579771995544434,1.0
1041,3.5,-6.5,15,Hero,0.577415668964386,1.0
1042,4.0,-6.0,10,Hero,0.6929850310087204,1.0
1043,4.0,-6.0,10,Hero,0.8652042835950852,1.0
1044,3.9000000000000004,-6.1,11,Hero,0.6529501134699042,1.0
1045,4.2,-5.8,8,Hero,0.9946828708052635,1.0
1046,3.3,-6.7,17,Hero,0.7141191871727214,1.0
1047,4.5,-5.5,5,Hero,0.6328874588012695,1.0
1048,3.4000000000000004,-6.6,16,Hero,0.684163048863411,1.0
1049,4.1000000000000005,-5.8999999999999995,9,Hero,0.6786047766606013,1.0
1050,4.1000000000000005,-5.8999999999999995,9,Hero,0.6984252375033166,1.0
1051,4.7,-5.3,3,Hero,0.6801737745602926,1.0
1052,4.1000000000000005,-5.8999999999999995,9,Hero,0.6830923954645792,1.0
1053,3.7,-6.3,13,Hero,0.5804827293524375,1.0
1054,4.2,-5.8,8,Hero,0.7066096588969231,1.0
1055,-5.6,4.4,6,Villain,0.9764903883139292,1.0
1056,3.5,-6.5,15,Hero,0.6281556049982707,1.0
1057,3.8000000000000007,-6.199999999999999,12,Hero,0.7196924934784571,1.0
1058,-5.1,4.9,1,Villain,0.4857018291950226,0.9952341914176941
1059,3.4000000000000004,-6.6,16,Hero,0.6860961690545082,1.0
1060,-5.3999999999999995,4.6000000000000005,4,Villain,0.6343084797263145,1.0
1061,3.8000000000000007,-6.199999999999999,12,Hero,0.5952162068958083,1.0
1062,-4.999999999999998,-4.999999999999998,50,None,0.9079067024588585,1.0
1063,1.799999999999999,-8.200000000000001,32,Hero,0.8725109929218888,1.0
1064,1.6999999999999988,-8.3,33,Hero,0.8370858790973822,1.0
1065,-4.999999999999998,-4.999999999999998,50,None,0.8546512225270271,1.0
1066,1.799999999999999,-8.200000000000001,32,Hero,0.7437514518387616,1.0
1067,4.0,-6.0,10,Hero,0.7224850103259086,1.0
1068,3.4000000000000004,-6.6,16,Hero,0.6861083339899778,1.0
1069,-6.1,3.9000000000000004,11,Villain,0.5906887869138948,1.0
1070,3.6000000000000005,-6.3999999999999995,14,Hero,0.6943587703364236,1.0
1071,4.2,-5.8,8,Hero,0.7464640364050865,1.0
1072,4.4,-5.6,6,Hero,0.9800207714239756,1.0
1073,4.0,-6.0,10,Hero,0.6064878910779953,1.0
1074,4.4,-5.6,6,Hero,0.9834162592887878,1.0
1075,3.9000000000000004,-6.1,11,Hero,0.7445119781927629,1.0
1076,4.1000000000000005,-5.8999999999999995,9,Hero,0.7131091819869148,1.0
1077,3.5,-6.5,15,Hero,0.5652617732683818,1.0
1078,4.0,-6.0,10,Hero,0.7442971587181091,1.0
1079,4.1000000000000005,-5.8999999999999995,9,Hero,0.726539777384864,1.0
1080,4.1000000000000005,-5.8999999999999995,9,Hero,0.7068007985750834,1.0
1081,3.4000000000000004,-6.6,16,Hero,0.6732706278562546,1.0
1082,4.4,-5.6,6,Hero,0.5283313790957133,1.0
1083,3.7,-6.3,13,Hero,0.6217592656612396,1.0
1084,3.4000000000000004,-6.6,16,Hero,0.771899152547121,1.0
1085,-5.699999999999999,4.300000000000001,7,Villain,0.5718282759189606,1.0
1086,4.1000000000000005,-5.8999999999999995,9,Hero,0.6122321122222476,1.0
1087,4.4,-5.6,6,Hero,0.7955542833078653,1.0
1088,4.6000000000000005,-5.3999999999999995,4,Hero,0.7982730567455292,1.0
1089,3.9000000000000004,-6.1,11,Hero,0.6567424014210701,1.0
1090,4.0,-6.0,10,Hero,0.8951445043087005,1.0
1091,4.1000000000000005,-5.8999999999999995,9,Hero,0.7066212743520737,1.0
1092,4.4,-5.6,6,Hero,0.6984463234742483,1.0
1093,4.0,-6.0,10,Hero,0.7114670693874359,1.0
1094,4.0,-6.0,10,Hero,0.6657737195491791,1.0
1095,4.9,-5.1,1,Hero,0.6538534760475159,1.0
1096,4.0,-6.0,10,Hero,0.713769581913948,1.0
1097,3.9000000000000004,-6.1,11,Hero,0.601216359571977,1.0
1098,4.5,-5.5,5,Hero,0.6117883741855621,1.0
1099,3.0999999999999996,-6.9,19,Hero,0.5539412592586718,0.9999999623549612
1100,4.300000000000001,-5.699999999999999,7,Hero,0.6001486437661308,1.0
1101,3.9000000000000004,-6.1,11,Hero,0.749597575833005,1.0
1102,3.8000000000000007,-6.199999999999999,12,Hero,0.7312263523538908,1.0
1103,4.7,-5.3,3,Hero,0.5938982466856638,1.0
1104,4.1000000000000005,-5.8999999999999995,9,Hero,0.8095016885134909,1.0
1105,4.2,-5.8,8,Hero,0.7042897455394268,1.0
1106,3.5,-6.5,15,Hero,0.5967448552449545,1.0
1107,4.4,-5.6,6,Hero,0.9925622840722402,1.0
1108,3.7,-6.3,13,Hero,0.6286940563183564,1.0
1109,4.5,-5.5,5,Hero,0.9735918879508972,1.0
1110,3.9000000000000004,-6.1,11,Hero,0.7833644151687622,1.0
1111,4.300000000000001,-5.699999999999999,7,Hero,0.7946245244571141,1.0
1112,3.5,-6.5,15,Hero,0.6855160158011131,1.0
1113,4.6000000000000005,-5.3999999999999995,4,Hero,0.8075439482927322,1.0
1114,4.0,-6.0,10,Hero,0.6543531501665711,1.0
1115,3.7,-6.3,13,Hero,0.714738342911005,1.0
1116,3.9000000000000004,-6.1,11,Hero,0.6493671875108372,1.0
1117,4.5,-5.5,5,Hero,0.9909767627716064,1.0
1118,4.2,-5.8,8,Hero,0.7333911061286926,1.0
1119,4.0,-6.0,10,Hero,0.7013198256492614,1.0
1120,3.9000000000000004,-6.1,11,Hero,0.779961800033396,1.0
1121,3.5,-6.5,15,Hero,0.7438624183336894,1.0
1122,3.3,-6.7,17,Hero,0.6752510105862337,1.0
1123,4.0,-6.0,10,Hero,0.8724528610706329,1.0
1124,4.2,-5.8,8,Hero,0.860509580001235,1.0
1125,4.300000000000001,-5.699999999999999,7,Hero,0.6143117419310978,1.0
1126,4.1000000000000005,-5.8999999999999995,9,Hero,0.6469925194978714,1.0
1127,4.1000000000000005,-5.8999999999999995,9,Hero,0.6938784188694425,1.0
1128,3.8000000000000007,-6.199999999999999,12,Hero,0.6868813863644997,1.0
1129,4.300000000000001,-5.699999999999999,7,Hero,0.8215032826576915,1.0
1130,4.2,-5.8,8,Hero,0.959696963429451,1.0
1131,3.8000000000000007,-6.199999999999999,12,Hero,0.6707939058542252,1.0
1132,4.5,-5.5,5,Hero,0.5598354399204254,1.0
1133,4.2,-5.8,8,Hero,0.808184277266264,1.0
1134,-5.3999999999999995,4.6000000000000005,4,Villain,0.999486044049263,1.0
1135,4.300000000000001,-5.699999999999999,7,Hero,0.8816333838871547,1.0
1136,3.3,-6.7,17,Hero,0.6032984053496929,1.0
1137,4.800000000000001,-5.199999999999999,2,Hero,0.5743311047554016,1.0
1138,-5.6,4.4,6,Villain,0.9958578844865164,1.0
1139,3.9000000000000004,-6.1,11,Hero,0.8070474456657063,1.0
1140,4.300000000000001,-5.699999999999999,7,Hero,0.6795696318149567,1.0
1141,3.7,-6.3,13,Hero,0.747838937319242,1.0
1142,4.0,-6.0,10,Hero,0.8043402269482612,1.0
1143,3.5,-6.5,15,Hero,0.6352301491424441,1.0
1144,4.300000000000001,-5.699999999999999,7,Hero,0.48551093467644285,1.0
1145,4.0,-6.0,10,Hero,0.6346331655979156,1.0
1146,4.300000000000001,-5.699999999999999,7,Hero,0.9486527613231114,1.0
1147,4.0,-6.0,10,Hero,0.7276224046945572,1.0
1148,3.3,-6.7,17,Hero,0.7599849613273845,1.0
1149,4.300000000000001,-5.699999999999999,7,Hero,0.7651353393282209,1.0
1150,3.8000000000000007,-6.199999999999999,12,Hero,0.589320903023084,1.0
1151,4.300000000000001,-5.699999999999999,7,Hero,0.6100316728864398,1.0
1152,4.5,-5.5,5,Hero,0.6037854731082917,1.0
1153,3.2,-6.8,18,Hero,0.6781570464372635,1.0
1154,3.3,-6.7,17,Hero,0.6132660683463601,1.0
1155,4.0,-6.0,10,Hero,0.6651737332344055,1.0
1156,3.9000000000000004,-6.1,11,Hero,0.6368547515435652,1.0
1157,4.300000000000001,-5.699999999999999,7,Hero,0.6491501373904092,1.0
1158,3.7,-6.3,13,Hero,0.6499079935825788,1.0
1159,3.3,-6.7,17,Hero,0.6143313067800859,1.0
1160,3.7,-6.3,13,Hero,0.6412697789760736,1.0
1161,4.2,-5.8,8,Hero,0.633432786911726,1.0
1162,4.6000000000000005,-5.3999999999999995,4,Hero,0.8361743539571762,1.0
1163,4.5,-5.5,5,Hero,0.717082317173481,1.0
1164,4.6000000000000005,-5.3999999999999995,4,Hero,0.8023411929607391,1.0
1165,3.6000000000000005,-6.3999999999999995,14,Hero,0.6068717070988247,1.0
1166,3.9000000000000004,-6.1,11,Hero,0.5937215442007239,1.0
1167,4.300000000000001,-5.699999999999999,7,Hero,0.6287375092506409,1.0
1168,4.2,-5.8,8,Hero,0.6930354088544846,1.0
1169,3.4000000000000004,-6.6,16,Hero,0.6163615924306214,1.0
1170,3.6000000000000005,-6.3999999999999995,14,Hero,0.75601455782141,1.0
1171,3.7,-6.3,13,Hero,0.7846838659965075,1.0
1172,4.5,-5.5,5,Hero,0.6344665378332138,1.0
1173,4.300000000000001,-5.699999999999999,7,Hero,0.7167753875255585,1.0
1174,4.6000000000000005,-5.3999999999999995,4,Hero,0.9555919468402863,1.0
1175,3.0999999999999996,-6.9,19,Hero,0.7563367721281553,1.0
1176,4.1000000000000005,-5.8999999999999995,9,Hero,0.8599494364526536,1.0
1177,-5.1,4.9,1,Villain,0.9996352195739746,1.0
1178,4.7,-5.3,3,Hero,0.5742789606253306,1.0
1179,3.3,-6.7,17,Hero,0.68995783171233,1.0
1180,4.4,-5.6,6,Hero,0.8247091099619865,1.0
1181,3.7,-6.3,13,Hero,0.6154642666761692,1.0
1182,3.8000000000000007,-6.199999999999999,12,Hero,0.6924029413300256,1.0
1183,3.5,-6.5,15,Hero,0.7818413058916728,1.0
1184,4.0,-6.0,10,Hero,0.7174951285123825,1.0
1185,4.0,-6.0,10,Hero,0.895484060049057,1.0
1186,4.4,-5.6,6,Hero,0.6822735468546549,1.0
1187,3.5,-6.5,15,Hero,0.7500175833702087,1.0
1188,4.9,-5.1,1,Hero,0.8835100531578064,1.0
1189,3.2,-6.8,18,Hero,0.7591063496139314,1.0
1190,3.8000000000000007,-6.199999999999999,12,Hero,0.6196790002286434,1.0
1191,4.4,-5.6,6,Hero,0.7378769516944885,1.0
1192,3.6000000000000005,-6.3999999999999995,14,Hero,0.5909698520387922,1.0
1193,3.8000000000000007,-6.199999999999999,12,Hero,0.6245512614647547,1.0
1194,3.6000000000000005,-6.3999999999999995,14,Hero,0.7291224481804031,1.0
1195,3.5,-6.5,15,Hero,0.7623214145501455,1.0
1196,3.9000000000000004,-6.1,11,Hero,0.854959403926676,1.0
1197,-5.3999999999999995,4.6000000000000005,4,Villain,0.9884760230779648,1.0
1198,4.2,-5.8,8,Hero,0.8961833268404007,1.0
1199,3.7,-6.3,13,Hero,0.6181037597931348,1.0
1200,4.6000000000000005,-5.3999999999999995,4,Hero,0.701095812022686,1.0
1201,4.5,-5.5,5,Hero,0.9204020738601685,1.0
1202,4.9,-5.1,1,Hero,0.625477135181427,1.0
1203,4.0,-6.0,10,Hero,0.9156714916229248,1.0
1204,3.4000000000000004,-6.6,16,Hero,0.6535752369090915,1.0
1205,4.1000000000000005,-5.8999999999999995,9,Hero,0.6568244869510332,1.0
1206,3.4000000000000004,-6.6,16,Hero,0.5697646327316761,1.0
1207,3.4000000000000004,-6.6,16,Hero,0.5749732227995992,1.0
1208,4.0,-6.0,10,Hero,0.7367247968912125,1.0
1209,4.6000000000000005,-5.3999999999999995,4,Hero,0.5681957453489304,1.0
1210,4.0,-6.0,10,Hero,0.7664653360843658,1.0
1211,3.6000000000000005,-6.3999999999999995,14,Hero,0.5928621079240527,1.0
1212,3.6000000000000005,-6.3999999999999995,14,Hero,0.5950923500848668,1.0
1213,3.8000000000000007,-6.199999999999999,12,Hero,0.7928526842345794,1.0
1214,4.800000000000001,-5.199999999999999,2,Hero,0.6343243718147278,1.0
1215,4.800000000000001,-5.199999999999999,2,Hero,0.508934497833252,1.0
1216,3.3,-6.7,17,Hero,0.6485401672475478,1.0
1217,4.1000000000000005,-5.8999999999999995,9,Hero,0.866456667582194,1.0
1218,4.300000000000001,-5.699999999999999,7,Hero,0.8424274665968758,1.0
1219,3.2,-6.8,18,Hero,0.6349038063651986,1.0
1220,3.7,-6.3,13,Hero,0.7091103471242465,1.0
1221,4.0,-6.0,10,Hero,0.8764896124601365,1.0
1222,4.5,-5.5,5,Hero,0.7154611766338348,1.0
1223,3.0999999999999996,-6.9,19,Hero,0.6578039389691854,1.0
1224,4.0,-6.0,10,Hero,0.8314344704151153,1.0
1225,4.2,-5.8,8,Hero,0.9784073606133461,1.0
1226,2.9,-7.1,21,Hero,0.6795937724056698,1.0
1227,4.2,-5.8,8,Hero,0.6378735043108463,1.0
1228,3.9000000000000004,-6.1,11,Hero,0.7498102621598677,1.0
1229,4.0,-6.0,10,Hero,0.6524428933858871,1.0
1230,4.5,-5.5,5,Hero,0.8434143662452698,1.0
1231,-5.3999999999999995,4.6000000000000005,4,Villain,0.99908147752285,1.0
1232,-5.1,4.9,1,Villain,0.90749591588974,1.0
1233,4.300000000000001,-5.699999999999999,7,Hero,0.8855230467660087,1.0
1234,4.800000000000001,-5.199999999999999,2,Hero,0.5175371319055557,1.0
1235,4.0,-6.0,10,Hero,0.6832467511296272,1.0
1236,4.300000000000001,-5.699999999999999,7,Hero,0.9471766352653503,1.0
1237,2.3999999999999995,-7.6000000000000005,26,Hero,0.642076735313122,1.0
1238,4.0,-6.0,10,Hero,0.6350996896624566,1.0
1239,4.2,-5.8,8,Hero,0.543626512400806,1.0
1240,3.7,-6.3,13,Hero,0.7614398782069867,1.0
1241,4.0,-6.0,10,Hero,0.6436996027827263,1.0
1242,3.9000000000000004,-6.1,11,Hero,0.7987395321780985,1.0
1243,3.4000000000000004,-6.6,16,Hero,0.5888949912041426,1.0
1244,3.0999999999999996,-6.9,19,Hero,0.6839831173419952,1.0
1245,3.9000000000000004,-6.1,11,Hero,0.564583571119742,1.0
1246,4.300000000000001,-5.699999999999999,7,Hero,0.8214970571654183,1.0
1247,3.7,-6.3,13,Hero,0.7278245091438293,1.0
1248,4.2,-5.8,8,Hero,0.9329430237412453,1.0
1249,3.5,-6.5,15,Hero,0.5487292488416036,1.0
1250,4.7,-5.3,3,Hero,0.6528098930915197,1.0
1251,3.7,-6.3,13,Hero,0.7827797921804281,1.0
1252,4.4,-5.6,6,Hero,0.6564622124036154,1.0
1253,3.5,-6.5,15,Hero,0.778921530644099,1.0
1254,4.0,-6.0,10,Hero,0.6730616509914398,1.0
1255,3.5,-6.5,15,Hero,0.6580463429292043,1.0
1256,4.7,-5.3,3,Hero,0.6086152841647466,1.0
1257,4.4,-5.6,6,Hero,0.744553322593371,1.0
1258,4.1000000000000005,-5.8999999999999995,9,Hero,0.7253881378306283,1.0
1259,3.2,-6.8,18,Hero,0.8395523544814851,1.0
1260,4.4,-5.6,6,Hero,0.5719487816095352,1.0
1261,4.0,-6.0,10,Hero,0.6319615125656128,1.0
1262,3.8000000000000007,-6.199999999999999,12,Hero,0.8427739714582761,1.0
1263,4.1000000000000005,-5.8999999999999995,9,Hero,0.8816231373283598,1.0
1264,-5.1,4.9,1,Villain,0.497770756483078,1.0
1265,3.8000000000000007,-6.199999999999999,12,Hero,0.8194238220651945,1.0
1266,3.4000000000000004,-6.6,16,Hero,0.6111543923616409,1.0
1267,3.5,-6.5,15,Hero,0.6645210822423299,1.0
1268,4.2,-5.8,8,Hero,0.9990173503756523,1.0
1269,2.8,-7.2,22,Hero,0.7203167167238214,1.0
1270,-4.999999999999998,-4.999999999999998,50,None,0.9359727358072996,1.0
1271,-4.999999999999998,-4.999999999999998,50,None,0.9985001230239868,1.0
1272,2.2999999999999994,-7.700000000000001,27,Hero,0.902742868496312,1.0
1273,-4.999999999999998,-4.999999999999998,50,None,0.9972919023036957,1.0
1274,-4.999999999999998,-4.999999999999998,50,None,0.9303158712387085,1.0
1275,-4.999999999999998,-4.999999999999998,50,None,0.8698187834897544,1.0
1276,2.5999999999999996,-7.4,24,Hero,0.7698118980042636,1.0
1277,-4.999999999999998,-4.999999999999998,50,None,0.9192407375201583,1.0
1278,-6.3,3.7,13,Villain,0.564501932499787,1.0
1279,1.6999999999999988,-8.3,33,Hero,0.8113073011803807,1.0
1280,3.5,-6.5,15,Hero,0.6306104530890783,1.0
1281,3.6000000000000005,-6.3999999999999995,14,Hero,0.724872775375843,1.0
1282,2.5999999999999996,-7.4,24,Hero,0.9155173272204896,1.0
1283,4.9,-5.1,1,Hero,0.9818159341812134,1.0
1284,4.300000000000001,-5.699999999999999,7,Hero,0.999718155179705,1.0
1285,4.300000000000001,-5.699999999999999,7,Hero,0.9990409527506147,1.0
1286,0.5,-9.5,45,Hero,0.9391433306038379,1.0
1287,2.9,-7.1,21,Hero,0.6597678789070675,1.0
1288,-5.6,4.4,6,Villain,0.8262879550457001,1.0
1289,0.3000000000000007,-9.7,47,Hero,0.7091134451329708,1.0
1290,-6.199999999999999,3.8000000000000007,12,Villain,0.7512358898917834,1.0
1291,4.1000000000000005,-5.8999999999999995,9,Hero,0.763345354133182,1.0
1292,4.300000000000001,-5.699999999999999,7,Hero,0.8314557203224727,1.0
1293,2.8,-7.2,22,Hero,0.7518064582889731,1.0
1294,3.7,-6.3,13,Hero,0.6931401559939752,1.0
1295,-5.8,4.2,8,Villain,0.7521700859069824,1.0
1296,4.800000000000001,-5.199999999999999,2,Hero,0.9479678571224213,1.0
1297,4.300000000000001,-5.699999999999999,7,Hero,0.6763986689703805,1.0
1298,4.1000000000000005,-5.8999999999999995,9,Hero,0.7688237726688385,1.0
1299,4.0,-6.0,10,Hero,0.783028356730938,1.0
1300,3.9000000000000004,-6.1,11,Hero,0.7432860461148348,1.0
1301,4.7,-5.3,3,Hero,0.8926611145337423,1.0
1302,3.9000000000000004,-6.1,11,Hero,0.8218300261280753,1.0
1303,-5.5,4.5,5,Villain,0.9643673658370971,1.0
1304,3.3,-6.7,17,Hero,0.6509370234082726,1.0
1305,3.4000000000000004,-6.6,16,Hero,0.7199762623058632,1.0
1306,4.4,-5.6,6,Hero,0.8832945426305135,1.0
1307,4.0,-6.0,10,Hero,0.7293164074420929,1.0
1308,4.0,-6.0,10,Hero,0.8025308594107627,1.0
1309,3.5,-6.5,15,Hero,0.6015921711921692,1.0
1310,4.0,-6.0,10,Hero,0.8331436455249787,1.0
1311,-5.5,4.5,5,Villain,0.8276625752449036,1.0
1312,4.1000000000000005,-5.8999999999999995,9,Hero,0.7380571578525834,1.0
1313,4.800000000000001,-5.199999999999999,2,Hero,0.9885691404342651,1.0
1314,4.1000000000000005,-5.8999999999999995,9,Hero,0.884797602891922,1.0
1315,4.9,-5.1,1,Hero,0.9956199526786804,1.0
1316,3.7,-6.3,13,Hero,0.5457122658307736,1.0
1317,4.300000000000001,-5.699999999999999,7,Hero,0.9884951029505048,1.0
1318,3.5,-6.5,15,Hero,0.6087676763534546,1.0
1319,4.300000000000001,-5.699999999999999,7,Hero,0.7092042054448809,1.0
1320,3.7,-6.3,13,Hero,0.6823775086265343,1.0
1321,3.6000000000000005,-6.3999999999999995,14,Hero,0.7496286800929478,1.0
1322,3.3,-6.7,17,Hero,0.9170836666051079,1.0
1323,-5.1,4.9,1,Villain,0.5708895921707153,1.0
1324,3.4000000000000004,-6.6,16,Hero,0.8761160913854837,1.0
1325,2.2999999999999994,-7.700000000000001,27,Hero,0.8866963902557338,1.0
1326,1.1999999999999984,-8.8,38,Hero,0.8858975634272945,1.0
1327,-4.999999999999998,-4.999999999999998,50,None,0.9424561135470867,1.0
1328,-4.999999999999998,-4.999999999999998,50,None,0.845122736543417,1.0
1329,4.5,-5.5,5,Hero,0.5816495455801487,1.0
1330,-4.999999999999998,-4.999999999999998,50,None,0.7557325311377645,1.0
1331,-4.999999999999998,-4.999999999999998,50,None,0.9397418645024299,1.0
1332,4.0,-6.0,10,Hero,0.6111121989786625,1.0
1333,-4.999999999999998,-4.999999999999998,50,None,0.7781944644451141,1.0
1334,0.9999999999999982,-9.000000000000002,40,Hero,0.8329274993389845,1.0
1335,3.8000000000000007,-6.199999999999999,12,Hero,0.6367322541773319,1.0
1336,-5.3999999999999995,4.6000000000000005,4,Villain,0.9988965541124344,1.0
1337,4.300000000000001,-5.699999999999999,7,Hero,0.7574166974851063,1.0
1338,4.0,-6.0,10,Hero,0.7539905693382025,1.0
1339,3.8000000000000007,-6.199999999999999,12,Hero,0.8833900690078735,1.0
1340,4.800000000000001,-5.199999999999999,2,Hero,0.6636504828929901,1.0
1341,3.6000000000000005,-6.3999999999999995,14,Hero,0.703011369066579,1.0
1342,4.9,-5.1,1,Hero,0.9838222861289978,1.0
1343,4.300000000000001,-5.699999999999999,7,Hero,0.605871958392007,1.0
1344,3.7,-6.3,13,Hero,0.7904052459276639,1.0
1345,4.5,-5.5,5,Hero,0.5670116782188416,1.0
1346,3.3,-6.7,17,Hero,0.7433198988437653,1.0
1347,4.5,-5.5,5,Hero,0.9236720204353333,1.0
1348,3.5,-6.5,15,Hero,0.6736419518788656,1.0
1349,4.300000000000001,-5.699999999999999,7,Hero,0.5299047487122672,1.0
1350,3.7,-6.3,13,Hero,0.7955799813453968,1.0
1351,4.1000000000000005,-5.8999999999999995,9,Hero,0.7185948491096497,1.0
1352,3.8000000000000007,-6.199999999999999,12,Hero,0.6166410384078821,1.0
1353,4.4,-5.6,6,Hero,0.9369819064935049,1.0
1354,4.7,-5.3,3,Hero,0.6880176663398743,1.0
1355,4.1000000000000005,-5.8999999999999995,9,Hero,0.8592366195387311,1.0
1356,4.5,-5.5,5,Hero,0.9987203121185303,1.0
1357,-4.999999999999998,-4.999999999999998,50,None,0.8552040731906891,1.0
1358,1.2999999999999985,-8.700000000000001,37,Hero,0.9608101126158962,1.0
1359,-4.999999999999998,-4.999999999999998,50,None,0.9000246433168649,1.0
1360,1.5999999999999988,-8.400000000000002,34,Hero,0.9078060437870377,1.0
1361,2.4999999999999996,-7.5,25,Hero,0.904819401949644,1.0
1362,-4.999999999999998,-4.999999999999998,50,None,0.7847046047449112,1.0
1363,-4.999999999999998,-4.999999999999998,50,None,0.9707287780195475,1.0
1364,4.4,-5.6,6,Hero,0.6886154760917028,1.0
1365,0.5999999999999996,-9.4,44,Hero,0.8855875981971622,1.0
1366,0.9999999999999982,-9.000000000000002,40,Hero,0.7305166000500322,1.0
1367,-5.5,4.5,5,Villain,0.6659895956516266,1.0
1368,4.4,-5.6,6,Hero,0.6065056125322977,1.0
1369,4.300000000000001,-5.699999999999999,7,Hero,0.6624692933900016,1.0
1370,4.7,-5.3,3,Hero,0.6129976511001587,1.0
1371,-5.699999999999999,4.300000000000001,7,Villain,0.9971323098455157,1.0
1372,4.1000000000000005,-5.8999999999999995,9,Hero,0.6764409244060516,1.0
1373,3.4000000000000004,-6.6,16,Hero,0.6961095277220011,1.0
1374,4.300000000000001,-5.699999999999999,7,Hero,0.7424470441681998,1.0
1375,4.2,-5.8,8,Hero,0.8264173865318298,1.0
1376,4.9,-5.1,1,Hero,0.950663685798645,1.0
1377,4.5,-5.5,5,Hero,0.9986611843109131,1.0
1378,4.6000000000000005,-5.3999999999999995,4,Hero,0.7013645246624947,1.0
1379,3.9000000000000004,-6.1,11,Hero,0.6538284055211327,1.0
1380,3.6000000000000005,-6.3999999999999995,14,Hero,0.6297194861939975,1.0
1381,-5.8999999999999995,4.1000000000000005,9,Villain,0.5998144547144572,1.0
1382,0.6999999999999993,-9.3,43,Hero,0.8163014932773834,1.0
1383,4.4,-5.6,6,Hero,0.8376898343364397,1.0
1384,3.4000000000000004,-6.6,16,Hero,0.7509026769548655,1.0
1385,3.3,-6.7,17,Hero,0.6630124524235725,1.0
1386,4.1000000000000005,-5.8999999999999995,9,Hero,0.9810951617028978,1.0
1387,3.4000000000000004,-6.6,16,Hero,0.6048723645508289,1.0
1388,3.7,-6.3,13,Hero,0.848465519455763,1.0
1389,3.8000000000000007,-6.199999999999999,12,Hero,0.7344084729750952,1.0
1390,4.0,-6.0,10,Hero,0.6028515309095382,1.0
1391,4.4,-5.6,6,Hero,0.6848949988683065,1.0
1392,3.7,-6.3,13,Hero,0.759389768426235,1.0
1393,2.2999999999999994,-7.700000000000001,27,Hero,0.6614655054829739,1.0
1394,2.2999999999999994,-7.700000000000001,27,Hero,0.8404839775628514,1.0
1395,-4.999999999999998,-4.999999999999998,50,None,0.9758802709728479,1.0
1396,-4.999999999999998,-4.999999999999998,50,None,0.962279412150383,1.0
1397,-4.999999999999998,-4.999999999999998,50,None,0.8792111833393573,1.0
1398,-4.999999999999998,-4.999999999999998,50,None,0.8628312886878848,1.0
1399,2.3999999999999995,-7.6000000000000005,26,Hero,0.9475853901284819,1.0
1400,3.6000000000000005,-6.3999999999999995,14,Hero,0.925568626927478,1.0
1401,-4.999999999999998,-4.999999999999998,50,None,0.9670710277557373,1.0
1402,-4.999999999999998,-4.999999999999998,50,None,0.9309374339878559,1.0
1403,4.6000000000000005,-5.3999999999999995,4,Hero,0.7174658924341202,1.0
1404,-4.999999999999998,-4.999999999999998,50,None,0.8482730227708817,1.0
1405,-4.999999999999998,-4.999999999999998,50,None,0.9200932323932648,1.0
1406,0.8999999999999986,-9.100000000000001,41,Hero,0.883340430234434,1.0
1407,-4.999999999999998,-4.999999999999998,50,None,0.7820046315342188,1.0
1408,3.0,-7.0,20,Hero,0.9048226159065962,1.0
1409,4.5,-5.5,5,Hero,0.8218659192323685,1.0
1410,4.300000000000001,-5.699999999999999,7,Hero,0.9992113794599261,1.0
1411,4.2,-5.8,8,Hero,0.5870487745851278,1.0
1412,4.5,-5.5,5,Hero,0.9194212079048156,1.0
1413,3.8000000000000007,-6.199999999999999,12,Hero,0.8953547378381094,1.0
1414,3.5,-6.5,15,Hero,0.5754422028859456,1.0
1415,4.2,-5.8,8,Hero,0.8172219209372997,1.0
1416,3.0999999999999996,-6.9,19,Hero,0.7050243396508066,1.0
1417,4.300000000000001,-5.699999999999999,7,Hero,0.7058407834597996,1.0
1418,3.8000000000000007,-6.199999999999999,12,Hero,0.7165262823303541,1.0
1419,4.2,-5.8,8,Hero,0.8389008231461048,1.0
1420,3.8000000000000007,-6.199999999999999,12,Hero,0.7576266576846441,1.0
1421,4.1000000000000005,-5.8999999999999995,9,Hero,0.8190359042750465,1.0
1422,4.4,-5.6,6,Hero,0.8626643270254135,1.0
1423,4.0,-6.0,10,Hero,0.7229248307645321,1.0
1424,4.0,-6.0,10,Hero,0.6606919884681701,1.0
1425,3.3,-6.7,17,Hero,0.7847519744844997,1.0
1426,4.4,-5.6,6,Hero,0.6684410919745764,1.0
1427,3.4000000000000004,-6.6,16,Hero,0.8239181432873011,1.0
1428,3.6000000000000005,-6.3999999999999995,14,Hero,0.845022657087871,1.0
1429,4.300000000000001,-5.699999999999999,7,Hero,0.7102603656905038,1.0
1430,4.0,-6.0,10,Hero,0.8397407352924346,1.0
1431,2.3999999999999995,-7.6000000000000005,26,Hero,0.6906279368469348,1.0
1432,3.3,-6.7,17,Hero,0.5645879156449262,1.0
1433,4.9,-5.1,1,Hero,0.9811831712722778,1.0
1434,3.5,-6.5,15,Hero,0.605784434080124,1.0
1435,3.7,-6.3,13,Hero,0.7869265354596652,1.0
1436,3.0,-7.0,20,Hero,0.6632734030485153,1.0
1437,3.6000000000000005,-6.3999999999999995,14,Hero,0.672000880752291,1.0
1438,2.2999999999999994,-7.700000000000001,27,Hero,0.78483202777527,1.0
1439,4.0,-6.0,10,Hero,0.7805004924535751,1.0
1440,3.5,-6.5,15,Hero,0.6956657995780309,1.0
1441,3.0,-7.0,20,Hero,0.6718301385641098,1.0
1442,3.8000000000000007,-6.199999999999999,12,Hero,0.7688437725106875,1.0
1443,3.9000000000000004,-6.1,11,Hero,0.7331262318925424,1.0
1444,4.4,-5.6,6,Hero,0.6532973001400629,1.0
1445,4.300000000000001,-5.699999999999999,7,Hero,0.5887166495834079,1.0
1446,3.6000000000000005,-6.3999999999999995,14,Hero,0.6810229106673172,1.0
1447,4.300000000000001,-5.699999999999999,7,Hero,0.6436118611267635,1.0
1448,3.2,-6.8,18,Hero,0.7572959965715805,1.0
1449,4.1000000000000005,-5.8999999999999995,9,Hero,0.9931148224406772,1.0
1450,4.4,-5.6,6,Hero,0.9917067587375641,1.0
1451,3.6000000000000005,-6.3999999999999995,14,Hero,0.6794602445193699,1.0
1452,4.7,-5.3,3,Hero,0.6316178664565086,1.0
1453,-5.3,4.7,3,Villain,0.5764717062314352,1.0
1454,3.9000000000000004,-6.1,11,Hero,0.7722021883184259,1.0
1455,4.6000000000000005,-5.3999999999999995,4,Hero,0.9487045109272003,1.0
1456,4.0,-6.0,10,Hero,0.5867713660001754,1.0
1457,1.6999999999999988,-8.3,33,Hero,0.6725037009878592,1.0
1458,3.5,-6.5,15,Hero,0.6728949417670568,1.0
1459,2.9,-7.1,21,Hero,0.7505510669379007,1.0
1460,4.5,-5.5,5,Hero,0.9935358166694641,1.0
1461,4.6000000000000005,-5.3999999999999995,4,Hero,0.6621551662683487,1.0
1462,1.4999999999999987,-8.500000000000002,35,Hero,0.720242886883872,1.0
1463,-4.999999999999998,-4.999999999999998,50,None,0.9281607831269503,1.0
1464,3.3,-6.7,17,Hero,0.711913423064877,1.0
1465,3.0999999999999996,-6.9,19,Hero,0.8102310244974337,1.0
1466,4.9,-5.1,1,Hero,0.8296610116958618,1.0
1467,0.7999999999999989,-9.200000000000001,42,Hero,0.881317699017624,1.0
1468,-4.999999999999998,-4.999999999999998,50,None,0.8212124112248421,1.0
1469,2.9,-7.1,21,Hero,0.6847142449447087,1.0
1470,3.7,-6.3,13,Hero,0.5816096331064518,1.0
1471,4.2,-5.8,8,Hero,0.9427393525838852,1.0
1472,-4.999999999999998,-4.999999999999998,50,None,0.8358628967404366,1.0
1473,4.6000000000000005,-5.3999999999999995,4,Hero,0.7571576340124011,1.0
1474,3.5,-6.5,15,Hero,0.7783343255519867,1.0
1475,4.300000000000001,-5.699999999999999,7,Hero,0.974066504410335,1.0
1476,4.2,-5.8,8,Hero,0.7432620879262686,1.0
1477,3.7,-6.3,13,Hero,0.7455984829710081,1.0
1478,3.7,-6.3,13,Hero,0.6489897599587073,1.0
1479,4.4,-5.6,6,Hero,0.8051809122165045,1.0
1480,3.3,-6.7,17,Hero,0.736174942816005,1.0
1481,4.5,-5.5,5,Hero,0.8201464593410492,1.0
1482,4.1000000000000005,-5.8999999999999995,9,Hero,0.7494119455416998,1.0
1483,3.8000000000000007,-6.199999999999999,12,Hero,0.6190806974967321,1.0
1484,4.0,-6.0,10,Hero,0.7156376898288727,1.0
1485,4.4,-5.6,6,Hero,0.7730298787355423,1.0
1486,4.5,-5.5,5,Hero,0.8638862848281861,1.0
1487,4.7,-5.3,3,Hero,0.6762344489494959,1.0
1488,-5.1,4.9,1,Villain,0.9853230714797974,1.0
1489,4.300000000000001,-5.699999999999999,7,Hero,0.9886549370629447,1.0
1490,4.2,-5.8,8,Hero,0.8581192996352911,1.0
1491,3.7,-6.3,13,Hero,0.6669651911808894,1.0
1492,3.6000000000000005,-6.3999999999999995,14,Hero,0.6827247717550823,1.0
1493,3.9000000000000004,-6.1,11,Hero,0.7737381586974318,1.0
1494,-5.1,4.9,1,Villain,0.9373652338981628,1.0
1495,4.300000000000001,-5.699999999999999,7,Hero,0.8669061064720154,1.0
1496,4.4,-5.6,6,Hero,0.6458097745974859,1.0
1497,4.5,-5.5,5,Hero,0.9508468031883239,1.0
1498,3.7,-6.3,13,Hero,0.7892932754296523,1.0
1499,4.2,-5.8,8,Hero,0.6713467538356781,1.0
1500,3.9000000000000004,-6.1,11,Hero,0.8563854098320007,1.0
1501,4.800000000000001,-5.199999999999999,2,Hero,0.9978286027908325,1.0
1502,3.8000000000000007,-6.199999999999999,12,Hero,0.6881778314709663,1.0
1503,3.9000000000000004,-6.1,11,Hero,0.7140152427283201,1.0
1504,-5.1,4.9,1,Villain,0.9339374303817749,1.0
1505,4.7,-5.3,3,Hero,0.5749043424924215,1.0
1506,3.0999999999999996,-6.9,19,Hero,0.7436779427685236,1.0
1507,4.4,-5.6,6,Hero,0.8880790968736013,1.0
1508,3.8000000000000007,-6.199999999999999,12,Hero,0.5972125927607218,1.0
1509,3.0,-7.0,20,Hero,0.5896290320903063,1.0
1510,3.7,-6.3,13,Hero,0.7754917305249435,1.0
1511,3.4000000000000004,-6.6,16,Hero,0.7517246739007533,1.0
1512,4.0,-6.0,10,Hero,0.7610909223556519,1.0
1513,4.1000000000000005,-5.8999999999999995,9,Hero,0.6870388152439975,1.0
1514,-5.699999999999999,4.300000000000001,7,Villain,0.99456901209695,1.0
1515,4.4,-5.6,6,Hero,0.7317213167746862,1.0
1516,3.6000000000000005,-6.3999999999999995,14,Hero,0.7678265592881611,1.0
1517,4.0,-6.0,10,Hero,0.6012643665075302,1.0
1518,3.6000000000000005,-6.3999999999999995,14,Hero,0.7253422385879925,1.0
1519,4.0,-6.0,10,Hero,0.7092070251703262,1.0
1520,4.0,-6.0,10,Hero,0.8113559722900391,1.0
1521,2.9,-7.1,21,Hero,0.721697326926958,1.0
1522,3.6000000000000005,-6.3999999999999995,14,Hero,0.6395198463329247,1.0
1523,3.9000000000000004,-6.1,11,Hero,0.6456252593885768,1.0
1524,4.6000000000000005,-5.3999999999999995,4,Hero,0.6393051706254482,1.0
1525,3.0,-7.0,20,Hero,0.6955194845795631,1.0
1526,4.300000000000001,-5.699999999999999,7,Hero,0.9887426751000541,1.0
1527,3.3,-6.7,17,Hero,0.9248249653507682,1.0
1528,3.3,-6.7,17,Hero,0.7546162916456952,1.0
1529,-5.3,4.7,3,Villain,0.9913798371950785,1.0
1530,4.1000000000000005,-5.8999999999999995,9,Hero,0.6314957555797365,1.0
1531,4.2,-5.8,8,Hero,0.8572679813951254,1.0
1532,4.4,-5.6,6,Hero,0.5586969504753748,1.0
1533,2.9,-7.1,21,Hero,0.6216778059800466,1.0
1534,3.0999999999999996,-6.9,19,Hero,0.803699432235015,1.0
1535,-5.699999999999999,4.300000000000001,7,Villain,0.5924926400184631,1.0
1536,3.2,-6.8,18,Hero,0.6818413378463851,1.0
1537,3.4000000000000004,-6.6,16,Hero,0.6375470876228064,1.0
1538,4.5,-5.5,5,Hero,0.6005420982837677,1.0
1539,-5.199999999999999,4.800000000000001,2,Villain,0.9833885133266449,1.0
1540,3.7,-6.3,13,Hero,0.6650053850160196,1.0
1541,-7.1,2.9,21,Villain,0.5058237399373736,1.0
1542,-4.999999999999998,-4.999999999999998,50,None,0.543030152618885,1.0
1543,4.300000000000001,-5.699999999999999,7,Hero,0.5744810945221356,1.0
1544,-4.999999999999998,-4.999999999999998,50,None,0.43008205339312555,1.0
1545,-4.999999999999998,-4.999999999999998,50,None,0.60991205483675,1.0
1546,-4.999999999999998,-4.999999999999998,50,None,0.5659030342847109,1.0
1547,3.6000000000000005,-6.3999999999999995,14,Hero,0.6270672169380954,1.0
1548,4.1000000000000005,-5.8999999999999995,9,Hero,0.6414667864640554,1.0
1549,3.8000000000000007,-6.199999999999999,12,Hero,0.7949841444691023,1.0
1550,-4.999999999999998,-4.999999999999998,50,None,0.5401665324904025,1.0
1551,4.5,-5.5,5,Hero,0.5345630288124085,1.0
1552,3.0999999999999996,-6.9,19,Hero,0.6440979426628665,1.0
1553,-5.1,4.9,1,Villain,0.7068445086479187,1.0
1554,4.800000000000001,-5.199999999999999,2,Hero,0.5929145887494087,1.0
1555,-4.999999999999998,-4.999999999999998,50,None,0.5620714458823204,1.0
1556,-4.999999999999998,-4.999999999999998,50,None,0.5788194563984871,1.0
1557,4.5,-5.5,5,Hero,0.5432174503803253,1.0
1558,-4.999999999999998,-4.999999999999998,50,None,0.5874604031443595,1.0
1559,4.0,-6.0,10,Hero,0.5597995579242706,1.0
1560,3.2,-6.8,18,Hero,0.8275494960447153,1.0
1561,4.800000000000001,-5.199999999999999,2,Hero,0.7543161511421204,1.0
1562,-8.0,1.9999999999999991,30,Villain,0.5250592668851216,1.0
1563,4.9,-5.1,1,Hero,0.18526123464107513,1.0
1564,3.8000000000000007,-6.199999999999999,12,Hero,0.6203381044324487,1.0
1565,3.2,-6.8,18,Hero,0.5490481042199664,1.0
1566,-4.999999999999998,-4.999999999999998,50,None,0.6192482075095177,1.0
1567,-4.999999999999998,-4.999999999999998,50,None,0.5521751895546914,1.0
1568,3.0999999999999996,-6.9,19,Hero,0.7877011973606912,1.0
1569,3.0,-7.0,20,Hero,0.7207119092345238,1.0
1570,3.8000000000000007,-6.199999999999999,12,Hero,0.6010352298617363,1.0
1571,4.300000000000001,-5.699999999999999,7,Hero,0.5908428515706744,1.0
1572,2.6999999999999997,-7.300000000000001,23,Hero,0.7062724725059841,1.0
1573,4.300000000000001,-5.699999999999999,7,Hero,0.609890661069325,1.0
1574,4.1000000000000005,-5.8999999999999995,9,Hero,0.6098771426412795,1.0
1575,4.2,-5.8,8,Hero,0.699064664542675,1.0
1576,3.9000000000000004,-6.1,11,Hero,0.65740105509758,1.0
1577,4.9,-5.1,1,Hero,0.9184678792953491,1.0
1578,4.300000000000001,-5.699999999999999,7,Hero,0.680622290287699,1.0
1579,4.1000000000000005,-5.8999999999999995,9,Hero,0.7010080085860358,1.0
1580,4.4,-5.6,6,Hero,0.7381713291009268,1.0
1581,3.3,-6.7,17,Hero,0.7934905435232555,1.0
1582,-5.6,4.4,6,Villain,0.5823949550588926,1.0
1583,2.6999999999999997,-7.300000000000001,23,Hero,0.6644219924574313,1.0
1584,-4.999999999999998,-4.999999999999998,50,None,0.7642594437301159,1.0
1585,2.1999999999999993,-7.800000000000001,28,Hero,0.6753292637211936,1.0
1586,4.6000000000000005,-5.3999999999999995,4,Hero,0.6736271530389786,1.0
1587,4.1000000000000005,-5.8999999999999995,9,Hero,0.8560083111127218,1.0
1588,3.8000000000000007,-6.199999999999999,12,Hero,0.7659388283888499,1.0
1589,4.2,-5.8,8,Hero,0.6454901788383722,1.0
1590,3.7,-6.3,13,Hero,0.7726601797800797,1.0
1591,3.3,-6.7,17,Hero,0.9285809625597561,1.0
1592,3.9000000000000004,-6.1,11,Hero,0.754619991237467,1.0
1593,3.9000000000000004,-6.1,11,Hero,0.8213159238750284,1.0
1594,-5.199999999999999,4.800000000000001,2,Villain,0.9980134069919586,1.0
1595,3.6000000000000005,-6.3999999999999995,14,Hero,0.854810288974217,1.0
1596,4.4,-5.6,6,Hero,0.848209818204244,1.0
1597,3.6000000000000005,-6.3999999999999995,14,Hero,0.6599402321236474,1.0
1598,4.2,-5.8,8,Hero,0.6950162835419178,1.0
1599,4.1000000000000005,-5.8999999999999995,9,Hero,0.6721886826886071,1.0
1600,3.9000000000000004,-6.1,11,Hero,0.7366087307984178,1.0
1601,3.3,-6.7,17,Hero,0.8773408146465526,1.0
1602,4.300000000000001,-5.699999999999999,7,Hero,0.7179259785584041,1.0
1603,3.8000000000000007,-6.199999999999999,12,Hero,0.7478792121013006,1.0
1604,4.0,-6.0,10,Hero,0.7519737303256988,1.0
1605,-6.3,3.7,13,Villain,0.6643726940338428,1.0
1606,4.0,-6.0,10,Hero,0.6571354687213897,1.0
1607,3.3,-6.7,17,Hero,0.7480678181437885,1.0
1608,3.9000000000000004,-6.1,11,Hero,0.8980850577354431,1.0
1609,2.6999999999999997,-7.300000000000001,23,Hero,0.6571057840533878,1.0
1610,3.8000000000000007,-6.199999999999999,12,Hero,0.8030951122442881,1.0
1611,4.7,-5.3,3,Hero,0.6296087503433228,1.0
1612,4.9,-5.1,1,Hero,0.945452868938446,1.0
1613,-4.999999999999998,-4.999999999999998,50,None,0.8540550741553307,1.0
1614,3.0999999999999996,-6.9,19,Hero,0.6487715032539869,1.0
1615,3.0999999999999996,-6.9,19,Hero,0.6912328655782499,1.0
1616,2.8,-7.2,22,Hero,0.6869693845510483,1.0
1617,3.0999999999999996,-6.9,19,Hero,0.7387064389492336,1.0
1618,3.4000000000000004,-6.6,16,Hero,0.6433216147124767,1.0
1619,3.2,-6.8,18,Hero,0.6643199407392077,1.0
1620,4.1000000000000005,-5.8999999999999995,9,Hero,0.9104852047231462,1.0
1621,3.4000000000000004,-6.6,16,Hero,0.6979733947664499,1.0
1622,4.2,-5.8,8,Hero,0.8000033013522625,1.0
1623,3.3,-6.7,17,Hero,0.6740629445104038,1.0
1624,4.9,-5.1,1,Hero,0.8856585621833801,1.0
1625,3.8000000000000007,-6.199999999999999,12,Hero,0.8954479520519575,1.0
1626,4.4,-5.6,6,Hero,0.4912897199392319,1.0
1627,3.9000000000000004,-6.1,11,Hero,0.8759376704692841,1.0
1628,3.0,-7.0,20,Hero,0.6248981803655624,1.0
1629,3.5,-6.5,15,Hero,0.6460681840777397,1.0
1630,4.0,-6.0,10,Hero,0.5765988767147064,1.0
1631,4.1000000000000005,-5.8999999999999995,9,Hero,0.7275492582056258,1.0
1632,4.800000000000001,-5.199999999999999,2,Hero,0.7929547131061554,1.0
1633,-5.1,4.9,1,Villain,0.9999806880950928,1.0
1634,4.0,-6.0,10,Hero,0.7151724219322204,1.0
1635,4.300000000000001,-5.699999999999999,7,Hero,0.9426341908318656,1.0
1636,4.2,-5.8,8,Hero,0.8362643597647548,1.0
1637,4.1000000000000005,-5.8999999999999995,9,Hero,0.8708536558681064,1.0
1638,2.9,-7.1,21,Hero,0.6093708276748657,1.0
1639,3.7,-6.3,13,Hero,0.8905872244101304,1.0
1640,4.2,-5.8,8,Hero,0.6599935851991177,1.0
1641,4.2,-5.8,8,Hero,0.9919677674770355,1.0
1642,4.2,-5.8,8,Hero,0.9791592657566071,1.0
1643,3.8000000000000007,-6.199999999999999,12,Hero,0.6401685923337936,1.0
1644,4.4,-5.6,6,Hero,0.7654301027456919,1.0
1645,4.7,-5.3,3,Hero,0.9986064632733663,1.0
1646,3.8000000000000007,-6.199999999999999,12,Hero,0.8501429806152979,1.0
1647,4.2,-5.8,8,Hero,0.8519332855939865,1.0
1648,3.8000000000000007,-6.199999999999999,12,Hero,0.6497523610790571,1.0
1649,3.9000000000000004,-6.1,11,Hero,0.6070677014914426,1.0
1650,3.6000000000000005,-6.3999999999999995,14,Hero,0.7442099366869245,1.0
1651,3.4000000000000004,-6.6,16,Hero,0.8481283765286207,1.0
1652,4.800000000000001,-5.199999999999999,2,Hero,0.9843734800815582,1.0
1653,4.300000000000001,-5.699999999999999,7,Hero,0.8734144568443298,1.0
1654,4.1000000000000005,-5.8999999999999995,9,Hero,0.6228994064860873,1.0
1655,3.7,-6.3,13,Hero,0.6142172515392303,1.0
1656,3.8000000000000007,-6.199999999999999,12,Hero,0.7101329928264022,1.0
1657,4.300000000000001,-5.699999999999999,7,Hero,0.6802187961127076,1.0
1658,4.4,-5.6,6,Hero,0.6688241213560104,1.0
1659,-5.1,4.9,1,Villain,0.984741747379303,1.0
1660,3.6000000000000005,-6.3999999999999995,14,Hero,0.6895599338625159,1.0
1661,3.7,-6.3,13,Hero,0.6864318437874317,1.0
1662,3.4000000000000004,-6.6,16,Hero,0.8783427905291319,1.0
1663,3.4000000000000004,-6.6,16,Hero,0.6684215804561973,1.0
1664,4.4,-5.6,6,Hero,0.7295349737008413,1.0
1665,3.9000000000000004,-6.1,11,Hero,0.7842862931164828,1.0
1666,3.6000000000000005,-6.3999999999999995,14,Hero,0.7687400262802839,1.0
1667,3.9000000000000004,-6.1,11,Hero,0.7345233532515439,1.0
1668,3.7,-6.3,13,Hero,0.807462589098857,1.0
1669,4.1000000000000005,-5.8999999999999995,9,Hero,0.710392865869734,1.0
1670,4.5,-5.5,5,Hero,0.7087163329124451,1.0
1671,3.5,-6.5,15,Hero,0.6024357488999764,1.0
1672,-5.199999999999999,4.800000000000001,2,Villain,0.5630306750535965,1.0
1673,4.300000000000001,-5.699999999999999,7,Hero,0.6856878101825714,1.0
1674,3.4000000000000004,-6.6,16,Hero,0.7276300871744752,1.0
1675,4.0,-6.0,10,Hero,0.8588604994118214,1.0
1676,0.7999999999999989,-9.200000000000001,42,Hero,0.8921481185548362,1.0
1677,-6.5,3.5,15,Villain,0.710165444513162,1.0
1678,4.800000000000001,-5.199999999999999,2,Hero,0.9999182224273682,1.0
1679,-4.999999999999998,-4.999999999999998,50,None,0.8922927770018577,1.0
1680,-7.0,3.0,20,Villain,0.7544045001268387,1.0
1681,-4.999999999999998,-4.999999999999998,50,None,0.8476461303234101,1.0
1682,2.8,-7.2,22,Hero,0.8671276765790853,1.0
1683,3.8000000000000007,-6.199999999999999,12,Hero,0.7601656746119261,1.0
1684,4.4,-5.6,6,Hero,0.7720062534014384,1.0
1685,-6.5,3.5,15,Villain,0.8785398721694946,1.0
1686,4.7,-5.3,3,Hero,0.6699805054813623,1.0
1687,3.5,-6.5,15,Hero,0.6245688204964002,1.0
1688,4.2,-5.8,8,Hero,0.7110170312225819,1.0
1689,3.7,-6.3,13,Hero,0.6410209146829752,1.0
1690,4.300000000000001,-5.699999999999999,7,Hero,0.715568836246218,1.0
1691,4.5,-5.5,5,Hero,0.8878284931182862,1.0
1692,4.6000000000000005,-5.3999999999999995,4,Hero,0.7804141193628311,1.0
1693,2.8,-7.2,22,Hero,0.8131079951470549,1.0
1694,-4.999999999999998,-4.999999999999998,50,None,0.8363191264867783,1.0
1695,1.3999999999999986,-8.600000000000001,36,Hero,0.7986129406425688,1.0
1696,0.9999999999999982,-9.000000000000002,40,Hero,0.7084448058158159,1.0
1697,2.5999999999999996,-7.4,24,Hero,0.6337333554401994,1.0
1698,4.7,-5.3,3,Hero,0.6406188011169434,1.0
1699,4.9,-5.1,1,Hero,0.8474040031433105,1.0
1700,3.0,-7.0,20,Hero,0.6631020210683346,1.0
1701,3.9000000000000004,-6.1,11,Hero,0.900289000837471,1.0
1702,3.7,-6.3,13,Hero,0.645430041047243,1.0
1703,3.5,-6.5,15,Hero,0.648426795999209,1.0
1704,4.300000000000001,-5.699999999999999,7,Hero,0.7578661165067128,1.0
1705,3.2,-6.8,18,Hero,0.770414349105623,1.0
1706,2.6999999999999997,-7.300000000000001,23,Hero,0.627439866895261,1.0
1707,4.7,-5.3,3,Hero,0.6130355298519135,1.0
1708,4.7,-5.3,3,Hero,0.8061436216036478,1.0
1709,3.4000000000000004,-6.6,16,Hero,0.6296610655263066,1.0
1710,3.0999999999999996,-6.9,19,Hero,0.837223470211029,1.0
1711,4.6000000000000005,-5.3999999999999995,4,Hero,0.9981876462697983,1.0
1712,4.4,-5.6,6,Hero,0.9918767313162485,1.0
1713,4.0,-6.0,10,Hero,0.6526699893176555,1.0
1714,4.0,-6.0,10,Hero,0.7960327431559563,1.0
1715,4.2,-5.8,8,Hero,0.873543182387948,1.0
1716,4.4,-5.6,6,Hero,0.9358360668023428,1.0
1717,4.6000000000000005,-5.3999999999999995,4,Hero,0.9846560806035995,1.0
1718,4.5,-5.5,5,Hero,0.6800455093383789,1.0
1719,4.2,-5.8,8,Hero,0.7061884142458439,1.0
1720,3.8000000000000007,-6.199999999999999,12,Hero,0.786779518549641,1.0
1721,3.4000000000000004,-6.6,16,Hero,0.7540639117360115,1.0
1722,3.5,-6.5,15,Hero,0.5309900770584742,1.0
1723,3.8000000000000007,-6.199999999999999,12,Hero,0.7587273915608724,1.0
1724,3.7,-6.3,13,Hero,0.6179179297043726,1.0
1725,3.6000000000000005,-6.3999999999999995,14,Hero,0.6091878499303546,1.0
1726,3.6000000000000005,-6.3999999999999995,14,Hero,0.8030248646225248,1.0
1727,3.9000000000000004,-6.1,11,Hero,0.9027796035463159,1.0
1728,3.9000000000000004,-6.1,11,Hero,0.8347061384807933,1.0
1729,3.9000000000000004,-6.1,11,Hero,0.8018224076791243,1.0
1730,4.6000000000000005,-5.3999999999999995,4,Hero,0.7607047408819199,1.0
1731,3.4000000000000004,-6.6,16,Hero,0.6644214261323214,1.0
1732,4.4,-5.6,6,Hero,0.8477292110522588,1.0
1733,3.7,-6.3,13,Hero,0.7622271065528576,1.0
1734,4.4,-5.6,6,Hero,0.9870051940282186,1.0
1735,4.2,-5.8,8,Hero,0.6859836503863335,1.0
1736,4.6000000000000005,-5.3999999999999995,4,Hero,0.9980278611183167,1.0
1737,4.300000000000001,-5.699999999999999,7,Hero,0.8005276237215314,1.0
1738,4.0,-6.0,10,Hero,0.6706564828753472,1.0
1739,4.9,-5.1,1,Hero,0.9936538934707642,1.0
1740,4.0,-6.0,10,Hero,0.7181879583746195,1.0
1741,3.7,-6.3,13,Hero,0.7254598885774612,1.0
1742,4.1000000000000005,-5.8999999999999995,9,Hero,0.638634979724884,1.0
1743,3.9000000000000004,-6.1,11,Hero,0.8478712737560272,1.0
1744,4.300000000000001,-5.699999999999999,7,Hero,0.8226884518350873,1.0
1745,4.5,-5.5,5,Hero,0.5815470516681671,1.0
1746,4.6000000000000005,-5.3999999999999995,4,Hero,0.9437951594591141,1.0
1747,3.9000000000000004,-6.1,11,Hero,0.8257620686834509,1.0
1748,4.300000000000001,-5.699999999999999,7,Hero,0.5406440624168941,1.0
1749,3.4000000000000004,-6.6,16,Hero,0.7298320066183805,1.0
1750,4.4,-5.6,6,Hero,0.6650284007191658,1.0
1751,3.5,-6.5,15,Hero,0.6909432063500086,1.0
1752,4.2,-5.8,8,Hero,0.6284513808786869,1.0
1753,-5.3,4.7,3,Villain,0.6581564812610546,1.0
1754,4.2,-5.8,8,Hero,0.9793014153838158,1.0
1755,4.2,-5.8,8,Hero,0.7736213766038418,1.0
1756,4.1000000000000005,-5.8999999999999995,9,Hero,0.8143650210565991,1.0
1757,3.6000000000000005,-6.3999999999999995,14,Hero,0.6978515258857182,1.0
1758,3.9000000000000004,-6.1,11,Hero,0.8465500473976135,1.0
1759,4.2,-5.8,8,Hero,0.7830260545015335,1.0
1760,3.2,-6.8,18,Hero,0.7834274023771286,1.0
1761,3.3,-6.7,17,Hero,0.7754735363756909,1.0
1762,3.6000000000000005,-6.3999999999999995,14,Hero,0.5656896006049854,1.0
1763,3.8000000000000007,-6.199999999999999,12,Hero,0.8682928482691447,1.0
1764,3.7,-6.3,13,Hero,0.6455348099653537,1.0
1765,3.7,-6.3,13,Hero,0.5764744946589837,1.0
1766,4.5,-5.5,5,Hero,0.7522775590419769,1.0
1767,4.1000000000000005,-5.8999999999999995,9,Hero,0.8675111532211304,1.0
1768,4.4,-5.6,6,Hero,0.994856595993042,1.0
1769,4.7,-5.3,3,Hero,0.6796858410040537,1.0
1770,4.5,-5.5,5,Hero,0.8031532049179078,1.0
1771,4.1000000000000005,-5.8999999999999995,9,Hero,0.8635923233297136,1.0
1772,3.8000000000000007,-6.199999999999999,12,Hero,0.7699431156118711,1.0
1773,3.5,-6.5,15,Hero,0.8617041011651357,1.0
1774,3.5,-6.5,15,Hero,0.8198068338135879,1.0
1775,4.2,-5.8,8,Hero,0.9814375340938568,1.0
1776,4.300000000000001,-5.699999999999999,7,Hero,0.6551418134144374,1.0
1777,3.0999999999999996,-6.9,19,Hero,0.6279966886719003,1.0
1778,3.8000000000000007,-6.199999999999999,12,Hero,0.6334338511029879,1.0
1779,4.6000000000000005,-5.3999999999999995,4,Hero,0.620302364230156,1.0
1780,-6.1,3.9000000000000004,11,Villain,0.7713929631493308,1.0
1781,4.7,-5.3,3,Hero,0.8104032079378763,1.0
1782,3.9000000000000004,-6.1,11,Hero,0.8411620577627962,1.0
1783,3.9000000000000004,-6.1,11,Hero,0.7453978264873679,1.0
1784,4.9,-5.1,1,Hero,0.7921046018600464,1.0
1785,4.6000000000000005,-5.3999999999999995,4,Hero,0.583790048956871,1.0
1786,-4.999999999999998,-4.999999999999998,50,None,0.8942480766773224,1.0
1787,-4.999999999999998,-4.999999999999998,50,None,0.8575838999450207,1.0
1788,-4.999999999999998,-4.999999999999998,50,None,0.9465401910245419,1.0
1789,-4.999999999999998,-4.999999999999998,50,None,0.8450395113229752,1.0
1790,-4.999999999999998,-4.999999999999998,50,None,0.9093123622238636,1.0
1791,-4.999999999999998,-4.999999999999998,50,None,0.9918349874019623,1.0
1792,-4.999999999999998,-4.999999999999998,50,None,0.8307535827159882,1.0
1793,4.9,-5.1,1,Hero,0.24359141290187836,1.0
1794,-5.199999999999999,4.800000000000001,2,Villain,0.999998152256012,1.0
1795,3.3,-6.7,17,Hero,0.6607828723157153,1.0
1796,-4.999999999999998,-4.999999999999998,50,None,0.7387570777535438,1.0
1797,4.1000000000000005,-5.8999999999999995,9,Hero,0.6440140455961227,1.0
1798,3.3,-6.7,17,Hero,0.6702710070154246,1.0
1799,3.8000000000000007,-6.199999999999999,12,Hero,0.7078938807050387,1.0
1800,4.1000000000000005,-5.8999999999999995,9,Hero,0.8522511488861508,1.0
1801,3.9000000000000004,-6.1,11,Hero,0.5664007643407042,1.0
1802,4.0,-6.0,10,Hero,0.6771438688039779,1.0
1803,4.4,-5.6,6,Hero,0.6306386490662893,1.0
1804,4.0,-6.0,10,Hero,0.6076531149446964,1.0
1805,4.4,-5.6,6,Hero,0.8414011796315511,1.0
1806,3.3,-6.7,17,Hero,0.7250047475099564,1.0
1807,4.0,-6.0,10,Hero,0.750507727265358,1.0
1808,4.300000000000001,-5.699999999999999,7,Hero,0.987767151423863,1.0
1809,4.7,-5.3,3,Hero,0.5644676486651102,1.0
1810,4.0,-6.0,10,Hero,0.7102965176105499,1.0
1811,3.5,-6.5,15,Hero,0.8021949172019959,1.0
1812,4.6000000000000005,-5.3999999999999995,4,Hero,0.7897679954767227,1.0
1813,4.0,-6.0,10,Hero,0.8491440623998642,1.0
1814,4.2,-5.8,8,Hero,0.7297846246510744,1.0
1815,3.8000000000000007,-6.199999999999999,12,Hero,0.7489777222120514,1.0
1816,4.2,-5.8,8,Hero,0.755437508225441,1.0
1817,-5.6,4.4,6,Villain,0.6943111618359884,1.0
1818,4.9,-5.1,1,Hero,0.9963871240615845,1.0
1819,4.5,-5.5,5,Hero,0.6008954107761383,1.0
1820,4.0,-6.0,10,Hero,0.7311007037758828,1.0
1821,4.5,-5.5,5,Hero,0.677951991558075,1.0
1822,4.6000000000000005,-5.3999999999999995,4,Hero,0.6829332336783409,1.0
1823,4.9,-5.1,1,Hero,0.9359581470489502,1.0
1824,4.300000000000001,-5.699999999999999,7,Hero,0.5941798835992813,1.0
1825,-5.1,4.9,1,Villain,0.9292834997177124,1.0
1826,-5.1,4.9,1,Villain,0.9753811955451965,1.0
1827,3.9000000000000004,-6.1,11,Hero,0.6716257658871737,1.0
1828,4.4,-5.6,6,Hero,0.9807537098725637,1.0
1829,4.5,-5.5,5,Hero,0.9710750699043273,1.0
1830,4.2,-5.8,8,Hero,0.764670517295599,1.0
1831,4.300000000000001,-5.699999999999999,7,Hero,0.8191139442580087,1.0
1832,4.0,-6.0,10,Hero,0.6689924612641335,1.0
1833,4.5,-5.5,5,Hero,0.9808923840522766,1.0
1834,4.4,-5.6,6,Hero,0.7151711732149124,1.0
1835,3.4000000000000004,-6.6,16,Hero,0.5380462519824505,1.0
1836,4.300000000000001,-5.699999999999999,7,Hero,0.8770300149917603,1.0
1837,4.1000000000000005,-5.8999999999999995,9,Hero,0.8615376121468015,1.0
1838,4.7,-5.3,3,Hero,0.6613024696707726,1.0
1839,3.9000000000000004,-6.1,11,Hero,0.7644028948111967,1.0
1840,4.300000000000001,-5.699999999999999,7,Hero,0.8310279675892421,1.0
1841,4.6000000000000005,-5.3999999999999995,4,Hero,0.9928160607814789,1.0
1842,4.1000000000000005,-5.8999999999999995,9,Hero,0.7214163343111674,1.0
1843,3.9000000000000004,-6.1,11,Hero,0.8232032643123106,1.0
1844,4.0,-6.0,10,Hero,0.8259845040738583,1.0
1845,3.9000000000000004,-6.1,11,Hero,0.788067722862417,1.0
1846,4.800000000000001,-5.199999999999999,2,Hero,0.9820502996444702,1.0
1847,4.1000000000000005,-5.8999999999999995,9,Hero,0.8863685197300382,1.0
1848,3.9000000000000004,-6.1,11,Hero,0.8940014026381753,1.0
1849,3.9000000000000004,-6.1,11,Hero,0.6887449567968195,1.0
1850,3.9000000000000004,-6.1,11,Hero,0.8235985108397224,1.0
1851,3.9000000000000004,-6.1,11,Hero,0.696112257513133,1.0
1852,3.2,-6.8,18,Hero,0.568286917017152,1.0
1853,4.0,-6.0,10,Hero,0.836643573641777,1.0
1854,4.5,-5.5,5,Hero,0.8797348022460938,1.0
1855,4.1000000000000005,-5.8999999999999995,9,Hero,0.736873072054651,1.0
1856,3.3,-6.7,17,Hero,0.6955265218720716,1.0
1857,4.2,-5.8,8,Hero,0.8192235492169857,1.0
1858,4.7,-5.3,3,Hero,0.6465446675817171,1.0
1859,4.300000000000001,-5.699999999999999,7,Hero,0.8705486186913082,1.0
1860,4.1000000000000005,-5.8999999999999995,9,Hero,0.6914979558851984,1.0
1861,4.5,-5.5,5,Hero,0.9449516892433166,1.0
1862,4.300000000000001,-5.699999999999999,7,Hero,0.866806583745139,1.0
1863,4.2,-5.8,8,Hero,0.6179567705839872,1.0
1864,4.300000000000001,-5.699999999999999,7,Hero,0.8063889401299613,1.0
1865,3.6000000000000005,-6.3999999999999995,14,Hero,0.581487849354744,1.0
1866,3.0999999999999996,-6.9,19,Hero,0.7187830884205667,1.0
1867,4.1000000000000005,-5.8999999999999995,9,Hero,0.7174893352720473,1.0
1868,3.7,-6.3,13,Hero,0.7987581743643835,1.0
1869,4.1000000000000005,-5.8999999999999995,9,Hero,0.698108626736535,1.0
1870,4.300000000000001,-5.699999999999999,7,Hero,0.70351984671184,1.0
1871,4.4,-5.6,6,Hero,0.7167610575755438,1.0
1872,4.300000000000001,-5.699999999999999,7,Hero,0.8538462264197213,1.0
1873,4.7,-5.3,3,Hero,0.8718708356221517,1.0
1874,4.1000000000000005,-5.8999999999999995,9,Hero,0.9787778192096286,1.0
1875,4.800000000000001,-5.199999999999999,2,Hero,0.9825857281684875,1.0
1876,4.300000000000001,-5.699999999999999,7,Hero,0.7839312234095165,1.0
1877,4.6000000000000005,-5.3999999999999995,4,Hero,0.6202352419495583,1.0
1878,4.6000000000000005,-5.3999999999999995,4,Hero,0.6714840903878212,1.0
1879,4.2,-5.8,8,Hero,0.5883416645228863,1.0
1880,4.7,-5.3,3,Hero,0.8211154341697693,1.0
1881,4.9,-5.1,1,Hero,0.9121164083480835,1.0
1882,3.7,-6.3,13,Hero,0.6878663679728141,1.0
1883,4.1000000000000005,-5.8999999999999995,9,Hero,0.6749208685424593,1.0
1884,4.9,-5.1,1,Hero,0.8018354177474976,1.0
1885,3.8000000000000007,-6.199999999999999,12,Hero,0.654586394627889,1.0
1886,-5.199999999999999,4.800000000000001,2,Villain,0.9953455328941345,1.0
1887,4.0,-6.0,10,Hero,0.6736957520246506,1.0
1888,4.300000000000001,-5.699999999999999,7,Hero,0.9819223540169852,1.0
1889,4.2,-5.8,8,Hero,0.6339625976979733,1.0
1890,4.6000000000000005,-5.3999999999999995,4,Hero,0.8430986255407333,1.0
1891,4.1000000000000005,-5.8999999999999995,9,Hero,0.6477898690435622,1.0
1892,2.9,-7.1,21,Hero,0.741806515625545,1.0
1893,3.8000000000000007,-6.199999999999999,12,Hero,0.5952027241388956,1.0
1894,-5.199999999999999,4.800000000000001,2,Villain,0.9993344247341156,1.0
1895,3.8000000000000007,-6.199999999999999,12,Hero,0.703006441394488,1.0
1896,4.4,-5.6,6,Hero,0.7913319077342749,1.0
1897,-5.1,4.9,1,Villain,0.9938758015632629,1.0
1898,4.300000000000001,-5.699999999999999,7,Hero,0.7658319494553975,1.0
1899,4.300000000000001,-5.699999999999999,7,Hero,0.8802160280091422,1.0
1900,4.0,-6.0,10,Hero,0.8519843876361847,1.0
1901,4.1000000000000005,-5.8999999999999995,9,Hero,0.7131859925058153,1.0
1902,4.800000000000001,-5.199999999999999,2,Hero,0.9797728955745697,1.0
1903,4.1000000000000005,-5.8999999999999995,9,Hero,0.9249692029423184,1.0
1904,3.7,-6.3,13,Hero,0.6668427277069825,1.0
1905,4.5,-5.5,5,Hero,0.6262361973524093,1.0
1906,4.9,-5.1,1,Hero,0.9826651811599731,1.0
1907,3.9000000000000004,-6.1,11,Hero,0.6148454086347059,1.0
1908,3.8000000000000007,-6.199999999999999,12,Hero,0.7258642042676607,1.0
1909,3.3,-6.7,17,Hero,0.7937285293112782,1.0
1910,3.9000000000000004,-6.1,11,Hero,0.7454150610349395,1.0
1911,4.2,-5.8,8,Hero,0.7032532431185246,1.0
1912,3.0999999999999996,-6.9,19,Hero,0.7355723882976332,1.0
1913,4.1000000000000005,-5.8999999999999995,9,Hero,0.9861385160022311,1.0
1914,3.3,-6.7,17,Hero,0.8056164068334243,1.0
1915,4.1000000000000005,-5.8999999999999995,9,Hero,0.7090800073411729,1.0
1916,4.5,-5.5,5,Hero,0.7772696673870086,1.0
1917,3.7,-6.3,13,Hero,0.7656780269283515,1.0
1918,4.2,-5.8,8,Hero,0.886865995824337,1.0
1919,4.0,-6.0,10,Hero,0.6051567316055297,1.0
1920,3.8000000000000007,-6.199999999999999,12,Hero,0.83366775761048,1.0
1921,-5.3999999999999995,4.6000000000000005,4,Villain,0.9746286571025848,1.0
1922,3.5,-6.5,15,Hero,0.8279210790991783,1.0
1923,3.8000000000000007,-6.199999999999999,12,Hero,0.8488841205835342,1.0
1924,-5.699999999999999,4.300000000000001,7,Villain,0.731130990598883,1.0
1925,3.9000000000000004,-6.1,11,Hero,0.7304363562302156,1.0
1926,3.3,-6.7,17,Hero,0.7932490601259119,1.0
1927,3.0,-7.0,20,Hero,0.8276834800839424,1.0
1928,4.6000000000000005,-5.3999999999999995,4,Hero,0.6546422094106674,1.0
1929,4.6000000000000005,-5.3999999999999995,4,Hero,0.989460289478302,1.0
1930,0.5999999999999996,-9.4,44,Hero,0.6859988073146351,1.0
1931,-4.999999999999998,-4.999999999999998,50,None,0.8315990170836449,1.0
1932,4.5,-5.5,5,Hero,0.5957001119852066,1.0
1933,3.8000000000000007,-6.199999999999999,12,Hero,0.7565019987523556,1.0
1934,-4.999999999999998,-4.999999999999998,50,None,0.8085720551013946,1.0
1935,2.5999999999999996,-7.4,24,Hero,0.6725987556080023,1.0
1936,-4.999999999999998,-4.999999999999998,50,None,0.851944088935852,1.0
1937,2.3999999999999995,-7.6000000000000005,26,Hero,0.6422806405104123,1.0
1938,3.7,-6.3,13,Hero,0.6476549322788532,1.0
1939,4.300000000000001,-5.699999999999999,7,Hero,0.5213416474206107,1.0
1940,4.2,-5.8,8,Hero,0.5702494834549725,1.0
1941,4.5,-5.5,5,Hero,0.9941788434982299,1.0
1942,3.3,-6.7,17,Hero,0.5482865869998932,1.0
1943,4.7,-5.3,3,Hero,0.74127330382665,1.0
1944,-5.199999999999999,4.800000000000001,2,Villain,0.9964039921760559,1.0
1945,4.4,-5.6,6,Hero,0.6072406880557537,1.0
1946,3.7,-6.3,13,Hero,0.8582708377104539,1.0
1947,4.1000000000000005,-5.8999999999999995,9,Hero,0.8791179379396554,1.0
1948,3.8000000000000007,-6.199999999999999,12,Hero,0.7197624668478966,1.0
1949,4.2,-5.8,8,Hero,0.9763332158327103,1.0
1950,4.800000000000001,-5.199999999999999,2,Hero,0.5498167127370834,1.0
1951,4.1000000000000005,-5.8999999999999995,9,Hero,0.7808012896113925,1.0
1952,3.7,-6.3,13,Hero,0.8457016721367836,1.0
1953,3.7,-6.3,13,Hero,0.7038542467814225,1.0
1954,4.5,-5.5,5,Hero,0.8057184815406799,1.0
1955,4.0,-6.0,10,Hero,0.915645906329155,1.0
1956,3.6000000000000005,-6.3999999999999995,14,Hero,0.5942680181137153,1.0
1957,4.0,-6.0,10,Hero,0.6529588527977467,1.0
1958,3.6000000000000005,-6.3999999999999995,14,Hero,0.6404603560056005,1.0
1959,4.0,-6.0,10,Hero,0.9078966319561005,1.0
1960,4.6000000000000005,-5.3999999999999995,4,Hero,0.9980902075767517,1.0
1961,4.2,-5.8,8,Hero,0.9954266995191574,1.0
1962,4.300000000000001,-5.699999999999999,7,Hero,0.5970131542001452,1.0
1963,4.1000000000000005,-5.8999999999999995,9,Hero,0.7056701812479231,1.0
1964,3.7,-6.3,13,Hero,0.762785581442026,1.0
1965,4.800000000000001,-5.199999999999999,2,Hero,0.9941273927688599,1.0
1966,4.4,-5.6,6,Hero,0.9081137776374817,1.0
1967,4.2,-5.8,8,Hero,0.988299272954464,1.0
1968,3.4000000000000004,-6.6,16,Hero,0.6080544963479042,1.0
1969,3.6000000000000005,-6.3999999999999995,14,Hero,0.6520651231320309,1.0
1970,4.4,-5.6,6,Hero,0.9623395502567291,1.0
1971,3.9000000000000004,-6.1,11,Hero,0.8365632729096846,1.0
1972,3.8000000000000007,-6.199999999999999,12,Hero,0.710693396627903,1.0
1973,3.9000000000000004,-6.1,11,Hero,0.69263740290295,1.0
1974,4.5,-5.5,5,Hero,0.8962312936782837,1.0
1975,3.4000000000000004,-6.6,16,Hero,0.7866351827979088,1.0
1976,3.9000000000000004,-6.1,11,Hero,0.6893617456609552,1.0
1977,4.1000000000000005,-5.8999999999999995,9,Hero,0.7419288688235812,1.0
1978,3.5,-6.5,15,Hero,0.7947180837392807,1.0
1979,4.300000000000001,-5.699999999999999,7,Hero,0.8134844611798014,1.0
1980,4.4,-5.6,6,Hero,0.7958759715159734,1.0
1981,3.6000000000000005,-6.3999999999999995,14,Hero,0.6454983939017568,1.0
1982,4.4,-5.6,6,Hero,0.6854402820269266,1.0
1983,4.300000000000001,-5.699999999999999,7,Hero,0.653945403439658,1.0
1984,3.4000000000000004,-6.6,16,Hero,0.7352767586708069,1.0
1985,3.9000000000000004,-6.1,11,Hero,0.8199666765603152,1.0
1986,2.9,-7.1,21,Hero,0.7763779879592004,1.0
1987,3.8000000000000007,-6.199999999999999,12,Hero,0.849198135236899,1.0
1988,4.4,-5.6,6,Hero,0.8348063677549362,1.0
1989,4.2,-5.8,8,Hero,0.960481770336628,1.0
1990,4.1000000000000005,-5.8999999999999995,9,Hero,0.7468058052990172,1.0
1991,4.4,-5.6,6,Hero,0.9951100746790568,1.0
1992,4.7,-5.3,3,Hero,0.4254619876543681,1.0
1993,4.0,-6.0,10,Hero,0.9142741858959198,1.0
1994,3.2,-6.8,18,Hero,0.6576209876479374,1.0
1995,3.5,-6.5,15,Hero,0.7959840555985769,1.0
1996,3.7,-6.3,13,Hero,0.6587584993013968,1.0
1997,4.1000000000000005,-5.8999999999999995,9,Hero,0.9255194531546699,1.0
1998,-5.3,4.7,3,Villain,0.9996616442998251,1.0
1999,4.0,-6.0,10,Hero,0.5868745267391204,1.0
2000,3.8000000000000007,-6.199999999999999,12,Hero,0.8317291786273321,1.0
2001,4.300000000000001,-5.699999999999999,7,Hero,0.7073510246617454,1.0
2002,3.9000000000000004,-6.1,11,Hero,0.812289565124295,1.0
2003,4.5,-5.5,5,Hero,0.972140622138977,1.0
2004,3.7,-6.3,13,Hero,0.7110169759163489,1.0
2005,4.4,-5.6,6,Hero,0.9919460415840149,1.0
2006,4.4,-5.6,6,Hero,0.8721431195735931,1.0
2007,4.2,-5.8,8,Hero,0.6320677036419511,1.0
2008,4.2,-5.8,8,Hero,0.599803569726646,1.0
2009,4.1000000000000005,-5.8999999999999995,9,Hero,0.7324932846758101,1.0
2010,3.7,-6.3,13,Hero,0.6392417813722904,1.0
2011,4.5,-5.5,5,Hero,0.9828708171844482,1.0
2012,3.8000000000000007,-6.199999999999999,12,Hero,0.7824516805509726,1.0
2013,4.300000000000001,-5.699999999999999,7,Hero,0.635927425963538,1.0
2014,4.4,-5.6,6,Hero,0.9834573964277903,1.0
2015,3.6000000000000005,-6.3999999999999995,14,Hero,0.8471619603889329,1.0
2016,-5.3999999999999995,4.6000000000000005,4,Villain,0.7070197984576225,1.0
2017,3.2,-6.8,18,Hero,0.6863947841856215,1.0
2018,3.8000000000000007,-6.199999999999999,12,Hero,0.655645859738191,1.0
2019,4.5,-5.5,5,Hero,0.7692509770393372,1.0
2020,3.9000000000000004,-6.1,11,Hero,0.7610057673671029,1.0
2021,2.6999999999999997,-7.300000000000001,23,Hero,0.7373867179064647,1.0
2022,2.8,-7.2,22,Hero,0.8757227144458077,1.0
2023,3.6000000000000005,-6.3999999999999995,14,Hero,0.6211767340345042,1.0
2024,4.7,-5.3,3,Hero,0.9930283427238464,1.0
2025,-4.999999999999998,-4.999999999999998,50,None,0.973368901014328,1.0
2026,3.5,-6.5,15,Hero,0.5987367125848929,1.0
2027,3.0,-7.0,20,Hero,0.685237230360508,1.0
2028,4.5,-5.5,5,Hero,0.7109062671661377,1.0
2029,2.5999999999999996,-7.4,24,Hero,0.8227935160199801,1.0
2030,-5.3999999999999995,4.6000000000000005,4,Villain,0.8870598524808884,1.0
2031,-5.6,4.4,6,Villain,0.9998351434866587,1.0
2032,3.9000000000000004,-6.1,11,Hero,0.7822491472417658,1.0
2033,3.6000000000000005,-6.3999999999999995,14,Hero,0.6334505858165878,1.0
2034,-6.0,4.0,10,Villain,0.7870347455143929,1.0
2035,2.5999999999999996,-7.4,24,Hero,0.6614449520905813,1.0
2036,3.4000000000000004,-6.6,16,Hero,0.5779986705165356,1.0
2037,4.2,-5.8,8,Hero,0.6640467643737793,1.0
2038,3.0999999999999996,-6.9,19,Hero,0.7731745031319166,1.0
2039,1.9999999999999991,-8.0,30,Hero,0.81652629027764,1.0
2040,3.8000000000000007,-6.199999999999999,12,Hero,0.7853718052307764,1.0
2041,3.8000000000000007,-6.199999999999999,12,Hero,0.5841963837544123,1.0
2042,4.300000000000001,-5.699999999999999,7,Hero,0.99019855260849,1.0
2043,4.4,-5.6,6,Hero,0.8785264740387598,1.0
2044,3.0,-7.0,20,Hero,0.7286211183294654,1.0
2045,4.4,-5.6,6,Hero,0.8656626443068186,1.0
2046,4.800000000000001,-5.199999999999999,2,Hero,0.9786171615123749,1.0
2047,4.4,-5.6,6,Hero,0.6135594447453817,1.0
2048,4.1000000000000005,-5.8999999999999995,9,Hero,0.6740966869725121,1.0
2049,3.7,-6.3,13,Hero,0.5868485581416351,1.0
2050,3.5,-6.5,15,Hero,0.8544005195299784,1.0
2051,4.4,-5.6,6,Hero,0.9575654566287994,1.0
2052,4.1000000000000005,-5.8999999999999995,9,Hero,0.8599166257513894,1.0
2053,3.6000000000000005,-6.3999999999999995,14,Hero,0.8514299477849688,1.0
2054,4.1000000000000005,-5.8999999999999995,9,Hero,0.81620411740409,1.0
2055,4.4,-5.6,6,Hero,0.9084218144416809,1.0
2056,4.6000000000000005,-5.3999999999999995,4,Hero,0.758552074432373,1.0
2057,-5.6,4.4,6,Villain,0.9926783243815104,1.0
2058,4.0,-6.0,10,Hero,0.697556134313345,1.0
2059,4.4,-5.6,6,Hero,0.6827220966418585,1.0
2060,3.3,-6.7,17,Hero,0.6842505576855996,1.0
2061,4.4,-5.6,6,Hero,0.989503006140391,1.0
2062,3.8000000000000007,-6.199999999999999,12,Hero,0.6966062734524409,1.0
2063,-5.6,4.4,6,Villain,0.8516575892766317,1.0
2064,4.4,-5.6,6,Hero,0.8826942046483358,1.0
2065,3.2,-6.8,18,Hero,0.8570589067207443,1.0
2066,4.300000000000001,-5.699999999999999,7,Hero,0.8293043417590005,1.0
2067,2.9,-7.1,21,Hero,0.70686983920279,1.0
2068,4.0,-6.0,10,Hero,0.6917305797338485,1.0
2069,3.9000000000000004,-6.1,11,Hero,0.6579286672852256,1.0
2070,2.9,-7.1,21,Hero,0.6315938862306731,1.0
2071,3.3,-6.7,17,Hero,0.6657646009150673,1.0
2072,4.2,-5.8,8,Hero,0.7333185561001301,1.0
2073,3.6000000000000005,-6.3999999999999995,14,Hero,0.7361380543027606,1.0
2074,4.7,-5.3,3,Hero,0.5261908819278082,1.0
2075,4.9,-5.1,1,Hero,0.858072817325592,1.0
2076,4.300000000000001,-5.699999999999999,7,Hero,0.7350398344652993,1.0
2077,3.8000000000000007,-6.199999999999999,12,Hero,0.687083974480629,1.0
2078,4.1000000000000005,-5.8999999999999995,9,Hero,0.9253665010134379,1.0
2079,3.6000000000000005,-6.3999999999999995,14,Hero,0.672600697193827,1.0
2080,4.1000000000000005,-5.8999999999999995,9,Hero,0.8285610559913847,1.0
2081,2.5999999999999996,-7.4,24,Hero,0.6765012244383494,1.0
2082,3.4000000000000004,-6.6,16,Hero,0.7640425302088261,1.0
2083,1.6999999999999988,-8.3,33,Hero,0.7485675886273384,1.0
2084,4.800000000000001,-5.199999999999999,2,Hero,0.969830185174942,1.0
2085,3.3,-6.7,17,Hero,0.7624601178309497,1.0
2086,3.6000000000000005,-6.3999999999999995,14,Hero,0.8069682866334915,1.0
2087,4.2,-5.8,8,Hero,0.9852361977100372,1.0
2088,4.0,-6.0,10,Hero,0.8228160560131073,1.0
2089,4.0,-6.0,10,Hero,0.741056165099144,1.0
2090,3.9000000000000004,-6.1,11,Hero,0.732769945805723,1.0
2091,4.9,-5.1,1,Hero,0.7615671157836914,1.0
2092,3.4000000000000004,-6.6,16,Hero,0.8024870769586414,1.0
2093,3.4000000000000004,-6.6,16,Hero,0.8041478074155748,1.0
2094,4.6000000000000005,-5.3999999999999995,4,Hero,0.9729929268360138,1.0
2095,4.4,-5.6,6,Hero,0.670255834547182,1.0
2096,4.1000000000000005,-5.8999999999999995,9,Hero,0.7530296113755968,1.0
2097,3.8000000000000007,-6.199999999999999,12,Hero,0.7528148256242275,1.0
2098,4.5,-5.5,5,Hero,0.9583876848220825,1.0
2099,4.0,-6.0,10,Hero,0.8559832707047462,1.0
2100,3.7,-6.3,13,Hero,0.6746202793258887,1.0
2101,4.6000000000000005,-5.3999999999999995,4,Hero,0.9942205995321274,1.0
2102,4.0,-6.0,10,Hero,0.7649079635739326,1.0
2103,3.5,-6.5,15,Hero,0.8385551730791728,1.0
2104,3.9000000000000004,-6.1,11,Hero,0.858830758116462,1.0
2105,4.1000000000000005,-5.8999999999999995,9,Hero,0.8428075545363956,1.0
2106,4.4,-5.6,6,Hero,0.8403189579645792,1.0
2107,3.7,-6.3,13,Hero,0.7465510998780911,1.0
2108,4.6000000000000005,-5.3999999999999995,4,Hero,0.9721242636442184,1.0
2109,4.4,-5.6,6,Hero,0.6572314699490865,1.0
2110,3.9000000000000004,-6.1,11,Hero,0.8508832698518579,1.0
2111,2.4999999999999996,-7.5,25,Hero,0.6895443558692932,1.0
2112,4.9,-5.1,1,Hero,0.8836771845817566,1.0
2113,3.4000000000000004,-6.6,16,Hero,0.5163677353411913,1.0
2114,3.0999999999999996,-6.9,19,Hero,0.7467833945625707,1.0
2115,2.9,-7.1,21,Hero,0.6360396288690113,1.0
2116,4.5,-5.5,5,Hero,0.7472948431968689,1.0
2117,4.1000000000000005,-5.8999999999999995,9,Hero,0.7121466166443295,1.0
2118,4.6000000000000005,-5.3999999999999995,4,Hero,0.6028950959444046,1.0
2119,4.1000000000000005,-5.8999999999999995,9,Hero,0.6453026500013139,1.0
2120,3.8000000000000007,-6.199999999999999,12,Hero,0.9247665454943975,1.0
2121,3.5,-6.5,15,Hero,0.7712345431248347,1.0
2122,3.8000000000000007,-6.199999999999999,12,Hero,0.6875360111395518,1.0
2123,4.300000000000001,-5.699999999999999,7,Hero,0.7520139387675694,1.0
2124,3.8000000000000007,-6.199999999999999,12,Hero,0.8682535278300444,1.0
2125,3.9000000000000004,-6.1,11,Hero,0.8281245448372581,1.0
2126,3.7,-6.3,13,Hero,0.6792790391124212,1.0
2127,4.2,-5.8,8,Hero,0.9785588532686234,1.0
2128,3.5,-6.5,15,Hero,0.8886421690384547,1.0
2129,3.5,-6.5,15,Hero,0.669039382537206,1.0
2130,4.2,-5.8,8,Hero,0.6241710893809795,1.0
2131,4.2,-5.8,8,Hero,0.8696720227599144,1.0
2132,4.2,-5.8,8,Hero,0.7566945981234312,1.0
2133,4.800000000000001,-5.199999999999999,2,Hero,0.8304311633110046,1.0
2134,4.1000000000000005,-5.8999999999999995,9,Hero,0.8433205750253465,1.0
2135,3.8000000000000007,-6.199999999999999,12,Hero,0.8268176528314749,1.0
2136,3.9000000000000004,-6.1,11,Hero,0.7855137356302955,1.0
2137,4.1000000000000005,-5.8999999999999995,9,Hero,0.7179573343859779,1.0
2138,3.7,-6.3,13,Hero,0.7020116230616202,1.0
2139,4.5,-5.5,5,Hero,0.6005660116672515,1.0
2140,3.8000000000000007,-6.199999999999999,12,Hero,0.679257961610953,1.0
2141,4.2,-5.8,8,Hero,0.6739680441096425,1.0
2142,-5.8,4.2,8,Villain,0.7357911132276058,1.0
2143,-5.5,4.5,5,Villain,0.9996962547302246,1.0
2144,0.20000000000000107,-9.799999999999999,48,Hero,0.7494784216396511,1.0
2145,3.9000000000000004,-6.1,11,Hero,0.8161261271346699,1.0
2146,4.0,-6.0,10,Hero,0.5027536388486624,1.0
2147,4.300000000000001,-5.699999999999999,7,Hero,0.6623013700757708,1.0
2148,4.2,-5.8,8,Hero,0.8225495480000973,1.0
2149,3.8000000000000007,-6.199999999999999,12,Hero,0.6798689806212982,1.0
2150,3.4000000000000004,-6.6,16,Hero,0.7896825270727277,1.0
2151,3.7,-6.3,13,Hero,0.7044815260630387,1.0
2152,3.8000000000000007,-6.199999999999999,12,Hero,0.858063168823719,1.0
2153,4.4,-5.6,6,Hero,0.7602011909087499,1.0
2154,3.6000000000000005,-6.3999999999999995,14,Hero,0.9120493020330157,1.0
2155,4.5,-5.5,5,Hero,0.9954908013343811,1.0
2156,4.6000000000000005,-5.3999999999999995,4,Hero,0.6994452774524689,1.0
2157,3.7,-6.3,13,Hero,0.8533473152380723,1.0
2158,4.6000000000000005,-5.3999999999999995,4,Hero,0.9662406891584396,1.0
2159,-5.3,4.7,3,Villain,0.9999555349349976,1.0
2160,3.8000000000000007,-6.199999999999999,12,Hero,0.895640547076861,1.0
2161,4.0,-6.0,10,Hero,0.8839886337518692,1.0
2162,4.4,-5.6,6,Hero,0.7531475375096003,1.0
2163,4.0,-6.0,10,Hero,0.9237736523151397,1.0
2164,4.0,-6.0,10,Hero,0.6834476366639137,1.0
2165,4.0,-6.0,10,Hero,0.8746983334422112,1.0
2166,4.1000000000000005,-5.8999999999999995,9,Hero,0.9829079243871901,1.0
2167,3.4000000000000004,-6.6,16,Hero,0.7134810853749514,1.0
2168,4.1000000000000005,-5.8999999999999995,9,Hero,0.6794497883982129,1.0
2169,4.5,-5.5,5,Hero,0.8287021219730377,1.0
2170,3.2,-6.8,18,Hero,0.7097566748658816,1.0
2171,4.800000000000001,-5.199999999999999,2,Hero,0.7142047882080078,1.0
2172,4.9,-5.1,1,Hero,0.9516359567642212,1.0
2173,3.4000000000000004,-6.6,16,Hero,0.8495834497734904,1.0
2174,4.0,-6.0,10,Hero,0.6948222070932388,1.0
2175,4.2,-5.8,8,Hero,0.8290154561400414,1.0
2176,4.300000000000001,-5.699999999999999,7,Hero,0.931249235357557,1.0
2177,4.5,-5.5,5,Hero,0.9826238751411438,1.0
2178,3.4000000000000004,-6.6,16,Hero,0.7851429544389248,1.0
2179,3.7,-6.3,13,Hero,0.8334033672626202,1.0
2180,3.9000000000000004,-6.1,11,Hero,0.8729955364357341,1.0
2181,3.9000000000000004,-6.1,11,Hero,0.8349171633070166,1.0
2182,4.4,-5.6,6,Hero,0.7608949244022369,1.0
2183,3.5,-6.5,15,Hero,0.7285124679406484,1.0
2184,3.9000000000000004,-6.1,11,Hero,0.6849402541464026,1.0
2185,4.6000000000000005,-5.3999999999999995,4,Hero,0.7103866934776306,1.0
2186,4.300000000000001,-5.699999999999999,7,Hero,0.7618106263024467,1.0
2187,-5.6,4.4,6,Villain,0.9510431985060374,1.0
2188,4.800000000000001,-5.199999999999999,2,Hero,0.9898233115673065,1.0
2189,4.7,-5.3,3,Hero,0.49783848722775775,1.0
2190,4.4,-5.6,6,Hero,0.7731539706389109,1.0
2191,3.5,-6.5,15,Hero,0.6982082605361939,1.0
2192,3.6000000000000005,-6.3999999999999995,14,Hero,0.62754229296531,1.0
2193,4.6000000000000005,-5.3999999999999995,4,Hero,0.9933486431837082,1.0
2194,4.300000000000001,-5.699999999999999,7,Hero,0.7294446953705379,1.0
2195,4.2,-5.8,8,Hero,0.6892707273364067,1.0
2196,4.300000000000001,-5.699999999999999,7,Hero,0.7742252929934433,1.0
2197,3.9000000000000004,-6.1,11,Hero,0.6727975065057928,1.0
2198,4.300000000000001,-5.699999999999999,7,Hero,0.9933941108839852,1.0
2199,3.9000000000000004,-6.1,11,Hero,0.7982668700543317,1.0
2200,3.5,-6.5,15,Hero,0.6237893746389697,1.0
2201,4.0,-6.0,10,Hero,0.731353098154068,1.0
2202,4.4,-5.6,6,Hero,0.9877452751000723,1.0
2203,4.7,-5.3,3,Hero,0.7317279080549876,1.0
2204,4.5,-5.5,5,Hero,0.9799095988273621,1.0
2205,-5.699999999999999,4.300000000000001,7,Villain,0.5344339736870357,1.0
2206,3.8000000000000007,-6.199999999999999,12,Hero,0.7422561856607596,1.0
2207,2.9,-7.1,21,Hero,0.5211722048975173,1.0
2208,-5.199999999999999,4.800000000000001,2,Villain,0.9999223947525024,1.0
2209,3.2,-6.8,18,Hero,0.7021805544694265,1.0
2210,-5.3999999999999995,4.6000000000000005,4,Villain,0.9993926882743835,1.0
2211,4.5,-5.5,5,Hero,0.8100994467735291,1.0
2212,3.6000000000000005,-6.3999999999999995,14,Hero,0.7377309841769082,1.0
2213,4.2,-5.8,8,Hero,0.7940375804901123,1.0
2214,4.0,-6.0,10,Hero,0.6288141742348671,1.0
2215,3.9000000000000004,-6.1,11,Hero,0.6254751032049005,1.0
2216,4.2,-5.8,8,Hero,0.9032150357961655,1.0
2217,4.1000000000000005,-5.8999999999999995,9,Hero,0.85819740096728,1.0
2218,4.800000000000001,-5.199999999999999,2,Hero,0.9504766166210175,1.0
2219,4.300000000000001,-5.699999999999999,7,Hero,0.7275333872863224,1.0
2220,4.800000000000001,-5.199999999999999,2,Hero,0.9482775330543518,1.0
2221,4.0,-6.0,10,Hero,0.6773090839385987,1.0
2222,4.1000000000000005,-5.8999999999999995,9,Hero,0.6946617099973891,1.0
2223,-5.5,4.5,5,Villain,0.6271163821220398,1.0
2224,2.1999999999999993,-7.800000000000001,28,Hero,0.6283887890832764,1.0
2225,3.4000000000000004,-6.6,16,Hero,0.6583563014864922,1.0
2226,4.7,-5.3,3,Hero,0.6936908562978109,1.0
2227,4.6000000000000005,-5.3999999999999995,4,Hero,0.8774093836545944,1.0
2228,3.4000000000000004,-6.6,16,Hero,0.7264659535139799,1.0
2229,3.6000000000000005,-6.3999999999999995,14,Hero,0.7197210788726807,1.0
2230,3.5,-6.5,15,Hero,0.8384111225605011,1.0
2231,4.2,-5.8,8,Hero,0.9856045842170715,1.0
2232,3.3,-6.7,17,Hero,0.698710502947078,1.0
2233,3.9000000000000004,-6.1,11,Hero,0.5141444639726118,1.0
2234,4.7,-5.3,3,Hero,0.9814234972000122,1.0
2235,4.300000000000001,-5.699999999999999,7,Hero,0.9222399422100612,1.0
2236,3.7,-6.3,13,Hero,0.7343499694879239,1.0
2237,4.300000000000001,-5.699999999999999,7,Hero,0.9322055237633842,1.0
2238,4.2,-5.8,8,Hero,0.500523068010807,1.0
2239,4.2,-5.8,8,Hero,0.8475990591105074,1.0
2240,4.4,-5.6,6,Hero,0.8301854282617569,1.0
2241,4.0,-6.0,10,Hero,0.6728279709815979,1.0
2242,3.8000000000000007,-6.199999999999999,12,Hero,0.835232508679231,1.0
2243,4.1000000000000005,-5.8999999999999995,9,Hero,0.8880123568491803,1.0
2244,4.5,-5.5,5,Hero,0.6609607934951782,1.0
2245,3.6000000000000005,-6.3999999999999995,14,Hero,0.7971246136086327,1.0
2246,1.9999999999999991,-8.0,30,Hero,0.6254843458533287,1.0
2247,4.1000000000000005,-5.8999999999999995,9,Hero,0.9967756403817071,1.0
2248,3.0,-7.0,20,Hero,0.560516994446516,1.0
2249,4.4,-5.6,6,Hero,0.6586389516790708,1.0
2250,4.7,-5.3,3,Hero,0.9194867610931396,1.0
2251,3.7,-6.3,13,Hero,0.8260635985777929,1.0
2252,3.4000000000000004,-6.6,16,Hero,0.8180091632530093,1.0
2253,3.4000000000000004,-6.6,16,Hero,0.8001995608210564,1.0
2254,3.7,-6.3,13,Hero,0.7622576057910919,1.0
2255,3.7,-6.3,13,Hero,0.7715012775017664,1.0
2256,4.7,-5.3,3,Hero,0.9342361688613892,1.0
2257,4.300000000000001,-5.699999999999999,7,Hero,0.7197517156600952,1.0
2258,4.300000000000001,-5.699999999999999,7,Hero,0.7745642960071564,1.0
2259,3.7,-6.3,13,Hero,0.6373971150471613,1.0
2260,4.7,-5.3,3,Hero,0.6646840572357178,1.0
2261,3.7,-6.3,13,Hero,0.76651487327539,1.0
2262,4.300000000000001,-5.699999999999999,7,Hero,0.9051036664417812,1.0
2263,3.3,-6.7,17,Hero,0.8601417287307627,1.0
2264,4.0,-6.0,10,Hero,0.7550048589706421,1.0
2265,3.6000000000000005,-6.3999999999999995,14,Hero,0.7547996427331652,1.0
2266,3.4000000000000004,-6.6,16,Hero,0.6649850346148014,1.0
2267,3.2,-6.8,18,Hero,0.7120269392099645,1.0
2268,3.7,-6.3,13,Hero,0.76952690917712,1.0
2269,3.9000000000000004,-6.1,11,Hero,0.7452004849910736,1.0
2270,3.5,-6.5,15,Hero,0.7964610502123832,1.0
2271,4.1000000000000005,-5.8999999999999995,9,Hero,0.7133922974268595,1.0
2272,3.8000000000000007,-6.199999999999999,12,Hero,0.73485400279363,1.0
2273,3.5,-6.5,15,Hero,0.7524144569722314,1.0
2274,4.1000000000000005,-5.8999999999999995,9,Hero,0.7411892380979326,1.0
2275,4.5,-5.5,5,Hero,0.9984251141548157,1.0
2276,4.300000000000001,-5.699999999999999,7,Hero,0.6785470779453006,1.0
2277,3.7,-6.3,13,Hero,0.8519083324533242,1.0
2278,2.8,-7.2,22,Hero,0.7391257008368318,1.0
2279,4.9,-5.1,1,Hero,0.9955291152000427,1.0
2280,3.0999999999999996,-6.9,19,Hero,0.7739423027164057,1.0
2281,3.5,-6.5,15,Hero,0.7923325598239899,1.0
2282,4.6000000000000005,-5.3999999999999995,4,Hero,0.6168372854590416,1.0
2283,4.4,-5.6,6,Hero,0.707790732383728,1.0
2284,3.6000000000000005,-6.3999999999999995,14,Hero,0.6590000369719097,1.0
2285,4.300000000000001,-5.699999999999999,7,Hero,0.8902774623462132,1.0
2286,3.6000000000000005,-6.3999999999999995,14,Hero,0.72329700418881,1.0
2287,4.1000000000000005,-5.8999999999999995,9,Hero,0.9989359908633761,1.0
2288,3.6000000000000005,-6.3999999999999995,14,Hero,0.7446682426546302,1.0
2289,4.1000000000000005,-5.8999999999999995,9,Hero,0.6768187317583296,1.0
2290,4.300000000000001,-5.699999999999999,7,Hero,0.5993511953524181,1.0
2291,3.8000000000000007,-6.199999999999999,12,Hero,0.6828978980580965,1.0
2292,4.300000000000001,-5.699999999999999,7,Hero,0.6767452923314912,1.0
2293,3.0999999999999996,-6.9,19,Hero,0.6631133458332011,1.0
2294,4.2,-5.8,8,Hero,0.8173695504665375,1.0
2295,4.1000000000000005,-5.8999999999999995,9,Hero,0.9990273780292935,1.0
2296,4.0,-6.0,10,Hero,0.6521089836955071,1.0
2297,4.5,-5.5,5,Hero,0.8290854603052139,1.0
2298,4.0,-6.0,10,Hero,0.7203347474336624,1.0
2299,4.6000000000000005,-5.3999999999999995,4,Hero,0.9975946992635727,1.0
2300,3.0999999999999996,-6.9,19,Hero,0.7591910103434011,1.0
2301,3.5,-6.5,15,Hero,0.6149451419711113,1.0
2302,4.6000000000000005,-5.3999999999999995,4,Hero,0.7422465868294239,1.0
2303,3.4000000000000004,-6.6,16,Hero,0.8577145207673311,1.0
2304,3.3,-6.7,17,Hero,0.8451104755787289,1.0
2305,3.2,-6.8,18,Hero,0.5947730963428816,1.0
2306,2.8,-7.2,22,Hero,0.7848803766749122,1.0
2307,4.1000000000000005,-5.8999999999999995,9,Hero,0.5326873900161849,1.0
2308,4.5,-5.5,5,Hero,0.6509229898452759,1.0
2309,-5.6,4.4,6,Villain,0.9841692646344503,1.0
2310,4.9,-5.1,1,Hero,0.6272284388542175,1.0
2311,3.4000000000000004,-6.6,16,Hero,0.7078770697116852,1.0
2312,4.2,-5.8,8,Hero,0.9094689041376114,1.0
2313,4.1000000000000005,-5.8999999999999995,9,Hero,0.8015671187183924,1.0
2314,4.0,-6.0,10,Hero,0.7812257163226605,1.0
2315,3.9000000000000004,-6.1,11,Hero,0.7205177355896343,1.0
2316,3.6000000000000005,-6.3999999999999995,14,Hero,0.7261031908648354,1.0
2317,3.7,-6.3,13,Hero,0.6523899447459441,1.0
2318,4.800000000000001,-5.199999999999999,2,Hero,0.6942756772041321,1.0
2319,3.3,-6.7,17,Hero,0.8673398932989906,1.0
2320,4.2,-5.8,8,Hero,0.9964619353413582,1.0
2321,3.8000000000000007,-6.199999999999999,12,Hero,0.6511946221192678,1.0
2322,4.1000000000000005,-5.8999999999999995,9,Hero,0.6590894079870648,1.0
2323,4.0,-6.0,10,Hero,0.5342776536941528,1.0
2324,3.9000000000000004,-6.1,11,Hero,0.7172324034300718,1.0
2325,4.5,-5.5,5,Hero,0.7509233891963959,1.0
2326,3.7,-6.3,13,Hero,0.6213312034423535,1.0
2327,4.7,-5.3,3,Hero,0.7546850840250651,1.0
2328,4.1000000000000005,-5.8999999999999995,9,Hero,0.7345359619292948,1.0
2329,4.2,-5.8,8,Hero,0.70554269105196,1.0
2330,3.4000000000000004,-6.6,16,Hero,0.685695935797412,1.0
2331,4.6000000000000005,-5.3999999999999995,4,Hero,0.9518868625164032,1.0
2332,4.7,-5.3,3,Hero,0.9876346786816915,1.0
2333,3.8000000000000007,-6.199999999999999,12,Hero,0.7895627903441588,1.0
2334,4.4,-5.6,6,Hero,0.7343758096297582,1.0
2335,4.300000000000001,-5.699999999999999,7,Hero,0.6695450416633061,1.0
2336,4.300000000000001,-5.699999999999999,7,Hero,0.8233893471104758,1.0
2337,4.1000000000000005,-5.8999999999999995,9,Hero,0.7941087981065115,1.0
2338,4.800000000000001,-5.199999999999999,2,Hero,0.9753144681453705,1.0
2339,3.8000000000000007,-6.199999999999999,12,Hero,0.7647337590654691,1.0
2340,4.0,-6.0,10,Hero,0.8563403278589249,1.0
2341,4.6000000000000005,-5.3999999999999995,4,Hero,0.6778276115655899,1.0
2342,4.2,-5.8,8,Hero,0.8086850754916668,1.0
2343,3.9000000000000004,-6.1,11,Hero,0.7784653248434718,1.0
2344,3.5,-6.5,15,Hero,0.6943771303941806,1.0
2345,4.1000000000000005,-5.8999999999999995,9,Hero,0.6880103001991907,1.0
2346,4.7,-5.3,3,Hero,0.8045319517453512,1.0
2347,3.9000000000000004,-6.1,11,Hero,0.7975393344055522,1.0
2348,4.4,-5.6,6,Hero,0.7331314533948898,1.0
2349,4.4,-5.6,6,Hero,0.6581637064615885,1.0
2350,4.9,-5.1,1,Hero,0.6689646244049072,1.0
2351,3.9000000000000004,-6.1,11,Hero,0.8469956923614849,1.0
2352,3.3,-6.7,17,Hero,0.8150955714723643,1.0
2353,4.6000000000000005,-5.3999999999999995,4,Hero,0.7411968503147364,1.0
2354,4.800000000000001,-5.199999999999999,2,Hero,0.9294771254062653,1.0
2355,-5.1,4.9,1,Villain,0.9124227166175842,1.0
2356,4.1000000000000005,-5.8999999999999995,9,Hero,0.8764984475241767,1.0
2357,4.4,-5.6,6,Hero,0.7989514321088791,1.0
2358,4.800000000000001,-5.199999999999999,2,Hero,0.6911097466945648,1.0
2359,4.1000000000000005,-5.8999999999999995,9,Hero,0.662442061636183,1.0
2360,3.9000000000000004,-6.1,11,Hero,0.8672995188019492,1.0
2361,4.300000000000001,-5.699999999999999,7,Hero,0.6948739588260651,1.0
2362,3.6000000000000005,-6.3999999999999995,14,Hero,0.5098680066210883,1.0
2363,2.4999999999999996,-7.5,25,Hero,0.7111908650398254,1.0
2364,3.4000000000000004,-6.6,16,Hero,0.8239582991227508,1.0
2365,3.3,-6.7,17,Hero,0.7288973327068722,1.0
2366,4.2,-5.8,8,Hero,0.6415407527238131,1.0
2367,4.6000000000000005,-5.3999999999999995,4,Hero,0.9602092206478119,1.0
2368,3.7,-6.3,13,Hero,0.7987958765946902,1.0
2369,4.2,-5.8,8,Hero,0.7745644494425505,1.0
2370,4.1000000000000005,-5.8999999999999995,9,Hero,0.8231013814608256,1.0
2371,4.300000000000001,-5.699999999999999,7,Hero,0.8743249007633754,1.0
2372,3.9000000000000004,-6.1,11,Hero,0.7659047124060717,1.0
2373,3.7,-6.3,13,Hero,0.5208220115074744,1.0
2374,3.9000000000000004,-6.1,11,Hero,0.744195594028993,1.0
2375,3.3,-6.7,17,Hero,0.6794697112020325,1.0
2376,3.3,-6.7,17,Hero,0.6127934070194468,1.0
2377,3.3,-6.7,17,Hero,0.6869137146893669,1.0
2378,3.2,-6.8,18,Hero,0.6448158226493332,1.0
2379,3.4000000000000004,-6.6,16,Hero,0.6049071280285716,1.0
2380,4.4,-5.6,6,Hero,0.9890638887882233,1.0
2381,3.7,-6.3,13,Hero,0.7207833597293267,1.0
2382,4.0,-6.0,10,Hero,0.6968063086271286,1.0
2383,-5.3,4.7,3,Villain,0.9785004059473673,1.0
2384,4.4,-5.6,6,Hero,0.7384798030058543,1.0
2385,3.9000000000000004,-6.1,11,Hero,0.6291037852113898,1.0
2386,4.6000000000000005,-5.3999999999999995,4,Hero,0.5932940393686295,1.0
2387,-5.1,4.9,1,Villain,0.9897887110710144,1.0
2388,3.7,-6.3,13,Hero,0.829823551269678,1.0
2389,4.6000000000000005,-5.3999999999999995,4,Hero,0.6030356362462044,1.0
2390,3.8000000000000007,-6.199999999999999,12,Hero,0.589288828894496,1.0
2391,3.4000000000000004,-6.6,16,Hero,0.8419354930520058,1.0
2392,3.5,-6.5,15,Hero,0.630771721402804,1.0
2393,3.7,-6.3,13,Hero,0.6397098285647539,1.0
2394,4.4,-5.6,6,Hero,0.9970918595790863,1.0
2395,2.1999999999999993,-7.800000000000001,28,Hero,0.7884169965982437,1.0
2396,4.1000000000000005,-5.8999999999999995,9,Hero,0.6338438967035877,1.0
2397,4.2,-5.8,8,Hero,0.7916270298883319,1.0
2398,4.9,-5.1,1,Hero,0.4692641794681549,1.0
2399,3.0999999999999996,-6.9,19,Hero,0.7675684314025076,1.0
2400,-5.699999999999999,4.300000000000001,7,Villain,0.9895603741918292,1.0
2401,4.4,-5.6,6,Hero,0.6553962181011835,1.0
2402,4.0,-6.0,10,Hero,0.6535299122333527,1.0
2403,3.9000000000000004,-6.1,11,Hero,0.8488947220823981,1.0
2404,4.5,-5.5,5,Hero,0.7695395410060882,1.0
2405,4.2,-5.8,8,Hero,0.6214805319905281,1.0
2406,3.8000000000000007,-6.199999999999999,12,Hero,0.4255372956395149,1.0
2407,4.4,-5.6,6,Hero,0.6246974033614,1.0
2408,3.4000000000000004,-6.6,16,Hero,0.5184222180396318,1.0
2409,4.7,-5.3,3,Hero,0.9920576214790344,1.0
2410,4.4,-5.6,6,Hero,0.6967414269844691,1.0
2411,4.2,-5.8,8,Hero,0.9090707376599312,1.0
2412,4.1000000000000005,-5.8999999999999995,9,Hero,0.6341304447915819,1.0
2413,3.5,-6.5,15,Hero,0.5949490239222844,1.0
2414,3.3,-6.7,17,Hero,0.5990038921727854,1.0
2415,3.9000000000000004,-6.1,11,Hero,0.8593504347584464,1.0
2416,4.6000000000000005,-5.3999999999999995,4,Hero,0.9962296932935715,1.0
2417,4.2,-5.8,8,Hero,0.5404497608542442,1.0
2418,3.9000000000000004,-6.1,11,Hero,0.6991105838255449,1.0
2419,3.8000000000000007,-6.199999999999999,12,Hero,0.6237668953835964,1.0
2420,3.7,-6.3,13,Hero,0.7608108543432676,1.0
2421,2.6999999999999997,-7.300000000000001,23,Hero,0.577008957448213,1.0
2422,4.2,-5.8,8,Hero,0.6950199287384748,1.0
2423,3.0999999999999996,-6.9,19,Hero,0.47484422972621887,1.0
2424,3.3,-6.7,17,Hero,0.648878821555306,1.0
2425,3.7,-6.3,13,Hero,0.6897587890808399,1.0
2426,2.4999999999999996,-7.5,25,Hero,0.8180425930023193,1.0
2427,3.0,-7.0,20,Hero,0.8316817916929722,1.0
2428,3.9000000000000004,-6.1,11,Hero,0.6427157507701353,1.0
2429,2.099999999999999,-7.9,29,Hero,0.6142647749391096,1.0
2430,4.5,-5.5,5,Hero,0.7489727139472961,1.0
2431,3.6000000000000005,-6.3999999999999995,14,Hero,0.8112438800079482,1.0
2432,4.5,-5.5,5,Hero,0.7676071066409349,1.0
2433,3.2,-6.8,18,Hero,0.7138724165658156,1.0
2434,4.0,-6.0,10,Hero,0.7828380092978477,1.0
2435,3.7,-6.3,13,Hero,0.9047088921070099,1.0
2436,3.8000000000000007,-6.199999999999999,12,Hero,0.7312817558025321,1.0
2437,3.9000000000000004,-6.1,11,Hero,0.65156021036885,1.0
2438,3.2,-6.8,18,Hero,0.704605889817079,1.0
2439,4.2,-5.8,8,Hero,0.8369496084051207,1.0
2440,4.2,-5.8,8,Hero,0.6660654060542583,1.0
2441,4.2,-5.8,8,Hero,0.7297896780073643,1.0
2442,3.0999999999999996,-6.9,19,Hero,0.7348104531043455,1.0
2443,4.0,-6.0,10,Hero,0.7636287599802017,1.0
2444,3.8000000000000007,-6.199999999999999,12,Hero,0.7134346862634023,1.0
2445,3.3,-6.7,17,Hero,0.7544998881571433,1.0
2446,3.6000000000000005,-6.3999999999999995,14,Hero,0.7271087446383068,1.0
2447,3.3,-6.7,17,Hero,0.8904911735478569,1.0
2448,4.1000000000000005,-5.8999999999999995,9,Hero,0.8606646921899583,1.0
2449,4.800000000000001,-5.199999999999999,2,Hero,0.9578414261341095,1.0
2450,3.6000000000000005,-6.3999999999999995,14,Hero,0.8050129855650344,1.0
2451,4.0,-6.0,10,Hero,0.7022999063134193,1.0
2452,4.7,-5.3,3,Hero,0.6865707884232203,1.0
2453,4.5,-5.5,5,Hero,0.877664315700531,1.0
2454,3.4000000000000004,-6.6,16,Hero,0.6511923484504223,1.0
2455,3.6000000000000005,-6.3999999999999995,14,Hero,0.7028133794665337,1.0
2456,-5.699999999999999,4.300000000000001,7,Villain,0.8266672704901014,1.0
2457,4.2,-5.8,8,Hero,0.6921492591500282,1.0
2458,4.300000000000001,-5.699999999999999,7,Hero,0.6746719309261867,1.0
2459,4.4,-5.6,6,Hero,0.9951151212056478,1.0
2460,4.9,-5.1,1,Hero,0.9110631942749023,1.0
2461,4.1000000000000005,-5.8999999999999995,9,Hero,0.9782670007811652,1.0
2462,4.1000000000000005,-5.8999999999999995,9,Hero,0.7712318963474698,1.0
2463,3.8000000000000007,-6.199999999999999,12,Hero,0.7997812976439794,1.0
2464,4.5,-5.5,5,Hero,0.8682527661323547,1.0
2465,4.300000000000001,-5.699999999999999,7,Hero,0.8282209251608167,1.0
2466,4.300000000000001,-5.699999999999999,7,Hero,0.7205702790192196,1.0
2467,3.6000000000000005,-6.3999999999999995,14,Hero,0.5668152695787805,1.0
2468,4.1000000000000005,-5.8999999999999995,9,Hero,0.7073242399427626,1.0
2469,4.1000000000000005,-5.8999999999999995,9,Hero,0.9960541990068223,1.0
2470,3.4000000000000004,-6.6,16,Hero,0.7581107039004564,1.0
2471,-5.699999999999999,4.300000000000001,7,Villain,0.7271021349089486,1.0
2472,-5.1,4.9,1,Villain,0.9999953508377075,1.0
2473,4.5,-5.5,5,Hero,0.9495123386383056,1.0
2474,4.300000000000001,-5.699999999999999,7,Hero,0.921447387763432,1.0
2475,4.0,-6.0,10,Hero,0.6409116744995117,1.0
2476,4.1000000000000005,-5.8999999999999995,9,Hero,0.6294473873244392,1.0
2477,4.4,-5.6,6,Hero,0.6639561007420222,1.0
2478,3.8000000000000007,-6.199999999999999,12,Hero,0.7324305350581805,1.0
2479,3.9000000000000004,-6.1,11,Hero,0.6151890063827689,1.0
2480,-5.3999999999999995,4.6000000000000005,4,Villain,0.9999435693025589,1.0
2481,2.8,-7.2,22,Hero,0.7194767066023566,1.0
2482,2.8,-7.2,22,Hero,0.6862997361882166,1.0
2483,3.5,-6.5,15,Hero,0.6575241396824519,1.0
2484,3.6000000000000005,-6.3999999999999995,14,Hero,0.7298582707132611,1.0
2485,3.6000000000000005,-6.3999999999999995,14,Hero,0.7100960672167795,1.0
2486,3.7,-6.3,13,Hero,0.8338326055269975,1.0
2487,4.4,-5.6,6,Hero,0.8001183072725931,1.0
2488,4.2,-5.8,8,Hero,0.5930005609989166,1.0
2489,4.2,-5.8,8,Hero,0.6798604279756546,1.0
2490,3.5,-6.5,15,Hero,0.8133049170176189,1.0
2491,3.3,-6.7,17,Hero,0.5842821554226034,1.0
2492,4.1000000000000005,-5.8999999999999995,9,Hero,0.9361324244075351,1.0
2493,4.0,-6.0,10,Hero,0.9160505831241608,1.0
2494,3.7,-6.3,13,Hero,0.6441322622390894,1.0
2495,4.800000000000001,-5.199999999999999,2,Hero,0.6968424022197723,1.0
2496,4.5,-5.5,5,Hero,0.9691232085227967,1.0
2497,3.5,-6.5,15,Hero,0.863351450363795,1.0
2498,4.9,-5.1,1,Hero,0.7569586038589478,1.0
2499,4.0,-6.0,10,Hero,0.6560176379978657,1.0
2500,4.4,-5.6,6,Hero,0.8128859400749207,1.0
2501,3.3,-6.7,17,Hero,0.6452274673125323,1.0
2502,3.3,-6.7,17,Hero,0.6305516590090359,1.0
2503,4.300000000000001,-5.699999999999999,7,Hero,0.8161194154194423,1.0
2504,4.2,-5.8,8,Hero,0.6966049112379551,1.0
2505,3.8000000000000007,-6.199999999999999,12,Hero,0.6493126625816027,1.0
2506,3.6000000000000005,-6.3999999999999995,14,Hero,0.6731066810233253,1.0
2507,3.3,-6.7,17,Hero,0.7325292862951756,1.0
2508,4.6000000000000005,-5.3999999999999995,4,Hero,0.7182650119066238,1.0
2509,3.9000000000000004,-6.1,11,Hero,0.6006184274500067,1.0
2510,3.4000000000000004,-6.6,16,Hero,0.7932107001543045,1.0
2511,3.3,-6.7,17,Hero,0.8315443615703022,1.0
2512,-6.3999999999999995,3.6000000000000005,14,Villain,0.8466264818395887,1.0
2513,4.4,-5.6,6,Hero,0.9463523328304291,1.0
2514,4.9,-5.1,1,Hero,0.9164977073669434,1.0
2515,4.1000000000000005,-5.8999999999999995,9,Hero,0.6525768571429782,1.0
2516,3.0999999999999996,-6.9,19,Hero,0.7816892615274379,1.0
2517,2.5999999999999996,-7.4,24,Hero,0.8237863220274448,1.0
2518,3.2,-6.8,18,Hero,0.7767915249698691,1.0
2519,1.899999999999999,-8.100000000000001,31,Hero,0.7099069491509469,1.0
2520,3.8000000000000007,-6.199999999999999,12,Hero,0.7510671789447466,1.0
2521,-4.999999999999998,-4.999999999999998,50,None,0.9116708493232727,1.0
2522,3.8000000000000007,-6.199999999999999,12,Hero,0.6974033589164416,1.0
2523,4.4,-5.6,6,Hero,0.9884014228979746,1.0
2524,4.4,-5.6,6,Hero,0.8440667999287447,1.0
2525,4.0,-6.0,10,Hero,0.8808347105979919,1.0
2526,4.2,-5.8,8,Hero,0.7671974077820778,1.0
2527,4.4,-5.6,6,Hero,0.8615300456682841,1.0
2528,4.2,-5.8,8,Hero,0.7696417905390263,1.0
2529,4.5,-5.5,5,Hero,0.9553103446960449,1.0
2530,3.4000000000000004,-6.6,16,Hero,0.732396564912051,1.0
2531,4.6000000000000005,-5.3999999999999995,4,Hero,0.7812506705522537,1.0
2532,3.9000000000000004,-6.1,11,Hero,0.859012248841199,1.0
2533,4.6000000000000005,-5.3999999999999995,4,Hero,0.6938691586256027,1.0
2534,3.8000000000000007,-6.199999999999999,12,Hero,0.6302465374271075,1.0
2535,3.9000000000000004,-6.1,11,Hero,0.8737991641868245,1.0
2536,3.8000000000000007,-6.199999999999999,12,Hero,0.6547276861965656,1.0
2537,-5.3999999999999995,4.6000000000000005,4,Villain,0.9922709465026855,1.0
2538,4.4,-5.6,6,Hero,0.9841232697168986,1.0
2539,-5.1,4.9,1,Villain,0.28646594285964966,1.0
2540,3.7,-6.3,13,Hero,0.7338299476183378,1.0
2541,3.8000000000000007,-6.199999999999999,12,Hero,0.73886210223039,1.0
2542,3.5,-6.5,15,Hero,0.6540646935502689,1.0
2543,1.899999999999999,-8.100000000000001,31,Hero,0.7712687931714519,1.0
2544,3.6000000000000005,-6.3999999999999995,14,Hero,0.7392574059111732,1.0
2545,3.5,-6.5,15,Hero,0.7199581315120062,1.0
2546,4.9,-5.1,1,Hero,0.9942003488540649,1.0
2547,3.7,-6.3,13,Hero,0.7155223465882815,1.0
2548,3.9000000000000004,-6.1,11,Hero,0.7301674688404257,1.0
2549,4.4,-5.6,6,Hero,0.6753389909863472,1.0
2550,4.1000000000000005,-5.8999999999999995,9,Hero,0.867461986011929,1.0
2551,4.6000000000000005,-5.3999999999999995,4,Hero,0.9009979218244553,1.0
2552,3.8000000000000007,-6.199999999999999,12,Hero,0.6177967538436254,1.0
2553,3.6000000000000005,-6.3999999999999995,14,Hero,0.7156748856816973,1.0
2554,3.5,-6.5,15,Hero,0.7570378964145978,1.0
2555,3.0999999999999996,-6.9,19,Hero,0.6893682093604615,1.0
2556,3.2,-6.8,18,Hero,0.7059622791906198,1.0
2557,-5.1,4.9,1,Villain,0.5711448192596436,1.0
2558,-5.699999999999999,4.300000000000001,7,Villain,0.9926123193332127,1.0
2559,3.0999999999999996,-6.9,19,Hero,0.5155606065925799,1.0
2560,-5.5,4.5,5,Villain,0.9939704775810242,1.0
2561,1.4999999999999987,-8.500000000000002,35,Hero,0.8695120073854923,1.0
2562,-4.999999999999998,-4.999999999999998,50,None,0.9070004635304213,1.0
2563,1.1999999999999984,-8.8,38,Hero,0.7714180751997781,1.0
2564,4.9,-5.1,1,Hero,0.994813084602356,1.0
2565,-4.999999999999998,-4.999999999999998,50,None,0.9090628894604742,1.0
2566,-4.999999999999998,-4.999999999999998,50,None,0.8521132609248161,1.0
2567,-4.999999999999998,-4.999999999999998,50,None,0.6357672370225191,1.0
2568,-4.999999999999998,-4.999999999999998,50,None,0.9159419306367635,1.0
2569,2.9,-7.1,21,Hero,0.6102745402604342,1.0
2570,0.3000000000000007,-9.7,47,Hero,0.7804913354363847,1.0
2571,-4.999999999999998,-4.999999999999998,50,None,0.8716338208317757,1.0
2572,2.5999999999999996,-7.4,24,Hero,0.4978814876327912,1.0
2573,3.6000000000000005,-6.3999999999999995,14,Hero,0.5678241678646633,1.0
2574,3.0,-7.0,20,Hero,0.5066932147368789,1.0
2575,3.9000000000000004,-6.1,11,Hero,0.6880384155295112,1.0
2576,2.8,-7.2,22,Hero,0.602274925574999,1.0
2577,3.7,-6.3,13,Hero,0.7893005426113422,1.0
2578,3.9000000000000004,-6.1,11,Hero,0.7878354489803314,1.0
2579,4.1000000000000005,-5.8999999999999995,9,Hero,0.9271735880109999,1.0
2580,3.0999999999999996,-6.9,19,Hero,0.6918919866806582,1.0
2581,4.5,-5.5,5,Hero,0.8011130928993225,1.0
2582,3.9000000000000004,-6.1,11,Hero,0.6495431791990995,1.0
2583,3.6000000000000005,-6.3999999999999995,14,Hero,0.7553913742303848,1.0
2584,4.0,-6.0,10,Hero,0.736557400226593,1.0
2585,-5.3,4.7,3,Villain,0.9995498657226562,1.0
2586,4.2,-5.8,8,Hero,0.5014369189739227,1.0
2587,-5.5,4.5,5,Villain,0.681601619720459,1.0
2588,4.6000000000000005,-5.3999999999999995,4,Hero,0.8568423092365265,1.0
2589,4.6000000000000005,-5.3999999999999995,4,Hero,0.8245759680867195,1.0
2590,4.300000000000001,-5.699999999999999,7,Hero,0.7114002662045615,1.0
2591,-4.999999999999998,-4.999999999999998,50,None,0.521892533977516,1.0
2592,0.6999999999999993,-9.3,43,Hero,0.5136914876571228,1.0
2593,1.9999999999999991,-8.0,30,Hero,0.5100445551176865,1.0
2594,4.2,-5.8,8,Hero,0.5793019384145737,1.0
2595,0.9999999999999982,-9.000000000000002,40,Hero,0.5224358256906271,1.0
2596,-5.6,4.4,6,Villain,0.9798760116100311,1.0
2597,4.2,-5.8,8,Hero,0.9760226756334305,1.0
2598,2.3999999999999995,-7.6000000000000005,26,Hero,0.5671879345407853,1.0
2599,4.800000000000001,-5.199999999999999,2,Hero,0.6863737404346466,1.0
2600,4.0,-6.0,10,Hero,0.5502220019698143,1.0
2601,4.1000000000000005,-5.8999999999999995,9,Hero,0.879406385951572,1.0
2602,3.8000000000000007,-6.199999999999999,12,Hero,0.6051489102343718,1.0
2603,3.8000000000000007,-6.199999999999999,12,Hero,0.793214812874794,1.0
2604,3.2,-6.8,18,Hero,0.7377434050043424,1.0
2605,4.7,-5.3,3,Hero,0.9423706730206808,1.0
2606,4.0,-6.0,10,Hero,0.7928633257746697,1.0
2607,3.8000000000000007,-6.199999999999999,12,Hero,0.7214832454919815,1.0
2608,3.9000000000000004,-6.1,11,Hero,0.6072940081357956,1.0
2609,4.5,-5.5,5,Hero,0.7578637719154357,1.0
2610,4.9,-5.1,1,Hero,0.9214730858802795,1.0
2611,3.3,-6.7,17,Hero,0.7530301739187801,1.0
2612,3.0999999999999996,-6.9,19,Hero,0.6752659662773735,1.0
2613,4.5,-5.5,5,Hero,0.9968302488327027,1.0
2614,3.6000000000000005,-6.3999999999999995,14,Hero,0.7290356978774071,1.0
2615,3.7,-6.3,13,Hero,0.6899596406863286,1.0
2616,3.8000000000000007,-6.199999999999999,12,Hero,0.7934967776139578,1.0
2617,3.5,-6.5,15,Hero,0.8521499911944072,1.0
2618,3.5,-6.5,15,Hero,0.6906103079517683,1.0
2619,4.5,-5.5,5,Hero,0.7543872237205506,1.0
2620,3.7,-6.3,13,Hero,0.6973215453326702,1.0
2621,4.1000000000000005,-5.8999999999999995,9,Hero,0.7019632872607973,1.0
2622,4.2,-5.8,8,Hero,0.8806851282715797,1.0
2623,3.6000000000000005,-6.3999999999999995,14,Hero,0.7912321473870959,1.0
2624,4.1000000000000005,-5.8999999999999995,9,Hero,0.8874857425689697,1.0
2625,4.0,-6.0,10,Hero,0.7905936241149902,1.0
2626,3.5,-6.5,15,Hero,0.6552916612476111,1.0
2627,4.0,-6.0,10,Hero,0.6841157756745815,1.0
2628,3.0,-7.0,20,Hero,0.7093046501278877,1.0
2629,-5.699999999999999,4.300000000000001,7,Villain,0.47115690473999294,1.0
2630,3.4000000000000004,-6.6,16,Hero,0.6904916155617684,1.0
2631,4.2,-5.8,8,Hero,0.8975454159080982,1.0
2632,4.1000000000000005,-5.8999999999999995,9,Hero,0.6790414022074805,1.0
2633,2.9,-7.1,21,Hero,0.7564833118092447,1.0
2634,4.1000000000000005,-5.8999999999999995,9,Hero,0.6363787121242948,1.0
2635,4.2,-5.8,8,Hero,0.9167049005627632,1.0
2636,4.1000000000000005,-5.8999999999999995,9,Hero,0.9654163320859274,1.0
2637,3.6000000000000005,-6.3999999999999995,14,Hero,0.6396891048976353,1.0
2638,4.2,-5.8,8,Hero,0.9771270230412483,1.0
2639,3.9000000000000004,-6.1,11,Hero,0.695494716140357,1.0
2640,-5.199999999999999,4.800000000000001,2,Villain,0.9912428855895996,1.0
2641,-5.8,4.2,8,Villain,0.7565720387501642,1.0
2642,4.1000000000000005,-5.8999999999999995,9,Hero,0.7790955454111099,1.0
2643,4.9,-5.1,1,Hero,0.5022444725036621,1.0
2644,4.2,-5.8,8,Hero,0.93081184476614,1.0
2645,3.8000000000000007,-6.199999999999999,12,Hero,0.6054270980724444,1.0
2646,4.0,-6.0,10,Hero,0.6261824369430542,1.0
2647,4.300000000000001,-5.699999999999999,7,Hero,0.9988022872379848,1.0
2648,4.2,-5.8,8,Hero,0.6323373913764954,1.0
2649,4.6000000000000005,-5.3999999999999995,4,Hero,0.8518666476011276,1.0
2650,4.7,-5.3,3,Hero,0.6978024442990621,1.0
2651,4.6000000000000005,-5.3999999999999995,4,Hero,0.6828892230987549,1.0
2652,4.0,-6.0,10,Hero,0.7267054595053196,1.0
2653,3.8000000000000007,-6.199999999999999,12,Hero,0.7565948308135072,1.0
2654,3.6000000000000005,-6.3999999999999995,14,Hero,0.7396245173045567,1.0
2655,4.5,-5.5,5,Hero,0.8578513860702515,1.0
2656,3.8000000000000007,-6.199999999999999,12,Hero,0.7314626201987267,1.0
2657,3.5,-6.5,15,Hero,0.8080846051375071,1.0
2658,3.8000000000000007,-6.199999999999999,12,Hero,0.6426027255753676,1.0
2659,3.9000000000000004,-6.1,11,Hero,0.7434953993017023,1.0
2660,3.9000000000000004,-6.1,11,Hero,0.5919417034495961,1.0
2661,3.7,-6.3,13,Hero,0.8060091688082769,1.0
2662,3.7,-6.3,13,Hero,0.7890267612842413,1.0
2663,3.3,-6.7,17,Hero,0.7149420170223012,1.0
2664,3.4000000000000004,-6.6,16,Hero,0.8214287515729666,1.0
2665,4.2,-5.8,8,Hero,0.6800090000033379,1.0
2666,4.4,-5.6,6,Hero,0.6248501092195511,1.0
2667,4.1000000000000005,-5.8999999999999995,9,Hero,0.8037268304162555,1.0
2668,3.7,-6.3,13,Hero,0.6753660818705192,1.0
2669,4.6000000000000005,-5.3999999999999995,4,Hero,0.994112640619278,1.0
2670,4.6000000000000005,-5.3999999999999995,4,Hero,0.7236717641353607,1.0
2671,4.4,-5.6,6,Hero,0.9913074672222137,1.0
2672,4.300000000000001,-5.699999999999999,7,Hero,0.8426051395280021,1.0
2673,3.6000000000000005,-6.3999999999999995,14,Hero,0.8038433556045804,1.0
2674,3.9000000000000004,-6.1,11,Hero,0.7836445542899045,1.0
2675,3.7,-6.3,13,Hero,0.6984638004348829,1.0
2676,-5.6,4.4,6,Villain,0.6174863452712694,1.0
2677,4.9,-5.1,1,Hero,0.3782905042171478,1.0
2678,4.4,-5.6,6,Hero,0.8832235882679621,1.0
2679,3.8000000000000007,-6.199999999999999,12,Hero,0.8825284391641617,1.0
2680,4.9,-5.1,1,Hero,0.9713594913482666,1.0
2681,4.5,-5.5,5,Hero,0.8006184101104736,1.0
2682,4.1000000000000005,-5.8999999999999995,9,Hero,0.8785103493266635,1.0
2683,3.4000000000000004,-6.6,16,Hero,0.696214307565242,1.0
2684,3.7,-6.3,13,Hero,0.6996569702258477,1.0
2685,2.8,-7.2,22,Hero,0.5833584273403342,1.0
2686,3.0999999999999996,-6.9,19,Hero,0.6224272372691255,1.0
2687,3.9000000000000004,-6.1,11,Hero,0.7682253339073875,1.0
2688,3.8000000000000007,-6.199999999999999,12,Hero,0.7871366211523613,1.0
2689,4.0,-6.0,10,Hero,0.7120926409959794,1.0
2690,4.0,-6.0,10,Hero,0.8150993317365647,1.0
2691,3.4000000000000004,-6.6,16,Hero,0.739983812905848,1.0
2692,3.5,-6.5,15,Hero,0.769096064567566,1.0
2693,3.2,-6.8,18,Hero,0.5139221275846163,1.0
2694,-7.4,2.5999999999999996,24,Villain,0.6861556126192833,1.0
2695,-5.3,4.7,3,Villain,0.9999892314275106,1.0
2696,4.5,-5.5,5,Hero,0.9927105069160461,1.0
2697,4.5,-5.5,5,Hero,0.6681590259075165,1.0
2698,4.5,-5.5,5,Hero,0.8539671421051025,1.0
2699,4.1000000000000005,-5.8999999999999995,9,Hero,0.7834595160351859,1.0
2700,4.1000000000000005,-5.8999999999999995,9,Hero,0.5379468633068932,1.0
2701,3.9000000000000004,-6.1,11,Hero,0.6259814312850888,1.0
2702,3.0999999999999996,-6.9,19,Hero,0.6839826475632819,1.0
2703,3.0,-7.0,20,Hero,0.7071774505078793,1.0
2704,4.6000000000000005,-5.3999999999999995,4,Hero,0.6436450183391571,1.0
2705,4.2,-5.8,8,Hero,0.9385507106781006,1.0
2706,4.9,-5.1,1,Hero,0.7238326668739319,1.0
2707,3.0999999999999996,-6.9,19,Hero,0.6698935427948048,1.0
2708,-5.5,4.5,5,Villain,0.9996300935745239,1.0
2709,4.9,-5.1,1,Hero,0.8918697834014893,1.0
2710,3.9000000000000004,-6.1,11,Hero,0.7560667964545164,1.0
2711,3.9000000000000004,-6.1,11,Hero,0.6590024149892005,1.0
2712,4.1000000000000005,-5.8999999999999995,9,Hero,0.8719681037796868,1.0
2713,3.5,-6.5,15,Hero,0.6236876765886943,1.0
2714,4.5,-5.5,5,Hero,0.9719547867774964,1.0
2715,4.0,-6.0,10,Hero,0.767929270863533,1.0
2716,4.0,-6.0,10,Hero,0.6689753085374832,1.0
2717,4.2,-5.8,8,Hero,0.8319459445774555,1.0
2718,4.2,-5.8,8,Hero,0.7226380202919245,1.0
2719,3.6000000000000005,-6.3999999999999995,14,Hero,0.678985846894128,1.0
2720,4.300000000000001,-5.699999999999999,7,Hero,0.9860378163201469,1.0
2721,3.6000000000000005,-6.3999999999999995,14,Hero,0.6474935412406921,1.0
2722,4.5,-5.5,5,Hero,0.971350634098053,1.0
2723,3.5,-6.5,15,Hero,0.7804415216048558,1.0
2724,3.2,-6.8,18,Hero,0.7265015486627817,1.0
2725,3.9000000000000004,-6.1,11,Hero,0.6444206400351091,1.0
2726,4.4,-5.6,6,Hero,0.7982958753903707,1.0
2727,3.8000000000000007,-6.199999999999999,12,Hero,0.7450149065504471,1.0
2728,3.6000000000000005,-6.3999999999999995,14,Hero,0.7654927330357688,1.0
2729,4.300000000000001,-5.699999999999999,7,Hero,0.8799535972731454,1.0
2730,4.6000000000000005,-5.3999999999999995,4,Hero,0.9983485341072083,1.0
2731,3.4000000000000004,-6.6,16,Hero,0.6322201928123832,1.0
2732,3.2,-6.8,18,Hero,0.7575920985804664,1.0
2733,3.4000000000000004,-6.6,16,Hero,0.7212762348353863,1.0
2734,3.9000000000000004,-6.1,11,Hero,0.6586628625677391,1.0
2735,3.9000000000000004,-6.1,11,Hero,0.6841234185478904,1.0
2736,4.5,-5.5,5,Hero,0.8169647336006165,1.0
2737,4.2,-5.8,8,Hero,0.7721475809812546,1.0
2738,4.2,-5.8,8,Hero,0.7006939202547073,1.0
2739,3.3,-6.7,17,Hero,0.7534394509652081,1.0
2740,4.6000000000000005,-5.3999999999999995,4,Hero,0.777113638818264,1.0
2741,3.8000000000000007,-6.199999999999999,12,Hero,0.8580075005690256,1.0
2742,4.1000000000000005,-5.8999999999999995,9,Hero,0.7293210460080041,1.0
2743,3.7,-6.3,13,Hero,0.8245872901036189,1.0
2744,4.5,-5.5,5,Hero,0.6611469030380249,1.0
2745,4.4,-5.6,6,Hero,0.9801545838514963,1.0
2746,4.6000000000000005,-5.3999999999999995,4,Hero,0.6650687120854855,1.0
2747,4.2,-5.8,8,Hero,0.7473428640514612,1.0
2748,4.300000000000001,-5.699999999999999,7,Hero,0.8262071375335965,1.0
2749,4.1000000000000005,-5.8999999999999995,9,Hero,0.8132532470756106,1.0
2750,-5.1,4.9,1,Villain,0.9980372786521912,1.0
2751,4.2,-5.8,8,Hero,0.7646149899810553,1.0
2752,4.1000000000000005,-5.8999999999999995,9,Hero,0.8134984837638007,1.0
2753,3.9000000000000004,-6.1,11,Hero,0.8122724714604291,1.0
2754,4.4,-5.6,6,Hero,0.6899101138114929,1.0
2755,4.2,-5.8,8,Hero,0.6912892982363701,1.0
2756,3.2,-6.8,18,Hero,0.7769991382956505,1.0
2757,4.1000000000000005,-5.8999999999999995,9,Hero,0.7560027804639604,1.0
2758,4.0,-6.0,10,Hero,0.6968581520020962,1.0
2759,-5.199999999999999,4.800000000000001,2,Villain,0.49774914933368564,1.0
2760,3.0999999999999996,-6.9,19,Hero,0.7013075532097566,1.0
2761,3.0999999999999996,-6.9,19,Hero,0.8710288174058262,1.0
2762,-4.999999999999998,-4.999999999999998,50,None,0.9192365477234126,1.0
2763,-4.999999999999998,-4.999999999999998,50,None,0.8675967966020107,1.0
2764,-4.999999999999998,-4.999999999999998,50,None,0.9358649095892906,1.0
2765,-4.999999999999998,-4.999999999999998,50,None,0.9996352887153626,1.0
2766,-5.8,4.2,8,Villain,0.6129932003095746,1.0
2767,-4.999999999999998,-4.999999999999998,50,None,0.9281399347633124,1.0
2768,-6.199999999999999,3.8000000000000007,12,Villain,0.7536669770876566,1.0
2769,-4.999999999999998,-4.999999999999998,50,None,0.9197551390528679,1.0
2770,-5.699999999999999,4.300000000000001,7,Villain,0.9751062137739999,1.0
2771,-4.999999999999998,-4.999999999999998,50,None,0.987214024066925,1.0
2772,2.4999999999999996,-7.5,25,Hero,0.8997697675228119,1.0
2773,-4.999999999999998,-4.999999999999998,50,None,0.9940325045585632,1.0
2774,-4.999999999999998,-4.999999999999998,50,None,0.9930235564708709,1.0
2775,4.9,-5.1,1,Hero,0.9960148334503174,1.0
2776,-5.8999999999999995,4.1000000000000005,9,Villain,0.8074181609683566,1.0
2777,2.9,-7.1,21,Hero,0.6776075306392851,1.0
2778,0.5,-9.5,45,Hero,0.8817612459469173,1.0
2779,-5.8,4.2,8,Villain,0.8589508328586817,1.0
2780,-4.999999999999998,-4.999999999999998,50,None,0.9217860835790634,1.0
2781,-5.6,4.4,6,Villain,0.6199844678243002,1.0
2782,3.4000000000000004,-6.6,16,Hero,0.8230791976675391,1.0
2783,2.099999999999999,-7.9,29,Hero,0.7829323822054369,1.0
2784,4.1000000000000005,-5.8999999999999995,9,Hero,0.9995829264322916,1.0
2785,-8.0,1.9999999999999991,30,Villain,0.8037239083554596,1.0
2786,4.2,-5.8,8,Hero,0.9999682381749153,1.0
2787,-5.8,4.2,8,Villain,0.9395695179700851,1.0
2788,-4.999999999999998,-4.999999999999998,50,None,0.9185086748749017,1.0
2789,-4.999999999999998,-4.999999999999998,50,None,0.8746659102663398,1.0
2790,4.4,-5.6,6,Hero,0.9982421696186066,1.0
2791,0.20000000000000107,-9.799999999999999,48,Hero,0.9310082068744426,1.0
2792,-4.999999999999998,-4.999999999999998,50,None,0.8965742614865303,1.0
2793,-6.199999999999999,3.8000000000000007,12,Villain,0.7899482473731041,1.0
2794,-4.999999999999998,-4.999999999999998,50,None,0.8060649182647467,1.0
2795,-5.8999999999999995,4.1000000000000005,9,Villain,0.9921516312493218,1.0
2796,4.7,-5.3,3,Hero,0.9998621543248495,1.0
2797,-4.999999999999998,-4.999999999999998,50,None,0.904477570541203,1.0
2798,-5.6,4.4,6,Villain,0.8512676556905111,1.0
2799,-5.6,4.4,6,Villain,0.665630097190539,1.0
2800,1.4999999999999987,-8.500000000000002,35,Hero,0.8437698433973959,1.0
2801,4.9,-5.1,1,Hero,0.9987088441848755,1.0
2802,2.2999999999999994,-7.700000000000001,27,Hero,0.9134838543832302,1.0
2803,-4.999999999999998,-4.999999999999998,50,None,0.9418803296983242,1.0
2804,-6.199999999999999,3.8000000000000007,12,Villain,0.7792617902159691,1.0
2805,3.7,-6.3,13,Hero,0.7924866126133845,1.0
2806,-4.999999999999998,-4.999999999999998,50,None,0.894519594013691,1.0
2807,4.6000000000000005,-5.3999999999999995,4,Hero,0.999377116560936,1.0
2808,-5.3,4.7,3,Villain,0.7348319093386332,1.0
2809,4.4,-5.6,6,Hero,0.858093204597632,1.0
2810,3.9000000000000004,-6.1,11,Hero,0.8538874550299211,1.0
2811,3.7,-6.3,13,Hero,0.650935214299422,1.0
2812,4.1000000000000005,-5.8999999999999995,9,Hero,0.7460965580410428,1.0
2813,3.3,-6.7,17,Hero,0.7334042436936322,1.0
2814,1.0999999999999983,-8.900000000000002,39,Hero,0.8819877858727406,1.0
2815,3.2,-6.8,18,Hero,0.7919574975967407,1.0
2816,2.9,-7.1,21,Hero,0.7607219056004569,1.0
2817,4.6000000000000005,-5.3999999999999995,4,Hero,0.6571470126509666,1.0
2818,2.9,-7.1,21,Hero,0.7425442756641478,1.0
2819,3.8000000000000007,-6.199999999999999,12,Hero,0.7417435289050142,1.0
2820,0.3000000000000007,-9.7,47,Hero,0.8667935033110862,1.0
2821,4.7,-5.3,3,Hero,0.9984460671742758,1.0
2822,4.5,-5.5,5,Hero,0.7503651082515717,1.0
2823,3.8000000000000007,-6.199999999999999,12,Hero,0.6828599025805792,1.0
2824,3.0,-7.0,20,Hero,0.8267444547265768,1.0
2825,4.1000000000000005,-5.8999999999999995,9,Hero,0.7863322628868951,1.0
2826,3.3,-6.7,17,Hero,0.6902073967982741,1.0
2827,-5.699999999999999,4.300000000000001,7,Villain,0.9998149275779724,1.0
2828,3.2,-6.8,18,Hero,0.6838608607649803,1.0
2829,-5.699999999999999,4.300000000000001,7,Villain,0.9998265334538051,1.0
2830,3.4000000000000004,-6.6,16,Hero,0.6774031296372414,1.0
2831,3.7,-6.3,13,Hero,0.7361369052758584,1.0
2832,3.9000000000000004,-6.1,11,Hero,0.818721129135652,1.0
2833,4.800000000000001,-5.199999999999999,2,Hero,0.7778115272521973,1.0
2834,3.4000000000000004,-6.6,16,Hero,0.819090336561203,1.0
2835,4.0,-6.0,10,Hero,0.7520358979701995,1.0
2836,3.2,-6.8,18,Hero,0.8267924735943476,1.0
2837,-5.8,4.2,8,Villain,0.7792595867067575,1.0
2838,4.300000000000001,-5.699999999999999,7,Hero,0.886812014239175,1.0
2839,4.0,-6.0,10,Hero,0.9225874930620194,1.0
2840,3.7,-6.3,13,Hero,0.8237340908784133,1.0
2841,4.5,-5.5,5,Hero,0.7093888819217682,1.0
2842,4.4,-5.6,6,Hero,0.9111299912134806,1.0
2843,4.4,-5.6,6,Hero,0.568974337230126,1.0
2844,4.7,-5.3,3,Hero,0.9755767782529196,1.0
2845,3.0999999999999996,-6.9,19,Hero,0.711137299474917,1.0
2846,4.0,-6.0,10,Hero,0.8229293882846832,1.0
2847,3.8000000000000007,-6.199999999999999,12,Hero,0.8392746560275555,1.0
2848,4.1000000000000005,-5.8999999999999995,9,Hero,0.6601819511916902,1.0
2849,4.300000000000001,-5.699999999999999,7,Hero,0.6918203064373561,1.0
2850,3.5,-6.5,15,Hero,0.8183889379103978,1.0
2851,4.2,-5.8,8,Hero,0.7372870445251465,1.0
2852,3.9000000000000004,-6.1,11,Hero,0.8041691346602007,1.0
2853,4.4,-5.6,6,Hero,0.7355798703307906,1.0
2854,3.8000000000000007,-6.199999999999999,12,Hero,0.7421844340860844,1.0
2855,3.7,-6.3,13,Hero,0.6579815596342087,1.0
2856,4.0,-6.0,10,Hero,0.8918584704399108,1.0
2857,4.0,-6.0,10,Hero,0.8194420784711838,1.0
2858,4.5,-5.5,5,Hero,0.9929414629936218,1.0
2859,3.9000000000000004,-6.1,11,Hero,0.8849833499301564,1.0
2860,3.3,-6.7,17,Hero,0.6964709820116267,1.0
2861,4.0,-6.0,10,Hero,0.8257513701915741,1.0
2862,4.1000000000000005,-5.8999999999999995,9,Hero,0.7630215717686547,1.0
2863,-5.6,4.4,6,Villain,0.9987947146097819,1.0
2864,4.0,-6.0,10,Hero,0.761030325293541,1.0
2865,4.300000000000001,-5.699999999999999,7,Hero,0.9963958859443665,1.0
2866,3.6000000000000005,-6.3999999999999995,14,Hero,0.6572132988699845,1.0
2867,4.0,-6.0,10,Hero,0.41578805167227983,1.0
2868,4.2,-5.8,8,Hero,0.8210792746394873,1.0
2869,4.300000000000001,-5.699999999999999,7,Hero,0.8299499196665627,1.0
2870,3.7,-6.3,13,Hero,0.7961355310219985,1.0
2871,3.4000000000000004,-6.6,16,Hero,0.8332635955885053,1.0
2872,3.9000000000000004,-6.1,11,Hero,0.8020245134830475,1.0
2873,3.5,-6.5,15,Hero,0.7822061508893967,1.0
2874,4.7,-5.3,3,Hero,0.7368094722429911,1.0
2875,4.0,-6.0,10,Hero,0.7569540917873383,1.0
2876,4.1000000000000005,-5.8999999999999995,9,Hero,0.7969168755743239,1.0
2877,3.9000000000000004,-6.1,11,Hero,0.725047769871625,1.0
2878,3.8000000000000007,-6.199999999999999,12,Hero,0.7346937308708826,1.0
2879,4.1000000000000005,-5.8999999999999995,9,Hero,0.998409370581309,1.0
2880,-5.199999999999999,4.800000000000001,2,Villain,0.9989030063152313,1.0
2881,3.5,-6.5,15,Hero,0.8124976634979248,1.0
2882,3.7,-6.3,13,Hero,0.7938227332555331,1.0
2883,3.4000000000000004,-6.6,16,Hero,0.7937167268246412,1.0
2884,4.7,-5.3,3,Hero,0.9188788135846456,1.0
2885,3.8000000000000007,-6.199999999999999,12,Hero,0.8778379646440347,1.0
2886,4.0,-6.0,10,Hero,0.9658318340778351,1.0
2887,4.1000000000000005,-5.8999999999999995,9,Hero,0.7400379512045119,1.0
2888,4.4,-5.6,6,Hero,0.9975555837154388,1.0
2889,4.4,-5.6,6,Hero,0.6157190402348837,1.0
2890,4.4,-5.6,6,Hero,0.9777417580286661,1.0
2891,3.6000000000000005,-6.3999999999999995,14,Hero,0.7763631059122937,1.0
2892,3.7,-6.3,13,Hero,0.7479353469724839,1.0
2893,3.5,-6.5,15,Hero,0.7834695150454839,1.0
2894,4.4,-5.6,6,Hero,0.8326443700740734,1.0
2895,3.8000000000000007,-6.199999999999999,12,Hero,0.8879768451054891,1.0
2896,4.5,-5.5,5,Hero,0.805677843093872,1.0
2897,4.0,-6.0,10,Hero,0.7229170233011246,1.0
2898,3.7,-6.3,13,Hero,0.6661738260434225,1.0
2899,3.8000000000000007,-6.199999999999999,12,Hero,0.7941133019824823,1.0
2900,-5.699999999999999,4.300000000000001,7,Villain,0.7709477075508663,1.0
2901,4.5,-5.5,5,Hero,0.8584671318531036,1.0
2902,4.1000000000000005,-5.8999999999999995,9,Hero,0.8350349929597642,1.0
2903,3.7,-6.3,13,Hero,0.6644875825597689,1.0
2904,3.0,-7.0,20,Hero,0.7674719285219908,1.0
2905,4.2,-5.8,8,Hero,0.8512453958392143,1.0
2906,3.8000000000000007,-6.199999999999999,12,Hero,0.822306493918101,1.0
2907,3.5,-6.5,15,Hero,0.7204896509647369,1.0
2908,3.8000000000000007,-6.199999999999999,12,Hero,0.654957597454389,1.0
2909,4.1000000000000005,-5.8999999999999995,9,Hero,0.8124624391396841,1.0
2910,3.9000000000000004,-6.1,11,Hero,0.8368875032121484,1.0
2911,4.1000000000000005,-5.8999999999999995,9,Hero,0.6896415319707658,1.0
2912,4.4,-5.6,6,Hero,0.7853940029939016,1.0
2913,4.2,-5.8,8,Hero,0.8070402238518,1.0
2914,3.0,-7.0,20,Hero,0.6427758410573006,1.0
2915,4.6000000000000005,-5.3999999999999995,4,Hero,0.7218076288700104,1.0
2916,4.6000000000000005,-5.3999999999999995,4,Hero,0.8635044544935226,1.0
2917,3.6000000000000005,-6.3999999999999995,14,Hero,0.7310628518462181,1.0
2918,4.0,-6.0,10,Hero,0.7536798372864724,1.0
2919,4.7,-5.3,3,Hero,0.9848875602086385,1.0
2920,4.0,-6.0,10,Hero,0.8899078786373138,1.0
2921,4.2,-5.8,8,Hero,0.9585852921009064,1.0
2922,4.1000000000000005,-5.8999999999999995,9,Hero,0.8684703823592927,1.0
2923,4.5,-5.5,5,Hero,0.6989669486880302,1.0
2924,4.300000000000001,-5.699999999999999,7,Hero,0.8151501225573676,1.0
2925,4.9,-5.1,1,Hero,0.4116455018520355,1.0
2926,3.8000000000000007,-6.199999999999999,12,Hero,0.7662391364574432,1.0
2927,3.7,-6.3,13,Hero,0.7784620133730081,1.0
2928,3.0999999999999996,-6.9,19,Hero,0.744289860913628,1.0
2929,3.4000000000000004,-6.6,16,Hero,0.7506798161193728,1.0
2930,4.2,-5.8,8,Hero,0.7602336630225182,1.0
2931,3.7,-6.3,13,Hero,0.7121492738907154,1.0
2932,4.1000000000000005,-5.8999999999999995,9,Hero,0.840663911567794,1.0
2933,3.6000000000000005,-6.3999999999999995,14,Hero,0.7093862508024488,1.0
2934,3.7,-6.3,13,Hero,0.8392634368859805,1.0
2935,3.5,-6.5,15,Hero,0.6894447773694992,1.0
2936,4.6000000000000005,-5.3999999999999995,4,Hero,0.9950897842645645,1.0
2937,3.5,-6.5,15,Hero,0.8496916731198628,1.0
2938,3.2,-6.8,18,Hero,0.7135353767209582,1.0
2939,4.0,-6.0,10,Hero,0.711120105534792,1.0
2940,4.4,-5.6,6,Hero,0.6463914116223654,1.0
2941,4.1000000000000005,-5.8999999999999995,9,Hero,0.7947507699330648,1.0
2942,3.5,-6.5,15,Hero,0.7580963601668675,1.0
2943,4.1000000000000005,-5.8999999999999995,9,Hero,0.7587105300691392,1.0
2944,4.0,-6.0,10,Hero,0.8066281527280807,1.0
2945,4.6000000000000005,-5.3999999999999995,4,Hero,0.7976843565702438,1.0
2946,4.4,-5.6,6,Hero,0.6863006204366684,1.0
2947,4.2,-5.8,8,Hero,0.8122113021090627,1.0
2948,-5.199999999999999,4.800000000000001,2,Villain,0.9999872446060181,1.0
2949,3.7,-6.3,13,Hero,0.7433804287933387,1.0
2950,4.300000000000001,-5.699999999999999,7,Hero,0.7336157858371735,1.0
2951,3.2,-6.8,18,Hero,0.7654155873590045,1.0
2952,2.6999999999999997,-7.300000000000001,23,Hero,0.744288885075113,1.0
2953,3.2,-6.8,18,Hero,0.7733084758122762,1.0
2954,4.1000000000000005,-5.8999999999999995,9,Hero,0.661233170164956,1.0
2955,3.9000000000000004,-6.1,11,Hero,0.7180113142186945,1.0
2956,3.4000000000000004,-6.6,16,Hero,0.827214676886797,1.0
2957,3.2,-6.8,18,Hero,0.7908954115377532,1.0
2958,3.5,-6.5,15,Hero,0.8523816188176473,1.0
2959,3.9000000000000004,-6.1,11,Hero,0.8620892519300635,1.0
2960,4.300000000000001,-5.699999999999999,7,Hero,0.6384051144123077,1.0
2961,3.5,-6.5,15,Hero,0.7897860765457153,1.0
2962,4.5,-5.5,5,Hero,0.8838666558265686,1.0
2963,3.5,-6.5,15,Hero,0.8299831469853719,1.0
2964,4.300000000000001,-5.699999999999999,7,Hero,0.8118872152907508,1.0
2965,4.4,-5.6,6,Hero,0.7934859196345011,1.0
2966,3.7,-6.3,13,Hero,0.6711221658266507,1.0
2967,3.0999999999999996,-6.9,19,Hero,0.7398581144056822,1.0
2968,4.1000000000000005,-5.8999999999999995,9,Hero,0.9148584438694848,1.0
2969,4.300000000000001,-5.699999999999999,7,Hero,0.8297713569232396,1.0
2970,3.7,-6.3,13,Hero,0.7429370605028592,1.0
2971,4.0,-6.0,10,Hero,0.7214115735143423,1.0
2972,3.9000000000000004,-6.1,11,Hero,0.7187110185623169,1.0
2973,3.5,-6.5,15,Hero,0.8103465845187505,1.0
2974,4.2,-5.8,8,Hero,0.854879230260849,1.0
2975,3.8000000000000007,-6.199999999999999,12,Hero,0.6515390798449516,1.0
2976,4.2,-5.8,8,Hero,0.8144197501242161,1.0
2977,4.800000000000001,-5.199999999999999,2,Hero,0.9496225416660309,1.0
2978,4.2,-5.8,8,Hero,0.9418717250227928,1.0
2979,4.800000000000001,-5.199999999999999,2,Hero,0.9944817125797272,1.0
2980,4.7,-5.3,3,Hero,0.6375908454259237,1.0
2981,4.7,-5.3,3,Hero,0.8537039359410604,1.0
2982,4.6000000000000005,-5.3999999999999995,4,Hero,0.8638069182634354,1.0
2983,4.2,-5.8,8,Hero,0.6337743243202567,1.0
2984,3.5,-6.5,15,Hero,0.8375520388285319,1.0
2985,3.9000000000000004,-6.1,11,Hero,0.9320973482998934,1.0
2986,3.9000000000000004,-6.1,11,Hero,0.8431175432421945,1.0
2987,4.9,-5.1,1,Hero,0.8850940465927124,1.0
2988,3.4000000000000004,-6.6,16,Hero,0.6705119973048568,1.0
2989,3.4000000000000004,-6.6,16,Hero,0.7975133825093508,1.0
2990,4.2,-5.8,8,Hero,0.8339678887277842,1.0
2991,3.5,-6.5,15,Hero,0.8656968136628469,1.0
2992,4.0,-6.0,10,Hero,0.8670982480049133,1.0
2993,3.8000000000000007,-6.199999999999999,12,Hero,0.7868557957311472,1.0
2994,4.800000000000001,-5.199999999999999,2,Hero,0.8862009644508362,1.0
2995,4.1000000000000005,-5.8999999999999995,9,Hero,0.7304457550247511,1.0
2996,4.4,-5.6,6,Hero,0.9979523917039236,1.0
2997,4.4,-5.6,6,Hero,0.9989280104637146,1.0
2998,4.2,-5.8,8,Hero,0.9870508685708046,1.0
2999,3.0999999999999996,-6.9,19,Hero,0.7553455860991227,1.0
3000,3.0,-7.0,20,Hero,0.7906816385686397,1.0
