episode,hero_reward,villain_reward,steps,winner,hero_avg_prob,villain_avg_prob
1,-5.3999999999999995,4.6000000000000005,4,Villain,0.3226255960762501,0.6021454930305481
2,-4.999999999999998,-4.999999999999998,50,None,0.6518944306671619,0.5994760048110038
3,-4.999999999999998,-4.999999999999998,50,None,0.5762687899917364,0.869943359233439
4,-5.199999999999999,4.800000000000001,2,Villain,0.4449145458638668,0.9382214844226837
5,-5.8999999999999995,4.1000000000000005,9,Villain,0.2851431427730454,0.3734838854935434
6,-4.999999999999998,-4.999999999999998,50,None,0.7818788546696305,0.7183551054820418
7,-4.999999999999998,-4.999999999999998,50,None,0.9374957132339478,0.77855677947402
8,-4.999999999999998,-4.999999999999998,50,None,0.6134779705107212,0.8289514967054129
9,-4.999999999999998,-4.999999999999998,50,None,0.856089923903346,0.6585059867799282
10,-5.1,4.9,1,Villain,0.6565226316452026,0.9331498146057129
11,4.4,-5.6,6,Hero,0.8847627143065134,0.567785382270813
12,-4.999999999999998,-4.999999999999998,50,None,0.8340154742449521,0.526722748875618
13,-4.999999999999998,-4.999999999999998,50,None,0.8847484420984983,0.5721936383098364
14,-4.999999999999998,-4.999999999999998,50,None,0.9762743377685547,0.4294822123646736
15,-4.999999999999998,-4.999999999999998,50,None,0.9438662137091159,0.43323617935180664
16,-4.999999999999998,-4.999999999999998,50,None,0.9640062010288238,0.39353635907173157
17,-4.999999999999998,-4.999999999999998,50,None,0.8664487045072019,0.7527200149744749
18,-4.999999999999998,-4.999999999999998,50,None,0.8948212334886193,0.7988074344024062
19,-4.999999999999998,-4.999999999999998,50,None,0.6510126768797636,0.9532246921956539
20,-4.999999999999998,-4.999999999999998,50,None,0.8467395451664924,0.7495097213238477
21,-4.999999999999998,-4.999999999999998,50,None,0.576838409435004,0.9505349079705775
22,-4.999999999999998,-4.999999999999998,50,None,0.8733977027237415,0.805036581158638
23,-4.999999999999998,-4.999999999999998,50,None,0.6597853821516036,0.9602675367239862
24,4.1000000000000005,-5.8999999999999995,9,Hero,0.98163902759552,0.5300231294499503
25,-4.999999999999998,-4.999999999999998,50,None,0.9629353660345078,0.6800189811736346
26,-4.999999999999998,-4.999999999999998,50,None,0.8884387212619186,0.7359348251018674
27,-4.999999999999998,-4.999999999999998,50,None,0.8843251209706068,0.7677799360454083
28,-4.999999999999998,-4.999999999999998,50,None,0.860372300092131,0.7491080674156546
29,-4.999999999999998,-4.999999999999998,50,None,0.8057082013599575,0.8700857820361853
30,-4.999999999999998,-4.999999999999998,50,None,0.9057060092594474,0.5904984536767006
31,-4.999999999999998,-4.999999999999998,50,None,0.9601555338734761,0.6324894067645073
32,-4.999999999999998,-4.999999999999998,50,None,0.9017230777442455,0.796804166957736
33,4.6000000000000005,-5.3999999999999995,4,Hero,0.9920791983604431,0.92018061876297
34,-4.999999999999998,-4.999999999999998,50,None,0.9547035216260702,0.7508045329898596
35,-4.999999999999998,-4.999999999999998,50,None,0.8659970122203231,0.9319661254622043
36,-6.3,3.7,13,Villain,0.2813093329851444,0.8099181056022644
37,-6.6,3.4000000000000004,16,Villain,0.687340596690774,0.9928949847817421
38,-4.999999999999998,-4.999999999999998,50,None,0.5914986474625766,0.9978715407848359
39,4.300000000000001,-5.699999999999999,7,Hero,0.9959044371332441,0.38761124786521706
40,4.300000000000001,-5.699999999999999,7,Hero,0.9963515996932983,0.499991706439427
41,-4.999999999999998,-4.999999999999998,50,None,0.679311516918242,0.9641831092536449
42,-4.999999999999998,-4.999999999999998,50,None,0.8850934486836195,0.9693864842504263
43,-4.999999999999998,-4.999999999999998,50,None,0.928307720394805,0.9972482895851136
44,-4.999999999999998,-4.999999999999998,50,None,0.9615573832392692,0.8908777169045061
45,-4.999999999999998,-4.999999999999998,50,None,0.9467850474175066,0.946848811507225
46,-4.999999999999998,-4.999999999999998,50,None,0.9209925069753081,0.8943106347508728
47,-4.999999999999998,-4.999999999999998,50,None,0.9944587934017182,0.8456997348368168
48,-6.3999999999999995,3.6000000000000005,14,Villain,0.4143601522914001,0.9976972596985954
49,-4.999999999999998,-4.999999999999998,50,None,0.9730111038684846,0.9166033624857665
50,-5.5,4.5,5,Villain,0.4825448140501976,0.9790020227432251
51,-4.999999999999998,-4.999999999999998,50,None,0.991119167804718,0.9454100251942873
52,-4.999999999999998,-4.999999999999998,50,None,0.9725960721820592,0.9492677934095264
53,-4.999999999999998,-4.999999999999998,50,None,0.9935001289844513,0.7713385546207427
54,-4.999999999999998,-4.999999999999998,50,None,0.9571841274853796,0.9407259600330145
55,-4.999999999999998,-4.999999999999998,50,None,0.9925669312477112,0.7838573774322868
56,-4.999999999999998,-4.999999999999998,50,None,0.8812153610028326,0.9992033350467682
57,-4.999999999999998,-4.999999999999998,50,None,0.7826044183969497,0.9992959713935852
58,-4.999999999999998,-4.999999999999998,50,None,0.752904187142849,0.9997449541091918
59,4.800000000000001,-5.199999999999999,2,Hero,0.9983345866203308,0.7242307364940643
60,-4.999999999999998,-4.999999999999998,50,None,0.9355746996402741,0.9948142409324646
61,4.800000000000001,-5.199999999999999,2,Hero,0.997367799282074,0.9939420223236084
62,-4.999999999999998,-4.999999999999998,50,None,0.9893744790554047,0.992254159450531
63,-4.999999999999998,-4.999999999999998,50,None,0.8792650100961328,0.999295346736908
64,-9.799999999999999,0.20000000000000107,48,Villain,0.7757606957263002,0.9996664536496004
65,-4.999999999999998,-4.999999999999998,50,None,0.9634557216055691,0.9574490243382752
66,-5.199999999999999,4.800000000000001,2,Villain,0.5689977407455444,0.9168685078620911
67,4.6000000000000005,-5.3999999999999995,4,Hero,0.9964801073074341,0.9968494474887848
68,4.9,-5.1,1,Hero,0.9959428906440735,0.9984038472175598
69,-4.999999999999998,-4.999999999999998,50,None,0.40999766856431963,0.9887981200218201
70,-4.999999999999998,-4.999999999999998,50,None,0.8799164567142725,0.9998997807502746
71,-4.999999999999998,-4.999999999999998,50,None,0.6359138559177517,0.999903472661972
72,-4.999999999999998,-4.999999999999998,50,None,0.7110597009863704,0.9631956885010005
73,-4.999999999999998,-4.999999999999998,50,None,0.8478883486241102,0.9997298729419708
74,-4.999999999999998,-4.999999999999998,50,None,0.39270822048187254,0.9995351362228394
75,-4.999999999999998,-4.999999999999998,50,None,0.8271238404139877,0.9994752275943756
76,-4.999999999999998,-4.999999999999998,50,None,0.5434498291835189,0.9999175190925598
77,-4.999999999999998,-4.999999999999998,50,None,0.8304205582290888,0.9720651982724666
78,-4.999999999999998,-4.999999999999998,50,None,0.8216548373177648,0.9994526982307435
79,-4.999999999999998,-4.999999999999998,50,None,0.438929517865181,0.9976801633834839
80,-4.999999999999998,-4.999999999999998,50,None,0.455261477380991,0.9999493217468262
81,-4.999999999999998,-4.999999999999998,50,None,0.9028442416340112,0.99917475938797
82,-4.999999999999998,-4.999999999999998,50,None,0.7555451022088527,0.9986543202400208
83,-7.2,2.8,22,Villain,0.37460392341017723,0.9985190386121924
84,-4.999999999999998,-4.999999999999998,50,None,0.6158253712952138,0.9994270348548889
85,-4.999999999999998,-4.999999999999998,50,None,0.36524064376950266,0.9999836444854736
86,-4.999999999999998,-4.999999999999998,50,None,0.49294584974646566,0.9999010145664216
87,-4.999999999999998,-4.999999999999998,50,None,0.5634645786136389,0.9996745336055756
88,-4.999999999999998,-4.999999999999998,50,None,0.4445723544061184,0.9999275922775268
89,-4.999999999999998,-4.999999999999998,50,None,0.7271102822571993,0.9993716633319855
90,-4.999999999999998,-4.999999999999998,50,None,0.8245161999203264,0.9621374620497227
91,-4.999999999999998,-4.999999999999998,50,None,0.7310863877367229,0.9438033938407898
92,-4.999999999999998,-4.999999999999998,50,None,0.9045179971773177,0.996358472108841
93,-4.999999999999998,-4.999999999999998,50,None,0.5022280509024859,0.9998819625377655
94,2.4999999999999996,-7.5,25,Hero,0.4922029735147953,0.9996514797210694
95,-4.999999999999998,-4.999999999999998,50,None,0.4205312616378069,0.9999717378616333
96,3.9000000000000004,-6.1,11,Hero,0.5377434295686808,0.9974086122079329
97,-4.999999999999998,-4.999999999999998,50,None,0.8774336399137974,0.9994729137420655
98,-4.999999999999998,-4.999999999999998,50,None,0.9047333949804306,0.9970153665542603
99,4.9,-5.1,1,Hero,0.9886111617088318,0.9995855689048767
100,-4.999999999999998,-4.999999999999998,50,None,0.8632807429134846,0.9998976469039917
101,2.6999999999999997,-7.300000000000001,23,Hero,0.6472370435848184,0.9536251266507189
102,-4.999999999999998,-4.999999999999998,50,None,0.9558572633564473,0.9992683815956116
103,4.4,-5.6,6,Hero,0.9859940409660339,0.9940576155980428
104,-4.999999999999998,-4.999999999999998,50,None,0.990285017490387,0.9773221012763679
105,-4.999999999999998,-4.999999999999998,50,None,0.7882502326369285,0.9998263347148896
106,-4.999999999999998,-4.999999999999998,50,None,0.9064753605425357,0.999559018611908
107,4.6000000000000005,-5.3999999999999995,4,Hero,0.7427623234689236,0.9995794743299484
108,-4.999999999999998,-4.999999999999998,50,None,0.8206741297990083,0.9992786848545074
109,2.3999999999999995,-7.6000000000000005,26,Hero,0.6148345219687774,0.9999490976333618
110,4.6000000000000005,-5.3999999999999995,4,Hero,0.9758426398038864,0.9907669872045517
111,-4.999999999999998,-4.999999999999998,50,None,0.8556928524747491,0.9997060477733613
112,-4.999999999999998,-4.999999999999998,50,None,0.6973385722935199,0.9976744031906128
113,4.4,-5.6,6,Hero,0.6592185846529901,0.9993843237559
114,-4.999999999999998,-4.999999999999998,50,None,0.725990207446739,0.9994738316535949
115,-4.999999999999998,-4.999999999999998,50,None,0.7656727942824364,0.9997739601135254
116,2.6999999999999997,-7.300000000000001,23,Hero,0.6193725505600804,0.9992753474608712
117,3.5,-6.5,15,Hero,0.4866257960597674,0.9983102242151897
118,3.4000000000000004,-6.6,16,Hero,0.5413407860323787,0.929082483286038
119,4.300000000000001,-5.699999999999999,7,Hero,0.6093196230275291,0.9992249352591378
120,0.8999999999999986,-9.100000000000001,41,Hero,0.7980664857640499,0.9994066212235427
121,3.0999999999999996,-6.9,19,Hero,0.7983259021451599,0.9986813225244221
122,2.6999999999999997,-7.300000000000001,23,Hero,0.6816052146579908,0.999515932539235
123,4.1000000000000005,-5.8999999999999995,9,Hero,0.5676987833446927,0.9943156441052755
124,2.1999999999999993,-7.800000000000001,28,Hero,0.6814919167331287,0.9988658066306796
125,3.2,-6.8,18,Hero,0.5495385527610779,0.9895700116952261
126,3.3,-6.7,17,Hero,0.5166539795258466,0.9849881109069375
127,4.1000000000000005,-5.8999999999999995,9,Hero,0.5127168628904555,0.9999853240119086
128,2.6999999999999997,-7.300000000000001,23,Hero,0.647617035585901,0.9967944207398788
129,2.8,-7.2,22,Hero,0.5482576001774181,0.9985590577125549
130,2.4999999999999996,-7.5,25,Hero,0.6169956028461456,0.9998663711547852
131,2.8,-7.2,22,Hero,0.6615867045792666,0.9998052011836659
132,3.7,-6.3,13,Hero,0.5700411418309579,0.999993370129512
133,3.8000000000000007,-6.199999999999999,12,Hero,0.5139323572317759,0.9999793569246928
134,3.5,-6.5,15,Hero,0.5997774223486583,0.9999823967615763
135,4.5,-5.5,5,Hero,0.5197576820850373,0.9998966693878174
136,4.1000000000000005,-5.8999999999999995,9,Hero,0.5037982331381904,0.9999770985709296
137,3.2,-6.8,18,Hero,0.5464891675445769,0.9990707900789049
138,3.2,-6.8,18,Hero,0.5939058545562956,0.9999896354145474
139,0.9999999999999982,-9.000000000000002,40,Hero,0.7257276279386133,0.999719750881195
140,3.8000000000000007,-6.199999999999999,12,Hero,0.5029636671145757,0.9995478938023249
141,3.6000000000000005,-6.3999999999999995,14,Hero,0.5720195376447269,0.9989791299615588
142,3.5,-6.5,15,Hero,0.567009162902832,0.9835853616396586
143,1.899999999999999,-8.100000000000001,31,Hero,0.610690091526316,0.9996920054958712
144,4.0,-6.0,10,Hero,0.669241064786911,0.974027955532074
145,4.4,-5.6,6,Hero,0.41860218346118927,0.9998310705025991
146,2.5999999999999996,-7.4,24,Hero,0.5615465609977642,0.9999990661938986
147,3.9000000000000004,-6.1,11,Hero,0.555534156886014,0.999995079907504
148,2.8,-7.2,22,Hero,0.6485415981574492,0.9999925819310275
149,3.0,-7.0,20,Hero,0.6340240716934205,0.9999988973140717
150,3.6000000000000005,-6.3999999999999995,14,Hero,0.5065061002969742,0.9977021047047206
151,3.8000000000000007,-6.199999999999999,12,Hero,0.500459889570872,0.9932421346505483
152,4.6000000000000005,-5.3999999999999995,4,Hero,0.4764479547739029,0.9999846518039703
153,4.5,-5.5,5,Hero,0.716071891784668,0.9999279737472534
154,3.8000000000000007,-6.199999999999999,12,Hero,0.6182349274555842,0.9997234791517258
155,3.0999999999999996,-6.9,19,Hero,0.46078238936254484,0.9442375365546659
156,3.3,-6.7,17,Hero,0.5223092033582575,0.9988657691899467
157,4.5,-5.5,5,Hero,0.5702041745185852,0.999625051021576
158,3.9000000000000004,-6.1,11,Hero,0.5058405345136469,0.9999811974438754
159,3.8000000000000007,-6.199999999999999,12,Hero,0.5519821296135584,0.9999030381441116
160,4.7,-5.3,3,Hero,0.8089985052744547,0.9999960660934448
161,4.9,-5.1,1,Hero,0.9062621593475342,0.9999983310699463
162,3.0,-7.0,20,Hero,0.8237632974982262,0.9999088257551193
163,2.2999999999999994,-7.700000000000001,27,Hero,0.6114220740618529,0.9999937128137659
164,-4.999999999999998,-4.999999999999998,50,None,0.807289752215147,0.999992311000824
165,3.0999999999999996,-6.9,19,Hero,0.6637289775045294,0.9999226959128129
166,-4.999999999999998,-4.999999999999998,50,None,0.9107609461992979,0.999998710155487
167,4.0,-6.0,10,Hero,0.6842407330870628,0.9999144911766052
168,2.2999999999999994,-7.700000000000001,27,Hero,0.7060679699535723,0.9999991081379078
169,1.799999999999999,-8.200000000000001,32,Hero,0.6433882736600935,0.9999983310699463
170,4.0,-6.0,10,Hero,0.6827543437480926,0.9999529480934143
171,3.3,-6.7,17,Hero,0.559928462785833,0.9998915300649756
172,4.0,-6.0,10,Hero,0.6028713703155517,0.9995927214622498
173,4.6000000000000005,-5.3999999999999995,4,Hero,0.6857215762138367,0.9999995231628418
174,4.9,-5.1,1,Hero,0.7932322025299072,0.9999964237213135
175,2.8,-7.2,22,Hero,0.5435847030444578,0.9999631968411532
176,3.4000000000000004,-6.6,16,Hero,0.4957623486407101,0.9999630153179169
177,3.8000000000000007,-6.199999999999999,12,Hero,0.5645707547664642,0.9989490906397501
178,3.2,-6.8,18,Hero,0.6028375501434008,0.9999978873464797
179,2.1999999999999993,-7.800000000000001,28,Hero,0.7020294623715537,0.9999844857624599
180,3.7,-6.3,13,Hero,0.7868306040763855,0.9999936177180364
181,3.4000000000000004,-6.6,16,Hero,0.5077245240099728,0.9984932169318199
182,3.7,-6.3,13,Hero,0.625120127430329,0.9999992847442627
183,3.5,-6.5,15,Hero,0.5394875566164653,0.9891521612803141
184,4.1000000000000005,-5.8999999999999995,9,Hero,0.5594786802927653,0.9999639987945557
185,3.7,-6.3,13,Hero,0.5997213096572802,0.9967775482397813
186,3.8000000000000007,-6.199999999999999,12,Hero,0.6531021942694982,0.99950110912323
187,4.0,-6.0,10,Hero,0.8366138130426407,0.9999661445617676
188,3.6000000000000005,-6.3999999999999995,14,Hero,0.5647416082876069,0.9969059910093035
189,4.5,-5.5,5,Hero,0.9072647213935852,0.9999120235443115
190,4.2,-5.8,8,Hero,0.76776372641325,0.9999720454216003
191,4.2,-5.8,8,Hero,0.9804283827543259,0.9998672008514404
192,4.5,-5.5,5,Hero,0.6549296498298645,0.9999989986419677
193,4.5,-5.5,5,Hero,0.5840803623199463,0.9999738931655884
194,3.6000000000000005,-6.3999999999999995,14,Hero,0.6937898754009179,0.9967799058982304
195,3.7,-6.3,13,Hero,0.7286701855751184,0.9999324541825515
196,3.9000000000000004,-6.1,11,Hero,0.7282579798590053,0.9999709562821821
197,3.9000000000000004,-6.1,11,Hero,0.8553675413131714,0.9998834024776112
198,4.0,-6.0,10,Hero,0.7640283688902855,0.9979345977306366
199,4.800000000000001,-5.199999999999999,2,Hero,0.986913651227951,0.9999995827674866
200,4.2,-5.8,8,Hero,0.5693182982504368,0.9999979585409164
201,4.0,-6.0,10,Hero,0.8347314298152924,0.9999880194664001
202,3.8000000000000007,-6.199999999999999,12,Hero,0.5815953078369299,0.9999529918034872
203,3.5,-6.5,15,Hero,0.5875993996858597,0.9954459031422933
204,4.2,-5.8,8,Hero,0.5610595420002937,0.999998614192009
205,4.2,-5.8,8,Hero,0.7002734690904617,0.9999281018972397
206,3.2,-6.8,18,Hero,0.6112259965803888,0.9977221853203244
207,4.4,-5.6,6,Hero,0.7241373062133789,0.9999464948972067
208,4.0,-6.0,10,Hero,0.8811731308698654,0.999916958808899
209,4.7,-5.3,3,Hero,0.6651128530502319,0.9999379316965739
210,3.6000000000000005,-6.3999999999999995,14,Hero,0.6368722394108772,0.9999895777021136
211,3.4000000000000004,-6.6,16,Hero,0.5308469239389524,0.9975983649492264
212,3.9000000000000004,-6.1,11,Hero,0.6834956461733038,0.9999767433513295
213,4.0,-6.0,10,Hero,0.8519474327564239,0.9999745726585388
214,4.9,-5.1,1,Hero,0.9559583067893982,0.9999960660934448
215,3.4000000000000004,-6.6,16,Hero,0.5618152287206613,0.9985499382019043
216,4.800000000000001,-5.199999999999999,2,Hero,0.9167217910289764,0.9999809265136719
217,3.7,-6.3,13,Hero,0.5760862391728622,0.9999982852202195
218,3.7,-6.3,13,Hero,0.6476772186847833,0.9999955067267785
219,3.3,-6.7,17,Hero,0.5262426453478196,0.9964927645290599
220,4.300000000000001,-5.699999999999999,7,Hero,0.6619229699884143,0.999996508870806
221,4.0,-6.0,10,Hero,0.5989365607500077,0.9999840736389161
222,4.2,-5.8,8,Hero,0.6019516736268997,0.9999751895666122
223,4.6000000000000005,-5.3999999999999995,4,Hero,0.5547024607658386,0.9999998211860657
224,4.5,-5.5,5,Hero,0.6537585139274598,0.9999673366546631
225,3.0,-7.0,20,Hero,0.5488607361912727,0.999991774559021
226,3.6000000000000005,-6.3999999999999995,14,Hero,0.6114483869501522,0.9999994465282985
227,4.300000000000001,-5.699999999999999,7,Hero,0.9296212281499591,1.0
228,4.1000000000000005,-5.8999999999999995,9,Hero,0.8005751503838433,0.9999996423721313
229,3.9000000000000004,-6.1,11,Hero,0.7986123751510273,0.9999954375353727
230,3.4000000000000004,-6.6,16,Hero,0.6906337074615294,0.9998058900237083
231,4.2,-5.8,8,Hero,0.9855273887515068,0.9999968260526657
232,4.2,-5.8,8,Hero,0.6136420667171478,0.999973326921463
233,4.0,-6.0,10,Hero,0.6126381292939186,0.9999999165534973
234,4.0,-6.0,10,Hero,0.6244734317064286,1.0
235,3.3,-6.7,17,Hero,0.5207254672970842,0.9999985133900362
236,3.8000000000000007,-6.199999999999999,12,Hero,0.6026727874996141,0.999982088804245
237,4.2,-5.8,8,Hero,0.585856419056654,0.9999987483024597
238,3.8000000000000007,-6.199999999999999,12,Hero,0.7488896995782852,1.0
239,3.6000000000000005,-6.3999999999999995,14,Hero,0.6452353543468884,0.9999349883624485
240,4.6000000000000005,-5.3999999999999995,4,Hero,0.5833275467157364,1.0
241,4.1000000000000005,-5.8999999999999995,9,Hero,0.6108824180232154,1.0
242,3.4000000000000004,-6.6,16,Hero,0.597450508736074,0.9999970272183418
243,4.0,-6.0,10,Hero,0.6615175485610962,0.9999999403953552
244,3.6000000000000005,-6.3999999999999995,14,Hero,0.6172616141183036,0.9999808030469077
245,4.0,-6.0,10,Hero,0.6408026844263077,0.9999999523162841
246,3.3,-6.7,17,Hero,0.5839100199587205,0.9994905065087711
247,3.9000000000000004,-6.1,11,Hero,0.6112237897786227,0.9999992522326383
248,3.2,-6.8,18,Hero,0.5993524384167459,1.0
249,4.0,-6.0,10,Hero,0.6870054602622986,1.0
250,4.300000000000001,-5.699999999999999,7,Hero,0.6515794140951974,1.0
251,4.4,-5.6,6,Hero,0.6911166310310364,1.0
252,4.6000000000000005,-5.3999999999999995,4,Hero,0.5620666444301605,1.0
253,3.6000000000000005,-6.3999999999999995,14,Hero,0.6189106511218208,0.9997645573956626
254,4.4,-5.6,6,Hero,0.9193164110183716,1.0
255,4.1000000000000005,-5.8999999999999995,9,Hero,0.6371010852356752,1.0
256,3.3,-6.7,17,Hero,0.6110090578303617,0.9999999929876888
257,3.5,-6.5,15,Hero,0.5859066983064015,1.0
258,3.5,-6.5,15,Hero,0.6081958889961243,1.0
259,4.2,-5.8,8,Hero,0.8165302146226168,1.0
260,4.2,-5.8,8,Hero,0.9782402664422989,1.0
261,4.1000000000000005,-5.8999999999999995,9,Hero,0.9730104472902086,1.0
262,3.2,-6.8,18,Hero,0.5412970797365738,1.0
263,4.4,-5.6,6,Hero,0.637848565975825,1.0
264,4.1000000000000005,-5.8999999999999995,9,Hero,0.8216593596670363,1.0
265,3.0,-7.0,20,Hero,0.5653837856836617,0.9999263644218445
266,4.7,-5.3,3,Hero,0.5730124513308207,1.0
267,4.0,-6.0,10,Hero,0.7930493220686913,1.0
268,3.6000000000000005,-6.3999999999999995,14,Hero,0.6841963636023658,1.0
269,4.300000000000001,-5.699999999999999,7,Hero,0.9022670132773263,1.0
270,3.7,-6.3,13,Hero,0.7120647705518283,0.9999999724901639
271,4.9,-5.1,1,Hero,0.45911529660224915,1.0
272,4.1000000000000005,-5.8999999999999995,9,Hero,0.7030611435572306,1.0
273,3.7,-6.3,13,Hero,0.7986203546707447,1.0
274,3.5,-6.5,15,Hero,0.5640223304430644,1.0
275,4.1000000000000005,-5.8999999999999995,9,Hero,0.6723867836925719,1.0
276,3.8000000000000007,-6.199999999999999,12,Hero,0.6199686514834563,1.0
277,4.300000000000001,-5.699999999999999,7,Hero,0.5176761831556048,1.0
278,3.9000000000000004,-6.1,11,Hero,0.8236625519665804,1.0
279,3.6000000000000005,-6.3999999999999995,14,Hero,0.5168649117861476,1.0
280,3.7,-6.3,13,Hero,0.6436679088152372,1.0
281,4.2,-5.8,8,Hero,0.7678393796086311,1.0
282,4.300000000000001,-5.699999999999999,7,Hero,0.555917256644794,1.0
283,3.2,-6.8,18,Hero,0.5210917997691367,1.0
284,4.6000000000000005,-5.3999999999999995,4,Hero,0.573720283806324,1.0
285,3.9000000000000004,-6.1,11,Hero,0.6594785292717543,1.0
286,3.6000000000000005,-6.3999999999999995,14,Hero,0.6861322798899242,1.0
287,4.300000000000001,-5.699999999999999,7,Hero,0.6674743294715881,1.0
288,4.2,-5.8,8,Hero,0.871233195066452,1.0
289,4.300000000000001,-5.699999999999999,7,Hero,0.6176776353801999,1.0
290,4.0,-6.0,10,Hero,0.5963820546865464,1.0
291,3.8000000000000007,-6.199999999999999,12,Hero,0.6510991801818212,0.9999999105930328
292,3.8000000000000007,-6.199999999999999,12,Hero,0.7358088965217272,1.0
293,3.6000000000000005,-6.3999999999999995,14,Hero,0.6959418473499162,1.0
294,4.300000000000001,-5.699999999999999,7,Hero,0.9739553332328796,1.0
295,4.0,-6.0,10,Hero,0.7558383643627167,1.0
296,3.7,-6.3,13,Hero,0.7021067463434659,1.0
297,4.300000000000001,-5.699999999999999,7,Hero,0.9832104018756321,1.0
298,4.2,-5.8,8,Hero,0.6381346061825752,1.0
299,3.8000000000000007,-6.199999999999999,12,Hero,0.780929853518804,1.0
300,4.1000000000000005,-5.8999999999999995,9,Hero,0.8106135957770877,1.0
301,4.5,-5.5,5,Hero,0.6723175942897797,1.0
302,4.4,-5.6,6,Hero,0.6268544097741445,1.0
303,4.0,-6.0,10,Hero,0.7515202224254608,1.0
304,3.9000000000000004,-6.1,11,Hero,0.7497301982207731,1.0
305,4.7,-5.3,3,Hero,0.6415173610051473,1.0
306,4.1000000000000005,-5.8999999999999995,9,Hero,0.8222561445501115,1.0
307,4.2,-5.8,8,Hero,0.7360354084521532,1.0
308,-5.6,4.4,6,Villain,0.563290006791552,1.0
309,3.5,-6.5,15,Hero,0.6103107959032059,1.0
310,4.4,-5.6,6,Hero,0.616525337100029,1.0
311,4.2,-5.8,8,Hero,0.682419903576374,1.0
312,4.5,-5.5,5,Hero,0.9448876976966858,1.0
313,4.4,-5.6,6,Hero,0.8148829837640127,1.0
314,3.8000000000000007,-6.199999999999999,12,Hero,0.7018754618863264,1.0
315,4.4,-5.6,6,Hero,0.8244721541802088,1.0
316,4.300000000000001,-5.699999999999999,7,Hero,0.6799913900239127,1.0
317,4.6000000000000005,-5.3999999999999995,4,Hero,0.9661915600299835,1.0
318,4.2,-5.8,8,Hero,0.8371602967381477,1.0
319,4.6000000000000005,-5.3999999999999995,4,Hero,0.5782790929079056,1.0
320,4.1000000000000005,-5.8999999999999995,9,Hero,0.7388479510943095,1.0
321,3.8000000000000007,-6.199999999999999,12,Hero,0.6929399594664574,1.0
322,3.7,-6.3,13,Hero,0.6294781181674737,1.0
323,3.9000000000000004,-6.1,11,Hero,0.7919749780134722,1.0
324,4.4,-5.6,6,Hero,0.9111486574014028,1.0
325,4.2,-5.8,8,Hero,0.7784419879317284,1.0
326,4.1000000000000005,-5.8999999999999995,9,Hero,0.8212621145778232,1.0
327,4.0,-6.0,10,Hero,0.6367430776357651,1.0
328,4.2,-5.8,8,Hero,0.7404152262024581,1.0
329,3.3,-6.7,17,Hero,0.5835425292744356,1.0
330,3.5,-6.5,15,Hero,0.6856128056844075,1.0
331,4.1000000000000005,-5.8999999999999995,9,Hero,0.9705347352557712,1.0
332,3.5,-6.5,15,Hero,0.6599275628725688,1.0
333,4.5,-5.5,5,Hero,0.7152742266654968,1.0
334,4.1000000000000005,-5.8999999999999995,9,Hero,0.7013039655155606,1.0
335,4.300000000000001,-5.699999999999999,7,Hero,0.647120156458446,1.0
336,3.8000000000000007,-6.199999999999999,12,Hero,0.648607425391674,1.0
337,3.9000000000000004,-6.1,11,Hero,0.7277977249839089,1.0
338,4.1000000000000005,-5.8999999999999995,9,Hero,0.8848560295171208,1.0
339,4.300000000000001,-5.699999999999999,7,Hero,0.974902195589883,1.0
340,4.300000000000001,-5.699999999999999,7,Hero,0.8724152318068913,1.0
341,4.7,-5.3,3,Hero,0.6306881805260977,1.0
342,3.9000000000000004,-6.1,11,Hero,0.7752199443903837,1.0
343,4.300000000000001,-5.699999999999999,7,Hero,0.7621380473886218,1.0
344,3.9000000000000004,-6.1,11,Hero,0.8452528119087219,1.0
345,4.0,-6.0,10,Hero,0.9086569964885711,1.0
346,4.7,-5.3,3,Hero,0.8745939334233602,1.0
347,4.1000000000000005,-5.8999999999999995,9,Hero,0.7414667672581143,1.0
348,3.4000000000000004,-6.6,16,Hero,0.671185907907784,1.0
349,4.5,-5.5,5,Hero,0.6545744299888611,1.0
350,4.1000000000000005,-5.8999999999999995,9,Hero,0.8221911821100447,1.0
351,3.6000000000000005,-6.3999999999999995,14,Hero,0.6933738759585789,1.0
352,4.0,-6.0,10,Hero,0.686270934343338,1.0
353,3.5,-6.5,15,Hero,0.6769101709127426,1.0
354,3.9000000000000004,-6.1,11,Hero,0.7597738694060933,1.0
355,3.9000000000000004,-6.1,11,Hero,0.7642606144601648,1.0
356,-5.1,4.9,1,Villain,0.9976552724838257,1.0
357,-5.3999999999999995,4.6000000000000005,4,Villain,0.4862418696284294,1.0
358,4.2,-5.8,8,Hero,0.6811902727931738,1.0
359,3.3,-6.7,17,Hero,0.6657717981759239,1.0
360,4.0,-6.0,10,Hero,0.6381652802228928,1.0
361,4.300000000000001,-5.699999999999999,7,Hero,0.6785252520016262,1.0
362,4.7,-5.3,3,Hero,0.5559762567281723,1.0
363,4.2,-5.8,8,Hero,0.9507612138986588,1.0
364,4.1000000000000005,-5.8999999999999995,9,Hero,0.7688665019555224,1.0
365,3.9000000000000004,-6.1,11,Hero,0.7036555138501254,1.0
366,4.5,-5.5,5,Hero,0.6943306446075439,1.0
367,3.2,-6.8,18,Hero,0.5820899051096704,0.9999715056684282
368,3.7,-6.3,13,Hero,0.6414791918717898,1.0
369,4.1000000000000005,-5.8999999999999995,9,Hero,0.6898133291138543,1.0
370,3.7,-6.3,13,Hero,0.6619441990668957,1.0
371,3.6000000000000005,-6.3999999999999995,14,Hero,0.7388046618018832,1.0
372,3.9000000000000004,-6.1,11,Hero,0.8226369727741588,1.0
373,4.800000000000001,-5.199999999999999,2,Hero,0.6049360185861588,1.0
374,3.8000000000000007,-6.199999999999999,12,Hero,0.8051933546861013,0.9999999900658926
375,4.5,-5.5,5,Hero,0.9337823748588562,1.0
376,4.2,-5.8,8,Hero,0.9705086275935173,1.0
377,3.9000000000000004,-6.1,11,Hero,0.8160625181414864,1.0
378,3.9000000000000004,-6.1,11,Hero,0.6770793009888042,1.0
379,-5.199999999999999,4.800000000000001,2,Villain,0.9763770997524261,1.0
380,3.2,-6.8,18,Hero,0.532179721010228,1.0
381,4.300000000000001,-5.699999999999999,7,Hero,0.7159822455474308,1.0
382,3.7,-6.3,13,Hero,0.6686764806509018,1.0
383,3.9000000000000004,-6.1,11,Hero,0.6237777241251685,1.0
384,4.300000000000001,-5.699999999999999,7,Hero,0.8408853198800769,1.0
385,4.1000000000000005,-5.8999999999999995,9,Hero,0.7815762129094865,1.0
386,4.4,-5.6,6,Hero,0.7026195178429285,1.0
387,3.9000000000000004,-6.1,11,Hero,0.6844040670178153,1.0
388,3.4000000000000004,-6.6,16,Hero,0.6468662852421403,1.0
389,4.5,-5.5,5,Hero,0.6193985223770142,1.0
390,4.2,-5.8,8,Hero,0.8489314932376146,1.0
391,3.5,-6.5,15,Hero,0.652018145720164,1.0
392,4.6000000000000005,-5.3999999999999995,4,Hero,0.9297068268060684,1.0
393,3.7,-6.3,13,Hero,0.6514424234628677,1.0
394,4.6000000000000005,-5.3999999999999995,4,Hero,0.7192946225404739,1.0
395,3.5,-6.5,15,Hero,0.6575376053651174,1.0
396,4.1000000000000005,-5.8999999999999995,9,Hero,0.8357585403654311,1.0
397,4.0,-6.0,10,Hero,0.852999672293663,1.0
398,4.0,-6.0,10,Hero,0.5656576335430146,1.0
399,4.7,-5.3,3,Hero,0.6604617436726888,1.0
400,4.4,-5.6,6,Hero,0.8092609321077665,1.0
401,4.1000000000000005,-5.8999999999999995,9,Hero,0.8824936871727308,1.0
402,3.4000000000000004,-6.6,16,Hero,0.6568381362594664,1.0
403,4.9,-5.1,1,Hero,0.43260014057159424,1.0
404,4.5,-5.5,5,Hero,0.9487845778465271,1.0
405,-5.3,4.7,3,Villain,0.6279745722810427,1.0
406,4.300000000000001,-5.699999999999999,7,Hero,0.9426286135401044,1.0
407,4.5,-5.5,5,Hero,0.9748242974281311,1.0
408,4.6000000000000005,-5.3999999999999995,4,Hero,0.7553960084915161,1.0
409,3.9000000000000004,-6.1,11,Hero,0.7261025417934764,1.0
410,3.8000000000000007,-6.199999999999999,12,Hero,0.7467454448342323,1.0
411,4.6000000000000005,-5.3999999999999995,4,Hero,0.6620064377784729,1.0
412,4.4,-5.6,6,Hero,0.9296589096387228,1.0
413,4.2,-5.8,8,Hero,0.8599454611539841,1.0
414,3.8000000000000007,-6.199999999999999,12,Hero,0.8098586648702621,1.0
415,4.5,-5.5,5,Hero,0.914308774471283,1.0
416,4.2,-5.8,8,Hero,0.6568863466382027,1.0
417,-5.5,4.5,5,Villain,0.7939631938934326,1.0
418,3.8000000000000007,-6.199999999999999,12,Hero,0.7423092350363731,1.0
419,3.8000000000000007,-6.199999999999999,12,Hero,0.6836224049329758,1.0
420,4.2,-5.8,8,Hero,0.972982794046402,1.0
421,4.7,-5.3,3,Hero,0.6798711766799291,1.0
422,4.0,-6.0,10,Hero,0.6924371808767319,1.0
423,4.1000000000000005,-5.8999999999999995,9,Hero,0.6262048764361275,1.0
424,4.0,-6.0,10,Hero,0.9108793348073959,1.0
425,3.7,-6.3,13,Hero,0.7464359677754916,1.0
426,3.9000000000000004,-6.1,11,Hero,0.6721696691079573,1.0
427,4.6000000000000005,-5.3999999999999995,4,Hero,0.9017849713563919,1.0
428,4.1000000000000005,-5.8999999999999995,9,Hero,0.7512447767787509,1.0
429,4.1000000000000005,-5.8999999999999995,9,Hero,0.7551415099038018,1.0
430,4.4,-5.6,6,Hero,0.6287112385034561,1.0
431,4.0,-6.0,10,Hero,0.7720449641346931,1.0
432,3.9000000000000004,-6.1,11,Hero,0.7759864628314972,1.0
433,3.8000000000000007,-6.199999999999999,12,Hero,0.6728878617286682,1.0
434,4.800000000000001,-5.199999999999999,2,Hero,0.6102197170257568,1.0
435,4.1000000000000005,-5.8999999999999995,9,Hero,0.8868918352656894,1.0
436,4.300000000000001,-5.699999999999999,7,Hero,0.5666445919445583,1.0
437,4.6000000000000005,-5.3999999999999995,4,Hero,0.9119009971618652,1.0
438,3.8000000000000007,-6.199999999999999,12,Hero,0.7810918266574541,1.0
439,4.2,-5.8,8,Hero,0.76752685662359,1.0
440,4.4,-5.6,6,Hero,0.6581131815910339,1.0
441,4.5,-5.5,5,Hero,0.760637778043747,1.0
442,4.7,-5.3,3,Hero,0.7032855351765951,1.0
443,4.4,-5.6,6,Hero,0.747449517250061,1.0
444,4.1000000000000005,-5.8999999999999995,9,Hero,0.6259226467874315,1.0
445,4.1000000000000005,-5.8999999999999995,9,Hero,0.6111279957824283,1.0
446,-5.1,4.9,1,Villain,0.9797579050064087,1.0
447,4.1000000000000005,-5.8999999999999995,9,Hero,0.760301454199685,1.0
448,4.4,-5.6,6,Hero,0.8605449795722961,1.0
449,4.6000000000000005,-5.3999999999999995,4,Hero,0.639610156416893,1.0
450,4.300000000000001,-5.699999999999999,7,Hero,0.844968889440809,1.0
451,4.4,-5.6,6,Hero,0.9610594312349955,1.0
452,3.3,-6.7,17,Hero,0.7036849194589783,1.0
453,3.9000000000000004,-6.1,11,Hero,0.7237804667516188,1.0
454,3.5,-6.5,15,Hero,0.6643657634655634,1.0
455,4.300000000000001,-5.699999999999999,7,Hero,0.972878464630672,1.0
456,4.2,-5.8,8,Hero,0.9063043147325516,1.0
457,4.5,-5.5,5,Hero,0.772810184955597,1.0
458,4.1000000000000005,-5.8999999999999995,9,Hero,0.744056416882409,1.0
459,4.0,-6.0,10,Hero,0.6247478246688842,1.0
460,4.4,-5.6,6,Hero,0.8316299915313721,1.0
461,4.5,-5.5,5,Hero,0.8652375936508179,1.0
462,4.6000000000000005,-5.3999999999999995,4,Hero,0.9465579688549042,1.0
463,3.8000000000000007,-6.199999999999999,12,Hero,0.7924269692351421,1.0
464,4.5,-5.5,5,Hero,0.9514803171157837,1.0
465,4.6000000000000005,-5.3999999999999995,4,Hero,0.7277695089578629,1.0
466,4.4,-5.6,6,Hero,0.9783527056376139,1.0
467,4.2,-5.8,8,Hero,0.7805944308638573,1.0
468,4.4,-5.6,6,Hero,0.96822722752889,1.0
469,4.5,-5.5,5,Hero,0.8069125950336457,1.0
470,3.3,-6.7,17,Hero,0.5686873324653682,1.0
471,4.300000000000001,-5.699999999999999,7,Hero,0.6660750763756889,1.0
472,3.7,-6.3,13,Hero,0.6341864936626874,1.0
473,4.5,-5.5,5,Hero,0.6947848081588746,1.0
474,3.5,-6.5,15,Hero,0.7499595060944557,1.0
475,4.1000000000000005,-5.8999999999999995,9,Hero,0.8493043084939321,1.0
476,4.4,-5.6,6,Hero,0.6341539422671,1.0
477,4.0,-6.0,10,Hero,0.6945265352725982,1.0
478,4.6000000000000005,-5.3999999999999995,4,Hero,0.9725572317838669,1.0
479,4.7,-5.3,3,Hero,0.7094274461269379,1.0
480,3.5,-6.5,15,Hero,0.7001126393675804,1.0
481,3.6000000000000005,-6.3999999999999995,14,Hero,0.6527910935027259,1.0
482,3.6000000000000005,-6.3999999999999995,14,Hero,0.6746215564864022,1.0
483,-5.3999999999999995,4.6000000000000005,4,Villain,0.8127139881253242,1.0
484,4.300000000000001,-5.699999999999999,7,Hero,0.7924130516392844,1.0
485,3.6000000000000005,-6.3999999999999995,14,Hero,0.6989139424903053,1.0
486,4.0,-6.0,10,Hero,0.6926016744226218,1.0
487,4.4,-5.6,6,Hero,0.7493144497275352,1.0
488,4.2,-5.8,8,Hero,0.7552773132920265,1.0
489,4.9,-5.1,1,Hero,0.8863256573677063,1.0
490,4.300000000000001,-5.699999999999999,7,Hero,0.8667015348161969,1.0
491,4.6000000000000005,-5.3999999999999995,4,Hero,0.5716810747981071,1.0
492,3.9000000000000004,-6.1,11,Hero,0.6379685120826418,1.0
493,3.5,-6.5,15,Hero,0.7579725454250972,1.0
494,4.1000000000000005,-5.8999999999999995,9,Hero,0.9878805942005582,1.0
495,4.4,-5.6,6,Hero,0.7084864328304926,1.0
496,3.3,-6.7,17,Hero,0.553190958850524,1.0
497,4.4,-5.6,6,Hero,0.9808055559794108,1.0
498,4.9,-5.1,1,Hero,0.4705694615840912,1.0
499,4.4,-5.6,6,Hero,0.9629650215307871,1.0
500,4.1000000000000005,-5.8999999999999995,9,Hero,0.7035213344626956,1.0
501,3.7,-6.3,13,Hero,0.6021184091671155,1.0
502,3.8000000000000007,-6.199999999999999,12,Hero,0.8137735401590666,1.0
503,3.8000000000000007,-6.199999999999999,12,Hero,0.8254356781641642,1.0
504,4.4,-5.6,6,Hero,0.7520677298307419,1.0
505,3.9000000000000004,-6.1,11,Hero,0.6264939362352545,1.0
506,3.8000000000000007,-6.199999999999999,12,Hero,0.6312434300780296,1.0
507,3.5,-6.5,15,Hero,0.6479789227247238,1.0
508,4.4,-5.6,6,Hero,0.7465018828709921,1.0
509,4.300000000000001,-5.699999999999999,7,Hero,0.74734913451331,1.0
510,3.5,-6.5,15,Hero,0.5110141831139724,1.0
511,4.1000000000000005,-5.8999999999999995,9,Hero,0.8510928630001016,1.0
512,4.2,-5.8,8,Hero,0.981007881462574,1.0
513,4.1000000000000005,-5.8999999999999995,9,Hero,0.6068224708239237,1.0
514,3.5,-6.5,15,Hero,0.6188691069682439,1.0
515,4.0,-6.0,10,Hero,0.7520245164632797,1.0
516,4.7,-5.3,3,Hero,0.7500054240226746,1.0
517,4.0,-6.0,10,Hero,0.8503523349761963,1.0
518,3.9000000000000004,-6.1,11,Hero,0.7036214010281996,1.0
519,4.300000000000001,-5.699999999999999,7,Hero,0.6741100421973637,1.0
520,3.8000000000000007,-6.199999999999999,12,Hero,0.7065368940432867,1.0
521,3.5,-6.5,15,Hero,0.6800264189640681,1.0
522,3.9000000000000004,-6.1,11,Hero,0.6474720483476465,1.0
523,4.300000000000001,-5.699999999999999,7,Hero,0.7550295144319534,1.0
524,4.5,-5.5,5,Hero,0.5336630284786225,1.0
525,4.1000000000000005,-5.8999999999999995,9,Hero,0.7206845316621993,1.0
526,4.4,-5.6,6,Hero,0.8577207922935486,1.0
527,4.1000000000000005,-5.8999999999999995,9,Hero,0.8967382709185282,1.0
528,3.6000000000000005,-6.3999999999999995,14,Hero,0.7586797475814819,1.0
529,4.300000000000001,-5.699999999999999,7,Hero,0.7766274554388863,1.0
530,4.800000000000001,-5.199999999999999,2,Hero,0.9664485156536102,1.0
531,3.2,-6.8,18,Hero,0.5649409352077378,1.0
532,4.2,-5.8,8,Hero,0.8113111034035683,1.0
533,4.800000000000001,-5.199999999999999,2,Hero,0.6756433248519897,1.0
534,4.7,-5.3,3,Hero,0.7000424067179362,1.0
535,4.0,-6.0,10,Hero,0.8911360740661621,1.0
536,3.8000000000000007,-6.199999999999999,12,Hero,0.798038937151432,1.0
537,4.6000000000000005,-5.3999999999999995,4,Hero,0.7033381834626198,1.0
538,3.6000000000000005,-6.3999999999999995,14,Hero,0.6713812010628837,1.0
539,-5.3999999999999995,4.6000000000000005,4,Villain,0.7500284537672997,1.0
540,3.7,-6.3,13,Hero,0.7722406410253965,1.0
541,4.5,-5.5,5,Hero,0.6445734977722168,1.0
542,3.9000000000000004,-6.1,11,Hero,0.7802072655070912,1.0
543,3.7,-6.3,13,Hero,0.7125811897791349,1.0
544,3.7,-6.3,13,Hero,0.6897940062559568,1.0
545,4.0,-6.0,10,Hero,0.6681488215923309,1.0
546,4.7,-5.3,3,Hero,0.8326046466827393,1.0
547,3.9000000000000004,-6.1,11,Hero,0.7833751900629564,1.0
548,3.5,-6.5,15,Hero,0.6410924375057221,1.0
549,4.4,-5.6,6,Hero,0.6442817151546478,1.0
550,4.9,-5.1,1,Hero,0.9987801909446716,1.0
551,3.9000000000000004,-6.1,11,Hero,0.7807070071047003,1.0
552,3.9000000000000004,-6.1,11,Hero,0.8106503920121626,1.0
553,4.2,-5.8,8,Hero,0.852058969438076,1.0
554,4.0,-6.0,10,Hero,0.5944935329258442,1.0
555,2.8,-7.2,22,Hero,0.5334178883243691,1.0
556,4.300000000000001,-5.699999999999999,7,Hero,0.7010343628270286,1.0
557,3.5,-6.5,15,Hero,0.7073146124680837,1.0
558,4.800000000000001,-5.199999999999999,2,Hero,0.48784050112590194,1.0
559,3.7,-6.3,13,Hero,0.7868283001276163,1.0
560,4.2,-5.8,8,Hero,0.7472958043217659,1.0
561,4.7,-5.3,3,Hero,0.9001419146855673,1.0
562,3.9000000000000004,-6.1,11,Hero,0.6714545610276136,1.0
563,4.800000000000001,-5.199999999999999,2,Hero,0.8819531500339508,1.0
564,4.0,-6.0,10,Hero,0.8963030695915222,1.0
565,4.1000000000000005,-5.8999999999999995,9,Hero,0.9551816648907132,1.0
566,4.9,-5.1,1,Hero,0.9865255355834961,1.0
567,4.0,-6.0,10,Hero,0.7620680257678032,1.0
568,4.4,-5.6,6,Hero,0.534928023815155,1.0
569,4.2,-5.8,8,Hero,0.9920656383037567,1.0
570,4.1000000000000005,-5.8999999999999995,9,Hero,0.9190394812160068,1.0
571,3.5,-6.5,15,Hero,0.662671880920728,1.0
572,3.7,-6.3,13,Hero,0.8034567534923553,1.0
573,4.1000000000000005,-5.8999999999999995,9,Hero,0.6561181296904882,1.0
574,3.9000000000000004,-6.1,11,Hero,0.8243629715659402,1.0
575,3.7,-6.3,13,Hero,0.6596346291211935,1.0
576,4.6000000000000005,-5.3999999999999995,4,Hero,0.8856705576181412,1.0
577,4.6000000000000005,-5.3999999999999995,4,Hero,0.6875847727060318,1.0
578,3.8000000000000007,-6.199999999999999,12,Hero,0.7585502428313097,1.0
579,4.800000000000001,-5.199999999999999,2,Hero,0.7291666865348816,1.0
580,3.8000000000000007,-6.199999999999999,12,Hero,0.7074875881274542,1.0
581,4.800000000000001,-5.199999999999999,2,Hero,0.9848656356334686,1.0
582,4.4,-5.6,6,Hero,0.632232869664828,1.0
583,4.1000000000000005,-5.8999999999999995,9,Hero,0.9302972224023607,1.0
584,4.4,-5.6,6,Hero,0.9615075786908468,1.0
585,3.8000000000000007,-6.199999999999999,12,Hero,0.7963896356523037,1.0
586,4.2,-5.8,8,Hero,0.6940666399896145,1.0
587,4.0,-6.0,10,Hero,0.7026205226778984,1.0
588,3.3,-6.7,17,Hero,0.673672649790259,1.0
589,3.7,-6.3,13,Hero,0.6870631988231952,1.0
590,4.300000000000001,-5.699999999999999,7,Hero,0.9508226428713117,1.0
591,3.4000000000000004,-6.6,16,Hero,0.6626777546480298,1.0
592,4.5,-5.5,5,Hero,0.6202302038669586,1.0
593,4.5,-5.5,5,Hero,0.6779682040214539,1.0
594,4.1000000000000005,-5.8999999999999995,9,Hero,0.9146044651667277,1.0
595,4.300000000000001,-5.699999999999999,7,Hero,0.6545183488300869,1.0
596,4.5,-5.5,5,Hero,0.6758597403764725,1.0
597,3.8000000000000007,-6.199999999999999,12,Hero,0.7785657818118731,1.0
598,4.0,-6.0,10,Hero,0.8511334002017975,1.0
599,4.0,-6.0,10,Hero,0.8481211125850677,1.0
600,4.2,-5.8,8,Hero,0.9146091565489769,1.0
601,3.9000000000000004,-6.1,11,Hero,0.8477172932841561,1.0
602,4.9,-5.1,1,Hero,0.9876192808151245,1.0
603,3.7,-6.3,13,Hero,0.6162650040709056,1.0
604,4.4,-5.6,6,Hero,0.6797610397140185,1.0
605,3.3,-6.7,17,Hero,0.7713671168860268,1.0
606,4.2,-5.8,8,Hero,0.886790107935667,1.0
607,4.300000000000001,-5.699999999999999,7,Hero,0.6749671250581741,1.0
608,4.0,-6.0,10,Hero,0.7058999449014663,1.0
609,4.0,-6.0,10,Hero,0.7945833951234818,1.0
610,4.7,-5.3,3,Hero,0.9912615815798441,1.0
611,4.5,-5.5,5,Hero,0.9656211733818054,1.0
612,4.2,-5.8,8,Hero,0.6417772509157658,1.0
613,4.1000000000000005,-5.8999999999999995,9,Hero,0.6665756843156285,1.0
614,3.8000000000000007,-6.199999999999999,12,Hero,0.7463244187335173,1.0
615,4.2,-5.8,8,Hero,0.692657679785043,1.0
616,4.800000000000001,-5.199999999999999,2,Hero,0.8089517951011658,1.0
617,4.1000000000000005,-5.8999999999999995,9,Hero,0.9889751209153069,1.0
618,4.300000000000001,-5.699999999999999,7,Hero,0.7572376387459892,1.0
619,3.7,-6.3,13,Hero,0.6392793013499334,1.0
620,3.2,-6.8,18,Hero,0.6184502202603552,1.0
621,3.8000000000000007,-6.199999999999999,12,Hero,0.7479308272401491,1.0
622,4.4,-5.6,6,Hero,0.9153535465399424,1.0
623,4.1000000000000005,-5.8999999999999995,9,Hero,0.9853727420171102,1.0
624,4.5,-5.5,5,Hero,0.827527517080307,1.0
625,4.5,-5.5,5,Hero,0.7240379750728607,1.0
626,4.0,-6.0,10,Hero,0.7228331670165062,1.0
627,3.5,-6.5,15,Hero,0.6313908752674858,1.0
628,3.2,-6.8,18,Hero,0.6793015574415525,1.0
629,3.2,-6.8,18,Hero,0.674574550655153,1.0
630,4.1000000000000005,-5.8999999999999995,9,Hero,0.7221977789368894,1.0
631,3.6000000000000005,-6.3999999999999995,14,Hero,0.7228796939764704,1.0
632,4.1000000000000005,-5.8999999999999995,9,Hero,0.6849402470721139,1.0
633,3.3,-6.7,17,Hero,0.660106013987816,1.0
634,3.4000000000000004,-6.6,16,Hero,0.6375949697103351,1.0
635,4.1000000000000005,-5.8999999999999995,9,Hero,0.7602966957622104,1.0
636,4.300000000000001,-5.699999999999999,7,Hero,0.6679511666297913,1.0
637,4.300000000000001,-5.699999999999999,7,Hero,0.8429076501301357,1.0
638,4.5,-5.5,5,Hero,0.8382258415222168,1.0
639,4.9,-5.1,1,Hero,0.9960534572601318,1.0
640,4.4,-5.6,6,Hero,0.8592897852261862,1.0
641,4.0,-6.0,10,Hero,0.8530275106430054,1.0
642,3.9000000000000004,-6.1,11,Hero,0.8086259175430645,1.0
643,4.4,-5.6,6,Hero,0.9254448215166727,1.0
644,3.3,-6.7,17,Hero,0.7305039870826637,1.0
645,4.1000000000000005,-5.8999999999999995,9,Hero,0.9939309424824185,1.0
646,4.1000000000000005,-5.8999999999999995,9,Hero,0.7672520259188281,1.0
647,4.5,-5.5,5,Hero,0.9875088572502136,1.0
648,3.6000000000000005,-6.3999999999999995,14,Hero,0.8312285223177501,1.0
649,4.4,-5.6,6,Hero,0.985582023859024,1.0
650,4.1000000000000005,-5.8999999999999995,9,Hero,0.987372080485026,1.0
651,4.2,-5.8,8,Hero,0.8333788998425007,1.0
652,3.8000000000000007,-6.199999999999999,12,Hero,0.8052186345060667,1.0
653,3.4000000000000004,-6.6,16,Hero,0.6997429970651865,1.0
654,4.4,-5.6,6,Hero,0.8927800953388214,1.0
655,4.1000000000000005,-5.8999999999999995,9,Hero,0.8621822788587047,1.0
656,4.2,-5.8,8,Hero,0.8653300330042839,1.0
657,3.8000000000000007,-6.199999999999999,12,Hero,0.8179242337743441,1.0
658,4.2,-5.8,8,Hero,0.8951135464012623,1.0
659,4.300000000000001,-5.699999999999999,7,Hero,0.9725693804877145,1.0
660,4.2,-5.8,8,Hero,0.7531739082187414,1.0
661,3.8000000000000007,-6.199999999999999,12,Hero,0.80461978726089,1.0
662,3.8000000000000007,-6.199999999999999,12,Hero,0.6670491310457388,1.0
663,4.0,-6.0,10,Hero,0.8982312954962254,1.0
664,4.2,-5.8,8,Hero,0.705853539519012,1.0
665,4.7,-5.3,3,Hero,0.7600461145242056,1.0
666,3.8000000000000007,-6.199999999999999,12,Hero,0.8210360618929068,1.0
667,3.7,-6.3,13,Hero,0.6721466619234818,1.0
668,4.2,-5.8,8,Hero,0.9883908703923225,1.0
669,3.9000000000000004,-6.1,11,Hero,0.7119534015655518,1.0
670,3.5,-6.5,15,Hero,0.7211274206638336,1.0
671,3.3,-6.7,17,Hero,0.6737519406220492,1.0
672,3.8000000000000007,-6.199999999999999,12,Hero,0.7299657426774502,1.0
673,4.1000000000000005,-5.8999999999999995,9,Hero,0.7191139906644821,1.0
674,4.2,-5.8,8,Hero,0.9349479302763939,1.0
675,4.1000000000000005,-5.8999999999999995,9,Hero,0.9222323364681668,1.0
676,4.4,-5.6,6,Hero,0.9914844135443369,1.0
677,3.7,-6.3,13,Hero,0.70295833165829,1.0
678,4.6000000000000005,-5.3999999999999995,4,Hero,0.9693079888820648,1.0
679,4.2,-5.8,8,Hero,0.9906521439552307,1.0
680,4.1000000000000005,-5.8999999999999995,9,Hero,0.7975311312410567,1.0
681,4.0,-6.0,10,Hero,0.93219074010849,1.0
682,4.2,-5.8,8,Hero,0.9065441340208054,1.0
683,3.9000000000000004,-6.1,11,Hero,0.8811384439468384,1.0
684,4.0,-6.0,10,Hero,0.8941611588001251,1.0
685,4.1000000000000005,-5.8999999999999995,9,Hero,0.722278325094117,1.0
686,3.8000000000000007,-6.199999999999999,12,Hero,0.6227931498239437,1.0
687,4.7,-5.3,3,Hero,0.9982655247052511,1.0
688,4.1000000000000005,-5.8999999999999995,9,Hero,0.7099522749582926,1.0
689,4.300000000000001,-5.699999999999999,7,Hero,0.9881683077130999,1.0
690,4.0,-6.0,10,Hero,0.7589280903339386,1.0
691,4.5,-5.5,5,Hero,0.7156911790370941,1.0
692,4.1000000000000005,-5.8999999999999995,9,Hero,0.7998880632221699,1.0
693,3.7,-6.3,13,Hero,0.6763542088178488,1.0
694,4.1000000000000005,-5.8999999999999995,9,Hero,0.9967440830336677,1.0
695,4.6000000000000005,-5.3999999999999995,4,Hero,0.8925329297780991,1.0
696,4.5,-5.5,5,Hero,0.7773196935653687,1.0
697,3.5,-6.5,15,Hero,0.7275799671808879,1.0
698,4.1000000000000005,-5.8999999999999995,9,Hero,0.9662108156416152,1.0
699,4.300000000000001,-5.699999999999999,7,Hero,0.9715117556708199,1.0
700,3.6000000000000005,-6.3999999999999995,14,Hero,0.759533309510776,1.0
701,4.300000000000001,-5.699999999999999,7,Hero,0.8488354193312782,1.0
702,3.8000000000000007,-6.199999999999999,12,Hero,0.7057386736075083,1.0
703,3.8000000000000007,-6.199999999999999,12,Hero,0.8300221289197603,1.0
704,-5.199999999999999,4.800000000000001,2,Villain,0.9564512073993683,1.0
705,3.6000000000000005,-6.3999999999999995,14,Hero,0.7689163088798523,1.0
706,3.6000000000000005,-6.3999999999999995,14,Hero,0.7469819837382862,1.0
707,4.6000000000000005,-5.3999999999999995,4,Hero,0.7783564329147339,1.0
708,3.7,-6.3,13,Hero,0.7894291602648221,1.0
709,4.0,-6.0,10,Hero,0.6731328994035721,1.0
710,3.4000000000000004,-6.6,16,Hero,0.7085221447050571,1.0
711,3.8000000000000007,-6.199999999999999,12,Hero,0.7507260292768478,1.0
712,3.4000000000000004,-6.6,16,Hero,0.6376194506883621,1.0
713,3.6000000000000005,-6.3999999999999995,14,Hero,0.7159009118165288,1.0
714,4.800000000000001,-5.199999999999999,2,Hero,0.9669542014598846,1.0
715,3.3,-6.7,17,Hero,0.6491268639288404,1.0
716,3.6000000000000005,-6.3999999999999995,14,Hero,0.7422771730593273,1.0
717,3.6000000000000005,-6.3999999999999995,14,Hero,0.758799250636782,1.0
718,4.1000000000000005,-5.8999999999999995,9,Hero,0.7514550934235255,1.0
719,3.4000000000000004,-6.6,16,Hero,0.6458139028400183,1.0
720,3.0,-7.0,20,Hero,0.6501155603677035,1.0
721,4.0,-6.0,10,Hero,0.832134310901165,1.0
722,3.8000000000000007,-6.199999999999999,12,Hero,0.7073368370377769,1.0
723,4.0,-6.0,10,Hero,0.6987739890813828,1.0
724,4.0,-6.0,10,Hero,0.8128219038248062,1.0
725,4.2,-5.8,8,Hero,0.7560261227190495,1.0
726,4.9,-5.1,1,Hero,0.8930371403694153,1.0
727,3.9000000000000004,-6.1,11,Hero,0.6884618211876262,1.0
728,3.9000000000000004,-6.1,11,Hero,0.8447226746515795,1.0
729,3.8000000000000007,-6.199999999999999,12,Hero,0.6810626580069462,1.0
730,4.5,-5.5,5,Hero,0.9780478358268738,1.0
731,3.8000000000000007,-6.199999999999999,12,Hero,0.788827832788229,1.0
732,4.2,-5.8,8,Hero,0.8452478498220444,1.0
733,4.2,-5.8,8,Hero,0.9850239157676697,1.0
734,3.8000000000000007,-6.199999999999999,12,Hero,0.7323782419164976,1.0
735,-5.199999999999999,4.800000000000001,2,Villain,0.9995534420013428,1.0
736,-5.199999999999999,4.800000000000001,2,Villain,0.9786741137504578,1.0
737,4.5,-5.5,5,Hero,0.9860851526260376,1.0
738,4.1000000000000005,-5.8999999999999995,9,Hero,0.9905140863524543,1.0
739,4.300000000000001,-5.699999999999999,7,Hero,0.9809789146695819,1.0
740,4.5,-5.5,5,Hero,0.7280664443969727,1.0
741,3.2,-6.8,18,Hero,0.6810077702005705,1.0
742,4.1000000000000005,-5.8999999999999995,9,Hero,0.8711611959669325,1.0
743,4.4,-5.6,6,Hero,0.8339592963457108,1.0
744,4.7,-5.3,3,Hero,0.6436776767174403,1.0
745,4.1000000000000005,-5.8999999999999995,9,Hero,0.8405831588639153,1.0
746,-5.3999999999999995,4.6000000000000005,4,Villain,0.5363131649792194,1.0
747,4.0,-6.0,10,Hero,0.7662804886698723,1.0
748,4.2,-5.8,8,Hero,0.9663121700286865,1.0
749,4.800000000000001,-5.199999999999999,2,Hero,0.5503473877906799,1.0
750,3.8000000000000007,-6.199999999999999,12,Hero,0.7681352769335111,1.0
751,4.2,-5.8,8,Hero,0.8822109866887331,1.0
752,4.0,-6.0,10,Hero,0.7542723298072815,1.0
753,4.300000000000001,-5.699999999999999,7,Hero,0.797557703086308,1.0
754,4.0,-6.0,10,Hero,0.8512693382799625,1.0
755,3.9000000000000004,-6.1,11,Hero,0.7264477309178222,1.0
756,4.300000000000001,-5.699999999999999,7,Hero,0.9117608921868461,1.0
757,3.8000000000000007,-6.199999999999999,12,Hero,0.6870883777737617,1.0
758,4.0,-6.0,10,Hero,0.7110056802630424,1.0
759,4.1000000000000005,-5.8999999999999995,9,Hero,0.7423514748613039,1.0
760,3.4000000000000004,-6.6,16,Hero,0.5775069324299693,1.0
761,4.5,-5.5,5,Hero,0.7449864745140076,1.0
762,3.5,-6.5,15,Hero,0.6941151003042857,1.0
763,3.9000000000000004,-6.1,11,Hero,0.6651985259218649,1.0
764,3.7,-6.3,13,Hero,0.6529498283679669,1.0
765,4.4,-5.6,6,Hero,0.642488669604063,1.0
766,4.6000000000000005,-5.3999999999999995,4,Hero,0.7078985273838043,1.0
767,3.9000000000000004,-6.1,11,Hero,0.7668330398472872,1.0
768,4.0,-6.0,10,Hero,0.6219878494739532,1.0
769,4.0,-6.0,10,Hero,0.6885681301355362,1.0
770,3.4000000000000004,-6.6,16,Hero,0.6858738516457379,1.0
771,4.0,-6.0,10,Hero,0.6540266180410981,1.0
772,3.6000000000000005,-6.3999999999999995,14,Hero,0.6446439626493624,1.0
773,4.0,-6.0,10,Hero,0.8612012386322021,1.0
774,4.4,-5.6,6,Hero,0.8784809956947962,1.0
775,3.3,-6.7,17,Hero,0.7256299222216887,1.0
776,4.6000000000000005,-5.3999999999999995,4,Hero,0.7070729583501816,1.0
777,4.0,-6.0,10,Hero,0.7439933508634567,1.0
778,3.9000000000000004,-6.1,11,Hero,0.8784947828813032,1.0
779,3.0999999999999996,-6.9,19,Hero,0.7024822501269611,1.0
780,3.8000000000000007,-6.199999999999999,12,Hero,0.71888249181211,1.0
781,4.300000000000001,-5.699999999999999,7,Hero,0.7099917829036713,1.0
782,3.9000000000000004,-6.1,11,Hero,0.6694350201975215,1.0
783,4.7,-5.3,3,Hero,0.7734228571256002,1.0
784,4.0,-6.0,10,Hero,0.8435766324400902,1.0
785,3.8000000000000007,-6.199999999999999,12,Hero,0.8037681611410031,1.0
786,3.9000000000000004,-6.1,11,Hero,0.758761774409901,1.0
787,3.3,-6.7,17,Hero,0.6791968367555562,1.0
788,4.0,-6.0,10,Hero,0.6494015455245972,1.0
789,-5.199999999999999,4.800000000000001,2,Villain,0.3819284364581108,1.0
790,4.6000000000000005,-5.3999999999999995,4,Hero,0.99050273001194,1.0
791,4.6000000000000005,-5.3999999999999995,4,Hero,0.8059388995170593,1.0
792,3.8000000000000007,-6.199999999999999,12,Hero,0.6409436551233133,1.0
793,4.4,-5.6,6,Hero,0.7769818156957626,1.0
794,4.0,-6.0,10,Hero,0.7235746055841445,1.0
795,3.5,-6.5,15,Hero,0.7616104543209076,1.0
796,3.5,-6.5,15,Hero,0.6928195483982563,1.0
797,3.6000000000000005,-6.3999999999999995,14,Hero,0.8107288352080754,1.0
798,4.5,-5.5,5,Hero,0.7340988039970398,1.0
799,3.2,-6.8,18,Hero,0.6378796526955234,1.0
800,3.6000000000000005,-6.3999999999999995,14,Hero,0.6751043498516083,1.0
801,3.7,-6.3,13,Hero,0.7567617388872,1.0
802,2.6999999999999997,-7.300000000000001,23,Hero,0.6174167653788691,0.9999993780384893
803,4.0,-6.0,10,Hero,0.6516178473830223,1.0
804,4.0,-6.0,10,Hero,0.7624894812703132,1.0
805,3.4000000000000004,-6.6,16,Hero,0.7674305001273751,1.0
806,4.2,-5.8,8,Hero,0.8822636222466826,1.0
807,3.6000000000000005,-6.3999999999999995,14,Hero,0.7902586513331958,1.0
808,3.5,-6.5,15,Hero,0.8120282938083013,1.0
809,4.300000000000001,-5.699999999999999,7,Hero,0.899359370980944,1.0
810,4.300000000000001,-5.699999999999999,7,Hero,0.7082875009093966,1.0
811,3.6000000000000005,-6.3999999999999995,14,Hero,0.7063142545521259,1.0
812,3.7,-6.3,13,Hero,0.8037895812438085,1.0
813,-5.199999999999999,4.800000000000001,2,Villain,0.8651389181613922,1.0
814,4.0,-6.0,10,Hero,0.7319233477115631,1.0
815,4.1000000000000005,-5.8999999999999995,9,Hero,0.6846104396714104,1.0
816,3.8000000000000007,-6.199999999999999,12,Hero,0.6650246319671472,1.0
817,3.4000000000000004,-6.6,16,Hero,0.6746077071875334,1.0
818,-5.1,4.9,1,Villain,0.9460691809654236,1.0
819,2.5999999999999996,-7.4,24,Hero,0.6688862489536405,1.0
820,2.9,-7.1,21,Hero,0.6619353485958916,1.0
821,2.6999999999999997,-7.300000000000001,23,Hero,0.697616898495218,1.0
822,4.1000000000000005,-5.8999999999999995,9,Hero,0.760950732148356,1.0
823,4.5,-5.5,5,Hero,0.6683749914169311,1.0
824,3.3,-6.7,17,Hero,0.7034859744941487,1.0
825,4.9,-5.1,1,Hero,0.902802586555481,1.0
826,4.2,-5.8,8,Hero,0.7520726136863232,1.0
827,2.6999999999999997,-7.300000000000001,23,Hero,0.6327906924745311,1.0
828,3.0,-7.0,20,Hero,0.8211575508117676,1.0
829,-4.999999999999998,-4.999999999999998,50,None,0.820621172785759,1.0
830,4.300000000000001,-5.699999999999999,7,Hero,0.767132831471307,1.0
831,4.300000000000001,-5.699999999999999,7,Hero,0.9995281270572117,1.0
832,3.7,-6.3,13,Hero,0.6638111219956324,1.0
833,4.2,-5.8,8,Hero,0.9966524243354797,1.0
834,3.9000000000000004,-6.1,11,Hero,0.789289425719868,1.0
835,4.5,-5.5,5,Hero,0.9921966671943665,1.0
836,-5.199999999999999,4.800000000000001,2,Villain,0.9779985547065735,1.0
837,4.1000000000000005,-5.8999999999999995,9,Hero,0.7373307347297668,1.0
838,4.2,-5.8,8,Hero,0.88709706813097,1.0
839,2.3999999999999995,-7.6000000000000005,26,Hero,0.6904027419737898,1.0
840,-5.199999999999999,4.800000000000001,2,Villain,0.9291291236877441,1.0
841,3.8000000000000007,-6.199999999999999,12,Hero,0.7977621480822563,1.0
842,3.8000000000000007,-6.199999999999999,12,Hero,0.7892431567112604,1.0
843,4.9,-5.1,1,Hero,0.569072961807251,1.0
844,2.2999999999999994,-7.700000000000001,27,Hero,0.6232706330440663,1.0
845,4.4,-5.6,6,Hero,0.5578188672661781,1.0
846,4.300000000000001,-5.699999999999999,7,Hero,0.5375760304076331,1.0
847,3.5,-6.5,15,Hero,0.6450704296429952,1.0
848,4.1000000000000005,-5.8999999999999995,9,Hero,0.7137687736087375,1.0
849,-5.1,4.9,1,Villain,0.28239136934280396,1.0
850,4.5,-5.5,5,Hero,0.884781789779663,1.0
851,3.3,-6.7,17,Hero,0.8559989508460549,1.0
852,-4.999999999999998,-4.999999999999998,50,None,0.5124366229772568,1.0
853,-4.999999999999998,-4.999999999999998,50,None,0.5655785658955574,1.0
854,-4.999999999999998,-4.999999999999998,50,None,0.5458734798431396,1.0
855,3.7,-6.3,13,Hero,0.577905994768326,1.0
856,-5.5,4.5,5,Villain,0.6631336376070976,1.0
857,1.7763568394002505e-15,-9.999999999999998,50,Hero,0.5962449312210083,1.0
858,0.9999999999999982,-9.000000000000002,40,Hero,0.5744644436985255,1.0
859,4.0,-6.0,10,Hero,0.8477725654840469,1.0
860,3.5,-6.5,15,Hero,0.6896191954612731,1.0
861,4.2,-5.8,8,Hero,0.7775608096271753,1.0
862,2.5999999999999996,-7.4,24,Hero,0.6649771683538953,1.0
863,3.6000000000000005,-6.3999999999999995,14,Hero,0.7490973249077797,1.0
864,1.9999999999999991,-8.0,30,Hero,0.6247037880122661,1.0
865,4.300000000000001,-5.699999999999999,7,Hero,0.8405209268842425,1.0
866,4.2,-5.8,8,Hero,0.7050157748162746,1.0
867,-5.699999999999999,4.300000000000001,7,Villain,0.8367761628968375,1.0
868,3.4000000000000004,-6.6,16,Hero,0.6705004312098026,1.0
869,3.3,-6.7,17,Hero,0.8508707705666038,1.0
870,3.6000000000000005,-6.3999999999999995,14,Hero,0.8741247590099063,1.0
871,3.2,-6.8,18,Hero,0.613655111235049,1.0
872,-5.5,4.5,5,Villain,0.7849211096763611,1.0
873,4.1000000000000005,-5.8999999999999995,9,Hero,0.7785424722565545,1.0
874,4.5,-5.5,5,Hero,0.7935751438140869,1.0
875,-5.699999999999999,4.300000000000001,7,Villain,0.8715036085673741,1.0
876,4.4,-5.6,6,Hero,0.9260674317677816,1.0
877,3.9000000000000004,-6.1,11,Hero,0.8549665050073103,1.0
878,2.9,-7.1,21,Hero,0.782668377671923,1.0
879,3.4000000000000004,-6.6,16,Hero,0.7744861859828234,1.0
880,4.800000000000001,-5.199999999999999,2,Hero,0.7391462624073029,1.0
881,4.1000000000000005,-5.8999999999999995,9,Hero,0.8391726546817355,1.0
882,4.300000000000001,-5.699999999999999,7,Hero,0.9848040427480426,1.0
883,3.8000000000000007,-6.199999999999999,12,Hero,0.6722694936518868,1.0
884,3.0,-7.0,20,Hero,0.7491115972399711,1.0
885,3.2,-6.8,18,Hero,0.7041458388169607,1.0
886,3.0999999999999996,-6.9,19,Hero,0.6297926667489504,1.0
887,3.7,-6.3,13,Hero,0.6703214335900086,1.0
888,4.300000000000001,-5.699999999999999,7,Hero,0.8520817022238459,1.0
889,2.5999999999999996,-7.4,24,Hero,0.7618425773689523,1.0
890,3.5,-6.5,15,Hero,0.7342600772778193,1.0
891,3.2,-6.8,18,Hero,0.7167362719774246,1.0
892,4.9,-5.1,1,Hero,0.9286304712295532,1.0
893,3.7,-6.3,13,Hero,0.6961444811179087,1.0
894,3.0999999999999996,-6.9,19,Hero,0.6919303614842264,1.0
895,4.300000000000001,-5.699999999999999,7,Hero,0.9936033402170453,1.0
896,4.1000000000000005,-5.8999999999999995,9,Hero,0.827776743306054,1.0
897,3.8000000000000007,-6.199999999999999,12,Hero,0.7498400335510572,1.0
898,3.8000000000000007,-6.199999999999999,12,Hero,0.7254908010363579,1.0
899,3.5,-6.5,15,Hero,0.7937514404455821,1.0
900,4.1000000000000005,-5.8999999999999995,9,Hero,0.9900589452849494,1.0
901,4.300000000000001,-5.699999999999999,7,Hero,0.973849858556475,1.0
902,4.4,-5.6,6,Hero,0.9629547993342081,1.0
903,3.0999999999999996,-6.9,19,Hero,0.7697589883678838,1.0
904,4.800000000000001,-5.199999999999999,2,Hero,0.9525498747825623,1.0
905,4.300000000000001,-5.699999999999999,7,Hero,0.9844493184770856,1.0
906,4.300000000000001,-5.699999999999999,7,Hero,0.8302188473088401,1.0
907,3.5,-6.5,15,Hero,0.7501657550533612,1.0
908,-5.199999999999999,4.800000000000001,2,Villain,0.6280721575021744,1.0
909,4.5,-5.5,5,Hero,0.6447444915771484,1.0
910,3.0,-7.0,20,Hero,0.7593349311500788,1.0
911,3.6000000000000005,-6.3999999999999995,14,Hero,0.6414247086005551,1.0
912,3.2,-6.8,18,Hero,0.7485207964976629,1.0
913,3.5,-6.5,15,Hero,0.6869609296321869,1.0
914,4.300000000000001,-5.699999999999999,7,Hero,0.9989230462482998,1.0
915,3.0,-7.0,20,Hero,0.7451686412096024,1.0
916,4.1000000000000005,-5.8999999999999995,9,Hero,0.7354139669073952,1.0
917,4.2,-5.8,8,Hero,0.722629563882947,1.0
918,3.7,-6.3,13,Hero,0.7590304257778021,1.0
919,3.2,-6.8,18,Hero,0.7393951929277844,1.0
920,2.6999999999999997,-7.300000000000001,23,Hero,0.7775720811408499,1.0
921,4.6000000000000005,-5.3999999999999995,4,Hero,0.9484522640705109,1.0
922,3.0,-7.0,20,Hero,0.7353189136832953,1.0
923,4.6000000000000005,-5.3999999999999995,4,Hero,0.7278414517641068,1.0
924,4.7,-5.3,3,Hero,0.774745762348175,1.0
925,4.2,-5.8,8,Hero,0.8964815363287926,1.0
926,4.2,-5.8,8,Hero,0.7782445400953293,1.0
927,4.4,-5.6,6,Hero,0.5490266350097954,1.0
928,4.5,-5.5,5,Hero,0.8657459139823913,1.0
929,3.6000000000000005,-6.3999999999999995,14,Hero,0.7455869082893644,1.0
930,3.4000000000000004,-6.6,16,Hero,0.6518829138949513,1.0
931,4.4,-5.6,6,Hero,0.9783870081106821,1.0
932,3.2,-6.8,18,Hero,0.758852493431833,1.0
933,4.1000000000000005,-5.8999999999999995,9,Hero,0.7663066395454936,1.0
934,4.5,-5.5,5,Hero,0.9879862904548645,1.0
935,4.7,-5.3,3,Hero,0.5778719633817673,1.0
936,4.6000000000000005,-5.3999999999999995,4,Hero,0.8400509655475616,1.0
937,3.6000000000000005,-6.3999999999999995,14,Hero,0.6256093436053821,1.0
938,3.2,-6.8,18,Hero,0.7410486352940401,1.0
939,4.300000000000001,-5.699999999999999,7,Hero,0.6887674714837756,1.0
940,3.8000000000000007,-6.199999999999999,12,Hero,0.7432321185866991,1.0
941,4.6000000000000005,-5.3999999999999995,4,Hero,0.5945921242237091,1.0
942,4.2,-5.8,8,Hero,0.830791786313057,1.0
943,3.0999999999999996,-6.9,19,Hero,0.7320056996847454,1.0
944,3.7,-6.3,13,Hero,0.8592973489027756,1.0
945,-5.8,4.2,8,Villain,0.7785849282518029,0.9999992996454239
946,4.0,-6.0,10,Hero,0.7274885714054108,1.0
947,3.9000000000000004,-6.1,11,Hero,0.7666385905309157,1.0
948,3.8000000000000007,-6.199999999999999,12,Hero,0.5630838160092632,1.0
949,4.0,-6.0,10,Hero,0.8060924053192139,1.0
950,3.0,-7.0,20,Hero,0.6337028644979,1.0
951,4.300000000000001,-5.699999999999999,7,Hero,0.9297893643379211,1.0
952,3.3,-6.7,17,Hero,0.7559571047039593,1.0
953,4.1000000000000005,-5.8999999999999995,9,Hero,0.7558478059040176,1.0
954,4.300000000000001,-5.699999999999999,7,Hero,0.9580439414296832,1.0
955,4.1000000000000005,-5.8999999999999995,9,Hero,0.9758406678835551,1.0
956,4.0,-6.0,10,Hero,0.8681337714195252,1.0
957,4.300000000000001,-5.699999999999999,7,Hero,0.916486748627254,1.0
958,4.7,-5.3,3,Hero,0.7304064631462097,1.0
959,4.800000000000001,-5.199999999999999,2,Hero,0.7608976066112518,1.0
960,2.9,-7.1,21,Hero,0.7041471706082424,1.0
961,4.800000000000001,-5.199999999999999,2,Hero,0.7416991293430328,1.0
962,4.4,-5.6,6,Hero,0.6148713069657484,1.0
963,4.1000000000000005,-5.8999999999999995,9,Hero,0.9826613863309225,1.0
964,-5.199999999999999,4.800000000000001,2,Villain,0.567312940955162,1.0
965,4.5,-5.5,5,Hero,0.873584246635437,1.0
966,3.8000000000000007,-6.199999999999999,12,Hero,0.8459184293945631,1.0
967,4.300000000000001,-5.699999999999999,7,Hero,0.9705031429018293,1.0
968,3.6000000000000005,-6.3999999999999995,14,Hero,0.6806331404617855,1.0
969,4.0,-6.0,10,Hero,0.8093513816595077,1.0
970,-5.6,4.4,6,Villain,0.6399795220543941,1.0
971,4.0,-6.0,10,Hero,0.9329721003770828,1.0
972,4.2,-5.8,8,Hero,0.847241573035717,1.0
973,4.300000000000001,-5.699999999999999,7,Hero,0.7525610498019627,1.0
974,3.4000000000000004,-6.6,16,Hero,0.7419762052595615,1.0
975,4.4,-5.6,6,Hero,0.7337360630432764,1.0
976,3.9000000000000004,-6.1,11,Hero,0.7631903226402673,1.0
977,4.7,-5.3,3,Hero,0.8173888127009074,1.0
978,3.8000000000000007,-6.199999999999999,12,Hero,0.8359461799263954,1.0
979,3.9000000000000004,-6.1,11,Hero,0.7261380668390881,1.0
980,3.3,-6.7,17,Hero,0.7458870936842525,1.0
981,4.7,-5.3,3,Hero,0.7276524702707926,1.0
982,3.8000000000000007,-6.199999999999999,12,Hero,0.7705876777569453,1.0
983,4.5,-5.5,5,Hero,0.9911491870880127,1.0
984,3.0999999999999996,-6.9,19,Hero,0.6315929787723642,1.0
985,4.7,-5.3,3,Hero,0.9366664489110311,1.0
986,4.5,-5.5,5,Hero,0.9707239031791687,1.0
987,4.1000000000000005,-5.8999999999999995,9,Hero,0.9356386992666457,1.0
988,3.4000000000000004,-6.6,16,Hero,0.7677919827401638,1.0
989,4.0,-6.0,10,Hero,0.715051107108593,1.0
990,3.0,-7.0,20,Hero,0.771474414691329,1.0
991,4.2,-5.8,8,Hero,0.9899396151304245,1.0
992,3.9000000000000004,-6.1,11,Hero,0.8042807199738242,1.0
993,4.2,-5.8,8,Hero,0.9294056296348572,1.0
994,4.5,-5.5,5,Hero,0.8657722473144531,1.0
995,4.2,-5.8,8,Hero,0.8378874361515045,1.0
996,3.9000000000000004,-6.1,11,Hero,0.7169806063175201,1.0
997,3.2,-6.8,18,Hero,0.7960938612620035,1.0
998,3.5,-6.5,15,Hero,0.7039086629947027,1.0
999,4.4,-5.6,6,Hero,0.8024944911400477,1.0
1000,3.7,-6.3,13,Hero,0.7384948111497439,1.0
1001,4.4,-5.6,6,Hero,0.8882238318522772,1.0
1002,3.8000000000000007,-6.199999999999999,12,Hero,0.682790874193112,1.0
1003,3.6000000000000005,-6.3999999999999995,14,Hero,0.7284167962414878,1.0
1004,3.3,-6.7,17,Hero,0.7270918523564058,1.0
1005,3.6000000000000005,-6.3999999999999995,14,Hero,0.767331214355571,1.0
1006,3.8000000000000007,-6.199999999999999,12,Hero,0.7948613688349724,1.0
1007,4.4,-5.6,6,Hero,0.7157211800416311,1.0
1008,4.4,-5.6,6,Hero,0.8798339068889618,1.0
1009,-5.199999999999999,4.800000000000001,2,Villain,0.9254942536354065,1.0
1010,3.8000000000000007,-6.199999999999999,12,Hero,0.6846933873991171,1.0
1011,3.6000000000000005,-6.3999999999999995,14,Hero,0.7711546676499503,1.0
1012,3.4000000000000004,-6.6,16,Hero,0.651248699054122,1.0
1013,3.2,-6.8,18,Hero,0.7930774903959699,1.0
1014,3.7,-6.3,13,Hero,0.6367012187838554,1.0
1015,3.5,-6.5,15,Hero,0.7328183829784394,1.0
1016,4.7,-5.3,3,Hero,0.6521320541699728,1.0
1017,3.4000000000000004,-6.6,16,Hero,0.7472162581980228,1.0
1018,4.5,-5.5,5,Hero,0.7268043637275696,1.0
1019,4.6000000000000005,-5.3999999999999995,4,Hero,0.8311609923839569,1.0
1020,3.9000000000000004,-6.1,11,Hero,0.7084013765508478,1.0
1021,4.2,-5.8,8,Hero,0.9004086330533028,1.0
1022,4.300000000000001,-5.699999999999999,7,Hero,0.9969887052263532,1.0
1023,4.1000000000000005,-5.8999999999999995,9,Hero,0.7399362226327261,1.0
1024,4.0,-6.0,10,Hero,0.7097036108374596,1.0
1025,4.0,-6.0,10,Hero,0.7647911697626114,1.0
1026,4.800000000000001,-5.199999999999999,2,Hero,0.9859545528888702,1.0
1027,3.3,-6.7,17,Hero,0.8333715305608862,1.0
1028,2.4999999999999996,-7.5,25,Hero,0.7428819113969802,1.0
1029,3.0,-7.0,20,Hero,0.6934583596885204,1.0
1030,4.2,-5.8,8,Hero,0.6474478207528591,1.0
1031,3.3,-6.7,17,Hero,0.7451311314807219,1.0
1032,3.7,-6.3,13,Hero,0.8174528456651248,1.0
1033,4.2,-5.8,8,Hero,0.9906838983297348,1.0
1034,4.800000000000001,-5.199999999999999,2,Hero,0.9613934755325317,1.0
1035,4.0,-6.0,10,Hero,0.7364810291677714,1.0
1036,4.6000000000000005,-5.3999999999999995,4,Hero,0.6374444290995598,1.0
1037,3.4000000000000004,-6.6,16,Hero,0.8453135769814253,1.0
1038,2.4999999999999996,-7.5,25,Hero,0.5800820118188859,0.9999999570846557
1039,3.8000000000000007,-6.199999999999999,12,Hero,0.7178265200927854,1.0
1040,4.0,-6.0,10,Hero,0.9478093802928924,1.0
1041,3.7,-6.3,13,Hero,0.7654484028999622,1.0
1042,3.6000000000000005,-6.3999999999999995,14,Hero,0.7665610664657184,1.0
1043,4.6000000000000005,-5.3999999999999995,4,Hero,0.9733847081661224,1.0
1044,4.7,-5.3,3,Hero,0.9877357085545858,1.0
1045,3.9000000000000004,-6.1,11,Hero,0.7811932130293413,1.0
1046,4.300000000000001,-5.699999999999999,7,Hero,0.9304065363747733,1.0
1047,4.7,-5.3,3,Hero,0.9829571644465128,1.0
1048,4.300000000000001,-5.699999999999999,7,Hero,0.8905093499592373,1.0
1049,2.8,-7.2,22,Hero,0.7306401025165211,1.0
1050,4.5,-5.5,5,Hero,0.9955694556236268,1.0
1051,3.3,-6.7,17,Hero,0.691384098109077,1.0
1052,4.5,-5.5,5,Hero,0.9275638103485108,1.0
1053,4.2,-5.8,8,Hero,0.8891009502112865,1.0
1054,3.5,-6.5,15,Hero,0.7365372359752655,1.0
1055,4.300000000000001,-5.699999999999999,7,Hero,0.9984144568443298,1.0
1056,3.5,-6.5,15,Hero,0.8157220701376597,1.0
1057,4.300000000000001,-5.699999999999999,7,Hero,0.9989901099886213,1.0
1058,3.8000000000000007,-6.199999999999999,12,Hero,0.7896723647912344,1.0
1059,4.0,-6.0,10,Hero,0.6719013810157776,1.0
1060,4.7,-5.3,3,Hero,0.9965748190879822,1.0
1061,4.300000000000001,-5.699999999999999,7,Hero,0.9984058312007359,1.0
1062,2.5999999999999996,-7.4,24,Hero,0.7383828926831484,1.0
1063,3.3,-6.7,17,Hero,0.6599006926750436,1.0
1064,3.4000000000000004,-6.6,16,Hero,0.7420308040454984,1.0
1065,3.4000000000000004,-6.6,16,Hero,0.7339705023914576,1.0
1066,4.2,-5.8,8,Hero,0.7792887054383755,1.0
1067,4.0,-6.0,10,Hero,0.927363058924675,1.0
1068,3.8000000000000007,-6.199999999999999,12,Hero,0.6401439098020395,1.0
1069,-5.1,4.9,1,Villain,0.5997887253761292,1.0
1070,4.2,-5.8,8,Hero,0.9095526374876499,1.0
1071,3.4000000000000004,-6.6,16,Hero,0.7894172184169292,1.0
1072,4.2,-5.8,8,Hero,0.6161760427057743,1.0
1073,4.4,-5.6,6,Hero,0.9422592024008433,1.0
1074,3.8000000000000007,-6.199999999999999,12,Hero,0.8547570059696833,1.0
1075,4.1000000000000005,-5.8999999999999995,9,Hero,0.6565868324703641,1.0
1076,4.9,-5.1,1,Hero,0.7690099477767944,1.0
1077,4.7,-5.3,3,Hero,0.4742593889435132,1.0
1078,4.1000000000000005,-5.8999999999999995,9,Hero,0.6878553529580435,1.0
1079,3.9000000000000004,-6.1,11,Hero,0.9033825560049578,1.0
1080,2.8,-7.2,22,Hero,0.7420243261043321,1.0
1081,4.0,-6.0,10,Hero,0.7192929238080978,1.0
1082,4.1000000000000005,-5.8999999999999995,9,Hero,0.999491724703047,1.0
1083,3.9000000000000004,-6.1,11,Hero,0.7191837663677606,1.0
1084,3.0999999999999996,-6.9,19,Hero,0.7510786542766973,1.0
1085,4.7,-5.3,3,Hero,0.6342034637928009,1.0
1086,3.0,-7.0,20,Hero,0.7237414494156837,1.0
1087,2.6999999999999997,-7.300000000000001,23,Hero,0.770224665656038,1.0
1088,2.2999999999999994,-7.700000000000001,27,Hero,0.6704350369120086,1.0
1089,4.2,-5.8,8,Hero,0.6021703779697418,1.0
1090,4.300000000000001,-5.699999999999999,7,Hero,0.9996215956551688,1.0
1091,3.8000000000000007,-6.199999999999999,12,Hero,0.711026206612587,1.0
1092,4.300000000000001,-5.699999999999999,7,Hero,0.7184484004974365,1.0
1093,-5.3999999999999995,4.6000000000000005,4,Villain,0.6344685591757298,1.0
1094,4.4,-5.6,6,Hero,0.8789134323596954,1.0
1095,2.4999999999999996,-7.5,25,Hero,0.7419161599129438,1.0
1096,4.4,-5.6,6,Hero,0.6885729481776556,1.0
1097,4.0,-6.0,10,Hero,0.8759671604260802,1.0
1098,4.5,-5.5,5,Hero,0.7983455158770084,1.0
1099,2.1999999999999993,-7.800000000000001,28,Hero,0.575334550014564,1.0
1100,2.1999999999999993,-7.800000000000001,28,Hero,0.7072550196732793,1.0
1101,4.4,-5.6,6,Hero,0.7395374849438667,1.0
1102,4.0,-6.0,10,Hero,0.879119285941124,1.0
1103,4.800000000000001,-5.199999999999999,2,Hero,0.5710079669952393,1.0
1104,3.0999999999999996,-6.9,19,Hero,0.761427724047711,1.0
1105,2.6999999999999997,-7.300000000000001,23,Hero,0.7087717451479124,1.0
1106,2.4999999999999996,-7.5,25,Hero,0.7155251181125641,1.0
1107,2.6999999999999997,-7.300000000000001,23,Hero,0.7838151014369467,1.0
1108,3.5,-6.5,15,Hero,0.7819446802139283,1.0
1109,3.5,-6.5,15,Hero,0.8412762363751729,1.0
1110,3.2,-6.8,18,Hero,0.6313265158484379,1.0
1111,2.9,-7.1,21,Hero,0.7202947462598482,1.0
1112,1.899999999999999,-8.100000000000001,31,Hero,0.6772962231789866,1.0
1113,3.5,-6.5,15,Hero,0.711222384373347,1.0
1114,4.2,-5.8,8,Hero,0.6919007636606693,1.0
1115,4.1000000000000005,-5.8999999999999995,9,Hero,0.9742199778556824,1.0
1116,4.1000000000000005,-5.8999999999999995,9,Hero,0.9041310615009732,1.0
1117,4.0,-6.0,10,Hero,0.8982911884784699,1.0
1118,3.2,-6.8,18,Hero,0.6447294586234622,1.0
1119,4.4,-5.6,6,Hero,0.7416772320866585,1.0
1120,3.7,-6.3,13,Hero,0.7619775731403094,1.0
1121,3.4000000000000004,-6.6,16,Hero,0.838129136711359,1.0
1122,4.1000000000000005,-5.8999999999999995,9,Hero,0.6238986638685068,1.0
1123,4.800000000000001,-5.199999999999999,2,Hero,0.9301250874996185,1.0
1124,4.800000000000001,-5.199999999999999,2,Hero,0.9326076507568359,1.0
1125,3.2,-6.8,18,Hero,0.6426873099472787,1.0
1126,4.6000000000000005,-5.3999999999999995,4,Hero,0.9971326887607574,1.0
1127,3.0,-7.0,20,Hero,0.8317741692066193,1.0
1128,4.6000000000000005,-5.3999999999999995,4,Hero,0.9956424087285995,1.0
1129,3.0999999999999996,-6.9,19,Hero,0.7422133535146713,1.0
1130,3.0,-7.0,20,Hero,0.767111424356699,1.0
1131,4.7,-5.3,3,Hero,0.4488145013650258,1.0
1132,4.9,-5.1,1,Hero,0.7641226053237915,1.0
1133,3.8000000000000007,-6.199999999999999,12,Hero,0.7967163051168124,1.0
1134,4.6000000000000005,-5.3999999999999995,4,Hero,0.9805505871772766,1.0
1135,4.300000000000001,-5.699999999999999,7,Hero,0.9173809375081744,1.0
1136,3.4000000000000004,-6.6,16,Hero,0.78068708605133,1.0
1137,-5.1,4.9,1,Villain,0.9820236563682556,1.0
1138,3.3,-6.7,17,Hero,0.720428788486649,1.0
1139,-5.8999999999999995,4.1000000000000005,9,Villain,0.820424905150301,0.9999999470180936
1140,4.1000000000000005,-5.8999999999999995,9,Hero,0.8167497350109948,1.0
1141,4.7,-5.3,3,Hero,0.5724042356014252,1.0
1142,3.2,-6.8,18,Hero,0.8951291210121579,1.0
1143,4.300000000000001,-5.699999999999999,7,Hero,0.8826769590377808,1.0
1144,3.0999999999999996,-6.9,19,Hero,0.7861856371164322,1.0
1145,3.0,-7.0,20,Hero,0.6942455843091011,1.0
1146,4.6000000000000005,-5.3999999999999995,4,Hero,0.5682891644537449,1.0
1147,3.9000000000000004,-6.1,11,Hero,0.9209352135658264,1.0
1148,3.0999999999999996,-6.9,19,Hero,0.7514376295240301,1.0
1149,4.300000000000001,-5.699999999999999,7,Hero,0.8476621423448835,1.0
1150,4.4,-5.6,6,Hero,0.9984282950560252,1.0
1151,3.4000000000000004,-6.6,16,Hero,0.7442985456436872,1.0
1152,3.9000000000000004,-6.1,11,Hero,0.7384016649289564,1.0
1153,4.2,-5.8,8,Hero,0.7831505745416507,1.0
1154,4.300000000000001,-5.699999999999999,7,Hero,0.7579941834722247,1.0
1155,3.8000000000000007,-6.199999999999999,12,Hero,0.9175490910808245,1.0
1156,4.5,-5.5,5,Hero,0.7997884370386601,1.0
1157,4.2,-5.8,8,Hero,0.8461955115199089,1.0
1158,3.6000000000000005,-6.3999999999999995,14,Hero,0.7155134433082172,1.0
1159,3.0999999999999996,-6.9,19,Hero,0.7795701397484854,1.0
1160,3.0999999999999996,-6.9,19,Hero,0.6158474166142313,1.0
1161,4.5,-5.5,5,Hero,0.9756180763244628,1.0
1162,3.8000000000000007,-6.199999999999999,12,Hero,0.8086110254128774,1.0
1163,4.2,-5.8,8,Hero,0.5706488224677742,1.0
1164,4.1000000000000005,-5.8999999999999995,9,Hero,0.740252458386951,1.0
1165,4.4,-5.6,6,Hero,0.8822685778141022,1.0
1166,3.8000000000000007,-6.199999999999999,12,Hero,0.7369070326288542,1.0
1167,4.6000000000000005,-5.3999999999999995,4,Hero,0.9910766184329987,1.0
1168,3.5,-6.5,15,Hero,0.755272360642751,1.0
1169,3.5,-6.5,15,Hero,0.8459170425931613,1.0
1170,4.4,-5.6,6,Hero,0.8059378017981847,1.0
1171,3.4000000000000004,-6.6,16,Hero,0.765721233561635,1.0
1172,3.2,-6.8,18,Hero,0.84177651670244,1.0
1173,4.4,-5.6,6,Hero,0.7154241694758335,1.0
1174,4.800000000000001,-5.199999999999999,2,Hero,0.9238854348659515,1.0
1175,4.4,-5.6,6,Hero,0.7017305145661036,1.0
1176,3.7,-6.3,13,Hero,0.7250996541518432,1.0
1177,3.0,-7.0,20,Hero,0.7814246609807014,1.0
1178,-5.8,4.2,8,Villain,0.8693676865659654,1.0
1179,4.5,-5.5,5,Hero,0.993735921382904,1.0
1180,3.6000000000000005,-6.3999999999999995,14,Hero,0.6999434573309762,1.0
1181,4.300000000000001,-5.699999999999999,7,Hero,0.8567480934517724,1.0
1182,4.0,-6.0,10,Hero,0.671747350692749,1.0
1183,3.3,-6.7,17,Hero,0.7570253014564514,1.0
1184,4.2,-5.8,8,Hero,0.9134951010346413,1.0
1185,4.4,-5.6,6,Hero,0.9891440669695536,1.0
1186,3.9000000000000004,-6.1,11,Hero,0.8832840052517977,1.0
1187,3.7,-6.3,13,Hero,0.6716093329282907,1.0
1188,4.5,-5.5,5,Hero,0.6777291655540466,1.0
1189,2.8,-7.2,22,Hero,0.7708934687755324,1.0
1190,4.2,-5.8,8,Hero,0.994014747440815,1.0
1191,3.7,-6.3,13,Hero,0.8038512147389926,1.0
1192,4.2,-5.8,8,Hero,0.9845167845487595,1.0
1193,4.4,-5.6,6,Hero,0.7429726670185725,1.0
1194,3.6000000000000005,-6.3999999999999995,14,Hero,0.9005296272890908,1.0
1195,3.0999999999999996,-6.9,19,Hero,0.6833480737711254,1.0
1196,3.7,-6.3,13,Hero,0.7687932078081828,1.0
1197,2.5999999999999996,-7.4,24,Hero,0.7911443989723921,1.0
1198,4.1000000000000005,-5.8999999999999995,9,Hero,0.878359446922938,1.0
1199,2.3999999999999995,-7.6000000000000005,26,Hero,0.7509086261001917,0.9999999954150274
1200,3.8000000000000007,-6.199999999999999,12,Hero,0.9067666778961817,1.0
1201,4.7,-5.3,3,Hero,0.9762247999509176,1.0
1202,3.4000000000000004,-6.6,16,Hero,0.7329911068081856,1.0
1203,4.300000000000001,-5.699999999999999,7,Hero,0.9096207278115409,1.0
1204,4.2,-5.8,8,Hero,0.8586646504700184,1.0
1205,4.4,-5.6,6,Hero,0.6935480485359827,1.0
1206,2.8,-7.2,22,Hero,0.812078519300981,1.0
1207,3.0999999999999996,-6.9,19,Hero,0.629060202033112,1.0
1208,3.9000000000000004,-6.1,11,Hero,0.7791303477504037,1.0
1209,3.6000000000000005,-6.3999999999999995,14,Hero,0.8474783578089305,1.0
1210,4.5,-5.5,5,Hero,0.5084768056869506,1.0
1211,4.5,-5.5,5,Hero,0.9946405768394471,1.0
1212,3.2,-6.8,18,Hero,0.8012679252359602,1.0
1213,4.9,-5.1,1,Hero,0.762027382850647,1.0
1214,4.300000000000001,-5.699999999999999,7,Hero,0.919854998588562,1.0
1215,4.4,-5.6,6,Hero,0.6637802248199781,1.0
1216,3.4000000000000004,-6.6,16,Hero,0.7080619088665117,1.0
1217,4.2,-5.8,8,Hero,0.693453673273325,1.0
1218,4.1000000000000005,-5.8999999999999995,9,Hero,0.8454813361167908,1.0
1219,3.9000000000000004,-6.1,11,Hero,0.7938393571160056,1.0
1220,4.6000000000000005,-5.3999999999999995,4,Hero,0.853846862912178,1.0
1221,4.9,-5.1,1,Hero,0.7169196605682373,1.0
1222,4.6000000000000005,-5.3999999999999995,4,Hero,0.9878445416688919,1.0
1223,4.4,-5.6,6,Hero,0.9158416986465454,1.0
1224,4.800000000000001,-5.199999999999999,2,Hero,0.9275456666946411,1.0
1225,4.1000000000000005,-5.8999999999999995,9,Hero,0.9872325526343452,1.0
1226,3.7,-6.3,13,Hero,0.7409564394217271,1.0
1227,3.9000000000000004,-6.1,11,Hero,0.682380664426918,1.0
1228,4.6000000000000005,-5.3999999999999995,4,Hero,0.9728569835424423,1.0
1229,4.1000000000000005,-5.8999999999999995,9,Hero,0.9429688586129082,1.0
1230,3.9000000000000004,-6.1,11,Hero,0.7126859440044924,1.0
1231,2.5999999999999996,-7.4,24,Hero,0.7836772607018551,1.0
1232,4.300000000000001,-5.699999999999999,7,Hero,0.7964149607079369,1.0
1233,2.4999999999999996,-7.5,25,Hero,0.6807682421803475,1.0
1234,4.4,-5.6,6,Hero,0.8732012063264847,1.0
1235,3.7,-6.3,13,Hero,0.7735092823322003,1.0
1236,3.9000000000000004,-6.1,11,Hero,0.8079904155297712,1.0
1237,2.9,-7.1,21,Hero,0.852601109516053,1.0
1238,4.2,-5.8,8,Hero,0.8200409188866615,1.0
1239,4.7,-5.3,3,Hero,0.548705148200194,1.0
1240,3.7,-6.3,13,Hero,0.7304691179440572,1.0
1241,3.3,-6.7,17,Hero,0.7871995428029228,1.0
1242,3.4000000000000004,-6.6,16,Hero,0.6943259323015809,1.0
1243,4.1000000000000005,-5.8999999999999995,9,Hero,0.7951046542988883,1.0
1244,3.5,-6.5,15,Hero,0.8163254976272583,1.0
1245,3.9000000000000004,-6.1,11,Hero,0.8522633070295508,1.0
1246,4.1000000000000005,-5.8999999999999995,9,Hero,0.8504221969180636,1.0
1247,4.6000000000000005,-5.3999999999999995,4,Hero,0.9780532121658325,1.0
1248,4.300000000000001,-5.699999999999999,7,Hero,0.9022737869194576,1.0
1249,4.4,-5.6,6,Hero,0.8619100898504257,1.0
1250,4.300000000000001,-5.699999999999999,7,Hero,0.8339920597417014,1.0
1251,3.8000000000000007,-6.199999999999999,12,Hero,0.8043638660262028,1.0
1252,4.1000000000000005,-5.8999999999999995,9,Hero,0.8561070462067922,1.0
1253,3.5,-6.5,15,Hero,0.7124654298027356,1.0
1254,2.9,-7.1,21,Hero,0.7701096885970661,1.0
1255,4.6000000000000005,-5.3999999999999995,4,Hero,0.6765913665294647,1.0
1256,2.4999999999999996,-7.5,25,Hero,0.7510431206226349,1.0
1257,4.1000000000000005,-5.8999999999999995,9,Hero,0.9402080310715569,1.0
1258,4.800000000000001,-5.199999999999999,2,Hero,0.9270894527435303,1.0
1259,-5.8,4.2,8,Villain,0.9030777588486671,1.0
1260,3.8000000000000007,-6.199999999999999,12,Hero,0.7306620888411999,1.0
1261,4.1000000000000005,-5.8999999999999995,9,Hero,0.9934032956759135,1.0
1262,4.4,-5.6,6,Hero,0.6731432992964983,1.0
1263,-5.199999999999999,4.800000000000001,2,Villain,0.7975067496299744,1.0
1264,3.3,-6.7,17,Hero,0.8046283669331494,1.0
1265,4.2,-5.8,8,Hero,0.7770243547856808,1.0
1266,4.0,-6.0,10,Hero,0.7668145209550857,1.0
1267,2.6999999999999997,-7.300000000000001,23,Hero,0.7967499497791996,1.0
1268,4.5,-5.5,5,Hero,0.9508201837539673,1.0
1269,3.8000000000000007,-6.199999999999999,12,Hero,0.9245929718017578,1.0
1270,4.0,-6.0,10,Hero,0.9377182126045227,1.0
1271,-5.5,4.5,5,Villain,0.7822620034217834,1.0
1272,3.9000000000000004,-6.1,11,Hero,0.8373307098041881,1.0
1273,-5.699999999999999,4.300000000000001,7,Villain,0.7751892230340413,1.0
1274,4.800000000000001,-5.199999999999999,2,Hero,0.9895261228084564,1.0
1275,4.0,-6.0,10,Hero,0.9415440678596496,1.0
1276,4.800000000000001,-5.199999999999999,2,Hero,0.7116794288158417,1.0
1277,4.9,-5.1,1,Hero,0.1567964404821396,1.0
1278,4.800000000000001,-5.199999999999999,2,Hero,0.974300354719162,1.0
1279,4.0,-6.0,10,Hero,0.7457236051559448,1.0
1280,4.1000000000000005,-5.8999999999999995,9,Hero,0.8653323186768426,1.0
1281,4.0,-6.0,10,Hero,0.9580042123794555,1.0
1282,4.800000000000001,-5.199999999999999,2,Hero,0.8703072667121887,1.0
1283,3.9000000000000004,-6.1,11,Hero,0.721246445720846,1.0
1284,4.2,-5.8,8,Hero,0.7437221081927419,1.0
1285,4.300000000000001,-5.699999999999999,7,Hero,0.8352399340697697,1.0
1286,-5.5,4.5,5,Villain,0.5831312194466591,1.0
1287,3.5,-6.5,15,Hero,0.6988873707751433,1.0
1288,4.5,-5.5,5,Hero,0.9856679558753967,1.0
1289,4.5,-5.5,5,Hero,0.996859335899353,1.0
1290,3.7,-6.3,13,Hero,0.8184826190655048,1.0
1291,3.6000000000000005,-6.3999999999999995,14,Hero,0.7050405644944736,1.0
1292,3.8000000000000007,-6.199999999999999,12,Hero,0.8481973831852277,1.0
1293,3.8000000000000007,-6.199999999999999,12,Hero,0.7499074339866638,1.0
1294,4.300000000000001,-5.699999999999999,7,Hero,0.7634867302009037,1.0
1295,4.300000000000001,-5.699999999999999,7,Hero,0.9941721132823399,1.0
1296,4.1000000000000005,-5.8999999999999995,9,Hero,0.9407378103997972,1.0
1297,3.2,-6.8,18,Hero,0.8045918155047629,1.0
1298,4.0,-6.0,10,Hero,0.9210290253162384,1.0
1299,4.6000000000000005,-5.3999999999999995,4,Hero,0.8270348161458969,1.0
1300,3.8000000000000007,-6.199999999999999,12,Hero,0.8694155166546503,1.0
1301,-5.3,4.7,3,Villain,0.696564793586731,1.0
1302,3.2,-6.8,18,Hero,0.70682393014431,1.0
1303,4.300000000000001,-5.699999999999999,7,Hero,0.7329074740409851,1.0
1304,4.5,-5.5,5,Hero,0.7235148757696152,1.0
1305,4.300000000000001,-5.699999999999999,7,Hero,0.8182383243526731,1.0
1306,4.6000000000000005,-5.3999999999999995,4,Hero,0.7735340148210526,1.0
1307,4.5,-5.5,5,Hero,0.9341850876808167,1.0
1308,4.2,-5.8,8,Hero,0.8898434564471245,1.0
1309,2.8,-7.2,22,Hero,0.821470093998042,1.0
1310,4.0,-6.0,10,Hero,0.9119761824607849,1.0
1311,4.0,-6.0,10,Hero,0.9142187714576722,1.0
1312,4.0,-6.0,10,Hero,0.8517282992601395,1.0
1313,4.1000000000000005,-5.8999999999999995,9,Hero,0.8150214747422271,1.0
1314,3.9000000000000004,-6.1,11,Hero,0.8081410771066492,1.0
1315,4.9,-5.1,1,Hero,0.822347104549408,1.0
1316,3.9000000000000004,-6.1,11,Hero,0.8940576748414473,1.0
1317,4.5,-5.5,5,Hero,0.9355478882789612,1.0
1318,4.6000000000000005,-5.3999999999999995,4,Hero,0.7101666517555714,1.0
1319,4.2,-5.8,8,Hero,0.9959235712885857,1.0
1320,4.1000000000000005,-5.8999999999999995,9,Hero,0.9917877780066596,1.0
1321,3.8000000000000007,-6.199999999999999,12,Hero,0.8614894524216652,1.0
1322,2.9,-7.1,21,Hero,0.8008806428739003,1.0
1323,3.9000000000000004,-6.1,11,Hero,0.6856613186272708,1.0
1324,4.7,-5.3,3,Hero,0.7253430485725403,1.0
1325,4.2,-5.8,8,Hero,0.6533157825469971,1.0
1326,-5.699999999999999,4.300000000000001,7,Villain,0.6812134560729776,1.0
1327,4.1000000000000005,-5.8999999999999995,9,Hero,0.7571821990940306,1.0
1328,4.6000000000000005,-5.3999999999999995,4,Hero,0.8882087171077728,1.0
1329,3.8000000000000007,-6.199999999999999,12,Hero,0.8465761169791222,1.0
1330,4.2,-5.8,8,Hero,0.9293763712048531,1.0
1331,4.6000000000000005,-5.3999999999999995,4,Hero,0.8233381360769272,1.0
1332,4.5,-5.5,5,Hero,0.992032814025879,1.0
1333,4.300000000000001,-5.699999999999999,7,Hero,0.993608900478908,1.0
1334,2.5999999999999996,-7.4,24,Hero,0.793220664995412,1.0
1335,4.4,-5.6,6,Hero,0.7916940400997797,1.0
1336,3.8000000000000007,-6.199999999999999,12,Hero,0.8577799747387568,1.0
1337,4.300000000000001,-5.699999999999999,7,Hero,0.8889375499316624,1.0
1338,4.7,-5.3,3,Hero,0.7874952256679535,1.0
1339,4.2,-5.8,8,Hero,0.7609617784619331,1.0
1340,4.300000000000001,-5.699999999999999,7,Hero,0.9836387974875314,1.0
1341,4.300000000000001,-5.699999999999999,7,Hero,0.9238311648368835,1.0
1342,4.1000000000000005,-5.8999999999999995,9,Hero,0.7667968538072374,1.0
1343,2.5999999999999996,-7.4,24,Hero,0.8267484307289124,1.0
1344,-5.6,4.4,6,Villain,0.8475930293401083,1.0
1345,4.4,-5.6,6,Hero,0.8779381861289343,1.0
1346,4.6000000000000005,-5.3999999999999995,4,Hero,0.9822698384523392,1.0
1347,3.3,-6.7,17,Hero,0.7077771631233832,1.0
1348,3.5,-6.5,15,Hero,0.7422781437635422,1.0
1349,4.9,-5.1,1,Hero,0.9420268535614014,1.0
1350,3.2,-6.8,18,Hero,0.8371885634130902,1.0
1351,4.0,-6.0,10,Hero,0.8945188999176026,1.0
1352,4.4,-5.6,6,Hero,0.8747833172480265,1.0
1353,3.0,-7.0,20,Hero,0.7870433822274208,1.0
1354,2.8,-7.2,22,Hero,0.7702936899255622,1.0
1355,4.0,-6.0,10,Hero,0.8477772325277328,1.0
1356,3.0999999999999996,-6.9,19,Hero,0.759116541398199,1.0
1357,3.7,-6.3,13,Hero,0.6665650101808401,1.0
1358,4.5,-5.5,5,Hero,0.9094628930091858,1.0
1359,4.300000000000001,-5.699999999999999,7,Hero,0.7862540526049477,1.0
1360,2.6999999999999997,-7.300000000000001,23,Hero,0.8068788945674896,1.0
1361,3.6000000000000005,-6.3999999999999995,14,Hero,0.7319387351827962,1.0
1362,4.7,-5.3,3,Hero,0.8327901562054952,1.0
1363,3.2,-6.8,18,Hero,0.8625397847758399,1.0
1364,3.2,-6.8,18,Hero,0.8453768905666139,1.0
1365,4.800000000000001,-5.199999999999999,2,Hero,0.7178225219249725,1.0
1366,3.9000000000000004,-6.1,11,Hero,0.8090126622806896,1.0
1367,2.8,-7.2,22,Hero,0.8260755864056674,1.0
1368,4.5,-5.5,5,Hero,0.48948434442281724,1.0
1369,2.5999999999999996,-7.4,24,Hero,0.7918919064104557,1.0
1370,2.5999999999999996,-7.4,24,Hero,0.7977287781735262,1.0
1371,4.5,-5.5,5,Hero,0.7418525993824006,1.0
1372,2.9,-7.1,21,Hero,0.8407694314207349,1.0
1373,4.300000000000001,-5.699999999999999,7,Hero,0.783830063683646,1.0
1374,2.9,-7.1,21,Hero,0.7518235973659015,1.0
1375,3.2,-6.8,18,Hero,0.7847553524706099,1.0
1376,4.9,-5.1,1,Hero,0.9564188122749329,1.0
1377,4.5,-5.5,5,Hero,0.677971574664116,1.0
1378,3.4000000000000004,-6.6,16,Hero,0.7555701341480017,1.0
1379,3.8000000000000007,-6.199999999999999,12,Hero,0.7762373462319374,1.0
1380,4.5,-5.5,5,Hero,0.9970677495002747,1.0
1381,4.2,-5.8,8,Hero,0.7244572136551142,1.0
1382,3.0,-7.0,20,Hero,0.814872908219695,1.0
1383,4.4,-5.6,6,Hero,0.996504137913386,1.0
1384,3.6000000000000005,-6.3999999999999995,14,Hero,0.8673630271639142,1.0
1385,4.5,-5.5,5,Hero,0.722381392121315,1.0
1386,-5.5,4.5,5,Villain,0.7777098797261714,1.0
1387,4.2,-5.8,8,Hero,0.9981911703944206,1.0
1388,3.7,-6.3,13,Hero,0.7301921798632696,1.0
1389,3.8000000000000007,-6.199999999999999,12,Hero,0.8125815168023109,1.0
1390,1.6999999999999988,-8.3,33,Hero,0.6771454751265772,1.0
1391,4.7,-5.3,3,Hero,0.9928628404935201,1.0
1392,4.5,-5.5,5,Hero,0.9761395215988159,1.0
1393,3.9000000000000004,-6.1,11,Hero,0.8032977973872965,1.0
1394,3.0999999999999996,-6.9,19,Hero,0.8158095149617446,1.0
1395,3.6000000000000005,-6.3999999999999995,14,Hero,0.7378350219556263,1.0
1396,4.2,-5.8,8,Hero,0.8471330851316452,1.0
1397,3.9000000000000004,-6.1,11,Hero,0.7834180972792886,1.0
1398,4.800000000000001,-5.199999999999999,2,Hero,0.87656369805336,1.0
1399,3.7,-6.3,13,Hero,0.8078569907408494,1.0
1400,4.0,-6.0,10,Hero,0.9488754808902741,1.0
1401,4.7,-5.3,3,Hero,0.9912165999412537,1.0
1402,2.4999999999999996,-7.5,25,Hero,0.8236063653230667,1.0
1403,2.8,-7.2,22,Hero,0.7194663685831156,1.0
1404,2.8,-7.2,22,Hero,0.7122237540104173,1.0
1405,4.0,-6.0,10,Hero,0.9506969690322876,1.0
1406,3.7,-6.3,13,Hero,0.8327285945415497,1.0
1407,4.9,-5.1,1,Hero,0.9201847910881042,1.0
1408,3.5,-6.5,15,Hero,0.7598904237151146,1.0
1409,4.2,-5.8,8,Hero,0.8864779844880104,1.0
1410,4.4,-5.6,6,Hero,0.7406452099482218,1.0
1411,3.4000000000000004,-6.6,16,Hero,0.6760185044258833,1.0
1412,-5.3,4.7,3,Villain,0.3643512303630511,1.0
1413,3.0,-7.0,20,Hero,0.7534236870706081,1.0
1414,3.4000000000000004,-6.6,16,Hero,0.89130087941885,1.0
1415,3.8000000000000007,-6.199999999999999,12,Hero,0.8652655134598414,1.0
1416,2.4999999999999996,-7.5,25,Hero,0.8107981407642364,1.0
1417,3.9000000000000004,-6.1,11,Hero,0.8349386155605316,1.0
1418,4.0,-6.0,10,Hero,0.9512154161930084,1.0
1419,4.300000000000001,-5.699999999999999,7,Hero,0.828026797090258,1.0
1420,4.2,-5.8,8,Hero,0.9443859085440636,1.0
1421,2.9,-7.1,21,Hero,0.7363606989383698,1.0
1422,3.2,-6.8,18,Hero,0.8073934064143233,1.0
1423,2.8,-7.2,22,Hero,0.8132673782211813,1.0
1424,4.1000000000000005,-5.8999999999999995,9,Hero,0.9307484229405721,1.0
1425,3.4000000000000004,-6.6,16,Hero,0.8570757210254669,1.0
1426,4.4,-5.6,6,Hero,0.9794864157835642,1.0
1427,3.8000000000000007,-6.199999999999999,12,Hero,0.7022639370212952,1.0
1428,2.3999999999999995,-7.6000000000000005,26,Hero,0.7459547978181106,1.0
1429,4.2,-5.8,8,Hero,0.8265571594238281,1.0
1430,4.6000000000000005,-5.3999999999999995,4,Hero,0.9952770322561264,1.0
1431,4.5,-5.5,5,Hero,0.957466435432434,1.0
1432,4.0,-6.0,10,Hero,0.9269594669342041,1.0
1433,3.4000000000000004,-6.6,16,Hero,0.7667942773550749,1.0
1434,4.6000000000000005,-5.3999999999999995,4,Hero,0.9906920045614243,1.0
1435,4.300000000000001,-5.699999999999999,7,Hero,0.7446276226214,1.0
1436,3.9000000000000004,-6.1,11,Hero,0.8880322765220295,1.0
1437,3.7,-6.3,13,Hero,0.7342676084775192,1.0
1438,3.4000000000000004,-6.6,16,Hero,0.747314577922225,1.0
1439,4.800000000000001,-5.199999999999999,2,Hero,0.9857105612754822,1.0
1440,4.9,-5.1,1,Hero,0.9482678771018982,1.0
1441,2.5999999999999996,-7.4,24,Hero,0.8591959799329439,1.0
1442,4.9,-5.1,1,Hero,0.5151797533035278,1.0
1443,2.5999999999999996,-7.4,24,Hero,0.8139989847938219,1.0
1444,3.8000000000000007,-6.199999999999999,12,Hero,0.8043302951070169,1.0
1445,4.7,-5.3,3,Hero,0.7942405740420023,1.0
1446,2.5999999999999996,-7.4,24,Hero,0.6623941243936619,1.0
1447,3.2,-6.8,18,Hero,0.6273878562367625,1.0
1448,3.9000000000000004,-6.1,11,Hero,0.7471260482614691,1.0
1449,2.9,-7.1,21,Hero,0.7414830454758236,1.0
1450,4.1000000000000005,-5.8999999999999995,9,Hero,0.8816581765810648,1.0
1451,4.5,-5.5,5,Hero,0.9941120266914367,1.0
1452,4.5,-5.5,5,Hero,0.6848036378622055,1.0
1453,4.1000000000000005,-5.8999999999999995,9,Hero,0.793469433983167,1.0
1454,3.5,-6.5,15,Hero,0.6383929173151652,1.0
1455,4.7,-5.3,3,Hero,0.6103154271841049,1.0
1456,4.0,-6.0,10,Hero,0.7139033675193787,1.0
1457,4.2,-5.8,8,Hero,0.8736359179019928,1.0
1458,4.6000000000000005,-5.3999999999999995,4,Hero,0.8547844886779785,1.0
1459,3.0,-7.0,20,Hero,0.7514403786510229,1.0
1460,4.300000000000001,-5.699999999999999,7,Hero,0.8682122911725726,1.0
1461,4.5,-5.5,5,Hero,0.6740941226482391,1.0
1462,2.9,-7.1,21,Hero,0.7384523315621274,1.0
1463,4.300000000000001,-5.699999999999999,7,Hero,0.9146931426865714,1.0
1464,4.4,-5.6,6,Hero,0.737947995464007,1.0
1465,3.9000000000000004,-6.1,11,Hero,0.6662593944506212,1.0
1466,4.300000000000001,-5.699999999999999,7,Hero,0.7217246975217547,1.0
1467,4.6000000000000005,-5.3999999999999995,4,Hero,0.7411666810512543,1.0
1468,4.300000000000001,-5.699999999999999,7,Hero,0.8217427091939109,1.0
1469,4.7,-5.3,3,Hero,0.987553616364797,1.0
1470,3.4000000000000004,-6.6,16,Hero,0.8362634798977524,1.0
1471,4.1000000000000005,-5.8999999999999995,9,Hero,0.7566365434063805,1.0
1472,3.8000000000000007,-6.199999999999999,12,Hero,0.8387252042690913,1.0
1473,4.6000000000000005,-5.3999999999999995,4,Hero,0.8637711703777313,1.0
1474,3.6000000000000005,-6.3999999999999995,14,Hero,0.7647755593061447,1.0
1475,4.800000000000001,-5.199999999999999,2,Hero,0.6894556879997253,1.0
1476,3.8000000000000007,-6.199999999999999,12,Hero,0.7044090082248052,1.0
1477,3.7,-6.3,13,Hero,0.7553591980383947,1.0
1478,3.6000000000000005,-6.3999999999999995,14,Hero,0.7766074405184814,1.0
1479,3.8000000000000007,-6.199999999999999,12,Hero,0.7773045127590498,1.0
1480,4.6000000000000005,-5.3999999999999995,4,Hero,0.9719879925251007,1.0
1481,4.0,-6.0,10,Hero,0.9642129182815552,1.0
1482,4.300000000000001,-5.699999999999999,7,Hero,0.9833604948861259,1.0
1483,4.2,-5.8,8,Hero,0.9987360313534737,1.0
1484,4.300000000000001,-5.699999999999999,7,Hero,0.9342378973960876,1.0
1485,3.3,-6.7,17,Hero,0.7699815438074225,1.0
1486,4.1000000000000005,-5.8999999999999995,9,Hero,0.8900762738453017,1.0
1487,3.9000000000000004,-6.1,11,Hero,0.7452969645911997,1.0
1488,4.300000000000001,-5.699999999999999,7,Hero,0.8551976425307137,1.0
1489,2.8,-7.2,22,Hero,0.8000046705657785,1.0
1490,4.0,-6.0,10,Hero,0.9148991465568542,1.0
1491,4.5,-5.5,5,Hero,0.9620922803878784,1.0
1492,3.9000000000000004,-6.1,11,Hero,0.7631774707274004,1.0
1493,4.300000000000001,-5.699999999999999,7,Hero,0.9260981678962708,1.0
1494,3.9000000000000004,-6.1,11,Hero,0.7146002677353945,1.0
1495,3.6000000000000005,-6.3999999999999995,14,Hero,0.7947986466544015,1.0
1496,4.2,-5.8,8,Hero,0.8618007451295853,1.0
1497,3.5,-6.5,15,Hero,0.7198115477959315,1.0
1498,4.300000000000001,-5.699999999999999,7,Hero,0.725742904735463,1.0
1499,3.8000000000000007,-6.199999999999999,12,Hero,0.8155342762668928,1.0
1500,4.1000000000000005,-5.8999999999999995,9,Hero,0.9332434203889635,1.0
1501,4.5,-5.5,5,Hero,0.7849709749221802,1.0
1502,3.9000000000000004,-6.1,11,Hero,0.897435648874803,1.0
1503,2.4999999999999996,-7.5,25,Hero,0.6615577305108309,1.0
1504,4.300000000000001,-5.699999999999999,7,Hero,0.888868761914117,1.0
1505,2.8,-7.2,22,Hero,0.7422089048407294,1.0
1506,4.4,-5.6,6,Hero,0.8166806995868683,1.0
1507,4.4,-5.6,6,Hero,0.7160335530837377,1.0
1508,4.6000000000000005,-5.3999999999999995,4,Hero,0.9898455590009689,1.0
1509,4.4,-5.6,6,Hero,0.9120115339756012,1.0
1510,4.300000000000001,-5.699999999999999,7,Hero,0.9141501060553959,1.0
1511,4.300000000000001,-5.699999999999999,7,Hero,0.9211294480732509,1.0
1512,3.8000000000000007,-6.199999999999999,12,Hero,0.8459168622891108,1.0
1513,3.4000000000000004,-6.6,16,Hero,0.7845286512747407,1.0
1514,-5.1,4.9,1,Villain,0.5251350998878479,1.0
1515,4.5,-5.5,5,Hero,0.5760203272104263,1.0
1516,4.1000000000000005,-5.8999999999999995,9,Hero,0.9999105797873603,1.0
1517,4.2,-5.8,8,Hero,0.8794934609904885,1.0
1518,2.5999999999999996,-7.4,24,Hero,0.7371654820938905,1.0
1519,4.300000000000001,-5.699999999999999,7,Hero,0.6292559445968696,1.0
1520,4.1000000000000005,-5.8999999999999995,9,Hero,0.9124946792920431,1.0
1521,3.7,-6.3,13,Hero,0.7945306427203692,1.0
1522,4.4,-5.6,6,Hero,0.7031733070810636,1.0
1523,4.4,-5.6,6,Hero,0.7262648493051529,1.0
1524,3.5,-6.5,15,Hero,0.7893717226882776,1.0
1525,4.300000000000001,-5.699999999999999,7,Hero,0.7448469698429108,1.0
1526,4.5,-5.5,5,Hero,0.9135968804359436,1.0
1527,4.0,-6.0,10,Hero,0.8306127339601517,1.0
1528,4.1000000000000005,-5.8999999999999995,9,Hero,0.9912417266103957,1.0
1529,3.6000000000000005,-6.3999999999999995,14,Hero,0.7133577764034271,1.0
1530,3.9000000000000004,-6.1,11,Hero,0.8985903534022245,1.0
1531,4.4,-5.6,6,Hero,0.955085963010788,1.0
1532,3.6000000000000005,-6.3999999999999995,14,Hero,0.735537160720144,1.0
1533,4.300000000000001,-5.699999999999999,7,Hero,0.9326256343296596,1.0
1534,4.1000000000000005,-5.8999999999999995,9,Hero,0.9201646645863851,1.0
1535,4.4,-5.6,6,Hero,0.6326552418371042,1.0
1536,4.7,-5.3,3,Hero,0.9978635708491007,1.0
1537,4.300000000000001,-5.699999999999999,7,Hero,0.8921618802206857,1.0
1538,4.0,-6.0,10,Hero,0.949884444475174,1.0
1539,3.7,-6.3,13,Hero,0.8735974774910853,1.0
1540,4.1000000000000005,-5.8999999999999995,9,Hero,0.9937066104676988,1.0
1541,4.4,-5.6,6,Hero,0.9232609073321024,1.0
1542,4.0,-6.0,10,Hero,0.8481357961893081,1.0
1543,3.8000000000000007,-6.199999999999999,12,Hero,0.7866329277555147,1.0
1544,4.6000000000000005,-5.3999999999999995,4,Hero,0.8288318961858749,1.0
1545,4.2,-5.8,8,Hero,0.758418146520853,1.0
1546,3.4000000000000004,-6.6,16,Hero,0.7609932254999876,1.0
1547,3.5,-6.5,15,Hero,0.8674712578455607,1.0
1548,3.0999999999999996,-6.9,19,Hero,0.6682258348323797,1.0
1549,4.1000000000000005,-5.8999999999999995,9,Hero,0.7534865140914917,1.0
1550,2.6999999999999997,-7.300000000000001,23,Hero,0.7717894576489925,1.0
1551,4.6000000000000005,-5.3999999999999995,4,Hero,0.9783750027418137,1.0
1552,4.2,-5.8,8,Hero,0.9577245637774467,1.0
1553,3.8000000000000007,-6.199999999999999,12,Hero,0.7047140449285507,1.0
1554,3.9000000000000004,-6.1,11,Hero,0.8673980263146487,1.0
1555,3.9000000000000004,-6.1,11,Hero,0.8408139998262579,1.0
1556,4.6000000000000005,-5.3999999999999995,4,Hero,0.8294180929660797,1.0
1557,4.6000000000000005,-5.3999999999999995,4,Hero,0.9996826350688934,1.0
1558,3.5,-6.5,15,Hero,0.821408083041509,1.0
1559,4.0,-6.0,10,Hero,0.7666889235377312,1.0
1560,3.8000000000000007,-6.199999999999999,12,Hero,0.7949937681357065,1.0
1561,4.0,-6.0,10,Hero,0.8149683237075805,1.0
1562,4.0,-6.0,10,Hero,0.8991567739285529,1.0
1563,3.8000000000000007,-6.199999999999999,12,Hero,0.8116729731361071,1.0
1564,4.4,-5.6,6,Hero,0.8211584786574045,1.0
1565,4.1000000000000005,-5.8999999999999995,9,Hero,0.8078756531079611,1.0
1566,4.2,-5.8,8,Hero,0.8540228120982647,1.0
1567,4.7,-5.3,3,Hero,0.713245247801145,1.0
1568,4.5,-5.5,5,Hero,0.7163078725337982,1.0
1569,4.4,-5.6,6,Hero,0.8576106826464335,1.0
1570,4.5,-5.5,5,Hero,0.8130518049001694,1.0
1571,3.5,-6.5,15,Hero,0.7583232998847962,1.0
1572,4.300000000000001,-5.699999999999999,7,Hero,0.8566726963700992,1.0
1573,4.2,-5.8,8,Hero,0.8069763481616974,1.0
1574,4.6000000000000005,-5.3999999999999995,4,Hero,0.7215527109801769,1.0
1575,3.2,-6.8,18,Hero,0.8420330468151305,1.0
1576,4.0,-6.0,10,Hero,0.7868502199649811,1.0
1577,2.8,-7.2,22,Hero,0.8392642560330305,1.0
1578,3.8000000000000007,-6.199999999999999,12,Hero,0.9141214539607366,1.0
1579,3.4000000000000004,-6.6,16,Hero,0.811795019544661,1.0
1580,4.6000000000000005,-5.3999999999999995,4,Hero,0.7860996909439564,1.0
1581,3.9000000000000004,-6.1,11,Hero,0.7999000766060569,1.0
1582,4.4,-5.6,6,Hero,0.6129349147280058,1.0
1583,3.7,-6.3,13,Hero,0.8442820929563962,1.0
1584,4.5,-5.5,5,Hero,0.9861842036247254,1.0
1585,4.2,-5.8,8,Hero,0.8064873116090894,1.0
1586,4.800000000000001,-5.199999999999999,2,Hero,0.9979574978351593,1.0
1587,3.7,-6.3,13,Hero,0.7897430578103433,1.0
1588,2.6999999999999997,-7.300000000000001,23,Hero,0.7671157432639081,1.0
1589,3.9000000000000004,-6.1,11,Hero,0.900052775036205,1.0
1590,3.5,-6.5,15,Hero,0.6401098286112149,1.0
1591,3.9000000000000004,-6.1,11,Hero,0.8762962195006284,1.0
1592,3.3,-6.7,17,Hero,0.7240918822148267,1.0
1593,4.5,-5.5,5,Hero,0.9833302974700928,1.0
1594,3.6000000000000005,-6.3999999999999995,14,Hero,0.7123066708445549,1.0
1595,3.5,-6.5,15,Hero,0.7180286345382532,1.0
1596,3.9000000000000004,-6.1,11,Hero,0.8565567217089913,1.0
1597,3.9000000000000004,-6.1,11,Hero,0.8198622546412728,1.0
1598,4.5,-5.5,5,Hero,0.7152791142463684,1.0
1599,3.0999999999999996,-6.9,19,Hero,0.7471551303016511,1.0
1600,3.5,-6.5,15,Hero,0.7553645856678486,1.0
1601,4.1000000000000005,-5.8999999999999995,9,Hero,0.7050897992319531,1.0
1602,4.800000000000001,-5.199999999999999,2,Hero,0.7089125216007233,1.0
1603,3.7,-6.3,13,Hero,0.727530735043379,1.0
1604,3.5,-6.5,15,Hero,0.7486310258507729,1.0
1605,3.5,-6.5,15,Hero,0.618621809532245,1.0
1606,3.0999999999999996,-6.9,19,Hero,0.7646464658410925,1.0
1607,3.6000000000000005,-6.3999999999999995,14,Hero,0.7147197430687291,1.0
1608,3.0,-7.0,20,Hero,0.7467754915356636,1.0
1609,4.1000000000000005,-5.8999999999999995,9,Hero,0.7821098673674796,1.0
1610,4.5,-5.5,5,Hero,0.9775889039039611,1.0
1611,4.0,-6.0,10,Hero,0.7231417063623666,1.0
1612,4.300000000000001,-5.699999999999999,7,Hero,0.9810364076069423,1.0
1613,3.5,-6.5,15,Hero,0.646039834121863,1.0
1614,4.2,-5.8,8,Hero,0.8063898906111717,1.0
1615,4.4,-5.6,6,Hero,0.8830980062484741,1.0
1616,4.9,-5.1,1,Hero,0.9038405418395996,1.0
1617,4.5,-5.5,5,Hero,0.813213586807251,1.0
1618,3.4000000000000004,-6.6,16,Hero,0.8052076259627938,1.0
1619,4.5,-5.5,5,Hero,0.855379056930542,1.0
1620,3.6000000000000005,-6.3999999999999995,14,Hero,0.7924938606364387,1.0
1621,4.5,-5.5,5,Hero,0.9995429158210755,1.0
1622,-5.5,4.5,5,Villain,0.7662118434906006,1.0
1623,4.4,-5.6,6,Hero,0.966247171163559,1.0
1624,4.2,-5.8,8,Hero,0.9282231479883194,1.0
1625,4.1000000000000005,-5.8999999999999995,9,Hero,0.9527536829312643,1.0
1626,4.1000000000000005,-5.8999999999999995,9,Hero,0.9259262614780002,1.0
1627,-5.1,4.9,1,Villain,0.9999991655349731,1.0
1628,3.5,-6.5,15,Hero,0.756697432200114,1.0
1629,4.0,-6.0,10,Hero,0.9208818972110748,1.0
1630,2.8,-7.2,22,Hero,0.8459135890007019,1.0
1631,4.0,-6.0,10,Hero,0.8510077502578497,1.0
1632,3.3,-6.7,17,Hero,0.8257759336163016,1.0
1633,3.8000000000000007,-6.199999999999999,12,Hero,0.8223695531487465,1.0
1634,3.8000000000000007,-6.199999999999999,12,Hero,0.7707295392950376,1.0
1635,4.9,-5.1,1,Hero,0.9996172189712524,1.0
1636,3.4000000000000004,-6.6,16,Hero,0.7798894131556153,1.0
1637,4.300000000000001,-5.699999999999999,7,Hero,0.9063062582697187,1.0
1638,4.5,-5.5,5,Hero,0.8145378649234771,1.0
1639,2.3999999999999995,-7.6000000000000005,26,Hero,0.8142272142263559,1.0
1640,2.3999999999999995,-7.6000000000000005,26,Hero,0.7979908740291228,1.0
1641,3.9000000000000004,-6.1,11,Hero,0.9073653492060575,1.0
1642,4.0,-6.0,10,Hero,0.860291588306427,1.0
1643,3.9000000000000004,-6.1,11,Hero,0.7032939872958444,1.0
1644,4.7,-5.3,3,Hero,0.9969464937845866,1.0
1645,4.2,-5.8,8,Hero,0.9675730466842651,1.0
1646,4.300000000000001,-5.699999999999999,7,Hero,0.9992763144629342,1.0
1647,4.2,-5.8,8,Hero,0.9998033344745636,1.0
1648,4.4,-5.6,6,Hero,0.8670316735903422,1.0
1649,3.6000000000000005,-6.3999999999999995,14,Hero,0.693022673417415,1.0
1650,4.0,-6.0,10,Hero,0.7900348871946334,1.0
1651,3.5,-6.5,15,Hero,0.6747505438824495,1.0
1652,4.1000000000000005,-5.8999999999999995,9,Hero,0.9960387349128723,1.0
1653,4.1000000000000005,-5.8999999999999995,9,Hero,0.7143201678991318,1.0
1654,3.3,-6.7,17,Hero,0.7859105871004217,1.0
1655,3.2,-6.8,18,Hero,0.6883682062228521,1.0
1656,3.6000000000000005,-6.3999999999999995,14,Hero,0.8248831392931086,1.0
1657,4.7,-5.3,3,Hero,0.9861635565757751,1.0
1658,-5.5,4.5,5,Villain,0.601469099521637,1.0
1659,4.2,-5.8,8,Hero,0.846399437636137,1.0
1660,2.8,-7.2,22,Hero,0.769269006496126,1.0
1661,4.2,-5.8,8,Hero,0.9271993488073349,1.0
1662,4.5,-5.5,5,Hero,0.9173967123031617,1.0
1663,4.1000000000000005,-5.8999999999999995,9,Hero,0.9344016710917155,1.0
1664,4.300000000000001,-5.699999999999999,7,Hero,0.9212601695741925,1.0
1665,3.8000000000000007,-6.199999999999999,12,Hero,0.7811045410732428,1.0
1666,3.6000000000000005,-6.3999999999999995,14,Hero,0.8595425082104546,1.0
1667,4.0,-6.0,10,Hero,0.9241031289100647,1.0
1668,4.1000000000000005,-5.8999999999999995,9,Hero,0.6529155770937601,1.0
1669,2.8,-7.2,22,Hero,0.8347797556356951,1.0
1670,4.6000000000000005,-5.3999999999999995,4,Hero,0.7046915516257286,1.0
1671,2.9,-7.1,21,Hero,0.7956868473972593,1.0
1672,4.7,-5.3,3,Hero,0.9949639439582825,1.0
1673,4.1000000000000005,-5.8999999999999995,9,Hero,0.9949674076504178,1.0
1674,4.4,-5.6,6,Hero,0.7714235236247381,1.0
1675,3.9000000000000004,-6.1,11,Hero,0.8838298754258589,1.0
1676,3.9000000000000004,-6.1,11,Hero,0.8330786255272952,1.0
1677,4.0,-6.0,10,Hero,0.7577967345714569,1.0
1678,3.7,-6.3,13,Hero,0.8787317780347971,1.0
1679,3.5,-6.5,15,Hero,0.7791502743959426,1.0
1680,4.800000000000001,-5.199999999999999,2,Hero,0.9885204136371613,1.0
1681,4.0,-6.0,10,Hero,0.6966413341462612,1.0
1682,3.9000000000000004,-6.1,11,Hero,0.8837726034901359,1.0
1683,4.4,-5.6,6,Hero,0.7710650165875753,1.0
1684,4.2,-5.8,8,Hero,0.9059880077838898,1.0
1685,2.9,-7.1,21,Hero,0.7371314820789155,1.0
1686,4.4,-5.6,6,Hero,0.9981342256069183,1.0
1687,4.0,-6.0,10,Hero,0.8754862546920776,1.0
1688,4.1000000000000005,-5.8999999999999995,9,Hero,0.7459641612238355,1.0
1689,4.0,-6.0,10,Hero,0.7727204501628876,1.0
1690,3.8000000000000007,-6.199999999999999,12,Hero,0.818343443175157,1.0
1691,3.7,-6.3,13,Hero,0.8602227580088836,1.0
1692,4.5,-5.5,5,Hero,0.9021257162094116,1.0
1693,3.3,-6.7,17,Hero,0.7978167113135842,1.0
1694,-5.1,4.9,1,Villain,0.9995985627174377,1.0
1695,4.0,-6.0,10,Hero,0.8743474669754505,1.0
1696,4.1000000000000005,-5.8999999999999995,9,Hero,0.9988820619053311,1.0
1697,4.1000000000000005,-5.8999999999999995,9,Hero,0.7495331962903341,1.0
1698,3.7,-6.3,13,Hero,0.7089972404333261,1.0
1699,4.9,-5.1,1,Hero,0.9870610237121582,1.0
1700,3.2,-6.8,18,Hero,0.7435569001568688,1.0
1701,4.9,-5.1,1,Hero,0.9769735932350159,1.0
1702,4.300000000000001,-5.699999999999999,7,Hero,0.9989655784198216,1.0
1703,4.5,-5.5,5,Hero,0.9988299250602722,1.0
1704,-5.199999999999999,4.800000000000001,2,Villain,0.9956563711166382,1.0
1705,4.7,-5.3,3,Hero,0.6063430892924467,1.0
1706,4.1000000000000005,-5.8999999999999995,9,Hero,0.9315390156375037,1.0
1707,4.0,-6.0,10,Hero,0.9503586173057557,1.0
1708,4.2,-5.8,8,Hero,0.7564511857926846,1.0
1709,3.2,-6.8,18,Hero,0.7683096047904756,1.0
1710,4.4,-5.6,6,Hero,0.8139197280009588,1.0
1711,4.1000000000000005,-5.8999999999999995,9,Hero,0.715934134191937,1.0
1712,3.6000000000000005,-6.3999999999999995,14,Hero,0.7425904391067368,1.0
1713,3.9000000000000004,-6.1,11,Hero,0.866923294284127,1.0
1714,3.7,-6.3,13,Hero,0.7889896906339205,1.0
1715,4.1000000000000005,-5.8999999999999995,9,Hero,0.7559056546952989,1.0
1716,3.7,-6.3,13,Hero,0.7351162233031713,1.0
1717,4.7,-5.3,3,Hero,0.9947494864463806,1.0
1718,4.1000000000000005,-5.8999999999999995,9,Hero,0.7371404990553856,1.0
1719,3.2,-6.8,18,Hero,0.8555983255306879,1.0
1720,3.0999999999999996,-6.9,19,Hero,0.7474407349762163,1.0
1721,3.6000000000000005,-6.3999999999999995,14,Hero,0.730817728808948,1.0
1722,4.0,-6.0,10,Hero,0.8204914957284928,1.0
1723,4.9,-5.1,1,Hero,0.898193895816803,1.0
1724,4.2,-5.8,8,Hero,0.8676417097449303,1.0
1725,4.9,-5.1,1,Hero,0.9964727759361267,1.0
1726,4.1000000000000005,-5.8999999999999995,9,Hero,0.7639221317238278,1.0
1727,4.6000000000000005,-5.3999999999999995,4,Hero,0.8335695415735245,1.0
1728,4.4,-5.6,6,Hero,0.9000344127416611,1.0
1729,4.1000000000000005,-5.8999999999999995,9,Hero,0.9958583182758756,1.0
1730,4.300000000000001,-5.699999999999999,7,Hero,0.9891084517751422,1.0
1731,4.1000000000000005,-5.8999999999999995,9,Hero,0.7629810008737776,1.0
1732,4.6000000000000005,-5.3999999999999995,4,Hero,0.8343566656112671,1.0
1733,4.1000000000000005,-5.8999999999999995,9,Hero,0.758851052986251,1.0
1734,4.1000000000000005,-5.8999999999999995,9,Hero,0.9899388684166802,1.0
1735,4.800000000000001,-5.199999999999999,2,Hero,0.9981606006622314,1.0
1736,4.0,-6.0,10,Hero,0.7960014641284943,1.0
1737,3.8000000000000007,-6.199999999999999,12,Hero,0.7507230142752329,1.0
1738,4.1000000000000005,-5.8999999999999995,9,Hero,0.7278764281007979,1.0
1739,4.4,-5.6,6,Hero,0.885245273510615,1.0
1740,3.0,-7.0,20,Hero,0.7528390556573867,1.0
1741,4.300000000000001,-5.699999999999999,7,Hero,0.9865484152521405,1.0
1742,3.5,-6.5,15,Hero,0.7602033972740173,1.0
1743,4.2,-5.8,8,Hero,0.9171239323914051,1.0
1744,4.7,-5.3,3,Hero,0.9825459520022074,1.0
1745,3.0,-7.0,20,Hero,0.6744292388670147,1.0
1746,2.8,-7.2,22,Hero,0.7037449433595281,1.0
1747,4.7,-5.3,3,Hero,0.43581708272298175,1.0
1748,4.0,-6.0,10,Hero,0.8831702917814255,1.0
1749,4.4,-5.6,6,Hero,0.9356415073076884,1.0
1750,4.4,-5.6,6,Hero,0.6953167294462522,1.0
1751,3.2,-6.8,18,Hero,0.754855881134669,1.0
1752,4.1000000000000005,-5.8999999999999995,9,Hero,0.9138959381315443,1.0
1753,4.5,-5.5,5,Hero,0.8143079161643982,1.0
1754,4.4,-5.6,6,Hero,0.8232341508070627,1.0
1755,4.800000000000001,-5.199999999999999,2,Hero,0.9988179802894592,1.0
1756,4.300000000000001,-5.699999999999999,7,Hero,0.8255904912948608,1.0
1757,4.300000000000001,-5.699999999999999,7,Hero,0.6889532868351255,1.0
1758,3.8000000000000007,-6.199999999999999,12,Hero,0.847816621263822,1.0
1759,4.1000000000000005,-5.8999999999999995,9,Hero,0.9667196869850159,1.0
1760,4.2,-5.8,8,Hero,0.7852802509441972,1.0
1761,3.9000000000000004,-6.1,11,Hero,0.8415702771056782,1.0
1762,3.9000000000000004,-6.1,11,Hero,0.855809127742594,1.0
1763,4.6000000000000005,-5.3999999999999995,4,Hero,0.9982512146234512,1.0
1764,4.4,-5.6,6,Hero,0.9966010848681132,1.0
1765,4.2,-5.8,8,Hero,0.8131526857614517,1.0
1766,3.5,-6.5,15,Hero,0.696322878698508,1.0
1767,3.0999999999999996,-6.9,19,Hero,0.8680961304589322,1.0
1768,4.300000000000001,-5.699999999999999,7,Hero,0.9100855588912964,1.0
1769,4.2,-5.8,8,Hero,0.6325922291725874,1.0
1770,4.1000000000000005,-5.8999999999999995,9,Hero,0.9987762570381165,1.0
1771,3.8000000000000007,-6.199999999999999,12,Hero,0.8713072737058004,1.0
1772,4.9,-5.1,1,Hero,0.2882953882217407,1.0
1773,4.800000000000001,-5.199999999999999,2,Hero,0.9966465532779694,1.0
1774,3.0999999999999996,-6.9,19,Hero,0.817803983037409,1.0
1775,4.0,-6.0,10,Hero,0.9230818241834641,1.0
1776,3.5,-6.5,15,Hero,0.6652379681666692,1.0
1777,4.6000000000000005,-5.3999999999999995,4,Hero,0.7119658477604389,1.0
1778,-5.1,4.9,1,Villain,0.9999915361404419,1.0
1779,3.2,-6.8,18,Hero,0.8018872224622302,1.0
1780,4.0,-6.0,10,Hero,0.7727568328380585,1.0
1781,2.6999999999999997,-7.300000000000001,23,Hero,0.7253679762715879,1.0
1782,4.4,-5.6,6,Hero,0.7508856157461802,1.0
1783,4.6000000000000005,-5.3999999999999995,4,Hero,0.9967910051345825,1.0
1784,3.6000000000000005,-6.3999999999999995,14,Hero,0.7828323835773128,1.0
1785,4.1000000000000005,-5.8999999999999995,9,Hero,0.7019994250602193,1.0
1786,4.5,-5.5,5,Hero,0.8892475843429566,1.0
1787,3.0,-7.0,20,Hero,0.7685859762132168,1.0
1788,4.300000000000001,-5.699999999999999,7,Hero,0.8436154127120972,1.0
1789,4.1000000000000005,-5.8999999999999995,9,Hero,0.7697500122918023,1.0
1790,3.4000000000000004,-6.6,16,Hero,0.7397619907278568,1.0
1791,-5.5,4.5,5,Villain,0.7600789487361908,1.0
1792,4.7,-5.3,3,Hero,0.9985354344050089,1.0
1793,4.0,-6.0,10,Hero,0.8118227452039719,1.0
1794,3.7,-6.3,13,Hero,0.86308354139328,1.0
1795,3.5,-6.5,15,Hero,0.805282719930013,1.0
1796,4.6000000000000005,-5.3999999999999995,4,Hero,0.7536255419254303,1.0
1797,4.2,-5.8,8,Hero,0.9025257863104343,1.0
1798,4.0,-6.0,10,Hero,0.9429780006408691,1.0
1799,4.300000000000001,-5.699999999999999,7,Hero,0.8161054115210261,1.0
1800,4.7,-5.3,3,Hero,0.8090586264928182,1.0
1801,3.9000000000000004,-6.1,11,Hero,0.7850583290511911,1.0
1802,3.8000000000000007,-6.199999999999999,12,Hero,0.7735422278443972,1.0
1803,3.3,-6.7,17,Hero,0.8107375800609589,1.0
1804,3.7,-6.3,13,Hero,0.8587729948071333,1.0
1805,-5.199999999999999,4.800000000000001,2,Villain,0.3855724409222603,1.0
1806,4.5,-5.5,5,Hero,0.8952158689498901,1.0
1807,-4.999999999999998,-4.999999999999998,50,None,0.9092305681109428,1.0
1808,4.2,-5.8,8,Hero,0.9999960511922836,1.0
1809,3.7,-6.3,13,Hero,0.7054140447424009,1.0
1810,4.2,-5.8,8,Hero,0.8562262319028378,1.0
1811,1.799999999999999,-8.200000000000001,32,Hero,0.8482872613240033,1.0
1812,3.6000000000000005,-6.3999999999999995,14,Hero,0.8164260408708027,1.0
1813,3.2,-6.8,18,Hero,0.7193225972975293,1.0
1814,3.0,-7.0,20,Hero,0.8171005450189114,1.0
1815,3.9000000000000004,-6.1,11,Hero,0.7282777753743258,1.0
1816,-5.6,4.4,6,Villain,0.46820936786631745,1.0
1817,4.300000000000001,-5.699999999999999,7,Hero,0.7200249518666949,1.0
1818,3.4000000000000004,-6.6,16,Hero,0.8103794557973742,1.0
1819,3.5,-6.5,15,Hero,0.7850901772578557,1.0
1820,4.2,-5.8,8,Hero,0.798665750073269,1.0
1821,4.2,-5.8,8,Hero,0.7099658995866776,1.0
1822,4.0,-6.0,10,Hero,0.7617179542779923,1.0
1823,4.1000000000000005,-5.8999999999999995,9,Hero,0.8916582862536112,1.0
1824,3.3,-6.7,17,Hero,0.8267032398897058,1.0
1825,4.1000000000000005,-5.8999999999999995,9,Hero,0.8891304516130023,1.0
1826,3.6000000000000005,-6.3999999999999995,14,Hero,0.7369272038340569,1.0
1827,3.3,-6.7,17,Hero,0.8243593380731695,1.0
1828,4.4,-5.6,6,Hero,0.9997241894404093,1.0
1829,4.6000000000000005,-5.3999999999999995,4,Hero,0.8875753730535507,1.0
1830,3.5,-6.5,15,Hero,0.8001275906960169,1.0
1831,3.4000000000000004,-6.6,16,Hero,0.8355039255693555,1.0
1832,4.5,-5.5,5,Hero,0.8122554123401642,1.0
1833,4.6000000000000005,-5.3999999999999995,4,Hero,0.6414934149943292,1.0
1834,3.8000000000000007,-6.199999999999999,12,Hero,0.8143007631103197,1.0
1835,3.5,-6.5,15,Hero,0.7242889295021693,1.0
1836,4.2,-5.8,8,Hero,0.8575532101094723,1.0
1837,4.2,-5.8,8,Hero,0.999769888818264,1.0
1838,4.9,-5.1,1,Hero,0.9966539144515991,1.0
1839,4.0,-6.0,10,Hero,0.8461937047541142,1.0
1840,3.7,-6.3,13,Hero,0.8407295598433568,1.0
1841,3.7,-6.3,13,Hero,0.7782316796768171,1.0
1842,3.6000000000000005,-6.3999999999999995,14,Hero,0.7206781421388898,1.0
1843,4.4,-5.6,6,Hero,0.7285072306791941,1.0
1844,4.5,-5.5,5,Hero,0.999798321723938,1.0
1845,4.5,-5.5,5,Hero,0.7898531436920166,1.0
1846,3.5,-6.5,15,Hero,0.804787423213323,1.0
1847,3.6000000000000005,-6.3999999999999995,14,Hero,0.8335952098880496,1.0
1848,3.7,-6.3,13,Hero,0.8306722663916074,1.0
1849,4.5,-5.5,5,Hero,0.7344954311847687,1.0
1850,4.7,-5.3,3,Hero,0.8111255566279093,1.0
1851,3.9000000000000004,-6.1,11,Hero,0.9147657535292886,1.0
1852,4.1000000000000005,-5.8999999999999995,9,Hero,0.8476246860292223,1.0
1853,3.9000000000000004,-6.1,11,Hero,0.8591695346615531,1.0
1854,3.9000000000000004,-6.1,11,Hero,0.8476523784073916,1.0
1855,4.6000000000000005,-5.3999999999999995,4,Hero,0.9977618753910065,1.0
1856,4.0,-6.0,10,Hero,0.9046714693307877,1.0
1857,3.9000000000000004,-6.1,11,Hero,0.9116457429799166,1.0
1858,3.9000000000000004,-6.1,11,Hero,0.9289411685683511,1.0
1859,4.9,-5.1,1,Hero,0.5417507290840149,1.0
1860,4.4,-5.6,6,Hero,0.832780713836352,1.0
1861,3.4000000000000004,-6.6,16,Hero,0.7859462229534984,1.0
1862,4.5,-5.5,5,Hero,0.9608150839805603,1.0
1863,4.2,-5.8,8,Hero,0.9981013610959053,1.0
1864,3.9000000000000004,-6.1,11,Hero,0.9394491369074042,1.0
1865,3.2,-6.8,18,Hero,0.8477301895618439,1.0
1866,4.6000000000000005,-5.3999999999999995,4,Hero,0.9957770556211472,1.0
1867,4.300000000000001,-5.699999999999999,7,Hero,0.9974691016333443,1.0
1868,4.4,-5.6,6,Hero,0.9987224539120992,1.0
1869,4.800000000000001,-5.199999999999999,2,Hero,0.9833391308784485,1.0
1870,4.4,-5.6,6,Hero,0.8334317902723948,1.0
1871,4.1000000000000005,-5.8999999999999995,9,Hero,0.7821432699759802,1.0
1872,4.2,-5.8,8,Hero,0.8384779300540686,1.0
1873,4.6000000000000005,-5.3999999999999995,4,Hero,0.9027103185653687,1.0
1874,4.300000000000001,-5.699999999999999,7,Hero,0.7372271588870457,1.0
1875,4.5,-5.5,5,Hero,0.9953217506408691,1.0
1876,4.2,-5.8,8,Hero,0.9644544869661331,1.0
1877,4.1000000000000005,-5.8999999999999995,9,Hero,0.8924986951880984,1.0
1878,4.7,-5.3,3,Hero,0.9968555370966593,1.0
1879,4.6000000000000005,-5.3999999999999995,4,Hero,0.9979234486818314,1.0
1880,4.0,-6.0,10,Hero,0.8446403741836548,1.0
1881,4.7,-5.3,3,Hero,0.887687087059021,1.0
1882,3.6000000000000005,-6.3999999999999995,14,Hero,0.836337223649025,1.0
1883,4.300000000000001,-5.699999999999999,7,Hero,0.9342921801975795,1.0
1884,4.4,-5.6,6,Hero,0.807045033822457,1.0
1885,-5.3999999999999995,4.6000000000000005,4,Villain,0.9996395707130432,1.0
1886,3.6000000000000005,-6.3999999999999995,14,Hero,0.8056183308362961,1.0
1887,3.3,-6.7,17,Hero,0.792640485746019,1.0
1888,4.300000000000001,-5.699999999999999,7,Hero,0.8486485239118338,1.0
1889,4.0,-6.0,10,Hero,0.9032094836235046,1.0
1890,3.7,-6.3,13,Hero,0.8471669256687164,1.0
1891,4.1000000000000005,-5.8999999999999995,9,Hero,0.9125803179211087,1.0
1892,4.7,-5.3,3,Hero,0.6972459952036539,1.0
1893,4.6000000000000005,-5.3999999999999995,4,Hero,0.9984558671712875,1.0
1894,4.0,-6.0,10,Hero,0.9037957549095154,1.0
1895,3.3,-6.7,17,Hero,0.7896671970100964,1.0
1896,4.2,-5.8,8,Hero,0.7302241735160351,1.0
1897,3.6000000000000005,-6.3999999999999995,14,Hero,0.8339551048619407,1.0
1898,4.0,-6.0,10,Hero,0.843303918093443,1.0
1899,3.5,-6.5,15,Hero,0.7945059388875961,1.0
1900,4.1000000000000005,-5.8999999999999995,9,Hero,0.9337955050998263,1.0
1901,4.2,-5.8,8,Hero,0.7241333164274693,1.0
1902,3.9000000000000004,-6.1,11,Hero,0.7955037490888075,1.0
1903,3.7,-6.3,13,Hero,0.7924465789244726,1.0
1904,3.7,-6.3,13,Hero,0.8205720673386867,1.0
1905,4.7,-5.3,3,Hero,0.9978066881497701,1.0
1906,4.2,-5.8,8,Hero,0.998684398829937,1.0
1907,4.5,-5.5,5,Hero,0.883399224281311,1.0
1908,3.8000000000000007,-6.199999999999999,12,Hero,0.7061692203084627,1.0
1909,4.1000000000000005,-5.8999999999999995,9,Hero,0.7189385270078977,1.0
1910,4.6000000000000005,-5.3999999999999995,4,Hero,0.7550205290317535,1.0
1911,3.3,-6.7,17,Hero,0.7363829312517363,1.0
1912,4.2,-5.8,8,Hero,0.9425885081291199,1.0
1913,4.1000000000000005,-5.8999999999999995,9,Hero,0.8727431694666544,1.0
1914,3.4000000000000004,-6.6,16,Hero,0.7916473522782326,1.0
1915,3.4000000000000004,-6.6,16,Hero,0.77125358954072,1.0
1916,3.4000000000000004,-6.6,16,Hero,0.7742047943174839,1.0
1917,3.3,-6.7,17,Hero,0.8215221587349387,1.0
1918,3.9000000000000004,-6.1,11,Hero,0.9001883485100486,1.0
1919,-5.3999999999999995,4.6000000000000005,4,Villain,0.9995536804199219,1.0
1920,4.5,-5.5,5,Hero,0.9990219473838806,1.0
1921,3.9000000000000004,-6.1,11,Hero,0.8658715432340448,1.0
1922,4.6000000000000005,-5.3999999999999995,4,Hero,0.9828349500894547,1.0
1923,4.300000000000001,-5.699999999999999,7,Hero,0.9964369194848197,1.0
1924,4.6000000000000005,-5.3999999999999995,4,Hero,0.8887964487075806,1.0
1925,4.0,-6.0,10,Hero,0.7511686630547046,1.0
1926,4.4,-5.6,6,Hero,0.8118177851041158,1.0
1927,4.0,-6.0,10,Hero,0.96089848279953,1.0
1928,3.5,-6.5,15,Hero,0.7754435320695241,1.0
1929,4.800000000000001,-5.199999999999999,2,Hero,0.99384605884552,1.0
1930,4.5,-5.5,5,Hero,0.979978334903717,1.0
1931,4.0,-6.0,10,Hero,0.9476539790630341,1.0
1932,4.6000000000000005,-5.3999999999999995,4,Hero,0.8240493386983871,1.0
1933,4.1000000000000005,-5.8999999999999995,9,Hero,0.997199190987481,1.0
1934,4.1000000000000005,-5.8999999999999995,9,Hero,0.9350342320071326,1.0
1935,4.800000000000001,-5.199999999999999,2,Hero,0.9948983788490295,1.0
1936,4.4,-5.6,6,Hero,0.918615718682607,1.0
1937,4.1000000000000005,-5.8999999999999995,9,Hero,0.8238526615831587,1.0
1938,4.5,-5.5,5,Hero,0.9043453097343445,1.0
1939,4.2,-5.8,8,Hero,0.926766250282526,1.0
1940,4.4,-5.6,6,Hero,0.8534523049990336,1.0
1941,4.300000000000001,-5.699999999999999,7,Hero,0.9987637485776629,1.0
1942,4.5,-5.5,5,Hero,0.8695535242557526,1.0
1943,3.8000000000000007,-6.199999999999999,12,Hero,0.7908402346074581,1.0
1944,3.2,-6.8,18,Hero,0.8142370515399509,1.0
1945,4.0,-6.0,10,Hero,0.9667467296123504,1.0
1946,4.6000000000000005,-5.3999999999999995,4,Hero,0.6761643970385194,1.0
1947,4.5,-5.5,5,Hero,0.911445677280426,1.0
1948,4.0,-6.0,10,Hero,0.7365972369909286,1.0
1949,4.300000000000001,-5.699999999999999,7,Hero,0.9881386246000018,1.0
1950,3.5,-6.5,15,Hero,0.7914048342965543,1.0
1951,4.5,-5.5,5,Hero,0.8395570576190948,1.0
1952,4.1000000000000005,-5.8999999999999995,9,Hero,0.7866402823064063,1.0
1953,4.1000000000000005,-5.8999999999999995,9,Hero,0.9330024984147813,1.0
1954,4.5,-5.5,5,Hero,0.8800919353961945,1.0
1955,3.7,-6.3,13,Hero,0.8630004404829099,1.0
1956,4.2,-5.8,8,Hero,0.9970678687095642,1.0
1957,4.2,-5.8,8,Hero,0.9969356581568718,1.0
1958,3.9000000000000004,-6.1,11,Hero,0.7885758016597141,1.0
1959,3.4000000000000004,-6.6,16,Hero,0.860863920301199,1.0
1960,3.4000000000000004,-6.6,16,Hero,0.7992634698748589,1.0
1961,-5.3999999999999995,4.6000000000000005,4,Villain,0.7113106467295438,1.0
1962,4.4,-5.6,6,Hero,0.9045283844073614,1.0
1963,4.0,-6.0,10,Hero,0.8340406298637391,1.0
1964,4.300000000000001,-5.699999999999999,7,Hero,0.9974045753479004,1.0
1965,4.0,-6.0,10,Hero,0.8252269923686981,1.0
1966,4.5,-5.5,5,Hero,0.9406877636909485,1.0
1967,3.5,-6.5,15,Hero,0.8178926428159078,1.0
1968,4.5,-5.5,5,Hero,0.9577606797218323,1.0
1969,4.0,-6.0,10,Hero,0.8614021807909011,1.0
1970,3.9000000000000004,-6.1,11,Hero,0.8162594789808447,1.0
1971,3.9000000000000004,-6.1,11,Hero,0.8278885598887097,1.0
1972,3.7,-6.3,13,Hero,0.7128108436098466,1.0
1973,3.6000000000000005,-6.3999999999999995,14,Hero,0.7699649333953857,1.0
1974,4.6000000000000005,-5.3999999999999995,4,Hero,0.9965452998876572,1.0
1975,4.6000000000000005,-5.3999999999999995,4,Hero,0.8588689863681793,1.0
1976,4.0,-6.0,10,Hero,0.8559062853455544,1.0
1977,3.8000000000000007,-6.199999999999999,12,Hero,0.848149890700976,1.0
1978,4.1000000000000005,-5.8999999999999995,9,Hero,0.7868424753348032,1.0
1979,3.8000000000000007,-6.199999999999999,12,Hero,0.835896278421084,1.0
1980,4.2,-5.8,8,Hero,0.862472653388977,1.0
1981,3.8000000000000007,-6.199999999999999,12,Hero,0.830615907907486,1.0
1982,4.1000000000000005,-5.8999999999999995,9,Hero,0.998714440398746,1.0
1983,4.300000000000001,-5.699999999999999,7,Hero,0.7714292790208545,1.0
1984,4.9,-5.1,1,Hero,0.9381628036499023,1.0
1985,4.2,-5.8,8,Hero,0.9982685819268227,1.0
1986,4.0,-6.0,10,Hero,0.7933711044490337,1.0
1987,4.1000000000000005,-5.8999999999999995,9,Hero,0.9335967964596219,1.0
1988,3.5,-6.5,15,Hero,0.8305849432945251,1.0
1989,4.0,-6.0,10,Hero,0.9719467639923096,1.0
1990,3.9000000000000004,-6.1,11,Hero,0.8184340596199036,1.0
1991,3.5,-6.5,15,Hero,0.7965456336736679,1.0
1992,4.9,-5.1,1,Hero,0.9986644983291626,1.0
1993,4.6000000000000005,-5.3999999999999995,4,Hero,0.8019723072648048,1.0
1994,4.0,-6.0,10,Hero,0.9687061905860901,1.0
1995,4.300000000000001,-5.699999999999999,7,Hero,0.9810475196157183,1.0
1996,4.6000000000000005,-5.3999999999999995,4,Hero,0.8930739164352417,1.0
1997,3.7,-6.3,13,Hero,0.7454848547394459,1.0
1998,4.0,-6.0,10,Hero,0.8580762028694153,1.0
1999,3.6000000000000005,-6.3999999999999995,14,Hero,0.8318310124533517,1.0
2000,4.0,-6.0,10,Hero,0.7901044368743897,1.0
2001,4.6000000000000005,-5.3999999999999995,4,Hero,0.7508817035704851,1.0
2002,4.0,-6.0,10,Hero,0.7889201804995537,1.0
2003,3.9000000000000004,-6.1,11,Hero,0.8270003985274922,1.0
2004,4.2,-5.8,8,Hero,0.9707235246896744,1.0
2005,-5.199999999999999,4.800000000000001,2,Villain,0.9998767673969269,1.0
2006,4.4,-5.6,6,Hero,0.9186145861943563,1.0
2007,4.1000000000000005,-5.8999999999999995,9,Hero,0.932212253411611,1.0
2008,3.3,-6.7,17,Hero,0.8517268861041349,1.0
2009,4.0,-6.0,10,Hero,0.977130514383316,1.0
2010,4.6000000000000005,-5.3999999999999995,4,Hero,0.6695876643061638,1.0
2011,3.6000000000000005,-6.3999999999999995,14,Hero,0.8290036480341639,1.0
2012,3.9000000000000004,-6.1,11,Hero,0.8483138626272028,1.0
2013,4.5,-5.5,5,Hero,0.9023227691650391,1.0
2014,4.2,-5.8,8,Hero,0.9998937621712685,1.0
2015,4.4,-5.6,6,Hero,0.8037567014495531,1.0
2016,4.800000000000001,-5.199999999999999,2,Hero,0.8459599614143372,1.0
2017,4.0,-6.0,10,Hero,0.7341346055269241,1.0
2018,4.2,-5.8,8,Hero,0.854939192533493,1.0
2019,4.300000000000001,-5.699999999999999,7,Hero,0.8239301996571677,1.0
2020,-5.1,4.9,1,Villain,0.9112323522567749,1.0
2021,4.4,-5.6,6,Hero,0.9534623424212137,1.0
2022,4.1000000000000005,-5.8999999999999995,9,Hero,0.8872434033287896,1.0
2023,4.0,-6.0,10,Hero,0.8483523339033127,1.0
2024,4.0,-6.0,10,Hero,0.9662993550300598,1.0
2025,3.3,-6.7,17,Hero,0.8464057971449459,1.0
2026,3.8000000000000007,-6.199999999999999,12,Hero,0.9119434853394827,1.0
2027,4.4,-5.6,6,Hero,0.8628363162279129,1.0
2028,3.8000000000000007,-6.199999999999999,12,Hero,0.77704885105292,1.0
2029,4.0,-6.0,10,Hero,0.911257517337799,1.0
2030,3.8000000000000007,-6.199999999999999,12,Hero,0.8378766799966494,1.0
2031,3.5,-6.5,15,Hero,0.8053840046127637,1.0
2032,4.4,-5.6,6,Hero,0.8150743295749029,1.0
2033,-5.199999999999999,4.800000000000001,2,Villain,0.9958689212799072,1.0
2034,3.6000000000000005,-6.3999999999999995,14,Hero,0.7067903333476612,1.0
2035,4.2,-5.8,8,Hero,0.9986190348863602,1.0
2036,4.300000000000001,-5.699999999999999,7,Hero,0.9389361483710152,1.0
2037,4.4,-5.6,6,Hero,0.875823974609375,1.0
2038,3.9000000000000004,-6.1,11,Hero,0.9103631648150358,1.0
2039,4.800000000000001,-5.199999999999999,2,Hero,0.9920233190059662,1.0
2040,4.2,-5.8,8,Hero,0.9466708675026894,1.0
2041,3.5,-6.5,15,Hero,0.8010789056619009,1.0
2042,3.9000000000000004,-6.1,11,Hero,0.8572258840907704,1.0
2043,3.8000000000000007,-6.199999999999999,12,Hero,0.765748738621672,1.0
2044,3.8000000000000007,-6.199999999999999,12,Hero,0.893582691748937,1.0
2045,3.5,-6.5,15,Hero,0.7875524898370106,1.0
2046,3.9000000000000004,-6.1,11,Hero,0.8273469539867206,1.0
2047,4.6000000000000005,-5.3999999999999995,4,Hero,0.9821910709142685,1.0
2048,4.6000000000000005,-5.3999999999999995,4,Hero,0.9642655551433563,1.0
2049,4.0,-6.0,10,Hero,0.9382189035415649,1.0
2050,4.0,-6.0,10,Hero,0.7874761298298836,1.0
2051,4.0,-6.0,10,Hero,0.8074287056922913,1.0
2052,4.300000000000001,-5.699999999999999,7,Hero,0.9991116864340646,1.0
2053,4.6000000000000005,-5.3999999999999995,4,Hero,0.9943570792675018,1.0
2054,4.9,-5.1,1,Hero,0.7987812161445618,1.0
2055,3.8000000000000007,-6.199999999999999,12,Hero,0.745788576391836,1.0
2056,4.4,-5.6,6,Hero,0.9990545113881429,1.0
2057,4.0,-6.0,10,Hero,0.9670184493064881,1.0
2058,4.1000000000000005,-5.8999999999999995,9,Hero,0.8568270670043098,1.0
2059,3.9000000000000004,-6.1,11,Hero,0.8476894152435389,1.0
2060,3.5,-6.5,15,Hero,0.7890508657942216,1.0
2061,4.6000000000000005,-5.3999999999999995,4,Hero,0.996216207742691,1.0
2062,3.4000000000000004,-6.6,16,Hero,0.8048287723213434,1.0
2063,4.4,-5.6,6,Hero,0.9979218045870463,1.0
2064,4.1000000000000005,-5.8999999999999995,9,Hero,0.9984701209598117,1.0
2065,4.1000000000000005,-5.8999999999999995,9,Hero,0.8087809118959639,1.0
2066,3.7,-6.3,13,Hero,0.8367282152175903,1.0
2067,3.0,-7.0,20,Hero,0.7522009734762832,1.0
2068,4.4,-5.6,6,Hero,0.9289580881595612,1.0
2069,3.8000000000000007,-6.199999999999999,12,Hero,0.8091357027490934,1.0
2070,4.1000000000000005,-5.8999999999999995,9,Hero,0.9064257674747043,1.0
2071,3.6000000000000005,-6.3999999999999995,14,Hero,0.7992209259952817,1.0
2072,4.9,-5.1,1,Hero,0.9484394192695618,1.0
2073,3.8000000000000007,-6.199999999999999,12,Hero,0.8384793375929197,1.0
2074,3.9000000000000004,-6.1,11,Hero,0.7751666876402769,1.0
2075,3.8000000000000007,-6.199999999999999,12,Hero,0.8847875694433848,1.0
2076,4.300000000000001,-5.699999999999999,7,Hero,0.996364780834743,1.0
2077,3.9000000000000004,-6.1,11,Hero,0.7709730077873577,1.0
2078,4.800000000000001,-5.199999999999999,2,Hero,0.9944450259208679,1.0
2079,4.300000000000001,-5.699999999999999,7,Hero,0.9070297053882054,1.0
2080,4.2,-5.8,8,Hero,0.882811464369297,1.0
2081,4.7,-5.3,3,Hero,0.6418995360533396,1.0
2082,3.9000000000000004,-6.1,11,Hero,0.8716324892911044,1.0
2083,4.4,-5.6,6,Hero,0.8358686367670695,1.0
2084,4.4,-5.6,6,Hero,0.8004776239395142,1.0
2085,4.2,-5.8,8,Hero,0.9102068915963173,1.0
2086,3.8000000000000007,-6.199999999999999,12,Hero,0.7935322547952334,1.0
2087,4.300000000000001,-5.699999999999999,7,Hero,0.7993770092725754,1.0
2088,4.2,-5.8,8,Hero,0.8117070086300373,1.0
2089,4.0,-6.0,10,Hero,0.8046511828899383,1.0
2090,3.8000000000000007,-6.199999999999999,12,Hero,0.8078580995400747,1.0
2091,4.4,-5.6,6,Hero,0.8284098505973816,1.0
2092,3.7,-6.3,13,Hero,0.8658934762844672,1.0
2093,4.300000000000001,-5.699999999999999,7,Hero,0.9960853116852897,1.0
2094,4.0,-6.0,10,Hero,0.7079197131097317,1.0
2095,4.5,-5.5,5,Hero,0.7981814742088318,1.0
2096,3.7,-6.3,13,Hero,0.8474093423439906,1.0
2097,4.300000000000001,-5.699999999999999,7,Hero,0.9964898313794818,1.0
2098,4.5,-5.5,5,Hero,0.788908863067627,1.0
2099,3.7,-6.3,13,Hero,0.7839199487979596,1.0
2100,4.2,-5.8,8,Hero,0.8249458223581314,1.0
2101,3.7,-6.3,13,Hero,0.7936405212833331,1.0
2102,4.6000000000000005,-5.3999999999999995,4,Hero,0.7933527380228043,1.0
2103,3.5,-6.5,15,Hero,0.7969662765661876,1.0
2104,3.9000000000000004,-6.1,11,Hero,0.8872979120774702,1.0
2105,4.1000000000000005,-5.8999999999999995,9,Hero,0.8078338570064969,1.0
2106,4.1000000000000005,-5.8999999999999995,9,Hero,0.7674027880032858,1.0
2107,4.7,-5.3,3,Hero,0.9966292977333069,1.0
2108,3.2,-6.8,18,Hero,0.70884166782101,1.0
2109,4.0,-6.0,10,Hero,0.8925132513046264,1.0
2110,4.0,-6.0,10,Hero,0.8281880497932435,1.0
2111,4.6000000000000005,-5.3999999999999995,4,Hero,0.8514897227287292,1.0
2112,-5.199999999999999,4.800000000000001,2,Villain,0.5038169957697392,1.0
2113,4.0,-6.0,10,Hero,0.911597490310669,1.0
2114,4.9,-5.1,1,Hero,0.8213114142417908,1.0
2115,3.9000000000000004,-6.1,11,Hero,0.8364674557339061,1.0
2116,4.2,-5.8,8,Hero,0.9997864216566086,1.0
2117,4.300000000000001,-5.699999999999999,7,Hero,0.9998685973031181,1.0
2118,3.9000000000000004,-6.1,11,Hero,0.875868440351703,1.0
2119,4.300000000000001,-5.699999999999999,7,Hero,0.7964562896106925,1.0
2120,3.4000000000000004,-6.6,16,Hero,0.8357629114761949,1.0
2121,4.2,-5.8,8,Hero,0.837991289794445,1.0
2122,3.8000000000000007,-6.199999999999999,12,Hero,0.8435868732631207,1.0
2123,4.4,-5.6,6,Hero,0.9997763733069102,1.0
2124,4.1000000000000005,-5.8999999999999995,9,Hero,0.939840230676863,1.0
2125,4.4,-5.6,6,Hero,0.9618627826372782,1.0
2126,4.0,-6.0,10,Hero,0.9782163560390472,1.0
2127,3.8000000000000007,-6.199999999999999,12,Hero,0.8881419387956461,1.0
2128,4.800000000000001,-5.199999999999999,2,Hero,0.9993220567703247,1.0
2129,4.2,-5.8,8,Hero,0.8499940559267998,1.0
2130,4.800000000000001,-5.199999999999999,2,Hero,0.9987088143825531,1.0
2131,4.300000000000001,-5.699999999999999,7,Hero,0.8584395221301487,1.0
2132,4.7,-5.3,3,Hero,0.8557243943214417,1.0
2133,4.300000000000001,-5.699999999999999,7,Hero,0.8853270368916648,1.0
2134,3.7,-6.3,13,Hero,0.768608614229239,1.0
2135,3.3,-6.7,17,Hero,0.8683810234069824,1.0
2136,4.7,-5.3,3,Hero,0.6898369689782461,1.0
2137,4.1000000000000005,-5.8999999999999995,9,Hero,0.9612585107485453,1.0
2138,3.8000000000000007,-6.199999999999999,12,Hero,0.8534200812379519,1.0
2139,3.8000000000000007,-6.199999999999999,12,Hero,0.790205447624127,1.0
2140,3.9000000000000004,-6.1,11,Hero,0.9024402336640791,1.0
2141,4.4,-5.6,6,Hero,0.8833982547124227,1.0
2142,4.5,-5.5,5,Hero,0.9981762528419494,1.0
2143,3.6000000000000005,-6.3999999999999995,14,Hero,0.8045455648430756,1.0
2144,4.9,-5.1,1,Hero,0.5182103514671326,1.0
2145,4.7,-5.3,3,Hero,0.8427873253822327,1.0
2146,4.0,-6.0,10,Hero,0.8846782326698304,1.0
2147,-5.199999999999999,4.800000000000001,2,Villain,0.9888129532337189,1.0
2148,4.6000000000000005,-5.3999999999999995,4,Hero,0.9985496550798416,1.0
2149,4.1000000000000005,-5.8999999999999995,9,Hero,0.7320956206983991,1.0
2150,3.9000000000000004,-6.1,11,Hero,0.75439933010123,1.0
2151,4.2,-5.8,8,Hero,0.9176203161478043,1.0
2152,4.6000000000000005,-5.3999999999999995,4,Hero,0.9937426745891571,1.0
2153,4.2,-5.8,8,Hero,0.8856344372034073,1.0
2154,4.2,-5.8,8,Hero,0.8205705396831036,1.0
2155,4.300000000000001,-5.699999999999999,7,Hero,0.9101486376353672,1.0
2156,3.4000000000000004,-6.6,16,Hero,0.7414504698244855,1.0
2157,4.1000000000000005,-5.8999999999999995,9,Hero,0.8128218187226189,1.0
2158,4.4,-5.6,6,Hero,0.9514826138814291,1.0
2159,-5.1,4.9,1,Villain,0.9984844326972961,1.0
2160,4.300000000000001,-5.699999999999999,7,Hero,0.8385720423289708,1.0
2161,4.0,-6.0,10,Hero,0.7959329158067703,1.0
2162,3.3,-6.7,17,Hero,0.8246491051772061,1.0
2163,4.0,-6.0,10,Hero,0.8950415134429932,1.0
2164,3.9000000000000004,-6.1,11,Hero,0.934973722154444,1.0
2165,3.8000000000000007,-6.199999999999999,12,Hero,0.7926496043801308,1.0
2166,4.0,-6.0,10,Hero,0.9552734792232513,1.0
2167,3.8000000000000007,-6.199999999999999,12,Hero,0.8469988852739334,1.0
2168,3.5,-6.5,15,Hero,0.7887851178646088,1.0
2169,3.9000000000000004,-6.1,11,Hero,0.8319923715157942,1.0
2170,3.8000000000000007,-6.199999999999999,12,Hero,0.8295131971438726,1.0
2171,4.0,-6.0,10,Hero,0.9509376525878906,1.0
2172,4.4,-5.6,6,Hero,0.8973168333371481,1.0
2173,3.3,-6.7,17,Hero,0.8135156074867529,1.0
2174,3.2,-6.8,18,Hero,0.7554120934671826,1.0
2175,3.6000000000000005,-6.3999999999999995,14,Hero,0.8364328167268208,1.0
2176,4.1000000000000005,-5.8999999999999995,9,Hero,0.8758900894059075,1.0
2177,4.2,-5.8,8,Hero,0.8549763709306717,1.0
2178,4.0,-6.0,10,Hero,0.8881802022457123,1.0
2179,4.6000000000000005,-5.3999999999999995,4,Hero,0.99356310069561,1.0
2180,4.300000000000001,-5.699999999999999,7,Hero,0.8702312707901001,1.0
2181,-5.3999999999999995,4.6000000000000005,4,Villain,0.9010692536830902,1.0
2182,4.1000000000000005,-5.8999999999999995,9,Hero,0.7797481218973795,1.0
2183,3.7,-6.3,13,Hero,0.834661772617927,1.0
2184,4.1000000000000005,-5.8999999999999995,9,Hero,0.9245291948318481,1.0
2185,4.7,-5.3,3,Hero,0.9998090465863546,1.0
2186,4.1000000000000005,-5.8999999999999995,9,Hero,0.820443891816669,1.0
2187,4.2,-5.8,8,Hero,0.8582710390910506,1.0
2188,3.2,-6.8,18,Hero,0.7916711850298775,1.0
2189,4.0,-6.0,10,Hero,0.9299538671970368,1.0
2190,3.9000000000000004,-6.1,11,Hero,0.8347706036134199,1.0
2191,4.7,-5.3,3,Hero,0.904932459195455,1.0
2192,4.9,-5.1,1,Hero,0.10747465491294861,1.0
2193,4.6000000000000005,-5.3999999999999995,4,Hero,0.8431636244058609,1.0
2194,4.1000000000000005,-5.8999999999999995,9,Hero,0.8816769686010149,1.0
2195,4.0,-6.0,10,Hero,0.9414098620414734,1.0
2196,-5.3,4.7,3,Villain,0.9941938519477844,1.0
2197,4.0,-6.0,10,Hero,0.8529672950506211,1.0
2198,4.2,-5.8,8,Hero,0.7509005703032017,1.0
2199,4.0,-6.0,10,Hero,0.8563008099794388,1.0
2200,4.6000000000000005,-5.3999999999999995,4,Hero,0.8945429921150208,1.0
2201,4.9,-5.1,1,Hero,0.6929752230644226,1.0
2202,4.5,-5.5,5,Hero,0.9955406188964844,1.0
2203,4.4,-5.6,6,Hero,0.99982217947642,1.0
2204,4.9,-5.1,1,Hero,0.941315233707428,1.0
2205,4.7,-5.3,3,Hero,0.9734712640444437,1.0
2206,3.6000000000000005,-6.3999999999999995,14,Hero,0.8081276677548885,1.0
2207,4.1000000000000005,-5.8999999999999995,9,Hero,0.852825773259004,1.0
2208,3.9000000000000004,-6.1,11,Hero,0.8780161413279447,1.0
2209,4.2,-5.8,8,Hero,0.9574774205684662,1.0
2210,3.6000000000000005,-6.3999999999999995,14,Hero,0.8311079485075814,1.0
2211,3.5,-6.5,15,Hero,0.8756551027297974,1.0
2212,4.4,-5.6,6,Hero,0.9679186741511027,1.0
2213,4.0,-6.0,10,Hero,0.7312383592128754,1.0
2214,4.300000000000001,-5.699999999999999,7,Hero,0.996002835886819,1.0
2215,4.4,-5.6,6,Hero,0.9682725071907043,1.0
2216,4.1000000000000005,-5.8999999999999995,9,Hero,0.8623749812444051,1.0
2217,4.5,-5.5,5,Hero,0.9760796546936035,1.0
2218,3.9000000000000004,-6.1,11,Hero,0.7987665371461348,1.0
2219,4.4,-5.6,6,Hero,0.9189949134985606,1.0
2220,4.1000000000000005,-5.8999999999999995,9,Hero,0.9461278451813592,1.0
2221,4.300000000000001,-5.699999999999999,7,Hero,0.8705609696252006,1.0
2222,3.5,-6.5,15,Hero,0.8033189341425896,1.0
2223,4.300000000000001,-5.699999999999999,7,Hero,0.9911588856152126,1.0
2224,4.0,-6.0,10,Hero,0.896942813694477,1.0
2225,4.0,-6.0,10,Hero,0.7995811969041824,1.0
2226,3.5,-6.5,15,Hero,0.7980245351791382,1.0
2227,4.1000000000000005,-5.8999999999999995,9,Hero,0.9439146783616807,1.0
2228,4.1000000000000005,-5.8999999999999995,9,Hero,0.7094361705498563,1.0
2229,3.3,-6.7,17,Hero,0.8041213891085457,1.0
2230,3.5,-6.5,15,Hero,0.7833673377831777,1.0
2231,3.3,-6.7,17,Hero,0.826639242031995,1.0
2232,3.9000000000000004,-6.1,11,Hero,0.869169067252766,1.0
2233,4.1000000000000005,-5.8999999999999995,9,Hero,0.6616195779707696,1.0
2234,3.4000000000000004,-6.6,16,Hero,0.8014909215271473,1.0
2235,4.800000000000001,-5.199999999999999,2,Hero,0.9972903728485107,1.0
2236,4.2,-5.8,8,Hero,0.7935612127184868,1.0
2237,3.5,-6.5,15,Hero,0.8197030643622081,1.0
2238,3.9000000000000004,-6.1,11,Hero,0.776252340186726,1.0
2239,3.5,-6.5,15,Hero,0.8745541016260783,1.0
2240,4.4,-5.6,6,Hero,0.9935367902119955,1.0
2241,3.7,-6.3,13,Hero,0.8604566821685204,1.0
2242,4.9,-5.1,1,Hero,0.5284143686294556,1.0
2243,4.5,-5.5,5,Hero,0.8690080881118775,1.0
2244,4.1000000000000005,-5.8999999999999995,9,Hero,0.8355529639456007,1.0
2245,4.1000000000000005,-5.8999999999999995,9,Hero,0.8191217813226912,1.0
2246,4.6000000000000005,-5.3999999999999995,4,Hero,0.6616022596135736,1.0
2247,4.300000000000001,-5.699999999999999,7,Hero,0.9607676182474408,1.0
2248,3.5,-6.5,15,Hero,0.7549932370583217,1.0
2249,4.300000000000001,-5.699999999999999,7,Hero,0.9992105109351022,1.0
2250,4.300000000000001,-5.699999999999999,7,Hero,0.8470279829842704,1.0
2251,4.800000000000001,-5.199999999999999,2,Hero,0.9911167025566101,1.0
2252,3.9000000000000004,-6.1,11,Hero,0.8979397795417092,1.0
2253,4.2,-5.8,8,Hero,0.8045207224786282,1.0
2254,3.9000000000000004,-6.1,11,Hero,0.9007037336176092,1.0
2255,3.3,-6.7,17,Hero,0.8092528691186625,1.0
2256,4.0,-6.0,10,Hero,0.9588626623153687,1.0
2257,4.0,-6.0,10,Hero,0.7424843221902847,1.0
2258,3.7,-6.3,13,Hero,0.8716734854074625,1.0
2259,4.5,-5.5,5,Hero,0.8420028805732727,1.0
2260,3.8000000000000007,-6.199999999999999,12,Hero,0.8953525808950266,1.0
2261,3.5,-6.5,15,Hero,0.8335991382598877,1.0
2262,3.5,-6.5,15,Hero,0.842435535788536,1.0
2263,4.5,-5.5,5,Hero,0.9998095512390137,1.0
2264,3.9000000000000004,-6.1,11,Hero,0.8850738351995294,1.0
2265,4.0,-6.0,10,Hero,0.9035683333873749,1.0
2266,4.2,-5.8,8,Hero,0.910791851580143,1.0
2267,3.9000000000000004,-6.1,11,Hero,0.9129148775880987,1.0
2268,4.1000000000000005,-5.8999999999999995,9,Hero,0.7730061651155766,1.0
2269,4.7,-5.3,3,Hero,0.8759031295776367,1.0
2270,3.8000000000000007,-6.199999999999999,12,Hero,0.7144864667207003,1.0
2271,3.6000000000000005,-6.3999999999999995,14,Hero,0.8238089893545423,1.0
2272,4.0,-6.0,10,Hero,0.8481173142790794,1.0
2273,4.300000000000001,-5.699999999999999,7,Hero,0.8161063236849648,1.0
2274,-5.5,4.5,5,Villain,0.7650913640856742,1.0
2275,4.7,-5.3,3,Hero,0.8762193520863851,1.0
2276,3.6000000000000005,-6.3999999999999995,14,Hero,0.8197527549096516,1.0
2277,4.300000000000001,-5.699999999999999,7,Hero,0.9309638312884739,1.0
2278,4.4,-5.6,6,Hero,0.9412169456481934,1.0
2279,4.2,-5.8,8,Hero,0.7525386670604348,1.0
2280,4.4,-5.6,6,Hero,0.9981385668118795,1.0
2281,3.5,-6.5,15,Hero,0.7537727996706962,1.0
2282,4.5,-5.5,5,Hero,0.9172250390052795,1.0
2283,4.9,-5.1,1,Hero,0.17672987282276154,1.0
2284,3.5,-6.5,15,Hero,0.8160709102948507,1.0
2285,3.9000000000000004,-6.1,11,Hero,0.8758902766487815,1.0
2286,3.7,-6.3,13,Hero,0.769971109353579,1.0
2287,4.0,-6.0,10,Hero,0.8536060184240342,1.0
2288,4.9,-5.1,1,Hero,0.9216215014457703,1.0
2289,4.1000000000000005,-5.8999999999999995,9,Hero,0.886990467707316,1.0
2290,4.0,-6.0,10,Hero,0.941318291425705,1.0
2291,4.1000000000000005,-5.8999999999999995,9,Hero,0.8857717845175002,1.0
2292,4.0,-6.0,10,Hero,0.8191319972276687,1.0
2293,3.8000000000000007,-6.199999999999999,12,Hero,0.8852620646357536,1.0
2294,4.5,-5.5,5,Hero,0.9244261264801026,1.0
2295,4.1000000000000005,-5.8999999999999995,9,Hero,0.9592498805787828,1.0
2296,3.9000000000000004,-6.1,11,Hero,0.8787801157344471,1.0
2297,3.4000000000000004,-6.6,16,Hero,0.8174991440027952,1.0
2298,4.800000000000001,-5.199999999999999,2,Hero,0.8404271006584167,1.0
2299,4.1000000000000005,-5.8999999999999995,9,Hero,0.8529554704825083,1.0
2300,3.9000000000000004,-6.1,11,Hero,0.7915378280661323,1.0
2301,4.0,-6.0,10,Hero,0.9163822293281555,1.0
2302,4.5,-5.5,5,Hero,0.9997757196426391,1.0
2303,3.9000000000000004,-6.1,11,Hero,0.8064953766085885,1.0
2304,3.6000000000000005,-6.3999999999999995,14,Hero,0.833817863038608,1.0
2305,-5.3999999999999995,4.6000000000000005,4,Villain,0.9998915642499924,1.0
2306,4.6000000000000005,-5.3999999999999995,4,Hero,0.9986632466316223,1.0
2307,4.2,-5.8,8,Hero,0.9970070794224739,1.0
2308,4.1000000000000005,-5.8999999999999995,9,Hero,0.7966856360435486,1.0
2309,3.4000000000000004,-6.6,16,Hero,0.8272125963121653,1.0
2310,3.9000000000000004,-6.1,11,Hero,0.946482468735088,1.0
2311,4.9,-5.1,1,Hero,0.9432485103607178,1.0
2312,3.9000000000000004,-6.1,11,Hero,0.8890372948213057,1.0
2313,4.2,-5.8,8,Hero,0.786248192191124,1.0
2314,3.8000000000000007,-6.199999999999999,12,Hero,0.873790276547273,1.0
2315,4.4,-5.6,6,Hero,0.8982647607723871,1.0
2316,4.9,-5.1,1,Hero,0.9863752722740173,1.0
2317,4.7,-5.3,3,Hero,0.8789689143498739,1.0
2318,4.1000000000000005,-5.8999999999999995,9,Hero,0.8835332526101006,1.0
2319,3.8000000000000007,-6.199999999999999,12,Hero,0.8229472314318022,1.0
2320,3.7,-6.3,13,Hero,0.8688000314510785,1.0
2321,3.6000000000000005,-6.3999999999999995,14,Hero,0.7713202921939748,1.0
2322,4.9,-5.1,1,Hero,0.997316300868988,1.0
2323,4.800000000000001,-5.199999999999999,2,Hero,0.9572161734104156,1.0
2324,3.7,-6.3,13,Hero,0.7989668353245809,1.0
2325,4.2,-5.8,8,Hero,0.8566848719492555,1.0
2326,3.9000000000000004,-6.1,11,Hero,0.955322655764493,1.0
2327,4.4,-5.6,6,Hero,0.8910852074623108,1.0
2328,4.1000000000000005,-5.8999999999999995,9,Hero,0.8159713471929232,1.0
2329,4.300000000000001,-5.699999999999999,7,Hero,0.999537638255528,1.0
2330,3.6000000000000005,-6.3999999999999995,14,Hero,0.8024558688380888,1.0
2331,3.2,-6.8,18,Hero,0.8097090016429623,1.0
2332,4.0,-6.0,10,Hero,0.8852272987365722,1.0
2333,4.7,-5.3,3,Hero,0.8690998554229736,1.0
2334,4.1000000000000005,-5.8999999999999995,9,Hero,0.8508623606628842,1.0
2335,3.9000000000000004,-6.1,11,Hero,0.8785649849609896,1.0
2336,4.1000000000000005,-5.8999999999999995,9,Hero,0.7719184425142076,1.0
2337,3.3,-6.7,17,Hero,0.7853369432337144,1.0
2338,3.5,-6.5,15,Hero,0.8537909845511119,1.0
2339,4.6000000000000005,-5.3999999999999995,4,Hero,0.7851517349481583,1.0
2340,4.5,-5.5,5,Hero,0.8805932939052582,1.0
2341,3.6000000000000005,-6.3999999999999995,14,Hero,0.8018880465200969,1.0
2342,3.9000000000000004,-6.1,11,Hero,0.8609913966872476,1.0
2343,4.0,-6.0,10,Hero,0.7835037916898727,1.0
2344,4.1000000000000005,-5.8999999999999995,9,Hero,0.7702415784200033,1.0
2345,4.4,-5.6,6,Hero,0.7896977365016937,1.0
2346,4.9,-5.1,1,Hero,0.5575051307678223,1.0
2347,4.4,-5.6,6,Hero,0.819917251666387,1.0
2348,3.7,-6.3,13,Hero,0.8531966232336484,1.0
2349,3.7,-6.3,13,Hero,0.8371529945960412,1.0
2350,4.800000000000001,-5.199999999999999,2,Hero,0.9952352344989777,1.0
2351,4.1000000000000005,-5.8999999999999995,9,Hero,0.8342339959409502,1.0
2352,4.0,-6.0,10,Hero,0.9553054690361023,1.0
2353,-5.1,4.9,1,Villain,0.9980372786521912,1.0
2354,3.2,-6.8,18,Hero,0.8543013847536511,1.0
2355,4.2,-5.8,8,Hero,0.7983747944235802,1.0
2356,4.300000000000001,-5.699999999999999,7,Hero,0.8554192653724125,1.0
2357,4.4,-5.6,6,Hero,0.8961208562056223,1.0
2358,-5.1,4.9,1,Villain,0.9999995231628418,1.0
2359,4.1000000000000005,-5.8999999999999995,9,Hero,0.9989079038302103,1.0
2360,4.0,-6.0,10,Hero,0.8999587804079056,1.0
2361,4.0,-6.0,10,Hero,0.8252762645483017,1.0
2362,3.3,-6.7,17,Hero,0.753919499761918,1.0
2363,3.4000000000000004,-6.6,16,Hero,0.8291782296728343,1.0
2364,4.2,-5.8,8,Hero,0.9625643193721771,1.0
2365,4.1000000000000005,-5.8999999999999995,9,Hero,0.882399837176005,1.0
2366,4.4,-5.6,6,Hero,0.698912558456262,1.0
2367,4.5,-5.5,5,Hero,0.9850313663482666,1.0
2368,3.6000000000000005,-6.3999999999999995,14,Hero,0.8286004683801106,1.0
2369,4.7,-5.3,3,Hero,0.994998017946879,1.0
2370,4.2,-5.8,8,Hero,0.932261299341917,1.0
2371,4.300000000000001,-5.699999999999999,7,Hero,0.8570541877831731,1.0
2372,4.2,-5.8,8,Hero,0.88201092928648,1.0
2373,3.9000000000000004,-6.1,11,Hero,0.8458305163816973,1.0
2374,4.300000000000001,-5.699999999999999,7,Hero,0.9640078459467206,1.0
2375,4.300000000000001,-5.699999999999999,7,Hero,0.707633980682918,1.0
2376,3.6000000000000005,-6.3999999999999995,14,Hero,0.7974928585546357,1.0
2377,4.4,-5.6,6,Hero,0.8338685433069865,1.0
2378,4.800000000000001,-5.199999999999999,2,Hero,0.9984901249408722,1.0
2379,-5.3999999999999995,4.6000000000000005,4,Villain,0.828247420489788,1.0
2380,2.8,-7.2,22,Hero,0.7550295361063697,1.0
2381,3.8000000000000007,-6.199999999999999,12,Hero,0.831683337688446,1.0
2382,4.1000000000000005,-5.8999999999999995,9,Hero,0.7397803564866384,1.0
2383,4.1000000000000005,-5.8999999999999995,9,Hero,0.8574237724145254,1.0
2384,3.7,-6.3,13,Hero,0.7793302834033966,1.0
2385,4.6000000000000005,-5.3999999999999995,4,Hero,0.9996728301048279,1.0
2386,4.0,-6.0,10,Hero,0.8755866527557373,1.0
2387,4.0,-6.0,10,Hero,0.9719034671783447,1.0
2388,3.9000000000000004,-6.1,11,Hero,0.9055241237987172,1.0
2389,3.6000000000000005,-6.3999999999999995,14,Hero,0.7128212302923203,1.0
2390,3.9000000000000004,-6.1,11,Hero,0.8905237750573591,1.0
2391,3.9000000000000004,-6.1,11,Hero,0.946844989603216,1.0
2392,-5.199999999999999,4.800000000000001,2,Villain,0.38205128302797675,1.0
2393,4.300000000000001,-5.699999999999999,7,Hero,0.9992459501538958,1.0
2394,3.9000000000000004,-6.1,11,Hero,0.8266358511014418,1.0
2395,4.5,-5.5,5,Hero,0.6050903518684209,1.0
2396,4.0,-6.0,10,Hero,0.8600112438201905,1.0
2397,4.1000000000000005,-5.8999999999999995,9,Hero,0.878670871257782,1.0
2398,4.1000000000000005,-5.8999999999999995,9,Hero,0.9063150220447116,1.0
2399,4.0,-6.0,10,Hero,0.7847834706306458,1.0
2400,3.7,-6.3,13,Hero,0.7882999892418201,1.0
2401,4.7,-5.3,3,Hero,0.996549665927887,1.0
2402,4.1000000000000005,-5.8999999999999995,9,Hero,0.9694284134440951,1.0
2403,3.8000000000000007,-6.199999999999999,12,Hero,0.8214728149274985,1.0
2404,3.5,-6.5,15,Hero,0.8799586455027263,1.0
2405,4.2,-5.8,8,Hero,0.9996919706463814,1.0
2406,4.6000000000000005,-5.3999999999999995,4,Hero,0.926673948764801,1.0
2407,4.0,-6.0,10,Hero,0.8053207457065582,1.0
2408,4.300000000000001,-5.699999999999999,7,Hero,0.999608610357557,1.0
2409,4.6000000000000005,-5.3999999999999995,4,Hero,0.9893534779548645,1.0
2410,3.7,-6.3,13,Hero,0.8291718742022147,1.0
2411,3.7,-6.3,13,Hero,0.8810609957346549,1.0
2412,3.9000000000000004,-6.1,11,Hero,0.9528588490052656,1.0
2413,4.4,-5.6,6,Hero,0.999534676472346,1.0
2414,4.800000000000001,-5.199999999999999,2,Hero,0.6233828365802765,1.0
2415,3.8000000000000007,-6.199999999999999,12,Hero,0.8930959155162176,1.0
2416,4.1000000000000005,-5.8999999999999995,9,Hero,0.7948445578416189,1.0
2417,3.9000000000000004,-6.1,11,Hero,0.9135147441517223,1.0
2418,3.5,-6.5,15,Hero,0.8030126670996348,1.0
2419,3.8000000000000007,-6.199999999999999,12,Hero,0.890316461523374,1.0
2420,4.7,-5.3,3,Hero,0.8675646980603536,1.0
2421,4.300000000000001,-5.699999999999999,7,Hero,0.9992061087063381,1.0
2422,3.2,-6.8,18,Hero,0.8332978602912691,1.0
2423,4.4,-5.6,6,Hero,0.9443662067254385,1.0
2424,3.8000000000000007,-6.199999999999999,12,Hero,0.7695599074165026,1.0
2425,4.300000000000001,-5.699999999999999,7,Hero,0.9449235456330436,1.0
2426,3.6000000000000005,-6.3999999999999995,14,Hero,0.8343638415847506,1.0
2427,4.9,-5.1,1,Hero,0.997795581817627,1.0
2428,4.9,-5.1,1,Hero,0.9826065897941589,1.0
2429,3.8000000000000007,-6.199999999999999,12,Hero,0.8222764556606611,1.0
2430,4.1000000000000005,-5.8999999999999995,9,Hero,0.9368657006157769,1.0
2431,-5.3999999999999995,4.6000000000000005,4,Villain,0.995554730296135,1.0
2432,4.800000000000001,-5.199999999999999,2,Hero,0.9982950091362,1.0
2433,3.9000000000000004,-6.1,11,Hero,0.9093460765751925,1.0
2434,4.0,-6.0,10,Hero,0.8019442528486251,1.0
2435,4.1000000000000005,-5.8999999999999995,9,Hero,0.9351806971761916,1.0
2436,4.6000000000000005,-5.3999999999999995,4,Hero,0.9143575429916382,1.0
2437,4.9,-5.1,1,Hero,0.9377493858337402,1.0
2438,3.9000000000000004,-6.1,11,Hero,0.9088001576336947,1.0
2439,4.4,-5.6,6,Hero,0.9606240292390188,1.0
2440,4.300000000000001,-5.699999999999999,7,Hero,0.9572500245911735,1.0
2441,3.9000000000000004,-6.1,11,Hero,0.706984758969735,1.0
2442,3.5,-6.5,15,Hero,0.8543155928452809,1.0
2443,4.2,-5.8,8,Hero,0.8245998322963715,1.0
2444,4.0,-6.0,10,Hero,0.7744788497686386,1.0
2445,3.9000000000000004,-6.1,11,Hero,0.80703971975229,1.0
2446,4.0,-6.0,10,Hero,0.937539255619049,1.0
2447,4.1000000000000005,-5.8999999999999995,9,Hero,0.9485906230078803,1.0
2448,4.4,-5.6,6,Hero,0.9637899299462637,1.0
2449,3.8000000000000007,-6.199999999999999,12,Hero,0.8175222997864088,1.0
2450,4.6000000000000005,-5.3999999999999995,4,Hero,0.7651779521256685,1.0
2451,4.4,-5.6,6,Hero,0.7346630493799845,1.0
2452,4.7,-5.3,3,Hero,0.9987042943636576,1.0
2453,4.1000000000000005,-5.8999999999999995,9,Hero,0.7132667859809266,1.0
2454,3.9000000000000004,-6.1,11,Hero,0.8170274902473796,1.0
2455,4.1000000000000005,-5.8999999999999995,9,Hero,0.9381087819735209,1.0
2456,4.1000000000000005,-5.8999999999999995,9,Hero,0.8115269765257835,1.0
2457,4.300000000000001,-5.699999999999999,7,Hero,0.9044343914304461,1.0
2458,4.7,-5.3,3,Hero,0.9947722355524699,1.0
2459,3.6000000000000005,-6.3999999999999995,14,Hero,0.7999756000936031,1.0
2460,4.800000000000001,-5.199999999999999,2,Hero,0.9739812016487122,1.0
2461,4.800000000000001,-5.199999999999999,2,Hero,0.9892453253269196,1.0
2462,3.9000000000000004,-6.1,11,Hero,0.7092430483211171,1.0
2463,4.6000000000000005,-5.3999999999999995,4,Hero,0.7460055202245712,1.0
2464,4.300000000000001,-5.699999999999999,7,Hero,0.998440512589046,1.0
2465,4.300000000000001,-5.699999999999999,7,Hero,0.8556917224611554,1.0
2466,4.2,-5.8,8,Hero,0.8707435056567192,1.0
2467,4.4,-5.6,6,Hero,0.9225234190622965,1.0
2468,4.2,-5.8,8,Hero,0.9231235943734646,1.0
2469,4.7,-5.3,3,Hero,0.805018295844396,1.0
2470,-5.199999999999999,4.800000000000001,2,Villain,0.999999463558197,1.0
2471,4.1000000000000005,-5.8999999999999995,9,Hero,0.7658667200141482,1.0
2472,3.8000000000000007,-6.199999999999999,12,Hero,0.873699925839901,1.0
2473,4.1000000000000005,-5.8999999999999995,9,Hero,0.7744827578879065,1.0
2474,3.4000000000000004,-6.6,16,Hero,0.8299430925399065,1.0
2475,4.6000000000000005,-5.3999999999999995,4,Hero,0.8497360423207283,1.0
2476,3.9000000000000004,-6.1,11,Hero,0.8745651326396249,1.0
2477,4.6000000000000005,-5.3999999999999995,4,Hero,0.871043860912323,1.0
2478,3.9000000000000004,-6.1,11,Hero,0.8789706880396063,1.0
2479,4.0,-6.0,10,Hero,0.8358352273702622,1.0
2480,4.1000000000000005,-5.8999999999999995,9,Hero,0.7896772921085358,1.0
2481,3.9000000000000004,-6.1,11,Hero,0.7045329009944742,1.0
2482,4.2,-5.8,8,Hero,0.9917737767100334,1.0
2483,4.0,-6.0,10,Hero,0.9503740251064301,1.0
2484,3.7,-6.3,13,Hero,0.8760490984870837,1.0
2485,-5.3,4.7,3,Villain,0.9999998807907104,1.0
2486,4.4,-5.6,6,Hero,0.9617976744969686,1.0
2487,4.300000000000001,-5.699999999999999,7,Hero,0.7868568641798837,1.0
2488,4.300000000000001,-5.699999999999999,7,Hero,0.9717073781149728,1.0
2489,4.4,-5.6,6,Hero,0.9987786014874777,1.0
2490,4.800000000000001,-5.199999999999999,2,Hero,0.9995408356189728,1.0
2491,3.7,-6.3,13,Hero,0.818051468867522,1.0
2492,4.7,-5.3,3,Hero,0.9160082340240479,1.0
2493,3.6000000000000005,-6.3999999999999995,14,Hero,0.9014003958020892,1.0
2494,4.5,-5.5,5,Hero,0.9412253975868226,1.0
2495,4.1000000000000005,-5.8999999999999995,9,Hero,0.9884981248113844,1.0
2496,3.8000000000000007,-6.199999999999999,12,Hero,0.9277950475613276,1.0
2497,4.6000000000000005,-5.3999999999999995,4,Hero,0.8825297504663467,1.0
2498,3.0999999999999996,-6.9,19,Hero,0.7867313599900195,1.0
2499,4.300000000000001,-5.699999999999999,7,Hero,0.999904487814222,1.0
2500,3.4000000000000004,-6.6,16,Hero,0.8332426529377699,1.0
2501,4.6000000000000005,-5.3999999999999995,4,Hero,0.9991915971040726,1.0
2502,4.2,-5.8,8,Hero,0.7343730889260769,1.0
2503,4.4,-5.6,6,Hero,0.960266908009847,1.0
2504,4.1000000000000005,-5.8999999999999995,9,Hero,0.9948984914355807,1.0
2505,4.1000000000000005,-5.8999999999999995,9,Hero,0.9025287694401212,1.0
2506,4.4,-5.6,6,Hero,0.8009456979731718,1.0
2507,4.4,-5.6,6,Hero,0.9382689595222473,1.0
2508,4.7,-5.3,3,Hero,0.9942823251088461,1.0
2509,4.4,-5.6,6,Hero,0.9186137815316519,1.0
2510,3.5,-6.5,15,Hero,0.8111088156700135,1.0
2511,4.0,-6.0,10,Hero,0.9266332030296326,1.0
2512,4.4,-5.6,6,Hero,0.7870177278916041,1.0
2513,4.4,-5.6,6,Hero,0.9976034661134084,1.0
2514,4.2,-5.8,8,Hero,0.7819795459508896,1.0
2515,3.7,-6.3,13,Hero,0.8509191458041852,1.0
2516,4.300000000000001,-5.699999999999999,7,Hero,0.8529629749911172,1.0
2517,4.9,-5.1,1,Hero,0.9402869343757629,1.0
2518,-5.199999999999999,4.800000000000001,2,Villain,0.6406575739383698,1.0
2519,3.4000000000000004,-6.6,16,Hero,0.8083852996351197,1.0
2520,4.300000000000001,-5.699999999999999,7,Hero,0.9640915734427316,1.0
2521,3.4000000000000004,-6.6,16,Hero,0.8513976000249386,1.0
2522,3.3,-6.7,17,Hero,0.8331212752005633,1.0
2523,3.6000000000000005,-6.3999999999999995,14,Hero,0.8138654998370579,1.0
2524,-5.3,4.7,3,Villain,0.8795560201009115,1.0
2525,4.5,-5.5,5,Hero,0.8138776123523712,1.0
2526,3.8000000000000007,-6.199999999999999,12,Hero,0.8737685158848763,1.0
2527,3.7,-6.3,13,Hero,0.7812983416593992,1.0
2528,4.2,-5.8,8,Hero,0.9268629737198353,1.0
2529,4.2,-5.8,8,Hero,0.9986002147197723,1.0
2530,3.8000000000000007,-6.199999999999999,12,Hero,0.7896090193341175,1.0
2531,3.4000000000000004,-6.6,16,Hero,0.727718151640147,1.0
2532,4.6000000000000005,-5.3999999999999995,4,Hero,0.8943223804235458,1.0
2533,3.6000000000000005,-6.3999999999999995,14,Hero,0.836837717464992,1.0
2534,4.1000000000000005,-5.8999999999999995,9,Hero,0.8388609223895602,1.0
2535,4.1000000000000005,-5.8999999999999995,9,Hero,0.9988271196683248,1.0
2536,3.9000000000000004,-6.1,11,Hero,0.8121532472697172,1.0
2537,3.5,-6.5,15,Hero,0.6864929817616939,1.0
2538,3.7,-6.3,13,Hero,0.798643884750513,1.0
2539,3.2,-6.8,18,Hero,0.7515885324941741,1.0
2540,3.8000000000000007,-6.199999999999999,12,Hero,0.8258135045568148,1.0
2541,3.6000000000000005,-6.3999999999999995,14,Hero,0.81993296955313,1.0
2542,4.5,-5.5,5,Hero,0.9960785984992981,1.0
2543,3.9000000000000004,-6.1,11,Hero,0.903340299021114,1.0
2544,3.2,-6.8,18,Hero,0.8372964180178113,1.0
2545,4.4,-5.6,6,Hero,0.985070119301478,1.0
2546,3.8000000000000007,-6.199999999999999,12,Hero,0.8203647832075754,1.0
2547,4.5,-5.5,5,Hero,0.9397586226463318,1.0
2548,4.2,-5.8,8,Hero,0.8372353725135326,1.0
2549,-5.1,4.9,1,Villain,0.9804093837738037,1.0
2550,4.6000000000000005,-5.3999999999999995,4,Hero,0.7262125462293625,1.0
2551,3.8000000000000007,-6.199999999999999,12,Hero,0.8112134071998298,1.0
2552,4.9,-5.1,1,Hero,0.986193835735321,1.0
2553,3.9000000000000004,-6.1,11,Hero,0.9565889997915789,1.0
2554,4.4,-5.6,6,Hero,0.8020825187365214,1.0
2555,3.7,-6.3,13,Hero,0.8557812915398524,1.0
2556,4.9,-5.1,1,Hero,0.9965433478355408,1.0
2557,4.4,-5.6,6,Hero,0.9744439125061035,1.0
2558,4.300000000000001,-5.699999999999999,7,Hero,0.9427546092442104,1.0
2559,4.2,-5.8,8,Hero,0.7859241105616093,1.0
2560,4.7,-5.3,3,Hero,0.9256429672241211,1.0
2561,4.4,-5.6,6,Hero,0.9650683204332987,1.0
2562,3.8000000000000007,-6.199999999999999,12,Hero,0.9332431256771088,1.0
2563,3.7,-6.3,13,Hero,0.8132233711389395,1.0
2564,3.8000000000000007,-6.199999999999999,12,Hero,0.8759766425937414,1.0
2565,3.3,-6.7,17,Hero,0.8229621964342454,1.0
2566,3.8000000000000007,-6.199999999999999,12,Hero,0.8869487022360166,1.0
2567,4.0,-6.0,10,Hero,0.7632914647459984,1.0
2568,-5.3,4.7,3,Villain,0.9465567469596863,1.0
2569,3.8000000000000007,-6.199999999999999,12,Hero,0.8879340638717016,1.0
2570,4.0,-6.0,10,Hero,0.8640858471393585,1.0
2571,4.300000000000001,-5.699999999999999,7,Hero,0.9340871572494507,1.0
2572,3.6000000000000005,-6.3999999999999995,14,Hero,0.777717901127679,1.0
2573,3.6000000000000005,-6.3999999999999995,14,Hero,0.8076226604836327,1.0
2574,3.7,-6.3,13,Hero,0.8188273241886725,1.0
2575,3.7,-6.3,13,Hero,0.850823115843993,1.0
2576,-5.1,4.9,1,Villain,1.0,1.0
2577,4.0,-6.0,10,Hero,0.8657379820942879,1.0
2578,4.1000000000000005,-5.8999999999999995,9,Hero,0.9583919843037924,1.0
2579,3.8000000000000007,-6.199999999999999,12,Hero,0.8595403159658114,1.0
2580,3.8000000000000007,-6.199999999999999,12,Hero,0.9261448582013448,1.0
2581,4.0,-6.0,10,Hero,0.9369887709617615,1.0
2582,4.300000000000001,-5.699999999999999,7,Hero,0.8794249466487339,1.0
2583,4.2,-5.8,8,Hero,0.8327327370643616,1.0
2584,4.4,-5.6,6,Hero,0.8715906739234924,1.0
2585,4.2,-5.8,8,Hero,0.9119710326194763,1.0
2586,4.1000000000000005,-5.8999999999999995,9,Hero,0.9405619899431864,1.0
2587,3.5,-6.5,15,Hero,0.8195248623689015,1.0
2588,4.300000000000001,-5.699999999999999,7,Hero,0.8549866846629551,1.0
2589,4.2,-5.8,8,Hero,0.9969274401664734,1.0
2590,3.8000000000000007,-6.199999999999999,12,Hero,0.8130512610077858,1.0
2591,4.5,-5.5,5,Hero,0.9310776710510253,1.0
2592,3.4000000000000004,-6.6,16,Hero,0.8308903137221932,1.0
2593,4.1000000000000005,-5.8999999999999995,9,Hero,0.9968582325511508,1.0
2594,4.0,-6.0,10,Hero,0.8617154449224472,1.0
2595,4.5,-5.5,5,Hero,0.9227473020553589,1.0
2596,3.7,-6.3,13,Hero,0.8130918620870664,1.0
2597,4.1000000000000005,-5.8999999999999995,9,Hero,0.8966597517331442,1.0
2598,4.5,-5.5,5,Hero,0.9947566986083984,1.0
2599,4.0,-6.0,10,Hero,0.7814909413456916,1.0
2600,4.0,-6.0,10,Hero,0.8998805060982704,1.0
2601,3.6000000000000005,-6.3999999999999995,14,Hero,0.8702109179326466,1.0
2602,3.4000000000000004,-6.6,16,Hero,0.830053846584633,1.0
2603,3.7,-6.3,13,Hero,0.8780374687451583,1.0
2604,4.7,-5.3,3,Hero,0.9954111178716024,1.0
2605,3.8000000000000007,-6.199999999999999,12,Hero,0.8178444653749466,1.0
2606,3.7,-6.3,13,Hero,0.8030664829107431,1.0
2607,4.7,-5.3,3,Hero,0.6684926208108664,1.0
2608,4.4,-5.6,6,Hero,0.8499750345945358,1.0
2609,4.6000000000000005,-5.3999999999999995,4,Hero,0.7247990779578686,1.0
2610,4.1000000000000005,-5.8999999999999995,9,Hero,0.9406498405668471,1.0
2611,4.4,-5.6,6,Hero,0.994625469048818,1.0
2612,3.5,-6.5,15,Hero,0.811809108654658,1.0
2613,4.1000000000000005,-5.8999999999999995,9,Hero,0.9961040947172377,1.0
2614,4.1000000000000005,-5.8999999999999995,9,Hero,0.7866267098320855,1.0
2615,4.6000000000000005,-5.3999999999999995,4,Hero,0.8694026172161102,1.0
2616,4.1000000000000005,-5.8999999999999995,9,Hero,0.9648346172438728,1.0
2617,4.2,-5.8,8,Hero,0.8617538791149855,1.0
2618,3.9000000000000004,-6.1,11,Hero,0.8173985372890126,1.0
2619,3.9000000000000004,-6.1,11,Hero,0.889718928120353,1.0
2620,4.4,-5.6,6,Hero,0.9383385976155599,1.0
2621,4.2,-5.8,8,Hero,0.9961927011609077,1.0
2622,4.6000000000000005,-5.3999999999999995,4,Hero,0.9959810823202133,1.0
2623,3.5,-6.5,15,Hero,0.8108741817375024,1.0
2624,4.300000000000001,-5.699999999999999,7,Hero,0.8890317721026284,1.0
2625,3.3,-6.7,17,Hero,0.8224376527702107,1.0
2626,3.4000000000000004,-6.6,16,Hero,0.8421927727758884,1.0
2627,4.6000000000000005,-5.3999999999999995,4,Hero,0.9921386539936066,1.0
2628,4.7,-5.3,3,Hero,0.8501268823941549,1.0
2629,4.0,-6.0,10,Hero,0.8695023760199547,1.0
2630,4.0,-6.0,10,Hero,0.9465090811252594,1.0
2631,4.6000000000000005,-5.3999999999999995,4,Hero,0.8183652609586716,1.0
2632,3.4000000000000004,-6.6,16,Hero,0.8770806975662708,1.0
2633,4.2,-5.8,8,Hero,0.8891590088605881,1.0
2634,4.800000000000001,-5.199999999999999,2,Hero,0.9782285988330841,1.0
2635,3.9000000000000004,-6.1,11,Hero,0.8611625771630894,1.0
2636,4.9,-5.1,1,Hero,0.9962553977966309,1.0
2637,3.6000000000000005,-6.3999999999999995,14,Hero,0.8378912040165493,1.0
2638,4.300000000000001,-5.699999999999999,7,Hero,0.9959701810564313,1.0
2639,4.1000000000000005,-5.8999999999999995,9,Hero,0.847187813785341,1.0
2640,4.2,-5.8,8,Hero,0.9651060923933983,1.0
2641,4.9,-5.1,1,Hero,0.9724809527397156,1.0
2642,-5.3999999999999995,4.6000000000000005,4,Villain,0.816016398370266,1.0
2643,4.300000000000001,-5.699999999999999,7,Hero,0.9079949344907489,1.0
2644,4.6000000000000005,-5.3999999999999995,4,Hero,0.9260587394237518,1.0
2645,3.6000000000000005,-6.3999999999999995,14,Hero,0.8306516472782407,1.0
2646,4.300000000000001,-5.699999999999999,7,Hero,0.8232929323400769,1.0
2647,-5.199999999999999,4.800000000000001,2,Villain,0.5928415358066559,1.0
2648,-5.3,4.7,3,Villain,0.9999987681706747,1.0
2649,3.7,-6.3,13,Hero,0.7435311099084524,1.0
2650,-4.999999999999998,-4.999999999999998,50,None,0.9460835266113281,1.0
2651,-4.999999999999998,-4.999999999999998,50,None,0.9746201807260513,1.0
2652,-4.999999999999998,-4.999999999999998,50,None,0.9064093351364135,1.0
2653,1.3999999999999986,-8.600000000000001,36,Hero,0.9573836029093299,1.0
2654,3.7,-6.3,13,Hero,0.9084662962704897,1.0
2655,-4.999999999999998,-4.999999999999998,50,None,0.9114687315374613,1.0
2656,-4.999999999999998,-4.999999999999998,50,None,0.9625658518075944,1.0
2657,-4.999999999999998,-4.999999999999998,50,None,0.9647992192208767,1.0
2658,-4.999999999999998,-4.999999999999998,50,None,0.9948887872695923,1.0
2659,3.9000000000000004,-6.1,11,Hero,0.9034152606671507,1.0
2660,2.6999999999999997,-7.300000000000001,23,Hero,0.8965553273649319,1.0
2661,3.7,-6.3,13,Hero,0.8255572800452893,1.0
2662,3.4000000000000004,-6.6,16,Hero,0.8421013741753995,1.0
2663,4.300000000000001,-5.699999999999999,7,Hero,0.9999966451099941,1.0
2664,4.800000000000001,-5.199999999999999,2,Hero,0.9999980926513672,1.0
2665,3.7,-6.3,13,Hero,0.842957650239651,1.0
2666,3.4000000000000004,-6.6,16,Hero,0.8262418250087649,1.0
2667,4.2,-5.8,8,Hero,0.7144082859158516,1.0
2668,4.5,-5.5,5,Hero,0.99999520778656,1.0
2669,3.9000000000000004,-6.1,11,Hero,0.7651806609197096,1.0
2670,4.4,-5.6,6,Hero,0.865023801724116,1.0
2671,2.9,-7.1,21,Hero,0.8297566134660017,1.0
2672,3.5,-6.5,15,Hero,0.7757009953260422,1.0
2673,3.9000000000000004,-6.1,11,Hero,0.8323004665699872,1.0
2674,4.2,-5.8,8,Hero,0.8499232344329357,1.0
2675,4.0,-6.0,10,Hero,0.8964445382356644,1.0
2676,4.6000000000000005,-5.3999999999999995,4,Hero,0.9466040283441544,1.0
2677,3.8000000000000007,-6.199999999999999,12,Hero,0.8682582775751749,1.0
2678,4.9,-5.1,1,Hero,0.9997792840003967,1.0
2679,4.0,-6.0,10,Hero,0.9518453299999237,1.0
2680,4.4,-5.6,6,Hero,0.8916656672954559,1.0
2681,3.9000000000000004,-6.1,11,Hero,0.8780893006108024,1.0
2682,3.2,-6.8,18,Hero,0.8074835050437186,1.0
2683,3.5,-6.5,15,Hero,0.8476922333240509,1.0
2684,4.2,-5.8,8,Hero,0.9722146764397621,1.0
2685,4.6000000000000005,-5.3999999999999995,4,Hero,0.7832792699337006,1.0
2686,3.8000000000000007,-6.199999999999999,12,Hero,0.8893404056628545,1.0
2687,4.300000000000001,-5.699999999999999,7,Hero,0.8345525419073445,1.0
2688,3.9000000000000004,-6.1,11,Hero,0.9077396853403612,1.0
2689,4.1000000000000005,-5.8999999999999995,9,Hero,0.905217750204934,1.0
2690,4.1000000000000005,-5.8999999999999995,9,Hero,0.8181605537732443,1.0
2691,4.7,-5.3,3,Hero,0.9991328716278076,1.0
2692,4.0,-6.0,10,Hero,0.9542556405067444,1.0
2693,3.7,-6.3,13,Hero,0.8569373683287547,1.0
2694,4.1000000000000005,-5.8999999999999995,9,Hero,0.8519973622428046,1.0
2695,4.2,-5.8,8,Hero,0.8950041085481644,1.0
2696,4.0,-6.0,10,Hero,0.9750879228115081,1.0
2697,4.7,-5.3,3,Hero,0.993805984656016,1.0
2698,4.6000000000000005,-5.3999999999999995,4,Hero,0.8635007739067078,1.0
2699,4.300000000000001,-5.699999999999999,7,Hero,0.997477616582598,1.0
2700,3.9000000000000004,-6.1,11,Hero,0.8588259680704637,1.0
2701,3.3,-6.7,17,Hero,0.8484583111370311,1.0
2702,4.2,-5.8,8,Hero,0.9999210461974144,1.0
2703,4.1000000000000005,-5.8999999999999995,9,Hero,0.8483356734116873,1.0
2704,4.1000000000000005,-5.8999999999999995,9,Hero,0.9861447546217177,1.0
2705,4.0,-6.0,10,Hero,0.8548150900751352,1.0
2706,4.300000000000001,-5.699999999999999,7,Hero,0.860153351511274,1.0
2707,4.300000000000001,-5.699999999999999,7,Hero,0.9086828657558986,1.0
2708,4.6000000000000005,-5.3999999999999995,4,Hero,0.9721644818782806,1.0
2709,3.7,-6.3,13,Hero,0.8108905072395618,1.0
2710,4.800000000000001,-5.199999999999999,2,Hero,0.998085230588913,1.0
2711,4.300000000000001,-5.699999999999999,7,Hero,0.8829580119677952,1.0
2712,4.9,-5.1,1,Hero,0.9742120504379272,1.0
2713,4.0,-6.0,10,Hero,0.9455979883670806,1.0
2714,4.4,-5.6,6,Hero,0.9496606985727946,1.0
2715,4.5,-5.5,5,Hero,0.8955000281333924,1.0
2716,4.2,-5.8,8,Hero,0.8995407707989216,1.0
2717,3.9000000000000004,-6.1,11,Hero,0.8197379274801775,1.0
2718,4.7,-5.3,3,Hero,0.9979416131973267,1.0
2719,4.4,-5.6,6,Hero,0.9427339931329092,1.0
2720,3.8000000000000007,-6.199999999999999,12,Hero,0.8532877986629804,1.0
2721,3.5,-6.5,15,Hero,0.8345770801107089,1.0
2722,3.8000000000000007,-6.199999999999999,12,Hero,0.8329967173437277,1.0
2723,4.2,-5.8,8,Hero,0.9497192278504372,1.0
2724,4.0,-6.0,10,Hero,0.7859417974948884,1.0
2725,4.0,-6.0,10,Hero,0.9273505330085754,1.0
2726,3.9000000000000004,-6.1,11,Hero,0.8186417926441539,1.0
2727,4.300000000000001,-5.699999999999999,7,Hero,0.8981481960841587,1.0
2728,4.4,-5.6,6,Hero,0.9167184631029764,1.0
2729,4.5,-5.5,5,Hero,0.9995285511016846,1.0
2730,3.9000000000000004,-6.1,11,Hero,0.7807112153280865,1.0
2731,3.8000000000000007,-6.199999999999999,12,Hero,0.8819708575805029,1.0
2732,4.4,-5.6,6,Hero,0.9406195978323618,1.0
2733,4.1000000000000005,-5.8999999999999995,9,Hero,0.9305645955933465,1.0
2734,3.9000000000000004,-6.1,11,Hero,0.9134361039508473,1.0
2735,4.800000000000001,-5.199999999999999,2,Hero,0.9423237442970276,1.0
2736,3.9000000000000004,-6.1,11,Hero,0.9000359773635864,1.0
2737,4.300000000000001,-5.699999999999999,7,Hero,0.8246158361434937,1.0
2738,4.1000000000000005,-5.8999999999999995,9,Hero,0.8622887863053216,1.0
2739,-5.1,4.9,1,Villain,0.9989731311798096,1.0
2740,4.4,-5.6,6,Hero,0.9967905183633169,1.0
2741,4.2,-5.8,8,Hero,0.8537699282169342,1.0
2742,3.6000000000000005,-6.3999999999999995,14,Hero,0.8301802703312465,1.0
2743,4.4,-5.6,6,Hero,0.9094671756029129,1.0
2744,4.1000000000000005,-5.8999999999999995,9,Hero,0.8465175496207343,1.0
2745,4.300000000000001,-5.699999999999999,7,Hero,0.9990306581769671,1.0
2746,4.1000000000000005,-5.8999999999999995,9,Hero,0.9026948544714186,1.0
2747,3.9000000000000004,-6.1,11,Hero,0.8085386644710194,1.0
2748,3.6000000000000005,-6.3999999999999995,14,Hero,0.8075329661369324,1.0
2749,4.300000000000001,-5.699999999999999,7,Hero,0.9993695957320077,1.0
2750,4.2,-5.8,8,Hero,0.8628398664295673,1.0
2751,3.7,-6.3,13,Hero,0.8492276072502136,1.0
2752,4.300000000000001,-5.699999999999999,7,Hero,0.9527110457420349,1.0
2753,4.7,-5.3,3,Hero,0.9977776408195496,1.0
2754,4.300000000000001,-5.699999999999999,7,Hero,0.9992036904607501,1.0
2755,4.5,-5.5,5,Hero,0.9244319915771484,1.0
2756,3.2,-6.8,18,Hero,0.8213780985938178,1.0
2757,4.7,-5.3,3,Hero,0.865175704161326,1.0
2758,4.4,-5.6,6,Hero,0.9978743493556976,1.0
2759,4.2,-5.8,8,Hero,0.9263626970350742,1.0
2760,4.1000000000000005,-5.8999999999999995,9,Hero,0.9069011674986945,1.0
2761,4.2,-5.8,8,Hero,0.9088354334235191,1.0
2762,4.5,-5.5,5,Hero,0.9548426389694213,1.0
2763,3.6000000000000005,-6.3999999999999995,14,Hero,0.833936798785414,1.0
2764,4.4,-5.6,6,Hero,0.9733179112275442,1.0
2765,4.300000000000001,-5.699999999999999,7,Hero,0.9997397490910122,1.0
2766,4.2,-5.8,8,Hero,0.7954816782148555,1.0
2767,4.7,-5.3,3,Hero,0.8988378842671713,1.0
2768,4.5,-5.5,5,Hero,0.9089105725288391,1.0
2769,4.2,-5.8,8,Hero,0.9988911971449852,1.0
2770,4.0,-6.0,10,Hero,0.9709398984909058,1.0
2771,3.4000000000000004,-6.6,16,Hero,0.8396946415305138,1.0
2772,4.4,-5.6,6,Hero,0.9977538188298544,1.0
2773,3.4000000000000004,-6.6,16,Hero,0.8071651067584753,1.0
2774,4.7,-5.3,3,Hero,0.6081714257597923,1.0
2775,4.1000000000000005,-5.8999999999999995,9,Hero,0.9715327752961053,1.0
2776,4.300000000000001,-5.699999999999999,7,Hero,0.8554969685418266,1.0
2777,4.0,-6.0,10,Hero,0.8970998525619507,1.0
2778,3.8000000000000007,-6.199999999999999,12,Hero,0.8636126096049944,1.0
2779,4.2,-5.8,8,Hero,0.9997970163822174,1.0
2780,4.1000000000000005,-5.8999999999999995,9,Hero,0.9986717502276102,1.0
2781,4.4,-5.6,6,Hero,0.77813521027565,1.0
2782,4.300000000000001,-5.699999999999999,7,Hero,0.9956625870295933,1.0
2783,3.7,-6.3,13,Hero,0.8661910662284265,1.0
2784,3.9000000000000004,-6.1,11,Hero,0.9066420617428693,1.0
2785,3.8000000000000007,-6.199999999999999,12,Hero,0.9185492545366287,1.0
2786,4.0,-6.0,10,Hero,0.8299982443451881,1.0
2787,3.5,-6.5,15,Hero,0.7190146067490181,1.0
2788,4.4,-5.6,6,Hero,0.9095973372459412,1.0
2789,4.300000000000001,-5.699999999999999,7,Hero,0.8314320083175387,1.0
2790,3.8000000000000007,-6.199999999999999,12,Hero,0.8197763214508692,1.0
2791,3.9000000000000004,-6.1,11,Hero,0.9209163784980774,1.0
2792,3.5,-6.5,15,Hero,0.8177424748738606,1.0
2793,4.4,-5.6,6,Hero,0.9879373908042908,1.0
2794,4.1000000000000005,-5.8999999999999995,9,Hero,0.902724822362264,1.0
2795,4.9,-5.1,1,Hero,0.9945755004882812,1.0
2796,4.800000000000001,-5.199999999999999,2,Hero,0.7758983969688416,1.0
2797,4.2,-5.8,8,Hero,0.847865641117096,1.0
2798,3.7,-6.3,13,Hero,0.866320944749392,1.0
2799,3.5,-6.5,15,Hero,0.8784955859184265,1.0
2800,4.0,-6.0,10,Hero,0.8701838940382004,1.0
2801,4.2,-5.8,8,Hero,0.9966687709093094,1.0
2802,4.800000000000001,-5.199999999999999,2,Hero,0.7354688346385956,1.0
2803,4.4,-5.6,6,Hero,0.9995773533980051,1.0
2804,3.6000000000000005,-6.3999999999999995,14,Hero,0.8192622523222651,1.0
2805,3.7,-6.3,13,Hero,0.8250035162155445,1.0
2806,4.0,-6.0,10,Hero,0.8608117163181305,1.0
2807,4.5,-5.5,5,Hero,0.9983926057815552,1.0
2808,4.6000000000000005,-5.3999999999999995,4,Hero,0.8410006761550903,1.0
2809,4.5,-5.5,5,Hero,0.8204807162284851,1.0
2810,3.7,-6.3,13,Hero,0.8876603910556207,1.0
2811,4.6000000000000005,-5.3999999999999995,4,Hero,0.9997811764478683,1.0
2812,4.800000000000001,-5.199999999999999,2,Hero,0.9319604635238647,1.0
2813,4.4,-5.6,6,Hero,0.9996647834777832,1.0
2814,4.2,-5.8,8,Hero,0.8183738552033901,1.0
2815,3.8000000000000007,-6.199999999999999,12,Hero,0.8520899762709936,1.0
2816,3.8000000000000007,-6.199999999999999,12,Hero,0.8211085945367813,1.0
2817,3.7,-6.3,13,Hero,0.8166364270907182,1.0
2818,4.2,-5.8,8,Hero,0.7628724034875631,1.0
2819,4.6000000000000005,-5.3999999999999995,4,Hero,0.9474023729562759,1.0
2820,4.7,-5.3,3,Hero,0.786545991897583,1.0
2821,3.9000000000000004,-6.1,11,Hero,0.8469282551245256,1.0
2822,4.800000000000001,-5.199999999999999,2,Hero,0.9946224689483643,1.0
2823,4.800000000000001,-5.199999999999999,2,Hero,0.9304522275924683,1.0
2824,4.4,-5.6,6,Hero,0.9953323006629944,1.0
2825,4.4,-5.6,6,Hero,0.9326161046822866,1.0
2826,4.1000000000000005,-5.8999999999999995,9,Hero,0.7476507723331451,1.0
2827,4.2,-5.8,8,Hero,0.8814625889062881,1.0
2828,3.6000000000000005,-6.3999999999999995,14,Hero,0.8154890377606664,1.0
2829,4.2,-5.8,8,Hero,0.9997909516096115,1.0
2830,3.8000000000000007,-6.199999999999999,12,Hero,0.8223456715544065,1.0
2831,3.6000000000000005,-6.3999999999999995,14,Hero,0.8864491028445107,1.0
2832,4.0,-6.0,10,Hero,0.8878309577703476,1.0
2833,4.6000000000000005,-5.3999999999999995,4,Hero,0.8396269381046295,1.0
2834,4.300000000000001,-5.699999999999999,7,Hero,0.8568743424756187,1.0
2835,3.9000000000000004,-6.1,11,Hero,0.8653165427121249,1.0
2836,4.0,-6.0,10,Hero,0.8960870683193207,1.0
2837,3.3,-6.7,17,Hero,0.9026937975602991,1.0
2838,3.7,-6.3,13,Hero,0.8506269386181464,1.0
2839,4.0,-6.0,10,Hero,0.8300913199782372,1.0
2840,4.0,-6.0,10,Hero,0.85761549603194,1.0
2841,3.9000000000000004,-6.1,11,Hero,0.8315672955729745,1.0
2842,3.9000000000000004,-6.1,11,Hero,0.7871280339631167,1.0
2843,3.6000000000000005,-6.3999999999999995,14,Hero,0.8033135788781303,1.0
2844,4.9,-5.1,1,Hero,0.9886808395385742,1.0
2845,4.1000000000000005,-5.8999999999999995,9,Hero,0.9998645650015937,1.0
2846,4.300000000000001,-5.699999999999999,7,Hero,0.8298579113824027,1.0
2847,3.9000000000000004,-6.1,11,Hero,0.9226621389389038,1.0
2848,3.7,-6.3,13,Hero,0.8157967970921443,1.0
2849,4.4,-5.6,6,Hero,0.8899907271067301,1.0
2850,4.7,-5.3,3,Hero,0.9353763262430826,1.0
2851,4.2,-5.8,8,Hero,0.7905725482851267,1.0
2852,3.6000000000000005,-6.3999999999999995,14,Hero,0.8383036511284965,1.0
2853,4.4,-5.6,6,Hero,0.8301245272159576,1.0
2854,4.2,-5.8,8,Hero,0.9002428576350212,1.0
2855,4.6000000000000005,-5.3999999999999995,4,Hero,0.9848524928092957,1.0
2856,3.9000000000000004,-6.1,11,Hero,0.8915396278554742,1.0
2857,3.8000000000000007,-6.199999999999999,12,Hero,0.8429878155390421,1.0
2858,4.0,-6.0,10,Hero,0.8038630679249763,1.0
2859,3.9000000000000004,-6.1,11,Hero,0.8577514548193325,1.0
2860,4.6000000000000005,-5.3999999999999995,4,Hero,0.855114296078682,1.0
2861,4.0,-6.0,10,Hero,0.9062298655509948,1.0
2862,4.5,-5.5,5,Hero,0.8160284638404847,1.0
2863,4.6000000000000005,-5.3999999999999995,4,Hero,0.8983254581689835,1.0
2864,4.5,-5.5,5,Hero,0.9047375440597534,1.0
2865,4.4,-5.6,6,Hero,0.8666371777653694,1.0
2866,4.9,-5.1,1,Hero,0.986316978931427,1.0
2867,3.5,-6.5,15,Hero,0.8009793281555175,1.0
2868,-5.3999999999999995,4.6000000000000005,4,Villain,0.9956161379814148,1.0
2869,3.4000000000000004,-6.6,16,Hero,0.7339771129190922,1.0
2870,4.5,-5.5,5,Hero,0.9009817838668823,1.0
2871,4.0,-6.0,10,Hero,0.783701267838478,1.0
2872,4.0,-6.0,10,Hero,0.9684934377670288,1.0
2873,-5.199999999999999,4.800000000000001,2,Villain,1.0,1.0
2874,4.0,-6.0,10,Hero,0.9619448781013489,1.0
2875,4.2,-5.8,8,Hero,0.9960527643561363,1.0
2876,4.4,-5.6,6,Hero,0.991400827964147,1.0
2877,3.8000000000000007,-6.199999999999999,12,Hero,0.8778372953335444,1.0
2878,4.0,-6.0,10,Hero,0.8883988261222839,1.0
2879,4.0,-6.0,10,Hero,0.9520619690418244,1.0
2880,4.0,-6.0,10,Hero,0.9743444502353669,1.0
2881,3.9000000000000004,-6.1,11,Hero,0.81446758183566,1.0
2882,3.4000000000000004,-6.6,16,Hero,0.7876087557524443,1.0
2883,4.300000000000001,-5.699999999999999,7,Hero,0.7971550311361041,1.0
2884,4.800000000000001,-5.199999999999999,2,Hero,0.7636670470237732,1.0
2885,3.7,-6.3,13,Hero,0.7556620145646425,1.0
2886,4.300000000000001,-5.699999999999999,7,Hero,0.7846843227744102,1.0
2887,4.4,-5.6,6,Hero,0.9639268815517426,1.0
2888,3.6000000000000005,-6.3999999999999995,14,Hero,0.8079586275187987,1.0
2889,4.0,-6.0,10,Hero,0.8902868628501892,1.0
2890,3.8000000000000007,-6.199999999999999,12,Hero,0.8177620147665342,1.0
2891,3.6000000000000005,-6.3999999999999995,14,Hero,0.808165328843253,1.0
2892,3.8000000000000007,-6.199999999999999,12,Hero,0.8348050999144713,1.0
2893,4.300000000000001,-5.699999999999999,7,Hero,0.9265313063349042,1.0
2894,4.4,-5.6,6,Hero,0.8179911375045776,1.0
2895,3.6000000000000005,-6.3999999999999995,14,Hero,0.8930271523339408,1.0
2896,4.6000000000000005,-5.3999999999999995,4,Hero,0.9989773035049438,1.0
2897,4.5,-5.5,5,Hero,0.8472722172737122,1.0
2898,4.0,-6.0,10,Hero,0.8697922512888908,1.0
2899,4.1000000000000005,-5.8999999999999995,9,Hero,0.9430696699354384,1.0
2900,3.6000000000000005,-6.3999999999999995,14,Hero,0.8062063157558441,1.0
2901,4.1000000000000005,-5.8999999999999995,9,Hero,0.8294365683363544,1.0
2902,4.800000000000001,-5.199999999999999,2,Hero,0.712441697716713,1.0
2903,3.6000000000000005,-6.3999999999999995,14,Hero,0.759245787348066,1.0
2904,4.5,-5.5,5,Hero,0.7851296216249466,1.0
2905,3.7,-6.3,13,Hero,0.8036031218675467,1.0
2906,3.9000000000000004,-6.1,11,Hero,0.9023431647907604,1.0
2907,4.0,-6.0,10,Hero,0.8174873277544975,1.0
2908,3.8000000000000007,-6.199999999999999,12,Hero,0.7789373261621222,1.0
2909,4.2,-5.8,8,Hero,0.9074184969067574,1.0
2910,4.7,-5.3,3,Hero,0.9784295757611593,1.0
2911,3.8000000000000007,-6.199999999999999,12,Hero,0.8527061467369398,1.0
2912,4.1000000000000005,-5.8999999999999995,9,Hero,0.7730548665341404,1.0
2913,4.0,-6.0,10,Hero,0.9156437456607819,1.0
2914,3.8000000000000007,-6.199999999999999,12,Hero,0.7397908593217531,1.0
2915,4.0,-6.0,10,Hero,0.7941836297512055,1.0
2916,4.2,-5.8,8,Hero,0.9320350587368011,1.0
2917,4.4,-5.6,6,Hero,0.8984773258368174,1.0
2918,4.6000000000000005,-5.3999999999999995,4,Hero,0.998423233628273,1.0
2919,4.1000000000000005,-5.8999999999999995,9,Hero,0.8584506428904004,1.0
2920,4.300000000000001,-5.699999999999999,7,Hero,0.8845166138240269,1.0
2921,3.9000000000000004,-6.1,11,Hero,0.8666892532597888,1.0
2922,4.2,-5.8,8,Hero,0.7673821430653334,1.0
2923,4.300000000000001,-5.699999999999999,7,Hero,0.9089154856545585,1.0
2924,4.9,-5.1,1,Hero,0.8555614352226257,1.0
2925,4.7,-5.3,3,Hero,0.9787130753199259,1.0
2926,4.4,-5.6,6,Hero,0.9474036693572998,1.0
2927,3.8000000000000007,-6.199999999999999,12,Hero,0.7302083193014065,1.0
2928,3.8000000000000007,-6.199999999999999,12,Hero,0.8881661370396614,1.0
2929,4.5,-5.5,5,Hero,0.9902490496635437,1.0
2930,4.5,-5.5,5,Hero,0.9994018197059631,1.0
2931,4.5,-5.5,5,Hero,0.9112816333770752,1.0
2932,4.0,-6.0,10,Hero,0.9734394788742066,1.0
2933,3.9000000000000004,-6.1,11,Hero,0.8275787667794661,1.0
2934,3.6000000000000005,-6.3999999999999995,14,Hero,0.8687182664871216,1.0
2935,3.9000000000000004,-6.1,11,Hero,0.8796871575442228,1.0
2936,3.4000000000000004,-6.6,16,Hero,0.9104546457529068,1.0
2937,4.2,-5.8,8,Hero,0.8501381929963827,1.0
2938,4.4,-5.6,6,Hero,0.9996605118115743,1.0
2939,4.1000000000000005,-5.8999999999999995,9,Hero,0.8445551362302568,1.0
2940,4.6000000000000005,-5.3999999999999995,4,Hero,0.9993578195571899,1.0
2941,4.9,-5.1,1,Hero,0.9977225661277771,1.0
2942,4.1000000000000005,-5.8999999999999995,9,Hero,0.794033900110258,1.0
2943,3.9000000000000004,-6.1,11,Hero,0.8354814458977092,1.0
2944,4.1000000000000005,-5.8999999999999995,9,Hero,0.999482168091668,1.0
2945,3.8000000000000007,-6.199999999999999,12,Hero,0.7905817280213038,1.0
2946,4.0,-6.0,10,Hero,0.8380419254302979,1.0
2947,4.4,-5.6,6,Hero,0.9691009521484375,1.0
2948,3.6000000000000005,-6.3999999999999995,14,Hero,0.833459136741502,1.0
2949,4.1000000000000005,-5.8999999999999995,9,Hero,0.8848114940855238,1.0
2950,4.5,-5.5,5,Hero,0.9429871439933777,1.0
2951,4.2,-5.8,8,Hero,0.7699023392051458,1.0
2952,4.5,-5.5,5,Hero,0.7920245349407196,1.0
2953,4.2,-5.8,8,Hero,0.9714158773422241,1.0
2954,3.8000000000000007,-6.199999999999999,12,Hero,0.8896390100320181,1.0
2955,3.3,-6.7,17,Hero,0.8527459195431542,1.0
2956,3.5,-6.5,15,Hero,0.8027757505575815,1.0
2957,4.7,-5.3,3,Hero,0.8590408364931742,1.0
2958,4.4,-5.6,6,Hero,0.9952225983142853,1.0
2959,3.9000000000000004,-6.1,11,Hero,0.8572183711962267,1.0
2960,3.9000000000000004,-6.1,11,Hero,0.9071659445762634,1.0
2961,3.7,-6.3,13,Hero,0.8107328277367812,1.0
2962,-5.1,4.9,1,Villain,0.9562388062477112,1.0
2963,4.6000000000000005,-5.3999999999999995,4,Hero,0.999448835849762,1.0
2964,4.300000000000001,-5.699999999999999,7,Hero,0.9998520953314645,1.0
2965,4.5,-5.5,5,Hero,0.7978089213371277,1.0
2966,4.800000000000001,-5.199999999999999,2,Hero,0.675035148859024,1.0
2967,4.2,-5.8,8,Hero,0.96379105001688,1.0
2968,3.7,-6.3,13,Hero,0.8578933546176324,1.0
2969,4.6000000000000005,-5.3999999999999995,4,Hero,0.7780693769454956,1.0
2970,4.5,-5.5,5,Hero,0.9929963231086731,1.0
2971,3.8000000000000007,-6.199999999999999,12,Hero,0.887670248746872,1.0
2972,4.2,-5.8,8,Hero,0.8010981231927872,1.0
2973,3.6000000000000005,-6.3999999999999995,14,Hero,0.7897650652698108,1.0
2974,4.1000000000000005,-5.8999999999999995,9,Hero,0.974516404999627,1.0
2975,4.5,-5.5,5,Hero,0.8857791185379028,1.0
2976,4.1000000000000005,-5.8999999999999995,9,Hero,0.9275517794820998,1.0
2977,4.7,-5.3,3,Hero,0.9224051038424174,1.0
2978,4.4,-5.6,6,Hero,0.9702896277109782,1.0
2979,4.300000000000001,-5.699999999999999,7,Hero,0.855801386492593,1.0
2980,4.4,-5.6,6,Hero,0.9997502565383911,1.0
2981,4.9,-5.1,1,Hero,0.3044704496860504,1.0
2982,3.4000000000000004,-6.6,16,Hero,0.8238805970177054,1.0
2983,3.8000000000000007,-6.199999999999999,12,Hero,0.8586065620183945,1.0
2984,4.0,-6.0,10,Hero,0.7397810745984316,1.0
2985,4.0,-6.0,10,Hero,0.9427611768245697,1.0
2986,4.2,-5.8,8,Hero,0.8145520351827145,1.0
2987,3.8000000000000007,-6.199999999999999,12,Hero,0.7892397046089172,1.0
2988,4.5,-5.5,5,Hero,0.999713933467865,1.0
2989,4.1000000000000005,-5.8999999999999995,9,Hero,0.99631177716785,1.0
2990,3.6000000000000005,-6.3999999999999995,14,Hero,0.8313333509223801,1.0
2991,4.2,-5.8,8,Hero,0.8387848827987909,1.0
2992,4.1000000000000005,-5.8999999999999995,9,Hero,0.9953708781136407,1.0
2993,3.7,-6.3,13,Hero,0.877378890147576,1.0
2994,4.2,-5.8,8,Hero,0.8105628788471222,1.0
2995,3.4000000000000004,-6.6,16,Hero,0.8203663378953934,1.0
2996,4.0,-6.0,10,Hero,0.8273764505982399,1.0
2997,3.7,-6.3,13,Hero,0.8519428372383118,1.0
2998,4.0,-6.0,10,Hero,0.713007902726531,1.0
2999,3.8000000000000007,-6.199999999999999,12,Hero,0.8050921261310577,1.0
3000,4.300000000000001,-5.699999999999999,7,Hero,0.9995795403208051,1.0
