episode,hero_reward,villain_reward,steps,winner,hero_avg_prob,villain_avg_prob
1,1.799999999999999,-8.200000000000001,32,Hero,0.4125248553464189,0.4417178723961115
2,3.3,-6.7,17,Hero,0.4521080649950925,0.2766599786632201
3,2.1999999999999993,-7.800000000000001,28,Hero,0.4879312016335981,0.33224349548774107
4,2.5999999999999996,-7.4,24,Hero,0.5025340153758103,0.3366130084420244
5,4.0,-6.0,10,Hero,0.45304454639554026,0.34828419983386993
6,1.3999999999999986,-8.600000000000001,36,Hero,0.45594575776097673,0.28227379690441823
7,2.5999999999999996,-7.4,24,Hero,0.3723345109416793,0.2920712238798539
8,-5.6,4.4,6,Villain,0.4480249484380086,0.2991613696018855
9,-6.5,3.5,15,Villain,0.6723202993472417,0.27095239410797756
10,2.1999999999999993,-7.800000000000001,28,Hero,0.5500369311443397,0.29745311689163956
11,-7.5,2.4999999999999996,25,Villain,0.6503741061687469,0.38076940208673477
12,3.5,-6.5,15,Hero,0.48387690583864845,0.4168282151222229
13,4.300000000000001,-5.699999999999999,7,Hero,0.5703153610229492,0.31701937104974476
14,4.4,-5.6,6,Hero,0.7732461330791315,0.5163351539522409
15,-8.200000000000001,1.799999999999999,32,Villain,0.6992889247994754,0.48797470261342824
16,4.0,-6.0,10,Hero,0.5505949229001998,0.2873029878363013
17,2.1999999999999993,-7.800000000000001,28,Hero,0.521597719368791,0.3443656407429704
18,4.2,-5.8,8,Hero,0.5140902996063232,0.21391193382441998
19,4.6000000000000005,-5.3999999999999995,4,Hero,0.652332678437233,0.3104172982275486
20,3.4000000000000004,-6.6,16,Hero,0.542184229940176,0.3348371300380677
21,4.2,-5.8,8,Hero,0.7645784318447113,0.3508972218260169
22,4.2,-5.8,8,Hero,0.927379921078682,0.5067840237170458
23,-4.999999999999998,-4.999999999999998,50,None,0.7961785542964935,0.3242026001214981
24,0.3000000000000007,-9.7,47,Hero,0.9167106824114601,0.4248643615382149
25,-4.999999999999998,-4.999999999999998,50,None,0.8771815174818038,0.3404576297476888
26,3.4000000000000004,-6.6,16,Hero,0.9284362380858511,0.4324828707613051
27,-4.999999999999998,-4.999999999999998,50,None,0.820683918222785,0.38174471765756607
28,4.1000000000000005,-5.8999999999999995,9,Hero,0.8748115003108978,0.578913743297259
29,-9.6,0.40000000000000036,46,Villain,0.7970743959202714,0.4183105721907771
30,0.8999999999999986,-9.100000000000001,41,Hero,0.922968513536744,0.5459461390245252
31,1.0999999999999983,-8.900000000000002,39,Hero,0.8942436764064507,0.5808886921940706
32,-4.999999999999998,-4.999999999999998,50,None,0.8372164127230645,0.47362866953015326
33,4.0,-6.0,10,Hero,0.7626063331961632,0.7733934625983239
34,4.800000000000001,-5.199999999999999,2,Hero,0.5695817172527313,0.8360317945480347
35,1.799999999999999,-8.200000000000001,32,Hero,0.8492790083400905,0.6180631085298955
36,-6.9,3.0999999999999996,19,Villain,0.8020308947092608,0.5696974731981754
37,1.0999999999999983,-8.900000000000002,39,Hero,0.7855299457143514,0.48272890189232737
38,2.1999999999999993,-7.800000000000001,28,Hero,0.8222402086747544,0.6658557057380676
39,3.0999999999999996,-6.9,19,Hero,0.6505370759650281,0.6226832811769686
40,4.9,-5.1,1,Hero,0.539910614490509,0.9548448324203491
41,2.4999999999999996,-7.5,25,Hero,0.6785902649164199,0.6518799769878387
42,3.5,-6.5,15,Hero,0.6182877123355865,0.6567617962757747
43,3.5,-6.5,15,Hero,0.5350120117266973,0.513831069568793
44,3.3,-6.7,17,Hero,0.48936176168567996,0.6363383689347435
45,-5.699999999999999,4.300000000000001,7,Villain,0.5700536434139524,0.8270701659577233
46,4.7,-5.3,3,Hero,0.6549102117617925,0.9913134972254435
47,4.4,-5.6,6,Hero,0.9155577421188354,0.7910587557901939
48,-6.199999999999999,3.8000000000000007,12,Villain,0.6463314890861511,0.8162711511055628
49,4.2,-5.8,8,Hero,0.5788050517439842,0.9470591321587563
50,4.4,-5.6,6,Hero,0.7860589946309725,0.8015426521499952
51,2.4999999999999996,-7.5,25,Hero,0.5314340054988861,0.741944876909256
52,4.6000000000000005,-5.3999999999999995,4,Hero,0.8310193121433258,0.9009849429130554
53,0.20000000000000107,-9.799999999999999,48,Hero,0.6097297394492974,0.9168708715587854
54,4.300000000000001,-5.699999999999999,7,Hero,0.625939701284681,0.8163003155163356
55,0.7999999999999989,-9.200000000000001,42,Hero,0.9126583112492448,0.9357624489015767
56,-7.0,3.0,20,Villain,0.6159581795334816,0.9675250023603439
57,-7.800000000000001,2.1999999999999993,28,Villain,0.7322874670582158,0.9190486491258655
58,4.2,-5.8,8,Hero,0.42969487328082323,0.9654193446040154
59,2.6999999999999997,-7.300000000000001,23,Hero,0.5804216311029766,0.9014314309410427
60,4.4,-5.6,6,Hero,0.8123061296840509,0.9930477539698283
61,3.5,-6.5,15,Hero,0.5406519214312235,0.8370994064336021
62,4.5,-5.5,5,Hero,0.576921072602272,0.9841619729995728
63,4.2,-5.8,8,Hero,0.530096210539341,0.9890163391828537
64,2.1999999999999993,-7.800000000000001,28,Hero,0.7120864665401834,0.9839065160070147
65,3.3,-6.7,17,Hero,0.5561592368518605,0.8030475001124775
66,0.9999999999999982,-9.000000000000002,40,Hero,0.6566288053989411,0.9954880967736244
67,3.8000000000000007,-6.199999999999999,12,Hero,0.6892390747865041,0.9579824656248093
68,4.2,-5.8,8,Hero,0.4585814159363508,0.9939197823405266
69,4.2,-5.8,8,Hero,0.6794989891350269,0.9965357780456543
70,3.6000000000000005,-6.3999999999999995,14,Hero,0.616974233516625,0.9840782923357827
71,3.8000000000000007,-6.199999999999999,12,Hero,0.5596393508215746,0.9986137300729752
72,4.0,-6.0,10,Hero,0.7749843195080757,0.9968206524848938
73,-5.3999999999999995,4.6000000000000005,4,Villain,0.8687675893306732,0.9978001713752747
74,4.300000000000001,-5.699999999999999,7,Hero,0.46496831093515667,0.9987466335296631
75,3.7,-6.3,13,Hero,0.5584260649405993,0.9962685979329623
76,-6.3,3.7,13,Villain,0.6517158064704675,0.9712706529177152
77,4.0,-6.0,10,Hero,0.5517590537667274,0.9991224706172943
78,-6.1,3.9000000000000004,11,Villain,0.5063571496443315,0.9994062293659557
79,-6.1,3.9000000000000004,11,Villain,0.5910545099865306,0.997109136798165
80,1.5999999999999988,-8.400000000000002,34,Hero,0.728247451431611,0.9958343786351821
81,4.0,-6.0,10,Hero,0.6494007110595703,0.9971459984779358
82,2.5999999999999996,-7.4,24,Hero,0.6333647811164459,0.9949752067526182
83,4.6000000000000005,-5.3999999999999995,4,Hero,0.7210496189072728,0.9995491355657578
84,-5.8,4.2,8,Villain,0.6236035525798798,0.9994444996118546
85,-6.0,4.0,10,Villain,0.761468967795372,0.9944618940353394
86,3.5,-6.5,15,Hero,0.5391831914583842,0.9997876524925232
87,4.0,-6.0,10,Hero,0.6025272510945797,0.99744992852211
88,4.1000000000000005,-5.8999999999999995,9,Hero,0.7377134122782283,0.9986254043049283
89,-7.4,2.5999999999999996,24,Villain,0.6289519816637039,0.9986491004625956
90,3.5,-6.5,15,Hero,0.5648800710837046,0.9962244669596354
91,4.4,-5.6,6,Hero,0.8238805131986737,0.9997932116190592
92,-5.8999999999999995,4.1000000000000005,9,Villain,0.7028117958042357,0.9954965114593506
93,3.5,-6.5,15,Hero,0.5562175214290619,0.9981049458185832
94,4.300000000000001,-5.699999999999999,7,Hero,0.9795945797647748,0.9997006484440395
95,2.9,-7.1,21,Hero,0.6038850460733686,0.9972951270285106
96,3.7,-6.3,13,Hero,0.5251151827665476,0.9988181224236121
97,4.300000000000001,-5.699999999999999,7,Hero,0.6897642899836812,0.9996091978890556
98,-5.1,4.9,1,Villain,0.4690651595592499,0.9942280054092407
99,-7.2,2.8,22,Villain,0.765836470506408,0.9998622672124342
100,1.6999999999999988,-8.3,33,Hero,0.7397030072681832,0.9999382622314222
101,-4.999999999999998,-4.999999999999998,50,None,0.9491103577613831,0.9999758315086364
102,-6.3,3.7,13,Villain,0.5342077727501209,0.9989789082453802
103,-4.999999999999998,-4.999999999999998,50,None,0.886722995787859,0.9999396991729737
104,-5.8999999999999995,4.1000000000000005,9,Villain,0.6451534115605884,0.9994707703590393
105,2.3999999999999995,-7.6000000000000005,26,Hero,0.7508590711423984,0.9606329044685341
106,2.8,-7.2,22,Hero,0.7586207870732654,0.9997941878708926
107,-8.3,1.6999999999999988,33,Villain,0.8079188636532335,0.9997521783366348
108,4.1000000000000005,-5.8999999999999995,9,Hero,0.6794357117679384,0.9999542368782891
109,-8.0,1.9999999999999991,30,Villain,0.8537118975073099,0.9999634524186453
110,2.8,-7.2,22,Hero,0.6399031057953835,0.9996571811762723
111,-5.5,4.5,5,Villain,0.9954070091247559,0.9999242663383484
112,4.300000000000001,-5.699999999999999,7,Hero,0.7748807764479092,0.9998916813305446
113,4.300000000000001,-5.699999999999999,7,Hero,0.5902583428791591,0.9986312304224286
114,2.3999999999999995,-7.6000000000000005,26,Hero,0.6711153367964121,0.9967529957111065
115,3.8000000000000007,-6.199999999999999,12,Hero,0.636185941596826,0.999023457368215
116,4.800000000000001,-5.199999999999999,2,Hero,0.9685719013214111,0.999984860420227
117,3.0999999999999996,-6.9,19,Hero,0.6551766583794042,0.9999136642405861
118,4.1000000000000005,-5.8999999999999995,9,Hero,0.5694639318519168,0.9990037414762709
119,-5.8,4.2,8,Villain,0.6103617139160633,0.9998102188110352
120,-5.8999999999999995,4.1000000000000005,9,Villain,0.6492411933011479,0.9998815324571397
121,3.8000000000000007,-6.199999999999999,12,Hero,0.9039175507302085,0.999471386273702
122,-6.3999999999999995,3.6000000000000005,14,Villain,0.6007477747542518,0.9979469009808132
123,4.300000000000001,-5.699999999999999,7,Hero,0.9866777403014046,0.9998936142240252
124,3.7,-6.3,13,Hero,0.5973814278841019,0.9985837019406832
125,3.8000000000000007,-6.199999999999999,12,Hero,0.6164477268854777,0.9999140501022339
126,3.6000000000000005,-6.3999999999999995,14,Hero,0.5514993497303554,0.9972011574677059
127,3.5,-6.5,15,Hero,0.6286629726489384,0.9778517007827758
128,3.5,-6.5,15,Hero,0.5588891724745433,0.9981997807820638
129,3.8000000000000007,-6.199999999999999,12,Hero,0.6344406058390936,0.9984148691097895
130,-5.8999999999999995,4.1000000000000005,9,Villain,0.9226730333434211,0.9999916553497314
131,3.3,-6.7,17,Hero,0.6020775919451433,0.999011425411
132,4.6000000000000005,-5.3999999999999995,4,Hero,0.6244444474577904,0.9998867958784103
133,4.4,-5.6,6,Hero,0.9561220308144888,0.9999065101146698
134,4.4,-5.6,6,Hero,0.9801066617170969,0.9999294579029083
135,3.6000000000000005,-6.3999999999999995,14,Hero,0.5385212557656425,0.9999333790370396
136,4.4,-5.6,6,Hero,0.5349528690179189,0.9999169806639353
137,3.5,-6.5,15,Hero,0.5940107425053914,0.9952156583468119
138,3.4000000000000004,-6.6,16,Hero,0.5623785052448511,0.9993906952440739
139,1.3999999999999986,-8.600000000000001,36,Hero,0.7449893756873078,0.9987093475129869
140,3.9000000000000004,-6.1,11,Hero,0.6452926275405017,0.9999883066524159
141,3.4000000000000004,-6.6,16,Hero,0.6194076668471098,0.9991902820765972
142,3.9000000000000004,-6.1,11,Hero,0.576497961174358,0.9998850118030201
143,-4.999999999999998,-4.999999999999998,50,None,0.8114821663498879,0.9408482227474451
144,3.8000000000000007,-6.199999999999999,12,Hero,0.6900511408845583,0.9998408208290736
145,4.5,-5.5,5,Hero,0.6543245315551758,0.9999937057495117
146,2.1999999999999993,-7.800000000000001,28,Hero,0.7245016183171954,0.9991328226668494
147,3.9000000000000004,-6.1,11,Hero,0.7168535434386947,0.9999142831022089
148,3.0,-7.0,20,Hero,0.7152155295014382,0.9998481273651123
149,-5.1,4.9,1,Villain,0.8064109683036804,0.9998704195022583
150,4.2,-5.8,8,Hero,0.9988929554820061,0.9998885244131088
151,3.2,-6.8,18,Hero,0.6738625001162291,0.9999380873309242
152,-4.999999999999998,-4.999999999999998,50,None,0.9604517818987369,0.9999888157844543
153,2.1999999999999993,-7.800000000000001,28,Hero,0.798408000596932,0.9999946015221732
154,4.9,-5.1,1,Hero,0.99347323179245,0.9999901056289673
155,3.8000000000000007,-6.199999999999999,12,Hero,0.7852080911397934,0.9999557783206304
156,3.2,-6.8,18,Hero,0.7903165455079741,0.9999733236100938
157,-4.999999999999998,-4.999999999999998,50,None,0.9813522946834564,0.9999521410465241
158,4.5,-5.5,5,Hero,0.9938601970672607,0.9999795198440552
159,-5.3999999999999995,4.6000000000000005,4,Villain,0.5929240137338638,0.999904215335846
160,3.2,-6.8,18,Hero,0.6802475483467182,0.9994882875018649
161,4.9,-5.1,1,Hero,0.9748640656471252,0.9999971389770508
162,2.6999999999999997,-7.300000000000001,23,Hero,0.8287611759227255,0.9999219282813694
163,2.5999999999999996,-7.4,24,Hero,0.7826006837810079,0.9998679707447687
164,2.1999999999999993,-7.800000000000001,28,Hero,0.8122758945184094,0.9998633797679629
165,4.1000000000000005,-5.8999999999999995,9,Hero,0.9906562036938138,0.9999880128436618
166,3.8000000000000007,-6.199999999999999,12,Hero,0.6210194838543733,0.9997009535630544
167,-5.3999999999999995,4.6000000000000005,4,Villain,0.9991731643676758,0.9999063611030579
168,4.0,-6.0,10,Hero,0.7040720373392105,0.9999698877334595
169,1.899999999999999,-8.100000000000001,31,Hero,0.7743625607437876,0.9998451490556041
170,-4.999999999999998,-4.999999999999998,50,None,0.8952732929587364,0.9988991367816925
171,3.2,-6.8,18,Hero,0.6066828192108207,0.9994645582305061
172,4.6000000000000005,-5.3999999999999995,4,Hero,0.7437965827994049,0.999915212392807
173,4.1000000000000005,-5.8999999999999995,9,Hero,0.5430622531308068,0.9998158084021674
174,3.2,-6.8,18,Hero,0.6868599239322875,0.9986445109049479
175,3.3,-6.7,17,Hero,0.6297908898662118,0.9994773794622982
176,2.9,-7.1,21,Hero,0.5711704743139091,0.9986408636683509
177,-5.3999999999999995,4.6000000000000005,4,Villain,0.76292484998703,0.9999465942382812
178,4.7,-5.3,3,Hero,0.9951430956522623,0.9997433026631674
179,-4.999999999999998,-4.999999999999998,50,None,0.9464034561812877,0.9992975986003876
180,0.7999999999999989,-9.200000000000001,42,Hero,0.8613902408895748,0.9996159502438137
181,0.8999999999999986,-9.100000000000001,41,Hero,0.8378642466737003,0.9997543939730016
182,-4.999999999999998,-4.999999999999998,50,None,0.8315057520568371,0.9781882647491875
183,-4.999999999999998,-4.999999999999998,50,None,0.8383118269592523,0.9993491303920746
184,4.5,-5.5,5,Hero,0.9992950081825256,0.9996919155120849
185,-4.999999999999998,-4.999999999999998,50,None,0.8083120715618134,0.9994439065456391
186,4.9,-5.1,1,Hero,0.9965658783912659,0.9997848868370056
187,-4.999999999999998,-4.999999999999998,50,None,0.8189020925760269,0.9991582405567169
188,-4.999999999999998,-4.999999999999998,50,None,0.8491662480682135,0.9924575853347778
189,0.20000000000000107,-9.799999999999999,48,Hero,0.8675184726792698,0.9998450390994549
190,-4.999999999999998,-4.999999999999998,50,None,0.8547468502819539,0.9995087349414825
191,-5.8,4.2,8,Villain,0.9983950406312943,0.9998677670955658
192,-4.999999999999998,-4.999999999999998,50,None,0.8269139263033867,0.9997728598117829
193,4.300000000000001,-5.699999999999999,7,Hero,0.9993639843804496,0.999478782926287
194,-4.999999999999998,-4.999999999999998,50,None,0.8340988606214523,0.9979025888442993
195,-4.999999999999998,-4.999999999999998,50,None,0.8999463719129562,0.9996239352226257
196,-4.999999999999998,-4.999999999999998,50,None,0.8543088746070862,0.999173481464386
197,-5.3,4.7,3,Villain,0.6547156721353531,0.9947757124900818
198,1.2999999999999985,-8.700000000000001,37,Hero,0.869302499636605,0.9987295930450028
199,0.5,-9.5,45,Hero,0.8509608870579137,0.9999302864074707
200,3.4000000000000004,-6.6,16,Hero,0.7422990608029068,0.9993886724114418
201,3.0999999999999996,-6.9,19,Hero,0.841602881880183,0.9999194835361681
202,0.6999999999999993,-9.3,43,Hero,0.8026417650195748,0.999783529791721
203,4.1000000000000005,-5.8999999999999995,9,Hero,0.5109641585085127,0.9966042637825012
204,4.9,-5.1,1,Hero,0.03245878964662552,0.9999585151672363
205,4.1000000000000005,-5.8999999999999995,9,Hero,0.5422748492823707,0.9994377493858337
206,4.0,-6.0,10,Hero,0.8032986402511597,0.9971361935138703
207,4.2,-5.8,8,Hero,0.6051815282553434,0.9998853802680969
208,3.6000000000000005,-6.3999999999999995,14,Hero,0.667723108615194,0.9976414654936109
209,3.9000000000000004,-6.1,11,Hero,0.7908691736784849,0.9979554414749146
210,3.9000000000000004,-6.1,11,Hero,0.7086268846284259,0.9995994838801298
211,4.2,-5.8,8,Hero,0.4892929047346115,0.9990283101797104
212,3.7,-6.3,13,Hero,0.6047027959273412,0.9981174973341135
213,4.1000000000000005,-5.8999999999999995,9,Hero,0.6702110767364502,0.9994187951087952
214,4.7,-5.3,3,Hero,0.6475173234939575,0.9999461968739828
215,4.7,-5.3,3,Hero,0.6435397466023763,0.9995971123377482
216,3.0999999999999996,-6.9,19,Hero,0.5639003615238165,0.932057611644268
217,4.1000000000000005,-5.8999999999999995,9,Hero,0.5546974953677919,0.9982036617067125
218,4.1000000000000005,-5.8999999999999995,9,Hero,0.877982884645462,0.9982642398940192
219,3.2,-6.8,18,Hero,0.5771636052264107,0.9984577861097124
220,3.5,-6.5,15,Hero,0.6072603503863017,0.9919408400853474
221,4.5,-5.5,5,Hero,0.5849083662033081,0.9997109532356262
222,4.1000000000000005,-5.8999999999999995,9,Hero,0.8600380619366964,0.9997520314322578
223,4.4,-5.6,6,Hero,0.5752376019954681,0.999818334976832
224,-5.8999999999999995,4.1000000000000005,9,Villain,0.5860032356447644,0.9994583262337579
225,4.2,-5.8,8,Hero,0.6020459271967411,0.9975402876734734
226,4.300000000000001,-5.699999999999999,7,Hero,0.6158885657787323,0.9998430013656616
227,3.6000000000000005,-6.3999999999999995,14,Hero,0.6296750296439443,0.9983515271118709
228,4.0,-6.0,10,Hero,0.8744030058383941,0.9991762936115265
229,4.0,-6.0,10,Hero,0.7852516822516918,0.9992590844631195
230,3.6000000000000005,-6.3999999999999995,14,Hero,0.6130354638610568,0.9926795746598925
231,-5.699999999999999,4.300000000000001,7,Villain,0.58638767685209,0.9994327766554696
232,3.6000000000000005,-6.3999999999999995,14,Hero,0.6642862643514361,0.9984200554234641
233,4.5,-5.5,5,Hero,0.8716747641563416,0.9993906617164612
234,2.5999999999999996,-7.4,24,Hero,0.5751405799140533,0.9957110583782196
235,4.4,-5.6,6,Hero,0.6590759853521982,0.9989533523718516
236,3.7,-6.3,13,Hero,0.7383177154339277,0.9995188346275916
237,3.8000000000000007,-6.199999999999999,12,Hero,0.6132750858863195,0.9977690577507019
238,3.8000000000000007,-6.199999999999999,12,Hero,0.7800684521595637,0.9986485640207926
239,3.5,-6.5,15,Hero,0.6553570707639058,0.9966532230377197
240,4.4,-5.6,6,Hero,0.6997116307417551,0.9996607800324758
241,3.7,-6.3,13,Hero,0.7357974694325373,0.9899277136876032
242,4.9,-5.1,1,Hero,0.4649895429611206,0.999842643737793
243,4.0,-6.0,10,Hero,0.6952487841248512,0.9985198020935059
244,4.0,-6.0,10,Hero,0.6040557056665421,0.9990217983722687
245,3.8000000000000007,-6.199999999999999,12,Hero,0.6161970136066278,0.9952183564503988
246,4.5,-5.5,5,Hero,0.7661016494035721,0.9996980667114258
247,-6.199999999999999,3.8000000000000007,12,Villain,0.7232439468304316,0.9992812275886536
248,3.5,-6.5,15,Hero,0.6227689782778422,0.9991985758145651
249,3.7,-6.3,13,Hero,0.676490109700423,0.9978255950487577
250,3.0999999999999996,-6.9,19,Hero,0.5299694208722365,0.9955064058303833
251,4.4,-5.6,6,Hero,0.9290987451871237,0.9994347194830576
252,3.6000000000000005,-6.3999999999999995,14,Hero,0.6027095317840576,0.920637192869825
253,3.0999999999999996,-6.9,19,Hero,0.5761601210228706,0.9846991896629333
254,4.300000000000001,-5.699999999999999,7,Hero,0.617344502891813,0.9987645489828927
255,-5.199999999999999,4.800000000000001,2,Villain,0.81399866938591,0.9999330639839172
256,4.4,-5.6,6,Hero,0.802618126074473,0.9989812870820364
257,-6.3999999999999995,3.6000000000000005,14,Villain,0.5850703205381121,0.9991051086357662
258,-5.5,4.5,5,Villain,0.6100306451320648,0.9993462204933167
259,3.0,-7.0,20,Hero,0.6176582105457783,0.9933828234672546
260,3.9000000000000004,-6.1,11,Hero,0.612401157617569,0.9989373629743402
261,-6.3,3.7,13,Villain,0.5767742876823132,0.9991151965581454
262,3.0999999999999996,-6.9,19,Hero,0.6918968766143447,0.9995687070645785
263,3.9000000000000004,-6.1,11,Hero,0.6711091091009703,0.9988444176587191
264,3.8000000000000007,-6.199999999999999,12,Hero,0.6134214165310065,0.9947675069173177
265,4.6000000000000005,-5.3999999999999995,4,Hero,0.9742291569709778,0.9997672885656357
266,-6.3,3.7,13,Villain,0.6660686845962818,0.9927824322993939
267,-5.1,4.9,1,Villain,0.998313307762146,0.9990788698196411
268,4.0,-6.0,10,Hero,0.6050895020365715,0.9999706983566284
269,3.0,-7.0,20,Hero,0.5332718059420586,0.9995682299137115
270,-5.8999999999999995,4.1000000000000005,9,Villain,0.699312248163753,0.9998077352841696
271,-5.699999999999999,4.300000000000001,7,Villain,0.5983523939337049,0.998804373400552
272,-4.999999999999998,-4.999999999999998,50,None,0.7583019676804542,0.9998651254177093
273,3.4000000000000004,-6.6,16,Hero,0.6190216839313507,0.9988302513957024
274,2.1999999999999993,-7.800000000000001,28,Hero,0.6905932282762868,0.9943866687161582
275,3.8000000000000007,-6.199999999999999,12,Hero,0.6962043543656667,0.9959386090437571
276,4.9,-5.1,1,Hero,0.89302659034729,0.999846339225769
277,4.300000000000001,-5.699999999999999,7,Hero,0.7999156585761479,0.9996289610862732
278,3.7,-6.3,13,Hero,0.6940547342483814,0.9921812231724079
279,4.1000000000000005,-5.8999999999999995,9,Hero,0.7083917061487833,0.9986554384231567
280,3.9000000000000004,-6.1,11,Hero,0.7320401126688177,0.9999151229858398
281,4.0,-6.0,10,Hero,0.5926639541983605,0.99966841340065
282,3.8000000000000007,-6.199999999999999,12,Hero,0.6216349663833777,0.9940196424722672
283,4.2,-5.8,8,Hero,0.716967411339283,0.9999129325151443
284,4.1000000000000005,-5.8999999999999995,9,Hero,0.8161690168910556,0.9975286523501078
285,-5.1,4.9,1,Villain,0.13507625460624695,0.999908447265625
286,4.2,-5.8,8,Hero,0.5130735775455832,0.9985161572694778
287,4.5,-5.5,5,Hero,0.7852277681231499,0.9999559879302978
288,4.2,-5.8,8,Hero,0.9998213723301888,0.9992883801460266
289,-4.999999999999998,-4.999999999999998,50,None,0.9808565223217011,0.999238805770874
290,-4.999999999999998,-4.999999999999998,50,None,0.9425589490681887,0.9995413112640381
291,-4.999999999999998,-4.999999999999998,50,None,0.9436873610317708,0.9982870125770569
292,4.800000000000001,-5.199999999999999,2,Hero,0.9998917579650879,0.9997819066047668
293,-4.999999999999998,-4.999999999999998,50,None,0.9994191861152649,0.9997713351249695
294,-4.999999999999998,-4.999999999999998,50,None,0.9995274293422699,0.9999052023887635
295,-4.999999999999998,-4.999999999999998,50,None,0.9946183443069458,0.9992645454406738
296,-4.999999999999998,-4.999999999999998,50,None,0.9953412818908691,0.9992575120925903
297,-4.999999999999998,-4.999999999999998,50,None,0.9952034401893616,0.9996929836273193
298,-4.999999999999998,-4.999999999999998,50,None,0.9065728162601591,0.9973916327953338
299,-4.999999999999998,-4.999999999999998,50,None,0.9856543254852295,0.9988797461986542
300,-4.999999999999998,-4.999999999999998,50,None,0.870776125304401,0.9996729803085327
301,-4.999999999999998,-4.999999999999998,50,None,0.9629425988346338,0.9996951365470886
302,-4.999999999999998,-4.999999999999998,50,None,0.9961161351203919,0.9993397295475006
303,-4.999999999999998,-4.999999999999998,50,None,0.9991348004341125,0.9999030554294586
304,-4.999999999999998,-4.999999999999998,50,None,0.8354932640492916,0.9926055645942689
305,-4.999999999999998,-4.999999999999998,50,None,0.9986449480056763,0.9996861803531647
306,-4.999999999999998,-4.999999999999998,50,None,0.9033084858953953,0.9994382727146148
307,-4.999999999999998,-4.999999999999998,50,None,0.9921818721294403,0.9979821574687958
308,-4.999999999999998,-4.999999999999998,50,None,0.9342367288470268,0.9989001142978668
309,-5.199999999999999,4.800000000000001,2,Villain,0.7442746758460999,0.9994384944438934
310,-4.999999999999998,-4.999999999999998,50,None,0.9994914877414703,0.9998463106155395
311,-4.999999999999998,-4.999999999999998,50,None,0.9430597890540957,0.9998170161247253
312,-4.999999999999998,-4.999999999999998,50,None,0.9763633340224623,0.9997587502002716
313,-4.999999999999998,-4.999999999999998,50,None,0.9889858293533326,0.9998648631572723
314,-4.999999999999998,-4.999999999999998,50,None,0.9789879678771831,0.9996679210662842
315,-4.999999999999998,-4.999999999999998,50,None,0.9709310678951443,0.9998367655277253
316,-4.999999999999998,-4.999999999999998,50,None,0.9961924600601196,0.9998936784267426
317,-4.999999999999998,-4.999999999999998,50,None,0.9986124050617218,0.9998723697662354
318,-4.999999999999998,-4.999999999999998,50,None,0.9948573935031891,0.9997935807704925
319,-5.3,4.7,3,Villain,0.9985382358233134,0.9961373011271158
320,-4.999999999999998,-4.999999999999998,50,None,0.9976510977745057,0.9994056248664855
321,-4.999999999999998,-4.999999999999998,50,None,0.8719881652668119,0.9996612071990967
322,-4.999999999999998,-4.999999999999998,50,None,0.8286988368630409,0.9988719213008881
323,-4.999999999999998,-4.999999999999998,50,None,0.9679038351774216,0.9784628382045776
324,-4.999999999999998,-4.999999999999998,50,None,0.9357277539372444,0.99950474858284
325,-4.999999999999998,-4.999999999999998,50,None,0.9974898183345795,0.9993279099464416
326,-4.999999999999998,-4.999999999999998,50,None,0.8692655006796122,0.9996934950351715
327,-5.199999999999999,4.800000000000001,2,Villain,0.9934760928153992,0.9996455013751984
328,-4.999999999999998,-4.999999999999998,50,None,0.9448317874968052,0.9997710716724396
329,4.9,-5.1,1,Hero,0.9995766282081604,0.999909520149231
330,-4.999999999999998,-4.999999999999998,50,None,0.9793015944957734,0.9998871386051178
331,-4.999999999999998,-4.999999999999998,50,None,0.8991056478768588,0.9999042141437531
332,-4.999999999999998,-4.999999999999998,50,None,0.970895130187273,0.999673856496811
333,4.5,-5.5,5,Hero,0.9998932242393493,0.9999659538269043
334,-4.999999999999998,-4.999999999999998,50,None,0.9772930431365967,0.9999089407920837
335,-4.999999999999998,-4.999999999999998,50,None,0.9747695592790842,0.9997270905971527
336,-4.999999999999998,-4.999999999999998,50,None,0.7589502995461226,0.9289366135373711
337,-4.999999999999998,-4.999999999999998,50,None,0.9454943319410085,0.9985503458976746
338,-4.999999999999998,-4.999999999999998,50,None,0.9105013851821423,0.999872077703476
339,-4.999999999999998,-4.999999999999998,50,None,0.9889891123771668,0.9999340534210205
340,-4.999999999999998,-4.999999999999998,50,None,0.9607654517143964,0.9983410739898682
341,-4.999999999999998,-4.999999999999998,50,None,0.8708007165417075,0.999899207353592
342,-4.999999999999998,-4.999999999999998,50,None,0.9295538876950741,0.9990776348114013
343,-4.999999999999998,-4.999999999999998,50,None,0.9086076590977609,0.9999195420742035
344,-4.999999999999998,-4.999999999999998,50,None,0.8647680325806141,0.9996502804756164
345,-4.999999999999998,-4.999999999999998,50,None,0.9718754098191857,0.9999111998081207
346,-4.999999999999998,-4.999999999999998,50,None,0.8768795765191316,0.9996445429325104
347,-4.999999999999998,-4.999999999999998,50,None,0.8425220911204815,0.9990702140331268
348,-4.999999999999998,-4.999999999999998,50,None,0.8731523628532887,0.9998222231864929
349,-4.999999999999998,-4.999999999999998,50,None,0.8097162680327892,0.9947907543182373
350,-4.999999999999998,-4.999999999999998,50,None,0.961097221300006,0.9997647404670715
351,-4.999999999999998,-4.999999999999998,50,None,0.794259425625205,0.9995923578739166
352,-4.999999999999998,-4.999999999999998,50,None,0.9138110345602035,0.9998511552810669
353,-4.999999999999998,-4.999999999999998,50,None,0.9441971517726779,0.9999264645576477
354,-4.999999999999998,-4.999999999999998,50,None,0.9164262293279171,0.9999325788021087
355,4.1000000000000005,-5.8999999999999995,9,Hero,0.9999443093935648,0.9995592832565308
356,-4.999999999999998,-4.999999999999998,50,None,0.9990481841564178,0.9998636782169342
357,-4.999999999999998,-4.999999999999998,50,None,0.8886008144915104,0.9796805674117058
358,4.5,-5.5,5,Hero,0.9998714327812195,0.9996645092964173
359,-4.999999999999998,-4.999999999999998,50,None,0.8632414470613002,0.999761700630188
360,4.9,-5.1,1,Hero,0.999494194984436,0.9997456669807434
361,-4.999999999999998,-4.999999999999998,50,None,0.9966500043869019,0.9999484765529633
362,-4.999999999999998,-4.999999999999998,50,None,0.9026301236450672,0.9997730672359466
363,-4.999999999999998,-4.999999999999998,50,None,0.9719826610945165,0.9999091970920563
364,-4.999999999999998,-4.999999999999998,50,None,0.8722051925957203,0.9781063354946673
365,-4.999999999999998,-4.999999999999998,50,None,0.8632610797509551,0.997269127368927
366,4.300000000000001,-5.699999999999999,7,Hero,0.9999414682388306,0.9996150987488883
367,-4.999999999999998,-4.999999999999998,50,None,0.8389385620877147,0.9990913140773773
368,-4.999999999999998,-4.999999999999998,50,None,0.859801564142108,0.9997959768772126
369,-4.999999999999998,-4.999999999999998,50,None,0.8320172506570817,0.9994985020160675
370,-4.999999999999998,-4.999999999999998,50,None,0.9580417872592807,0.9997266376018524
371,-4.999999999999998,-4.999999999999998,50,None,0.8662724702060223,0.999683575630188
372,-4.999999999999998,-4.999999999999998,50,None,0.9701195926219225,0.9999334251880646
373,-4.999999999999998,-4.999999999999998,50,None,0.847897896617651,0.9946836245059967
374,-4.999999999999998,-4.999999999999998,50,None,0.8281174144148826,0.9996313452720642
375,-4.999999999999998,-4.999999999999998,50,None,0.9853417313098908,0.9999151766300202
376,-4.999999999999998,-4.999999999999998,50,None,0.823732841834426,0.9990329742431641
377,-4.999999999999998,-4.999999999999998,50,None,0.9727770328521729,0.9996826839447022
378,-4.999999999999998,-4.999999999999998,50,None,0.8140165543556214,0.9997124481201172
379,-4.999999999999998,-4.999999999999998,50,None,0.9409879953414202,0.9997921049594879
380,-4.999999999999998,-4.999999999999998,50,None,0.8444231844693423,0.9797861995411222
381,-4.999999999999998,-4.999999999999998,50,None,0.9521136018633842,0.9998525178432465
382,-4.999999999999998,-4.999999999999998,50,None,0.8132194614410401,0.9996016836166381
383,-4.999999999999998,-4.999999999999998,50,None,0.8780129745602607,0.9997483730316162
384,-4.999999999999998,-4.999999999999998,50,None,0.8029610768705606,0.9998800122737884
385,-4.999999999999998,-4.999999999999998,50,None,0.8350657226890326,0.9999115419387817
386,3.0,-7.0,20,Hero,0.9469040588010103,0.9998315423727036
387,-4.999999999999998,-4.999999999999998,50,None,0.977434607911855,0.9997672820091248
388,4.800000000000001,-5.199999999999999,2,Hero,0.9995715022087097,0.9998175799846649
389,-5.5,4.5,5,Villain,0.9997859954833984,0.9999550819396973
390,-4.999999999999998,-4.999999999999998,50,None,0.9690467161685228,0.9999174416065216
391,-5.5,4.5,5,Villain,0.9998861432075501,0.9999211311340332
392,-4.999999999999998,-4.999999999999998,50,None,0.9463631593808531,0.999972767829895
393,-4.999999999999998,-4.999999999999998,50,None,0.9135560847073794,0.9999448943138123
394,-4.999999999999998,-4.999999999999998,50,None,0.8885582838207483,0.9999013018608093
395,-4.999999999999998,-4.999999999999998,50,None,0.8444709274172782,0.9998308610916138
396,-4.999999999999998,-4.999999999999998,50,None,0.9885672032833099,0.999706894159317
397,-4.999999999999998,-4.999999999999998,50,None,0.9361907455325127,0.9999441313743591
398,-4.999999999999998,-4.999999999999998,50,None,0.8993458833917976,0.9998348546028137
399,-4.999999999999998,-4.999999999999998,50,None,0.9672502249479293,0.9999767971038819
400,4.5,-5.5,5,Hero,0.9998118162155152,0.999696671962738
401,-4.999999999999998,-4.999999999999998,50,None,0.9687400914728641,0.9999590837955474
402,-4.999999999999998,-4.999999999999998,50,None,0.9101483983546496,0.9999402356147766
403,-4.999999999999998,-4.999999999999998,50,None,0.8341966449469328,0.9998045659065247
404,-4.999999999999998,-4.999999999999998,50,None,0.9030269187688827,0.9999233186244965
405,1.9999999999999991,-8.0,30,Hero,0.8471397965215146,0.9998111704985301
406,-4.999999999999998,-4.999999999999998,50,None,0.916820932328701,0.9996852552890778
407,4.1000000000000005,-5.8999999999999995,9,Hero,0.999840173456404,0.9996495180659823
408,-4.999999999999998,-4.999999999999998,50,None,0.843246635273099,0.9512879198789597
409,0.10000000000000142,-9.899999999999999,49,Hero,0.814227239684943,0.9996273809549759
410,-4.999999999999998,-4.999999999999998,50,None,0.8989973482489586,0.9998864221572876
411,-5.3999999999999995,4.6000000000000005,4,Villain,0.9933991581201553,0.9990127235651016
412,-4.999999999999998,-4.999999999999998,50,None,0.8973112751543522,0.9998735773563385
413,-4.999999999999998,-4.999999999999998,50,None,0.9020144586265088,0.99973566532135
414,-4.999999999999998,-4.999999999999998,50,None,0.8673799020051957,0.9998228466510772
415,1.799999999999999,-8.200000000000001,32,Hero,0.7885022811824456,0.9997891169041395
416,0.6999999999999993,-9.3,43,Hero,0.8242484370116577,0.9994292841401211
417,-4.999999999999998,-4.999999999999998,50,None,0.8504798721522093,0.9560789659200236
418,0.20000000000000107,-9.799999999999999,48,Hero,0.9010191942409923,0.9999371853967508
419,4.7,-5.3,3,Hero,0.9965794682502747,0.9999756415685018
420,1.2999999999999985,-8.700000000000001,37,Hero,0.7301952469389181,0.9997498860230317
421,-4.999999999999998,-4.999999999999998,50,None,0.8950681399554015,0.9998048925399781
422,-4.999999999999998,-4.999999999999998,50,None,0.8703749904036522,0.9999612092971801
423,3.0,-7.0,20,Hero,0.7612301204353571,0.9999098420143128
424,3.4000000000000004,-6.6,16,Hero,0.5762381954118609,0.9995080307126045
425,0.10000000000000142,-9.899999999999999,49,Hero,0.8157344682484257,0.998715669524913
426,2.2999999999999994,-7.700000000000001,27,Hero,0.6943459534258755,0.9996619180396751
427,-4.999999999999998,-4.999999999999998,50,None,0.7849447584152222,0.9733116241917014
428,3.0999999999999996,-6.9,19,Hero,0.7401313922907177,0.9997911108167548
429,1.6999999999999988,-8.3,33,Hero,0.7661675810813904,0.999801617680174
430,3.3,-6.7,17,Hero,0.6798596697695115,0.9997447098002714
431,2.9,-7.1,21,Hero,0.6729502394085839,0.9998269251414708
432,2.3999999999999995,-7.6000000000000005,26,Hero,0.6030353559897497,0.9994894082729633
433,2.9,-7.1,21,Hero,0.7359607663182985,0.9998392122132438
434,2.1999999999999993,-7.800000000000001,28,Hero,0.6509342502270427,0.9982138786997113
435,2.8,-7.2,22,Hero,0.6247923347083005,0.9997605654326353
436,3.9000000000000004,-6.1,11,Hero,0.6024036732586947,0.9992252588272095
437,4.1000000000000005,-5.8999999999999995,9,Hero,0.996565924750434,0.9998370673921373
438,3.9000000000000004,-6.1,11,Hero,0.6989245861768723,0.9998363581570712
439,3.7,-6.3,13,Hero,0.7463053235640893,0.9997863311033982
440,3.6000000000000005,-6.3999999999999995,14,Hero,0.6429294965096882,0.998698775257383
441,4.0,-6.0,10,Hero,0.8752314209938049,0.9997189760208129
442,4.4,-5.6,6,Hero,0.9933235347270966,0.9999025960763296
443,4.2,-5.8,8,Hero,0.6292344070971012,0.9998185709118843
444,3.9000000000000004,-6.1,11,Hero,0.816172696988691,0.9998489997603677
445,3.5,-6.5,15,Hero,0.6531322081883748,0.996772555510203
446,3.5,-6.5,15,Hero,0.6513576616843542,0.9995668133099874
447,4.0,-6.0,10,Hero,0.6132113099098205,0.9997604191303253
448,-5.699999999999999,4.300000000000001,7,Villain,0.8578350799424308,0.9999700954982212
449,3.9000000000000004,-6.1,11,Hero,0.657913323153149,0.9968891956589438
450,4.2,-5.8,8,Hero,0.6653331946581602,0.9995340555906296
451,-5.3,4.7,3,Villain,0.9880523681640625,0.9999708731969198
452,4.2,-5.8,8,Hero,0.4747668243944645,0.999887615442276
453,3.9000000000000004,-6.1,11,Hero,0.7245551456104625,0.9993717507882551
454,3.8000000000000007,-6.199999999999999,12,Hero,0.708459384739399,0.9987266113360723
455,4.300000000000001,-5.699999999999999,7,Hero,0.7841429710388184,0.9999021547181266
456,-5.3,4.7,3,Villain,0.9929338097572327,0.9997531970342001
457,3.6000000000000005,-6.3999999999999995,14,Hero,0.6723227500915527,0.9983139719281878
458,-5.8,4.2,8,Villain,0.8572823591530323,0.9998345896601677
459,4.2,-5.8,8,Hero,0.8567057959735394,0.9998108372092247
460,4.300000000000001,-5.699999999999999,7,Hero,0.8669815063476562,0.9997168694223676
461,3.7,-6.3,13,Hero,0.6754242143092247,0.998177551306211
462,3.3,-6.7,17,Hero,0.648387544295367,0.9998913126833299
463,3.6000000000000005,-6.3999999999999995,14,Hero,0.5959519562976701,0.9937084061758858
464,4.4,-5.6,6,Hero,0.6272623737653097,0.9999025960763296
465,4.4,-5.6,6,Hero,0.6709733456373215,0.9999870260556539
466,3.4000000000000004,-6.6,16,Hero,0.5604432784020901,0.9924432300031185
467,4.2,-5.8,8,Hero,0.5586125385016203,0.9990442097187042
468,-5.199999999999999,4.800000000000001,2,Villain,0.4952106177806854,0.42779116332530975
469,4.1000000000000005,-5.8999999999999995,9,Hero,0.8245031668080224,0.9999631378385756
470,4.2,-5.8,8,Hero,0.8189892135560513,0.9993341043591499
471,4.9,-5.1,1,Hero,0.14421702921390533,0.9999704360961914
472,4.2,-5.8,8,Hero,0.6226042956113815,0.9994971007108688
473,-6.3,3.7,13,Villain,0.6346649017471534,0.9994669098120469
474,3.7,-6.3,13,Hero,0.6647987491809405,0.9994930533262399
475,4.2,-5.8,8,Hero,0.5538915656507015,0.9998731836676598
476,3.8000000000000007,-6.199999999999999,12,Hero,0.6861771295468012,0.9996361881494522
477,-5.8,4.2,8,Villain,0.7138514816761017,0.999888613820076
478,4.4,-5.6,6,Hero,0.6655718783537546,0.9998542765776316
479,3.2,-6.8,18,Hero,0.6065146327018738,0.992563827170266
480,4.1000000000000005,-5.8999999999999995,9,Hero,0.5528018226226171,0.9996495909161038
481,3.4000000000000004,-6.6,16,Hero,0.6377663612365723,0.9990184381604195
482,3.5,-6.5,15,Hero,0.6299294968446095,0.9959336082140605
483,4.0,-6.0,10,Hero,0.8356906771659851,0.9999648690223694
484,3.9000000000000004,-6.1,11,Hero,0.7199748456478119,0.9995065927505493
485,3.0999999999999996,-6.9,19,Hero,0.5471597266824622,0.9376266943781
486,3.6000000000000005,-6.3999999999999995,14,Hero,0.6347746050783566,0.9994462813649859
487,4.2,-5.8,8,Hero,0.6818935684859753,0.9994354844093323
488,4.300000000000001,-5.699999999999999,7,Hero,0.8597320062773568,0.9996057493346078
489,4.4,-5.6,6,Hero,0.8040894826408476,0.9998378654321035
490,4.5,-5.5,5,Hero,0.7759551674127578,0.9999506950378418
491,4.2,-5.8,8,Hero,0.9780882000923157,0.9998598620295525
492,4.2,-5.8,8,Hero,0.6207343824207783,0.9999144077301025
493,-5.199999999999999,4.800000000000001,2,Villain,0.9998410642147064,0.9999594688415527
494,3.0,-7.0,20,Hero,0.6228729417547584,0.9998026460409164
495,4.7,-5.3,3,Hero,0.5513112743695577,0.9999526739120483
496,4.5,-5.5,5,Hero,0.5840774655342102,0.9999274611473083
497,4.2,-5.8,8,Hero,0.7705354653298855,0.9999699145555496
498,4.1000000000000005,-5.8999999999999995,9,Hero,0.7136494716008505,0.9999838007820977
499,3.9000000000000004,-6.1,11,Hero,0.5105568633668802,0.9999959143725309
500,-5.199999999999999,4.800000000000001,2,Villain,0.9039771258831024,0.9994980990886688
501,3.6000000000000005,-6.3999999999999995,14,Hero,0.5903663699116025,0.9986968338489532
502,4.1000000000000005,-5.8999999999999995,9,Hero,0.7995642258061303,0.9997817277908325
503,3.3,-6.7,17,Hero,0.7660040574915269,0.999981536584742
504,-6.199999999999999,3.8000000000000007,12,Villain,0.650388180045411,0.9999841054280599
505,3.2,-6.8,18,Hero,0.6734618180327945,0.9995272623168098
506,3.4000000000000004,-6.6,16,Hero,0.5861204699613154,0.9999807327985764
507,3.8000000000000007,-6.199999999999999,12,Hero,0.770929799725612,0.9999658266703287
508,3.9000000000000004,-6.1,11,Hero,0.6730730005285956,0.9999981034885753
509,3.3,-6.7,17,Hero,0.7658999321215293,0.9999913397957297
510,3.4000000000000004,-6.6,16,Hero,0.6562774684280157,0.9993523098528385
511,2.6999999999999997,-7.300000000000001,23,Hero,0.9299348558744659,0.9999974033106929
512,4.300000000000001,-5.699999999999999,7,Hero,0.544794710619109,0.9999817269189017
513,3.6000000000000005,-6.3999999999999995,14,Hero,0.8334435783326626,0.999998118196215
514,1.3999999999999986,-8.600000000000001,36,Hero,0.8423495985981491,0.9999980396694608
515,-4.999999999999998,-4.999999999999998,50,None,0.8522960403561592,0.9999883365631104
516,0.3000000000000007,-9.7,47,Hero,0.8573905276332764,0.9999956729564261
517,2.5999999999999996,-7.4,24,Hero,0.6985220902909836,0.9998771970470747
518,4.6000000000000005,-5.3999999999999995,4,Hero,0.7500510066747665,0.9999731481075287
519,-4.999999999999998,-4.999999999999998,50,None,0.8118864279985428,0.9998594045639038
520,2.5999999999999996,-7.4,24,Hero,0.8594380700960755,0.9999602809548378
521,3.3,-6.7,17,Hero,0.828555170665769,0.9999737108454985
522,2.6999999999999997,-7.300000000000001,23,Hero,0.7804988149715506,0.9998819698458132
523,0.7999999999999989,-9.200000000000001,42,Hero,0.7378485241816157,0.9995671042374202
524,2.9,-7.1,21,Hero,0.7625935879491624,0.999949900876908
525,2.4999999999999996,-7.5,25,Hero,0.7432822579145432,0.9999063205718994
526,3.0,-7.0,20,Hero,0.7914506860077382,0.9999595820903778
527,4.0,-6.0,10,Hero,0.7813724271953106,0.9999826669692993
528,3.0999999999999996,-6.9,19,Hero,0.753329969550434,0.9999766914468062
529,3.0999999999999996,-6.9,19,Hero,0.619155593608555,0.9996641717459026
530,3.3,-6.7,17,Hero,0.7570232161704231,0.9998131920309627
531,3.5,-6.5,15,Hero,0.6358431359132131,0.9998132387797037
532,3.3,-6.7,17,Hero,0.5746748061741099,0.9996355491525987
533,4.2,-5.8,8,Hero,0.6334682051092386,0.9999193772673607
534,1.899999999999999,-8.100000000000001,31,Hero,0.62948813854206,0.9998662587135069
535,3.4000000000000004,-6.6,16,Hero,0.6850483026355505,0.9995524063706398
536,3.9000000000000004,-6.1,11,Hero,0.6235868226398121,0.9997617385604165
537,3.8000000000000007,-6.199999999999999,12,Hero,0.7252281730373701,0.999093234539032
538,4.4,-5.6,6,Hero,0.5447892546653748,0.9999698797861735
539,3.9000000000000004,-6.1,11,Hero,0.6127891703085466,0.9999233484268188
540,4.300000000000001,-5.699999999999999,7,Hero,0.6855347161846501,0.9999534913471767
541,3.4000000000000004,-6.6,16,Hero,0.7108332011848688,0.9998457878828049
542,3.6000000000000005,-6.3999999999999995,14,Hero,0.6138629636594227,0.9992603659629822
543,3.5,-6.5,15,Hero,0.6268269459406535,0.9986267924308777
544,3.7,-6.3,13,Hero,0.6654256605184995,0.9964908269735483
545,3.6000000000000005,-6.3999999999999995,14,Hero,0.6970165393182209,0.9999342560768127
546,4.7,-5.3,3,Hero,0.4200746739904086,0.9999470313390096
547,3.0999999999999996,-6.9,19,Hero,0.6067295217224838,0.9997978335932681
548,3.6000000000000005,-6.3999999999999995,14,Hero,0.6753699055739811,0.9997635228293282
549,3.8000000000000007,-6.199999999999999,12,Hero,0.6576459979017576,0.9998068064451218
550,3.5,-6.5,15,Hero,0.6425336718559265,0.9972282807032268
551,4.6000000000000005,-5.3999999999999995,4,Hero,0.9862824231386185,0.999988466501236
552,3.9000000000000004,-6.1,11,Hero,0.7338670194149017,0.9987569722262296
553,3.4000000000000004,-6.6,16,Hero,0.639133058488369,0.987383283674717
554,3.8000000000000007,-6.199999999999999,12,Hero,0.7116624787449837,0.9993198613325754
555,-5.6,4.4,6,Villain,0.9852178792158762,0.9999385476112366
556,4.1000000000000005,-5.8999999999999995,9,Hero,0.6916939715544382,0.9994421799977621
557,4.0,-6.0,10,Hero,0.6880863726139068,0.9983352959156037
558,3.5,-6.5,15,Hero,0.6830690036217372,0.9992756326993306
559,4.5,-5.5,5,Hero,0.6543473899364471,0.9998308658599854
560,3.2,-6.8,18,Hero,0.6075926853550805,0.9856451981597476
561,3.5,-6.5,15,Hero,0.6530317862828573,0.9997570991516114
562,3.9000000000000004,-6.1,11,Hero,0.679724086414684,0.9972724372690375
563,3.7,-6.3,13,Hero,0.710162307207401,0.9995967470682584
564,2.4999999999999996,-7.5,25,Hero,0.5374646496772766,0.9991816210746766
565,4.1000000000000005,-5.8999999999999995,9,Hero,0.7102585136890411,0.9998775455686781
566,3.8000000000000007,-6.199999999999999,12,Hero,0.6648451959093412,0.9991608758767446
567,4.2,-5.8,8,Hero,0.7764318422414362,0.9998956471681595
568,4.7,-5.3,3,Hero,0.4581609865029653,0.9999479055404663
569,4.300000000000001,-5.699999999999999,7,Hero,0.6831260951501983,0.9994265181677682
570,4.300000000000001,-5.699999999999999,7,Hero,0.5001226301870442,0.9999041642461505
571,4.300000000000001,-5.699999999999999,7,Hero,0.5652391484805516,0.9997801610401699
572,4.9,-5.1,1,Hero,0.5532420873641968,0.9999113082885742
573,3.9000000000000004,-6.1,11,Hero,0.7386318309740587,0.9995673786510121
574,3.6000000000000005,-6.3999999999999995,14,Hero,0.6151521652936935,0.999845666544778
575,3.9000000000000004,-6.1,11,Hero,0.8161254714835774,0.9998295307159424
576,3.8000000000000007,-6.199999999999999,12,Hero,0.7439928191403548,0.9991283466418585
577,3.8000000000000007,-6.199999999999999,12,Hero,0.7095169226328532,0.997448260585467
578,3.7,-6.3,13,Hero,0.5409046140714333,0.998484322657952
579,3.8000000000000007,-6.199999999999999,12,Hero,0.6530352011322975,0.9997893820206324
580,-6.3,3.7,13,Villain,0.7162108856898087,0.9995957429592426
581,4.0,-6.0,10,Hero,0.7575735658407211,0.9996287882328033
582,3.9000000000000004,-6.1,11,Hero,0.7361906563693826,0.9996095408092845
583,4.1000000000000005,-5.8999999999999995,9,Hero,0.8644755283991495,0.9999716149436103
584,4.300000000000001,-5.699999999999999,7,Hero,0.8444688554321017,0.9998638885361808
585,-5.3999999999999995,4.6000000000000005,4,Villain,0.9975687563419342,0.9999205470085144
586,4.6000000000000005,-5.3999999999999995,4,Hero,0.9540856033563614,0.999892920255661
587,4.0,-6.0,10,Hero,0.7437887251377105,0.9993432581424713
588,3.9000000000000004,-6.1,11,Hero,0.6661460440267216,0.999415164644068
589,3.6000000000000005,-6.3999999999999995,14,Hero,0.7583218903413841,0.9999056713921683
590,4.1000000000000005,-5.8999999999999995,9,Hero,0.6922802660200331,0.9985771112971835
591,4.2,-5.8,8,Hero,0.792408499866724,0.9985392987728119
592,4.300000000000001,-5.699999999999999,7,Hero,0.8303335514917437,0.999746927193233
593,4.9,-5.1,1,Hero,0.7859459519386292,0.9999836683273315
594,3.8000000000000007,-6.199999999999999,12,Hero,0.7074971397717794,0.9993863453467687
595,3.4000000000000004,-6.6,16,Hero,0.6058847811073065,0.9793594628572464
596,3.5,-6.5,15,Hero,0.6142060379187266,0.9995463172594706
597,3.9000000000000004,-6.1,11,Hero,0.6174294704740698,0.9999429746107622
598,3.6000000000000005,-6.3999999999999995,14,Hero,0.741756015590259,0.9998821318149567
599,3.7,-6.3,13,Hero,0.7074464324575204,0.995961647767287
600,4.6000000000000005,-5.3999999999999995,4,Hero,0.7121574431657791,0.9998433440923691
601,4.300000000000001,-5.699999999999999,7,Hero,0.7623520621231624,0.9991428341184344
602,3.8000000000000007,-6.199999999999999,12,Hero,0.7409400916658342,0.9996843785047531
603,3.2,-6.8,18,Hero,0.6265224499834908,0.996549881166882
604,4.4,-5.6,6,Hero,0.590878531957666,0.9995032548904419
605,3.6000000000000005,-6.3999999999999995,14,Hero,0.6987018691641944,0.9996906433786664
606,3.5,-6.5,15,Hero,0.6445518573125203,0.9809849619865417
607,-5.6,4.4,6,Villain,0.6327834725379944,0.9998953640460968
608,4.0,-6.0,10,Hero,0.9005112767219543,0.9982321321964264
609,4.0,-6.0,10,Hero,0.762008222937584,0.9991214275360107
610,3.2,-6.8,18,Hero,0.6007008593943384,0.9433157870468373
611,4.1000000000000005,-5.8999999999999995,9,Hero,0.7459975969460275,0.9998046027289497
612,4.4,-5.6,6,Hero,0.5884861101706823,0.9993195136388143
613,3.9000000000000004,-6.1,11,Hero,0.5919750820506703,0.9994919300079346
614,3.9000000000000004,-6.1,11,Hero,0.851857990026474,0.9984642646529458
615,3.9000000000000004,-6.1,11,Hero,0.5749748240817677,0.9992240829901262
616,4.7,-5.3,3,Hero,0.9677912592887878,0.9997387727101644
617,4.1000000000000005,-5.8999999999999995,9,Hero,0.825614634487364,0.9989383154445224
618,-5.3999999999999995,4.6000000000000005,4,Villain,0.4950295016169548,0.9997117966413498
619,4.5,-5.5,5,Hero,0.7546739280223846,0.9997488737106324
620,4.800000000000001,-5.199999999999999,2,Hero,0.7777098715305328,0.9998266994953156
621,3.9000000000000004,-6.1,11,Hero,0.7991736097769304,0.9981497742912986
622,4.2,-5.8,8,Hero,0.9673356115818024,0.9988280311226845
623,4.2,-5.8,8,Hero,0.8402574881911278,0.999670498073101
624,4.1000000000000005,-5.8999999999999995,9,Hero,0.949987014134725,0.9990636971261766
625,3.7,-6.3,13,Hero,0.6076639615572416,0.9989908979489253
626,4.6000000000000005,-5.3999999999999995,4,Hero,0.5491391532123089,0.9998165965080261
627,4.0,-6.0,10,Hero,0.6416639417409897,0.9992147743701935
628,4.0,-6.0,10,Hero,0.6765934199094772,0.9978199422359466
629,4.0,-6.0,10,Hero,0.7125568300485611,0.9947256207466125
630,3.6000000000000005,-6.3999999999999995,14,Hero,0.6626991986164025,0.9960092050688607
631,4.0,-6.0,10,Hero,0.8525241315364838,0.9991979837417603
632,4.7,-5.3,3,Hero,0.5763218899567922,0.999707559744517
633,3.5,-6.5,15,Hero,0.6886716643969218,0.9972022334734599
634,4.5,-5.5,5,Hero,0.7923190176486969,0.9994634628295899
635,4.6000000000000005,-5.3999999999999995,4,Hero,0.6350054293870926,0.9994595646858215
636,4.5,-5.5,5,Hero,0.646168851852417,0.999702787399292
637,4.7,-5.3,3,Hero,0.7405799726645151,0.9999147256215414
638,4.2,-5.8,8,Hero,0.5988049134612083,0.9988458752632141
639,3.8000000000000007,-6.199999999999999,12,Hero,0.789790744582812,0.9986498355865479
640,3.7,-6.3,13,Hero,0.7301033414327182,0.9975664478081924
641,3.6000000000000005,-6.3999999999999995,14,Hero,0.6136128391538348,0.922472937265411
642,4.2,-5.8,8,Hero,0.919720746576786,0.9985702782869339
643,3.6000000000000005,-6.3999999999999995,14,Hero,0.6412882528134755,0.9833947590419224
644,4.300000000000001,-5.699999999999999,7,Hero,0.7461212277412415,0.9996740051678249
645,4.0,-6.0,10,Hero,0.6941397495567798,0.9986815690994263
646,3.8000000000000007,-6.199999999999999,12,Hero,0.6090729627758265,0.9982505788405737
647,3.9000000000000004,-6.1,11,Hero,0.6659247116609053,0.9986972537907687
648,-5.1,4.9,1,Villain,0.4402093291282654,0.9825348258018494
649,3.3,-6.7,17,Hero,0.5469861004282447,0.999465872259701
650,4.9,-5.1,1,Hero,0.5190401077270508,0.9999722242355347
651,3.4000000000000004,-6.6,16,Hero,0.6268245417159051,0.9953850246965885
652,4.1000000000000005,-5.8999999999999995,9,Hero,0.6319490455918841,0.9998204310735067
653,-5.8999999999999995,4.1000000000000005,9,Villain,0.8896948628955417,0.9999341832266914
654,4.5,-5.5,5,Hero,0.5190831780433655,0.9998722672462463
655,3.5,-6.5,15,Hero,0.6061570639450413,0.9995509306589763
656,2.9,-7.1,21,Hero,0.5580428715440489,0.9973621169726054
657,4.300000000000001,-5.699999999999999,7,Hero,0.769799394266946,0.999628986631121
658,4.2,-5.8,8,Hero,0.7051848657429218,0.9995927661657333
659,3.5,-6.5,15,Hero,0.6859970072905223,0.99930899143219
660,4.5,-5.5,5,Hero,0.5693076327443123,0.9998384952545166
661,4.9,-5.1,1,Hero,0.5422711372375488,0.9999703168869019
662,4.6000000000000005,-5.3999999999999995,4,Hero,0.9367980062961578,0.999837264418602
663,4.300000000000001,-5.699999999999999,7,Hero,0.6355762822287423,0.9995954632759094
664,4.1000000000000005,-5.8999999999999995,9,Hero,0.5982580979665121,0.9997336003515456
665,3.9000000000000004,-6.1,11,Hero,0.6452245116233826,0.9993208809332415
666,3.0999999999999996,-6.9,19,Hero,0.5819687576670396,0.9989583460908187
667,-6.3,3.7,13,Villain,0.6402141325748884,0.9979606500038734
668,4.0,-6.0,10,Hero,0.6280961766839027,0.9998983085155487
669,4.0,-6.0,10,Hero,0.6662761956453324,0.99967942237854
670,-6.6,3.4000000000000004,16,Villain,0.6324302172288299,0.9992075078189373
671,3.4000000000000004,-6.6,16,Hero,0.5783165683969855,0.9974777847528458
672,4.0,-6.0,10,Hero,0.7406100153923034,0.9997765183448791
673,3.6000000000000005,-6.3999999999999995,14,Hero,0.6647981426545552,0.9983471717153277
674,4.800000000000001,-5.199999999999999,2,Hero,0.5444466173648834,0.9999845623970032
675,3.5,-6.5,15,Hero,0.6055579408071935,0.994901716709137
676,3.2,-6.8,18,Hero,0.615445321218835,0.9945001635286543
677,3.8000000000000007,-6.199999999999999,12,Hero,0.8083181257049242,0.9997678647438685
678,3.6000000000000005,-6.3999999999999995,14,Hero,0.6822116162095752,0.9996647707053593
679,4.6000000000000005,-5.3999999999999995,4,Hero,0.5705409273505211,0.9999208748340607
680,4.2,-5.8,8,Hero,0.8970483690500259,0.9998805150389671
681,3.2,-6.8,18,Hero,0.6183796856138442,0.9425377773618998
682,4.1000000000000005,-5.8999999999999995,9,Hero,0.7946373985873328,0.9997146063380771
683,-5.1,4.9,1,Villain,0.3653390109539032,0.9899312257766724
684,3.6000000000000005,-6.3999999999999995,14,Hero,0.7186872277941022,0.9998174437454769
685,4.0,-6.0,10,Hero,0.6810572594404221,0.8984815848292783
686,4.4,-5.6,6,Hero,0.6935010949770609,0.999928613503774
687,2.6999999999999997,-7.300000000000001,23,Hero,0.7228550204764241,0.9998957929403886
688,2.099999999999999,-7.9,29,Hero,0.6953682855999996,0.9999003328126053
689,4.7,-5.3,3,Hero,0.6691278889775276,0.9999170700709025
690,-6.0,4.0,10,Villain,0.8082734480500221,0.9999399185180664
691,3.3,-6.7,17,Hero,0.8244794668520198,0.9997991603963515
692,3.8000000000000007,-6.199999999999999,12,Hero,0.8073670913775762,0.9999540547529856
693,4.2,-5.8,8,Hero,0.9945389628410339,0.9999435544013977
694,2.099999999999999,-7.9,29,Hero,0.6248562199802234,0.9504265195593752
695,3.8000000000000007,-6.199999999999999,12,Hero,0.6899285900096098,0.9999514619509379
696,-4.999999999999998,-4.999999999999998,50,None,0.7553917244262993,0.9999810218811035
697,4.9,-5.1,1,Hero,0.1699099838733673,0.9999808073043823
698,4.1000000000000005,-5.8999999999999995,9,Hero,0.74262199882004,0.9998480942514207
699,4.6000000000000005,-5.3999999999999995,4,Hero,0.994594007730484,0.9999756813049316
700,3.2,-6.8,18,Hero,0.784231032555302,0.9999802774853177
701,3.5,-6.5,15,Hero,0.5782060931126277,0.9974319815635682
702,2.9,-7.1,21,Hero,0.7167234530761128,0.9999243900889442
703,3.5,-6.5,15,Hero,0.5735204391181469,0.9968823552131653
704,0.10000000000000142,-9.899999999999999,49,Hero,0.8007417485422018,0.9999569216553046
705,3.3,-6.7,17,Hero,0.5126629230730674,0.9957933250595542
706,3.2,-6.8,18,Hero,0.6327740334802203,0.9998726877901289
707,4.5,-5.5,5,Hero,0.590984183549881,0.9999446392059326
708,4.1000000000000005,-5.8999999999999995,9,Hero,0.6425153546863132,0.9998882280455695
709,4.2,-5.8,8,Hero,0.7635166570544243,0.999901071190834
710,2.1999999999999993,-7.800000000000001,28,Hero,0.8598507813044957,0.9999805816582271
711,3.8000000000000007,-6.199999999999999,12,Hero,0.6419532097255191,0.9997768600781759
712,4.1000000000000005,-5.8999999999999995,9,Hero,0.8633912536833022,0.9998256233003404
713,3.7,-6.3,13,Hero,0.6869139327452733,0.9991977535761319
714,4.7,-5.3,3,Hero,0.9682615995407104,0.9999351898829142
715,3.6000000000000005,-6.3999999999999995,14,Hero,0.6508694056953702,0.9973106597151075
716,4.300000000000001,-5.699999999999999,7,Hero,0.8163305606160846,0.9998475142887661
717,3.9000000000000004,-6.1,11,Hero,0.5883776823228056,0.9989101995121349
718,4.9,-5.1,1,Hero,0.9860572814941406,0.9999940395355225
719,0.9999999999999982,-9.000000000000002,40,Hero,0.755661055794917,0.9999572992324829
720,3.3,-6.7,17,Hero,0.6249348188147825,0.9994233425925759
721,4.2,-5.8,8,Hero,0.618379756808281,0.999754287302494
722,3.9000000000000004,-6.1,11,Hero,0.6073184744878248,0.9978272589770231
723,3.5,-6.5,15,Hero,0.5909106221050024,0.9998016476631164
724,3.8000000000000007,-6.199999999999999,12,Hero,0.7762732207775116,0.9999322444200516
725,4.300000000000001,-5.699999999999999,7,Hero,0.7263653704098293,0.9999879258019584
726,3.6000000000000005,-6.3999999999999995,14,Hero,0.6092125730855125,0.9993890736784253
727,3.5,-6.5,15,Hero,0.6752951492865881,0.9973903894424438
728,-5.199999999999999,4.800000000000001,2,Villain,0.993891566991806,0.996879905462265
729,3.9000000000000004,-6.1,11,Hero,0.7321384820071134,0.9998664910143072
730,3.0,-7.0,20,Hero,0.6517829455435276,0.999976497888565
731,2.4999999999999996,-7.5,25,Hero,0.67719014108181,0.999930419921875
732,3.8000000000000007,-6.199999999999999,12,Hero,0.7409596641858419,0.9999133298794428
733,4.2,-5.8,8,Hero,0.6702154763042927,0.999860554933548
734,3.8000000000000007,-6.199999999999999,12,Hero,0.5579576704185456,0.9999381105105082
735,-5.6,4.4,6,Villain,0.7227663298447927,0.9999841849009196
736,4.300000000000001,-5.699999999999999,7,Hero,0.9348210436957223,0.9998179163251605
737,4.0,-6.0,10,Hero,0.6893393099308014,0.9999284088611603
738,4.0,-6.0,10,Hero,0.6914548397064209,0.9999524831771851
739,4.0,-6.0,10,Hero,0.5986110374331475,0.9999296128749847
740,4.800000000000001,-5.199999999999999,2,Hero,0.8710744082927704,0.9999683499336243
741,4.1000000000000005,-5.8999999999999995,9,Hero,0.8660316467285156,0.9998302393489413
742,3.4000000000000004,-6.6,16,Hero,0.667591592122335,0.9998990893363953
743,4.6000000000000005,-5.3999999999999995,4,Hero,0.6847662404179573,0.9999869763851166
744,4.7,-5.3,3,Hero,0.7492817242940267,0.9999918540318807
745,-5.699999999999999,4.300000000000001,7,Villain,0.7999533031667981,0.9999653611864362
746,4.0,-6.0,10,Hero,0.606247840821743,0.9996646285057068
747,3.2,-6.8,18,Hero,0.6162510018588768,0.9987961418098874
748,4.4,-5.6,6,Hero,0.9603789746761322,0.9999135831991831
749,4.0,-6.0,10,Hero,0.8853347104159184,0.9996685445308685
750,3.7,-6.3,13,Hero,0.5893724262714386,0.9994169427798345
751,3.8000000000000007,-6.199999999999999,12,Hero,0.5652045806248983,0.9999506870905558
752,4.300000000000001,-5.699999999999999,7,Hero,0.7980408668518066,0.9998639396258763
753,3.7,-6.3,13,Hero,0.6931748367272891,0.9994045816935025
754,3.5,-6.5,15,Hero,0.5154403974612554,0.9999878406524658
755,3.8000000000000007,-6.199999999999999,12,Hero,0.5146312564611435,0.9992763350407282
756,2.099999999999999,-7.9,29,Hero,0.4676494388038228,0.9999265711883019
757,4.4,-5.6,6,Hero,0.5823708822329839,0.9999496738115946
758,3.7,-6.3,13,Hero,0.7173570763463011,0.9993086273853595
759,4.6000000000000005,-5.3999999999999995,4,Hero,0.5362003743648529,0.9999914467334747
760,4.4,-5.6,6,Hero,0.436171172807614,0.9999919931093851
761,4.300000000000001,-5.699999999999999,7,Hero,0.8770301171711513,0.9998243451118469
762,3.5,-6.5,15,Hero,0.6184546699126562,0.9994887630144755
763,4.1000000000000005,-5.8999999999999995,9,Hero,0.5106288658248054,0.9999936686621772
764,-5.6,4.4,6,Villain,0.9399627645810446,0.9999919335047404
765,4.1000000000000005,-5.8999999999999995,9,Hero,0.6603475047482384,0.9999117652575175
766,2.1999999999999993,-7.800000000000001,28,Hero,0.44424182176589966,0.9995358522449221
767,-4.999999999999998,-4.999999999999998,50,None,0.498031327649951,0.999434529542923
768,4.0,-6.0,10,Hero,0.5143199548125267,0.9999212920665741
769,0.8999999999999986,-9.100000000000001,41,Hero,0.4185730905794516,0.9995331531617699
770,4.5,-5.5,5,Hero,0.6609831154346466,0.9998849153518676
771,3.4000000000000004,-6.6,16,Hero,0.5393260509008542,0.999865211546421
772,3.2,-6.8,18,Hero,0.6441123187541962,0.9968577524026235
773,4.1000000000000005,-5.8999999999999995,9,Hero,0.6004817502366172,0.999575568570031
774,4.2,-5.8,8,Hero,0.7033574990928173,0.9996696785092354
775,-5.1,4.9,1,Villain,0.791012704372406,0.9993184804916382
776,-4.999999999999998,-4.999999999999998,50,None,0.5298012471944094,0.9999617362022399
777,-4.999999999999998,-4.999999999999998,50,None,0.5567380299046636,0.9997599601745606
778,0.5999999999999996,-9.4,44,Hero,0.5670437790792097,0.9998889592560855
779,3.7,-6.3,13,Hero,0.6440791969115918,0.9997254747610825
780,4.1000000000000005,-5.8999999999999995,9,Hero,0.7433196604251862,0.9998626510302225
781,4.0,-6.0,10,Hero,0.9084665894508361,0.9997439324855805
782,2.9,-7.1,21,Hero,0.47003007857572465,0.9999644756317139
783,1.0999999999999983,-8.900000000000002,39,Hero,0.48885200115350574,0.9993887299146408
784,3.8000000000000007,-6.199999999999999,12,Hero,0.621634508172671,0.9965035617351532
785,2.5999999999999996,-7.4,24,Hero,0.5799091399336854,0.9998916561404864
786,4.2,-5.8,8,Hero,0.9748741760849953,0.9999037683010101
787,1.0999999999999983,-8.900000000000002,39,Hero,0.49393775829902065,0.9998181263605753
788,4.0,-6.0,10,Hero,0.5820930361747741,0.9998845934867859
789,-5.6,4.4,6,Villain,0.4432724490761757,0.9986455738544464
790,-5.3999999999999995,4.6000000000000005,4,Villain,0.5214253589510918,0.9999883770942688
791,3.9000000000000004,-6.1,11,Hero,0.7152766829187219,0.9976318424398248
792,3.9000000000000004,-6.1,11,Hero,0.6373964656483043,0.9975114789876071
793,4.9,-5.1,1,Hero,0.5102363228797913,0.9999793767929077
794,4.0,-6.0,10,Hero,0.8153586700558663,0.9999488353729248
795,3.7,-6.3,13,Hero,0.6053975625680044,0.9996926005070026
796,3.8000000000000007,-6.199999999999999,12,Hero,0.7635688348382246,0.9997558444738388
797,3.6000000000000005,-6.3999999999999995,14,Hero,0.6904643923044205,0.9982062961374011
798,4.4,-5.6,6,Hero,0.6292383819818497,0.9999141792456309
799,3.0,-7.0,20,Hero,0.5968789543956519,0.9989721596240997
800,3.8000000000000007,-6.199999999999999,12,Hero,0.7001622219880422,0.9992686758438746
801,3.5,-6.5,15,Hero,0.5295707250634829,0.9999401529630025
802,3.8000000000000007,-6.199999999999999,12,Hero,0.44593242881819606,0.9995991388956705
803,4.0,-6.0,10,Hero,0.6770983040332794,0.9998920798301697
804,3.7,-6.3,13,Hero,0.5983975506745852,0.9972147299693181
805,4.6000000000000005,-5.3999999999999995,4,Hero,0.6291873902082443,0.9999594390392303
806,2.8,-7.2,22,Hero,0.5564227334477685,0.9996615566990592
807,3.5,-6.5,15,Hero,0.7556838234265645,0.9991167704264323
808,4.4,-5.6,6,Hero,0.5458537079393864,0.9999700387318929
809,4.1000000000000005,-5.8999999999999995,9,Hero,0.7459331270721223,0.9998452928331163
810,4.300000000000001,-5.699999999999999,7,Hero,0.8406758989606585,0.9997854828834534
811,4.6000000000000005,-5.3999999999999995,4,Hero,0.7282442040741444,0.9999742805957794
812,4.2,-5.8,8,Hero,0.6520214565098286,0.9999810606241226
813,-6.199999999999999,3.8000000000000007,12,Villain,0.7758560826381048,0.9998054703076681
814,2.1999999999999993,-7.800000000000001,28,Hero,0.646056341273444,0.9551262236865503
815,4.6000000000000005,-5.3999999999999995,4,Hero,0.5321379350498319,0.9999953210353851
816,4.1000000000000005,-5.8999999999999995,9,Hero,0.9988375504811605,0.9997474749883016
817,4.800000000000001,-5.199999999999999,2,Hero,0.353248693048954,0.9999860525131226
818,0.3000000000000007,-9.7,47,Hero,0.8228650828625294,0.9995657928446506
819,-4.999999999999998,-4.999999999999998,50,None,0.8851619979739189,0.9994085645675659
820,-6.5,3.5,15,Villain,0.6022845526536306,0.9995927413304647
821,2.9,-7.1,21,Hero,0.5351265094109944,0.9998785739853269
822,-6.0,4.0,10,Villain,0.5396558564156294,0.9999553442001343
823,4.1000000000000005,-5.8999999999999995,9,Hero,0.999623523818122,0.9997322294447157
824,-4.999999999999998,-4.999999999999998,50,None,0.98187166929245,0.9999576091766358
825,-4.999999999999998,-4.999999999999998,50,None,0.8909737211465836,0.9998083114624023
826,-5.1,4.9,1,Villain,0.9812856912612915,0.9996379613876343
827,-5.699999999999999,4.300000000000001,7,Villain,0.7029170159782682,0.999893341745649
828,-4.999999999999998,-4.999999999999998,50,None,0.8492861078679561,0.9996695375442505
829,-6.1,3.9000000000000004,11,Villain,0.6802680949595842,0.9964887716553428
830,4.800000000000001,-5.199999999999999,2,Hero,0.48358488641679287,0.9999947547912598
831,4.6000000000000005,-5.3999999999999995,4,Hero,0.7122419849038124,0.9999907910823822
832,-4.999999999999998,-4.999999999999998,50,None,0.9598944413661957,0.9998043537139892
833,1.9999999999999991,-8.0,30,Hero,0.7437455357362827,0.999851276477178
834,4.7,-5.3,3,Hero,0.4059925029675166,0.9999926487604777
835,-5.699999999999999,4.300000000000001,7,Villain,0.4258698650768825,0.9992644446236747
836,4.9,-5.1,1,Hero,0.9757123589515686,0.99996018409729
837,2.6999999999999997,-7.300000000000001,23,Hero,0.8385682977412058,0.999943002410557
838,3.5,-6.5,15,Hero,0.7962861840923627,0.9999185562133789
839,4.800000000000001,-5.199999999999999,2,Hero,0.5297174714505672,0.9999485015869141
840,4.7,-5.3,3,Hero,0.6607667406400045,0.9999940792719523
841,4.300000000000001,-5.699999999999999,7,Hero,0.9925355059759957,0.9998305099351066
842,3.7,-6.3,13,Hero,0.7573308394505427,0.9997634245799139
843,3.6000000000000005,-6.3999999999999995,14,Hero,0.6696246032203946,0.999985124383654
844,-6.0,4.0,10,Villain,0.6304884821176528,0.9999103665351867
845,-6.1,3.9000000000000004,11,Villain,0.6002823706208305,0.9997889995574951
846,4.1000000000000005,-5.8999999999999995,9,Hero,0.9909197688102722,0.9999207456906637
847,4.9,-5.1,1,Hero,0.9670835137367249,0.9999743700027466
848,4.7,-5.3,3,Hero,0.5863113005956014,0.9999549786249796
849,4.9,-5.1,1,Hero,0.9208905100822449,0.9999934434890747
850,4.4,-5.6,6,Hero,0.6779814064502716,0.9999521970748901
851,3.5,-6.5,15,Hero,0.5949644982814789,0.9997139890988668
852,3.8000000000000007,-6.199999999999999,12,Hero,0.7226073642571768,0.99995390077432
853,-6.199999999999999,3.8000000000000007,12,Villain,0.6117009917894999,0.9998105565706888
854,4.4,-5.6,6,Hero,0.767459640900294,0.9999018212159475
855,4.1000000000000005,-5.8999999999999995,9,Hero,0.6497964428530799,0.9999123414357504
856,4.300000000000001,-5.699999999999999,7,Hero,0.6454350522586277,0.9994872382708958
857,4.2,-5.8,8,Hero,0.9757100641727448,0.9998223036527634
858,3.4000000000000004,-6.6,16,Hero,0.6129117542877793,0.9999368153512478
859,4.2,-5.8,8,Hero,0.8921348229050636,0.9998350143432617
860,3.8000000000000007,-6.199999999999999,12,Hero,0.6717489113410314,0.9983688592910767
861,-5.3,4.7,3,Villain,0.9990216294924418,0.999905546506246
862,4.6000000000000005,-5.3999999999999995,4,Hero,0.7429772168397903,0.9999772310256958
863,3.4000000000000004,-6.6,16,Hero,0.6154271047562361,0.9930033273994923
864,4.300000000000001,-5.699999999999999,7,Hero,0.9857631240572248,0.9998611807823181
865,4.300000000000001,-5.699999999999999,7,Hero,0.6751348646357656,0.9999620914459229
866,3.6000000000000005,-6.3999999999999995,14,Hero,0.5987503230571747,0.9936613355364118
867,3.5,-6.5,15,Hero,0.6154444734255473,0.9999123255411784
868,3.7,-6.3,13,Hero,0.6716296225786209,0.9998737344375024
869,4.0,-6.0,10,Hero,0.6080188184976578,0.9992771565914154
870,4.800000000000001,-5.199999999999999,2,Hero,0.6965893805027008,0.9999880194664001
871,3.5,-6.5,15,Hero,0.6111423855026563,0.9998752117156983
872,3.9000000000000004,-6.1,11,Hero,0.8562933585860513,0.9991884502497587
873,3.9000000000000004,-6.1,11,Hero,0.7550277750600468,0.9999832565134222
874,3.8000000000000007,-6.199999999999999,12,Hero,0.7063552675147852,0.9997711529334387
875,-5.8999999999999995,4.1000000000000005,9,Villain,0.643662260638343,0.9987710648112826
876,4.0,-6.0,10,Hero,0.6592767715454102,0.9989153742790222
877,3.4000000000000004,-6.6,16,Hero,0.6617836952209473,0.9273759038042044
878,4.300000000000001,-5.699999999999999,7,Hero,0.7086844614573887,0.9998452067375183
879,3.3,-6.7,17,Hero,0.6295926570892334,0.9995948356740615
880,4.9,-5.1,1,Hero,0.8624274730682373,0.9999783039093018
881,4.7,-5.3,3,Hero,0.6732844114303589,0.9999634027481079
882,4.4,-5.6,6,Hero,0.7449687719345093,0.9999939203262329
883,3.9000000000000004,-6.1,11,Hero,0.8337077281691812,0.9993047660047357
884,4.4,-5.6,6,Hero,0.8236129325814545,0.9999847610791525
885,4.0,-6.0,10,Hero,0.7270637914538384,0.9986790239810943
886,4.0,-6.0,10,Hero,0.8986173570156097,0.9998721063137055
887,4.9,-5.1,1,Hero,0.33260899782180786,0.9999818801879883
888,4.0,-6.0,10,Hero,0.6256621509790421,0.9999547123908996
889,3.8000000000000007,-6.199999999999999,12,Hero,0.6384017517169317,0.9977615078290304
890,4.2,-5.8,8,Hero,0.8651892002671957,0.9998902529478073
891,4.1000000000000005,-5.8999999999999995,9,Hero,0.8067109551694658,0.9999155733320448
892,3.6000000000000005,-6.3999999999999995,14,Hero,0.7276515066623688,0.9987269682543618
893,3.7,-6.3,13,Hero,0.6651529578062204,0.9981403167431171
894,4.0,-6.0,10,Hero,0.6170732080936432,0.9989884436130524
895,2.8,-7.2,22,Hero,0.5917949188839305,0.9991318610581484
896,-6.3999999999999995,3.6000000000000005,14,Villain,0.5444942616990635,0.9995897029127393
897,4.0,-6.0,10,Hero,0.8574186325073242,0.9998177528381348
898,3.0999999999999996,-6.9,19,Hero,0.6213608776268206,0.9844781975997122
899,3.4000000000000004,-6.6,16,Hero,0.6495713079348207,0.9989063292741776
900,3.8000000000000007,-6.199999999999999,12,Hero,0.5798586942255497,0.9984288314978281
901,3.8000000000000007,-6.199999999999999,12,Hero,0.7934445068240166,0.99978968501091
902,4.2,-5.8,8,Hero,0.6757168732583523,0.9999474287033081
903,4.5,-5.5,5,Hero,0.5548979222774506,0.9998772621154786
904,3.5,-6.5,15,Hero,0.6643274704615275,0.9999590635299682
905,3.2,-6.8,18,Hero,0.6940014577574201,0.9983449843194749
906,1.1999999999999984,-8.8,38,Hero,0.7147652751913196,0.9996723579732996
907,4.0,-6.0,10,Hero,0.8161909580230713,0.9993124544620514
908,4.4,-5.6,6,Hero,0.6161495993534724,0.9999883969624838
909,3.9000000000000004,-6.1,11,Hero,0.5903721316294237,0.998248116536574
910,3.0999999999999996,-6.9,19,Hero,0.5883269025699088,0.9521117084904721
911,4.5,-5.5,5,Hero,0.9961911916732789,0.9999775648117065
912,3.8000000000000007,-6.199999999999999,12,Hero,0.6237284069259962,0.999656930565834
913,3.6000000000000005,-6.3999999999999995,14,Hero,0.6195949358599526,0.9996218170438494
914,4.5,-5.5,5,Hero,0.7348039984703064,0.9997994780540467
915,4.0,-6.0,10,Hero,0.6684126526117324,0.9991782367229461
916,3.6000000000000005,-6.3999999999999995,14,Hero,0.639496141246387,0.9963717205183846
917,4.1000000000000005,-5.8999999999999995,9,Hero,0.8647722568776872,0.9994667106204562
918,4.300000000000001,-5.699999999999999,7,Hero,0.650044030376843,0.9998572724206107
919,4.0,-6.0,10,Hero,0.7038210898637771,0.9999198675155639
920,3.5,-6.5,15,Hero,0.6805089751879374,0.9931755860646566
921,3.0,-7.0,20,Hero,0.6764882877469063,0.9994630098342896
922,3.9000000000000004,-6.1,11,Hero,0.8595972806215286,0.9999754753979769
923,3.9000000000000004,-6.1,11,Hero,0.6810738904909655,0.9997689669782465
924,-5.199999999999999,4.800000000000001,2,Villain,0.9858330488204956,0.9999875426292419
925,2.1999999999999993,-7.800000000000001,28,Hero,0.7999900973268917,0.9999547174998692
926,4.300000000000001,-5.699999999999999,7,Hero,0.7551477402448654,0.9999871253967285
927,3.6000000000000005,-6.3999999999999995,14,Hero,0.5968423629445689,0.999664911202022
928,4.1000000000000005,-5.8999999999999995,9,Hero,0.5819974293311437,0.9990186161465116
929,4.6000000000000005,-5.3999999999999995,4,Hero,0.4946938753128052,0.9999870657920837
930,3.5,-6.5,15,Hero,0.6525628089904785,0.9320395335089415
931,4.1000000000000005,-5.8999999999999995,9,Hero,0.7509062323305342,0.9995276663038466
932,4.1000000000000005,-5.8999999999999995,9,Hero,0.850201149781545,0.9999130765597025
933,3.6000000000000005,-6.3999999999999995,14,Hero,0.6099736988544464,0.9844532268387931
934,4.2,-5.8,8,Hero,0.6532120108604431,0.9996871501207352
935,3.5,-6.5,15,Hero,0.6489537437756856,0.9928104241689046
936,3.7,-6.3,13,Hero,0.6666300067534814,0.9930017315424405
937,3.5,-6.5,15,Hero,0.6326677173376083,0.9268315130534271
938,3.8000000000000007,-6.199999999999999,12,Hero,0.7983600199222565,0.9995773981014887
939,-5.6,4.4,6,Villain,0.9925262133280436,0.9999642968177795
940,3.7,-6.3,13,Hero,0.7052320471176734,0.9997831949820886
941,4.2,-5.8,8,Hero,0.9762120470404625,0.9999203532934189
942,4.5,-5.5,5,Hero,0.8425239086151123,0.9999115705490113
943,4.5,-5.5,5,Hero,0.977659809589386,0.9999413967132569
944,4.4,-5.6,6,Hero,0.7702445847292742,0.9998816251754761
945,4.5,-5.5,5,Hero,0.8503246903419495,0.9998777985572815
946,4.6000000000000005,-5.3999999999999995,4,Hero,0.48754676431417465,0.9999949336051941
947,3.9000000000000004,-6.1,11,Hero,0.6135658377950842,0.9998607364567843
948,4.0,-6.0,10,Hero,0.7891112327575683,0.999173355102539
949,4.1000000000000005,-5.8999999999999995,9,Hero,0.890415370464325,0.9993387593163384
950,4.0,-6.0,10,Hero,0.6712317615747452,0.9999007880687714
951,4.1000000000000005,-5.8999999999999995,9,Hero,0.7055432597796122,0.9980906181865268
952,3.6000000000000005,-6.3999999999999995,14,Hero,0.6215504982641765,0.9914277451378959
953,4.0,-6.0,10,Hero,0.8226011171936989,0.9997987449169159
954,4.5,-5.5,5,Hero,0.6278979480266571,0.9997090816497802
955,4.1000000000000005,-5.8999999999999995,9,Hero,0.898766040802002,0.9993575612703959
956,3.7,-6.3,13,Hero,0.6375242981773156,0.9951307727740362
957,4.1000000000000005,-5.8999999999999995,9,Hero,0.7013666762246026,0.9998689691225687
958,4.300000000000001,-5.699999999999999,7,Hero,0.7754480757617525,0.9997482555253165
959,3.9000000000000004,-6.1,11,Hero,0.7091380222277208,0.9997605247931047
960,3.8000000000000007,-6.199999999999999,12,Hero,0.6610566973686218,0.9964663883050283
961,3.9000000000000004,-6.1,11,Hero,0.5091961181976579,0.9999717799100009
962,4.7,-5.3,3,Hero,0.6093315581480662,0.9999726613362631
963,4.4,-5.6,6,Hero,0.6770751476287842,0.9996092120806376
964,4.7,-5.3,3,Hero,0.7442433734734853,0.9999866485595703
965,3.9000000000000004,-6.1,11,Hero,0.8434227379885587,0.9977309649640863
966,4.4,-5.6,6,Hero,0.7795393727719784,0.9998752872149149
967,4.2,-5.8,8,Hero,0.9806151762604713,0.9992109835147858
968,4.5,-5.5,5,Hero,0.6537176072597504,0.999912679195404
969,4.300000000000001,-5.699999999999999,7,Hero,0.8903914519718715,0.9997678654534476
970,4.2,-5.8,8,Hero,0.5843922272324562,0.9997110962867737
971,4.1000000000000005,-5.8999999999999995,9,Hero,0.7149579674005508,0.9999193549156189
972,4.4,-5.6,6,Hero,0.7766362329324087,0.999786913394928
973,4.1000000000000005,-5.8999999999999995,9,Hero,0.7676015761163499,0.9996612336900499
974,3.2,-6.8,18,Hero,0.6227492151988877,0.999668300151825
975,4.2,-5.8,8,Hero,0.8464375771582127,0.9998823925852776
976,3.9000000000000004,-6.1,11,Hero,0.7238596765832468,0.9982390620491721
977,3.4000000000000004,-6.6,16,Hero,0.5381451463326812,0.9987178519368172
978,4.1000000000000005,-5.8999999999999995,9,Hero,0.7750387655364143,0.9997272690137228
979,3.4000000000000004,-6.6,16,Hero,0.6260209549218416,0.9970422498881817
980,4.5,-5.5,5,Hero,0.6139273121953011,0.9999745607376098
981,4.800000000000001,-5.199999999999999,2,Hero,0.6163131445646286,0.9998818039894104
982,4.800000000000001,-5.199999999999999,2,Hero,0.9380351305007935,0.9998942017555237
983,4.0,-6.0,10,Hero,0.7710267459973693,0.9996395468711853
984,4.1000000000000005,-5.8999999999999995,9,Hero,0.833506339126163,0.9999563031726413
985,4.0,-6.0,10,Hero,0.5958925828337669,0.999355697631836
986,4.6000000000000005,-5.3999999999999995,4,Hero,0.6895292736589909,0.9998807460069656
987,-5.5,4.5,5,Villain,0.8027403473854064,0.999795401096344
988,3.9000000000000004,-6.1,11,Hero,0.8182516634802927,0.9984278082847595
989,4.1000000000000005,-5.8999999999999995,9,Hero,0.7170481913619571,0.9991420441203647
990,3.4000000000000004,-6.6,16,Hero,0.6598991472274065,0.999840322881937
991,4.1000000000000005,-5.8999999999999995,9,Hero,0.8693522372179561,0.9996923605600992
992,4.9,-5.1,1,Hero,0.9369668364524841,0.9999953508377075
993,3.3,-6.7,17,Hero,0.5635522327878896,0.9404295910533298
994,4.1000000000000005,-5.8999999999999995,9,Hero,0.6298001408576965,0.9983925223350525
995,3.6000000000000005,-6.3999999999999995,14,Hero,0.6698352577430862,0.9964712006705148
996,4.0,-6.0,10,Hero,0.6565273616462945,0.9981943368911743
997,3.9000000000000004,-6.1,11,Hero,0.5729856897484172,0.9990669651464983
998,2.9,-7.1,21,Hero,0.5816300944203422,0.9989999078568959
999,4.6000000000000005,-5.3999999999999995,4,Hero,0.7236391864717007,0.9997962713241577
1000,-5.199999999999999,4.800000000000001,2,Villain,0.9684680104255676,0.9999523162841797
1001,-5.6,4.4,6,Villain,0.8429303914308548,0.9999101956685384
1002,3.8000000000000007,-6.199999999999999,12,Hero,0.6965962077180544,0.9994046340386072
1003,4.5,-5.5,5,Hero,0.5551653802394867,0.9995861649513245
1004,3.9000000000000004,-6.1,11,Hero,0.6784016706726768,0.9937048608606512
1005,3.8000000000000007,-6.199999999999999,12,Hero,0.6198079461852709,0.9992660482724508
1006,4.300000000000001,-5.699999999999999,7,Hero,0.9885888184819903,0.999806387083871
1007,4.4,-5.6,6,Hero,0.8261115700006485,0.9995624522368113
1008,3.7,-6.3,13,Hero,0.6941623114622556,0.9989319031055157
1009,4.5,-5.5,5,Hero,0.7018968552350998,0.9994582772254944
1010,2.9,-7.1,21,Hero,0.6331307618390947,0.9990615163530622
1011,4.5,-5.5,5,Hero,0.637793806195259,0.9994818210601807
1012,4.4,-5.6,6,Hero,0.9866379499435425,0.9998863240083059
1013,4.7,-5.3,3,Hero,0.7508376439412435,0.9996329148610433
1014,4.6000000000000005,-5.3999999999999995,4,Hero,0.5755732655525208,0.9998530894517899
1015,3.6000000000000005,-6.3999999999999995,14,Hero,0.5418870555503028,0.9988579962934766
1016,3.7,-6.3,13,Hero,0.7104859226025068,0.9998908088757441
1017,4.7,-5.3,3,Hero,0.9858977198600769,0.9999521573384603
1018,3.5,-6.5,15,Hero,0.7984126339356105,0.9999805768330892
1019,-5.1,4.9,1,Villain,0.9885681867599487,0.9995958209037781
1020,4.5,-5.5,5,Hero,0.6242080986499786,0.9996452808380127
1021,4.1000000000000005,-5.8999999999999995,9,Hero,0.795431289407942,0.9985755218399895
1022,4.1000000000000005,-5.8999999999999995,9,Hero,0.6254171563519372,0.9986466368039449
1023,4.2,-5.8,8,Hero,0.5299531445489265,0.9991810545325279
1024,4.6000000000000005,-5.3999999999999995,4,Hero,0.7744310759007931,0.9999791979789734
1025,3.4000000000000004,-6.6,16,Hero,0.6241937596350908,0.9292179419717286
1026,3.9000000000000004,-6.1,11,Hero,0.7692703929814425,0.9999608885158192
1027,3.5,-6.5,15,Hero,0.6679155568281809,0.9806756854057312
1028,4.4,-5.6,6,Hero,0.6455753420790037,0.9997437099615732
1029,3.7,-6.3,13,Hero,0.5983803088848407,0.9992330349408663
1030,3.9000000000000004,-6.1,11,Hero,0.7537103999744762,0.999926437031139
1031,3.8000000000000007,-6.199999999999999,12,Hero,0.5988309433062872,0.9998421569665273
1032,4.0,-6.0,10,Hero,0.6386805921792984,0.9994264245033264
1033,-5.5,4.5,5,Villain,0.9948723077774048,0.9998921155929565
1034,4.0,-6.0,10,Hero,0.7236560851335525,0.9997245788574218
1035,3.8000000000000007,-6.199999999999999,12,Hero,0.6393543494244417,0.9967502454916636
1036,4.1000000000000005,-5.8999999999999995,9,Hero,0.655967079102993,0.9998287161191305
1037,4.1000000000000005,-5.8999999999999995,9,Hero,0.8011141022046407,0.9998975462383695
1038,-5.1,4.9,1,Villain,0.7264381051063538,0.9252758026123047
1039,4.7,-5.3,3,Hero,0.8193654219309489,0.9998017152150472
1040,4.300000000000001,-5.699999999999999,7,Hero,0.5935264357498714,0.9993168371064323
1041,4.0,-6.0,10,Hero,0.6501802504062653,0.9988003075122833
1042,3.5,-6.5,15,Hero,0.6799921572208405,0.998531166712443
1043,4.9,-5.1,1,Hero,0.3536526560783386,0.9999992847442627
1044,4.0,-6.0,10,Hero,0.5538595507387072,0.9999136567115784
1045,4.1000000000000005,-5.8999999999999995,9,Hero,0.833494613567988,0.9999978409873115
1046,2.5999999999999996,-7.4,24,Hero,0.5841610810408989,0.9999073346455892
1047,4.0,-6.0,10,Hero,0.7223188583739102,0.9996277689933777
1048,4.300000000000001,-5.699999999999999,7,Hero,0.5820815903799874,0.9999475053378514
1049,4.4,-5.6,6,Hero,0.803125391403834,0.9999929666519165
1050,4.6000000000000005,-5.3999999999999995,4,Hero,0.6541373282670975,0.9999792277812958
1051,3.2,-6.8,18,Hero,0.6360496630271276,0.9998388124836816
1052,3.6000000000000005,-6.3999999999999995,14,Hero,0.5847152311887059,0.9890598484448024
1053,3.9000000000000004,-6.1,11,Hero,0.7078958776864138,0.9996802535924044
1054,3.5,-6.5,15,Hero,0.5649283786614736,0.9999863306681315
1055,4.1000000000000005,-5.8999999999999995,9,Hero,0.6979165573914846,0.9997757607036166
1056,4.1000000000000005,-5.8999999999999995,9,Hero,0.6343250241544511,0.9997612767749362
1057,4.6000000000000005,-5.3999999999999995,4,Hero,0.8417635560035706,0.999999076128006
1058,3.5,-6.5,15,Hero,0.7308593889077505,0.9980404575665792
1059,-6.1,3.9000000000000004,11,Villain,0.5626208809289065,0.9999893470243975
1060,4.300000000000001,-5.699999999999999,7,Hero,0.9819619655609131,0.9998660853930882
1061,-5.1,4.9,1,Villain,0.08358319848775864,0.9851915836334229
1062,4.2,-5.8,8,Hero,0.5909925531595945,0.9999042451381683
1063,4.800000000000001,-5.199999999999999,2,Hero,0.835162878036499,0.9999894499778748
1064,2.6999999999999997,-7.300000000000001,23,Hero,0.5164231478803508,0.9991699483083643
1065,4.4,-5.6,6,Hero,0.513897123436133,0.999998132387797
1066,-5.3,4.7,3,Villain,0.9964495499928793,0.999882698059082
1067,4.2,-5.8,8,Hero,0.5872382260859013,0.9999786615371704
1068,1.799999999999999,-8.200000000000001,32,Hero,0.5458473480539396,0.9999926052987576
1069,4.2,-5.8,8,Hero,0.7048181407153606,0.9999793767929077
1070,4.9,-5.1,1,Hero,0.960427463054657,0.999998927116394
1071,4.5,-5.5,5,Hero,0.7190059721469879,0.9999824047088623
1072,3.9000000000000004,-6.1,11,Hero,0.7823576791719957,0.9999612244692716
1073,1.4999999999999987,-8.500000000000002,35,Hero,0.5189394471900803,0.9999878781182425
1074,4.6000000000000005,-5.3999999999999995,4,Hero,0.9719793647527695,0.9999932944774628
1075,4.4,-5.6,6,Hero,0.933937152226766,0.9999473094940186
1076,3.4000000000000004,-6.6,16,Hero,0.597496303729713,0.9863634742796421
1077,4.300000000000001,-5.699999999999999,7,Hero,0.5766138860157558,0.9999869380678449
1078,3.7,-6.3,13,Hero,0.6760602503871689,0.9989255483333881
1079,-5.3,4.7,3,Villain,0.990366001923879,0.9987141688664755
1080,3.9000000000000004,-6.1,11,Hero,0.8444173024459318,0.9999368786811829
1081,4.4,-5.6,6,Hero,0.5579171379407247,0.9999842643737793
1082,3.8000000000000007,-6.199999999999999,12,Hero,0.7951381355524063,0.9995596806208292
1083,4.0,-6.0,10,Hero,0.6490134865045547,0.9998276829719543
1084,4.0,-6.0,10,Hero,0.8986421048641204,0.9999039351940155
1085,3.6000000000000005,-6.3999999999999995,14,Hero,0.632264677967344,0.9992263444832393
1086,3.9000000000000004,-6.1,11,Hero,0.84991393847899,0.9998260248791088
1087,2.9,-7.1,21,Hero,0.5345011254151663,0.9999678645815168
1088,4.1000000000000005,-5.8999999999999995,9,Hero,0.5185853358772066,0.9999958011839125
1089,3.0999999999999996,-6.9,19,Hero,0.5307044310397223,0.9999829718941137
1090,4.9,-5.1,1,Hero,0.9304527044296265,0.9999997615814209
1091,4.5,-5.5,5,Hero,0.6719880044460297,0.9999969005584717
1092,-5.5,4.5,5,Villain,0.9976271510124206,0.9999951601028443
1093,4.5,-5.5,5,Hero,0.6635592103004455,0.9999821662902832
1094,3.6000000000000005,-6.3999999999999995,14,Hero,0.6172217747994831,0.9987799482686179
1095,4.5,-5.5,5,Hero,0.6244504034519196,0.9999765634536744
1096,4.1000000000000005,-5.8999999999999995,9,Hero,0.696416351530287,0.999926937950982
1097,3.8000000000000007,-6.199999999999999,12,Hero,0.7269924208521843,0.9998689144849777
1098,3.9000000000000004,-6.1,11,Hero,0.8556421399116516,0.9999648549339988
1099,4.6000000000000005,-5.3999999999999995,4,Hero,0.9864837229251862,0.9999994933605194
1100,4.0,-6.0,10,Hero,0.8072996452450752,0.9995423436164856
1101,3.6000000000000005,-6.3999999999999995,14,Hero,0.5973046698740551,0.9907582444804055
1102,3.2,-6.8,18,Hero,0.6547858301136229,0.9996110498905182
1103,4.300000000000001,-5.699999999999999,7,Hero,0.7999235945088523,0.9999877044132778
1104,-5.1,4.9,1,Villain,0.9995834231376648,0.9998181462287903
1105,4.0,-6.0,10,Hero,0.6648106515407562,0.9999652743339539
1106,-5.5,4.5,5,Villain,0.9986474871635437,0.9999674797058106
1107,4.0,-6.0,10,Hero,0.820553258061409,0.999997329711914
1108,4.2,-5.8,8,Hero,0.7370549347251654,0.999988466501236
1109,-5.3,4.7,3,Villain,0.3019057710965474,0.9999832709630331
1110,4.0,-6.0,10,Hero,0.6509766757488251,0.9998456299304962
1111,3.3,-6.7,17,Hero,0.6185507721760694,0.9951894739094902
1112,4.0,-6.0,10,Hero,0.6382314771413803,0.9992583453655243
1113,4.1000000000000005,-5.8999999999999995,9,Hero,0.7105403012699552,0.9998117089271545
1114,4.0,-6.0,10,Hero,0.6802579075098037,0.9991648733615875
1115,4.2,-5.8,8,Hero,0.7052992265671492,0.9995969533920288
1116,3.4000000000000004,-6.6,16,Hero,0.6272354833781719,0.9791544191539288
1117,3.7,-6.3,13,Hero,0.6464124975296167,0.9973594958965595
1118,3.7,-6.3,13,Hero,0.5912832285349185,0.9999804680164044
1119,4.800000000000001,-5.199999999999999,2,Hero,0.9142662882804871,0.9999821782112122
1120,4.2,-5.8,8,Hero,0.89191784709692,0.9999897629022598
1121,3.4000000000000004,-6.6,16,Hero,0.5986244985833764,0.9947597980499268
1122,3.3,-6.7,17,Hero,0.7771361663061029,0.9999803515041575
1123,4.0,-6.0,10,Hero,0.7150437258183956,0.9991009294986725
1124,4.300000000000001,-5.699999999999999,7,Hero,0.8436176018357011,0.9999441078730992
1125,3.7,-6.3,13,Hero,0.6802456757197013,0.9967713035069979
1126,4.4,-5.6,6,Hero,0.8493508448203405,0.9999836087226868
1127,4.300000000000001,-5.699999999999999,7,Hero,0.6890387758612633,0.9999567440577916
1128,4.1000000000000005,-5.8999999999999995,9,Hero,0.617920082476404,0.9996329678429497
1129,4.1000000000000005,-5.8999999999999995,9,Hero,0.6463319874472089,0.9999428060319688
1130,4.300000000000001,-5.699999999999999,7,Hero,0.8319988463606153,0.9999855245862689
1131,4.4,-5.6,6,Hero,0.9900400837262472,0.9998667041460673
1132,4.0,-6.0,10,Hero,0.7023930549621582,0.9999194383621216
1133,1.899999999999999,-8.100000000000001,31,Hero,0.8282630593786316,0.999993912635311
1134,-5.199999999999999,4.800000000000001,2,Villain,0.9719328284263611,0.9998712539672852
1135,-5.5,4.5,5,Villain,0.991936457157135,0.9999998331069946
1136,3.7,-6.3,13,Hero,0.8598167380461326,0.9998034422214215
1137,3.2,-6.8,18,Hero,0.7237168666389253,0.999094138542811
1138,-5.6,4.4,6,Villain,0.9878693421681722,0.9999995628992716
1139,-4.999999999999998,-4.999999999999998,50,None,0.8709709122776985,0.9999815320968628
1140,-4.999999999999998,-4.999999999999998,50,None,0.8426793017238379,0.9999982023239136
1141,4.7,-5.3,3,Hero,0.9877758423487345,0.9999998013178507
1142,-4.999999999999998,-4.999999999999998,50,None,0.7494585678935982,0.9999947023391723
1143,3.5,-6.5,15,Hero,0.8264379213253658,0.9999892791112264
1144,3.4000000000000004,-6.6,16,Hero,0.696535786613822,0.9999613128602505
1145,4.5,-5.5,5,Hero,0.6131863638758659,0.9999852657318116
1146,3.0999999999999996,-6.9,19,Hero,0.6944434676123293,0.9998303055763245
1147,4.4,-5.6,6,Hero,0.5984324564536413,0.9999809265136719
1148,4.300000000000001,-5.699999999999999,7,Hero,0.5812569090298244,0.9999149441719055
1149,3.7,-6.3,13,Hero,0.740032448218419,0.921519361436367
1150,4.5,-5.5,5,Hero,0.6485945910215378,0.9999871015548706
1151,4.1000000000000005,-5.8999999999999995,9,Hero,0.9792400333616469,0.9998935461044312
1152,4.9,-5.1,1,Hero,0.9797462821006775,0.9999939203262329
1153,4.1000000000000005,-5.8999999999999995,9,Hero,0.6034473843044705,0.9998500413364835
1154,4.6000000000000005,-5.3999999999999995,4,Hero,0.7562033385038376,0.9999536573886871
1155,4.300000000000001,-5.699999999999999,7,Hero,0.8492680660315922,0.9996811832700457
1156,4.6000000000000005,-5.3999999999999995,4,Hero,0.7207034975290298,0.999898687005043
1157,-5.3,4.7,3,Villain,0.9997338056564331,0.9997342030207316
1158,3.6000000000000005,-6.3999999999999995,14,Hero,0.5524366955671992,0.9999946100371224
1159,3.7,-6.3,13,Hero,0.6936573902001748,0.9992954364189734
1160,4.0,-6.0,10,Hero,0.7735434949398041,0.9996333837509155
1161,3.9000000000000004,-6.1,11,Hero,0.6827696128325029,0.9999989162791859
1162,4.1000000000000005,-5.8999999999999995,9,Hero,0.953459898630778,0.9999206595950656
1163,3.5,-6.5,15,Hero,0.6599503581722578,0.9266564221897473
1164,4.5,-5.5,5,Hero,0.9573311686515809,0.9999998092651368
1165,4.300000000000001,-5.699999999999999,7,Hero,0.6126761095864433,0.9999702828271049
1166,3.4000000000000004,-6.6,16,Hero,0.6178405852988362,0.9999784752726555
1167,3.8000000000000007,-6.199999999999999,12,Hero,0.8042724505066872,0.9979691207408905
1168,4.9,-5.1,1,Hero,0.9266914129257202,0.9999754428863525
1169,3.8000000000000007,-6.199999999999999,12,Hero,0.6409092806279659,0.9985089947779974
1170,4.800000000000001,-5.199999999999999,2,Hero,0.5268833786249161,0.9999183416366577
1171,4.5,-5.5,5,Hero,0.7757828682661057,0.9999544858932495
1172,4.5,-5.5,5,Hero,0.9864255785942078,0.9999985933303833
1173,3.0999999999999996,-6.9,19,Hero,0.5864512700783578,0.9438205267253675
1174,3.6000000000000005,-6.3999999999999995,14,Hero,0.658695033618382,0.999802406345095
1175,4.1000000000000005,-5.8999999999999995,9,Hero,0.7209777798917558,0.9997645881440904
1176,4.0,-6.0,10,Hero,0.6641532838344574,0.99736368060112
1177,4.2,-5.8,8,Hero,0.7157728224992752,0.9999957382678986
1178,4.300000000000001,-5.699999999999999,7,Hero,0.8347681505339486,0.9998508010591779
1179,3.5,-6.5,15,Hero,0.6634920457998912,0.9764639178911845
1180,4.800000000000001,-5.199999999999999,2,Hero,0.9040598273277283,0.999976396560669
1181,4.5,-5.5,5,Hero,0.7136882901191711,0.9998798966407776
1182,2.9,-7.1,21,Hero,0.5669179182677042,0.9995304431234088
1183,4.6000000000000005,-5.3999999999999995,4,Hero,0.9829637557268143,0.9999946653842926
1184,3.0999999999999996,-6.9,19,Hero,0.5996073063855109,0.9999728642011944
1185,4.5,-5.5,5,Hero,0.927830719947815,0.9999080657958984
1186,4.4,-5.6,6,Hero,0.6539399127165476,0.999930739402771
1187,3.4000000000000004,-6.6,16,Hero,0.6373939737677574,0.9995357505977154
1188,3.6000000000000005,-6.3999999999999995,14,Hero,0.6776278295687267,0.9997174271515438
1189,3.7,-6.3,13,Hero,0.7374498351262166,0.9974830471552335
1190,4.5,-5.5,5,Hero,0.7440911889076233,0.9999297380447387
1191,4.300000000000001,-5.699999999999999,7,Hero,0.9930169667516436,0.9999973944255284
1192,3.7,-6.3,13,Hero,0.7593212288159591,0.999565051152156
1193,3.8000000000000007,-6.199999999999999,12,Hero,0.5994934613505999,0.9969654381275177
1194,3.8000000000000007,-6.199999999999999,12,Hero,0.7415282353758812,0.9999908705552419
1195,3.4000000000000004,-6.6,16,Hero,0.6372998971492052,0.9153762115165591
1196,3.0,-7.0,20,Hero,0.5956089161336422,0.9999337047338486
1197,3.7,-6.3,13,Hero,0.7553822306486276,0.9217566840995389
1198,4.5,-5.5,5,Hero,0.7806042909622193,0.9999593257904053
1199,3.6000000000000005,-6.3999999999999995,14,Hero,0.7000611871480942,0.9998077622481755
1200,3.0999999999999996,-6.9,19,Hero,0.6020749352480236,0.9997941600648981
1201,3.7,-6.3,13,Hero,0.7462275991073022,0.9993105989236098
1202,4.1000000000000005,-5.8999999999999995,9,Hero,0.6573472732885016,0.9996454119682312
1203,-5.3,4.7,3,Villain,0.44296033183733624,0.9999432563781738
1204,4.5,-5.5,5,Hero,0.9743425130844117,0.9999967575073242
1205,3.9000000000000004,-6.1,11,Hero,0.7782854762944308,0.999779300256209
1206,4.5,-5.5,5,Hero,0.6787222802639008,0.9998455047607422
1207,3.9000000000000004,-6.1,11,Hero,0.5983275473117828,0.997566510330547
1208,-5.1,4.9,1,Villain,0.9394500851631165,0.9999523162841797
1209,2.8,-7.2,22,Hero,0.5920968563719229,0.9994188655506481
1210,3.5,-6.5,15,Hero,0.5624455819527309,0.9935137112935384
1211,3.8000000000000007,-6.199999999999999,12,Hero,0.5810081623494625,0.9993103096882502
1212,3.9000000000000004,-6.1,11,Hero,0.6307525878602808,0.9971603751182556
1213,3.9000000000000004,-6.1,11,Hero,0.43505444851788605,0.9999497045170177
1214,4.2,-5.8,8,Hero,0.6652624532580376,0.9989582002162933
1215,3.9000000000000004,-6.1,11,Hero,0.6846194944598458,0.9946764978495511
1216,4.0,-6.0,10,Hero,0.6765918016433716,0.9932894825935363
1217,4.800000000000001,-5.199999999999999,2,Hero,0.863895058631897,0.9994297921657562
1218,4.4,-5.6,6,Hero,0.9310683906078339,0.9980989694595337
1219,3.6000000000000005,-6.3999999999999995,14,Hero,0.5785826737327235,0.9999329277447292
1220,4.1000000000000005,-5.8999999999999995,9,Hero,0.5784201390213437,0.9997773038016425
1221,4.1000000000000005,-5.8999999999999995,9,Hero,0.9744713438881768,0.99436440732744
1222,3.9000000000000004,-6.1,11,Hero,0.6189521415667101,0.9988555799831044
1223,3.6000000000000005,-6.3999999999999995,14,Hero,0.692636024606015,0.9977175423077175
1224,4.300000000000001,-5.699999999999999,7,Hero,0.712639719247818,0.9990851197923932
1225,4.1000000000000005,-5.8999999999999995,9,Hero,0.8348859051863352,0.9996508028772142
1226,3.0999999999999996,-6.9,19,Hero,0.6186963931510323,0.9989380961970279
1227,3.9000000000000004,-6.1,11,Hero,0.7557391849431124,0.9962279579856179
1228,3.7,-6.3,13,Hero,0.7104769543959544,0.9929786737148578
1229,4.1000000000000005,-5.8999999999999995,9,Hero,0.5764621976349089,0.9957627256711324
1230,4.6000000000000005,-5.3999999999999995,4,Hero,0.6205694898962975,0.9999870657920837
1231,3.7,-6.3,13,Hero,0.7414087653160095,0.9962596068015466
1232,4.5,-5.5,5,Hero,0.5597445428371429,0.9999819755554199
1233,3.4000000000000004,-6.6,16,Hero,0.662212798371911,0.9824001081287861
1234,3.9000000000000004,-6.1,11,Hero,0.6364283941008828,0.9935564994812012
1235,4.4,-5.6,6,Hero,0.7085657467444738,0.9994788666566213
1236,3.7,-6.3,13,Hero,0.6976082004033602,0.9896270128396841
1237,3.6000000000000005,-6.3999999999999995,14,Hero,0.6039063643131938,0.9738771021366119
1238,3.6000000000000005,-6.3999999999999995,14,Hero,0.6684266733271735,0.9989077576569149
1239,4.1000000000000005,-5.8999999999999995,9,Hero,0.8747773402267032,0.992724080880483
1240,3.8000000000000007,-6.199999999999999,12,Hero,0.6254630535840988,0.9382380892833074
1241,3.6000000000000005,-6.3999999999999995,14,Hero,0.6218135388834136,0.9991032225745065
1242,-5.6,4.4,6,Villain,0.4953562021255493,0.9999976952870687
1243,4.1000000000000005,-5.8999999999999995,9,Hero,0.6603605780336592,0.9998978773752848
1244,-5.1,4.9,1,Villain,0.41168922185897827,0.9998577833175659
1245,4.0,-6.0,10,Hero,0.5829534649848938,0.999676090478897
1246,3.9000000000000004,-6.1,11,Hero,0.6148588196797804,0.9998611807823181
1247,-5.6,4.4,6,Villain,0.999209076166153,0.9997346798578898
1248,-5.3,4.7,3,Villain,0.9737651745478312,0.998549203077952
1249,3.9000000000000004,-6.1,11,Hero,0.828983109105717,0.9999452287500555
1250,2.9,-7.1,21,Hero,0.7657099852249736,0.9999574139004662
1251,3.9000000000000004,-6.1,11,Hero,0.6716194694692438,0.9990283955227245
1252,4.2,-5.8,8,Hero,0.9399928152561188,0.9999958723783493
1253,2.8,-7.2,22,Hero,0.5704755521464077,0.9996587796644731
1254,3.8000000000000007,-6.199999999999999,12,Hero,0.782180647055308,0.9969641665617625
1255,4.1000000000000005,-5.8999999999999995,9,Hero,0.606824715104368,0.9990120728810629
1256,2.1999999999999993,-7.800000000000001,28,Hero,0.6627310707366892,0.9999521502426693
1257,3.5,-6.5,15,Hero,0.7710782448450725,0.9994752168655395
1258,3.0,-7.0,20,Hero,0.6173259116709232,0.9999625980854034
1259,4.300000000000001,-5.699999999999999,7,Hero,0.929459171635764,0.9989032745361328
1260,4.300000000000001,-5.699999999999999,7,Hero,0.8300135603972844,0.9984224694115775
1261,1.5999999999999988,-8.400000000000002,34,Hero,0.5370117606156889,0.9998316449277541
1262,3.6000000000000005,-6.3999999999999995,14,Hero,0.6695643258946282,0.9993693658283779
1263,3.9000000000000004,-6.1,11,Hero,0.6399789178235964,0.9993070363998413
1264,3.8000000000000007,-6.199999999999999,12,Hero,0.6417751088738441,0.9986571868260702
1265,3.3,-6.7,17,Hero,0.6039486493066173,0.9734368745018455
1266,4.2,-5.8,8,Hero,0.6505797877907753,0.9986382275819778
1267,4.300000000000001,-5.699999999999999,7,Hero,0.5962744014603751,0.9921381899288723
1268,4.0,-6.0,10,Hero,0.6515572722069919,0.9989594042301178
1269,4.0,-6.0,10,Hero,0.7670538753271103,0.998420923948288
1270,4.9,-5.1,1,Hero,0.9714328050613403,0.999997615814209
1271,3.6000000000000005,-6.3999999999999995,14,Hero,0.6997383135770049,0.9989851628031049
1272,3.0999999999999996,-6.9,19,Hero,0.5561623251751849,0.9999831350226152
1273,4.5,-5.5,5,Hero,0.9584273219108581,0.9998247504234314
1274,4.1000000000000005,-5.8999999999999995,9,Hero,0.8923104703426361,0.9998462796211243
1275,3.5,-6.5,15,Hero,0.6247912466526031,0.9935756683349609
1276,3.9000000000000004,-6.1,11,Hero,0.6152790866114877,0.9967728473923423
1277,4.5,-5.5,5,Hero,0.6270068466663361,0.9998306632041931
1278,2.8,-7.2,22,Hero,0.6491359133612026,0.9999074123122476
1279,3.4000000000000004,-6.6,16,Hero,0.7290236316621304,0.9956333748996258
1280,4.0,-6.0,10,Hero,0.7213679671287536,0.9981876850128174
1281,3.2,-6.8,18,Hero,0.6254162415862083,0.9779634045230018
1282,2.5999999999999996,-7.4,24,Hero,0.6702030201752981,0.9999679972728094
1283,3.2,-6.8,18,Hero,0.5736659583118227,0.9992989003658295
1284,3.5,-6.5,15,Hero,0.601683876166741,0.999432369073232
1285,3.7,-6.3,13,Hero,0.5596469388558314,0.9998389161550082
1286,3.2,-6.8,18,Hero,0.6119946580794122,0.9958579672707452
1287,3.8000000000000007,-6.199999999999999,12,Hero,0.6127674480279287,0.999321977297465
1288,2.8,-7.2,22,Hero,0.621586949987845,0.9476113674992864
1289,3.0999999999999996,-6.9,19,Hero,0.6198148633304396,0.993643792052018
1290,4.6000000000000005,-5.3999999999999995,4,Hero,0.9905659705400467,0.9981077313423157
1291,4.6000000000000005,-5.3999999999999995,4,Hero,0.7159105390310287,0.9993781596422195
1292,3.5,-6.5,15,Hero,0.677016657590866,0.9935476104418437
1293,4.1000000000000005,-5.8999999999999995,9,Hero,0.7685312951604525,0.9997889068391588
1294,3.9000000000000004,-6.1,11,Hero,0.6731811531565406,0.9966818148439581
1295,3.2,-6.8,18,Hero,0.642644476559427,0.999922537141376
1296,3.9000000000000004,-6.1,11,Hero,0.8265382864258506,0.999758547002619
1297,3.4000000000000004,-6.6,16,Hero,0.5896931645111181,0.9136628028936684
1298,3.9000000000000004,-6.1,11,Hero,0.6251719702373851,0.9989762522957542
1299,3.7,-6.3,13,Hero,0.6282229652771583,0.9979899250544034
1300,3.9000000000000004,-6.1,11,Hero,0.7172153104435314,0.9079713383689523
1301,1.5999999999999988,-8.400000000000002,34,Hero,0.6140520555131576,0.9999741245718563
1302,4.300000000000001,-5.699999999999999,7,Hero,0.6048337050846645,0.99992835521698
1303,4.4,-5.6,6,Hero,0.692033663392067,0.9998728036880493
1304,3.6000000000000005,-6.3999999999999995,14,Hero,0.6546486637422017,0.9974539918558938
1305,3.4000000000000004,-6.6,16,Hero,0.6089353440329432,0.9997923970222473
1306,3.4000000000000004,-6.6,16,Hero,0.6349528301507235,0.9998463615775108
1307,3.5,-6.5,15,Hero,0.6136913478374482,0.9986469507217407
1308,3.5,-6.5,15,Hero,0.6576655606428782,0.9999481439590454
1309,2.8,-7.2,22,Hero,0.5524334484203295,0.9995733011852611
1310,4.800000000000001,-5.199999999999999,2,Hero,0.9783252775669098,0.999332457780838
1311,3.6000000000000005,-6.3999999999999995,14,Hero,0.6255610180752618,0.9952034609658378
1312,3.8000000000000007,-6.199999999999999,12,Hero,0.7615436812241873,0.9981551468372345
1313,3.3,-6.7,17,Hero,0.617604747743291,0.999484633698183
1314,4.6000000000000005,-5.3999999999999995,4,Hero,0.6321966424584389,0.9998874515295029
1315,4.6000000000000005,-5.3999999999999995,4,Hero,0.7536693215370178,0.9997468888759613
1316,3.8000000000000007,-6.199999999999999,12,Hero,0.6284842578073343,0.9998642553885778
1317,4.6000000000000005,-5.3999999999999995,4,Hero,0.6221629306674004,0.9999192357063293
1318,3.6000000000000005,-6.3999999999999995,14,Hero,0.7408707761870963,0.9943436171327319
1319,4.300000000000001,-5.699999999999999,7,Hero,0.680240103176662,0.9999572208949498
1320,3.0999999999999996,-6.9,19,Hero,0.5725858227202767,0.978036714227576
1321,4.800000000000001,-5.199999999999999,2,Hero,0.8653374016284943,0.9999121427536011
1322,3.6000000000000005,-6.3999999999999995,14,Hero,0.6157358437776566,0.9885080925055912
1323,-5.6,4.4,6,Villain,0.996533085902532,0.9998941222826639
1324,3.2,-6.8,18,Hero,0.6128234614928564,0.9319934766325686
1325,3.9000000000000004,-6.1,11,Hero,0.7794991650364615,0.9954882805997675
1326,3.3,-6.7,17,Hero,0.6857627130606595,0.9994730178047629
1327,4.4,-5.6,6,Hero,0.6437261775135994,0.9997685054937998
1328,2.5999999999999996,-7.4,24,Hero,0.4629392422114809,0.9998122379183769
1329,3.0999999999999996,-6.9,19,Hero,0.7078238113930351,0.9984577141310039
1330,4.300000000000001,-5.699999999999999,7,Hero,0.8233668719019208,0.9997088994298663
1331,4.1000000000000005,-5.8999999999999995,9,Hero,0.6612748934162987,0.9999227523803711
1332,3.4000000000000004,-6.6,16,Hero,0.568246703594923,0.9976619891822338
1333,3.5,-6.5,15,Hero,0.5794974605242411,0.9821929375330607
1334,3.7,-6.3,13,Hero,0.627333634174787,0.9888078066018912
1335,4.5,-5.5,5,Hero,0.7827202424407005,0.9996918201446533
1336,4.0,-6.0,10,Hero,0.6454141765832901,0.9983607649803161
1337,4.2,-5.8,8,Hero,0.9405216351151466,0.9997972473502159
1338,4.7,-5.3,3,Hero,0.9127760926882426,0.9998296896616617
1339,3.0,-7.0,20,Hero,0.6883569747209549,0.999607503414154
1340,4.4,-5.6,6,Hero,0.6544648011525472,0.9999761978785197
1341,-5.5,4.5,5,Villain,0.9941784739494324,0.9997274994850158
1342,4.1000000000000005,-5.8999999999999995,9,Hero,0.7613901330365075,0.9998684393035041
1343,3.3,-6.7,17,Hero,0.6426433780614067,0.9243815795463675
1344,3.8000000000000007,-6.199999999999999,12,Hero,0.6121048629283905,0.9996461669603983
1345,3.0999999999999996,-6.9,19,Hero,0.553704592742418,0.9866994776223835
1346,4.7,-5.3,3,Hero,0.9822960495948792,0.999981681505839
1347,3.3,-6.7,17,Hero,0.5717814757543451,0.9994761803570915
1348,3.9000000000000004,-6.1,11,Hero,0.589756270701235,0.9045204236595468
1349,4.9,-5.1,1,Hero,0.8470569252967834,0.9999336004257202
1350,4.4,-5.6,6,Hero,0.7343926032384237,0.9997641245524088
1351,3.9000000000000004,-6.1,11,Hero,0.5679441121491519,0.9938059557567943
1352,4.6000000000000005,-5.3999999999999995,4,Hero,0.9253771156072617,0.9999687075614929
1353,4.300000000000001,-5.699999999999999,7,Hero,0.6382419211523873,0.9999247533934457
1354,3.8000000000000007,-6.199999999999999,12,Hero,0.6984717678278685,0.9995558013518652
1355,4.0,-6.0,10,Hero,0.9015924170613289,0.9995823204517365
1356,3.3,-6.7,17,Hero,0.5769714706522577,0.9999765718684477
1357,3.7,-6.3,13,Hero,0.7238154617639688,0.9220541145813723
1358,3.3,-6.7,17,Hero,0.6430925797013676,0.9993153179393095
1359,4.0,-6.0,10,Hero,0.5530895680189133,0.9995643198490143
1360,3.3,-6.7,17,Hero,0.7123007246238344,0.9997798449852887
1361,3.6000000000000005,-6.3999999999999995,14,Hero,0.7527272573539189,0.9943761612687793
1362,2.9,-7.1,21,Hero,0.5739481771542203,0.9998684639022464
1363,4.0,-6.0,10,Hero,0.6375603169202805,0.9999000549316406
1364,4.1000000000000005,-5.8999999999999995,9,Hero,0.49497301048702663,0.9999971257315742
1365,4.6000000000000005,-5.3999999999999995,4,Hero,0.8215887099504471,0.9999435544013977
1366,4.800000000000001,-5.199999999999999,2,Hero,0.4999983161687851,0.9999392032623291
1367,4.7,-5.3,3,Hero,0.4460778196031849,0.9999899466832479
1368,4.4,-5.6,6,Hero,0.5954159994920095,0.9997388323148092
1369,4.1000000000000005,-5.8999999999999995,9,Hero,0.5573784344726138,0.9999930196338229
1370,4.1000000000000005,-5.8999999999999995,9,Hero,0.6572026246123843,0.9999935494528877
1371,4.2,-5.8,8,Hero,0.826509028673172,0.9999336898326874
1372,4.6000000000000005,-5.3999999999999995,4,Hero,0.6526426821947098,0.9999313950538635
1373,4.6000000000000005,-5.3999999999999995,4,Hero,0.7629397511482239,0.9999961256980896
1374,3.6000000000000005,-6.3999999999999995,14,Hero,0.6984121416296277,0.9995878253664289
1375,2.6999999999999997,-7.300000000000001,23,Hero,0.5314723373107288,0.9999414397322614
1376,4.300000000000001,-5.699999999999999,7,Hero,0.790881838117327,0.9999960660934448
1377,3.8000000000000007,-6.199999999999999,12,Hero,0.6217138717571894,0.9990214208761851
1378,4.6000000000000005,-5.3999999999999995,4,Hero,0.6787036508321762,0.9999696612358093
1379,3.8000000000000007,-6.199999999999999,12,Hero,0.5874401951829592,0.9993862609068552
1380,4.300000000000001,-5.699999999999999,7,Hero,0.7683588692120144,0.9999958106449672
1381,4.0,-6.0,10,Hero,0.6054485678672791,0.9998604416847229
1382,-6.3,3.7,13,Villain,0.7225895071258912,0.9999234401262723
1383,4.2,-5.8,8,Hero,0.6930432328954339,0.9999934136867523
1384,4.1000000000000005,-5.8999999999999995,9,Hero,0.7555852731068929,0.9999927017423842
1385,4.1000000000000005,-5.8999999999999995,9,Hero,0.6820144553979238,0.9994631873236762
1386,3.4000000000000004,-6.6,16,Hero,0.6057181358337402,0.9907185882329941
1387,4.7,-5.3,3,Hero,0.6492956280708313,0.9999518791834513
1388,4.7,-5.3,3,Hero,0.9931819438934326,0.9999987284342448
1389,3.9000000000000004,-6.1,11,Hero,0.8482033447785811,0.9999709237705577
1390,3.0,-7.0,20,Hero,0.5763323862105608,0.99681576192379
1391,4.5,-5.5,5,Hero,0.8321612119674683,0.9999804496765137
1392,4.300000000000001,-5.699999999999999,7,Hero,0.9583452343940735,0.9997107642037528
1393,3.6000000000000005,-6.3999999999999995,14,Hero,0.5811204016208649,0.9999973433358329
1394,3.7,-6.3,13,Hero,0.8936715997182406,0.9999965521005484
1395,3.7,-6.3,13,Hero,0.7376309497138629,0.9960303856776311
1396,3.5,-6.5,15,Hero,0.6848030596971512,0.9878315567970276
1397,4.1000000000000005,-5.8999999999999995,9,Hero,0.8017797470092773,0.9995857874552408
1398,4.4,-5.6,6,Hero,0.8746724526087443,0.999946137269338
1399,2.9,-7.1,21,Hero,0.5664295466128915,0.9999306400616964
1400,3.9000000000000004,-6.1,11,Hero,0.7987666204571724,0.9991893714124506
1401,3.8000000000000007,-6.199999999999999,12,Hero,0.6213149428367615,0.9943758447964987
1402,4.0,-6.0,10,Hero,0.7253850668668747,0.9999815821647644
1403,4.4,-5.6,6,Hero,0.7957994341850281,0.9999897082646688
1404,3.5,-6.5,15,Hero,0.6275904660423597,0.9917696356773377
1405,3.3,-6.7,17,Hero,0.5675134461592225,0.9189223029157695
1406,4.300000000000001,-5.699999999999999,7,Hero,0.7965442069939205,0.9999212111745562
1407,4.1000000000000005,-5.8999999999999995,9,Hero,0.5971325834592184,0.9999888075722588
1408,4.1000000000000005,-5.8999999999999995,9,Hero,0.6775840504301919,0.9999508592817519
1409,3.0,-7.0,20,Hero,0.6555642761290074,0.9999923169612884
1410,4.800000000000001,-5.199999999999999,2,Hero,0.9648119509220123,0.9999958276748657
1411,3.8000000000000007,-6.199999999999999,12,Hero,0.746778273023665,0.9999559621016184
1412,3.7,-6.3,13,Hero,0.6177041163811317,0.9989245350544269
1413,4.2,-5.8,8,Hero,0.5981148649007082,0.9999991953372955
1414,3.2,-6.8,18,Hero,0.6016157981422212,0.9999653167194791
1415,3.8000000000000007,-6.199999999999999,12,Hero,0.7158559498687586,0.9991465409596761
1416,3.6000000000000005,-6.3999999999999995,14,Hero,0.6500687109572547,0.9913587995937893
1417,3.7,-6.3,13,Hero,0.6163878830579611,0.9994129309287438
1418,4.300000000000001,-5.699999999999999,7,Hero,0.6037103544388499,0.9999991655349731
1419,4.5,-5.5,5,Hero,0.9916478991508484,0.9999361753463745
1420,4.0,-6.0,10,Hero,0.7576118305325508,0.9998731195926667
1421,4.0,-6.0,10,Hero,0.8987608969211578,0.9999900937080384
1422,-6.199999999999999,3.8000000000000007,12,Villain,0.6025222068031629,0.999986489613851
1423,4.300000000000001,-5.699999999999999,7,Hero,0.9948424100875854,0.9999995912824359
1424,3.5,-6.5,15,Hero,0.598214203119278,0.9991074800491333
1425,4.9,-5.1,1,Hero,0.12350957095623016,0.9999995231628418
1426,4.800000000000001,-5.199999999999999,2,Hero,0.8799131810665131,0.9999884366989136
1427,3.8000000000000007,-6.199999999999999,12,Hero,0.8118550578753153,0.9999824464321136
1428,4.300000000000001,-5.699999999999999,7,Hero,0.6215409742934364,0.999792184148516
1429,4.4,-5.6,6,Hero,0.7501821666955948,0.9999084770679474
1430,3.5,-6.5,15,Hero,0.655978532632192,0.9999651590983073
1431,4.6000000000000005,-5.3999999999999995,4,Hero,0.6851472854614258,0.9999578893184662
1432,4.300000000000001,-5.699999999999999,7,Hero,0.8048681829656873,0.9998877474239894
1433,4.0,-6.0,10,Hero,0.4652935449033976,0.9999987721443176
1434,3.4000000000000004,-6.6,16,Hero,0.6112145287916064,0.9980225041508675
1435,3.2,-6.8,18,Hero,0.6125818780726857,0.9795566830370162
1436,-5.6,4.4,6,Villain,0.998969147602717,0.999994178613027
1437,4.5,-5.5,5,Hero,0.7583127856254578,0.9999974727630615
1438,4.4,-5.6,6,Hero,0.6206137612462044,0.9999571839968363
1439,4.4,-5.6,6,Hero,0.9459054470062256,0.9999718268712362
1440,3.8000000000000007,-6.199999999999999,12,Hero,0.7060359617074331,0.9994046092033386
1441,3.6000000000000005,-6.3999999999999995,14,Hero,0.668083421353783,0.9999978116580418
1442,4.1000000000000005,-5.8999999999999995,9,Hero,0.6995553175608317,0.9996980958514743
1443,3.7,-6.3,13,Hero,0.8753765546358548,0.9999969739180344
1444,4.2,-5.8,8,Hero,0.8294379450380802,0.9999685734510422
1445,4.1000000000000005,-5.8999999999999995,9,Hero,0.8384745319684347,0.9998145169681973
1446,4.2,-5.8,8,Hero,0.64133445546031,0.9999125152826309
1447,3.0999999999999996,-6.9,19,Hero,0.5518367075802464,0.9999864289635106
1448,3.8000000000000007,-6.199999999999999,12,Hero,0.7592792933185896,0.9979670544465383
1449,4.7,-5.3,3,Hero,0.637863372762998,0.9999953905741373
1450,4.2,-5.8,8,Hero,0.788721926510334,0.9998602047562599
1451,4.4,-5.6,6,Hero,0.8281661874304215,0.9999995032946268
1452,3.8000000000000007,-6.199999999999999,12,Hero,0.697992737715443,0.9995352824529012
1453,3.8000000000000007,-6.199999999999999,12,Hero,0.7986225957671801,0.9996997515360514
1454,3.8000000000000007,-6.199999999999999,12,Hero,0.6670502436657747,0.999995231628418
1455,4.300000000000001,-5.699999999999999,7,Hero,0.5307876159037862,0.9999735355377197
1456,3.6000000000000005,-6.3999999999999995,14,Hero,0.6918057990925652,0.9999709214482989
1457,4.300000000000001,-5.699999999999999,7,Hero,0.7032867542334965,0.9999909741537911
1458,4.0,-6.0,10,Hero,0.6574248939752578,0.9996617317199707
1459,3.7,-6.3,13,Hero,0.6211526279266064,0.9965066863940313
1460,4.2,-5.8,8,Hero,0.8899332955479622,0.9998615309596062
1461,4.2,-5.8,8,Hero,0.695739571005106,0.9998196363449097
1462,4.0,-6.0,10,Hero,0.7121164236217737,0.9994812786579133
1463,3.8000000000000007,-6.199999999999999,12,Hero,0.7852361251910528,0.9999886949857076
1464,4.0,-6.0,10,Hero,0.6296304821968078,0.9993874132633209
1465,3.4000000000000004,-6.6,16,Hero,0.5865710128564388,0.9976166449487209
1466,3.4000000000000004,-6.6,16,Hero,0.6070468742400408,0.9920700490474701
1467,4.2,-5.8,8,Hero,0.7755903387442231,0.9997835233807564
1468,4.7,-5.3,3,Hero,0.7654527624448141,0.9999902248382568
1469,4.5,-5.5,5,Hero,0.8111712336540222,0.9999892234802246
1470,4.300000000000001,-5.699999999999999,7,Hero,0.7747110511575427,0.9999574593135289
1471,3.6000000000000005,-6.3999999999999995,14,Hero,0.5084212622438956,0.9999984928539821
1472,3.8000000000000007,-6.199999999999999,12,Hero,0.7292289420341452,0.9999231149752935
1473,4.6000000000000005,-5.3999999999999995,4,Hero,0.9254906624555588,0.9999828934669495
1474,3.3,-6.7,17,Hero,0.6548719923285877,0.9999001762446236
1475,3.2,-6.8,18,Hero,0.6169165240393745,0.9994435442818536
1476,4.4,-5.6,6,Hero,0.7246322780847549,0.9999982913335165
1477,3.3,-6.7,17,Hero,0.6780707976397347,0.999748896150028
1478,4.300000000000001,-5.699999999999999,7,Hero,0.6661446009363446,0.9999256559780666
1479,3.0999999999999996,-6.9,19,Hero,0.6064291035658435,0.9999992220025313
1480,3.7,-6.3,13,Hero,0.71093872991892,0.9996710327955393
1481,3.8000000000000007,-6.199999999999999,12,Hero,0.6155594090620676,0.9998343388239542
1482,3.8000000000000007,-6.199999999999999,12,Hero,0.65532086789608,0.9964231997728348
1483,3.0999999999999996,-6.9,19,Hero,0.6136536606048283,0.9963021466606542
1484,4.2,-5.8,8,Hero,0.7986166253685951,0.9997867196798325
1485,3.7,-6.3,13,Hero,0.8088463212435062,0.999989913060115
1486,3.5,-6.5,15,Hero,0.5844649304946263,0.9999887148539225
1487,3.9000000000000004,-6.1,11,Hero,0.7569457563486967,0.9998993331735785
1488,4.1000000000000005,-5.8999999999999995,9,Hero,0.7012962665822771,0.9999976820415921
1489,-5.1,4.9,1,Villain,0.9967414736747742,0.9999850988388062
1490,3.0,-7.0,20,Hero,0.5845458664000034,0.9999623000621796
1491,4.300000000000001,-5.699999999999999,7,Hero,0.6145288135324206,0.9999518735068185
1492,3.4000000000000004,-6.6,16,Hero,0.6365370098501444,0.9938984662294388
1493,3.7,-6.3,13,Hero,0.7114841983868525,0.9999979551021869
1494,4.800000000000001,-5.199999999999999,2,Hero,0.9648290872573853,0.9999913573265076
1495,4.0,-6.0,10,Hero,0.6404906570911407,0.9998692870140076
1496,4.2,-5.8,8,Hero,0.6454528532922268,0.999968484044075
1497,4.4,-5.6,6,Hero,0.9489817023277283,0.9999010463555654
1498,3.6000000000000005,-6.3999999999999995,14,Hero,0.5672778433987072,0.9999983310699463
1499,-5.3999999999999995,4.6000000000000005,4,Villain,0.9791664928197861,0.9999926090240479
1500,3.6000000000000005,-6.3999999999999995,14,Hero,0.5985344627073833,0.9999762858663287
1501,3.9000000000000004,-6.1,11,Hero,0.8735043027184226,0.9999922405589711
1502,3.6000000000000005,-6.3999999999999995,14,Hero,0.7070463842579296,0.9999879598617554
1503,3.3,-6.7,17,Hero,0.597881662494996,0.9994889077018289
1504,3.7,-6.3,13,Hero,0.7517969585382022,0.9996868784611042
1505,3.9000000000000004,-6.1,11,Hero,0.7163863398812034,0.999558459628712
1506,3.8000000000000007,-6.199999999999999,12,Hero,0.8217874467372894,0.9997746298710505
1507,3.2,-6.8,18,Hero,0.5652932450175285,0.9999907149208916
1508,4.4,-5.6,6,Hero,0.9985974828402201,0.9999993840853373
1509,-5.1,4.9,1,Villain,0.36499595642089844,0.9994558691978455
1510,3.9000000000000004,-6.1,11,Hero,0.8061872991648588,0.9996993541717529
1511,3.4000000000000004,-6.6,16,Hero,0.6417512837797403,0.9294332955032587
1512,0.7999999999999989,-9.200000000000001,42,Hero,0.7861248014433797,0.999998098328
1513,0.8999999999999986,-9.100000000000001,41,Hero,0.8461103203093133,0.9999810806134852
1514,2.5999999999999996,-7.4,24,Hero,0.6436071443992356,0.9996782913804054
1515,-5.1,4.9,1,Villain,0.9865710139274597,0.9999972581863403
1516,-4.999999999999998,-4.999999999999998,50,None,0.7516370328888297,0.9999992394447327
1517,-5.1,4.9,1,Villain,0.39781394600868225,0.01954798214137554
1518,4.1000000000000005,-5.8999999999999995,9,Hero,0.7779802597231336,0.9993872576289706
1519,4.300000000000001,-5.699999999999999,7,Hero,0.7435127454144614,0.9978481956890651
1520,-4.999999999999998,-4.999999999999998,50,None,0.460282733887434,0.9785598032828421
1521,1.3999999999999986,-8.600000000000001,36,Hero,0.49952921085059643,0.9890244570043352
1522,1.9999999999999991,-8.0,30,Hero,0.4452897943556309,0.9868718167146047
1523,3.3,-6.7,17,Hero,0.6212902498595855,0.8860858078388607
1524,4.300000000000001,-5.699999999999999,7,Hero,0.7699100417750222,0.9758234620094299
1525,3.8000000000000007,-6.199999999999999,12,Hero,0.6220350116491318,0.8252521604299545
1526,4.0,-6.0,10,Hero,0.7935902655124665,0.8125866293907166
1527,2.3999999999999995,-7.6000000000000005,26,Hero,0.5092787742614746,0.6680979402019427
1528,-5.1,4.9,1,Villain,0.27829426527023315,0.5299986600875854
1529,4.300000000000001,-5.699999999999999,7,Hero,0.9975079894065857,0.5283464044332504
1530,-9.200000000000001,0.7999999999999989,42,Villain,0.8488515422269258,0.895841618112865
1531,-4.999999999999998,-4.999999999999998,50,None,0.5518957331776619,0.8652966907247901
1532,-4.999999999999998,-4.999999999999998,50,None,0.7900005234777927,0.9994835078716278
1533,-4.999999999999998,-4.999999999999998,50,None,0.9837157881259918,0.9992738139629364
1534,-4.999999999999998,-4.999999999999998,50,None,0.7189780952036381,0.9498747394606472
1535,4.9,-5.1,1,Hero,0.9959055185317993,0.9512178897857666
1536,4.800000000000001,-5.199999999999999,2,Hero,0.9973986148834229,0.9942040741443634
1537,-4.999999999999998,-4.999999999999998,50,None,0.9768151271343232,0.981962407529354
1538,-4.999999999999998,-4.999999999999998,50,None,0.9893387091159821,0.9991526997089386
1539,-4.999999999999998,-4.999999999999998,50,None,0.6269191886484623,0.9967983615398407
1540,-4.999999999999998,-4.999999999999998,50,None,0.964808010943234,0.9996573960781098
1541,4.800000000000001,-5.199999999999999,2,Hero,0.9999701380729675,0.9999866485595703
1542,4.300000000000001,-5.699999999999999,7,Hero,0.999822097165244,0.6900461880224091
1543,4.1000000000000005,-5.8999999999999995,9,Hero,0.9999370243814256,0.9946937561035156
1544,4.2,-5.8,8,Hero,0.9998860135674477,0.7003425075672567
1545,-4.999999999999998,-4.999999999999998,50,None,0.9446120292507112,0.9999738836288452
1546,-4.999999999999998,-4.999999999999998,50,None,0.8660101868212223,0.8865394601225853
1547,-4.999999999999998,-4.999999999999998,50,None,0.5659872330725193,0.9947335684299469
1548,-5.5,4.5,5,Villain,0.9971186637878418,0.9999797582626343
1549,4.1000000000000005,-5.8999999999999995,9,Hero,0.9998686247401767,0.693314574037989
1550,-5.6,4.4,6,Villain,0.999445895353953,0.9997561673323313
1551,-5.8999999999999995,4.1000000000000005,9,Villain,0.7542554106977251,0.9294771220948961
1552,-6.9,3.0999999999999996,19,Villain,0.7765700119106393,0.8736675084617577
1553,-4.999999999999998,-4.999999999999998,50,None,0.9723045599460601,0.9691932997107506
1554,4.1000000000000005,-5.8999999999999995,9,Hero,0.9998692075411478,0.9961099492179023
1555,-4.999999999999998,-4.999999999999998,50,None,0.8712727773934603,0.9798276793584227
1556,-4.999999999999998,-4.999999999999998,50,None,0.7295947532355785,0.9988166201114654
1557,-4.999999999999998,-4.999999999999998,50,None,0.9508896410465241,0.9558182696253061
1558,-4.999999999999998,-4.999999999999998,50,None,0.8522657147236168,0.9768859803676605
1559,-6.7,3.3,17,Villain,0.795049719950732,0.971143084413865
1560,-4.999999999999998,-4.999999999999998,50,None,0.9585691887140274,0.9647501067817211
1561,-4.999999999999998,-4.999999999999998,50,None,0.9586842581629753,0.9042591036856175
1562,-6.3,3.7,13,Villain,0.9176844083345853,0.8760894030834047
1563,-4.999999999999998,-4.999999999999998,50,None,0.9964124190807343,0.9999492764472961
1564,-4.999999999999998,-4.999999999999998,50,None,0.968795850276947,0.90346688747406
1565,-4.999999999999998,-4.999999999999998,50,None,0.8299060125648975,0.9999761748313903
1566,-5.699999999999999,4.300000000000001,7,Villain,0.6106198022940329,0.9840899450438363
1567,-6.3,3.7,13,Villain,0.8246918022632599,0.9965923290986282
1568,4.1000000000000005,-5.8999999999999995,9,Hero,0.9732128712866042,0.7806075082884895
1569,-4.999999999999998,-4.999999999999998,50,None,0.879643360376358,0.8597329378128051
1570,-4.999999999999998,-4.999999999999998,50,None,0.6939868552982807,0.9976230430603027
1571,-4.999999999999998,-4.999999999999998,50,None,0.9047936171293258,0.969625036418438
1572,-4.999999999999998,-4.999999999999998,50,None,0.9885745906829834,0.9180664898455143
1573,-4.999999999999998,-4.999999999999998,50,None,0.9461605701223016,0.9991538751125336
1574,-6.3999999999999995,3.6000000000000005,14,Villain,0.8110306901591164,0.865668901641454
1575,-8.600000000000001,1.3999999999999986,36,Villain,0.882330052761568,0.904216049446
1576,-4.999999999999998,-4.999999999999998,50,None,0.9950913619995118,0.9999540185928345
1577,-6.0,4.0,10,Villain,0.8787250280380249,0.9253987610340119
1578,-4.999999999999998,-4.999999999999998,50,None,0.92438741479069,0.9540324622951448
1579,-6.5,3.5,15,Villain,0.7693136662244797,0.9972005287806193
1580,-4.999999999999998,-4.999999999999998,50,None,0.886650754623115,0.9999346196651459
1581,4.4,-5.6,6,Hero,0.9997433026631674,0.9971798956394196
1582,-6.3,3.7,13,Villain,0.7758726718334051,0.9960596332183251
1583,-5.1,4.9,1,Villain,0.999309778213501,0.9966676831245422
1584,-4.999999999999998,-4.999999999999998,50,None,0.9491938760876656,0.9762752795219422
1585,-4.999999999999998,-4.999999999999998,50,None,0.8463521711528301,0.9999872899055481
1586,-4.999999999999998,-4.999999999999998,50,None,0.8492020673770457,0.9999944639205932
1587,-4.999999999999998,-4.999999999999998,50,None,0.8967509351111949,0.9999959540367126
1588,-4.999999999999998,-4.999999999999998,50,None,0.8008467762917281,0.9996205711364746
1589,-4.999999999999998,-4.999999999999998,50,None,0.9691260766983032,0.8921801663935185
1590,-4.999999999999998,-4.999999999999998,50,None,0.963190004825592,0.9922046566009521
1591,-4.999999999999998,-4.999999999999998,50,None,0.9107713202666491,0.9999858617782593
1592,-4.999999999999998,-4.999999999999998,50,None,0.9855489349365234,0.9999969291687012
1593,-4.999999999999998,-4.999999999999998,50,None,0.9918853342533112,0.9991177546977997
1594,-4.999999999999998,-4.999999999999998,50,None,0.6867137430608272,0.9999881911277771
1595,-4.999999999999998,-4.999999999999998,50,None,0.5956573455780745,0.9999331152439117
1596,-4.999999999999998,-4.999999999999998,50,None,0.9779787993431092,0.9997565352916717
1597,-4.999999999999998,-4.999999999999998,50,None,0.680205506682396,0.9999780130386352
1598,-5.8,4.2,8,Villain,0.939005471765995,0.9999876320362091
1599,-6.199999999999999,3.8000000000000007,12,Villain,0.907540944715341,0.9995474517345428
1600,-5.1,4.9,1,Villain,0.02412966452538967,0.9999309778213501
1601,-4.999999999999998,-4.999999999999998,50,None,0.985660833120346,0.998490252494812
1602,-4.999999999999998,-4.999999999999998,50,None,0.9563278305530548,0.9995951104164124
1603,4.9,-5.1,1,Hero,0.995824933052063,0.9967144727706909
1604,4.7,-5.3,3,Hero,0.9978944261868795,0.9999757607777914
1605,-4.999999999999998,-4.999999999999998,50,None,0.8708281716704369,0.9997719216346741
1606,-4.999999999999998,-4.999999999999998,50,None,0.9856359481811523,0.9770806953683495
1607,-4.999999999999998,-4.999999999999998,50,None,0.6048192079365253,0.9999845325946808
1608,4.5,-5.5,5,Hero,0.929896068572998,0.9978848934173584
1609,4.9,-5.1,1,Hero,0.9784800410270691,0.9999942779541016
1610,-5.699999999999999,4.300000000000001,7,Villain,0.8538487894194466,0.9993306568690709
1611,4.4,-5.6,6,Hero,0.9865393737951914,0.9557860294977824
1612,-6.199999999999999,3.8000000000000007,12,Villain,0.8818308586875597,0.9961667706569036
1613,-4.999999999999998,-4.999999999999998,50,None,0.9046635210141539,0.9928564000129699
1614,-6.0,4.0,10,Villain,0.77256363555789,0.9998831212520599
1615,-6.3,3.7,13,Villain,0.8916324881406931,0.9390908525540278
1616,-5.699999999999999,4.300000000000001,7,Villain,0.8612918640886035,0.9999886410576957
1617,-5.699999999999999,4.300000000000001,7,Villain,0.6305055043527058,0.9990748763084412
1618,-4.999999999999998,-4.999999999999998,50,None,0.9755266511440277,0.9949738717079163
1619,-5.699999999999999,4.300000000000001,7,Villain,0.8573012344006982,0.9998400637081691
1620,-5.199999999999999,4.800000000000001,2,Villain,0.8470450341701508,0.9999713897705078
1621,4.9,-5.1,1,Hero,0.9994438290596008,0.9963605999946594
1622,-4.999999999999998,-4.999999999999998,50,None,0.9103668869286775,0.9987422382831573
1623,-4.999999999999998,-4.999999999999998,50,None,0.795365636497736,0.999964314699173
1624,-4.999999999999998,-4.999999999999998,50,None,0.997101663351059,0.9999991083145141
1625,-4.999999999999998,-4.999999999999998,50,None,0.8929578148387373,0.9999679899215699
1626,-4.999999999999998,-4.999999999999998,50,None,0.9841500687599182,0.9973113036155701
1627,-4.999999999999998,-4.999999999999998,50,None,0.9480902549624443,0.9999259626865387
1628,-4.999999999999998,-4.999999999999998,50,None,0.9671400141716003,0.9994490802288055
1629,-4.999999999999998,-4.999999999999998,50,None,0.9821727383136749,0.9999101889133454
1630,-6.0,4.0,10,Villain,0.8272433578968048,0.9993698239326477
1631,-6.3,3.7,13,Villain,0.8535442558618692,0.999892940888038
1632,-4.999999999999998,-4.999999999999998,50,None,0.9892147314548493,0.971864137519151
1633,-5.8,4.2,8,Villain,0.9304272383451462,0.9999132826924324
1634,-4.999999999999998,-4.999999999999998,50,None,0.9835449576377868,0.9953253471851349
1635,-5.1,4.9,1,Villain,0.9366287589073181,0.9980623126029968
1636,-4.999999999999998,-4.999999999999998,50,None,0.9331095853168517,0.9999685668945313
1637,-6.199999999999999,3.8000000000000007,12,Villain,0.7689754630749425,0.9994216859340668
1638,-6.3999999999999995,3.6000000000000005,14,Villain,0.863484333136252,0.9999926090240479
1639,-4.999999999999998,-4.999999999999998,50,None,0.7914955755323172,0.999993872642517
1640,4.4,-5.6,6,Hero,0.9812970658143362,0.9874984423319498
1641,4.800000000000001,-5.199999999999999,2,Hero,0.9998584091663361,0.9998497068881989
1642,-4.999999999999998,-4.999999999999998,50,None,0.817368740066886,0.9999582183361053
1643,-4.999999999999998,-4.999999999999998,50,None,0.6343976776301861,0.9999946117401123
1644,-4.999999999999998,-4.999999999999998,50,None,0.5804664358496666,0.9999874269962311
1645,-4.999999999999998,-4.999999999999998,50,None,0.9626808040309698,0.9999984431266785
1646,-4.999999999999998,-4.999999999999998,50,None,0.8360443971492351,0.9998656904697418
1647,-5.3,4.7,3,Villain,0.9673672119776408,0.9997958342234293
1648,-5.699999999999999,4.300000000000001,7,Villain,0.5213491554771151,0.9998961687088013
1649,-4.999999999999998,-4.999999999999998,50,None,0.6650761541724205,0.999991602897644
1650,-4.999999999999998,-4.999999999999998,50,None,0.8606699486076832,0.9997390472888946
1651,-4.999999999999998,-4.999999999999998,50,None,0.5472535681724549,0.9999843120574952
1652,-5.1,4.9,1,Villain,0.9999290704727173,0.9991934895515442
1653,-4.999999999999998,-4.999999999999998,50,None,0.9985147774219513,0.9574382336251438
1654,-4.999999999999998,-4.999999999999998,50,None,0.9928160429000854,0.9996537256240845
1655,-6.3999999999999995,3.6000000000000005,14,Villain,0.8100041896104813,0.9988591628415244
1656,-4.999999999999998,-4.999999999999998,50,None,0.9764136689901352,0.975636880993843
1657,-4.999999999999998,-4.999999999999998,50,None,0.9985838067531586,0.9773157059587538
1658,-4.999999999999998,-4.999999999999998,50,None,0.8620825077593327,0.9999990677833557
1659,-4.999999999999998,-4.999999999999998,50,None,0.8134944978635759,0.9999497663974762
1660,4.1000000000000005,-5.8999999999999995,9,Hero,0.9995011687278748,0.996301511923472
1661,-4.999999999999998,-4.999999999999998,50,None,0.6529790268838406,0.9999961185455323
1662,-4.999999999999998,-4.999999999999998,50,None,0.9803141951560974,0.9996430909633637
1663,4.2,-5.8,8,Hero,0.9999511912465096,0.9999746531248093
1664,-5.1,4.9,1,Villain,0.9962300658226013,0.9999880790710449
1665,-4.999999999999998,-4.999999999999998,50,None,0.9982775175571441,0.9998222756385803
1666,-4.999999999999998,-4.999999999999998,50,None,0.9783775579929351,0.9748968648910522
1667,-4.999999999999998,-4.999999999999998,50,None,0.9634514039009809,0.999980411529541
1668,-4.999999999999998,-4.999999999999998,50,None,0.9545364435017109,0.9999358117580414
1669,-4.999999999999998,-4.999999999999998,50,None,0.9030332436226308,0.9999796664714813
1670,-4.999999999999998,-4.999999999999998,50,None,0.8445317734964192,0.9999060714244843
1671,-4.999999999999998,-4.999999999999998,50,None,0.9566221130080521,0.9999385166168213
1672,4.1000000000000005,-5.8999999999999995,9,Hero,0.999562488661872,0.9979426132308112
1673,4.5,-5.5,5,Hero,0.9999550819396973,0.9999886989593506
1674,-4.999999999999998,-4.999999999999998,50,None,0.9882084619998932,0.9999872732162476
1675,-4.999999999999998,-4.999999999999998,50,None,0.8792873980849981,0.9999758970737457
1676,-5.3,4.7,3,Villain,0.7924320896466573,0.9999520778656006
1677,-4.999999999999998,-4.999999999999998,50,None,0.9586985155194998,0.9998391830921173
1678,-7.0,3.0,20,Villain,0.8491776324808598,0.9987525224685669
1679,-5.699999999999999,4.300000000000001,7,Villain,0.9927943008286613,0.9998606102807182
1680,-4.999999999999998,-4.999999999999998,50,None,0.9783435785770416,0.9999067616462708
1681,-4.999999999999998,-4.999999999999998,50,None,0.9644012349843979,0.979467311501503
1682,-7.1,2.9,21,Villain,0.8501907544476646,0.9971145476613726
1683,-4.999999999999998,-4.999999999999998,50,None,0.7882067566365003,0.999975825548172
1684,-4.999999999999998,-4.999999999999998,50,None,0.9926604843139648,0.9793679046188482
1685,-4.999999999999998,-4.999999999999998,50,None,0.554301233291626,0.9999952697753907
1686,4.5,-5.5,5,Hero,0.999900507926941,0.9978095173835755
1687,-4.999999999999998,-4.999999999999998,50,None,0.9067321095056832,0.9999800026416779
1688,-4.999999999999998,-4.999999999999998,50,None,0.9610796192660928,0.9715827918052673
1689,-6.7,3.3,17,Villain,0.8536154717645225,0.9999061577460345
1690,-4.999999999999998,-4.999999999999998,50,None,0.9916032814979553,0.9995290553569793
1691,-4.999999999999998,-4.999999999999998,50,None,0.9358266304153949,0.9999883437156677
1692,-4.999999999999998,-4.999999999999998,50,None,0.7706618647277356,0.9999959278106689
1693,-4.999999999999998,-4.999999999999998,50,None,0.9265167109295726,0.9999881231784821
1694,-5.8,4.2,8,Villain,0.8673070520162582,0.9995613023638725
1695,-4.999999999999998,-4.999999999999998,50,None,0.9647555392980576,0.9991221511363984
1696,-4.999999999999998,-4.999999999999998,50,None,0.8688726408779621,0.9999700677394867
1697,-5.8,4.2,8,Villain,0.8397759385406971,0.9999254494905472
1698,-4.999999999999998,-4.999999999999998,50,None,0.6767782343924046,0.9999918818473816
1699,-6.3999999999999995,3.6000000000000005,14,Villain,0.9556138472897666,0.8729303069412708
1700,-5.3999999999999995,4.6000000000000005,4,Villain,0.9914167374372482,0.9916599541902542
1701,-5.6,4.4,6,Villain,0.5571015849709511,0.6635723225772381
1702,-4.999999999999998,-4.999999999999998,50,None,0.9308306115865708,0.9999757921695709
1703,-4.999999999999998,-4.999999999999998,50,None,0.973993472456932,0.9997775828838349
1704,-4.999999999999998,-4.999999999999998,50,None,0.9119696068763733,0.9999839520454407
1705,-4.999999999999998,-4.999999999999998,50,None,0.97806686937809,0.9736155943316408
1706,4.6000000000000005,-5.3999999999999995,4,Hero,0.9967281222343445,0.9999942481517792
1707,-4.999999999999998,-4.999999999999998,50,None,0.9811589515209198,0.9999378669261932
1708,-4.999999999999998,-4.999999999999998,50,None,0.9810369086265563,0.977036243788898
1709,-4.999999999999998,-4.999999999999998,50,None,0.997079576253891,0.9999852108955384
1710,-4.999999999999998,-4.999999999999998,50,None,0.9999379122257233,0.9999597978591919
1711,-4.999999999999998,-4.999999999999998,50,None,0.9525829201936722,0.9999993228912354
1712,-4.999999999999998,-4.999999999999998,50,None,0.8809850961714983,0.9999975204467774
1713,-4.999999999999998,-4.999999999999998,50,None,0.9274943053722382,0.9999815607070923
1714,-5.8,4.2,8,Villain,0.923148900270462,0.9999334812164307
1715,-4.999999999999998,-4.999999999999998,50,None,0.9649389904737472,0.9998250019550323
1716,-4.999999999999998,-4.999999999999998,50,None,0.9550935249429858,0.9999915218353271
1717,4.7,-5.3,3,Hero,0.9945016702016195,0.999998410542806
1718,-4.999999999999998,-4.999999999999998,50,None,0.9872224581241608,0.9986602342128754
1719,-4.999999999999998,-4.999999999999998,50,None,0.9719940583687275,0.9998054146766663
1720,4.2,-5.8,8,Hero,0.995356373488903,0.9941326379776001
1721,-4.999999999999998,-4.999999999999998,50,None,0.9794507503509522,0.9931347393989562
1722,-4.999999999999998,-4.999999999999998,50,None,0.9445061928033829,0.9999994111061096
1723,-4.999999999999998,-4.999999999999998,50,None,0.9756009274721146,0.9995670485496521
1724,-4.999999999999998,-4.999999999999998,50,None,0.9997877931594848,0.9978355658054352
1725,-4.999999999999998,-4.999999999999998,50,None,0.9796873795986175,0.9993267667293548
1726,-5.6,4.4,6,Villain,0.894110381603241,0.9976719617843628
1727,-4.999999999999998,-4.999999999999998,50,None,0.9336535255983471,0.9999724292755127
1728,-4.999999999999998,-4.999999999999998,50,None,0.9999757146835327,0.9798504074191442
1729,-4.999999999999998,-4.999999999999998,50,None,0.9544772158190608,0.9998416435718537
1730,-4.999999999999998,-4.999999999999998,50,None,0.9742438668012618,0.9999933552742004
1731,-4.999999999999998,-4.999999999999998,50,None,0.9637929511070251,0.9996151781082153
1732,-5.8,4.2,8,Villain,0.9930153414607048,0.9999591335654259
1733,-4.999999999999998,-4.999999999999998,50,None,0.976116104722023,0.9978907358646393
1734,-5.8999999999999995,4.1000000000000005,9,Villain,0.5990178166992135,0.9999924765692817
1735,-4.999999999999998,-4.999999999999998,50,None,0.9841209650039673,0.998671041727066
1736,-4.999999999999998,-4.999999999999998,50,None,0.9646959272027016,0.9998499250411987
1737,-4.999999999999998,-4.999999999999998,50,None,0.8452374220825731,0.9999994301795959
1738,-4.999999999999998,-4.999999999999998,50,None,0.9365245389938355,0.9998967969417571
1739,-4.999999999999998,-4.999999999999998,50,None,0.9556781145185232,0.9999987244606018
1740,-5.8999999999999995,4.1000000000000005,9,Villain,0.9021278387970395,0.9999122156037225
1741,-4.999999999999998,-4.999999999999998,50,None,0.9896180474758148,0.9999957633018494
1742,-4.999999999999998,-4.999999999999998,50,None,0.9276662898808717,0.9998449957370759
1743,-4.999999999999998,-4.999999999999998,50,None,0.9890817594528198,0.9999996519088745
1744,-5.5,4.5,5,Villain,0.6428625822067261,0.9999946832656861
1745,-4.999999999999998,-4.999999999999998,50,None,0.9728118339180947,0.9999902415275573
1746,4.7,-5.3,3,Hero,0.9990185300509135,0.9999793767929077
1747,-4.999999999999998,-4.999999999999998,50,None,0.9217111456394196,0.9999934101104736
1748,-4.999999999999998,-4.999999999999998,50,None,0.9350044418126344,0.9999780404567719
1749,-5.6,4.4,6,Villain,0.99888476729393,0.9999879797299703
1750,-4.999999999999998,-4.999999999999998,50,None,0.9849960637092591,0.9693718636780977
1751,-4.999999999999998,-4.999999999999998,50,None,0.9840342152118683,0.9999995827674866
1752,-4.999999999999998,-4.999999999999998,50,None,0.7369488188624382,0.9999986052513122
1753,-4.999999999999998,-4.999999999999998,50,None,0.9725928255915641,0.9999981951713562
1754,-4.999999999999998,-4.999999999999998,50,None,0.9258752343431115,0.9999973559379578
1755,-4.999999999999998,-4.999999999999998,50,None,0.653466669023037,0.9999998378753662
1756,-4.999999999999998,-4.999999999999998,50,None,0.9797361159324646,0.9999986219406128
1757,-4.999999999999998,-4.999999999999998,50,None,0.9804288184642792,0.9991763770580292
1758,-4.999999999999998,-4.999999999999998,50,None,0.948201353251934,0.9976560473442078
1759,-4.999999999999998,-4.999999999999998,50,None,0.9453574830293655,0.9999605774879455
1760,-4.999999999999998,-4.999999999999998,50,None,0.9465874892473221,0.9999486136436463
1761,-4.999999999999998,-4.999999999999998,50,None,0.9657299657166004,0.9951561224460602
1762,-4.999999999999998,-4.999999999999998,50,None,0.9441416467353702,0.9999993848800659
1763,-6.3,3.7,13,Villain,0.9091339157177851,0.9999582354839032
1764,-4.999999999999998,-4.999999999999998,50,None,0.983280657529831,0.9986914944648743
1765,4.4,-5.6,6,Hero,0.9997437099615732,0.9999517500400543
1766,-4.999999999999998,-4.999999999999998,50,None,0.9757292336225509,0.9999947309494018
1767,-4.999999999999998,-4.999999999999998,50,None,0.9413709160685539,0.9999959063529968
1768,4.9,-5.1,1,Hero,0.6148248910903931,0.9999872446060181
1769,-4.999999999999998,-4.999999999999998,50,None,0.9367331502959132,0.9999762439727783
1770,-4.999999999999998,-4.999999999999998,50,None,0.6112525497376918,0.99999929189682
1771,-4.999999999999998,-4.999999999999998,50,None,0.9969082832336426,0.9999954414367676
1772,-4.999999999999998,-4.999999999999998,50,None,0.9060727523826063,0.9994585025310516
1773,-4.999999999999998,-4.999999999999998,50,None,0.7324128077179194,0.9999972200393676
1774,-6.0,4.0,10,Villain,0.6879320874810219,0.9976529657840729
1775,-4.999999999999998,-4.999999999999998,50,None,0.9288051158189774,0.9867843043804169
1776,-4.999999999999998,-4.999999999999998,50,None,0.9987376987934112,0.9998463690280914
1777,-4.999999999999998,-4.999999999999998,50,None,0.7087303106486798,0.9999990820884704
1778,-4.999999999999998,-4.999999999999998,50,None,0.999555172920227,0.9999973773956299
1779,-4.999999999999998,-4.999999999999998,50,None,0.9098999732732773,0.99996786236763
1780,-4.999999999999998,-4.999999999999998,50,None,0.9993396198749542,0.9992132663726807
1781,-4.999999999999998,-4.999999999999998,50,None,0.977321754693985,0.999998881816864
1782,4.1000000000000005,-5.8999999999999995,9,Hero,0.9999998675452338,0.9007645497719446
1783,-4.999999999999998,-4.999999999999998,50,None,0.9999605345726014,0.9999919044971466
1784,-4.999999999999998,-4.999999999999998,50,None,0.8413802104815841,0.9746558213233948
1785,-4.999999999999998,-4.999999999999998,50,None,0.8421029880642891,0.9999564409255981
1786,-4.999999999999998,-4.999999999999998,50,None,0.9999722874164582,0.9999991989135742
1787,-9.4,0.5999999999999996,44,Villain,0.9135542201216925,0.9999388185414401
1788,-4.999999999999998,-4.999999999999998,50,None,0.9813530349731445,0.9999751973152161
1789,-5.8,4.2,8,Villain,0.9991304948925972,0.9999130219221115
1790,-4.999999999999998,-4.999999999999998,50,None,0.9179132597893477,0.9999138486385345
1791,-4.999999999999998,-4.999999999999998,50,None,0.993549519777298,0.9999719929695129
1792,-4.999999999999998,-4.999999999999998,50,None,0.9330428563803435,0.9999662685394287
1793,-5.3,4.7,3,Villain,0.9999933242797852,0.9999987681706747
1794,-7.6000000000000005,2.3999999999999995,26,Villain,0.8116488489680566,0.9999705438430493
1795,-4.999999999999998,-4.999999999999998,50,None,0.9999957180023193,0.9999851071834565
1796,-5.3999999999999995,4.6000000000000005,4,Villain,0.807002879679203,0.9999439418315887
1797,4.4,-5.6,6,Hero,0.9999996622403463,0.9999818205833435
1798,4.2,-5.8,8,Hero,0.9999998360872269,0.9940585419535637
1799,-4.999999999999998,-4.999999999999998,50,None,0.8253067778795957,0.9990283513069153
1800,-4.999999999999998,-4.999999999999998,50,None,0.9999366974830628,0.9999969363212585
1801,4.5,-5.5,5,Hero,0.9999985218048095,0.999931252002716
1802,-4.999999999999998,-4.999999999999998,50,None,0.49060313776135445,0.9999966025352478
1803,4.1000000000000005,-5.8999999999999995,9,Hero,0.9999999602635702,0.9993500113487244
1804,-4.999999999999998,-4.999999999999998,50,None,0.9999685168266297,0.9977308881282806
1805,-4.999999999999998,-4.999999999999998,50,None,0.9975106096267701,0.9988953578472137
1806,-4.999999999999998,-4.999999999999998,50,None,0.9712020683288575,0.9999988269805908
1807,-4.999999999999998,-4.999999999999998,50,None,0.9999889373779297,0.9997998249530792
1808,-4.999999999999998,-4.999999999999998,50,None,0.9691177988052369,0.9997895288467408
1809,-4.999999999999998,-4.999999999999998,50,None,0.999981541633606,0.999997673034668
1810,-4.999999999999998,-4.999999999999998,50,None,0.9464981603622437,0.9999716293811798
1811,-4.999999999999998,-4.999999999999998,50,None,0.9559701276291162,0.9999724471569061
1812,-9.6,0.40000000000000036,46,Villain,0.9280552612617612,0.999841157508933
1813,-4.999999999999998,-4.999999999999998,50,None,0.9972808229923248,0.9989192104339599
1814,-4.999999999999998,-4.999999999999998,50,None,0.9048260861076415,0.9999837410449982
1815,-9.3,0.6999999999999993,43,Villain,0.9029319579117433,0.9999760583389637
1816,-4.999999999999998,-4.999999999999998,50,None,0.9999972295761108,0.9999515068531036
1817,-4.999999999999998,-4.999999999999998,50,None,0.9656061712373049,0.9938853156566619
1818,-4.999999999999998,-4.999999999999998,50,None,0.9986994218826294,0.9999992227554322
1819,-4.999999999999998,-4.999999999999998,50,None,0.9998163211345673,0.9995922064781189
1820,-4.999999999999998,-4.999999999999998,50,None,0.9331038203835488,0.9999757754802704
1821,4.7,-5.3,3,Hero,0.9999998410542806,0.9999700784683228
1822,-4.999999999999998,-4.999999999999998,50,None,0.6671677947789431,0.9999932742118836
1823,-6.3999999999999995,3.6000000000000005,14,Villain,0.7975119762122631,0.9762454543794904
1824,-4.999999999999998,-4.999999999999998,50,None,0.9999006605148315,0.9999985456466675
1825,-6.8,3.2,18,Villain,0.8221844878668586,0.9991704523563385
1826,-6.3999999999999995,3.6000000000000005,14,Villain,0.8032701058047158,0.9998633989265987
1827,-4.999999999999998,-4.999999999999998,50,None,0.7925964379683137,0.9999894523620605
1828,-4.999999999999998,-4.999999999999998,50,None,0.9999964261054992,0.9999945831298828
1829,-4.999999999999998,-4.999999999999998,50,None,0.9998525607585907,0.9999861073493957
1830,-4.999999999999998,-4.999999999999998,50,None,0.6520133608952164,0.9999776494503021
1831,-5.699999999999999,4.300000000000001,7,Villain,0.6464490613767079,0.9999712875911168
1832,-4.999999999999998,-4.999999999999998,50,None,0.9593702198565006,0.9999980235099792
1833,-4.999999999999998,-4.999999999999998,50,None,0.9988836658000946,0.9999890458583832
1834,-4.999999999999998,-4.999999999999998,50,None,0.9348844461701811,0.9997049748897553
1835,-4.999999999999998,-4.999999999999998,50,None,0.9998761057853699,0.9985986351966858
1836,-6.5,3.5,15,Villain,0.7373849292596181,0.9999897321065266
1837,-8.100000000000001,1.899999999999999,31,Villain,0.8871093179369646,0.999891544542005
1838,-4.999999999999998,-4.999999999999998,50,None,0.9971035587787628,0.9999186277389527
1839,-4.999999999999998,-4.999999999999998,50,None,0.9317404942587018,0.9999986886978149
1840,-4.999999999999998,-4.999999999999998,50,None,0.999994375705719,0.9999946117401123
1841,-4.999999999999998,-4.999999999999998,50,None,0.9991578960418701,0.9999974894523621
1842,4.9,-5.1,1,Hero,0.9999910593032837,0.9999992847442627
1843,-4.999999999999998,-4.999999999999998,50,None,0.9998817491531372,0.99999755859375
1844,-4.999999999999998,-4.999999999999998,50,None,0.9794439671211876,0.9999943399429321
1845,-4.999999999999998,-4.999999999999998,50,None,0.9945103466510773,0.9999982237815856
1846,4.2,-5.8,8,Hero,0.9999990463256836,0.9999605119228363
1847,4.6000000000000005,-5.3999999999999995,4,Hero,0.9999989569187164,0.9999139457941055
1848,-4.999999999999998,-4.999999999999998,50,None,0.9998364067077636,0.9997376024723053
1849,4.7,-5.3,3,Hero,0.9999996026357015,0.9999991655349731
1850,-4.999999999999998,-4.999999999999998,50,None,0.9887528812885285,0.9999987530708313
1851,-4.999999999999998,-4.999999999999998,50,None,0.9999329543113709,0.9999988341331482
1852,-4.999999999999998,-4.999999999999998,50,None,0.8946248171851039,0.9998717248439789
1853,-5.199999999999999,4.800000000000001,2,Villain,0.6952891051769257,0.9209486544132233
1854,-4.999999999999998,-4.999999999999998,50,None,0.8754650697857141,0.9982490074634552
1855,-8.700000000000001,1.2999999999999985,37,Villain,0.9684636935314818,0.9997423371753177
1856,-4.999999999999998,-4.999999999999998,50,None,0.9717410860210657,0.9999931466579437
1857,-4.999999999999998,-4.999999999999998,50,None,0.9999113535881042,0.9999999523162841
1858,-6.3999999999999995,3.6000000000000005,14,Villain,0.5569990569991725,0.9999894584928241
1859,4.4,-5.6,6,Hero,0.9999998609224955,0.9999560018380483
1860,-5.5,4.5,5,Villain,0.995843505859375,0.9999993801116943
1861,-5.8,4.2,8,Villain,0.6838994408026338,0.9996416121721268
1862,-4.999999999999998,-4.999999999999998,50,None,0.8702568038925529,0.9999928820133209
1863,-4.999999999999998,-4.999999999999998,50,None,0.967128194719553,0.9999995875358582
1864,-5.8,4.2,8,Villain,0.6042759083211422,0.9999937862157822
1865,-8.500000000000002,1.4999999999999987,35,Villain,0.821259780228138,0.999990109034947
1866,-5.8999999999999995,4.1000000000000005,9,Villain,0.9999737739562988,0.9999472830030653
1867,-5.8999999999999995,4.1000000000000005,9,Villain,0.546335501389371,0.9997818999820285
1868,4.9,-5.1,1,Hero,0.9999408721923828,0.9999732971191406
1869,-4.999999999999998,-4.999999999999998,50,None,0.9999870419502258,0.9999976062774658
1870,-5.199999999999999,4.800000000000001,2,Villain,0.9209185838699341,0.9999982118606567
1871,-4.999999999999998,-4.999999999999998,50,None,0.8424330095108599,0.9999985957145691
1872,-4.999999999999998,-4.999999999999998,50,None,0.950083859488368,0.9999999260902405
1873,-7.300000000000001,2.6999999999999997,23,Villain,0.8726279756621175,0.999989144180132
1874,-4.999999999999998,-4.999999999999998,50,None,0.9909904956817627,0.9999995899200439
1875,-5.8,4.2,8,Villain,0.8601118735969067,0.9974662885069847
1876,-4.999999999999998,-4.999999999999998,50,None,0.8747697720117867,0.9999991703033447
1877,-4.999999999999998,-4.999999999999998,50,None,0.951967377755791,0.9999939930438996
1878,-4.999999999999998,-4.999999999999998,50,None,0.9848428237438202,0.9999999976158143
1879,-4.999999999999998,-4.999999999999998,50,None,0.9995287585258484,0.9999983763694763
1880,-6.1,3.9000000000000004,11,Villain,0.6128688029606234,0.9989115324887362
1881,-7.800000000000001,2.1999999999999993,28,Villain,0.8676389050004738,0.9999974412577493
1882,4.6000000000000005,-5.3999999999999995,4,Hero,0.9999973773956299,0.9996324628591537
1883,4.2,-5.8,8,Hero,0.9999984949827194,0.9999947100877762
1884,-4.999999999999998,-4.999999999999998,50,None,0.9470177762955427,0.9999883961677551
1885,-4.999999999999998,-4.999999999999998,50,None,0.9998338031768799,0.9999991011619568
1886,-4.999999999999998,-4.999999999999998,50,None,0.7659057126194239,0.9999999690055847
1887,-4.999999999999998,-4.999999999999998,50,None,0.606659188568592,0.9999485623836517
1888,4.9,-5.1,1,Hero,0.9995402097702026,0.9999992847442627
1889,-4.999999999999998,-4.999999999999998,50,None,0.9998397862911225,0.9945008087158204
1890,-4.999999999999998,-4.999999999999998,50,None,0.5949010155256838,0.9999865543842316
1891,-5.8999999999999995,4.1000000000000005,9,Villain,0.7746705065170923,0.999991257985433
1892,-4.999999999999998,-4.999999999999998,50,None,0.8532360084354877,0.9999999022483825
1893,-8.200000000000001,1.799999999999999,32,Villain,0.9502132283523679,0.9999995641410351
1894,-4.999999999999998,-4.999999999999998,50,None,0.666518262848258,0.9999997210502625
1895,-4.999999999999998,-4.999999999999998,50,None,0.9669773138687014,0.9999333989620208
1896,-9.000000000000002,0.9999999999999982,40,Villain,0.8947356190532446,0.9999992161989212
1897,-5.8,4.2,8,Villain,0.7246864829212427,0.9997868835926056
1898,-6.7,3.3,17,Villain,0.7126258681802189,0.9998269396669724
1899,-4.999999999999998,-4.999999999999998,50,None,0.9243043706193567,0.9980126059055329
1900,-4.999999999999998,-4.999999999999998,50,None,0.9999420666694641,0.9999233603477478
1901,-4.999999999999998,-4.999999999999998,50,None,0.8953557932376861,0.9999589359760285
1902,-4.999999999999998,-4.999999999999998,50,None,0.9981047117710113,0.9999999880790711
1903,-4.999999999999998,-4.999999999999998,50,None,0.9997079980373382,0.9999997806549072
1904,-4.999999999999998,-4.999999999999998,50,None,0.9998008525371551,0.9999998736381531
1905,-4.999999999999998,-4.999999999999998,50,None,0.9994507133960724,0.9999981498718262
1906,-4.999999999999998,-4.999999999999998,50,None,0.9428326825425029,0.9999999952316284
1907,-4.999999999999998,-4.999999999999998,50,None,0.9680645635724068,0.9999992966651916
1908,-8.600000000000001,1.3999999999999986,36,Villain,0.6396868206664093,0.9998738401465945
1909,4.7,-5.3,3,Hero,0.9999988079071045,0.9999998807907104
1910,-4.999999999999998,-4.999999999999998,50,None,0.9830972039699555,0.9999746489524841
1911,-5.699999999999999,4.300000000000001,7,Villain,0.6063892224005291,0.9999922003064837
1912,-8.500000000000002,1.4999999999999987,35,Villain,0.47848162640418324,0.9999989986419677
1913,-4.999999999999998,-4.999999999999998,50,None,0.998804874420166,0.99999356508255
1914,-4.999999999999998,-4.999999999999998,50,None,0.9350907732173801,0.9999813759326934
1915,-6.199999999999999,3.8000000000000007,12,Villain,0.6640387643128633,0.9999529868364334
1916,-4.999999999999998,-4.999999999999998,50,None,0.9190538308024406,0.9999999761581421
1917,-8.8,1.1999999999999984,38,Villain,0.7150218692657194,0.9999092221260071
1918,-6.9,3.0999999999999996,19,Villain,0.8103575016322889,0.9999977852168837
1919,4.800000000000001,-5.199999999999999,2,Hero,0.9998974204063416,0.9999352097511292
1920,-5.699999999999999,4.300000000000001,7,Villain,0.4940262607165745,0.9999980585915702
1921,-4.999999999999998,-4.999999999999998,50,None,0.870850520208478,0.9999904525279999
1922,-4.999999999999998,-4.999999999999998,50,None,0.9986385500431061,0.9999848139286042
1923,-4.999999999999998,-4.999999999999998,50,None,0.9932646048069,0.9999765074253082
1924,-6.199999999999999,3.8000000000000007,12,Villain,0.6805430771782994,0.9906651725371679
1925,-4.999999999999998,-4.999999999999998,50,None,0.9625107777118683,0.9999997115135193
1926,-4.999999999999998,-4.999999999999998,50,None,0.9723534394567832,0.9999966454505921
1927,-6.3,3.7,13,Villain,0.7455415891913267,0.999861845603356
1928,-4.999999999999998,-4.999999999999998,50,None,0.9984120881557464,0.9999999904632568
1929,-4.999999999999998,-4.999999999999998,50,None,0.9116936941444874,0.9999999976158143
1930,-4.999999999999998,-4.999999999999998,50,None,0.9997712135314941,0.9999395477771759
1931,-4.999999999999998,-4.999999999999998,50,None,0.9998853087425232,0.999735096693039
1932,-4.999999999999998,-4.999999999999998,50,None,0.9293335557356477,0.9999865353107452
1933,-6.7,3.3,17,Villain,0.6254347913405475,0.9998000895275789
1934,-6.5,3.5,15,Villain,0.5018500611186028,0.9999877691268921
1935,-4.999999999999998,-4.999999999999998,50,None,0.8467897805571556,0.9999999165534973
1936,-4.999999999999998,-4.999999999999998,50,None,0.9240366317331791,0.9999998688697815
1937,-6.1,3.9000000000000004,11,Villain,0.5113968070257794,0.9999552152373574
1938,-8.3,1.6999999999999988,33,Villain,0.43170048973777075,0.9999808452346108
1939,-4.999999999999998,-4.999999999999998,50,None,0.9414405446313322,0.9999879980087281
1940,-4.999999999999998,-4.999999999999998,50,None,0.9361628435272723,0.9999997210502625
1941,-6.199999999999999,3.8000000000000007,12,Villain,0.806439159438014,0.9999888837337494
1942,-9.100000000000001,0.8999999999999986,41,Villain,0.8010436314862313,0.999835911320477
1943,-4.999999999999998,-4.999999999999998,50,None,0.9164883351325989,0.9999997973442077
1944,-6.199999999999999,3.8000000000000007,12,Villain,0.6669350663820902,0.9997331351041794
1945,-4.999999999999998,-4.999999999999998,50,None,0.9164936715364456,0.9999999618530273
1946,-5.699999999999999,4.300000000000001,7,Villain,0.9574636731828962,0.9995250957352775
1947,-4.999999999999998,-4.999999999999998,50,None,0.9995898091793061,0.9999986267089844
1948,-7.9,2.099999999999999,29,Villain,0.8684031460755344,0.9999999671146788
1949,-4.999999999999998,-4.999999999999998,50,None,0.9892260825634003,0.9999997401237488
1950,-4.999999999999998,-4.999999999999998,50,None,0.9998119246959686,0.9984839379787445
1951,4.9,-5.1,1,Hero,0.9995256662368774,0.9999972581863403
1952,-7.0,3.0,20,Villain,0.4429830309003592,0.9999934494495392
1953,-4.999999999999998,-4.999999999999998,50,None,0.9976252293586731,0.9999969625473022
1954,-6.0,4.0,10,Villain,0.8522220939397812,0.9970758736133576
1955,-4.999999999999998,-4.999999999999998,50,None,0.8873717294633389,0.9999999880790711
1956,-5.8,4.2,8,Villain,0.8579384759068489,0.9999970048666
1957,-4.999999999999998,-4.999999999999998,50,None,0.8841728016734123,0.9999999904632568
1958,-7.4,2.5999999999999996,24,Villain,0.8239833807262281,0.9999998559554418
1959,4.800000000000001,-5.199999999999999,2,Hero,0.9999436140060425,0.9999998807907104
1960,-4.999999999999998,-4.999999999999998,50,None,0.9126604145765305,0.9999990630149841
1961,-9.7,0.3000000000000007,47,Villain,0.7502882287025134,0.9998994926188854
1962,-7.9,2.099999999999999,29,Villain,0.7498117757736352,0.9998561184981773
1963,-4.999999999999998,-4.999999999999998,50,None,0.9358680585771799,0.9999992966651916
1964,-9.6,0.40000000000000036,46,Villain,0.8835324074101188,0.9999997926794965
1965,-4.999999999999998,-4.999999999999998,50,None,0.86757835151162,0.9999976301193237
1966,-7.800000000000001,2.1999999999999993,28,Villain,0.48523234615900684,0.9999924216951642
1967,4.7,-5.3,3,Hero,0.9998537103335062,0.9999999602635702
1968,-4.999999999999998,-4.999999999999998,50,None,0.9996827125549317,0.9999969387054444
1969,-4.999999999999998,-4.999999999999998,50,None,0.5694316264986992,0.9982611334323883
1970,-4.999999999999998,-4.999999999999998,50,None,0.9972716581821441,0.99999995470047
1971,-4.999999999999998,-4.999999999999998,50,None,0.9815358328819275,0.9979203760623931
1972,-4.999999999999998,-4.999999999999998,50,None,0.9438722746819258,0.9998620057106018
1973,2.2999999999999994,-7.700000000000001,27,Hero,0.9557115346607234,0.9999977703447696
1974,-4.999999999999998,-4.999999999999998,50,None,0.9993098759651184,0.9999992418289184
1975,-4.999999999999998,-4.999999999999998,50,None,0.8708700845390558,0.9998897635936737
1976,-4.999999999999998,-4.999999999999998,50,None,0.9110067009925842,0.9999996852874756
1977,-4.999999999999998,-4.999999999999998,50,None,0.994247522354126,0.9999931788444519
1978,-4.999999999999998,-4.999999999999998,50,None,0.9066301828622818,0.9999997854232788
1979,-4.999999999999998,-4.999999999999998,50,None,0.9710422885417939,0.9991876137256622
1980,-4.999999999999998,-4.999999999999998,50,None,0.6497727696970105,0.9999878776073455
1981,-5.199999999999999,4.800000000000001,2,Villain,0.18744873255491257,0.9539813697338104
1982,-4.999999999999998,-4.999999999999998,50,None,0.9348794656991959,0.9999999976158143
1983,-4.999999999999998,-4.999999999999998,50,None,0.909219476096332,0.9999995279312134
1984,-4.999999999999998,-4.999999999999998,50,None,0.9162297926843166,0.9999951767921448
1985,-5.3,4.7,3,Villain,0.9343122243881226,1.0
1986,-4.999999999999998,-4.999999999999998,50,None,0.9949516212940216,0.9999952125549316
1987,-4.999999999999998,-4.999999999999998,50,None,0.8659482902288437,0.99893838763237
1988,3.3,-6.7,17,Hero,0.6144570620620952,0.9999999929876888
1989,-4.999999999999998,-4.999999999999998,50,None,0.9351612812280655,0.999998791217804
1990,-4.999999999999998,-4.999999999999998,50,None,0.9924989414215087,0.9999835288524628
1991,-6.7,3.3,17,Villain,0.6634901674354777,0.9999902038013234
1992,3.0999999999999996,-6.9,19,Hero,0.9151975430156055,0.9999991341641075
1993,4.9,-5.1,1,Hero,0.9973441958427429,0.9999998807907104
1994,-4.999999999999998,-4.999999999999998,50,None,0.8798766613006592,0.9999988627433777
1995,3.7,-6.3,13,Hero,0.7006043986632273,0.9999997340715848
1996,4.6000000000000005,-5.3999999999999995,4,Hero,0.7931796237826347,0.9999992847442627
1997,4.7,-5.3,3,Hero,0.9992137948671976,0.9999980926513672
1998,4.300000000000001,-5.699999999999999,7,Hero,0.7414260506629944,0.9999991655349731
1999,0.8999999999999986,-9.100000000000001,41,Hero,0.9264084659516811,0.999943138622656
2000,1.5999999999999988,-8.400000000000002,34,Hero,0.796774410916602,0.9998014446567086
2001,4.800000000000001,-5.199999999999999,2,Hero,0.9746409356594086,0.9999987483024597
2002,4.9,-5.1,1,Hero,0.16930896043777466,0.9999997615814209
2003,4.6000000000000005,-5.3999999999999995,4,Hero,0.6579927876591682,0.9999999105930328
2004,3.9000000000000004,-6.1,11,Hero,0.7803989134051583,0.9999133131720803
2005,4.2,-5.8,8,Hero,0.9972328469157219,0.9971357807517052
2006,3.9000000000000004,-6.1,11,Hero,0.6690012609416788,0.9999164830554615
2007,2.4999999999999996,-7.5,25,Hero,0.6775833356380463,0.9618607312440872
2008,4.0,-6.0,10,Hero,0.7777487814426423,0.9999955415725708
2009,3.7,-6.3,13,Hero,0.7313906229459323,0.9999968363688543
2010,4.1000000000000005,-5.8999999999999995,9,Hero,0.9949536919593811,0.9999996026357015
2011,3.9000000000000004,-6.1,11,Hero,0.8611151332204993,0.999999772418629
2012,3.9000000000000004,-6.1,11,Hero,0.7641123126853596,0.9999935085123236
2013,4.1000000000000005,-5.8999999999999995,9,Hero,0.9900532497300042,0.9993971453772651
2014,3.9000000000000004,-6.1,11,Hero,0.6600878631526773,0.9996161298318342
2015,4.7,-5.3,3,Hero,0.9919793605804443,0.9998319546381632
2016,4.1000000000000005,-5.8999999999999995,9,Hero,0.9185777372784085,0.9999995893902249
2017,4.1000000000000005,-5.8999999999999995,9,Hero,0.7537816266218821,0.9999989138709174
2018,4.800000000000001,-5.199999999999999,2,Hero,0.7437071800231934,1.0
2019,3.3,-6.7,17,Hero,0.6661645423840074,0.9999129456632277
2020,4.7,-5.3,3,Hero,0.7978463371594747,0.9999990860621134
2021,3.7,-6.3,13,Hero,0.7627659318252251,0.9999867952786959
2022,4.7,-5.3,3,Hero,0.6504255334536234,0.9999995628992716
2023,4.5,-5.5,5,Hero,0.6283786535263062,0.9999866247177124
2024,3.5,-6.5,15,Hero,0.6354052285353343,0.9998148004213969
2025,4.6000000000000005,-5.3999999999999995,4,Hero,0.38446083944290876,0.9999997615814209
2026,3.5,-6.5,15,Hero,0.6209955394268036,0.9999760707219442
2027,-4.999999999999998,-4.999999999999998,50,None,0.8627974803745747,0.9999999284744263
2028,-4.999999999999998,-4.999999999999998,50,None,0.8932139444351196,0.9999996256828309
2029,-4.999999999999998,-4.999999999999998,50,None,0.8576027557253838,0.9999919700622558
2030,3.7,-6.3,13,Hero,0.6299945276517135,0.9940377748929538
2031,3.3,-6.7,17,Hero,0.8138294474166983,0.9999992426703957
2032,3.3,-6.7,17,Hero,0.5966414072934318,0.9693973976023057
2033,4.2,-5.8,8,Hero,0.6717920266091824,0.9998654127120972
2034,4.9,-5.1,1,Hero,0.9810753464698792,0.9999997615814209
2035,-4.999999999999998,-4.999999999999998,50,None,0.9396870451048016,0.9999991035461426
2036,-4.999999999999998,-4.999999999999998,50,None,0.8882398019731045,0.9999927306175231
2037,-4.999999999999998,-4.999999999999998,50,None,0.9790969109535217,0.9999998712539673
2038,3.7,-6.3,13,Hero,0.7193685901852754,0.9999791933940008
2039,1.2999999999999985,-8.700000000000001,37,Hero,0.7679862917677777,0.9999507214571979
2040,0.9999999999999982,-9.000000000000002,40,Hero,0.8342002216726542,0.9999937176704407
2041,3.4000000000000004,-6.6,16,Hero,0.5804536659270525,0.9999722316861153
2042,-4.999999999999998,-4.999999999999998,50,None,0.9497487379610539,0.9999997639656066
2043,-4.999999999999998,-4.999999999999998,50,None,0.9983839011192321,0.9999999690055847
2044,-5.1,4.9,1,Villain,0.9989843964576721,0.99994957447052
2045,2.9,-7.1,21,Hero,0.9071054015131224,0.9999995458693731
2046,-4.999999999999998,-4.999999999999998,50,None,0.9399429687857628,0.9999997806549072
2047,2.4999999999999996,-7.5,25,Hero,0.821646182090044,0.9999989366531372
2048,-4.999999999999998,-4.999999999999998,50,None,0.8103291973471641,0.9999987006187439
2049,2.9,-7.1,21,Hero,0.921054102125622,0.9999998751140776
2050,1.899999999999999,-8.100000000000001,31,Hero,0.8061528989384251,0.9999991578440512
2051,3.2,-6.8,18,Hero,0.6562695072756873,0.9999746945169237
2052,3.2,-6.8,18,Hero,0.8902114368975163,0.9999998807907104
2053,0.5,-9.5,45,Hero,0.8712580772737663,0.9999999629126655
2054,4.5,-5.5,5,Hero,0.7843449175357818,0.9999985456466675
2055,4.2,-5.8,8,Hero,0.5361897107213736,0.9999975562095642
2056,3.6000000000000005,-6.3999999999999995,14,Hero,0.5910824244575841,0.9999400292124067
2057,-4.999999999999998,-4.999999999999998,50,None,0.84463304720819,0.9999998378753662
2058,4.800000000000001,-5.199999999999999,2,Hero,0.633492648601532,0.9999959468841553
2059,-5.3999999999999995,4.6000000000000005,4,Villain,0.9969933331012726,0.999927818775177
2060,1.899999999999999,-8.100000000000001,31,Hero,0.685260490784722,0.999726906899483
2061,3.5,-6.5,15,Hero,0.6146875480810802,0.9999381065368652
2062,3.8000000000000007,-6.199999999999999,12,Hero,0.7695807678004106,0.9201445048674941
2063,-4.999999999999998,-4.999999999999998,50,None,0.8943284937739372,0.9999995446205139
2064,4.1000000000000005,-5.8999999999999995,9,Hero,0.7222175465689765,0.9999805556403266
2065,4.1000000000000005,-5.8999999999999995,9,Hero,0.9752710196706984,0.999999655617608
2066,2.9,-7.1,21,Hero,0.7283735566195988,0.9999998694374448
2067,4.1000000000000005,-5.8999999999999995,9,Hero,0.847093927156594,0.9999847544564141
2068,4.5,-5.5,5,Hero,0.7280850887298584,0.999996829032898
2069,1.9999999999999991,-8.0,30,Hero,0.7857813350235422,0.9999994436899821
2070,4.9,-5.1,1,Hero,0.9877234697341919,1.0
2071,3.0,-7.0,20,Hero,0.6895697142928838,0.9999996840953826
2072,3.4000000000000004,-6.6,16,Hero,0.5604460937320255,0.9982930570840836
2073,2.4999999999999996,-7.5,25,Hero,0.7089989268779755,0.9999998188018799
2074,3.2,-6.8,18,Hero,0.6389157321924964,0.9999892248047723
2075,4.300000000000001,-5.699999999999999,7,Hero,0.5990291227187429,0.9999949932098389
2076,4.0,-6.0,10,Hero,0.6582935988903046,0.9998862028121949
2077,1.3999999999999986,-8.600000000000001,36,Hero,0.7096169629237719,0.9999999105930328
2078,3.9000000000000004,-6.1,11,Hero,0.6984866911714728,0.9999966838143088
2079,4.300000000000001,-5.699999999999999,7,Hero,0.7164667333875384,0.9999830893107823
2080,4.300000000000001,-5.699999999999999,7,Hero,0.6599017807415554,0.9999999148505074
2081,3.3,-6.7,17,Hero,0.7038134476717781,0.9999422991977018
2082,4.1000000000000005,-5.8999999999999995,9,Hero,0.9058962464332581,0.9999054802788628
2083,1.3999999999999986,-8.600000000000001,36,Hero,0.7375333609266413,0.999878853559494
2084,4.800000000000001,-5.199999999999999,2,Hero,0.9809069931507111,0.9999948143959045
2085,4.2,-5.8,8,Hero,0.7551583275198936,0.9999925643205643
2086,4.0,-6.0,10,Hero,0.7875948689877987,0.9998012661933899
2087,3.5,-6.5,15,Hero,0.7567564616600673,0.989812175432841
2088,4.1000000000000005,-5.8999999999999995,9,Hero,0.8553374111652374,0.9999642504586114
2089,2.8,-7.2,22,Hero,0.6650865718045018,0.9856642159548673
2090,3.8000000000000007,-6.199999999999999,12,Hero,0.6335220783948898,0.999998927116394
2091,4.4,-5.6,6,Hero,0.9157844384511312,0.9999995231628418
2092,3.4000000000000004,-6.6,16,Hero,0.6463170535862446,0.9999171234667301
2093,4.0,-6.0,10,Hero,0.8819926500320434,0.9993362486362457
2094,4.300000000000001,-5.699999999999999,7,Hero,0.6399753945214408,0.9999662467411586
2095,3.4000000000000004,-6.6,16,Hero,0.7093999795615673,0.8731569132141885
2096,4.6000000000000005,-5.3999999999999995,4,Hero,0.7795913927257061,0.9999999105930328
2097,4.2,-5.8,8,Hero,0.6438325475901365,0.9999997913837433
2098,2.6999999999999997,-7.300000000000001,23,Hero,0.7662535128386124,0.9999999948169874
2099,-5.5,4.5,5,Villain,0.9979377865791321,0.9999958276748657
2100,2.6999999999999997,-7.300000000000001,23,Hero,0.733202207752544,0.9999990877897843
2101,4.800000000000001,-5.199999999999999,2,Hero,0.6306859850883484,0.9999997019767761
2102,3.8000000000000007,-6.199999999999999,12,Hero,0.7334229672948519,0.9998319695393244
2103,2.099999999999999,-7.9,29,Hero,0.7384737688919594,0.9999983105166205
2104,3.9000000000000004,-6.1,11,Hero,0.7420712628147819,0.9999999674883756
2105,3.8000000000000007,-6.199999999999999,12,Hero,0.8045713007450104,0.9999818007151285
2106,4.9,-5.1,1,Hero,0.9940460920333862,0.9999997615814209
2107,3.9000000000000004,-6.1,11,Hero,0.8188648427074606,0.999994776465676
2108,-4.999999999999998,-4.999999999999998,50,None,0.8934255687147379,0.9999999260902405
2109,3.5,-6.5,15,Hero,0.7216241975625356,0.9998958547910054
2110,3.6000000000000005,-6.3999999999999995,14,Hero,0.6273342094251088,0.9294375726687056
2111,4.6000000000000005,-5.3999999999999995,4,Hero,0.7800396308302879,0.9999940097332001
2112,-5.1,4.9,1,Villain,0.9926936626434326,0.9989401698112488
2113,4.0,-6.0,10,Hero,0.6259980171918869,0.999824333190918
2114,3.7,-6.3,13,Hero,0.6486565424845769,0.999999844110929
2115,3.2,-6.8,18,Hero,0.6109217438432906,0.9999907082981534
2116,3.0,-7.0,20,Hero,0.7576805151998997,0.9999989449977875
2117,3.6000000000000005,-6.3999999999999995,14,Hero,0.7126286051103047,0.9777827646051135
2118,3.4000000000000004,-6.6,16,Hero,0.6426323764026165,0.9997191913425922
2119,3.2,-6.8,18,Hero,0.6285609180728594,0.9999959866205851
2120,3.0,-7.0,20,Hero,0.7381131336092949,0.9999999880790711
2121,4.300000000000001,-5.699999999999999,7,Hero,0.6492020594222205,0.9999968835285732
2122,3.8000000000000007,-6.199999999999999,12,Hero,0.6596044885615507,0.9999887545903524
2123,4.2,-5.8,8,Hero,0.7379476390779018,0.9999416992068291
2124,-4.999999999999998,-4.999999999999998,50,None,0.8039940464496612,0.9999997282028198
2125,3.9000000000000004,-6.1,11,Hero,0.7412691874937578,0.9999935301867399
2126,0.8999999999999986,-9.100000000000001,41,Hero,0.8489356110917359,0.9999999273114089
2127,4.2,-5.8,8,Hero,0.6802767459303141,1.0
2128,4.1000000000000005,-5.8999999999999995,9,Hero,0.7915347599320941,0.9984349078602262
2129,3.6000000000000005,-6.3999999999999995,14,Hero,0.6924493994031634,0.9995554004396711
2130,4.2,-5.8,8,Hero,0.801255788654089,0.9999934881925583
2131,3.5,-6.5,15,Hero,0.6254548452794552,0.9999998728434245
2132,4.0,-6.0,10,Hero,0.7257091194391251,0.9999999642372132
2133,4.300000000000001,-5.699999999999999,7,Hero,0.5406575969287327,0.9999990463256836
2134,3.0,-7.0,20,Hero,0.6460743844509125,0.9999922394752503
2135,4.0,-6.0,10,Hero,0.752953014522791,1.0
2136,4.5,-5.5,5,Hero,0.561552619934082,0.9999995708465577
2137,4.2,-5.8,8,Hero,0.5677834572270513,0.9999995231628418
2138,4.2,-5.8,8,Hero,0.6550662182271481,0.9999989569187164
2139,3.8000000000000007,-6.199999999999999,12,Hero,0.6785588463147482,0.9999995032946268
2140,4.1000000000000005,-5.8999999999999995,9,Hero,0.8576144509845309,0.9999935097164578
2141,4.7,-5.3,3,Hero,0.751647969086965,0.9999886353810629
2142,3.7,-6.3,13,Hero,0.6803255493824298,0.999978258059575
2143,3.8000000000000007,-6.199999999999999,12,Hero,0.6604603168865045,0.9952524652083715
2144,3.8000000000000007,-6.199999999999999,12,Hero,0.8054237912098566,0.9994062930345535
2145,3.4000000000000004,-6.6,16,Hero,0.727579306345433,0.9999987855553627
2146,4.4,-5.6,6,Hero,0.8820851941903433,0.9999945958455404
2147,4.2,-5.8,8,Hero,0.6321049556136131,0.9999995827674866
2148,4.2,-5.8,8,Hero,0.7472531050443649,0.999995231628418
2149,4.5,-5.5,5,Hero,0.6879637598991394,0.99999840259552
2150,4.4,-5.6,6,Hero,0.6354350199302038,0.9999889930089315
2151,-5.5,4.5,5,Villain,0.9999643564224243,1.0
2152,4.4,-5.6,6,Hero,0.9987117350101471,0.9999996026357015
2153,4.4,-5.6,6,Hero,0.6644209027290344,0.9999695420265198
2154,2.9,-7.1,21,Hero,0.6550721334559577,0.999998444602603
2155,3.9000000000000004,-6.1,11,Hero,0.7239271158521826,0.999790305441076
2156,4.0,-6.0,10,Hero,0.9155302762985229,0.9999982357025147
2157,-5.8,4.2,8,Villain,0.9998907372355461,1.0
2158,-5.699999999999999,4.300000000000001,7,Villain,0.9852364659309387,0.9999998807907104
2159,4.1000000000000005,-5.8999999999999995,9,Hero,0.9891731474134657,0.9999994569354587
2160,3.2,-6.8,18,Hero,0.6462206915020943,0.9999008211824629
2161,4.5,-5.5,5,Hero,0.7859551727771759,0.9999820709228515
2162,3.9000000000000004,-6.1,11,Hero,0.8490000042048368,0.9991326982324774
2163,3.5,-6.5,15,Hero,0.6073722153902054,0.9998460531234741
2164,4.4,-5.6,6,Hero,0.997147132953008,0.9999990860621134
2165,4.0,-6.0,10,Hero,0.651620338857174,0.9997946739196777
2166,3.7,-6.3,13,Hero,0.635572842680491,0.9999127571399395
2167,3.0,-7.0,20,Hero,0.7281052350997925,0.9999997735023498
2168,4.2,-5.8,8,Hero,0.6724413521587849,0.9999998211860657
2169,3.5,-6.5,15,Hero,0.7978556325038274,1.0
2170,3.6000000000000005,-6.3999999999999995,14,Hero,0.608230152300426,0.9999989526612418
2171,4.7,-5.3,3,Hero,0.9990526437759399,1.0
2172,3.3,-6.7,17,Hero,0.6512359661214492,0.9999983240576351
2173,3.2,-6.8,18,Hero,0.6330377724435594,0.9999477763970693
2174,3.8000000000000007,-6.199999999999999,12,Hero,0.7964738458395004,0.999999076128006
2175,3.4000000000000004,-6.6,16,Hero,0.5581805380061269,0.9999897927045822
2176,3.4000000000000004,-6.6,16,Hero,0.6661164630204439,0.9999983608722687
2177,4.6000000000000005,-5.3999999999999995,4,Hero,0.6374878697097301,0.9999975264072418
2178,4.1000000000000005,-5.8999999999999995,9,Hero,0.8451158006985983,1.0
2179,4.300000000000001,-5.699999999999999,7,Hero,0.9649233903203692,0.9999978201729911
2180,4.0,-6.0,10,Hero,0.8096566259860992,0.999997341632843
2181,4.7,-5.3,3,Hero,0.4925024211406708,0.9999999602635702
2182,-5.3,4.7,3,Villain,0.9942577878634135,0.9999994039535522
2183,4.7,-5.3,3,Hero,0.990363876024882,0.9999981721242269
2184,4.5,-5.5,5,Hero,0.8987167000770568,0.9999665737152099
2185,4.6000000000000005,-5.3999999999999995,4,Hero,0.7643909454345703,0.9999919831752777
2186,3.2,-6.8,18,Hero,0.8081505936053064,0.9999913507037692
2187,3.4000000000000004,-6.6,16,Hero,0.5960026528919116,0.998592309653759
2188,4.300000000000001,-5.699999999999999,7,Hero,0.7239322428192411,0.9999028529439654
2189,4.2,-5.8,8,Hero,0.8422940969467163,0.9999995082616806
2190,4.4,-5.6,6,Hero,0.6594825933376948,0.9999999602635702
2191,3.9000000000000004,-6.1,11,Hero,0.6374214061281898,0.9999995231628418
2192,4.5,-5.5,5,Hero,0.632150973379612,0.9999999046325684
2193,3.9000000000000004,-6.1,11,Hero,0.7058730260892347,0.9999698942357843
2194,4.2,-5.8,8,Hero,0.7785174548625946,0.9999990910291672
2195,3.8000000000000007,-6.199999999999999,12,Hero,0.7775850892066956,0.9999734510978063
2196,4.300000000000001,-5.699999999999999,7,Hero,0.7256682940891811,0.9999999148505074
2197,4.6000000000000005,-5.3999999999999995,4,Hero,0.6887514591217041,0.9999996721744537
2198,4.0,-6.0,10,Hero,0.6221440136432648,0.9999983310699463
2199,4.0,-6.0,10,Hero,0.7040253691375256,0.9999996185302734
2200,3.8000000000000007,-6.199999999999999,12,Hero,0.6363521205882231,0.9999998609224955
2201,4.1000000000000005,-5.8999999999999995,9,Hero,0.8373914957046509,0.9999533295631409
2202,3.4000000000000004,-6.6,16,Hero,0.6229300117120147,0.8769725012825802
2203,3.9000000000000004,-6.1,11,Hero,0.5482964461499994,0.999998927116394
2204,4.300000000000001,-5.699999999999999,7,Hero,0.6816512090819222,0.9999714749200004
2205,4.300000000000001,-5.699999999999999,7,Hero,0.6642243989876339,0.9999981948307582
2206,3.9000000000000004,-6.1,11,Hero,0.7387927147475156,1.0
2207,4.1000000000000005,-5.8999999999999995,9,Hero,0.8631369968255361,0.9999764495425754
2208,4.1000000000000005,-5.8999999999999995,9,Hero,0.9903018607033623,0.9993193679385715
2209,3.5,-6.5,15,Hero,0.6929275959730148,1.0
2210,4.6000000000000005,-5.3999999999999995,4,Hero,0.7890208810567856,0.9999797344207764
2211,3.2,-6.8,18,Hero,0.573075343751245,0.9998244742552439
2212,4.0,-6.0,10,Hero,0.7505074381828308,0.9997112929821015
2213,4.1000000000000005,-5.8999999999999995,9,Hero,0.7043981287214491,0.9999717738893297
2214,3.9000000000000004,-6.1,11,Hero,0.689513469284231,0.9999438144943931
2215,4.0,-6.0,10,Hero,0.7834054172039032,0.9999015629291534
2216,4.5,-5.5,5,Hero,0.8378251910209655,0.999998950958252
2217,4.0,-6.0,10,Hero,0.8753710091114044,0.9999971747398376
2218,4.6000000000000005,-5.3999999999999995,4,Hero,0.7797470241785049,0.9999999701976776
2219,3.8000000000000007,-6.199999999999999,12,Hero,0.7985609173774719,0.9999996523062388
2220,4.2,-5.8,8,Hero,0.7112990170717239,0.9999999701976776
2221,3.9000000000000004,-6.1,11,Hero,0.6560349518602545,0.9991655349731445
2222,4.5,-5.5,5,Hero,0.9760556221008301,0.9999961614608764
2223,4.1000000000000005,-5.8999999999999995,9,Hero,0.610112339258194,0.9999997748268975
2224,3.7,-6.3,13,Hero,0.7193975746631622,0.9999907566950872
2225,4.4,-5.6,6,Hero,0.8215754628181458,0.9999998211860657
2226,4.800000000000001,-5.199999999999999,2,Hero,0.9958873391151428,0.9999996423721313
2227,4.1000000000000005,-5.8999999999999995,9,Hero,0.7670092682043711,0.9999996953540378
2228,3.2,-6.8,18,Hero,0.649707053684526,0.9999991920259264
2229,4.2,-5.8,8,Hero,0.8815652914345264,0.9995698779821396
2230,3.9000000000000004,-6.1,11,Hero,0.8035450279712677,0.9999999133023348
2231,3.7,-6.3,13,Hero,0.7151488891014686,0.9999996790519128
2232,4.4,-5.6,6,Hero,0.8051223009824753,0.9999998013178507
2233,4.1000000000000005,-5.8999999999999995,9,Hero,0.8576935248242484,0.999999894036187
2234,3.8000000000000007,-6.199999999999999,12,Hero,0.8429282704989115,0.9998629242181778
2235,4.6000000000000005,-5.3999999999999995,4,Hero,0.7453741393983364,0.9999999701976776
2236,-5.8,4.2,8,Villain,0.5073893554508686,0.9999998211860657
2237,3.8000000000000007,-6.199999999999999,12,Hero,0.7800274590651194,0.999999592701594
2238,4.0,-6.0,10,Hero,0.7330698549747467,0.9999999403953552
2239,3.4000000000000004,-6.6,16,Hero,0.655000691767782,0.9999974519014359
2240,4.2,-5.8,8,Hero,0.9644826427102089,0.9999999403953552
2241,4.300000000000001,-5.699999999999999,7,Hero,0.7396712856633323,0.9999996083123344
2242,3.9000000000000004,-6.1,11,Hero,0.7071962952613831,0.9999993931163441
2243,3.8000000000000007,-6.199999999999999,12,Hero,0.8241733784476916,0.9999515463908514
2244,4.800000000000001,-5.199999999999999,2,Hero,0.7880472838878632,0.9999915361404419
2245,4.5,-5.5,5,Hero,0.8288447022438049,0.9999955892562866
2246,3.2,-6.8,18,Hero,0.6466169357299805,0.9999999933772616
2247,3.4000000000000004,-6.6,16,Hero,0.7400550562888384,0.9999973028898239
2248,-6.5,3.5,15,Villain,0.6585528602202734,0.9999996662139893
2249,4.2,-5.8,8,Hero,0.8445955812931061,0.9999995976686478
2250,4.800000000000001,-5.199999999999999,2,Hero,0.9926692247390747,1.0
2251,3.9000000000000004,-6.1,11,Hero,0.7298296121033755,0.9999998266046698
2252,-5.8,4.2,8,Villain,0.683785405009985,0.9999998658895493
2253,3.7,-6.3,13,Hero,0.6778880678690397,0.9999967354994553
2254,3.7,-6.3,13,Hero,0.7670582045729344,0.9999952132885273
2255,4.0,-6.0,10,Hero,0.6702308535575867,0.9999254584312439
2256,3.8000000000000007,-6.199999999999999,12,Hero,0.8198614443341891,0.9999515960613886
2257,4.2,-5.8,8,Hero,0.8498199842870235,0.9999995827674866
2258,4.1000000000000005,-5.8999999999999995,9,Hero,0.6650956769784292,0.9995822641584609
2259,3.5,-6.5,15,Hero,0.6329810827970505,0.9999149918556214
2260,-5.3999999999999995,4.6000000000000005,4,Villain,0.9996569007635117,1.0
2261,4.300000000000001,-5.699999999999999,7,Hero,0.8526172978537423,0.9999949250902448
2262,4.2,-5.8,8,Hero,0.8633687645196915,0.9999999701976776
2263,4.4,-5.6,6,Hero,0.9077463944753011,1.0
2264,3.7,-6.3,13,Hero,0.6664973336916703,0.9999994956530057
2265,-5.8,4.2,8,Villain,0.8893452398478985,1.0
2266,4.300000000000001,-5.699999999999999,7,Hero,0.8368421659937927,0.9999228545597622
2267,4.9,-5.1,1,Hero,0.9474918842315674,0.9999997615814209
2268,3.2,-6.8,18,Hero,0.6030179171098603,0.9999963574939303
2269,4.5,-5.5,5,Hero,0.7068637490272522,0.9999998331069946
2270,3.2,-6.8,18,Hero,0.6677017783125242,0.9999947084320916
2271,4.0,-6.0,10,Hero,0.6509202808141709,0.9999999523162841
2272,4.9,-5.1,1,Hero,0.8929367065429688,1.0
2273,3.4000000000000004,-6.6,16,Hero,0.7165180779993534,0.9999998733401299
2274,4.4,-5.6,6,Hero,0.5454296581447124,0.9999897678693136
2275,-5.699999999999999,4.300000000000001,7,Villain,0.6294161783797401,0.9999995401927403
2276,4.9,-5.1,1,Hero,0.23602674901485443,0.9999969005584717
2277,3.8000000000000007,-6.199999999999999,12,Hero,0.6317647447188696,0.9999983807404836
2278,1.799999999999999,-8.200000000000001,32,Hero,0.8122330466285348,0.9999974444508553
2279,4.7,-5.3,3,Hero,0.9996880292892456,1.0
2280,-4.999999999999998,-4.999999999999998,50,None,0.8202068603038788,0.9999894750118256
2281,-4.999999999999998,-4.999999999999998,50,None,0.8543099778890609,0.9999999928474427
2282,4.9,-5.1,1,Hero,0.9736467003822327,0.9999984502792358
2283,3.3,-6.7,17,Hero,0.7230438557179535,0.9999998948153328
2284,2.8,-7.2,22,Hero,0.8437503152950243,0.9999999783255837
2285,3.0999999999999996,-6.9,19,Hero,0.7338746841016569,0.9470218862445204
2286,-4.999999999999998,-4.999999999999998,50,None,0.8700267195701599,1.0
2287,2.5999999999999996,-7.4,24,Hero,0.6481462138084074,0.9999998211860657
2288,3.4000000000000004,-6.6,16,Hero,0.6500307377427816,0.9999525584280491
2289,4.2,-5.8,8,Hero,0.7043559364974499,0.9999980926513672
2290,3.4000000000000004,-6.6,16,Hero,0.6740572284907103,0.999999925494194
2291,3.9000000000000004,-6.1,11,Hero,0.7452456924048337,0.9994086623191833
2292,4.0,-6.0,10,Hero,0.45738972127437594,0.9999977588653565
2293,3.9000000000000004,-6.1,11,Hero,0.8665815862742338,0.9999995773488825
2294,4.4,-5.6,6,Hero,0.5455561553438505,0.9999830524126688
2295,4.2,-5.8,8,Hero,0.7355660162866116,0.9999854266643524
2296,3.8000000000000007,-6.199999999999999,12,Hero,0.7164028535286585,1.0
2297,3.9000000000000004,-6.1,11,Hero,0.7245596322146329,0.9999986995350231
2298,-5.6,4.4,6,Villain,0.9991663098335266,1.0
2299,3.7,-6.3,13,Hero,0.6855841141480666,1.0
2300,4.9,-5.1,1,Hero,0.9867473840713501,0.9999946355819702
2301,4.2,-5.8,8,Hero,0.7837770543992519,0.999997690320015
2302,3.2,-6.8,18,Hero,0.6637406837609079,0.9999987681706747
2303,3.4000000000000004,-6.6,16,Hero,0.6162481773644686,0.9999239966273308
2304,4.4,-5.6,6,Hero,0.5968981832265854,0.9999992648760477
2305,3.7,-6.3,13,Hero,0.7168159060753309,0.9946751961341271
2306,3.0999999999999996,-6.9,19,Hero,0.6530221779095499,0.9986351665697599
2307,4.2,-5.8,8,Hero,0.6785583384335041,0.9999995827674866
2308,3.9000000000000004,-6.1,11,Hero,0.7657316625118256,0.99999830939553
2309,3.5,-6.5,15,Hero,0.6641993165016175,0.9999967336654663
2310,4.5,-5.5,5,Hero,0.6745230793952942,0.9999988317489624
2311,3.8000000000000007,-6.199999999999999,12,Hero,0.7809159352133671,0.9991911053657532
2312,4.300000000000001,-5.699999999999999,7,Hero,0.6360187615667071,0.9999640158244542
2313,3.5,-6.5,15,Hero,0.6856813907623291,0.9999902089436848
2314,3.9000000000000004,-6.1,11,Hero,0.8065046586773612,0.9999599510973151
2315,4.9,-5.1,1,Hero,0.36151280999183655,1.0
2316,3.9000000000000004,-6.1,11,Hero,0.7993906790559943,0.9999568137255582
2317,3.4000000000000004,-6.6,16,Hero,0.8046156940981746,0.9999994710087776
2318,3.8000000000000007,-6.199999999999999,12,Hero,0.7412766156097254,0.9999995231628418
2319,3.8000000000000007,-6.199999999999999,12,Hero,0.7295712406436602,0.9999327411254247
2320,3.8000000000000007,-6.199999999999999,12,Hero,0.7748740538954735,0.9981567561626434
2321,4.800000000000001,-5.199999999999999,2,Hero,0.5923436656594276,1.0
2322,4.2,-5.8,8,Hero,0.5122161749750376,0.9999986886978149
2323,3.9000000000000004,-6.1,11,Hero,0.8090573711828752,0.999952413819053
2324,4.7,-5.3,3,Hero,0.9812914530436198,0.9999975760777792
2325,3.4000000000000004,-6.6,16,Hero,0.671077374368906,0.9999995976686478
2326,3.9000000000000004,-6.1,11,Hero,0.8579043881459669,0.9999997290697965
2327,4.1000000000000005,-5.8999999999999995,9,Hero,0.8751132720046573,0.9997994634840224
2328,3.6000000000000005,-6.3999999999999995,14,Hero,0.7239195140344756,0.9999978542327881
2329,4.0,-6.0,10,Hero,0.9076345860958099,0.9998710691928864
2330,3.8000000000000007,-6.199999999999999,12,Hero,0.7239792396624883,0.9999999503294627
2331,3.4000000000000004,-6.6,16,Hero,0.6815134156495333,0.9999998956918716
2332,4.4,-5.6,6,Hero,0.9789697329203287,0.9999998807907104
2333,4.300000000000001,-5.699999999999999,7,Hero,0.8616988148008075,0.9999998126711164
2334,4.0,-6.0,10,Hero,0.6686736434698105,0.9999929070472717
2335,4.1000000000000005,-5.8999999999999995,9,Hero,0.6626211934619479,0.9999969800313314
2336,3.9000000000000004,-6.1,11,Hero,0.6606897088614377,0.9998252446001227
2337,3.4000000000000004,-6.6,16,Hero,0.6430276287719607,0.9999999701976776
2338,4.2,-5.8,8,Hero,0.7303511798381805,0.9999985843896866
2339,4.0,-6.0,10,Hero,0.7681301683187485,0.9999909281730652
2340,4.5,-5.5,5,Hero,0.7048516631126404,0.9999996900558472
2341,3.8000000000000007,-6.199999999999999,12,Hero,0.8428929274280866,0.9999999602635702
2342,4.1000000000000005,-5.8999999999999995,9,Hero,0.6971239911185371,0.9999954832924737
2343,-5.6,4.4,6,Villain,0.8443576966722807,0.9999985694885254
2344,4.0,-6.0,10,Hero,0.8345538407564164,0.9999995231628418
2345,4.300000000000001,-5.699999999999999,7,Hero,0.6290685619626727,0.9999982118606567
2346,4.7,-5.3,3,Hero,0.827971359093984,0.999992569287618
2347,4.9,-5.1,1,Hero,0.9300497770309448,0.9999994039535522
2348,4.6000000000000005,-5.3999999999999995,4,Hero,0.6666327938437462,0.9999999403953552
2349,4.6000000000000005,-5.3999999999999995,4,Hero,0.7139692902565002,0.9999794960021973
2350,4.2,-5.8,8,Hero,0.8546342067420483,0.9999837428331375
2351,-5.3,4.7,3,Villain,0.7390591303507487,0.9999998013178507
2352,4.0,-6.0,10,Hero,0.8425403326749802,0.9999999761581421
2353,3.8000000000000007,-6.199999999999999,12,Hero,0.7026084139943123,0.9999226182699203
2354,4.4,-5.6,6,Hero,0.8518155415852865,0.9999964237213135
2355,4.1000000000000005,-5.8999999999999995,9,Hero,0.6030611197153727,0.9999989800983005
2356,0.7999999999999989,-9.200000000000001,42,Hero,0.7498470622868765,0.9999933015732538
2357,4.7,-5.3,3,Hero,0.7294652362664541,0.9999998807907104
2358,3.3,-6.7,17,Hero,0.6617337184793809,0.9999046325683594
2359,4.6000000000000005,-5.3999999999999995,4,Hero,0.9976790696382523,0.9999944567680359
2360,4.2,-5.8,8,Hero,0.9996438249945641,1.0
2361,3.7,-6.3,13,Hero,0.6241248848919685,0.9999933884694026
2362,-5.6,4.4,6,Villain,0.9997673630714417,1.0
2363,4.800000000000001,-5.199999999999999,2,Hero,0.991660863161087,0.9999991059303284
2364,4.4,-5.6,6,Hero,0.7630625466505686,0.9999983509381613
2365,4.7,-5.3,3,Hero,0.9996116360028585,0.9999999205271403
2366,4.0,-6.0,10,Hero,0.6545469760894775,0.9999999880790711
2367,4.4,-5.6,6,Hero,0.9889710942904154,1.0
2368,3.9000000000000004,-6.1,11,Hero,0.6691089272499084,0.999956792051142
2369,3.7,-6.3,13,Hero,0.769939837547449,0.9999997982612023
2370,3.7,-6.3,13,Hero,0.6637559349720294,0.9970656908475436
2371,3.2,-6.8,18,Hero,0.5843736707336373,0.9999972913000319
2372,4.300000000000001,-5.699999999999999,7,Hero,0.626928048474448,0.9999983651297433
2373,3.9000000000000004,-6.1,11,Hero,0.6345905512571335,0.9995270317251032
2374,3.9000000000000004,-6.1,11,Hero,0.8580363690853119,0.9999859116294167
2375,3.9000000000000004,-6.1,11,Hero,0.6897922483357516,0.9999496611681852
2376,-5.6,4.4,6,Villain,0.8343082462282231,1.0
2377,4.4,-5.6,6,Hero,0.7477734933296839,0.9999987284342448
2378,4.2,-5.8,8,Hero,0.7336485469713807,0.9999928921461105
2379,3.3,-6.7,17,Hero,0.6696237991837894,0.9987780697205487
2380,4.5,-5.5,5,Hero,0.9948216795921325,0.9999996662139893
2381,-4.999999999999998,-4.999999999999998,50,None,0.8800689888000488,0.9999999451637268
2382,3.7,-6.3,13,Hero,0.6570094388264877,0.9999002814292908
2383,-5.3,4.7,3,Villain,0.6846537490685781,0.9998476703961691
2384,3.5,-6.5,15,Hero,0.6341223237415154,0.9988462249437968
2385,4.300000000000001,-5.699999999999999,7,Hero,0.8865053696291787,0.9999997275216239
2386,4.6000000000000005,-5.3999999999999995,4,Hero,0.9920986294746399,0.9999997913837433
2387,4.300000000000001,-5.699999999999999,7,Hero,0.640577610049929,0.9999941076551165
2388,4.4,-5.6,6,Hero,0.6730967362721761,0.9998847345511118
2389,4.0,-6.0,10,Hero,0.8791390746831894,0.9999191403388977
2390,4.2,-5.8,8,Hero,0.8339136559516191,0.9999998956918716
2391,4.1000000000000005,-5.8999999999999995,9,Hero,0.9964512983957926,0.9999995628992716
2392,3.7,-6.3,13,Hero,0.6322236267419962,0.9999846678513747
2393,-4.999999999999998,-4.999999999999998,50,None,0.8231017535924912,0.9999999976158143
2394,3.6000000000000005,-6.3999999999999995,14,Hero,0.8147999197244644,0.9999997615814209
2395,4.0,-6.0,10,Hero,0.6487292185425758,0.9999999284744263
2396,3.0999999999999996,-6.9,19,Hero,0.7592737698241284,0.999999905887403
2397,4.5,-5.5,5,Hero,0.6752521157264709,0.9999996423721313
2398,3.7,-6.3,13,Hero,0.6718912159021084,0.9995255470275879
2399,3.7,-6.3,13,Hero,0.7698509761920342,0.9999492993721595
2400,3.6000000000000005,-6.3999999999999995,14,Hero,0.7107889471309525,0.9999865804399762
2401,4.4,-5.6,6,Hero,0.9997582832972208,1.0
2402,3.0999999999999996,-6.9,19,Hero,0.5957241544598028,0.9999927470558568
2403,4.5,-5.5,5,Hero,0.6999622762203217,0.9999887228012085
2404,3.6000000000000005,-6.3999999999999995,14,Hero,0.7872962696211678,0.9999944652829852
2405,3.3,-6.7,17,Hero,0.6508115578018239,0.9999992496827069
2406,4.7,-5.3,3,Hero,0.9517319202423096,0.9999997218449911
2407,4.7,-5.3,3,Hero,0.6592279026905695,0.9999992450078329
2408,3.6000000000000005,-6.3999999999999995,14,Hero,0.7415084476981845,0.9990886492388589
2409,4.2,-5.8,8,Hero,0.6802811920642853,0.9999187514185905
2410,3.9000000000000004,-6.1,11,Hero,0.7818254706534472,0.9999999458139593
2411,3.7,-6.3,13,Hero,0.7174591605479901,0.9999980468016404
2412,3.8000000000000007,-6.199999999999999,12,Hero,0.8382321447134018,0.9994305123885473
2413,4.1000000000000005,-5.8999999999999995,9,Hero,0.8581094808048673,0.999932607014974
2414,4.0,-6.0,10,Hero,0.6450078554451466,0.9999999880790711
2415,4.300000000000001,-5.699999999999999,7,Hero,0.8672353199550084,0.9999989441462925
2416,4.5,-5.5,5,Hero,0.7164193391799927,0.9999891757965088
2417,4.5,-5.5,5,Hero,0.5896701514720917,0.9999841213226318
2418,3.2,-6.8,18,Hero,0.689253161350886,1.0
2419,4.6000000000000005,-5.3999999999999995,4,Hero,0.49520396441221237,0.999997615814209
2420,4.4,-5.6,6,Hero,0.9969594577948252,1.0
2421,3.7,-6.3,13,Hero,0.8260192710619706,0.9999996056923499
2422,3.7,-6.3,13,Hero,0.7894559800624847,0.9999990921754104
2423,3.6000000000000005,-6.3999999999999995,14,Hero,0.7591485739020365,0.9999634878976005
2424,4.6000000000000005,-5.3999999999999995,4,Hero,0.9984810203313828,0.9999997913837433
2425,3.4000000000000004,-6.6,16,Hero,0.6491756644099951,0.9999992623925209
2426,-5.1,4.9,1,Villain,0.9745158553123474,0.9998306035995483
2427,4.800000000000001,-5.199999999999999,2,Hero,0.9953502118587494,0.9999991655349731
2428,3.6000000000000005,-6.3999999999999995,14,Hero,0.742193694625582,0.9990425876208714
2429,-5.699999999999999,4.300000000000001,7,Villain,0.9990398032324654,1.0
2430,3.9000000000000004,-6.1,11,Hero,0.570132848891345,0.9999983744187788
2431,3.5,-6.5,15,Hero,0.684006275733312,0.9999999761581421
2432,3.3,-6.7,17,Hero,0.7511432135806364,0.9999999719507554
2433,4.2,-5.8,8,Hero,0.5812521912157536,0.9999996721744537
2434,3.9000000000000004,-6.1,11,Hero,0.6967264766042883,0.9999993606047197
2435,3.7,-6.3,13,Hero,0.6896238120702597,0.9999998257710383
2436,4.5,-5.5,5,Hero,0.8051430225372315,0.9999983072280884
2437,3.3,-6.7,17,Hero,0.6796718222253463,0.9998864251024583
2438,3.8000000000000007,-6.199999999999999,12,Hero,0.8388960460821787,0.9901049584150314
2439,4.300000000000001,-5.699999999999999,7,Hero,0.7235350055353982,0.9999035171100071
2440,4.1000000000000005,-5.8999999999999995,9,Hero,0.764889078007804,0.999999894036187
2441,-5.3,4.7,3,Villain,0.9852401812871298,0.9999665021896362
2442,4.4,-5.6,6,Hero,0.7168287386496862,0.9999996622403463
2443,-5.3,4.7,3,Villain,0.991645872592926,1.0
2444,3.6000000000000005,-6.3999999999999995,14,Hero,0.7433090539915221,0.9999946015221732
2445,4.300000000000001,-5.699999999999999,7,Hero,0.9001069707529885,0.9999627470970154
2446,4.2,-5.8,8,Hero,0.7880954723805189,0.9999998211860657
2447,3.6000000000000005,-6.3999999999999995,14,Hero,0.682200625538826,1.0
2448,3.5,-6.5,15,Hero,0.7896698633829753,0.9999676863352458
2449,3.2,-6.8,18,Hero,0.7758428984218173,0.9999933242797852
2450,3.2,-6.8,18,Hero,0.6009077462885115,0.9999492201540205
2451,3.9000000000000004,-6.1,11,Hero,0.7181873470544815,0.9999988946047697
2452,3.3,-6.7,17,Hero,0.632305746569353,0.9930808438974268
2453,4.6000000000000005,-5.3999999999999995,4,Hero,0.8504270762205124,1.0
2454,3.4000000000000004,-6.6,16,Hero,0.6901161260902882,0.999999426305294
2455,-5.6,4.4,6,Villain,0.972423642873764,0.9999999602635702
2456,4.2,-5.8,8,Hero,0.8424465693533421,0.999998077750206
2457,4.4,-5.6,6,Hero,0.7482016533613205,0.9999932845433553
2458,-6.3,3.7,13,Villain,0.6549487159802363,0.9999999724901639
2459,-6.1,3.9000000000000004,11,Villain,0.6525922878222032,0.9999876022338867
2460,3.9000000000000004,-6.1,11,Hero,0.6881109557368539,0.9999509453773499
2461,4.2,-5.8,8,Hero,0.9642809182405472,0.9999999105930328
2462,4.6000000000000005,-5.3999999999999995,4,Hero,0.8459396064281464,0.9999774396419525
2463,4.1000000000000005,-5.8999999999999995,9,Hero,0.8817410237259335,0.9999993244806925
2464,4.5,-5.5,5,Hero,0.6213613331317902,0.9999685049057007
2465,4.2,-5.8,8,Hero,0.9700383022427559,0.9998885840177536
2466,4.1000000000000005,-5.8999999999999995,9,Hero,0.9186553623941209,0.9999973773956299
2467,3.8000000000000007,-6.199999999999999,12,Hero,0.7244937618573507,0.9999712854623795
2468,-5.8,4.2,8,Villain,0.8943467810750008,0.9999999403953552
2469,4.2,-5.8,8,Hero,0.5646805688738823,0.999999463558197
2470,-6.199999999999999,3.8000000000000007,12,Villain,0.6574563110868136,0.9999870558579763
2471,4.0,-6.0,10,Hero,0.9266874372959137,0.9999982357025147
2472,4.300000000000001,-5.699999999999999,7,Hero,0.6358288398810795,0.9999962874821254
2473,4.5,-5.5,5,Hero,0.8491067528724671,1.0
2474,3.4000000000000004,-6.6,16,Hero,0.6368758426979184,0.9270765423425473
2475,3.7,-6.3,13,Hero,0.6703644440724299,0.9999990646655743
2476,3.9000000000000004,-6.1,11,Hero,0.8249912532893094,0.9999999458139593
2477,3.6000000000000005,-6.3999999999999995,14,Hero,0.7123885495322091,0.977611494915826
2478,4.6000000000000005,-5.3999999999999995,4,Hero,0.8601419776678085,0.9999999105930328
2479,-5.1,4.9,1,Villain,0.9977735877037048,0.9995406866073608
2480,-5.5,4.5,5,Villain,0.9999204397201538,1.0
2481,4.1000000000000005,-5.8999999999999995,9,Hero,0.6435113085640801,0.999868823422326
2482,4.2,-5.8,8,Hero,0.818827360868454,0.999999925494194
2483,3.3,-6.7,17,Hero,0.6243933053577647,0.9999987938824821
2484,4.300000000000001,-5.699999999999999,7,Hero,0.7516119224684579,0.999822837965829
2485,4.6000000000000005,-5.3999999999999995,4,Hero,0.7155207321047783,0.9999988675117493
2486,4.1000000000000005,-5.8999999999999995,9,Hero,0.8980044341749616,1.0
2487,4.1000000000000005,-5.8999999999999995,9,Hero,0.6718695196840498,0.9999953375922309
2488,3.6000000000000005,-6.3999999999999995,14,Hero,0.7189021962029594,0.9980628660746983
2489,3.5,-6.5,15,Hero,0.6635648568471273,0.9982536991437276
2490,4.0,-6.0,10,Hero,0.8494740396738052,1.0
2491,4.800000000000001,-5.199999999999999,2,Hero,0.9845604598522186,1.0
2492,4.1000000000000005,-5.8999999999999995,9,Hero,0.6833988726139069,0.9999705751736959
2493,3.8000000000000007,-6.199999999999999,12,Hero,0.6287686501940092,0.9999935925006866
2494,4.2,-5.8,8,Hero,0.981106586754322,0.9999982863664627
2495,4.0,-6.0,10,Hero,0.919133847951889,0.9999979853630065
2496,4.2,-5.8,8,Hero,0.7710986770689487,0.9999999701976776
2497,3.6000000000000005,-6.3999999999999995,14,Hero,0.7624157262699944,0.9993773400783539
2498,-5.1,4.9,1,Villain,0.9978591799736023,1.0
2499,4.300000000000001,-5.699999999999999,7,Hero,0.9822997876576015,0.9999998978206089
2500,-5.3,4.7,3,Villain,0.6197332243124644,0.9999988873799642
2501,3.5,-6.5,15,Hero,0.6901486565669378,0.9999841292699178
2502,4.7,-5.3,3,Hero,0.7385552922884623,0.9999999602635702
2503,4.2,-5.8,8,Hero,0.9885438978672028,0.9998947158455849
2504,3.9000000000000004,-6.1,11,Hero,0.7853482121771033,0.9999988404187289
2505,-5.199999999999999,4.800000000000001,2,Villain,0.6258364319801331,0.9999938011169434
2506,4.2,-5.8,8,Hero,0.7869263384491205,0.9995916485786438
2507,3.4000000000000004,-6.6,16,Hero,0.7131420578807592,0.9999993965029716
2508,3.6000000000000005,-6.3999999999999995,14,Hero,0.6989396257059914,0.9999763028962272
2509,4.6000000000000005,-5.3999999999999995,4,Hero,0.9850175231695175,0.9999984502792358
2510,4.300000000000001,-5.699999999999999,7,Hero,0.9898692114012582,0.9999994891030448
2511,-5.1,4.9,1,Villain,0.9545197486877441,0.999843955039978
2512,4.5,-5.5,5,Hero,0.842874962091446,0.9999980926513672
2513,3.7,-6.3,13,Hero,0.6028301263084779,0.9995183944702148
2514,3.5,-6.5,15,Hero,0.6331040968497594,0.9999993085861206
2515,2.9,-7.1,21,Hero,0.8000283879893166,0.9999999148505074
2516,3.6000000000000005,-6.3999999999999995,14,Hero,0.7358516603708267,0.9990105245794568
2517,3.5,-6.5,15,Hero,0.7384743491808573,0.9992704470952352
2518,3.6000000000000005,-6.3999999999999995,14,Hero,0.7534516858203071,0.9999999914850507
2519,3.6000000000000005,-6.3999999999999995,14,Hero,0.6727486492267677,0.9999999914850507
2520,-5.699999999999999,4.300000000000001,7,Villain,0.9927785822323391,0.9999999148505074
2521,4.0,-6.0,10,Hero,0.9206483602523804,0.9952317118644715
2522,3.6000000000000005,-6.3999999999999995,14,Hero,0.6457646946821894,0.992019772529602
2523,3.6000000000000005,-6.3999999999999995,14,Hero,0.7402058052165168,0.9969683928149087
2524,4.800000000000001,-5.199999999999999,2,Hero,0.7388697564601898,0.9999717473983765
2525,3.8000000000000007,-6.199999999999999,12,Hero,0.7287666673461596,0.9999986688296
2526,4.9,-5.1,1,Hero,0.9016708135604858,0.9999845027923584
2527,4.7,-5.3,3,Hero,0.6550308529598018,1.0
2528,4.1000000000000005,-5.8999999999999995,9,Hero,0.8024965226650238,0.9999468657705519
2529,3.9000000000000004,-6.1,11,Hero,0.8214805871248245,0.9990679567510431
2530,4.5,-5.5,5,Hero,0.7565896034240722,0.9999302387237549
2531,-5.8,4.2,8,Villain,0.8722391450282885,1.0
2532,4.5,-5.5,5,Hero,0.6577950298786164,0.9997615456581116
2533,4.6000000000000005,-5.3999999999999995,4,Hero,0.6394039019942284,0.9999989569187164
2534,4.0,-6.0,10,Hero,0.909210330247879,0.9997970163822174
2535,3.9000000000000004,-6.1,11,Hero,0.8047125231135975,0.9999997399070046
2536,3.8000000000000007,-6.199999999999999,12,Hero,0.7612882728377978,0.9999999205271403
2537,4.2,-5.8,8,Hero,0.7340267151594162,0.9999993592500687
2538,4.1000000000000005,-5.8999999999999995,9,Hero,0.7830638289451599,0.9999978012508817
2539,4.300000000000001,-5.699999999999999,7,Hero,0.7609841057232448,0.9988232510430473
2540,-5.1,4.9,1,Villain,0.8063578605651855,0.999998927116394
2541,4.4,-5.6,6,Hero,0.7632237672805786,0.9999993244806925
2542,-4.999999999999998,-4.999999999999998,50,None,0.8922531992197037,0.9999999904632568
2543,-4.999999999999998,-4.999999999999998,50,None,0.8678135412931443,0.9999767017364501
2544,2.3999999999999995,-7.6000000000000005,26,Hero,0.852378945511121,0.9999910730582017
2545,2.3999999999999995,-7.6000000000000005,26,Hero,0.8375067233752745,0.9999990325707656
2546,4.9,-5.1,1,Hero,0.9979362487792969,0.9999978542327881
2547,2.8,-7.2,22,Hero,0.7511852254921739,0.9999775371768258
2548,2.4999999999999996,-7.5,25,Hero,0.774037906229496,0.9999750971794128
2549,1.9999999999999991,-8.0,30,Hero,0.7290006805211305,0.998713227113088
2550,-4.999999999999998,-4.999999999999998,50,None,0.9710430873930455,0.9999999904632568
2551,3.3,-6.7,17,Hero,0.6935634157236885,0.999883350204019
2552,-4.999999999999998,-4.999999999999998,50,None,0.8805132015794516,0.9999997186660766
2553,3.0999999999999996,-6.9,19,Hero,0.7067479565739632,0.9997221513798362
2554,0.20000000000000107,-9.799999999999999,48,Hero,0.8882680662403194,0.9999999677141508
2555,4.6000000000000005,-5.3999999999999995,4,Hero,0.8345550000667572,0.9999939501285553
2556,-4.999999999999998,-4.999999999999998,50,None,0.914575414955616,0.9999999594688416
2557,3.9000000000000004,-6.1,11,Hero,0.6321879408576272,0.999893540685827
2558,4.1000000000000005,-5.8999999999999995,9,Hero,0.8234842270612717,0.9991737802823385
2559,4.0,-6.0,10,Hero,0.7077490806579589,0.9993826746940613
2560,4.1000000000000005,-5.8999999999999995,9,Hero,0.75174147884051,0.999997059504191
2561,-5.5,4.5,5,Villain,0.9999349474906921,1.0
2562,-5.3,4.7,3,Villain,0.9823657870292664,0.9999984502792358
2563,4.7,-5.3,3,Hero,0.9659937421480814,0.9999944766362509
2564,4.9,-5.1,1,Hero,0.9941073656082153,0.9999923706054688
2565,4.0,-6.0,10,Hero,0.6929374128580094,0.9999974846839905
2566,3.6000000000000005,-6.3999999999999995,14,Hero,0.6958177579300744,0.999813015971865
2567,4.5,-5.5,5,Hero,0.9998260021209717,0.999999737739563
2568,4.4,-5.6,6,Hero,0.9998361170291901,0.9999996622403463
2569,3.0999999999999996,-6.9,19,Hero,0.6674895689847242,0.9999867426721674
2570,3.7,-6.3,13,Hero,0.7049021560412186,0.9999943513136643
2571,3.9000000000000004,-6.1,11,Hero,0.7762335186654871,0.999999924139543
2572,4.9,-5.1,1,Hero,0.9925764203071594,0.9999793767929077
2573,-5.1,4.9,1,Villain,0.9998859167098999,1.0
2574,4.1000000000000005,-5.8999999999999995,9,Hero,0.6958326184087329,0.9998765918943617
2575,2.8,-7.2,22,Hero,0.7510787566954439,0.9999999133023348
2576,-5.6,4.4,6,Villain,0.9999692241350809,0.9999997814496359
2577,4.7,-5.3,3,Hero,0.9827192227045695,0.9999919335047404
2578,-5.6,4.4,6,Villain,0.9999097585678101,0.9999998609224955
2579,-5.5,4.5,5,Villain,0.5961307644844055,0.9999963283538819
2580,4.300000000000001,-5.699999999999999,7,Hero,0.6030894954289708,0.9999947888510567
2581,4.7,-5.3,3,Hero,0.9963236451148987,0.9999962647755941
2582,4.6000000000000005,-5.3999999999999995,4,Hero,0.7905944883823395,0.9999998509883881
2583,4.6000000000000005,-5.3999999999999995,4,Hero,0.9633751958608627,0.9999953806400299
2584,4.1000000000000005,-5.8999999999999995,9,Hero,0.7495509717199538,0.9999814563327365
2585,3.6000000000000005,-6.3999999999999995,14,Hero,0.6705354750156403,0.9999999914850507
2586,3.4000000000000004,-6.6,16,Hero,0.6973085217177868,0.9999944120645523
2587,4.2,-5.8,8,Hero,0.8718765061348677,0.9993249401450157
2588,3.8000000000000007,-6.199999999999999,12,Hero,0.6943794613083204,0.9963490863641103
2589,4.1000000000000005,-5.8999999999999995,9,Hero,0.6989749504460229,0.9999983310699463
2590,4.1000000000000005,-5.8999999999999995,9,Hero,0.8771755927138858,0.9999954170650907
2591,3.8000000000000007,-6.199999999999999,12,Hero,0.7090436915556589,0.9999341666698456
2592,3.7,-6.3,13,Hero,0.6906004272974454,0.9999122986426721
2593,4.2,-5.8,8,Hero,0.9718924388289452,0.9999991655349731
2594,-5.3,4.7,3,Villain,0.9951934218406677,0.999999205271403
2595,4.6000000000000005,-5.3999999999999995,4,Hero,0.7061715936288238,0.9999999701976776
2596,4.300000000000001,-5.699999999999999,7,Hero,0.7378024799483163,0.9999965940202985
2597,3.9000000000000004,-6.1,11,Hero,0.6405364952304147,0.9999998374418779
2598,4.1000000000000005,-5.8999999999999995,9,Hero,0.6826748566495048,0.9999881055619981
2599,3.6000000000000005,-6.3999999999999995,14,Hero,0.7249784384454999,0.9998149786676679
2600,3.9000000000000004,-6.1,11,Hero,0.8750277432528409,0.9999923380938444
2601,3.2,-6.8,18,Hero,0.7758201509714127,0.9998566210269928
2602,4.5,-5.5,5,Hero,0.7466041356325149,0.9999999761581421
2603,4.6000000000000005,-5.3999999999999995,4,Hero,0.6609356999397278,0.9999997913837433
2604,3.3,-6.7,17,Hero,0.7825182588661418,0.9994392745635089
2605,1.5999999999999988,-8.400000000000002,34,Hero,0.8727388182545409,0.9943797535756055
2606,2.8,-7.2,22,Hero,0.7452581639994275,0.9999975670467723
2607,4.2,-5.8,8,Hero,0.7261481806635857,0.9999959468841553
2608,4.2,-5.8,8,Hero,0.9990221858024597,0.9999999403953552
2609,4.300000000000001,-5.699999999999999,7,Hero,0.7560252121516636,0.9999956233160836
2610,3.9000000000000004,-6.1,11,Hero,0.7033731151710857,0.9995808872309598
2611,4.0,-6.0,10,Hero,0.7473132997751236,0.9999999880790711
2612,4.300000000000001,-5.699999999999999,7,Hero,0.7537560335227421,0.9999841111046928
2613,3.6000000000000005,-6.3999999999999995,14,Hero,0.6980640888214111,0.9999821356364659
2614,4.1000000000000005,-5.8999999999999995,9,Hero,0.8170962797270881,0.9999913507037692
2615,3.9000000000000004,-6.1,11,Hero,0.6738446036523039,0.999999924139543
2616,3.6000000000000005,-6.3999999999999995,14,Hero,0.7473896060671125,0.9999801005635943
2617,4.4,-5.6,6,Hero,0.9675303200880686,0.9999998211860657
2618,3.5,-6.5,15,Hero,0.6765918970108032,0.9998171846071879
2619,3.8000000000000007,-6.199999999999999,12,Hero,0.7169172267119089,0.9999138712882996
2620,3.5,-6.5,15,Hero,0.7639021654923757,0.9418912053108215
2621,4.300000000000001,-5.699999999999999,7,Hero,0.9527131404195514,0.9999950783593314
2622,3.8000000000000007,-6.199999999999999,12,Hero,0.742202648272117,0.9999980727831522
2623,3.8000000000000007,-6.199999999999999,12,Hero,0.6856892059246699,0.9992991735537847
2624,4.6000000000000005,-5.3999999999999995,4,Hero,0.9966111034154892,0.9999999403953552
2625,3.2,-6.8,18,Hero,0.6509931331707371,0.9999991721577115
2626,3.7,-6.3,13,Hero,0.7482620592300708,0.9999935260185828
2627,4.1000000000000005,-5.8999999999999995,9,Hero,0.8150198012590408,0.999506930510203
2628,3.7,-6.3,13,Hero,0.6019089717704517,0.9941414869748629
2629,3.6000000000000005,-6.3999999999999995,14,Hero,0.7919709320579257,0.9999972837311881
2630,4.4,-5.6,6,Hero,0.8708319365978241,1.0
2631,3.2,-6.8,18,Hero,0.6833771943218179,0.9969970418347253
2632,4.1000000000000005,-5.8999999999999995,9,Hero,0.8851420945591397,0.999997059504191
2633,-5.8,4.2,8,Villain,0.7178183235228062,1.0
2634,3.6000000000000005,-6.3999999999999995,14,Hero,0.7970724095191274,0.9999860525131226
2635,4.4,-5.6,6,Hero,0.9954548279444376,0.9998859365781149
2636,4.1000000000000005,-5.8999999999999995,9,Hero,0.9567128088739183,0.9999893638822768
2637,4.2,-5.8,8,Hero,0.6398428678512573,0.9999659210443497
2638,4.300000000000001,-5.699999999999999,7,Hero,0.8068906366825104,0.9999132922717503
2639,3.3,-6.7,17,Hero,0.6824634899111355,0.999998969190261
2640,3.8000000000000007,-6.199999999999999,12,Hero,0.624014362692833,0.9999990860621134
2641,4.0,-6.0,10,Hero,0.736079427599907,0.9998959243297577
2642,-5.5,4.5,5,Villain,0.9284566760063171,0.9999996185302734
2643,3.4000000000000004,-6.6,16,Hero,0.7016890691593289,0.9999997392296791
2644,4.4,-5.6,6,Hero,0.6976618468761444,0.9999972780545553
2645,4.5,-5.5,5,Hero,0.8053400039672851,0.9999819040298462
2646,4.300000000000001,-5.699999999999999,7,Hero,0.9191269108227321,0.9999949761799404
2647,4.800000000000001,-5.199999999999999,2,Hero,0.9818734526634216,0.9999995827674866
2648,4.300000000000001,-5.699999999999999,7,Hero,0.6936197621481759,0.9999630110604423
2649,4.2,-5.8,8,Hero,0.9957546591758728,0.9999684318900108
2650,4.7,-5.3,3,Hero,0.9872457385063171,0.9999987681706747
2651,3.7,-6.3,13,Hero,0.7722127024944012,0.9999804771863497
2652,4.4,-5.6,6,Hero,0.6848209450642267,0.9999961853027344
2653,4.2,-5.8,8,Hero,0.6447414746508002,1.0
2654,4.300000000000001,-5.699999999999999,7,Hero,0.7166965688977923,0.99994067634855
2655,3.2,-6.8,18,Hero,0.6750592506594129,0.9999997748268975
2656,3.2,-6.8,18,Hero,0.7334083476000361,0.9999745421939426
2657,4.1000000000000005,-5.8999999999999995,9,Hero,0.999047060807546,0.9943415257665846
2658,3.7,-6.3,13,Hero,0.7979480578349187,0.9999847137011014
2659,2.8,-7.2,22,Hero,0.7288454337553545,0.9992920675060966
2660,4.1000000000000005,-5.8999999999999995,9,Hero,0.6813312636481391,0.9999998145633273
2661,3.0999999999999996,-6.9,19,Hero,0.6459691060314837,0.9799501331228959
2662,4.1000000000000005,-5.8999999999999995,9,Hero,0.8760699894693162,0.9998869034979079
2663,4.7,-5.3,3,Hero,0.6654652853806814,0.9999997615814209
2664,4.300000000000001,-5.699999999999999,7,Hero,0.9826047250202724,0.9999991144452777
2665,3.8000000000000007,-6.199999999999999,12,Hero,0.7101670478781065,0.9999992847442627
2666,4.0,-6.0,10,Hero,0.8863625153899193,0.9999853730201721
2667,4.7,-5.3,3,Hero,0.7202791571617126,0.9999611775080363
2668,3.9000000000000004,-6.1,11,Hero,0.8459266911853444,0.9999996532093395
2669,4.0,-6.0,10,Hero,0.8877413094043731,0.9999996066093445
2670,4.2,-5.8,8,Hero,0.6943185292184353,0.9999998956918716
2671,3.4000000000000004,-6.6,16,Hero,0.6893368326127529,0.9999978095293045
2672,3.8000000000000007,-6.199999999999999,12,Hero,0.7235838895042738,0.9999999105930328
2673,3.3,-6.7,17,Hero,0.7266709918484968,0.993375441607307
2674,4.7,-5.3,3,Hero,0.9499786694844564,0.9999999602635702
2675,3.6000000000000005,-6.3999999999999995,14,Hero,0.6582209976123912,0.9985439223902566
2676,4.6000000000000005,-5.3999999999999995,4,Hero,0.7220402508974075,0.9999795854091644
2677,3.6000000000000005,-6.3999999999999995,14,Hero,0.7488100856010403,0.9999870147023883
2678,4.2,-5.8,8,Hero,0.7882620692253113,0.9999974220991135
2679,4.9,-5.1,1,Hero,0.9537272453308105,0.9999996423721313
2680,-5.8,4.2,8,Villain,0.997864805161953,1.0
2681,4.300000000000001,-5.699999999999999,7,Hero,0.6995090906109128,0.9994782379695347
2682,4.2,-5.8,8,Hero,0.8318215273320675,0.9999984800815582
2683,3.5,-6.5,15,Hero,0.7789116223653157,0.9985281825065613
2684,3.6000000000000005,-6.3999999999999995,14,Hero,0.7116892603891236,0.9396207545484815
2685,4.0,-6.0,10,Hero,0.8077038928866387,0.9999981045722961
2686,3.7,-6.3,13,Hero,0.6745411902666092,0.9999897296612079
2687,4.4,-5.6,6,Hero,0.8397330840428671,0.9999987085660299
2688,3.5,-6.5,15,Hero,0.728090771039327,0.9992307901382447
2689,-5.3999999999999995,4.6000000000000005,4,Villain,0.8343784809112549,0.9998003542423248
2690,3.4000000000000004,-6.6,16,Hero,0.714235482737422,0.9999999180436134
2691,3.8000000000000007,-6.199999999999999,12,Hero,0.8518233746290207,0.9772017598152161
2692,4.300000000000001,-5.699999999999999,7,Hero,0.7335367160184043,0.9998929670878819
2693,4.4,-5.6,6,Hero,0.8179516643285751,0.9999960660934448
2694,3.5,-6.5,15,Hero,0.7076058348019918,0.9959114352862041
2695,3.4000000000000004,-6.6,16,Hero,0.7013974394649267,0.9999540373682976
2696,4.0,-6.0,10,Hero,0.6633807629346847,0.999937105178833
2697,4.2,-5.8,8,Hero,0.7959857769310474,0.9999959468841553
2698,4.0,-6.0,10,Hero,0.6951497003436089,0.9996532618999481
2699,-6.199999999999999,3.8000000000000007,12,Villain,0.6442740944524606,0.9999986588954926
2700,4.2,-5.8,8,Hero,0.7102710772305727,0.9999802112579346
2701,4.0,-6.0,10,Hero,0.7619056180119514,0.9999986529350281
2702,4.0,-6.0,10,Hero,0.507279134914279,0.9999993085861206
2703,3.0999999999999996,-6.9,19,Hero,0.8712587207555771,0.9857197968583358
2704,-4.999999999999998,-4.999999999999998,50,None,0.9142351168394088,0.9999950814247132
2705,3.3,-6.7,17,Hero,0.8119210960233912,0.9999270263840171
2706,-5.8,4.2,8,Villain,0.7430427931249142,0.9999957978725433
2707,2.1999999999999993,-7.800000000000001,28,Hero,0.8247870962534632,0.9999998978206089
2708,2.8,-7.2,22,Hero,0.6905316544527357,0.9996291697025299
2709,-4.999999999999998,-4.999999999999998,50,None,0.9622132027149201,0.9999997615814209
2710,1.6999999999999988,-8.3,33,Hero,0.7434130218444448,0.9998997467936892
2711,4.0,-6.0,10,Hero,0.6144121199846267,0.9999817132949829
2712,3.5,-6.5,15,Hero,0.65142014225324,0.9999820550282796
2713,-5.8,4.2,8,Villain,0.8654142357409,0.9999982863664627
2714,3.9000000000000004,-6.1,11,Hero,0.6801863177256151,0.9999756813049316
2715,-6.199999999999999,3.8000000000000007,12,Villain,0.8442357728878657,0.9999978542327881
2716,3.8000000000000007,-6.199999999999999,12,Hero,0.8700088163216909,0.9942474961280823
2717,4.1000000000000005,-5.8999999999999995,9,Hero,0.7581898876362376,0.9999993642171224
2718,4.6000000000000005,-5.3999999999999995,4,Hero,0.7646363899111748,0.99909907579422
2719,3.0,-7.0,20,Hero,0.6834504760801792,0.9999969005584717
2720,-5.699999999999999,4.300000000000001,7,Villain,0.7086162780012403,1.0
2721,4.2,-5.8,8,Hero,0.8199006728827953,0.999998927116394
2722,3.5,-6.5,15,Hero,0.7560967415571213,0.9999699393908182
2723,4.300000000000001,-5.699999999999999,7,Hero,0.5659183721457209,0.9999991825648716
2724,4.9,-5.1,1,Hero,0.9621771574020386,0.9999980926513672
2725,3.9000000000000004,-6.1,11,Hero,0.5858674537051808,0.9999991005117242
2726,4.1000000000000005,-5.8999999999999995,9,Hero,0.7586389482021332,0.9999983972973294
2727,4.300000000000001,-5.699999999999999,7,Hero,0.733336159161159,0.9999551517622811
2728,3.5,-6.5,15,Hero,0.6432765843967597,0.9990324298540751
2729,-5.8,4.2,8,Villain,0.6238230625167489,0.9999990463256836
2730,3.9000000000000004,-6.1,11,Hero,0.6773830665783449,0.9999490597031333
2731,3.3,-6.7,17,Hero,0.7622602301485398,0.9999186396598816
2732,4.2,-5.8,8,Hero,0.720224566757679,0.9999905377626419
2733,-5.1,4.9,1,Villain,0.9905954599380493,0.9999847412109375
2734,4.1000000000000005,-5.8999999999999995,9,Hero,0.759851485490799,0.9993832376268175
2735,4.5,-5.5,5,Hero,0.7719901144504547,0.9999948024749756
2736,3.3,-6.7,17,Hero,0.6959134226336199,0.9917532836689669
2737,-5.3,4.7,3,Villain,0.6718432307243347,1.0
2738,3.8000000000000007,-6.199999999999999,12,Hero,0.7231106013059616,0.9999910096327463
2739,4.0,-6.0,10,Hero,0.6279343143105507,0.9999943256378174
2740,4.4,-5.6,6,Hero,0.8000525236129761,0.9999913771947225
2741,4.300000000000001,-5.699999999999999,7,Hero,0.7210412642785481,0.9999990974153791
2742,4.6000000000000005,-5.3999999999999995,4,Hero,0.9297121465206146,0.9999802112579346
2743,4.2,-5.8,8,Hero,0.8511712178587914,0.9998712837696075
2744,4.7,-5.3,3,Hero,0.6618803056577841,0.9999986489613851
2745,4.0,-6.0,10,Hero,0.937227314710617,0.966313260793686
2746,4.7,-5.3,3,Hero,0.7821369171142578,0.9993581970532736
2747,3.5,-6.5,15,Hero,0.6721040229002635,0.9978307803471883
2748,4.4,-5.6,6,Hero,0.7247709135214487,0.999936173359553
2749,4.6000000000000005,-5.3999999999999995,4,Hero,0.7938227355480194,0.9999976754188538
2750,3.8000000000000007,-6.199999999999999,12,Hero,0.7671001801888148,0.999995489915212
2751,-5.6,4.4,6,Villain,0.621893455584844,0.9999965826670328
2752,4.0,-6.0,10,Hero,0.8901676118373871,0.9999986410140991
2753,-5.6,4.4,6,Villain,0.6516945896049341,0.9999810854593912
2754,4.4,-5.6,6,Hero,0.6611874550580978,0.9999954104423523
2755,3.3,-6.7,17,Hero,0.7513315397150376,0.999999579261331
2756,2.9,-7.1,21,Hero,0.6012863721081798,0.9999522112664723
2757,1.6999999999999988,-8.3,33,Hero,0.9339564047528036,0.9999101956685384
2758,0.3000000000000007,-9.7,47,Hero,0.8454106054566008,0.998675120637772
2759,2.5999999999999996,-7.4,24,Hero,0.7429185255120198,0.9999951869249344
2760,1.7763568394002505e-15,-9.999999999999998,50,Hero,0.8979693534225226,0.9967409229278564
2761,2.2999999999999994,-7.700000000000001,27,Hero,0.7193622607047911,0.9999564974396317
2762,0.7999999999999989,-9.200000000000001,42,Hero,0.8473860199252764,0.9999295402140844
2763,3.6000000000000005,-6.3999999999999995,14,Hero,0.731645479798317,0.9999626960073199
2764,3.6000000000000005,-6.3999999999999995,14,Hero,0.6034814654683162,0.9997998092855725
2765,4.0,-6.0,10,Hero,0.6541182339191437,0.9999963521957398
2766,3.7,-6.3,13,Hero,0.6537559261688819,0.9936341138986441
2767,3.7,-6.3,13,Hero,0.6935320250116862,0.9999971206371601
2768,3.9000000000000004,-6.1,11,Hero,0.6724737367846749,0.999988620931452
2769,3.5,-6.5,15,Hero,0.6315736095110576,0.9999982515970866
2770,4.7,-5.3,3,Hero,0.9955621759096781,0.9999980529149374
2771,4.1000000000000005,-5.8999999999999995,9,Hero,0.8367323345608182,0.9999589323997498
2772,4.2,-5.8,8,Hero,0.6367590203881264,0.9999911189079285
2773,3.6000000000000005,-6.3999999999999995,14,Hero,0.6413528638492737,0.99770787358284
2774,4.0,-6.0,10,Hero,0.8686366707086564,0.999999749660492
2775,3.9000000000000004,-6.1,11,Hero,0.6897811632264744,0.9999602437019348
2776,3.8000000000000007,-6.199999999999999,12,Hero,0.7989661519726118,0.9999967614809672
2777,3.9000000000000004,-6.1,11,Hero,0.672089622779326,0.9999955567446622
2778,3.8000000000000007,-6.199999999999999,12,Hero,0.8079445660114288,0.9999970297018687
2779,4.1000000000000005,-5.8999999999999995,9,Hero,0.6556586391395993,0.9999875360065036
2780,3.5,-6.5,15,Hero,0.646974815055728,0.9954974333445231
2781,3.9000000000000004,-6.1,11,Hero,0.810380987145684,0.9999880790710449
2782,3.7,-6.3,13,Hero,0.659180237696721,0.9999989546262301
2783,4.1000000000000005,-5.8999999999999995,9,Hero,0.7891790270805359,0.9999251498116387
2784,4.0,-6.0,10,Hero,0.7253986865282058,0.9999442458152771
2785,4.2,-5.8,8,Hero,0.6407603695988655,0.9998880848288536
2786,3.7,-6.3,13,Hero,0.7435698966280773,0.9535152499492352
2787,4.0,-6.0,10,Hero,0.838156595826149,0.9812901020050049
2788,4.4,-5.6,6,Hero,0.6639628720780214,0.9999139408270518
2789,3.2,-6.8,18,Hero,0.7129866199360954,0.9997283816337585
2790,4.300000000000001,-5.699999999999999,7,Hero,0.9833574720791408,0.9645393235342843
2791,4.6000000000000005,-5.3999999999999995,4,Hero,0.7870898991823196,0.99997878074646
2792,4.1000000000000005,-5.8999999999999995,9,Hero,0.9061781300438775,0.9999978807237413
2793,4.2,-5.8,8,Hero,0.6881295405328274,0.9999987781047821
2794,4.2,-5.8,8,Hero,0.7533053774386644,0.9972147271037102
2795,4.1000000000000005,-5.8999999999999995,9,Hero,0.7013766302002801,0.9996412793795267
2796,4.4,-5.6,6,Hero,0.7198006014029185,0.9999992251396179
2797,3.6000000000000005,-6.3999999999999995,14,Hero,0.6419976236564773,0.9999949846948896
2798,4.300000000000001,-5.699999999999999,7,Hero,0.8158530678067889,0.9999403187206813
2799,-5.3,4.7,3,Villain,0.9579107960065206,0.9988176027933756
2800,3.6000000000000005,-6.3999999999999995,14,Hero,0.7358619496226311,0.9943911688668388
2801,3.4000000000000004,-6.6,16,Hero,0.730449509806931,0.9994743652641773
2802,3.7,-6.3,13,Hero,0.6466647592874674,0.9976205138059763
2803,4.0,-6.0,10,Hero,0.8500910922884941,0.9984878182411194
2804,3.4000000000000004,-6.6,16,Hero,0.6563071645796299,0.9854710809886456
2805,4.800000000000001,-5.199999999999999,2,Hero,0.9390305876731873,0.9999984502792358
2806,4.300000000000001,-5.699999999999999,7,Hero,0.7884521058627537,0.9985062394823346
2807,4.300000000000001,-5.699999999999999,7,Hero,0.7346317427498954,0.9998912300382342
2808,-5.699999999999999,4.300000000000001,7,Villain,0.7508103677204677,0.9999998978206089
2809,-5.8999999999999995,4.1000000000000005,9,Villain,0.6966496739122603,0.999977707862854
2810,3.9000000000000004,-6.1,11,Hero,0.5890198295766657,0.9882102446122603
2811,4.9,-5.1,1,Hero,0.9251850843429565,0.9999340772628784
2812,3.4000000000000004,-6.6,16,Hero,0.7191645111888647,0.9999913796782494
2813,3.3,-6.7,17,Hero,0.636193308102734,0.9937884772525114
2814,4.1000000000000005,-5.8999999999999995,9,Hero,0.7751144303215874,0.9999674028820462
2815,4.1000000000000005,-5.8999999999999995,9,Hero,0.7480660147137113,0.9999938408533732
2816,4.0,-6.0,10,Hero,0.883256483078003,0.9917741894721985
2817,3.5,-6.5,15,Hero,0.7032653470834096,0.9999457637468974
2818,3.7,-6.3,13,Hero,0.7961133741415464,0.9999364155989426
2819,4.300000000000001,-5.699999999999999,7,Hero,0.6420648310865674,0.9999936478478568
2820,4.300000000000001,-5.699999999999999,7,Hero,0.6678597671645028,0.9999785934175763
2821,4.300000000000001,-5.699999999999999,7,Hero,0.687174814088004,0.9999031339372907
2822,4.800000000000001,-5.199999999999999,2,Hero,0.5509505718946457,0.99966099858284
2823,4.2,-5.8,8,Hero,0.9035224243998528,0.9998361468315125
2824,4.2,-5.8,8,Hero,0.5851541981101036,0.9999825209379196
2825,4.1000000000000005,-5.8999999999999995,9,Hero,0.8641884128252665,0.9999995893902249
2826,3.4000000000000004,-6.6,16,Hero,0.6452902406454086,0.9983753971755505
2827,4.6000000000000005,-5.3999999999999995,4,Hero,0.9496928453445435,0.9999995827674866
2828,4.2,-5.8,8,Hero,0.8689312525093555,0.9999104589223862
2829,4.6000000000000005,-5.3999999999999995,4,Hero,0.7231151014566422,0.9999545812606812
2830,3.6000000000000005,-6.3999999999999995,14,Hero,0.6726213980998311,0.9979547304766518
2831,3.7,-6.3,13,Hero,0.6484912072236722,0.9996174711447495
2832,-6.7,3.3,17,Villain,0.7051225672749912,0.9999874479630414
2833,3.3,-6.7,17,Hero,0.7147458914448234,0.9993966677609611
2834,3.8000000000000007,-6.199999999999999,12,Hero,0.8070081919431686,0.9962038447459539
2835,3.3,-6.7,17,Hero,0.6577977830105844,0.8865383569808567
2836,4.1000000000000005,-5.8999999999999995,9,Hero,0.993014309141371,0.9973567856682671
2837,3.9000000000000004,-6.1,11,Hero,0.6100230995904316,0.9999897696755149
2838,4.5,-5.5,5,Hero,0.9579543352127076,0.9999929189682006
2839,-5.6,4.4,6,Villain,0.839333102107048,0.9999611576398214
2840,4.0,-6.0,10,Hero,0.9391579270362854,0.9995785236358643
2841,4.2,-5.8,8,Hero,0.6887377742677927,0.9999786168336868
2842,3.8000000000000007,-6.199999999999999,12,Hero,0.7307957882682482,0.9999959667523702
2843,4.1000000000000005,-5.8999999999999995,9,Hero,0.8065638409720527,0.999993536207411
2844,3.8000000000000007,-6.199999999999999,12,Hero,0.6944574937224388,0.9998288999001185
2845,3.7,-6.3,13,Hero,0.6768375474673051,0.9998996899678156
2846,4.5,-5.5,5,Hero,0.7209059655666351,0.9989921450614929
2847,3.4000000000000004,-6.6,16,Hero,0.7824547532945871,0.9998959228396416
2848,4.7,-5.3,3,Hero,0.8817414244016012,0.9999950726826986
2849,3.7,-6.3,13,Hero,0.8214736168201153,0.9963142826006963
2850,3.4000000000000004,-6.6,16,Hero,0.770023051649332,0.9962072037160397
2851,-5.699999999999999,4.300000000000001,7,Villain,0.8171827388661248,0.9999932050704956
2852,4.2,-5.8,8,Hero,0.8737511429935694,0.9998488128185272
2853,3.8000000000000007,-6.199999999999999,12,Hero,0.7198464423418045,0.9993698944648107
2854,4.0,-6.0,10,Hero,0.6533612102270127,0.9999734997749329
2855,4.0,-6.0,10,Hero,0.7944831103086472,0.9999516904354095
2856,4.2,-5.8,8,Hero,0.9276903867721558,0.9987249299883842
2857,4.6000000000000005,-5.3999999999999995,4,Hero,0.6796684563159943,0.9998553097248077
2858,3.5,-6.5,15,Hero,0.6269436587889989,0.9999998648961385
2859,3.4000000000000004,-6.6,16,Hero,0.6975923553109169,0.9999225698411465
2860,4.6000000000000005,-5.3999999999999995,4,Hero,0.8083549290895462,0.9994902461767197
2861,-5.699999999999999,4.300000000000001,7,Villain,0.8889112515108926,0.9999989441462925
2862,4.6000000000000005,-5.3999999999999995,4,Hero,0.9912182539701462,0.9999687671661377
2863,1.7763568394002505e-15,-9.999999999999998,50,Hero,0.8201926290988922,0.9999984812736511
2864,4.9,-5.1,1,Hero,0.5963045954704285,0.9999938011169434
2865,3.5,-6.5,15,Hero,0.7322310149669647,0.9999087254206339
2866,-6.3,3.7,13,Villain,0.7293296141120104,0.9999986795278696
2867,-5.1,4.9,1,Villain,0.7527255415916443,0.9999997615814209
2868,-4.999999999999998,-4.999999999999998,50,None,0.8941380545496941,0.9999981999397278
2869,-8.700000000000001,1.2999999999999985,37,Villain,0.7882102469385073,0.9999989206726486
2870,-4.999999999999998,-4.999999999999998,50,None,0.9154370623826981,0.9999994659423828
2871,-4.999999999999998,-4.999999999999998,50,None,0.8791279026865959,0.9999999952316284
2872,-5.5,4.5,5,Villain,0.8026711463928222,0.9999919176101685
2873,-5.8999999999999995,4.1000000000000005,9,Villain,0.8218855294916365,0.999800443649292
2874,-4.999999999999998,-4.999999999999998,50,None,0.955936012789607,0.9999999117851257
2875,4.9,-5.1,1,Hero,0.9613385796546936,0.9998382329940796
2876,4.4,-5.6,6,Hero,0.999698539574941,0.9999445180098215
2877,-4.999999999999998,-4.999999999999998,50,None,0.8902440962195396,0.9999997758865357
2878,-4.999999999999998,-4.999999999999998,50,None,0.8244689448177814,0.9999975323677063
2879,-4.999999999999998,-4.999999999999998,50,None,0.931898494437337,0.999985728263855
2880,-4.999999999999998,-4.999999999999998,50,None,0.8724924182891846,0.9999863886833191
2881,2.4999999999999996,-7.5,25,Hero,0.8607254683971405,0.999923677444458
2882,4.0,-6.0,10,Hero,0.65445936024189,0.9999840736389161
2883,-4.999999999999998,-4.999999999999998,50,None,0.9529539273679256,0.9999997925758362
2884,2.099999999999999,-7.9,29,Hero,0.8439405796856716,0.9999947465699295
2885,1.899999999999999,-8.100000000000001,31,Hero,0.8432982588006604,0.9999712532566439
2886,3.5,-6.5,15,Hero,0.7589584052562713,0.9997336467107137
2887,3.4000000000000004,-6.6,16,Hero,0.7587923379614949,0.9993092827498913
2888,-4.999999999999998,-4.999999999999998,50,None,0.9783060574531555,0.9999999451637268
2889,-5.5,4.5,5,Villain,0.6452914178371429,0.9999997854232788
2890,2.2999999999999994,-7.700000000000001,27,Hero,0.7798102812634574,0.9999904897477891
2891,-5.1,4.9,1,Villain,0.9936250448226929,0.9999843835830688
2892,2.6999999999999997,-7.300000000000001,23,Hero,0.7843223013307737,0.9999930340310802
2893,-4.999999999999998,-4.999999999999998,50,None,0.9976840317249298,0.9999999904632568
2894,-4.999999999999998,-4.999999999999998,50,None,0.8561050528287888,0.9999999952316284
2895,3.3,-6.7,17,Hero,0.7320116512915668,0.999961751348832
2896,-5.6,4.4,6,Villain,0.7631305456161499,0.9999946753184
2897,-4.999999999999998,-4.999999999999998,50,None,0.9937062287330627,0.9999997186660766
2898,3.9000000000000004,-6.1,11,Hero,0.7973243682221933,0.9999918937683105
2899,4.1000000000000005,-5.8999999999999995,9,Hero,0.8161312573485904,0.9963829649819268
2900,4.5,-5.5,5,Hero,0.7362758100032807,0.9998220086097718
2901,0.5999999999999996,-9.4,44,Hero,0.7984098443253473,0.9999995583837683
2902,4.300000000000001,-5.699999999999999,7,Hero,0.9543717588697161,0.9999890838350568
2903,3.7,-6.3,13,Hero,0.6996374921156809,0.9999618667822617
2904,4.0,-6.0,10,Hero,0.6066382192075253,0.9977963685989379
2905,4.0,-6.0,10,Hero,0.7020921349525452,0.9999961972236633
2906,4.800000000000001,-5.199999999999999,2,Hero,0.8249988257884979,0.9999967813491821
2907,4.1000000000000005,-5.8999999999999995,9,Hero,0.9243376652399699,0.9999778535630968
2908,4.300000000000001,-5.699999999999999,7,Hero,0.7410182399409158,0.9998656766755241
2909,4.5,-5.5,5,Hero,0.9951374411582947,0.999998927116394
2910,4.1000000000000005,-5.8999999999999995,9,Hero,0.8248423751857545,0.9999676413006253
2911,4.9,-5.1,1,Hero,0.5050670504570007,0.9999740123748779
2912,3.3,-6.7,17,Hero,0.6830729658112806,0.9996744148871478
2913,4.2,-5.8,8,Hero,0.8570942208170891,0.9997817352414131
2914,2.5999999999999996,-7.4,24,Hero,0.6723628851274649,0.9999997019767761
2915,-6.1,3.9000000000000004,11,Villain,0.706063835458322,0.9999972473491322
2916,-6.5,3.5,15,Villain,0.6790754556655884,0.9999678095181783
2917,3.5,-6.5,15,Hero,0.7213450729846954,0.9996208826700846
2918,3.2,-6.8,18,Hero,0.7093394986457295,0.9999852710300021
2919,3.8000000000000007,-6.199999999999999,12,Hero,0.7971341212590536,0.9999686727921168
2920,3.0999999999999996,-6.9,19,Hero,0.8358490074935713,0.9999983059732538
2921,4.0,-6.0,10,Hero,0.8644663691520691,0.9999425292015076
2922,4.5,-5.5,5,Hero,0.9959502220153809,0.9999876260757447
2923,4.4,-5.6,6,Hero,0.7614757070938746,0.9997832278410593
2924,-6.0,4.0,10,Villain,0.7504690490663052,0.999999213218689
2925,4.0,-6.0,10,Hero,0.6022518843412399,0.9999994039535522
2926,4.5,-5.5,5,Hero,0.8813328385353089,0.9999314904212951
2927,3.9000000000000004,-6.1,11,Hero,0.7778474688529968,0.9994367415254767
2928,3.9000000000000004,-6.1,11,Hero,0.7824978096918627,0.9996598579666831
2929,-5.3999999999999995,4.6000000000000005,4,Villain,0.9772779196500778,0.9999998509883881
2930,4.5,-5.5,5,Hero,0.6675531327724457,0.9999414801597595
2931,-5.6,4.4,6,Villain,0.6417254507541656,0.9999688267707825
2932,-6.3999999999999995,3.6000000000000005,14,Villain,0.6457695130790982,0.9999841111046928
2933,3.5,-6.5,15,Hero,0.5923569917678833,0.9999960501988728
2934,3.6000000000000005,-6.3999999999999995,14,Hero,0.7187844834157399,0.993832779782159
2935,4.5,-5.5,5,Hero,0.6451918959617615,0.9998713254928588
2936,3.6000000000000005,-6.3999999999999995,14,Hero,0.6260301050330911,0.9998892503125327
2937,3.3,-6.7,17,Hero,0.7285960734109668,0.9999251961708069
2938,-5.8999999999999995,4.1000000000000005,9,Villain,0.7601251734627618,0.999998516506619
2939,2.3999999999999995,-7.6000000000000005,26,Hero,0.6903017734965453,0.9948595143281497
2940,3.8000000000000007,-6.199999999999999,12,Hero,0.6266354161004225,0.9999989072481791
2941,3.7,-6.3,13,Hero,0.5838650568173482,0.9999998807907104
2942,-5.1,4.9,1,Villain,0.9997281432151794,0.9999918937683105
2943,3.3,-6.7,17,Hero,0.5683771235977902,0.9986820466378156
2944,2.5999999999999996,-7.4,24,Hero,0.7285954983284076,0.9999983161687851
2945,3.4000000000000004,-6.6,16,Hero,0.6781145725399256,0.9998260363936424
2946,3.4000000000000004,-6.6,16,Hero,0.78824323695153,0.9992850162088871
2947,3.2,-6.8,18,Hero,0.7071062930756145,0.9998669823010763
2948,-5.1,4.9,1,Villain,0.9955013394355774,0.9251304864883423
2949,3.9000000000000004,-6.1,11,Hero,0.687604848634113,0.9999981576746161
2950,-6.6,3.4000000000000004,16,Villain,0.7259098617359996,0.9999998733401299
2951,4.9,-5.1,1,Hero,0.8156139254570007,0.9999994039535522
2952,4.300000000000001,-5.699999999999999,7,Hero,0.7757278297628675,0.9999968154089791
2953,4.5,-5.5,5,Hero,0.670924723148346,0.9999963045120239
2954,4.800000000000001,-5.199999999999999,2,Hero,0.813395231962204,0.9999721050262451
2955,3.8000000000000007,-6.199999999999999,12,Hero,0.7634302545338869,0.9999908804893494
2956,4.1000000000000005,-5.8999999999999995,9,Hero,0.9996429748005338,0.9999993907080756
2957,4.4,-5.6,6,Hero,0.7677075068155924,0.9999999602635702
2958,3.6000000000000005,-6.3999999999999995,14,Hero,0.6609572076371738,1.0
2959,-4.999999999999998,-4.999999999999998,50,None,0.8763366883993149,0.9999471426010131
2960,2.1999999999999993,-7.800000000000001,28,Hero,0.8040016362709659,0.9999999105930328
2961,3.8000000000000007,-6.199999999999999,12,Hero,0.6513628611962,1.0
2962,4.6000000000000005,-5.3999999999999995,4,Hero,0.9998231083154678,0.9999985992908478
2963,0.9999999999999982,-9.000000000000002,40,Hero,0.868623889843002,0.9999593421816826
2964,4.800000000000001,-5.199999999999999,2,Hero,0.9873252213001251,0.9999983310699463
2965,3.9000000000000004,-6.1,11,Hero,0.8588232154195959,0.9999935735355724
2966,4.0,-6.0,10,Hero,0.6794368401169777,0.9999998807907104
2967,3.6000000000000005,-6.3999999999999995,14,Hero,0.8215853955064502,0.9999998893056598
2968,3.2,-6.8,18,Hero,0.9240386039018631,0.9999964104758369
2969,3.8000000000000007,-6.199999999999999,12,Hero,0.7617055463294188,0.9999748269716898
2970,1.899999999999999,-8.100000000000001,31,Hero,0.7738025486469269,0.9989786013480155
2971,4.7,-5.3,3,Hero,0.9991105596224467,0.9999992450078329
2972,4.7,-5.3,3,Hero,0.9244420131047567,0.9999951521555582
2973,3.5,-6.5,15,Hero,0.7004522373278935,1.0
2974,3.2,-6.8,18,Hero,0.6960402147637473,1.0
2975,2.8,-7.2,22,Hero,0.8368273079395294,0.9999830289320513
2976,4.6000000000000005,-5.3999999999999995,4,Hero,0.7873338013887405,1.0
2977,0.7999999999999989,-9.200000000000001,42,Hero,0.8682816312426612,0.9999897423244658
2978,4.1000000000000005,-5.8999999999999995,9,Hero,0.6521386338604821,0.9999557534853617
2979,4.300000000000001,-5.699999999999999,7,Hero,0.8500553837844304,0.9999983991895404
2980,3.4000000000000004,-6.6,16,Hero,0.6665985994040966,0.9999996274709702
2981,4.1000000000000005,-5.8999999999999995,9,Hero,0.7506220274501376,0.999932865301768
2982,3.8000000000000007,-6.199999999999999,12,Hero,0.8031451652447382,0.99947589635849
2983,3.6000000000000005,-6.3999999999999995,14,Hero,0.6402680597134999,0.9999678943838392
2984,-5.8999999999999995,4.1000000000000005,9,Villain,0.7378762447171741,0.9999999072816637
2985,-6.0,4.0,10,Villain,0.6041578821837902,0.9999999165534973
2986,4.1000000000000005,-5.8999999999999995,9,Hero,0.6778764360480838,0.9999997350904677
2987,4.0,-6.0,10,Hero,0.6687231197953224,0.99972864985466
2988,-6.7,3.3,17,Villain,0.744304854203673,0.9999999929876888
2989,3.9000000000000004,-6.1,11,Hero,0.6698315807364204,0.9999985803257335
2990,-6.1,3.9000000000000004,11,Villain,0.6020419997247782,1.0
2991,-4.999999999999998,-4.999999999999998,50,None,0.7843973495066165,1.0
2992,4.800000000000001,-5.199999999999999,2,Hero,0.997201532125473,1.0
2993,3.2,-6.8,18,Hero,0.6843167618951864,0.9997308552265167
2994,4.1000000000000005,-5.8999999999999995,9,Hero,0.5508290330568949,1.0
2995,3.8000000000000007,-6.199999999999999,12,Hero,0.6746901298562685,0.9999995728333791
2996,3.9000000000000004,-6.1,11,Hero,0.6537876102057371,0.9999981034885753
2997,3.7,-6.3,13,Hero,0.6565764603706506,0.9999971022972693
2998,3.5,-6.5,15,Hero,0.7188048253456751,1.0
2999,3.6000000000000005,-6.3999999999999995,14,Hero,0.7816368171146938,0.9999973773956299
3000,3.7,-6.3,13,Hero,0.8029599648255569,0.9999337929945725
