episode,hero_reward,villain_reward,steps,winner,hero_avg_prob,villain_avg_prob
1,3.6000000000000005,-6.3999999999999995,14,Hero,0.3855502951358046,0.2929025925695896
2,1.9999999999999991,-8.0,30,Hero,0.39619130541880926,0.3213457042972247
3,4.5,-5.5,5,Hero,0.46212626397609713,0.2960978955030441
4,3.8000000000000007,-6.199999999999999,12,Hero,0.48138653486967087,0.37100452308853465
5,3.0,-7.0,20,Hero,0.6356346074491739,0.4543747341260314
6,3.2,-6.8,18,Hero,0.5266698482963774,0.3838716141051716
7,4.6000000000000005,-5.3999999999999995,4,Hero,0.6316377259790897,0.8133125156164169
8,4.1000000000000005,-5.8999999999999995,9,Hero,0.572683980067571,0.6179238290836414
9,2.9,-7.1,21,Hero,0.6185677065735772,0.6436205605665842
10,2.5999999999999996,-7.4,24,Hero,0.5766188047515849,0.5009072666677336
11,-5.199999999999999,4.800000000000001,2,Villain,0.7232183218002319,0.39464469254016876
12,4.0,-6.0,10,Hero,0.6995261371135711,0.4816455001011491
13,3.5,-6.5,15,Hero,0.49864580631256106,0.42792126958568893
14,4.7,-5.3,3,Hero,0.4086516300837199,0.4406413634618123
15,3.5,-6.5,15,Hero,0.5287044823169709,0.4791462702055772
16,4.0,-6.0,10,Hero,0.5280186742544174,0.46219798624515535
17,3.4000000000000004,-6.6,16,Hero,0.5570467580109835,0.4461555206216872
18,4.6000000000000005,-5.3999999999999995,4,Hero,0.5086240544915199,0.5379939628764987
19,4.300000000000001,-5.699999999999999,7,Hero,0.6460679812090737,0.9106233971459525
20,3.6000000000000005,-6.3999999999999995,14,Hero,0.5335496429886136,0.8392183482646942
21,3.0999999999999996,-6.9,19,Hero,0.45451967320159864,0.4099523205506174
22,3.3,-6.7,17,Hero,0.49354206332389045,0.4268634626094033
23,4.300000000000001,-5.699999999999999,7,Hero,0.4392029891522335,0.869828496660505
24,4.300000000000001,-5.699999999999999,7,Hero,0.5935549310275486,0.4703995691878455
25,3.6000000000000005,-6.3999999999999995,14,Hero,0.5111159767423358,0.6801407194164183
26,4.6000000000000005,-5.3999999999999995,4,Hero,0.5171554237604141,0.8862725049257278
27,3.8000000000000007,-6.199999999999999,12,Hero,0.5287687455614408,0.828897966692845
28,3.5,-6.5,15,Hero,0.5529897977908452,0.5979922612508138
29,4.0,-6.0,10,Hero,0.520871052145958,0.6162486165761948
30,4.0,-6.0,10,Hero,0.4769621819257736,0.7454206943511963
31,4.6000000000000005,-5.3999999999999995,4,Hero,0.6600988395512104,0.7807050198316574
32,4.1000000000000005,-5.8999999999999995,9,Hero,0.78433448738522,0.5247021251254611
33,3.7,-6.3,13,Hero,0.5742620301361268,0.8184625747112128
34,3.0999999999999996,-6.9,19,Hero,0.5055525052410207,0.5285774257622267
35,2.9,-7.1,21,Hero,0.5362286794753301,0.7821429190891129
36,3.9000000000000004,-6.1,11,Hero,0.7361607578667727,0.47852277146144345
37,-5.199999999999999,4.800000000000001,2,Villain,0.31757843866944313,0.3965024799108505
38,3.7,-6.3,13,Hero,0.6769333527638361,0.876232467018641
39,2.1999999999999993,-7.800000000000001,28,Hero,0.558847647692476,0.6388367931691131
40,4.6000000000000005,-5.3999999999999995,4,Hero,0.5174473598599434,0.9366704225540161
41,3.9000000000000004,-6.1,11,Hero,0.5423478971828114,0.6076442788947712
42,3.4000000000000004,-6.6,16,Hero,0.6017203275114298,0.7342709563672543
43,3.5,-6.5,15,Hero,0.4868238310019175,0.8193095842997233
44,4.9,-5.1,1,Hero,0.2992407977581024,0.9119061231613159
45,4.5,-5.5,5,Hero,0.44419524669647215,0.8871949076652527
46,3.5,-6.5,15,Hero,0.5462518155574798,0.6219591557979584
47,4.5,-5.5,5,Hero,0.5831967711448669,0.5078994035720825
48,4.4,-5.6,6,Hero,0.7293844868739446,0.8702004353205363
49,3.3,-6.7,17,Hero,0.5264178619665258,0.5792462527751923
50,3.0999999999999996,-6.9,19,Hero,0.5167913970194364,0.5316224992275238
51,4.9,-5.1,1,Hero,0.6367260217666626,0.702308177947998
52,3.8000000000000007,-6.199999999999999,12,Hero,0.4647133770243575,0.5855235680937767
53,2.1999999999999993,-7.800000000000001,28,Hero,0.5052474061293262,0.5018394031295819
54,-5.3,4.7,3,Villain,0.9730266332626343,0.9780360658963522
55,4.6000000000000005,-5.3999999999999995,4,Hero,0.5184176415205002,0.7855067253112793
56,4.5,-5.5,5,Hero,0.542803418636322,0.7168060183525086
57,4.0,-6.0,10,Hero,0.5538640648126603,0.5662704095244407
58,3.7,-6.3,13,Hero,0.5538412997355828,0.5498852672485205
59,4.4,-5.6,6,Hero,0.5452042619387308,0.749208760758241
60,4.4,-5.6,6,Hero,0.8971360127131144,0.4580548604329427
61,2.9,-7.1,21,Hero,0.5796265814985547,0.7918142555725007
62,4.6000000000000005,-5.3999999999999995,4,Hero,0.45951347798109055,0.7056011371314526
63,4.6000000000000005,-5.3999999999999995,4,Hero,0.6456677839159966,0.6775039732456207
64,4.0,-6.0,10,Hero,0.5172852218151093,0.8025891900062561
65,3.7,-6.3,13,Hero,0.5769469554607685,0.6253935144497798
66,-5.1,4.9,1,Villain,0.7073547840118408,0.8479515314102173
67,4.0,-6.0,10,Hero,0.621068911999464,0.6177813470363617
68,3.4000000000000004,-6.6,16,Hero,0.6914271153509617,0.6439654370769858
69,2.1999999999999993,-7.800000000000001,28,Hero,0.6733239027006286,0.7824626980083329
70,3.3,-6.7,17,Hero,0.708935987423448,0.6638122428865993
71,4.0,-6.0,10,Hero,0.731545765697956,0.733772411942482
72,0.5999999999999996,-9.4,44,Hero,0.6879043487662618,0.745919378389689
73,4.300000000000001,-5.699999999999999,7,Hero,0.8066828570195607,0.8157567083835602
74,2.9,-7.1,21,Hero,0.5107663571834564,0.7776444738819486
75,3.9000000000000004,-6.1,11,Hero,0.5456459359689192,0.7720441235737368
76,4.4,-5.6,6,Hero,0.5089845508337021,0.6687558318177859
77,4.300000000000001,-5.699999999999999,7,Hero,0.5489089318684169,0.6129356729132789
78,3.6000000000000005,-6.3999999999999995,14,Hero,0.6256313515560967,0.6122157035528549
79,3.0999999999999996,-6.9,19,Hero,0.5446255018836573,0.5027423797077254
80,3.6000000000000005,-6.3999999999999995,14,Hero,0.5885308746780668,0.6360152874674115
81,3.4000000000000004,-6.6,16,Hero,0.556170454248786,0.7637775633484125
82,3.8000000000000007,-6.199999999999999,12,Hero,0.5068401005119085,0.5605171869198481
83,-5.199999999999999,4.800000000000001,2,Villain,0.5543811321258545,0.9748109877109528
84,3.6000000000000005,-6.3999999999999995,14,Hero,0.626323222049645,0.5994078687259129
85,1.9999999999999991,-8.0,30,Hero,0.7827117090423902,0.6411660979191462
86,4.0,-6.0,10,Hero,0.8720116168260574,0.7062941446900368
87,4.0,-6.0,10,Hero,0.8759995829313993,0.5879815995693207
88,3.0999999999999996,-6.9,19,Hero,0.5909230967885569,0.6863426804346474
89,3.5,-6.5,15,Hero,0.520274833838145,0.7927225748697917
90,-5.5,4.5,5,Villain,0.83364919424057,0.7655947178602218
91,3.9000000000000004,-6.1,11,Hero,0.541588468985124,0.6801352920857343
92,-5.199999999999999,4.800000000000001,2,Villain,0.5180967003107071,0.8973365426063538
93,4.1000000000000005,-5.8999999999999995,9,Hero,0.6558969517548879,0.6931486394670274
94,4.1000000000000005,-5.8999999999999995,9,Hero,0.535324388080173,0.855158194899559
95,3.4000000000000004,-6.6,16,Hero,0.5040402673184872,0.5656644580885768
96,4.800000000000001,-5.199999999999999,2,Hero,0.3453056514263153,0.9893081188201904
97,4.6000000000000005,-5.3999999999999995,4,Hero,0.5625424906611443,0.7741305828094482
98,3.7,-6.3,13,Hero,0.5770250535928286,0.8768820900183457
99,3.8000000000000007,-6.199999999999999,12,Hero,0.5495147190522403,0.8380512036383152
100,4.9,-5.1,1,Hero,0.7876328229904175,0.9752443432807922
101,4.300000000000001,-5.699999999999999,7,Hero,0.719877085515431,0.9469454799379621
102,3.6000000000000005,-6.3999999999999995,14,Hero,0.4921482354402542,0.915799447468349
103,3.9000000000000004,-6.1,11,Hero,0.5078573497858915,0.7924348698420958
104,4.7,-5.3,3,Hero,0.5624270737171173,0.9897579948107401
105,4.1000000000000005,-5.8999999999999995,9,Hero,0.5389150712225173,0.9631711509492662
106,4.4,-5.6,6,Hero,0.46583549678325653,0.9548662503560384
107,4.6000000000000005,-5.3999999999999995,4,Hero,0.5097211077809334,0.9852453768253326
108,4.1000000000000005,-5.8999999999999995,9,Hero,0.538480175866021,0.853237360301945
109,4.800000000000001,-5.199999999999999,2,Hero,0.6899498701095581,0.9625098705291748
110,4.2,-5.8,8,Hero,0.8927155435085297,0.9778700470924377
111,3.9000000000000004,-6.1,11,Hero,0.6051987111568451,0.8591497195037928
112,3.0999999999999996,-6.9,19,Hero,0.6204659091798883,0.7963574760054287
113,-5.1,4.9,1,Villain,0.9051103591918945,0.9985673427581787
114,4.800000000000001,-5.199999999999999,2,Hero,0.5503987371921539,0.9768593311309814
115,3.9000000000000004,-6.1,11,Hero,0.6400431760332801,0.9813204516064037
116,3.4000000000000004,-6.6,16,Hero,0.5482323747128248,0.9561759494245052
117,4.0,-6.0,10,Hero,0.5160041362047195,0.9724963665008545
118,4.0,-6.0,10,Hero,0.8441136326640845,0.8699031963944435
119,3.3,-6.7,17,Hero,0.49397679637460146,0.9820768237113953
120,3.6000000000000005,-6.3999999999999995,14,Hero,0.5385431945323944,0.8225744425518704
121,4.9,-5.1,1,Hero,0.3216235339641571,0.960446834564209
122,3.8000000000000007,-6.199999999999999,12,Hero,0.5763614550232887,0.9836758474508921
123,3.6000000000000005,-6.3999999999999995,14,Hero,0.5502099650246757,0.9751902690955571
124,4.800000000000001,-5.199999999999999,2,Hero,0.5012013912200928,0.9601392149925232
125,4.1000000000000005,-5.8999999999999995,9,Hero,0.6617507090171179,0.7893442937897311
126,4.1000000000000005,-5.8999999999999995,9,Hero,0.5692600773440467,0.9520547522438897
127,3.9000000000000004,-6.1,11,Hero,0.5363287370313298,0.8863921046934344
128,3.6000000000000005,-6.3999999999999995,14,Hero,0.5769801528326103,0.9619518390723637
129,3.9000000000000004,-6.1,11,Hero,0.47798344221982086,0.9127031077038158
130,4.2,-5.8,8,Hero,0.6707675214856863,0.972878485918045
131,3.6000000000000005,-6.3999999999999995,14,Hero,0.5416573243481773,0.7390474043786526
132,1.9999999999999991,-8.0,30,Hero,0.6329203416903814,0.862971072892348
133,2.5999999999999996,-7.4,24,Hero,0.6309965044880906,0.7453502798355961
134,3.2,-6.8,18,Hero,0.522908068365521,0.7552682364152538
135,4.0,-6.0,10,Hero,0.6045267045497894,0.9634558379650116
136,3.8000000000000007,-6.199999999999999,12,Hero,0.5738367736339569,0.6980013716965914
137,3.0999999999999996,-6.9,19,Hero,0.5332983889077839,0.7682988486791912
138,3.3,-6.7,17,Hero,0.517697341301862,0.721542098942925
139,4.1000000000000005,-5.8999999999999995,9,Hero,0.5865134365028806,0.7590887672785256
140,4.0,-6.0,10,Hero,0.5378550559282302,0.7212976239621639
141,4.0,-6.0,10,Hero,0.695335978269577,0.8398029448464512
142,3.9000000000000004,-6.1,11,Hero,0.600749668749896,0.7493729184974324
143,3.4000000000000004,-6.6,16,Hero,0.5340412445366383,0.7589178513735533
144,4.0,-6.0,10,Hero,0.5852354049682618,0.9592066884040833
145,3.9000000000000004,-6.1,11,Hero,0.7183313085274263,0.9587671269070018
146,-5.3999999999999995,4.6000000000000005,4,Villain,0.5004484504461288,0.6732780598104
147,4.0,-6.0,10,Hero,0.5818609207868576,0.980329978466034
148,4.0,-6.0,10,Hero,0.5682118654251098,0.7919420912861824
149,4.2,-5.8,8,Hero,0.5686946250498295,0.9784971103072166
150,3.9000000000000004,-6.1,11,Hero,0.583514695817774,0.9850524989041415
151,4.0,-6.0,10,Hero,0.6415263161063194,0.9512477874755859
152,3.4000000000000004,-6.6,16,Hero,0.48460450198035687,0.8451469503343105
153,4.1000000000000005,-5.8999999999999995,9,Hero,0.4501155416170756,0.8213412488500277
154,4.300000000000001,-5.699999999999999,7,Hero,0.6055282950401306,0.9491648503712246
155,4.5,-5.5,5,Hero,0.4848932921886444,0.9869077205657959
156,4.0,-6.0,10,Hero,0.821751882135868,0.8870554625988006
157,3.0,-7.0,20,Hero,0.47199379913508893,0.838407813757658
158,3.2,-6.8,18,Hero,0.46358665658368003,0.9248007105456458
159,3.3,-6.7,17,Hero,0.5898790043943068,0.9955682824639713
160,2.9,-7.1,21,Hero,0.48272075317800045,0.9293142159779867
161,-5.3999999999999995,4.6000000000000005,4,Villain,0.5121531058102846,0.7351859677582979
162,3.6000000000000005,-6.3999999999999995,14,Hero,0.5685129032603332,0.9879838100501469
163,3.9000000000000004,-6.1,11,Hero,0.7226987264373086,0.9790701974521984
164,3.3,-6.7,17,Hero,0.6133985133732066,0.9045570565058905
165,4.6000000000000005,-5.3999999999999995,4,Hero,0.6503551080822945,0.9956205487251282
166,-4.999999999999998,-4.999999999999998,50,None,0.7627576357126236,0.8464256004989147
167,2.099999999999999,-7.9,29,Hero,0.6784062796625597,0.880576207206167
168,4.1000000000000005,-5.8999999999999995,9,Hero,0.85920207368003,0.9777752293480767
169,4.1000000000000005,-5.8999999999999995,9,Hero,0.8752472731802199,0.8812814737773604
170,3.8000000000000007,-6.199999999999999,12,Hero,0.5729360692203045,0.8944286061450839
171,2.4999999999999996,-7.5,25,Hero,0.6174101722240448,0.6994455626606941
172,2.8,-7.2,22,Hero,0.48996497625061736,0.7006089443510229
173,2.5999999999999996,-7.4,24,Hero,0.4708947572895947,0.68110710910211
174,1.899999999999999,-8.100000000000001,31,Hero,0.5436323374029128,0.6553986750302776
175,4.0,-6.0,10,Hero,0.5115873366594315,0.6508734747767448
176,2.9,-7.1,21,Hero,0.4973127677859295,0.6750125015775362
177,4.5,-5.5,5,Hero,0.5077238202095031,0.8815109133720398
178,3.5,-6.5,15,Hero,0.5269302606582642,0.5980516771475474
179,3.4000000000000004,-6.6,16,Hero,0.48382127564400434,0.7172728907316923
180,3.4000000000000004,-6.6,16,Hero,0.5179549306631088,0.8226754912175238
181,3.9000000000000004,-6.1,11,Hero,0.4916650056838989,0.6158424778418108
182,3.9000000000000004,-6.1,11,Hero,0.5375349548729983,0.8212546855211258
183,4.1000000000000005,-5.8999999999999995,9,Hero,0.5647964874903361,0.9273021552297804
184,3.7,-6.3,13,Hero,0.6272581380147201,0.6649349515254681
185,4.1000000000000005,-5.8999999999999995,9,Hero,0.6246237125661638,0.8563192449510098
186,4.7,-5.3,3,Hero,0.6116126676400503,0.9734362165133158
187,2.8,-7.2,22,Hero,0.5656860050829974,0.6612197675488212
188,4.0,-6.0,10,Hero,0.573839545249939,0.7769114196300506
189,4.6000000000000005,-5.3999999999999995,4,Hero,0.5169087424874306,0.9420146048069
190,3.0999999999999996,-6.9,19,Hero,0.502177252581245,0.7167705156301197
191,4.1000000000000005,-5.8999999999999995,9,Hero,0.6193691790103912,0.8932802544699775
192,-5.5,4.5,5,Villain,0.6941577732563019,0.782264395058155
193,3.5,-6.5,15,Hero,0.5045461165097852,0.7701035382846991
194,3.7,-6.3,13,Hero,0.651625945017888,0.8118914136519799
195,3.6000000000000005,-6.3999999999999995,14,Hero,0.5609798814569201,0.6033181739704949
196,3.8000000000000007,-6.199999999999999,12,Hero,0.549539640545845,0.8823251036616663
197,3.3,-6.7,17,Hero,0.5073195801061743,0.8309685132082771
198,4.1000000000000005,-5.8999999999999995,9,Hero,0.5690316988362206,0.8804715938038297
199,4.300000000000001,-5.699999999999999,7,Hero,0.6484903608049665,0.61929808982781
200,4.2,-5.8,8,Hero,0.5740637481212616,0.6908188834786415
201,3.5,-6.5,15,Hero,0.497454979022344,0.6389534513155619
202,4.5,-5.5,5,Hero,0.7215901151299476,0.5991849362850189
203,4.5,-5.5,5,Hero,0.5764554142951965,0.7725868582725525
204,4.0,-6.0,10,Hero,0.615022075176239,0.647828432917595
205,4.2,-5.8,8,Hero,0.7718093320727348,0.6842237859964371
206,4.300000000000001,-5.699999999999999,7,Hero,0.676916241645813,0.8344796555382865
207,4.0,-6.0,10,Hero,0.5742202252149582,0.6949024140834809
208,4.5,-5.5,5,Hero,0.6108869254589081,0.49419687390327455
209,4.9,-5.1,1,Hero,0.7251452803611755,0.2754177451133728
210,3.7,-6.3,13,Hero,0.4770088115563759,0.652539998292923
211,-6.5,3.5,15,Villain,0.6308757049186776,0.724641939252615
212,4.300000000000001,-5.699999999999999,7,Hero,0.6483356058597565,0.45445755549839567
213,4.0,-6.0,10,Hero,0.6275982111692429,0.4853687033057213
214,4.2,-5.8,8,Hero,0.5559014417231083,0.8382951077073812
215,3.8000000000000007,-6.199999999999999,12,Hero,0.4985365817944209,0.7401639471451441
216,-5.3,4.7,3,Villain,0.7771484851837158,0.9367843071619669
217,3.7,-6.3,13,Hero,0.6073933920034995,0.4935939655854152
218,3.2,-6.8,18,Hero,0.6799251035683684,0.6778663111229738
219,4.2,-5.8,8,Hero,0.9812018722295761,0.600496344268322
220,0.40000000000000036,-9.6,46,Hero,0.9411098469939568,0.9676470937936202
221,-4.999999999999998,-4.999999999999998,50,None,0.9663473343849183,0.9987807977199554
222,-4.999999999999998,-4.999999999999998,50,None,0.946879131346941,0.8374967420101166
223,-4.999999999999998,-4.999999999999998,50,None,0.9854452121257782,0.8113020007312298
224,-4.999999999999998,-4.999999999999998,50,None,0.9104723457247019,0.9651739903725683
225,-5.6,4.4,6,Villain,0.7414249728123347,0.9978245496749878
226,-4.999999999999998,-4.999999999999998,50,None,0.9520836021006107,0.9995989918708801
227,-5.8999999999999995,4.1000000000000005,9,Villain,0.5461431356767813,0.9882271620962355
228,-4.999999999999998,-4.999999999999998,50,None,0.8853274032473564,0.9726273070648312
229,3.3,-6.7,17,Hero,0.6071745262426489,0.9709978910053477
230,4.6000000000000005,-5.3999999999999995,4,Hero,0.6999540105462074,0.9562863409519196
231,3.9000000000000004,-6.1,11,Hero,0.5318786813454195,0.8826383206654679
232,-8.0,1.9999999999999991,30,Villain,0.7240156282981237,0.9828204850355784
233,-8.100000000000001,1.899999999999999,31,Villain,0.7435082264484898,0.9824613948022166
234,-9.3,0.6999999999999993,43,Villain,0.7375262837077297,0.990235704322194
235,4.300000000000001,-5.699999999999999,7,Hero,0.4758233151265553,0.8514842633157969
236,3.7,-6.3,13,Hero,0.6495570563353025,0.7524976885089507
237,3.3,-6.7,17,Hero,0.5004245130454793,0.9955359697341919
238,4.9,-5.1,1,Hero,0.9417645931243896,0.8953360915184021
239,4.0,-6.0,10,Hero,0.51829092502594,0.9841684758663177
240,3.0,-7.0,20,Hero,0.5072778664529324,0.8333328045904637
241,4.5,-5.5,5,Hero,0.5152066588401795,0.9749839544296265
242,3.9000000000000004,-6.1,11,Hero,0.6802801137620752,0.6911328326572072
243,4.2,-5.8,8,Hero,0.7386571560055017,0.988516055047512
244,4.2,-5.8,8,Hero,0.853221885394305,0.5160160735249519
245,3.7,-6.3,13,Hero,0.5092425208825332,0.7215557889296458
246,-5.5,4.5,5,Villain,0.7478218600153923,0.9991578936576844
247,4.2,-5.8,8,Hero,0.7165834736078978,0.9660202339291573
248,-6.0,4.0,10,Villain,0.5080205261707306,0.7741153158247471
249,2.8,-7.2,22,Hero,0.5073787448081103,0.6705763190984726
250,4.1000000000000005,-5.8999999999999995,9,Hero,0.6182395567496618,0.5409075708852874
251,4.5,-5.5,5,Hero,0.6730803310871124,0.7790352029725909
252,-5.6,4.4,6,Villain,0.8010011271884044,0.9935835301876068
253,-5.8,4.2,8,Villain,0.5323487222194672,0.4621407790109515
254,4.1000000000000005,-5.8999999999999995,9,Hero,0.7784810463587443,0.6773231459988488
255,3.0999999999999996,-6.9,19,Hero,0.6439350135624409,0.7234583889183245
256,4.1000000000000005,-5.8999999999999995,9,Hero,0.5740800499916077,0.5965625163581636
257,-5.5,4.5,5,Villain,0.8781196594238281,0.9225104451179504
258,-5.3,4.7,3,Villain,0.9414748748143514,0.9925440152486166
259,4.2,-5.8,8,Hero,0.707534983754158,0.6967998296022415
260,-6.9,3.0999999999999996,19,Villain,0.7457769073938069,0.9293538835880003
261,4.800000000000001,-5.199999999999999,2,Hero,0.9638119637966156,0.8044293224811554
262,3.7,-6.3,13,Hero,0.7043356035764401,0.8134568833674376
263,3.3,-6.7,17,Hero,0.6901839108151548,0.7105659888509441
264,2.2999999999999994,-7.700000000000001,27,Hero,0.6619267452646185,0.8662154213697822
265,-4.999999999999998,-4.999999999999998,50,None,0.7046966534852982,0.9864819991588593
266,3.3,-6.7,17,Hero,0.5144908550907584,0.7759221932467293
267,-5.3999999999999995,4.6000000000000005,4,Villain,0.8738755881786346,0.9813305586576462
268,-6.1,3.9000000000000004,11,Villain,0.613638923926787,0.973539184440266
269,-5.8999999999999995,4.1000000000000005,9,Villain,0.6808332867092557,0.9855570594469706
270,3.9000000000000004,-6.1,11,Hero,0.5597006543116136,0.8929605428129435
271,4.1000000000000005,-5.8999999999999995,9,Hero,0.5517619252204895,0.7138981620470682
272,4.2,-5.8,8,Hero,0.5890010446310043,0.7422395379981026
273,-5.6,4.4,6,Villain,0.4027160119342928,0.9993751645088196
274,4.300000000000001,-5.699999999999999,7,Hero,0.5040579693658012,0.9973261952400208
275,4.6000000000000005,-5.3999999999999995,4,Hero,0.5427107885479927,0.7454502079635859
276,3.9000000000000004,-6.1,11,Hero,0.5797785439274528,0.9003902023488825
277,3.3,-6.7,17,Hero,0.6196689369047389,0.6480966289253796
278,-6.3999999999999995,3.6000000000000005,14,Villain,0.7553534465176719,0.9892506216253553
279,3.0999999999999996,-6.9,19,Hero,0.45163247459813166,0.7797461940269721
280,4.5,-5.5,5,Hero,0.9552865982055664,0.9150383353233338
281,4.1000000000000005,-5.8999999999999995,9,Hero,0.5365170141061147,0.9649005399809943
282,3.3,-6.7,17,Hero,0.5408725335317499,0.9867272973060608
283,2.5999999999999996,-7.4,24,Hero,0.6534450116256872,0.897688681531387
284,-6.3,3.7,13,Villain,0.7424107044935226,0.9691904599849994
285,0.5,-9.5,45,Hero,0.729246195157369,0.9995150539610121
286,2.8,-7.2,22,Hero,0.6252627691084688,0.8336739594286139
287,4.300000000000001,-5.699999999999999,7,Hero,0.5545832557337624,0.9755526014736721
288,4.2,-5.8,8,Hero,0.6950608976185322,0.980916328728199
289,4.9,-5.1,1,Hero,0.9121446013450623,0.9871858954429626
290,4.800000000000001,-5.199999999999999,2,Hero,0.5965168476104736,0.48846113588660955
291,-5.1,4.9,1,Villain,0.8337856531143188,0.9898204803466797
292,3.3,-6.7,17,Hero,0.8032988064429339,0.9901498345767751
293,3.2,-6.8,18,Hero,0.5792745053768158,0.9662438299920824
294,4.2,-5.8,8,Hero,0.7444117721170187,0.9667075872421265
295,-5.6,4.4,6,Villain,0.6808827569087347,0.9994637072086334
296,3.8000000000000007,-6.199999999999999,12,Hero,0.8308091120173534,0.7637411014487346
297,4.4,-5.6,6,Hero,0.6024495040376981,0.9870521426200867
298,3.5,-6.5,15,Hero,0.7403858343760172,0.594767356912295
299,4.0,-6.0,10,Hero,0.7734134025871754,0.8489680290222168
300,4.7,-5.3,3,Hero,0.9875765840212504,0.9781883557637533
301,3.5,-6.5,15,Hero,0.6403113434712092,0.8582995012402534
302,4.1000000000000005,-5.8999999999999995,9,Hero,0.7634268138143752,0.8646791776021322
303,-6.6,3.4000000000000004,16,Villain,0.5607711300253868,0.9986785352230072
304,3.4000000000000004,-6.6,16,Hero,0.6695892717689276,0.8914439789950848
305,4.300000000000001,-5.699999999999999,7,Hero,0.8162396337304797,0.6780640057155064
306,4.0,-6.0,10,Hero,0.8234858304262161,0.7187399238348007
307,-4.999999999999998,-4.999999999999998,50,None,0.8179340460896491,0.6478699059784412
308,4.6000000000000005,-5.3999999999999995,4,Hero,0.6390136927366257,0.9713269174098969
309,-6.8,3.2,18,Villain,0.5997855001025729,0.9984670678774515
310,4.6000000000000005,-5.3999999999999995,4,Hero,0.96979720890522,0.9899539798498154
311,1.4999999999999987,-8.500000000000002,35,Hero,0.7744094976357051,0.9982905643326896
312,4.2,-5.8,8,Hero,0.5718120597302914,0.9692847207188606
313,4.1000000000000005,-5.8999999999999995,9,Hero,0.9824072851075066,0.9965215722719828
314,4.2,-5.8,8,Hero,0.8393920063972473,0.9961890354752541
315,4.0,-6.0,10,Hero,0.6144016921520233,0.9815755546092987
316,-6.0,4.0,10,Villain,0.8810641825199127,0.8061132527887821
317,3.7,-6.3,13,Hero,0.6287969178878344,0.918696770301232
318,3.9000000000000004,-6.1,11,Hero,0.7727040133693002,0.9807027957656167
319,-6.0,4.0,10,Villain,0.5763217478990554,0.9989460170269012
320,4.5,-5.5,5,Hero,0.9934458613395691,0.9041524648666381
321,-5.8,4.2,8,Villain,0.7722128033638,0.9577698335051537
322,-5.8999999999999995,4.1000000000000005,9,Villain,0.766339080201255,0.9993277655707465
323,4.5,-5.5,5,Hero,0.8028073906898499,0.9425286173820495
324,4.6000000000000005,-5.3999999999999995,4,Hero,0.9765461981296539,0.9283370822668076
325,-6.199999999999999,3.8000000000000007,12,Villain,0.7997920885682106,0.999802162249883
326,4.1000000000000005,-5.8999999999999995,9,Hero,0.9481845961676704,0.9009642667240567
327,3.9000000000000004,-6.1,11,Hero,0.568667238408869,0.9919441830028187
328,4.2,-5.8,8,Hero,0.7460963968187571,0.9998705387115479
329,4.0,-6.0,10,Hero,0.5903621822595596,0.9996187567710877
330,4.1000000000000005,-5.8999999999999995,9,Hero,0.8705069753858778,0.9958212706777785
331,-5.8999999999999995,4.1000000000000005,9,Villain,0.598353977004687,0.9977757864528232
332,3.3,-6.7,17,Hero,0.5548984127886155,0.9996328774620505
333,3.4000000000000004,-6.6,16,Hero,0.5762784294784069,0.9995037950575352
334,4.7,-5.3,3,Hero,0.47509221235911053,0.9999467134475708
335,3.6000000000000005,-6.3999999999999995,14,Hero,0.5226642489433289,0.9994718900748661
336,-6.1,3.9000000000000004,11,Villain,0.657410211183808,0.9993527856740084
337,-5.1,4.9,1,Villain,0.7786353230476379,0.9866703152656555
338,3.0999999999999996,-6.9,19,Hero,0.7310800317086672,0.9470260440077829
339,-4.999999999999998,-4.999999999999998,50,None,0.7849109885469079,0.999389979839325
340,4.7,-5.3,3,Hero,0.9872576395670573,0.9999898672103882
341,-4.999999999999998,-4.999999999999998,50,None,0.7961067812517285,0.9986867117881775
342,-4.999999999999998,-4.999999999999998,50,None,0.9901903748512269,0.9999437928199768
343,-5.3999999999999995,4.6000000000000005,4,Villain,0.5263999253511429,0.9998145699501038
344,-4.999999999999998,-4.999999999999998,50,None,0.8150772174447775,0.99959432721138
345,4.2,-5.8,8,Hero,0.998776026070118,0.9999949634075165
346,-4.999999999999998,-4.999999999999998,50,None,0.9317484693974256,0.9997579002380371
347,-4.999999999999998,-4.999999999999998,50,None,0.8587233786284924,0.9991755855083465
348,1.9999999999999991,-8.0,30,Hero,0.8061900104085604,0.9998891393343607
349,-4.999999999999998,-4.999999999999998,50,None,0.8739277274906635,0.9995541942119598
350,-4.999999999999998,-4.999999999999998,50,None,0.9264938005805016,0.9995089769363403
351,-4.999999999999998,-4.999999999999998,50,None,0.7801740854978562,0.9984029459953309
352,2.9,-7.1,21,Hero,0.9397223629944381,0.9999756529217675
353,2.2999999999999994,-7.700000000000001,27,Hero,0.8515403434910156,0.9999051557646857
354,4.300000000000001,-5.699999999999999,7,Hero,0.9953823855945042,0.9999927112034389
355,0.7999999999999989,-9.200000000000001,42,Hero,0.7795390468977746,0.999569731099265
356,-4.999999999999998,-4.999999999999998,50,None,0.7574767690896987,0.9993114066123963
357,4.300000000000001,-5.699999999999999,7,Hero,0.9153450472014291,0.9987727148192269
358,3.6000000000000005,-6.3999999999999995,14,Hero,0.5810078951929297,0.9999861206327166
359,4.4,-5.6,6,Hero,0.6838851819435755,0.9998450179894766
360,-6.3,3.7,13,Villain,0.6009151431230398,0.9999929574819711
361,3.3,-6.7,17,Hero,0.5539611332556781,0.9991437792778015
362,-6.3999999999999995,3.6000000000000005,14,Villain,0.5675445390599114,0.999986571925027
363,2.5999999999999996,-7.4,24,Hero,0.6227449728175998,0.9998203913370768
364,-6.1,3.9000000000000004,11,Villain,0.6623848338018764,0.9999932267449119
365,4.6000000000000005,-5.3999999999999995,4,Hero,0.7576151713728905,0.9994633197784424
366,3.7,-6.3,13,Hero,0.6119125875142905,0.9980088105568519
367,4.300000000000001,-5.699999999999999,7,Hero,0.6266900444669383,0.9986662864685059
368,2.8,-7.2,22,Hero,0.6087968318977139,0.9980479018254713
369,4.1000000000000005,-5.8999999999999995,9,Hero,0.6680553563767009,0.9996833867496915
370,-5.5,4.5,5,Villain,0.424358731508255,0.9999671936035156
371,2.6999999999999997,-7.300000000000001,23,Hero,0.7280922198425168,0.9996012708415156
372,2.1999999999999993,-7.800000000000001,28,Hero,0.6458227091601917,0.9997242433684213
373,1.0999999999999983,-8.900000000000002,39,Hero,0.7815921663855895,0.9997168091627268
374,4.5,-5.5,5,Hero,0.7002297520637513,0.9999923229217529
375,2.3999999999999995,-7.6000000000000005,26,Hero,0.7543001619095986,0.9983792969813714
376,-5.1,4.9,1,Villain,0.9542280435562134,0.9999847412109375
377,4.2,-5.8,8,Hero,0.7308069206774235,0.9999557584524155
378,2.6999999999999997,-7.300000000000001,23,Hero,0.7876552531252736,0.9996245399765347
379,-5.3999999999999995,4.6000000000000005,4,Villain,0.6751925051212311,0.9989080280065536
380,3.3,-6.7,17,Hero,0.6508601395522847,0.9986856579780579
381,3.0999999999999996,-6.9,19,Hero,0.6494453753295698,0.9993088527729637
382,3.9000000000000004,-6.1,11,Hero,0.6936873983253132,0.9998735785484314
383,2.5999999999999996,-7.4,24,Hero,0.6440988710771004,0.9958089590072632
384,2.9,-7.1,21,Hero,0.6360091999882743,0.9975280165672302
385,2.8,-7.2,22,Hero,0.6186594062230804,0.9893874282186682
386,3.3,-6.7,17,Hero,0.6843641128610162,0.9982606873792761
387,2.099999999999999,-7.9,29,Hero,0.6196471925439506,0.999393685110684
388,4.300000000000001,-5.699999999999999,7,Hero,0.8025491514376232,0.9999306201934814
389,4.2,-5.8,8,Hero,0.8196177389472723,0.9999563694000244
390,4.2,-5.8,8,Hero,0.6031758692115545,0.9988091140985489
391,4.4,-5.6,6,Hero,0.5579477747281393,0.9999850988388062
392,4.7,-5.3,3,Hero,0.6893882751464844,0.9995412627855936
393,4.5,-5.5,5,Hero,0.7675930917263031,0.9992617011070252
394,4.300000000000001,-5.699999999999999,7,Hero,0.5666195281914302,0.9995580230440412
395,2.6999999999999997,-7.300000000000001,23,Hero,0.5835827182492485,0.9737657438153806
396,4.300000000000001,-5.699999999999999,7,Hero,0.5196911905493055,0.9988224165780204
397,3.2,-6.8,18,Hero,0.6008125949237082,0.9998070730103387
398,4.4,-5.6,6,Hero,0.6224298725525538,0.9989742239316305
399,3.6000000000000005,-6.3999999999999995,14,Hero,0.6323340226496968,0.9988539133753095
400,4.6000000000000005,-5.3999999999999995,4,Hero,0.7523094043135643,0.9998102486133575
401,4.2,-5.8,8,Hero,0.708412304520607,0.999859519302845
402,4.5,-5.5,5,Hero,0.6034689366817474,0.9993895053863525
403,-5.5,4.5,5,Villain,0.6160294413566589,0.994744062423706
404,4.1000000000000005,-5.8999999999999995,9,Hero,0.627138806713952,0.9998459484842088
405,4.9,-5.1,1,Hero,0.49128657579421997,0.999913215637207
406,4.300000000000001,-5.699999999999999,7,Hero,0.6369410966123853,0.9988583837236676
407,-5.3999999999999995,4.6000000000000005,4,Villain,0.5344549547880888,0.998534083366394
408,4.5,-5.5,5,Hero,0.5780940532684327,0.999566626548767
409,2.8,-7.2,22,Hero,0.7202559350566431,0.999821662902832
410,3.6000000000000005,-6.3999999999999995,14,Hero,0.7422178132193429,0.999851371560778
411,3.4000000000000004,-6.6,16,Hero,0.6539314994588494,0.9958057254552841
412,3.8000000000000007,-6.199999999999999,12,Hero,0.7093027532100677,0.9985208412011465
413,4.2,-5.8,8,Hero,0.6122804246842861,0.9987861439585686
414,3.8000000000000007,-6.199999999999999,12,Hero,0.6556703299283981,0.997244636217753
415,3.0999999999999996,-6.9,19,Hero,0.6007919378186527,0.9998931947507357
416,3.7,-6.3,13,Hero,0.797268675496945,0.9999378827901987
417,4.1000000000000005,-5.8999999999999995,9,Hero,0.6883172061708238,0.998059418466356
418,4.1000000000000005,-5.8999999999999995,9,Hero,0.7380626938409276,0.9999800258212619
419,4.1000000000000005,-5.8999999999999995,9,Hero,0.5578895873493619,0.999016715420617
420,4.7,-5.3,3,Hero,0.6696694691975912,0.9997070829073588
421,3.5,-6.5,15,Hero,0.6145034750302633,0.9868106087048848
422,3.5,-6.5,15,Hero,0.6040641407171885,0.999457327524821
423,3.7,-6.3,13,Hero,0.5390025686759216,0.9964059820541968
424,3.8000000000000007,-6.199999999999999,12,Hero,0.8020112489660581,0.9998725851376852
425,-5.699999999999999,4.300000000000001,7,Villain,0.9289241773741586,0.9999905824661255
426,4.0,-6.0,10,Hero,0.6996713399887085,0.9956802546977996
427,4.300000000000001,-5.699999999999999,7,Hero,0.7484052053519658,0.9986828224999564
428,4.4,-5.6,6,Hero,0.5705136209726334,0.9999281167984009
429,3.6000000000000005,-6.3999999999999995,14,Hero,0.5708071227584567,0.9998811440808433
430,3.9000000000000004,-6.1,11,Hero,0.7663184106349945,0.9991931427608837
431,4.6000000000000005,-5.3999999999999995,4,Hero,0.5626751780509949,0.9999613761901855
432,3.7,-6.3,13,Hero,0.6485923574520991,0.9970035140330975
433,3.8000000000000007,-6.199999999999999,12,Hero,0.6304462465147177,0.9998115748167038
434,4.6000000000000005,-5.3999999999999995,4,Hero,0.5403684675693512,0.9997241497039795
435,3.9000000000000004,-6.1,11,Hero,0.7405715042894537,0.9998460195281289
436,4.2,-5.8,8,Hero,0.9679502993822098,0.8697380444500595
437,3.5,-6.5,15,Hero,0.6092598655571541,0.9584429343541463
438,4.2,-5.8,8,Hero,0.7500968519598246,0.9992071762681007
439,4.1000000000000005,-5.8999999999999995,9,Hero,0.7000143859121535,0.9950712654325697
440,-6.199999999999999,3.8000000000000007,12,Villain,0.6686770270268122,0.9988456616799036
441,4.1000000000000005,-5.8999999999999995,9,Hero,0.9442255232069228,0.9999849266476102
442,4.2,-5.8,8,Hero,0.9489054679870605,0.9999886155128479
443,3.7,-6.3,13,Hero,0.6647289509956653,0.9957480659851661
444,3.9000000000000004,-6.1,11,Hero,0.6510802426121451,0.9980573599988763
445,4.2,-5.8,8,Hero,0.7070143967866898,0.9985194653272629
446,4.7,-5.3,3,Hero,0.7960792978604635,0.9999622503916422
447,3.9000000000000004,-6.1,11,Hero,0.5758712941950018,0.9998871358958158
448,4.300000000000001,-5.699999999999999,7,Hero,0.5501120941979545,0.9996343084744045
449,3.3,-6.7,17,Hero,0.6286318091785207,0.9977810207535239
450,3.7,-6.3,13,Hero,0.588015100130668,0.9994193636454068
451,3.4000000000000004,-6.6,16,Hero,0.599491129629314,0.9998720735311508
452,3.3,-6.7,17,Hero,0.544072274776066,0.9678127765655518
453,3.4000000000000004,-6.6,16,Hero,0.5559308417141438,0.9997521303594112
454,-5.6,4.4,6,Villain,0.6568738777811328,0.9999883572260538
455,3.9000000000000004,-6.1,11,Hero,0.5695164176550779,0.9995904022997076
456,4.7,-5.3,3,Hero,0.5611659785111746,0.9999411503473917
457,2.8,-7.2,22,Hero,0.6118719855492766,0.9971599199555137
458,1.5999999999999988,-8.400000000000002,34,Hero,0.8834944783764727,0.9998688908184276
459,3.9000000000000004,-6.1,11,Hero,0.6368223997679624,0.9994744116609747
460,1.1999999999999984,-8.8,38,Hero,0.7822721084873927,0.9709470448739778
461,4.5,-5.5,5,Hero,0.9794777035713196,0.9999229669570923
462,2.2999999999999994,-7.700000000000001,27,Hero,0.8233284398361489,0.9989651971393161
463,3.8000000000000007,-6.199999999999999,12,Hero,0.7820223992069563,0.9996754378080368
464,2.2999999999999994,-7.700000000000001,27,Hero,0.7112594815316023,0.9963872388557151
465,3.9000000000000004,-6.1,11,Hero,0.712144523859024,0.9919919371604919
466,2.5999999999999996,-7.4,24,Hero,0.6075107212721681,0.9991695384184519
467,3.0,-7.0,20,Hero,0.5488627940416336,0.9994441360235214
468,4.1000000000000005,-5.8999999999999995,9,Hero,0.7766694558991326,0.9867358869976468
469,4.2,-5.8,8,Hero,0.6304693259298801,0.9990781098604202
470,3.5,-6.5,15,Hero,0.6794890304406483,0.9969019810358684
471,3.0,-7.0,20,Hero,0.5751768037676811,0.9924024939537048
472,4.7,-5.3,3,Hero,0.9280566970507304,0.9999841054280599
473,4.4,-5.6,6,Hero,0.578274704515934,0.9995838006337484
474,4.2,-5.8,8,Hero,0.60618906468153,0.9985298439860344
475,3.4000000000000004,-6.6,16,Hero,0.526332039386034,0.995050560683012
476,4.300000000000001,-5.699999999999999,7,Hero,0.845728508063725,0.9999761922018868
477,3.8000000000000007,-6.199999999999999,12,Hero,0.6820259839296341,0.9992303848266602
478,3.0,-7.0,20,Hero,0.5296031699050218,0.939590230351314
479,3.6000000000000005,-6.3999999999999995,14,Hero,0.7459940186568669,0.9996243843010494
480,4.0,-6.0,10,Hero,0.8110191434621811,0.9934516549110413
481,4.0,-6.0,10,Hero,0.7922505348920822,0.9999164044857025
482,3.6000000000000005,-6.3999999999999995,14,Hero,0.5615220826917461,0.9985059542315347
483,4.0,-6.0,10,Hero,0.6568131759762764,0.9871797561645508
484,3.9000000000000004,-6.1,11,Hero,0.7927654094316743,0.999956954609264
485,4.6000000000000005,-5.3999999999999995,4,Hero,0.7286548241972923,0.9998605251312256
486,3.8000000000000007,-6.199999999999999,12,Hero,0.7682941555976868,0.9997592717409134
487,3.3,-6.7,17,Hero,0.5883466110509985,0.9993228035814622
488,3.8000000000000007,-6.199999999999999,12,Hero,0.5730850870410601,0.9970781703790029
489,2.8,-7.2,22,Hero,0.5434795469045639,0.998372113162821
490,3.2,-6.8,18,Hero,0.6504766402973069,0.9997149209181467
491,3.9000000000000004,-6.1,11,Hero,0.7153607525608756,0.9931417432698336
492,4.1000000000000005,-5.8999999999999995,9,Hero,0.5991721434725655,0.998243060376909
493,4.6000000000000005,-5.3999999999999995,4,Hero,0.7322558686137199,0.9998792111873627
494,4.0,-6.0,10,Hero,0.8756761649623513,0.9999678373336792
495,4.300000000000001,-5.699999999999999,7,Hero,0.6708752278770719,0.999936580657959
496,3.8000000000000007,-6.199999999999999,12,Hero,0.6994116914769014,0.9991831829150518
497,4.2,-5.8,8,Hero,0.5082433335483074,0.9993732944130898
498,4.1000000000000005,-5.8999999999999995,9,Hero,0.5200056632359823,0.999880419837104
499,3.9000000000000004,-6.1,11,Hero,0.7321630824695934,0.9922056685794484
500,4.300000000000001,-5.699999999999999,7,Hero,0.6277411878108978,0.9995009132793972
501,4.7,-5.3,3,Hero,0.9368208646774292,0.9999436537424723
502,4.2,-5.8,8,Hero,0.5670706629753113,0.9987514466047287
503,3.0999999999999996,-6.9,19,Hero,0.7947336984308142,0.9999393538424843
504,4.6000000000000005,-5.3999999999999995,4,Hero,0.5408662706613541,0.9998827278614044
505,3.6000000000000005,-6.3999999999999995,14,Hero,0.5874582294906888,0.9985896944999695
506,4.300000000000001,-5.699999999999999,7,Hero,0.9723990389278957,0.9999850307192121
507,4.0,-6.0,10,Hero,0.8228618636727333,0.9999895572662354
508,4.300000000000001,-5.699999999999999,7,Hero,0.8434691684586662,0.9999523333140782
509,3.9000000000000004,-6.1,11,Hero,0.6256298585371538,0.9997791431166909
510,3.7,-6.3,13,Hero,0.6048209031040852,0.9998479944009048
511,3.5,-6.5,15,Hero,0.6740182916323344,0.999560534954071
512,4.5,-5.5,5,Hero,0.8205188095569611,0.9967340946197509
513,-5.1,4.9,1,Villain,0.6643534898757935,0.99835604429245
514,4.5,-5.5,5,Hero,0.7784833073616028,0.9994855642318725
515,3.8000000000000007,-6.199999999999999,12,Hero,0.7815132538477579,0.9975868165493011
516,2.3999999999999995,-7.6000000000000005,26,Hero,0.8624777429952071,0.9999182270123408
517,2.6999999999999997,-7.300000000000001,23,Hero,0.6980231631061306,0.9993716219197148
518,3.3,-6.7,17,Hero,0.6731758152737337,0.9999198492835549
519,-5.8999999999999995,4.1000000000000005,9,Villain,0.5023142629199557,0.999969654613071
520,-6.1,3.9000000000000004,11,Villain,0.7886220988902178,0.9993228099562905
521,3.5,-6.5,15,Hero,0.5688374777634938,0.9995329697926839
522,3.7,-6.3,13,Hero,0.6537395119667053,0.9974489441284766
523,2.1999999999999993,-7.800000000000001,28,Hero,0.7332285727773394,0.9999555562223706
524,4.1000000000000005,-5.8999999999999995,9,Hero,0.9964358475473192,0.9812196095784506
525,4.7,-5.3,3,Hero,0.9981953899065653,0.9980555971463522
526,4.2,-5.8,8,Hero,0.8713135868310928,0.9969962909817696
527,-8.900000000000002,1.0999999999999983,39,Villain,0.7698596461843221,0.9999695099317111
528,3.5,-6.5,15,Hero,0.6524832874536515,0.9649976174036662
529,4.6000000000000005,-5.3999999999999995,4,Hero,0.5399921759963036,0.9999601542949677
530,4.4,-5.6,6,Hero,0.8507765382528305,0.9954381287097931
531,3.8000000000000007,-6.199999999999999,12,Hero,0.6009444842735926,0.9893272469441096
532,-5.6,4.4,6,Villain,0.5337656637032827,0.999967078367869
533,4.0,-6.0,10,Hero,0.5219028681516648,0.9999886870384216
534,4.2,-5.8,8,Hero,0.6255729049444199,0.9996555373072624
535,4.300000000000001,-5.699999999999999,7,Hero,0.8559808560780117,0.9974399379321507
536,3.6000000000000005,-6.3999999999999995,14,Hero,0.6596195548772812,0.9968831028257098
537,3.8000000000000007,-6.199999999999999,12,Hero,0.55218187533319,0.9993346234162649
538,3.8000000000000007,-6.199999999999999,12,Hero,0.4799085495372613,0.9999926388263702
539,4.800000000000001,-5.199999999999999,2,Hero,0.5479271784424782,0.9999282956123352
540,4.1000000000000005,-5.8999999999999995,9,Hero,0.6160204493337207,0.99479873975118
541,4.300000000000001,-5.699999999999999,7,Hero,0.6196113356522152,0.9990853582109723
542,3.0999999999999996,-6.9,19,Hero,0.5632575422917542,0.9998080197133516
543,3.9000000000000004,-6.1,11,Hero,0.8344697572968223,0.9959702816876498
544,2.9,-7.1,21,Hero,0.5780710493258777,0.9993852774302164
545,4.5,-5.5,5,Hero,0.3971188724040985,0.9991880297660828
546,4.4,-5.6,6,Hero,0.9844378729661306,0.9999577800432841
547,4.1000000000000005,-5.8999999999999995,9,Hero,0.601892524295383,0.9996780686908298
548,4.9,-5.1,1,Hero,0.8272379636764526,0.999776303768158
549,3.9000000000000004,-6.1,11,Hero,0.7879669158296152,0.9999915578148582
550,4.5,-5.5,5,Hero,0.7320918142795563,0.9998896479606628
551,4.0,-6.0,10,Hero,0.6041803687810898,0.9997734725475311
552,4.0,-6.0,10,Hero,0.6635040119290352,0.9999310374259949
553,4.1000000000000005,-5.8999999999999995,9,Hero,0.6639932013220258,0.9968767033682929
554,3.0999999999999996,-6.9,19,Hero,0.664849266409874,0.9997540931952628
555,3.6000000000000005,-6.3999999999999995,14,Hero,0.6374657484037536,0.9999168387481144
556,2.2999999999999994,-7.700000000000001,27,Hero,0.8072061193762002,0.9995933616602862
557,4.5,-5.5,5,Hero,0.5949149340391159,0.9994322657585144
558,2.3999999999999995,-7.6000000000000005,26,Hero,0.7894420563601531,0.9995129314752725
559,2.1999999999999993,-7.800000000000001,28,Hero,0.7625026484685284,0.9997324645519257
560,3.9000000000000004,-6.1,11,Hero,0.7098822891712189,0.9997615705836903
561,4.0,-6.0,10,Hero,0.7220545679330825,0.9965716123580932
562,4.4,-5.6,6,Hero,0.6248292128245035,0.9998810688654581
563,4.1000000000000005,-5.8999999999999995,9,Hero,0.6284646789232889,0.9994861152436998
564,4.0,-6.0,10,Hero,0.6223117433488369,0.9988018453121186
565,4.1000000000000005,-5.8999999999999995,9,Hero,0.7843465540144179,0.992471906873915
566,4.0,-6.0,10,Hero,0.79579998254776,0.9794630885124207
567,4.2,-5.8,8,Hero,0.8017067313194275,0.9952137470245361
568,4.5,-5.5,5,Hero,0.5905599892139435,0.9997153997421264
569,3.6000000000000005,-6.3999999999999995,14,Hero,0.536610192486218,0.9991224493299212
570,3.9000000000000004,-6.1,11,Hero,0.7009210613640872,0.9872791279445995
571,4.0,-6.0,10,Hero,0.7851563930511475,0.9999582529067993
572,3.6000000000000005,-6.3999999999999995,14,Hero,0.6146409596715655,0.9996821284294128
573,4.1000000000000005,-5.8999999999999995,9,Hero,0.649611406856113,0.9991835753122965
574,3.9000000000000004,-6.1,11,Hero,0.7821673439307646,0.9846496852961454
575,4.300000000000001,-5.699999999999999,7,Hero,0.6640702102865491,0.9996372546468463
576,-6.3999999999999995,3.6000000000000005,14,Villain,0.6437515254531588,0.9998965093067714
577,3.7,-6.3,13,Hero,0.6238991251358619,0.9981127381324768
578,2.5999999999999996,-7.4,24,Hero,0.4979041123685117,0.996153399348259
579,3.3,-6.7,17,Hero,0.5820929767454371,0.9998890932868508
580,3.8000000000000007,-6.199999999999999,12,Hero,0.7455054124196371,0.9998224576314291
581,-5.6,4.4,6,Villain,0.7891196558872858,0.9999852975209554
582,3.7,-6.3,13,Hero,0.6439996768648808,0.9910143613815308
583,4.0,-6.0,10,Hero,0.6874445259571076,0.99976806640625
584,4.6000000000000005,-5.3999999999999995,4,Hero,0.6293065696954727,0.9997541010379791
585,3.5,-6.5,15,Hero,0.5861348390579224,0.99822811683019
586,4.4,-5.6,6,Hero,0.6709021925926208,0.9996605614821116
587,4.4,-5.6,6,Hero,0.5726361225048701,0.9998706579208374
588,-5.8999999999999995,4.1000000000000005,9,Villain,0.7615995970037248,0.999980608622233
589,-5.6,4.4,6,Villain,0.9889200826485952,0.9999914765357971
590,2.1999999999999993,-7.800000000000001,28,Hero,0.7766929731837341,0.9997150216783796
591,4.4,-5.6,6,Hero,0.6301513065894445,0.9997876882553101
592,3.3,-6.7,17,Hero,0.549574751406908,0.998612312709584
593,4.2,-5.8,8,Hero,0.6928751934319735,0.9995137006044388
594,2.2999999999999994,-7.700000000000001,27,Hero,0.7316933351534384,0.997606736642343
595,3.9000000000000004,-6.1,11,Hero,0.6180416684259068,0.9897678115151145
596,3.3,-6.7,17,Hero,0.609541596735225,0.9998347934554604
597,3.4000000000000004,-6.6,16,Hero,0.6360782226547599,0.9995753094553947
598,3.4000000000000004,-6.6,16,Hero,0.7829903848469257,0.9846730306744576
599,3.7,-6.3,13,Hero,0.8163510091029681,0.9998976909197294
600,3.8000000000000007,-6.199999999999999,12,Hero,0.5683946038285891,0.998228520154953
601,4.1000000000000005,-5.8999999999999995,9,Hero,0.6969333655304379,0.995432992776235
602,4.2,-5.8,8,Hero,0.6520360969007015,0.998727060854435
603,3.0,-7.0,20,Hero,0.566461121593602,0.9994576394557952
604,4.5,-5.5,5,Hero,0.6290308684110641,0.999846625328064
605,4.2,-5.8,8,Hero,0.6343698389828205,0.9990490898489952
606,4.9,-5.1,1,Hero,0.9388145208358765,0.9994297623634338
607,3.4000000000000004,-6.6,16,Hero,0.5678205493022688,0.9994203560054302
608,-5.8,4.2,8,Villain,0.6765851369127631,0.9986619427800179
609,4.2,-5.8,8,Hero,0.9725060611963272,0.9952134639024734
610,3.3,-6.7,17,Hero,0.5772290308685863,0.9986606906442081
611,3.4000000000000004,-6.6,16,Hero,0.5922012105584145,0.9988976009190083
612,3.6000000000000005,-6.3999999999999995,14,Hero,0.6170107626489231,0.9986845552921295
613,3.9000000000000004,-6.1,11,Hero,0.705556606027213,0.9825569337064569
614,4.4,-5.6,6,Hero,0.812084935605526,0.9982876082261404
615,4.6000000000000005,-5.3999999999999995,4,Hero,0.6275699958205223,0.9998011738061905
616,3.8000000000000007,-6.199999999999999,12,Hero,0.6441950450340906,0.9998930394649506
617,4.0,-6.0,10,Hero,0.7459283888339996,0.9815512955188751
618,4.800000000000001,-5.199999999999999,2,Hero,0.5485032051801682,0.9998201429843903
619,4.0,-6.0,10,Hero,0.7240453720092773,0.998383742570877
620,4.2,-5.8,8,Hero,0.6111684143543243,0.9998314529657364
621,4.9,-5.1,1,Hero,0.9517638683319092,0.9998502731323242
622,4.1000000000000005,-5.8999999999999995,9,Hero,0.8474274211459689,0.9998640020688375
623,4.0,-6.0,10,Hero,0.648842853307724,0.9929224073886871
624,3.7,-6.3,13,Hero,0.7074754312634468,0.9998815747407767
625,3.9000000000000004,-6.1,11,Hero,0.6601617661389437,0.9902245727452365
626,3.9000000000000004,-6.1,11,Hero,0.7978776530785994,0.8127956124530598
627,3.8000000000000007,-6.199999999999999,12,Hero,0.6547944620251656,0.9999822974205017
628,3.5,-6.5,15,Hero,0.6101397792498271,0.999776820341746
629,3.8000000000000007,-6.199999999999999,12,Hero,0.6167944669723511,0.9973665078481039
630,4.0,-6.0,10,Hero,0.7114086836576462,0.9990284860134124
631,4.5,-5.5,5,Hero,0.9745668768882751,0.9951821327209472
632,3.9000000000000004,-6.1,11,Hero,0.6436039534482089,0.9986602772365917
633,4.300000000000001,-5.699999999999999,7,Hero,0.6151298880577087,0.9993304014205933
634,4.2,-5.8,8,Hero,0.8421964719891548,0.9968023151159286
635,3.5,-6.5,15,Hero,0.6304699003696441,0.9998042424519856
636,4.1000000000000005,-5.8999999999999995,9,Hero,0.6879643797874451,0.9959096511205038
637,3.0999999999999996,-6.9,19,Hero,0.5968718309151498,0.9996624777191564
638,3.4000000000000004,-6.6,16,Hero,0.6273275734856725,0.9884184300899506
639,3.7,-6.3,13,Hero,0.6530665755271912,0.9196981942424407
640,4.2,-5.8,8,Hero,0.7554863914847374,0.9987360686063766
641,3.7,-6.3,13,Hero,0.6324625748854417,0.9954322072175833
642,4.1000000000000005,-5.8999999999999995,9,Hero,0.6088639083835814,0.9991211891174316
643,-5.3999999999999995,4.6000000000000005,4,Villain,0.7486867532134056,0.9999710917472839
644,3.8000000000000007,-6.199999999999999,12,Hero,0.6882844070593516,0.9880954325199127
645,4.4,-5.6,6,Hero,0.5564561585585276,0.9999507665634155
646,3.8000000000000007,-6.199999999999999,12,Hero,0.6241397100190321,0.9944357424974442
647,4.300000000000001,-5.699999999999999,7,Hero,0.7118861164365496,0.9990628106253487
648,3.9000000000000004,-6.1,11,Hero,0.6823670538988981,0.99977553432638
649,4.0,-6.0,10,Hero,0.6618153393268585,0.9953066349029541
650,3.2,-6.8,18,Hero,0.5799597443805801,0.9997878968715668
651,4.2,-5.8,8,Hero,0.8201685175299644,0.9990283027291298
652,3.7,-6.3,13,Hero,0.7601940287993505,0.9999329401896551
653,4.4,-5.6,6,Hero,0.5389402682582537,0.9996967514355978
654,3.7,-6.3,13,Hero,0.700377472031575,0.9998105076643137
655,3.4000000000000004,-6.6,16,Hero,0.6494259620085359,0.9982573762536049
656,3.6000000000000005,-6.3999999999999995,14,Hero,0.6652103917939323,0.9999052115849086
657,4.300000000000001,-5.699999999999999,7,Hero,0.7589302488735744,0.999992983681815
658,4.4,-5.6,6,Hero,0.689782922466596,0.9990117649237314
659,-5.8,4.2,8,Villain,0.5069087632000446,0.9998100847005844
660,3.9000000000000004,-6.1,11,Hero,0.7418572685935281,0.9979604157534513
661,3.5,-6.5,15,Hero,0.652038045724233,0.9999297022819519
662,4.4,-5.6,6,Hero,0.7894246987998486,0.9999667008717855
663,3.0,-7.0,20,Hero,0.6566932559013366,0.999097716808319
664,4.2,-5.8,8,Hero,0.5980392917990685,0.9959820434451103
665,4.0,-6.0,10,Hero,0.64757110029459,0.9984981954097748
666,3.6000000000000005,-6.3999999999999995,14,Hero,0.5742414242454937,0.9995211618287223
667,4.300000000000001,-5.699999999999999,7,Hero,0.6317064166069031,0.9999068464551654
668,3.7,-6.3,13,Hero,0.5769416506473835,0.9985063442817101
669,4.4,-5.6,6,Hero,0.8077899565299352,0.9999371965726217
670,4.4,-5.6,6,Hero,0.7548459569613138,0.999980608622233
671,4.4,-5.6,6,Hero,0.7237577935059866,0.9998714526494344
672,4.5,-5.5,5,Hero,0.8881049752235413,0.9999834775924683
673,3.0999999999999996,-6.9,19,Hero,0.6096169501543045,0.9989346391276309
674,3.8000000000000007,-6.199999999999999,12,Hero,0.7598871290683746,0.9935655693213145
675,3.7,-6.3,13,Hero,0.6545405433728144,0.9983298961932843
676,3.8000000000000007,-6.199999999999999,12,Hero,0.6559250354766846,0.998894731203715
677,4.300000000000001,-5.699999999999999,7,Hero,0.5930596717766353,0.9993928756032672
678,3.6000000000000005,-6.3999999999999995,14,Hero,0.6258726471236774,0.9977732939379556
679,3.8000000000000007,-6.199999999999999,12,Hero,0.7756462491427859,0.9999736448129019
680,4.9,-5.1,1,Hero,0.5284095406532288,0.9999266862869263
681,4.4,-5.6,6,Hero,0.5960361858208975,0.9998939236005148
682,4.800000000000001,-5.199999999999999,2,Hero,0.5394462049007416,0.9999064207077026
683,3.7,-6.3,13,Hero,0.628901576766601,0.9820316112958468
684,3.9000000000000004,-6.1,11,Hero,0.5932850282300602,0.9996512532234192
685,4.6000000000000005,-5.3999999999999995,4,Hero,0.9665391445159912,0.7492820743937045
686,3.7,-6.3,13,Hero,0.7097815389816577,0.9991056185502273
687,3.8000000000000007,-6.199999999999999,12,Hero,0.7223047216733297,0.9991651624441147
688,4.1000000000000005,-5.8999999999999995,9,Hero,0.6139181802670161,0.9989233348104689
689,4.1000000000000005,-5.8999999999999995,9,Hero,0.5728075090381834,0.9998753600650363
690,4.6000000000000005,-5.3999999999999995,4,Hero,0.45339416712522507,0.9999500513076782
691,4.0,-6.0,10,Hero,0.6261704862117767,0.9990091383457184
692,4.4,-5.6,6,Hero,0.9385835230350494,0.9999925096829733
693,4.1000000000000005,-5.8999999999999995,9,Hero,0.6007212267981635,0.9999159971872965
694,3.7,-6.3,13,Hero,0.6867774839584644,0.9987523785004249
695,-5.1,4.9,1,Villain,0.8950734734535217,0.9973227381706238
696,-5.199999999999999,4.800000000000001,2,Villain,0.9656630754470825,0.9990169405937195
697,3.9000000000000004,-6.1,11,Hero,0.6383280198682438,0.9999489242380316
698,3.5,-6.5,15,Hero,0.6668216635783514,0.9998769243558248
699,3.9000000000000004,-6.1,11,Hero,0.581431585279378,0.9992610920559276
700,3.4000000000000004,-6.6,16,Hero,0.5838431725278497,0.999938290566206
701,4.2,-5.8,8,Hero,0.5495811700820923,0.9996361136436462
702,4.9,-5.1,1,Hero,0.7693992853164673,0.9999920129776001
703,3.8000000000000007,-6.199999999999999,12,Hero,0.6370368525385857,0.9997414549191793
704,2.9,-7.1,21,Hero,0.580108330363319,0.9996851313681829
705,4.300000000000001,-5.699999999999999,7,Hero,0.9360630597387042,0.9999227523803711
706,4.6000000000000005,-5.3999999999999995,4,Hero,0.5308421142399311,0.9998779296875
707,4.2,-5.8,8,Hero,0.9956738650798798,0.9999966025352478
708,-4.999999999999998,-4.999999999999998,50,None,0.9355225384235382,0.9999733257293701
709,-4.999999999999998,-4.999999999999998,50,None,0.8558419561386108,0.9998833823204041
710,1.6999999999999988,-8.3,33,Hero,0.9126753050721053,0.9999829602963997
711,4.300000000000001,-5.699999999999999,7,Hero,0.8430024880383696,0.9999719687870571
712,0.9999999999999982,-9.000000000000002,40,Hero,0.6870633192360401,0.9967773601412773
713,4.4,-5.6,6,Hero,0.6481082091728846,0.9993202686309814
714,3.7,-6.3,13,Hero,0.5946459965063975,0.9998763478719271
715,-4.999999999999998,-4.999999999999998,50,None,0.8973260264098645,0.9999717211723328
716,4.6000000000000005,-5.3999999999999995,4,Hero,0.5104670450091362,0.999565601348877
717,2.6999999999999997,-7.300000000000001,23,Hero,0.6131159760381865,0.9997753760089045
718,4.4,-5.6,6,Hero,0.8185045865053932,0.9999842246373495
719,3.6000000000000005,-6.3999999999999995,14,Hero,0.7385965926306588,0.9999619722366333
720,4.5,-5.5,5,Hero,0.961392092704773,0.9999953031539917
721,4.1000000000000005,-5.8999999999999995,9,Hero,0.9743040601412455,0.9999983178244697
722,4.0,-6.0,10,Hero,0.5754175528883934,0.9996914625167846
723,3.9000000000000004,-6.1,11,Hero,0.624433847990903,0.998911673372442
724,3.4000000000000004,-6.6,16,Hero,0.5694335893786047,0.9991770312190056
725,4.6000000000000005,-5.3999999999999995,4,Hero,0.5923932045698166,0.9999246001243591
726,4.0,-6.0,10,Hero,0.8037252634763717,0.9986716091632843
727,4.6000000000000005,-5.3999999999999995,4,Hero,0.6447136141359806,0.999992311000824
728,3.5,-6.5,15,Hero,0.6353820522626241,0.9871278127034505
729,4.0,-6.0,10,Hero,0.635951679944992,0.9998616933822632
730,3.6000000000000005,-6.3999999999999995,14,Hero,0.5683117641934327,0.9999814033508301
731,4.9,-5.1,1,Hero,0.9916464686393738,0.9997000694274902
732,4.1000000000000005,-5.8999999999999995,9,Hero,0.9695544573995802,0.9985747271113925
733,-6.199999999999999,3.8000000000000007,12,Villain,0.588449922700723,0.9999712904294332
734,4.5,-5.5,5,Hero,0.7063811182975769,0.9996927857398987
735,3.7,-6.3,13,Hero,0.5836249383596274,0.9999053386541513
736,4.2,-5.8,8,Hero,0.7700918130576611,0.8735183948883787
737,4.9,-5.1,1,Hero,0.6282649636268616,0.9999814033508301
738,4.0,-6.0,10,Hero,0.6006969243288041,0.9997116267681122
739,3.7,-6.3,13,Hero,0.5865987963401355,0.9999511792109563
740,3.7,-6.3,13,Hero,0.6869117204959576,0.999947612102215
741,4.4,-5.6,6,Hero,0.8889904717604319,0.999993085861206
742,4.2,-5.8,8,Hero,0.6214892342686653,0.999660961329937
743,4.2,-5.8,8,Hero,0.6407474130392075,0.999786987900734
744,4.5,-5.5,5,Hero,0.838577139377594,0.9999837875366211
745,3.8000000000000007,-6.199999999999999,12,Hero,0.6429249544938406,0.9999821186065674
746,4.2,-5.8,8,Hero,0.7212995551526546,0.9999741762876511
747,3.0,-7.0,20,Hero,0.6865265645086766,0.9999937891960144
748,4.6000000000000005,-5.3999999999999995,4,Hero,0.95121830701828,0.999819427728653
749,3.7,-6.3,13,Hero,0.6926399033803207,0.9999838333863479
750,4.6000000000000005,-5.3999999999999995,4,Hero,0.5690384656190872,0.9999933242797852
751,3.6000000000000005,-6.3999999999999995,14,Hero,0.5889746663825852,0.9966719618865422
752,3.5,-6.5,15,Hero,0.6728966295719147,0.9999017397562663
753,3.8000000000000007,-6.199999999999999,12,Hero,0.6812208617726961,0.9998181015253067
754,3.7,-6.3,13,Hero,0.6598182653005307,0.9997836305544927
755,3.9000000000000004,-6.1,11,Hero,0.5768705714832653,0.9999665780500933
756,4.2,-5.8,8,Hero,0.6191306943073869,0.999808207154274
757,4.1000000000000005,-5.8999999999999995,9,Hero,0.7221921847926246,0.9998860425419278
758,3.8000000000000007,-6.199999999999999,12,Hero,0.6881275673707327,0.9999955395857493
759,3.6000000000000005,-6.3999999999999995,14,Hero,0.706149794693504,0.9999317143644605
760,4.300000000000001,-5.699999999999999,7,Hero,0.9879786031586784,0.9991058111190796
761,4.1000000000000005,-5.8999999999999995,9,Hero,0.5967178477181329,0.9999905559751723
762,4.4,-5.6,6,Hero,0.6905868463218212,0.9999986290931702
763,4.0,-6.0,10,Hero,0.734718655794859,0.999983263015747
764,4.4,-5.6,6,Hero,0.595204030474027,0.9999809662501017
765,3.6000000000000005,-6.3999999999999995,14,Hero,0.595288097858429,0.9978465012141636
766,3.0999999999999996,-6.9,19,Hero,0.5791381268124831,0.9807190455888447
767,-5.3999999999999995,4.6000000000000005,4,Villain,0.6304376274347305,0.9999818205833435
768,4.2,-5.8,8,Hero,0.45603802613914013,0.9999953210353851
769,4.5,-5.5,5,Hero,0.7350987076759339,0.9999055147171021
770,3.8000000000000007,-6.199999999999999,12,Hero,0.836944098273913,0.9999966621398926
771,4.1000000000000005,-5.8999999999999995,9,Hero,0.665154731935925,0.9999901056289673
772,4.2,-5.8,8,Hero,0.5210479591041803,0.9999376460909843
773,3.2,-6.8,18,Hero,0.8067526320616404,0.9999939070807563
774,3.2,-6.8,18,Hero,0.6433328510158591,0.9999699824386172
775,4.1000000000000005,-5.8999999999999995,9,Hero,0.8758092489507463,0.9999991787804497
776,4.0,-6.0,10,Hero,0.5725344508886338,0.9999286353588104
777,3.6000000000000005,-6.3999999999999995,14,Hero,0.6297690495848656,0.9998702534607479
778,3.2,-6.8,18,Hero,0.5993629776769214,0.9999169376161363
779,4.2,-5.8,8,Hero,0.9073422998189926,0.999520480632782
780,4.6000000000000005,-5.3999999999999995,4,Hero,0.7263824641704559,0.9999971389770508
781,3.5,-6.5,15,Hero,0.5965452055136363,0.9999171614646911
782,3.9000000000000004,-6.1,11,Hero,0.6529807204549963,0.9997779022563588
783,4.300000000000001,-5.699999999999999,7,Hero,0.8699225613049099,0.999647217137473
784,4.1000000000000005,-5.8999999999999995,9,Hero,0.8258573545349969,0.9999716281890869
785,3.4000000000000004,-6.6,16,Hero,0.6239178749965504,0.998901329934597
786,4.800000000000001,-5.199999999999999,2,Hero,0.9590968489646912,0.9999659061431885
787,4.300000000000001,-5.699999999999999,7,Hero,0.5268602498940059,0.9999425326074872
788,-5.1,4.9,1,Villain,0.99928218126297,0.9974543452262878
789,4.300000000000001,-5.699999999999999,7,Hero,0.769979191677911,0.9999839067459106
790,-5.6,4.4,6,Villain,0.582708552479744,0.9999408721923828
791,3.8000000000000007,-6.199999999999999,12,Hero,0.5388319989045461,0.9999959270159403
792,-5.6,4.4,6,Villain,0.48739426334698993,0.9999898870786031
793,4.7,-5.3,3,Hero,0.9797637859980265,0.9999667008717855
794,-6.5,3.5,15,Villain,0.5569631377855937,0.9999835014343261
795,4.4,-5.6,6,Hero,0.5487692703803381,0.9999966025352478
796,4.300000000000001,-5.699999999999999,7,Hero,0.5883412872041974,0.9999154380389622
797,4.300000000000001,-5.699999999999999,7,Hero,0.9258869971547808,0.9994220648493085
798,4.300000000000001,-5.699999999999999,7,Hero,0.6706562255110059,0.9999481354440961
799,3.9000000000000004,-6.1,11,Hero,0.6599941064010967,0.9999816851182417
800,4.300000000000001,-5.699999999999999,7,Hero,0.695720551269395,0.9999984332493373
801,3.8000000000000007,-6.199999999999999,12,Hero,0.5680407558878263,0.9999925196170807
802,4.300000000000001,-5.699999999999999,7,Hero,0.8290294813258308,0.9998935886791774
803,3.8000000000000007,-6.199999999999999,12,Hero,0.694752519329389,0.9950793534517288
804,4.6000000000000005,-5.3999999999999995,4,Hero,0.7472365945577621,0.9999858736991882
805,4.1000000000000005,-5.8999999999999995,9,Hero,0.5468403432104323,0.9999850855933295
806,-5.8999999999999995,4.1000000000000005,9,Villain,0.6694910244809257,0.9998939832051595
807,3.6000000000000005,-6.3999999999999995,14,Hero,0.6658933258482388,0.9973721291337695
808,-5.3,4.7,3,Villain,0.8801255424817404,0.9999754826227824
809,4.1000000000000005,-5.8999999999999995,9,Hero,0.5033972097767724,0.9999863968955146
810,3.8000000000000007,-6.199999999999999,12,Hero,0.6073843451837698,0.9992194076379141
811,4.0,-6.0,10,Hero,0.5731514737010002,0.9999884366989136
812,4.2,-5.8,8,Hero,0.7838598825037479,0.9998781085014343
813,-5.3,4.7,3,Villain,0.9870118896166483,0.999999205271403
814,4.300000000000001,-5.699999999999999,7,Hero,0.7283118686505726,0.9998667069843837
815,4.4,-5.6,6,Hero,0.5923896233240763,0.9999789396921793
816,-5.699999999999999,4.300000000000001,7,Villain,0.8476208278111049,0.999472839491708
817,3.6000000000000005,-6.3999999999999995,14,Hero,0.5465415492653847,0.9998924647058759
818,3.9000000000000004,-6.1,11,Hero,0.8145943460139361,0.9998197609728033
819,4.300000000000001,-5.699999999999999,7,Hero,0.7414281666278839,0.9999909741537911
820,3.8000000000000007,-6.199999999999999,12,Hero,0.6838735962907473,0.9985082497199377
821,3.3,-6.7,17,Hero,0.518192025997183,0.9970726370811462
822,4.0,-6.0,10,Hero,0.5307999402284622,0.999998939037323
823,-6.3999999999999995,3.6000000000000005,14,Villain,0.5547101337994848,0.9999997360365731
824,3.9000000000000004,-6.1,11,Hero,0.742368760434064,0.9999772310256958
825,3.4000000000000004,-6.6,16,Hero,0.6558165643364191,0.9998138248920441
826,4.6000000000000005,-5.3999999999999995,4,Hero,0.9881075173616409,0.9997129440307617
827,4.800000000000001,-5.199999999999999,2,Hero,0.9620455801486969,0.9999776482582092
828,4.7,-5.3,3,Hero,0.9838669300079346,0.999873419602712
829,4.1000000000000005,-5.8999999999999995,9,Hero,0.583175907532374,0.9999604291386075
830,4.5,-5.5,5,Hero,0.7851522315293551,0.9999616384506226
831,3.8000000000000007,-6.199999999999999,12,Hero,0.5442292541265488,0.9999989569187164
832,3.4000000000000004,-6.6,16,Hero,0.5961432615295053,0.9999996200203896
833,3.6000000000000005,-6.3999999999999995,14,Hero,0.5507494434714317,0.9999176561832428
834,4.6000000000000005,-5.3999999999999995,4,Hero,0.715440895408392,0.9999796748161316
835,3.8000000000000007,-6.199999999999999,12,Hero,0.6443392386039098,0.9999561806519827
836,4.6000000000000005,-5.3999999999999995,4,Hero,0.6162242740392685,0.9999973773956299
837,4.4,-5.6,6,Hero,0.6726142565409342,0.9999876221021017
838,3.6000000000000005,-6.3999999999999995,14,Hero,0.6768880422626223,0.9998844563961029
839,3.0,-7.0,20,Hero,0.5549310274422169,0.9819359898567199
840,-5.8,4.2,8,Villain,0.8997519388794899,0.9999997913837433
841,4.300000000000001,-5.699999999999999,7,Hero,0.6556969881057739,0.9999927452632359
842,3.9000000000000004,-6.1,11,Hero,0.8320610983805223,0.9968493364074014
843,3.6000000000000005,-6.3999999999999995,14,Hero,0.49850519214357647,0.9999643649373736
844,-6.1,3.9000000000000004,11,Villain,0.7165368822487918,0.9999785748395053
845,3.3,-6.7,17,Hero,0.6007738788338268,0.9999560468337115
846,2.5999999999999996,-7.4,24,Hero,0.7164744467784961,0.9967567523320516
847,-5.699999999999999,4.300000000000001,7,Villain,0.5569424075739724,0.9999943631035941
848,4.0,-6.0,10,Hero,0.7918857630342245,0.9999201357364654
849,4.4,-5.6,6,Hero,0.5579690684874853,0.9999363124370575
850,3.7,-6.3,13,Hero,0.6655882803293375,0.9985577005606431
851,4.2,-5.8,8,Hero,0.9311086609959602,0.9999541118741035
852,3.5,-6.5,15,Hero,0.6013242661952972,0.9999725937843322
853,3.5,-6.5,15,Hero,0.5966383854548136,0.9999631762504577
854,3.7,-6.3,13,Hero,0.5750603286119608,0.9998672971358666
855,4.300000000000001,-5.699999999999999,7,Hero,0.591290546315057,0.9999982799802508
856,4.5,-5.5,5,Hero,0.7775588721036911,0.9999205470085144
857,4.1000000000000005,-5.8999999999999995,9,Hero,0.5665380888515048,0.9999969005584717
858,4.2,-5.8,8,Hero,0.5617407187819481,0.9999887347221375
859,3.9000000000000004,-6.1,11,Hero,0.7127987552772869,0.9999913410706953
860,3.7,-6.3,13,Hero,0.6120032209616441,0.9966413241166335
861,3.8000000000000007,-6.199999999999999,12,Hero,0.7715999086697897,0.9999967714150747
862,4.300000000000001,-5.699999999999999,7,Hero,0.9208421111106873,0.9999897990907941
863,3.9000000000000004,-6.1,11,Hero,0.8033814376050775,0.9999987103722312
864,3.7,-6.3,13,Hero,0.6514961123466492,0.9999572863945594
865,4.2,-5.8,8,Hero,0.7558103427290916,0.9999896883964539
866,4.4,-5.6,6,Hero,0.6013536552588145,0.9999966820081075
867,3.0,-7.0,20,Hero,0.5691719375550747,0.9984366178512574
868,4.2,-5.8,8,Hero,0.7801182540133595,0.9998695179820061
869,4.2,-5.8,8,Hero,0.8489789590239525,0.9991861432790756
870,4.2,-5.8,8,Hero,0.48472796007990837,0.9999974071979523
871,4.0,-6.0,10,Hero,0.6543914318084717,0.9987895905971527
872,4.2,-5.8,8,Hero,0.7337216474115849,0.9999471977353096
873,-6.3999999999999995,3.6000000000000005,14,Villain,0.624063212956701,0.9998745066779
874,4.1000000000000005,-5.8999999999999995,9,Hero,0.7293822367986044,0.9999821715884738
875,3.7,-6.3,13,Hero,0.6572427245286795,0.999996753839346
876,4.7,-5.3,3,Hero,0.646986335515976,0.9999991655349731
877,2.8,-7.2,22,Hero,0.5814871334216811,0.9998840283263813
878,-5.1,4.9,1,Villain,0.9187967777252197,1.0
879,-5.8,4.2,8,Villain,0.5473782084882259,0.9999991059303284
880,4.300000000000001,-5.699999999999999,7,Hero,0.5728291996887752,0.999998756817409
881,4.1000000000000005,-5.8999999999999995,9,Hero,0.9465741647614373,0.999984343846639
882,4.4,-5.6,6,Hero,0.814843642214934,0.999977707862854
883,3.9000000000000004,-6.1,11,Hero,0.5944489105181261,0.9999967054887251
884,4.7,-5.3,3,Hero,0.511691023906072,0.9999907414118449
885,4.6000000000000005,-5.3999999999999995,4,Hero,0.5467514321208,0.9999947249889374
886,3.9000000000000004,-6.1,11,Hero,0.7803874449296431,0.9998988888480447
887,3.7,-6.3,13,Hero,0.6417163633383237,0.9999950390595657
888,-6.0,4.0,10,Villain,0.6341250687837601,0.9999999761581421
889,3.8000000000000007,-6.199999999999999,12,Hero,0.5874076498051485,0.9999998509883881
890,-6.0,4.0,10,Villain,0.6605226993560791,0.9999999761581421
891,3.9000000000000004,-6.1,11,Hero,0.6842460916800932,0.9999904199080034
892,3.0,-7.0,20,Hero,0.6399366885423661,0.9996164888143539
893,4.1000000000000005,-5.8999999999999995,9,Hero,0.6873739030626085,0.9998825059996711
894,4.300000000000001,-5.699999999999999,7,Hero,0.5119118945939201,0.9999999489103045
895,-6.3999999999999995,3.6000000000000005,14,Villain,0.6274892166256905,0.9999376365116665
896,1.0999999999999983,-8.900000000000002,39,Hero,0.6859173262730623,0.9999604653089474
897,4.7,-5.3,3,Hero,0.9241304397583008,0.9999995628992716
898,2.9,-7.1,21,Hero,0.5762779244354793,0.9999951124191284
899,4.7,-5.3,3,Hero,0.6022360722223917,0.9999839464823405
900,-4.999999999999998,-4.999999999999998,50,None,0.8453016954660416,0.9999989628791809
901,2.6999999999999997,-7.300000000000001,23,Hero,0.6769953791214072,0.9999995905420055
902,3.8000000000000007,-6.199999999999999,12,Hero,0.8013696124156316,0.9999998907248179
903,3.0,-7.0,20,Hero,0.6047826472669839,0.9995769619941711
904,4.2,-5.8,8,Hero,0.5976815745234489,0.9999899417161942
905,3.9000000000000004,-6.1,11,Hero,0.6878390217369253,0.9999970631165938
906,2.4999999999999996,-7.5,25,Hero,0.608582717180252,0.9999992799758911
907,3.7,-6.3,13,Hero,0.6256394535303116,0.9999654201360849
908,4.2,-5.8,8,Hero,0.7945432290434837,0.9999994486570358
909,3.5,-6.5,15,Hero,0.5188425754507383,0.9998953064282735
910,4.5,-5.5,5,Hero,0.6417612969875336,0.999997329711914
911,4.0,-6.0,10,Hero,0.6877098470926285,0.9999907970428467
912,3.7,-6.3,13,Hero,0.554203694829574,0.9999250402817359
913,3.3,-6.7,17,Hero,0.5759428301278282,0.9999917885836433
914,-6.3,3.7,13,Villain,0.5714741567006478,0.9999985236387986
915,4.9,-5.1,1,Hero,0.8515188097953796,0.9999995231628418
916,4.300000000000001,-5.699999999999999,7,Hero,0.6460282956915242,0.9999622447150094
917,4.4,-5.6,6,Hero,0.9546715517838796,0.9999995430310568
918,3.8000000000000007,-6.199999999999999,12,Hero,0.6703331197301546,0.9999799728393555
919,4.6000000000000005,-5.3999999999999995,4,Hero,0.9303831309080124,0.9999853074550629
920,4.0,-6.0,10,Hero,0.573799479007721,0.9999979734420776
921,3.8000000000000007,-6.199999999999999,12,Hero,0.7294278343518575,0.9999246994654337
922,4.800000000000001,-5.199999999999999,2,Hero,0.5835217535495758,0.999998152256012
923,3.6000000000000005,-6.3999999999999995,14,Hero,0.7890362558620316,0.9999743316854749
924,3.2,-6.8,18,Hero,0.594431459903717,0.9999223384592268
925,4.2,-5.8,8,Hero,0.8950075730681419,0.9997137263417244
926,3.3,-6.7,17,Hero,0.5640311118434457,0.9999980014913222
927,4.2,-5.8,8,Hero,0.7623272947967052,0.9999371320009232
928,3.4000000000000004,-6.6,16,Hero,0.6675974619574845,0.9998486749827862
929,4.1000000000000005,-5.8999999999999995,9,Hero,0.6451247359315554,0.999602562851376
930,4.2,-5.8,8,Hero,0.6998610626906157,0.9999454542994499
931,4.800000000000001,-5.199999999999999,2,Hero,0.875408947467804,0.9999949932098389
932,4.5,-5.5,5,Hero,0.6805085003376007,0.9999984979629517
933,3.5,-6.5,15,Hero,0.605885515610377,0.9999884049097697
934,3.6000000000000005,-6.3999999999999995,14,Hero,0.674529703600066,0.9998466925961631
935,-5.8,4.2,8,Villain,0.7019935734570026,0.999998152256012
936,3.3,-6.7,17,Hero,0.6073499058975893,0.9992934149854323
937,4.4,-5.6,6,Hero,0.7372990101575851,0.9999766747156779
938,4.4,-5.6,6,Hero,0.4967704514662425,0.9999982118606567
939,3.6000000000000005,-6.3999999999999995,14,Hero,0.582113250025681,0.9995972045830318
940,4.800000000000001,-5.199999999999999,2,Hero,0.9935097098350525,0.9999746084213257
941,4.6000000000000005,-5.3999999999999995,4,Hero,0.7569551784545183,0.9999254196882248
942,3.6000000000000005,-6.3999999999999995,14,Hero,0.635887303522655,0.9999869636126927
943,-5.5,4.5,5,Villain,0.447935688495636,0.9999988079071045
944,-5.6,4.4,6,Villain,0.6061131556828817,0.999996562798818
945,4.300000000000001,-5.699999999999999,7,Hero,0.638487600854465,0.9999973944255284
946,4.4,-5.6,6,Hero,0.8240821113189062,0.9998335341612498
947,3.5,-6.5,15,Hero,0.6109471400578816,0.999966025352478
948,4.300000000000001,-5.699999999999999,7,Hero,0.9348363876342773,0.9999316760471889
949,3.8000000000000007,-6.199999999999999,12,Hero,0.7479270125428835,0.9999890923500061
950,4.1000000000000005,-5.8999999999999995,9,Hero,0.6146970755524106,0.9999735090467665
951,-4.999999999999998,-4.999999999999998,50,None,0.8333421328663826,0.9999985098838806
952,3.3,-6.7,17,Hero,0.6222019561511629,0.9994949978940627
953,4.6000000000000005,-5.3999999999999995,4,Hero,0.716330423951149,0.999988853931427
954,3.9000000000000004,-6.1,11,Hero,0.7669321352785284,0.999445687640797
955,4.9,-5.1,1,Hero,0.977397620677948,0.9999611377716064
956,3.3,-6.7,17,Hero,0.5955801869139952,0.9999225595418144
957,4.4,-5.6,6,Hero,0.5804396619399389,0.9999857942263285
958,4.0,-6.0,10,Hero,0.5318124324083329,0.9991360485553742
959,4.7,-5.3,3,Hero,0.6499606668949127,0.9999889532725016
960,-5.8,4.2,8,Villain,0.5655397083610296,0.9999966025352478
961,3.9000000000000004,-6.1,11,Hero,0.6657897274602543,0.9998883984305642
962,2.2999999999999994,-7.700000000000001,27,Hero,0.6399748623371124,0.9999937702108312
963,4.800000000000001,-5.199999999999999,2,Hero,0.5647601559758186,0.9999784231185913
964,3.9000000000000004,-6.1,11,Hero,0.6343630294908177,0.9993952512741089
965,3.9000000000000004,-6.1,11,Hero,0.8546589396216653,0.9999970522793856
966,-5.199999999999999,4.800000000000001,2,Villain,0.9845600426197052,0.999998152256012
967,2.5999999999999996,-7.4,24,Hero,0.6046861670911312,0.9999995132287344
968,3.6000000000000005,-6.3999999999999995,14,Hero,0.68177630007267,0.9972117585795266
969,4.0,-6.0,10,Hero,0.6872810184955597,0.9990743160247803
970,4.9,-5.1,1,Hero,0.8449926376342773,0.9999957084655762
971,3.2,-6.8,18,Hero,0.5734416527880563,0.9867898027102152
972,4.2,-5.8,8,Hero,0.7988713011145592,0.999627411365509
973,-6.8,3.2,18,Villain,0.6750901200705104,0.9998153613673316
974,4.4,-5.6,6,Hero,0.664075548450152,0.9999816020329794
975,3.6000000000000005,-6.3999999999999995,14,Hero,0.6780178163732801,0.9999841707093375
976,4.7,-5.3,3,Hero,0.9554579257965088,0.9999974966049194
977,4.0,-6.0,10,Hero,0.5979578912258148,0.9996399819850922
978,-6.3,3.7,13,Villain,0.6395427561723269,0.9999610277322623
979,3.5,-6.5,15,Hero,0.6422403941551844,0.9998072425524394
980,-6.5,3.5,15,Villain,0.652108479042848,0.9995768586794536
981,3.6000000000000005,-6.3999999999999995,14,Hero,0.850175216794014,0.999997249671391
982,4.5,-5.5,5,Hero,0.5616789042949677,0.9999809026718139
983,3.8000000000000007,-6.199999999999999,12,Hero,0.7038622871041298,0.9985157052675883
984,4.1000000000000005,-5.8999999999999995,9,Hero,0.7300546500417922,0.9999950726826986
985,4.1000000000000005,-5.8999999999999995,9,Hero,0.5988900264104208,0.9999525215890672
986,4.1000000000000005,-5.8999999999999995,9,Hero,0.7818164361847771,0.9998981489075555
987,3.0999999999999996,-6.9,19,Hero,0.6035862753265783,0.9405995917163397
988,4.5,-5.5,5,Hero,0.5530888557434082,0.9999597072601318
989,4.2,-5.8,8,Hero,0.7179524302482605,0.9999392107129097
990,-6.0,4.0,10,Villain,0.729715320467949,0.9987403631210328
991,4.300000000000001,-5.699999999999999,7,Hero,0.789452246257237,0.9998757243156433
992,4.1000000000000005,-5.8999999999999995,9,Hero,0.9972651799519857,0.9999938673443265
993,2.4999999999999996,-7.5,25,Hero,0.7615557023882866,0.9997367596626282
994,0.8999999999999986,-9.100000000000001,41,Hero,0.700123261115173,0.9966665259221705
995,2.1999999999999993,-7.800000000000001,28,Hero,0.7317152880132198,0.9997923097440174
996,4.4,-5.6,6,Hero,0.9967403809229533,0.9999982317288717
997,0.9999999999999982,-9.000000000000002,40,Hero,0.9225646365433932,0.999995693564415
998,0.9999999999999982,-9.000000000000002,40,Hero,0.8302941513247788,0.9999964714050293
999,3.0999999999999996,-6.9,19,Hero,0.9303374459084711,0.9999974652340538
1000,3.7,-6.3,13,Hero,0.7262893413695005,0.9999921688666711
1001,0.40000000000000036,-9.6,46,Hero,0.8182697192482327,0.9998329061528911
1002,4.5,-5.5,5,Hero,0.9855100154876709,0.9999889612197876
1003,-4.999999999999998,-4.999999999999998,50,None,0.8493884199857712,0.9999683749675751
1004,3.0999999999999996,-6.9,19,Hero,0.7410378362003126,0.9999862281899703
1005,1.3999999999999986,-8.600000000000001,36,Hero,0.767695959036549,0.9999819861518012
1006,0.10000000000000142,-9.899999999999999,49,Hero,0.7974433121936662,0.9983079019857912
1007,2.6999999999999997,-7.300000000000001,23,Hero,0.6825354267721591,0.9988516491392384
1008,4.5,-5.5,5,Hero,0.7544665426015854,0.9999852180480957
1009,4.0,-6.0,10,Hero,0.6332713529467583,0.9999673306941986
1010,3.6000000000000005,-6.3999999999999995,14,Hero,0.6231520963566644,0.9982077862535205
1011,4.7,-5.3,3,Hero,0.7920340498288473,0.9999545415242513
1012,3.8000000000000007,-6.199999999999999,12,Hero,0.731669619679451,0.9992214888334274
1013,3.5,-6.5,15,Hero,0.6124027033646902,0.9982795914014181
1014,4.7,-5.3,3,Hero,0.5714151561260223,0.9999983708063761
1015,3.7,-6.3,13,Hero,0.7014089776919439,0.999990279857929
1016,4.5,-5.5,5,Hero,0.8185056209564209,0.9998655319213867
1017,4.1000000000000005,-5.8999999999999995,9,Hero,0.6391625536812676,0.9999480313724942
1018,3.9000000000000004,-6.1,11,Hero,0.5773743350397457,0.9999084581028331
1019,4.2,-5.8,8,Hero,0.734096921980381,0.9999929219484329
1020,4.1000000000000005,-5.8999999999999995,9,Hero,0.6197369131777022,0.9999873373243544
1021,4.0,-6.0,10,Hero,0.7594018027186393,0.9999971270561219
1022,3.6000000000000005,-6.3999999999999995,14,Hero,0.5074721259464111,0.999390436070306
1023,3.6000000000000005,-6.3999999999999995,14,Hero,0.550404392182827,0.9999470157282693
1024,4.2,-5.8,8,Hero,0.6520265489816666,0.9998672381043434
1025,3.9000000000000004,-6.1,11,Hero,0.8370380672541532,0.9999855865131725
1026,3.2,-6.8,18,Hero,0.628922904531161,0.999929795662562
1027,4.7,-5.3,3,Hero,0.6476566990216573,0.9999977350234985
1028,3.6000000000000005,-6.3999999999999995,14,Hero,0.6089650935360363,0.9999895947320121
1029,3.6000000000000005,-6.3999999999999995,14,Hero,0.7293029299804142,0.9999807008675167
1030,3.2,-6.8,18,Hero,0.5790601074695587,0.9999462399217818
1031,3.2,-6.8,18,Hero,0.6001249717341529,0.9990419215626187
1032,4.300000000000001,-5.699999999999999,7,Hero,0.700048178434372,0.9999858822141375
1033,3.3,-6.7,17,Hero,0.5764817762024262,0.9996430102516624
1034,4.2,-5.8,8,Hero,0.6423392686992884,0.9998753145337105
1035,3.6000000000000005,-6.3999999999999995,14,Hero,0.5697830085243497,0.9998346056256976
1036,3.8000000000000007,-6.199999999999999,12,Hero,0.602851447959741,0.9999442100524902
1037,4.300000000000001,-5.699999999999999,7,Hero,0.7455798770700183,0.9999419706208366
1038,-5.6,4.4,6,Villain,0.5795991917451223,0.9999982317288717
1039,4.1000000000000005,-5.8999999999999995,9,Hero,0.6353964408238729,0.9999636080529954
1040,2.5999999999999996,-7.4,24,Hero,0.6503686911116043,0.9999755620956421
1041,4.6000000000000005,-5.3999999999999995,4,Hero,0.6562295183539391,0.9999990165233612
1042,4.0,-6.0,10,Hero,0.5620065331459045,0.9999258041381835
1043,3.0,-7.0,20,Hero,0.711578619480133,0.9999558448791503
1044,3.9000000000000004,-6.1,11,Hero,0.7204640507698059,0.9999965212561868
1045,4.4,-5.6,6,Hero,0.8197990357875824,0.9999999602635702
1046,4.0,-6.0,10,Hero,0.6466530188918114,0.9999014914035798
1047,3.0999999999999996,-6.9,19,Hero,0.5710480173706616,0.9995910901772348
1048,4.1000000000000005,-5.8999999999999995,9,Hero,0.4566459263248059,0.999998132387797
1049,3.8000000000000007,-6.199999999999999,12,Hero,0.670766144990921,0.9999956488609314
1050,4.6000000000000005,-5.3999999999999995,4,Hero,0.7229627370834351,0.9999994337558746
1051,-5.3,4.7,3,Villain,0.6116623183091482,1.0
1052,4.4,-5.6,6,Hero,0.9414424200852712,0.9999999403953552
1053,4.0,-6.0,10,Hero,0.566928020119667,0.9999996542930603
1054,3.7,-6.3,13,Hero,0.6111136262233441,0.9999989821360662
1055,3.7,-6.3,13,Hero,0.6927660428560697,1.0
1056,3.6000000000000005,-6.3999999999999995,14,Hero,0.6623641284906105,0.9999772948878152
1057,4.1000000000000005,-5.8999999999999995,9,Hero,0.5508373942640092,1.0
1058,4.300000000000001,-5.699999999999999,7,Hero,0.6400025146348136,0.9999999829701015
1059,3.8000000000000007,-6.199999999999999,12,Hero,0.7228497664133707,0.9999999403953552
1060,4.4,-5.6,6,Hero,0.581912080446879,0.999999980131785
1061,4.5,-5.5,5,Hero,0.9122200727462768,0.9999998092651368
1062,4.300000000000001,-5.699999999999999,7,Hero,0.5948789204869952,0.9999999829701015
1063,3.9000000000000004,-6.1,11,Hero,0.5466174700043418,1.0
1064,3.8000000000000007,-6.199999999999999,12,Hero,0.6495790459836522,0.9999975860118866
1065,4.2,-5.8,8,Hero,0.7244615629315376,0.9999996274709702
1066,4.1000000000000005,-5.8999999999999995,9,Hero,0.843082050482432,0.9999990065892538
1067,3.3,-6.7,17,Hero,0.6637140039135428,0.9999994951135972
1068,3.7,-6.3,13,Hero,0.5958338872744486,0.9999999633202186
1069,-5.5,4.5,5,Villain,0.5393651962280274,1.0
1070,3.9000000000000004,-6.1,11,Hero,0.6000973677093332,0.9999999891627919
1071,4.7,-5.3,3,Hero,0.9446721076965332,1.0
1072,3.9000000000000004,-6.1,11,Hero,0.8092106743292375,1.0
1073,4.7,-5.3,3,Hero,0.6362556219100952,1.0
1074,4.300000000000001,-5.699999999999999,7,Hero,0.9341296042714801,1.0
1075,4.1000000000000005,-5.8999999999999995,9,Hero,0.7457849846945869,0.9999999602635702
1076,3.8000000000000007,-6.199999999999999,12,Hero,0.6213953867554665,1.0
1077,-5.1,4.9,1,Villain,0.5565487742424011,0.9999550580978394
1078,4.5,-5.5,5,Hero,0.6200346529483796,1.0
1079,1.799999999999999,-8.200000000000001,32,Hero,0.6931350132217631,1.0
1080,3.6000000000000005,-6.3999999999999995,14,Hero,0.6346213892767472,1.0
1081,4.4,-5.6,6,Hero,0.6622070334851742,1.0
1082,4.300000000000001,-5.699999999999999,7,Hero,0.6986222458737237,1.0
1083,3.9000000000000004,-6.1,11,Hero,0.5242766196077521,1.0
1084,3.5,-6.5,15,Hero,0.5067939807971319,1.0
1085,-4.999999999999998,-4.999999999999998,50,None,0.7427975022047758,0.9999999976158143
1086,2.5999999999999996,-7.4,24,Hero,0.4767706400404374,0.9999999900658926
1087,3.7,-6.3,13,Hero,0.5465695279148909,1.0
1088,-4.999999999999998,-4.999999999999998,50,None,0.7151030051708221,1.0
1089,-8.0,1.9999999999999991,30,Villain,0.592785149315993,1.0
1090,3.7,-6.3,13,Hero,0.44869275906911266,1.0
1091,3.3,-6.7,17,Hero,0.5977791495182935,0.9999999859753776
1092,1.0999999999999983,-8.900000000000002,39,Hero,0.4314369292786488,1.0
1093,-4.999999999999998,-4.999999999999998,50,None,0.49951765794306996,1.0
1094,4.300000000000001,-5.699999999999999,7,Hero,0.618661893265588,1.0
1095,2.099999999999999,-7.9,29,Hero,0.4218888429218325,1.0
1096,4.2,-5.8,8,Hero,0.8262644549831748,0.9999999701976776
1097,3.0999999999999996,-6.9,19,Hero,0.40401139384821844,1.0
1098,4.2,-5.8,8,Hero,0.8002065140753984,1.0
1099,3.7,-6.3,13,Hero,0.6551437882276682,0.9999999724901639
1100,4.0,-6.0,10,Hero,0.8443274423480034,1.0
1101,4.800000000000001,-5.199999999999999,2,Hero,0.9870322346687317,1.0
1102,-6.1,3.9000000000000004,11,Villain,0.4374061199751767,1.0
1103,4.0,-6.0,10,Hero,0.7838572204113007,0.9999999880790711
1104,4.0,-6.0,10,Hero,0.7663336962461471,1.0
1105,0.3000000000000007,-9.7,47,Hero,0.4711169792968344,1.0
1106,0.10000000000000142,-9.899999999999999,49,Hero,0.48830135273081915,1.0
1107,2.4999999999999996,-7.5,25,Hero,0.4751684948801994,1.0
1108,1.9999999999999991,-8.0,30,Hero,0.4724380627274513,1.0
1109,-4.999999999999998,-4.999999999999998,50,None,0.8538115535676479,1.0
1110,3.9000000000000004,-6.1,11,Hero,0.5456725108352575,1.0
1111,3.5,-6.5,15,Hero,0.5808097183704376,0.9999654610951741
1112,-4.999999999999998,-4.999999999999998,50,None,0.5701468500494957,1.0
1113,-4.999999999999998,-4.999999999999998,50,None,0.6430066299438476,1.0
1114,4.0,-6.0,10,Hero,0.48516606986522676,1.0
1115,4.5,-5.5,5,Hero,0.48418102264404295,1.0
1116,4.6000000000000005,-5.3999999999999995,4,Hero,0.7818897366523743,1.0
1117,1.799999999999999,-8.200000000000001,32,Hero,0.46027867775410414,1.0
1118,2.5999999999999996,-7.4,24,Hero,0.47949121582011384,0.9999999950329462
1119,2.9,-7.1,21,Hero,0.546786632566225,1.0
1120,3.5,-6.5,15,Hero,0.6745517234007518,1.0
1121,3.0999999999999996,-6.9,19,Hero,0.5781224220991135,1.0
1122,3.8000000000000007,-6.199999999999999,12,Hero,0.5879470705986023,1.0
1123,-6.6,3.4000000000000004,16,Villain,0.4025218803435564,1.0
1124,4.9,-5.1,1,Hero,0.9706811308860779,1.0
1125,4.7,-5.3,3,Hero,0.5447963972886404,1.0
1126,2.5999999999999996,-7.4,24,Hero,0.5021304500599703,1.0
1127,-4.999999999999998,-4.999999999999998,50,None,0.5224595703557133,1.0
1128,3.7,-6.3,13,Hero,0.686325633755097,1.0
1129,1.3999999999999986,-8.600000000000001,36,Hero,0.6671017587068491,1.0
1130,2.099999999999999,-7.9,29,Hero,0.49157381648647375,1.0
1131,4.300000000000001,-5.699999999999999,7,Hero,0.49112906413418905,1.0
1132,3.7,-6.3,13,Hero,0.5969959829862301,1.0
1133,3.5,-6.5,15,Hero,0.6440227260192235,1.0
1134,3.5,-6.5,15,Hero,0.5907739663108562,1.0
1135,3.6000000000000005,-6.3999999999999995,14,Hero,0.7599459971700396,1.0
1136,4.4,-5.6,6,Hero,0.803722063700358,1.0
1137,4.1000000000000005,-5.8999999999999995,9,Hero,0.8471536116881503,1.0
1138,4.4,-5.6,6,Hero,0.5932044237852097,1.0
1139,3.9000000000000004,-6.1,11,Hero,0.8172461038286035,1.0
1140,4.2,-5.8,8,Hero,0.7558435276150703,1.0
1141,3.8000000000000007,-6.199999999999999,12,Hero,0.748189610739549,0.999999980131785
1142,4.2,-5.8,8,Hero,0.9586945921182632,1.0
1143,3.4000000000000004,-6.6,16,Hero,0.5454894080758095,1.0
1144,-5.5,4.5,5,Villain,0.5259290039539337,1.0
1145,4.1000000000000005,-5.8999999999999995,9,Hero,0.6336525976657867,1.0
1146,3.8000000000000007,-6.199999999999999,12,Hero,0.6508963989714781,1.0
1147,4.2,-5.8,8,Hero,0.7991662062704563,1.0
1148,2.9,-7.1,21,Hero,0.4831316762027286,1.0
1149,3.6000000000000005,-6.3999999999999995,14,Hero,0.5555209453616824,1.0
1150,3.9000000000000004,-6.1,11,Hero,0.7274278151718053,1.0
1151,4.0,-6.0,10,Hero,0.5731225818395614,1.0
1152,4.1000000000000005,-5.8999999999999995,9,Hero,0.6634265647994148,1.0
1153,-5.8,4.2,8,Villain,0.5856571584008634,1.0
1154,4.7,-5.3,3,Hero,0.7491506735483805,1.0
1155,3.6000000000000005,-6.3999999999999995,14,Hero,0.5626308066504342,1.0
1156,3.0999999999999996,-6.9,19,Hero,0.5632483237668088,1.0
1157,4.1000000000000005,-5.8999999999999995,9,Hero,0.7164988178345892,1.0
1158,4.1000000000000005,-5.8999999999999995,9,Hero,0.5180143415927887,1.0
1159,-7.700000000000001,2.2999999999999994,27,Villain,0.4380840402510431,1.0
1160,4.4,-5.6,6,Hero,0.5734638422727585,1.0
1161,3.8000000000000007,-6.199999999999999,12,Hero,0.7354692618052164,1.0
1162,3.9000000000000004,-6.1,11,Hero,0.7437327111309225,1.0
1163,4.4,-5.6,6,Hero,0.6742976605892181,1.0
1164,3.7,-6.3,13,Hero,0.6486860682758001,1.0
1165,4.1000000000000005,-5.8999999999999995,9,Hero,0.6960769765492942,1.0
1166,3.5,-6.5,15,Hero,0.5972170650959014,1.0
1167,4.2,-5.8,8,Hero,0.6846581101417542,1.0
1168,2.8,-7.2,22,Hero,0.44562065465883777,1.0
1169,4.1000000000000005,-5.8999999999999995,9,Hero,0.7687165902720557,1.0
1170,4.300000000000001,-5.699999999999999,7,Hero,0.6671140577111926,1.0
1171,4.1000000000000005,-5.8999999999999995,9,Hero,0.5703383882840475,1.0
1172,3.0999999999999996,-6.9,19,Hero,0.5445294599784049,1.0
1173,4.800000000000001,-5.199999999999999,2,Hero,0.9815756976604462,1.0
1174,4.2,-5.8,8,Hero,0.5966913998126984,1.0
1175,3.7,-6.3,13,Hero,0.6884959878829809,1.0
1176,3.9000000000000004,-6.1,11,Hero,0.7484528639099814,1.0
1177,3.9000000000000004,-6.1,11,Hero,0.6780187636613846,1.0
1178,-5.1,4.9,1,Villain,0.9991214871406555,1.0
1179,3.0999999999999996,-6.9,19,Hero,0.4920373049221541,1.0
1180,-6.1,3.9000000000000004,11,Villain,0.6157032303850759,1.0
1181,3.4000000000000004,-6.6,16,Hero,0.5279290718026459,1.0
1182,3.7,-6.3,13,Hero,0.6490113311089002,1.0
1183,3.8000000000000007,-6.199999999999999,12,Hero,0.6379079098502795,1.0
1184,3.2,-6.8,18,Hero,0.5011073330210315,1.0
1185,4.300000000000001,-5.699999999999999,7,Hero,0.5740943146603448,1.0
1186,4.4,-5.6,6,Hero,0.7841968586047491,1.0
1187,3.5,-6.5,15,Hero,0.6302946309248606,1.0
1188,1.799999999999999,-8.200000000000001,32,Hero,0.4978373060002923,1.0
1189,3.9000000000000004,-6.1,11,Hero,0.6573043208230626,1.0
1190,4.2,-5.8,8,Hero,0.5877552442252636,1.0
1191,4.4,-5.6,6,Hero,0.6140748262405396,1.0
1192,2.8,-7.2,22,Hero,0.4966266240173189,1.0
1193,4.0,-6.0,10,Hero,0.879105806350708,1.0
1194,-5.5,4.5,5,Villain,0.6149273753166199,1.0
1195,3.5,-6.5,15,Hero,0.613884299993515,1.0
1196,3.0999999999999996,-6.9,19,Hero,0.6083185888434711,1.0
1197,4.6000000000000005,-5.3999999999999995,4,Hero,0.7611780762672424,1.0
1198,3.5,-6.5,15,Hero,0.5896874368190765,1.0
1199,-5.8999999999999995,4.1000000000000005,9,Villain,0.6167355196343528,1.0
1200,4.1000000000000005,-5.8999999999999995,9,Hero,0.4743398129940033,1.0
1201,4.1000000000000005,-5.8999999999999995,9,Hero,0.6545906199349297,1.0
1202,4.800000000000001,-5.199999999999999,2,Hero,0.9389432668685913,1.0
1203,3.6000000000000005,-6.3999999999999995,14,Hero,0.6402851343154907,1.0
1204,4.300000000000001,-5.699999999999999,7,Hero,0.7606504048619952,1.0
1205,4.0,-6.0,10,Hero,0.645758543908596,1.0
1206,3.8000000000000007,-6.199999999999999,12,Hero,0.5168272523830334,1.0
1207,4.1000000000000005,-5.8999999999999995,9,Hero,0.5448657241132524,1.0
1208,3.3,-6.7,17,Hero,0.6133681518190047,1.0
1209,-4.999999999999998,-4.999999999999998,50,None,0.5480028580129147,1.0
1210,4.0,-6.0,10,Hero,0.67061066031456,1.0
1211,3.3,-6.7,17,Hero,0.5200336610569674,1.0
1212,-4.999999999999998,-4.999999999999998,50,None,0.5260006221756339,1.0
1213,3.5,-6.5,15,Hero,0.6403441955645879,1.0
1214,-7.6000000000000005,2.3999999999999995,26,Villain,0.47732541538201845,1.0
1215,-4.999999999999998,-4.999999999999998,50,None,0.4602805107086897,1.0
1216,2.8,-7.2,22,Hero,0.47415017878467386,1.0
1217,2.5999999999999996,-7.4,24,Hero,0.5070161546270052,1.0
1218,3.9000000000000004,-6.1,11,Hero,0.6826296692544763,1.0
1219,4.4,-5.6,6,Hero,0.6764788689712683,1.0
1220,4.300000000000001,-5.699999999999999,7,Hero,0.7291230250682149,1.0
1221,4.1000000000000005,-5.8999999999999995,9,Hero,0.7398874594105614,1.0
1222,4.9,-5.1,1,Hero,0.9729990363121033,1.0
1223,4.6000000000000005,-5.3999999999999995,4,Hero,0.5671021863818169,1.0
1224,4.6000000000000005,-5.3999999999999995,4,Hero,0.5881654992699623,1.0
1225,-6.199999999999999,3.8000000000000007,12,Villain,0.5739571290711561,1.0
1226,4.0,-6.0,10,Hero,0.8360751658678055,1.0
1227,4.7,-5.3,3,Hero,0.9768345952033997,1.0
1228,4.7,-5.3,3,Hero,0.6546493868033091,1.0
1229,3.0,-7.0,20,Hero,0.5640963092446327,1.0
1230,2.6999999999999997,-7.300000000000001,23,Hero,0.5834383459194846,1.0
1231,3.6000000000000005,-6.3999999999999995,14,Hero,0.6505731237786156,1.0
1232,-4.999999999999998,-4.999999999999998,50,None,0.5192380605638027,1.0
1233,3.5,-6.5,15,Hero,0.5529047816991806,1.0
1234,3.2,-6.8,18,Hero,0.675428681075573,1.0
1235,4.6000000000000005,-5.3999999999999995,4,Hero,0.5307042188942432,1.0
1236,4.1000000000000005,-5.8999999999999995,9,Hero,0.7631802194648318,1.0
1237,3.2,-6.8,18,Hero,0.6479904486073388,1.0
1238,3.4000000000000004,-6.6,16,Hero,0.7199191385880113,1.0
1239,4.300000000000001,-5.699999999999999,7,Hero,0.7053982423884528,1.0
1240,2.9,-7.1,21,Hero,0.6015273729960123,1.0
1241,4.1000000000000005,-5.8999999999999995,9,Hero,0.5168997496366501,1.0
1242,4.300000000000001,-5.699999999999999,7,Hero,0.6120907408850533,1.0
1243,3.6000000000000005,-6.3999999999999995,14,Hero,0.6751723502363477,1.0
1244,3.3,-6.7,17,Hero,0.5786160528659821,1.0
1245,4.7,-5.3,3,Hero,0.6201990147431692,1.0
1246,4.4,-5.6,6,Hero,0.848669191201528,1.0
1247,3.7,-6.3,13,Hero,0.6901705035796533,1.0
1248,3.5,-6.5,15,Hero,0.6171537160873413,1.0
1249,2.1999999999999993,-7.800000000000001,28,Hero,0.4219636987296066,1.0
1250,4.5,-5.5,5,Hero,0.9051705718040466,1.0
1251,3.8000000000000007,-6.199999999999999,12,Hero,0.7730616256594658,1.0
1252,3.3,-6.7,17,Hero,0.566738210947198,1.0
1253,1.5999999999999988,-8.400000000000002,34,Hero,0.46223312441040487,1.0
1254,4.4,-5.6,6,Hero,0.5517792701721191,1.0
1255,4.5,-5.5,5,Hero,0.6539681732654572,1.0
1256,3.9000000000000004,-6.1,11,Hero,0.8028003898533908,1.0
1257,3.4000000000000004,-6.6,16,Hero,0.6153396535664797,1.0
1258,4.2,-5.8,8,Hero,0.6689170859754086,1.0
1259,4.0,-6.0,10,Hero,0.6814620614051818,1.0
1260,4.300000000000001,-5.699999999999999,7,Hero,0.6183107239859444,1.0
1261,4.2,-5.8,8,Hero,0.6028699111193419,1.0
1262,4.0,-6.0,10,Hero,0.6674108043313026,1.0
1263,4.6000000000000005,-5.3999999999999995,4,Hero,0.5952106043696404,1.0
1264,4.1000000000000005,-5.8999999999999995,9,Hero,0.600232892566257,1.0
1265,3.9000000000000004,-6.1,11,Hero,0.7364006685939702,1.0
1266,3.0999999999999996,-6.9,19,Hero,0.6120666634095343,1.0
1267,3.3,-6.7,17,Hero,0.6641457716331762,1.0
1268,4.300000000000001,-5.699999999999999,7,Hero,0.6503268310001918,1.0
1269,3.7,-6.3,13,Hero,0.7913227150073419,1.0
1270,3.5,-6.5,15,Hero,0.6663266489903132,1.0
1271,3.5,-6.5,15,Hero,0.6861482441425324,1.0
1272,-5.1,4.9,1,Villain,0.9814669489860535,1.0
1273,4.6000000000000005,-5.3999999999999995,4,Hero,0.713144414126873,1.0
1274,3.0,-7.0,20,Hero,0.6971828190609812,1.0
1275,3.9000000000000004,-6.1,11,Hero,0.7825769267298959,1.0
1276,3.3,-6.7,17,Hero,0.7599547879003427,1.0
1277,-5.1,4.9,1,Villain,0.9714792966842651,1.0
1278,2.9,-7.1,21,Hero,0.66145338774437,1.0
1279,4.2,-5.8,8,Hero,0.6174465082585812,1.0
1280,4.2,-5.8,8,Hero,0.8568520061671734,1.0
1281,3.5,-6.5,15,Hero,0.6749415228764216,1.0
1282,3.2,-6.8,18,Hero,0.6689732323090235,1.0
1283,3.2,-6.8,18,Hero,0.5722524074630605,1.0
1284,4.300000000000001,-5.699999999999999,7,Hero,0.8912112542561123,1.0
1285,3.4000000000000004,-6.6,16,Hero,0.6274459948763251,1.0
1286,4.1000000000000005,-5.8999999999999995,9,Hero,0.6874094241195254,1.0
1287,4.300000000000001,-5.699999999999999,7,Hero,0.7369222853864942,1.0
1288,4.9,-5.1,1,Hero,0.9220754504203796,1.0
1289,4.0,-6.0,10,Hero,0.7601024329662323,1.0
1290,4.0,-6.0,10,Hero,0.8279154539108277,1.0
1291,3.6000000000000005,-6.3999999999999995,14,Hero,0.6748365866286414,1.0
1292,4.1000000000000005,-5.8999999999999995,9,Hero,0.5273158219125536,1.0
1293,3.8000000000000007,-6.199999999999999,12,Hero,0.7636074436207613,1.0
1294,3.7,-6.3,13,Hero,0.7086966702571282,1.0
1295,3.6000000000000005,-6.3999999999999995,14,Hero,0.598931322140353,1.0
1296,3.7,-6.3,13,Hero,0.677457133684164,1.0
1297,3.9000000000000004,-6.1,11,Hero,0.6658755744045431,1.0
1298,3.8000000000000007,-6.199999999999999,12,Hero,0.5835959116617838,1.0
1299,3.8000000000000007,-6.199999999999999,12,Hero,0.6822571953137716,1.0
1300,3.9000000000000004,-6.1,11,Hero,0.6046509336341511,1.0
1301,-5.8,4.2,8,Villain,0.6857599252834916,1.0
1302,4.0,-6.0,10,Hero,0.8943113503977657,1.0
1303,4.1000000000000005,-5.8999999999999995,9,Hero,0.9856951501634386,1.0
1304,-5.6,4.4,6,Villain,0.5664357195297877,1.0
1305,3.9000000000000004,-6.1,11,Hero,0.6732657822695646,1.0
1306,4.1000000000000005,-5.8999999999999995,9,Hero,0.6210499008496603,1.0
1307,4.2,-5.8,8,Hero,0.530557245016098,1.0
1308,3.8000000000000007,-6.199999999999999,12,Hero,0.6091418514649073,1.0
1309,-5.8,4.2,8,Villain,0.5286618007230572,1.0
1310,3.5,-6.5,15,Hero,0.5470911383628845,1.0
1311,4.0,-6.0,10,Hero,0.640281654894352,1.0
1312,3.6000000000000005,-6.3999999999999995,14,Hero,0.5538049936294556,1.0
1313,2.3999999999999995,-7.6000000000000005,26,Hero,0.5627390071749687,1.0
1314,4.0,-6.0,10,Hero,0.6661674555391073,1.0
1315,4.1000000000000005,-5.8999999999999995,9,Hero,0.8007065521346198,1.0
1316,4.300000000000001,-5.699999999999999,7,Hero,0.8271176517009735,1.0
1317,3.8000000000000007,-6.199999999999999,12,Hero,0.5968497668703397,1.0
1318,2.9,-7.1,21,Hero,0.6111909633591062,1.0
1319,3.6000000000000005,-6.3999999999999995,14,Hero,0.5764300301671028,1.0
1320,4.1000000000000005,-5.8999999999999995,9,Hero,0.5816667510403527,1.0
1321,3.6000000000000005,-6.3999999999999995,14,Hero,0.6366636412484306,1.0
1322,-5.199999999999999,4.800000000000001,2,Villain,0.9192393720149994,1.0
1323,3.9000000000000004,-6.1,11,Hero,0.8301453671672128,1.0
1324,4.9,-5.1,1,Hero,0.9999419450759888,1.0
1325,3.5,-6.5,15,Hero,0.6703582922617595,1.0
1326,-5.8999999999999995,4.1000000000000005,9,Villain,0.8025689389970567,1.0
1327,4.4,-5.6,6,Hero,0.6077879071235657,1.0
1328,3.5,-6.5,15,Hero,0.6565806304415067,1.0
1329,3.5,-6.5,15,Hero,0.562235626578331,1.0
1330,3.8000000000000007,-6.199999999999999,12,Hero,0.6648133645455042,1.0
1331,-8.200000000000001,1.799999999999999,32,Villain,0.4305824707262218,1.0
1332,3.2,-6.8,18,Hero,0.5385900607539548,1.0
1333,-5.3,4.7,3,Villain,0.4929570058981578,1.0
1334,-5.199999999999999,4.800000000000001,2,Villain,0.5076416209340096,1.0
1335,3.7,-6.3,13,Hero,0.4971774300703636,1.0
1336,4.2,-5.8,8,Hero,0.769982285797596,1.0
1337,3.6000000000000005,-6.3999999999999995,14,Hero,0.4704144921685968,1.0
1338,4.0,-6.0,10,Hero,0.5228425070643425,1.0
1339,3.6000000000000005,-6.3999999999999995,14,Hero,0.46733076285038677,1.0
1340,4.4,-5.6,6,Hero,0.5779611716667811,1.0
1341,3.2,-6.8,18,Hero,0.47110980345557135,1.0
1342,4.2,-5.8,8,Hero,0.5117829572409391,1.0
1343,4.2,-5.8,8,Hero,0.6953832358121872,1.0
1344,4.1000000000000005,-5.8999999999999995,9,Hero,0.6242140928904215,1.0
1345,2.8,-7.2,22,Hero,0.6089509339495138,1.0
1346,3.6000000000000005,-6.3999999999999995,14,Hero,0.562256434666259,1.0
1347,3.2,-6.8,18,Hero,0.5516477483842108,1.0
1348,2.6999999999999997,-7.300000000000001,23,Hero,0.4577808326677136,1.0
1349,-6.9,3.0999999999999996,19,Villain,0.538518665652526,1.0
1350,4.0,-6.0,10,Hero,0.6297234386205673,1.0
1351,2.8,-7.2,22,Hero,0.43735553561286494,1.0
1352,4.1000000000000005,-5.8999999999999995,9,Hero,0.8519491288397048,1.0
1353,-5.3,4.7,3,Villain,0.43682466944058734,1.0
1354,3.7,-6.3,13,Hero,0.46715641709474415,1.0
1355,-4.999999999999998,-4.999999999999998,50,None,0.5457959450036287,1.0
1356,-4.999999999999998,-4.999999999999998,50,None,0.825006060525775,1.0
1357,2.5999999999999996,-7.4,24,Hero,0.8631027952457467,1.0
1358,-4.999999999999998,-4.999999999999998,50,None,0.5562520426511764,1.0
1359,-4.999999999999998,-4.999999999999998,50,None,0.5382744881696999,1.0
1360,2.4999999999999996,-7.5,25,Hero,0.604892840385437,1.0
1361,-5.699999999999999,4.300000000000001,7,Villain,0.40939790329762865,1.0
1362,3.9000000000000004,-6.1,11,Hero,0.8300764709711075,1.0
1363,4.9,-5.1,1,Hero,0.049116238951683044,1.0
1364,4.7,-5.3,3,Hero,0.9935793081919352,1.0
1365,2.4999999999999996,-7.5,25,Hero,0.5096517986059189,1.0
1366,0.7999999999999989,-9.200000000000001,42,Hero,0.4920451036166577,1.0
1367,3.0,-7.0,20,Hero,0.5367984026670456,1.0
1368,3.4000000000000004,-6.6,16,Hero,0.8756784577853978,1.0
1369,2.9,-7.1,21,Hero,0.7438156707655816,1.0
1370,4.9,-5.1,1,Hero,0.8577711582183838,1.0
1371,-4.999999999999998,-4.999999999999998,50,None,0.44979787632822993,1.0
1372,4.7,-5.3,3,Hero,0.6487548152605692,1.0
1373,1.2999999999999985,-8.700000000000001,37,Hero,0.5570069736725575,1.0
1374,4.6000000000000005,-5.3999999999999995,4,Hero,0.5319952145218849,1.0
1375,0.6999999999999993,-9.3,43,Hero,0.5907363541597543,1.0
1376,4.4,-5.6,6,Hero,0.5759827146927515,1.0
1377,3.0,-7.0,20,Hero,0.5524370223283768,1.0
1378,4.7,-5.3,3,Hero,0.9924581050872803,1.0
1379,4.300000000000001,-5.699999999999999,7,Hero,0.8517528091158185,1.0
1380,2.9,-7.1,21,Hero,0.5810875878447578,1.0
1381,3.8000000000000007,-6.199999999999999,12,Hero,0.6106092048188051,1.0
1382,4.2,-5.8,8,Hero,0.6534811705350876,1.0
1383,3.5,-6.5,15,Hero,0.5362794657548269,1.0
1384,3.2,-6.8,18,Hero,0.5933856815099716,1.0
1385,4.800000000000001,-5.199999999999999,2,Hero,0.6462573111057281,1.0
1386,4.6000000000000005,-5.3999999999999995,4,Hero,0.660716038197279,1.0
1387,3.0999999999999996,-6.9,19,Hero,0.6151477584713384,1.0
1388,4.0,-6.0,10,Hero,0.8488230109214783,1.0
1389,3.8000000000000007,-6.199999999999999,12,Hero,0.6052421551818649,1.0
1390,3.4000000000000004,-6.6,16,Hero,0.5704564959742129,1.0
1391,4.6000000000000005,-5.3999999999999995,4,Hero,0.44836851209402084,1.0
1392,4.5,-5.5,5,Hero,0.8802042126655578,1.0
1393,2.8,-7.2,22,Hero,0.520252435552803,1.0
1394,3.6000000000000005,-6.3999999999999995,14,Hero,0.6631522050925663,1.0
1395,-4.999999999999998,-4.999999999999998,50,None,0.5126508991420269,1.0
1396,3.5,-6.5,15,Hero,0.5614147623380025,1.0
1397,3.5,-6.5,15,Hero,0.6228323688109716,1.0
1398,3.6000000000000005,-6.3999999999999995,14,Hero,0.5219609508556979,1.0
1399,4.0,-6.0,10,Hero,0.7818140089511871,1.0
1400,3.0999999999999996,-6.9,19,Hero,0.6069098483575018,1.0
1401,3.2,-6.8,18,Hero,0.5872096593181292,1.0
1402,4.300000000000001,-5.699999999999999,7,Hero,0.6470728857176644,1.0
1403,2.5999999999999996,-7.4,24,Hero,0.44240712622801465,1.0
1404,4.2,-5.8,8,Hero,0.5383831355720758,1.0
1405,3.9000000000000004,-6.1,11,Hero,0.7833600829948079,1.0
1406,4.2,-5.8,8,Hero,0.6541018970310688,1.0
1407,3.6000000000000005,-6.3999999999999995,14,Hero,0.533686603818621,1.0
1408,4.4,-5.6,6,Hero,0.6222138106822968,1.0
1409,0.6999999999999993,-9.3,43,Hero,0.47949312800584837,1.0
1410,4.7,-5.3,3,Hero,0.5788421034812927,1.0
1411,-5.699999999999999,4.300000000000001,7,Villain,0.6042728956256594,1.0
1412,4.5,-5.5,5,Hero,0.9592207908630371,1.0
1413,4.1000000000000005,-5.8999999999999995,9,Hero,0.6468641261259714,1.0
1414,4.300000000000001,-5.699999999999999,7,Hero,0.5096154159733227,1.0
1415,4.5,-5.5,5,Hero,0.7812988877296447,1.0
1416,4.2,-5.8,8,Hero,0.9247845485806465,1.0
1417,3.7,-6.3,13,Hero,0.622246884382688,1.0
1418,1.9999999999999991,-8.0,30,Hero,0.5240528141458829,1.0
1419,3.5,-6.5,15,Hero,0.5486384391784668,1.0
1420,4.2,-5.8,8,Hero,0.6341352500021458,1.0
1421,3.2,-6.8,18,Hero,0.48916927476723987,1.0
1422,3.8000000000000007,-6.199999999999999,12,Hero,0.5926122032105923,1.0
1423,3.7,-6.3,13,Hero,0.5661961963543525,1.0
1424,4.9,-5.1,1,Hero,0.9569809436798096,1.0
1425,2.8,-7.2,22,Hero,0.5097487735223364,1.0
1426,1.899999999999999,-8.100000000000001,31,Hero,0.46565514250147727,1.0
1427,0.40000000000000036,-9.6,46,Hero,0.49204108783084416,1.0
1428,-5.1,4.9,1,Villain,0.1865176111459732,1.0
1429,3.3,-6.7,17,Hero,0.603368255063234,1.0
1430,3.5,-6.5,15,Hero,0.7238278597593307,1.0
1431,3.6000000000000005,-6.3999999999999995,14,Hero,0.6891328394412994,1.0
1432,3.7,-6.3,13,Hero,0.7598589526919218,1.0
1433,4.6000000000000005,-5.3999999999999995,4,Hero,0.7342960834503174,1.0
1434,3.5,-6.5,15,Hero,0.5730828054249286,1.0
1435,3.2,-6.8,18,Hero,0.5469734958476491,1.0
1436,3.9000000000000004,-6.1,11,Hero,0.6428474323316054,1.0
1437,4.5,-5.5,5,Hero,0.6664237797260284,1.0
1438,3.9000000000000004,-6.1,11,Hero,0.5652781968766992,1.0
1439,4.1000000000000005,-5.8999999999999995,9,Hero,0.7773788703812493,1.0
1440,3.4000000000000004,-6.6,16,Hero,0.6914415471255779,1.0
1441,3.5,-6.5,15,Hero,0.6307423382997512,1.0
1442,-5.3,4.7,3,Villain,0.6235053737958273,1.0
1443,4.1000000000000005,-5.8999999999999995,9,Hero,0.6967790093686845,1.0
1444,4.2,-5.8,8,Hero,0.7498962786048651,1.0
1445,3.6000000000000005,-6.3999999999999995,14,Hero,0.6093354459319796,1.0
1446,3.7,-6.3,13,Hero,0.5541815895300645,1.0
1447,3.6000000000000005,-6.3999999999999995,14,Hero,0.48067479367767063,1.0
1448,4.2,-5.8,8,Hero,0.6213656961917877,1.0
1449,3.4000000000000004,-6.6,16,Hero,0.5700298091396689,1.0
1450,1.4999999999999987,-8.500000000000002,35,Hero,0.45914867009435384,1.0
1451,2.9,-7.1,21,Hero,0.5071702074436915,1.0
1452,4.5,-5.5,5,Hero,0.7198827147483826,1.0
1453,3.9000000000000004,-6.1,11,Hero,0.5641219426285137,1.0
1454,2.9,-7.1,21,Hero,0.48451815651995794,1.0
1455,3.0,-7.0,20,Hero,0.5352853637188673,1.0
1456,3.9000000000000004,-6.1,11,Hero,0.5603580474853516,1.0
1457,4.6000000000000005,-5.3999999999999995,4,Hero,0.7405859082937241,1.0
1458,1.1999999999999984,-8.8,38,Hero,0.5335739045158813,1.0
1459,3.9000000000000004,-6.1,11,Hero,0.7639964434572242,1.0
1460,2.8,-7.2,22,Hero,0.5131528980352662,1.0
1461,-5.3,4.7,3,Villain,0.42334894835948944,1.0
1462,3.9000000000000004,-6.1,11,Hero,0.7229813743721355,1.0
1463,0.9999999999999982,-9.000000000000002,40,Hero,0.45037214336916803,1.0
1464,3.4000000000000004,-6.6,16,Hero,0.7818144501070492,1.0
1465,3.4000000000000004,-6.6,16,Hero,0.5795938484370708,1.0
1466,2.3999999999999995,-7.6000000000000005,26,Hero,0.5787708348093125,1.0
1467,3.0,-7.0,20,Hero,0.6106347940862179,1.0
1468,4.1000000000000005,-5.8999999999999995,9,Hero,0.6185647050539652,1.0
1469,4.0,-6.0,10,Hero,0.6370029032230378,1.0
1470,-9.899999999999999,0.10000000000000142,49,Villain,0.4578921033107505,1.0
1471,4.7,-5.3,3,Hero,0.5319773256778717,1.0
1472,4.2,-5.8,8,Hero,0.5392897017300129,1.0
1473,4.1000000000000005,-5.8999999999999995,9,Hero,0.42766684459315407,1.0
1474,4.300000000000001,-5.699999999999999,7,Hero,0.8481618059532983,1.0
1475,4.4,-5.6,6,Hero,0.9594234923521677,1.0
1476,4.7,-5.3,3,Hero,0.6728189786275228,1.0
1477,4.0,-6.0,10,Hero,0.7668527905130759,1.0
1478,4.2,-5.8,8,Hero,0.8455969020724297,1.0
1479,3.7,-6.3,13,Hero,0.6466827650482838,1.0
1480,4.2,-5.8,8,Hero,0.5841074734926224,1.0
1481,3.9000000000000004,-6.1,11,Hero,0.7073970111933622,1.0
1482,4.300000000000001,-5.699999999999999,7,Hero,0.8090754789965493,1.0
1483,3.4000000000000004,-6.6,16,Hero,0.6071649733930826,1.0
1484,-5.1,4.9,1,Villain,0.99342280626297,1.0
1485,2.4999999999999996,-7.5,25,Hero,0.6277003088593482,1.0
1486,3.7,-6.3,13,Hero,0.7488532547767346,1.0
1487,3.4000000000000004,-6.6,16,Hero,0.5713375806808472,1.0
1488,4.300000000000001,-5.699999999999999,7,Hero,0.7795550014291491,1.0
1489,4.7,-5.3,3,Hero,0.8148567080497742,1.0
1490,3.5,-6.5,15,Hero,0.5147906467318535,1.0
1491,4.2,-5.8,8,Hero,0.7706315107643604,1.0
1492,3.4000000000000004,-6.6,16,Hero,0.5595554527826607,1.0
1493,3.9000000000000004,-6.1,11,Hero,0.7129711698402058,1.0
1494,4.4,-5.6,6,Hero,0.9568091531594595,1.0
1495,4.2,-5.8,8,Hero,0.6481211744248867,1.0
1496,4.0,-6.0,10,Hero,0.6305333733558655,1.0
1497,4.9,-5.1,1,Hero,0.6210393309593201,1.0
1498,3.4000000000000004,-6.6,16,Hero,0.6208955640904605,1.0
1499,4.6000000000000005,-5.3999999999999995,4,Hero,0.6237836927175522,1.0
1500,4.7,-5.3,3,Hero,0.5562256177266439,1.0
1501,2.6999999999999997,-7.300000000000001,23,Hero,0.6406425432018612,1.0
1502,3.0999999999999996,-6.9,19,Hero,0.5853333849655954,1.0
1503,3.5,-6.5,15,Hero,0.5653782755136489,1.0
1504,4.1000000000000005,-5.8999999999999995,9,Hero,0.6373866490191884,1.0
1505,3.6000000000000005,-6.3999999999999995,14,Hero,0.6234992231641497,1.0
1506,2.8,-7.2,22,Hero,0.4665758673270995,1.0
1507,4.0,-6.0,10,Hero,0.7570811569690704,1.0
1508,4.2,-5.8,8,Hero,0.7515950184315443,1.0
1509,3.6000000000000005,-6.3999999999999995,14,Hero,0.5790084036333221,1.0
1510,3.5,-6.5,15,Hero,0.6397346953550974,1.0
1511,4.1000000000000005,-5.8999999999999995,9,Hero,0.8474179175164964,1.0
1512,4.0,-6.0,10,Hero,0.5641239129006863,1.0
1513,3.9000000000000004,-6.1,11,Hero,0.788239526477727,1.0
1514,3.7,-6.3,13,Hero,0.6275203480170324,1.0
1515,3.6000000000000005,-6.3999999999999995,14,Hero,0.720820461000715,1.0
1516,3.4000000000000004,-6.6,16,Hero,0.6378059471026063,1.0
1517,3.3,-6.7,17,Hero,0.5810524064718801,1.0
1518,2.6999999999999997,-7.300000000000001,23,Hero,0.45271311214436655,1.0
1519,4.2,-5.8,8,Hero,0.5164867788553238,1.0
1520,4.4,-5.6,6,Hero,0.8256253451108932,1.0
1521,4.300000000000001,-5.699999999999999,7,Hero,0.9605295658111572,1.0
1522,3.6000000000000005,-6.3999999999999995,14,Hero,0.6420642989022392,1.0
1523,4.0,-6.0,10,Hero,0.9009494066238404,1.0
1524,4.300000000000001,-5.699999999999999,7,Hero,0.7876419680459159,1.0
1525,3.7,-6.3,13,Hero,0.595165504859044,1.0
1526,4.4,-5.6,6,Hero,0.8396681596835455,1.0
1527,-6.199999999999999,3.8000000000000007,12,Villain,0.44529032831390697,1.0
1528,3.3,-6.7,17,Hero,0.5832699695054222,1.0
1529,4.300000000000001,-5.699999999999999,7,Hero,0.743533445256097,1.0
1530,3.7,-6.3,13,Hero,0.6730386809660838,1.0
1531,3.7,-6.3,13,Hero,0.6801214241064512,1.0
1532,4.5,-5.5,5,Hero,0.6237115144729615,1.0
1533,4.1000000000000005,-5.8999999999999995,9,Hero,0.5952614777617984,1.0
1534,3.8000000000000007,-6.199999999999999,12,Hero,0.6352624843517939,1.0
1535,4.300000000000001,-5.699999999999999,7,Hero,0.5947588788611549,1.0
1536,4.2,-5.8,8,Hero,0.6723336316645145,1.0
1537,3.8000000000000007,-6.199999999999999,12,Hero,0.7413432209286839,1.0
1538,4.6000000000000005,-5.3999999999999995,4,Hero,0.6336280331015587,1.0
1539,3.7,-6.3,13,Hero,0.7483753149326031,1.0
1540,4.5,-5.5,5,Hero,0.7906636118888855,1.0
1541,3.3,-6.7,17,Hero,0.5829424936981762,1.0
1542,4.5,-5.5,5,Hero,0.5926138162612915,1.0
1543,4.9,-5.1,1,Hero,0.9091778993606567,1.0
1544,3.3,-6.7,17,Hero,0.6514217853546143,1.0
1545,4.7,-5.3,3,Hero,0.9667830864588419,1.0
1546,3.8000000000000007,-6.199999999999999,12,Hero,0.5522348781426748,1.0
1547,3.4000000000000004,-6.6,16,Hero,0.7098732525482774,1.0
1548,3.3,-6.7,17,Hero,0.5653035623185775,1.0
1549,-5.3999999999999995,4.6000000000000005,4,Villain,0.4460231866687536,1.0
1550,3.2,-6.8,18,Hero,0.5643057045009401,1.0
1551,4.2,-5.8,8,Hero,0.6926922295242548,1.0
1552,-5.8,4.2,8,Villain,0.688078448176384,1.0
1553,3.9000000000000004,-6.1,11,Hero,0.8296590616757219,1.0
1554,3.0,-7.0,20,Hero,0.8095757558941841,1.0
1555,3.3,-6.7,17,Hero,0.6883918774478576,1.0
1556,4.4,-5.6,6,Hero,0.6848488003015518,1.0
1557,4.9,-5.1,1,Hero,0.37105703353881836,1.0
1558,4.6000000000000005,-5.3999999999999995,4,Hero,0.4577088877558708,1.0
1559,3.0999999999999996,-6.9,19,Hero,0.5792434639052341,1.0
1560,3.4000000000000004,-6.6,16,Hero,0.6329524861648679,1.0
1561,3.8000000000000007,-6.199999999999999,12,Hero,0.7337329673270384,1.0
1562,4.4,-5.6,6,Hero,0.7169808819890022,1.0
1563,4.1000000000000005,-5.8999999999999995,9,Hero,0.7375657442543242,1.0
1564,3.0999999999999996,-6.9,19,Hero,0.558098664409236,1.0
1565,-5.6,4.4,6,Villain,0.6845392286777496,1.0
1566,2.5999999999999996,-7.4,24,Hero,0.5427450466280183,1.0
1567,3.0,-7.0,20,Hero,0.5769533472135663,1.0
1568,2.3999999999999995,-7.6000000000000005,26,Hero,0.4981183408616254,1.0
1569,4.1000000000000005,-5.8999999999999995,9,Hero,0.8110053915944364,1.0
1570,3.8000000000000007,-6.199999999999999,12,Hero,0.7294876724481583,1.0
1571,4.7,-5.3,3,Hero,0.5653253495693207,1.0
1572,4.1000000000000005,-5.8999999999999995,9,Hero,0.7754200432035658,1.0
1573,4.7,-5.3,3,Hero,0.6290775835514069,1.0
1574,-5.699999999999999,4.300000000000001,7,Villain,0.3805758548634393,1.0
1575,3.7,-6.3,13,Hero,0.5978643653484491,1.0
1576,4.2,-5.8,8,Hero,0.6521681314334273,1.0
1577,3.2,-6.8,18,Hero,0.4659530032012198,1.0
1578,4.6000000000000005,-5.3999999999999995,4,Hero,0.636153019964695,1.0
1579,4.7,-5.3,3,Hero,0.7792144417762756,1.0
1580,4.5,-5.5,5,Hero,0.7658128082752228,1.0
1581,4.2,-5.8,8,Hero,0.8956294357776642,1.0
1582,2.8,-7.2,22,Hero,0.5111453583972021,1.0
1583,3.7,-6.3,13,Hero,0.653531435590524,1.0
1584,3.0999999999999996,-6.9,19,Hero,0.5674104878776952,1.0
1585,4.0,-6.0,10,Hero,0.7072520792484284,1.0
1586,4.9,-5.1,1,Hero,0.6118760108947754,1.0
1587,3.2,-6.8,18,Hero,0.6177502551840411,1.0
1588,4.300000000000001,-5.699999999999999,7,Hero,0.8247621187141964,1.0
1589,3.4000000000000004,-6.6,16,Hero,0.5533337069209665,1.0
1590,4.6000000000000005,-5.3999999999999995,4,Hero,0.7120075523853302,1.0
1591,3.5,-6.5,15,Hero,0.6248220443725586,1.0
1592,3.5,-6.5,15,Hero,0.5463031232357025,1.0
1593,2.3999999999999995,-7.6000000000000005,26,Hero,0.46012334296336543,1.0
1594,2.4999999999999996,-7.5,25,Hero,0.5193764370679855,1.0
1595,4.9,-5.1,1,Hero,0.2470632940530777,1.0
1596,4.7,-5.3,3,Hero,0.6504519681135813,1.0
1597,3.2,-6.8,18,Hero,0.5588825734125243,1.0
1598,3.8000000000000007,-6.199999999999999,12,Hero,0.5673937859634558,1.0
1599,2.5999999999999996,-7.4,24,Hero,0.5367409858542184,1.0
1600,4.1000000000000005,-5.8999999999999995,9,Hero,0.6777401218811671,1.0
1601,4.6000000000000005,-5.3999999999999995,4,Hero,0.5114920511841774,1.0
1602,3.9000000000000004,-6.1,11,Hero,0.6395579278469086,1.0
1603,3.9000000000000004,-6.1,11,Hero,0.8381357585841959,1.0
1604,4.1000000000000005,-5.8999999999999995,9,Hero,0.795542620950275,1.0
1605,4.0,-6.0,10,Hero,0.8963063836097718,1.0
1606,3.6000000000000005,-6.3999999999999995,14,Hero,0.45969662060295896,1.0
1607,2.8,-7.2,22,Hero,0.5248329829085957,1.0
1608,4.4,-5.6,6,Hero,0.8456122577190399,1.0
1609,-5.1,4.9,1,Villain,0.22242555022239685,1.0
1610,3.7,-6.3,13,Hero,0.800211831354178,1.0
1611,4.4,-5.6,6,Hero,0.48757727816700935,1.0
1612,4.6000000000000005,-5.3999999999999995,4,Hero,0.6500355005264282,1.0
1613,1.0999999999999983,-8.900000000000002,39,Hero,0.5891784574740973,1.0
1614,3.7,-6.3,13,Hero,0.5870332889831983,1.0
1615,-6.6,3.4000000000000004,16,Villain,0.563517963513732,1.0
1616,3.6000000000000005,-6.3999999999999995,14,Hero,0.7117525881954602,1.0
1617,-4.999999999999998,-4.999999999999998,50,None,0.5875206615030766,1.0
1618,-4.999999999999998,-4.999999999999998,50,None,0.5473146307468414,1.0
1619,-4.999999999999998,-4.999999999999998,50,None,0.5904934355989099,1.0
1620,2.4999999999999996,-7.5,25,Hero,0.6123316156864166,1.0
1621,4.300000000000001,-5.699999999999999,7,Hero,0.8188102500779288,1.0
1622,4.2,-5.8,8,Hero,0.8628097139298916,1.0
1623,3.0,-7.0,20,Hero,0.504651103913784,1.0
1624,-9.7,0.3000000000000007,47,Villain,0.5166658437315453,1.0
1625,4.2,-5.8,8,Hero,0.9795738682150841,1.0
1626,3.2,-6.8,18,Hero,0.6340476392457882,1.0
1627,4.1000000000000005,-5.8999999999999995,9,Hero,0.7939209656582938,1.0
1628,4.300000000000001,-5.699999999999999,7,Hero,0.45811688899993896,1.0
1629,-4.999999999999998,-4.999999999999998,50,None,0.5314864927530288,1.0
1630,-4.999999999999998,-4.999999999999998,50,None,0.5632196816056967,1.0
1631,3.4000000000000004,-6.6,16,Hero,0.6481179241091013,1.0
1632,4.5,-5.5,5,Hero,0.7954257428646088,1.0
1633,4.2,-5.8,8,Hero,0.57765559758991,1.0
1634,3.5,-6.5,15,Hero,0.5956073264280956,1.0
1635,3.8000000000000007,-6.199999999999999,12,Hero,0.5862147284982105,1.0
1636,3.4000000000000004,-6.6,16,Hero,0.5769075602293015,1.0
1637,2.9,-7.1,21,Hero,0.550458796144951,1.0
1638,4.4,-5.6,6,Hero,0.9306405087312063,1.0
1639,4.1000000000000005,-5.8999999999999995,9,Hero,0.6712363213300705,1.0
1640,4.2,-5.8,8,Hero,0.9683214649558067,1.0
1641,-4.999999999999998,-4.999999999999998,50,None,0.5338069328665733,1.0
1642,4.0,-6.0,10,Hero,0.8008796334266662,1.0
1643,3.2,-6.8,18,Hero,0.597052362230089,1.0
1644,4.1000000000000005,-5.8999999999999995,9,Hero,0.7757589610086547,1.0
1645,2.8,-7.2,22,Hero,0.5353320800614628,1.0
1646,-5.3,4.7,3,Villain,0.5757478078206381,1.0
1647,-7.700000000000001,2.2999999999999994,27,Villain,0.5096420562929578,1.0
1648,3.3,-6.7,17,Hero,0.5794277769677779,1.0
1649,1.899999999999999,-8.100000000000001,31,Hero,0.4646997795470299,1.0
1650,4.4,-5.6,6,Hero,0.6192531262834867,1.0
1651,3.8000000000000007,-6.199999999999999,12,Hero,0.7646986568967501,1.0
1652,4.1000000000000005,-5.8999999999999995,9,Hero,0.7202023996247185,1.0
1653,4.2,-5.8,8,Hero,0.5546031594276428,1.0
1654,2.6999999999999997,-7.300000000000001,23,Hero,0.44929686253485474,1.0
1655,3.4000000000000004,-6.6,16,Hero,0.5420845684711821,1.0
1656,4.0,-6.0,10,Hero,0.6592572696506978,1.0
1657,3.4000000000000004,-6.6,16,Hero,0.5579083068296313,1.0
1658,3.0999999999999996,-6.9,19,Hero,0.5708306729793549,1.0
1659,3.9000000000000004,-6.1,11,Hero,0.7863521819764917,1.0
1660,2.6999999999999997,-7.300000000000001,23,Hero,0.6685706655616346,1.0
1661,4.4,-5.6,6,Hero,0.9725603560606638,1.0
1662,4.5,-5.5,5,Hero,0.7495069563388824,1.0
1663,3.7,-6.3,13,Hero,0.7357537998602941,1.0
1664,3.6000000000000005,-6.3999999999999995,14,Hero,0.48141184768506456,1.0
1665,3.9000000000000004,-6.1,11,Hero,0.7786786447871815,1.0
1666,2.5999999999999996,-7.4,24,Hero,0.5063376886149248,1.0
1667,3.8000000000000007,-6.199999999999999,12,Hero,0.7311785990993181,1.0
1668,4.6000000000000005,-5.3999999999999995,4,Hero,0.7044113129377365,1.0
1669,3.6000000000000005,-6.3999999999999995,14,Hero,0.6908932966845376,1.0
1670,4.6000000000000005,-5.3999999999999995,4,Hero,0.8893699944019318,1.0
1671,4.7,-5.3,3,Hero,0.6347330013910929,1.0
1672,3.6000000000000005,-6.3999999999999995,14,Hero,0.5564072823950222,1.0
1673,4.0,-6.0,10,Hero,0.6375967890024186,1.0
1674,3.7,-6.3,13,Hero,0.5705788073917994,1.0
1675,3.5,-6.5,15,Hero,0.6065547108650208,1.0
1676,3.4000000000000004,-6.6,16,Hero,0.5843284474685788,1.0
1677,3.4000000000000004,-6.6,16,Hero,0.6089890887960792,1.0
1678,3.4000000000000004,-6.6,16,Hero,0.6384358201175928,1.0
1679,4.2,-5.8,8,Hero,0.7107340348884463,1.0
1680,4.1000000000000005,-5.8999999999999995,9,Hero,0.9224889940685697,1.0
1681,1.5999999999999988,-8.400000000000002,34,Hero,0.4520138022215927,1.0
1682,4.300000000000001,-5.699999999999999,7,Hero,0.7426340665136065,1.0
1683,3.7,-6.3,13,Hero,0.7101150590639848,1.0
1684,3.0,-7.0,20,Hero,0.48879084289073943,1.0
1685,4.9,-5.1,1,Hero,0.956229567527771,1.0
1686,3.0999999999999996,-6.9,19,Hero,0.6106255556407728,1.0
1687,4.2,-5.8,8,Hero,0.8783195316791534,1.0
1688,3.8000000000000007,-6.199999999999999,12,Hero,0.6102671921253204,1.0
1689,3.3,-6.7,17,Hero,0.6127881197368398,1.0
1690,4.300000000000001,-5.699999999999999,7,Hero,0.7933770758765084,1.0
1691,3.7,-6.3,13,Hero,0.667888461970366,1.0
1692,3.9000000000000004,-6.1,11,Hero,0.6395421813834797,1.0
1693,4.4,-5.6,6,Hero,0.5457398394743601,1.0
1694,3.8000000000000007,-6.199999999999999,12,Hero,0.7101619864503542,1.0
1695,4.2,-5.8,8,Hero,0.789743535220623,1.0
1696,4.4,-5.6,6,Hero,0.6429917017618815,1.0
1697,4.1000000000000005,-5.8999999999999995,9,Hero,0.8918537894884745,1.0
1698,4.9,-5.1,1,Hero,0.8180944323539734,1.0
1699,4.1000000000000005,-5.8999999999999995,9,Hero,0.9490547776222229,1.0
1700,3.2,-6.8,18,Hero,0.524547767592594,1.0
1701,4.4,-5.6,6,Hero,0.8474021255970001,1.0
1702,4.2,-5.8,8,Hero,0.699067983776331,1.0
1703,3.8000000000000007,-6.199999999999999,12,Hero,0.6560743556668361,1.0
1704,3.6000000000000005,-6.3999999999999995,14,Hero,0.6242942629115922,1.0
1705,4.4,-5.6,6,Hero,0.9276283780733744,1.0
1706,3.7,-6.3,13,Hero,0.6310471491171763,1.0
1707,4.300000000000001,-5.699999999999999,7,Hero,0.8252242718424115,1.0
1708,-6.0,4.0,10,Villain,0.551346380263567,1.0
1709,4.7,-5.3,3,Hero,0.6071902016798655,1.0
1710,-5.8,4.2,8,Villain,0.4507153360173106,1.0
1711,-5.1,4.9,1,Villain,0.2502145767211914,1.0
1712,4.7,-5.3,3,Hero,0.6411296129226685,1.0
1713,4.2,-5.8,8,Hero,0.5483105033636093,1.0
1714,4.0,-6.0,10,Hero,0.8014806032180786,1.0
1715,1.3999999999999986,-8.600000000000001,36,Hero,0.4917462691664696,1.0
1716,3.8000000000000007,-6.199999999999999,12,Hero,0.6335839784393708,1.0
1717,3.6000000000000005,-6.3999999999999995,14,Hero,0.6160881923777717,1.0
1718,4.300000000000001,-5.699999999999999,7,Hero,0.6313230650765556,1.0
1719,4.2,-5.8,8,Hero,0.6356072090566158,1.0
1720,4.1000000000000005,-5.8999999999999995,9,Hero,0.7943539669116338,1.0
1721,4.9,-5.1,1,Hero,0.40695720911026,1.0
1722,4.0,-6.0,10,Hero,0.5356063395738602,1.0
1723,4.1000000000000005,-5.8999999999999995,9,Hero,0.5296432342794206,1.0
1724,3.9000000000000004,-6.1,11,Hero,0.7605456249280409,1.0
1725,4.300000000000001,-5.699999999999999,7,Hero,0.5556000513689858,1.0
1726,4.2,-5.8,8,Hero,0.6313314754515886,1.0
1727,-6.7,3.3,17,Villain,0.4809485296992695,1.0
1728,3.3,-6.7,17,Hero,0.6236476928872221,1.0
1729,4.5,-5.5,5,Hero,0.7460084378719329,1.0
1730,3.6000000000000005,-6.3999999999999995,14,Hero,0.43746442667075564,1.0
1731,3.2,-6.8,18,Hero,0.6031706457336744,1.0
1732,4.6000000000000005,-5.3999999999999995,4,Hero,0.6334840953350067,1.0
1733,2.6999999999999997,-7.300000000000001,23,Hero,0.5341127058086188,1.0
1734,3.4000000000000004,-6.6,16,Hero,0.6426619216799736,1.0
1735,3.8000000000000007,-6.199999999999999,12,Hero,0.7315267382655293,1.0
1736,3.3,-6.7,17,Hero,0.6072163634440478,1.0
1737,4.300000000000001,-5.699999999999999,7,Hero,0.5034071962748256,1.0
1738,3.8000000000000007,-6.199999999999999,12,Hero,0.6014628671109676,1.0
1739,3.4000000000000004,-6.6,16,Hero,0.5533313103951514,1.0
1740,2.3999999999999995,-7.6000000000000005,26,Hero,0.6395251063200144,1.0
1741,3.3,-6.7,17,Hero,0.6192315694163827,1.0
1742,3.9000000000000004,-6.1,11,Hero,0.6950093561952765,1.0
1743,3.3,-6.7,17,Hero,0.622013616211274,1.0
1744,3.9000000000000004,-6.1,11,Hero,0.5880603438073938,1.0
1745,3.9000000000000004,-6.1,11,Hero,0.6733051430095326,1.0
1746,3.7,-6.3,13,Hero,0.5700080924882338,1.0
1747,3.7,-6.3,13,Hero,0.6412566705391958,1.0
1748,4.5,-5.5,5,Hero,0.4606344997882843,1.0
1749,3.4000000000000004,-6.6,16,Hero,0.620115127414465,1.0
1750,4.2,-5.8,8,Hero,0.9574987217783928,1.0
1751,3.0999999999999996,-6.9,19,Hero,0.523421427921245,1.0
1752,4.7,-5.3,3,Hero,0.724763810634613,1.0
1753,3.5,-6.5,15,Hero,0.6215300917625427,1.0
1754,4.800000000000001,-5.199999999999999,2,Hero,0.6279177963733673,1.0
1755,3.8000000000000007,-6.199999999999999,12,Hero,0.7168087512254715,1.0
1756,4.0,-6.0,10,Hero,0.7479961574077606,1.0
1757,3.8000000000000007,-6.199999999999999,12,Hero,0.6384387041131655,1.0
1758,0.40000000000000036,-9.6,46,Hero,0.4944340576944144,1.0
1759,4.300000000000001,-5.699999999999999,7,Hero,0.9704195175852094,1.0
1760,3.5,-6.5,15,Hero,0.6316189785798391,1.0
1761,3.7,-6.3,13,Hero,0.6544720450272927,1.0
1762,3.9000000000000004,-6.1,11,Hero,0.6552168496630408,1.0
1763,3.6000000000000005,-6.3999999999999995,14,Hero,0.580380516392844,1.0
1764,4.300000000000001,-5.699999999999999,7,Hero,0.6569964119366237,1.0
1765,-6.0,4.0,10,Villain,0.5160973548889161,1.0
1766,4.300000000000001,-5.699999999999999,7,Hero,0.7987896608454841,1.0
1767,3.9000000000000004,-6.1,11,Hero,0.8468333022160963,1.0
1768,4.0,-6.0,10,Hero,0.5998208299279213,1.0
1769,3.7,-6.3,13,Hero,0.5693516731262207,1.0
1770,3.5,-6.5,15,Hero,0.6176433205604553,1.0
1771,3.5,-6.5,15,Hero,0.5877554366985956,1.0
1772,4.5,-5.5,5,Hero,0.7851385354995728,1.0
1773,3.6000000000000005,-6.3999999999999995,14,Hero,0.6700171210936138,1.0
1774,3.5,-6.5,15,Hero,0.5565850148598354,1.0
1775,4.7,-5.3,3,Hero,0.6294097503026327,1.0
1776,3.7,-6.3,13,Hero,0.6805474597674149,1.0
1777,-6.7,3.3,17,Villain,0.5041627962799633,1.0
1778,4.4,-5.6,6,Hero,0.7086208711067835,1.0
1779,3.7,-6.3,13,Hero,0.73834794988999,1.0
1780,4.5,-5.5,5,Hero,0.5943859279155731,1.0
1781,3.7,-6.3,13,Hero,0.7187015207914206,1.0
1782,4.300000000000001,-5.699999999999999,7,Hero,0.8125053133283343,1.0
1783,1.5999999999999988,-8.400000000000002,34,Hero,0.554546144517029,1.0
1784,3.5,-6.5,15,Hero,0.4967836002508799,1.0
1785,3.3,-6.7,17,Hero,0.6205790963243035,1.0
1786,4.5,-5.5,5,Hero,0.6307026326656342,1.0
1787,3.6000000000000005,-6.3999999999999995,14,Hero,0.6572898136717933,1.0
1788,3.9000000000000004,-6.1,11,Hero,0.6486508087678389,1.0
1789,3.5,-6.5,15,Hero,0.6126318544149398,1.0
1790,3.7,-6.3,13,Hero,0.536944791674614,1.0
1791,3.5,-6.5,15,Hero,0.7011782844861348,1.0
1792,2.8,-7.2,22,Hero,0.4573873437263749,1.0
1793,3.7,-6.3,13,Hero,0.6203089786263613,1.0
1794,3.0,-7.0,20,Hero,0.7048191018402576,1.0
1795,4.0,-6.0,10,Hero,0.7937539845705033,1.0
1796,4.7,-5.3,3,Hero,0.6163451448082924,1.0
1797,4.300000000000001,-5.699999999999999,7,Hero,0.6768670337540763,1.0
1798,4.5,-5.5,5,Hero,0.6088721930980683,1.0
1799,3.9000000000000004,-6.1,11,Hero,0.5970293838869442,1.0
1800,3.4000000000000004,-6.6,16,Hero,0.540233451873064,1.0
1801,3.9000000000000004,-6.1,11,Hero,0.6415031362663616,1.0
1802,2.1999999999999993,-7.800000000000001,28,Hero,0.4759310856461525,1.0
1803,4.300000000000001,-5.699999999999999,7,Hero,0.8265479505062103,1.0
1804,4.5,-5.5,5,Hero,0.7510426819324494,1.0
1805,3.4000000000000004,-6.6,16,Hero,0.5993772661313415,1.0
1806,4.5,-5.5,5,Hero,0.7992755055427552,1.0
1807,4.1000000000000005,-5.8999999999999995,9,Hero,0.7733523183398776,1.0
1808,4.7,-5.3,3,Hero,0.7124520738919576,1.0
1809,4.7,-5.3,3,Hero,0.657925526301066,1.0
1810,-6.8,3.2,18,Villain,0.5349119512571229,1.0
1811,2.9,-7.1,21,Hero,0.5278858301185426,1.0
1812,3.2,-6.8,18,Hero,0.6825915426015854,1.0
1813,4.0,-6.0,10,Hero,0.6965285152196884,1.0
1814,4.1000000000000005,-5.8999999999999995,9,Hero,0.7649958597289191,1.0
1815,4.5,-5.5,5,Hero,0.7955323338508606,1.0
1816,3.6000000000000005,-6.3999999999999995,14,Hero,0.542237543634006,1.0
1817,3.3,-6.7,17,Hero,0.626530729672488,1.0
1818,4.2,-5.8,8,Hero,0.7821396663784981,1.0
1819,4.6000000000000005,-5.3999999999999995,4,Hero,0.638590395450592,1.0
1820,4.0,-6.0,10,Hero,0.602749228477478,1.0
1821,3.9000000000000004,-6.1,11,Hero,0.5693437646735798,1.0
1822,4.0,-6.0,10,Hero,0.8137926287949085,1.0
1823,3.5,-6.5,15,Hero,0.5999875446160634,1.0
1824,3.4000000000000004,-6.6,16,Hero,0.6300517246127129,1.0
1825,4.5,-5.5,5,Hero,0.9659865856170654,1.0
1826,4.2,-5.8,8,Hero,0.7635561898350716,1.0
1827,3.0999999999999996,-6.9,19,Hero,0.6884270624110573,1.0
1828,4.4,-5.6,6,Hero,0.8565452098846436,1.0
1829,3.7,-6.3,13,Hero,0.6311334910301062,1.0
1830,-5.8,4.2,8,Villain,0.5930472295731306,1.0
1831,3.6000000000000005,-6.3999999999999995,14,Hero,0.7082777603396347,1.0
1832,3.7,-6.3,13,Hero,0.6301005666072552,1.0
1833,3.5,-6.5,15,Hero,0.6011141836643219,1.0
1834,4.4,-5.6,6,Hero,0.6298360476891199,1.0
1835,3.0,-7.0,20,Hero,0.54960060659796,1.0
1836,4.0,-6.0,10,Hero,0.6255935192108154,1.0
1837,4.0,-6.0,10,Hero,0.6373696327209473,1.0
1838,3.9000000000000004,-6.1,11,Hero,0.7385964420708743,1.0
1839,3.5,-6.5,15,Hero,0.573859428614378,1.0
1840,3.8000000000000007,-6.199999999999999,12,Hero,0.7686214422186216,1.0
1841,4.2,-5.8,8,Hero,0.5934764705598354,1.0
1842,3.8000000000000007,-6.199999999999999,12,Hero,0.6309116296858216,1.0
1843,-7.5,2.4999999999999996,25,Villain,0.48918017983436585,1.0
1844,4.1000000000000005,-5.8999999999999995,9,Hero,0.7438959015740289,1.0
1845,4.5,-5.5,5,Hero,0.7643290996551514,1.0
1846,4.6000000000000005,-5.3999999999999995,4,Hero,0.6247601211071014,1.0
1847,2.4999999999999996,-7.5,25,Hero,0.4426441906392574,1.0
1848,3.8000000000000007,-6.199999999999999,12,Hero,0.4652984819064538,1.0
1849,4.1000000000000005,-5.8999999999999995,9,Hero,0.6125506096416049,1.0
1850,2.8,-7.2,22,Hero,0.575647339055484,1.0
1851,4.800000000000001,-5.199999999999999,2,Hero,0.8774257600307465,1.0
1852,4.0,-6.0,10,Hero,0.6418007057160139,1.0
1853,4.7,-5.3,3,Hero,0.2962862700223923,1.0
1854,4.0,-6.0,10,Hero,0.6797866694629192,1.0
1855,3.8000000000000007,-6.199999999999999,12,Hero,0.6441604445377985,1.0
1856,4.800000000000001,-5.199999999999999,2,Hero,0.8808796107769012,1.0
1857,4.7,-5.3,3,Hero,0.7329376141230265,1.0
1858,3.9000000000000004,-6.1,11,Hero,0.5448539202863519,1.0
1859,3.8000000000000007,-6.199999999999999,12,Hero,0.7008492425084114,1.0
1860,2.5999999999999996,-7.4,24,Hero,0.4465406038798392,1.0
1861,4.7,-5.3,3,Hero,0.8971029122670492,1.0
1862,4.0,-6.0,10,Hero,0.7569905370473862,1.0
1863,3.0999999999999996,-6.9,19,Hero,0.5727191363510332,1.0
1864,4.1000000000000005,-5.8999999999999995,9,Hero,0.5192917568816079,1.0
1865,4.5,-5.5,5,Hero,0.9849099516868591,1.0
1866,4.1000000000000005,-5.8999999999999995,9,Hero,0.7448968357510037,1.0
1867,3.6000000000000005,-6.3999999999999995,14,Hero,0.5475279929648552,1.0
1868,4.9,-5.1,1,Hero,0.725782573223114,1.0
1869,4.5,-5.5,5,Hero,0.5570654243230819,1.0
1870,3.5,-6.5,15,Hero,0.5897509455680847,1.0
1871,3.8000000000000007,-6.199999999999999,12,Hero,0.7595924492925406,1.0
1872,4.1000000000000005,-5.8999999999999995,9,Hero,0.9625697202152677,1.0
1873,3.3,-6.7,17,Hero,0.6177675434771706,1.0
1874,3.6000000000000005,-6.3999999999999995,14,Hero,0.6074497018541608,1.0
1875,4.0,-6.0,10,Hero,0.6323520988225937,1.0
1876,-5.1,4.9,1,Villain,0.9973416924476624,1.0
1877,3.6000000000000005,-6.3999999999999995,14,Hero,0.5838192467178617,1.0
1878,4.1000000000000005,-5.8999999999999995,9,Hero,0.5999887320730422,1.0
1879,4.0,-6.0,10,Hero,0.7941917717456818,1.0
1880,1.5999999999999988,-8.400000000000002,34,Hero,0.4987390771069947,1.0
1881,3.6000000000000005,-6.3999999999999995,14,Hero,0.5474171288577574,1.0
1882,3.0999999999999996,-6.9,19,Hero,0.6378116921374672,1.0
1883,2.8,-7.2,22,Hero,0.5495833553881808,1.0
1884,3.2,-6.8,18,Hero,0.5423616957333353,1.0
1885,3.6000000000000005,-6.3999999999999995,14,Hero,0.6490854110036578,1.0
1886,4.1000000000000005,-5.8999999999999995,9,Hero,0.6586205661296844,1.0
1887,4.2,-5.8,8,Hero,0.582608756609261,1.0
1888,3.5,-6.5,15,Hero,0.6017770826816559,1.0
1889,3.9000000000000004,-6.1,11,Hero,0.4671293239701878,1.0
1890,4.6000000000000005,-5.3999999999999995,4,Hero,0.6711394488811493,1.0
1891,4.1000000000000005,-5.8999999999999995,9,Hero,0.6274531914128197,1.0
1892,-6.6,3.4000000000000004,16,Villain,0.5355593310669065,1.0
1893,3.9000000000000004,-6.1,11,Hero,0.7359532090750608,1.0
1894,4.4,-5.6,6,Hero,0.6148723214864731,1.0
1895,4.800000000000001,-5.199999999999999,2,Hero,0.8943421542644501,1.0
1896,4.0,-6.0,10,Hero,0.897723937034607,1.0
1897,2.099999999999999,-7.9,29,Hero,0.7307741862946543,1.0
1898,4.6000000000000005,-5.3999999999999995,4,Hero,0.9162854552268982,1.0
1899,3.9000000000000004,-6.1,11,Hero,0.7637126418677244,1.0
1900,2.5999999999999996,-7.4,24,Hero,0.6838138476014137,1.0
1901,4.1000000000000005,-5.8999999999999995,9,Hero,0.7459135154883066,1.0
1902,4.2,-5.8,8,Hero,0.7061136197298765,1.0
1903,4.2,-5.8,8,Hero,0.6592848524451256,1.0
1904,4.0,-6.0,10,Hero,0.7933713912963867,1.0
1905,3.2,-6.8,18,Hero,0.6649624092711343,1.0
1906,4.800000000000001,-5.199999999999999,2,Hero,0.6406922936439514,1.0
1907,4.2,-5.8,8,Hero,0.7192856185138226,1.0
1908,3.8000000000000007,-6.199999999999999,12,Hero,0.5709903923173746,1.0
1909,4.1000000000000005,-5.8999999999999995,9,Hero,0.630148622724745,1.0
1910,4.9,-5.1,1,Hero,0.8598671555519104,1.0
1911,2.5999999999999996,-7.4,24,Hero,0.5195116540417075,1.0
1912,3.3,-6.7,17,Hero,0.6405911818146706,1.0
1913,4.5,-5.5,5,Hero,0.6884735107421875,1.0
1914,4.0,-6.0,10,Hero,0.6628017097711563,1.0
1915,4.7,-5.3,3,Hero,0.9716956416765848,1.0
1916,3.5,-6.5,15,Hero,0.6787966211636861,1.0
1917,4.9,-5.1,1,Hero,0.7461791038513184,1.0
1918,4.2,-5.8,8,Hero,0.6199395395815372,1.0
1919,4.5,-5.5,5,Hero,0.9589033484458923,1.0
1920,4.0,-6.0,10,Hero,0.6986681461334229,1.0
1921,3.8000000000000007,-6.199999999999999,12,Hero,0.6206619950632254,1.0
1922,3.5,-6.5,15,Hero,0.594068440546592,1.0
1923,4.1000000000000005,-5.8999999999999995,9,Hero,0.6743340028656853,1.0
1924,2.9,-7.1,21,Hero,0.599699276543799,1.0
1925,4.300000000000001,-5.699999999999999,7,Hero,0.6129145537103925,1.0
1926,4.0,-6.0,10,Hero,0.6586836829781533,1.0
1927,4.2,-5.8,8,Hero,0.6677917577326298,1.0
1928,4.1000000000000005,-5.8999999999999995,9,Hero,0.7749452855851915,1.0
1929,4.1000000000000005,-5.8999999999999995,9,Hero,0.6066237058904436,1.0
1930,4.2,-5.8,8,Hero,0.6567627936601639,1.0
1931,3.2,-6.8,18,Hero,0.6605509457488855,1.0
1932,4.2,-5.8,8,Hero,0.713199432939291,1.0
1933,4.0,-6.0,10,Hero,0.659479346871376,1.0
1934,4.2,-5.8,8,Hero,0.6373154409229755,1.0
1935,4.1000000000000005,-5.8999999999999995,9,Hero,0.6063998705810971,1.0
1936,4.800000000000001,-5.199999999999999,2,Hero,0.6737990975379944,1.0
1937,3.4000000000000004,-6.6,16,Hero,0.6312982644885778,1.0
1938,4.6000000000000005,-5.3999999999999995,4,Hero,0.768538810312748,1.0
1939,3.3,-6.7,17,Hero,0.6206630854045644,1.0
1940,3.5,-6.5,15,Hero,0.6356391827265422,1.0
1941,3.6000000000000005,-6.3999999999999995,14,Hero,0.6306634715625218,1.0
1942,4.4,-5.6,6,Hero,0.6695394019285837,1.0
1943,3.7,-6.3,13,Hero,0.6444409936666489,1.0
1944,4.1000000000000005,-5.8999999999999995,9,Hero,0.665552149216334,1.0
1945,3.5,-6.5,15,Hero,0.6506010542313257,1.0
1946,-5.6,4.4,6,Villain,0.8621842662493387,1.0
1947,4.6000000000000005,-5.3999999999999995,4,Hero,0.5137052070349455,1.0
1948,4.9,-5.1,1,Hero,0.3041204512119293,1.0
1949,4.300000000000001,-5.699999999999999,7,Hero,0.659853293161307,1.0
1950,4.1000000000000005,-5.8999999999999995,9,Hero,0.7536199986934662,1.0
1951,3.6000000000000005,-6.3999999999999995,14,Hero,0.6932288301842553,1.0
1952,3.6000000000000005,-6.3999999999999995,14,Hero,0.7664346854601588,1.0
1953,3.2,-6.8,18,Hero,0.6606381982564926,1.0
1954,4.300000000000001,-5.699999999999999,7,Hero,0.7016865371593407,1.0
1955,4.5,-5.5,5,Hero,0.9087479114532471,1.0
1956,3.8000000000000007,-6.199999999999999,12,Hero,0.7043575371305147,1.0
1957,3.5,-6.5,15,Hero,0.6545734266440074,1.0
1958,4.2,-5.8,8,Hero,0.7586575672030449,1.0
1959,4.9,-5.1,1,Hero,0.05690273270010948,1.0
1960,3.9000000000000004,-6.1,11,Hero,0.5346544554287737,1.0
1961,4.7,-5.3,3,Hero,0.9950919151306152,1.0
1962,4.2,-5.8,8,Hero,0.986507348716259,1.0
1963,3.6000000000000005,-6.3999999999999995,14,Hero,0.5989220685192517,1.0
1964,-6.9,3.0999999999999996,19,Villain,0.6500330586966715,1.0
1965,4.800000000000001,-5.199999999999999,2,Hero,0.5686375200748444,1.0
1966,4.5,-5.5,5,Hero,0.5931179732084274,1.0
1967,-5.699999999999999,4.300000000000001,7,Villain,0.6386371691312108,1.0
1968,4.6000000000000005,-5.3999999999999995,4,Hero,0.8946573436260223,1.0
1969,3.3,-6.7,17,Hero,0.6299458040910608,1.0
1970,3.6000000000000005,-6.3999999999999995,14,Hero,0.7032243034669331,1.0
1971,4.0,-6.0,10,Hero,0.7669765919446945,1.0
1972,4.4,-5.6,6,Hero,0.7702223683396975,1.0
1973,3.6000000000000005,-6.3999999999999995,14,Hero,0.5906307101249695,1.0
1974,2.099999999999999,-7.9,29,Hero,0.7479545325040817,1.0
1975,3.9000000000000004,-6.1,11,Hero,0.8340740271589973,1.0
1976,3.6000000000000005,-6.3999999999999995,14,Hero,0.7835586326462882,1.0
1977,4.4,-5.6,6,Hero,0.6671390210588773,1.0
1978,4.5,-5.5,5,Hero,0.7727929472923278,1.0
1979,4.6000000000000005,-5.3999999999999995,4,Hero,0.74034333974123,1.0
1980,4.300000000000001,-5.699999999999999,7,Hero,0.7113260243620191,1.0
1981,4.1000000000000005,-5.8999999999999995,9,Hero,0.8475809494654337,1.0
1982,3.4000000000000004,-6.6,16,Hero,0.6879150671884418,1.0
1983,4.0,-6.0,10,Hero,0.8385817475616932,1.0
1984,3.0,-7.0,20,Hero,0.6327883878722786,1.0
1985,4.2,-5.8,8,Hero,0.636812124401331,1.0
1986,4.300000000000001,-5.699999999999999,7,Hero,0.6933986118861607,1.0
1987,4.300000000000001,-5.699999999999999,7,Hero,0.8380050616604942,1.0
1988,3.5,-6.5,15,Hero,0.691957738995552,1.0
1989,3.8000000000000007,-6.199999999999999,12,Hero,0.795407318820556,1.0
1990,4.800000000000001,-5.199999999999999,2,Hero,0.9705791473388672,1.0
1991,4.300000000000001,-5.699999999999999,7,Hero,0.9273477366992405,1.0
1992,3.9000000000000004,-6.1,11,Hero,0.6780820380557667,1.0
1993,3.6000000000000005,-6.3999999999999995,14,Hero,0.6454769670963287,1.0
1994,4.7,-5.3,3,Hero,0.7667988538742065,1.0
1995,4.2,-5.8,8,Hero,0.828246284276247,1.0
1996,3.8000000000000007,-6.199999999999999,12,Hero,0.6280884966254234,1.0
1997,4.6000000000000005,-5.3999999999999995,4,Hero,0.8042676597833633,1.0
1998,4.6000000000000005,-5.3999999999999995,4,Hero,0.7586540281772614,1.0
1999,3.9000000000000004,-6.1,11,Hero,0.7070233090357347,1.0
2000,3.4000000000000004,-6.6,16,Hero,0.6756164021790028,1.0
2001,4.0,-6.0,10,Hero,0.8495160609483718,1.0
2002,4.9,-5.1,1,Hero,0.9734111428260803,1.0
2003,4.6000000000000005,-5.3999999999999995,4,Hero,0.8121053874492645,1.0
2004,-5.199999999999999,4.800000000000001,2,Villain,0.997791051864624,1.0
2005,4.0,-6.0,10,Hero,0.6370198994874954,1.0
2006,4.0,-6.0,10,Hero,0.785995514690876,1.0
2007,4.300000000000001,-5.699999999999999,7,Hero,0.6632069668599537,1.0
2008,3.8000000000000007,-6.199999999999999,12,Hero,0.662946380674839,1.0
2009,3.3,-6.7,17,Hero,0.6277129168019575,1.0
2010,4.0,-6.0,10,Hero,0.7269293211400509,1.0
2011,3.4000000000000004,-6.6,16,Hero,0.6696426877751946,1.0
2012,3.4000000000000004,-6.6,16,Hero,0.8937453310936689,1.0
2013,4.300000000000001,-5.699999999999999,7,Hero,0.9578109894480024,1.0
2014,4.9,-5.1,1,Hero,0.9980549812316895,1.0
2015,4.2,-5.8,8,Hero,0.873489148914814,1.0
2016,4.4,-5.6,6,Hero,0.9387555122375488,1.0
2017,-5.1,4.9,1,Villain,0.9999985694885254,1.0
2018,4.0,-6.0,10,Hero,0.7658350937068462,1.0
2019,3.9000000000000004,-6.1,11,Hero,0.6586366478692401,1.0
2020,4.2,-5.8,8,Hero,0.6432153843343258,1.0
2021,4.9,-5.1,1,Hero,0.9391106963157654,1.0
2022,4.0,-6.0,10,Hero,0.6464877814054489,1.0
2023,3.8000000000000007,-6.199999999999999,12,Hero,0.7457407390077909,1.0
2024,3.8000000000000007,-6.199999999999999,12,Hero,0.6416850835084915,1.0
2025,-6.0,4.0,10,Villain,0.7225398644804955,1.0
2026,4.0,-6.0,10,Hero,0.8499206870794296,1.0
2027,4.7,-5.3,3,Hero,0.5315759678681692,1.0
2028,4.6000000000000005,-5.3999999999999995,4,Hero,0.613249383866787,1.0
2029,4.2,-5.8,8,Hero,0.7398561723530293,1.0
2030,4.2,-5.8,8,Hero,0.8637545313686132,1.0
2031,4.9,-5.1,1,Hero,0.9633421301841736,1.0
2032,3.7,-6.3,13,Hero,0.6999283948769937,1.0
2033,3.9000000000000004,-6.1,11,Hero,0.6396586271849546,1.0
2034,3.4000000000000004,-6.6,16,Hero,0.6198935024440289,1.0
2035,4.300000000000001,-5.699999999999999,7,Hero,0.6201475028480802,1.0
2036,3.9000000000000004,-6.1,11,Hero,0.8183409978042949,1.0
2037,3.5,-6.5,15,Hero,0.7304991821448008,1.0
2038,4.2,-5.8,8,Hero,0.8852002769708633,1.0
2039,4.1000000000000005,-5.8999999999999995,9,Hero,0.7431733773814307,1.0
2040,4.5,-5.5,5,Hero,0.63286594748497,1.0
2041,3.9000000000000004,-6.1,11,Hero,0.6517176682298834,1.0
2042,4.1000000000000005,-5.8999999999999995,9,Hero,0.6755719416671329,1.0
2043,4.4,-5.6,6,Hero,0.8186079561710358,1.0
2044,3.9000000000000004,-6.1,11,Hero,0.7603481059724634,1.0
2045,3.6000000000000005,-6.3999999999999995,14,Hero,0.6890520623752049,1.0
2046,-5.8999999999999995,4.1000000000000005,9,Villain,0.8063852356539832,1.0
2047,3.9000000000000004,-6.1,11,Hero,0.7703174562616781,1.0
2048,3.9000000000000004,-6.1,11,Hero,0.8104241700334982,1.0
2049,4.300000000000001,-5.699999999999999,7,Hero,0.6982479563781193,1.0
2050,4.5,-5.5,5,Hero,0.9699775218963623,1.0
2051,3.4000000000000004,-6.6,16,Hero,0.5810935329645872,1.0
2052,4.1000000000000005,-5.8999999999999995,9,Hero,0.6058548722002242,1.0
2053,4.2,-5.8,8,Hero,0.8704650178551674,1.0
2054,4.0,-6.0,10,Hero,0.6301894456148147,1.0
2055,3.5,-6.5,15,Hero,0.5731850246588389,1.0
2056,3.9000000000000004,-6.1,11,Hero,0.6786483905532144,1.0
2057,4.6000000000000005,-5.3999999999999995,4,Hero,0.657873272895813,1.0
2058,3.4000000000000004,-6.6,16,Hero,0.574106078594923,1.0
2059,4.800000000000001,-5.199999999999999,2,Hero,0.9747303128242493,1.0
2060,3.5,-6.5,15,Hero,0.7051264961560567,1.0
2061,3.8000000000000007,-6.199999999999999,12,Hero,0.6703723998119434,1.0
2062,3.9000000000000004,-6.1,11,Hero,0.7038075138222087,1.0
2063,4.300000000000001,-5.699999999999999,7,Hero,0.894089366708483,1.0
2064,4.1000000000000005,-5.8999999999999995,9,Hero,0.8063474297523499,1.0
2065,4.1000000000000005,-5.8999999999999995,9,Hero,0.7856533759170108,1.0
2066,2.5999999999999996,-7.4,24,Hero,0.6571589832504591,1.0
2067,4.800000000000001,-5.199999999999999,2,Hero,0.49997782707214355,1.0
2068,4.300000000000001,-5.699999999999999,7,Hero,0.9594082065990993,1.0
2069,4.2,-5.8,8,Hero,0.6576252533122897,1.0
2070,4.6000000000000005,-5.3999999999999995,4,Hero,0.706756480038166,1.0
2071,4.6000000000000005,-5.3999999999999995,4,Hero,0.6079149097204208,1.0
2072,4.300000000000001,-5.699999999999999,7,Hero,0.9115165216582162,1.0
2073,3.3,-6.7,17,Hero,0.6748831863788998,1.0
2074,4.7,-5.3,3,Hero,0.8938719034194946,1.0
2075,3.5,-6.5,15,Hero,0.6569465855757396,1.0
2076,3.8000000000000007,-6.199999999999999,12,Hero,0.7169645304481188,1.0
2077,4.1000000000000005,-5.8999999999999995,9,Hero,0.6233700133032269,1.0
2078,4.300000000000001,-5.699999999999999,7,Hero,0.9221541285514832,1.0
2079,4.1000000000000005,-5.8999999999999995,9,Hero,0.6497755249341329,1.0
2080,4.7,-5.3,3,Hero,0.7639474272727966,1.0
2081,4.7,-5.3,3,Hero,0.6854690710703532,1.0
2082,4.1000000000000005,-5.8999999999999995,9,Hero,0.6889050238662295,1.0
2083,4.4,-5.6,6,Hero,0.6656877820690473,1.0
2084,4.2,-5.8,8,Hero,0.6998072415590286,1.0
2085,4.300000000000001,-5.699999999999999,7,Hero,0.7077883609703609,1.0
2086,3.3,-6.7,17,Hero,0.7048227708129322,1.0
2087,3.5,-6.5,15,Hero,0.6953481336434683,1.0
2088,4.2,-5.8,8,Hero,0.7028061114251614,1.0
2089,4.800000000000001,-5.199999999999999,2,Hero,0.9682227671146393,1.0
2090,4.0,-6.0,10,Hero,0.7448954552412033,1.0
2091,3.3,-6.7,17,Hero,0.619343596346238,1.0
2092,4.1000000000000005,-5.8999999999999995,9,Hero,0.7116250958707597,1.0
2093,4.2,-5.8,8,Hero,0.646324560046196,1.0
2094,4.5,-5.5,5,Hero,0.6971083641052246,1.0
2095,4.2,-5.8,8,Hero,0.9199058786034584,1.0
2096,4.1000000000000005,-5.8999999999999995,9,Hero,0.686091250843472,1.0
2097,3.9000000000000004,-6.1,11,Hero,0.7136177068406885,1.0
2098,4.4,-5.6,6,Hero,0.6204252888758978,1.0
2099,3.9000000000000004,-6.1,11,Hero,0.6794394417242571,1.0
2100,4.5,-5.5,5,Hero,0.5290991783142089,1.0
2101,3.2,-6.8,18,Hero,0.6632336361540688,1.0
2102,4.1000000000000005,-5.8999999999999995,9,Hero,0.8056561748186747,1.0
2103,3.6000000000000005,-6.3999999999999995,14,Hero,0.706003086907523,1.0
2104,4.4,-5.6,6,Hero,0.9837163686752319,1.0
2105,3.8000000000000007,-6.199999999999999,12,Hero,0.6580529076357683,1.0
2106,3.9000000000000004,-6.1,11,Hero,0.8471700549125671,1.0
2107,3.6000000000000005,-6.3999999999999995,14,Hero,0.8541429894311088,1.0
2108,4.0,-6.0,10,Hero,0.83432377576828,1.0
2109,3.3,-6.7,17,Hero,0.6551900497254204,1.0
2110,3.2,-6.8,18,Hero,0.7055934899383121,1.0
2111,-5.6,4.4,6,Villain,0.6819036317368349,1.0
2112,4.1000000000000005,-5.8999999999999995,9,Hero,0.7666526320907805,1.0
2113,4.4,-5.6,6,Hero,0.6130675176779429,1.0
2114,4.300000000000001,-5.699999999999999,7,Hero,0.7305051897253309,1.0
2115,4.5,-5.5,5,Hero,0.6307634711265564,1.0
2116,3.6000000000000005,-6.3999999999999995,14,Hero,0.6593593486717769,1.0
2117,3.9000000000000004,-6.1,11,Hero,0.6546912274577401,1.0
2118,4.300000000000001,-5.699999999999999,7,Hero,0.8493523725441524,1.0
2119,4.6000000000000005,-5.3999999999999995,4,Hero,0.5118070524185896,1.0
2120,3.4000000000000004,-6.6,16,Hero,0.5910929758101702,1.0
2121,4.4,-5.6,6,Hero,0.7416162813703219,1.0
2122,4.6000000000000005,-5.3999999999999995,4,Hero,0.9513765424489975,1.0
2123,3.5,-6.5,15,Hero,0.6146273980538051,1.0
2124,3.7,-6.3,13,Hero,0.6600405671275579,1.0
2125,3.5,-6.5,15,Hero,0.7551632424195608,1.0
2126,-5.199999999999999,4.800000000000001,2,Villain,0.49028444290161133,1.0
2127,4.9,-5.1,1,Hero,0.9508351683616638,1.0
2128,3.5,-6.5,15,Hero,0.6560822705427806,1.0
2129,3.8000000000000007,-6.199999999999999,12,Hero,0.7346014082431793,1.0
2130,3.4000000000000004,-6.6,16,Hero,0.6742432024329901,1.0
2131,3.9000000000000004,-6.1,11,Hero,0.7107912613586946,1.0
2132,4.300000000000001,-5.699999999999999,7,Hero,0.819093086889812,1.0
2133,3.7,-6.3,13,Hero,0.7155411060039814,1.0
2134,4.300000000000001,-5.699999999999999,7,Hero,0.8091698246342796,1.0
2135,4.0,-6.0,10,Hero,0.7794368207454682,1.0
2136,-5.1,4.9,1,Villain,0.9732419848442078,1.0
2137,4.300000000000001,-5.699999999999999,7,Hero,0.6534143260547093,1.0
2138,3.3,-6.7,17,Hero,0.654453522142242,1.0
2139,4.2,-5.8,8,Hero,0.6697693541646004,1.0
2140,4.2,-5.8,8,Hero,0.7407551035284996,1.0
2141,3.8000000000000007,-6.199999999999999,12,Hero,0.7587664056918584,1.0
2142,3.3,-6.7,17,Hero,0.7063164128100171,1.0
2143,4.2,-5.8,8,Hero,0.8294506119564176,1.0
2144,3.7,-6.3,13,Hero,0.5965875123555844,1.0
2145,3.9000000000000004,-6.1,11,Hero,0.6433514627543363,1.0
2146,3.6000000000000005,-6.3999999999999995,14,Hero,0.6745012679270336,1.0
2147,2.8,-7.2,22,Hero,0.5010549717752094,1.0
2148,4.6000000000000005,-5.3999999999999995,4,Hero,0.47559604048728943,1.0
2149,3.5,-6.5,15,Hero,0.6909805466731389,1.0
2150,2.4999999999999996,-7.5,25,Hero,0.7227296209335328,1.0
2151,4.1000000000000005,-5.8999999999999995,9,Hero,0.6111434499422709,1.0
2152,-5.1,4.9,1,Villain,0.8972273468971252,1.0
2153,3.8000000000000007,-6.199999999999999,12,Hero,0.6212788273890814,1.0
2154,-5.1,4.9,1,Villain,0.9985966086387634,1.0
2155,4.800000000000001,-5.199999999999999,2,Hero,0.9862447381019592,1.0
2156,-4.999999999999998,-4.999999999999998,50,None,0.9056299951672554,1.0
2157,-4.999999999999998,-4.999999999999998,50,None,0.9179819517582655,1.0
2158,3.9000000000000004,-6.1,11,Hero,0.7211080328984694,1.0
2159,4.7,-5.3,3,Hero,0.9720756411552429,1.0
2160,3.0999999999999996,-6.9,19,Hero,0.8212062921375036,1.0
2161,-4.999999999999998,-4.999999999999998,50,None,0.7639066255837679,1.0
2162,2.1999999999999993,-7.800000000000001,28,Hero,0.9171478490212134,1.0
2163,3.0999999999999996,-6.9,19,Hero,0.6424589125733626,1.0
2164,3.3,-6.7,17,Hero,0.7390184963450712,1.0
2165,3.9000000000000004,-6.1,11,Hero,0.6276070665229451,1.0
2166,3.8000000000000007,-6.199999999999999,12,Hero,0.7509631142020226,1.0
2167,3.5,-6.5,15,Hero,0.6482402404149373,1.0
2168,4.1000000000000005,-5.8999999999999995,9,Hero,0.5794632865322961,1.0
2169,4.1000000000000005,-5.8999999999999995,9,Hero,0.8613523211744096,1.0
2170,3.6000000000000005,-6.3999999999999995,14,Hero,0.8551729385341916,1.0
2171,4.300000000000001,-5.699999999999999,7,Hero,0.7357524974005563,1.0
2172,3.6000000000000005,-6.3999999999999995,14,Hero,0.6110167450138501,1.0
2173,4.5,-5.5,5,Hero,0.6104892492294312,1.0
2174,3.8000000000000007,-6.199999999999999,12,Hero,0.8228620042403539,1.0
2175,4.800000000000001,-5.199999999999999,2,Hero,0.8066768646240234,1.0
2176,4.4,-5.6,6,Hero,0.7133949299653372,1.0
2177,3.8000000000000007,-6.199999999999999,12,Hero,0.7848423843582472,1.0
2178,3.9000000000000004,-6.1,11,Hero,0.6361791254444555,1.0
2179,3.7,-6.3,13,Hero,0.7331309536328683,1.0
2180,4.6000000000000005,-5.3999999999999995,4,Hero,0.6772118210792542,1.0
2181,3.3,-6.7,17,Hero,0.516786499058499,1.0
2182,3.6000000000000005,-6.3999999999999995,14,Hero,0.5964879382933889,1.0
2183,3.5,-6.5,15,Hero,0.6198659916718801,1.0
2184,3.9000000000000004,-6.1,11,Hero,0.6161875264211134,1.0
2185,4.1000000000000005,-5.8999999999999995,9,Hero,0.9947495460510254,1.0
2186,3.8000000000000007,-6.199999999999999,12,Hero,0.6096874997019768,1.0
2187,-5.199999999999999,4.800000000000001,2,Villain,0.979674756526947,1.0
2188,3.9000000000000004,-6.1,11,Hero,0.6937204477461901,1.0
2189,4.800000000000001,-5.199999999999999,2,Hero,0.5043380111455917,1.0
2190,3.8000000000000007,-6.199999999999999,12,Hero,0.6256248677770296,1.0
2191,4.300000000000001,-5.699999999999999,7,Hero,0.7833760593618665,1.0
2192,3.0999999999999996,-6.9,19,Hero,0.8345631308069354,1.0
2193,3.0,-7.0,20,Hero,0.690831831842661,1.0
2194,3.6000000000000005,-6.3999999999999995,14,Hero,0.5622239889843124,1.0
2195,-6.3999999999999995,3.6000000000000005,14,Villain,0.5611475557088852,1.0
2196,4.6000000000000005,-5.3999999999999995,4,Hero,0.5949636101722717,1.0
2197,4.4,-5.6,6,Hero,0.6066568878789743,1.0
2198,4.2,-5.8,8,Hero,0.7542894370853901,1.0
2199,4.6000000000000005,-5.3999999999999995,4,Hero,0.7087608724832535,1.0
2200,4.0,-6.0,10,Hero,0.851494836807251,1.0
2201,4.4,-5.6,6,Hero,0.5152117858330408,1.0
2202,4.4,-5.6,6,Hero,0.656275063753128,1.0
2203,0.5999999999999996,-9.4,44,Hero,0.6788594253699888,1.0
2204,2.8,-7.2,22,Hero,0.5475852685895833,1.0
2205,4.0,-6.0,10,Hero,0.5722318932414054,1.0
2206,4.1000000000000005,-5.8999999999999995,9,Hero,0.7826911840173933,1.0
2207,3.6000000000000005,-6.3999999999999995,14,Hero,0.557774754507201,1.0
2208,3.4000000000000004,-6.6,16,Hero,0.574541362002492,1.0
2209,4.800000000000001,-5.199999999999999,2,Hero,0.5714610815048218,1.0
2210,3.2,-6.8,18,Hero,0.5343187633487914,1.0
2211,3.6000000000000005,-6.3999999999999995,14,Hero,0.6642595859510558,1.0
2212,3.9000000000000004,-6.1,11,Hero,0.6117177117954601,1.0
2213,3.0,-7.0,20,Hero,0.5262408126145601,1.0
2214,3.5,-6.5,15,Hero,0.4877839955811699,1.0
2215,3.0999999999999996,-6.9,19,Hero,0.6485741856066805,1.0
2216,4.300000000000001,-5.699999999999999,7,Hero,0.5549910025937217,1.0
2217,4.300000000000001,-5.699999999999999,7,Hero,0.6216941007546016,1.0
2218,3.0,-7.0,20,Hero,0.6430256418883801,1.0
2219,4.2,-5.8,8,Hero,0.6331022270023823,1.0
2220,4.0,-6.0,10,Hero,0.8549336798489093,1.0
2221,3.9000000000000004,-6.1,11,Hero,0.6130203631791201,1.0
2222,4.2,-5.8,8,Hero,0.6364814783446491,1.0
2223,3.6000000000000005,-6.3999999999999995,14,Hero,0.7308281010815075,1.0
2224,3.9000000000000004,-6.1,11,Hero,0.5016597163948145,1.0
2225,4.0,-6.0,10,Hero,0.8283495008945465,1.0
2226,3.7,-6.3,13,Hero,0.6022811600795159,1.0
2227,-5.1,4.9,1,Villain,0.3348277509212494,1.0
2228,2.5999999999999996,-7.4,24,Hero,0.687456718335549,1.0
2229,-5.5,4.5,5,Villain,0.49701753705739976,1.0
2230,3.9000000000000004,-6.1,11,Hero,0.6145311966538429,1.0
2231,-5.1,4.9,1,Villain,0.6636513471603394,1.0
2232,-4.999999999999998,-4.999999999999998,50,None,0.9935829532146454,1.0
2233,2.5999999999999996,-7.4,24,Hero,0.5767014573017756,1.0
2234,3.3,-6.7,17,Hero,0.6106361079522792,1.0
2235,2.3999999999999995,-7.6000000000000005,26,Hero,0.6571443774379216,1.0
2236,4.4,-5.6,6,Hero,0.7828125904003779,1.0
2237,-4.999999999999998,-4.999999999999998,50,None,0.8958716610074043,1.0
2238,-4.999999999999998,-4.999999999999998,50,None,0.9245483344793319,1.0
2239,-4.999999999999998,-4.999999999999998,50,None,0.8264707912504673,1.0
2240,4.9,-5.1,1,Hero,0.08625359833240509,1.0
2241,3.0,-7.0,20,Hero,0.5172311395523138,1.0
2242,3.5,-6.5,15,Hero,0.648280103256305,1.0
2243,-5.1,4.9,1,Villain,0.13507601618766785,1.0
2244,-6.0,4.0,10,Villain,0.8335401982069015,1.0
2245,-6.3,3.7,13,Villain,0.5351096019148827,1.0
2246,4.5,-5.5,5,Hero,0.9989114880561829,1.0
2247,-4.999999999999998,-4.999999999999998,50,None,0.5986992421001196,1.0
2248,-5.8999999999999995,4.1000000000000005,9,Villain,0.4359023372332255,1.0
2249,-4.999999999999998,-4.999999999999998,50,None,0.8681971757113933,1.0
2250,-4.999999999999998,-4.999999999999998,50,None,0.7610864762216807,1.0
2251,-6.3,3.7,13,Villain,0.7169915207016927,1.0
2252,4.9,-5.1,1,Hero,0.9914387464523315,1.0
2253,-4.999999999999998,-4.999999999999998,50,None,0.7768017719686031,1.0
2254,-4.999999999999998,-4.999999999999998,50,None,0.6953869820293039,1.0
2255,-7.6000000000000005,2.3999999999999995,26,Villain,0.5088205254421785,1.0
2256,-4.999999999999998,-4.999999999999998,50,None,0.9998001301288605,1.0
2257,-4.999999999999998,-4.999999999999998,50,None,0.3305418673157692,1.0
2258,-5.1,4.9,1,Villain,0.2447982281446457,1.0
2259,-4.999999999999998,-4.999999999999998,50,None,0.41830201730132105,1.0
2260,-4.999999999999998,-4.999999999999998,50,None,0.477452936321497,1.0
2261,-4.999999999999998,-4.999999999999998,50,None,0.877179978787899,1.0
2262,-4.999999999999998,-4.999999999999998,50,None,0.4081851191073656,1.0
2263,-4.999999999999998,-4.999999999999998,50,None,0.4050431391317397,1.0
2264,-4.999999999999998,-4.999999999999998,50,None,0.9958616042137146,1.0
2265,-5.5,4.5,5,Villain,0.9923683762550354,1.0
2266,-4.999999999999998,-4.999999999999998,50,None,0.7170848226174712,1.0
2267,-4.999999999999998,-4.999999999999998,50,None,0.8800538680702448,1.0
2268,-4.999999999999998,-4.999999999999998,50,None,0.5503104785829782,1.0
2269,-4.999999999999998,-4.999999999999998,50,None,0.4442152328789234,1.0
2270,-4.999999999999998,-4.999999999999998,50,None,0.998471462726593,1.0
2271,-4.999999999999998,-4.999999999999998,50,None,0.9418991412222385,1.0
2272,-4.999999999999998,-4.999999999999998,50,None,0.5601914566755295,1.0
2273,-4.999999999999998,-4.999999999999998,50,None,0.9990447139739991,1.0
2274,-6.3999999999999995,3.6000000000000005,14,Villain,0.614802425461156,1.0
2275,-4.999999999999998,-4.999999999999998,50,None,0.7854523019865155,1.0
2276,-4.999999999999998,-4.999999999999998,50,None,0.6138950276374817,1.0
2277,-4.999999999999998,-4.999999999999998,50,None,0.7074607204087079,1.0
2278,-4.999999999999998,-4.999999999999998,50,None,0.42785181254148485,1.0
2279,-4.999999999999998,-4.999999999999998,50,None,0.6239490589033813,1.0
2280,-4.999999999999998,-4.999999999999998,50,None,0.9981091272830963,1.0
2281,-4.999999999999998,-4.999999999999998,50,None,0.5901592757925391,1.0
2282,-4.999999999999998,-4.999999999999998,50,None,0.9676849243044853,1.0
2283,-4.999999999999998,-4.999999999999998,50,None,0.892454434633255,1.0
2284,-4.999999999999998,-4.999999999999998,50,None,0.6508379322290421,1.0
2285,-4.999999999999998,-4.999999999999998,50,None,0.40615764155983924,1.0
2286,4.6000000000000005,-5.3999999999999995,4,Hero,0.9998679161071777,1.0
2287,-4.999999999999998,-4.999999999999998,50,None,0.7131737399101258,1.0
2288,-4.999999999999998,-4.999999999999998,50,None,0.9741502559185028,1.0
2289,-4.999999999999998,-4.999999999999998,50,None,0.5941808834671974,1.0
2290,-4.999999999999998,-4.999999999999998,50,None,0.9119763313233853,1.0
2291,-4.999999999999998,-4.999999999999998,50,None,0.5240324756503105,1.0
2292,-4.999999999999998,-4.999999999999998,50,None,0.4282579105347395,1.0
2293,-5.6,4.4,6,Villain,0.5039276679356893,1.0
2294,-4.999999999999998,-4.999999999999998,50,None,0.5397124491631985,1.0
2295,-4.999999999999998,-4.999999999999998,50,None,0.5641516882181168,1.0
2296,-4.999999999999998,-4.999999999999998,50,None,0.6926474171131849,1.0
2297,4.300000000000001,-5.699999999999999,7,Hero,0.999697881085532,1.0
2298,-4.999999999999998,-4.999999999999998,50,None,0.9996739697456359,1.0
2299,-4.999999999999998,-4.999999999999998,50,None,0.8344971020519734,1.0
2300,-9.799999999999999,0.20000000000000107,48,Villain,0.6276095178327523,1.0
2301,-4.999999999999998,-4.999999999999998,50,None,0.3853941199183464,1.0
2302,-4.999999999999998,-4.999999999999998,50,None,0.9208221672475339,1.0
2303,-4.999999999999998,-4.999999999999998,50,None,0.8569586090743542,1.0
2304,-4.999999999999998,-4.999999999999998,50,None,0.8588616157323122,1.0
2305,-4.999999999999998,-4.999999999999998,50,None,0.999387686252594,1.0
2306,4.9,-5.1,1,Hero,0.9997797608375549,1.0
2307,-4.999999999999998,-4.999999999999998,50,None,0.9017415531352162,1.0
2308,-4.999999999999998,-4.999999999999998,50,None,0.885279683941044,1.0
2309,-4.999999999999998,-4.999999999999998,50,None,0.9992715513706207,1.0
2310,-4.999999999999998,-4.999999999999998,50,None,0.9996518743038177,1.0
2311,-4.999999999999998,-4.999999999999998,50,None,0.5167175900191069,1.0
2312,-4.999999999999998,-4.999999999999998,50,None,0.5856412702798843,1.0
2313,-7.300000000000001,2.6999999999999997,23,Villain,0.61292256529281,1.0
2314,-4.999999999999998,-4.999999999999998,50,None,0.5659423242509365,1.0
2315,-4.999999999999998,-4.999999999999998,50,None,0.9834723973274231,1.0
2316,-4.999999999999998,-4.999999999999998,50,None,0.5725523308664561,1.0
2317,-4.999999999999998,-4.999999999999998,50,None,0.8936822581291198,1.0
2318,-4.999999999999998,-4.999999999999998,50,None,0.6681987991370261,1.0
2319,-4.999999999999998,-4.999999999999998,50,None,0.4452148423343897,1.0
2320,-4.999999999999998,-4.999999999999998,50,None,0.5261556840781122,1.0
2321,-4.999999999999998,-4.999999999999998,50,None,0.978645925372839,1.0
2322,-4.999999999999998,-4.999999999999998,50,None,0.44992934331297874,1.0
2323,-4.999999999999998,-4.999999999999998,50,None,0.6117825710773468,1.0
2324,-4.999999999999998,-4.999999999999998,50,None,0.9478219208493829,1.0
2325,-4.999999999999998,-4.999999999999998,50,None,0.857087814360857,1.0
2326,-4.999999999999998,-4.999999999999998,50,None,0.9985819220542907,1.0
2327,-4.999999999999998,-4.999999999999998,50,None,0.9993816435337066,1.0
2328,-4.999999999999998,-4.999999999999998,50,None,0.5847018331289291,1.0
2329,-4.999999999999998,-4.999999999999998,50,None,0.37884823851287364,1.0
2330,4.300000000000001,-5.699999999999999,7,Hero,0.999882698059082,1.0
2331,-4.999999999999998,-4.999999999999998,50,None,0.4633421263843775,1.0
2332,-4.999999999999998,-4.999999999999998,50,None,0.9257634258270264,1.0
2333,4.4,-5.6,6,Hero,0.9989259044329325,1.0
2334,-4.999999999999998,-4.999999999999998,50,None,0.7180826015025378,1.0
2335,4.2,-5.8,8,Hero,0.999422661960125,1.0
2336,-4.999999999999998,-4.999999999999998,50,None,0.9378253227099776,1.0
2337,4.4,-5.6,6,Hero,0.9998889863491058,1.0
2338,-4.999999999999998,-4.999999999999998,50,None,0.4357071603834629,1.0
2339,-4.999999999999998,-4.999999999999998,50,None,0.5772759938985109,1.0
2340,-4.999999999999998,-4.999999999999998,50,None,0.9947599041461944,1.0
2341,-4.999999999999998,-4.999999999999998,50,None,0.8824424569308758,1.0
2342,-4.999999999999998,-4.999999999999998,50,None,0.9745915336254984,1.0
2343,-4.999999999999998,-4.999999999999998,50,None,0.8459245567023754,1.0
2344,-4.999999999999998,-4.999999999999998,50,None,0.5978182203695178,1.0
2345,-4.999999999999998,-4.999999999999998,50,None,0.7668833069503307,1.0
2346,-4.999999999999998,-4.999999999999998,50,None,0.9776454064436257,1.0
2347,-7.0,3.0,20,Villain,0.6305010065436363,1.0
2348,4.1000000000000005,-5.8999999999999995,9,Hero,0.9997313949796889,1.0
2349,-4.999999999999998,-4.999999999999998,50,None,0.9237082716589794,1.0
2350,-4.999999999999998,-4.999999999999998,50,None,0.7340664160251618,1.0
2351,-4.999999999999998,-4.999999999999998,50,None,0.5674791073054075,1.0
2352,-4.999999999999998,-4.999999999999998,50,None,0.7008336743712426,1.0
2353,-4.999999999999998,-4.999999999999998,50,None,0.5478801666200162,1.0
2354,-4.999999999999998,-4.999999999999998,50,None,0.8090581143647433,1.0
2355,-4.999999999999998,-4.999999999999998,50,None,0.9774377310276031,1.0
2356,-4.999999999999998,-4.999999999999998,50,None,0.6069116075336933,1.0
2357,-4.999999999999998,-4.999999999999998,50,None,0.572142094373703,1.0
2358,4.6000000000000005,-5.3999999999999995,4,Hero,0.980822890996933,1.0
2359,-4.999999999999998,-4.999999999999998,50,None,0.590533058270812,1.0
2360,-4.999999999999998,-4.999999999999998,50,None,0.5507028844207525,1.0
2361,-4.999999999999998,-4.999999999999998,50,None,0.9732925170660018,1.0
2362,-4.999999999999998,-4.999999999999998,50,None,0.9939804124832153,1.0
2363,-4.999999999999998,-4.999999999999998,50,None,0.6113549677282571,1.0
2364,-4.999999999999998,-4.999999999999998,50,None,0.6087981316447258,1.0
2365,-4.999999999999998,-4.999999999999998,50,None,0.794409435018897,1.0
2366,-5.3,4.7,3,Villain,0.6066715319951376,1.0
2367,-4.999999999999998,-4.999999999999998,50,None,0.9990350770950317,1.0
2368,-4.999999999999998,-4.999999999999998,50,None,0.8903674738109112,1.0
2369,-4.999999999999998,-4.999999999999998,50,None,0.7291605958342552,1.0
2370,-4.999999999999998,-4.999999999999998,50,None,0.8317333937436342,1.0
2371,-4.999999999999998,-4.999999999999998,50,None,0.7602328176051378,1.0
2372,4.9,-5.1,1,Hero,0.9999362230300903,1.0
2373,-4.999999999999998,-4.999999999999998,50,None,0.7378755467757583,1.0
2374,-4.999999999999998,-4.999999999999998,50,None,0.546240635709837,1.0
2375,-4.999999999999998,-4.999999999999998,50,None,0.5762310817092657,1.0
2376,-4.999999999999998,-4.999999999999998,50,None,0.5698935225233436,1.0
2377,-4.999999999999998,-4.999999999999998,50,None,0.9075747353583574,1.0
2378,-4.999999999999998,-4.999999999999998,50,None,0.9924659848213195,1.0
2379,-4.999999999999998,-4.999999999999998,50,None,0.5243596152961254,1.0
2380,-6.8,3.2,18,Villain,0.5388038059075674,1.0
2381,-6.9,3.0999999999999996,19,Villain,0.5813673864069738,1.0
2382,-4.999999999999998,-4.999999999999998,50,None,0.5268650941830129,1.0
2383,-4.999999999999998,-4.999999999999998,50,None,0.9973153460025788,1.0
2384,-6.8,3.2,18,Villain,0.5748971388157871,1.0
2385,-4.999999999999998,-4.999999999999998,50,None,0.6267074310779571,1.0
2386,-4.999999999999998,-4.999999999999998,50,None,0.8054558717086912,1.0
2387,-4.999999999999998,-4.999999999999998,50,None,0.9409919606149196,1.0
2388,-4.999999999999998,-4.999999999999998,50,None,0.9997635781764984,1.0
2389,-4.999999999999998,-4.999999999999998,50,None,0.5720939014852047,1.0
2390,-4.999999999999998,-4.999999999999998,50,None,0.8298643366992473,1.0
2391,-4.999999999999998,-4.999999999999998,50,None,0.527172281742096,1.0
2392,-6.3999999999999995,3.6000000000000005,14,Villain,0.45683935816798893,1.0
2393,-4.999999999999998,-4.999999999999998,50,None,0.960617147795856,1.0
2394,-4.999999999999998,-4.999999999999998,50,None,0.5221637931466102,1.0
2395,-4.999999999999998,-4.999999999999998,50,None,0.5599141475372016,1.0
2396,-4.999999999999998,-4.999999999999998,50,None,0.9783359169960022,1.0
2397,-4.999999999999998,-4.999999999999998,50,None,0.5558728705346584,1.0
2398,-4.999999999999998,-4.999999999999998,50,None,0.6915615420043468,1.0
2399,-4.999999999999998,-4.999999999999998,50,None,0.9608292706683278,1.0
2400,-4.999999999999998,-4.999999999999998,50,None,0.9994397819042206,1.0
2401,-4.999999999999998,-4.999999999999998,50,None,0.7003672384470702,1.0
2402,-4.999999999999998,-4.999999999999998,50,None,0.513912805840373,1.0
2403,-4.999999999999998,-4.999999999999998,50,None,0.580559309348464,1.0
2404,-4.999999999999998,-4.999999999999998,50,None,0.5466537358611823,1.0
2405,-4.999999999999998,-4.999999999999998,50,None,0.8202260714769364,1.0
2406,-4.999999999999998,-4.999999999999998,50,None,0.7865607626363635,1.0
2407,-4.999999999999998,-4.999999999999998,50,None,0.8602206223458052,1.0
2408,-4.999999999999998,-4.999999999999998,50,None,0.8881873329728842,1.0
2409,-4.999999999999998,-4.999999999999998,50,None,0.9522630564868451,1.0
2410,-4.999999999999998,-4.999999999999998,50,None,0.9394791224971414,1.0
2411,-4.999999999999998,-4.999999999999998,50,None,0.888496091812849,1.0
2412,-4.999999999999998,-4.999999999999998,50,None,0.8704674261063338,1.0
2413,-6.199999999999999,3.8000000000000007,12,Villain,0.6819909936748445,1.0
2414,-4.999999999999998,-4.999999999999998,50,None,0.9253964217379689,1.0
2415,-4.999999999999998,-4.999999999999998,50,None,0.5242371621727944,1.0
2416,-4.999999999999998,-4.999999999999998,50,None,0.928375774845481,1.0
2417,-4.999999999999998,-4.999999999999998,50,None,0.5521825384348631,1.0
2418,-4.999999999999998,-4.999999999999998,50,None,0.7792112304456532,1.0
2419,-4.999999999999998,-4.999999999999998,50,None,0.9558574259281158,1.0
2420,4.2,-5.8,8,Hero,0.9999880492687225,1.0
2421,-4.999999999999998,-4.999999999999998,50,None,0.8915426844358444,1.0
2422,4.300000000000001,-5.699999999999999,7,Hero,0.9997239027704511,1.0
2423,-4.999999999999998,-4.999999999999998,50,None,0.5659213748201728,1.0
2424,-4.999999999999998,-4.999999999999998,50,None,0.5762366089224815,1.0
2425,4.7,-5.3,3,Hero,0.9999692440032959,1.0
2426,4.4,-5.6,6,Hero,0.9999828735987345,1.0
2427,4.2,-5.8,8,Hero,0.9999877661466599,1.0
2428,-4.999999999999998,-4.999999999999998,50,None,0.8709687422215938,1.0
2429,-4.999999999999998,-4.999999999999998,50,None,0.8042942489683628,1.0
2430,-4.999999999999998,-4.999999999999998,50,None,0.5701120718568563,1.0
2431,-4.999999999999998,-4.999999999999998,50,None,0.6175406221300364,1.0
2432,-4.999999999999998,-4.999999999999998,50,None,0.8381586952507496,1.0
2433,-4.999999999999998,-4.999999999999998,50,None,0.9697903139702976,1.0
2434,-4.999999999999998,-4.999999999999998,50,None,0.9255826823227108,1.0
2435,-4.999999999999998,-4.999999999999998,50,None,0.5553770603239536,1.0
2436,-4.999999999999998,-4.999999999999998,50,None,0.880128564927727,1.0
2437,-4.999999999999998,-4.999999999999998,50,None,0.8210465523228049,1.0
2438,-4.999999999999998,-4.999999999999998,50,None,0.8111738757789135,1.0
2439,-4.999999999999998,-4.999999999999998,50,None,0.5514419589936733,1.0
2440,-5.8999999999999995,4.1000000000000005,9,Villain,0.9847950405544705,1.0
2441,-4.999999999999998,-4.999999999999998,50,None,0.764055249094963,1.0
2442,-5.6,4.4,6,Villain,0.9792089064915975,1.0
2443,-4.999999999999998,-4.999999999999998,50,None,0.5801848670467734,1.0
2444,-7.5,2.4999999999999996,25,Villain,0.5722714641317725,1.0
2445,-4.999999999999998,-4.999999999999998,50,None,0.9868733835220337,1.0
2446,4.5,-5.5,5,Hero,0.9999521255493165,1.0
2447,-8.100000000000001,1.899999999999999,31,Villain,0.5751476754103938,1.0
2448,-8.100000000000001,1.899999999999999,31,Villain,0.5333332763083519,1.0
2449,-4.999999999999998,-4.999999999999998,50,None,0.9372368692792952,1.0
2450,-4.999999999999998,-4.999999999999998,50,None,0.6500852239131928,1.0
2451,-4.999999999999998,-4.999999999999998,50,None,0.998571093082428,1.0
2452,-5.8,4.2,8,Villain,0.9202768579125404,1.0
2453,-4.999999999999998,-4.999999999999998,50,None,0.8852988851070404,1.0
2454,-4.999999999999998,-4.999999999999998,50,None,0.7834568187594414,1.0
2455,-4.999999999999998,-4.999999999999998,50,None,0.8527075119316578,1.0
2456,-4.999999999999998,-4.999999999999998,50,None,0.5495193365588784,1.0
2457,-4.999999999999998,-4.999999999999998,50,None,0.5735026544332504,1.0
2458,-4.999999999999998,-4.999999999999998,50,None,0.9836698532104492,1.0
2459,-9.100000000000001,0.8999999999999986,41,Villain,0.5826673739385314,1.0
2460,-4.999999999999998,-4.999999999999998,50,None,0.995792989730835,1.0
2461,-4.999999999999998,-4.999999999999998,50,None,0.7409647702425718,1.0
2462,-4.999999999999998,-4.999999999999998,50,None,0.9970048654079438,1.0
2463,-4.999999999999998,-4.999999999999998,50,None,0.5852247407659888,1.0
2464,-4.999999999999998,-4.999999999999998,50,None,0.5503130921768025,1.0
2465,-4.999999999999998,-4.999999999999998,50,None,0.781326824054122,1.0
2466,-4.999999999999998,-4.999999999999998,50,None,0.9043105094134808,1.0
2467,-4.999999999999998,-4.999999999999998,50,None,0.6213599988073111,1.0
2468,-4.999999999999998,-4.999999999999998,50,None,0.5518926302343607,1.0
2469,-4.999999999999998,-4.999999999999998,50,None,0.5862917828559876,1.0
2470,-4.999999999999998,-4.999999999999998,50,None,0.8852230202965439,1.0
2471,-4.999999999999998,-4.999999999999998,50,None,0.8006094740331173,1.0
2472,-4.999999999999998,-4.999999999999998,50,None,0.833509955406189,1.0
2473,-4.999999999999998,-4.999999999999998,50,None,0.870917789041996,1.0
2474,4.9,-5.1,1,Hero,0.9994544386863708,1.0
2475,-4.999999999999998,-4.999999999999998,50,None,0.8820273499190807,1.0
2476,-8.0,1.9999999999999991,30,Villain,0.582003656278054,1.0
2477,-4.999999999999998,-4.999999999999998,50,None,0.8674664828181267,1.0
2478,-4.999999999999998,-4.999999999999998,50,None,0.9868871426582336,1.0
2479,-4.999999999999998,-4.999999999999998,50,None,0.5812092410773039,1.0
2480,-4.999999999999998,-4.999999999999998,50,None,0.6911053816974163,1.0
2481,4.7,-5.3,3,Hero,0.999808112780253,1.0
2482,-4.999999999999998,-4.999999999999998,50,None,0.7960051891207695,1.0
2483,-5.8,4.2,8,Villain,0.8562673889100552,1.0
2484,-4.999999999999998,-4.999999999999998,50,None,0.604726506471634,1.0
2485,-5.8,4.2,8,Villain,0.9870125576853752,1.0
2486,-4.999999999999998,-4.999999999999998,50,None,0.9577147469110787,1.0
2487,-8.600000000000001,1.3999999999999986,36,Villain,0.5725624267425802,1.0
2488,-4.999999999999998,-4.999999999999998,50,None,0.9472369572520256,1.0
2489,-4.999999999999998,-4.999999999999998,50,None,0.910403564274311,1.0
2490,4.300000000000001,-5.699999999999999,7,Hero,0.9999779973711286,1.0
2491,-4.999999999999998,-4.999999999999998,50,None,0.9776734008453787,1.0
2492,-4.999999999999998,-4.999999999999998,50,None,0.998669387102127,1.0
2493,-4.999999999999998,-4.999999999999998,50,None,0.9969630539417267,1.0
2494,-4.999999999999998,-4.999999999999998,50,None,0.8237618410587311,1.0
2495,-4.999999999999998,-4.999999999999998,50,None,0.9726977484207601,1.0
2496,-4.999999999999998,-4.999999999999998,50,None,0.9523255467414856,1.0
2497,-4.999999999999998,-4.999999999999998,50,None,0.5635075896978379,1.0
2498,-4.999999999999998,-4.999999999999998,50,None,0.776626822501421,1.0
2499,-4.999999999999998,-4.999999999999998,50,None,0.9273558797501028,1.0
2500,2.5999999999999996,-7.4,24,Hero,0.9552977643713044,1.0
2501,-8.100000000000001,1.899999999999999,31,Villain,0.5015140567575732,1.0
2502,-4.999999999999998,-4.999999999999998,50,None,0.5732858636975289,1.0
2503,-4.999999999999998,-4.999999999999998,50,None,0.9974204444885254,1.0
2504,-6.0,4.0,10,Villain,0.5523132763803005,1.0
2505,-4.999999999999998,-4.999999999999998,50,None,0.9727242789417505,1.0
2506,-4.999999999999998,-4.999999999999998,50,None,0.8762817378342151,1.0
2507,-4.999999999999998,-4.999999999999998,50,None,0.8957439573109149,1.0
2508,-4.999999999999998,-4.999999999999998,50,None,0.7944843921065331,1.0
2509,-6.5,3.5,15,Villain,0.48813369472821555,1.0
2510,-6.9,3.0999999999999996,19,Villain,0.5648380295422516,1.0
2511,-4.999999999999998,-4.999999999999998,50,None,0.9233790009096264,1.0
2512,-4.999999999999998,-4.999999999999998,50,None,0.8819399416446686,1.0
2513,-6.199999999999999,3.8000000000000007,12,Villain,0.6693195849657059,1.0
2514,-4.999999999999998,-4.999999999999998,50,None,0.585089807510376,1.0
2515,-7.0,3.0,20,Villain,0.5498024430125952,1.0
2516,-4.999999999999998,-4.999999999999998,50,None,0.87628845885396,1.0
2517,-5.699999999999999,4.300000000000001,7,Villain,0.8536154867282936,1.0
2518,-4.999999999999998,-4.999999999999998,50,None,0.8151347954571248,1.0
2519,-4.999999999999998,-4.999999999999998,50,None,0.9562402784824371,1.0
2520,3.9000000000000004,-6.1,11,Hero,0.7139638588679108,1.0
2521,-4.999999999999998,-4.999999999999998,50,None,0.8939370831847191,1.0
2522,3.0999999999999996,-6.9,19,Hero,0.7083328508428837,1.0
2523,4.6000000000000005,-5.3999999999999995,4,Hero,0.7569508049637079,1.0
2524,4.0,-6.0,10,Hero,0.8495681032538414,1.0
2525,3.0,-7.0,20,Hero,0.538229720108211,1.0
2526,2.6999999999999997,-7.300000000000001,23,Hero,0.662257621469705,1.0
2527,3.0,-7.0,20,Hero,0.5440863579511642,1.0
2528,3.4000000000000004,-6.6,16,Hero,0.7599946334958076,1.0
2529,3.6000000000000005,-6.3999999999999995,14,Hero,0.7395375807370458,1.0
2530,-6.7,3.3,17,Villain,0.6574336781221277,1.0
2531,4.9,-5.1,1,Hero,0.9900885224342346,1.0
2532,-7.6000000000000005,2.3999999999999995,26,Villain,0.4122329976123113,1.0
2533,4.2,-5.8,8,Hero,0.7175299478694797,1.0
2534,3.9000000000000004,-6.1,11,Hero,0.6496292975815859,1.0
2535,3.7,-6.3,13,Hero,0.7005256070540502,1.0
2536,3.3,-6.7,17,Hero,0.7292516336721533,1.0
2537,-5.1,4.9,1,Villain,0.9997389912605286,1.0
2538,1.4999999999999987,-8.500000000000002,35,Hero,0.7427393883466721,1.0
2539,-7.5,2.4999999999999996,25,Villain,0.47685411632061003,1.0
2540,3.8000000000000007,-6.199999999999999,12,Hero,0.6864429491882523,1.0
2541,2.9,-7.1,21,Hero,0.7375069033531916,1.0
2542,4.0,-6.0,10,Hero,0.6710176832973958,1.0
2543,-6.8,3.2,18,Villain,0.48023204702056116,1.0
2544,4.9,-5.1,1,Hero,0.9869958758354187,1.0
2545,3.9000000000000004,-6.1,11,Hero,0.9045864411375739,1.0
2546,4.300000000000001,-5.699999999999999,7,Hero,0.8745908311435154,1.0
2547,3.5,-6.5,15,Hero,0.5456437376638253,1.0
2548,4.300000000000001,-5.699999999999999,7,Hero,0.7728962983403888,1.0
2549,3.5,-6.5,15,Hero,0.6104075451691945,1.0
2550,2.8,-7.2,22,Hero,0.49753919311545114,1.0
2551,4.4,-5.6,6,Hero,0.679534782965978,1.0
2552,4.1000000000000005,-5.8999999999999995,9,Hero,0.712404234541787,1.0
2553,3.4000000000000004,-6.6,16,Hero,0.6441922863014042,1.0
2554,3.7,-6.3,13,Hero,0.677978868667896,1.0
2555,3.4000000000000004,-6.6,16,Hero,0.595617389306426,1.0
2556,4.4,-5.6,6,Hero,0.8162446518739065,1.0
2557,4.2,-5.8,8,Hero,0.6537954772356898,1.0
2558,4.0,-6.0,10,Hero,0.7699077308177948,1.0
2559,4.1000000000000005,-5.8999999999999995,9,Hero,0.7576570709546407,1.0
2560,3.9000000000000004,-6.1,11,Hero,0.7104871828447689,1.0
2561,4.7,-5.3,3,Hero,0.9245689511299133,1.0
2562,4.2,-5.8,8,Hero,0.7925617210566998,1.0
2563,4.2,-5.8,8,Hero,0.6902924496680498,1.0
2564,3.9000000000000004,-6.1,11,Hero,0.8299331610853021,1.0
2565,-5.1,4.9,1,Villain,0.998124897480011,1.0
2566,4.5,-5.5,5,Hero,0.9840170383453369,1.0
2567,4.300000000000001,-5.699999999999999,7,Hero,0.8848604687622615,1.0
2568,-5.8,4.2,8,Villain,0.5734690297394991,1.0
2569,4.6000000000000005,-5.3999999999999995,4,Hero,0.5742352083325386,1.0
2570,4.2,-5.8,8,Hero,0.9660799130797386,1.0
2571,4.2,-5.8,8,Hero,0.8164912685751915,1.0
2572,4.9,-5.1,1,Hero,0.9392231702804565,1.0
2573,3.0999999999999996,-6.9,19,Hero,0.6850785315036774,1.0
2574,3.4000000000000004,-6.6,16,Hero,0.6618284187279642,1.0
2575,4.1000000000000005,-5.8999999999999995,9,Hero,0.9114609559377035,1.0
2576,3.7,-6.3,13,Hero,0.7460747131934533,1.0
2577,3.5,-6.5,15,Hero,0.663806168238322,1.0
2578,3.9000000000000004,-6.1,11,Hero,0.7981946888295087,1.0
2579,3.6000000000000005,-6.3999999999999995,14,Hero,0.7785251044801303,1.0
2580,4.4,-5.6,6,Hero,0.9805723627408346,1.0
2581,3.8000000000000007,-6.199999999999999,12,Hero,0.6575706526637077,1.0
2582,4.1000000000000005,-5.8999999999999995,9,Hero,0.7819821404086219,1.0
2583,4.4,-5.6,6,Hero,0.850071003039678,1.0
2584,3.3,-6.7,17,Hero,0.6255155503749847,1.0
2585,4.2,-5.8,8,Hero,0.9669609740376472,1.0
2586,3.8000000000000007,-6.199999999999999,12,Hero,0.6664279525478681,1.0
2587,-5.1,4.9,1,Villain,0.8406573534011841,1.0
2588,3.8000000000000007,-6.199999999999999,12,Hero,0.6672069455186526,1.0
2589,4.5,-5.5,5,Hero,0.9823629498481751,1.0
2590,3.9000000000000004,-6.1,11,Hero,0.5783653882416812,1.0
2591,3.8000000000000007,-6.199999999999999,12,Hero,0.5960828873018423,1.0
2592,4.7,-5.3,3,Hero,0.7404340108235677,1.0
2593,4.1000000000000005,-5.8999999999999995,9,Hero,0.7542173034614987,1.0
2594,3.6000000000000005,-6.3999999999999995,14,Hero,0.6576818951538631,1.0
2595,4.0,-6.0,10,Hero,0.9049343436956405,1.0
2596,3.3,-6.7,17,Hero,0.6805102711214739,1.0
2597,4.4,-5.6,6,Hero,0.8120939532915751,1.0
2598,4.800000000000001,-5.199999999999999,2,Hero,0.9961557388305664,1.0
2599,3.7,-6.3,13,Hero,0.7258149184859716,1.0
2600,2.4999999999999996,-7.5,25,Hero,0.8964015464484691,1.0
2601,4.4,-5.6,6,Hero,0.6015523672103882,1.0
2602,2.5999999999999996,-7.4,24,Hero,0.8565998962149024,1.0
2603,4.0,-6.0,10,Hero,0.6402886934578419,1.0
2604,3.6000000000000005,-6.3999999999999995,14,Hero,0.7732259588582175,1.0
2605,3.0999999999999996,-6.9,19,Hero,0.7098754016976607,1.0
2606,3.8000000000000007,-6.199999999999999,12,Hero,0.6267828643321991,1.0
2607,4.9,-5.1,1,Hero,0.9831492304801941,1.0
2608,3.2,-6.8,18,Hero,0.6313469856977463,1.0
2609,3.5,-6.5,15,Hero,0.7499162713686626,1.0
2610,4.4,-5.6,6,Hero,0.9946225782235464,1.0
2611,3.8000000000000007,-6.199999999999999,12,Hero,0.894676593442758,1.0
2612,-5.699999999999999,4.300000000000001,7,Villain,0.717207710657801,1.0
2613,4.2,-5.8,8,Hero,0.5935653941705823,1.0
2614,3.5,-6.5,15,Hero,0.7498520612716675,1.0
2615,3.9000000000000004,-6.1,11,Hero,0.7010064910758625,1.0
2616,3.0,-7.0,20,Hero,0.8732692878693342,1.0
2617,2.8,-7.2,22,Hero,0.8086976080455563,1.0
2618,4.2,-5.8,8,Hero,0.9760684370994568,1.0
2619,4.1000000000000005,-5.8999999999999995,9,Hero,0.7233990513616138,1.0
2620,4.300000000000001,-5.699999999999999,7,Hero,0.9973097954477582,1.0
2621,4.1000000000000005,-5.8999999999999995,9,Hero,0.9638389415211148,1.0
2622,3.8000000000000007,-6.199999999999999,12,Hero,0.8023859839886427,1.0
2623,2.1999999999999993,-7.800000000000001,28,Hero,0.7668021143014941,1.0
2624,3.7,-6.3,13,Hero,0.8278673978952261,1.0
2625,3.3,-6.7,17,Hero,0.6339946161298191,1.0
2626,3.5,-6.5,15,Hero,0.6373705128828685,1.0
2627,3.9000000000000004,-6.1,11,Hero,0.755415287884799,1.0
2628,3.0,-7.0,20,Hero,0.752713805437088,1.0
2629,3.8000000000000007,-6.199999999999999,12,Hero,0.7025082626690468,1.0
2630,-5.3999999999999995,4.6000000000000005,4,Villain,0.6078376397490501,1.0
2631,4.5,-5.5,5,Hero,0.7856450378894806,1.0
2632,4.4,-5.6,6,Hero,0.8759361306826273,1.0
2633,3.8000000000000007,-6.199999999999999,12,Hero,0.8401747594277064,1.0
2634,4.0,-6.0,10,Hero,0.7692568004131317,1.0
2635,4.5,-5.5,5,Hero,0.584551551938057,1.0
2636,3.9000000000000004,-6.1,11,Hero,0.8253490599718961,1.0
2637,3.5,-6.5,15,Hero,0.6993073383967082,1.0
2638,4.1000000000000005,-5.8999999999999995,9,Hero,0.6909114519755045,1.0
2639,4.0,-6.0,10,Hero,0.7064329624176026,1.0
2640,4.5,-5.5,5,Hero,0.7681301206350326,1.0
2641,4.5,-5.5,5,Hero,0.7420951187610626,1.0
2642,4.9,-5.1,1,Hero,0.9589265584945679,1.0
2643,4.7,-5.3,3,Hero,0.8050526181856791,1.0
2644,4.0,-6.0,10,Hero,0.5507489174604416,1.0
2645,4.9,-5.1,1,Hero,0.9790453910827637,1.0
2646,3.4000000000000004,-6.6,16,Hero,0.6526696244254708,1.0
2647,3.3,-6.7,17,Hero,0.6846348279539276,1.0
2648,4.1000000000000005,-5.8999999999999995,9,Hero,0.7813946869638231,1.0
2649,3.5,-6.5,15,Hero,0.6929484528799852,1.0
2650,3.9000000000000004,-6.1,11,Hero,0.8584259965203025,1.0
2651,4.2,-5.8,8,Hero,0.8576535657048225,1.0
2652,4.4,-5.6,6,Hero,0.9954584439595541,1.0
2653,3.4000000000000004,-6.6,16,Hero,0.6695448756217957,1.0
2654,-5.699999999999999,4.300000000000001,7,Villain,0.8205891421863011,1.0
2655,4.5,-5.5,5,Hero,0.7284504413604737,1.0
2656,3.9000000000000004,-6.1,11,Hero,0.5587879161943089,1.0
2657,3.8000000000000007,-6.199999999999999,12,Hero,0.740510364373525,1.0
2658,-6.3,3.7,13,Villain,0.725229737850336,1.0
2659,4.0,-6.0,10,Hero,0.597786046564579,1.0
2660,-6.0,4.0,10,Villain,0.6119872316718101,1.0
2661,4.1000000000000005,-5.8999999999999995,9,Hero,0.8118811042772399,1.0
2662,3.7,-6.3,13,Hero,0.6347745748666617,1.0
2663,4.1000000000000005,-5.8999999999999995,9,Hero,0.7883411198854446,1.0
2664,3.8000000000000007,-6.199999999999999,12,Hero,0.7720512598752975,1.0
2665,-5.8,4.2,8,Villain,0.9295374974608421,1.0
2666,4.7,-5.3,3,Hero,0.848162055015564,1.0
2667,4.5,-5.5,5,Hero,0.6725946426391601,1.0
2668,4.300000000000001,-5.699999999999999,7,Hero,0.6704478519303458,1.0
2669,4.2,-5.8,8,Hero,0.7004922591149807,1.0
2670,-5.5,4.5,5,Villain,0.6202868834137917,1.0
2671,4.4,-5.6,6,Hero,0.9734422465165457,1.0
2672,4.300000000000001,-5.699999999999999,7,Hero,0.8984633939606803,1.0
2673,4.300000000000001,-5.699999999999999,7,Hero,0.8233567774295807,1.0
2674,4.2,-5.8,8,Hero,0.8729043761268258,1.0
2675,3.7,-6.3,13,Hero,0.7346825645520136,1.0
2676,3.3,-6.7,17,Hero,0.6637186776189243,1.0
2677,4.7,-5.3,3,Hero,0.9800119996070862,1.0
2678,-5.8999999999999995,4.1000000000000005,9,Villain,0.8452416592174106,1.0
2679,3.6000000000000005,-6.3999999999999995,14,Hero,0.7073573044368199,1.0
2680,-5.199999999999999,4.800000000000001,2,Villain,0.9780607521533966,1.0
2681,4.4,-5.6,6,Hero,0.6299960613250732,1.0
2682,4.7,-5.3,3,Hero,0.47191203633944195,1.0
2683,4.5,-5.5,5,Hero,0.5703685045242309,1.0
2684,4.2,-5.8,8,Hero,0.6120681762695312,1.0
2685,4.300000000000001,-5.699999999999999,7,Hero,0.6064205574137824,1.0
2686,3.0999999999999996,-6.9,19,Hero,0.6614592498854587,1.0
2687,3.7,-6.3,13,Hero,0.7652946962760045,1.0
2688,2.5999999999999996,-7.4,24,Hero,0.4900129232555628,1.0
2689,4.0,-6.0,10,Hero,0.8066493779420852,1.0
2690,4.0,-6.0,10,Hero,0.8696274131536483,1.0
2691,4.800000000000001,-5.199999999999999,2,Hero,0.6321545839309692,1.0
2692,-6.3999999999999995,3.6000000000000005,14,Villain,0.6336252157177243,1.0
2693,3.7,-6.3,13,Hero,0.8104654275454007,1.0
2694,4.2,-5.8,8,Hero,0.5814293436706066,1.0
2695,3.9000000000000004,-6.1,11,Hero,0.8228699348189614,1.0
2696,4.4,-5.6,6,Hero,0.7248692711194357,1.0
2697,4.2,-5.8,8,Hero,0.797803333029151,1.0
2698,3.6000000000000005,-6.3999999999999995,14,Hero,0.5638611308698144,1.0
2699,4.1000000000000005,-5.8999999999999995,9,Hero,0.628179238902198,1.0
2700,3.8000000000000007,-6.199999999999999,12,Hero,0.777196615934372,1.0
2701,4.300000000000001,-5.699999999999999,7,Hero,0.7456343131405967,1.0
2702,4.300000000000001,-5.699999999999999,7,Hero,0.9634188073022025,1.0
2703,4.6000000000000005,-5.3999999999999995,4,Hero,0.6734635308384895,1.0
2704,4.1000000000000005,-5.8999999999999995,9,Hero,0.859093619717492,1.0
2705,3.5,-6.5,15,Hero,0.7517308940490087,1.0
2706,3.6000000000000005,-6.3999999999999995,14,Hero,0.5818307633910861,1.0
2707,4.0,-6.0,10,Hero,0.8246114134788514,1.0
2708,4.800000000000001,-5.199999999999999,2,Hero,0.8517269790172577,1.0
2709,3.8000000000000007,-6.199999999999999,12,Hero,0.8053165562450886,1.0
2710,3.6000000000000005,-6.3999999999999995,14,Hero,0.6415759101510048,1.0
2711,3.3,-6.7,17,Hero,0.6608497612178326,1.0
2712,3.4000000000000004,-6.6,16,Hero,0.5984093900769949,1.0
2713,3.8000000000000007,-6.199999999999999,12,Hero,0.5982597433030605,1.0
2714,2.9,-7.1,21,Hero,0.6238484247809365,1.0
2715,4.300000000000001,-5.699999999999999,7,Hero,0.9858212130410331,1.0
2716,-5.1,4.9,1,Villain,0.9989515542984009,1.0
2717,3.2,-6.8,18,Hero,0.6401673716803392,1.0
2718,4.5,-5.5,5,Hero,0.7145256757736206,1.0
2719,4.1000000000000005,-5.8999999999999995,9,Hero,0.9409716857804192,1.0
2720,4.9,-5.1,1,Hero,0.828875720500946,1.0
2721,4.1000000000000005,-5.8999999999999995,9,Hero,0.9952653182877435,1.0
2722,4.2,-5.8,8,Hero,0.7435608617961407,1.0
2723,3.7,-6.3,13,Hero,0.7478700039478449,1.0
2724,3.6000000000000005,-6.3999999999999995,14,Hero,0.6349913818495614,1.0
2725,4.300000000000001,-5.699999999999999,7,Hero,0.680781460234097,1.0
2726,4.4,-5.6,6,Hero,0.9462831517060598,1.0
2727,3.7,-6.3,13,Hero,0.6847999531489152,1.0
2728,3.6000000000000005,-6.3999999999999995,14,Hero,0.7009872474840709,1.0
2729,3.5,-6.5,15,Hero,0.6932838400204976,1.0
2730,3.0999999999999996,-6.9,19,Hero,0.567694306765732,1.0
2731,3.5,-6.5,15,Hero,0.6693856726090114,1.0
2732,4.2,-5.8,8,Hero,0.9353752210736275,1.0
2733,4.5,-5.5,5,Hero,0.8102975249290466,1.0
2734,4.6000000000000005,-5.3999999999999995,4,Hero,0.6710422541946173,1.0
2735,4.800000000000001,-5.199999999999999,2,Hero,0.6495882272720337,1.0
2736,3.2,-6.8,18,Hero,0.8805355512433581,1.0
2737,4.2,-5.8,8,Hero,0.8522691051475704,1.0
2738,3.2,-6.8,18,Hero,0.5676719124118487,1.0
2739,4.4,-5.6,6,Hero,0.9968230028947195,1.0
2740,2.8,-7.2,22,Hero,0.6491399021311239,1.0
2741,4.7,-5.3,3,Hero,0.7039268712202708,1.0
2742,-5.199999999999999,4.800000000000001,2,Villain,0.5402162671089172,1.0
2743,2.5999999999999996,-7.4,24,Hero,0.6395536384855708,1.0
2744,4.1000000000000005,-5.8999999999999995,9,Hero,0.999722076786889,1.0
2745,2.9,-7.1,21,Hero,0.769353093224622,1.0
2746,3.5,-6.5,15,Hero,0.9072551047429442,1.0
2747,1.0999999999999983,-8.900000000000002,39,Hero,0.8087072893021963,1.0
2748,2.099999999999999,-7.9,29,Hero,0.908173864611007,1.0
2749,-4.999999999999998,-4.999999999999998,50,None,0.881306875795126,1.0
2750,-4.999999999999998,-4.999999999999998,50,None,0.8555981434881688,1.0
2751,-4.999999999999998,-4.999999999999998,50,None,0.9907990920543671,1.0
2752,1.799999999999999,-8.200000000000001,32,Hero,0.7380841843551025,1.0
2753,4.6000000000000005,-5.3999999999999995,4,Hero,0.5843917746096849,1.0
2754,1.3999999999999986,-8.600000000000001,36,Hero,0.7733304715301428,1.0
2755,1.4999999999999987,-8.500000000000002,35,Hero,0.9157023058405944,1.0
2756,3.5,-6.5,15,Hero,0.6357784035305182,1.0
2757,2.4999999999999996,-7.5,25,Hero,0.8869242626428604,1.0
2758,-5.3,4.7,3,Villain,0.9389572342236837,1.0
2759,2.9,-7.1,21,Hero,0.7514111353527932,1.0
2760,3.5,-6.5,15,Hero,0.7026029706001282,1.0
2761,3.0999999999999996,-6.9,19,Hero,0.7054283454229957,1.0
2762,3.6000000000000005,-6.3999999999999995,14,Hero,0.620263476989099,1.0
2763,-5.8999999999999995,4.1000000000000005,9,Villain,0.6668994445353746,1.0
2764,3.5,-6.5,15,Hero,0.6638837297757466,1.0
2765,3.7,-6.3,13,Hero,0.8128437927136054,1.0
2766,4.4,-5.6,6,Hero,0.8693960309028625,1.0
2767,4.6000000000000005,-5.3999999999999995,4,Hero,0.47536076232790947,1.0
2768,4.300000000000001,-5.699999999999999,7,Hero,0.8985925231661115,1.0
2769,4.1000000000000005,-5.8999999999999995,9,Hero,0.6799472901556227,1.0
2770,3.9000000000000004,-6.1,11,Hero,0.7860934327949177,1.0
2771,2.6999999999999997,-7.300000000000001,23,Hero,0.6459586587936982,1.0
2772,4.4,-5.6,6,Hero,0.782034715016683,1.0
2773,3.9000000000000004,-6.1,11,Hero,0.8832761618224058,1.0
2774,4.5,-5.5,5,Hero,0.6996477246284485,1.0
2775,4.4,-5.6,6,Hero,0.854694147904714,1.0
2776,-5.1,4.9,1,Villain,0.9966985583305359,1.0
2777,3.7,-6.3,13,Hero,0.7026571827725723,1.0
2778,4.6000000000000005,-5.3999999999999995,4,Hero,0.7167464289814234,1.0
2779,3.6000000000000005,-6.3999999999999995,14,Hero,0.680216198521001,1.0
2780,3.3,-6.7,17,Hero,0.7004856589962455,1.0
2781,3.6000000000000005,-6.3999999999999995,14,Hero,0.7573793285659381,1.0
2782,2.9,-7.1,21,Hero,0.616411723551296,1.0
2783,4.2,-5.8,8,Hero,0.9975098446011543,1.0
2784,3.7,-6.3,13,Hero,0.7020947908839354,1.0
2785,3.6000000000000005,-6.3999999999999995,14,Hero,0.756374084523746,1.0
2786,4.6000000000000005,-5.3999999999999995,4,Hero,0.9941284507513046,1.0
2787,3.9000000000000004,-6.1,11,Hero,0.6963667314160954,1.0
2788,-5.3,4.7,3,Villain,0.5249031782150269,1.0
2789,3.9000000000000004,-6.1,11,Hero,0.7503165602684021,1.0
2790,4.4,-5.6,6,Hero,0.6345397680997849,1.0
2791,3.0999999999999996,-6.9,19,Hero,0.6562699703009505,1.0
2792,4.1000000000000005,-5.8999999999999995,9,Hero,0.7229529159764448,1.0
2793,4.9,-5.1,1,Hero,0.8562929630279541,1.0
2794,4.0,-6.0,10,Hero,0.7872015699744225,1.0
2795,4.9,-5.1,1,Hero,0.9485557675361633,1.0
2796,3.4000000000000004,-6.6,16,Hero,0.7116496171802282,1.0
2797,4.6000000000000005,-5.3999999999999995,4,Hero,0.6992497369647026,1.0
2798,3.9000000000000004,-6.1,11,Hero,0.7851761809804223,1.0
2799,4.2,-5.8,8,Hero,0.627612030133605,1.0
2800,4.0,-6.0,10,Hero,0.7939458534121513,1.0
2801,3.9000000000000004,-6.1,11,Hero,0.6829395510933616,1.0
2802,4.0,-6.0,10,Hero,0.723495876789093,1.0
2803,3.0999999999999996,-6.9,19,Hero,0.7017372003511378,1.0
2804,3.8000000000000007,-6.199999999999999,12,Hero,0.799814447760582,1.0
2805,3.8000000000000007,-6.199999999999999,12,Hero,0.5356381212671598,1.0
2806,3.4000000000000004,-6.6,16,Hero,0.733414547983557,1.0
2807,2.9,-7.1,21,Hero,0.6197205150411242,1.0
2808,3.8000000000000007,-6.199999999999999,12,Hero,0.6572283618152142,1.0
2809,4.2,-5.8,8,Hero,0.7028543800115585,1.0
2810,4.0,-6.0,10,Hero,0.9004786163568497,1.0
2811,3.9000000000000004,-6.1,11,Hero,0.7907423756339333,1.0
2812,3.5,-6.5,15,Hero,0.6749781906604767,1.0
2813,3.4000000000000004,-6.6,16,Hero,0.6484357081353664,1.0
2814,4.300000000000001,-5.699999999999999,7,Hero,0.7888294628688267,1.0
2815,4.300000000000001,-5.699999999999999,7,Hero,0.7118687799998692,1.0
2816,4.1000000000000005,-5.8999999999999995,9,Hero,0.8255379531118605,1.0
2817,4.6000000000000005,-5.3999999999999995,4,Hero,0.7863233163952827,1.0
2818,4.300000000000001,-5.699999999999999,7,Hero,0.647751876286098,1.0
2819,4.800000000000001,-5.199999999999999,2,Hero,0.9986249208450317,1.0
2820,3.0999999999999996,-6.9,19,Hero,0.6322764492544689,1.0
2821,3.9000000000000004,-6.1,11,Hero,0.7087720022960142,1.0
2822,3.4000000000000004,-6.6,16,Hero,0.7011973415501416,1.0
2823,4.2,-5.8,8,Hero,0.8109901584684849,1.0
2824,3.5,-6.5,15,Hero,0.6920379519462585,1.0
2825,3.8000000000000007,-6.199999999999999,12,Hero,0.8510097066561381,1.0
2826,4.1000000000000005,-5.8999999999999995,9,Hero,0.7240289797385534,1.0
2827,4.300000000000001,-5.699999999999999,7,Hero,0.7779306130749839,1.0
2828,2.8,-7.2,22,Hero,0.7120317593216896,1.0
2829,3.0,-7.0,20,Hero,0.6450315654277802,1.0
2830,4.0,-6.0,10,Hero,0.6862044423818588,1.0
2831,3.0999999999999996,-6.9,19,Hero,0.6419087177828738,1.0
2832,4.2,-5.8,8,Hero,0.8271392658352852,1.0
2833,4.0,-6.0,10,Hero,0.6655176600441337,1.0
2834,4.6000000000000005,-5.3999999999999995,4,Hero,0.6961442232131958,1.0
2835,4.300000000000001,-5.699999999999999,7,Hero,0.808695205620357,1.0
2836,3.9000000000000004,-6.1,11,Hero,0.7279357585040006,1.0
2837,4.4,-5.6,6,Hero,0.6739358007907867,1.0
2838,4.300000000000001,-5.699999999999999,7,Hero,0.9959174564906529,1.0
2839,4.4,-5.6,6,Hero,0.6428960263729095,1.0
2840,3.5,-6.5,15,Hero,0.7213833848635356,1.0
2841,4.1000000000000005,-5.8999999999999995,9,Hero,0.6249442829026116,1.0
2842,3.4000000000000004,-6.6,16,Hero,0.6442158659920096,1.0
2843,4.1000000000000005,-5.8999999999999995,9,Hero,0.860802412033081,1.0
2844,3.9000000000000004,-6.1,11,Hero,0.7867134335366163,1.0
2845,4.7,-5.3,3,Hero,0.9797814687093099,1.0
2846,4.2,-5.8,8,Hero,0.7858586274087429,1.0
2847,4.0,-6.0,10,Hero,0.8261665513738989,1.0
2848,3.9000000000000004,-6.1,11,Hero,0.7128069007938559,1.0
2849,3.5,-6.5,15,Hero,0.6311309384802978,1.0
2850,4.5,-5.5,5,Hero,0.9909188032150269,1.0
2851,3.9000000000000004,-6.1,11,Hero,0.6585590541362762,1.0
2852,-5.199999999999999,4.800000000000001,2,Villain,0.6007123589515686,1.0
2853,3.4000000000000004,-6.6,16,Hero,0.6255801529623568,1.0
2854,4.2,-5.8,8,Hero,0.8709101714193821,1.0
2855,4.300000000000001,-5.699999999999999,7,Hero,0.7783048578671047,1.0
2856,2.8,-7.2,22,Hero,0.7210219228132204,1.0
2857,4.2,-5.8,8,Hero,0.8019991293549538,1.0
2858,2.9,-7.1,21,Hero,0.5846270400853384,1.0
2859,-6.1,3.9000000000000004,11,Villain,0.5784174447709863,1.0
2860,4.1000000000000005,-5.8999999999999995,9,Hero,0.7503353216581874,1.0
2861,2.5999999999999996,-7.4,24,Hero,0.8111362451066574,1.0
2862,3.3,-6.7,17,Hero,0.6229869350790977,1.0
2863,4.0,-6.0,10,Hero,0.6621957257390022,1.0
2864,3.7,-6.3,13,Hero,0.675857370862594,1.0
2865,2.6999999999999997,-7.300000000000001,23,Hero,0.6536407593799674,1.0
2866,4.2,-5.8,8,Hero,0.868441903963685,1.0
2867,3.0,-7.0,20,Hero,0.7013829626142979,1.0
2868,3.2,-6.8,18,Hero,0.7551518140567673,1.0
2869,-5.199999999999999,4.800000000000001,2,Villain,0.9998771548271179,1.0
2870,3.8000000000000007,-6.199999999999999,12,Hero,0.569544947395722,1.0
2871,-5.3999999999999995,4.6000000000000005,4,Villain,0.9915445148944855,1.0
2872,3.8000000000000007,-6.199999999999999,12,Hero,0.784531998137633,1.0
2873,4.0,-6.0,10,Hero,0.7627922832965851,1.0
2874,3.0999999999999996,-6.9,19,Hero,0.6558263341062948,1.0
2875,4.800000000000001,-5.199999999999999,2,Hero,0.9190177917480469,1.0
2876,4.0,-6.0,10,Hero,0.7230113139376044,1.0
2877,3.2,-6.8,18,Hero,0.7220836589759629,1.0
2878,4.2,-5.8,8,Hero,0.8438158370554447,1.0
2879,3.8000000000000007,-6.199999999999999,12,Hero,0.8601440191268921,1.0
2880,4.2,-5.8,8,Hero,0.7076310366392136,1.0
2881,3.6000000000000005,-6.3999999999999995,14,Hero,0.6046713090368679,1.0
2882,4.800000000000001,-5.199999999999999,2,Hero,0.9828061759471893,1.0
2883,3.0999999999999996,-6.9,19,Hero,0.7048790074492756,1.0
2884,3.0999999999999996,-6.9,19,Hero,0.6918759295030644,1.0
2885,3.7,-6.3,13,Hero,0.7515031718290769,1.0
2886,3.6000000000000005,-6.3999999999999995,14,Hero,0.6779850934232984,1.0
2887,4.1000000000000005,-5.8999999999999995,9,Hero,0.9479159315427145,1.0
2888,4.4,-5.6,6,Hero,0.6696406205495199,1.0
2889,4.0,-6.0,10,Hero,0.8543829023838043,1.0
2890,4.6000000000000005,-5.3999999999999995,4,Hero,0.7320014834403992,1.0
2891,3.6000000000000005,-6.3999999999999995,14,Hero,0.6901072157280785,1.0
2892,3.4000000000000004,-6.6,16,Hero,0.6495048836804926,1.0
2893,4.4,-5.6,6,Hero,0.7022472048799197,1.0
2894,4.6000000000000005,-5.3999999999999995,4,Hero,0.5597182810306549,1.0
2895,3.0999999999999996,-6.9,19,Hero,0.5823394526776514,1.0
2896,3.9000000000000004,-6.1,11,Hero,0.7749368859962984,1.0
2897,3.4000000000000004,-6.6,16,Hero,0.7046112795360386,1.0
2898,4.2,-5.8,8,Hero,0.6977813001722097,1.0
2899,3.4000000000000004,-6.6,16,Hero,0.6519410572946072,1.0
2900,3.9000000000000004,-6.1,11,Hero,0.8694444027813998,1.0
2901,4.2,-5.8,8,Hero,0.6718028821051121,1.0
2902,3.4000000000000004,-6.6,16,Hero,0.6533463234081864,1.0
2903,3.6000000000000005,-6.3999999999999995,14,Hero,0.6859080227358001,1.0
2904,3.4000000000000004,-6.6,16,Hero,0.5675331326201558,1.0
2905,4.0,-6.0,10,Hero,0.6550017833709717,1.0
2906,3.4000000000000004,-6.6,16,Hero,0.5990194868063554,1.0
2907,4.9,-5.1,1,Hero,0.9908353090286255,1.0
2908,4.300000000000001,-5.699999999999999,7,Hero,0.7552457409245628,1.0
2909,4.1000000000000005,-5.8999999999999995,9,Hero,0.762010191877683,1.0
2910,4.9,-5.1,1,Hero,0.998397171497345,1.0
2911,4.2,-5.8,8,Hero,0.880185030400753,1.0
2912,3.5,-6.5,15,Hero,0.6222599754730861,1.0
2913,4.7,-5.3,3,Hero,0.9667732318242391,1.0
2914,4.1000000000000005,-5.8999999999999995,9,Hero,0.9884929789437188,1.0
2915,3.9000000000000004,-6.1,11,Hero,0.8516966524449262,1.0
2916,3.7,-6.3,13,Hero,0.800067635682913,1.0
2917,4.0,-6.0,10,Hero,0.6721862465143204,1.0
2918,4.2,-5.8,8,Hero,0.7503079883754253,1.0
2919,-5.8,4.2,8,Villain,0.7680565342307091,1.0
2920,4.5,-5.5,5,Hero,0.6225033640861511,1.0
2921,3.7,-6.3,13,Hero,0.6435996202322153,1.0
2922,4.800000000000001,-5.199999999999999,2,Hero,0.7269094586372375,1.0
2923,4.4,-5.6,6,Hero,0.7259679784377416,1.0
2924,3.9000000000000004,-6.1,11,Hero,0.7097841230305758,1.0
2925,3.6000000000000005,-6.3999999999999995,14,Hero,0.7268775158694812,1.0
2926,3.6000000000000005,-6.3999999999999995,14,Hero,0.7335393545883042,1.0
2927,3.4000000000000004,-6.6,16,Hero,0.7715258058160543,1.0
2928,3.9000000000000004,-6.1,11,Hero,0.644772860136899,1.0
2929,3.6000000000000005,-6.3999999999999995,14,Hero,0.7020556830934116,1.0
2930,2.8,-7.2,22,Hero,0.6981554938988253,1.0
2931,4.7,-5.3,3,Hero,0.6626098453998566,1.0
2932,3.9000000000000004,-6.1,11,Hero,0.6538226238705895,1.0
2933,3.6000000000000005,-6.3999999999999995,14,Hero,0.784818308694022,1.0
2934,3.6000000000000005,-6.3999999999999995,14,Hero,0.754058038815856,1.0
2935,3.9000000000000004,-6.1,11,Hero,0.7086341245607897,1.0
2936,-5.8,4.2,8,Villain,0.6366358734667301,1.0
2937,4.2,-5.8,8,Hero,0.7329526972025633,1.0
2938,2.5999999999999996,-7.4,24,Hero,0.7260108174135288,1.0
2939,2.9,-7.1,21,Hero,0.6917183337112268,1.0
2940,4.9,-5.1,1,Hero,0.9913627505302429,1.0
2941,3.8000000000000007,-6.199999999999999,12,Hero,0.6609790300329527,1.0
2942,4.4,-5.6,6,Hero,0.8033577625950178,1.0
2943,3.9000000000000004,-6.1,11,Hero,0.6479940143498507,1.0
2944,4.0,-6.0,10,Hero,0.6619804322719574,1.0
2945,4.6000000000000005,-5.3999999999999995,4,Hero,0.616011455655098,1.0
2946,2.5999999999999996,-7.4,24,Hero,0.6492970207085212,1.0
2947,3.7,-6.3,13,Hero,0.6046359779743048,1.0
2948,3.2,-6.8,18,Hero,0.7544432133436203,1.0
2949,3.8000000000000007,-6.199999999999999,12,Hero,0.6867423554261526,1.0
2950,3.4000000000000004,-6.6,16,Hero,0.6849349481926765,1.0
2951,4.2,-5.8,8,Hero,0.6085073426365852,1.0
2952,4.6000000000000005,-5.3999999999999995,4,Hero,0.7118812650442123,1.0
2953,4.4,-5.6,6,Hero,0.9221386015415192,1.0
2954,3.7,-6.3,13,Hero,0.7106548708218795,1.0
2955,4.2,-5.8,8,Hero,0.8119978969916701,1.0
2956,-5.8,4.2,8,Villain,0.3604421727359295,1.0
2957,4.5,-5.5,5,Hero,0.7502551347017288,1.0
2958,3.3,-6.7,17,Hero,0.7126054138164309,1.0
2959,4.5,-5.5,5,Hero,0.764659184217453,1.0
2960,2.6999999999999997,-7.300000000000001,23,Hero,0.6504019022635792,1.0
2961,3.7,-6.3,13,Hero,0.7413592544885782,1.0
2962,4.1000000000000005,-5.8999999999999995,9,Hero,0.6834164162476858,1.0
2963,3.4000000000000004,-6.6,16,Hero,0.7337409611791372,1.0
2964,4.0,-6.0,10,Hero,0.6582299172878265,1.0
2965,3.8000000000000007,-6.199999999999999,12,Hero,0.7980841671427091,1.0
2966,3.6000000000000005,-6.3999999999999995,14,Hero,0.5757987786616597,1.0
2967,4.5,-5.5,5,Hero,0.45047044157981875,1.0
2968,3.8000000000000007,-6.199999999999999,12,Hero,0.6401645988225937,1.0
2969,4.5,-5.5,5,Hero,0.800049364566803,1.0
2970,3.7,-6.3,13,Hero,0.7061008547361081,1.0
2971,4.6000000000000005,-5.3999999999999995,4,Hero,0.9484472870826721,1.0
2972,3.8000000000000007,-6.199999999999999,12,Hero,0.7590265658994516,1.0
2973,4.1000000000000005,-5.8999999999999995,9,Hero,0.579872188054853,1.0
2974,3.2,-6.8,18,Hero,0.7043771296739578,1.0
2975,4.1000000000000005,-5.8999999999999995,9,Hero,0.879637877146403,1.0
2976,4.9,-5.1,1,Hero,0.9328086376190186,1.0
2977,4.2,-5.8,8,Hero,0.9848302602767944,1.0
2978,4.4,-5.6,6,Hero,0.6390528505047163,1.0
2979,4.800000000000001,-5.199999999999999,2,Hero,0.5279718637466431,1.0
2980,4.1000000000000005,-5.8999999999999995,9,Hero,0.8574061128828261,1.0
2981,4.1000000000000005,-5.8999999999999995,9,Hero,0.9836131532986959,1.0
2982,4.6000000000000005,-5.3999999999999995,4,Hero,0.8006835430860519,1.0
2983,3.6000000000000005,-6.3999999999999995,14,Hero,0.6868142900722367,1.0
2984,3.4000000000000004,-6.6,16,Hero,0.6409578756429255,1.0
2985,3.8000000000000007,-6.199999999999999,12,Hero,0.763176274796327,1.0
2986,3.5,-6.5,15,Hero,0.6442116022109985,1.0
2987,2.9,-7.1,21,Hero,0.7064374891065416,1.0
2988,4.7,-5.3,3,Hero,0.7216142217318217,1.0
2989,4.5,-5.5,5,Hero,0.9302141070365906,1.0
2990,4.300000000000001,-5.699999999999999,7,Hero,0.7578449845314026,1.0
2991,3.3,-6.7,17,Hero,0.6417533308267593,1.0
2992,3.9000000000000004,-6.1,11,Hero,0.7251326875253157,1.0
2993,3.0999999999999996,-6.9,19,Hero,0.6903042296731943,1.0
2994,2.9,-7.1,21,Hero,0.7047024486320359,1.0
2995,4.9,-5.1,1,Hero,0.9672549962997437,1.0
2996,4.4,-5.6,6,Hero,0.591629138837258,1.0
2997,3.2,-6.8,18,Hero,0.7399216964840889,1.0
2998,4.5,-5.5,5,Hero,0.545574951171875,1.0
2999,3.8000000000000007,-6.199999999999999,12,Hero,0.5860857864220937,1.0
3000,3.7,-6.3,13,Hero,0.7203495771839068,1.0
