episode,hero_reward,villain_reward,steps,winner,hero_avg_prob,villain_avg_prob
1,-2.499999999999999,-2.499999999999999,50,None,0.46637592315673826,0.40779015436768534
2,4.8500000000000005,-5.1499999999999995,3,Hero,0.828681468963623,0.5303131677210331
3,4.45,-5.55,11,Hero,0.7305264147845182,0.36478815363212064
4,-5.6,4.4,12,Villain,0.8819064597288767,0.2634488381445408
5,-2.499999999999999,-2.499999999999999,50,None,0.6281978493183851,0.42175361640751363
6,4.6000000000000005,-5.3999999999999995,8,Hero,0.8211516411975026,0.4615586055442691
7,-2.499999999999999,-2.499999999999999,50,None,0.9651081122737378,0.5316484853625297
8,-2.499999999999999,-2.499999999999999,50,None,0.48774206086993216,0.33590641647577285
9,-2.499999999999999,-2.499999999999999,50,None,0.8921516257338226,0.38021189108490944
10,-2.499999999999999,-2.499999999999999,50,None,0.5844241638481616,0.44655482433736327
11,-2.499999999999999,-2.499999999999999,50,None,0.9124161722697317,0.5258503244072199
12,-5.3,4.7,6,Villain,0.38986679290731746,0.49889895444115
13,4.9,-5.1,2,Hero,0.990187406539917,0.7352282702922821
14,-2.499999999999999,-2.499999999999999,50,None,0.8275183949619531,0.4206169667094946
15,-2.499999999999999,-2.499999999999999,50,None,0.450914626121521,0.4774869432672858
16,-5.6,4.4,12,Villain,0.4293351210653782,0.4473823606967926
17,-2.499999999999999,-2.499999999999999,50,None,0.4640896736830473,0.5664532592892647
18,-2.499999999999999,-2.499999999999999,50,None,0.46376138128340244,0.5784268436580896
19,-2.499999999999999,-2.499999999999999,50,None,0.7728738370165229,0.4599308851920068
20,-2.499999999999999,-2.499999999999999,50,None,0.8789035641402007,0.5930874801427126
21,4.5,-5.5,10,Hero,0.8387363120913506,0.49257464408874513
22,4.55,-5.45,9,Hero,0.8224799724088775,0.3051852356228564
23,-2.499999999999999,-2.499999999999999,50,None,0.7333254810795188,0.5026169827580452
24,4.7,-5.3,6,Hero,0.947272390127182,0.47442751626173657
25,-2.499999999999999,-2.499999999999999,50,None,0.508195411413908,0.44510397329926493
26,-2.499999999999999,-2.499999999999999,50,None,0.9701599287986755,0.446624219045043
27,-2.499999999999999,-2.499999999999999,50,None,0.975602890253067,0.5601726931333542
28,-2.499999999999999,-2.499999999999999,50,None,0.9591620924323797,0.4724719176441431
29,-7.2,2.8,44,Villain,0.7566221653885971,0.6613543460738253
30,-2.499999999999999,-2.499999999999999,50,None,0.936363531621173,0.5101125177089125
31,-2.499999999999999,-2.499999999999999,50,None,0.8160630002059043,0.44237314760684965
32,-2.499999999999999,-2.499999999999999,50,None,0.8956249158270657,0.7735098364204168
33,-2.499999999999999,-2.499999999999999,50,None,0.8845963056292385,0.5228320368751883
34,-2.499999999999999,-2.499999999999999,50,None,0.9360310846753418,0.717168590798974
35,-6.1,3.9,22,Villain,0.9920457980849526,0.8643160228702155
36,2.9499999999999993,-7.050000000000001,41,Hero,0.9445663471081543,0.8513498794764462
37,-5.5,4.5,10,Villain,0.9519561350345611,0.7929083965718746
38,-2.499999999999999,-2.499999999999999,50,None,0.9673006457462907,0.7263558393530548
39,-2.499999999999999,-2.499999999999999,50,None,0.9102115779370069,0.6320523595064879
40,-2.499999999999999,-2.499999999999999,50,None,0.9508985790982842,0.6120333762466907
41,-5.95,4.05,19,Villain,0.4637726261035392,0.5202529238242852
42,-5.05,4.95,1,Villain,0.8995552062988281,0.5090521574020386
43,-2.499999999999999,-2.499999999999999,50,None,0.9063310682401061,0.5968539116159082
44,-2.499999999999999,-2.499999999999999,50,None,0.9235618772683665,0.8211253575980664
45,-2.499999999999999,-2.499999999999999,50,None,0.6372248680144549,0.486024908721447
46,4.8,-5.2,4,Hero,0.7232962078414857,0.9896023124456406
47,-2.499999999999999,-2.499999999999999,50,None,0.570870049148798,0.553685531867668
48,-5.6499999999999995,4.3500000000000005,13,Villain,0.2817928000138356,0.3881372224826079
49,-5.05,4.95,1,Villain,0.34039896726608276,0.8975074291229248
50,4.5,-5.5,10,Hero,0.5257060706615448,0.9727601051330567
51,4.75,-5.25,5,Hero,0.8724870681762695,0.9692522644996643
52,4.5,-5.5,10,Hero,0.5938026368618011,0.9949976205825806
53,-5.85,4.15,17,Villain,0.8272078764789245,0.9814618860974031
54,-5.3,4.7,6,Villain,0.797124907374382,0.9638360341389974
55,-5.55,4.45,11,Villain,0.6247971613298763,0.9877116571773182
56,2.5500000000000007,-7.449999999999999,49,Hero,0.861453537658161,0.9643201475240746
57,-2.499999999999999,-2.499999999999999,50,None,0.8551285991072655,0.9696511786058545
58,-5.9,4.1,18,Villain,0.7626967070003351,0.9968525966008505
59,-5.35,4.65,7,Villain,0.5368833132088184,0.49781364308936255
60,-2.499999999999999,-2.499999999999999,50,None,0.7898158479155972,0.8378228428214789
61,2.5500000000000007,-7.449999999999999,49,Hero,0.7869272536160995,0.9996991595443414
62,4.05,-5.95,19,Hero,0.8421521253491703,0.98878035106157
63,-2.499999999999999,-2.499999999999999,50,None,0.7785019333660602,0.9997815620899201
64,2.9499999999999993,-7.050000000000001,41,Hero,0.7396135740890736,0.9996030752251788
65,4.15,-5.85,17,Hero,0.7027827724814415,0.9821282204459695
66,3.3999999999999995,-6.6000000000000005,32,Hero,0.6826630276627839,0.8588355503743514
67,-2.499999999999999,-2.499999999999999,50,None,0.7000705853104592,0.9478745463490487
68,4.15,-5.85,17,Hero,0.5862271290491609,0.9998381418340346
69,4.1,-5.9,18,Hero,0.5823884912663035,0.9973527855343289
70,4.75,-5.25,5,Hero,0.9512049913406372,0.983312451839447
71,4.15,-5.85,17,Hero,0.6411136879640467,0.988381003632265
72,3.95,-6.05,21,Hero,0.6650280555089315,0.999354484535399
73,4.8500000000000005,-5.1499999999999995,3,Hero,0.38408293575048447,0.9992377758026123
74,4.15,-5.85,17,Hero,0.5808952661121592,0.8577214648214389
75,3.75,-6.25,25,Hero,0.5827729523181915,0.9991384410858154
76,4.25,-5.75,15,Hero,0.5091884473959605,0.8600182414054871
77,4.55,-5.45,9,Hero,0.749785934885343,0.7654239125549793
78,3.8499999999999996,-6.15,23,Hero,0.5718911942094564,0.9444129946439163
79,4.0,-6.0,20,Hero,0.5976982418447733,0.9925280719995498
80,4.0,-6.0,20,Hero,0.5247205451130867,0.9946539670228958
81,3.8,-6.2,24,Hero,0.5985002927482128,0.9565776696739098
82,3.8499999999999996,-6.15,23,Hero,0.5135984443452047,0.9985986611117488
83,4.8,-5.2,4,Hero,0.9315255880355835,0.9875496178865433
84,4.6000000000000005,-5.3999999999999995,8,Hero,0.7861156314611435,0.994135856628418
85,4.6000000000000005,-5.3999999999999995,8,Hero,0.603099636733532,0.9999009743332863
86,4.3500000000000005,-5.6499999999999995,13,Hero,0.5608128080001245,0.999261695605058
87,4.7,-5.3,6,Hero,0.5225444585084915,0.9999580780665079
88,4.4,-5.6,12,Hero,0.5277880281209946,0.9995445360740026
89,4.5,-5.5,10,Hero,0.6450379550457,0.9928522229194641
90,4.9,-5.1,2,Hero,0.9702124297618866,0.9997487664222717
91,4.4,-5.6,12,Hero,0.5175184855858485,0.9999302277962366
92,-2.499999999999999,-2.499999999999999,50,None,0.6691318875551224,0.9998514664173126
93,4.2,-5.8,16,Hero,0.6372453942894936,0.9812755025923252
94,4.05,-5.95,19,Hero,0.643277577271587,0.9954537310098347
95,4.65,-5.35,7,Hero,0.7365295929568154,0.9899541735649109
96,-5.1,4.9,2,Villain,0.9370629191398621,0.9984108507633209
97,2.999999999999999,-7.000000000000001,40,Hero,0.6441055168572347,0.9832316264510155
98,3.5999999999999996,-6.4,28,Hero,0.6575953539993081,0.9999653484140124
99,3.55,-6.45,29,Hero,0.6761576065729404,0.9980804509130018
100,4.8500000000000005,-5.1499999999999995,3,Hero,0.5611684868733088,0.997228999932607
101,3.2999999999999994,-6.700000000000001,34,Hero,0.8088076776441406,0.9999693772372078
102,-2.499999999999999,-2.499999999999999,50,None,0.7594772413372993,0.9988199174404144
103,3.5999999999999996,-6.4,28,Hero,0.7685743160545826,0.9988109064953667
104,4.4,-5.6,12,Hero,0.8456000511844953,0.9998852213223776
105,4.65,-5.35,7,Hero,0.658731473343713,0.9985388006482806
106,-2.499999999999999,-2.499999999999999,50,None,0.7425528153777122,0.9998501443862915
107,4.25,-5.75,15,Hero,0.6468387146790823,0.9975861549377442
108,4.15,-5.85,17,Hero,0.5626655308639302,0.9953231180415434
109,4.95,-5.05,1,Hero,0.8694462776184082,0.9997066855430603
110,3.3999999999999995,-6.6000000000000005,32,Hero,0.6056545553728938,0.9995001722127199
111,4.3,-5.7,14,Hero,0.6037671395710537,0.9991961930479322
112,4.05,-5.95,19,Hero,0.5163297912007884,0.9900719899880258
113,3.95,-6.05,21,Hero,0.5570144848454566,0.99246388957614
114,4.45,-5.55,11,Hero,0.6175376745787534,0.9841498678380792
115,3.9,-6.1,22,Hero,0.5726665285500613,0.9966756403446198
116,4.25,-5.75,15,Hero,0.5468064417441686,0.9987165729204813
117,-5.35,4.65,7,Villain,0.5321900248527527,0.9993254031453814
118,4.1,-5.9,18,Hero,0.5167079899046156,0.8705646296342214
119,4.55,-5.45,9,Hero,0.5174442231655121,0.9998590813742744
120,4.55,-5.45,9,Hero,0.5124937494595846,0.9999734428193834
121,4.05,-5.95,19,Hero,0.6350217979205283,0.9980440547591761
122,4.5,-5.5,10,Hero,0.5601122245192528,0.8888519598171115
123,3.9,-6.1,22,Hero,0.5124361244114962,0.9943470900708978
124,4.3500000000000005,-5.6499999999999995,13,Hero,0.6130673673290473,0.9972896988575275
125,-5.35,4.65,7,Villain,0.5589897462299892,0.9995834571974618
126,4.6000000000000005,-5.3999999999999995,8,Hero,0.5801094360649586,0.9809670448303223
127,4.45,-5.55,11,Hero,0.6775140044364062,0.9939111579548229
128,4.95,-5.05,1,Hero,0.6240370273590088,0.9999639987945557
129,3.8,-6.2,24,Hero,0.5997810618331035,0.9998146444559097
130,4.6000000000000005,-5.3999999999999995,8,Hero,0.647588025778532,0.999853827059269
131,4.6000000000000005,-5.3999999999999995,8,Hero,0.5646647699177265,0.9987682700157166
132,4.6000000000000005,-5.3999999999999995,8,Hero,0.47320177406072617,0.9997278600931168
133,3.6999999999999997,-6.300000000000001,26,Hero,0.5301419290212485,0.9994923885052021
134,-5.1,4.9,2,Villain,0.3444071263074875,0.4164408668875694
135,4.5,-5.5,10,Hero,0.5689030319452286,0.9948394656181335
136,4.7,-5.3,6,Hero,0.5377552807331085,0.9994951685269674
137,4.2,-5.8,16,Hero,0.6170771506149322,0.9976964630186558
138,-5.05,4.95,1,Villain,0.4489612281322479,0.9998854398727417
139,4.55,-5.45,9,Hero,0.5392078525490231,0.9951066573460897
140,3.8,-6.2,24,Hero,0.900026047291855,0.9997859373688698
141,2.500000000000001,-7.499999999999999,50,Hero,0.844797860532999,0.9994702661037445
142,-2.499999999999999,-2.499999999999999,50,None,0.9750043892860413,0.9995128953456879
143,4.9,-5.1,2,Hero,0.9236136376857758,0.9998311102390289
144,-5.25,4.75,5,Villain,0.996658980846405,0.9982188820838929
145,-5.05,4.95,1,Villain,0.938747763633728,0.2640950083732605
146,-2.499999999999999,-2.499999999999999,50,None,0.9652044942975044,0.9992848145961761
147,-5.1499999999999995,4.8500000000000005,3,Villain,0.9664134383201599,0.9928731918334961
148,-2.499999999999999,-2.499999999999999,50,None,0.6301500924676656,0.8078490719199181
149,-2.499999999999999,-2.499999999999999,50,None,0.7463722385466098,0.8394431334733963
150,-2.499999999999999,-2.499999999999999,50,None,0.8377100018784404,0.9362058807909489
151,-2.499999999999999,-2.499999999999999,50,None,0.8868255937471986,0.9428166162222624
152,-2.499999999999999,-2.499999999999999,50,None,0.8390561029314995,0.8831899996846915
153,-2.499999999999999,-2.499999999999999,50,None,0.8500442169606686,0.9065907930582762
154,-2.499999999999999,-2.499999999999999,50,None,0.8609532512724399,0.9370096690952778
155,-2.499999999999999,-2.499999999999999,50,None,0.7562602886557579,0.7991070902347565
156,-2.499999999999999,-2.499999999999999,50,None,0.8124707230366767,0.8715106581151485
157,-2.499999999999999,-2.499999999999999,50,None,0.5748242548108101,0.5946635872870684
158,-2.499999999999999,-2.499999999999999,50,None,0.5278566684573889,0.6459565371274948
159,-2.499999999999999,-2.499999999999999,50,None,0.7771129332482815,0.9200582754611969
160,-2.499999999999999,-2.499999999999999,50,None,0.5662449622154235,0.5997797815641388
161,-2.499999999999999,-2.499999999999999,50,None,0.7336350632458926,0.7881541629135609
162,4.8500000000000005,-5.1499999999999995,3,Hero,0.47994797428448993,0.8823753396670023
163,-2.499999999999999,-2.499999999999999,50,None,0.8461663743387908,0.8810586938634515
164,-2.499999999999999,-2.499999999999999,50,None,0.7880401468276977,0.6477709406614304
165,-2.499999999999999,-2.499999999999999,50,None,0.9448554419726133,0.9475104713439941
166,-2.499999999999999,-2.499999999999999,50,None,0.6119911035895348,0.5491582641005516
167,-2.499999999999999,-2.499999999999999,50,None,0.9698444020748138,0.8364404109120369
168,-2.499999999999999,-2.499999999999999,50,None,0.9119761380366981,0.8408832266926766
169,4.5,-5.5,10,Hero,0.8600722119212151,0.5613390952348709
170,-2.499999999999999,-2.499999999999999,50,None,0.7198606584966183,0.5299399417638778
171,-2.499999999999999,-2.499999999999999,50,None,0.946841815598309,0.787780716791749
172,-2.499999999999999,-2.499999999999999,50,None,0.8084828854352236,0.7654682794213294
173,-2.499999999999999,-2.499999999999999,50,None,0.9182874635234475,0.655321182012558
174,-2.499999999999999,-2.499999999999999,50,None,0.9232981167361141,0.6210849845409393
175,-2.499999999999999,-2.499999999999999,50,None,0.9047516171634197,0.6981261163949967
176,3.099999999999999,-6.9,38,Hero,0.7136815921158383,0.549025080313808
177,-2.499999999999999,-2.499999999999999,50,None,0.9691250137984753,0.9233608279377222
178,-2.499999999999999,-2.499999999999999,50,None,0.9135472220182419,0.7648018181324006
179,3.2999999999999994,-6.700000000000001,34,Hero,0.6908097601331332,0.5881742325556629
180,-2.499999999999999,-2.499999999999999,50,None,0.895812244489789,0.6403791663050652
181,-2.499999999999999,-2.499999999999999,50,None,0.8693464659154415,0.8186807544529437
182,-2.499999999999999,-2.499999999999999,50,None,0.8913273189868778,0.9671445751190185
183,-2.499999999999999,-2.499999999999999,50,None,0.9296510331332684,0.9270532628893853
184,-2.499999999999999,-2.499999999999999,50,None,0.9542611428024247,0.9285197548568249
185,-2.499999999999999,-2.499999999999999,50,None,0.9613931334018707,0.8969774316251278
186,-5.2,4.8,4,Villain,0.9092260599136353,0.7810752540826797
187,-2.499999999999999,-2.499999999999999,50,None,0.8163213024288416,0.9272954942286015
188,-2.499999999999999,-2.499999999999999,50,None,0.8341507458686829,0.9713314222544431
189,-2.499999999999999,-2.499999999999999,50,None,0.7763658691570163,0.9573390362039208
190,-2.499999999999999,-2.499999999999999,50,None,0.9044324231147766,0.9974505138397217
191,4.65,-5.35,7,Hero,0.6377134493419102,0.5401537498193127
192,-2.499999999999999,-2.499999999999999,50,None,0.8524665902554989,0.9968885576725006
193,-2.499999999999999,-2.499999999999999,50,None,0.7915534286946059,0.972287429375574
194,-2.499999999999999,-2.499999999999999,50,None,0.906165180504322,0.9798738431930542
195,4.9,-5.1,2,Hero,0.9767450392246246,0.9994236826896667
196,-2.499999999999999,-2.499999999999999,50,None,0.7937889513373375,0.9138239153847099
197,-2.499999999999999,-2.499999999999999,50,None,0.9888239061832428,0.9980558562278747
198,4.65,-5.35,7,Hero,0.8492140122024077,0.9916197061538696
199,-2.499999999999999,-2.499999999999999,50,None,0.9704686713218689,0.9792394449422136
200,-2.499999999999999,-2.499999999999999,50,None,0.9020167945185676,0.9992392075061798
201,-2.499999999999999,-2.499999999999999,50,None,0.9830831551551819,0.9998935842514038
202,-2.499999999999999,-2.499999999999999,50,None,0.8953941190242767,0.976128439689055
203,-2.499999999999999,-2.499999999999999,50,None,0.9346845700591803,0.9995807683467866
204,-2.499999999999999,-2.499999999999999,50,None,0.9384933291748166,0.9997278761863708
205,-5.1499999999999995,4.8500000000000005,3,Villain,0.9949731826782227,0.9997926950454712
206,-2.499999999999999,-2.499999999999999,50,None,0.9929128694534302,0.9999351942539215
207,4.9,-5.1,2,Hero,0.9144565463066101,0.9970661401748657
208,-2.499999999999999,-2.499999999999999,50,None,0.9739360415376723,0.9999352884292603
209,2.8,-7.2,44,Hero,0.878652701747011,0.9909435361623764
210,-2.499999999999999,-2.499999999999999,50,None,0.8658052223175764,0.9556003024568781
211,2.6500000000000004,-7.35,47,Hero,0.9637748836044301,0.9982097364486532
212,-2.499999999999999,-2.499999999999999,50,None,0.9742241513729095,0.9995734930038452
213,-2.499999999999999,-2.499999999999999,50,None,0.9663182868622243,0.9993328440189362
214,-2.499999999999999,-2.499999999999999,50,None,0.7026882212795317,0.91810337504372
215,3.4499999999999993,-6.550000000000001,31,Hero,0.8674448592768561,0.9923380997873121
216,-2.499999999999999,-2.499999999999999,50,None,0.8388822186656761,0.9991394746303558
217,-2.499999999999999,-2.499999999999999,50,None,0.9021929954737424,0.9996697318553924
218,-2.499999999999999,-2.499999999999999,50,None,0.8735635348409414,0.9986747455596924
219,-2.499999999999999,-2.499999999999999,50,None,0.9516517237573862,0.9998593735694885
220,-2.499999999999999,-2.499999999999999,50,None,0.9062569004297256,0.9997587239742279
221,-2.499999999999999,-2.499999999999999,50,None,0.9451130272448063,0.9998598170280456
222,-2.499999999999999,-2.499999999999999,50,None,0.9638503408804536,0.9999330568313599
223,3.2999999999999994,-6.700000000000001,34,Hero,0.7289520867223687,0.9452825548565563
224,-2.499999999999999,-2.499999999999999,50,None,0.952690691575408,0.9992312431335449
225,-2.499999999999999,-2.499999999999999,50,None,0.7605524993222207,0.9456998562812805
226,-2.499999999999999,-2.499999999999999,50,None,0.725363335609436,0.9922833406925201
227,3.95,-6.05,21,Hero,0.621142423578671,0.9908537495703924
228,-2.499999999999999,-2.499999999999999,50,None,0.9075620007514954,0.998456757068634
229,4.8,-5.2,4,Hero,0.6883375234901905,0.9913285821676254
230,-2.499999999999999,-2.499999999999999,50,None,0.7695398410223424,0.9992446613311767
231,4.9,-5.1,2,Hero,0.5411716401576996,0.9736489355564117
232,3.249999999999999,-6.750000000000001,35,Hero,0.7152213005082948,0.9948516845703125
233,4.6000000000000005,-5.3999999999999995,8,Hero,0.5123838894069195,0.9910854548215866
234,3.95,-6.05,21,Hero,0.4297365304969606,0.7707222884609586
235,4.5,-5.5,10,Hero,0.5041441112756729,0.9972592115402221
236,4.1,-5.9,18,Hero,0.6209723916318681,0.9997630251778497
237,3.5999999999999996,-6.4,28,Hero,0.41140266827174593,0.6755169832280704
238,3.6999999999999997,-6.300000000000001,26,Hero,0.48807371579683745,0.6935113185228636
239,4.45,-5.55,11,Hero,0.531444018537348,0.9006698373705149
240,-5.3999999999999995,4.6000000000000005,8,Villain,0.8868112415075302,0.9982436299324036
241,4.55,-5.45,9,Hero,0.6598781512843238,0.9997682836320665
242,4.8500000000000005,-5.1499999999999995,3,Hero,0.5782753825187683,0.9992849628130595
243,4.3500000000000005,-5.6499999999999995,13,Hero,0.5140216109844354,0.7599680203084762
244,4.95,-5.05,1,Hero,0.25550833344459534,0.9879077076911926
245,4.8500000000000005,-5.1499999999999995,3,Hero,0.6269535770018896,0.9419632355372111
246,-5.2,4.8,4,Villain,0.5560326129198074,0.9999381005764008
247,4.05,-5.95,19,Hero,0.590442673156136,0.8283392853642765
248,4.5,-5.5,10,Hero,0.7240727216005325,0.9991437792778015
249,4.45,-5.55,11,Hero,0.6850711174986579,0.9998259869488803
250,4.95,-5.05,1,Hero,0.5359261631965637,0.9998396635055542
251,4.7,-5.3,6,Hero,0.6547677119572958,0.9998248418172201
252,4.6000000000000005,-5.3999999999999995,8,Hero,0.5040042549371719,0.999920479953289
253,3.9,-6.1,22,Hero,0.7906461263244803,0.9353681841272522
254,4.7,-5.3,6,Hero,0.5446619937817255,0.9990859429041544
255,4.7,-5.3,6,Hero,0.7183143322666486,0.9996374050776163
256,4.4,-5.6,12,Hero,0.5433966306348642,0.8090482062349716
257,4.4,-5.6,12,Hero,0.701526328921318,0.9996829579273859
258,4.6000000000000005,-5.3999999999999995,8,Hero,0.543011236935854,0.9970631077885628
259,-5.3,4.7,6,Villain,0.7960873444875082,0.9997422695159912
260,4.7,-5.3,6,Hero,0.5211181764801344,0.9980486830075582
261,4.95,-5.05,1,Hero,0.7754059433937073,0.9998562335968018
262,4.2,-5.8,16,Hero,0.5386153180152178,0.9963190518319607
263,4.1,-5.9,18,Hero,0.49989163006345433,0.7528236189650165
264,4.1,-5.9,18,Hero,0.8694877723852793,0.9998498492770724
265,4.3,-5.7,14,Hero,0.6238185869795936,0.9999505494322095
266,4.5,-5.5,10,Hero,0.5332986831665039,0.9860108852386474
267,4.65,-5.35,7,Hero,0.8108993577105659,0.9998121006148202
268,3.6999999999999997,-6.300000000000001,26,Hero,0.6726897605336629,0.9998535834825956
269,4.6000000000000005,-5.3999999999999995,8,Hero,0.5367777645587921,0.9997625723481178
270,4.4,-5.6,12,Hero,0.644758865237236,0.9990260501702627
271,3.099999999999999,-6.9,38,Hero,0.627235667093804,0.9998775736281746
272,4.3,-5.7,14,Hero,0.559056957917554,0.9975673002856118
273,4.3500000000000005,-5.6499999999999995,13,Hero,0.49807331424493057,0.9998629093170166
274,3.75,-6.25,25,Hero,0.5774748897552491,0.8362852763012052
275,-5.25,4.75,5,Villain,0.46926553547382355,0.7122065901756287
276,4.95,-5.05,1,Hero,0.4549609422683716,0.9999867677688599
277,4.0,-6.0,20,Hero,0.45918086916208267,0.7315023556351662
278,4.25,-5.75,15,Hero,0.5653868824243545,0.9997702240943909
279,4.8500000000000005,-5.1499999999999995,3,Hero,0.5598034262657166,0.9999797344207764
280,4.6000000000000005,-5.3999999999999995,8,Hero,0.9646485447883606,0.9974396750330925
281,2.9499999999999993,-7.050000000000001,41,Hero,0.6551013883521281,0.991132560299664
282,4.55,-5.45,9,Hero,0.5757591293917762,0.9998920427428352
283,4.0,-6.0,20,Hero,0.5415433986112476,0.9991939544677735
284,3.8499999999999996,-6.15,23,Hero,0.5172143853876902,0.9231958726178044
285,4.65,-5.35,7,Hero,0.6182418167591095,0.9999737569264003
286,4.95,-5.05,1,Hero,0.3179701864719391,0.999998927116394
287,4.6000000000000005,-5.3999999999999995,8,Hero,0.6064407844096422,0.9995779767632484
288,4.25,-5.75,15,Hero,0.62208571434021,0.9976996262868245
289,4.45,-5.55,11,Hero,0.7806458689949729,0.9999108260328119
290,4.2,-5.8,16,Hero,0.5429285224527121,0.9367652426008135
291,4.4,-5.6,12,Hero,0.5395564791009141,0.9982523769140244
292,4.1,-5.9,18,Hero,0.4918805813002918,0.8546086456626654
293,4.95,-5.05,1,Hero,0.31717830896377563,0.9999667406082153
294,4.4,-5.6,12,Hero,0.8305693573007981,0.9999964435895284
295,3.2999999999999994,-6.700000000000001,34,Hero,0.8081148468396243,0.9999145567417145
296,4.4,-5.6,12,Hero,0.6035646796226501,0.9684585233529409
297,4.1,-5.9,18,Hero,0.4401026513013575,0.9703092674414316
298,4.3,-5.7,14,Hero,0.41825309715100695,0.9852675582681384
299,3.95,-6.05,21,Hero,0.6380361772718883,0.9990725574039278
300,4.55,-5.45,9,Hero,0.7055062701304754,0.9973399109310574
301,4.6000000000000005,-5.3999999999999995,8,Hero,0.5146208219230175,0.9940356686711311
302,4.4,-5.6,12,Hero,0.6165492832660675,0.9799549380938212
303,4.2,-5.8,16,Hero,0.6235615387558937,0.9995770454406738
304,4.3,-5.7,14,Hero,0.5696375987359455,0.999879104750497
305,4.5,-5.5,10,Hero,0.6079159379005432,0.9956616938114167
306,4.65,-5.35,7,Hero,0.631753431899207,0.9999875852039882
307,4.3,-5.7,14,Hero,0.48524884480450836,0.8354416950938425
308,4.3500000000000005,-5.6499999999999995,13,Hero,0.5123376594139979,0.9972493923627413
309,4.3500000000000005,-5.6499999999999995,13,Hero,0.571047856257512,0.9995264273423415
310,4.7,-5.3,6,Hero,0.5441661675771078,0.9998128116130829
311,4.3500000000000005,-5.6499999999999995,13,Hero,0.5865582445493112,0.9997597061670743
312,4.4,-5.6,12,Hero,0.5769444902737936,0.999378447731336
313,4.8500000000000005,-5.1499999999999995,3,Hero,0.4922020634015401,0.9999910990397135
314,4.05,-5.95,19,Hero,0.608037384717088,0.999995978255021
315,4.4,-5.6,12,Hero,0.5137305905421575,0.9999970495700836
316,-5.3999999999999995,4.6000000000000005,8,Villain,0.6122067309916019,0.9999850243330002
317,2.999999999999999,-7.000000000000001,40,Hero,0.8392139438539743,0.998575036227703
318,4.75,-5.25,5,Hero,0.7581111386418342,0.9990592956542969
319,4.45,-5.55,11,Hero,0.7890666831623424,0.9999648278409784
320,4.4,-5.6,12,Hero,0.5447264661391577,0.9999865790208181
321,2.5500000000000007,-7.449999999999999,49,Hero,0.8477791938550618,0.9991699955901321
322,4.3500000000000005,-5.6499999999999995,13,Hero,0.6030358672142029,0.9999861350426307
323,3.3999999999999995,-6.6000000000000005,32,Hero,0.7496188725344837,0.9995573554188013
324,-5.3,4.7,6,Villain,0.5186086197694143,0.9999862710634867
325,4.65,-5.35,7,Hero,0.7796411642006466,0.9996487838881356
326,4.3500000000000005,-5.6499999999999995,13,Hero,0.5888929137816796,0.9999951399289645
327,4.6000000000000005,-5.3999999999999995,8,Hero,0.8471618946641684,0.9999237656593323
328,4.55,-5.45,9,Hero,0.7970275415314568,0.9995100431972079
329,4.3500000000000005,-5.6499999999999995,13,Hero,0.5636285314193139,0.9882903099060059
330,4.65,-5.35,7,Hero,0.5464060434273311,0.9999931539808001
331,4.65,-5.35,7,Hero,0.7144397454602378,0.999803398336683
332,4.65,-5.35,7,Hero,0.5258084003414426,0.978214945111956
333,4.9,-5.1,2,Hero,0.499873548746109,0.9999804496765137
334,4.65,-5.35,7,Hero,0.6143038443156651,0.9999533551079887
335,4.55,-5.45,9,Hero,0.6442329320642683,0.9999688201480441
336,4.4,-5.6,12,Hero,0.5825105259815851,0.997512032588323
337,3.9,-6.1,22,Hero,0.5469737676056948,0.8396361273798075
338,4.2,-5.8,16,Hero,0.5559705048799515,0.9997914060950279
339,4.15,-5.85,17,Hero,0.6001480125329074,0.999988738228293
340,4.65,-5.35,7,Hero,0.5123454970972878,0.999990599496024
341,4.9,-5.1,2,Hero,0.8704075515270233,0.9992501139640808
342,4.3,-5.7,14,Hero,0.5604695730975696,0.9984155978475299
343,4.7,-5.3,6,Hero,0.5103952685991923,0.9949658314387003
344,4.15,-5.85,17,Hero,0.6318765633246478,0.9998108113513273
345,4.3,-5.7,14,Hero,0.663831753390176,0.9999974625451225
346,4.25,-5.75,15,Hero,0.546038618683815,0.9521511634190877
347,4.95,-5.05,1,Hero,0.7272695302963257,0.9998487234115601
348,4.55,-5.45,9,Hero,0.6206435329384274,0.9993064403533936
349,4.4,-5.6,12,Hero,0.5525913884242376,0.9979325085878372
350,3.4499999999999993,-6.550000000000001,31,Hero,0.6839409458541101,0.9999981657151253
351,4.1,-5.9,18,Hero,0.5497037884261873,0.9999898076057434
352,4.6000000000000005,-5.3999999999999995,8,Hero,0.5387899614870548,0.9988318458199501
353,4.2,-5.8,16,Hero,0.6666269525885582,0.9866389632225037
354,4.75,-5.25,5,Hero,0.6377669453620911,0.99980628490448
355,4.2,-5.8,16,Hero,0.6913056913763285,0.9999988451600075
356,4.25,-5.75,15,Hero,0.6019478559494018,0.9324928737905187
357,3.9,-6.1,22,Hero,0.5894409689036283,0.9791406663981351
358,4.05,-5.95,19,Hero,0.5147596942751032,0.9999663955286929
359,3.8,-6.2,24,Hero,0.6071307905561601,0.9997363016009331
360,4.25,-5.75,15,Hero,0.5123324036598206,0.9999556342760721
361,4.45,-5.55,11,Hero,0.6454472111495719,0.9999826604669745
362,4.55,-5.45,9,Hero,0.5730853411886427,0.9997573759820726
363,4.65,-5.35,7,Hero,0.7166497749941689,0.9998829620225089
364,4.0,-6.0,20,Hero,0.5611981111112982,0.9886946231126785
365,4.45,-5.55,11,Hero,0.5428879870609804,0.9999849362806841
366,2.8999999999999995,-7.1000000000000005,42,Hero,0.6248538278575454,0.9054148977711087
367,3.099999999999999,-6.9,38,Hero,0.7294594480803138,0.986455826382888
368,4.8500000000000005,-5.1499999999999995,3,Hero,0.5087727208932241,0.999996026357015
369,4.55,-5.45,9,Hero,0.5357419914669461,0.9998621808158027
370,3.099999999999999,-6.9,38,Hero,0.6816646269473591,0.9999954857324299
371,4.7,-5.3,6,Hero,0.5745150397221247,0.99994428952535
372,4.4,-5.6,12,Hero,0.5519496078292528,0.9952921519676844
373,-5.2,4.8,4,Villain,0.6939170323312283,0.9999914467334747
374,-5.3999999999999995,4.6000000000000005,8,Villain,0.9530852362513542,0.9999507442116737
375,-5.6,4.4,12,Villain,0.6200905330479145,0.9999747176965078
376,3.6499999999999995,-6.3500000000000005,27,Hero,0.6217777566915309,0.8676710553053353
377,-5.1499999999999995,4.8500000000000005,3,Villain,0.492087443669637,0.9997442563374838
378,4.2,-5.8,16,Hero,0.7131197946146131,0.999018382281065
379,4.4,-5.6,12,Hero,0.6026360640923182,0.9999297459920248
380,4.1,-5.9,18,Hero,0.5853611710998747,0.9981112976868948
381,4.5,-5.5,10,Hero,0.47279463708400726,0.9954712748527527
382,4.7,-5.3,6,Hero,0.6080059086283048,0.8316305131496241
383,4.15,-5.85,17,Hero,0.5903409202309216,0.9365350396974998
384,4.3500000000000005,-5.6499999999999995,13,Hero,0.4687259357709151,0.9999977075136625
385,4.3500000000000005,-5.6499999999999995,13,Hero,0.4850206191723163,0.9999744158524734
386,4.55,-5.45,9,Hero,0.818401672773891,0.9994547896915011
387,4.45,-5.55,11,Hero,0.597376671704379,0.9965485496954485
388,3.95,-6.05,21,Hero,0.628539997906912,0.9997791392462594
389,4.25,-5.75,15,Hero,0.4993062337239583,0.9999897321065266
390,4.3,-5.7,14,Hero,0.5741263117109027,0.9996043741703033
391,4.55,-5.45,9,Hero,0.9440636369917128,0.999979575475057
392,4.25,-5.75,15,Hero,0.5568898399670918,0.9991215268770853
393,4.25,-5.75,15,Hero,0.5760287880897522,0.9999990145365397
394,3.95,-6.05,21,Hero,0.5723414165633065,0.9881775946844191
395,4.6000000000000005,-5.3999999999999995,8,Hero,0.5429419688880444,0.9992227703332901
396,4.6000000000000005,-5.3999999999999995,8,Hero,0.49841511994600296,0.9999971687793732
397,4.2,-5.8,16,Hero,0.5655142813920975,0.9155912026762962
398,4.3,-5.7,14,Hero,0.541254671556609,0.9999630664076123
399,4.45,-5.55,11,Hero,0.5968002704056826,0.9998601133173163
400,4.5,-5.5,10,Hero,0.8847374990582466,0.9998538196086884
401,3.8499999999999996,-6.15,23,Hero,0.6450987976530324,0.9999529537947281
402,4.7,-5.3,6,Hero,0.5435520609219869,0.9995554983615875
403,4.45,-5.55,11,Hero,0.7456761246377771,0.9700218818404458
404,4.5,-5.5,10,Hero,0.7815462425351143,0.999934995174408
405,2.6500000000000004,-7.35,47,Hero,0.7607028677742532,0.9999813336007138
406,3.55,-6.45,29,Hero,0.7367837244066698,0.9999955358176396
407,4.15,-5.85,17,Hero,0.7571614472305074,0.9999874900369083
408,-5.3,4.7,6,Villain,0.8218919162948927,0.9999870260556539
409,3.8,-6.2,24,Hero,0.8004274473836025,0.9999947895606359
410,4.15,-5.85,17,Hero,0.5419213177964968,0.9912246991606319
411,3.95,-6.05,21,Hero,0.5132566257601693,0.8515218517610005
412,4.8500000000000005,-5.1499999999999995,3,Hero,0.96212238073349,0.9999972581863403
413,4.3500000000000005,-5.6499999999999995,13,Hero,0.610459022797071,0.9977392462583689
414,4.75,-5.25,5,Hero,0.7550556093454361,0.9999943494796752
415,4.05,-5.95,19,Hero,0.7353988031023427,0.9999965366564298
416,3.8499999999999996,-6.15,23,Hero,0.5941824099939802,0.9981717622798422
417,4.55,-5.45,9,Hero,0.5861670441097684,0.9995698862605624
418,4.3500000000000005,-5.6499999999999995,13,Hero,0.6703776889122449,0.998865700685061
419,4.55,-5.45,9,Hero,0.8586086796389686,0.9999004734887017
420,4.55,-5.45,9,Hero,0.6766008536020914,0.9998687307039896
421,3.95,-6.05,21,Hero,0.5973927705060869,0.9995851459957305
422,-5.2,4.8,4,Villain,0.6823149472475052,0.9998970478773117
423,4.3,-5.7,14,Hero,0.47358079088319627,0.999605906861169
424,4.05,-5.95,19,Hero,0.5849497569234747,0.9993496411725095
425,4.55,-5.45,9,Hero,0.5352686014440324,0.9996316499180264
426,-5.3,4.7,6,Villain,0.9455173710982004,0.9999280472596487
427,4.3500000000000005,-5.6499999999999995,13,Hero,0.58565881389838,0.9992194496668302
428,-5.1499999999999995,4.8500000000000005,3,Villain,0.3390556772549947,0.6318699556092421
429,4.55,-5.45,9,Hero,0.8080611170993911,0.9999600781334771
430,4.3,-5.7,14,Hero,0.7358867802790233,0.9994699614388602
431,3.6999999999999997,-6.300000000000001,26,Hero,0.6707745750363057,0.9602475827559829
432,4.65,-5.35,7,Hero,0.6521533450910023,0.9999905143465314
433,4.4,-5.6,12,Hero,0.5725601390004158,0.9999287575483322
434,-5.1499999999999995,4.8500000000000005,3,Villain,0.7219515641530355,0.9999130964279175
435,4.65,-5.35,7,Hero,0.9651901211057391,0.9997346230915615
436,-5.05,4.95,1,Villain,0.5685892105102539,0.9199073910713196
437,-5.35,4.65,7,Villain,0.5632313064166478,0.9984023996761867
438,4.5,-5.5,10,Hero,0.6145828455686569,0.9999941825866699
439,4.4,-5.6,12,Hero,0.5909639025727907,0.9999957084655762
440,4.5,-5.5,10,Hero,0.5920800864696503,0.9994278430938721
441,4.6000000000000005,-5.3999999999999995,8,Hero,0.5819130800664425,0.9998857825994492
442,4.1,-5.9,18,Hero,0.6236690175202158,0.9947495526737637
443,4.45,-5.55,11,Hero,0.74290216375481,0.9999958601864901
444,4.55,-5.45,9,Hero,0.6711036761601766,0.9999756150775485
445,4.25,-5.75,15,Hero,0.5931798150142034,0.9997149507204691
446,4.4,-5.6,12,Hero,0.634249722585082,0.9999984304110209
447,4.45,-5.55,11,Hero,0.6605238481001421,0.9999417066574097
448,4.45,-5.55,11,Hero,0.7790284265171398,0.9999124516140331
449,4.6000000000000005,-5.3999999999999995,8,Hero,0.6844014450907707,0.9975454211235046
450,4.65,-5.35,7,Hero,0.6266979660306659,0.9999960490635463
451,4.45,-5.55,11,Hero,0.5631587153131311,0.999192091551694
452,4.75,-5.25,5,Hero,0.6119379103183746,0.9999994277954102
453,4.5,-5.5,10,Hero,0.63120436668396,0.9998598039150238
454,4.7,-5.3,6,Hero,0.7303822338581085,0.9999989668528239
455,4.45,-5.55,11,Hero,0.694071352481842,0.9996214183894071
456,4.75,-5.25,5,Hero,0.7728495240211487,0.9999912261962891
457,4.95,-5.05,1,Hero,0.6537632942199707,0.9999852180480957
458,4.25,-5.75,15,Hero,0.5928642569730679,0.972850505510966
459,-5.25,4.75,5,Villain,0.5218532487750054,0.9999780416488647
460,4.65,-5.35,7,Hero,0.5541853266102927,0.9999716792787824
461,3.8499999999999996,-6.15,23,Hero,0.6603866757258124,0.9999999481698741
462,4.3500000000000005,-5.6499999999999995,13,Hero,0.5532253705538236,0.9999979000825149
463,4.15,-5.85,17,Hero,0.6309751035536036,0.999996262438157
464,4.05,-5.95,19,Hero,0.5656593504704928,0.9999997113880358
465,4.2,-5.8,16,Hero,0.5442035607993603,0.9991309829056263
466,3.8,-6.2,24,Hero,0.6430616211146116,0.9999966323375702
467,4.25,-5.75,15,Hero,0.5685933699210485,0.9999927361806233
468,4.3500000000000005,-5.6499999999999995,13,Hero,0.5610190056837522,0.9999999266404372
469,4.45,-5.55,11,Hero,0.545093143528158,0.9997144612399015
470,4.1,-5.9,18,Hero,0.5936252209875319,0.999607738521364
471,4.25,-5.75,15,Hero,0.5727858225504557,0.9998830517133077
472,4.75,-5.25,5,Hero,0.5652549922466278,0.9999809741973877
473,4.7,-5.3,6,Hero,0.5620550860961279,0.9999857544898987
474,4.4,-5.6,12,Hero,0.6445909279088179,0.9999478509028753
475,4.55,-5.45,9,Hero,0.8943482571178012,0.9946906831529405
476,4.95,-5.05,1,Hero,0.6707317233085632,1.0
477,-5.75,4.25,15,Villain,0.5043091950938106,0.9998952905337016
478,4.45,-5.55,11,Hero,0.5470870001749559,0.9999988729303534
479,4.3,-5.7,14,Hero,0.5491224293197904,0.9999945844922747
480,4.8,-5.2,4,Hero,0.6806415617465973,0.999772697687149
481,4.4,-5.6,12,Hero,0.4931667645772298,0.9998006323973337
482,3.3499999999999996,-6.65,33,Hero,0.5905758566928633,0.999999205271403
483,4.9,-5.1,2,Hero,0.8662695586681366,0.9999514222145081
484,4.5,-5.5,10,Hero,0.8158416204154492,0.9947179555892944
485,4.55,-5.45,9,Hero,0.6100731922520531,0.9999791118833754
486,4.75,-5.25,5,Hero,0.7393378436565399,0.9990403771400451
487,4.3500000000000005,-5.6499999999999995,13,Hero,0.5709020793437958,0.9999983677497277
488,4.45,-5.55,11,Hero,0.7128053388812325,0.9999903223731301
489,4.75,-5.25,5,Hero,0.5904557704925537,0.999988055229187
490,4.5,-5.5,10,Hero,0.732359429448843,0.9999100685119628
491,4.4,-5.6,12,Hero,0.662505105137825,0.999507005016009
492,4.3500000000000005,-5.6499999999999995,13,Hero,0.6635503906470078,0.999967648432805
493,4.1,-5.9,18,Hero,0.5611964310001996,0.9837676584720612
494,-5.05,4.95,1,Villain,0.5389454364776611,0.999927282333374
495,4.2,-5.8,16,Hero,0.5247077187523246,0.9975236356258392
496,4.45,-5.55,11,Hero,0.560692621902986,0.9999982985583219
497,4.55,-5.45,9,Hero,0.567733003033532,0.9999313222037421
498,4.3500000000000005,-5.6499999999999995,13,Hero,0.7078636947732705,0.9011277129085591
499,3.8,-6.2,24,Hero,0.7246409859508276,0.999999538064003
500,4.55,-5.45,9,Hero,0.5307987795935737,0.999848849243588
501,-5.05,4.95,1,Villain,0.22993133962154388,0.9993921518325806
502,2.75,-7.25,45,Hero,0.7669864974088139,0.9999995814429389
503,4.05,-5.95,19,Hero,0.6862906876363253,0.9999979797162508
504,-2.499999999999999,-2.499999999999999,50,None,0.8492712292075157,0.9999979853630065
505,-5.05,4.95,1,Villain,0.11595715582370758,0.9999072551727295
506,3.4499999999999993,-6.550000000000001,31,Hero,0.7385343332444468,0.9937069839046847
507,4.9,-5.1,2,Hero,0.999396413564682,0.9999998211860657
508,-2.499999999999999,-2.499999999999999,50,None,0.9433119098097086,0.9999995517730713
509,-2.499999999999999,-2.499999999999999,50,None,0.9087263356149197,0.9997940242290497
510,2.7,-7.3,46,Hero,0.8039659473073223,0.9631355273658815
511,-2.499999999999999,-2.499999999999999,50,None,0.9163286296278238,0.9999946856498718
512,4.75,-5.25,5,Hero,0.9999297142028809,0.9999998331069946
513,-2.499999999999999,-2.499999999999999,50,None,0.9935258662700653,0.9999992680549622
514,3.95,-6.05,21,Hero,0.9444267134226504,0.9996014861833482
515,-2.499999999999999,-2.499999999999999,50,None,0.9876520991325378,0.9999993062019348
516,-2.499999999999999,-2.499999999999999,50,None,0.7370262760668993,0.99421621799469
517,2.999999999999999,-7.000000000000001,40,Hero,0.8608880918938666,0.9980060964822769
518,-2.499999999999999,-2.499999999999999,50,None,0.974481545407325,0.9999938130378723
519,-2.499999999999999,-2.499999999999999,50,None,0.7543097211420536,0.999895054101944
520,2.8,-7.2,44,Hero,0.6879356459460475,0.9985018277710135
521,4.05,-5.95,19,Hero,0.8110659769491145,0.9765384887394152
522,4.95,-5.05,1,Hero,0.989928662776947,0.999885082244873
523,-2.499999999999999,-2.499999999999999,50,None,0.9680049299448729,0.9999934792518616
524,-2.499999999999999,-2.499999999999999,50,None,0.9869867968559265,0.9999991178512573
525,4.1,-5.9,18,Hero,0.5692903217342165,0.998823321527905
526,4.8,-5.2,4,Hero,0.9904506802558899,0.9999254643917084
527,-2.499999999999999,-2.499999999999999,50,None,0.9980008554458618,0.9999990463256836
528,-2.499999999999999,-2.499999999999999,50,None,0.8376706206798553,0.9999830913543701
529,-5.1499999999999995,4.8500000000000005,3,Villain,0.9993144671122233,0.999997615814209
530,3.1999999999999993,-6.800000000000001,36,Hero,0.6730596779121293,0.998632432685958
531,-2.499999999999999,-2.499999999999999,50,None,0.928552725315094,0.9999973249435424
532,4.3500000000000005,-5.6499999999999995,13,Hero,0.7861007830271354,0.9787616638036875
533,-2.499999999999999,-2.499999999999999,50,None,0.9648613548278808,0.9999981164932251
534,4.55,-5.45,9,Hero,0.561346173286438,0.9998323188887702
535,3.5999999999999996,-6.4,28,Hero,0.6629851958049195,0.9997862130403519
536,4.1,-5.9,18,Hero,0.5651628656519784,0.99997302558687
537,-2.499999999999999,-2.499999999999999,50,None,0.7721752957999706,0.9999738669395447
538,-2.499999999999999,-2.499999999999999,50,None,0.7840377527475357,0.9997193050384522
539,2.5500000000000007,-7.449999999999999,49,Hero,0.9539739523006945,0.9999952851509561
540,3.5999999999999996,-6.4,28,Hero,0.6902148031762668,0.9999937840870449
541,-5.05,4.95,1,Villain,0.9987589120864868,0.9999923706054688
542,-2.499999999999999,-2.499999999999999,50,None,0.9287970897555351,0.9999985837936402
543,-2.499999999999999,-2.499999999999999,50,None,0.8353558537364006,0.999996919631958
544,4.75,-5.25,5,Hero,0.5871190875768661,0.9997053623199463
545,-2.499999999999999,-2.499999999999999,50,None,0.8670886042714119,0.9999976873397827
546,4.6000000000000005,-5.3999999999999995,8,Hero,0.5637301690876484,0.9961488470435143
547,-2.499999999999999,-2.499999999999999,50,None,0.7302271594852209,0.9999966979026794
548,-2.499999999999999,-2.499999999999999,50,None,0.7459523123502732,0.9999990677833557
549,-2.499999999999999,-2.499999999999999,50,None,0.8470120149850845,0.999999692440033
550,4.8,-5.2,4,Hero,0.6485873460769653,0.9999307990074158
551,4.45,-5.55,11,Hero,0.7375422201373361,0.9639850150455128
552,4.6000000000000005,-5.3999999999999995,8,Hero,0.5967833586037159,0.999858446419239
553,4.25,-5.75,15,Hero,0.7695166150728862,0.9999998569488525
554,4.7,-5.3,6,Hero,0.5790587613979975,0.9999891916910807
555,4.25,-5.75,15,Hero,0.6506919066111246,0.9999643405278523
556,4.4,-5.6,12,Hero,0.7839871682226658,0.9999995032946268
557,-5.2,4.8,4,Villain,0.9878080636262894,0.999998927116394
558,4.3500000000000005,-5.6499999999999995,13,Hero,0.5347049448352593,0.9775732388863196
559,4.8,-5.2,4,Hero,0.3959807828068733,0.9994668662548065
560,3.3999999999999995,-6.6000000000000005,32,Hero,0.7161510977894068,0.9979144763201475
561,3.6499999999999995,-6.3500000000000005,27,Hero,0.6447297803781651,0.9985667047677217
562,4.2,-5.8,16,Hero,0.5464338567107916,0.9958549365401268
563,4.15,-5.85,17,Hero,0.5557760300443453,0.9954951966510099
564,4.3,-5.7,14,Hero,0.6225391392196927,0.9984312227794102
565,4.0,-6.0,20,Hero,0.6373213633894921,0.9976782977581025
566,4.4,-5.6,12,Hero,0.6075678790609041,0.9992946088314056
567,-2.499999999999999,-2.499999999999999,50,None,0.7199996689707041,0.9883509993553161
568,4.1,-5.9,18,Hero,0.7626468257771598,0.9999822841750251
569,3.8499999999999996,-6.15,23,Hero,0.5416316273419753,0.9902660820795142
570,4.05,-5.95,19,Hero,0.6331589284696078,0.9998940198045028
571,4.8,-5.2,4,Hero,0.7541121635586023,0.9999939799308777
572,4.6000000000000005,-5.3999999999999995,8,Hero,0.5853396244347095,0.9999349936842918
573,-5.6499999999999995,4.3500000000000005,13,Villain,0.5656865777877661,0.9995967333133404
574,-5.3999999999999995,4.6000000000000005,8,Villain,0.6669929921627045,0.9999961405992508
575,-5.2,4.8,4,Villain,0.9690306335687637,0.9999997615814209
576,4.75,-5.25,5,Hero,0.4642892897129059,0.9999983072280884
577,4.7,-5.3,6,Hero,0.6272878274321556,0.9999404748280843
578,2.6000000000000005,-7.3999999999999995,48,Hero,0.9270421732993176,0.9999103595813116
579,3.8499999999999996,-6.15,23,Hero,0.8727042602132196,0.9997671946235325
580,4.55,-5.45,9,Hero,0.8701445394092135,0.9999922381507026
581,4.25,-5.75,15,Hero,0.9050246745347976,0.9998631755510966
582,4.15,-5.85,17,Hero,0.6555051575688755,0.9999955541947309
583,-2.499999999999999,-2.499999999999999,50,None,0.7389334957301616,0.9872032976150513
584,-2.499999999999999,-2.499999999999999,50,None,0.8788119614124298,0.9994239330291748
585,4.5,-5.5,10,Hero,0.7583356261253357,0.9999651730060577
586,4.2,-5.8,16,Hero,0.7068692352622747,0.9999827221035957
587,-2.499999999999999,-2.499999999999999,50,None,0.9564315950870514,0.9999728918075561
588,4.95,-5.05,1,Hero,0.9766826629638672,0.9999995231628418
589,4.15,-5.85,17,Hero,0.642150466056431,0.9999084086979136
590,-2.499999999999999,-2.499999999999999,50,None,0.727398698180914,0.9736707122216467
591,-5.1,4.9,2,Villain,0.8972142934799194,0.9999992251396179
592,-2.499999999999999,-2.499999999999999,50,None,0.9568389058113098,0.9992438817024231
593,3.3999999999999995,-6.6000000000000005,32,Hero,0.8371888605470303,0.9996655266731977
594,-5.5,4.5,10,Villain,0.7715815398842096,0.9999959588050842
595,-2.499999999999999,-2.499999999999999,50,None,0.9541502152755856,0.9978406822681427
596,-5.9,4.1,18,Villain,0.44614557839102215,0.9936816460556455
597,4.9,-5.1,2,Hero,0.5170844607055187,0.9993189871311188
598,-2.499999999999999,-2.499999999999999,50,None,0.9451491312682628,0.999760365486145
599,-2.499999999999999,-2.499999999999999,50,None,0.9176662050187587,0.9996395170688629
600,-2.499999999999999,-2.499999999999999,50,None,0.859373082369566,0.9998402667045593
601,-2.499999999999999,-2.499999999999999,50,None,0.9648804989829659,0.9997053694725037
602,-5.1,4.9,2,Villain,0.355624184012413,0.9999859929084778
603,-5.75,4.25,15,Villain,0.5373710890611013,0.9998302698135376
604,-5.85,4.15,17,Villain,0.8576590147088555,0.999933495241053
605,-5.3999999999999995,4.6000000000000005,8,Villain,0.8678471890743822,0.9998528882861137
606,-2.499999999999999,-2.499999999999999,50,None,0.8526396295428276,0.9999959588050842
607,4.95,-5.05,1,Hero,0.9163828492164612,0.9999983310699463
608,-2.499999999999999,-2.499999999999999,50,None,0.9876325500011444,0.9999910855293274
609,-2.499999999999999,-2.499999999999999,50,None,0.9303725865017622,0.9999996757507325
610,-2.499999999999999,-2.499999999999999,50,None,0.9750653254985809,0.9999918246269226
611,4.6000000000000005,-5.3999999999999995,8,Hero,0.8738082975905854,0.9998668506741524
612,-2.499999999999999,-2.499999999999999,50,None,0.9998568999767303,0.9999545586109161
613,-2.499999999999999,-2.499999999999999,50,None,0.9344206658005715,0.96653972517699
614,-2.499999999999999,-2.499999999999999,50,None,0.8442199204489589,0.9999884939193726
615,-2.499999999999999,-2.499999999999999,50,None,0.9987826979160309,0.9993540477752686
616,-5.05,4.95,1,Villain,0.9963311553001404,0.9999967813491821
617,4.9,-5.1,2,Hero,0.9999277591705322,0.9999996423721313
618,-2.499999999999999,-2.499999999999999,50,None,0.998662897348404,0.9999006998538971
619,4.7,-5.3,6,Hero,0.9995273947715759,0.999501089255015
620,-2.499999999999999,-2.499999999999999,50,None,0.9997605800628662,0.9999995851516723
621,-2.499999999999999,-2.499999999999999,50,None,0.9955798745155334,0.9984809231758117
622,-7.499999999999999,2.500000000000001,50,Villain,0.7705090153589844,0.9970222556591034
623,-2.499999999999999,-2.499999999999999,50,None,0.999469689130783,0.9999420022964478
624,4.95,-5.05,1,Hero,0.9967150688171387,0.9999686479568481
625,-2.499999999999999,-2.499999999999999,50,None,0.885490034557879,0.9945571351051331
626,-2.499999999999999,-2.499999999999999,50,None,0.9526848817523569,0.9999994683265686
627,-5.05,4.95,1,Villain,0.9534347653388977,0.998708963394165
628,-2.499999999999999,-2.499999999999999,50,None,0.9993250453472138,0.999634952545166
629,-2.499999999999999,-2.499999999999999,50,None,0.9116269502788782,0.9997815668582917
630,4.9,-5.1,2,Hero,0.9992362260818481,0.9999890923500061
631,4.7,-5.3,6,Hero,0.9998022615909576,0.9998795688152313
632,-2.499999999999999,-2.499999999999999,50,None,0.9910766851902008,0.9999976420402527
633,-2.499999999999999,-2.499999999999999,50,None,0.9957803320884705,0.9999974393844604
634,-2.499999999999999,-2.499999999999999,50,None,0.9901528775691986,0.9997787356376648
635,-2.499999999999999,-2.499999999999999,50,None,0.9993618726730347,0.9999999952316284
636,-2.499999999999999,-2.499999999999999,50,None,0.9072224592417478,0.9767364369472489
637,-5.3999999999999995,4.6000000000000005,8,Villain,0.8113867794163525,0.9968410581350327
638,-2.499999999999999,-2.499999999999999,50,None,0.9549278254061937,0.9999842786788941
639,-2.499999999999999,-2.499999999999999,50,None,0.8495281860418618,0.9998577928543091
640,-2.499999999999999,-2.499999999999999,50,None,0.9988753855228424,0.9999996113777161
641,-7.3,2.7,46,Villain,0.6200811543866344,0.9975913089254628
642,-2.499999999999999,-2.499999999999999,50,None,0.9352712373714894,0.999996612071991
643,-2.499999999999999,-2.499999999999999,50,None,0.996324646472931,0.9999992656707763
644,-2.499999999999999,-2.499999999999999,50,None,0.6294551848992705,0.9986272728443146
645,-2.499999999999999,-2.499999999999999,50,None,0.8944975089468062,0.9999944615364075
646,-2.499999999999999,-2.499999999999999,50,None,0.9246358615532517,0.9999950838088989
647,-5.3,4.7,6,Villain,0.9975998401641846,0.9999850193659464
648,-2.499999999999999,-2.499999999999999,50,None,0.7733843206614256,0.9999841213226318
649,-2.499999999999999,-2.499999999999999,50,None,0.9653820679336786,0.9999896574020386
650,4.55,-5.45,9,Hero,0.9998704592386881,0.9994368685616387
651,-5.2,4.8,4,Villain,0.9787666499614716,0.9998422414064407
652,4.8500000000000005,-5.1499999999999995,3,Hero,0.9995913108189901,0.999976634979248
653,-2.499999999999999,-2.499999999999999,50,None,0.9912184536457062,0.9999989080429077
654,-2.499999999999999,-2.499999999999999,50,None,0.8066165352240204,0.9997302377223969
655,-2.499999999999999,-2.499999999999999,50,None,0.9053919278574176,0.973240420371294
656,-2.499999999999999,-2.499999999999999,50,None,0.7277248894423246,0.9999601423740387
657,-5.35,4.65,7,Villain,0.7992166025297982,0.9980245062283107
658,-2.499999999999999,-2.499999999999999,50,None,0.47943733893334867,0.6575041884183883
659,-2.499999999999999,-2.499999999999999,50,None,0.9966541647911071,0.999999406337738
660,4.7,-5.3,6,Hero,0.9988525609175364,0.9998371601104736
661,-6.750000000000001,3.249999999999999,35,Villain,0.46603475447211945,0.5870882479207856
662,-2.499999999999999,-2.499999999999999,50,None,0.9252336636185646,0.9991898775100708
663,-5.45,4.55,9,Villain,0.8176708221435547,0.9981831444634331
664,4.95,-5.05,1,Hero,0.999677300453186,1.0
665,-2.499999999999999,-2.499999999999999,50,None,0.999428893327713,0.9999991846084595
666,-2.499999999999999,-2.499999999999999,50,None,0.8785311606014148,0.9971261405944825
667,4.9,-5.1,2,Hero,0.9998071193695068,0.9999117255210876
668,-5.05,4.95,1,Villain,0.9979110360145569,0.9999984502792358
669,-2.499999999999999,-2.499999999999999,50,None,0.961973621477373,0.9999252116680145
670,-2.499999999999999,-2.499999999999999,50,None,0.5550398774817586,0.9939500164985656
671,-2.499999999999999,-2.499999999999999,50,None,0.5181092822551727,0.7865451664850116
672,-2.499999999999999,-2.499999999999999,50,None,0.7920192529261112,0.9999980235099792
673,4.9,-5.1,2,Hero,0.9997342824935913,0.9998783469200134
674,-2.499999999999999,-2.499999999999999,50,None,0.5229694832861423,0.9528144703805447
675,-2.499999999999999,-2.499999999999999,50,None,0.9867106592655182,0.9991787254810334
676,-2.499999999999999,-2.499999999999999,50,None,0.9952489531040192,0.9999998521804809
677,-2.499999999999999,-2.499999999999999,50,None,0.561332691963762,0.9322050005197525
678,-2.499999999999999,-2.499999999999999,50,None,0.9985144019126893,0.9999898767471314
679,4.9,-5.1,2,Hero,0.999596893787384,0.9997786283493042
680,-2.499999999999999,-2.499999999999999,50,None,0.7256170768290758,0.9992482483386993
681,-2.499999999999999,-2.499999999999999,50,None,0.9676807488314807,0.9998748815059662
682,-2.499999999999999,-2.499999999999999,50,None,0.8230496339499951,0.9999769842624664
683,4.8500000000000005,-5.1499999999999995,3,Hero,0.9996238946914673,0.9999297857284546
684,-6.65,3.3499999999999996,33,Villain,0.4983199654203473,0.974871814250946
685,-2.499999999999999,-2.499999999999999,50,None,0.722996836900711,0.9999199390411377
686,-2.499999999999999,-2.499999999999999,50,None,0.8865145754814148,0.997107127904892
687,-2.499999999999999,-2.499999999999999,50,None,0.9203247405588627,0.9998038780689239
688,-2.499999999999999,-2.499999999999999,50,None,0.9987212705612183,0.999984815120697
689,-2.499999999999999,-2.499999999999999,50,None,0.9958024108409882,0.9998906052112579
690,-5.45,4.55,9,Villain,0.9975753691461351,0.999999483426412
691,-2.499999999999999,-2.499999999999999,50,None,0.9969605565071106,0.9999954628944397
692,-2.499999999999999,-2.499999999999999,50,None,0.7446617209911346,0.659286008477211
693,-2.499999999999999,-2.499999999999999,50,None,0.834725218564272,0.9999970006942749
694,-2.499999999999999,-2.499999999999999,50,None,0.9560480284132064,0.9999924087524414
695,-2.499999999999999,-2.499999999999999,50,None,0.7389262152835727,0.9999994277954102
696,-5.45,4.55,9,Villain,0.9961721963352628,0.9999969667858548
697,-7.35,2.6500000000000004,47,Villain,0.538777121739026,0.9977242933942917
698,-2.499999999999999,-2.499999999999999,50,None,0.9622313684225082,0.9999995684623718
699,-2.499999999999999,-2.499999999999999,50,None,0.8892809719964861,0.9998407948017121
700,-2.499999999999999,-2.499999999999999,50,None,0.9979233193397522,0.9999924147129059
701,-2.499999999999999,-2.499999999999999,50,None,0.9976082754135132,0.999999282360077
702,4.75,-5.25,5,Hero,0.9988015055656433,0.9998556137084961
703,-2.499999999999999,-2.499999999999999,50,None,0.5228132617473602,0.9420861876010895
704,-2.499999999999999,-2.499999999999999,50,None,0.7312086644209921,0.6391891539096832
705,-2.499999999999999,-2.499999999999999,50,None,0.6348862414062023,0.9999279212951661
706,-2.499999999999999,-2.499999999999999,50,None,0.4925047132372856,0.9995033311843872
707,-2.499999999999999,-2.499999999999999,50,None,0.8263255701959134,0.9999983143806458
708,-2.499999999999999,-2.499999999999999,50,None,0.5049157691001892,0.9996955096721649
709,-2.499999999999999,-2.499999999999999,50,None,0.6300057175755501,0.9978268432617188
710,4.9,-5.1,2,Hero,0.9991560876369476,0.9999895095825195
711,-2.499999999999999,-2.499999999999999,50,None,0.8286725048720837,0.9999906575679779
712,-5.45,4.55,9,Villain,0.989269408914778,0.9999994171990289
713,-2.499999999999999,-2.499999999999999,50,None,0.9531256633251906,0.9998898375034332
714,-2.499999999999999,-2.499999999999999,50,None,0.5217407178878785,0.9978002774715423
715,-2.499999999999999,-2.499999999999999,50,None,0.8578701139986515,0.9885030245780945
716,-2.499999999999999,-2.499999999999999,50,None,0.851768450140953,0.9999944114685059
717,-2.499999999999999,-2.499999999999999,50,None,0.9648932488076389,0.9999994301795959
718,-2.499999999999999,-2.499999999999999,50,None,0.8894560469780117,0.5715283801034093
719,-2.499999999999999,-2.499999999999999,50,None,0.8847862822283059,0.8122968206554652
720,-2.499999999999999,-2.499999999999999,50,None,0.700050405561924,0.5603865468502045
721,-2.499999999999999,-2.499999999999999,50,None,0.609803377687931,0.9999984169006347
722,-2.499999999999999,-2.499999999999999,50,None,0.549986737370491,0.9999397349357605
723,4.8500000000000005,-5.1499999999999995,3,Hero,0.9993061621983846,0.9997952977816263
724,-2.499999999999999,-2.499999999999999,50,None,0.9082330176979303,0.9999388337135315
725,-5.45,4.55,9,Villain,0.9299746420648363,0.9998838040563796
726,-5.35,4.65,7,Villain,0.9698007702827454,0.9999992677143642
727,-5.3,4.7,6,Villain,0.6549369818530977,0.9999956488609314
728,-2.499999999999999,-2.499999999999999,50,None,0.9939661836624145,0.9979145324230194
729,-2.499999999999999,-2.499999999999999,50,None,0.5401566031202674,0.9922605156898499
730,-5.05,4.95,1,Villain,0.476023405790329,0.9901847839355469
731,-5.25,4.75,5,Villain,0.9520963311195374,0.9999946594238281
732,-2.499999999999999,-2.499999999999999,50,None,0.8730245459079743,0.9999990129470825
733,-2.499999999999999,-2.499999999999999,50,None,0.5481635849177837,0.992370423078537
734,4.65,-5.35,7,Hero,0.6979571325438363,0.9999995912824359
735,-2.499999999999999,-2.499999999999999,50,None,0.5519540716707706,0.9999957990646362
736,-2.499999999999999,-2.499999999999999,50,None,0.8295274930819869,0.5009733855724334
737,-2.499999999999999,-2.499999999999999,50,None,0.7668359610438347,0.9999694681167602
738,-2.499999999999999,-2.499999999999999,50,None,0.5812481892108917,0.9998652780056
739,-2.499999999999999,-2.499999999999999,50,None,0.8568633052706719,0.9998758387565613
740,-2.499999999999999,-2.499999999999999,50,None,0.9995254480838776,0.9998149085044861
741,-2.499999999999999,-2.499999999999999,50,None,0.6092438244819641,0.9990617895126342
742,4.75,-5.25,5,Hero,0.9837260365486145,0.9999996185302734
743,-2.499999999999999,-2.499999999999999,50,None,0.7554156759381294,0.999992561340332
744,-2.499999999999999,-2.499999999999999,50,None,0.8208851772546768,0.9999968075752258
745,-2.499999999999999,-2.499999999999999,50,None,0.7556494879722595,0.999756635427475
746,-2.499999999999999,-2.499999999999999,50,None,0.9694273102283478,0.5398481961106881
747,-2.499999999999999,-2.499999999999999,50,None,0.8548897223547101,0.5445216661132872
748,-2.499999999999999,-2.499999999999999,50,None,0.9639462082833051,0.5828265354037285
749,-2.499999999999999,-2.499999999999999,50,None,0.9519217667728662,0.9999998474121093
750,-2.499999999999999,-2.499999999999999,50,None,0.971574946641922,0.9999850773811341
751,-2.499999999999999,-2.499999999999999,50,None,0.6356520110368729,0.9999631643295288
752,-2.499999999999999,-2.499999999999999,50,None,0.9131129765510559,0.9999482929706573
753,-2.499999999999999,-2.499999999999999,50,None,0.6035219067335129,0.9994922626018524
754,-2.499999999999999,-2.499999999999999,50,None,0.9708344745635986,0.9999593305587768
755,-5.05,4.95,1,Villain,0.38881775736808777,0.17276427149772644
756,-2.499999999999999,-2.499999999999999,50,None,0.7996435022354126,0.9998371839523316
757,4.6000000000000005,-5.3999999999999995,8,Hero,0.9969124272465706,0.9999124258756638
758,-2.499999999999999,-2.499999999999999,50,None,0.9551723363995552,0.9999466896057129
759,-5.35,4.65,7,Villain,0.9457509943417141,0.9999689204352242
760,-2.499999999999999,-2.499999999999999,50,None,0.9582581526041031,0.9994979596138001
761,-2.499999999999999,-2.499999999999999,50,None,0.773457333445549,0.6733768968190997
762,-2.499999999999999,-2.499999999999999,50,None,0.8828959271125495,0.5488105853367596
763,-5.1499999999999995,4.8500000000000005,3,Villain,0.9977237383524576,0.9999983708063761
764,-2.499999999999999,-2.499999999999999,50,None,0.8423239420354366,0.9999904084205627
765,-2.499999999999999,-2.499999999999999,50,None,0.9413977918773889,0.9999511468410492
766,-2.499999999999999,-2.499999999999999,50,None,0.9982323050498962,0.9999948740005493
767,-2.499999999999999,-2.499999999999999,50,None,0.9754539167881012,0.999990451335907
768,-2.499999999999999,-2.499999999999999,50,None,0.9975803327560425,0.9999011921882629
769,4.6000000000000005,-5.3999999999999995,8,Hero,0.9992674738168716,0.9991177320480347
770,-2.499999999999999,-2.499999999999999,50,None,0.7752764121443033,0.5148197934310883
771,-2.499999999999999,-2.499999999999999,50,None,0.9695381879806518,0.9994949173927307
772,-2.499999999999999,-2.499999999999999,50,None,0.9652676308155059,0.9996128404140472
773,4.8500000000000005,-5.1499999999999995,3,Hero,0.9998991886774699,0.9996363123257955
774,-2.499999999999999,-2.499999999999999,50,None,0.9299194610118866,0.9107389438152313
775,-2.499999999999999,-2.499999999999999,50,None,0.9014176350086928,0.999422972202301
776,4.7,-5.3,6,Hero,0.9998615880807241,0.9980020821094513
777,-2.499999999999999,-2.499999999999999,50,None,0.875679042795673,0.9999965739250183
778,-2.499999999999999,-2.499999999999999,50,None,0.743502488322556,0.6619523143395781
779,-2.499999999999999,-2.499999999999999,50,None,0.5186257642507554,0.9889404320716858
780,-2.499999999999999,-2.499999999999999,50,None,0.9071509379148484,0.9795368903072085
781,-2.499999999999999,-2.499999999999999,50,None,0.8671728428592905,0.9997914552688598
782,-2.499999999999999,-2.499999999999999,50,None,0.8894555719941855,0.9997292459011078
783,-2.499999999999999,-2.499999999999999,50,None,0.8501410304009914,0.5636307964660228
784,-2.499999999999999,-2.499999999999999,50,None,0.9973071110248566,0.6570994907617569
785,-2.499999999999999,-2.499999999999999,50,None,0.9762672859290614,0.8692852616216987
786,-2.499999999999999,-2.499999999999999,50,None,0.5043295314908027,0.9973109078407287
787,-2.499999999999999,-2.499999999999999,50,None,0.7391384474933147,0.5852183629386127
788,4.75,-5.25,5,Hero,0.9993602156639099,0.9999948501586914
789,-2.499999999999999,-2.499999999999999,50,None,0.840910752415657,0.799764244556427
790,-2.499999999999999,-2.499999999999999,50,None,0.7189520132541657,0.9390168726444245
791,-2.499999999999999,-2.499999999999999,50,None,0.9028750061802566,0.7763692258298397
792,-2.499999999999999,-2.499999999999999,50,None,0.6598094303812831,0.626112567037344
793,-2.499999999999999,-2.499999999999999,50,None,0.495886515378952,0.9799164700508117
794,-6.4,3.5999999999999996,28,Villain,0.8577582253409284,0.4703443885913917
795,-2.499999999999999,-2.499999999999999,50,None,0.6103143411874771,0.9998036193847656
796,-2.499999999999999,-2.499999999999999,50,None,0.6640360534191132,0.6368613827228546
797,-2.499999999999999,-2.499999999999999,50,None,0.9385585682094097,0.9999957227706909
798,-2.499999999999999,-2.499999999999999,50,None,0.9919528591632844,0.9999180006980896
799,-5.1499999999999995,4.8500000000000005,3,Villain,0.9982484181722006,0.9999938408533732
800,-2.499999999999999,-2.499999999999999,50,None,0.9929620969295502,0.9863294339179993
801,-2.499999999999999,-2.499999999999999,50,None,0.7878919446468353,0.9996519589424133
802,-2.499999999999999,-2.499999999999999,50,None,0.8989770232886076,0.9996588158607483
803,-5.3,4.7,6,Villain,0.985393226146698,0.9997905492782593
804,-2.499999999999999,-2.499999999999999,50,None,0.9156873361766338,0.5897556644678116
805,-2.499999999999999,-2.499999999999999,50,None,0.9007401215750724,0.9402733514457942
806,-2.499999999999999,-2.499999999999999,50,None,0.7822273342311382,0.9999358451366425
807,4.75,-5.25,5,Hero,0.9948747754096985,0.9997367143630982
808,-2.499999999999999,-2.499999999999999,50,None,0.9256113800313324,0.7673551476746797
809,-2.499999999999999,-2.499999999999999,50,None,0.8977774542570114,0.5451301193237305
810,4.55,-5.45,9,Hero,0.9977440237998962,0.9989870852894254
811,-2.499999999999999,-2.499999999999999,50,None,0.8755630700290203,0.6870519880205392
812,-2.499999999999999,-2.499999999999999,50,None,0.9767397657036782,0.7436412619054318
813,4.8,-5.2,4,Hero,0.9985959678888321,0.9999591410160065
814,-2.499999999999999,-2.499999999999999,50,None,0.7002653548121452,0.5085208593681455
815,-2.499999999999999,-2.499999999999999,50,None,0.9912878990173339,0.9999758291244507
816,-2.499999999999999,-2.499999999999999,50,None,0.644279592037201,0.5580761624872684
817,-2.499999999999999,-2.499999999999999,50,None,0.5105973488092422,0.9395386990089901
818,-5.45,4.55,9,Villain,0.8146962175766627,0.4355294994182057
819,-2.499999999999999,-2.499999999999999,50,None,0.9699509084224701,0.9937911725044251
820,-2.499999999999999,-2.499999999999999,50,None,0.5680894996225834,0.46939537674188614
821,-2.499999999999999,-2.499999999999999,50,None,0.8456099526584149,0.9787479705177248
822,-6.700000000000001,3.2999999999999994,34,Villain,0.5523987965288517,0.9991214573383331
823,4.8500000000000005,-5.1499999999999995,3,Hero,0.9950958093007406,0.9999851783116659
824,-5.1,4.9,2,Villain,0.2603771761059761,0.4222361668944359
825,-2.499999999999999,-2.499999999999999,50,None,0.7304983800649643,0.9994727098941802
826,4.75,-5.25,5,Hero,0.999789547920227,0.9991038918495179
827,-2.499999999999999,-2.499999999999999,50,None,0.9891229426860809,0.9998522782325745
828,-2.499999999999999,-2.499999999999999,50,None,0.7096782984212041,0.45376968562603
829,-2.499999999999999,-2.499999999999999,50,None,0.9400734003633261,0.9993389880657196
830,-2.499999999999999,-2.499999999999999,50,None,0.7312973972968757,0.5988269766746089
831,-2.499999999999999,-2.499999999999999,50,None,0.9982618117332458,0.9998750913143158
832,-2.499999999999999,-2.499999999999999,50,None,0.6964162865281105,0.5158492597192526
833,-6.25,3.75,25,Villain,0.7138758296519518,0.5093617369234562
834,-2.499999999999999,-2.499999999999999,50,None,0.6465006529912353,0.5900372345745564
835,-2.499999999999999,-2.499999999999999,50,None,0.997036544084549,0.9998549807071686
836,-2.499999999999999,-2.499999999999999,50,None,0.6657131600752473,0.5716418969258666
837,4.6000000000000005,-5.3999999999999995,8,Hero,0.9997156336903572,0.9933729693293571
838,-2.499999999999999,-2.499999999999999,50,None,0.5878511045128108,0.5971863999962806
839,-2.499999999999999,-2.499999999999999,50,None,0.9994698941707612,0.9999692857265472
840,-2.499999999999999,-2.499999999999999,50,None,0.8796362623572349,0.9730014603817836
841,-2.499999999999999,-2.499999999999999,50,None,0.9688094288483262,0.9999222230911254
842,4.65,-5.35,7,Hero,0.9976713912827628,0.988648499761309
843,-2.499999999999999,-2.499999999999999,50,None,0.6390048774331808,0.5400221595168113
844,4.55,-5.45,9,Hero,0.9997857345475091,0.9968632592095269
845,-2.499999999999999,-2.499999999999999,50,None,0.6108282738924027,0.6658189348876477
846,-2.499999999999999,-2.499999999999999,50,None,0.6633482603542507,0.6383324423059821
847,-2.499999999999999,-2.499999999999999,50,None,0.6501832663267851,0.5713819231465459
848,-2.499999999999999,-2.499999999999999,50,None,0.699771963795647,0.770489789173007
849,-2.499999999999999,-2.499999999999999,50,None,0.939134879373014,0.8606883576512336
850,-6.0,4.0,20,Villain,0.7081688672304154,0.5211500130593777
851,-2.499999999999999,-2.499999999999999,50,None,0.8360537628084421,0.9992143392562867
852,4.75,-5.25,5,Hero,0.9998042225837708,0.998898196220398
853,-2.499999999999999,-2.499999999999999,50,None,0.5743875761330127,0.5036005145683885
854,-5.45,4.55,9,Villain,0.9976627031962076,0.9996282855669657
855,-2.499999999999999,-2.499999999999999,50,None,0.9656850732304156,0.9999184370040893
856,-2.499999999999999,-2.499999999999999,50,None,0.9888777697086334,0.9998766601085662
857,-2.499999999999999,-2.499999999999999,50,None,0.7341364303231239,0.9977430784702301
858,-2.499999999999999,-2.499999999999999,50,None,0.995916405916214,0.9999207282066345
859,-2.499999999999999,-2.499999999999999,50,None,0.6534385942667723,0.569842342697084
860,4.65,-5.35,7,Hero,0.9998224207333156,0.9999614443097796
861,4.95,-5.05,1,Hero,0.9997592568397522,0.9997472167015076
862,-5.95,4.05,19,Villain,0.6915637503721213,0.7092852849317225
863,-2.499999999999999,-2.499999999999999,50,None,0.8959098953008652,0.9989508759975433
864,-2.499999999999999,-2.499999999999999,50,None,0.9893778955936432,0.9999144613742829
865,-2.499999999999999,-2.499999999999999,50,None,0.5649846182763576,0.6835538010299206
866,-2.499999999999999,-2.499999999999999,50,None,0.6098135906457901,0.9647052780911326
867,-2.499999999999999,-2.499999999999999,50,None,0.5733722676336765,0.8218271070718766
868,-5.35,4.65,7,Villain,0.9946059244019645,0.9996751291411263
869,-2.499999999999999,-2.499999999999999,50,None,0.9599772797897458,0.9998720228672028
870,-2.499999999999999,-2.499999999999999,50,None,0.6547020110301673,0.9622366608679295
871,-2.499999999999999,-2.499999999999999,50,None,0.5207341510057449,0.9921067321300506
872,-2.499999999999999,-2.499999999999999,50,None,0.5435189465433359,0.544272278547287
873,-2.499999999999999,-2.499999999999999,50,None,0.5329158958047628,0.8398056356608867
874,-2.499999999999999,-2.499999999999999,50,None,0.5235100044682622,0.5205143623054027
875,-2.499999999999999,-2.499999999999999,50,None,0.9621365260705352,0.9997943985462189
876,-2.499999999999999,-2.499999999999999,50,None,0.5214390255510807,0.8867404878512025
877,-2.499999999999999,-2.499999999999999,50,None,0.4574272694066167,0.9944036328792571
878,-2.499999999999999,-2.499999999999999,50,None,0.5579553524032235,0.6926912805065513
879,-2.499999999999999,-2.499999999999999,50,None,0.9169159217178822,0.9997655677795411
880,-2.499999999999999,-2.499999999999999,50,None,0.4980562700331211,0.9501687280833722
881,-7.050000000000001,2.9499999999999993,41,Villain,0.5462796817102084,0.9973974664036821
882,-2.499999999999999,-2.499999999999999,50,None,0.989001829624176,0.99978884100914
883,-2.499999999999999,-2.499999999999999,50,None,0.5364831935055554,0.8099170681089163
884,4.6000000000000005,-5.3999999999999995,8,Hero,0.9988841116428375,0.9992248937487602
885,-6.05,3.95,21,Villain,0.6634353517244259,0.9599125385284424
886,-2.499999999999999,-2.499999999999999,50,None,0.4918529976904392,0.574296821448952
887,-2.499999999999999,-2.499999999999999,50,None,0.8513928022608162,0.9991772103309632
888,-2.499999999999999,-2.499999999999999,50,None,0.9686910789553076,0.9999909949302673
889,-2.499999999999999,-2.499999999999999,50,None,0.5302516555786133,0.7190580496937037
890,-2.499999999999999,-2.499999999999999,50,None,0.9947872686386109,0.9997589290142059
891,-2.499999999999999,-2.499999999999999,50,None,0.775991781949997,0.9998951518535614
892,-2.499999999999999,-2.499999999999999,50,None,0.6582720061019063,0.9998113441467286
893,-2.499999999999999,-2.499999999999999,50,None,0.8008324530720711,0.9999853348731995
894,-2.499999999999999,-2.499999999999999,50,None,0.6049561721086502,0.9993647742271423
895,-2.499999999999999,-2.499999999999999,50,None,0.9802919614315033,0.999988853931427
896,-2.499999999999999,-2.499999999999999,50,None,0.5750321587920189,0.9995198941230774
897,-2.499999999999999,-2.499999999999999,50,None,0.6399498942121863,0.9999343967437744
898,-2.499999999999999,-2.499999999999999,50,None,0.5167568451724946,0.8591022734344006
899,-2.499999999999999,-2.499999999999999,50,None,0.9200763935223222,0.9999936819076538
900,-2.499999999999999,-2.499999999999999,50,None,0.6485583275556565,0.99973273396492
901,-7.25,2.75,45,Villain,0.7920062906005316,0.9998287518819173
902,-2.499999999999999,-2.499999999999999,50,None,0.721263642134145,0.9990758049488068
903,-2.499999999999999,-2.499999999999999,50,None,0.7374633954837918,0.9999276721477508
904,-2.499999999999999,-2.499999999999999,50,None,0.9765566586749628,0.9999858844280243
905,-2.499999999999999,-2.499999999999999,50,None,0.512182015478611,0.9995640003681183
906,-2.499999999999999,-2.499999999999999,50,None,0.9887062776088714,0.9997815179824829
907,-2.499999999999999,-2.499999999999999,50,None,0.9797181177139282,0.9999903106689453
908,4.95,-5.05,1,Hero,0.9996715784072876,0.9999982118606567
909,-2.499999999999999,-2.499999999999999,50,None,0.57600771099329,0.7406000180914998
910,-2.499999999999999,-2.499999999999999,50,None,0.9959192430973053,0.9999941658973693
911,-2.499999999999999,-2.499999999999999,50,None,0.5708912725746632,0.9943369555473328
912,-2.499999999999999,-2.499999999999999,50,None,0.5699575187265873,0.9962826490402221
913,-2.499999999999999,-2.499999999999999,50,None,0.982752937078476,0.9998503398895263
914,-2.499999999999999,-2.499999999999999,50,None,0.8673187398910522,0.9999785339832306
915,-2.499999999999999,-2.499999999999999,50,None,0.905478580892086,0.9999898958206177
916,-2.499999999999999,-2.499999999999999,50,None,0.7643911016732454,0.532515041232109
917,-2.499999999999999,-2.499999999999999,50,None,0.5570656637102366,0.5827806870639324
918,-2.499999999999999,-2.499999999999999,50,None,0.921832664012909,0.9999917984008789
919,-2.499999999999999,-2.499999999999999,50,None,0.6642523450404405,0.9994464254379273
920,-5.25,4.75,5,Villain,0.909189510345459,0.9998526215553284
921,-2.499999999999999,-2.499999999999999,50,None,0.8334731978178024,0.6916005195677281
922,-2.499999999999999,-2.499999999999999,50,None,0.6857396699115634,0.9888042902946472
923,4.95,-5.05,1,Hero,0.9993658661842346,0.9999992847442627
924,4.95,-5.05,1,Hero,0.995154857635498,0.9999921321868896
925,-2.499999999999999,-2.499999999999999,50,None,0.6494392378628254,0.5420206242799759
926,-2.499999999999999,-2.499999999999999,50,None,0.8994091664254665,0.5752632869035006
927,-2.499999999999999,-2.499999999999999,50,None,0.5339942055568099,0.9781736793229356
928,-2.499999999999999,-2.499999999999999,50,None,0.7602180308103561,0.7605396312475204
929,-2.499999999999999,-2.499999999999999,50,None,0.5407275357842445,0.9998733723163604
930,4.7,-5.3,6,Hero,0.9963593482971191,0.9999630649884542
931,4.7,-5.3,6,Hero,0.998600830634435,0.9999651511510214
932,-2.499999999999999,-2.499999999999999,50,None,0.5632284170389176,0.9997405445575714
933,-2.499999999999999,-2.499999999999999,50,None,0.5877675491571427,0.9997946095466613
934,-2.499999999999999,-2.499999999999999,50,None,0.5759652974456548,0.9999966549873353
935,-2.499999999999999,-2.499999999999999,50,None,0.6791135028004647,0.999906575679779
936,-2.499999999999999,-2.499999999999999,50,None,0.5699559262394905,0.7638600682094693
937,-2.499999999999999,-2.499999999999999,50,None,0.5690961211919785,0.999466962814331
938,-2.499999999999999,-2.499999999999999,50,None,0.8024756858497858,0.9996900272369384
939,-2.499999999999999,-2.499999999999999,50,None,0.5285257643088699,0.9696136505901813
940,-2.499999999999999,-2.499999999999999,50,None,0.8946560280770064,0.9999039649963379
941,-2.499999999999999,-2.499999999999999,50,None,0.6780141325294972,0.9994668817520141
942,-2.499999999999999,-2.499999999999999,50,None,0.7073214007914066,0.975067917983979
943,-2.499999999999999,-2.499999999999999,50,None,0.9358637761324644,0.9999995160102845
944,-2.499999999999999,-2.499999999999999,50,None,0.8362347131595016,0.9999500024318695
945,-6.8500000000000005,3.1499999999999995,37,Villain,0.620045344068392,0.9999478604342487
946,-2.499999999999999,-2.499999999999999,50,None,0.805572760105133,0.9999944424629211
947,-2.499999999999999,-2.499999999999999,50,None,0.5894681024551391,0.8853774838149547
948,-2.499999999999999,-2.499999999999999,50,None,0.6548910995386541,0.8937252709548921
949,-2.499999999999999,-2.499999999999999,50,None,0.5984258788637817,0.9996899390220642
950,-2.499999999999999,-2.499999999999999,50,None,0.6093330681324005,0.9995094835758209
951,-2.499999999999999,-2.499999999999999,50,None,0.5529330549389124,0.8604581525549293
952,-2.499999999999999,-2.499999999999999,50,None,0.6702774413768202,0.9783689772954677
953,-2.499999999999999,-2.499999999999999,50,None,0.5574553781747817,0.9999119353294372
954,-2.499999999999999,-2.499999999999999,50,None,0.5369615185260773,0.9997032642364502
955,4.8500000000000005,-5.1499999999999995,3,Hero,0.999407152334849,0.9999008178710938
956,-2.499999999999999,-2.499999999999999,50,None,0.5908798793517053,0.999539909362793
957,-2.499999999999999,-2.499999999999999,50,None,0.7100807326566428,0.9999951410293579
958,-2.499999999999999,-2.499999999999999,50,None,0.5885505743324757,0.7040214333869517
959,-2.499999999999999,-2.499999999999999,50,None,0.5178680627793074,0.9968907749652862
960,-2.499999999999999,-2.499999999999999,50,None,0.521319696046412,0.8431840190291404
961,-2.499999999999999,-2.499999999999999,50,None,0.5945999205112458,0.6418205764889717
962,4.6000000000000005,-5.3999999999999995,8,Hero,0.996139645576477,0.9998440220952034
963,-5.45,4.55,9,Villain,0.9396599729855856,0.9997465941641066
964,-2.499999999999999,-2.499999999999999,50,None,0.6091563521325588,0.97443329654634
965,-2.499999999999999,-2.499999999999999,50,None,0.570008241161704,0.8597686329483986
966,-6.15,3.8499999999999996,23,Villain,0.5815299360648446,0.9999793975249581
967,-2.499999999999999,-2.499999999999999,50,None,0.5751726337894797,0.7240580871701241
968,-2.499999999999999,-2.499999999999999,50,None,0.9174728260934353,0.9961543262004853
969,-2.499999999999999,-2.499999999999999,50,None,0.5433994936197997,0.9984775137901306
970,4.55,-5.45,9,Hero,0.8584928798178831,0.9999957217110528
971,3.5999999999999996,-6.4,28,Hero,0.6361014511536008,0.9997689745255879
972,-2.499999999999999,-2.499999999999999,50,None,0.7035951280966402,0.9751028900407255
973,-2.499999999999999,-2.499999999999999,50,None,0.6313064832240343,0.9998178958892823
974,-2.499999999999999,-2.499999999999999,50,None,0.6024409727007151,0.996717586517334
975,4.65,-5.35,7,Hero,0.9779476267950875,0.99998939037323
976,-2.499999999999999,-2.499999999999999,50,None,0.5934037069231272,0.9793179712700657
977,-2.499999999999999,-2.499999999999999,50,None,0.6738407200574875,0.9999084866046906
978,-2.499999999999999,-2.499999999999999,50,None,0.5713584735989571,0.9080317852459848
979,-2.499999999999999,-2.499999999999999,50,None,0.8360406699776649,0.7761856472119689
980,-2.499999999999999,-2.499999999999999,50,None,0.5845014226809144,0.8938789324462414
981,-2.499999999999999,-2.499999999999999,50,None,0.765299169421196,0.9999531435966492
982,-7.000000000000001,2.999999999999999,40,Villain,0.535121938586235,0.9982638686895371
983,4.8,-5.2,4,Hero,0.9972499459981918,0.999954104423523
984,-2.499999999999999,-2.499999999999999,50,None,0.55237338706851,0.9956810152530671
985,-2.499999999999999,-2.499999999999999,50,None,0.5547241200506687,0.6449468551203609
986,-2.499999999999999,-2.499999999999999,50,None,0.7825796133279801,0.9999941515922547
987,-2.499999999999999,-2.499999999999999,50,None,0.6132092905044556,0.8816754208505153
988,-2.499999999999999,-2.499999999999999,50,None,0.5738316547870635,0.9997474694252014
989,-2.499999999999999,-2.499999999999999,50,None,0.9035147797688842,0.9759465030475986
990,-2.499999999999999,-2.499999999999999,50,None,0.5920529857231304,0.6034402127563954
991,-2.499999999999999,-2.499999999999999,50,None,0.6059193975478411,0.6449211919307709
992,4.4,-5.6,12,Hero,0.5913323012646288,0.9999869068463644
993,-5.1,4.9,2,Villain,0.16295384615659714,0.911765843629837
994,-2.499999999999999,-2.499999999999999,50,None,0.6820828623324633,0.6656549968570471
995,-2.499999999999999,-2.499999999999999,50,None,0.9463630068302155,0.5544024831801653
996,-2.499999999999999,-2.499999999999999,50,None,0.6106272457027808,0.7036242029443384
997,-2.499999999999999,-2.499999999999999,50,None,0.9955717623233795,0.9444154808437452
998,-2.499999999999999,-2.499999999999999,50,None,0.6232993215322494,0.9989166736602784
999,-2.499999999999999,-2.499999999999999,50,None,0.9269639006629586,0.9972052419185639
1000,-2.499999999999999,-2.499999999999999,50,None,0.5652590372320264,0.9993427622318268
1001,-2.499999999999999,-2.499999999999999,50,None,0.8074039443768561,0.5676224267482758
1002,-2.499999999999999,-2.499999999999999,50,None,0.6667712228000164,0.6700349684432149
1003,-2.499999999999999,-2.499999999999999,50,None,0.5835924082994461,0.9990611958503723
1004,-2.499999999999999,-2.499999999999999,50,None,0.5350136980414391,0.9724160562828184
1005,-5.2,4.8,4,Villain,0.6488611958920956,0.9999211728572845
1006,4.65,-5.35,7,Hero,0.6666963057858604,0.9999986035483224
1007,-2.499999999999999,-2.499999999999999,50,None,0.9982506918907166,0.8962792146205902
1008,-2.499999999999999,-2.499999999999999,50,None,0.6859660018980503,0.5532585014402867
1009,-2.499999999999999,-2.499999999999999,50,None,0.6665441083349287,0.9243014318053611
1010,4.95,-5.05,1,Hero,0.9948722720146179,0.9999864101409912
1011,-2.499999999999999,-2.499999999999999,50,None,0.7744799292087555,0.6140295585989952
1012,-2.499999999999999,-2.499999999999999,50,None,0.5940495336055756,0.9999893188476563
1013,-2.499999999999999,-2.499999999999999,50,None,0.9585163144022226,0.6817931583523751
1014,-2.499999999999999,-2.499999999999999,50,None,0.7482025355100632,0.968573962058872
1015,-6.6000000000000005,3.3999999999999995,32,Villain,0.821216722484678,0.4901166735216975
1016,-2.499999999999999,-2.499999999999999,50,None,0.529425572650507,0.9999977707862854
1017,4.9,-5.1,2,Hero,0.9947908818721771,0.9999973773956299
1018,-2.499999999999999,-2.499999999999999,50,None,0.6640377342514694,0.7379585217684508
1019,-5.05,4.95,1,Villain,0.9353219270706177,0.999648928642273
1020,-6.800000000000001,3.1999999999999993,36,Villain,0.8077321091873778,0.5705372426244948
1021,-2.499999999999999,-2.499999999999999,50,None,0.7632475908100605,0.7047448733076453
1022,-5.05,4.95,1,Villain,0.5962082147598267,0.9999988079071045
1023,-2.499999999999999,-2.499999999999999,50,None,0.61248042056337,0.62297877214849
1024,-2.499999999999999,-2.499999999999999,50,None,0.6162954803928733,0.6536158278584481
1025,-2.499999999999999,-2.499999999999999,50,None,0.7770961711904966,0.6900155553221703
1026,-2.499999999999999,-2.499999999999999,50,None,0.5695118764042855,0.9999732780456543
1027,-2.499999999999999,-2.499999999999999,50,None,0.6373243764415384,0.752457235455513
1028,-2.499999999999999,-2.499999999999999,50,None,0.754285941272974,0.5940028753504157
1029,-5.95,4.05,19,Villain,0.7461018460361581,0.5639152942519439
1030,-2.499999999999999,-2.499999999999999,50,None,0.6409603044390678,0.7028796307276934
1031,4.8,-5.2,4,Hero,0.9977238178253174,0.9998010396957397
1032,-2.499999999999999,-2.499999999999999,50,None,0.6447410554438829,0.658236088603735
1033,4.7,-5.3,6,Hero,0.9824651877085367,0.9987501005331675
1034,-2.499999999999999,-2.499999999999999,50,None,0.6907590694352984,0.7618187944591045
1035,-2.499999999999999,-2.499999999999999,50,None,0.7211711515765638,0.623747312873602
1036,-7.499999999999999,2.500000000000001,50,Villain,0.4567940517514944,0.512012121528387
1037,-2.499999999999999,-2.499999999999999,50,None,0.6991679783165455,0.7356288722157478
1038,-2.499999999999999,-2.499999999999999,50,None,0.7041234183870256,0.6852476825937629
1039,-2.499999999999999,-2.499999999999999,50,None,0.5856023826822638,0.8322883015871048
1040,-2.499999999999999,-2.499999999999999,50,None,0.6667673386633396,0.6310756068676711
1041,-2.499999999999999,-2.499999999999999,50,None,0.5754425698518753,0.9745486615598202
1042,-2.499999999999999,-2.499999999999999,50,None,0.5527367625758052,0.6128292793035507
1043,-6.1,3.9,22,Villain,0.5076253354464743,0.443588449196382
1044,-2.499999999999999,-2.499999999999999,50,None,0.6387172736786306,0.8702355674654245
1045,-2.499999999999999,-2.499999999999999,50,None,0.44391464576125145,0.5809300403296948
1046,-5.8,4.2,16,Villain,0.6420876896008849,0.6941206394694746
1047,-2.499999999999999,-2.499999999999999,50,None,0.6549972325190901,0.8556580930948258
1048,-7.1000000000000005,2.8999999999999995,42,Villain,0.48816313315182924,0.6191415597817728
1049,-2.499999999999999,-2.499999999999999,50,None,0.4801576583087444,0.48307262517511845
1050,-2.499999999999999,-2.499999999999999,50,None,0.6886653397977353,0.7419768370687961
1051,-7.15,2.8499999999999996,43,Villain,0.5424816100749859,0.6756536066532135
1052,-6.45,3.55,29,Villain,0.5713532939553261,0.5184812777001282
1053,-5.3,4.7,6,Villain,0.6722046472132206,0.6039446343978246
1054,-6.8500000000000005,3.1499999999999995,37,Villain,0.6320771490399902,0.6584889987433279
1055,-2.499999999999999,-2.499999999999999,50,None,0.5706233422458172,0.5179280044138431
1056,-7.25,2.75,45,Villain,0.617055199874772,0.576550198925866
1057,-6.950000000000001,3.049999999999999,39,Villain,0.6330803693869175,0.5007121200100161
1058,-6.6000000000000005,3.3999999999999995,32,Villain,0.6252551417564973,0.5232122115558013
1059,-5.55,4.45,11,Villain,0.7404569658366117,0.8621126386252317
1060,-6.6000000000000005,3.3999999999999995,32,Villain,0.5515344433952123,0.6063834596425295
1061,-2.499999999999999,-2.499999999999999,50,None,0.6933353652060031,0.6519323962926865
1062,-6.15,3.8499999999999996,23,Villain,0.6652835497389669,0.6381323123755662
1063,-6.750000000000001,3.249999999999999,35,Villain,0.5767279297113419,0.5423917136022023
1064,4.65,-5.35,7,Hero,0.9840222767421177,0.6286410087985652
1065,-2.499999999999999,-2.499999999999999,50,None,0.6419218449294567,0.6362795990053565
1066,-6.15,3.8499999999999996,23,Villain,0.47492208348020265,0.5901906250611596
1067,-2.499999999999999,-2.499999999999999,50,None,0.8914242353290319,0.5707344010472297
1068,-6.950000000000001,3.049999999999999,39,Villain,0.7147914998424358,0.5201801026765352
1069,-6.45,3.55,29,Villain,0.6418254907435641,0.5454863422903521
1070,-2.499999999999999,-2.499999999999999,50,None,0.9040083095431328,0.5130639229714871
1071,-2.499999999999999,-2.499999999999999,50,None,0.48563782751560214,0.5607243322208524
1072,-2.499999999999999,-2.499999999999999,50,None,0.624301871159114,0.6969794735312462
1073,-6.2,3.8,24,Villain,0.5100142825394869,0.6145903536429008
1074,-5.85,4.15,17,Villain,0.6127882634892183,0.6508789956569672
1075,-2.499999999999999,-2.499999999999999,50,None,0.8832006669929251,0.6907583553344011
1076,-2.499999999999999,-2.499999999999999,50,None,0.5192195431888104,0.5329589270055294
1077,-6.45,3.55,29,Villain,0.7262144635977417,0.5840949549757201
1078,-2.499999999999999,-2.499999999999999,50,None,0.488553781285882,0.4970802991837263
1079,-2.499999999999999,-2.499999999999999,50,None,0.8948525701556355,0.6155920493602752
1080,-2.499999999999999,-2.499999999999999,50,None,0.5375554877519607,0.5409587917849421
1081,-5.5,4.5,10,Villain,0.5285479784011841,0.6540857404470444
1082,-6.9,3.099999999999999,38,Villain,0.7247268845768351,0.5714816712578269
1083,-6.3500000000000005,3.6499999999999995,27,Villain,0.5587661110416606,0.6049796424254223
1084,-5.8,4.2,16,Villain,0.446831320412457,0.6112499693408608
1085,-7.15,2.8499999999999996,43,Villain,0.763658003405083,0.4819349348978248
1086,-5.7,4.3,14,Villain,0.6914371584675142,0.5723469608596393
1087,-6.2,3.8,24,Villain,0.6191573441028595,0.61170068072776
1088,-5.2,4.8,4,Villain,0.4068501964211464,0.5365905463695526
1089,-6.45,3.55,29,Villain,0.4687251440923789,0.6119597702576168
1090,4.75,-5.25,5,Hero,0.9590961456298828,0.9994194030761718
1091,-2.499999999999999,-2.499999999999999,50,None,0.6235749933868646,0.7530581390857697
1092,-2.499999999999999,-2.499999999999999,50,None,0.8875804618000984,0.5406939950585365
1093,-2.499999999999999,-2.499999999999999,50,None,0.5847151954844594,0.745855278968811
1094,-6.25,3.75,25,Villain,0.5067017161846161,0.5945866578817367
1095,-6.1,3.9,22,Villain,0.8929996812843125,0.5920665237036619
1096,-2.499999999999999,-2.499999999999999,50,None,0.5469234249740839,0.9617153911292553
1097,-2.499999999999999,-2.499999999999999,50,None,0.9980238234996796,0.8630503689125181
1098,-5.6499999999999995,4.3500000000000005,13,Villain,0.6939575603375068,0.5743013104567161
1099,-2.499999999999999,-2.499999999999999,50,None,0.9982962656021118,0.7557910919189453
1100,-2.499999999999999,-2.499999999999999,50,None,0.8569558316469192,0.6334441110491753
1101,-6.6000000000000005,3.3999999999999995,32,Villain,0.5986545686610043,0.6496751028753351
1102,-2.499999999999999,-2.499999999999999,50,None,0.5418632978759707,0.6769413757696747
1103,-5.55,4.45,11,Villain,0.6717266511510719,0.9996480183167891
1104,-6.9,3.099999999999999,38,Villain,0.501757148408184,0.6473866901115367
1105,-5.8,4.2,16,Villain,0.7382869832217693,0.5968486864585429
1106,-2.499999999999999,-2.499999999999999,50,None,0.5154837234318257,0.6246161412075162
1107,-2.499999999999999,-2.499999999999999,50,None,0.6356556631624699,0.6750777563266456
1108,-5.7,4.3,14,Villain,0.4579851914729391,0.5630022830196789
1109,4.95,-5.05,1,Hero,0.9973176121711731,0.9998403787612915
1110,-5.95,4.05,19,Villain,0.6521497600172695,0.6093910967342948
1111,-2.499999999999999,-2.499999999999999,50,None,0.7413379856944085,0.5792457982897758
1112,-2.499999999999999,-2.499999999999999,50,None,0.5858423008024692,0.5996977774426341
1113,-5.75,4.25,15,Villain,0.49053485294183097,0.5739373733599981
1114,-5.6499999999999995,4.3500000000000005,13,Villain,0.589454037638811,0.6222291317983315
1115,-5.45,4.55,9,Villain,0.6850429607762231,0.7446496246589555
1116,4.8,-5.2,4,Hero,0.9843450635671616,0.9966006577014923
1117,-5.85,4.15,17,Villain,0.5747900675324833,0.6633621682139004
1118,-5.9,4.1,18,Villain,0.5329135043753518,0.5864017398820983
1119,-5.8,4.2,16,Villain,0.6767312448937446,0.9984768889844418
1120,4.8,-5.2,4,Hero,0.7485074251890182,0.9967193305492401
1121,-2.499999999999999,-2.499999999999999,50,None,0.5345360577851533,0.8143575719743967
1122,-2.499999999999999,-2.499999999999999,50,None,0.5801017110049724,0.6407358044944703
1123,-5.8,4.2,16,Villain,0.6135794329456985,0.549670442007482
1124,-2.499999999999999,-2.499999999999999,50,None,0.48832906477153304,0.6145012591779232
1125,-5.85,4.15,17,Villain,0.6972597769516355,0.49999773546176796
1126,-2.499999999999999,-2.499999999999999,50,None,0.5600237071514129,0.6097850644588471
1127,-2.499999999999999,-2.499999999999999,50,None,0.8242443478107453,0.8271114929020404
1128,-5.2,4.8,4,Villain,0.9361564517021179,0.9879757910966873
1129,-2.499999999999999,-2.499999999999999,50,None,0.5063941895961761,0.687550140619278
1130,-2.499999999999999,-2.499999999999999,50,None,0.612541276216507,0.6146096279844642
1131,-6.3500000000000005,3.6499999999999995,27,Villain,0.48551659286022186,0.5290082230888031
1132,-2.499999999999999,-2.499999999999999,50,None,0.577389027774334,0.7301278501749039
1133,-6.6000000000000005,3.3999999999999995,32,Villain,0.6488225683569908,0.5453092772513628
1134,-5.05,4.95,1,Villain,0.5062041282653809,0.762037992477417
1135,3.8499999999999996,-6.15,23,Hero,0.6703002861012584,0.9299625537317732
1136,4.2,-5.8,16,Hero,0.8396065523847938,0.7801603828702355
1137,3.2999999999999994,-6.700000000000001,34,Hero,0.5472862859640051,0.8582999199519262
1138,-2.499999999999999,-2.499999999999999,50,None,0.7717912949249148,0.736575053036213
1139,-6.950000000000001,3.049999999999999,39,Villain,0.6858147894724821,0.6809822571201202
1140,-6.6000000000000005,3.3999999999999995,32,Villain,0.6090003943536431,0.6157395516056567
1141,4.15,-5.85,17,Hero,0.6856766220401315,0.8198298708919216
1142,3.55,-6.45,29,Hero,0.6463574451105348,0.8429889517097637
1143,4.6000000000000005,-5.3999999999999995,8,Hero,0.9747734740376472,0.9965937286615372
1144,2.9499999999999993,-7.050000000000001,41,Hero,0.5480234943466579,0.7798575964279291
1145,3.8,-6.2,24,Hero,0.7747539362559716,0.9367140804727873
1146,-2.499999999999999,-2.499999999999999,50,None,0.7148529049754143,0.5548263642191887
1147,-5.85,4.15,17,Villain,0.6131923124194145,0.9997885718065149
1148,2.8,-7.2,44,Hero,0.7138705215501514,0.8955856818621132
1149,-6.1,3.9,22,Villain,0.665937919952822,0.6226432572372935
1150,2.8,-7.2,44,Hero,0.6201698735186999,0.8706999267874793
1151,4.8,-5.2,4,Hero,0.9626755565404892,0.9926789104938507
1152,3.2999999999999994,-6.700000000000001,34,Hero,0.6380092440282598,0.9302764850504258
1153,-2.499999999999999,-2.499999999999999,50,None,0.5162841357290745,0.7459485846012831
1154,4.45,-5.55,11,Hero,0.7500906911763278,0.9621891758658669
1155,-2.499999999999999,-2.499999999999999,50,None,0.6157960708439351,0.7282391043379903
1156,-2.499999999999999,-2.499999999999999,50,None,0.7692091757059097,0.7334794142842292
1157,3.9,-6.1,22,Hero,0.8935270295901732,0.9995336072011427
1158,4.65,-5.35,7,Hero,0.9942317349570138,0.9994415896279472
1159,2.500000000000001,-7.499999999999999,50,Hero,0.689056743234396,0.8566563236713409
1160,3.8,-6.2,24,Hero,0.6779162514333924,0.9880038599173228
1161,4.5,-5.5,10,Hero,0.8773821666836739,0.9896560966968536
1162,4.3500000000000005,-5.6499999999999995,13,Hero,0.6941094043163153,0.93060630101424
1163,4.2,-5.8,16,Hero,0.6856377543881536,0.9353518711868674
1164,2.8,-7.2,44,Hero,0.7217442736198957,0.6698631646788933
1165,3.9,-6.1,22,Hero,0.5410765605894002,0.9084443206136877
1166,4.5,-5.5,10,Hero,0.8725158542394638,0.8985258759988938
1167,3.4499999999999993,-6.550000000000001,31,Hero,0.6864226441229543,0.8441953096658953
1168,3.5999999999999996,-6.4,28,Hero,0.6589452116084951,0.8753782806119749
1169,4.7,-5.3,6,Hero,0.9938462773958842,0.9938350319862366
1170,4.2,-5.8,16,Hero,0.7998169111087918,0.9961637780070305
1171,-5.3999999999999995,4.6000000000000005,8,Villain,0.5769717656075954,0.8772888742387295
1172,4.6000000000000005,-5.3999999999999995,8,Hero,0.662090640515089,0.8396444693207741
1173,4.0,-6.0,20,Hero,0.5869604237377644,0.9606629610061646
1174,3.2999999999999994,-6.700000000000001,34,Hero,0.6960756024893593,0.7216634171850541
1175,4.25,-5.75,15,Hero,0.5850368320941925,0.9180295954147975
1176,4.6000000000000005,-5.3999999999999995,8,Hero,0.5133178234100342,0.9989685714244843
1177,4.3500000000000005,-5.6499999999999995,13,Hero,0.5959025953824704,0.9246058693298926
1178,4.65,-5.35,7,Hero,0.5065066260950906,0.9982186470712934
1179,3.2999999999999994,-6.700000000000001,34,Hero,0.5768469072440091,0.6483970757792977
1180,3.5999999999999996,-6.4,28,Hero,0.5776337273418903,0.6817230921504753
1181,-5.55,4.45,11,Villain,0.7413844005628065,0.9981900453567505
1182,4.75,-5.25,5,Hero,0.7675303101539612,0.999952244758606
1183,4.8,-5.2,4,Hero,0.7501306794583797,0.9984921813011169
1184,3.049999999999999,-6.950000000000001,39,Hero,0.8732558232851517,0.998861299111293
1185,-2.499999999999999,-2.499999999999999,50,None,0.9909255838394165,0.9207805048301816
1186,4.25,-5.75,15,Hero,0.91326939240098,0.9964736104011536
1187,-2.499999999999999,-2.499999999999999,50,None,0.9442005327343941,0.9523035669513047
1188,-2.499999999999999,-2.499999999999999,50,None,0.8866922444105149,0.973418465256691
1189,4.95,-5.05,1,Hero,0.9978153705596924,0.9998483657836914
1190,4.65,-5.35,7,Hero,0.9958912900515965,0.9923600724765232
1191,-2.499999999999999,-2.499999999999999,50,None,0.6924775740504265,0.8315715269744396
1192,3.049999999999999,-6.950000000000001,39,Hero,0.8518445656921428,0.9976835418970157
1193,-5.3,4.7,6,Villain,0.7298955768346786,0.9999536077181498
1194,-2.499999999999999,-2.499999999999999,50,None,0.7694219629466533,0.7670234347321093
1195,4.5,-5.5,10,Hero,0.8756563823670149,0.8842119991779327
1196,-2.499999999999999,-2.499999999999999,50,None,0.9695305347442627,0.9999911308288574
1197,3.55,-6.45,29,Hero,0.7063696065853382,0.9181029642450398
1198,3.3999999999999995,-6.6000000000000005,32,Hero,0.5896677696728148,0.7101904863957316
1199,2.8499999999999996,-7.15,43,Hero,0.6571316748727546,0.79836413922698
1200,4.2,-5.8,16,Hero,0.6348925847560167,0.904715049546212
1201,4.45,-5.55,11,Hero,0.5500540408221158,0.8245393796400591
1202,4.05,-5.95,19,Hero,0.6262733693185606,0.9998482716710944
1203,3.9,-6.1,22,Hero,0.6884874992749908,0.9444524808363481
1204,4.5,-5.5,10,Hero,0.8453950017690659,0.999504154920578
1205,-6.3500000000000005,3.6499999999999995,27,Villain,0.7917279948790868,0.5917435889994657
1206,3.4499999999999993,-6.550000000000001,31,Hero,0.6569083494044119,0.6823984224709773
1207,3.4499999999999993,-6.550000000000001,31,Hero,0.47685815093498074,0.6377430827386917
1208,-2.499999999999999,-2.499999999999999,50,None,0.9822233867645264,0.6450104403495789
1209,-2.499999999999999,-2.499999999999999,50,None,0.9623092651367188,0.8152742546796798
1210,4.55,-5.45,9,Hero,0.7685387565029992,0.998797721332974
1211,4.8500000000000005,-5.1499999999999995,3,Hero,0.9867825508117676,0.9991892178853353
1212,4.4,-5.6,12,Hero,0.5814540063341459,0.8873969713846842
1213,3.95,-6.05,21,Hero,0.5680467110304606,0.9394527872403463
1214,-2.499999999999999,-2.499999999999999,50,None,0.9290981353074312,0.6840030108764767
1215,4.45,-5.55,11,Hero,0.5650319050658833,0.9994130784815008
1216,-5.25,4.75,5,Villain,0.5993990480899811,0.999052619934082
1217,3.8499999999999996,-6.15,23,Hero,0.5340011810742157,0.802247301067995
1218,4.5,-5.5,10,Hero,0.6487480431795121,0.9990415155887604
1219,4.65,-5.35,7,Hero,0.7689091648374285,0.9994294558252607
1220,-2.499999999999999,-2.499999999999999,50,None,0.7706094033643603,0.6817314227670431
1221,4.6000000000000005,-5.3999999999999995,8,Hero,0.7433439586311579,0.999994546175003
1222,4.25,-5.75,15,Hero,0.6509066581726074,0.8955362876256306
1223,-2.499999999999999,-2.499999999999999,50,None,0.8971901010349392,0.7826747781038285
1224,4.7,-5.3,6,Hero,0.8572156727313995,0.9999615152676901
1225,4.3500000000000005,-5.6499999999999995,13,Hero,0.5952156461202182,0.844783773789039
1226,-6.05,3.95,21,Villain,0.47089017359983354,0.6380610143144926
1227,4.55,-5.45,9,Hero,0.5319913944436444,0.9138792852560679
1228,4.75,-5.25,5,Hero,0.5998181074857711,0.999994421005249
1229,4.6000000000000005,-5.3999999999999995,8,Hero,0.7288501150906086,0.999712735414505
1230,4.1,-5.9,18,Hero,0.6929889106088214,0.9426741864946153
1231,-2.499999999999999,-2.499999999999999,50,None,0.7615371960029006,0.7013094843924046
1232,4.45,-5.55,11,Hero,0.5640041462399743,0.9998761198737405
1233,4.95,-5.05,1,Hero,0.9291239976882935,0.9999706745147705
1234,4.55,-5.45,9,Hero,0.6929614709483253,0.9999628199471368
1235,4.9,-5.1,2,Hero,0.5164284557104111,0.9998885989189148
1236,3.9,-6.1,22,Hero,0.7003714120523497,0.9390826943245801
1237,4.95,-5.05,1,Hero,0.20421145856380463,0.9999998807907104
1238,2.999999999999999,-7.000000000000001,40,Hero,0.8337777664884924,0.9223065754398704
1239,-2.499999999999999,-2.499999999999999,50,None,0.7973553385399282,0.9081695818156004
1240,-2.499999999999999,-2.499999999999999,50,None,0.9729942071437836,0.9999947333335877
1241,-2.499999999999999,-2.499999999999999,50,None,0.8902591240406036,0.99985102891922
1242,-2.499999999999999,-2.499999999999999,50,None,0.8950065024197101,0.9774259185791015
1243,4.75,-5.25,5,Hero,0.6147997096180916,0.9996813893318176
1244,-2.499999999999999,-2.499999999999999,50,None,0.8884908026456833,0.9847822272777558
1245,3.3999999999999995,-6.6000000000000005,32,Hero,0.7824783218093216,0.9968942888081074
1246,-2.499999999999999,-2.499999999999999,50,None,0.7411999460309744,0.8856893084943295
1247,3.049999999999999,-6.950000000000001,39,Hero,0.7383635187378297,0.8625663310671464
1248,3.4999999999999996,-6.5,30,Hero,0.6789094840486845,0.9660775462786356
1249,3.9,-6.1,22,Hero,0.7941510358994658,0.9998587424104864
1250,4.05,-5.95,19,Hero,0.5272941252118662,0.827402653662782
1251,3.099999999999999,-6.9,38,Hero,0.6460599997325948,0.8960915305406639
1252,4.9,-5.1,2,Hero,0.9841077327728271,0.9998711049556732
1253,3.6499999999999995,-6.3500000000000005,27,Hero,0.6242892888409121,0.8474063558366012
1254,3.8499999999999996,-6.15,23,Hero,0.6471018361980501,0.8757422406064428
1255,4.3500000000000005,-5.6499999999999995,13,Hero,0.5537212044000626,0.9987168541321387
1256,3.9,-6.1,22,Hero,0.8354580500586466,0.9551031366837296
1257,-2.499999999999999,-2.499999999999999,50,None,0.7553553128242493,0.9991189050674438
1258,3.2999999999999994,-6.700000000000001,34,Hero,0.7124657181694227,0.9475113295347375
1259,4.9,-5.1,2,Hero,0.9385391771793365,0.9999908208847046
1260,3.8,-6.2,24,Hero,0.8245111545547843,0.9056113231927156
1261,4.4,-5.6,12,Hero,0.8047707919807484,0.9903671592473984
1262,3.95,-6.05,21,Hero,0.8069494288592112,0.9335328194290577
1263,3.75,-6.25,25,Hero,0.5747350811958313,0.9497413301467895
1264,4.5,-5.5,10,Hero,0.8525516077876091,0.9805399298667907
1265,3.8499999999999996,-6.15,23,Hero,0.5930622696228649,0.8302090673342996
1266,4.75,-5.25,5,Hero,0.5467065036296844,0.9994059920310974
1267,4.8,-5.2,4,Hero,0.6047979667782784,0.9988540560007095
1268,4.2,-5.8,16,Hero,0.8126912005245686,0.8406142946332693
1269,4.75,-5.25,5,Hero,0.9143321275711059,0.9991667151451111
1270,4.45,-5.55,11,Hero,0.6514454971660267,0.9723304510116577
1271,3.049999999999999,-6.950000000000001,39,Hero,0.7641160797614318,0.9543210064562467
1272,4.6000000000000005,-5.3999999999999995,8,Hero,0.7373467069119215,0.9993492886424065
1273,3.8,-6.2,24,Hero,0.5406598219027122,0.7383138536242768
1274,4.25,-5.75,15,Hero,0.5534640580415726,0.9998456199963888
1275,4.7,-5.3,6,Hero,0.7880221058924993,0.9998981753985087
1276,-2.499999999999999,-2.499999999999999,50,None,0.7623023548722268,0.999410092830658
1277,3.249999999999999,-6.750000000000001,35,Hero,0.832587741953986,0.9703074540410723
1278,-5.75,4.25,15,Villain,0.9147015611330668,0.8208123604456584
1279,4.55,-5.45,9,Hero,0.4956066658099492,0.9990387691391839
1280,-5.25,4.75,5,Villain,0.5677543219178915,0.999799394607544
1281,3.3999999999999995,-6.6000000000000005,32,Hero,0.6392457731999457,0.8972583594731987
1282,-2.499999999999999,-2.499999999999999,50,None,0.6698971432459075,0.9143758291006088
1283,-2.499999999999999,-2.499999999999999,50,None,0.7827715933322906,0.9292017020529602
1284,4.55,-5.45,9,Hero,0.8814574540075328,0.9994791944821676
1285,4.55,-5.45,9,Hero,0.8703403187294801,0.9982600808143616
1286,2.8499999999999996,-7.15,43,Hero,0.708346652256888,0.9748275436590924
1287,4.65,-5.35,7,Hero,0.8487812951207161,0.9998459901128497
1288,4.1,-5.9,18,Hero,0.6290884166955948,0.8930951588683658
1289,3.1999999999999993,-6.800000000000001,36,Hero,0.7375337876793411,0.9999625600046582
1290,4.05,-5.95,19,Hero,0.663655989264187,0.9889153367594669
1291,3.95,-6.05,21,Hero,0.592251184795584,0.9508500084990547
1292,4.75,-5.25,5,Hero,0.785547524690628,0.9952673196792603
1293,3.6999999999999997,-6.300000000000001,26,Hero,0.6097857773733827,0.8238180623604701
1294,4.7,-5.3,6,Hero,0.7935475238288442,0.9974054992198944
1295,4.0,-6.0,20,Hero,0.5571967922151089,0.8675712712109089
1296,4.3500000000000005,-5.6499999999999995,13,Hero,0.6517026939769633,0.9998942384353051
1297,4.3500000000000005,-5.6499999999999995,13,Hero,0.7511746906317197,0.9194178008116208
1298,4.4,-5.6,12,Hero,0.7149587074915568,0.8381127615769705
1299,4.4,-5.6,12,Hero,0.6419908528526624,0.9977511167526245
1300,4.75,-5.25,5,Hero,0.6449278891086578,0.999975323677063
1301,4.25,-5.75,15,Hero,0.7581177612145742,0.9977878769238789
1302,4.1,-5.9,18,Hero,0.65348430764344,0.8385780420568254
1303,4.25,-5.75,15,Hero,0.6843971073627472,0.8906922260920207
1304,4.65,-5.35,7,Hero,0.8493406730038779,0.9986561451639447
1305,4.55,-5.45,9,Hero,0.5337290167808533,0.9998816516664293
1306,4.55,-5.45,9,Hero,0.41223487092389,0.9998817046483358
1307,4.9,-5.1,2,Hero,0.8273489773273468,0.9982457756996155
1308,4.9,-5.1,2,Hero,0.8215977251529694,0.9988830983638763
1309,4.65,-5.35,7,Hero,0.5964697684560504,0.9947006446974618
1310,4.8,-5.2,4,Hero,0.6310253068804741,0.9999986290931702
1311,4.6000000000000005,-5.3999999999999995,8,Hero,0.7905570175498724,0.8482337445020676
1312,4.4,-5.6,12,Hero,0.5389968280990919,0.9932053635517756
1313,4.4,-5.6,12,Hero,0.7033944154779116,0.9452818582455317
1314,4.6000000000000005,-5.3999999999999995,8,Hero,0.6172797400504351,0.8678902988613117
1315,4.8,-5.2,4,Hero,0.740431658923626,0.9999028295278549
1316,4.4,-5.6,12,Hero,0.7287756428510571,0.8431093304728469
1317,4.05,-5.95,19,Hero,0.6333643997970381,0.9108823788793463
1318,4.05,-5.95,19,Hero,0.6222432028306158,0.852036935718436
1319,-5.3,4.7,6,Villain,0.5195083171129227,0.9985475738843282
1320,4.3500000000000005,-5.6499999999999995,13,Hero,0.7666806750572644,0.9003630807766547
1321,-2.499999999999999,-2.499999999999999,50,None,0.8727736384421587,0.8621054147183895
1322,-2.499999999999999,-2.499999999999999,50,None,0.9056185221672058,0.9620220995694398
1323,-2.499999999999999,-2.499999999999999,50,None,0.8345033279061318,0.9146808779798448
1324,-2.499999999999999,-2.499999999999999,50,None,0.8718544536828995,0.70334944576025
1325,-2.499999999999999,-2.499999999999999,50,None,0.9859846341609955,0.9990207016468048
1326,-2.499999999999999,-2.499999999999999,50,None,0.9991935110092163,0.9999843668937684
1327,-2.499999999999999,-2.499999999999999,50,None,0.9981626307964325,0.999914653301239
1328,-2.499999999999999,-2.499999999999999,50,None,0.9735183896683156,0.9706897062063217
1329,-2.499999999999999,-2.499999999999999,50,None,0.9464548287168145,0.7832634647190571
1330,-5.1499999999999995,4.8500000000000005,3,Villain,0.9998165965080261,0.9999996026357015
1331,-2.499999999999999,-2.499999999999999,50,None,0.9587993474304676,0.8462111128121614
1332,-2.499999999999999,-2.499999999999999,50,None,0.935049207136035,0.89570954808034
1333,-2.499999999999999,-2.499999999999999,50,None,0.9979190337657928,0.9996493113040924
1334,-2.499999999999999,-2.499999999999999,50,None,0.9719732389599085,0.9991903519630432
1335,-2.499999999999999,-2.499999999999999,50,None,0.9991362082958222,0.9998563838005066
1336,-2.499999999999999,-2.499999999999999,50,None,0.9997077429294586,0.9999980950355529
1337,-2.499999999999999,-2.499999999999999,50,None,0.9783968782424927,0.7543772122263909
1338,-2.499999999999999,-2.499999999999999,50,None,0.9596917364932597,0.9979747080802918
1339,-2.499999999999999,-2.499999999999999,50,None,0.9914485204219818,0.9343848788971081
1340,-2.499999999999999,-2.499999999999999,50,None,0.9677995966747404,0.997618157863617
1341,-2.499999999999999,-2.499999999999999,50,None,0.9988676130771637,0.9487972485646605
1342,-2.499999999999999,-2.499999999999999,50,None,0.9570576336979866,0.7420462024211884
1343,-2.499999999999999,-2.499999999999999,50,None,0.8962840782105923,0.6614242494106293
1344,-2.499999999999999,-2.499999999999999,50,None,0.9387496629357338,0.6377240100502968
1345,-2.499999999999999,-2.499999999999999,50,None,0.9742655139043928,0.9716224002838135
1346,-2.499999999999999,-2.499999999999999,50,None,0.9491046702861786,0.6623311243951321
1347,-2.499999999999999,-2.499999999999999,50,None,0.9992714524269104,0.9999956631660462
1348,-2.499999999999999,-2.499999999999999,50,None,0.9564835226535797,0.9623290970921516
1349,-2.499999999999999,-2.499999999999999,50,None,0.9166718430072069,0.718026198009029
1350,-2.499999999999999,-2.499999999999999,50,None,0.9949423861503601,0.9749256467819214
1351,-2.499999999999999,-2.499999999999999,50,None,0.9486037385463715,0.6128819632157684
1352,-2.499999999999999,-2.499999999999999,50,None,0.9623935449123383,0.6502375362766907
1353,4.7,-5.3,6,Hero,0.9997061689694723,0.9995798369248708
1354,-2.499999999999999,-2.499999999999999,50,None,0.9982131564617157,0.7178566801548004
1355,-2.499999999999999,-2.499999999999999,50,None,0.9735213230364025,0.9972133302688598
1356,-2.499999999999999,-2.499999999999999,50,None,0.998411294221878,0.99992506980896
1357,-2.499999999999999,-2.499999999999999,50,None,0.9664320047199726,0.9905368912220002
1358,-5.1499999999999995,4.8500000000000005,3,Villain,0.9927324056625366,0.9999844630559286
1359,-2.499999999999999,-2.499999999999999,50,None,0.9973953711986542,0.9989114844799042
1360,-2.499999999999999,-2.499999999999999,50,None,0.8705918341130018,0.7558712802454829
1361,-2.499999999999999,-2.499999999999999,50,None,0.9993702602386475,0.9999489605426788
1362,-2.499999999999999,-2.499999999999999,50,None,0.9966098666191101,0.999724805355072
1363,-2.499999999999999,-2.499999999999999,50,None,0.9755314303049818,0.9998145055770874
1364,-2.499999999999999,-2.499999999999999,50,None,0.9525761362165213,0.8343712677061558
1365,-2.499999999999999,-2.499999999999999,50,None,0.9585507420497015,0.6897572508454323
1366,4.95,-5.05,1,Hero,0.9963383674621582,0.9991322159767151
1367,-2.499999999999999,-2.499999999999999,50,None,0.9532612727582455,0.7928456157445908
1368,-2.499999999999999,-2.499999999999999,50,None,0.9977761340141297,0.9998782300949096
1369,-2.499999999999999,-2.499999999999999,50,None,0.9512434113025665,0.6468607854843139
1370,-2.499999999999999,-2.499999999999999,50,None,0.8476366332545876,0.8219819479435683
1371,4.5,-5.5,10,Hero,0.8988611914217473,0.9962601363658905
1372,-2.499999999999999,-2.499999999999999,50,None,0.9655860878154635,0.9979939699172974
1373,-2.499999999999999,-2.499999999999999,50,None,0.9935183870792389,0.9990676259994506
1374,-2.499999999999999,-2.499999999999999,50,None,0.9331211762875319,0.905698594674468
1375,-2.499999999999999,-2.499999999999999,50,None,0.9510627297312021,0.9998442816734314
1376,-2.499999999999999,-2.499999999999999,50,None,0.9380102383345366,0.9993769645690918
1377,-2.499999999999999,-2.499999999999999,50,None,0.9312189958989621,0.8424957743287087
1378,-2.499999999999999,-2.499999999999999,50,None,0.8406892969459295,0.9641917732637375
1379,-2.499999999999999,-2.499999999999999,50,None,0.9049227297306061,0.8442469495534897
1380,-2.499999999999999,-2.499999999999999,50,None,0.9551830819249153,0.9977373301982879
1381,-2.499999999999999,-2.499999999999999,50,None,0.9952254712581634,0.9998705601692199
1382,-2.499999999999999,-2.499999999999999,50,None,0.9429388591647148,0.672470624372363
1383,-2.499999999999999,-2.499999999999999,50,None,0.9815789926052093,0.6541867342591285
1384,4.75,-5.25,5,Hero,0.7955295279622078,0.9997752428054809
1385,-2.499999999999999,-2.499999999999999,50,None,0.7754817124456167,0.9356201779842377
1386,-2.499999999999999,-2.499999999999999,50,None,0.851465685069561,0.9725761573947966
1387,-2.499999999999999,-2.499999999999999,50,None,0.8065540781617164,0.9544765293598175
1388,-2.499999999999999,-2.499999999999999,50,None,0.948759639300406,0.9988586068153381
1389,3.1999999999999993,-6.800000000000001,36,Hero,0.9424751855226027,0.9997587303320566
1390,3.2999999999999994,-6.700000000000001,34,Hero,0.8851875390528756,0.9943201173754299
1391,4.3500000000000005,-5.6499999999999995,13,Hero,0.6201928808138921,0.9975508451461792
1392,3.5999999999999996,-6.4,28,Hero,0.8430073359715087,0.9514631092814463
1393,4.55,-5.45,9,Hero,0.9930349124802483,0.9493887821833292
1394,4.3500000000000005,-5.6499999999999995,13,Hero,0.7861460539010855,0.9999474103634174
1395,-2.499999999999999,-2.499999999999999,50,None,0.9901100385189057,0.9999789953231811
1396,4.6000000000000005,-5.3999999999999995,8,Hero,0.9777758121490479,0.9999825060367584
1397,3.6999999999999997,-6.300000000000001,26,Hero,0.7179424501955509,0.9724005907773972
1398,-2.499999999999999,-2.499999999999999,50,None,0.8998300662636757,0.810373409986496
1399,4.55,-5.45,9,Hero,0.929861949549781,0.9999977482689751
1400,2.8999999999999995,-7.1000000000000005,42,Hero,0.688679880152146,0.9291865038907244
1401,4.15,-5.85,17,Hero,0.654818536604152,0.9158583248362822
1402,4.5,-5.5,10,Hero,0.7098464481532574,0.9135935664176941
1403,4.65,-5.35,7,Hero,0.8594607923712049,0.9999008689607892
1404,4.7,-5.3,6,Hero,0.6101662814617157,0.974534829457601
1405,4.9,-5.1,2,Hero,0.9751741886138916,0.9999974370002747
1406,4.8500000000000005,-5.1499999999999995,3,Hero,0.6922221779823303,0.9987059831619263
1407,4.4,-5.6,12,Hero,0.6507365082701048,0.8719886559993029
1408,4.65,-5.35,7,Hero,0.7226802813155311,0.9999676772526332
1409,3.6499999999999995,-6.3500000000000005,27,Hero,0.6696759683114512,0.9998672427954497
1410,4.8500000000000005,-5.1499999999999995,3,Hero,0.934707244237264,0.9999967018763224
1411,4.15,-5.85,17,Hero,0.583605856032056,0.7831718075801345
1412,4.55,-5.45,9,Hero,0.7073962456650205,0.9992784857749939
1413,4.4,-5.6,12,Hero,0.7113445724050204,0.9988512496153513
1414,-5.1499999999999995,4.8500000000000005,3,Villain,0.9928683837254842,0.9999664624532064
1415,4.8,-5.2,4,Hero,0.9231851994991302,0.9999991655349731
1416,4.5,-5.5,10,Hero,0.6199729219079018,0.9991697669029236
1417,4.6000000000000005,-5.3999999999999995,8,Hero,0.8002232685685158,0.9920783117413521
1418,4.65,-5.35,7,Hero,0.5625816988093513,0.9958593930516925
1419,4.0,-6.0,20,Hero,0.6744857229292393,0.9051261901855469
1420,4.8,-5.2,4,Hero,0.564725287258625,0.9995910972356796
1421,4.45,-5.55,11,Hero,0.8021323938261379,0.9638537493619052
1422,3.6499999999999995,-6.3500000000000005,27,Hero,0.6909827573431863,0.8855917168332746
1423,4.1,-5.9,18,Hero,0.7114378706448607,0.9988601936234368
1424,-5.75,4.25,15,Villain,0.7168046514193217,0.9178197185198466
1425,3.8,-6.2,24,Hero,0.748135925270617,0.9769138395786285
1426,-2.499999999999999,-2.499999999999999,50,None,0.8692952066659927,0.9993328428268433
1427,4.75,-5.25,5,Hero,0.8614127039909363,0.9999963521957398
1428,4.3,-5.7,14,Hero,0.8819871331964221,0.9188155494630337
1429,-5.05,4.95,1,Villain,0.9875526428222656,0.9999091625213623
1430,4.45,-5.55,11,Hero,0.7922167561270974,0.9999985478141091
1431,4.75,-5.25,5,Hero,0.7264239311218261,0.9999989032745361
1432,4.1,-5.9,18,Hero,0.7106678792172008,0.9624693095684052
1433,-2.499999999999999,-2.499999999999999,50,None,0.8517192673683166,0.9656925189495087
1434,3.55,-6.45,29,Hero,0.8872678178394663,0.9520501643419266
1435,4.65,-5.35,7,Hero,0.5753058450562614,0.9999886751174927
1436,4.25,-5.75,15,Hero,0.6361674596865972,0.9983787894248962
1437,4.95,-5.05,1,Hero,0.8803788423538208,0.9999700784683228
1438,4.55,-5.45,9,Hero,0.9958244959513346,0.8089934659914838
1439,4.5,-5.5,10,Hero,0.8431068077683449,0.9990093529224395
1440,4.6000000000000005,-5.3999999999999995,8,Hero,0.7180415391921997,0.999798059463501
1441,4.55,-5.45,9,Hero,0.6702231135633256,0.9952446818351746
1442,3.8,-6.2,24,Hero,0.677241443345944,0.8357527178401748
1443,4.8,-5.2,4,Hero,0.6129931956529617,0.9999973177909851
1444,4.95,-5.05,1,Hero,0.79354327917099,0.9999712705612183
1445,4.7,-5.3,6,Hero,0.9541566669940948,0.9999982118606567
1446,3.9,-6.1,22,Hero,0.7853925851258364,0.9999969005584717
1447,4.95,-5.05,1,Hero,0.22808592021465302,0.9997283816337585
1448,4.3500000000000005,-5.6499999999999995,13,Hero,0.7987710718925183,0.9995875954627991
1449,-5.05,4.95,1,Villain,0.9516337513923645,0.9997344613075256
1450,3.3999999999999995,-6.6000000000000005,32,Hero,0.8609239680226892,0.9990049842745066
1451,2.7,-7.3,46,Hero,0.8047397850162309,0.9882538033568341
1452,-2.499999999999999,-2.499999999999999,50,None,0.866448924690485,0.9797950567305088
1453,-2.499999999999999,-2.499999999999999,50,None,0.8956575109716505,0.9997175347805023
1454,4.95,-5.05,1,Hero,0.8371062278747559,0.9999648332595825
1455,-2.499999999999999,-2.499999999999999,50,None,0.8582180203869939,0.973657244592905
1456,-5.6499999999999995,4.3500000000000005,13,Villain,0.7305791486914341,0.9719687700271606
1457,4.6000000000000005,-5.3999999999999995,8,Hero,0.6563046630471945,0.9999928623437881
1458,-2.499999999999999,-2.499999999999999,50,None,0.9085409601032733,0.9968962168693543
1459,4.8,-5.2,4,Hero,0.973917618393898,0.999992161989212
1460,4.25,-5.75,15,Hero,0.612541289627552,0.8933206150929133
1461,-5.1,4.9,2,Villain,0.8073839545249939,0.9999629259109497
1462,4.0,-6.0,20,Hero,0.9387786689214408,0.9979531168937683
1463,-2.499999999999999,-2.499999999999999,50,None,0.9635895480215549,0.9723228825628758
1464,4.1,-5.9,18,Hero,0.8367380085918639,0.997198224067688
1465,-2.499999999999999,-2.499999999999999,50,None,0.9380002181231976,0.9788056437671184
1466,4.55,-5.45,9,Hero,0.5709451759854952,0.9995799660682678
1467,4.3500000000000005,-5.6499999999999995,13,Hero,0.7163516581058502,0.9996470900682303
1468,-2.499999999999999,-2.499999999999999,50,None,0.8658783958852291,0.9941886746883393
1469,3.8499999999999996,-6.15,23,Hero,0.6652111928586079,0.9019994269246641
1470,4.3,-5.7,14,Hero,0.7402035508837018,0.9999384028570992
1471,2.75,-7.25,45,Hero,0.7639546106259029,0.9323689483933979
1472,4.9,-5.1,2,Hero,0.9963050484657288,0.999909520149231
1473,4.25,-5.75,15,Hero,0.6707216670115789,0.999920638402303
1474,4.6000000000000005,-5.3999999999999995,8,Hero,0.9922360628843307,0.9995244890451431
1475,4.8500000000000005,-5.1499999999999995,3,Hero,0.6681571205457052,0.9999988873799642
1476,4.2,-5.8,16,Hero,0.7431355770677328,0.9998216405510902
1477,2.6000000000000005,-7.3999999999999995,48,Hero,0.8543050130053113,0.9973449520766735
1478,4.3500000000000005,-5.6499999999999995,13,Hero,0.6679704624872941,0.9594753247040969
1479,4.75,-5.25,5,Hero,0.5704142868518829,0.9999999523162841
1480,4.5,-5.5,10,Hero,0.7698779232800007,0.9983056664466858
1481,4.55,-5.45,9,Hero,0.7662298505504926,0.9999981986151801
1482,4.0,-6.0,20,Hero,0.6939569987356663,0.946456278860569
1483,4.4,-5.6,12,Hero,0.7180140887697538,0.9983213941256205
1484,4.3,-5.7,14,Hero,0.7111747477735791,0.8985202482768467
1485,4.2,-5.8,16,Hero,0.6700023915618658,0.999371238052845
1486,4.2,-5.8,16,Hero,0.6154148308560252,0.9930745884776115
1487,4.5,-5.5,10,Hero,0.5777867078781128,0.9999685645103454
1488,3.6499999999999995,-6.3500000000000005,27,Hero,0.6874360458718406,0.9949802579703154
1489,4.25,-5.75,15,Hero,0.795115065574646,0.8656544625759125
1490,4.15,-5.85,17,Hero,0.6806986533543643,0.9999765578438254
1491,3.75,-6.25,25,Hero,0.6838960844278336,0.9999971055984497
1492,4.95,-5.05,1,Hero,0.89469313621521,0.9999908208847046
1493,4.8500000000000005,-5.1499999999999995,3,Hero,0.9776497681935629,0.9998922745386759
1494,4.6000000000000005,-5.3999999999999995,8,Hero,0.7417368590831757,0.9794494360685349
1495,4.8500000000000005,-5.1499999999999995,3,Hero,0.6234468619028727,0.9999998013178507
1496,4.05,-5.95,19,Hero,0.5139072658984285,0.9999493046810752
1497,4.65,-5.35,7,Hero,0.602640973670142,0.9993539111954826
1498,4.8,-5.2,4,Hero,0.5385830998420715,0.9999989867210388
1499,3.9,-6.1,22,Hero,0.6445501832799478,0.9865779876708984
1500,4.5,-5.5,10,Hero,0.8102603197097779,0.904903220385313
1501,3.8499999999999996,-6.15,23,Hero,0.6879975711521895,0.9995475437330164
1502,4.3500000000000005,-5.6499999999999995,13,Hero,0.6494533167435572,0.9994249298022344
1503,4.5,-5.5,10,Hero,0.6147525042295456,0.9999769926071167
1504,-2.499999999999999,-2.499999999999999,50,None,0.9406299352273345,0.999996702671051
1505,4.6000000000000005,-5.3999999999999995,8,Hero,0.8620624169707298,0.9979564845561981
1506,2.8499999999999996,-7.15,43,Hero,0.7471719197062558,0.9998692482016808
1507,4.65,-5.35,7,Hero,0.7249166369438171,0.9999563012804303
1508,4.6000000000000005,-5.3999999999999995,8,Hero,0.8718947255983949,0.9999988824129105
1509,4.25,-5.75,15,Hero,0.7852659672498703,0.9995492935180664
1510,4.65,-5.35,7,Hero,0.626449989421027,0.9996290462357658
1511,4.55,-5.45,9,Hero,0.6773499780231051,0.9949631094932556
1512,4.4,-5.6,12,Hero,0.6098488010466099,0.998463491598765
1513,-5.1499999999999995,4.8500000000000005,3,Villain,0.998502790927887,0.9999990860621134
1514,-2.499999999999999,-2.499999999999999,50,None,0.8252196624875069,0.9999940371513367
1515,4.15,-5.85,17,Hero,0.6192142630324644,0.9770887459025663
1516,-2.499999999999999,-2.499999999999999,50,None,0.8630814526975155,0.999992139339447
1517,4.7,-5.3,6,Hero,0.821744700272878,0.9995887180169424
1518,4.25,-5.75,15,Hero,0.6895166501402855,0.956173586845398
1519,4.0,-6.0,20,Hero,0.5874770693597384,0.9935798555612564
1520,-2.499999999999999,-2.499999999999999,50,None,0.8637727160751819,0.9996831536293029
1521,4.4,-5.6,12,Hero,0.7313656373104701,0.9612841457128525
1522,4.25,-5.75,15,Hero,0.6445558845996857,0.9999906937281291
1523,4.95,-5.05,1,Hero,0.778312623500824,0.9999998807907104
1524,3.8,-6.2,24,Hero,0.6607640627771616,0.9999395882089933
1525,4.95,-5.05,1,Hero,0.7865521907806396,0.9999998807907104
1526,4.3500000000000005,-5.6499999999999995,13,Hero,0.5733710894217858,0.9999758280240573
1527,4.1,-5.9,18,Hero,0.5694709138737785,0.9999741580751207
1528,4.65,-5.35,7,Hero,0.5186300639595304,0.9999333109174456
1529,4.2,-5.8,16,Hero,0.6667967531830072,0.9995866008102894
1530,-5.2,4.8,4,Villain,0.9330332279205322,0.9999998807907104
1531,4.3500000000000005,-5.6499999999999995,13,Hero,0.7001161884803039,0.9986266677196209
1532,4.5,-5.5,10,Hero,0.7298320576548576,0.9696680009365082
1533,3.3999999999999995,-6.6000000000000005,32,Hero,0.7663596993079409,0.9397194885532372
1534,4.5,-5.5,10,Hero,0.7437980979681015,0.999991500377655
1535,4.3,-5.7,14,Hero,0.7534458094409534,0.9223434031009674
1536,4.15,-5.85,17,Hero,0.7058420586673653,0.9998065934461706
1537,4.55,-5.45,9,Hero,0.9961790376239352,0.9998910493320889
1538,4.3500000000000005,-5.6499999999999995,13,Hero,0.6753586490566914,0.9850456714630127
1539,4.1,-5.9,18,Hero,0.7639130066252418,0.9982888665464189
1540,4.9,-5.1,2,Hero,0.9970768094062805,0.9997188150882721
1541,-5.25,4.75,5,Villain,0.7772275522351265,0.999999213218689
1542,4.3500000000000005,-5.6499999999999995,13,Hero,0.6525050332913032,0.9999823616101191
1543,-5.3999999999999995,4.6000000000000005,8,Villain,0.6931486409157515,0.9999846667051315
1544,4.65,-5.35,7,Hero,0.8086012974381447,0.9999044367245266
1545,4.4,-5.6,12,Hero,0.7400884727636973,0.8979929611086845
1546,4.25,-5.75,15,Hero,0.8191156730055809,0.9999996980031332
1547,4.9,-5.1,2,Hero,0.6093519181013107,0.9999998807907104
1548,3.2999999999999994,-6.700000000000001,34,Hero,0.6977403700789985,0.9478076188003316
1549,4.15,-5.85,17,Hero,0.5796607320799547,0.9998890196575838
1550,4.55,-5.45,9,Hero,0.5722374460763402,0.9950747158792284
1551,2.75,-7.25,45,Hero,0.7584902442163891,0.9738910045888689
1552,-5.05,4.95,1,Villain,0.9465996623039246,0.86208575963974
1553,4.65,-5.35,7,Hero,0.6969501993485859,0.9999016353062221
1554,4.9,-5.1,2,Hero,0.9764047563076019,0.9999799728393555
1555,-5.05,4.95,1,Villain,0.7097366452217102,0.9999897480010986
1556,4.5,-5.5,10,Hero,0.8144519001245498,0.9999980688095093
1557,4.45,-5.55,11,Hero,0.7352627217769623,0.9998729770833795
1558,3.9,-6.1,22,Hero,0.5570517351681535,0.9999870685013857
1559,4.45,-5.55,11,Hero,0.5756641274148767,1.0
1560,4.1,-5.9,18,Hero,0.6404537570973238,0.9086553826928139
1561,4.75,-5.25,5,Hero,0.6188221633434295,1.0
1562,4.95,-5.05,1,Hero,0.9976955056190491,1.0
1563,4.6000000000000005,-5.3999999999999995,8,Hero,0.6283755712211132,0.9999909400939941
1564,4.3,-5.7,14,Hero,0.6136053704789707,0.9999997530664716
1565,4.6000000000000005,-5.3999999999999995,8,Hero,0.7875406807288527,0.9999999850988388
1566,4.7,-5.3,6,Hero,0.7535861929257711,1.0
1567,4.7,-5.3,6,Hero,0.7376034458478292,0.9999658465385437
1568,4.3500000000000005,-5.6499999999999995,13,Hero,0.7626479589022123,0.9953845051618723
1569,4.3500000000000005,-5.6499999999999995,13,Hero,0.7892664648019351,0.9999975607945368
1570,4.4,-5.6,12,Hero,0.5983476787805557,0.9999997218449911
1571,3.6999999999999997,-6.300000000000001,26,Hero,0.6757166706598722,0.985122412443161
1572,4.95,-5.05,1,Hero,0.8950618505477905,1.0
1573,4.6000000000000005,-5.3999999999999995,8,Hero,0.7856507319957018,1.0
1574,4.6000000000000005,-5.3999999999999995,8,Hero,0.7371648773550987,0.9999999850988388
1575,4.55,-5.45,9,Hero,0.6753866010242038,0.9999989403618706
1576,4.4,-5.6,12,Hero,0.6631365263213714,0.9999985794226328
1577,4.3500000000000005,-5.6499999999999995,13,Hero,0.7916943705998934,0.9993097827984736
1578,4.65,-5.35,7,Hero,0.7790244221687317,0.9999909060341972
1579,4.45,-5.55,11,Hero,0.6618740396066145,0.9999833432110873
1580,3.049999999999999,-6.950000000000001,39,Hero,0.6775581626555859,0.999932281481914
1581,4.75,-5.25,5,Hero,0.5803093552589417,0.9999921321868896
1582,4.15,-5.85,17,Hero,0.5795620627263013,0.9999996563967537
1583,4.55,-5.45,9,Hero,0.6311017804675632,0.9998932679494222
1584,4.1,-5.9,18,Hero,0.7409993262133665,0.951941043138504
1585,3.6999999999999997,-6.300000000000001,26,Hero,0.5999227670522836,0.9993089689658239
1586,4.65,-5.35,7,Hero,0.7973415851593018,0.9987943853650775
1587,4.6000000000000005,-5.3999999999999995,8,Hero,0.7853587940335274,0.9999999105930328
1588,4.95,-5.05,1,Hero,0.9808928966522217,1.0
1589,4.75,-5.25,5,Hero,0.7529234766960144,0.9999992609024048
1590,4.25,-5.75,15,Hero,0.7165801008542378,0.9990464409192403
1591,4.8,-5.2,4,Hero,0.7488614016911015,0.9999999105930328
1592,4.5,-5.5,10,Hero,0.8801730334758758,0.9999995350837707
1593,-5.35,4.65,7,Villain,0.9853263667651585,1.0
1594,4.7,-5.3,6,Hero,0.629917323589325,0.999999980131785
1595,4.15,-5.85,17,Hero,0.6354845768826849,0.9333191461422864
1596,4.25,-5.75,15,Hero,0.6761475165685018,0.9045774499575298
1597,-5.25,4.75,5,Villain,0.9513688683509827,1.0
1598,4.4,-5.6,12,Hero,0.5280822838346163,0.9999798734982809
1599,4.5,-5.5,10,Hero,0.4774523667991161,0.9999997735023498
1600,4.4,-5.6,12,Hero,0.5501262058193485,0.9999992648760477
1601,4.75,-5.25,5,Hero,0.37572293281555175,0.999998927116394
1602,3.5999999999999996,-6.4,28,Hero,0.534866385694061,0.928019038268498
1603,4.45,-5.55,11,Hero,0.7569343291900374,0.9998776695945046
1604,4.3,-5.7,14,Hero,0.619051819401128,0.9884089572089059
1605,3.249999999999999,-6.750000000000001,35,Hero,0.5743743802287749,0.9666704852666174
1606,4.5,-5.5,10,Hero,0.7797932475805283,0.9999997019767761
1607,3.5999999999999996,-6.4,28,Hero,0.48622927921158926,0.8255209262881961
1608,4.1,-5.9,18,Hero,0.6089025408857398,0.8998838497532738
1609,4.5,-5.5,10,Hero,0.5813337158877403,0.9999964952468872
1610,4.25,-5.75,15,Hero,0.7373290816942851,0.9999985218048095
1611,4.0,-6.0,20,Hero,0.5920056425035,0.900006702542305
1612,-5.1,4.9,2,Villain,0.4076574146747589,0.9999985694885254
1613,3.95,-6.05,21,Hero,0.5889121570757457,0.9074419131945997
1614,4.55,-5.45,9,Hero,0.6345818208323585,0.9999999337726169
1615,4.95,-5.05,1,Hero,0.5348321199417114,1.0
1616,4.5,-5.5,10,Hero,0.862494957447052,0.9999613404273987
1617,4.6000000000000005,-5.3999999999999995,8,Hero,0.7262474689632654,0.9999988377094269
1618,4.1,-5.9,18,Hero,0.4937523048526297,0.9999998079405891
1619,4.4,-5.6,12,Hero,0.5954616417487463,0.9999999900658926
1620,4.55,-5.45,9,Hero,0.6939973086118698,0.9996752474043105
1621,4.5,-5.5,10,Hero,0.6667708292603493,0.9999999523162841
1622,4.4,-5.6,12,Hero,0.6704910596211752,0.9999999701976776
1623,4.3500000000000005,-5.6499999999999995,13,Hero,0.5241578697012022,0.9999986153382522
1624,4.6000000000000005,-5.3999999999999995,8,Hero,0.8080200832337141,0.9999932795763016
1625,4.6000000000000005,-5.3999999999999995,8,Hero,0.5597825571894646,0.9999953359365463
1626,4.95,-5.05,1,Hero,0.5821420550346375,0.9999960660934448
1627,4.9,-5.1,2,Hero,0.995109349489212,1.0
1628,4.05,-5.95,19,Hero,0.6131631747672432,0.9976683949169359
1629,3.8499999999999996,-6.15,23,Hero,0.7787900916908098,0.9999997667644335
1630,4.65,-5.35,7,Hero,0.7928453130381448,0.9999993869236538
1631,4.1,-5.9,18,Hero,0.6323042420877351,0.9998881849977705
1632,4.2,-5.8,16,Hero,0.7143028806895018,0.9990357831120491
1633,4.2,-5.8,16,Hero,0.6306504849344492,0.9952152632176876
1634,4.55,-5.45,9,Hero,0.9029838442802429,1.0
1635,4.6000000000000005,-5.3999999999999995,8,Hero,0.7081631496548653,0.9999971985816956
1636,4.5,-5.5,10,Hero,0.7677232593297958,0.9992868423461914
1637,4.75,-5.25,5,Hero,0.6960203528404236,0.9999997615814209
1638,4.1,-5.9,18,Hero,0.6406255099508498,0.9999634590413835
1639,4.6000000000000005,-5.3999999999999995,8,Hero,0.7980270460247993,0.999993085861206
1640,4.5,-5.5,10,Hero,0.8224992401897907,0.9629098474979401
1641,-5.3999999999999995,4.6000000000000005,8,Villain,0.8525177091360092,0.9999999850988388
1642,4.9,-5.1,2,Hero,0.9990853667259216,0.9999997615814209
1643,4.65,-5.35,7,Hero,0.9986871991838727,0.9999421409198216
1644,4.5,-5.5,10,Hero,0.794534286763519,0.9999653995037079
1645,4.3500000000000005,-5.6499999999999995,13,Hero,0.6775795135360497,0.9756167210065402
1646,3.3499999999999996,-6.65,33,Hero,0.7515221075578169,0.9998146548415675
1647,4.55,-5.45,9,Hero,0.7897488151987394,0.999993536207411
1648,3.1499999999999995,-6.8500000000000005,37,Hero,0.880434401131965,1.0
1649,4.25,-5.75,15,Hero,0.7811614329616229,0.9999995549519857
1650,4.2,-5.8,16,Hero,0.6947637237608433,0.9997606016695499
1651,4.3,-5.7,14,Hero,0.7329725474119186,0.9998456154550824
1652,4.25,-5.75,15,Hero,0.7381977458794912,0.999994405110677
1653,4.95,-5.05,1,Hero,0.9993008375167847,0.9999995231628418
1654,4.1,-5.9,18,Hero,0.6805876543124517,0.8841064824826188
1655,3.9,-6.1,22,Hero,0.7110239545052702,0.9693316546353427
1656,4.65,-5.35,7,Hero,0.6621022692748478,0.9999985183988299
1657,4.8500000000000005,-5.1499999999999995,3,Hero,0.9936087330182394,0.9999835888544718
1658,4.25,-5.75,15,Hero,0.7612218300501505,1.0
1659,4.3500000000000005,-5.6499999999999995,13,Hero,0.7624470981267782,0.9894401247684772
1660,4.45,-5.55,11,Hero,0.7838249640031294,0.9999993172558871
1661,4.15,-5.85,17,Hero,0.7521602038074943,0.9809312084141899
1662,4.5,-5.5,10,Hero,0.6806978233158588,0.9999991655349731
1663,4.55,-5.45,9,Hero,0.5872063471211327,0.9993308517667983
1664,4.45,-5.55,11,Hero,0.8477144539356232,0.9999495636333119
1665,4.75,-5.25,5,Hero,0.8288660824298859,0.9999995708465577
1666,4.8,-5.2,4,Hero,0.7346794158220291,0.9999918639659882
1667,4.6000000000000005,-5.3999999999999995,8,Hero,0.7679749764502048,0.9999999701976776
1668,4.4,-5.6,12,Hero,0.6585622926553091,0.9999998509883881
1669,4.4,-5.6,12,Hero,0.8079088826974233,0.9998821864525477
1670,4.6000000000000005,-5.3999999999999995,8,Hero,0.7732102144509554,0.999990314245224
1671,4.55,-5.45,9,Hero,0.8395306761893961,0.8889605695666332
1672,-5.35,4.65,7,Villain,0.7204136507851737,1.0
1673,4.7,-5.3,6,Hero,0.9433244367440542,0.9999999602635702
1674,4.45,-5.55,11,Hero,0.7265377207235857,0.9999998374418779
1675,4.55,-5.45,9,Hero,0.9918504026201036,0.9999900791380141
1676,-5.3999999999999995,4.6000000000000005,8,Villain,0.8097124099731445,0.9999996423721313
1677,-5.1,4.9,2,Villain,0.4577968418598175,0.9999999403953552
1678,4.3500000000000005,-5.6499999999999995,13,Hero,0.7595828267244192,0.9999638887552115
1679,4.75,-5.25,5,Hero,0.9845524311065674,0.9999849081039429
1680,4.2,-5.8,16,Hero,0.5337356347590685,0.9999617040157318
1681,4.95,-5.05,1,Hero,0.8022926449775696,0.9999983310699463
1682,4.8500000000000005,-5.1499999999999995,3,Hero,0.8065598607063293,0.9999950329462687
1683,4.8,-5.2,4,Hero,0.8998745381832123,1.0
1684,-5.1,4.9,2,Villain,0.9719673097133636,0.9999663829803467
1685,4.7,-5.3,6,Hero,0.6889211336771647,0.999999980131785
1686,2.8,-7.2,44,Hero,0.8521329623816366,0.9999999701976776
1687,3.8,-6.2,24,Hero,0.7827308795725306,0.9999999602635702
1688,-2.499999999999999,-2.499999999999999,50,None,0.7764828676357866,0.986543076634407
1689,4.9,-5.1,2,Hero,0.9259200692176819,0.9999999403953552
1690,2.8499999999999996,-7.15,43,Hero,0.8646664436646673,0.99998810818029
1691,3.6999999999999997,-6.300000000000001,26,Hero,0.8056632585536975,0.9999610942143661
1692,4.65,-5.35,7,Hero,0.8232095268155847,0.9999992166246686
1693,2.6500000000000004,-7.35,47,Hero,0.7595921856291751,0.9971576954456086
1694,3.3999999999999995,-6.6000000000000005,32,Hero,0.8462161566130817,0.9999999925494194
1695,-2.499999999999999,-2.499999999999999,50,None,0.8088164618611335,0.9999998140335083
1696,4.9,-5.1,2,Hero,0.9718385934829712,1.0
1697,-2.499999999999999,-2.499999999999999,50,None,0.659058246165514,0.9009278839826584
1698,-2.499999999999999,-2.499999999999999,50,None,0.7897884315252304,0.9999602949619293
1699,3.6499999999999995,-6.3500000000000005,27,Hero,0.6364696238327909,0.9995271232393053
1700,3.3999999999999995,-6.6000000000000005,32,Hero,0.6043587864842266,0.9453104082494974
1701,2.5500000000000007,-7.449999999999999,49,Hero,0.7410542337718059,0.9999593982891161
1702,-2.499999999999999,-2.499999999999999,50,None,0.7283207958936692,0.9765658539533615
1703,3.5999999999999996,-6.4,28,Hero,0.8010614245597806,0.9999994337558746
1704,3.099999999999999,-6.9,38,Hero,0.7490010543873435,0.9999985255693135
1705,4.65,-5.35,7,Hero,0.6230570892138141,0.9999977009637016
1706,4.4,-5.6,12,Hero,0.8297714578608671,0.9999489287535349
1707,4.45,-5.55,11,Hero,0.5098550509322773,0.999999306418679
1708,3.8,-6.2,24,Hero,0.5962279296169678,0.9524737869699796
1709,4.6000000000000005,-5.3999999999999995,8,Hero,0.6230265982449055,1.0
1710,4.15,-5.85,17,Hero,0.6500222086906433,0.9336411076433518
1711,4.1,-5.9,18,Hero,0.626879368779353,0.9993046787050035
1712,4.55,-5.45,9,Hero,0.6131179365846846,0.9999866353140937
1713,4.65,-5.35,7,Hero,0.9525007605552673,1.0
1714,4.65,-5.35,7,Hero,0.6101193438683238,1.0
1715,3.9,-6.1,22,Hero,0.6084475395354357,0.999967794526707
1716,4.75,-5.25,5,Hero,0.7004283785820007,0.999999713897705
1717,4.6000000000000005,-5.3999999999999995,8,Hero,0.7184229623526335,1.0
1718,4.05,-5.95,19,Hero,0.49321128484351856,0.927106885141448
1719,4.55,-5.45,9,Hero,0.7250831094053056,0.9999993244806925
1720,4.3500000000000005,-5.6499999999999995,13,Hero,0.7181676118992842,0.9999999908300546
1721,4.75,-5.25,5,Hero,0.8582909345626831,1.0
1722,4.4,-5.6,12,Hero,0.7941256513198217,0.9999950329462687
1723,4.3,-5.7,14,Hero,0.6078371171440397,0.9999884366989136
1724,4.25,-5.75,15,Hero,0.6486723021914561,0.8709907054901123
1725,4.1,-5.9,18,Hero,0.6966518999801742,0.9979473584228091
1726,4.5,-5.5,10,Hero,0.7814899921417237,0.9999985814094543
1727,4.55,-5.45,9,Hero,0.6942054099506803,1.0
1728,4.55,-5.45,9,Hero,0.642711834775077,0.9999998013178507
1729,4.45,-5.55,11,Hero,0.6621392504735426,0.9999904957684603
1730,4.65,-5.35,7,Hero,0.630009629896709,1.0
1731,4.7,-5.3,6,Hero,0.6022080729405085,0.9999803304672241
1732,3.6999999999999997,-6.300000000000001,26,Hero,0.5447194278240204,0.9999690697743342
1733,4.45,-5.55,11,Hero,0.7129582573067058,0.9999670332128351
1734,4.3500000000000005,-5.6499999999999995,13,Hero,0.8100002132929288,0.9999556541442871
1735,4.4,-5.6,12,Hero,0.639529878894488,0.9999999602635702
1736,4.3500000000000005,-5.6499999999999995,13,Hero,0.7087889439784564,0.999169239631066
1737,4.6000000000000005,-5.3999999999999995,8,Hero,0.9112021028995514,0.9999925941228867
1738,-5.1,4.9,2,Villain,0.5975182950496674,0.9988487958908081
1739,3.95,-6.05,21,Hero,0.6466820310978663,0.9603584479717981
1740,4.2,-5.8,16,Hero,0.6156462882645428,0.9993741139769554
1741,4.25,-5.75,15,Hero,0.5962839384873708,0.9998237212498983
1742,4.45,-5.55,11,Hero,0.6876934414560144,0.9999977566979148
1743,4.7,-5.3,6,Hero,0.9316164155801138,0.9999999205271403
1744,3.9,-6.1,22,Hero,0.6005373414267193,0.9160712520507249
1745,4.55,-5.45,9,Hero,0.56416687866052,0.9999890327453613
1746,3.3999999999999995,-6.6000000000000005,32,Hero,0.7027850607410073,0.9866098333150148
1747,4.7,-5.3,6,Hero,0.661061555147171,0.999999980131785
1748,3.95,-6.05,21,Hero,0.6523820410172144,0.9445443465596154
1749,4.45,-5.55,11,Hero,0.8068126060745933,0.9999929774891246
1750,4.8500000000000005,-5.1499999999999995,3,Hero,0.738124261299769,0.9999785820643107
1751,4.7,-5.3,6,Hero,0.6543156504631042,1.0
1752,3.8,-6.2,24,Hero,0.5776959583163261,0.9999663333098093
1753,4.3,-5.7,14,Hero,0.7099986182791846,0.9957533308437893
1754,4.55,-5.45,9,Hero,0.6436367498503791,0.9999999602635702
1755,4.0,-6.0,20,Hero,0.5529358670115471,0.9680538177490234
1756,3.9,-6.1,22,Hero,0.6012972112406384,0.8879138505594297
1757,4.55,-5.45,9,Hero,0.7024021810955472,0.9999537203047011
1758,4.45,-5.55,11,Hero,0.7354100265286185,0.9712887297977101
1759,4.8,-5.2,4,Hero,0.7921435385942459,0.9999608099460602
1760,4.5,-5.5,10,Hero,0.6628407716751099,0.9999991178512573
1761,4.2,-5.8,16,Hero,0.5828643022105098,0.9983896613121033
1762,4.3,-5.7,14,Hero,0.7045523077249527,0.9342534244060516
1763,4.6000000000000005,-5.3999999999999995,8,Hero,0.6684106606990099,1.0
1764,4.75,-5.25,5,Hero,0.9056106925010681,0.9999983787536622
1765,4.6000000000000005,-5.3999999999999995,8,Hero,0.7431372627615929,0.999925471842289
1766,4.5,-5.5,10,Hero,0.7519891157746315,0.9999995708465577
1767,4.7,-5.3,6,Hero,0.9019895096619924,0.999999483426412
1768,4.75,-5.25,5,Hero,0.8091525673866272,0.9999995470046997
1769,4.7,-5.3,6,Hero,0.9731749097506205,1.0
1770,4.05,-5.95,19,Hero,0.5682067502486078,0.8483313133842066
1771,3.9,-6.1,22,Hero,0.5891284417699684,0.9072577574036338
1772,4.8,-5.2,4,Hero,0.5425314754247665,0.9999994337558746
1773,4.65,-5.35,7,Hero,0.6456274400864329,0.9999998978206089
1774,4.5,-5.5,10,Hero,0.6934703037142753,0.9939010083675385
1775,4.5,-5.5,10,Hero,0.6166260957717895,0.9999232172966004
1776,3.8499999999999996,-6.15,23,Hero,0.616506678254708,0.9862174961877905
1777,4.1,-5.9,18,Hero,0.5554416946445903,0.9997451106707255
1778,4.3,-5.7,14,Hero,0.7740882188081741,0.9999999403953552
1779,4.6000000000000005,-5.3999999999999995,8,Hero,0.9818756803870201,0.9999995678663254
1780,4.5,-5.5,10,Hero,0.6732256978750228,0.9354773759841919
1781,4.25,-5.75,15,Hero,0.6833115259806315,0.9249151090780894
1782,4.3500000000000005,-5.6499999999999995,13,Hero,0.6660989064436692,0.9999370804199805
1783,4.3,-5.7,14,Hero,0.7378193885087967,0.9332853725978306
1784,4.4,-5.6,12,Hero,0.8529531011978785,0.9999220867951711
1785,4.3500000000000005,-5.6499999999999995,13,Hero,0.7496756673432313,0.9995736525608943
1786,4.25,-5.75,15,Hero,0.6985015884041786,0.9998613675435384
1787,4.45,-5.55,11,Hero,0.7022646299817346,0.9999245567755266
1788,4.55,-5.45,9,Hero,0.8634558253818088,0.9999989933437772
1789,3.2999999999999994,-6.700000000000001,34,Hero,0.6407610988792252,0.9999998071614433
1790,4.4,-5.6,12,Hero,0.5621643296908587,0.9999962349732717
1791,4.75,-5.25,5,Hero,0.4740594238042831,1.0
1792,4.75,-5.25,5,Hero,0.9467548489570617,0.9999983787536622
1793,-5.1499999999999995,4.8500000000000005,3,Villain,0.9824720819791158,1.0
1794,4.55,-5.45,9,Hero,0.7264317389991548,0.9999714824888442
1795,4.1,-5.9,18,Hero,0.6074680743945969,0.983427537812127
1796,4.4,-5.6,12,Hero,0.5720293546716372,0.9999994933605194
1797,4.5,-5.5,10,Hero,0.6315540507435798,0.9825356483459473
1798,4.3,-5.7,14,Hero,0.6328047982284001,0.9861144849232265
1799,4.45,-5.55,11,Hero,0.7866019606590271,0.9993731325322931
1800,4.4,-5.6,12,Hero,0.7583842898408572,0.9443152844905853
1801,4.5,-5.5,10,Hero,0.6086370557546615,0.9999996423721313
1802,4.05,-5.95,19,Hero,0.6403830051422119,0.9796153714782313
1803,4.25,-5.75,15,Hero,0.7212922384341558,0.9678474942843119
1804,4.8,-5.2,4,Hero,0.6665963381528854,0.9999999701976776
1805,4.45,-5.55,11,Hero,0.7549581121314656,0.9087160642639819
1806,4.75,-5.25,5,Hero,0.6315176963806153,0.9999996900558472
1807,4.05,-5.95,19,Hero,0.642861744437955,0.9018905209867578
1808,4.75,-5.25,5,Hero,0.9619235754013061,0.9999701023101807
1809,4.3500000000000005,-5.6499999999999995,13,Hero,0.5198345230175898,0.9999996882218581
1810,4.6000000000000005,-5.3999999999999995,8,Hero,0.5244996147230268,0.9999994933605194
1811,4.7,-5.3,6,Hero,0.7930042445659637,1.0
1812,4.15,-5.85,17,Hero,0.5941600519068101,0.9152889771058279
1813,4.55,-5.45,9,Hero,0.6572237610816956,1.0
1814,4.8,-5.2,4,Hero,0.953055128455162,0.9999984502792358
1815,4.3500000000000005,-5.6499999999999995,13,Hero,0.6987258654374343,0.9849588458354657
1816,4.8,-5.2,4,Hero,0.4738347567617893,1.0
1817,4.5,-5.5,10,Hero,0.6887656703591347,0.9999997735023498
1818,4.55,-5.45,9,Hero,0.7271718747085996,1.0
1819,4.25,-5.75,15,Hero,0.7154471566279729,0.9241421520709991
1820,4.55,-5.45,9,Hero,0.674594151477019,0.9998789363437228
1821,4.2,-5.8,16,Hero,0.6912282793782651,0.9987777993083
1822,-5.5,4.5,10,Villain,0.72345871925354,0.9999998092651368
1823,4.05,-5.95,19,Hero,0.695961036180195,0.825571767593685
1824,4.4,-5.6,12,Hero,0.7878212953607241,0.914647618929545
1825,4.55,-5.45,9,Hero,0.6900208327505324,1.0
1826,4.5,-5.5,10,Hero,0.7741116791963577,0.9999955296516418
1827,4.65,-5.35,7,Hero,0.8835169076919556,0.9999997104917254
1828,4.55,-5.45,9,Hero,0.6845587293306986,0.9999999867545234
1829,4.4,-5.6,12,Hero,0.6553542577506354,1.0
1830,4.55,-5.45,9,Hero,0.7412048114670647,0.9999999602635702
1831,4.55,-5.45,9,Hero,0.6283699009153578,0.999999894036187
1832,4.6000000000000005,-5.3999999999999995,8,Hero,0.9577258303761482,0.9997142627835274
1833,3.9,-6.1,22,Hero,0.6711265085773035,0.8857819774950092
1834,4.7,-5.3,6,Hero,0.7973999480406443,0.9999069571495056
1835,4.0,-6.0,20,Hero,0.6889330148696899,0.9931594163179398
1836,4.8500000000000005,-5.1499999999999995,3,Hero,0.6873140533765157,0.9999992847442627
1837,4.4,-5.6,12,Hero,0.6848368967572848,0.9999667008717855
1838,4.55,-5.45,9,Hero,0.8192669153213501,0.9996845854653252
1839,4.1,-5.9,18,Hero,0.6154305636882782,0.9967627690898048
1840,4.6000000000000005,-5.3999999999999995,8,Hero,0.8132259496487677,0.9999987185001373
1841,4.8500000000000005,-5.1499999999999995,3,Hero,0.9952061176300049,1.0
1842,3.9,-6.1,22,Hero,0.6071719057773325,0.8722512884573503
1843,4.5,-5.5,10,Hero,0.6308935180306434,1.0
1844,4.6000000000000005,-5.3999999999999995,8,Hero,0.6812513582408428,0.9999998658895493
1845,4.75,-5.25,5,Hero,0.7864226579666138,0.9999998092651368
1846,4.5,-5.5,10,Hero,0.4531796038150787,1.0
1847,-5.1,4.9,2,Villain,0.8915815055370331,0.9999983310699463
1848,4.3500000000000005,-5.6499999999999995,13,Hero,0.6239859000421487,0.9999987987371591
1849,4.1,-5.9,18,Hero,0.6952996295359399,0.9663976828257242
1850,4.65,-5.35,7,Hero,0.6083955466747284,0.9999994209834507
1851,4.6000000000000005,-5.3999999999999995,8,Hero,0.9757480546832085,0.9958616644144058
1852,4.65,-5.35,7,Hero,0.9974214860371181,0.9999997445515224
1853,4.3500000000000005,-5.6499999999999995,13,Hero,0.7279419050766871,0.995829490514902
1854,-5.25,4.75,5,Villain,0.6182473659515381,0.9999999761581421
1855,3.4999999999999996,-6.5,30,Hero,0.6128863369425138,0.8506981079777082
1856,4.6000000000000005,-5.3999999999999995,8,Hero,0.9792277067899704,0.999746598303318
1857,4.2,-5.8,16,Hero,0.644948361441493,0.9831244349479675
1858,3.8499999999999996,-6.15,23,Hero,0.5949774689000585,0.8915270460040673
1859,4.55,-5.45,9,Hero,0.6023823801014159,0.9999995761447482
1860,4.3500000000000005,-5.6499999999999995,13,Hero,0.6546634533084356,0.78563597626411
1861,4.25,-5.75,15,Hero,0.6102699299653371,0.9999539415041606
1862,-5.45,4.55,9,Villain,0.5210116861595048,1.0
1863,3.3999999999999995,-6.6000000000000005,32,Hero,0.5891626285156235,0.9097892218269408
1864,4.25,-5.75,15,Hero,0.4986688365538915,0.9999946355819702
1865,4.8500000000000005,-5.1499999999999995,3,Hero,0.4453791081905365,0.9999997218449911
1866,4.8,-5.2,4,Hero,0.5587505549192429,0.9999993145465851
1867,4.8500000000000005,-5.1499999999999995,3,Hero,0.7638984719912211,1.0
1868,4.3,-5.7,14,Hero,0.717543648821967,1.0
1869,4.05,-5.95,19,Hero,0.5535393779313094,0.9302071223133489
1870,4.1,-5.9,18,Hero,0.535130156411065,0.9998888009124332
1871,4.25,-5.75,15,Hero,0.6546308358510335,0.96112935145696
1872,4.3500000000000005,-5.6499999999999995,13,Hero,0.689465188063108,0.9999998624508197
1873,4.6000000000000005,-5.3999999999999995,8,Hero,0.9799807667732239,0.999992236495018
1874,4.3500000000000005,-5.6499999999999995,13,Hero,0.6399867093333831,0.9999505648246179
1875,4.5,-5.5,10,Hero,0.6374809265136718,0.999939751625061
1876,4.65,-5.35,7,Hero,0.9566915035247803,0.999884911945888
1877,4.65,-5.35,7,Hero,0.9633822015353611,0.9999987227576119
1878,4.45,-5.55,11,Hero,0.6224714436314323,0.9998076016252692
1879,4.3500000000000005,-5.6499999999999995,13,Hero,0.6747271349796882,0.9995974760789138
1880,4.6000000000000005,-5.3999999999999995,8,Hero,0.6541455574333668,0.9999972283840179
1881,4.3,-5.7,14,Hero,0.6564332576734679,0.9999985269137791
1882,4.15,-5.85,17,Hero,0.668291367152158,0.9675542396657607
1883,4.55,-5.45,9,Hero,0.7603533052735858,0.9999953375922309
1884,4.65,-5.35,7,Hero,0.9106793403625488,0.999999965940203
1885,4.55,-5.45,9,Hero,0.6657570766078101,0.9999998145633273
1886,4.2,-5.8,16,Hero,0.6470993785187602,0.9560252241790295
1887,4.65,-5.35,7,Hero,0.9915939058576312,0.9999999489103045
1888,4.6000000000000005,-5.3999999999999995,8,Hero,0.7472706288099289,0.9999306350946426
1889,4.7,-5.3,6,Hero,0.9120928843816122,1.0
1890,4.55,-5.45,9,Hero,0.9285789993074205,1.0
1891,4.5,-5.5,10,Hero,0.7710153222084045,0.9999258935451507
1892,4.05,-5.95,19,Hero,0.6826679549719158,0.9095554634144432
1893,4.55,-5.45,9,Hero,0.7461080667045381,1.0
1894,4.4,-5.6,12,Hero,0.772281289100647,0.9922339816888174
1895,4.65,-5.35,7,Hero,0.5908159230436597,0.9999997445515224
1896,4.6000000000000005,-5.3999999999999995,8,Hero,0.6987968981266022,0.9999998211860657
1897,4.65,-5.35,7,Hero,0.7139876676457269,1.0
1898,-5.45,4.55,9,Villain,0.7932309549715784,1.0
1899,3.8499999999999996,-6.15,23,Hero,0.561165947791027,0.9992783251016036
1900,4.7,-5.3,6,Hero,0.6008398483196894,1.0
1901,4.9,-5.1,2,Hero,0.9740183353424072,0.9999979734420776
1902,4.5,-5.5,10,Hero,0.5032593686133623,0.9999999880790711
1903,4.5,-5.5,10,Hero,0.672528338432312,0.999193525314331
1904,4.2,-5.8,16,Hero,0.6346026863902807,0.8118311563739553
1905,4.2,-5.8,16,Hero,0.6121453698724508,0.9999909922480583
1906,4.4,-5.6,12,Hero,0.7126888980468115,0.981256847580274
1907,4.05,-5.95,19,Hero,0.6110107486969546,0.9382339323821821
1908,4.8500000000000005,-5.1499999999999995,3,Hero,0.6823456386725107,1.0
1909,4.55,-5.45,9,Hero,0.9493934512138367,0.9999994304445055
1910,4.75,-5.25,5,Hero,0.7594898819923401,0.9999988079071045
1911,4.55,-5.45,9,Hero,0.7475884788566165,0.9999844365649753
1912,4.7,-5.3,6,Hero,0.65999536216259,0.9999998609224955
1913,4.55,-5.45,9,Hero,0.6717530737320582,0.999888645278083
1914,4.8,-5.2,4,Hero,0.7375724799931049,0.9999991059303284
1915,4.3500000000000005,-5.6499999999999995,13,Hero,0.6310140169583834,0.9999569837863629
1916,4.5,-5.5,10,Hero,0.7612203806638718,0.999999487400055
1917,4.6000000000000005,-5.3999999999999995,8,Hero,0.8382487148046494,0.9999999552965164
1918,4.1,-5.9,18,Hero,0.6564387215508355,0.9353463649749756
1919,4.8,-5.2,4,Hero,0.9923128038644791,1.0
1920,3.75,-6.25,25,Hero,0.6072277712821961,0.9969589376449585
1921,4.5,-5.5,10,Hero,0.641721996665001,0.9999652028083801
1922,4.7,-5.3,6,Hero,0.6090973615646362,0.9999992648760477
1923,4.3,-5.7,14,Hero,0.5753852480224201,0.9999947803361076
1924,-5.1,4.9,2,Villain,0.8741461634635925,0.9999998807907104
1925,4.4,-5.6,12,Hero,0.6857175845652819,0.9372994105021158
1926,4.7,-5.3,6,Hero,0.7347111701965332,0.9999085863431295
1927,3.95,-6.05,21,Hero,0.6384072587603614,0.9006982129954156
1928,4.15,-5.85,17,Hero,0.6201934722416541,0.999990231850568
1929,4.45,-5.55,11,Hero,0.42553411542691966,0.9996578964320096
1930,2.5500000000000007,-7.449999999999999,49,Hero,0.5822934812999198,0.8006509962130566
1931,2.8999999999999995,-7.1000000000000005,42,Hero,0.6458627115935087,0.8263562335854485
1932,3.95,-6.05,21,Hero,0.5534884652921132,0.8635272137998116
1933,3.95,-6.05,21,Hero,0.48826898279644193,1.0
1934,3.8499999999999996,-6.15,23,Hero,0.6651328406904055,0.8458891834901727
1935,4.4,-5.6,12,Hero,0.7433303706347942,1.0
1936,3.5999999999999996,-6.4,28,Hero,0.5742979047021696,0.9995973195348468
1937,3.55,-6.45,29,Hero,0.6264737721147209,0.8751751091973535
1938,4.4,-5.6,12,Hero,0.5590113031988343,0.8982107080519199
1939,4.45,-5.55,11,Hero,0.6913581348278306,0.9418984245170247
1940,4.45,-5.55,11,Hero,0.7123495794155381,0.9987382130189375
1941,4.5,-5.5,10,Hero,0.5095333124510943,1.0
1942,4.4,-5.6,12,Hero,0.7482480679949125,0.9998340904712677
1943,4.75,-5.25,5,Hero,0.9451125621795654,0.9999555349349976
1944,4.25,-5.75,15,Hero,0.6153944591681163,0.9402539292971294
1945,4.3,-5.7,14,Hero,0.726508558860847,0.9946347177028656
1946,4.45,-5.55,11,Hero,0.7716225968165831,0.9606318094513633
1947,4.55,-5.45,9,Hero,0.8548808164066739,1.0
1948,4.9,-5.1,2,Hero,0.8431179225444794,0.9999966025352478
1949,4.8,-5.2,4,Hero,0.7227978706359863,0.9999966323375702
1950,4.15,-5.85,17,Hero,0.6545475554816863,0.9379681155962103
1951,4.15,-5.85,17,Hero,0.5793984433745637,0.9611343986847821
1952,4.6000000000000005,-5.3999999999999995,8,Hero,0.5785794910043478,0.9999999701976776
1953,3.6999999999999997,-6.300000000000001,26,Hero,0.5537952459059082,0.843046213571842
1954,4.05,-5.95,19,Hero,0.6947672167106679,0.867755218163917
1955,4.3500000000000005,-5.6499999999999995,13,Hero,0.645048010807771,0.9999999174704919
1956,4.65,-5.35,7,Hero,0.8046070166996547,0.999976362500872
1957,4.7,-5.3,6,Hero,0.9822419385115305,0.9999996622403463
1958,3.5999999999999996,-6.4,28,Hero,0.6910219096711704,0.8655354492366314
1959,4.15,-5.85,17,Hero,0.7366204717580009,0.886310853611897
1960,4.15,-5.85,17,Hero,0.46551492021364327,1.0
1961,3.5999999999999996,-6.4,28,Hero,0.6698671101725527,0.9608438462018967
1962,4.1,-5.9,18,Hero,0.6983740371134546,0.9988812274403043
1963,4.4,-5.6,12,Hero,0.6658415794372559,0.984959880510966
1964,4.0,-6.0,20,Hero,0.6424775674939156,0.8830349918454885
1965,4.6000000000000005,-5.3999999999999995,8,Hero,0.6006417609751225,0.9999999850988388
1966,4.75,-5.25,5,Hero,0.5779790163040162,0.9999999284744263
1967,4.2,-5.8,16,Hero,0.6562019458506256,0.9535359963774681
1968,4.6000000000000005,-5.3999999999999995,8,Hero,0.621589932590723,0.9979691430926323
1969,3.8,-6.2,24,Hero,0.7136935964226723,0.9582540226789812
1970,4.3500000000000005,-5.6499999999999995,13,Hero,0.7158282307478098,0.9512554957316472
1971,4.55,-5.45,9,Hero,0.6419701675573984,0.9999981588787503
1972,4.6000000000000005,-5.3999999999999995,8,Hero,0.6398305473849177,1.0
1973,4.2,-5.8,16,Hero,0.6306715197861195,0.9531084075570107
1974,4.8500000000000005,-5.1499999999999995,3,Hero,0.5738874276479086,1.0
1975,3.1999999999999993,-6.800000000000001,36,Hero,0.631668485985655,0.8791782070572177
1976,4.05,-5.95,19,Hero,0.6104154135835799,0.9165249027703938
1977,4.0,-6.0,20,Hero,0.5192074790596962,0.9999970078468323
1978,4.4,-5.6,12,Hero,0.6478997065375248,0.9768197486797968
1979,4.7,-5.3,6,Hero,0.7708818018436432,0.9999982515970866
1980,3.75,-6.25,25,Hero,0.6860838574171066,0.8684725069999695
1981,4.2,-5.8,16,Hero,0.598845137283206,0.8875098368735053
1982,4.5,-5.5,10,Hero,0.6876129031181335,0.998506385087967
1983,4.45,-5.55,11,Hero,0.6475750289180062,0.909068721533417
1984,4.8,-5.2,4,Hero,0.510541632771492,1.0
1985,4.4,-5.6,12,Hero,0.7322124466300011,0.9978820631901423
1986,4.1,-5.9,18,Hero,0.535651459876034,0.9981896148787605
1987,4.7,-5.3,6,Hero,0.7773595154285431,0.9999995628992716
1988,4.6000000000000005,-5.3999999999999995,8,Hero,0.9475432187318802,0.949989415705204
1989,4.9,-5.1,2,Hero,0.9471786022186279,0.9999986886978149
1990,4.2,-5.8,16,Hero,0.6136244591325521,0.8293541586026549
1991,4.6000000000000005,-5.3999999999999995,8,Hero,0.8148781061172485,0.9999943524599075
1992,4.45,-5.55,11,Hero,0.6225889487700029,0.9999999458139593
1993,3.6999999999999997,-6.300000000000001,26,Hero,0.7040950231827222,0.9143235236406326
1994,3.75,-6.25,25,Hero,0.5888637745380402,0.9162103521823883
1995,4.3,-5.7,14,Hero,0.7894078812428883,0.8420548182246941
1996,-5.35,4.65,7,Villain,0.5463853052684239,0.9999999829701015
1997,4.8500000000000005,-5.1499999999999995,3,Hero,0.975585401058197,0.9999999602635702
1998,3.8,-6.2,24,Hero,0.5772896360916396,0.8579561887308955
1999,4.6000000000000005,-5.3999999999999995,8,Hero,0.6029912792146206,0.9999989569187164
2000,4.15,-5.85,17,Hero,0.6794267840245191,0.9968615630093742
2001,4.4,-5.6,12,Hero,0.640023390452067,0.9464610914389292
2002,4.1,-5.9,18,Hero,0.669716930637757,0.9984567231602139
2003,4.1,-5.9,18,Hero,0.6303642061021593,0.9836759865283966
2004,3.3499999999999996,-6.65,33,Hero,0.6986354413357648,0.8702703285397906
2005,4.9,-5.1,2,Hero,0.9977658092975616,1.0
2006,4.2,-5.8,16,Hero,0.5719079384580255,0.9994190037250519
2007,4.5,-5.5,10,Hero,0.7479006938636303,0.9999987125396729
2008,4.3,-5.7,14,Hero,0.4546114504337311,0.9999919278281075
2009,3.099999999999999,-6.9,38,Hero,0.5857633453377179,0.8460460046404287
2010,4.4,-5.6,12,Hero,0.602079893151919,0.9990349113941193
2011,4.5,-5.5,10,Hero,0.7831359326839447,0.9820248365402222
2012,4.9,-5.1,2,Hero,0.9939192533493042,0.9999999403953552
2013,4.4,-5.6,12,Hero,0.4703022129833698,0.999999612569809
2014,4.45,-5.55,11,Hero,0.6170048781416633,0.9999985694885254
2015,4.4,-5.6,12,Hero,0.5603573434054852,0.9999999403953552
2016,3.4499999999999993,-6.550000000000001,31,Hero,0.6234535899373793,0.9188112679027742
2017,4.4,-5.6,12,Hero,0.6352277298768362,0.9997041821479797
2018,4.2,-5.8,16,Hero,0.6231750771403313,0.9996098950505257
2019,4.6000000000000005,-5.3999999999999995,8,Hero,0.6808740831911564,0.9999999403953552
2020,4.5,-5.5,10,Hero,0.6775552958250046,0.9999989748001099
2021,4.3500000000000005,-5.6499999999999995,13,Hero,0.6371057171087998,0.9999966346300565
2022,4.5,-5.5,10,Hero,0.6207007184624672,0.9999971747398376
2023,4.4,-5.6,12,Hero,0.6955855799218019,0.9167573847807944
2024,4.7,-5.3,6,Hero,0.846403698126475,0.9999933838844299
2025,4.5,-5.5,10,Hero,0.8119108587503433,0.9999661982059479
2026,3.55,-6.45,29,Hero,0.6337422707985187,0.9999530726465685
2027,-5.1,4.9,2,Villain,0.926767885684967,1.0
2028,3.8499999999999996,-6.15,23,Hero,0.6937043718669725,0.9682785907517308
2029,4.65,-5.35,7,Hero,0.8084849736520222,1.0
2030,3.8499999999999996,-6.15,23,Hero,0.6773382658543794,0.8989366681679435
2031,4.2,-5.8,16,Hero,0.6208193353377283,0.9996806718409061
2032,4.6000000000000005,-5.3999999999999995,8,Hero,0.6513350456953049,0.9999968856573105
2033,4.3,-5.7,14,Hero,0.5476419348269701,0.9999354566846576
2034,4.0,-6.0,20,Hero,0.5904235520400107,0.9951637983322144
2035,4.45,-5.55,11,Hero,0.6623665446584875,0.999585357579318
2036,4.25,-5.75,15,Hero,0.5375945210456848,0.9999999443689982
2037,3.95,-6.05,21,Hero,0.5982079860709962,0.914607239798421
2038,4.4,-5.6,12,Hero,0.775974137087663,0.9999642719825109
2039,-5.95,4.05,19,Villain,0.46024902968814496,0.9999999309840956
2040,3.4999999999999996,-6.5,30,Hero,0.6552890328690409,0.9972904245058696
2041,-5.05,4.95,1,Villain,0.2197919636964798,0.9996436834335327
2042,3.75,-6.25,25,Hero,0.5856612640619278,0.9999355006217957
2043,4.8,-5.2,4,Hero,0.7477899342775345,0.9999990165233612
2044,4.3,-5.7,14,Hero,0.6789350429815906,0.9981717254434314
2045,4.3500000000000005,-5.6499999999999995,13,Hero,0.7914359775873331,0.9998561235574576
2046,4.45,-5.55,11,Hero,0.6656500724228945,0.9999454509128224
2047,4.15,-5.85,17,Hero,0.6313112592872452,0.9943045588100657
2048,4.05,-5.95,19,Hero,0.6893314280008015,0.9629007170074865
2049,4.5,-5.5,10,Hero,0.5900939777493477,0.9999994039535522
2050,4.0,-6.0,20,Hero,0.6509168341755867,0.9999992191791535
2051,4.45,-5.55,11,Hero,0.7655709805813703,0.9999993497675116
2052,4.25,-5.75,15,Hero,0.684592092037201,0.9999999364217123
2053,4.75,-5.25,5,Hero,0.6902320384979248,0.9999977588653565
2054,4.95,-5.05,1,Hero,0.3494974672794342,0.9999998807907104
2055,4.3,-5.7,14,Hero,0.5840939602681569,0.9999997190066746
2056,4.45,-5.55,11,Hero,0.8800823200832714,0.9999427632852034
2057,4.45,-5.55,11,Hero,0.6862421062859622,0.9631670117378235
2058,4.2,-5.8,16,Hero,0.760235033929348,0.9965544231235981
2059,4.8500000000000005,-5.1499999999999995,3,Hero,0.9940555890401205,1.0
2060,4.95,-5.05,1,Hero,0.9558754563331604,1.0
2061,4.65,-5.35,7,Hero,0.9724675927843366,0.9999992677143642
2062,3.9,-6.1,22,Hero,0.7236740375784311,0.9981252713636919
2063,3.8499999999999996,-6.15,23,Hero,0.5700725423900977,0.8170712369939556
2064,4.1,-5.9,18,Hero,0.7648338377475739,0.9999913838174608
2065,4.65,-5.35,7,Hero,0.9217704023633685,1.0
2066,4.45,-5.55,11,Hero,0.7383074787530032,0.9916934804482893
2067,4.55,-5.45,9,Hero,0.9182235664791532,0.9999215602874756
2068,4.4,-5.6,12,Hero,0.62950249761343,0.9996045182148615
2069,4.45,-5.55,11,Hero,0.6830256689678539,0.9943459142338146
2070,4.95,-5.05,1,Hero,0.9954942464828491,1.0
2071,4.3500000000000005,-5.6499999999999995,13,Hero,0.6052563190460205,0.9999985786584707
2072,4.2,-5.8,16,Hero,0.6725676022469997,0.9181540608406067
2073,4.25,-5.75,15,Hero,0.6764882266521454,0.9520621101061503
2074,4.6000000000000005,-5.3999999999999995,8,Hero,0.5160440169274807,1.0
2075,4.6000000000000005,-5.3999999999999995,8,Hero,0.9847707524895668,0.9999522641301155
2076,-5.05,4.95,1,Villain,0.9697473049163818,1.0
2077,4.15,-5.85,17,Hero,0.6186536879223936,0.9999528772690717
2078,4.6000000000000005,-5.3999999999999995,8,Hero,0.9936736673116684,0.9999964684247971
2079,4.7,-5.3,6,Hero,0.772682249546051,0.9999993244806925
2080,4.0,-6.0,20,Hero,0.5924717530608177,0.9993751078844071
2081,-5.1499999999999995,4.8500000000000005,3,Villain,0.9818633596102396,1.0
2082,-5.3,4.7,6,Villain,0.9719094137350718,0.999999980131785
2083,4.3500000000000005,-5.6499999999999995,13,Hero,0.7646982188408191,0.8933495374826285
2084,4.4,-5.6,12,Hero,0.6956678728262583,0.9949361085891724
2085,4.15,-5.85,17,Hero,0.6229562496437746,0.999999908839955
2086,4.55,-5.45,9,Hero,0.7092001082168685,0.9999420046806335
2087,3.95,-6.05,21,Hero,0.5314929045382,0.9998741575649807
2088,4.55,-5.45,9,Hero,0.7542246215873294,0.9999983972973294
2089,4.5,-5.5,10,Hero,0.7635574579238892,0.9999994516372681
2090,4.45,-5.55,11,Hero,0.6430263031612743,0.9991880059242249
2091,4.65,-5.35,7,Hero,0.757112341267722,1.0
2092,4.7,-5.3,6,Hero,0.780763936539491,0.9999990065892538
2093,4.25,-5.75,15,Hero,0.5937518492341042,0.999342672030131
2094,4.7,-5.3,6,Hero,0.9321991205215454,1.0
2095,3.9,-6.1,22,Hero,0.5496704151684587,0.9999985261396929
2096,4.2,-5.8,16,Hero,0.6997765470296144,0.8920724615454674
2097,4.3,-5.7,14,Hero,0.5967399563108172,0.9999843835830688
2098,4.3,-5.7,14,Hero,0.6345224614654269,0.9989600479602814
2099,4.65,-5.35,7,Hero,0.6819825002125331,0.9999459215572902
2100,4.7,-5.3,6,Hero,0.6056490341822306,1.0
2101,4.3500000000000005,-5.6499999999999995,13,Hero,0.6632622285531118,0.9999960660934448
2102,4.65,-5.35,7,Hero,0.983142478125436,0.9999008774757385
2103,-5.3999999999999995,4.6000000000000005,8,Villain,0.3830921296030283,1.0
2104,3.8499999999999996,-6.15,23,Hero,0.7058201497015746,0.9930598062017689
2105,4.65,-5.35,7,Hero,0.6005757812942777,0.9999667746680123
2106,4.75,-5.25,5,Hero,0.5011553019285202,0.9999992847442627
2107,2.9499999999999993,-7.050000000000001,41,Hero,0.7134046132971601,0.9582498022695867
2108,-2.499999999999999,-2.499999999999999,50,None,0.7684238539636135,0.9999470233917236
2109,-2.499999999999999,-2.499999999999999,50,None,0.9171964927017688,1.0
2110,4.3,-5.7,14,Hero,0.6216082466500146,0.9996865391731262
2111,4.4,-5.6,12,Hero,0.5854568108916283,0.9996161609888077
2112,-5.55,4.45,11,Villain,0.6901459626176141,0.9999990680000999
2113,-2.499999999999999,-2.499999999999999,50,None,0.76041200324893,0.9507532693631947
2114,3.95,-6.05,21,Hero,0.684528268518902,0.9493532620725178
2115,4.0,-6.0,20,Hero,0.5940740332007408,0.9999473690986633
2116,4.4,-5.6,12,Hero,0.7148181423544884,0.9999968806902567
2117,4.55,-5.45,9,Hero,0.743403262562222,0.9999855359395345
2118,3.2999999999999994,-6.700000000000001,34,Hero,0.6474498966160942,0.9999999298768885
2119,4.0,-6.0,20,Hero,0.6324597999453545,0.999956488609314
2120,4.8,-5.2,4,Hero,0.6358950138092041,0.9999998807907104
2121,4.4,-5.6,12,Hero,0.5530146931608518,0.9998573760191599
2122,4.95,-5.05,1,Hero,0.898972749710083,0.9999998807907104
2123,4.25,-5.75,15,Hero,0.6910318632920583,0.9163947025934855
2124,3.8499999999999996,-6.15,23,Hero,0.6956116064735081,0.9293098773645319
2125,4.3,-5.7,14,Hero,0.7119847876685006,0.863750044788633
2126,3.8499999999999996,-6.15,23,Hero,0.6175051411897268,0.9919647289359051
2127,4.3,-5.7,14,Hero,0.7928223301257405,0.934664881655148
2128,4.6000000000000005,-5.3999999999999995,8,Hero,0.9217227771878242,0.9087214209139347
2129,-2.499999999999999,-2.499999999999999,50,None,0.6572206153720618,0.9703890764713288
2130,4.3500000000000005,-5.6499999999999995,13,Hero,0.6602394030644343,1.0
2131,4.65,-5.35,7,Hero,0.7016315587929317,0.998987581048693
2132,-2.499999999999999,-2.499999999999999,50,None,0.6361466344073414,0.9999888372421265
2133,4.6000000000000005,-5.3999999999999995,8,Hero,0.6188559089787304,0.9999967962503433
2134,4.65,-5.35,7,Hero,0.7275415062904358,0.9999645096915108
2135,3.4499999999999993,-6.550000000000001,31,Hero,0.527729107157117,0.999988765485825
2136,4.3,-5.7,14,Hero,0.6744240482470819,0.9999965599605015
2137,4.25,-5.75,15,Hero,0.6406335870424906,0.8900136252244314
2138,4.6000000000000005,-5.3999999999999995,8,Hero,0.682913419790566,0.9999990463256836
2139,-2.499999999999999,-2.499999999999999,50,None,0.6205439484491945,0.9996505904197693
2140,4.4,-5.6,12,Hero,0.4649183824658394,0.9999997814496359
2141,4.8500000000000005,-5.1499999999999995,3,Hero,0.9584860404332479,0.9999998807907104
2142,4.0,-6.0,20,Hero,0.6743845433811657,0.8767855703830719
2143,4.65,-5.35,7,Hero,0.6323457275118146,0.9996982898030963
2144,4.6000000000000005,-5.3999999999999995,8,Hero,0.6660179700702429,0.9999205693602562
2145,4.25,-5.75,15,Hero,0.6553431491057078,0.9938202142715454
2146,4.2,-5.8,16,Hero,0.7127808183431625,0.9977021142840385
2147,-2.499999999999999,-2.499999999999999,50,None,0.5347807970270515,0.9999022853374481
2148,-2.499999999999999,-2.499999999999999,50,None,0.7258002773672342,0.9999989914894104
2149,4.5,-5.5,10,Hero,0.7964057803153992,0.9944120228290558
2150,4.5,-5.5,10,Hero,0.5806438520550727,1.0
2151,4.4,-5.6,12,Hero,0.747831163307031,0.9999980628490448
2152,4.4,-5.6,12,Hero,0.6386965662240982,0.9999936521053314
2153,4.9,-5.1,2,Hero,0.9363340735435486,0.9999997019767761
2154,2.8999999999999995,-7.1000000000000005,42,Hero,0.5735950322733039,0.9999998921439761
2155,4.7,-5.3,6,Hero,0.9698023200035095,0.9999995628992716
2156,4.2,-5.8,16,Hero,0.6835815133526921,0.9999662525951862
2157,3.8499999999999996,-6.15,23,Hero,0.6359506030769452,0.9993764550789542
2158,-5.05,4.95,1,Villain,0.697400689125061,0.9898713231086731
2159,4.8,-5.2,4,Hero,0.7229839861392975,0.9999995827674866
2160,4.15,-5.85,17,Hero,0.7094976516330943,0.9999954980962417
2161,3.75,-6.25,25,Hero,0.7064674979448319,0.9999999618530273
2162,3.8,-6.2,24,Hero,0.6407584338594461,0.9999995628992716
2163,4.9,-5.1,2,Hero,0.9161925315856934,0.9999998807907104
2164,4.4,-5.6,12,Hero,0.6165006558100382,0.9999967714150747
2165,4.05,-5.95,19,Hero,0.5880103613200941,0.9974155520137987
2166,4.45,-5.55,11,Hero,0.7127515240149065,0.8143711184913461
2167,3.049999999999999,-6.950000000000001,39,Hero,0.6653087574702042,1.0
2168,4.3500000000000005,-5.6499999999999995,13,Hero,0.6375744669483259,0.9999999266404372
2169,2.75,-7.25,45,Hero,0.5546505654851596,0.9999999629126655
2170,4.2,-5.8,16,Hero,0.5846914295107126,0.938646731665358
2171,4.2,-5.8,16,Hero,0.7539714053273201,0.9999891445040703
2172,4.25,-5.75,15,Hero,0.6777196178833643,0.9328620215257009
2173,3.95,-6.05,21,Hero,0.694207333383106,0.9994051286152431
2174,3.9,-6.1,22,Hero,0.7344384342432022,0.9989778860048815
2175,4.75,-5.25,5,Hero,0.5510105967521668,1.0
2176,4.65,-5.35,7,Hero,0.8162220120429993,0.9999985865184239
2177,4.55,-5.45,9,Hero,0.8588769388799038,0.9999980529149374
2178,-5.05,4.95,1,Villain,0.06133325397968292,0.644062876701355
2179,4.65,-5.35,7,Hero,0.8240675193124584,0.9999996934618268
2180,4.4,-5.6,12,Hero,0.6414108810325464,0.9999890228112539
2181,4.3500000000000005,-5.6499999999999995,13,Hero,0.7161398701942884,0.9999999083005465
2182,4.45,-5.55,11,Hero,0.7148281958970156,0.9999432076107372
2183,4.65,-5.35,7,Hero,0.5458325658525739,1.0
2184,4.9,-5.1,2,Hero,0.9787354469299316,1.0
2185,4.4,-5.6,12,Hero,0.6964833019301295,1.0
2186,4.3500000000000005,-5.6499999999999995,13,Hero,0.7025276445425473,1.0
2187,4.4,-5.6,12,Hero,0.7087767372528712,0.9999981721242269
2188,4.55,-5.45,9,Hero,0.6583610441949632,0.9999996821085612
2189,4.4,-5.6,12,Hero,0.6923134171714386,1.0
2190,3.95,-6.05,21,Hero,0.6846739020021189,0.9999999886467343
2191,4.2,-5.8,16,Hero,0.6916285585612059,0.9999380446970463
2192,4.4,-5.6,12,Hero,0.7364221637447675,1.0
2193,4.3,-5.7,14,Hero,0.6188791391572782,0.9999999403953552
2194,4.6000000000000005,-5.3999999999999995,8,Hero,0.747807222767733,1.0
2195,4.3500000000000005,-5.6499999999999995,13,Hero,0.7837715332324688,0.9999999908300546
2196,-5.8,4.2,16,Villain,0.8066253000870347,1.0
2197,4.6000000000000005,-5.3999999999999995,8,Hero,0.8982876986265182,1.0
2198,4.75,-5.25,5,Hero,0.6670393347740173,1.0
2199,-5.35,4.65,7,Villain,0.7903903382165092,1.0
2200,4.75,-5.25,5,Hero,0.7778123557567597,1.0
2201,3.6499999999999995,-6.3500000000000005,27,Hero,0.7376947449865164,0.9985483818584018
2202,2.500000000000001,-7.499999999999999,50,Hero,0.6352317309752107,0.999996440410614
2203,4.7,-5.3,6,Hero,0.5865842973192533,1.0
2204,4.65,-5.35,7,Hero,0.8546515894787652,0.9999993358339582
2205,4.1,-5.9,18,Hero,0.622126530441973,0.9374008211824629
2206,3.5999999999999996,-6.4,28,Hero,0.6580067831756813,0.999993520123618
2207,4.8500000000000005,-5.1499999999999995,3,Hero,0.9721867442131042,1.0
2208,3.9,-6.1,22,Hero,0.705126378685236,0.8920706078748811
2209,4.05,-5.95,19,Hero,0.5665377754914133,0.9998918834485506
2210,4.15,-5.85,17,Hero,0.6708664050435319,0.8942212304648232
2211,4.1,-5.9,18,Hero,0.47326701796717113,1.0
2212,-5.1,4.9,2,Villain,0.3052579388022423,0.9998939633369446
2213,4.45,-5.55,11,Hero,0.7791161157868125,0.9999999783255837
2214,3.2999999999999994,-6.700000000000001,34,Hero,0.6428733807714546,0.995614090386559
2215,4.55,-5.45,9,Hero,0.6166616015964084,1.0
2216,4.7,-5.3,6,Hero,0.7104945629835129,1.0
2217,-5.7,4.3,14,Villain,0.626147377570825,1.0
2218,4.5,-5.5,10,Hero,0.6435237646102905,0.9999991893768311
2219,4.75,-5.25,5,Hero,0.9690919876098633,0.9999999046325684
2220,4.15,-5.85,17,Hero,0.6689513606183669,0.9999989201040829
2221,4.8,-5.2,4,Hero,0.7185848206281662,1.0
2222,4.55,-5.45,9,Hero,0.5945171945624881,1.0
2223,3.3999999999999995,-6.6000000000000005,32,Hero,0.677147087873891,1.0
2224,4.3,-5.7,14,Hero,0.5984612149851662,0.9999923195157733
2225,-2.499999999999999,-2.499999999999999,50,None,0.7945755616202951,1.0
2226,4.9,-5.1,2,Hero,0.5889133363962173,1.0
2227,-2.499999999999999,-2.499999999999999,50,None,0.7817987198382617,1.0
2228,4.3500000000000005,-5.6499999999999995,13,Hero,0.6832441091537476,1.0
2229,4.25,-5.75,15,Hero,0.7913794179757436,0.9179131587346395
2230,3.4499999999999993,-6.550000000000001,31,Hero,0.658115895044419,0.9999643525769634
2231,4.75,-5.25,5,Hero,0.6085207760334015,1.0
2232,4.6000000000000005,-5.3999999999999995,8,Hero,0.7434326493530534,1.0
2233,4.2,-5.8,16,Hero,0.5898555594030768,0.9999951645731926
2234,4.4,-5.6,12,Hero,0.7206141004959742,0.891709511478742
2235,4.4,-5.6,12,Hero,0.6274500216046969,0.9999999304612478
2236,4.2,-5.8,16,Hero,0.7563074864447117,1.0
2237,4.3,-5.7,14,Hero,0.642926564174039,0.998820390020098
2238,4.2,-5.8,16,Hero,0.6675296071916819,0.9359358195215464
2239,4.2,-5.8,16,Hero,0.7719591781497002,0.9976648315787315
2240,3.4999999999999996,-6.5,30,Hero,0.6577984575803081,0.9999998609224955
2241,4.5,-5.5,10,Hero,0.6825899064540863,0.9999859213829041
2242,4.4,-5.6,12,Hero,0.7271096551169952,0.9999609390894572
2243,4.45,-5.55,11,Hero,0.5433221784504977,1.0
2244,3.95,-6.05,21,Hero,0.6063535419248399,0.8331846456442561
2245,4.55,-5.45,9,Hero,0.6127537455823686,1.0
2246,3.9,-6.1,22,Hero,0.6116913247176192,0.9999954212795604
2247,4.0,-6.0,20,Hero,0.5799300972372293,0.9999082058668136
2248,4.45,-5.55,11,Hero,0.8016417703845284,0.9999950690702959
2249,4.55,-5.45,9,Hero,0.8640692763858371,1.0
2250,4.05,-5.95,19,Hero,0.7096472755074501,0.999921042668192
2251,3.95,-6.05,21,Hero,0.5792885891028813,0.9999999318804059
2252,4.55,-5.45,9,Hero,0.6749278447694249,1.0
2253,4.1,-5.9,18,Hero,0.7473334107134078,0.9995542267958323
2254,4.7,-5.3,6,Hero,0.8028878966967264,1.0
2255,4.2,-5.8,16,Hero,0.7503777658566833,0.9988735243678093
2256,3.8499999999999996,-6.15,23,Hero,0.5221211132795914,0.9999999948169874
2257,4.5,-5.5,10,Hero,0.7430872738361358,1.0
2258,4.3500000000000005,-5.6499999999999995,13,Hero,0.7193004328470963,0.9999949015103854
2259,-5.1,4.9,2,Villain,0.5868353396654129,1.0
2260,3.95,-6.05,21,Hero,0.7151142741952624,0.9996831842831203
2261,4.1,-5.9,18,Hero,0.6600145912832684,0.9999675518936582
2262,4.6000000000000005,-5.3999999999999995,8,Hero,0.6755123399198055,1.0
2263,4.6000000000000005,-5.3999999999999995,8,Hero,0.783190168440342,1.0
2264,4.25,-5.75,15,Hero,0.6520530680815378,0.999993371963501
2265,4.4,-5.6,12,Hero,0.6468004416674376,0.9999999403953552
2266,4.55,-5.45,9,Hero,0.6612781716717614,0.9999996158811781
2267,4.0,-6.0,20,Hero,0.6441286131739616,0.9999526500701904
2268,4.2,-5.8,16,Hero,0.6201889328658581,0.9999999776482582
2269,4.7,-5.3,6,Hero,0.4069000283877055,1.0
2270,4.1,-5.9,18,Hero,0.5944656059145927,0.9988737205664316
2271,4.8500000000000005,-5.1499999999999995,3,Hero,0.6285492380460104,1.0
2272,4.7,-5.3,6,Hero,0.9372663597265879,1.0
2273,4.8,-5.2,4,Hero,0.6339439228177071,1.0
2274,4.65,-5.35,7,Hero,0.8192945165293557,1.0
2275,3.9,-6.1,22,Hero,0.7219879302111539,0.9918100048195232
2276,4.3,-5.7,14,Hero,0.5726936874645097,0.9994104249136788
2277,4.95,-5.05,1,Hero,0.7527441382408142,1.0
2278,4.7,-5.3,6,Hero,0.6108790934085846,1.0
2279,4.5,-5.5,10,Hero,0.8875050447881222,1.0
2280,4.6000000000000005,-5.3999999999999995,8,Hero,0.7031133845448494,0.9999993592500687
2281,3.4499999999999993,-6.550000000000001,31,Hero,0.7262572362538307,0.9996612187354795
2282,4.55,-5.45,9,Hero,0.6670205063290067,0.9999999867545234
2283,4.25,-5.75,15,Hero,0.6301716511448224,0.999992020924886
2284,4.75,-5.25,5,Hero,0.9035191416740418,1.0
2285,4.6000000000000005,-5.3999999999999995,8,Hero,0.648106761276722,1.0
2286,4.3,-5.7,14,Hero,0.7153470367193222,0.998961478471756
2287,4.8,-5.2,4,Hero,0.861942395567894,1.0
2288,4.2,-5.8,16,Hero,0.7278480203822255,0.8584968857467175
2289,4.4,-5.6,12,Hero,0.7484648476044337,1.0
2290,4.75,-5.25,5,Hero,0.5847663044929504,1.0
2291,3.8499999999999996,-6.15,23,Hero,0.6891815406472787,0.9991170064262722
2292,4.2,-5.8,16,Hero,0.6831216337159276,0.9999803118407726
2293,3.5999999999999996,-6.4,28,Hero,0.7312468332903725,0.9999096244573593
2294,4.05,-5.95,19,Hero,0.6757563399641138,0.9722095351470145
2295,3.9,-6.1,22,Hero,0.6090903864400885,0.9495338657024232
2296,4.6000000000000005,-5.3999999999999995,8,Hero,0.7684296332299709,0.9999957978725433
2297,4.05,-5.95,19,Hero,0.6688416959031632,0.8862425904524954
2298,3.5999999999999996,-6.4,28,Hero,0.6560260219765561,0.9999983523573194
2299,4.6000000000000005,-5.3999999999999995,8,Hero,0.5730382585898042,1.0
2300,4.15,-5.85,17,Hero,0.6901015536311794,0.9991789179689744
2301,4.1,-5.9,18,Hero,0.6617926896627372,0.996662414736218
2302,3.75,-6.25,25,Hero,0.720214709341526,0.9966864156723022
2303,4.5,-5.5,10,Hero,0.5683730959892273,1.0
2304,3.6499999999999995,-6.3500000000000005,27,Hero,0.8620983204907842,0.9995001466185959
2305,3.2999999999999994,-6.700000000000001,34,Hero,0.6700471566223046,0.9787289763198179
2306,4.1,-5.9,18,Hero,0.60193260676331,0.9999798635641733
2307,4.9,-5.1,2,Hero,0.4564207196235657,1.0
2308,4.1,-5.9,18,Hero,0.615738584763474,0.9968522323502435
2309,4.6000000000000005,-5.3999999999999995,8,Hero,0.9925059005618095,0.9960404634475708
2310,4.6000000000000005,-5.3999999999999995,8,Hero,0.6615870781242847,1.0
2311,4.6000000000000005,-5.3999999999999995,8,Hero,0.7758756056427956,1.0
2312,-5.25,4.75,5,Villain,0.5560181975364685,1.0
2313,4.6000000000000005,-5.3999999999999995,8,Hero,0.7648093830794096,0.9999999850988388
2314,4.55,-5.45,9,Hero,0.7575609816445245,0.9999475876490275
2315,4.25,-5.75,15,Hero,0.6271648357311884,0.9948801755905151
2316,3.95,-6.05,21,Hero,0.655719036147708,0.9999849796295166
2317,4.7,-5.3,6,Hero,0.7491959060231844,0.9999995628992716
2318,4.7,-5.3,6,Hero,0.5473721573750178,1.0
2319,-5.05,4.95,1,Villain,0.9403026103973389,1.0
2320,2.7,-7.3,46,Hero,0.7307176364828711,0.9999983518019967
2321,4.7,-5.3,6,Hero,0.5748388320207596,1.0
2322,4.45,-5.55,11,Hero,0.6748229400678114,0.9999961419539019
2323,4.3500000000000005,-5.6499999999999995,13,Hero,0.6156607522414281,0.9999438065748948
2324,-2.499999999999999,-2.499999999999999,50,None,0.6489652357436717,0.9999815928936004
2325,4.7,-5.3,6,Hero,0.5253761808077494,1.0
2326,3.75,-6.25,25,Hero,0.48650417298078535,1.0
2327,3.6499999999999995,-6.3500000000000005,27,Hero,0.7038460677420652,0.9102971310968753
2328,4.2,-5.8,16,Hero,0.5990116067696363,0.9869602881371975
2329,4.5,-5.5,10,Hero,0.9102676808834076,0.9996693849563598
2330,3.2999999999999994,-6.700000000000001,34,Hero,0.5815085723229191,0.8350104442523683
2331,3.55,-6.45,29,Hero,0.5638106968896143,0.9999918156656725
2332,4.7,-5.3,6,Hero,0.6846424490213394,1.0
2333,4.6000000000000005,-5.3999999999999995,8,Hero,0.4775545597076416,1.0
2334,3.6499999999999995,-6.3500000000000005,27,Hero,0.6695710646885412,0.9269962228006787
2335,4.95,-5.05,1,Hero,0.11367928981781006,1.0
2336,4.95,-5.05,1,Hero,0.47496944665908813,1.0
2337,3.249999999999999,-6.750000000000001,35,Hero,0.7010221177978175,0.997991384778704
2338,3.95,-6.05,21,Hero,0.6074315997816268,0.9928277078128996
2339,3.8,-6.2,24,Hero,0.6855065594427288,0.9999999403953552
2340,3.3499999999999996,-6.65,33,Hero,0.7688857166830337,0.9765939586090319
2341,-2.499999999999999,-2.499999999999999,50,None,0.8301220744848251,0.9998259651660919
2342,3.8499999999999996,-6.15,23,Hero,0.9340910934235739,1.0
2343,-2.499999999999999,-2.499999999999999,50,None,0.7748613128066063,0.9999999523162841
2344,-2.499999999999999,-2.499999999999999,50,None,0.7679072366654873,0.9999999904632568
2345,4.3,-5.7,14,Hero,0.8871441387704441,1.0
2346,-2.499999999999999,-2.499999999999999,50,None,0.7682501643523574,1.0
2347,3.75,-6.25,25,Hero,0.7896457204222679,1.0
2348,-2.499999999999999,-2.499999999999999,50,None,0.7845148034393787,0.9999981474876404
2349,-2.499999999999999,-2.499999999999999,50,None,0.7606467156112194,0.9999655175209046
2350,4.3500000000000005,-5.6499999999999995,13,Hero,0.6412711613453351,1.0
2351,2.6500000000000004,-7.35,47,Hero,0.7445254750708317,0.9943272534837114
2352,3.95,-6.05,21,Hero,0.5646796702806439,0.9977316090038845
2353,3.9,-6.1,22,Hero,0.6423974761908705,0.9999973177909851
2354,4.25,-5.75,15,Hero,0.6401474634806316,0.9999683698018392
2355,4.3,-5.7,14,Hero,0.6760732999869755,0.999923267534801
2356,4.55,-5.45,9,Hero,0.6270837916268243,1.0
2357,3.55,-6.45,29,Hero,0.6791923423779422,0.9999108211747532
2358,4.3,-5.7,14,Hero,0.6830777653626033,0.9999620914459229
2359,4.55,-5.45,9,Hero,0.5975966486665938,1.0
2360,4.7,-5.3,6,Hero,0.7412588795026144,0.9999999602635702
2361,3.6499999999999995,-6.3500000000000005,27,Hero,0.6654405900173717,0.982990390724606
2362,4.2,-5.8,16,Hero,0.688612649217248,0.99998639523983
2363,4.5,-5.5,10,Hero,0.7954386591911315,0.9999855160713196
2364,4.15,-5.85,17,Hero,0.5337739253745359,1.0
2365,4.4,-5.6,12,Hero,0.6628718177477518,0.9999917447566986
2366,3.8,-6.2,24,Hero,0.5740571006511649,0.999935453136762
2367,4.2,-5.8,16,Hero,0.6616467870771885,0.9478799300268292
2368,4.25,-5.75,15,Hero,0.7176776111125946,0.9996655742327373
2369,4.1,-5.9,18,Hero,0.6982797926498784,1.0
2370,4.7,-5.3,6,Hero,0.6756542573372523,0.999999980131785
2371,4.4,-5.6,12,Hero,0.7353888899087906,1.0
2372,4.25,-5.75,15,Hero,0.553051036844651,0.9999999761581421
2373,4.15,-5.85,17,Hero,0.5800352701369453,0.9999972091001623
2374,4.65,-5.35,7,Hero,0.6300365860973086,1.0
2375,3.4499999999999993,-6.550000000000001,31,Hero,0.6204847742713266,0.9998146045592523
2376,4.75,-5.25,5,Hero,0.5663906753063201,1.0
2377,4.25,-5.75,15,Hero,0.6774299085140228,0.9999827384948731
2378,3.95,-6.05,21,Hero,0.6490571115698133,0.9999992847442627
2379,4.75,-5.25,5,Hero,0.9768297433853149,1.0
2380,3.6999999999999997,-6.300000000000001,26,Hero,0.6513836077915934,0.9990269770989051
2381,3.8,-6.2,24,Hero,0.6420451601346334,0.9999943673610687
2382,4.5,-5.5,10,Hero,0.8401887878775597,1.0
2383,4.3500000000000005,-5.6499999999999995,13,Hero,0.6166158516246539,0.9999461815907404
2384,4.3500000000000005,-5.6499999999999995,13,Hero,0.6789722912586652,0.9999175713612483
2385,3.6999999999999997,-6.300000000000001,26,Hero,0.6610361016713656,0.9999979046674875
2386,4.3500000000000005,-5.6499999999999995,13,Hero,0.6974689249808972,0.9999920863371629
2387,4.7,-5.3,6,Hero,0.9215437670548757,1.0
2388,4.75,-5.25,5,Hero,0.6442443311214447,1.0
2389,4.55,-5.45,9,Hero,0.81626867585712,0.9999736348787943
2390,4.75,-5.25,5,Hero,0.7389954924583435,1.0
2391,4.6000000000000005,-5.3999999999999995,8,Hero,0.7045749668031931,1.0
2392,4.3,-5.7,14,Hero,0.5002518298902682,1.0
2393,4.65,-5.35,7,Hero,0.689867299582277,1.0
2394,4.5,-5.5,10,Hero,0.9074623748660088,0.9999970674514771
2395,4.3500000000000005,-5.6499999999999995,13,Hero,0.752325197825065,0.999999789091257
2396,4.5,-5.5,10,Hero,0.7123869255185127,0.9999989032745361
2397,3.75,-6.25,25,Hero,0.7283221966028214,0.999999942779541
2398,3.95,-6.05,21,Hero,0.6798499198186965,0.9999743472962153
2399,4.3500000000000005,-5.6499999999999995,13,Hero,0.6432292312383652,0.9999846311715933
2400,4.45,-5.55,11,Hero,0.6978357921947133,1.0
2401,4.2,-5.8,16,Hero,0.7535294694826007,0.9999970570206642
2402,4.2,-5.8,16,Hero,0.594965115422383,0.9999748766422272
2403,-5.5,4.5,10,Villain,0.6892701119184494,0.9999999880790711
2404,3.4499999999999993,-6.550000000000001,31,Hero,0.7358958336614794,0.9999955969472085
2405,3.9,-6.1,22,Hero,0.651091723956845,0.9999188618226484
2406,4.3,-5.7,14,Hero,0.6415259263345173,0.999995836189815
2407,4.8500000000000005,-5.1499999999999995,3,Hero,0.9664684931437174,1.0
2408,4.65,-5.35,7,Hero,0.6156420878001622,1.0
2409,4.2,-5.8,16,Hero,0.5723678959766403,0.9999999776482582
2410,4.45,-5.55,11,Hero,0.689310984178023,0.9999999133023348
2411,3.8499999999999996,-6.15,23,Hero,0.5861479987430832,1.0
2412,4.1,-5.9,18,Hero,0.6160573553707864,0.9999554124143388
2413,3.8499999999999996,-6.15,23,Hero,0.6791897863149643,0.9465217201606088
2414,4.45,-5.55,11,Hero,0.7895188412883065,1.0
2415,4.4,-5.6,12,Hero,0.8173659046490988,0.9999987185001373
2416,3.6999999999999997,-6.300000000000001,26,Hero,0.7012857872849474,0.9673772603273392
2417,4.1,-5.9,18,Hero,0.5907704051997926,0.9999995562765334
2418,4.8500000000000005,-5.1499999999999995,3,Hero,0.505319744348526,1.0
2419,4.6000000000000005,-5.3999999999999995,8,Hero,0.7084677591919899,1.0
2420,4.7,-5.3,6,Hero,0.6827030579249064,1.0
2421,4.5,-5.5,10,Hero,0.5118269994854927,1.0
2422,4.65,-5.35,7,Hero,0.7227315774985722,1.0
2423,3.3999999999999995,-6.6000000000000005,32,Hero,0.70059182215482,0.9999870825558901
2424,4.4,-5.6,12,Hero,0.7139160558581352,0.9999996324380239
2425,4.1,-5.9,18,Hero,0.644377227458689,0.9999784926573435
2426,4.55,-5.45,9,Hero,0.6343145954112211,1.0
2427,4.55,-5.45,9,Hero,0.6441161864333682,1.0
2428,4.55,-5.45,9,Hero,0.6017222536934747,1.0
2429,4.8,-5.2,4,Hero,0.6526902131736279,1.0
2430,4.5,-5.5,10,Hero,0.6651944905519486,1.0
2431,4.1,-5.9,18,Hero,0.5792365670204163,1.0
2432,3.75,-6.25,25,Hero,0.7155590522289276,0.9999884033203125
2433,4.4,-5.6,12,Hero,0.5909122390051683,0.9999999900658926
2434,4.55,-5.45,9,Hero,0.9149384432368808,1.0
2435,-6.15,3.8499999999999996,23,Villain,0.593586637598017,0.9999986524167268
2436,4.3,-5.7,14,Hero,0.6544202055249896,1.0
2437,3.55,-6.45,29,Hero,0.635984789708565,0.9999997410280951
2438,4.7,-5.3,6,Hero,0.7002876400947571,1.0
2439,4.5,-5.5,10,Hero,0.7458294108510017,0.9999999880790711
2440,4.5,-5.5,10,Hero,0.709184256196022,0.9999999523162841
2441,4.45,-5.55,11,Hero,0.5516451380469582,1.0
2442,4.75,-5.25,5,Hero,0.7532766938209534,1.0
2443,3.6499999999999995,-6.3500000000000005,27,Hero,0.6311871630174143,0.9905973341729906
2444,4.3,-5.7,14,Hero,0.6207829373223441,1.0
2445,4.3500000000000005,-5.6499999999999995,13,Hero,0.7670809855827918,0.9997863035935622
2446,4.4,-5.6,12,Hero,0.6954846816758314,0.999999980131785
2447,4.75,-5.25,5,Hero,0.6527911603450776,0.9999999761581421
2448,4.7,-5.3,6,Hero,0.7376027305920919,0.999999980131785
2449,3.75,-6.25,25,Hero,0.7684363305568696,0.9996958398818969
2450,4.55,-5.45,9,Hero,0.6800180590815015,1.0
2451,4.0,-6.0,20,Hero,0.6695868000388145,0.9999359548091888
2452,3.5999999999999996,-6.4,28,Hero,0.6417835384075131,0.9999991825648716
2453,4.5,-5.5,10,Hero,0.7290071249008179,1.0
2454,4.6000000000000005,-5.3999999999999995,8,Hero,0.9813889861106873,1.0
2455,4.0,-6.0,20,Hero,0.5405204519629478,0.9999999403953552
2456,4.05,-5.95,19,Hero,0.6819876228508196,0.9609816717474085
2457,3.9,-6.1,22,Hero,0.5823989595201883,0.9999902844429016
2458,4.55,-5.45,9,Hero,0.8191642231411405,1.0
2459,4.25,-5.75,15,Hero,0.6638900677363078,0.9999914169311523
2460,4.55,-5.45,9,Hero,0.8647449264923731,1.0
2461,-5.1,4.9,2,Villain,0.6247323453426361,1.0
2462,-5.5,4.5,10,Villain,0.7354715876281261,1.0
2463,3.8499999999999996,-6.15,23,Hero,0.6229492670491986,1.0
2464,2.7,-7.3,46,Hero,0.6612188513188259,0.9745496093174038
2465,4.6000000000000005,-5.3999999999999995,8,Hero,0.669135432690382,0.9999999850988388
2466,4.75,-5.25,5,Hero,0.7512723267078399,1.0
2467,2.75,-7.25,45,Hero,0.6076530819137891,0.9998974389500088
2468,-5.05,4.95,1,Villain,0.6758195757865906,1.0
2469,4.65,-5.35,7,Hero,0.9642301542418343,0.9999998978206089
2470,4.55,-5.45,9,Hero,0.48616737065215904,1.0
2471,4.7,-5.3,6,Hero,0.8085927665233612,0.999999980131785
2472,4.75,-5.25,5,Hero,0.7685233235359192,1.0
2473,3.5999999999999996,-6.4,28,Hero,0.7148257568478584,0.9654305896588734
2474,-2.499999999999999,-2.499999999999999,50,None,0.5449509765161201,0.9978301835060119
2475,4.7,-5.3,6,Hero,0.7523082997649908,0.999998927116394
2476,3.4999999999999996,-6.5,30,Hero,0.5053157126414589,0.9999990661938986
2477,4.05,-5.95,19,Hero,0.6224806439376583,0.867998818339976
2478,-2.499999999999999,-2.499999999999999,50,None,0.41274575298652055,0.9999991083145141
2479,4.3,-5.7,14,Hero,0.6595416686364582,0.9999674132892064
2480,4.75,-5.25,5,Hero,0.6903404593467712,1.0
2481,4.3,-5.7,14,Hero,0.5209797465774629,0.9999988164220538
2482,4.55,-5.45,9,Hero,0.5637856158945296,1.0
2483,3.5999999999999996,-6.4,28,Hero,0.6714542534734521,0.9699374394757407
2484,4.1,-5.9,18,Hero,0.6486071662770377,0.9999967018763224
2485,4.4,-5.6,12,Hero,0.7486383865276972,0.9999833305676779
2486,3.249999999999999,-6.750000000000001,35,Hero,0.6235037753491529,0.9891038468905857
2487,3.3999999999999995,-6.6000000000000005,32,Hero,0.5935317640542053,0.9906346928328276
2488,4.4,-5.6,12,Hero,0.6232327769200007,0.9999977648258209
2489,4.3500000000000005,-5.6499999999999995,13,Hero,0.6958524172122662,0.999991957957928
2490,4.75,-5.25,5,Hero,0.6072025895118713,1.0
2491,2.8999999999999995,-7.1000000000000005,42,Hero,0.5317368808512887,0.9968575281756265
2492,3.049999999999999,-6.950000000000001,39,Hero,0.7047368219265571,0.9941187806618519
2493,4.3500000000000005,-5.6499999999999995,13,Hero,0.6309560892673639,0.9999985236387986
2494,4.2,-5.8,16,Hero,0.5429331501945853,0.9999999031424522
2495,4.25,-5.75,15,Hero,0.6740368232131004,0.9999420205752055
2496,3.75,-6.25,25,Hero,0.5834095445275307,0.9438586360216141
2497,-5.1499999999999995,4.8500000000000005,3,Villain,0.4106387197971344,1.0
2498,3.8499999999999996,-6.15,23,Hero,0.6497567837005076,0.980708114478899
2499,-2.499999999999999,-2.499999999999999,50,None,0.7255035543441772,0.9999523472785949
2500,-2.499999999999999,-2.499999999999999,50,None,0.5631262257695198,0.9999652934074402
2501,-2.499999999999999,-2.499999999999999,50,None,0.584749850332737,0.9999748897552491
2502,-2.499999999999999,-2.499999999999999,50,None,0.5795817930996418,0.9993291175365449
2503,3.049999999999999,-6.950000000000001,39,Hero,0.6703570026617783,0.999329074835166
2504,-2.499999999999999,-2.499999999999999,50,None,0.5881657815724611,0.9999590313434601
2505,-2.499999999999999,-2.499999999999999,50,None,0.6209175506234169,0.9999481213092803
2506,-2.499999999999999,-2.499999999999999,50,None,0.693905028104782,0.9999895143508911
2507,3.9,-6.1,22,Hero,0.6852206242355433,0.9939513504505157
2508,3.9,-6.1,22,Hero,0.7291813374242999,0.9934547028758309
2509,4.95,-5.05,1,Hero,0.5259247422218323,1.0
2510,4.6000000000000005,-5.3999999999999995,8,Hero,0.8636218439787626,0.9999999850988388
2511,3.5999999999999996,-6.4,28,Hero,0.6155679284461907,0.9980959168502263
2512,3.8499999999999996,-6.15,23,Hero,0.5462317145378937,0.999959383321845
2513,3.6499999999999995,-6.3500000000000005,27,Hero,0.6976956559552087,0.9677923421065012
2514,3.6999999999999997,-6.300000000000001,26,Hero,0.8641075365818464,0.9999962311524612
2515,3.8499999999999996,-6.15,23,Hero,0.5386131101328394,0.9999997615814209
2516,4.8500000000000005,-5.1499999999999995,3,Hero,0.9912814895311991,1.0
2517,4.3,-5.7,14,Hero,0.6422835290431976,0.9999996849468776
2518,4.55,-5.45,9,Hero,0.612628216544787,0.9999992185168796
2519,4.2,-5.8,16,Hero,0.67436633259058,0.999906100332737
2520,4.45,-5.55,11,Hero,0.7121098366650668,0.9999896287918091
2521,3.6499999999999995,-6.3500000000000005,27,Hero,0.6481781468071319,0.9867262531209875
2522,4.8,-5.2,4,Hero,0.7805274873971939,1.0
2523,-2.499999999999999,-2.499999999999999,50,None,0.7670124058425426,0.9999977612495422
2524,4.9,-5.1,2,Hero,0.560913622379303,1.0
2525,-2.499999999999999,-2.499999999999999,50,None,0.5879312286525965,0.9999987888336181
2526,4.8500000000000005,-5.1499999999999995,3,Hero,0.9729278286298116,1.0
2527,4.5,-5.5,10,Hero,0.6980900645256043,0.9999991536140442
2528,4.1,-5.9,18,Hero,0.6785585847165849,0.9999938276078966
2529,-2.499999999999999,-2.499999999999999,50,None,0.6542704761773348,0.9999833357334137
2530,4.75,-5.25,5,Hero,0.6932551503181458,1.0
2531,-2.499999999999999,-2.499999999999999,50,None,0.6127178582549095,0.9999981355667115
2532,4.2,-5.8,16,Hero,0.6304698828607798,0.9272403251379728
2533,4.6000000000000005,-5.3999999999999995,8,Hero,0.547189649194479,0.9999999850988388
2534,4.1,-5.9,18,Hero,0.5911887337764105,0.9992775983280606
2535,4.65,-5.35,7,Hero,0.5849155272756305,1.0
2536,4.15,-5.85,17,Hero,0.7640204114072463,0.9999052812071407
2537,-2.499999999999999,-2.499999999999999,50,None,0.9883888256549835,1.0
2538,4.55,-5.45,9,Hero,0.6415213975641463,1.0
2539,-2.499999999999999,-2.499999999999999,50,None,0.9406965634226799,1.0
2540,4.45,-5.55,11,Hero,0.7488448565656488,0.9999993606047197
2541,4.95,-5.05,1,Hero,0.5651125311851501,1.0
2542,-2.499999999999999,-2.499999999999999,50,None,0.6320623102411628,0.9999995398521423
2543,3.3499999999999996,-6.65,33,Hero,0.5393002686852758,0.9999995520620635
2544,4.15,-5.85,17,Hero,0.6685887057991589,0.9998994189150193
2545,3.1499999999999995,-6.8500000000000005,37,Hero,0.5900819869460286,0.9999989722226117
2546,4.1,-5.9,18,Hero,0.6803283194700877,0.9563404189215766
2547,4.6000000000000005,-5.3999999999999995,8,Hero,0.6853195317089558,1.0
2548,4.15,-5.85,17,Hero,0.7297374308109283,0.9999978402081657
2549,4.25,-5.75,15,Hero,0.6501558045546214,0.9999994516372681
2550,3.8499999999999996,-6.15,23,Hero,0.5478202907935433,0.9999999067057734
2551,4.25,-5.75,15,Hero,0.7088092019160589,0.9470959961414337
2552,3.55,-6.45,29,Hero,0.6730155759844286,0.9999997040321087
2553,3.95,-6.05,21,Hero,0.7222908848807925,0.9997350545156569
2554,4.0,-6.0,20,Hero,0.7098592653870582,0.9999973475933075
2555,4.05,-5.95,19,Hero,0.6814369292635667,0.9999774161138033
2556,3.95,-6.05,21,Hero,0.7114138820075563,0.9452759690937542
2557,4.15,-5.85,17,Hero,0.7370889362166909,0.9999961011550006
2558,4.45,-5.55,11,Hero,0.7529376961968162,0.9999998699535023
2559,4.55,-5.45,9,Hero,0.9775817063119676,0.9999938673443265
2560,4.9,-5.1,2,Hero,0.5754639804363251,1.0
2561,4.5,-5.5,10,Hero,0.6799640193581581,1.0
2562,2.9499999999999993,-7.050000000000001,41,Hero,0.5768554887575347,0.9999999563868452
2563,4.45,-5.55,11,Hero,0.6693219650875438,0.9999999133023348
2564,-2.499999999999999,-2.499999999999999,50,None,0.5619951044768094,1.0
2565,4.0,-6.0,20,Hero,0.6151244672015309,0.9999999940395355
2566,4.6000000000000005,-5.3999999999999995,8,Hero,0.7151005119085312,1.0
2567,3.8499999999999996,-6.15,23,Hero,0.7605931940286056,0.9999980978343798
2568,4.5,-5.5,10,Hero,0.8668697327375412,1.0
2569,4.55,-5.45,9,Hero,0.8436135252316793,1.0
2570,4.15,-5.85,17,Hero,0.6704106164329192,0.9486100848983315
2571,4.3500000000000005,-5.6499999999999995,13,Hero,0.6978474348210372,0.9999910868131198
2572,4.3,-5.7,14,Hero,0.716409013739654,0.9995994014399392
2573,4.5,-5.5,10,Hero,0.8655577838420868,0.9999999046325684
2574,3.5999999999999996,-6.4,28,Hero,0.6861627743180309,0.9999999829701015
2575,4.05,-5.95,19,Hero,0.6581026252947355,0.9999999937258268
2576,4.5,-5.5,10,Hero,0.4762218937277794,1.0
2577,3.95,-6.05,21,Hero,0.6461864202505067,1.0
2578,4.65,-5.35,7,Hero,0.7143824579460281,1.0
2579,3.8499999999999996,-6.15,23,Hero,0.7101070194140725,0.9999924846317457
2580,4.7,-5.3,6,Hero,0.9720532496770223,1.0
2581,4.2,-5.8,16,Hero,0.5700072459876537,0.9999655671417713
2582,4.9,-5.1,2,Hero,0.591704711318016,1.0
2583,3.1999999999999993,-6.800000000000001,36,Hero,0.6587503785784874,1.0
2584,4.3,-5.7,14,Hero,0.7203594722918102,0.9999998722757611
2585,3.249999999999999,-6.750000000000001,35,Hero,0.6377318848456656,1.0
2586,4.9,-5.1,2,Hero,0.9597797989845276,1.0
2587,4.75,-5.25,5,Hero,0.9913791298866272,1.0
2588,4.15,-5.85,17,Hero,0.7847411255626118,0.9999984783284804
2589,4.05,-5.95,19,Hero,0.7585829966946652,0.9969655902762162
2590,4.25,-5.75,15,Hero,0.6343062082926433,0.9999693870544434
2591,4.4,-5.6,12,Hero,0.6211628417174021,0.9999960660934448
2592,4.8,-5.2,4,Hero,0.7336796075105667,1.0
2593,4.5,-5.5,10,Hero,0.7885818600654602,0.9999998211860657
2594,4.3,-5.7,14,Hero,0.5023077470915658,1.0
2595,4.5,-5.5,10,Hero,0.6627652868628502,1.0
2596,4.15,-5.85,17,Hero,0.6104937465998399,0.9999999929876888
2597,4.0,-6.0,20,Hero,0.6871301889419555,0.9999939680099488
2598,4.4,-5.6,12,Hero,0.6796196028590202,0.9999998907248179
2599,4.65,-5.35,7,Hero,0.8020917858396258,1.0
2600,4.65,-5.35,7,Hero,0.9857875193868365,0.9999996423721313
2601,4.1,-5.9,18,Hero,0.6862860636578666,0.948132359319263
2602,4.15,-5.85,17,Hero,0.6085953138330403,0.9999999649384442
2603,4.95,-5.05,1,Hero,0.5542881488800049,1.0
2604,4.75,-5.25,5,Hero,0.7696700811386108,1.0
2605,-2.499999999999999,-2.499999999999999,50,None,0.9877352523803711,1.0
2606,-2.499999999999999,-2.499999999999999,50,None,0.9838692045211792,1.0
2607,4.0,-6.0,20,Hero,0.6627198220230639,0.9918838888406754
2608,3.6499999999999995,-6.3500000000000005,27,Hero,0.782673645902563,0.999999690938879
2609,4.75,-5.25,5,Hero,0.7419807553291321,1.0
2610,2.5500000000000007,-7.449999999999999,49,Hero,0.6660722874257029,0.9999999416117765
2611,-5.05,4.95,1,Villain,0.5313103795051575,0.9999878406524658
2612,4.45,-5.55,11,Hero,0.6822521957484159,1.0
2613,4.15,-5.85,17,Hero,0.5837107046562082,0.9999856247621424
2614,4.2,-5.8,16,Hero,0.7490761373192072,0.9999996721744537
2615,4.65,-5.35,7,Hero,0.6034639009407589,0.999999965940203
2616,-2.499999999999999,-2.499999999999999,50,None,0.8269562631845474,0.9999996709823609
2617,-2.499999999999999,-2.499999999999999,50,None,0.8678935059905052,1.0
2618,4.95,-5.05,1,Hero,0.6969366073608398,1.0
2619,-2.499999999999999,-2.499999999999999,50,None,0.6961132690310479,0.9999999952316284
2620,4.15,-5.85,17,Hero,0.5785275219994432,0.997445029370925
2621,-2.499999999999999,-2.499999999999999,50,None,0.7702497962117195,0.9999999761581421
2622,4.6000000000000005,-5.3999999999999995,8,Hero,0.4999178685247898,1.0
2623,4.95,-5.05,1,Hero,0.9240618944168091,1.0
2624,4.05,-5.95,19,Hero,0.760825431660602,0.9998257599378887
2625,3.9,-6.1,22,Hero,0.597111335193569,0.9999999945813959
2626,4.45,-5.55,11,Hero,0.6953556564721194,0.999995079907504
2627,3.8,-6.2,24,Hero,0.6931316944149634,0.9999996473391851
2628,4.45,-5.55,11,Hero,0.8012815835801038,0.9988080967556346
2629,4.7,-5.3,6,Hero,0.7429675310850143,1.0
2630,4.3,-5.7,14,Hero,0.6399933482919421,0.9989666087286813
2631,3.3999999999999995,-6.6000000000000005,32,Hero,0.5850530444877222,1.0
2632,4.1,-5.9,18,Hero,0.632479704088635,0.9988995326889886
2633,-2.499999999999999,-2.499999999999999,50,None,0.6294496713206172,0.9999999618530273
2634,4.4,-5.6,12,Hero,0.6455706991255283,0.9999967813491821
2635,4.8,-5.2,4,Hero,0.6516955643892288,1.0
2636,4.6000000000000005,-5.3999999999999995,8,Hero,0.9623522907495499,0.9999999552965164
2637,4.25,-5.75,15,Hero,0.6610873858133952,0.993900469938914
2638,3.75,-6.25,25,Hero,0.7664250910282135,0.9999992227554322
2639,4.8,-5.2,4,Hero,0.6374006122350693,1.0
2640,4.8,-5.2,4,Hero,0.531257838010788,1.0
2641,4.5,-5.5,10,Hero,0.8729150399565697,0.9999998331069946
2642,4.25,-5.75,15,Hero,0.5946266011645397,1.0
2643,4.75,-5.25,5,Hero,0.6734582126140595,1.0
2644,4.6000000000000005,-5.3999999999999995,8,Hero,0.7584866099059582,0.9999830424785614
2645,4.5,-5.5,10,Hero,0.655245566368103,0.9999999880790711
2646,4.1,-5.9,18,Hero,0.5682243949009312,0.9999933242797852
2647,4.55,-5.45,9,Hero,0.6716514130433401,0.9999993112352159
2648,4.45,-5.55,11,Hero,0.5741141871972517,1.0
2649,4.9,-5.1,2,Hero,0.9726572930812836,1.0
2650,4.5,-5.5,10,Hero,0.8750611752271652,0.9999998450279236
2651,4.5,-5.5,10,Hero,0.7049993395805358,0.9999993681907654
2652,4.75,-5.25,5,Hero,0.9608999252319336,1.0
2653,3.9,-6.1,22,Hero,0.6824021874503656,0.9642186842181466
2654,4.05,-5.95,19,Hero,0.751302033662796,0.999999905887403
2655,4.6000000000000005,-5.3999999999999995,8,Hero,0.8145853281021118,1.0
2656,4.6000000000000005,-5.3999999999999995,8,Hero,0.7175593562424183,0.999999925494194
2657,4.5,-5.5,10,Hero,0.6380864948034286,0.9999999642372132
2658,4.55,-5.45,9,Hero,0.871157043096092,1.0
2659,3.9,-6.1,22,Hero,0.7740280357274142,0.9999910701404918
2660,4.3500000000000005,-5.6499999999999995,13,Hero,0.6343261507841257,0.9999999449803278
2661,-5.25,4.75,5,Villain,0.5359656989574433,1.0
2662,4.4,-5.6,12,Hero,0.698525533080101,0.9999746928612391
2663,4.3,-5.7,14,Hero,0.6315953007766179,1.0
2664,3.8499999999999996,-6.15,23,Hero,0.6262956732155188,0.9999999533528867
2665,4.5,-5.5,10,Hero,0.8514856785535813,0.9999996662139893
2666,3.75,-6.25,25,Hero,0.6654843208193779,0.999991488456726
2667,4.45,-5.55,11,Hero,0.6136200373822992,0.9999978000467474
2668,4.3,-5.7,14,Hero,0.6300537266901561,0.9968616153512683
2669,3.75,-6.25,25,Hero,0.6606890481710433,0.999997820854187
2670,3.95,-6.05,21,Hero,0.6809294521808624,0.999758643763406
2671,4.1,-5.9,18,Hero,0.6458335649222136,0.9999909996986389
2672,4.8,-5.2,4,Hero,0.8040710687637329,1.0
2673,4.05,-5.95,19,Hero,0.7031488371522803,0.999825025859632
2674,4.75,-5.25,5,Hero,0.972799015045166,1.0
2675,3.8,-6.2,24,Hero,0.7549688696550826,0.9999999354283015
2676,-5.05,4.95,1,Villain,0.044956546276807785,1.0
2677,4.65,-5.35,7,Hero,0.6569688447884151,1.0
2678,3.9,-6.1,22,Hero,0.6242272179912437,0.9960097914392297
2679,4.95,-5.05,1,Hero,0.2811504602432251,1.0
2680,-2.499999999999999,-2.499999999999999,50,None,0.6854490298777819,0.9999999690055847
2681,-2.499999999999999,-2.499999999999999,50,None,0.6613588441908359,0.9999541807174682
2682,-5.05,4.95,1,Villain,0.30788254737854004,0.999998927116394
2683,-2.499999999999999,-2.499999999999999,50,None,0.624139092490077,0.9999429857730866
2684,-2.499999999999999,-2.499999999999999,50,None,0.632029676437378,1.0
2685,-2.499999999999999,-2.499999999999999,50,None,0.6854507713764906,0.9999999499320984
2686,3.249999999999999,-6.750000000000001,35,Hero,0.5596553610903876,0.9996549265725272
2687,-2.499999999999999,-2.499999999999999,50,None,0.6447930003702641,0.9970524644851685
2688,-2.499999999999999,-2.499999999999999,50,None,0.6617051758244634,0.9951689350605011
2689,3.1999999999999993,-6.800000000000001,36,Hero,0.6342814498477511,0.9999999933772616
2690,4.7,-5.3,6,Hero,0.9850349525610606,1.0
2691,3.95,-6.05,21,Hero,0.650658192379134,0.9591455970491681
2692,4.15,-5.85,17,Hero,0.6187858147656217,0.9999998036552878
2693,4.7,-5.3,6,Hero,0.9830970764160156,1.0
2694,-2.499999999999999,-2.499999999999999,50,None,0.6148051189631224,0.9999999713897705
2695,-2.499999999999999,-2.499999999999999,50,None,0.7140479559451341,0.9999999451637268
2696,3.3999999999999995,-6.6000000000000005,32,Hero,0.7070345738902688,0.9470201218500733
2697,-2.499999999999999,-2.499999999999999,50,None,0.6359742027521134,0.9999614298343659
2698,3.099999999999999,-6.9,38,Hero,0.6273590540023226,0.94782555103302
2699,-2.499999999999999,-2.499999999999999,50,None,0.6836012832075358,0.99998464345932
2700,3.55,-6.45,29,Hero,0.6933642351550275,0.9999991326496519
2701,-2.499999999999999,-2.499999999999999,50,None,0.7027928727865219,0.9999997711181641
2702,3.6999999999999997,-6.300000000000001,26,Hero,0.5708919680462434,0.9999999449803278
2703,-2.499999999999999,-2.499999999999999,50,None,0.6163813650980592,1.0
2704,3.6499999999999995,-6.3500000000000005,27,Hero,0.6046894278239321,1.0
2705,3.95,-6.05,21,Hero,0.6180639307768572,0.9999979507355463
2706,3.75,-6.25,25,Hero,0.7598087297379971,0.9999871587753296
2707,4.8,-5.2,4,Hero,0.6979374438524246,1.0
2708,3.6499999999999995,-6.3500000000000005,27,Hero,0.6003242239907935,0.9999998013178507
2709,4.3,-5.7,14,Hero,0.684476722564016,0.9999811138425555
2710,2.999999999999999,-7.000000000000001,40,Hero,0.5404383566230535,0.99999241232872
2711,4.05,-5.95,19,Hero,0.6429482792553148,0.9999998996132299
2712,-2.499999999999999,-2.499999999999999,50,None,0.6863452002406121,0.9999804663658142
2713,-2.499999999999999,-2.499999999999999,50,None,0.62581363260746,0.9999999976158143
2714,3.55,-6.45,29,Hero,0.6716745500934536,0.9999908866553471
2715,-2.499999999999999,-2.499999999999999,50,None,0.551612446680665,1.0
2716,4.55,-5.45,9,Hero,0.8579635156525506,0.9999997350904677
2717,4.55,-5.45,9,Hero,0.5625220702754127,0.9999999735090468
2718,4.25,-5.75,15,Hero,0.6740294903516769,0.9999933322270711
2719,4.45,-5.55,11,Hero,0.6169628311287273,0.9999997399070046
2720,4.65,-5.35,7,Hero,0.6580957089151654,1.0
2721,4.15,-5.85,17,Hero,0.7228620157522314,0.9339240298551672
2722,3.95,-6.05,21,Hero,0.7155382349377587,0.995565014226096
2723,4.15,-5.85,17,Hero,0.7765673030825222,0.9999064031769248
2724,4.15,-5.85,17,Hero,0.5674010234720567,1.0
2725,4.3500000000000005,-5.6499999999999995,13,Hero,0.6388054971511548,1.0
2726,-2.499999999999999,-2.499999999999999,50,None,0.4740329783409834,1.0
2727,3.6999999999999997,-6.300000000000001,26,Hero,0.6916978313372686,0.9999948419057406
2728,4.8,-5.2,4,Hero,0.576872743666172,1.0
2729,4.75,-5.25,5,Hero,0.7389147698879241,1.0
2730,4.4,-5.6,12,Hero,0.6049660903712114,0.9999847908814748
2731,4.5,-5.5,10,Hero,0.5415664941072464,1.0
2732,-2.499999999999999,-2.499999999999999,50,None,0.523812549682334,1.0
2733,4.6000000000000005,-5.3999999999999995,8,Hero,0.6441679131239653,0.9999999105930328
2734,3.9,-6.1,22,Hero,0.7933775890957225,0.9999993118372831
2735,3.75,-6.25,25,Hero,0.7300198155641556,0.9999992990493775
2736,4.15,-5.85,17,Hero,0.8492041878840503,0.9999999789630666
2737,3.95,-6.05,21,Hero,0.7176931557201204,0.9999991144452777
2738,4.65,-5.35,7,Hero,0.4082421788147518,1.0
2739,4.45,-5.55,11,Hero,0.5370465269820257,1.0
2740,4.3,-5.7,14,Hero,0.5198268273047039,0.9999903695923942
2741,4.15,-5.85,17,Hero,0.6498565143522095,0.9998720077907338
2742,4.7,-5.3,6,Hero,0.7499343057473501,1.0
2743,4.3500000000000005,-5.6499999999999995,13,Hero,0.6118385264506707,0.9999970197677612
2744,4.8500000000000005,-5.1499999999999995,3,Hero,0.48404300461212796,1.0
2745,-5.1,4.9,2,Villain,0.9702878594398499,1.0
2746,4.05,-5.95,19,Hero,0.8439314083049172,0.999998644778603
2747,4.1,-5.9,18,Hero,0.7794547552863756,1.0
2748,4.6000000000000005,-5.3999999999999995,8,Hero,0.7043513879179955,0.9999987334012985
2749,4.9,-5.1,2,Hero,0.9326873123645782,1.0
2750,4.7,-5.3,6,Hero,0.52570840716362,1.0
2751,4.1,-5.9,18,Hero,0.6386440826786889,0.9999617437521616
2752,4.4,-5.6,12,Hero,0.6126292447249094,1.0
2753,4.15,-5.85,17,Hero,0.5791616022367688,1.0
2754,4.6000000000000005,-5.3999999999999995,8,Hero,0.6555888094007969,0.9999999552965164
2755,4.1,-5.9,18,Hero,0.7045375514361594,0.9882528185844421
2756,4.05,-5.95,19,Hero,0.6632755900684156,1.0
2757,4.6000000000000005,-5.3999999999999995,8,Hero,0.8511194735765457,1.0
2758,4.55,-5.45,9,Hero,0.640899721119139,0.9999974966049194
2759,4.95,-5.05,1,Hero,0.5097386837005615,1.0
2760,4.75,-5.25,5,Hero,0.5453841798007488,1.0
2761,4.65,-5.35,7,Hero,0.8541143813303539,1.0
2762,4.5,-5.5,10,Hero,0.6538358062505722,1.0
2763,4.95,-5.05,1,Hero,0.9765508770942688,1.0
2764,-5.1499999999999995,4.8500000000000005,3,Villain,0.7064300378163656,1.0
2765,4.25,-5.75,15,Hero,0.678773824373881,0.9999999682108561
2766,4.7,-5.3,6,Hero,0.8607419232527415,1.0
2767,4.0,-6.0,20,Hero,0.6853857584297657,0.9999979972839356
2768,3.9,-6.1,22,Hero,0.7254899359223518,1.0
2769,4.0,-6.0,20,Hero,0.737883822247386,0.9999999940395355
2770,3.8499999999999996,-6.15,23,Hero,0.8355854037015334,0.9999996786532195
2771,4.55,-5.45,9,Hero,0.7293652759657966,1.0
2772,4.75,-5.25,5,Hero,0.6690167188644409,1.0
2773,4.45,-5.55,11,Hero,0.673293875022368,0.9999992522326383
2774,4.4,-5.6,12,Hero,0.7518898776421944,0.9999987781047821
2775,4.1,-5.9,18,Hero,0.6657087289624743,0.9999988410207961
2776,4.5,-5.5,10,Hero,0.6983007282018662,0.9999998927116394
2777,4.55,-5.45,9,Hero,0.8273790876070658,0.9999746282895406
2778,4.95,-5.05,1,Hero,0.6654930710792542,1.0
2779,4.2,-5.8,16,Hero,0.6342973597347736,0.9998895451426506
2780,4.3,-5.7,14,Hero,0.762383480157171,0.9961207125868116
2781,3.5999999999999996,-6.4,28,Hero,0.7821587207061904,0.9999955807413373
2782,4.05,-5.95,19,Hero,0.8392070390676197,0.999340179719423
2783,4.45,-5.55,11,Hero,0.6924071528694846,0.9997462901202115
2784,3.9,-6.1,22,Hero,0.7492782554843209,0.9999999133023348
2785,-5.9,4.1,18,Villain,0.7089234863718351,1.0
2786,4.65,-5.35,7,Hero,0.6571197126592908,1.0
2787,4.05,-5.95,19,Hero,0.7831996288150549,0.9999143387141981
2788,4.3500000000000005,-5.6499999999999995,13,Hero,0.8459571468142363,0.9999999908300546
2789,4.55,-5.45,9,Hero,0.7610991828971438,0.9999976290596856
2790,4.7,-5.3,6,Hero,0.8649893601735433,1.0
2791,4.65,-5.35,7,Hero,0.7707035967281887,1.0
2792,4.7,-5.3,6,Hero,0.6048295398553213,1.0
2793,4.3,-5.7,14,Hero,0.6698730343154499,0.9999672217028481
2794,4.3,-5.7,14,Hero,0.665554302079337,0.999987142426627
2795,4.65,-5.35,7,Hero,0.7481350430420467,1.0
2796,3.55,-6.45,29,Hero,0.6903310541448922,0.9999998109094028
2797,4.5,-5.5,10,Hero,0.5127578854560852,1.0
2798,4.3500000000000005,-5.6499999999999995,13,Hero,0.6335268868849828,0.9999754199614892
2799,4.8,-5.2,4,Hero,0.6311386302113533,1.0
2800,4.7,-5.3,6,Hero,0.6787697523832321,1.0
2801,4.8500000000000005,-5.1499999999999995,3,Hero,0.6767333447933197,1.0
2802,4.9,-5.1,2,Hero,0.5874461531639099,1.0
2803,4.8500000000000005,-5.1499999999999995,3,Hero,0.6400309428572655,1.0
2804,4.3500000000000005,-5.6499999999999995,13,Hero,0.7260992240447265,0.9999999266404372
2805,2.6500000000000004,-7.35,47,Hero,0.5757506618157346,1.0
2806,4.65,-5.35,7,Hero,0.9786061644554138,1.0
2807,3.8499999999999996,-6.15,23,Hero,0.8075143532908481,0.9999948118043982
2808,4.65,-5.35,7,Hero,0.7382882237434387,0.9999998126711164
2809,4.5,-5.5,10,Hero,0.6054389178752899,0.9999999880790711
2810,4.8,-5.2,4,Hero,0.9467033743858337,1.0
2811,4.75,-5.25,5,Hero,0.670715969800949,1.0
2812,4.8500000000000005,-5.1499999999999995,3,Hero,0.6881554226080576,1.0
2813,4.8500000000000005,-5.1499999999999995,3,Hero,0.8718815644582113,1.0
2814,4.7,-5.3,6,Hero,0.9564097126324972,1.0
2815,4.15,-5.85,17,Hero,0.7448784077868742,0.9988102141548606
2816,3.75,-6.25,25,Hero,0.7417829582095146,0.9999996137619018
2817,4.75,-5.25,5,Hero,0.7999135255813599,1.0
2818,3.75,-6.25,25,Hero,0.7077672925591468,1.0
2819,4.45,-5.55,11,Hero,0.7244957414540377,1.0
2820,3.95,-6.05,21,Hero,0.6960590070202237,0.9818451631636846
2821,3.8499999999999996,-6.15,23,Hero,0.6781564996294354,0.999999974084937
2822,4.95,-5.05,1,Hero,0.1999504566192627,1.0
2823,4.3,-5.7,14,Hero,0.5379626347816416,0.9999998978206089
2824,4.3,-5.7,14,Hero,0.6406449994870594,0.9999999744551522
2825,3.9,-6.1,22,Hero,0.6922385042363947,0.9859855283390392
2826,4.3500000000000005,-5.6499999999999995,13,Hero,0.803250253200531,0.9999999816601093
2827,4.1,-5.9,18,Hero,0.6249653630786471,0.9999999867545234
2828,4.2,-5.8,16,Hero,0.7330773873254657,0.9999999180436134
2829,-2.499999999999999,-2.499999999999999,50,None,0.5097301003336906,1.0
2830,4.3,-5.7,14,Hero,0.6413384399243763,0.9999798876898629
2831,-2.499999999999999,-2.499999999999999,50,None,0.5520438814163208,1.0
2832,2.8499999999999996,-7.15,43,Hero,0.5263870396586352,1.0
2833,-5.05,4.95,1,Villain,0.9918696880340576,1.0
2834,4.55,-5.45,9,Hero,0.6341661686698595,0.9999998145633273
2835,4.95,-5.05,1,Hero,0.13941380381584167,1.0
2836,4.75,-5.25,5,Hero,0.6731453664600849,1.0
2837,4.75,-5.25,5,Hero,0.6279139876365661,1.0
2838,4.9,-5.1,2,Hero,0.6436064690351486,1.0
2839,4.65,-5.35,7,Hero,0.6680345748152051,0.9999999318804059
2840,3.8499999999999996,-6.15,23,Hero,0.8081095024295475,0.9999980149061783
2841,3.8,-6.2,24,Hero,0.8167056751747926,0.9999999503294627
2842,4.4,-5.6,12,Hero,0.7821528520435095,0.9999989966551462
2843,4.8,-5.2,4,Hero,0.9614751935005188,1.0
2844,4.45,-5.55,11,Hero,0.6519760628315535,0.9999999783255837
2845,3.5999999999999996,-6.4,28,Hero,0.8099192098847457,0.9999997530664716
2846,4.6000000000000005,-5.3999999999999995,8,Hero,0.6722390502691269,0.9999998807907104
2847,4.8,-5.2,4,Hero,0.7181480992585421,1.0
2848,4.65,-5.35,7,Hero,0.5904654009001595,1.0
2849,4.05,-5.95,19,Hero,0.7654605841166094,0.9999852682414808
2850,4.4,-5.6,12,Hero,0.6400949570039908,0.9994451353947321
2851,4.1,-5.9,18,Hero,0.6448002027140723,0.9210189448462592
2852,3.8,-6.2,24,Hero,0.7242513298988342,0.9999998460213343
2853,4.8,-5.2,4,Hero,0.7306517884135246,1.0
2854,4.15,-5.85,17,Hero,0.7697205122779397,0.9998816427062539
2855,3.9,-6.1,22,Hero,0.7426268578591672,1.0
2856,4.1,-5.9,18,Hero,0.6694684285256598,0.999999980131785
2857,3.6499999999999995,-6.3500000000000005,27,Hero,0.8268491248427717,0.9999996247114958
2858,4.2,-5.8,16,Hero,0.6393942232243717,0.9999888464808464
2859,4.3500000000000005,-5.6499999999999995,13,Hero,0.7104546166956425,0.9999888218366183
2860,4.55,-5.45,9,Hero,0.6718564993805356,0.9999996158811781
2861,4.8500000000000005,-5.1499999999999995,3,Hero,0.9620460271835327,1.0
2862,4.4,-5.6,12,Hero,0.8042421167095503,1.0
2863,4.0,-6.0,20,Hero,0.7808030188083649,0.9999999761581421
2864,4.8500000000000005,-5.1499999999999995,3,Hero,0.8990514874458313,1.0
2865,4.8,-5.2,4,Hero,0.7812626212835312,1.0
2866,4.3,-5.7,14,Hero,0.7761837893298694,0.9999999489103045
2867,4.9,-5.1,2,Hero,0.6306404769420624,1.0
2868,3.9,-6.1,22,Hero,0.7999925437298688,0.9999988891861655
2869,4.8,-5.2,4,Hero,0.6533002778887749,1.0
2870,4.1,-5.9,18,Hero,0.7938754281236066,1.0
2871,4.1,-5.9,18,Hero,0.6415538870626025,0.9454530560308032
2872,4.9,-5.1,2,Hero,0.41212303936481476,1.0
2873,4.0,-6.0,20,Hero,0.8671595975756645,1.0
2874,4.3,-5.7,14,Hero,0.6477588074547904,0.9999955977712359
2875,3.5999999999999996,-6.4,28,Hero,0.6586029436439276,1.0
2876,4.6000000000000005,-5.3999999999999995,8,Hero,0.8496380597352982,1.0
2877,4.5,-5.5,10,Hero,0.5334201782941819,1.0
2878,3.75,-6.25,25,Hero,0.8116223829984665,0.9999998664855957
2879,4.65,-5.35,7,Hero,0.6220267202172961,0.9999999829701015
2880,4.65,-5.35,7,Hero,0.8202738847051348,1.0
2881,4.4,-5.6,12,Hero,0.584671139717102,1.0
2882,4.7,-5.3,6,Hero,0.6875778287649155,1.0
2883,4.65,-5.35,7,Hero,0.6798197541918073,1.0
2884,4.2,-5.8,16,Hero,0.5151822788175195,1.0
2885,4.9,-5.1,2,Hero,0.8825678825378418,1.0
2886,4.0,-6.0,20,Hero,0.7998657032847405,0.9999545454978943
2887,4.5,-5.5,10,Hero,0.7490092217922211,0.9999972701072692
2888,4.8500000000000005,-5.1499999999999995,3,Hero,0.8207637270291647,1.0
2889,3.2999999999999994,-6.700000000000001,34,Hero,0.7030669289284989,0.999998969190261
2890,3.8,-6.2,24,Hero,0.8143554975589117,0.9999952912330627
2891,4.7,-5.3,6,Hero,0.801497663060824,1.0
2892,4.25,-5.75,15,Hero,0.6608771244684856,0.9999999920527141
2893,4.05,-5.95,19,Hero,0.7608674764633179,0.9999999623549612
2894,4.3500000000000005,-5.6499999999999995,13,Hero,0.6591838873349704,1.0
2895,4.8500000000000005,-5.1499999999999995,3,Hero,0.8718977371851603,1.0
2896,4.3500000000000005,-5.6499999999999995,13,Hero,0.641772584273265,1.0
2897,4.7,-5.3,6,Hero,0.9678145051002502,1.0
2898,4.3,-5.7,14,Hero,0.7748056394713265,0.9999998382159642
2899,4.45,-5.55,11,Hero,0.6717982224442742,1.0
2900,4.3500000000000005,-5.6499999999999995,13,Hero,0.6390069768978999,0.9999889777256892
2901,4.55,-5.45,9,Hero,0.8986598981751336,1.0
2902,4.8500000000000005,-5.1499999999999995,3,Hero,0.7587841153144836,1.0
2903,4.8500000000000005,-5.1499999999999995,3,Hero,0.6017644902070364,1.0
2904,4.55,-5.45,9,Hero,0.7356366647614373,0.9999999867545234
2905,4.6000000000000005,-5.3999999999999995,8,Hero,0.8663912434130907,1.0
2906,4.25,-5.75,15,Hero,0.716204164425532,0.9999999284744263
2907,3.95,-6.05,21,Hero,0.7333357142550605,1.0
2908,4.25,-5.75,15,Hero,0.7279269774754842,0.999972689151764
2909,4.95,-5.05,1,Hero,0.7401049733161926,1.0
2910,4.55,-5.45,9,Hero,0.6799098932080798,1.0
2911,4.15,-5.85,17,Hero,0.762983418562833,0.999999109436484
2912,4.45,-5.55,11,Hero,0.6551928333938122,0.999999924139543
2913,4.3,-5.7,14,Hero,0.7006888006414685,0.9998758179800851
2914,4.15,-5.85,17,Hero,0.795948384439244,0.9999996984706205
2915,4.6000000000000005,-5.3999999999999995,8,Hero,0.8013821691274643,1.0
2916,4.55,-5.45,9,Hero,0.6294802990224626,0.9999999735090468
2917,4.25,-5.75,15,Hero,0.6052667930722236,1.0
2918,4.6000000000000005,-5.3999999999999995,8,Hero,0.608380988240242,1.0
2919,4.75,-5.25,5,Hero,0.7897512257099152,1.0
2920,4.25,-5.75,15,Hero,0.7198234138389429,1.0
2921,4.3500000000000005,-5.6499999999999995,13,Hero,0.7134056859291517,0.9999252741153424
2922,4.3,-5.7,14,Hero,0.6192146454538617,0.9999960575784955
2923,4.05,-5.95,19,Hero,0.785745452109136,0.999967662911666
2924,4.15,-5.85,17,Hero,0.9005084248150096,0.9999999719507554
2925,4.3,-5.7,14,Hero,0.6572684081537383,1.0
2926,4.6000000000000005,-5.3999999999999995,8,Hero,0.7781600952148438,1.0
2927,4.4,-5.6,12,Hero,0.6606044229120016,0.999997208515803
2928,4.15,-5.85,17,Hero,0.6957796119591769,0.9883256098803352
2929,4.1,-5.9,18,Hero,0.8696746503313383,0.9999999735090468
2930,4.2,-5.8,16,Hero,0.7031265497207642,0.9990428537130356
2931,4.15,-5.85,17,Hero,0.8246490017456167,0.9999772766057182
2932,4.3500000000000005,-5.6499999999999995,13,Hero,0.700503755074281,1.0
2933,4.0,-6.0,20,Hero,0.8649022206664085,1.0
2934,3.9,-6.1,22,Hero,0.8709375099702314,0.9999999729069796
2935,4.9,-5.1,2,Hero,0.787389725446701,1.0
2936,4.55,-5.45,9,Hero,0.727804958820343,0.9999991257985433
2937,4.7,-5.3,6,Hero,0.6918887992699941,1.0
2938,4.05,-5.95,19,Hero,0.7233706728408211,0.9999998305973253
2939,4.9,-5.1,2,Hero,0.6468880474567413,1.0
2940,4.75,-5.25,5,Hero,0.7138915121555328,1.0
2941,4.3,-5.7,14,Hero,0.5257725034441266,1.0
2942,4.4,-5.6,12,Hero,0.6350139031807581,0.9999995032946268
2943,4.4,-5.6,12,Hero,0.6653346394499143,0.999999870856603
2944,3.8499999999999996,-6.15,23,Hero,0.7684337494732894,0.9999999948169874
2945,4.8500000000000005,-5.1499999999999995,3,Hero,0.6306942900021871,1.0
2946,4.5,-5.5,10,Hero,0.7438639968633651,1.0
2947,3.6999999999999997,-6.300000000000001,26,Hero,0.7899082417671497,0.9999999312254099
2948,4.55,-5.45,9,Hero,0.92159989145067,1.0
2949,4.6000000000000005,-5.3999999999999995,8,Hero,0.7893880754709244,0.9999999105930328
2950,4.2,-5.8,16,Hero,0.7875135261565447,0.9999999776482582
2951,3.8,-6.2,24,Hero,0.8073289057550331,0.9999999900658926
2952,4.2,-5.8,16,Hero,0.6811326984316111,1.0
2953,4.6000000000000005,-5.3999999999999995,8,Hero,0.8823417089879513,1.0
2954,4.6000000000000005,-5.3999999999999995,8,Hero,0.754973454400897,1.0
2955,4.25,-5.75,15,Hero,0.7566155354181926,0.9999998331069946
2956,4.6000000000000005,-5.3999999999999995,8,Hero,0.7341739437542856,1.0
2957,4.0,-6.0,20,Hero,0.7834605578333139,0.9999962091445923
2958,4.6000000000000005,-5.3999999999999995,8,Hero,0.6097512617707253,1.0
2959,4.4,-5.6,12,Hero,0.5914869258801142,0.9999910096327463
2960,3.8499999999999996,-6.15,23,Hero,0.6546286746211674,0.9999999637189119
2961,4.15,-5.85,17,Hero,0.4824260017451118,1.0
2962,4.65,-5.35,7,Hero,0.7727428461824145,0.9999999829701015
2963,4.65,-5.35,7,Hero,0.8447956442832947,1.0
2964,4.6000000000000005,-5.3999999999999995,8,Hero,0.7522250525653362,0.999999925494194
2965,4.75,-5.25,5,Hero,0.5475387558341026,1.0
2966,4.6000000000000005,-5.3999999999999995,8,Hero,0.7407659254968166,1.0
2967,3.9,-6.1,22,Hero,0.8688305020332336,0.9999999783255837
2968,4.8500000000000005,-5.1499999999999995,3,Hero,0.8806964159011841,1.0
2969,4.45,-5.55,11,Hero,0.6731085614724592,0.9999999024651267
2970,4.3500000000000005,-5.6499999999999995,13,Hero,0.6315830498933792,1.0
2971,4.65,-5.35,7,Hero,0.8542165075029645,1.0
2972,4.55,-5.45,9,Hero,0.8865100807613797,0.9999999735090468
2973,4.55,-5.45,9,Hero,0.6866645018259684,0.9999999735090468
2974,4.8,-5.2,4,Hero,0.6199487671256065,1.0
2975,4.25,-5.75,15,Hero,0.591149385770162,0.9999184966087341
2976,4.5,-5.5,10,Hero,0.6604308679699897,0.9999999880790711
2977,4.3500000000000005,-5.6499999999999995,13,Hero,0.7068532275465819,1.0
2978,4.3,-5.7,14,Hero,0.7768260762095451,0.9995247721672058
2979,4.1,-5.9,18,Hero,0.6216554198828008,0.9999999668863084
2980,4.8500000000000005,-5.1499999999999995,3,Hero,0.9589614669481913,1.0
2981,4.7,-5.3,6,Hero,0.5464237332344055,1.0
2982,3.8499999999999996,-6.15,23,Hero,0.8461573136889416,0.9999611325885939
2983,4.6000000000000005,-5.3999999999999995,8,Hero,0.6335264556109905,0.9999999850988388
2984,4.15,-5.85,17,Hero,0.7933623071979073,0.999999957926133
2985,3.8499999999999996,-6.15,23,Hero,0.7849707000929377,0.9999980719193168
2986,4.55,-5.45,9,Hero,0.9822764860259162,1.0
2987,4.3,-5.7,14,Hero,0.6246570753199714,0.9999999744551522
2988,4.5,-5.5,10,Hero,0.862165343761444,1.0
2989,4.3500000000000005,-5.6499999999999995,13,Hero,0.9003482002478379,1.0
2990,4.7,-5.3,6,Hero,0.6148476004600525,1.0
2991,4.0,-6.0,20,Hero,0.7816707840189338,1.0
2992,4.55,-5.45,9,Hero,0.5913357204861112,1.0
2993,4.6000000000000005,-5.3999999999999995,8,Hero,0.6634223982691765,1.0
2994,4.2,-5.8,16,Hero,0.801653902977705,0.9937467202544212
2995,4.6000000000000005,-5.3999999999999995,8,Hero,0.8705305829644203,0.9999999701976776
2996,4.7,-5.3,6,Hero,0.8134490003188452,1.0
2997,4.1,-5.9,18,Hero,0.6241952772769663,0.9999998079405891
2998,4.55,-5.45,9,Hero,0.6352998746765984,0.9999998542997572
2999,4.45,-5.55,11,Hero,0.7974461987614632,0.9999999674883756
3000,4.8500000000000005,-5.1499999999999995,3,Hero,0.9539209802945455,1.0
