episode,hero_reward,villain_reward,steps,winner,hero_avg_prob,villain_avg_prob
1,-4.999999999999998,-4.999999999999998,50,None,0.3126679538190365,0.3619190411269665
2,-4.999999999999998,-4.999999999999998,50,None,0.3667147220671177,0.4253615286946297
3,-4.999999999999998,-4.999999999999998,50,None,0.4543992115557194,0.24947204500436782
4,-4.999999999999998,-4.999999999999998,50,None,0.32393983080983163,0.3705327115952969
5,-4.999999999999998,-4.999999999999998,50,None,0.32873965986073017,0.3620166040956974
6,-4.999999999999998,-4.999999999999998,50,None,0.39737535163760185,0.289160877764225
7,-8.700000000000001,1.2999999999999985,37,Villain,0.3453945354432673,0.29555176440122966
8,-4.999999999999998,-4.999999999999998,50,None,0.317873228341341,0.42293732836842535
9,-4.999999999999998,-4.999999999999998,50,None,0.26658278807997704,0.28876405403017996
10,-4.999999999999998,-4.999999999999998,50,None,0.27808671176433564,0.4535438841953874
11,-4.999999999999998,-4.999999999999998,50,None,0.4741911542415619,0.40481400638818743
12,2.8,-7.2,22,Hero,0.4019801357591694,0.5548919507048347
13,-4.999999999999998,-4.999999999999998,50,None,0.40954848006367683,0.565068603977561
14,-4.999999999999998,-4.999999999999998,50,None,0.38450837433338164,0.4477604718506336
15,-5.8,4.2,8,Villain,0.5142101868987083,0.6356947238091379
16,-4.999999999999998,-4.999999999999998,50,None,0.47548669096082447,0.6919387208670378
17,-4.999999999999998,-4.999999999999998,50,None,0.5919180366769433,0.7543149504065514
18,-9.000000000000002,0.9999999999999982,40,Villain,0.6509435656480491,0.9536959818564356
19,4.800000000000001,-5.199999999999999,2,Hero,0.6418692767620087,0.7744872272014618
20,2.6999999999999997,-7.300000000000001,23,Hero,0.4880968854641137,0.865950364275309
21,-4.999999999999998,-4.999999999999998,50,None,0.7900991552509368,0.8951251604780555
22,-4.999999999999998,-4.999999999999998,50,None,0.8347739804908634,0.9335792454890907
23,3.0999999999999996,-6.9,19,Hero,0.520973168705639,0.8260202872517862
24,-4.999999999999998,-4.999999999999998,50,None,0.8418328882753849,0.8343007324635983
25,4.4,-5.6,6,Hero,0.7989786540468534,0.441250564220051
26,3.5,-6.5,15,Hero,0.5902492513259252,0.9453174670537313
27,1.9999999999999991,-8.0,30,Hero,0.7350260649555518,0.8623114496469497
28,3.7,-6.3,13,Hero,0.6553421169519424,0.8793846887464707
29,-4.999999999999998,-4.999999999999998,50,None,0.8831771281547844,0.8050576399639249
30,4.0,-6.0,10,Hero,0.5460699453949929,0.9824879109859467
31,4.9,-5.1,1,Hero,0.8044580221176147,0.9898634552955627
32,-4.999999999999998,-4.999999999999998,50,None,0.9678841352462768,0.9644081844389438
33,-4.999999999999998,-4.999999999999998,50,None,0.8861403297260404,0.8705978902801871
34,4.6000000000000005,-5.3999999999999995,4,Hero,0.491019569337368,0.9995250552892685
35,-5.3999999999999995,4.6000000000000005,4,Villain,0.9835606813430786,0.9954967796802521
36,-4.999999999999998,-4.999999999999998,50,None,0.9011224321275949,0.9865021789073944
37,-5.1,4.9,1,Villain,0.812700092792511,0.999416708946228
38,3.7,-6.3,13,Hero,0.7004983081267431,0.9996551046004662
39,3.4000000000000004,-6.6,16,Hero,0.8163765156641603,0.9987827837467194
40,-4.999999999999998,-4.999999999999998,50,None,0.8142980299144983,0.9725732741039246
41,3.6000000000000005,-6.3999999999999995,14,Hero,0.7657948434352875,0.999548899275916
42,4.7,-5.3,3,Hero,0.989798347155253,0.9999550183614095
43,3.5,-6.5,15,Hero,0.5737449606259664,0.9978688518206279
44,-4.999999999999998,-4.999999999999998,50,None,0.9380387857556343,0.9217653920222074
45,-5.3,4.7,3,Villain,0.9943026502927145,0.9967360893885294
46,3.2,-6.8,18,Hero,0.7051514436801275,0.9975343214140998
47,0.3000000000000007,-9.7,47,Hero,0.8352911225817305,0.995778093946741
48,4.6000000000000005,-5.3999999999999995,4,Hero,0.5268414746969938,0.9950378388166428
49,3.5,-6.5,15,Hero,0.6409149318933487,0.9950262983640035
50,3.3,-6.7,17,Hero,0.6699167419882381,0.9989627669839298
51,-5.8,4.2,8,Villain,0.9781167432665825,0.9994113370776176
52,4.0,-6.0,10,Hero,0.832465597987175,0.9934118390083313
53,3.9000000000000004,-6.1,11,Hero,0.8759745494885878,0.9905963973565535
54,-4.999999999999998,-4.999999999999998,50,None,0.8828193627297878,0.995861930847168
55,4.300000000000001,-5.699999999999999,7,Hero,0.8709312932831901,0.9994247385433742
56,2.3999999999999995,-7.6000000000000005,26,Hero,0.6615720689296722,0.998442278458522
57,3.7,-6.3,13,Hero,0.8056297325170957,0.9990533544467046
58,3.2,-6.8,18,Hero,0.7257984065347247,0.9858598113059998
59,1.9999999999999991,-8.0,30,Hero,0.6697793019314607,0.9562594192723434
60,4.1000000000000005,-5.8999999999999995,9,Hero,0.6584048966566721,0.9993516074286567
61,4.7,-5.3,3,Hero,0.5359015464782715,0.999409556388855
62,3.7,-6.3,13,Hero,0.6833614982091464,0.9990941286087036
63,3.8000000000000007,-6.199999999999999,12,Hero,0.5597579559932152,0.9996921469767889
64,3.4000000000000004,-6.6,16,Hero,0.6556404596194625,0.9983183071017265
65,3.8000000000000007,-6.199999999999999,12,Hero,0.6300427615642548,0.9991629123687744
66,3.6000000000000005,-6.3999999999999995,14,Hero,0.6212181193487984,0.999851154429572
67,3.5,-6.5,15,Hero,0.7257651872932911,0.9930723230044047
68,3.7,-6.3,13,Hero,0.6806677161501005,0.9995096325874329
69,3.9000000000000004,-6.1,11,Hero,0.7652281549843875,0.9998551498759877
70,3.0,-7.0,20,Hero,0.5670168250799179,0.9964241951704025
71,1.1999999999999984,-8.8,38,Hero,0.6811903528869152,0.9137574681325963
72,3.7,-6.3,13,Hero,0.5982235372066498,0.9912613034248352
73,3.2,-6.8,18,Hero,0.838463080012136,0.9915479587184058
74,4.4,-5.6,6,Hero,0.658186711370945,0.9994403024514517
75,4.5,-5.5,5,Hero,0.8362357974052429,0.999505341053009
76,4.300000000000001,-5.699999999999999,7,Hero,0.8401352976049695,0.9996495076588222
77,3.8000000000000007,-6.199999999999999,12,Hero,0.7241223575547338,0.9926934788624445
78,3.6000000000000005,-6.3999999999999995,14,Hero,0.7799369751342705,0.9983138995511192
79,2.1999999999999993,-7.800000000000001,28,Hero,0.8223083562084607,0.9984980693885258
80,2.9,-7.1,21,Hero,0.5873143871403521,0.998045027256012
81,4.2,-5.8,8,Hero,0.6629164712503552,0.9989898800849915
82,4.0,-6.0,10,Hero,0.9059853911399841,0.9994708657264709
83,3.5,-6.5,15,Hero,0.8859362165133159,0.9878989418347677
84,3.8000000000000007,-6.199999999999999,12,Hero,0.6887595330675443,0.9935624202092489
85,4.7,-5.3,3,Hero,0.8793176611264547,0.9976994196573893
86,4.300000000000001,-5.699999999999999,7,Hero,0.577669233083725,0.998185762337276
87,4.300000000000001,-5.699999999999999,7,Hero,0.6762821163449969,0.999662731375013
88,3.8000000000000007,-6.199999999999999,12,Hero,0.6007152100404104,0.9959344764550527
89,3.3,-6.7,17,Hero,0.6135662877384354,0.996107371414409
90,3.4000000000000004,-6.6,16,Hero,0.5564287984743714,0.9991449303925037
91,3.3,-6.7,17,Hero,0.6162696813082542,0.879249734338373
92,3.6000000000000005,-6.3999999999999995,14,Hero,0.7542614745242255,0.994061257158007
93,3.0,-7.0,20,Hero,0.6491338156163693,0.9970019817352295
94,4.800000000000001,-5.199999999999999,2,Hero,0.6980940997600555,0.9966708123683929
95,4.800000000000001,-5.199999999999999,2,Hero,0.7875620126724243,0.999459981918335
96,4.2,-5.8,8,Hero,0.8655163943767548,0.9998969584703445
97,4.7,-5.3,3,Hero,0.7092918753623962,0.999839166800181
98,3.9000000000000004,-6.1,11,Hero,0.8609993593259291,0.9978143356063149
99,-5.6,4.4,6,Villain,0.8817732532819113,0.9998850723107656
100,3.8000000000000007,-6.199999999999999,12,Hero,0.8223016659418741,0.9998535215854645
101,4.1000000000000005,-5.8999999999999995,9,Hero,0.7921334240171645,0.9992181658744812
102,4.2,-5.8,8,Hero,0.5783334411680698,0.9917449951171875
103,4.300000000000001,-5.699999999999999,7,Hero,0.7281329842018229,0.9999291556222099
104,-5.3,4.7,3,Villain,0.9998388290405273,0.9999952713648478
105,3.0999999999999996,-6.9,19,Hero,0.6859209568876969,0.9996409824019984
106,4.0,-6.0,10,Hero,0.9083801358938217,0.9963895618915558
107,3.0999999999999996,-6.9,19,Hero,0.6739847801233593,0.9995334775824296
108,3.9000000000000004,-6.1,11,Hero,0.7927080284465443,0.975186743519523
109,3.9000000000000004,-6.1,11,Hero,0.6464060341769998,0.9990569894964044
110,4.2,-5.8,8,Hero,0.7222722172737122,0.9997915551066399
111,4.4,-5.6,6,Hero,0.768257608016332,0.9929872850577036
112,3.9000000000000004,-6.1,11,Hero,0.8433892781084235,0.9991746869954196
113,4.6000000000000005,-5.3999999999999995,4,Hero,0.9999614059925079,0.9999680817127228
114,2.099999999999999,-7.9,29,Hero,0.7387017516483521,0.9997967296633227
115,-5.199999999999999,4.800000000000001,2,Villain,0.994585782289505,0.9999454617500305
116,3.0999999999999996,-6.9,19,Hero,0.7889332904627449,0.9996357622899508
117,3.7,-6.3,13,Hero,0.799104800591102,0.9998767513495225
118,4.4,-5.6,6,Hero,0.8514061272144318,0.98679052790006
119,3.0,-7.0,20,Hero,0.6280066676437854,0.998897385597229
120,4.1000000000000005,-5.8999999999999995,9,Hero,0.8706857528951433,0.9960061642858717
121,4.9,-5.1,1,Hero,0.5362339615821838,0.998870313167572
122,-5.6,4.4,6,Villain,0.7931887805461884,0.7878241965857645
123,4.2,-5.8,8,Hero,0.7896902561187744,0.9969614297151566
124,3.6000000000000005,-6.3999999999999995,14,Hero,0.6856361755302974,0.9922317096165248
125,3.4000000000000004,-6.6,16,Hero,0.6839662920683622,0.934612033306621
126,4.800000000000001,-5.199999999999999,2,Hero,0.5737015008926392,0.9999462962150574
127,3.9000000000000004,-6.1,11,Hero,0.8835076229138807,0.9999207800084894
128,4.0,-6.0,10,Hero,0.8465591847896576,0.9997148752212525
129,4.2,-5.8,8,Hero,0.8714576661586761,0.9993415474891663
130,4.0,-6.0,10,Hero,0.880689050257206,0.9807277619838715
131,4.0,-6.0,10,Hero,0.8757758975028992,0.9824114859104156
132,4.300000000000001,-5.699999999999999,7,Hero,0.9858583978244236,0.9998703854424613
133,4.9,-5.1,1,Hero,0.7841969132423401,0.9988152980804443
134,3.0999999999999996,-6.9,19,Hero,0.7194149854936098,0.9997074541292692
135,2.1999999999999993,-7.800000000000001,28,Hero,0.6584172741110835,0.9977211611611503
136,4.5,-5.5,5,Hero,0.9958403825759887,0.9985947370529175
137,3.6000000000000005,-6.3999999999999995,14,Hero,0.5919414215854236,0.9972145174230848
138,4.0,-6.0,10,Hero,0.6020630538463593,0.9960088431835175
139,3.9000000000000004,-6.1,11,Hero,0.6978798048062758,0.99924466826699
140,4.800000000000001,-5.199999999999999,2,Hero,0.9993060231208801,0.9999687075614929
141,4.5,-5.5,5,Hero,0.9862436056137085,0.9987896919250489
142,2.6999999999999997,-7.300000000000001,23,Hero,0.6811151881904706,0.9916950878889664
143,3.0999999999999996,-6.9,19,Hero,0.5420744962206012,0.9970122230680365
144,4.4,-5.6,6,Hero,0.7176350206136703,0.9989787042140961
145,3.2,-6.8,18,Hero,0.5633821624020735,0.9220354114141729
146,3.6000000000000005,-6.3999999999999995,14,Hero,0.6664481599416051,0.999291901077543
147,3.9000000000000004,-6.1,11,Hero,0.8109568118287082,0.9994081963192333
148,3.5,-6.5,15,Hero,0.7349641541639964,0.9999353090922037
149,3.8000000000000007,-6.199999999999999,12,Hero,0.6589711131916071,0.9991274327039719
150,4.2,-5.8,8,Hero,0.6435516476631165,0.9998041242361069
151,-5.1,4.9,1,Villain,0.7680208086967468,0.9996628761291504
152,1.9999999999999991,-8.0,30,Hero,0.7552435752004385,0.9999624451001485
153,4.800000000000001,-5.199999999999999,2,Hero,0.9921770989894867,0.9996016621589661
154,3.8000000000000007,-6.199999999999999,12,Hero,0.7595242761696378,0.9999420543511709
155,4.7,-5.3,3,Hero,0.5812571148077647,0.9994683265686035
156,2.3999999999999995,-7.6000000000000005,26,Hero,0.7629164961668161,0.9996942396347339
157,4.1000000000000005,-5.8999999999999995,9,Hero,0.8117289460367627,0.9999857346216837
158,3.8000000000000007,-6.199999999999999,12,Hero,0.6219447689751784,0.9905647933483124
159,3.8000000000000007,-6.199999999999999,12,Hero,0.8301851966728767,0.9999826153119405
160,3.9000000000000004,-6.1,11,Hero,0.7985699298706922,0.999588364904577
161,4.0,-6.0,10,Hero,0.5557607799768448,0.9977187812328339
162,4.300000000000001,-5.699999999999999,7,Hero,0.9922879764011928,0.9999760389328003
163,3.4000000000000004,-6.6,16,Hero,0.7342875367030501,0.9999117664992809
164,4.6000000000000005,-5.3999999999999995,4,Hero,0.6280537769198418,0.9999910295009613
165,1.7763568394002505e-15,-9.999999999999998,50,Hero,0.6137074382603168,0.9998631775379181
166,4.1000000000000005,-5.8999999999999995,9,Hero,0.6376484913958443,0.994125935766432
167,4.2,-5.8,8,Hero,0.7590416520833969,0.9999253004789352
168,4.4,-5.6,6,Hero,0.962710420290629,0.9998836914698283
169,3.5,-6.5,15,Hero,0.6262282178659613,0.9225184943526983
170,3.3,-6.7,17,Hero,0.666698462822858,0.9990419079275692
171,4.2,-5.8,8,Hero,0.8185862526297569,0.9999434947967529
172,4.5,-5.5,5,Hero,0.5614831626415253,0.9999466419219971
173,4.2,-5.8,8,Hero,0.9880277514457703,0.9999554008245468
174,4.2,-5.8,8,Hero,0.660929343663156,0.9999867528676987
175,4.2,-5.8,8,Hero,0.9892969876527786,0.9999942183494568
176,3.2,-6.8,18,Hero,0.6006918274797499,0.9994395838843452
177,4.300000000000001,-5.699999999999999,7,Hero,0.5403093440192086,0.9997923374176025
178,3.8000000000000007,-6.199999999999999,12,Hero,0.5806375555694103,0.9932639896869659
179,3.4000000000000004,-6.6,16,Hero,0.5930961165577173,0.9166662173811346
180,3.9000000000000004,-6.1,11,Hero,0.6508378007195212,0.9999310970306396
181,4.1000000000000005,-5.8999999999999995,9,Hero,0.9946034616894193,0.999595946735806
182,3.3,-6.7,17,Hero,0.6109456770560321,0.9362478189115577
183,4.0,-6.0,10,Hero,0.7305825039744377,0.999986469745636
184,4.0,-6.0,10,Hero,0.5914829254150391,0.9994737923145294
185,3.5,-6.5,15,Hero,0.7001228074232737,0.9993101278940837
186,3.9000000000000004,-6.1,11,Hero,0.7193759679794312,0.9993830106475137
187,4.4,-5.6,6,Hero,0.9765580793221792,0.9993200103441874
188,3.5,-6.5,15,Hero,0.6136301199595133,0.9995585441589355
189,4.0,-6.0,10,Hero,0.5180190205574036,0.9983759343624115
190,3.8000000000000007,-6.199999999999999,12,Hero,0.5602835276319335,0.995031883319219
191,-5.5,4.5,5,Villain,0.6441043198108674,0.999654233455658
192,2.9,-7.1,21,Hero,0.6121790288459688,0.9998962226368132
193,3.9000000000000004,-6.1,11,Hero,0.6794661230153658,0.9998867295005105
194,3.9000000000000004,-6.1,11,Hero,0.6657413975758986,0.9986201524734497
195,4.4,-5.6,6,Hero,0.8155222535133362,0.9999913374582926
196,4.6000000000000005,-5.3999999999999995,4,Hero,0.5570242628455162,0.9999947249889374
197,4.4,-5.6,6,Hero,0.664715550839901,0.9999977548917135
198,4.9,-5.1,1,Hero,0.9638035893440247,0.9999867677688599
199,3.5,-6.5,15,Hero,0.6113980750242869,0.9999956448872884
200,4.5,-5.5,5,Hero,0.7684598967432976,0.9999742031097412
201,3.0999999999999996,-6.9,19,Hero,0.5729767410084605,0.9933146112843564
202,3.8000000000000007,-6.199999999999999,12,Hero,0.6868663455049197,0.9988685349623362
203,4.1000000000000005,-5.8999999999999995,9,Hero,0.8765442073345184,0.9999550845887926
204,2.6999999999999997,-7.300000000000001,23,Hero,0.6656483165595842,0.999914200409599
205,3.0999999999999996,-6.9,19,Hero,0.5884057812784848,0.9996956053533053
206,3.9000000000000004,-6.1,11,Hero,0.6857830529863184,0.999947493726557
207,3.6000000000000005,-6.3999999999999995,14,Hero,0.5776787964361054,0.9976466809000287
208,3.9000000000000004,-6.1,11,Hero,0.8372105495496229,0.9994135011326183
209,4.4,-5.6,6,Hero,0.77810005346934,0.9993309577306112
210,4.4,-5.6,6,Hero,0.5969329675038656,0.9987129867076874
211,4.0,-6.0,10,Hero,0.626620152592659,0.9999907970428467
212,3.5,-6.5,15,Hero,0.6137026300032934,0.9996524373690288
213,4.1000000000000005,-5.8999999999999995,9,Hero,0.6797562746538056,0.9999100234773424
214,3.9000000000000004,-6.1,11,Hero,0.7555878460407257,0.9985411709005182
215,4.1000000000000005,-5.8999999999999995,9,Hero,0.8636446545521418,0.9999683962927924
216,4.300000000000001,-5.699999999999999,7,Hero,0.6614309549331665,0.9992606469563076
217,4.1000000000000005,-5.8999999999999995,9,Hero,0.8843046493000455,0.999682711230384
218,4.7,-5.3,3,Hero,0.5778929392496744,0.9999700784683228
219,4.4,-5.6,6,Hero,0.4951629042625427,0.9997446338335673
220,4.1000000000000005,-5.8999999999999995,9,Hero,0.8361908561653562,0.9999481704499986
221,3.7,-6.3,13,Hero,0.6112710386514664,0.9995509523611802
222,3.9000000000000004,-6.1,11,Hero,0.7164840264753862,0.999983158978549
223,4.0,-6.0,10,Hero,0.7039306737482548,0.9999600052833557
224,3.8000000000000007,-6.199999999999999,12,Hero,0.5966982617974281,0.9936008155345917
225,4.1000000000000005,-5.8999999999999995,9,Hero,0.8613717787795596,0.9998633199267917
226,4.7,-5.3,3,Hero,0.5957608918348948,0.9999345143636068
227,3.9000000000000004,-6.1,11,Hero,0.6107053648341786,0.9954793778332797
228,3.9000000000000004,-6.1,11,Hero,0.7274602136828683,0.9981981786814603
229,3.7,-6.3,13,Hero,0.755946743946809,0.9999833015295175
230,3.5,-6.5,15,Hero,0.7379361828168233,0.9996268630027771
231,3.5,-6.5,15,Hero,0.6857752104600271,0.9846202373504639
232,4.2,-5.8,8,Hero,0.865518456324935,0.9999588280916214
233,4.1000000000000005,-5.8999999999999995,9,Hero,0.6040695475207435,0.9999748335944282
234,4.0,-6.0,10,Hero,0.7327828019857406,0.9999637126922607
235,3.2,-6.8,18,Hero,0.7061059557729297,0.9993422561221652
236,4.800000000000001,-5.199999999999999,2,Hero,0.6002880334854126,0.9995451867580414
237,3.7,-6.3,13,Hero,0.7366464940401224,0.9999082226019639
238,3.6000000000000005,-6.3999999999999995,14,Hero,0.6400963312813214,0.9995337767260415
239,4.2,-5.8,8,Hero,0.5633869729936123,0.9999831169843674
240,4.300000000000001,-5.699999999999999,7,Hero,0.8633087618010384,0.9982406326702663
241,3.4000000000000004,-6.6,16,Hero,0.6180145448306575,0.9919375851750374
242,4.0,-6.0,10,Hero,0.6743204087018967,0.9985251784324646
243,4.2,-5.8,8,Hero,0.7612175494432449,0.9996002316474915
244,4.1000000000000005,-5.8999999999999995,9,Hero,0.6222557028134664,0.9979953699641757
245,3.0999999999999996,-6.9,19,Hero,0.682490631153709,0.93574776897501
246,4.2,-5.8,8,Hero,0.6698767282068729,0.9999882727861404
247,4.2,-5.8,8,Hero,0.4493723176419735,0.999703049659729
248,4.1000000000000005,-5.8999999999999995,9,Hero,0.8613827261659834,0.9994844992955526
249,3.7,-6.3,13,Hero,0.6818422061892656,0.9913025177442111
250,4.800000000000001,-5.199999999999999,2,Hero,0.2669605538249016,0.9999986886978149
251,4.1000000000000005,-5.8999999999999995,9,Hero,0.6671258847361767,0.9998608099089729
252,3.6000000000000005,-6.3999999999999995,14,Hero,0.6140465672527041,0.9996593381677356
253,3.9000000000000004,-6.1,11,Hero,0.632055707953193,0.9961405667391691
254,3.2,-6.8,18,Hero,0.62927781459358,0.9309706086706784
255,4.300000000000001,-5.699999999999999,7,Hero,0.656669978584562,0.9989783849034991
256,4.0,-6.0,10,Hero,0.6970212057232856,0.9994683563709259
257,4.800000000000001,-5.199999999999999,2,Hero,0.5822206139564514,0.9997737407684326
258,4.7,-5.3,3,Hero,0.9990591605504354,0.9999273220698038
259,3.6000000000000005,-6.3999999999999995,14,Hero,0.6078570006149155,0.9999590771538871
260,3.7,-6.3,13,Hero,0.6077496455265925,0.9997716546058655
261,4.5,-5.5,5,Hero,0.6587361857295037,0.9999804496765137
262,3.9000000000000004,-6.1,11,Hero,0.7026770738038149,0.999921896240928
263,4.0,-6.0,10,Hero,0.6743382543325425,0.999978244304657
264,3.7,-6.3,13,Hero,0.7022955572375884,0.9970468511948218
265,4.4,-5.6,6,Hero,0.5381863166888555,0.999903013308843
266,3.8000000000000007,-6.199999999999999,12,Hero,0.8115766122937202,0.9997880955537161
267,4.5,-5.5,5,Hero,0.9910362362861633,0.9999663352966308
268,3.0999999999999996,-6.9,19,Hero,0.6503252990935978,0.9998833850810402
269,4.2,-5.8,8,Hero,0.9687046855688095,0.9985894188284874
270,4.7,-5.3,3,Hero,0.9938867092132568,0.9999740123748779
271,3.7,-6.3,13,Hero,0.7547738941816183,0.9970751083814181
272,3.6000000000000005,-6.3999999999999995,14,Hero,0.7071300095745495,0.9999295473098755
273,3.8000000000000007,-6.199999999999999,12,Hero,0.6705465142925581,0.9984854360421499
274,4.300000000000001,-5.699999999999999,7,Hero,0.9767052275793893,0.9998714923858643
275,4.2,-5.8,8,Hero,0.7313273027539253,0.997813768684864
276,2.6999999999999997,-7.300000000000001,23,Hero,0.6192216435852258,0.9982036896373915
277,3.8000000000000007,-6.199999999999999,12,Hero,0.7835753907759985,0.9999854763348898
278,4.1000000000000005,-5.8999999999999995,9,Hero,0.7047815322875977,0.9977888067563375
279,4.0,-6.0,10,Hero,0.7669659644365311,0.9991064846515656
280,4.2,-5.8,8,Hero,0.7184420451521873,0.9999755620956421
281,3.3,-6.7,17,Hero,0.7574910311137929,0.9983899873845717
282,4.6000000000000005,-5.3999999999999995,4,Hero,0.9991772919893265,0.9993957430124283
283,4.1000000000000005,-5.8999999999999995,9,Hero,0.8726547691557143,0.9974607891506619
284,3.7,-6.3,13,Hero,0.743630805840859,0.9998862422429599
285,3.4000000000000004,-6.6,16,Hero,0.6252855891361833,0.9911824204027653
286,3.9000000000000004,-6.1,11,Hero,0.7490363601933826,0.996984297578985
287,3.8000000000000007,-6.199999999999999,12,Hero,0.7071609968940417,0.9989316215117773
288,4.300000000000001,-5.699999999999999,7,Hero,0.8051620636667524,0.9999010733195713
289,4.0,-6.0,10,Hero,0.9001186907291412,0.9997788012027741
290,3.5,-6.5,15,Hero,0.6563571433226267,0.997793996334076
291,3.9000000000000004,-6.1,11,Hero,0.6218855868686329,0.9999094551259821
292,4.1000000000000005,-5.8999999999999995,9,Hero,0.6697897159804901,0.999217602941725
293,4.300000000000001,-5.699999999999999,7,Hero,0.6725619456597737,0.9998082774026054
294,4.1000000000000005,-5.8999999999999995,9,Hero,0.8148660659790039,0.990540987915463
295,4.2,-5.8,8,Hero,0.8606722918630112,0.9942050278186798
296,4.300000000000001,-5.699999999999999,7,Hero,0.6664562906537738,0.9977983917508807
297,3.5,-6.5,15,Hero,0.611877645055453,0.9972242911656698
298,4.4,-5.6,6,Hero,0.5995770146449407,0.9996203482151031
299,3.8000000000000007,-6.199999999999999,12,Hero,0.8591207961241404,0.9665123720963796
300,4.5,-5.5,5,Hero,0.8004518181085587,0.9855348348617554
301,4.2,-5.8,8,Hero,0.9791311919689178,0.9976269155740738
302,4.300000000000001,-5.699999999999999,7,Hero,0.7628448392663684,0.9990425620760236
303,4.5,-5.5,5,Hero,0.6190139442682266,0.9981013894081116
304,4.2,-5.8,8,Hero,0.9822488054633141,0.9981835335493088
305,-5.3,4.7,3,Villain,0.3869607945283254,0.9996946454048157
306,0.5999999999999996,-9.4,44,Hero,0.8068896631540899,0.9988553605296395
307,2.4999999999999996,-7.5,25,Hero,0.9210824850201607,0.9947219944000244
308,-5.1,4.9,1,Villain,0.3854583501815796,0.9901062846183777
309,2.1999999999999993,-7.800000000000001,28,Hero,0.8044139919872058,0.9993695318698883
310,3.5,-6.5,15,Hero,0.6577056854963302,0.9985434254010518
311,-4.999999999999998,-4.999999999999998,50,None,0.8323679694533348,0.9999791741371155
312,4.6000000000000005,-5.3999999999999995,4,Hero,0.9994834065437317,0.9999164640903473
313,-4.999999999999998,-4.999999999999998,50,None,0.9733446276187897,0.9999839973449707
314,3.2,-6.8,18,Hero,0.6883465765406274,0.9934756557146708
315,3.0999999999999996,-6.9,19,Hero,0.5860241628006885,0.999843042147787
316,-5.6,4.4,6,Villain,0.998617966969808,0.9997722009817759
317,2.8,-7.2,22,Hero,0.6388088275085796,0.9999310265887867
318,3.2,-6.8,18,Hero,0.7870090148515172,0.9998665153980255
319,2.6999999999999997,-7.300000000000001,23,Hero,0.6814637961594955,0.9960691928863525
320,4.300000000000001,-5.699999999999999,7,Hero,0.5935254735606057,0.9998296669551304
321,4.300000000000001,-5.699999999999999,7,Hero,0.8705852712903704,0.9999237912041801
322,0.40000000000000036,-9.6,46,Hero,0.7867392008395299,0.9999616768049158
323,4.300000000000001,-5.699999999999999,7,Hero,0.6229533893721444,0.9987154603004456
324,3.3,-6.7,17,Hero,0.8444455791922176,0.999957964700811
325,3.7,-6.3,13,Hero,0.8531316748032203,0.9959657100530771
326,3.9000000000000004,-6.1,11,Hero,0.7397459149360657,0.999731876633384
327,4.1000000000000005,-5.8999999999999995,9,Hero,0.822711212767495,0.9996172785758972
328,4.1000000000000005,-5.8999999999999995,9,Hero,0.7557262726542022,0.9992511603567336
329,3.9000000000000004,-6.1,11,Hero,0.7056221203370527,0.9999612353064797
330,3.8000000000000007,-6.199999999999999,12,Hero,0.5640387783447901,0.9980185329914093
331,4.2,-5.8,8,Hero,0.6815867368131876,0.9924594238400459
332,3.9000000000000004,-6.1,11,Hero,0.6554573991081931,0.9999582225626166
333,3.3,-6.7,17,Hero,0.724082350730896,0.9997616234947654
334,3.5,-6.5,15,Hero,0.925913800795873,0.9950792948404948
335,3.4000000000000004,-6.6,16,Hero,0.6439738683402538,0.9996616393327713
336,3.6000000000000005,-6.3999999999999995,14,Hero,0.6273739997829709,0.9999538574899945
337,4.5,-5.5,5,Hero,0.5785700440406799,0.9999943256378174
338,4.0,-6.0,10,Hero,0.855580372363329,0.9995810449123382
339,3.7,-6.3,13,Hero,0.8219530777289317,0.9999856857153085
340,4.300000000000001,-5.699999999999999,7,Hero,0.7203011044434139,0.9999968324388776
341,3.4000000000000004,-6.6,16,Hero,0.8913366515189409,0.9990105032920837
342,4.0,-6.0,10,Hero,0.7517563223838806,0.9999991416931152
343,4.6000000000000005,-5.3999999999999995,4,Hero,0.6844299137592316,0.9999964237213135
344,4.1000000000000005,-5.8999999999999995,9,Hero,0.6784904499848684,0.999748534626431
345,3.5,-6.5,15,Hero,0.7494096438090007,0.9999147097269694
346,3.3,-6.7,17,Hero,0.7894102291149252,0.9999785283032585
347,3.8000000000000007,-6.199999999999999,12,Hero,0.8290490477035443,0.99997145930926
348,3.3,-6.7,17,Hero,0.6414445156560225,0.981102235176984
349,3.6000000000000005,-6.3999999999999995,14,Hero,0.9288196180547986,0.9999343582562038
350,4.1000000000000005,-5.8999999999999995,9,Hero,0.9184498455789354,0.9999950064553155
351,3.9000000000000004,-6.1,11,Hero,0.7988358410921964,0.9995564222335815
352,3.9000000000000004,-6.1,11,Hero,0.6590318991379305,0.9999973773956299
353,3.8000000000000007,-6.199999999999999,12,Hero,0.7374459306399027,0.998927558461825
354,3.8000000000000007,-6.199999999999999,12,Hero,0.7805395101507505,0.999743327498436
355,4.0,-6.0,10,Hero,0.8573929518461227,0.9999844670295716
356,3.2,-6.8,18,Hero,0.6921435255143378,0.999906536605623
357,4.2,-5.8,8,Hero,0.8277953863143921,0.9999956041574478
358,4.4,-5.6,6,Hero,0.8603222817182541,0.9999951521555582
359,3.9000000000000004,-6.1,11,Hero,0.6958260211077604,0.9999697533520785
360,4.0,-6.0,10,Hero,0.7707704186439515,0.9999534130096436
361,4.0,-6.0,10,Hero,0.8050760447978973,0.9999985694885254
362,3.4000000000000004,-6.6,16,Hero,0.7209586286917329,0.9999780580401421
363,3.9000000000000004,-6.1,11,Hero,0.8635127652775157,0.9999995014884255
364,4.7,-5.3,3,Hero,0.6609657928347588,1.0
365,3.9000000000000004,-6.1,11,Hero,0.7106031890619885,0.99999154697765
366,-5.199999999999999,4.800000000000001,2,Villain,0.6832977384328842,1.0
367,4.300000000000001,-5.699999999999999,7,Hero,0.7324884640319007,0.9999896287918091
368,2.8,-7.2,22,Hero,0.7174981859597293,0.9995033551346172
369,3.7,-6.3,13,Hero,0.7499424540079557,0.9998861505435064
370,2.5999999999999996,-7.4,24,Hero,0.7359062045191725,0.9999999354283015
371,4.1000000000000005,-5.8999999999999995,9,Hero,0.8047422187195884,0.9999964369667901
372,4.5,-5.5,5,Hero,0.9280794143676758,1.0
373,3.3,-6.7,17,Hero,0.7717575495514799,0.9999997475567985
374,3.4000000000000004,-6.6,16,Hero,0.698728758841753,0.9994645826518536
375,4.4,-5.6,6,Hero,0.8776163160800934,1.0
376,4.2,-5.8,8,Hero,0.835330031812191,0.9999997168779373
377,4.0,-6.0,10,Hero,0.6180752709507942,0.9999804735183716
378,4.0,-6.0,10,Hero,0.8526296317577362,0.9999810934066773
379,3.5,-6.5,15,Hero,0.8763276214400927,0.9999790191650391
380,3.5,-6.5,15,Hero,0.7582784593105316,0.9999999046325684
381,4.0,-6.0,10,Hero,0.7942730024456978,1.0
382,4.5,-5.5,5,Hero,0.6732019275426865,1.0
383,3.5,-6.5,15,Hero,0.5970681050016234,0.999968143304189
384,4.2,-5.8,8,Hero,0.7260587401688099,1.0
385,4.1000000000000005,-5.8999999999999995,9,Hero,0.9259659846623739,0.9999847677018907
386,3.0,-7.0,20,Hero,0.6627558261156082,0.9999997973442077
387,4.4,-5.6,6,Hero,0.6924614856640497,1.0
388,4.9,-5.1,1,Hero,0.9990342855453491,1.0
389,4.1000000000000005,-5.8999999999999995,9,Hero,0.5865949971808327,1.0
390,4.300000000000001,-5.699999999999999,7,Hero,0.7907502949237823,1.0
391,3.5,-6.5,15,Hero,0.6739971458911895,0.9999999523162841
392,4.5,-5.5,5,Hero,0.629033413529396,1.0
393,3.6000000000000005,-6.3999999999999995,14,Hero,0.6686557573931557,0.9999999829701015
394,3.9000000000000004,-6.1,11,Hero,0.7435459332032637,1.0
395,3.9000000000000004,-6.1,11,Hero,0.904513808813962,0.9999999024651267
396,4.1000000000000005,-5.8999999999999995,9,Hero,0.8993704981274075,1.0
397,3.0999999999999996,-6.9,19,Hero,0.7680830328088057,1.0
398,4.2,-5.8,8,Hero,0.8566742264665663,0.9999995976686478
399,2.2999999999999994,-7.700000000000001,27,Hero,0.7347985150085555,1.0
400,3.9000000000000004,-6.1,11,Hero,0.6655102941122922,1.0
401,3.9000000000000004,-6.1,11,Hero,0.7533986460078846,0.9999996748837557
402,4.0,-6.0,10,Hero,0.744426092877984,1.0
403,3.8000000000000007,-6.199999999999999,12,Hero,0.7775885934631029,1.0
404,4.9,-5.1,1,Hero,0.5310945510864258,1.0
405,3.3,-6.7,17,Hero,0.6911982508266673,1.0
406,3.7,-6.3,13,Hero,0.6740657056753452,0.9999989179464487
407,4.1000000000000005,-5.8999999999999995,9,Hero,0.7816660288307402,1.0
408,3.9000000000000004,-6.1,11,Hero,0.8352950079874559,1.0
409,3.5,-6.5,15,Hero,0.7212114910284678,1.0
410,3.7,-6.3,13,Hero,0.6777049291592377,0.9999993489338801
411,3.6000000000000005,-6.3999999999999995,14,Hero,0.8856995276042393,0.9999996594020298
412,4.300000000000001,-5.699999999999999,7,Hero,0.890883241380964,1.0
413,4.1000000000000005,-5.8999999999999995,9,Hero,0.8597494959831238,1.0
414,4.2,-5.8,8,Hero,0.8594249747693539,1.0
415,4.0,-6.0,10,Hero,0.6637046478688717,0.999999725818634
416,-5.3999999999999995,4.6000000000000005,4,Villain,0.990023285150528,1.0
417,4.4,-5.6,6,Hero,0.7993313372135162,1.0
418,4.300000000000001,-5.699999999999999,7,Hero,0.9843725051198687,1.0
419,3.7,-6.3,13,Hero,0.7634371370077133,1.0
420,3.7,-6.3,13,Hero,0.7026402010367467,1.0
421,4.300000000000001,-5.699999999999999,7,Hero,0.8368811011314392,0.9999999829701015
422,4.1000000000000005,-5.8999999999999995,9,Hero,0.8197131852308909,1.0
423,3.9000000000000004,-6.1,11,Hero,0.8781423975120891,0.9999991005117242
424,-5.6,4.4,6,Villain,0.7516541775936881,1.0
425,1.899999999999999,-8.100000000000001,31,Hero,0.7964812538796856,1.0
426,3.3,-6.7,17,Hero,0.6981742259334115,1.0
427,4.1000000000000005,-5.8999999999999995,9,Hero,0.6773339112599691,0.999999827808804
428,4.0,-6.0,10,Hero,0.9081505715847016,0.9999995112419129
429,2.099999999999999,-7.9,29,Hero,0.7058362128405735,1.0
430,3.8000000000000007,-6.199999999999999,12,Hero,0.7346532295147578,1.0
431,3.5,-6.5,15,Hero,0.5903693015376726,0.9999997456868489
432,3.6000000000000005,-6.3999999999999995,14,Hero,0.700199122939791,0.9999996508870806
433,-5.3,4.7,3,Villain,0.9997020363807678,1.0
434,4.1000000000000005,-5.8999999999999995,9,Hero,0.6512214574548933,0.9999998542997572
435,4.7,-5.3,3,Hero,0.622450719277064,1.0
436,3.0,-7.0,20,Hero,0.6781594738364219,1.0
437,4.4,-5.6,6,Hero,0.36487385878960293,1.0
438,4.800000000000001,-5.199999999999999,2,Hero,0.9912340939044952,1.0
439,3.7,-6.3,13,Hero,0.7453850014851644,0.9999999449803278
440,3.6000000000000005,-6.3999999999999995,14,Hero,0.7599179574421474,1.0
441,4.1000000000000005,-5.8999999999999995,9,Hero,0.973643614186181,0.9999999470180936
442,4.4,-5.6,6,Hero,0.5904521048069,1.0
443,4.4,-5.6,6,Hero,0.9553435444831848,1.0
444,3.7,-6.3,13,Hero,0.6989125191019132,0.9999842001841619
445,4.6000000000000005,-5.3999999999999995,4,Hero,0.46434028819203377,1.0
446,4.4,-5.6,6,Hero,0.7297399540742239,1.0
447,4.9,-5.1,1,Hero,0.13341641426086426,1.0
448,4.2,-5.8,8,Hero,0.6510733924806118,1.0
449,4.2,-5.8,8,Hero,0.7157443985342979,1.0
450,4.2,-5.8,8,Hero,0.9919490218162537,1.0
451,4.0,-6.0,10,Hero,0.7351797580718994,1.0
452,3.9000000000000004,-6.1,11,Hero,0.7635505504228852,1.0
453,4.300000000000001,-5.699999999999999,7,Hero,0.7856069888387408,1.0
454,3.5,-6.5,15,Hero,0.6873707105716069,0.9991351763407389
455,3.7,-6.3,13,Hero,0.6549960758823615,1.0
456,4.6000000000000005,-5.3999999999999995,4,Hero,0.8425721526145935,1.0
457,3.6000000000000005,-6.3999999999999995,14,Hero,0.715908659355981,1.0
458,4.7,-5.3,3,Hero,0.7366885344187418,1.0
459,3.9000000000000004,-6.1,11,Hero,0.8471008376641707,1.0
460,4.0,-6.0,10,Hero,0.7869864612817764,1.0
461,3.5,-6.5,15,Hero,0.6920568913221359,0.9999427835146586
462,4.5,-5.5,5,Hero,0.696153649687767,1.0
463,4.1000000000000005,-5.8999999999999995,9,Hero,0.7860651148690118,1.0
464,4.1000000000000005,-5.8999999999999995,9,Hero,0.7382603519492679,1.0
465,-5.3999999999999995,4.6000000000000005,4,Villain,0.8523268699645996,1.0
466,3.4000000000000004,-6.6,16,Hero,0.7076448407024145,0.9999995306134224
467,3.9000000000000004,-6.1,11,Hero,0.7497608502480116,1.0
468,3.9000000000000004,-6.1,11,Hero,0.7897900830615651,1.0
469,4.2,-5.8,8,Hero,0.9091481417417526,1.0
470,4.1000000000000005,-5.8999999999999995,9,Hero,0.6548680439591408,1.0
471,4.9,-5.1,1,Hero,0.015682606026530266,1.0
472,4.6000000000000005,-5.3999999999999995,4,Hero,0.7105187773704529,1.0
473,4.5,-5.5,5,Hero,0.5692661479115486,1.0
474,4.1000000000000005,-5.8999999999999995,9,Hero,0.9854471551047431,1.0
475,4.5,-5.5,5,Hero,0.9780698776245117,1.0
476,4.7,-5.3,3,Hero,0.9768514235814413,1.0
477,3.6000000000000005,-6.3999999999999995,14,Hero,0.722965636423656,1.0
478,4.2,-5.8,8,Hero,0.8957398906350136,1.0
479,4.0,-6.0,10,Hero,0.7635250657796859,1.0
480,3.9000000000000004,-6.1,11,Hero,0.6274542381817644,1.0
481,4.1000000000000005,-5.8999999999999995,9,Hero,0.854278220070733,1.0
482,4.2,-5.8,8,Hero,0.7939201965928078,1.0
483,4.6000000000000005,-5.3999999999999995,4,Hero,0.9763811826705933,1.0
484,3.7,-6.3,13,Hero,0.7743372693657875,1.0
485,4.6000000000000005,-5.3999999999999995,4,Hero,0.9373414516448975,1.0
486,3.9000000000000004,-6.1,11,Hero,0.753307808529247,1.0
487,3.8000000000000007,-6.199999999999999,12,Hero,0.6644516587257385,1.0
488,4.7,-5.3,3,Hero,0.7383430004119873,1.0
489,4.9,-5.1,1,Hero,0.9671413898468018,1.0
490,3.5,-6.5,15,Hero,0.6844062119722366,1.0
491,4.300000000000001,-5.699999999999999,7,Hero,0.9953675355230059,1.0
492,3.4000000000000004,-6.6,16,Hero,0.6601659972220659,1.0
493,2.9,-7.1,21,Hero,0.6963189804837817,0.9999999829701015
494,3.9000000000000004,-6.1,11,Hero,0.7079767964103005,1.0
495,3.5,-6.5,15,Hero,0.7434405585130056,1.0
496,3.8000000000000007,-6.199999999999999,12,Hero,0.6717070316274961,1.0
497,-5.199999999999999,4.800000000000001,2,Villain,0.9985074102878571,1.0
498,4.300000000000001,-5.699999999999999,7,Hero,0.643722653388977,1.0
499,4.0,-6.0,10,Hero,0.8426651418209076,1.0
500,3.5,-6.5,15,Hero,0.6246773552149534,1.0
501,4.5,-5.5,5,Hero,0.7718082427978515,1.0
502,4.4,-5.6,6,Hero,0.6365055541197459,1.0
503,-5.1,4.9,1,Villain,0.9673082232475281,0.9999716281890869
504,3.6000000000000005,-6.3999999999999995,14,Hero,0.7479752621480397,1.0
505,4.2,-5.8,8,Hero,0.7914070170372725,1.0
506,3.9000000000000004,-6.1,11,Hero,0.7477635199373419,1.0
507,3.0999999999999996,-6.9,19,Hero,0.5918668481080156,1.0
508,4.2,-5.8,8,Hero,0.6305157206952572,1.0
509,4.6000000000000005,-5.3999999999999995,4,Hero,0.5164678171277046,1.0
510,3.6000000000000005,-6.3999999999999995,14,Hero,0.6714292913675308,1.0
511,3.9000000000000004,-6.1,11,Hero,0.5960589383136142,1.0
512,4.1000000000000005,-5.8999999999999995,9,Hero,0.662681327925788,1.0
513,3.2,-6.8,18,Hero,0.5934883622038696,0.9999994900491502
514,4.7,-5.3,3,Hero,0.7714125514030457,1.0
515,4.0,-6.0,10,Hero,0.9165608823299408,1.0
516,3.6000000000000005,-6.3999999999999995,14,Hero,0.6897559900368962,1.0
517,3.9000000000000004,-6.1,11,Hero,0.7607188549908724,1.0
518,4.0,-6.0,10,Hero,0.6873484373092651,1.0
519,4.1000000000000005,-5.8999999999999995,9,Hero,0.7452222141954634,1.0
520,4.4,-5.6,6,Hero,0.9681239028771719,1.0
521,4.0,-6.0,10,Hero,0.8463817685842514,1.0
522,3.9000000000000004,-6.1,11,Hero,0.7978294816884127,1.0
523,4.4,-5.6,6,Hero,0.9724696477254232,1.0
524,4.0,-6.0,10,Hero,0.8388673514127731,1.0
525,4.9,-5.1,1,Hero,0.974090576171875,1.0
526,3.6000000000000005,-6.3999999999999995,14,Hero,0.7289633564318397,1.0
527,4.6000000000000005,-5.3999999999999995,4,Hero,0.665947750210762,1.0
528,4.2,-5.8,8,Hero,0.8080536834895611,1.0
529,4.2,-5.8,8,Hero,0.9972292706370354,1.0
530,3.8000000000000007,-6.199999999999999,12,Hero,0.7288268953561783,1.0
531,3.6000000000000005,-6.3999999999999995,14,Hero,0.6547854271318231,1.0
532,4.0,-6.0,10,Hero,0.6532478302717208,1.0
533,3.8000000000000007,-6.199999999999999,12,Hero,0.6053097620606422,1.0
534,4.0,-6.0,10,Hero,0.6948464274406433,1.0
535,4.4,-5.6,6,Hero,0.5908462653557459,1.0
536,4.2,-5.8,8,Hero,0.6762763038277626,1.0
537,3.5,-6.5,15,Hero,0.61829940478007,1.0
538,3.5,-6.5,15,Hero,0.6061150372028351,1.0
539,4.4,-5.6,6,Hero,0.6759297152360281,1.0
540,4.5,-5.5,5,Hero,0.49942529797554014,1.0
541,4.6000000000000005,-5.3999999999999995,4,Hero,0.9240435510873795,1.0
542,3.7,-6.3,13,Hero,0.7971273064613342,1.0
543,4.7,-5.3,3,Hero,0.9910752971967062,1.0
544,4.0,-6.0,10,Hero,0.6615885928273201,1.0
545,4.5,-5.5,5,Hero,0.9784459233283996,1.0
546,3.9000000000000004,-6.1,11,Hero,0.749342067675157,1.0
547,3.3,-6.7,17,Hero,0.6693591668325312,1.0
548,4.0,-6.0,10,Hero,0.8576790690422058,1.0
549,4.800000000000001,-5.199999999999999,2,Hero,0.960877001285553,1.0
550,3.8000000000000007,-6.199999999999999,12,Hero,0.6752810950080553,1.0
551,4.1000000000000005,-5.8999999999999995,9,Hero,0.8885634077919854,1.0
552,3.5,-6.5,15,Hero,0.650465206305186,1.0
553,4.1000000000000005,-5.8999999999999995,9,Hero,0.7620379208690591,1.0
554,3.9000000000000004,-6.1,11,Hero,0.7688517597588626,1.0
555,-5.1,4.9,1,Villain,0.9998897314071655,1.0
556,3.9000000000000004,-6.1,11,Hero,0.6085722170431506,1.0
557,4.6000000000000005,-5.3999999999999995,4,Hero,0.5112669616937637,1.0
558,3.8000000000000007,-6.199999999999999,12,Hero,0.7723393477499485,1.0
559,4.5,-5.5,5,Hero,0.6675462484359741,1.0
560,4.2,-5.8,8,Hero,0.8042352385818958,1.0
561,4.300000000000001,-5.699999999999999,7,Hero,0.760275165949549,1.0
562,4.6000000000000005,-5.3999999999999995,4,Hero,0.7054560333490372,1.0
563,3.7,-6.3,13,Hero,0.6857502506329463,1.0
564,4.2,-5.8,8,Hero,0.7580048143863678,1.0
565,4.1000000000000005,-5.8999999999999995,9,Hero,0.7054190023077859,1.0
566,3.6000000000000005,-6.3999999999999995,14,Hero,0.692643770149776,1.0
567,3.9000000000000004,-6.1,11,Hero,0.849071046168154,1.0
568,3.5,-6.5,15,Hero,0.6591127713521322,0.999999984105428
569,4.300000000000001,-5.699999999999999,7,Hero,0.6269493560705867,1.0
570,3.9000000000000004,-6.1,11,Hero,0.851199674335393,1.0
571,4.1000000000000005,-5.8999999999999995,9,Hero,0.989247719446818,1.0
572,3.9000000000000004,-6.1,11,Hero,0.762904245745052,1.0
573,4.0,-6.0,10,Hero,0.7927328929305076,1.0
574,3.8000000000000007,-6.199999999999999,12,Hero,0.8170287559429804,1.0
575,4.0,-6.0,10,Hero,0.8169365525245667,1.0
576,4.2,-5.8,8,Hero,0.6540348287671804,1.0
577,4.1000000000000005,-5.8999999999999995,9,Hero,0.9772532847192552,1.0
578,3.5,-6.5,15,Hero,0.7203724354505538,1.0
579,3.9000000000000004,-6.1,11,Hero,0.7062004066326402,1.0
580,3.7,-6.3,13,Hero,0.6614222303032875,1.0
581,4.0,-6.0,10,Hero,0.7769612371921539,1.0
582,4.7,-5.3,3,Hero,0.5974384695291519,1.0
583,4.300000000000001,-5.699999999999999,7,Hero,0.8500342454229083,1.0
584,4.4,-5.6,6,Hero,0.6651542410254478,1.0
585,4.1000000000000005,-5.8999999999999995,9,Hero,0.9329518742031522,1.0
586,4.300000000000001,-5.699999999999999,7,Hero,0.6487190467970712,1.0
587,3.4000000000000004,-6.6,16,Hero,0.677479337900877,1.0
588,4.300000000000001,-5.699999999999999,7,Hero,0.9209966318947929,1.0
589,3.8000000000000007,-6.199999999999999,12,Hero,0.806051696340243,1.0
590,4.5,-5.5,5,Hero,0.5768551409244538,1.0
591,3.5,-6.5,15,Hero,0.6767691229780515,1.0
592,3.5,-6.5,15,Hero,0.7170113603274028,1.0
593,4.5,-5.5,5,Hero,0.691794615983963,1.0
594,4.300000000000001,-5.699999999999999,7,Hero,0.6812066520963397,1.0
595,4.9,-5.1,1,Hero,0.7790272831916809,1.0
596,4.800000000000001,-5.199999999999999,2,Hero,0.9746934473514557,1.0
597,4.5,-5.5,5,Hero,0.9710002660751342,1.0
598,4.1000000000000005,-5.8999999999999995,9,Hero,0.6268820563952128,1.0
599,4.4,-5.6,6,Hero,0.6835464934508005,1.0
600,3.5,-6.5,15,Hero,0.7545269012451172,1.0
601,3.9000000000000004,-6.1,11,Hero,0.7956297966566953,1.0
602,4.9,-5.1,1,Hero,0.6819258332252502,1.0
603,3.7,-6.3,13,Hero,0.6750849256148705,1.0
604,4.6000000000000005,-5.3999999999999995,4,Hero,0.735033668577671,1.0
605,3.9000000000000004,-6.1,11,Hero,0.896928304975683,1.0
606,4.1000000000000005,-5.8999999999999995,9,Hero,0.9746062556902567,1.0
607,4.300000000000001,-5.699999999999999,7,Hero,0.6946594587394169,1.0
608,4.0,-6.0,10,Hero,0.7409235179424286,1.0
609,3.7,-6.3,13,Hero,0.5998951380069439,1.0
610,4.0,-6.0,10,Hero,0.6495854586362839,1.0
611,4.4,-5.6,6,Hero,0.6535161683956782,1.0
612,4.2,-5.8,8,Hero,0.7025945261120796,1.0
613,4.6000000000000005,-5.3999999999999995,4,Hero,0.9532224535942078,1.0
614,-5.1,4.9,1,Villain,0.9934950470924377,1.0
615,4.800000000000001,-5.199999999999999,2,Hero,0.4836534112691879,1.0
616,4.0,-6.0,10,Hero,0.5996665745973587,1.0
617,3.3,-6.7,17,Hero,0.6902160705888972,1.0
618,4.5,-5.5,5,Hero,0.9566908478736877,1.0
619,3.3,-6.7,17,Hero,0.7120045379680746,1.0
620,4.300000000000001,-5.699999999999999,7,Hero,0.6744899068559919,1.0
621,3.9000000000000004,-6.1,11,Hero,0.6761821728538383,1.0
622,4.2,-5.8,8,Hero,0.6430334113538265,1.0
623,4.1000000000000005,-5.8999999999999995,9,Hero,0.7000759884766821,1.0
624,3.7,-6.3,13,Hero,0.7414422058142148,1.0
625,3.9000000000000004,-6.1,11,Hero,0.6934651773084294,1.0
626,4.1000000000000005,-5.8999999999999995,9,Hero,0.6691364778412713,1.0
627,4.1000000000000005,-5.8999999999999995,9,Hero,0.6759369803799523,1.0
628,4.300000000000001,-5.699999999999999,7,Hero,0.7310176619461605,1.0
629,3.3,-6.7,17,Hero,0.588952986194807,1.0
630,4.0,-6.0,10,Hero,0.74058518409729,1.0
631,3.2,-6.8,18,Hero,0.6637804909712739,1.0
632,3.8000000000000007,-6.199999999999999,12,Hero,0.7608044445514679,1.0
633,3.6000000000000005,-6.3999999999999995,14,Hero,0.645350809608187,1.0
634,4.7,-5.3,3,Hero,0.5218395292758942,1.0
635,3.4000000000000004,-6.6,16,Hero,0.7369698677212,1.0
636,3.9000000000000004,-6.1,11,Hero,0.762704021837139,1.0
637,4.1000000000000005,-5.8999999999999995,9,Hero,0.7475794636540942,1.0
638,3.7,-6.3,13,Hero,0.6495958371804311,1.0
639,4.300000000000001,-5.699999999999999,7,Hero,0.6855066035475049,1.0
640,4.0,-6.0,10,Hero,0.6606871753931045,1.0
641,4.300000000000001,-5.699999999999999,7,Hero,0.7309886717370578,1.0
642,3.9000000000000004,-6.1,11,Hero,0.7459631887349215,1.0
643,4.0,-6.0,10,Hero,0.5525686096400022,1.0
644,4.6000000000000005,-5.3999999999999995,4,Hero,0.6922426521778107,1.0
645,3.6000000000000005,-6.3999999999999995,14,Hero,0.6490363499947956,1.0
646,4.2,-5.8,8,Hero,0.8489914834499359,1.0
647,3.7,-6.3,13,Hero,0.762986886386688,1.0
648,3.4000000000000004,-6.6,16,Hero,0.6318007027730346,1.0
649,4.2,-5.8,8,Hero,0.6592216119170189,1.0
650,4.2,-5.8,8,Hero,0.9058171510696411,1.0
651,4.4,-5.6,6,Hero,0.5421988864739736,1.0
652,3.9000000000000004,-6.1,11,Hero,0.7750488231805238,1.0
653,4.6000000000000005,-5.3999999999999995,4,Hero,0.5941113196313381,1.0
654,3.6000000000000005,-6.3999999999999995,14,Hero,0.7325380008135524,1.0
655,3.6000000000000005,-6.3999999999999995,14,Hero,0.723425317555666,1.0
656,3.7,-6.3,13,Hero,0.6522186169257531,1.0
657,4.2,-5.8,8,Hero,0.6545586492866278,1.0
658,4.1000000000000005,-5.8999999999999995,9,Hero,0.9157348473866781,1.0
659,3.7,-6.3,13,Hero,0.7592880725860596,1.0
660,3.8000000000000007,-6.199999999999999,12,Hero,0.7872906482468048,1.0
661,3.6000000000000005,-6.3999999999999995,14,Hero,0.7178003191947937,1.0
662,4.5,-5.5,5,Hero,0.633033037185669,1.0
663,3.6000000000000005,-6.3999999999999995,14,Hero,0.7477784832673413,1.0
664,3.6000000000000005,-6.3999999999999995,14,Hero,0.766966428075518,1.0
665,4.0,-6.0,10,Hero,0.7226020663976669,1.0
666,3.5,-6.5,15,Hero,0.7322064280509949,1.0
667,4.7,-5.3,3,Hero,0.8900471727053324,1.0
668,3.6000000000000005,-6.3999999999999995,14,Hero,0.7314581517130136,1.0
669,3.4000000000000004,-6.6,16,Hero,0.6403327398002148,1.0
670,3.8000000000000007,-6.199999999999999,12,Hero,0.8408725957075754,1.0
671,4.2,-5.8,8,Hero,0.7738827187567949,1.0
672,3.8000000000000007,-6.199999999999999,12,Hero,0.6573210979501406,1.0
673,3.7,-6.3,13,Hero,0.796183861218966,1.0
674,3.8000000000000007,-6.199999999999999,12,Hero,0.6276489646794895,1.0
675,4.2,-5.8,8,Hero,0.9914027974009514,1.0
676,4.6000000000000005,-5.3999999999999995,4,Hero,0.753002205863595,1.0
677,4.0,-6.0,10,Hero,0.6009996697306633,1.0
678,3.9000000000000004,-6.1,11,Hero,0.6864917224103754,1.0
679,3.2,-6.8,18,Hero,0.647726317246755,1.0
680,3.6000000000000005,-6.3999999999999995,14,Hero,0.6963658141238349,1.0
681,4.1000000000000005,-5.8999999999999995,9,Hero,0.9789050552580092,1.0
682,3.9000000000000004,-6.1,11,Hero,0.711446301503615,1.0
683,4.6000000000000005,-5.3999999999999995,4,Hero,0.5801967456936836,1.0
684,4.6000000000000005,-5.3999999999999995,4,Hero,0.6606863625347614,1.0
685,3.5,-6.5,15,Hero,0.6680449803670248,1.0
686,3.5,-6.5,15,Hero,0.7481423920641342,1.0
687,4.1000000000000005,-5.8999999999999995,9,Hero,0.8841793040434519,1.0
688,4.5,-5.5,5,Hero,0.581564974784851,1.0
689,4.2,-5.8,8,Hero,0.5839528106153011,1.0
690,4.2,-5.8,8,Hero,0.716383776627481,1.0
691,-5.3999999999999995,4.6000000000000005,4,Villain,0.5943521857261658,1.0
692,4.1000000000000005,-5.8999999999999995,9,Hero,0.7508936127026876,1.0
693,2.099999999999999,-7.9,29,Hero,0.725669186690758,1.0
694,-5.199999999999999,4.800000000000001,2,Villain,0.307480588555336,0.9999999403953552
695,3.8000000000000007,-6.199999999999999,12,Hero,0.8304870128631592,1.0
696,3.9000000000000004,-6.1,11,Hero,0.7931399643421173,1.0
697,4.9,-5.1,1,Hero,0.8754165172576904,1.0
698,3.9000000000000004,-6.1,11,Hero,0.6338002600453116,1.0
699,4.5,-5.5,5,Hero,0.5691104114055634,1.0
700,4.0,-6.0,10,Hero,0.6671031847596168,1.0
701,4.4,-5.6,6,Hero,0.5974120032042265,1.0
702,4.5,-5.5,5,Hero,0.9927778840065002,1.0
703,3.6000000000000005,-6.3999999999999995,14,Hero,0.6220323432769094,1.0
704,4.2,-5.8,8,Hero,0.7502651670947671,1.0
705,4.2,-5.8,8,Hero,0.8962559700012207,1.0
706,4.0,-6.0,10,Hero,0.8023682653903961,1.0
707,4.0,-6.0,10,Hero,0.7891572058200836,1.0
708,4.5,-5.5,5,Hero,0.7808976888656616,1.0
709,3.8000000000000007,-6.199999999999999,12,Hero,0.7002089079469442,1.0
710,4.2,-5.8,8,Hero,0.6912124194204807,1.0
711,3.4000000000000004,-6.6,16,Hero,0.6709876861423254,1.0
712,3.5,-6.5,15,Hero,0.6599402606487275,1.0
713,3.9000000000000004,-6.1,11,Hero,0.7540840001946146,1.0
714,4.2,-5.8,8,Hero,0.7936930637806654,1.0
715,4.800000000000001,-5.199999999999999,2,Hero,0.9278109669685364,1.0
716,3.6000000000000005,-6.3999999999999995,14,Hero,0.7019409579890115,1.0
717,4.1000000000000005,-5.8999999999999995,9,Hero,0.9604863391982185,1.0
718,4.4,-5.6,6,Hero,0.642681747674942,1.0
719,4.2,-5.8,8,Hero,0.6519907461479306,1.0
720,4.2,-5.8,8,Hero,0.8710448602214456,1.0
721,4.300000000000001,-5.699999999999999,7,Hero,0.5904198586940765,1.0
722,4.9,-5.1,1,Hero,0.9788824915885925,1.0
723,4.5,-5.5,5,Hero,0.9213066697120667,1.0
724,4.6000000000000005,-5.3999999999999995,4,Hero,0.9808477759361267,1.0
725,4.1000000000000005,-5.8999999999999995,9,Hero,0.7674969832102457,1.0
726,4.6000000000000005,-5.3999999999999995,4,Hero,0.8345347493886948,1.0
727,4.7,-5.3,3,Hero,0.9963206648826599,1.0
728,4.2,-5.8,8,Hero,0.6843209508806467,1.0
729,3.8000000000000007,-6.199999999999999,12,Hero,0.7070660342772802,1.0
730,4.1000000000000005,-5.8999999999999995,9,Hero,0.8452632327874502,1.0
731,4.1000000000000005,-5.8999999999999995,9,Hero,0.5671854962905248,1.0
732,3.8000000000000007,-6.199999999999999,12,Hero,0.7959128593405088,1.0
733,4.1000000000000005,-5.8999999999999995,9,Hero,0.9057815869649252,1.0
734,4.0,-6.0,10,Hero,0.6663343638181687,1.0
735,4.1000000000000005,-5.8999999999999995,9,Hero,0.5296947227583991,1.0
736,4.300000000000001,-5.699999999999999,7,Hero,0.9566379615238735,1.0
737,3.9000000000000004,-6.1,11,Hero,0.7982238124717366,1.0
738,4.0,-6.0,10,Hero,0.8922820448875427,1.0
739,3.3,-6.7,17,Hero,0.7097173859091366,1.0
740,4.2,-5.8,8,Hero,0.8002931363880634,1.0
741,4.1000000000000005,-5.8999999999999995,9,Hero,0.6973696334494485,1.0
742,4.300000000000001,-5.699999999999999,7,Hero,0.7966329753398895,1.0
743,4.9,-5.1,1,Hero,0.9460720419883728,1.0
744,3.6000000000000005,-6.3999999999999995,14,Hero,0.7983165255614689,1.0
745,4.0,-6.0,10,Hero,0.7062223672866821,1.0
746,4.6000000000000005,-5.3999999999999995,4,Hero,0.8077883720397949,1.0
747,4.0,-6.0,10,Hero,0.871868497133255,1.0
748,4.0,-6.0,10,Hero,0.788547308743,1.0
749,3.9000000000000004,-6.1,11,Hero,0.7765793461691249,1.0
750,4.300000000000001,-5.699999999999999,7,Hero,0.8907298530851092,1.0
751,4.7,-5.3,3,Hero,0.6955570975939432,1.0
752,4.0,-6.0,10,Hero,0.7243221968412399,1.0
753,4.1000000000000005,-5.8999999999999995,9,Hero,0.9829112158881294,1.0
754,4.9,-5.1,1,Hero,0.9014979600906372,1.0
755,3.4000000000000004,-6.6,16,Hero,0.6802637930959463,1.0
756,4.300000000000001,-5.699999999999999,7,Hero,0.7775297548089709,1.0
757,3.7,-6.3,13,Hero,0.7421447932720184,1.0
758,3.8000000000000007,-6.199999999999999,12,Hero,0.7003502721587817,1.0
759,-5.199999999999999,4.800000000000001,2,Villain,0.9336169958114624,1.0
760,4.2,-5.8,8,Hero,0.9941728934645653,1.0
761,3.4000000000000004,-6.6,16,Hero,0.7950178685132414,1.0
762,3.6000000000000005,-6.3999999999999995,14,Hero,0.7964525467583111,1.0
763,3.4000000000000004,-6.6,16,Hero,0.7961549060419202,1.0
764,3.2,-6.8,18,Hero,0.6526857780603071,1.0
765,4.300000000000001,-5.699999999999999,7,Hero,0.639501541852951,1.0
766,3.6000000000000005,-6.3999999999999995,14,Hero,0.756175948040826,1.0
767,4.1000000000000005,-5.8999999999999995,9,Hero,0.8278542988830142,1.0
768,2.9,-7.1,21,Hero,0.6842125810327984,1.0
769,3.9000000000000004,-6.1,11,Hero,0.7700825116851113,1.0
770,4.7,-5.3,3,Hero,0.6451207598050436,1.0
771,3.7,-6.3,13,Hero,0.7156012207269669,1.0
772,4.2,-5.8,8,Hero,0.9925345927476883,1.0
773,4.0,-6.0,10,Hero,0.9221437335014343,1.0
774,3.7,-6.3,13,Hero,0.7191715865181043,1.0
775,3.8000000000000007,-6.199999999999999,12,Hero,0.7462701300779978,1.0
776,4.300000000000001,-5.699999999999999,7,Hero,0.9922281333378383,1.0
777,4.2,-5.8,8,Hero,0.6109107872471213,1.0
778,3.7,-6.3,13,Hero,0.7367071479272383,1.0
779,4.7,-5.3,3,Hero,0.9351935585339864,1.0
780,4.2,-5.8,8,Hero,0.9088572859764099,1.0
781,3.4000000000000004,-6.6,16,Hero,0.7025701142847538,1.0
782,4.0,-6.0,10,Hero,0.7647947438061238,1.0
783,4.300000000000001,-5.699999999999999,7,Hero,0.9833791766847882,1.0
784,3.9000000000000004,-6.1,11,Hero,0.7973629666323011,1.0
785,4.4,-5.6,6,Hero,0.671478788057963,1.0
786,4.4,-5.6,6,Hero,0.5562198534607887,1.0
787,4.2,-5.8,8,Hero,0.8971943557262421,1.0
788,4.1000000000000005,-5.8999999999999995,9,Hero,0.7703206108676063,1.0
789,3.7,-6.3,13,Hero,0.8218537081892674,1.0
790,4.4,-5.6,6,Hero,0.7633930742740631,1.0
791,4.300000000000001,-5.699999999999999,7,Hero,0.978963451726096,1.0
792,3.3,-6.7,17,Hero,0.7259132169625339,1.0
793,3.7,-6.3,13,Hero,0.6558058319183496,1.0
794,3.9000000000000004,-6.1,11,Hero,0.6293627565557306,1.0
795,3.9000000000000004,-6.1,11,Hero,0.7138911919160322,1.0
796,4.1000000000000005,-5.8999999999999995,9,Hero,0.7525065425369475,1.0
797,4.0,-6.0,10,Hero,0.7248682260513306,1.0
798,4.0,-6.0,10,Hero,0.7757355391979217,1.0
799,4.5,-5.5,5,Hero,0.8151387453079224,1.0
800,4.0,-6.0,10,Hero,0.9118948101997375,1.0
801,3.3,-6.7,17,Hero,0.637551486492157,1.0
802,4.1000000000000005,-5.8999999999999995,9,Hero,0.995031111770206,1.0
803,4.1000000000000005,-5.8999999999999995,9,Hero,0.913110077381134,1.0
804,4.300000000000001,-5.699999999999999,7,Hero,0.8526182100176811,1.0
805,3.2,-6.8,18,Hero,0.7282871339056227,1.0
806,3.9000000000000004,-6.1,11,Hero,0.6982099095528777,1.0
807,4.300000000000001,-5.699999999999999,7,Hero,0.7347516672951835,1.0
808,4.800000000000001,-5.199999999999999,2,Hero,0.8203406929969788,1.0
809,4.0,-6.0,10,Hero,0.7579826114699244,1.0
810,3.6000000000000005,-6.3999999999999995,14,Hero,0.7505413251263755,1.0
811,3.6000000000000005,-6.3999999999999995,14,Hero,0.7355193729911532,1.0
812,4.1000000000000005,-5.8999999999999995,9,Hero,0.7904223402341207,1.0
813,3.6000000000000005,-6.3999999999999995,14,Hero,0.7903359191758292,1.0
814,3.6000000000000005,-6.3999999999999995,14,Hero,0.7156744993158749,1.0
815,4.300000000000001,-5.699999999999999,7,Hero,0.7817169491733823,1.0
816,3.9000000000000004,-6.1,11,Hero,0.7873722016811371,1.0
817,3.6000000000000005,-6.3999999999999995,14,Hero,0.7188414654561451,1.0
818,4.1000000000000005,-5.8999999999999995,9,Hero,0.9291578200128343,1.0
819,3.9000000000000004,-6.1,11,Hero,0.748434379696846,1.0
820,4.1000000000000005,-5.8999999999999995,9,Hero,0.8313667511360513,1.0
821,4.9,-5.1,1,Hero,0.9198870062828064,1.0
822,4.7,-5.3,3,Hero,0.845054566860199,1.0
823,3.2,-6.8,18,Hero,0.8581344154145982,1.0
824,3.8000000000000007,-6.199999999999999,12,Hero,0.8601855983336767,1.0
825,4.0,-6.0,10,Hero,0.5645385265350342,1.0
826,3.6000000000000005,-6.3999999999999995,14,Hero,0.7566079875188214,1.0
827,4.6000000000000005,-5.3999999999999995,4,Hero,0.9930580705404282,1.0
828,4.0,-6.0,10,Hero,0.9220782160758972,1.0
829,-5.1,4.9,1,Villain,0.9648864269256592,1.0
830,4.0,-6.0,10,Hero,0.6303260445594787,1.0
831,3.4000000000000004,-6.6,16,Hero,0.7913465769961476,1.0
832,4.6000000000000005,-5.3999999999999995,4,Hero,0.6443470492959023,1.0
833,4.6000000000000005,-5.3999999999999995,4,Hero,0.7369962530210614,1.0
834,4.4,-5.6,6,Hero,0.7861146119733652,1.0
835,3.3,-6.7,17,Hero,0.7552803185056237,1.0
836,4.0,-6.0,10,Hero,0.7572711564600467,1.0
837,4.1000000000000005,-5.8999999999999995,9,Hero,0.8258042790823512,1.0
838,4.9,-5.1,1,Hero,0.9764233231544495,1.0
839,4.300000000000001,-5.699999999999999,7,Hero,0.7761772296258381,1.0
840,4.6000000000000005,-5.3999999999999995,4,Hero,0.5136827379465103,1.0
841,4.5,-5.5,5,Hero,0.5914294891059398,1.0
842,4.2,-5.8,8,Hero,0.6995361940935254,1.0
843,4.4,-5.6,6,Hero,0.8353985076149305,1.0
844,3.3,-6.7,17,Hero,0.8538092484368998,1.0
845,3.6000000000000005,-6.3999999999999995,14,Hero,0.6764240408582347,1.0
846,4.300000000000001,-5.699999999999999,7,Hero,0.7765803294522422,1.0
847,4.5,-5.5,5,Hero,0.665292888879776,1.0
848,4.4,-5.6,6,Hero,0.8094732537865639,1.0
849,4.0,-6.0,10,Hero,0.7574297338724136,1.0
850,4.300000000000001,-5.699999999999999,7,Hero,0.8429340108164719,1.0
851,4.0,-6.0,10,Hero,0.601101753115654,1.0
852,4.300000000000001,-5.699999999999999,7,Hero,0.7885436713695526,1.0
853,4.0,-6.0,10,Hero,0.842574056982994,1.0
854,4.800000000000001,-5.199999999999999,2,Hero,0.8790466487407684,1.0
855,4.300000000000001,-5.699999999999999,7,Hero,0.5641323179006577,1.0
856,4.0,-6.0,10,Hero,0.7081609904766083,1.0
857,4.6000000000000005,-5.3999999999999995,4,Hero,0.8741589933633804,1.0
858,4.1000000000000005,-5.8999999999999995,9,Hero,0.9868416984875997,1.0
859,4.0,-6.0,10,Hero,0.749614554643631,1.0
860,4.1000000000000005,-5.8999999999999995,9,Hero,0.830077608426412,1.0
861,4.1000000000000005,-5.8999999999999995,9,Hero,0.9840106831656562,1.0
862,4.0,-6.0,10,Hero,0.8585417211055756,1.0
863,-5.3999999999999995,4.6000000000000005,4,Villain,0.995619535446167,1.0
864,3.4000000000000004,-6.6,16,Hero,0.6295796232298017,1.0
865,4.5,-5.5,5,Hero,0.7873539686203003,1.0
866,4.5,-5.5,5,Hero,0.9965350866317749,1.0
867,3.4000000000000004,-6.6,16,Hero,0.8029865282587707,1.0
868,3.8000000000000007,-6.199999999999999,12,Hero,0.6408569663763046,1.0
869,4.5,-5.5,5,Hero,0.9860593199729919,1.0
870,4.4,-5.6,6,Hero,0.8328962624073029,1.0
871,3.8000000000000007,-6.199999999999999,12,Hero,0.7857154371837775,1.0
872,2.5999999999999996,-7.4,24,Hero,0.6778097562491894,1.0
873,3.7,-6.3,13,Hero,0.6789348274469376,1.0
874,3.2,-6.8,18,Hero,0.8282942606343163,1.0
875,3.8000000000000007,-6.199999999999999,12,Hero,0.7650468796491623,1.0
876,4.1000000000000005,-5.8999999999999995,9,Hero,0.5550848543643951,1.0
877,4.0,-6.0,10,Hero,0.7520791530609131,1.0
878,4.2,-5.8,8,Hero,0.8162565678358078,1.0
879,4.2,-5.8,8,Hero,0.6144228810444474,1.0
880,3.2,-6.8,18,Hero,0.6313423406746652,1.0
881,3.6000000000000005,-6.3999999999999995,14,Hero,0.6797411356653486,1.0
882,3.9000000000000004,-6.1,11,Hero,0.7109962539239363,1.0
883,3.8000000000000007,-6.199999999999999,12,Hero,0.7900510132312775,1.0
884,3.6000000000000005,-6.3999999999999995,14,Hero,0.7504949292966298,1.0
885,4.2,-5.8,8,Hero,0.5968378186225891,1.0
886,4.1000000000000005,-5.8999999999999995,9,Hero,0.6409054415093528,1.0
887,3.9000000000000004,-6.1,11,Hero,0.7096548784862865,1.0
888,4.0,-6.0,10,Hero,0.8543799877166748,1.0
889,-5.3,4.7,3,Villain,0.9953245123227438,1.0
890,4.4,-5.6,6,Hero,0.6289829313755035,1.0
891,4.0,-6.0,10,Hero,0.7845887199044228,1.0
892,4.2,-5.8,8,Hero,0.8744244761765003,1.0
893,4.6000000000000005,-5.3999999999999995,4,Hero,0.9251229465007782,1.0
894,4.4,-5.6,6,Hero,0.9751887122790018,1.0
895,4.1000000000000005,-5.8999999999999995,9,Hero,0.8933446341090732,1.0
896,3.3,-6.7,17,Hero,0.7231003780684927,1.0
897,3.8000000000000007,-6.199999999999999,12,Hero,0.627298134068648,1.0
898,4.0,-6.0,10,Hero,0.8476773019880056,1.0
899,4.5,-5.5,5,Hero,0.6460494577884675,1.0
900,3.5,-6.5,15,Hero,0.6848579247792562,1.0
901,3.8000000000000007,-6.199999999999999,12,Hero,0.780860111117363,1.0
902,4.2,-5.8,8,Hero,0.796986497938633,1.0
903,3.7,-6.3,13,Hero,0.7729379649345691,1.0
904,-5.5,4.5,5,Villain,0.49755323827266695,1.0
905,4.7,-5.3,3,Hero,0.6837365726629893,1.0
906,3.9000000000000004,-6.1,11,Hero,0.6397107406096025,1.0
907,3.9000000000000004,-6.1,11,Hero,0.7679768841375004,1.0
908,4.2,-5.8,8,Hero,0.652589101344347,1.0
909,4.300000000000001,-5.699999999999999,7,Hero,0.6907685654503959,1.0
910,3.9000000000000004,-6.1,11,Hero,0.6058296832171354,1.0
911,3.9000000000000004,-6.1,11,Hero,0.7955580922690305,1.0
912,3.8000000000000007,-6.199999999999999,12,Hero,0.7704602802793185,1.0
913,4.4,-5.6,6,Hero,0.8253808816274008,1.0
914,4.4,-5.6,6,Hero,0.8828119337558746,1.0
915,3.8000000000000007,-6.199999999999999,12,Hero,0.7513000965118408,1.0
916,3.8000000000000007,-6.199999999999999,12,Hero,0.7898761220276356,1.0
917,3.9000000000000004,-6.1,11,Hero,0.6250965906815096,1.0
918,4.2,-5.8,8,Hero,0.6461624689400196,1.0
919,4.0,-6.0,10,Hero,0.6881885290145874,1.0
920,3.8000000000000007,-6.199999999999999,12,Hero,0.8503561134760579,1.0
921,3.7,-6.3,13,Hero,0.6651323793026117,1.0
922,3.9000000000000004,-6.1,11,Hero,0.8198623088273135,1.0
923,4.4,-5.6,6,Hero,0.5825743724902471,1.0
924,3.5,-6.5,15,Hero,0.7040438820918401,1.0
925,4.300000000000001,-5.699999999999999,7,Hero,0.8479256800242833,1.0
926,-5.199999999999999,4.800000000000001,2,Villain,0.7856618165969849,1.0
927,4.800000000000001,-5.199999999999999,2,Hero,0.952736884355545,1.0
928,3.8000000000000007,-6.199999999999999,12,Hero,0.8752018387118975,1.0
929,4.800000000000001,-5.199999999999999,2,Hero,0.8359983265399933,1.0
930,4.1000000000000005,-5.8999999999999995,9,Hero,0.71073945860068,1.0
931,3.8000000000000007,-6.199999999999999,12,Hero,0.6466462438305219,1.0
932,3.3,-6.7,17,Hero,0.653471068424337,1.0
933,3.3,-6.7,17,Hero,0.827738896888845,1.0
934,3.7,-6.3,13,Hero,0.5761287900117728,1.0
935,4.6000000000000005,-5.3999999999999995,4,Hero,0.722859725356102,1.0
936,2.6999999999999997,-7.300000000000001,23,Hero,0.7953811851532563,1.0
937,2.9,-7.1,21,Hero,0.6427497494788397,1.0
938,4.1000000000000005,-5.8999999999999995,9,Hero,0.8823425703578525,1.0
939,4.0,-6.0,10,Hero,0.9074324429035187,1.0
940,-5.1,4.9,1,Villain,0.5655925869941711,1.0
941,-5.1,4.9,1,Villain,0.8962643146514893,1.0
942,4.300000000000001,-5.699999999999999,7,Hero,0.7617175195898328,1.0
943,3.2,-6.8,18,Hero,0.7446253995100657,1.0
944,3.2,-6.8,18,Hero,0.7127376645803452,1.0
945,2.9,-7.1,21,Hero,0.6318173922953152,1.0
946,4.1000000000000005,-5.8999999999999995,9,Hero,0.7551951934066083,1.0
947,-5.199999999999999,4.800000000000001,2,Villain,0.5816016644239426,1.0
948,4.6000000000000005,-5.3999999999999995,4,Hero,0.9963895976543427,1.0
949,3.6000000000000005,-6.3999999999999995,14,Hero,0.618497626057693,1.0
950,3.8000000000000007,-6.199999999999999,12,Hero,0.7462040036916733,1.0
951,4.2,-5.8,8,Hero,0.8861289955675602,1.0
952,3.7,-6.3,13,Hero,0.6406075690801327,1.0
953,3.6000000000000005,-6.3999999999999995,14,Hero,0.7500217993344579,1.0
954,3.3,-6.7,17,Hero,0.6456044368884143,1.0
955,3.5,-6.5,15,Hero,0.7647646913925806,1.0
956,3.9000000000000004,-6.1,11,Hero,0.9291675090789795,1.0
957,3.6000000000000005,-6.3999999999999995,14,Hero,0.688128982537559,1.0
958,4.800000000000001,-5.199999999999999,2,Hero,0.7431221604347229,1.0
959,3.0,-7.0,20,Hero,0.6793887265026569,1.0
960,4.4,-5.6,6,Hero,0.7422335594892502,1.0
961,4.300000000000001,-5.699999999999999,7,Hero,0.7039655425718853,1.0
962,3.0,-7.0,20,Hero,0.6398580600507557,1.0
963,3.6000000000000005,-6.3999999999999995,14,Hero,0.6285646632313728,1.0
964,-5.1,4.9,1,Villain,0.9941295385360718,1.0
965,3.0999999999999996,-6.9,19,Hero,0.6739652599943312,1.0
966,4.0,-6.0,10,Hero,0.7621506512165069,1.0
967,3.0,-7.0,20,Hero,0.6961282081902027,1.0
968,3.5,-6.5,15,Hero,0.6949401825666428,1.0
969,3.8000000000000007,-6.199999999999999,12,Hero,0.6734755494981073,1.0
970,4.300000000000001,-5.699999999999999,7,Hero,0.7028031604630607,1.0
971,4.5,-5.5,5,Hero,0.6398859679698944,1.0
972,3.0999999999999996,-6.9,19,Hero,0.6468430796736165,1.0
973,4.300000000000001,-5.699999999999999,7,Hero,0.764225212591035,1.0
974,3.7,-6.3,13,Hero,0.7949909842931308,1.0
975,2.9,-7.1,21,Hero,0.7614405786707288,1.0
976,3.3,-6.7,17,Hero,0.7200676255366382,1.0
977,4.0,-6.0,10,Hero,0.8562918275594711,1.0
978,4.4,-5.6,6,Hero,0.9889761408170065,1.0
979,4.5,-5.5,5,Hero,0.979170846939087,1.0
980,4.9,-5.1,1,Hero,0.6762754917144775,1.0
981,3.5,-6.5,15,Hero,0.653210167090098,1.0
982,4.4,-5.6,6,Hero,0.9065554539362589,1.0
983,3.7,-6.3,13,Hero,0.7464221635690103,1.0
984,4.0,-6.0,10,Hero,0.735408040881157,1.0
985,3.0,-7.0,20,Hero,0.7638319000601769,1.0
986,3.4000000000000004,-6.6,16,Hero,0.7231711782515049,1.0
987,4.300000000000001,-5.699999999999999,7,Hero,0.8336192710059029,1.0
988,3.7,-6.3,13,Hero,0.7547003225638316,1.0
989,4.1000000000000005,-5.8999999999999995,9,Hero,0.8001015881697336,1.0
990,4.4,-5.6,6,Hero,0.8556914130846659,1.0
991,3.7,-6.3,13,Hero,0.7787167842571552,1.0
992,4.2,-5.8,8,Hero,0.9792973026633263,1.0
993,4.5,-5.5,5,Hero,0.9526996612548828,1.0
994,4.1000000000000005,-5.8999999999999995,9,Hero,0.6246205386188295,1.0
995,3.6000000000000005,-6.3999999999999995,14,Hero,0.6144151176725116,1.0
996,4.7,-5.3,3,Hero,0.9610388278961182,1.0
997,4.2,-5.8,8,Hero,0.8086827173829079,1.0
998,4.300000000000001,-5.699999999999999,7,Hero,0.7108316570520401,1.0
999,3.6000000000000005,-6.3999999999999995,14,Hero,0.6760536389691489,1.0
1000,3.5,-6.5,15,Hero,0.6605630725622177,1.0
1001,3.9000000000000004,-6.1,11,Hero,0.9256630431522023,1.0
1002,3.5,-6.5,15,Hero,0.7386223057905833,1.0
1003,3.8000000000000007,-6.199999999999999,12,Hero,0.825582817196846,1.0
1004,3.7,-6.3,13,Hero,0.659562906393638,1.0
1005,4.9,-5.1,1,Hero,0.9013476967811584,1.0
1006,3.4000000000000004,-6.6,16,Hero,0.7734343442134559,1.0
1007,3.9000000000000004,-6.1,11,Hero,0.840947485613552,1.0
1008,3.5,-6.5,15,Hero,0.9420588572820028,1.0
1009,4.4,-5.6,6,Hero,0.6470495015382767,1.0
1010,4.4,-5.6,6,Hero,0.8716371953487396,1.0
1011,3.9000000000000004,-6.1,11,Hero,0.7330568432807922,1.0
1012,4.6000000000000005,-5.3999999999999995,4,Hero,0.9774828553199768,1.0
1013,4.2,-5.8,8,Hero,0.7789499163627625,1.0
1014,4.0,-6.0,10,Hero,0.8933019860647619,1.0
1015,4.300000000000001,-5.699999999999999,7,Hero,0.8102568132536752,1.0
1016,4.0,-6.0,10,Hero,0.9115044713020325,1.0
1017,4.300000000000001,-5.699999999999999,7,Hero,0.8673624055726188,1.0
1018,4.1000000000000005,-5.8999999999999995,9,Hero,0.7045266065332625,1.0
1019,4.4,-5.6,6,Hero,0.9646991590658823,1.0
1020,4.0,-6.0,10,Hero,0.8493909493088723,1.0
1021,3.7,-6.3,13,Hero,0.862659371816195,1.0
1022,4.0,-6.0,10,Hero,0.7924943000078202,1.0
1023,3.9000000000000004,-6.1,11,Hero,0.7474960847334429,1.0
1024,4.4,-5.6,6,Hero,0.8012415965398153,1.0
1025,3.4000000000000004,-6.6,16,Hero,0.7221359494142234,1.0
1026,4.7,-5.3,3,Hero,0.6967137654622396,1.0
1027,4.1000000000000005,-5.8999999999999995,9,Hero,0.7135996715062194,1.0
1028,3.8000000000000007,-6.199999999999999,12,Hero,0.648090697824955,1.0
1029,3.5,-6.5,15,Hero,0.6874084413051605,1.0
1030,4.7,-5.3,3,Hero,0.6782513856887817,1.0
1031,4.2,-5.8,8,Hero,0.7105736210942268,1.0
1032,4.1000000000000005,-5.8999999999999995,9,Hero,0.9753019544813368,1.0
1033,3.8000000000000007,-6.199999999999999,12,Hero,0.6317549409965674,1.0
1034,3.9000000000000004,-6.1,11,Hero,0.8846722191030328,1.0
1035,4.9,-5.1,1,Hero,0.949955403804779,1.0
1036,4.1000000000000005,-5.8999999999999995,9,Hero,0.6532908545600044,1.0
1037,-5.1,4.9,1,Villain,0.792029619216919,1.0
1038,3.4000000000000004,-6.6,16,Hero,0.6974733900278807,1.0
1039,4.1000000000000005,-5.8999999999999995,9,Hero,0.8022021154562632,1.0
1040,3.7,-6.3,13,Hero,0.7703252096588795,1.0
1041,3.9000000000000004,-6.1,11,Hero,0.7139039859175682,1.0
1042,4.1000000000000005,-5.8999999999999995,9,Hero,0.6341122984886169,1.0
1043,3.7,-6.3,13,Hero,0.7651911002512162,1.0
1044,3.6000000000000005,-6.3999999999999995,14,Hero,0.7973758886967387,1.0
1045,4.2,-5.8,8,Hero,0.8385958783328533,1.0
1046,4.0,-6.0,10,Hero,0.8132244765758514,1.0
1047,3.3,-6.7,17,Hero,0.6825886693070916,1.0
1048,4.0,-6.0,10,Hero,0.646878919005394,1.0
1049,3.5,-6.5,15,Hero,0.6883840421835582,1.0
1050,4.1000000000000005,-5.8999999999999995,9,Hero,0.7596972154246436,1.0
1051,4.300000000000001,-5.699999999999999,7,Hero,0.6011723748275212,1.0
1052,3.8000000000000007,-6.199999999999999,12,Hero,0.6857731019457182,1.0
1053,4.0,-6.0,10,Hero,0.8843575417995453,1.0
1054,4.1000000000000005,-5.8999999999999995,9,Hero,0.7388648953702714,1.0
1055,4.5,-5.5,5,Hero,0.6334579095244408,1.0
1056,4.1000000000000005,-5.8999999999999995,9,Hero,0.8789450261327956,1.0
1057,4.1000000000000005,-5.8999999999999995,9,Hero,0.74309969941775,1.0
1058,4.0,-6.0,10,Hero,0.7496901988983155,1.0
1059,4.5,-5.5,5,Hero,0.8840553760528564,1.0
1060,4.1000000000000005,-5.8999999999999995,9,Hero,0.5993654595481025,1.0
1061,4.4,-5.6,6,Hero,0.902854452530543,1.0
1062,4.7,-5.3,3,Hero,0.7206284453471502,1.0
1063,3.9000000000000004,-6.1,11,Hero,0.7290055345405232,1.0
1064,4.2,-5.8,8,Hero,0.9119845554232597,1.0
1065,3.8000000000000007,-6.199999999999999,12,Hero,0.7706169250110785,1.0
1066,4.800000000000001,-5.199999999999999,2,Hero,0.9152098894119263,1.0
1067,3.9000000000000004,-6.1,11,Hero,0.8934350257570093,1.0
1068,4.1000000000000005,-5.8999999999999995,9,Hero,0.9950121773613824,1.0
1069,3.4000000000000004,-6.6,16,Hero,0.6451558205299079,1.0
1070,3.2,-6.8,18,Hero,0.6338899727496836,1.0
1071,4.7,-5.3,3,Hero,0.731812040011088,1.0
1072,4.4,-5.6,6,Hero,0.5252925033370653,1.0
1073,4.4,-5.6,6,Hero,0.9727773666381836,1.0
1074,4.0,-6.0,10,Hero,0.9293739974498749,1.0
1075,4.7,-5.3,3,Hero,0.9575435121854147,1.0
1076,4.4,-5.6,6,Hero,0.6961248392860094,1.0
1077,3.5,-6.5,15,Hero,0.6882672304908435,1.0
1078,4.7,-5.3,3,Hero,0.7469416260719299,1.0
1079,4.2,-5.8,8,Hero,0.9874344766139984,1.0
1080,4.1000000000000005,-5.8999999999999995,9,Hero,0.7179353700743781,1.0
1081,-5.1,4.9,1,Villain,0.9995455145835876,1.0
1082,-5.1,4.9,1,Villain,0.9965711832046509,1.0
1083,3.8000000000000007,-6.199999999999999,12,Hero,0.7881625294685364,1.0
1084,4.0,-6.0,10,Hero,0.9154882580041885,1.0
1085,-5.199999999999999,4.800000000000001,2,Villain,0.7415794730186462,1.0
1086,3.4000000000000004,-6.6,16,Hero,0.6627191943116486,1.0
1087,4.2,-5.8,8,Hero,0.9966122582554817,1.0
1088,4.0,-6.0,10,Hero,0.6462581753730774,1.0
1089,4.300000000000001,-5.699999999999999,7,Hero,0.669370425598962,1.0
1090,3.7,-6.3,13,Hero,0.7823131032861196,1.0
1091,3.0999999999999996,-6.9,19,Hero,0.6127937357676657,1.0
1092,4.800000000000001,-5.199999999999999,2,Hero,0.9962119162082672,1.0
1093,3.9000000000000004,-6.1,11,Hero,0.7797709595073353,1.0
1094,4.0,-6.0,10,Hero,0.6788868993520737,1.0
1095,3.9000000000000004,-6.1,11,Hero,0.8805500079285015,1.0
1096,3.3,-6.7,17,Hero,0.6399343565982931,1.0
1097,3.6000000000000005,-6.3999999999999995,14,Hero,0.7033212610653469,1.0
1098,3.3,-6.7,17,Hero,0.7557598527740029,1.0
1099,3.6000000000000005,-6.3999999999999995,14,Hero,0.757416633622987,1.0
1100,3.0,-7.0,20,Hero,0.6886781834065914,1.0
1101,4.1000000000000005,-5.8999999999999995,9,Hero,0.8328412224849066,1.0
1102,4.4,-5.6,6,Hero,0.6023233979940414,1.0
1103,3.4000000000000004,-6.6,16,Hero,0.6280407411977649,1.0
1104,4.4,-5.6,6,Hero,0.8131615519523621,1.0
1105,4.2,-5.8,8,Hero,0.5788702443242073,1.0
1106,4.0,-6.0,10,Hero,0.8746897965669632,1.0
1107,4.2,-5.8,8,Hero,0.5996513962745667,1.0
1108,4.6000000000000005,-5.3999999999999995,4,Hero,0.5692804343998432,1.0
1109,3.6000000000000005,-6.3999999999999995,14,Hero,0.7298552872879165,1.0
1110,4.4,-5.6,6,Hero,0.6471895885964235,1.0
1111,4.1000000000000005,-5.8999999999999995,9,Hero,0.7545076211293539,1.0
1112,3.9000000000000004,-6.1,11,Hero,0.6902406378225847,1.0
1113,3.3,-6.7,17,Hero,0.6431856444653343,1.0
1114,4.9,-5.1,1,Hero,0.7387990951538086,1.0
1115,4.4,-5.6,6,Hero,0.8345571855703989,1.0
1116,3.8000000000000007,-6.199999999999999,12,Hero,0.801734613875548,1.0
1117,4.2,-5.8,8,Hero,0.6605360470712185,1.0
1118,3.5,-6.5,15,Hero,0.811379533012708,1.0
1119,4.6000000000000005,-5.3999999999999995,4,Hero,0.5051419120281935,1.0
1120,3.6000000000000005,-6.3999999999999995,14,Hero,0.695054971746036,1.0
1121,4.9,-5.1,1,Hero,0.3710010051727295,1.0
1122,4.1000000000000005,-5.8999999999999995,9,Hero,0.7567954262097677,1.0
1123,3.3,-6.7,17,Hero,0.6247958689928055,1.0
1124,4.0,-6.0,10,Hero,0.7939354479312897,1.0
1125,4.2,-5.8,8,Hero,0.8332872129976749,1.0
1126,3.8000000000000007,-6.199999999999999,12,Hero,0.7203407079602281,1.0
1127,3.7,-6.3,13,Hero,0.6616157201620249,1.0
1128,3.3,-6.7,17,Hero,0.7258737665765426,1.0
1129,3.8000000000000007,-6.199999999999999,12,Hero,0.6823881343007088,1.0
1130,3.9000000000000004,-6.1,11,Hero,0.624497034332969,1.0
1131,4.7,-5.3,3,Hero,0.6877965480089188,1.0
1132,3.8000000000000007,-6.199999999999999,12,Hero,0.7195232411225637,1.0
1133,4.0,-6.0,10,Hero,0.8699166983366012,1.0
1134,3.5,-6.5,15,Hero,0.6374035286406676,1.0
1135,4.5,-5.5,5,Hero,0.9843034505844116,1.0
1136,3.5,-6.5,15,Hero,0.7121207306782404,1.0
1137,4.300000000000001,-5.699999999999999,7,Hero,0.9909260102680751,1.0
1138,4.2,-5.8,8,Hero,0.8044675923883915,1.0
1139,4.1000000000000005,-5.8999999999999995,9,Hero,0.767173756327894,1.0
1140,4.2,-5.8,8,Hero,0.7722878847271204,1.0
1141,3.6000000000000005,-6.3999999999999995,14,Hero,0.6998108252882957,1.0
1142,4.0,-6.0,10,Hero,0.7857426166534424,1.0
1143,4.4,-5.6,6,Hero,0.9740585486094157,1.0
1144,4.2,-5.8,8,Hero,0.8905770629644394,1.0
1145,4.0,-6.0,10,Hero,0.7708371192216873,1.0
1146,4.4,-5.6,6,Hero,0.792612741390864,1.0
1147,4.2,-5.8,8,Hero,0.7320132544264197,1.0
1148,4.4,-5.6,6,Hero,0.7205150822798411,1.0
1149,-5.199999999999999,4.800000000000001,2,Villain,0.9975558221340179,1.0
1150,4.4,-5.6,6,Hero,0.6867396930853525,1.0
1151,3.6000000000000005,-6.3999999999999995,14,Hero,0.6990780841026988,1.0
1152,-5.1,4.9,1,Villain,0.8956291079521179,1.0
1153,4.9,-5.1,1,Hero,0.8454475998878479,1.0
1154,4.300000000000001,-5.699999999999999,7,Hero,0.5197385443108422,1.0
1155,4.4,-5.6,6,Hero,0.8042435596386591,1.0
1156,4.7,-5.3,3,Hero,0.6698151230812073,1.0
1157,4.2,-5.8,8,Hero,0.8379145208746195,1.0
1158,3.7,-6.3,13,Hero,0.69549616254293,1.0
1159,4.2,-5.8,8,Hero,0.9838808923959732,1.0
1160,4.300000000000001,-5.699999999999999,7,Hero,0.8207977967602866,1.0
1161,3.3,-6.7,17,Hero,0.6976348643793779,1.0
1162,1.799999999999999,-8.200000000000001,32,Hero,0.830716630560346,1.0
1163,3.6000000000000005,-6.3999999999999995,14,Hero,0.7574748484683889,1.0
1164,3.6000000000000005,-6.3999999999999995,14,Hero,0.8115143972848143,1.0
1165,3.8000000000000007,-6.199999999999999,12,Hero,0.7882271582881609,1.0
1166,4.1000000000000005,-5.8999999999999995,9,Hero,0.7556034309996499,1.0
1167,4.2,-5.8,8,Hero,0.7641121447086334,1.0
1168,3.0999999999999996,-6.9,19,Hero,0.704943060874939,1.0
1169,4.6000000000000005,-5.3999999999999995,4,Hero,0.9907783716917038,1.0
1170,4.2,-5.8,8,Hero,0.9881219416856766,1.0
1171,4.300000000000001,-5.699999999999999,7,Hero,0.9622350079672677,1.0
1172,3.3,-6.7,17,Hero,0.7444827679325553,1.0
1173,3.0999999999999996,-6.9,19,Hero,0.6505156841717268,1.0
1174,3.0999999999999996,-6.9,19,Hero,0.6322854934750419,1.0
1175,4.300000000000001,-5.699999999999999,7,Hero,0.8404281607695988,1.0
1176,4.0,-6.0,10,Hero,0.6547319911420345,1.0
1177,4.6000000000000005,-5.3999999999999995,4,Hero,0.7914443463087082,1.0
1178,3.9000000000000004,-6.1,11,Hero,0.7962202998724851,1.0
1179,4.1000000000000005,-5.8999999999999995,9,Hero,0.7905333936214447,1.0
1180,4.0,-6.0,10,Hero,0.7509272567927837,1.0
1181,3.5,-6.5,15,Hero,0.7076029439767202,1.0
1182,3.3,-6.7,17,Hero,0.6559811900643742,1.0
1183,3.9000000000000004,-6.1,11,Hero,0.8877815712581981,1.0
1184,3.3,-6.7,17,Hero,0.6639335251906339,1.0
1185,4.2,-5.8,8,Hero,0.7001822255551815,1.0
1186,4.4,-5.6,6,Hero,0.7138913869857788,1.0
1187,3.8000000000000007,-6.199999999999999,12,Hero,0.6655292026698589,1.0
1188,3.7,-6.3,13,Hero,0.6033110412267538,1.0
1189,4.2,-5.8,8,Hero,0.7328018359839916,1.0
1190,3.3,-6.7,17,Hero,0.8109584100106183,1.0
1191,3.9000000000000004,-6.1,11,Hero,0.6763905422254042,1.0
1192,3.4000000000000004,-6.6,16,Hero,0.7430490534752607,1.0
1193,4.1000000000000005,-5.8999999999999995,9,Hero,0.9048305153846741,1.0
1194,3.8000000000000007,-6.199999999999999,12,Hero,0.7197966004411379,1.0
1195,3.7,-6.3,13,Hero,0.6519909776174105,1.0
1196,3.8000000000000007,-6.199999999999999,12,Hero,0.8231169134378433,1.0
1197,4.0,-6.0,10,Hero,0.9473327815532684,1.0
1198,4.2,-5.8,8,Hero,0.718588437885046,1.0
1199,3.4000000000000004,-6.6,16,Hero,0.6849269946105778,1.0
1200,4.300000000000001,-5.699999999999999,7,Hero,0.8380402071135384,1.0
1201,4.7,-5.3,3,Hero,0.7583803435166677,1.0
1202,4.1000000000000005,-5.8999999999999995,9,Hero,0.9976728426085578,1.0
1203,3.9000000000000004,-6.1,11,Hero,0.7249374782497232,1.0
1204,4.2,-5.8,8,Hero,0.8399848602712154,1.0
1205,4.7,-5.3,3,Hero,0.8301958441734314,1.0
1206,4.0,-6.0,10,Hero,0.8616266757249832,1.0
1207,3.9000000000000004,-6.1,11,Hero,0.9023082202131097,1.0
1208,3.6000000000000005,-6.3999999999999995,14,Hero,0.8364326023230595,1.0
1209,4.2,-5.8,8,Hero,0.9014548286795616,1.0
1210,4.7,-5.3,3,Hero,0.6380866269270579,1.0
1211,4.9,-5.1,1,Hero,0.8790609836578369,1.0
1212,3.9000000000000004,-6.1,11,Hero,0.7029719190164045,1.0
1213,4.0,-6.0,10,Hero,0.7220118701457977,1.0
1214,3.6000000000000005,-6.3999999999999995,14,Hero,0.8114039780838149,1.0
1215,3.6000000000000005,-6.3999999999999995,14,Hero,0.7892877736261913,1.0
1216,4.300000000000001,-5.699999999999999,7,Hero,0.6257441554750715,1.0
1217,4.300000000000001,-5.699999999999999,7,Hero,0.9914340802601406,1.0
1218,3.4000000000000004,-6.6,16,Hero,0.6378359068185091,1.0
1219,3.8000000000000007,-6.199999999999999,12,Hero,0.7714643950263659,1.0
1220,4.300000000000001,-5.699999999999999,7,Hero,0.9829655715397426,1.0
1221,4.300000000000001,-5.699999999999999,7,Hero,0.8173161915370396,1.0
1222,4.4,-5.6,6,Hero,0.8186697562535604,1.0
1223,4.2,-5.8,8,Hero,0.6719349138438702,1.0
1224,4.2,-5.8,8,Hero,0.7585862805135548,1.0
1225,4.7,-5.3,3,Hero,0.7903953790664673,1.0
1226,4.5,-5.5,5,Hero,0.7084161520004273,1.0
1227,4.6000000000000005,-5.3999999999999995,4,Hero,0.9357614815235138,1.0
1228,3.7,-6.3,13,Hero,0.7986690081082858,1.0
1229,4.0,-6.0,10,Hero,0.8916846662759781,1.0
1230,3.7,-6.3,13,Hero,0.7956271916627884,1.0
1231,4.1000000000000005,-5.8999999999999995,9,Hero,0.8230985320276685,1.0
1232,3.5,-6.5,15,Hero,0.6577895919481913,1.0
1233,4.2,-5.8,8,Hero,0.6589843221008778,1.0
1234,3.2,-6.8,18,Hero,0.6549138894511594,1.0
1235,-5.1,4.9,1,Villain,0.9198436737060547,1.0
1236,4.800000000000001,-5.199999999999999,2,Hero,0.7533398866653442,1.0
1237,3.9000000000000004,-6.1,11,Hero,0.8536990176547657,1.0
1238,4.0,-6.0,10,Hero,0.6155449897050858,1.0
1239,4.2,-5.8,8,Hero,0.7424017563462257,1.0
1240,4.4,-5.6,6,Hero,0.734175555408001,1.0
1241,2.6999999999999997,-7.300000000000001,23,Hero,0.7490486424902211,1.0
1242,4.0,-6.0,10,Hero,0.6359879374504089,1.0
1243,4.5,-5.5,5,Hero,0.8947272300720215,1.0
1244,4.300000000000001,-5.699999999999999,7,Hero,0.7110676297119686,1.0
1245,4.4,-5.6,6,Hero,0.8313869660099348,1.0
1246,3.8000000000000007,-6.199999999999999,12,Hero,0.8326864937941233,1.0
1247,4.5,-5.5,5,Hero,0.8269530534744263,1.0
1248,4.1000000000000005,-5.8999999999999995,9,Hero,0.8560151788923476,1.0
1249,4.2,-5.8,8,Hero,0.8756982609629631,1.0
1250,3.7,-6.3,13,Hero,0.7324435114860535,1.0
1251,3.8000000000000007,-6.199999999999999,12,Hero,0.7076922617852688,1.0
1252,4.0,-6.0,10,Hero,0.9519221007823944,1.0
1253,4.300000000000001,-5.699999999999999,7,Hero,0.9249242118426731,1.0
1254,4.2,-5.8,8,Hero,0.9990516006946564,1.0
1255,4.2,-5.8,8,Hero,0.628739990061149,1.0
1256,3.2,-6.8,18,Hero,0.6382859067784415,1.0
1257,3.9000000000000004,-6.1,11,Hero,0.7190533530983058,1.0
1258,3.7,-6.3,13,Hero,0.6685431691316458,1.0
1259,-5.3,4.7,3,Villain,0.8293503324190775,1.0
1260,4.5,-5.5,5,Hero,0.9991857767105102,1.0
1261,4.1000000000000005,-5.8999999999999995,9,Hero,0.7246738995114962,1.0
1262,4.1000000000000005,-5.8999999999999995,9,Hero,0.7476101815700531,1.0
1263,4.5,-5.5,5,Hero,0.6591995984315873,1.0
1264,4.6000000000000005,-5.3999999999999995,4,Hero,0.7524866238236427,1.0
1265,2.6999999999999997,-7.300000000000001,23,Hero,0.8691171129112658,1.0
1266,3.3,-6.7,17,Hero,0.6814917203258065,1.0
1267,3.8000000000000007,-6.199999999999999,12,Hero,0.7811142106850942,1.0
1268,4.0,-6.0,10,Hero,0.5801092667505146,1.0
1269,4.4,-5.6,6,Hero,0.8905597527821859,1.0
1270,4.1000000000000005,-5.8999999999999995,9,Hero,0.7290589941872491,1.0
1271,3.3,-6.7,17,Hero,0.6952502008746652,1.0
1272,3.4000000000000004,-6.6,16,Hero,0.7496798504143953,1.0
1273,-4.999999999999998,-4.999999999999998,50,None,0.8921578821539878,1.0
1274,4.0,-6.0,10,Hero,0.6619765311479568,1.0
1275,4.0,-6.0,10,Hero,0.6870915204286575,1.0
1276,3.2,-6.8,18,Hero,0.7021733654869927,1.0
1277,4.1000000000000005,-5.8999999999999995,9,Hero,0.7278785241974725,1.0
1278,4.300000000000001,-5.699999999999999,7,Hero,0.8518240792410714,1.0
1279,3.7,-6.3,13,Hero,0.6643204047129705,1.0
1280,4.0,-6.0,10,Hero,0.8376225739717483,1.0
1281,-5.3,4.7,3,Villain,0.450366069873174,1.0
1282,4.4,-5.6,6,Hero,0.9956256846586863,1.0
1283,4.4,-5.6,6,Hero,0.823563148578008,1.0
1284,4.1000000000000005,-5.8999999999999995,9,Hero,0.857568449444241,1.0
1285,3.0999999999999996,-6.9,19,Hero,0.8251351227885798,1.0
1286,4.6000000000000005,-5.3999999999999995,4,Hero,0.7362549901008606,1.0
1287,4.1000000000000005,-5.8999999999999995,9,Hero,0.8842915876044167,1.0
1288,4.300000000000001,-5.699999999999999,7,Hero,0.8095247830663409,1.0
1289,4.5,-5.5,5,Hero,0.7200048208236695,1.0
1290,4.2,-5.8,8,Hero,0.9304339289665222,1.0
1291,4.300000000000001,-5.699999999999999,7,Hero,0.9950892073767525,1.0
1292,4.2,-5.8,8,Hero,0.9134469851851463,1.0
1293,4.0,-6.0,10,Hero,0.9149108052253723,1.0
1294,4.2,-5.8,8,Hero,0.6683596763759851,1.0
1295,-5.1,4.9,1,Villain,0.42502346634864807,1.0
1296,4.6000000000000005,-5.3999999999999995,4,Hero,0.9983900189399719,1.0
1297,4.800000000000001,-5.199999999999999,2,Hero,0.3928995132446289,1.0
1298,3.6000000000000005,-6.3999999999999995,14,Hero,0.9191448773656573,1.0
1299,4.7,-5.3,3,Hero,0.7433922986189524,1.0
1300,4.9,-5.1,1,Hero,0.9256117343902588,1.0
1301,3.8000000000000007,-6.199999999999999,12,Hero,0.8398320029179255,1.0
1302,3.5,-6.5,15,Hero,0.7049747755130132,1.0
1303,4.7,-5.3,3,Hero,0.7010297328233719,1.0
1304,4.1000000000000005,-5.8999999999999995,9,Hero,0.8278188908265697,1.0
1305,3.4000000000000004,-6.6,16,Hero,0.7150677256286144,1.0
1306,3.5,-6.5,15,Hero,0.6608049472173055,1.0
1307,2.8,-7.2,22,Hero,0.8181423781947657,1.0
1308,4.5,-5.5,5,Hero,0.8706573963165283,1.0
1309,4.800000000000001,-5.199999999999999,2,Hero,0.6049057841300964,1.0
1310,3.9000000000000004,-6.1,11,Hero,0.9129773324186151,1.0
1311,4.4,-5.6,6,Hero,0.9598433077335358,1.0
1312,3.8000000000000007,-6.199999999999999,12,Hero,0.8441051344076792,1.0
1313,-5.3,4.7,3,Villain,0.9388479193051656,1.0
1314,3.5,-6.5,15,Hero,0.768024088939031,1.0
1315,4.2,-5.8,8,Hero,0.7507942914962769,1.0
1316,3.8000000000000007,-6.199999999999999,12,Hero,0.7296633049845695,1.0
1317,3.9000000000000004,-6.1,11,Hero,0.8186115554787896,1.0
1318,3.5,-6.5,15,Hero,0.7489145934581757,1.0
1319,-5.3,4.7,3,Villain,0.9458581407864889,1.0
1320,4.300000000000001,-5.699999999999999,7,Hero,0.6368669314043862,1.0
1321,3.2,-6.8,18,Hero,0.8522085241145558,1.0
1322,3.5,-6.5,15,Hero,0.8026675701141357,1.0
1323,3.8000000000000007,-6.199999999999999,12,Hero,0.814299039542675,1.0
1324,3.8000000000000007,-6.199999999999999,12,Hero,0.8732775673270226,1.0
1325,3.5,-6.5,15,Hero,0.6843670000632603,1.0
1326,4.0,-6.0,10,Hero,0.8926449894905091,1.0
1327,4.1000000000000005,-5.8999999999999995,9,Hero,0.6935837864875793,1.0
1328,3.7,-6.3,13,Hero,0.836281975874534,1.0
1329,4.1000000000000005,-5.8999999999999995,9,Hero,0.6399753822220696,1.0
1330,3.9000000000000004,-6.1,11,Hero,0.6538065468723123,1.0
1331,3.2,-6.8,18,Hero,0.7129791999856631,1.0
1332,4.300000000000001,-5.699999999999999,7,Hero,0.6655076401574271,1.0
1333,3.7,-6.3,13,Hero,0.6704984762920783,1.0
1334,3.8000000000000007,-6.199999999999999,12,Hero,0.7476799959937731,1.0
1335,4.0,-6.0,10,Hero,0.7691156268119812,1.0
1336,4.4,-5.6,6,Hero,0.72860087454319,1.0
1337,4.0,-6.0,10,Hero,0.7087185524404049,1.0
1338,4.1000000000000005,-5.8999999999999995,9,Hero,0.6827465320626894,1.0
1339,3.2,-6.8,18,Hero,0.6350415820876757,1.0
1340,4.1000000000000005,-5.8999999999999995,9,Hero,0.7549313339922163,1.0
1341,4.7,-5.3,3,Hero,0.6537234932184219,1.0
1342,3.5,-6.5,15,Hero,0.5990410499274731,1.0
1343,3.5,-6.5,15,Hero,0.8434692626198133,1.0
1344,3.6000000000000005,-6.3999999999999995,14,Hero,0.6970604392034667,1.0
1345,3.7,-6.3,13,Hero,0.6669412346986624,1.0
1346,3.7,-6.3,13,Hero,0.7393586929314412,1.0
1347,3.7,-6.3,13,Hero,0.6912642705899018,1.0
1348,4.7,-5.3,3,Hero,0.9862536787986755,1.0
1349,3.3,-6.7,17,Hero,0.6834255895193886,1.0
1350,3.8000000000000007,-6.199999999999999,12,Hero,0.8224441384275755,1.0
1351,4.6000000000000005,-5.3999999999999995,4,Hero,0.9955049604177475,1.0
1352,4.4,-5.6,6,Hero,0.7012854814529419,1.0
1353,4.1000000000000005,-5.8999999999999995,9,Hero,0.9678063723776076,1.0
1354,4.5,-5.5,5,Hero,0.8826427221298218,1.0
1355,4.300000000000001,-5.699999999999999,7,Hero,0.8814226048333305,1.0
1356,3.8000000000000007,-6.199999999999999,12,Hero,0.702732115983963,1.0
1357,4.2,-5.8,8,Hero,0.791559774428606,1.0
1358,4.300000000000001,-5.699999999999999,7,Hero,0.9918102366583688,1.0
1359,3.2,-6.8,18,Hero,0.6605326106978787,1.0
1360,4.4,-5.6,6,Hero,0.6640315304199854,1.0
1361,4.1000000000000005,-5.8999999999999995,9,Hero,0.8429696776179804,1.0
1362,4.0,-6.0,10,Hero,0.8763364076614379,1.0
1363,4.5,-5.5,5,Hero,0.7853834509849549,1.0
1364,4.0,-6.0,10,Hero,0.9294662535190582,1.0
1365,3.7,-6.3,13,Hero,0.7049761265516281,1.0
1366,3.7,-6.3,13,Hero,0.686986454977439,1.0
1367,4.4,-5.6,6,Hero,0.8989353080590566,1.0
1368,3.5,-6.5,15,Hero,0.6976029654343923,1.0
1369,3.2,-6.8,18,Hero,0.6847316659986973,1.0
1370,4.2,-5.8,8,Hero,0.7771966457366943,1.0
1371,4.4,-5.6,6,Hero,0.7084230408072472,1.0
1372,3.8000000000000007,-6.199999999999999,12,Hero,0.7154470011591911,1.0
1373,4.1000000000000005,-5.8999999999999995,9,Hero,0.6381397909588284,1.0
1374,3.6000000000000005,-6.3999999999999995,14,Hero,0.750678040087223,1.0
1375,3.9000000000000004,-6.1,11,Hero,0.7401929551904852,1.0
1376,4.9,-5.1,1,Hero,0.99664705991745,1.0
1377,3.6000000000000005,-6.3999999999999995,14,Hero,0.7515994203942162,1.0
1378,4.7,-5.3,3,Hero,0.6217922667662302,1.0
1379,4.1000000000000005,-5.8999999999999995,9,Hero,0.8234699567159017,1.0
1380,3.7,-6.3,13,Hero,0.7937827712068191,1.0
1381,4.5,-5.5,5,Hero,0.6981542348861695,1.0
1382,4.0,-6.0,10,Hero,0.7866328082978725,1.0
1383,4.6000000000000005,-5.3999999999999995,4,Hero,0.9972252696752548,1.0
1384,4.6000000000000005,-5.3999999999999995,4,Hero,0.6162217929959297,1.0
1385,4.0,-6.0,10,Hero,0.9429625928401947,1.0
1386,3.5,-6.5,15,Hero,0.7168132623036703,1.0
1387,3.6000000000000005,-6.3999999999999995,14,Hero,0.7300876996346882,1.0
1388,3.5,-6.5,15,Hero,0.7583500760296981,1.0
1389,3.9000000000000004,-6.1,11,Hero,0.8214108185334639,1.0
1390,3.8000000000000007,-6.199999999999999,12,Hero,0.7201195272306601,1.0
1391,4.1000000000000005,-5.8999999999999995,9,Hero,0.9901391002866957,1.0
1392,3.7,-6.3,13,Hero,0.7436418739648966,1.0
1393,4.2,-5.8,8,Hero,0.8213002569973469,1.0
1394,3.9000000000000004,-6.1,11,Hero,0.6299968009645288,1.0
1395,4.0,-6.0,10,Hero,0.8667227357625962,1.0
1396,4.5,-5.5,5,Hero,0.9767045617103577,1.0
1397,4.5,-5.5,5,Hero,0.6465542197227478,1.0
1398,3.3,-6.7,17,Hero,0.6468235120615539,1.0
1399,3.9000000000000004,-6.1,11,Hero,0.7971765697002411,1.0
1400,3.9000000000000004,-6.1,11,Hero,0.7288429249416698,1.0
1401,3.8000000000000007,-6.199999999999999,12,Hero,0.6778221863011519,1.0
1402,3.4000000000000004,-6.6,16,Hero,0.7839424697449431,1.0
1403,4.300000000000001,-5.699999999999999,7,Hero,0.7321963735989162,1.0
1404,3.2,-6.8,18,Hero,0.6841627425617642,1.0
1405,4.7,-5.3,3,Hero,0.8465016484260559,1.0
1406,3.8000000000000007,-6.199999999999999,12,Hero,0.8258064786593119,1.0
1407,3.9000000000000004,-6.1,11,Hero,0.8013119169256904,1.0
1408,3.6000000000000005,-6.3999999999999995,14,Hero,0.6834795325994492,1.0
1409,4.6000000000000005,-5.3999999999999995,4,Hero,0.9646714627742767,1.0
1410,3.7,-6.3,13,Hero,0.7317048655106471,1.0
1411,3.5,-6.5,15,Hero,0.6615719094872474,1.0
1412,4.800000000000001,-5.199999999999999,2,Hero,0.9891054928302765,1.0
1413,4.7,-5.3,3,Hero,0.9769404927889506,1.0
1414,4.7,-5.3,3,Hero,0.7738533218701681,1.0
1415,4.1000000000000005,-5.8999999999999995,9,Hero,0.6901641140381495,1.0
1416,4.1000000000000005,-5.8999999999999995,9,Hero,0.9996360606617398,1.0
1417,4.0,-6.0,10,Hero,0.7589847505092621,1.0
1418,4.9,-5.1,1,Hero,0.7697139978408813,1.0
1419,4.2,-5.8,8,Hero,0.8989256322383881,1.0
1420,3.6000000000000005,-6.3999999999999995,14,Hero,0.6677234800798553,1.0
1421,4.9,-5.1,1,Hero,0.9711706638336182,1.0
1422,3.6000000000000005,-6.3999999999999995,14,Hero,0.6591583559555667,1.0
1423,4.2,-5.8,8,Hero,0.7804194390773773,1.0
1424,-5.1,4.9,1,Villain,0.7676135301589966,1.0
1425,4.0,-6.0,10,Hero,0.943733811378479,1.0
1426,4.300000000000001,-5.699999999999999,7,Hero,0.8707617861883981,1.0
1427,4.5,-5.5,5,Hero,0.7745086431503296,1.0
1428,-5.1,4.9,1,Villain,0.32649561762809753,1.0
1429,3.7,-6.3,13,Hero,0.7938901678873942,1.0
1430,3.9000000000000004,-6.1,11,Hero,0.8063570396466688,1.0
1431,3.5,-6.5,15,Hero,0.7439864158630372,1.0
1432,4.300000000000001,-5.699999999999999,7,Hero,0.9145152228219169,1.0
1433,4.2,-5.8,8,Hero,0.9952134490013123,1.0
1434,4.300000000000001,-5.699999999999999,7,Hero,0.7239046756710324,1.0
1435,4.0,-6.0,10,Hero,0.7984366208314896,1.0
1436,3.7,-6.3,13,Hero,0.7790441329662616,1.0
1437,-5.199999999999999,4.800000000000001,2,Villain,0.9988174438476562,1.0
1438,4.9,-5.1,1,Hero,0.9996812343597412,1.0
1439,4.300000000000001,-5.699999999999999,7,Hero,0.7719654866627285,1.0
1440,4.300000000000001,-5.699999999999999,7,Hero,0.8546727342264993,1.0
1441,4.2,-5.8,8,Hero,0.7868845742195845,1.0
1442,4.6000000000000005,-5.3999999999999995,4,Hero,0.9628238677978516,1.0
1443,3.6000000000000005,-6.3999999999999995,14,Hero,0.6834761032036373,1.0
1444,4.2,-5.8,8,Hero,0.7636811640113592,1.0
1445,3.2,-6.8,18,Hero,0.6543449109627141,1.0
1446,4.4,-5.6,6,Hero,0.6299270018935204,1.0
1447,4.2,-5.8,8,Hero,0.7636195495724678,1.0
1448,3.5,-6.5,15,Hero,0.6778423527876536,1.0
1449,3.9000000000000004,-6.1,11,Hero,0.6992514417930082,1.0
1450,3.7,-6.3,13,Hero,0.8298645552534324,1.0
1451,3.4000000000000004,-6.6,16,Hero,0.7469673044979572,1.0
1452,3.6000000000000005,-6.3999999999999995,14,Hero,0.6839544166411672,1.0
1453,3.7,-6.3,13,Hero,0.8932561530516698,1.0
1454,3.2,-6.8,18,Hero,0.6569214262482193,1.0
1455,4.300000000000001,-5.699999999999999,7,Hero,0.8635141828230449,1.0
1456,4.7,-5.3,3,Hero,0.6429038941860199,1.0
1457,4.1000000000000005,-5.8999999999999995,9,Hero,0.7143935792975955,1.0
1458,3.9000000000000004,-6.1,11,Hero,0.7449773401021957,1.0
1459,3.6000000000000005,-6.3999999999999995,14,Hero,0.6484828836151532,1.0
1460,3.9000000000000004,-6.1,11,Hero,0.7714769406752153,1.0
1461,3.9000000000000004,-6.1,11,Hero,0.8641743389042941,1.0
1462,4.1000000000000005,-5.8999999999999995,9,Hero,0.9824443062146505,1.0
1463,3.9000000000000004,-6.1,11,Hero,0.8147514001889662,1.0
1464,3.7,-6.3,13,Hero,0.7856013958270733,1.0
1465,4.1000000000000005,-5.8999999999999995,9,Hero,0.8957329061296251,1.0
1466,4.6000000000000005,-5.3999999999999995,4,Hero,0.8341503739356995,1.0
1467,4.2,-5.8,8,Hero,0.9040099568665028,1.0
1468,4.2,-5.8,8,Hero,0.9191041514277458,1.0
1469,4.4,-5.6,6,Hero,0.9830352663993835,1.0
1470,4.0,-6.0,10,Hero,0.8404328525066376,1.0
1471,4.1000000000000005,-5.8999999999999995,9,Hero,0.8746557980775833,1.0
1472,4.1000000000000005,-5.8999999999999995,9,Hero,0.8960248596138425,1.0
1473,4.5,-5.5,5,Hero,0.8624107003211975,1.0
1474,4.9,-5.1,1,Hero,0.9492207169532776,1.0
1475,3.0999999999999996,-6.9,19,Hero,0.6968403568393305,1.0
1476,3.8000000000000007,-6.199999999999999,12,Hero,0.735049473742644,1.0
1477,3.6000000000000005,-6.3999999999999995,14,Hero,0.7319850921630859,1.0
1478,4.4,-5.6,6,Hero,0.9802428086598715,1.0
1479,3.7,-6.3,13,Hero,0.8538269033798804,1.0
1480,4.0,-6.0,10,Hero,0.8593361727893353,1.0
1481,4.7,-5.3,3,Hero,0.8554750283559164,1.0
1482,3.5,-6.5,15,Hero,0.6974578479925791,1.0
1483,3.5,-6.5,15,Hero,0.8601559281349183,1.0
1484,4.9,-5.1,1,Hero,0.9963582158088684,1.0
1485,4.5,-5.5,5,Hero,0.9953964114189148,1.0
1486,4.2,-5.8,8,Hero,0.7906486950814724,1.0
1487,3.9000000000000004,-6.1,11,Hero,0.8160433281551708,1.0
1488,4.1000000000000005,-5.8999999999999995,9,Hero,0.941851364241706,1.0
1489,3.5,-6.5,15,Hero,0.7534000893433889,1.0
1490,3.7,-6.3,13,Hero,0.6895152880595281,1.0
1491,4.5,-5.5,5,Hero,0.8972227096557617,1.0
1492,4.300000000000001,-5.699999999999999,7,Hero,0.9992000205176217,1.0
1493,4.2,-5.8,8,Hero,0.9056908488273621,1.0
1494,3.0999999999999996,-6.9,19,Hero,0.7580615862419731,1.0
1495,4.2,-5.8,8,Hero,0.7297507673501968,1.0
1496,4.1000000000000005,-5.8999999999999995,9,Hero,0.7616492410500845,1.0
1497,3.9000000000000004,-6.1,11,Hero,0.7314013865861025,1.0
1498,3.8000000000000007,-6.199999999999999,12,Hero,0.7843666598200798,1.0
1499,4.9,-5.1,1,Hero,0.999733030796051,1.0
1500,4.9,-5.1,1,Hero,0.9995423555374146,1.0
1501,3.7,-6.3,13,Hero,0.7384910276876047,1.0
1502,4.300000000000001,-5.699999999999999,7,Hero,0.6965849442141396,1.0
1503,4.0,-6.0,10,Hero,0.8685140907764435,1.0
1504,4.2,-5.8,8,Hero,0.8471089452505112,1.0
1505,4.300000000000001,-5.699999999999999,7,Hero,0.8699179696185249,1.0
1506,4.300000000000001,-5.699999999999999,7,Hero,0.9887766412326268,1.0
1507,3.6000000000000005,-6.3999999999999995,14,Hero,0.7922636994293758,1.0
1508,4.0,-6.0,10,Hero,0.8495673626661301,1.0
1509,3.9000000000000004,-6.1,11,Hero,0.8899394029920752,1.0
1510,3.7,-6.3,13,Hero,0.7531985296652868,1.0
1511,3.7,-6.3,13,Hero,0.7451754006055685,1.0
1512,4.300000000000001,-5.699999999999999,7,Hero,0.7710402097020831,1.0
1513,3.7,-6.3,13,Hero,0.7053661185961503,1.0
1514,3.6000000000000005,-6.3999999999999995,14,Hero,0.7254824063607624,1.0
1515,4.5,-5.5,5,Hero,0.6821611985564232,1.0
1516,4.300000000000001,-5.699999999999999,7,Hero,0.9149306075913566,1.0
1517,3.7,-6.3,13,Hero,0.7844541147351265,1.0
1518,3.4000000000000004,-6.6,16,Hero,0.8038400765508413,1.0
1519,-5.1,4.9,1,Villain,0.7835050821304321,1.0
1520,4.2,-5.8,8,Hero,0.9983485862612724,1.0
1521,3.8000000000000007,-6.199999999999999,12,Hero,0.765423983335495,1.0
1522,4.0,-6.0,10,Hero,0.8839654594659805,1.0
1523,4.0,-6.0,10,Hero,0.8778103768825531,1.0
1524,3.2,-6.8,18,Hero,0.7215781774785783,1.0
1525,3.6000000000000005,-6.3999999999999995,14,Hero,0.6904188767075539,1.0
1526,3.8000000000000007,-6.199999999999999,12,Hero,0.7370604363580545,1.0
1527,4.2,-5.8,8,Hero,0.8490049131214619,1.0
1528,3.4000000000000004,-6.6,16,Hero,0.6773642939515412,1.0
1529,3.9000000000000004,-6.1,11,Hero,0.7822405858473345,1.0
1530,4.5,-5.5,5,Hero,0.8344176888465882,1.0
1531,4.0,-6.0,10,Hero,0.8356292754411697,1.0
1532,4.0,-6.0,10,Hero,0.6855149624869228,1.0
1533,4.300000000000001,-5.699999999999999,7,Hero,0.9968371220997402,1.0
1534,4.2,-5.8,8,Hero,0.6664262898266315,1.0
1535,3.5,-6.5,15,Hero,0.7668498088916142,1.0
1536,4.4,-5.6,6,Hero,0.9961369037628174,1.0
1537,3.5,-6.5,15,Hero,0.7160383567214013,1.0
1538,3.5,-6.5,15,Hero,0.6904892524083456,1.0
1539,-5.199999999999999,4.800000000000001,2,Villain,0.19186604395508766,1.0
1540,4.9,-5.1,1,Hero,0.9965200424194336,1.0
1541,4.4,-5.6,6,Hero,0.7643852233886719,1.0
1542,4.300000000000001,-5.699999999999999,7,Hero,0.6671008254800525,1.0
1543,3.9000000000000004,-6.1,11,Hero,0.6026006178422407,1.0
1544,4.0,-6.0,10,Hero,0.786269274353981,1.0
1545,4.0,-6.0,10,Hero,0.5881261989474297,1.0
1546,3.8000000000000007,-6.199999999999999,12,Hero,0.6789503755668799,1.0
1547,4.1000000000000005,-5.8999999999999995,9,Hero,0.9271619651052687,1.0
1548,4.300000000000001,-5.699999999999999,7,Hero,0.6516557676451546,1.0
1549,3.7,-6.3,13,Hero,0.7801652401685715,1.0
1550,4.0,-6.0,10,Hero,0.8603169828653335,1.0
1551,3.8000000000000007,-6.199999999999999,12,Hero,0.8290322000781695,1.0
1552,4.1000000000000005,-5.8999999999999995,9,Hero,0.6690597219599618,1.0
1553,4.4,-5.6,6,Hero,0.6722103779514631,1.0
1554,4.0,-6.0,10,Hero,0.94933300614357,1.0
1555,3.0999999999999996,-6.9,19,Hero,0.7011955349068892,1.0
1556,4.800000000000001,-5.199999999999999,2,Hero,0.9811058640480042,1.0
1557,4.1000000000000005,-5.8999999999999995,9,Hero,0.9982480539215935,1.0
1558,4.5,-5.5,5,Hero,0.9976765751838684,1.0
1559,4.5,-5.5,5,Hero,0.9981849074363709,1.0
1560,4.1000000000000005,-5.8999999999999995,9,Hero,0.5935003103481399,1.0
1561,3.6000000000000005,-6.3999999999999995,14,Hero,0.7010865860751697,1.0
1562,4.9,-5.1,1,Hero,0.9947965741157532,1.0
1563,4.5,-5.5,5,Hero,0.6351401239633561,1.0
1564,3.8000000000000007,-6.199999999999999,12,Hero,0.7320027065773805,1.0
1565,4.9,-5.1,1,Hero,0.5316146016120911,1.0
1566,4.1000000000000005,-5.8999999999999995,9,Hero,0.7488241526815627,1.0
1567,3.4000000000000004,-6.6,16,Hero,0.6869592685252428,1.0
1568,4.5,-5.5,5,Hero,0.8502854704856873,1.0
1569,3.8000000000000007,-6.199999999999999,12,Hero,0.8392852048079172,1.0
1570,4.0,-6.0,10,Hero,0.7457279726862908,1.0
1571,4.7,-5.3,3,Hero,0.9653242627779642,1.0
1572,4.7,-5.3,3,Hero,0.8168319265047709,1.0
1573,3.5,-6.5,15,Hero,0.6250387189288934,1.0
1574,3.7,-6.3,13,Hero,0.8159177395013663,1.0
1575,3.3,-6.7,17,Hero,0.839089563664268,1.0
1576,4.1000000000000005,-5.8999999999999995,9,Hero,0.8528171992964215,1.0
1577,4.0,-6.0,10,Hero,0.7837954252958298,1.0
1578,4.0,-6.0,10,Hero,0.5594531387090683,1.0
1579,4.4,-5.6,6,Hero,0.985332598288854,1.0
1580,3.9000000000000004,-6.1,11,Hero,0.7481737312945452,1.0
1581,4.1000000000000005,-5.8999999999999995,9,Hero,0.7829318278365665,1.0
1582,3.5,-6.5,15,Hero,0.7653374175230662,1.0
1583,4.1000000000000005,-5.8999999999999995,9,Hero,0.7649302714400821,1.0
1584,4.300000000000001,-5.699999999999999,7,Hero,0.9064950815268925,1.0
1585,4.4,-5.6,6,Hero,0.7579809923966726,1.0
1586,4.5,-5.5,5,Hero,0.7439119458198548,1.0
1587,3.5,-6.5,15,Hero,0.6982788900534312,1.0
1588,4.0,-6.0,10,Hero,0.8680270045995713,1.0
1589,3.4000000000000004,-6.6,16,Hero,0.740356333553791,1.0
1590,3.3,-6.7,17,Hero,0.7327119287322549,1.0
1591,4.5,-5.5,5,Hero,0.8896810412406921,1.0
1592,4.2,-5.8,8,Hero,0.731469301506877,1.0
1593,4.9,-5.1,1,Hero,0.9938226938247681,1.0
1594,4.4,-5.6,6,Hero,0.802866185704867,1.0
1595,3.8000000000000007,-6.199999999999999,12,Hero,0.8316968927780787,1.0
1596,3.6000000000000005,-6.3999999999999995,14,Hero,0.7255801090172359,1.0
1597,3.4000000000000004,-6.6,16,Hero,0.7407682174816728,1.0
1598,4.2,-5.8,8,Hero,0.5787709318101406,1.0
1599,4.4,-5.6,6,Hero,0.6607544670502344,1.0
1600,3.7,-6.3,13,Hero,0.699371344768084,1.0
1601,4.1000000000000005,-5.8999999999999995,9,Hero,0.7660196158621047,1.0
1602,4.6000000000000005,-5.3999999999999995,4,Hero,0.48806437104940414,1.0
1603,3.9000000000000004,-6.1,11,Hero,0.7957976406270807,1.0
1604,3.8000000000000007,-6.199999999999999,12,Hero,0.806602519005537,1.0
1605,3.3,-6.7,17,Hero,0.7016469586421462,1.0
1606,4.0,-6.0,10,Hero,0.7667014569044113,1.0
1607,3.8000000000000007,-6.199999999999999,12,Hero,0.8810209532578787,1.0
1608,4.300000000000001,-5.699999999999999,7,Hero,0.7710644006729126,1.0
1609,4.0,-6.0,10,Hero,0.7916963845491409,1.0
1610,4.9,-5.1,1,Hero,0.9861404895782471,1.0
1611,4.1000000000000005,-5.8999999999999995,9,Hero,0.7357692668835322,1.0
1612,4.2,-5.8,8,Hero,0.7118140496313572,1.0
1613,3.9000000000000004,-6.1,11,Hero,0.876992258158597,1.0
1614,4.4,-5.6,6,Hero,0.7115420550107956,1.0
1615,4.1000000000000005,-5.8999999999999995,9,Hero,0.8674542539649539,1.0
1616,3.6000000000000005,-6.3999999999999995,14,Hero,0.8118644292865481,1.0
1617,4.5,-5.5,5,Hero,0.972295618057251,1.0
1618,4.9,-5.1,1,Hero,0.9993532299995422,1.0
1619,4.2,-5.8,8,Hero,0.7923466823995113,1.0
1620,4.300000000000001,-5.699999999999999,7,Hero,0.8734467370169503,1.0
1621,4.1000000000000005,-5.8999999999999995,9,Hero,0.6922352115313212,1.0
1622,4.6000000000000005,-5.3999999999999995,4,Hero,0.8284760862588882,1.0
1623,3.6000000000000005,-6.3999999999999995,14,Hero,0.771047657089574,1.0
1624,4.0,-6.0,10,Hero,0.8896069377660751,1.0
1625,4.2,-5.8,8,Hero,0.9960651323199272,1.0
1626,4.300000000000001,-5.699999999999999,7,Hero,0.821527647120612,1.0
1627,3.9000000000000004,-6.1,11,Hero,0.8334877054122362,1.0
1628,4.1000000000000005,-5.8999999999999995,9,Hero,0.7200576435360644,1.0
1629,3.6000000000000005,-6.3999999999999995,14,Hero,0.727633576307978,1.0
1630,4.5,-5.5,5,Hero,0.7823463201522827,1.0
1631,3.7,-6.3,13,Hero,0.8231231914116786,1.0
1632,4.2,-5.8,8,Hero,0.7419479168020189,1.0
1633,4.2,-5.8,8,Hero,0.7792216148227453,1.0
1634,3.6000000000000005,-6.3999999999999995,14,Hero,0.655890340251582,1.0
1635,3.9000000000000004,-6.1,11,Hero,0.8287356753240932,1.0
1636,3.8000000000000007,-6.199999999999999,12,Hero,0.6886229366064072,1.0
1637,4.9,-5.1,1,Hero,0.9456496834754944,1.0
1638,4.9,-5.1,1,Hero,0.9983215928077698,1.0
1639,4.1000000000000005,-5.8999999999999995,9,Hero,0.7642424768871732,1.0
1640,3.8000000000000007,-6.199999999999999,12,Hero,0.6753875787059466,1.0
1641,3.7,-6.3,13,Hero,0.7987993542964642,1.0
1642,3.6000000000000005,-6.3999999999999995,14,Hero,0.7490933005298887,1.0
1643,3.7,-6.3,13,Hero,0.7018262835649344,1.0
1644,4.2,-5.8,8,Hero,0.8511428534984589,1.0
1645,4.5,-5.5,5,Hero,0.7555228784680367,1.0
1646,4.0,-6.0,10,Hero,0.9298684954643249,1.0
1647,4.300000000000001,-5.699999999999999,7,Hero,0.8532434148447854,1.0
1648,4.2,-5.8,8,Hero,0.9433258175849915,1.0
1649,3.6000000000000005,-6.3999999999999995,14,Hero,0.6944082602858543,1.0
1650,4.6000000000000005,-5.3999999999999995,4,Hero,0.8153528273105621,1.0
1651,3.8000000000000007,-6.199999999999999,12,Hero,0.7920435716708502,1.0
1652,4.0,-6.0,10,Hero,0.8271354615688324,1.0
1653,4.2,-5.8,8,Hero,0.8662252854555845,1.0
1654,4.4,-5.6,6,Hero,0.8002482155958811,1.0
1655,4.2,-5.8,8,Hero,0.6509635616093874,1.0
1656,3.6000000000000005,-6.3999999999999995,14,Hero,0.7529865460736411,1.0
1657,4.9,-5.1,1,Hero,0.7089440822601318,1.0
1658,3.8000000000000007,-6.199999999999999,12,Hero,0.8383511677384377,1.0
1659,4.300000000000001,-5.699999999999999,7,Hero,0.7733501600367683,1.0
1660,3.8000000000000007,-6.199999999999999,12,Hero,0.7642136886715889,1.0
1661,3.8000000000000007,-6.199999999999999,12,Hero,0.8531112770239512,1.0
1662,4.4,-5.6,6,Hero,0.9938760995864868,1.0
1663,3.5,-6.5,15,Hero,0.7473835170269012,1.0
1664,4.2,-5.8,8,Hero,0.7569021151866764,1.0
1665,3.9000000000000004,-6.1,11,Hero,0.8497648184949701,1.0
1666,4.1000000000000005,-5.8999999999999995,9,Hero,0.9992035230000814,1.0
1667,3.3,-6.7,17,Hero,0.6133425349698347,1.0
1668,3.4000000000000004,-6.6,16,Hero,0.7084576711058617,1.0
1669,4.2,-5.8,8,Hero,0.7504009460099041,1.0
1670,3.7,-6.3,13,Hero,0.7437124905677942,1.0
1671,4.2,-5.8,8,Hero,0.6497734040021896,1.0
1672,4.5,-5.5,5,Hero,0.6826821863651276,1.0
1673,4.300000000000001,-5.699999999999999,7,Hero,0.9697902202606201,1.0
1674,4.1000000000000005,-5.8999999999999995,9,Hero,0.6570587986045413,1.0
1675,3.7,-6.3,13,Hero,0.7453119525542626,1.0
1676,4.4,-5.6,6,Hero,0.987838864326477,1.0
1677,4.1000000000000005,-5.8999999999999995,9,Hero,0.6609768569469452,1.0
1678,4.4,-5.6,6,Hero,0.7919197132190069,1.0
1679,3.5,-6.5,15,Hero,0.8014798720677694,1.0
1680,3.4000000000000004,-6.6,16,Hero,0.7395793460309505,1.0
1681,4.300000000000001,-5.699999999999999,7,Hero,0.8455322406121663,1.0
1682,3.7,-6.3,13,Hero,0.7458742581881009,1.0
1683,3.9000000000000004,-6.1,11,Hero,0.889321359721097,1.0
1684,4.2,-5.8,8,Hero,0.8775910884141922,1.0
1685,4.6000000000000005,-5.3999999999999995,4,Hero,0.9838079214096069,1.0
1686,4.4,-5.6,6,Hero,0.6901658152540525,1.0
1687,4.7,-5.3,3,Hero,0.7825152178605398,1.0
1688,4.0,-6.0,10,Hero,0.8436304241418838,1.0
1689,4.2,-5.8,8,Hero,0.7540440671145916,1.0
1690,3.2,-6.8,18,Hero,0.7307844857374827,1.0
1691,3.5,-6.5,15,Hero,0.7951653401056925,1.0
1692,3.8000000000000007,-6.199999999999999,12,Hero,0.8000616058707237,1.0
1693,4.6000000000000005,-5.3999999999999995,4,Hero,0.7195561416447163,1.0
1694,3.7,-6.3,13,Hero,0.8030021144793584,1.0
1695,4.2,-5.8,8,Hero,0.9288057386875153,1.0
1696,4.1000000000000005,-5.8999999999999995,9,Hero,0.8221141497294108,1.0
1697,3.6000000000000005,-6.3999999999999995,14,Hero,0.7889677137136459,1.0
1698,4.300000000000001,-5.699999999999999,7,Hero,0.8369523542267936,1.0
1699,4.300000000000001,-5.699999999999999,7,Hero,0.7200846735920224,1.0
1700,4.2,-5.8,8,Hero,0.6716053113341331,1.0
1701,4.6000000000000005,-5.3999999999999995,4,Hero,0.9942793697118759,1.0
1702,3.9000000000000004,-6.1,11,Hero,0.8856581259857524,1.0
1703,4.0,-6.0,10,Hero,0.6891692399978637,1.0
1704,3.8000000000000007,-6.199999999999999,12,Hero,0.7437966118256251,1.0
1705,4.1000000000000005,-5.8999999999999995,9,Hero,0.9419123729070028,1.0
1706,3.6000000000000005,-6.3999999999999995,14,Hero,0.5805622977869851,1.0
1707,3.9000000000000004,-6.1,11,Hero,0.7961763556707989,1.0
1708,4.4,-5.6,6,Hero,0.7507137109835943,1.0
1709,4.0,-6.0,10,Hero,0.9091473937034606,1.0
1710,4.300000000000001,-5.699999999999999,7,Hero,0.8895075874669212,1.0
1711,4.4,-5.6,6,Hero,0.6872897495826086,1.0
1712,4.0,-6.0,10,Hero,0.6557052165269852,1.0
1713,3.9000000000000004,-6.1,11,Hero,0.8016943037509918,1.0
1714,4.4,-5.6,6,Hero,0.5501500715812048,1.0
1715,3.2,-6.8,18,Hero,0.7390850087006887,1.0
1716,3.6000000000000005,-6.3999999999999995,14,Hero,0.7789751866034099,1.0
1717,4.6000000000000005,-5.3999999999999995,4,Hero,0.9217896461486816,1.0
1718,4.2,-5.8,8,Hero,0.9087643511593342,1.0
1719,4.5,-5.5,5,Hero,0.7884411633014679,1.0
1720,4.4,-5.6,6,Hero,0.7936305205027262,1.0
1721,3.7,-6.3,13,Hero,0.7174528516255892,1.0
1722,4.4,-5.6,6,Hero,0.7829654614130656,1.0
1723,4.5,-5.5,5,Hero,0.689385162293911,1.0
1724,3.3,-6.7,17,Hero,0.6787854397998137,1.0
1725,3.4000000000000004,-6.6,16,Hero,0.7435463294386864,1.0
1726,4.300000000000001,-5.699999999999999,7,Hero,0.8535525032452175,1.0
1727,4.1000000000000005,-5.8999999999999995,9,Hero,0.6925848888026344,1.0
1728,3.5,-6.5,15,Hero,0.7926374594370524,1.0
1729,4.4,-5.6,6,Hero,0.8312874293575684,1.0
1730,3.6000000000000005,-6.3999999999999995,14,Hero,0.7206008812811758,1.0
1731,4.2,-5.8,8,Hero,0.993638776242733,1.0
1732,4.2,-5.8,8,Hero,0.8066744152456522,1.0
1733,3.4000000000000004,-6.6,16,Hero,0.7780838143080473,1.0
1734,4.7,-5.3,3,Hero,0.7815732359886169,1.0
1735,4.0,-6.0,10,Hero,0.9209668397903442,1.0
1736,4.0,-6.0,10,Hero,0.8124846577644348,1.0
1737,4.2,-5.8,8,Hero,0.9948313012719154,1.0
1738,3.9000000000000004,-6.1,11,Hero,0.617738894440911,1.0
1739,4.7,-5.3,3,Hero,0.9734587470690409,1.0
1740,3.4000000000000004,-6.6,16,Hero,0.6572344284504652,1.0
1741,3.7,-6.3,13,Hero,0.79057960326855,1.0
1742,3.0999999999999996,-6.9,19,Hero,0.7619285097247676,1.0
1743,4.0,-6.0,10,Hero,0.7928732290863991,1.0
1744,4.4,-5.6,6,Hero,0.755763312180837,1.0
1745,3.8000000000000007,-6.199999999999999,12,Hero,0.7559861813982328,1.0
1746,3.0999999999999996,-6.9,19,Hero,0.639801445760225,1.0
1747,4.7,-5.3,3,Hero,0.900394598642985,1.0
1748,3.3,-6.7,17,Hero,0.6216534268768394,1.0
1749,3.8000000000000007,-6.199999999999999,12,Hero,0.773520757133762,1.0
1750,3.4000000000000004,-6.6,16,Hero,0.677200716920197,1.0
1751,-5.3,4.7,3,Villain,0.5762396603822708,1.0
1752,4.4,-5.6,6,Hero,0.9477890729904175,1.0
1753,4.2,-5.8,8,Hero,0.6843381235376,1.0
1754,3.6000000000000005,-6.3999999999999995,14,Hero,0.8436573924762862,1.0
1755,4.2,-5.8,8,Hero,0.8378946781158447,1.0
1756,4.4,-5.6,6,Hero,0.7476412306229273,1.0
1757,4.300000000000001,-5.699999999999999,7,Hero,0.8661512008735112,1.0
1758,3.7,-6.3,13,Hero,0.7265108949862994,1.0
1759,4.5,-5.5,5,Hero,0.8397256016731263,1.0
1760,4.0,-6.0,10,Hero,0.5670641247183085,1.0
1761,4.2,-5.8,8,Hero,0.8857373408973217,1.0
1762,4.0,-6.0,10,Hero,0.8814052104949951,1.0
1763,3.5,-6.5,15,Hero,0.7291551431020101,1.0
1764,3.3,-6.7,17,Hero,0.8194073578890633,1.0
1765,4.7,-5.3,3,Hero,0.6904296278953552,1.0
1766,3.5,-6.5,15,Hero,0.6949361085891723,1.0
1767,4.1000000000000005,-5.8999999999999995,9,Hero,0.9557499753104316,1.0
1768,3.5,-6.5,15,Hero,0.718350783487161,1.0
1769,3.4000000000000004,-6.6,16,Hero,0.6933435201644897,1.0
1770,3.0,-7.0,20,Hero,0.621702068299055,1.0
1771,3.6000000000000005,-6.3999999999999995,14,Hero,0.8956085358347211,1.0
1772,3.8000000000000007,-6.199999999999999,12,Hero,0.616325261692206,1.0
1773,4.6000000000000005,-5.3999999999999995,4,Hero,0.7878416627645493,1.0
1774,3.7,-6.3,13,Hero,0.6322425340230649,1.0
1775,4.1000000000000005,-5.8999999999999995,9,Hero,0.7636730364627309,1.0
1776,4.2,-5.8,8,Hero,0.5747281461954117,1.0
1777,3.9000000000000004,-6.1,11,Hero,0.8621735843745145,1.0
1778,4.0,-6.0,10,Hero,0.6777560651302338,1.0
1779,4.2,-5.8,8,Hero,0.8174972534179688,1.0
1780,4.2,-5.8,8,Hero,0.9393259659409523,1.0
1781,4.2,-5.8,8,Hero,0.8375297989696264,1.0
1782,3.6000000000000005,-6.3999999999999995,14,Hero,0.7126099637576512,1.0
1783,4.1000000000000005,-5.8999999999999995,9,Hero,0.9770705103874207,1.0
1784,4.2,-5.8,8,Hero,0.7392543777823448,1.0
1785,3.5,-6.5,15,Hero,0.6089004139105479,1.0
1786,4.1000000000000005,-5.8999999999999995,9,Hero,0.700236643354098,1.0
1787,4.4,-5.6,6,Hero,0.8398489840328693,1.0
1788,4.1000000000000005,-5.8999999999999995,9,Hero,0.7261949330568314,1.0
1789,3.8000000000000007,-6.199999999999999,12,Hero,0.8115086443722248,1.0
1790,3.9000000000000004,-6.1,11,Hero,0.9054175506938588,1.0
1791,4.300000000000001,-5.699999999999999,7,Hero,0.9966703568186078,1.0
1792,3.3,-6.7,17,Hero,0.6784205857445212,1.0
1793,4.0,-6.0,10,Hero,0.8065340787172317,1.0
1794,4.4,-5.6,6,Hero,0.8004594047864279,1.0
1795,-5.1,4.9,1,Villain,0.9513788819313049,1.0
1796,2.3999999999999995,-7.6000000000000005,26,Hero,0.8372437286262329,1.0
1797,-5.1,4.9,1,Villain,0.9750697612762451,1.0
1798,3.3,-6.7,17,Hero,0.6263946557746214,1.0
1799,4.1000000000000005,-5.8999999999999995,9,Hero,0.73574973973963,1.0
1800,4.4,-5.6,6,Hero,0.822123701373736,1.0
1801,3.2,-6.8,18,Hero,0.8656954210665491,1.0
1802,3.7,-6.3,13,Hero,0.6911536455154419,1.0
1803,4.0,-6.0,10,Hero,0.6593252539634704,1.0
1804,3.3,-6.7,17,Hero,0.6897987083477133,1.0
1805,3.9000000000000004,-6.1,11,Hero,0.6594802845608104,1.0
1806,3.5,-6.5,15,Hero,0.6871104498704275,1.0
1807,4.7,-5.3,3,Hero,0.719209353129069,1.0
1808,3.9000000000000004,-6.1,11,Hero,0.7648683109066703,1.0
1809,4.300000000000001,-5.699999999999999,7,Hero,0.7284614230905261,1.0
1810,3.9000000000000004,-6.1,11,Hero,0.8234128545631062,1.0
1811,3.3,-6.7,17,Hero,0.7409263831727645,1.0
1812,-4.999999999999998,-4.999999999999998,50,None,0.8695912152528763,1.0
1813,1.899999999999999,-8.100000000000001,31,Hero,0.7358235856217723,1.0
1814,3.8000000000000007,-6.199999999999999,12,Hero,0.8523477464914322,1.0
1815,2.099999999999999,-7.9,29,Hero,0.7598732586564689,1.0
1816,3.0999999999999996,-6.9,19,Hero,0.7871844078365126,1.0
1817,3.3,-6.7,17,Hero,0.7298811709179598,1.0
1818,3.7,-6.3,13,Hero,0.7305242946514716,1.0
1819,4.0,-6.0,10,Hero,0.8186345160007477,1.0
1820,4.1000000000000005,-5.8999999999999995,9,Hero,0.7558789948622385,1.0
1821,3.7,-6.3,13,Hero,0.7534002868028787,1.0
1822,3.8000000000000007,-6.199999999999999,12,Hero,0.769848125676314,1.0
1823,3.8000000000000007,-6.199999999999999,12,Hero,0.7241423850258192,1.0
1824,4.0,-6.0,10,Hero,0.6427824094891548,1.0
1825,4.1000000000000005,-5.8999999999999995,9,Hero,0.6519893043571048,1.0
1826,4.4,-5.6,6,Hero,0.5749980956315994,1.0
1827,4.300000000000001,-5.699999999999999,7,Hero,0.7240975286279406,1.0
1828,4.4,-5.6,6,Hero,0.6720758030811945,1.0
1829,3.4000000000000004,-6.6,16,Hero,0.6916398648172617,1.0
1830,4.2,-5.8,8,Hero,0.7528679221868515,1.0
1831,4.5,-5.5,5,Hero,0.634617704153061,1.0
1832,3.9000000000000004,-6.1,11,Hero,0.8719893991947174,1.0
1833,3.8000000000000007,-6.199999999999999,12,Hero,0.8559238146990538,1.0
1834,3.7,-6.3,13,Hero,0.696286409520186,1.0
1835,3.3,-6.7,17,Hero,0.7907903413562214,1.0
1836,3.5,-6.5,15,Hero,0.6594626386960347,1.0
1837,4.6000000000000005,-5.3999999999999995,4,Hero,0.9482147544622421,1.0
1838,3.4000000000000004,-6.6,16,Hero,0.9275950733572245,1.0
1839,4.300000000000001,-5.699999999999999,7,Hero,0.8710546323231289,1.0
1840,3.8000000000000007,-6.199999999999999,12,Hero,0.7149117762843767,1.0
1841,4.6000000000000005,-5.3999999999999995,4,Hero,0.8628232628107071,1.0
1842,4.6000000000000005,-5.3999999999999995,4,Hero,0.793194442987442,1.0
1843,4.1000000000000005,-5.8999999999999995,9,Hero,0.5983216265837351,1.0
1844,4.1000000000000005,-5.8999999999999995,9,Hero,0.6780121359560225,1.0
1845,4.1000000000000005,-5.8999999999999995,9,Hero,0.606389645073149,1.0
1846,3.2,-6.8,18,Hero,0.6331511789725887,1.0
1847,3.9000000000000004,-6.1,11,Hero,0.8839528912847693,1.0
1848,3.7,-6.3,13,Hero,0.7543380902363703,1.0
1849,3.5,-6.5,15,Hero,0.6570063938697179,1.0
1850,3.4000000000000004,-6.6,16,Hero,0.7055950635112822,1.0
1851,4.4,-5.6,6,Hero,0.7918467968702316,1.0
1852,4.300000000000001,-5.699999999999999,7,Hero,0.8386837286608559,1.0
1853,4.800000000000001,-5.199999999999999,2,Hero,0.6778365075588226,1.0
1854,-5.6,4.4,6,Villain,0.9211127559343973,1.0
1855,3.5,-6.5,15,Hero,0.9407746315002441,1.0
1856,4.1000000000000005,-5.8999999999999995,9,Hero,0.6302729969223341,1.0
1857,3.3,-6.7,17,Hero,0.6656090987517553,1.0
1858,3.9000000000000004,-6.1,11,Hero,0.7519766688346863,1.0
1859,4.4,-5.6,6,Hero,0.6920239080985388,1.0
1860,4.1000000000000005,-5.8999999999999995,9,Hero,0.8167732225524055,1.0
1861,4.300000000000001,-5.699999999999999,7,Hero,0.8435453133923667,1.0
1862,4.9,-5.1,1,Hero,0.6623650193214417,1.0
1863,4.0,-6.0,10,Hero,0.8375047445297241,1.0
1864,3.0999999999999996,-6.9,19,Hero,0.684545182868054,1.0
1865,3.7,-6.3,13,Hero,0.8654103435289401,1.0
1866,3.8000000000000007,-6.199999999999999,12,Hero,0.6163016247252623,1.0
1867,4.7,-5.3,3,Hero,0.7627400954564413,1.0
1868,4.5,-5.5,5,Hero,0.7764027893543244,1.0
1869,4.1000000000000005,-5.8999999999999995,9,Hero,0.9319671591122946,1.0
1870,3.7,-6.3,13,Hero,0.775270381799111,1.0
1871,3.6000000000000005,-6.3999999999999995,14,Hero,0.7300431398408753,1.0
1872,4.9,-5.1,1,Hero,0.8386859893798828,1.0
1873,4.1000000000000005,-5.8999999999999995,9,Hero,0.6378248242868317,1.0
1874,4.300000000000001,-5.699999999999999,7,Hero,0.9794678688049316,1.0
1875,4.1000000000000005,-5.8999999999999995,9,Hero,0.6909806496567197,1.0
1876,3.7,-6.3,13,Hero,0.6741714615088242,1.0
1877,4.4,-5.6,6,Hero,0.984691192706426,1.0
1878,3.8000000000000007,-6.199999999999999,12,Hero,0.6489359581222137,1.0
1879,4.2,-5.8,8,Hero,0.6436476800590754,1.0
1880,4.1000000000000005,-5.8999999999999995,9,Hero,0.993471986717648,1.0
1881,3.4000000000000004,-6.6,16,Hero,0.6246188478544354,1.0
1882,3.7,-6.3,13,Hero,0.7264833198143885,1.0
1883,3.9000000000000004,-6.1,11,Hero,0.7473087527535178,1.0
1884,3.7,-6.3,13,Hero,0.9084219290659978,1.0
1885,3.6000000000000005,-6.3999999999999995,14,Hero,0.8737346295799527,1.0
1886,3.9000000000000004,-6.1,11,Hero,0.8167205446145751,1.0
1887,4.9,-5.1,1,Hero,0.3711843490600586,1.0
1888,3.5,-6.5,15,Hero,0.6455324560403823,1.0
1889,3.5,-6.5,15,Hero,0.6928429007530212,1.0
1890,3.6000000000000005,-6.3999999999999995,14,Hero,0.7041965744325093,1.0
1891,4.2,-5.8,8,Hero,0.6613131258636713,1.0
1892,3.6000000000000005,-6.3999999999999995,14,Hero,0.689354590007237,1.0
1893,4.9,-5.1,1,Hero,0.8589931130409241,1.0
1894,3.7,-6.3,13,Hero,0.5956654296471522,1.0
1895,4.2,-5.8,8,Hero,0.7525050211697817,1.0
1896,4.1000000000000005,-5.8999999999999995,9,Hero,0.7678758667574989,1.0
1897,-5.8,4.2,8,Villain,0.928290031850338,1.0
1898,4.2,-5.8,8,Hero,0.7335187699645758,1.0
1899,4.1000000000000005,-5.8999999999999995,9,Hero,0.813565174738566,1.0
1900,3.9000000000000004,-6.1,11,Hero,0.7102257582274351,1.0
1901,3.3,-6.7,17,Hero,0.6825511928866891,1.0
1902,3.9000000000000004,-6.1,11,Hero,0.9167395830154419,1.0
1903,3.8000000000000007,-6.199999999999999,12,Hero,0.7143867611885071,1.0
1904,4.2,-5.8,8,Hero,0.9056039750576019,1.0
1905,4.4,-5.6,6,Hero,0.6440292447805405,1.0
1906,4.300000000000001,-5.699999999999999,7,Hero,0.8879753351211548,1.0
1907,4.4,-5.6,6,Hero,0.756891280412674,1.0
1908,3.4000000000000004,-6.6,16,Hero,0.6952542783692479,1.0
1909,3.8000000000000007,-6.199999999999999,12,Hero,0.767648865779241,1.0
1910,3.8000000000000007,-6.199999999999999,12,Hero,0.6817244812846184,1.0
1911,3.9000000000000004,-6.1,11,Hero,0.6939462843266401,1.0
1912,3.7,-6.3,13,Hero,0.9321901683623974,1.0
1913,4.0,-6.0,10,Hero,0.8225898340344429,1.0
1914,3.5,-6.5,15,Hero,0.7430664638678233,1.0
1915,3.3,-6.7,17,Hero,0.9259315098033232,1.0
1916,4.2,-5.8,8,Hero,0.9635220989584923,1.0
1917,4.5,-5.5,5,Hero,0.8514884054660797,1.0
1918,4.1000000000000005,-5.8999999999999995,9,Hero,0.6690161062611474,1.0
1919,4.2,-5.8,8,Hero,0.5364983482286334,1.0
1920,4.1000000000000005,-5.8999999999999995,9,Hero,0.6461430556244321,1.0
1921,4.4,-5.6,6,Hero,0.6781308352947235,1.0
1922,4.4,-5.6,6,Hero,0.7730246881643931,1.0
1923,3.6000000000000005,-6.3999999999999995,14,Hero,0.7970851808786392,1.0
1924,-5.5,4.5,5,Villain,0.8896453022956848,1.0
1925,3.8000000000000007,-6.199999999999999,12,Hero,0.7250246970603863,1.0
1926,3.9000000000000004,-6.1,11,Hero,0.8432991125366904,1.0
1927,4.300000000000001,-5.699999999999999,7,Hero,0.6990828854697091,1.0
1928,4.300000000000001,-5.699999999999999,7,Hero,0.738893768617085,1.0
1929,4.7,-5.3,3,Hero,0.9553844531377157,1.0
1930,3.3,-6.7,17,Hero,0.7681823618271771,1.0
1931,3.9000000000000004,-6.1,11,Hero,0.8430775141301141,1.0
1932,4.300000000000001,-5.699999999999999,7,Hero,0.9811291950089591,1.0
1933,4.800000000000001,-5.199999999999999,2,Hero,0.9005767703056335,1.0
1934,3.5,-6.5,15,Hero,0.7062360266844432,1.0
1935,4.5,-5.5,5,Hero,0.8020979404449463,1.0
1936,3.3,-6.7,17,Hero,0.8998985693735235,1.0
1937,3.4000000000000004,-6.6,16,Hero,0.8706483690039022,1.0
1938,4.0,-6.0,10,Hero,0.90444256067276,1.0
1939,4.2,-5.8,8,Hero,0.7012863690033555,1.0
1940,4.1000000000000005,-5.8999999999999995,9,Hero,0.6996562812063429,1.0
1941,3.5,-6.5,15,Hero,0.7204096436500549,1.0
1942,3.6000000000000005,-6.3999999999999995,14,Hero,0.9253041786806924,1.0
1943,3.6000000000000005,-6.3999999999999995,14,Hero,0.7632385641336441,1.0
1944,3.2,-6.8,18,Hero,0.6827126070857048,1.0
1945,3.4000000000000004,-6.6,16,Hero,0.8565463582053781,1.0
1946,3.9000000000000004,-6.1,11,Hero,0.8069435114210303,1.0
1947,3.9000000000000004,-6.1,11,Hero,0.6435735171491449,1.0
1948,4.9,-5.1,1,Hero,0.9092516899108887,1.0
1949,4.0,-6.0,10,Hero,0.8957244515419006,1.0
1950,3.6000000000000005,-6.3999999999999995,14,Hero,0.6523857627596173,1.0
1951,4.5,-5.5,5,Hero,0.9864733934402465,1.0
1952,3.2,-6.8,18,Hero,0.8971719013320075,1.0
1953,4.7,-5.3,3,Hero,0.9514826536178589,1.0
1954,4.1000000000000005,-5.8999999999999995,9,Hero,0.7663910554514991,1.0
1955,4.0,-6.0,10,Hero,0.8706462979316711,1.0
1956,4.0,-6.0,10,Hero,0.7126669049263,1.0
1957,3.4000000000000004,-6.6,16,Hero,0.7399501949548721,1.0
1958,4.2,-5.8,8,Hero,0.9522560834884644,1.0
1959,3.6000000000000005,-6.3999999999999995,14,Hero,0.6713749447039196,1.0
1960,4.5,-5.5,5,Hero,0.7888518363237381,1.0
1961,3.7,-6.3,13,Hero,0.7162651522801473,1.0
1962,3.9000000000000004,-6.1,11,Hero,0.7531691518696871,1.0
1963,3.8000000000000007,-6.199999999999999,12,Hero,0.7876892412702242,1.0
1964,4.0,-6.0,10,Hero,0.7585585385560989,1.0
1965,4.2,-5.8,8,Hero,0.9885314404964447,1.0
1966,4.1000000000000005,-5.8999999999999995,9,Hero,0.9766308069229126,1.0
1967,3.9000000000000004,-6.1,11,Hero,0.6842279820279642,1.0
1968,4.300000000000001,-5.699999999999999,7,Hero,0.8929822104317802,1.0
1969,4.6000000000000005,-5.3999999999999995,4,Hero,0.8081976920366287,1.0
1970,4.1000000000000005,-5.8999999999999995,9,Hero,0.8787387278344896,1.0
1971,4.1000000000000005,-5.8999999999999995,9,Hero,0.7896814478768243,1.0
1972,4.6000000000000005,-5.3999999999999995,4,Hero,0.9020604640245438,1.0
1973,4.6000000000000005,-5.3999999999999995,4,Hero,0.8186076804995537,1.0
1974,-5.1,4.9,1,Villain,0.965961754322052,1.0
1975,3.6000000000000005,-6.3999999999999995,14,Hero,0.6860573164054325,1.0
1976,3.6000000000000005,-6.3999999999999995,14,Hero,0.6527217328548431,1.0
1977,3.2,-6.8,18,Hero,0.6392747743262185,1.0
1978,3.0999999999999996,-6.9,19,Hero,0.6163463733698192,1.0
1979,3.0,-7.0,20,Hero,0.7250154932436998,1.0
1980,3.6000000000000005,-6.3999999999999995,14,Hero,0.6645098796912602,1.0
1981,4.0,-6.0,10,Hero,0.7022380203008651,1.0
1982,3.9000000000000004,-6.1,11,Hero,0.8004747195677324,1.0
1983,4.4,-5.6,6,Hero,0.6983374754587809,1.0
1984,4.4,-5.6,6,Hero,0.6144633144140244,1.0
1985,3.5,-6.5,15,Hero,0.6290793697039286,1.0
1986,4.2,-5.8,8,Hero,0.7052326714619994,1.0
1987,3.7,-6.3,13,Hero,0.7181348433861365,1.0
1988,4.300000000000001,-5.699999999999999,7,Hero,0.841226222791842,1.0
1989,4.1000000000000005,-5.8999999999999995,9,Hero,0.7092334143817425,1.0
1990,3.9000000000000004,-6.1,11,Hero,0.8843448080799796,1.0
1991,3.8000000000000007,-6.199999999999999,12,Hero,0.924718089401722,1.0
1992,4.7,-5.3,3,Hero,0.958487848440806,1.0
1993,3.7,-6.3,13,Hero,0.6631344029536614,1.0
1994,4.0,-6.0,10,Hero,0.8568791329860688,1.0
1995,3.5,-6.5,15,Hero,0.6699926495552063,1.0
1996,3.9000000000000004,-6.1,11,Hero,0.6188919280063022,1.0
1997,4.4,-5.6,6,Hero,0.6686669786771139,1.0
1998,3.9000000000000004,-6.1,11,Hero,0.651893986897035,1.0
1999,4.1000000000000005,-5.8999999999999995,9,Hero,0.8821116454071469,1.0
2000,3.9000000000000004,-6.1,11,Hero,0.6887971623377367,1.0
2001,4.2,-5.8,8,Hero,0.8906209580600262,1.0
2002,3.9000000000000004,-6.1,11,Hero,0.5944291759621013,1.0
2003,4.9,-5.1,1,Hero,0.9017672538757324,1.0
2004,3.5,-6.5,15,Hero,0.7069041336576144,1.0
2005,3.8000000000000007,-6.199999999999999,12,Hero,0.6542647580305735,1.0
2006,4.1000000000000005,-5.8999999999999995,9,Hero,0.7162230273501741,1.0
2007,3.9000000000000004,-6.1,11,Hero,0.8217441656372764,1.0
2008,3.7,-6.3,13,Hero,0.6798293980268332,1.0
2009,4.0,-6.0,10,Hero,0.8599060595035553,1.0
2010,4.4,-5.6,6,Hero,0.7530950432022413,1.0
2011,4.4,-5.6,6,Hero,0.8518986403942108,1.0
2012,4.7,-5.3,3,Hero,0.9589196443557739,1.0
2013,3.9000000000000004,-6.1,11,Hero,0.847793925892223,1.0
2014,3.9000000000000004,-6.1,11,Hero,0.8421223949302327,1.0
2015,3.6000000000000005,-6.3999999999999995,14,Hero,0.7044501160936696,1.0
2016,4.6000000000000005,-5.3999999999999995,4,Hero,0.8665092289447784,1.0
2017,4.1000000000000005,-5.8999999999999995,9,Hero,0.8851640654934777,1.0
2018,3.8000000000000007,-6.199999999999999,12,Hero,0.6877605492870013,1.0
2019,3.9000000000000004,-6.1,11,Hero,0.6241636222059076,1.0
2020,4.800000000000001,-5.199999999999999,2,Hero,0.9719812870025635,1.0
2021,4.1000000000000005,-5.8999999999999995,9,Hero,0.882564965221617,1.0
2022,4.1000000000000005,-5.8999999999999995,9,Hero,0.8557245913479063,1.0
2023,4.0,-6.0,10,Hero,0.8611075416207313,1.0
2024,3.3,-6.7,17,Hero,0.6688016127137577,1.0
2025,4.7,-5.3,3,Hero,0.8256034851074219,1.0
2026,4.0,-6.0,10,Hero,0.9123350530862808,1.0
2027,4.4,-5.6,6,Hero,0.957282563050588,1.0
2028,4.300000000000001,-5.699999999999999,7,Hero,0.8127671735627311,1.0
2029,3.9000000000000004,-6.1,11,Hero,0.6860052645206451,1.0
2030,4.300000000000001,-5.699999999999999,7,Hero,0.6649455257824489,1.0
2031,4.0,-6.0,10,Hero,0.7748070844449103,1.0
2032,3.9000000000000004,-6.1,11,Hero,0.8029967681928114,1.0
2033,3.4000000000000004,-6.6,16,Hero,0.7854592511430383,1.0
2034,3.7,-6.3,13,Hero,0.7906384674402384,1.0
2035,4.300000000000001,-5.699999999999999,7,Hero,0.7444455368178231,1.0
2036,4.6000000000000005,-5.3999999999999995,4,Hero,0.9446469843387604,1.0
2037,4.0,-6.0,10,Hero,0.8760590713238343,1.0
2038,3.8000000000000007,-6.199999999999999,12,Hero,0.7552657028039297,1.0
2039,4.5,-5.5,5,Hero,0.8535589694976806,1.0
2040,4.4,-5.6,6,Hero,0.920323888460795,1.0
2041,4.7,-5.3,3,Hero,0.9525572061538696,1.0
2042,4.4,-5.6,6,Hero,0.6286150912443796,1.0
2043,4.0,-6.0,10,Hero,0.6329248040914536,1.0
2044,3.2,-6.8,18,Hero,0.646820432609982,1.0
2045,-5.1,4.9,1,Villain,0.8289881944656372,1.0
2046,3.9000000000000004,-6.1,11,Hero,0.7263023406267166,1.0
2047,4.0,-6.0,10,Hero,0.8820986092090607,1.0
2048,4.0,-6.0,10,Hero,0.9082007139921189,1.0
2049,3.6000000000000005,-6.3999999999999995,14,Hero,0.6204863871846881,1.0
2050,3.9000000000000004,-6.1,11,Hero,0.736955008723519,1.0
2051,3.9000000000000004,-6.1,11,Hero,0.8178553093563427,1.0
2052,4.0,-6.0,10,Hero,0.9215314984321594,1.0
2053,1.0999999999999983,-8.900000000000002,39,Hero,0.7800218061758921,1.0
2054,4.4,-5.6,6,Hero,0.8830259293317795,1.0
2055,3.4000000000000004,-6.6,16,Hero,0.6601008400321007,1.0
2056,4.4,-5.6,6,Hero,0.6780749907096227,1.0
2057,4.2,-5.8,8,Hero,0.6954337432980537,1.0
2058,3.8000000000000007,-6.199999999999999,12,Hero,0.7559735787411531,1.0
2059,3.9000000000000004,-6.1,11,Hero,0.7511909008026123,1.0
2060,3.7,-6.3,13,Hero,0.6360094948456838,1.0
2061,4.2,-5.8,8,Hero,0.9283890575170517,1.0
2062,4.6000000000000005,-5.3999999999999995,4,Hero,0.810224711894989,1.0
2063,4.0,-6.0,10,Hero,0.9088432133197785,1.0
2064,3.8000000000000007,-6.199999999999999,12,Hero,0.7233128547668457,1.0
2065,3.5,-6.5,15,Hero,0.6613769451777141,1.0
2066,3.4000000000000004,-6.6,16,Hero,0.6558831091970205,1.0
2067,-5.5,4.5,5,Villain,0.847545862197876,1.0
2068,3.5,-6.5,15,Hero,0.7407628923654557,1.0
2069,3.5,-6.5,15,Hero,0.6727087457974752,1.0
2070,4.4,-5.6,6,Hero,0.8905758559703827,1.0
2071,4.2,-5.8,8,Hero,0.9911946356296539,1.0
2072,4.1000000000000005,-5.8999999999999995,9,Hero,0.7856753799650404,1.0
2073,4.300000000000001,-5.699999999999999,7,Hero,0.6895742331232343,1.0
2074,4.2,-5.8,8,Hero,0.8846833631396294,1.0
2075,3.6000000000000005,-6.3999999999999995,14,Hero,0.5785433232252087,1.0
2076,3.8000000000000007,-6.199999999999999,12,Hero,0.7604200343290964,1.0
2077,4.7,-5.3,3,Hero,0.6838037172953287,1.0
2078,-5.1,4.9,1,Villain,0.9872008562088013,1.0
2079,4.1000000000000005,-5.8999999999999995,9,Hero,0.6271150178379483,1.0
2080,3.4000000000000004,-6.6,16,Hero,0.6775838024914265,1.0
2081,4.2,-5.8,8,Hero,0.6659167464822531,1.0
2082,3.7,-6.3,13,Hero,0.8756110736956964,1.0
2083,3.4000000000000004,-6.6,16,Hero,0.6433998990105465,1.0
2084,4.1000000000000005,-5.8999999999999995,9,Hero,0.9982288612259759,1.0
2085,4.800000000000001,-5.199999999999999,2,Hero,0.8971093893051147,1.0
2086,3.9000000000000004,-6.1,11,Hero,0.886022837324576,1.0
2087,2.9,-7.1,21,Hero,0.8224483955474127,1.0
2088,3.8000000000000007,-6.199999999999999,12,Hero,0.7571577727794647,1.0
2089,4.1000000000000005,-5.8999999999999995,9,Hero,0.7104333879219161,1.0
2090,3.4000000000000004,-6.6,16,Hero,0.7273201663047075,1.0
2091,3.9000000000000004,-6.1,11,Hero,0.6683338988911022,1.0
2092,3.9000000000000004,-6.1,11,Hero,0.5962451916526664,1.0
2093,4.800000000000001,-5.199999999999999,2,Hero,0.7720771729946136,1.0
2094,2.4999999999999996,-7.5,25,Hero,0.8089214920997619,1.0
2095,4.5,-5.5,5,Hero,0.7054287731647492,1.0
2096,3.9000000000000004,-6.1,11,Hero,0.7733026810667731,1.0
2097,4.2,-5.8,8,Hero,0.7200818620622158,1.0
2098,4.0,-6.0,10,Hero,0.8103422224521637,1.0
2099,4.5,-5.5,5,Hero,0.7790223717689514,1.0
2100,4.5,-5.5,5,Hero,0.9062493681907654,1.0
2101,4.1000000000000005,-5.8999999999999995,9,Hero,0.7483692732122209,1.0
2102,4.0,-6.0,10,Hero,0.7005788559559732,1.0
2103,4.2,-5.8,8,Hero,0.6817226223647594,1.0
2104,3.8000000000000007,-6.199999999999999,12,Hero,0.7044333058098952,1.0
2105,4.2,-5.8,8,Hero,0.7129009366035461,1.0
2106,3.9000000000000004,-6.1,11,Hero,0.8387395238334482,1.0
2107,4.800000000000001,-5.199999999999999,2,Hero,0.9636042416095734,1.0
2108,4.0,-6.0,10,Hero,0.6278457075357438,1.0
2109,4.1000000000000005,-5.8999999999999995,9,Hero,0.8466869758235084,1.0
2110,3.8000000000000007,-6.199999999999999,12,Hero,0.7223013242085775,1.0
2111,3.7,-6.3,13,Hero,0.6445387401259862,1.0
2112,4.1000000000000005,-5.8999999999999995,9,Hero,0.8460624317328135,1.0
2113,4.1000000000000005,-5.8999999999999995,9,Hero,0.8658932679229312,1.0
2114,3.8000000000000007,-6.199999999999999,12,Hero,0.6787466481328011,1.0
2115,4.6000000000000005,-5.3999999999999995,4,Hero,0.9023606181144714,1.0
2116,3.9000000000000004,-6.1,11,Hero,0.8310227041894739,1.0
2117,3.3,-6.7,17,Hero,0.5883598003317329,1.0
2118,4.300000000000001,-5.699999999999999,7,Hero,0.8629824795893261,1.0
2119,4.1000000000000005,-5.8999999999999995,9,Hero,0.7104370180103514,1.0
2120,4.800000000000001,-5.199999999999999,2,Hero,0.724917471408844,1.0
2121,3.9000000000000004,-6.1,11,Hero,0.6791411638259888,1.0
2122,3.5,-6.5,15,Hero,0.6978095253308614,1.0
2123,3.2,-6.8,18,Hero,0.6201730608526204,1.0
2124,3.9000000000000004,-6.1,11,Hero,0.9116615355014801,1.0
2125,3.8000000000000007,-6.199999999999999,12,Hero,0.5607588340838751,1.0
2126,4.7,-5.3,3,Hero,0.515784760316213,1.0
2127,3.7,-6.3,13,Hero,0.7548231895153339,1.0
2128,4.9,-5.1,1,Hero,0.2661159634590149,1.0
2129,3.6000000000000005,-6.3999999999999995,14,Hero,0.6295475789478847,1.0
2130,3.9000000000000004,-6.1,11,Hero,0.8264574191787026,1.0
2131,3.3,-6.7,17,Hero,0.7193768513115013,1.0
2132,4.0,-6.0,10,Hero,0.7197538763284683,1.0
2133,3.5,-6.5,15,Hero,0.8188611209392548,1.0
2134,4.1000000000000005,-5.8999999999999995,9,Hero,0.9244174228774177,1.0
2135,3.5,-6.5,15,Hero,0.7045672615369161,1.0
2136,3.9000000000000004,-6.1,11,Hero,0.8690351627089761,1.0
2137,4.9,-5.1,1,Hero,0.9473544955253601,1.0
2138,3.4000000000000004,-6.6,16,Hero,0.6297969641163945,1.0
2139,3.8000000000000007,-6.199999999999999,12,Hero,0.7601287414630254,1.0
2140,4.4,-5.6,6,Hero,0.7185787459214529,1.0
2141,3.8000000000000007,-6.199999999999999,12,Hero,0.602267725703617,1.0
2142,4.2,-5.8,8,Hero,0.8611995354294777,1.0
2143,3.3,-6.7,17,Hero,0.6368192977765027,1.0
2144,4.800000000000001,-5.199999999999999,2,Hero,0.9559573531150818,1.0
2145,4.2,-5.8,8,Hero,0.8324642851948738,1.0
2146,4.800000000000001,-5.199999999999999,2,Hero,0.9456276297569275,1.0
2147,4.4,-5.6,6,Hero,0.7964569826920828,1.0
2148,4.0,-6.0,10,Hero,0.8408067852258683,1.0
2149,4.4,-5.6,6,Hero,0.8054210394620895,1.0
2150,3.2,-6.8,18,Hero,0.8271355960104201,1.0
2151,4.5,-5.5,5,Hero,0.7466825604438782,1.0
2152,3.8000000000000007,-6.199999999999999,12,Hero,0.7629676709572474,1.0
2153,3.5,-6.5,15,Hero,0.6537414054075877,1.0
2154,3.6000000000000005,-6.3999999999999995,14,Hero,0.6886097214051655,1.0
2155,4.1000000000000005,-5.8999999999999995,9,Hero,0.6928379303879209,1.0
2156,3.8000000000000007,-6.199999999999999,12,Hero,0.8970178129772345,1.0
2157,3.6000000000000005,-6.3999999999999995,14,Hero,0.9217682353087834,1.0
2158,3.3,-6.7,17,Hero,0.7739250532844487,1.0
2159,4.1000000000000005,-5.8999999999999995,9,Hero,0.8398394717110528,1.0
2160,4.1000000000000005,-5.8999999999999995,9,Hero,0.6276924080318875,1.0
2161,3.7,-6.3,13,Hero,0.6924296732132251,1.0
2162,4.1000000000000005,-5.8999999999999995,9,Hero,0.8240085923009448,1.0
2163,4.9,-5.1,1,Hero,0.9660423994064331,1.0
2164,3.3,-6.7,17,Hero,0.7146285158746383,1.0
2165,3.6000000000000005,-6.3999999999999995,14,Hero,0.7786747642925808,1.0
2166,3.9000000000000004,-6.1,11,Hero,0.8471818132834001,1.0
2167,4.1000000000000005,-5.8999999999999995,9,Hero,0.6694081409109963,1.0
2168,3.3,-6.7,17,Hero,0.7133272228872075,1.0
2169,4.800000000000001,-5.199999999999999,2,Hero,0.9666923582553864,1.0
2170,4.4,-5.6,6,Hero,0.7285299797852834,1.0
2171,4.6000000000000005,-5.3999999999999995,4,Hero,0.7479744404554367,1.0
2172,4.1000000000000005,-5.8999999999999995,9,Hero,0.8819166289435493,1.0
2173,-5.1,4.9,1,Villain,0.6178011298179626,1.0
2174,3.7,-6.3,13,Hero,0.5755820985023792,1.0
2175,4.800000000000001,-5.199999999999999,2,Hero,0.903834193944931,1.0
2176,4.7,-5.3,3,Hero,0.8092119097709656,1.0
2177,-5.5,4.5,5,Villain,0.8192241787910461,1.0
2178,4.1000000000000005,-5.8999999999999995,9,Hero,0.9084495239787631,1.0
2179,4.6000000000000005,-5.3999999999999995,4,Hero,0.5228685662150383,1.0
2180,4.1000000000000005,-5.8999999999999995,9,Hero,0.8339465690983666,1.0
2181,4.6000000000000005,-5.3999999999999995,4,Hero,0.8770988434553146,1.0
2182,4.1000000000000005,-5.8999999999999995,9,Hero,0.77484623177184,1.0
2183,3.8000000000000007,-6.199999999999999,12,Hero,0.7340943366289139,1.0
2184,4.300000000000001,-5.699999999999999,7,Hero,0.8315274225814002,1.0
2185,3.9000000000000004,-6.1,11,Hero,0.5854477442123673,1.0
2186,4.5,-5.5,5,Hero,0.7268592894077301,1.0
2187,3.8000000000000007,-6.199999999999999,12,Hero,0.7370226259032885,1.0
2188,4.0,-6.0,10,Hero,0.916182416677475,1.0
2189,4.4,-5.6,6,Hero,0.8542111814022064,1.0
2190,4.0,-6.0,10,Hero,0.7702110528945922,1.0
2191,4.2,-5.8,8,Hero,0.8936585076153278,1.0
2192,4.1000000000000005,-5.8999999999999995,9,Hero,0.7819825212160746,1.0
2193,4.9,-5.1,1,Hero,0.9194329380989075,1.0
2194,4.4,-5.6,6,Hero,0.9713449776172638,1.0
2195,4.2,-5.8,8,Hero,0.8482733592391014,1.0
2196,3.8000000000000007,-6.199999999999999,12,Hero,0.8448157099386057,1.0
2197,4.9,-5.1,1,Hero,0.9828006029129028,1.0
2198,3.8000000000000007,-6.199999999999999,12,Hero,0.809295829385519,1.0
2199,3.5,-6.5,15,Hero,0.7295660436153412,1.0
2200,4.1000000000000005,-5.8999999999999995,9,Hero,0.7879911926057603,1.0
2201,3.4000000000000004,-6.6,16,Hero,0.7836224166676402,1.0
2202,3.7,-6.3,13,Hero,0.7959761711267325,1.0
2203,4.800000000000001,-5.199999999999999,2,Hero,0.5739471390843391,1.0
2204,3.6000000000000005,-6.3999999999999995,14,Hero,0.6173796933144331,1.0
2205,4.0,-6.0,10,Hero,0.9438275098800659,1.0
2206,3.2,-6.8,18,Hero,0.7898358205954233,1.0
2207,4.0,-6.0,10,Hero,0.7669503867626191,1.0
2208,3.6000000000000005,-6.3999999999999995,14,Hero,0.8736823839800698,1.0
2209,4.4,-5.6,6,Hero,0.7679403920968374,1.0
2210,4.1000000000000005,-5.8999999999999995,9,Hero,0.9914594093958536,1.0
2211,3.7,-6.3,13,Hero,0.797873494716791,1.0
2212,4.0,-6.0,10,Hero,0.8108051538467407,1.0
2213,3.7,-6.3,13,Hero,0.6825251029087946,1.0
2214,3.3,-6.7,17,Hero,0.8070704375996309,1.0
2215,4.9,-5.1,1,Hero,0.9186409115791321,1.0
2216,3.4000000000000004,-6.6,16,Hero,0.7466257130727172,1.0
2217,4.4,-5.6,6,Hero,0.9165345629056295,1.0
2218,4.300000000000001,-5.699999999999999,7,Hero,0.5992475811924253,1.0
2219,4.1000000000000005,-5.8999999999999995,9,Hero,0.679657820198271,1.0
2220,4.5,-5.5,5,Hero,0.981952452659607,1.0
2221,4.5,-5.5,5,Hero,0.6463057041168213,1.0
2222,4.300000000000001,-5.699999999999999,7,Hero,0.9293922185897827,1.0
2223,3.2,-6.8,18,Hero,0.7767358351912763,1.0
2224,3.4000000000000004,-6.6,16,Hero,0.8492698352783918,1.0
2225,4.2,-5.8,8,Hero,0.9203307405114174,1.0
2226,4.6000000000000005,-5.3999999999999995,4,Hero,0.8477229624986649,1.0
2227,4.300000000000001,-5.699999999999999,7,Hero,0.849177999155862,1.0
2228,4.4,-5.6,6,Hero,0.7900420228640238,1.0
2229,4.0,-6.0,10,Hero,0.7586943060159683,1.0
2230,4.1000000000000005,-5.8999999999999995,9,Hero,0.9851138459311591,1.0
2231,4.300000000000001,-5.699999999999999,7,Hero,0.7158633385385785,1.0
2232,4.9,-5.1,1,Hero,0.8806405067443848,1.0
2233,3.4000000000000004,-6.6,16,Hero,0.7092112973332405,1.0
2234,4.4,-5.6,6,Hero,0.681160864730676,1.0
2235,3.5,-6.5,15,Hero,0.8500385825832685,1.0
2236,3.4000000000000004,-6.6,16,Hero,0.826153252273798,1.0
2237,3.7,-6.3,13,Hero,0.8354100665220847,1.0
2238,3.8000000000000007,-6.199999999999999,12,Hero,0.7918879613280296,1.0
2239,4.800000000000001,-5.199999999999999,2,Hero,0.9880548715591431,1.0
2240,4.2,-5.8,8,Hero,0.7425514962524176,1.0
2241,3.2,-6.8,18,Hero,0.6106121691150798,1.0
2242,4.5,-5.5,5,Hero,0.7730145812034607,1.0
2243,4.0,-6.0,10,Hero,0.7832770166918636,1.0
2244,4.2,-5.8,8,Hero,0.881958357989788,1.0
2245,4.0,-6.0,10,Hero,0.8102636277675629,1.0
2246,3.5,-6.5,15,Hero,0.6866109490394592,1.0
2247,3.5,-6.5,15,Hero,0.7023387730121613,1.0
2248,-5.1,4.9,1,Villain,0.8940219283103943,1.0
2249,4.800000000000001,-5.199999999999999,2,Hero,0.5090562775731087,1.0
2250,3.3,-6.7,17,Hero,0.6816695902277442,1.0
2251,3.9000000000000004,-6.1,11,Hero,0.9036952338435433,1.0
2252,2.9,-7.1,21,Hero,0.7916558072680518,1.0
2253,4.0,-6.0,10,Hero,0.949968683719635,1.0
2254,4.1000000000000005,-5.8999999999999995,9,Hero,0.7003607518143125,1.0
2255,4.6000000000000005,-5.3999999999999995,4,Hero,0.9847301691770554,1.0
2256,4.1000000000000005,-5.8999999999999995,9,Hero,0.6966980463928647,1.0
2257,4.7,-5.3,3,Hero,0.8516210118929545,1.0
2258,3.7,-6.3,13,Hero,0.6728530824184418,1.0
2259,3.6000000000000005,-6.3999999999999995,14,Hero,0.6649908678872245,1.0
2260,4.2,-5.8,8,Hero,0.6904248017817736,1.0
2261,4.7,-5.3,3,Hero,0.9364754954973856,1.0
2262,4.1000000000000005,-5.8999999999999995,9,Hero,0.7691551049550375,1.0
2263,4.4,-5.6,6,Hero,0.5237769434849421,1.0
2264,4.1000000000000005,-5.8999999999999995,9,Hero,0.833190404706531,1.0
2265,4.0,-6.0,10,Hero,0.9012533962726593,1.0
2266,3.9000000000000004,-6.1,11,Hero,0.8058767535469749,1.0
2267,4.7,-5.3,3,Hero,0.6723490953445435,1.0
2268,3.8000000000000007,-6.199999999999999,12,Hero,0.9353451033433279,1.0
2269,4.0,-6.0,10,Hero,0.5486402034759521,1.0
2270,4.2,-5.8,8,Hero,0.6977991685271263,1.0
2271,3.9000000000000004,-6.1,11,Hero,0.7891166352412917,1.0
2272,3.8000000000000007,-6.199999999999999,12,Hero,0.7171034763256708,1.0
2273,4.5,-5.5,5,Hero,0.7911247372627258,1.0
2274,4.2,-5.8,8,Hero,0.5543892569839954,1.0
2275,3.9000000000000004,-6.1,11,Hero,0.7917530834674835,1.0
2276,3.7,-6.3,13,Hero,0.9040364302121676,1.0
2277,3.8000000000000007,-6.199999999999999,12,Hero,0.831808265298605,1.0
2278,4.2,-5.8,8,Hero,0.5922482199966908,1.0
2279,3.9000000000000004,-6.1,11,Hero,0.8466913407160477,1.0
2280,4.9,-5.1,1,Hero,0.8196103572845459,1.0
2281,3.5,-6.5,15,Hero,0.9178893049558003,1.0
2282,4.5,-5.5,5,Hero,0.7330079555511475,1.0
2283,3.9000000000000004,-6.1,11,Hero,0.6138235825029287,1.0
2284,3.5,-6.5,15,Hero,0.7453412055969239,1.0
2285,4.1000000000000005,-5.8999999999999995,9,Hero,0.6795710027217865,1.0
2286,3.3,-6.7,17,Hero,0.6145337206475875,1.0
2287,4.300000000000001,-5.699999999999999,7,Hero,0.7489344094480787,1.0
2288,4.1000000000000005,-5.8999999999999995,9,Hero,0.8910203840997484,1.0
2289,4.9,-5.1,1,Hero,0.967359721660614,1.0
2290,4.7,-5.3,3,Hero,0.9620626966158549,1.0
2291,4.2,-5.8,8,Hero,0.844837075099349,1.0
2292,4.2,-5.8,8,Hero,0.6884410222992301,1.0
2293,4.800000000000001,-5.199999999999999,2,Hero,0.9403334558010101,1.0
2294,3.8000000000000007,-6.199999999999999,12,Hero,0.7534302296116948,1.0
2295,4.4,-5.6,6,Hero,0.766469473640124,1.0
2296,4.1000000000000005,-5.8999999999999995,9,Hero,0.8133819434377882,1.0
2297,3.2,-6.8,18,Hero,0.9334849466880163,1.0
2298,4.4,-5.6,6,Hero,0.8506809572378794,1.0
2299,4.1000000000000005,-5.8999999999999995,9,Hero,0.6741145186954074,1.0
2300,3.7,-6.3,13,Hero,0.8433973743365362,1.0
2301,3.9000000000000004,-6.1,11,Hero,0.726772194558924,1.0
2302,4.2,-5.8,8,Hero,0.6069089472293854,1.0
2303,3.9000000000000004,-6.1,11,Hero,0.7016289261254397,1.0
2304,4.5,-5.5,5,Hero,0.9604453921318055,1.0
2305,4.9,-5.1,1,Hero,0.8870018720626831,1.0
2306,4.300000000000001,-5.699999999999999,7,Hero,0.8318708741239139,1.0
2307,3.3,-6.7,17,Hero,0.6844306237557355,1.0
2308,4.1000000000000005,-5.8999999999999995,9,Hero,0.8370455503463745,1.0
2309,3.5,-6.5,15,Hero,0.9252090394496918,1.0
2310,3.0999999999999996,-6.9,19,Hero,0.7317272479596891,1.0
2311,4.0,-6.0,10,Hero,0.8028372824192047,1.0
2312,4.6000000000000005,-5.3999999999999995,4,Hero,0.810571052134037,1.0
2313,4.300000000000001,-5.699999999999999,7,Hero,0.593892610498837,1.0
2314,3.6000000000000005,-6.3999999999999995,14,Hero,0.9333159774541855,1.0
2315,4.9,-5.1,1,Hero,0.8861983418464661,1.0
2316,3.4000000000000004,-6.6,16,Hero,0.8807325642555952,1.0
2317,3.9000000000000004,-6.1,11,Hero,0.7864473208107732,1.0
2318,4.5,-5.5,5,Hero,0.8231015622615814,1.0
2319,4.0,-6.0,10,Hero,0.5860023513436318,1.0
2320,4.7,-5.3,3,Hero,0.940310001373291,1.0
2321,4.300000000000001,-5.699999999999999,7,Hero,0.7469587964670998,1.0
2322,4.2,-5.8,8,Hero,0.9661516845226288,1.0
2323,4.2,-5.8,8,Hero,0.867809304734692,1.0
2324,3.0,-7.0,20,Hero,0.5961224330589175,1.0
2325,3.8000000000000007,-6.199999999999999,12,Hero,0.677824986477693,1.0
2326,4.1000000000000005,-5.8999999999999995,9,Hero,0.8945652180247836,1.0
2327,3.5,-6.5,15,Hero,0.7633224574228128,1.0
2328,4.2,-5.8,8,Hero,0.6170912347733974,1.0
2329,4.6000000000000005,-5.3999999999999995,4,Hero,0.8174002319574356,1.0
2330,4.0,-6.0,10,Hero,0.821047393977642,1.0
2331,4.4,-5.6,6,Hero,0.5490058958530426,1.0
2332,3.6000000000000005,-6.3999999999999995,14,Hero,0.679186787456274,1.0
2333,4.2,-5.8,8,Hero,0.8784785903990269,1.0
2334,3.7,-6.3,13,Hero,0.9060070858551905,1.0
2335,3.8000000000000007,-6.199999999999999,12,Hero,0.7451252285391092,1.0
2336,3.9000000000000004,-6.1,11,Hero,0.8291038789532401,1.0
2337,3.6000000000000005,-6.3999999999999995,14,Hero,0.7957137030150209,1.0
2338,3.9000000000000004,-6.1,11,Hero,0.8666406815702264,1.0
2339,4.300000000000001,-5.699999999999999,7,Hero,0.625044795019286,1.0
2340,4.2,-5.8,8,Hero,0.6332637630403042,1.0
2341,4.4,-5.6,6,Hero,0.9141655961672465,1.0
2342,4.1000000000000005,-5.8999999999999995,9,Hero,0.8228869570626153,1.0
2343,3.7,-6.3,13,Hero,0.728469383258086,1.0
2344,-5.199999999999999,4.800000000000001,2,Villain,0.6397298127412796,1.0
2345,4.0,-6.0,10,Hero,0.6406623363494873,1.0
2346,4.6000000000000005,-5.3999999999999995,4,Hero,0.7198790162801743,1.0
2347,4.800000000000001,-5.199999999999999,2,Hero,0.9855753481388092,1.0
2348,4.300000000000001,-5.699999999999999,7,Hero,0.5735401638916561,1.0
2349,4.800000000000001,-5.199999999999999,2,Hero,0.5496263429522514,1.0
2350,4.0,-6.0,10,Hero,0.6787671238183975,1.0
2351,3.5,-6.5,15,Hero,0.8479788805047671,1.0
2352,4.0,-6.0,10,Hero,0.9297636866569519,1.0
2353,3.7,-6.3,13,Hero,0.7586916914353004,1.0
2354,3.6000000000000005,-6.3999999999999995,14,Hero,0.6592664652104888,1.0
2355,3.4000000000000004,-6.6,16,Hero,0.7302232636138797,1.0
2356,4.6000000000000005,-5.3999999999999995,4,Hero,0.5403486639261246,1.0
2357,3.4000000000000004,-6.6,16,Hero,0.6116943564265966,1.0
2358,3.4000000000000004,-6.6,16,Hero,0.8968396782875061,1.0
2359,4.5,-5.5,5,Hero,0.9939159035682679,1.0
2360,4.5,-5.5,5,Hero,0.5577650010585785,1.0
2361,4.5,-5.5,5,Hero,0.7598375678062439,1.0
2362,4.1000000000000005,-5.8999999999999995,9,Hero,0.8385369578997294,1.0
2363,4.1000000000000005,-5.8999999999999995,9,Hero,0.7727964303145806,1.0
2364,-5.3,4.7,3,Villain,0.8764942487080892,1.0
2365,4.6000000000000005,-5.3999999999999995,4,Hero,0.688849151134491,1.0
2366,3.5,-6.5,15,Hero,0.7013394931952158,1.0
2367,3.6000000000000005,-6.3999999999999995,14,Hero,0.7636935700263295,1.0
2368,4.800000000000001,-5.199999999999999,2,Hero,0.9262214601039886,1.0
2369,4.300000000000001,-5.699999999999999,7,Hero,0.5473910836236817,1.0
2370,3.9000000000000004,-6.1,11,Hero,0.9383644244887612,1.0
2371,3.9000000000000004,-6.1,11,Hero,0.8976396376436407,1.0
2372,3.8000000000000007,-6.199999999999999,12,Hero,0.7663644899924597,1.0
2373,3.6000000000000005,-6.3999999999999995,14,Hero,0.7150234431028366,1.0
2374,4.7,-5.3,3,Hero,0.6798498878876368,1.0
2375,3.8000000000000007,-6.199999999999999,12,Hero,0.8857618160545826,1.0
2376,4.2,-5.8,8,Hero,0.9147293418645859,1.0
2377,4.800000000000001,-5.199999999999999,2,Hero,0.9396037459373474,1.0
2378,4.4,-5.6,6,Hero,0.8527897099653879,1.0
2379,4.1000000000000005,-5.8999999999999995,9,Hero,0.9807763364579942,1.0
2380,4.1000000000000005,-5.8999999999999995,9,Hero,0.6143265743222501,1.0
2381,3.5,-6.5,15,Hero,0.9541623393694559,1.0
2382,3.5,-6.5,15,Hero,0.7393540779749552,1.0
2383,4.1000000000000005,-5.8999999999999995,9,Hero,0.7638783819145627,1.0
2384,4.0,-6.0,10,Hero,0.9265238821506501,1.0
2385,4.0,-6.0,10,Hero,0.9212929129600524,1.0
2386,3.7,-6.3,13,Hero,0.6764502433630136,1.0
2387,4.6000000000000005,-5.3999999999999995,4,Hero,0.9821801632642746,1.0
2388,3.9000000000000004,-6.1,11,Hero,0.939085684039376,1.0
2389,4.2,-5.8,8,Hero,0.992979422211647,1.0
2390,4.1000000000000005,-5.8999999999999995,9,Hero,0.5624398994776938,1.0
2391,3.6000000000000005,-6.3999999999999995,14,Hero,0.9012972308056695,1.0
2392,4.5,-5.5,5,Hero,0.9804973840713501,1.0
2393,4.1000000000000005,-5.8999999999999995,9,Hero,0.7162832551532321,1.0
2394,4.2,-5.8,8,Hero,0.6288038827478886,1.0
2395,3.8000000000000007,-6.199999999999999,12,Hero,0.8004965484142303,1.0
2396,4.9,-5.1,1,Hero,0.530942976474762,1.0
2397,4.300000000000001,-5.699999999999999,7,Hero,0.6012130720274789,1.0
2398,4.300000000000001,-5.699999999999999,7,Hero,0.8477774432727269,1.0
2399,3.5,-6.5,15,Hero,0.7799723982810974,1.0
2400,4.800000000000001,-5.199999999999999,2,Hero,0.5682889670133591,1.0
2401,4.4,-5.6,6,Hero,0.5672462830940882,1.0
2402,-5.199999999999999,4.800000000000001,2,Villain,0.9257407784461975,1.0
2403,3.7,-6.3,13,Hero,0.6332328663422511,1.0
2404,4.7,-5.3,3,Hero,0.8687641421953837,1.0
2405,4.4,-5.6,6,Hero,0.7714799890915552,1.0
2406,4.0,-6.0,10,Hero,0.7563522234559059,1.0
2407,4.0,-6.0,10,Hero,0.6570030555129052,1.0
2408,4.300000000000001,-5.699999999999999,7,Hero,0.8978957491261619,1.0
2409,4.4,-5.6,6,Hero,0.7396970167756081,1.0
2410,4.300000000000001,-5.699999999999999,7,Hero,0.9374994124685015,1.0
2411,4.1000000000000005,-5.8999999999999995,9,Hero,0.8514146142535739,1.0
2412,4.2,-5.8,8,Hero,0.8951476626098156,1.0
2413,3.4000000000000004,-6.6,16,Hero,0.7088113334029913,1.0
2414,4.300000000000001,-5.699999999999999,7,Hero,0.7245691908257348,1.0
2415,4.5,-5.5,5,Hero,0.9896544575691223,1.0
2416,4.1000000000000005,-5.8999999999999995,9,Hero,0.6414278778764937,1.0
2417,3.5,-6.5,15,Hero,0.7764173865318298,1.0
2418,4.7,-5.3,3,Hero,0.7806504567464193,1.0
2419,4.4,-5.6,6,Hero,0.683470219373703,1.0
2420,3.7,-6.3,13,Hero,0.8753018012413611,1.0
2421,3.6000000000000005,-6.3999999999999995,14,Hero,0.706869841686317,1.0
2422,4.1000000000000005,-5.8999999999999995,9,Hero,0.9151269263691373,1.0
2423,4.2,-5.8,8,Hero,0.7237066403031349,1.0
2424,4.6000000000000005,-5.3999999999999995,4,Hero,0.5072539625689387,1.0
2425,4.5,-5.5,5,Hero,0.6827682167291641,1.0
2426,4.6000000000000005,-5.3999999999999995,4,Hero,0.7639306113123894,1.0
2427,4.2,-5.8,8,Hero,0.8311127983033657,1.0
2428,3.9000000000000004,-6.1,11,Hero,0.7069497812878002,1.0
2429,4.5,-5.5,5,Hero,0.6705882906913757,1.0
2430,4.800000000000001,-5.199999999999999,2,Hero,0.983133852481842,1.0
2431,4.300000000000001,-5.699999999999999,7,Hero,0.8809355071612767,1.0
2432,3.5,-6.5,15,Hero,0.6706919143597285,1.0
2433,3.6000000000000005,-6.3999999999999995,14,Hero,0.6685356199741364,1.0
2434,4.2,-5.8,8,Hero,0.8397689238190651,1.0
2435,3.6000000000000005,-6.3999999999999995,14,Hero,0.7597046526415008,1.0
2436,4.4,-5.6,6,Hero,0.7624981353680292,1.0
2437,4.9,-5.1,1,Hero,0.9537611603736877,1.0
2438,4.6000000000000005,-5.3999999999999995,4,Hero,0.8962581902742386,1.0
2439,4.0,-6.0,10,Hero,0.8493703186511994,1.0
2440,4.6000000000000005,-5.3999999999999995,4,Hero,0.9775968343019485,1.0
2441,4.0,-6.0,10,Hero,0.8782044470310211,1.0
2442,4.7,-5.3,3,Hero,0.7328621049722036,1.0
2443,4.0,-6.0,10,Hero,0.8742342889308929,1.0
2444,4.1000000000000005,-5.8999999999999995,9,Hero,0.8411308957470788,1.0
2445,4.6000000000000005,-5.3999999999999995,4,Hero,0.9785123318433762,1.0
2446,4.9,-5.1,1,Hero,0.9769807457923889,1.0
2447,4.9,-5.1,1,Hero,0.9462271332740784,1.0
2448,4.2,-5.8,8,Hero,0.6615194715559483,1.0
2449,3.8000000000000007,-6.199999999999999,12,Hero,0.8064746807018915,1.0
2450,4.0,-6.0,10,Hero,0.9094236016273498,1.0
2451,4.6000000000000005,-5.3999999999999995,4,Hero,0.8637114465236664,1.0
2452,3.8000000000000007,-6.199999999999999,12,Hero,0.7244276665151119,1.0
2453,4.300000000000001,-5.699999999999999,7,Hero,0.6514981644494193,1.0
2454,4.4,-5.6,6,Hero,0.732300091534853,1.0
2455,3.9000000000000004,-6.1,11,Hero,0.7032876935872164,1.0
2456,3.4000000000000004,-6.6,16,Hero,0.6994276461191475,1.0
2457,3.9000000000000004,-6.1,11,Hero,0.6836261837319895,1.0
2458,4.4,-5.6,6,Hero,0.8243778844674429,1.0
2459,4.0,-6.0,10,Hero,0.9150925308465958,1.0
2460,4.1000000000000005,-5.8999999999999995,9,Hero,0.9400932788848877,1.0
2461,4.0,-6.0,10,Hero,0.8731148421764374,1.0
2462,4.1000000000000005,-5.8999999999999995,9,Hero,0.8455789619021945,1.0
2463,4.300000000000001,-5.699999999999999,7,Hero,0.8438898239816938,1.0
2464,4.4,-5.6,6,Hero,0.7771360073238611,1.0
2465,3.8000000000000007,-6.199999999999999,12,Hero,0.8312424719333649,1.0
2466,3.9000000000000004,-6.1,11,Hero,0.6959126076915048,1.0
2467,3.7,-6.3,13,Hero,0.8038887668114442,1.0
2468,4.300000000000001,-5.699999999999999,7,Hero,0.8959396651812962,1.0
2469,3.4000000000000004,-6.6,16,Hero,0.8008058816194534,1.0
2470,4.0,-6.0,10,Hero,0.7539387032389641,1.0
2471,4.2,-5.8,8,Hero,0.9076004847884178,1.0
2472,3.6000000000000005,-6.3999999999999995,14,Hero,0.7653278623308454,1.0
2473,4.1000000000000005,-5.8999999999999995,9,Hero,0.9172128240267435,1.0
2474,4.1000000000000005,-5.8999999999999995,9,Hero,0.8816887223058276,1.0
2475,3.3,-6.7,17,Hero,0.8100367337465286,1.0
2476,4.2,-5.8,8,Hero,0.7576337531208992,1.0
2477,4.0,-6.0,10,Hero,0.7807586848735809,1.0
2478,4.6000000000000005,-5.3999999999999995,4,Hero,0.8196994811296463,1.0
2479,3.5,-6.5,15,Hero,0.7604421834150951,1.0
2480,3.9000000000000004,-6.1,11,Hero,0.7060060518031771,1.0
2481,4.800000000000001,-5.199999999999999,2,Hero,0.9473174512386322,1.0
2482,-5.1,4.9,1,Villain,0.7637184858322144,1.0
2483,3.7,-6.3,13,Hero,0.7428550788989434,1.0
2484,4.4,-5.6,6,Hero,0.720692902803421,1.0
2485,4.4,-5.6,6,Hero,0.7199424505233765,1.0
2486,4.9,-5.1,1,Hero,0.6674208641052246,1.0
2487,3.5,-6.5,15,Hero,0.7100154027342797,1.0
2488,3.6000000000000005,-6.3999999999999995,14,Hero,0.6911905791078296,1.0
2489,4.4,-5.6,6,Hero,0.9577143589655558,1.0
2490,4.1000000000000005,-5.8999999999999995,9,Hero,0.8366412967443466,1.0
2491,3.9000000000000004,-6.1,11,Hero,0.8884454965591431,1.0
2492,4.6000000000000005,-5.3999999999999995,4,Hero,0.9781692177057266,1.0
2493,3.4000000000000004,-6.6,16,Hero,0.6488980054855347,1.0
2494,4.2,-5.8,8,Hero,0.6999282017350197,1.0
2495,4.800000000000001,-5.199999999999999,2,Hero,0.5906307846307755,1.0
2496,4.5,-5.5,5,Hero,0.7855949640274048,1.0
2497,4.1000000000000005,-5.8999999999999995,9,Hero,0.728261089987225,1.0
2498,4.6000000000000005,-5.3999999999999995,4,Hero,0.8191385716199875,1.0
2499,4.4,-5.6,6,Hero,0.9964457154273987,1.0
2500,3.6000000000000005,-6.3999999999999995,14,Hero,0.7207192980817386,1.0
2501,3.8000000000000007,-6.199999999999999,12,Hero,0.7359572810431322,1.0
2502,3.9000000000000004,-6.1,11,Hero,0.7840926105325873,1.0
2503,3.5,-6.5,15,Hero,0.7120778898398081,1.0
2504,4.300000000000001,-5.699999999999999,7,Hero,0.7846254238060543,1.0
2505,3.4000000000000004,-6.6,16,Hero,0.7642320226877928,1.0
2506,4.5,-5.5,5,Hero,0.66880883872509,1.0
2507,3.9000000000000004,-6.1,11,Hero,0.7761182581836527,1.0
2508,4.5,-5.5,5,Hero,0.9401868224143982,1.0
2509,3.5,-6.5,15,Hero,0.68670747478803,1.0
2510,3.4000000000000004,-6.6,16,Hero,0.6766161248087883,1.0
2511,3.5,-6.5,15,Hero,0.9088451762994131,1.0
2512,4.6000000000000005,-5.3999999999999995,4,Hero,0.7428295128047466,1.0
2513,4.1000000000000005,-5.8999999999999995,9,Hero,0.7013241276144981,1.0
2514,3.9000000000000004,-6.1,11,Hero,0.7626208392056552,1.0
2515,3.3,-6.7,17,Hero,0.6919075198033277,1.0
2516,4.2,-5.8,8,Hero,0.9362427368760109,1.0
2517,3.7,-6.3,13,Hero,0.8124401683990772,1.0
2518,3.8000000000000007,-6.199999999999999,12,Hero,0.8133363177378973,1.0
2519,4.800000000000001,-5.199999999999999,2,Hero,0.8905797004699707,1.0
2520,3.4000000000000004,-6.6,16,Hero,0.7386489771306515,1.0
2521,4.300000000000001,-5.699999999999999,7,Hero,0.9793257713317871,1.0
2522,4.2,-5.8,8,Hero,0.7817147262394428,1.0
2523,4.4,-5.6,6,Hero,0.7950536807378134,1.0
2524,4.6000000000000005,-5.3999999999999995,4,Hero,0.9220593720674515,1.0
2525,4.6000000000000005,-5.3999999999999995,4,Hero,0.8641765266656876,1.0
2526,4.2,-5.8,8,Hero,0.8717493340373039,1.0
2527,3.9000000000000004,-6.1,11,Hero,0.8270225538448854,1.0
2528,4.4,-5.6,6,Hero,0.9077893793582916,1.0
2529,3.9000000000000004,-6.1,11,Hero,0.8438646983016621,1.0
2530,4.7,-5.3,3,Hero,0.5563782453536987,1.0
2531,4.4,-5.6,6,Hero,0.7786648124456406,1.0
2532,4.4,-5.6,6,Hero,0.9978914062182108,1.0
2533,4.0,-6.0,10,Hero,0.787041500210762,1.0
2534,3.6000000000000005,-6.3999999999999995,14,Hero,0.7779853109802518,1.0
2535,3.7,-6.3,13,Hero,0.6316166858260448,1.0
2536,4.4,-5.6,6,Hero,0.7463971475760142,1.0
2537,3.4000000000000004,-6.6,16,Hero,0.7609631782397628,1.0
2538,3.6000000000000005,-6.3999999999999995,14,Hero,0.8160181471279689,1.0
2539,4.5,-5.5,5,Hero,0.7065342426300049,1.0
2540,4.2,-5.8,8,Hero,0.694749191403389,1.0
2541,4.0,-6.0,10,Hero,0.7108721941709518,1.0
2542,4.300000000000001,-5.699999999999999,7,Hero,0.6746209476675306,1.0
2543,3.9000000000000004,-6.1,11,Hero,0.8657268211245537,1.0
2544,3.7,-6.3,13,Hero,0.8590932580140921,1.0
2545,3.9000000000000004,-6.1,11,Hero,0.6693556417118419,1.0
2546,4.0,-6.0,10,Hero,0.7435859680175781,1.0
2547,4.2,-5.8,8,Hero,0.868268147110939,1.0
2548,3.6000000000000005,-6.3999999999999995,14,Hero,0.5962368927347208,1.0
2549,4.5,-5.5,5,Hero,0.9415933728218079,1.0
2550,4.4,-5.6,6,Hero,0.8410681784152985,1.0
2551,3.8000000000000007,-6.199999999999999,12,Hero,0.8056747193137804,1.0
2552,4.6000000000000005,-5.3999999999999995,4,Hero,0.8323274999856949,1.0
2553,4.2,-5.8,8,Hero,0.90730831772089,1.0
2554,4.0,-6.0,10,Hero,0.8146515220403672,1.0
2555,3.9000000000000004,-6.1,11,Hero,0.8895699124444615,1.0
2556,3.3,-6.7,17,Hero,0.647696448599591,1.0
2557,3.5,-6.5,15,Hero,0.7713598970634242,1.0
2558,4.0,-6.0,10,Hero,0.6928657658398152,1.0
2559,4.1000000000000005,-5.8999999999999995,9,Hero,0.9731316831376817,1.0
2560,3.7,-6.3,13,Hero,0.7826996674904456,1.0
2561,3.8000000000000007,-6.199999999999999,12,Hero,0.7603577723105749,1.0
2562,4.1000000000000005,-5.8999999999999995,9,Hero,0.8689320617251926,1.0
2563,3.6000000000000005,-6.3999999999999995,14,Hero,0.7016882076859474,1.0
2564,4.4,-5.6,6,Hero,0.7087602416674296,1.0
2565,4.2,-5.8,8,Hero,0.7389132082462311,1.0
2566,4.300000000000001,-5.699999999999999,7,Hero,0.99593699829919,1.0
2567,4.6000000000000005,-5.3999999999999995,4,Hero,0.5846318155527115,1.0
2568,3.9000000000000004,-6.1,11,Hero,0.8362689045342532,1.0
2569,3.8000000000000007,-6.199999999999999,12,Hero,0.7316148852308592,1.0
2570,4.4,-5.6,6,Hero,0.8572667986154556,1.0
2571,4.4,-5.6,6,Hero,0.7057143996159235,1.0
2572,4.2,-5.8,8,Hero,0.7285893820226192,1.0
2573,4.300000000000001,-5.699999999999999,7,Hero,0.9982340250696454,1.0
2574,4.7,-5.3,3,Hero,0.8593335747718811,1.0
2575,4.1000000000000005,-5.8999999999999995,9,Hero,0.8169863290256925,1.0
2576,4.4,-5.6,6,Hero,0.8129168326656023,1.0
2577,4.300000000000001,-5.699999999999999,7,Hero,0.8318193938050952,1.0
2578,4.6000000000000005,-5.3999999999999995,4,Hero,0.9900158792734146,1.0
2579,3.3,-6.7,17,Hero,0.7309238244505489,1.0
2580,4.300000000000001,-5.699999999999999,7,Hero,0.8154712106500354,1.0
2581,3.8000000000000007,-6.199999999999999,12,Hero,0.7705054339021444,1.0
2582,4.300000000000001,-5.699999999999999,7,Hero,0.8620683167661939,1.0
2583,4.300000000000001,-5.699999999999999,7,Hero,0.9040425845554897,1.0
2584,3.9000000000000004,-6.1,11,Hero,0.7785245234316046,1.0
2585,4.5,-5.5,5,Hero,0.7128918945789338,1.0
2586,4.1000000000000005,-5.8999999999999995,9,Hero,0.9883876906500922,1.0
2587,4.2,-5.8,8,Hero,0.7824248396791518,1.0
2588,3.9000000000000004,-6.1,11,Hero,0.8013528314503756,1.0
2589,4.300000000000001,-5.699999999999999,7,Hero,0.7060886557613101,1.0
2590,4.6000000000000005,-5.3999999999999995,4,Hero,0.7907243557274342,1.0
2591,4.1000000000000005,-5.8999999999999995,9,Hero,0.7003715684016546,1.0
2592,4.300000000000001,-5.699999999999999,7,Hero,0.9527422274862017,1.0
2593,4.6000000000000005,-5.3999999999999995,4,Hero,0.765190839767456,1.0
2594,-5.3,4.7,3,Villain,0.9275634090105692,1.0
2595,3.8000000000000007,-6.199999999999999,12,Hero,0.788389153778553,1.0
2596,2.3999999999999995,-7.6000000000000005,26,Hero,0.7387364896444174,1.0
2597,3.6000000000000005,-6.3999999999999995,14,Hero,0.6707382862057004,1.0
2598,4.5,-5.5,5,Hero,0.7240875601768494,1.0
2599,4.300000000000001,-5.699999999999999,7,Hero,0.7514081405741828,1.0
2600,4.4,-5.6,6,Hero,0.5478654503822327,1.0
2601,4.2,-5.8,8,Hero,0.8380571603775024,1.0
2602,3.7,-6.3,13,Hero,0.7644381603369346,1.0
2603,4.6000000000000005,-5.3999999999999995,4,Hero,0.8563361465930939,1.0
2604,3.8000000000000007,-6.199999999999999,12,Hero,0.7508407036463419,1.0
2605,3.9000000000000004,-6.1,11,Hero,0.7387609590183605,1.0
2606,4.300000000000001,-5.699999999999999,7,Hero,0.6621096602508,1.0
2607,4.4,-5.6,6,Hero,0.784597764412562,1.0
2608,4.2,-5.8,8,Hero,0.7921743839979172,1.0
2609,-5.3,4.7,3,Villain,0.9783263206481934,1.0
2610,4.0,-6.0,10,Hero,0.8097951889038086,1.0
2611,4.9,-5.1,1,Hero,0.9304711818695068,1.0
2612,4.300000000000001,-5.699999999999999,7,Hero,0.8135794954640525,1.0
2613,4.1000000000000005,-5.8999999999999995,9,Hero,0.6883690555890402,1.0
2614,4.0,-6.0,10,Hero,0.7036170959472656,1.0
2615,3.9000000000000004,-6.1,11,Hero,0.848770412531766,1.0
2616,4.2,-5.8,8,Hero,0.6886955499649048,1.0
2617,3.8000000000000007,-6.199999999999999,12,Hero,0.7165494573613008,1.0
2618,3.7,-6.3,13,Hero,0.6739890695764468,1.0
2619,4.2,-5.8,8,Hero,0.7782122790813446,1.0
2620,4.5,-5.5,5,Hero,0.6957830905914306,1.0
2621,3.9000000000000004,-6.1,11,Hero,0.688543749126521,1.0
2622,3.4000000000000004,-6.6,16,Hero,0.7187120784074068,1.0
2623,4.6000000000000005,-5.3999999999999995,4,Hero,0.5868119448423386,1.0
2624,-5.5,4.5,5,Villain,0.8670900583267211,1.0
2625,3.5,-6.5,15,Hero,0.6832715267936389,1.0
2626,3.3,-6.7,17,Hero,0.7664084031301386,1.0
2627,3.8000000000000007,-6.199999999999999,12,Hero,0.7166374127070109,1.0
2628,3.7,-6.3,13,Hero,0.8198511623419248,1.0
2629,3.5,-6.5,15,Hero,0.8343637824058533,1.0
2630,3.9000000000000004,-6.1,11,Hero,0.675556942820549,1.0
2631,4.2,-5.8,8,Hero,0.7553966715931892,1.0
2632,4.1000000000000005,-5.8999999999999995,9,Hero,0.6358631422950162,1.0
2633,4.4,-5.6,6,Hero,0.9812496503194174,1.0
2634,4.1000000000000005,-5.8999999999999995,9,Hero,0.8536608372297552,1.0
2635,4.2,-5.8,8,Hero,0.9960351213812828,1.0
2636,4.6000000000000005,-5.3999999999999995,4,Hero,0.970553070306778,1.0
2637,3.4000000000000004,-6.6,16,Hero,0.7096690107136965,1.0
2638,4.2,-5.8,8,Hero,0.689367275685072,1.0
2639,3.5,-6.5,15,Hero,0.747621455291907,1.0
2640,4.4,-5.6,6,Hero,0.8205572540561358,1.0
2641,3.8000000000000007,-6.199999999999999,12,Hero,0.878298836449782,1.0
2642,4.6000000000000005,-5.3999999999999995,4,Hero,0.7714971676468849,1.0
2643,4.9,-5.1,1,Hero,0.9418187141418457,1.0
2644,4.1000000000000005,-5.8999999999999995,9,Hero,0.9199013842476739,1.0
2645,3.9000000000000004,-6.1,11,Hero,0.8549811460755088,1.0
2646,4.6000000000000005,-5.3999999999999995,4,Hero,0.9779265373945236,1.0
2647,4.2,-5.8,8,Hero,0.9961590096354485,1.0
2648,3.7,-6.3,13,Hero,0.8598916897406945,1.0
2649,4.1000000000000005,-5.8999999999999995,9,Hero,0.8735200034247504,1.0
2650,4.0,-6.0,10,Hero,0.8161987990140915,1.0
2651,4.2,-5.8,8,Hero,0.7115989667363465,1.0
2652,4.300000000000001,-5.699999999999999,7,Hero,0.9968339885984149,1.0
2653,4.2,-5.8,8,Hero,0.7183337733149529,1.0
2654,3.5,-6.5,15,Hero,0.7175533165534337,1.0
2655,3.3,-6.7,17,Hero,0.7054458900409586,1.0
2656,3.4000000000000004,-6.6,16,Hero,0.7267377451062202,1.0
2657,3.8000000000000007,-6.199999999999999,12,Hero,0.6974099427461624,1.0
2658,4.2,-5.8,8,Hero,0.7791744153946638,1.0
2659,4.4,-5.6,6,Hero,0.9382787148157755,1.0
2660,4.0,-6.0,10,Hero,0.6907417386770248,1.0
2661,3.9000000000000004,-6.1,11,Hero,0.6646149917082353,1.0
2662,3.4000000000000004,-6.6,16,Hero,0.767236752435565,1.0
2663,3.7,-6.3,13,Hero,0.7884269310877874,1.0
2664,4.2,-5.8,8,Hero,0.8947701510041952,1.0
2665,4.5,-5.5,5,Hero,0.7167668223381043,1.0
2666,4.5,-5.5,5,Hero,0.9255780339241028,1.0
2667,4.4,-5.6,6,Hero,0.7832812468210856,1.0
2668,4.4,-5.6,6,Hero,0.8762365877628326,1.0
2669,4.0,-6.0,10,Hero,0.6761195827275515,1.0
2670,4.7,-5.3,3,Hero,0.9100641409556071,1.0
2671,4.5,-5.5,5,Hero,0.7426196739077568,1.0
2672,4.1000000000000005,-5.8999999999999995,9,Hero,0.8657620383633507,1.0
2673,3.3,-6.7,17,Hero,0.6791049781091073,1.0
2674,4.2,-5.8,8,Hero,0.7983313128352165,1.0
2675,3.9000000000000004,-6.1,11,Hero,0.6720121231946078,1.0
2676,3.5,-6.5,15,Hero,0.7136088212331136,1.0
2677,4.0,-6.0,10,Hero,0.8776492714881897,1.0
2678,4.0,-6.0,10,Hero,0.7371510744094849,1.0
2679,4.7,-5.3,3,Hero,0.9384085138638815,1.0
2680,4.1000000000000005,-5.8999999999999995,9,Hero,0.7339785661962297,1.0
2681,3.4000000000000004,-6.6,16,Hero,0.6024493526201695,1.0
2682,4.1000000000000005,-5.8999999999999995,9,Hero,0.8854383611016803,1.0
2683,4.4,-5.6,6,Hero,0.5863531728585561,1.0
2684,3.6000000000000005,-6.3999999999999995,14,Hero,0.6155157831630537,1.0
2685,3.8000000000000007,-6.199999999999999,12,Hero,0.8111497387290001,1.0
2686,4.4,-5.6,6,Hero,0.9877720475196838,1.0
2687,4.7,-5.3,3,Hero,0.46296465396881104,1.0
2688,4.1000000000000005,-5.8999999999999995,9,Hero,0.8031015064981248,1.0
2689,4.1000000000000005,-5.8999999999999995,9,Hero,0.6770532859696282,1.0
2690,4.300000000000001,-5.699999999999999,7,Hero,0.9055790305137634,1.0
2691,4.0,-6.0,10,Hero,0.9106082737445831,1.0
2692,4.300000000000001,-5.699999999999999,7,Hero,0.9917961444173541,1.0
2693,3.9000000000000004,-6.1,11,Hero,0.7747125219215046,1.0
2694,4.2,-5.8,8,Hero,0.911001481115818,1.0
2695,4.2,-5.8,8,Hero,0.7147640297189355,1.0
2696,4.7,-5.3,3,Hero,0.6644390970468521,1.0
2697,3.8000000000000007,-6.199999999999999,12,Hero,0.7555408601959547,1.0
2698,3.4000000000000004,-6.6,16,Hero,0.7479047439992428,1.0
2699,4.0,-6.0,10,Hero,0.6762061238288879,1.0
2700,3.7,-6.3,13,Hero,0.8321168995820559,1.0
2701,4.1000000000000005,-5.8999999999999995,9,Hero,0.6525803837511275,1.0
2702,4.1000000000000005,-5.8999999999999995,9,Hero,0.8478724824057685,1.0
2703,4.300000000000001,-5.699999999999999,7,Hero,0.7677469679287502,1.0
2704,3.9000000000000004,-6.1,11,Hero,0.797175567258488,1.0
2705,3.4000000000000004,-6.6,16,Hero,0.6907969466410577,1.0
2706,4.300000000000001,-5.699999999999999,7,Hero,0.9641032133783612,1.0
2707,3.4000000000000004,-6.6,16,Hero,0.8478983696550131,1.0
2708,4.300000000000001,-5.699999999999999,7,Hero,0.6674534891332898,1.0
2709,3.7,-6.3,13,Hero,0.7387126059486315,1.0
2710,4.6000000000000005,-5.3999999999999995,4,Hero,0.734889030456543,1.0
2711,4.0,-6.0,10,Hero,0.8105804115533829,1.0
2712,3.7,-6.3,13,Hero,0.7204304131177756,1.0
2713,4.6000000000000005,-5.3999999999999995,4,Hero,0.8442947119474411,1.0
2714,4.1000000000000005,-5.8999999999999995,9,Hero,0.784189404712783,1.0
2715,4.300000000000001,-5.699999999999999,7,Hero,0.6650067503963198,1.0
2716,3.5,-6.5,15,Hero,0.7815537710984548,1.0
2717,4.1000000000000005,-5.8999999999999995,9,Hero,0.8823389212290446,1.0
2718,3.5,-6.5,15,Hero,0.6797747492790223,1.0
2719,3.3,-6.7,17,Hero,0.7701319911900688,1.0
2720,4.300000000000001,-5.699999999999999,7,Hero,0.9758686082703727,1.0
2721,4.2,-5.8,8,Hero,0.6794440522789955,1.0
2722,3.7,-6.3,13,Hero,0.810527890920639,1.0
2723,4.4,-5.6,6,Hero,0.9160640835762024,1.0
2724,3.9000000000000004,-6.1,11,Hero,0.7505731934850867,1.0
2725,3.9000000000000004,-6.1,11,Hero,0.8431335091590881,1.0
2726,4.2,-5.8,8,Hero,0.9700051695108414,1.0
2727,4.6000000000000005,-5.3999999999999995,4,Hero,0.7806937880814075,1.0
2728,-5.199999999999999,4.800000000000001,2,Villain,0.4258514493703842,1.0
2729,3.7,-6.3,13,Hero,0.6282579480455472,1.0
2730,3.5,-6.5,15,Hero,0.731912832458814,1.0
2731,4.5,-5.5,5,Hero,0.7205137789249421,1.0
2732,4.6000000000000005,-5.3999999999999995,4,Hero,0.9514365941286087,1.0
2733,3.6000000000000005,-6.3999999999999995,14,Hero,0.7473002948931285,1.0
2734,3.3,-6.7,17,Hero,0.8324851411230424,1.0
2735,3.8000000000000007,-6.199999999999999,12,Hero,0.6644743333260218,1.0
2736,3.6000000000000005,-6.3999999999999995,14,Hero,0.8905730311359678,1.0
2737,1.899999999999999,-8.100000000000001,31,Hero,0.6519524407002234,1.0
2738,3.6000000000000005,-6.3999999999999995,14,Hero,0.6924165167978832,1.0
2739,4.6000000000000005,-5.3999999999999995,4,Hero,0.593508729711175,1.0
2740,4.300000000000001,-5.699999999999999,7,Hero,0.9973018850599017,1.0
2741,3.3,-6.7,17,Hero,0.7430480887346408,1.0
2742,3.3,-6.7,17,Hero,0.8606651793507969,1.0
2743,4.2,-5.8,8,Hero,0.6932486034929752,1.0
2744,4.1000000000000005,-5.8999999999999995,9,Hero,0.715901063548194,1.0
2745,3.7,-6.3,13,Hero,0.902957402742826,1.0
2746,4.4,-5.6,6,Hero,0.7933457891146342,1.0
2747,4.2,-5.8,8,Hero,0.9410633221268654,1.0
2748,3.8000000000000007,-6.199999999999999,12,Hero,0.7331636634965738,1.0
2749,4.6000000000000005,-5.3999999999999995,4,Hero,0.554143488407135,1.0
2750,4.1000000000000005,-5.8999999999999995,9,Hero,0.8680614762836032,1.0
2751,3.7,-6.3,13,Hero,0.6835974735709337,1.0
2752,3.4000000000000004,-6.6,16,Hero,0.8176280297338963,1.0
2753,3.3,-6.7,17,Hero,0.6821326140095206,1.0
2754,4.300000000000001,-5.699999999999999,7,Hero,0.9923612645694188,1.0
2755,4.4,-5.6,6,Hero,0.7142087382574877,1.0
2756,4.7,-5.3,3,Hero,0.7415964404741923,1.0
2757,4.300000000000001,-5.699999999999999,7,Hero,0.679669086422239,1.0
2758,3.9000000000000004,-6.1,11,Hero,0.8823684643615376,1.0
2759,4.0,-6.0,10,Hero,0.8552924826741218,1.0
2760,-5.3,4.7,3,Villain,0.7205596764882406,1.0
2761,4.1000000000000005,-5.8999999999999995,9,Hero,0.7546627496679624,1.0
2762,3.5,-6.5,15,Hero,0.6513667503992716,1.0
2763,4.1000000000000005,-5.8999999999999995,9,Hero,0.8043880913820531,1.0
2764,3.6000000000000005,-6.3999999999999995,14,Hero,0.6676830840962273,1.0
2765,-5.3,4.7,3,Villain,0.9827573895454407,1.0
2766,3.9000000000000004,-6.1,11,Hero,0.6823444325815547,1.0
2767,4.5,-5.5,5,Hero,0.9533668518066406,1.0
2768,4.9,-5.1,1,Hero,0.7645437717437744,1.0
2769,4.300000000000001,-5.699999999999999,7,Hero,0.8485658551965441,1.0
2770,4.2,-5.8,8,Hero,0.8261407185345888,1.0
2771,4.2,-5.8,8,Hero,0.8040388897061348,1.0
2772,3.7,-6.3,13,Hero,0.6911556434172851,1.0
2773,3.9000000000000004,-6.1,11,Hero,0.8865234689279036,1.0
2774,3.4000000000000004,-6.6,16,Hero,0.7977864108979702,1.0
2775,3.9000000000000004,-6.1,11,Hero,0.8465146720409393,1.0
2776,4.1000000000000005,-5.8999999999999995,9,Hero,0.7724304695924123,1.0
2777,4.6000000000000005,-5.3999999999999995,4,Hero,0.9946588575839996,1.0
2778,4.2,-5.8,8,Hero,0.8712838236242533,1.0
2779,4.1000000000000005,-5.8999999999999995,9,Hero,0.9451092680295309,1.0
2780,3.3,-6.7,17,Hero,0.8948048808995415,1.0
2781,4.2,-5.8,8,Hero,0.717426959425211,1.0
2782,4.0,-6.0,10,Hero,0.9386015117168427,1.0
2783,4.5,-5.5,5,Hero,0.9969483256340027,1.0
2784,4.5,-5.5,5,Hero,0.9962011694908142,1.0
2785,3.6000000000000005,-6.3999999999999995,14,Hero,0.7221767572419984,1.0
2786,3.5,-6.5,15,Hero,0.588215775291125,1.0
2787,4.7,-5.3,3,Hero,0.9947600960731506,1.0
2788,4.5,-5.5,5,Hero,0.743215823173523,1.0
2789,4.2,-5.8,8,Hero,0.9984063655138016,1.0
2790,4.5,-5.5,5,Hero,0.9952672004699707,1.0
2791,3.7,-6.3,13,Hero,0.8370303786717929,1.0
2792,3.7,-6.3,13,Hero,0.7034776852681086,1.0
2793,4.2,-5.8,8,Hero,0.945623591542244,1.0
2794,4.4,-5.6,6,Hero,0.8113533109426498,1.0
2795,3.8000000000000007,-6.199999999999999,12,Hero,0.7970367434124151,1.0
2796,4.6000000000000005,-5.3999999999999995,4,Hero,0.9975872933864594,1.0
2797,3.5,-6.5,15,Hero,0.7139922057588896,1.0
2798,3.6000000000000005,-6.3999999999999995,14,Hero,0.7047912840332303,1.0
2799,4.7,-5.3,3,Hero,0.6851837436358134,1.0
2800,3.7,-6.3,13,Hero,0.7037579646477332,1.0
2801,3.3,-6.7,17,Hero,0.6554909322191688,1.0
2802,3.4000000000000004,-6.6,16,Hero,0.7008613143116236,1.0
2803,4.1000000000000005,-5.8999999999999995,9,Hero,0.6934250641821159,1.0
2804,3.7,-6.3,13,Hero,0.8381624771998479,1.0
2805,4.1000000000000005,-5.8999999999999995,9,Hero,0.9849764241112603,1.0
2806,4.4,-5.6,6,Hero,0.989054799079895,1.0
2807,4.0,-6.0,10,Hero,0.6884475320577621,1.0
2808,4.5,-5.5,5,Hero,0.8701362371444702,1.0
2809,4.2,-5.8,8,Hero,0.7965057902038097,1.0
2810,4.300000000000001,-5.699999999999999,7,Hero,0.834750269140516,1.0
2811,4.4,-5.6,6,Hero,0.7423147323230902,1.0
2812,4.1000000000000005,-5.8999999999999995,9,Hero,0.9858129885461595,1.0
2813,3.6000000000000005,-6.3999999999999995,14,Hero,0.7518407106399536,1.0
2814,3.9000000000000004,-6.1,11,Hero,0.8703822669657794,1.0
2815,3.4000000000000004,-6.6,16,Hero,0.670423069037497,1.0
2816,4.1000000000000005,-5.8999999999999995,9,Hero,0.7161582708358765,1.0
2817,3.9000000000000004,-6.1,11,Hero,0.6908149448308077,1.0
2818,4.1000000000000005,-5.8999999999999995,9,Hero,0.7015855444802178,1.0
2819,4.1000000000000005,-5.8999999999999995,9,Hero,0.6787259843614366,1.0
2820,4.300000000000001,-5.699999999999999,7,Hero,0.6738377458282879,1.0
2821,3.6000000000000005,-6.3999999999999995,14,Hero,0.7531088356460843,1.0
2822,4.9,-5.1,1,Hero,0.9173065423965454,1.0
2823,3.9000000000000004,-6.1,11,Hero,0.9180631502108141,1.0
2824,3.8000000000000007,-6.199999999999999,12,Hero,0.8520596915235122,1.0
2825,4.1000000000000005,-5.8999999999999995,9,Hero,0.8763240906927321,1.0
2826,4.300000000000001,-5.699999999999999,7,Hero,0.8141681807381767,1.0
2827,3.4000000000000004,-6.6,16,Hero,0.8601336404681206,1.0
2828,3.8000000000000007,-6.199999999999999,12,Hero,0.629848999902606,1.0
2829,4.300000000000001,-5.699999999999999,7,Hero,0.905572669846671,1.0
2830,4.800000000000001,-5.199999999999999,2,Hero,0.5039598494768143,1.0
2831,4.300000000000001,-5.699999999999999,7,Hero,0.6715759464672634,1.0
2832,4.0,-6.0,10,Hero,0.8399844974279403,1.0
2833,4.7,-5.3,3,Hero,0.9710461894671122,1.0
2834,4.1000000000000005,-5.8999999999999995,9,Hero,0.8075211958752738,1.0
2835,4.7,-5.3,3,Hero,0.756053646405538,1.0
2836,3.7,-6.3,13,Hero,0.7423057452990458,1.0
2837,3.4000000000000004,-6.6,16,Hero,0.696542386431247,1.0
2838,3.6000000000000005,-6.3999999999999995,14,Hero,0.8071195911616087,1.0
2839,4.800000000000001,-5.199999999999999,2,Hero,0.8139606416225433,1.0
2840,4.800000000000001,-5.199999999999999,2,Hero,0.654885470867157,1.0
2841,3.6000000000000005,-6.3999999999999995,14,Hero,0.6536709070205688,1.0
2842,3.6000000000000005,-6.3999999999999995,14,Hero,0.7888495198317936,1.0
2843,3.3,-6.7,17,Hero,0.7825812381856582,1.0
2844,4.0,-6.0,10,Hero,0.7687469601631165,1.0
2845,4.2,-5.8,8,Hero,0.7931444360874593,1.0
2846,4.1000000000000005,-5.8999999999999995,9,Hero,0.8939807812372843,1.0
2847,4.6000000000000005,-5.3999999999999995,4,Hero,0.9183002859354019,1.0
2848,4.800000000000001,-5.199999999999999,2,Hero,0.6907076239585876,1.0
2849,3.6000000000000005,-6.3999999999999995,14,Hero,0.7863069666283471,1.0
2850,4.800000000000001,-5.199999999999999,2,Hero,0.8832567930221558,1.0
2851,3.9000000000000004,-6.1,11,Hero,0.8095143816687844,1.0
2852,3.8000000000000007,-6.199999999999999,12,Hero,0.9310924087961515,1.0
2853,4.2,-5.8,8,Hero,0.9913213476538658,1.0
2854,4.5,-5.5,5,Hero,0.732795774936676,1.0
2855,4.2,-5.8,8,Hero,0.8010066589340568,1.0
2856,3.8000000000000007,-6.199999999999999,12,Hero,0.8135716753701369,1.0
2857,4.5,-5.5,5,Hero,0.9492786169052124,1.0
2858,4.2,-5.8,8,Hero,0.7505983589217067,1.0
2859,4.0,-6.0,10,Hero,0.9181126356124878,1.0
2860,4.6000000000000005,-5.3999999999999995,4,Hero,0.6297608464956284,1.0
2861,3.8000000000000007,-6.199999999999999,12,Hero,0.9267224421103796,1.0
2862,4.2,-5.8,8,Hero,0.7129709227010608,1.0
2863,4.0,-6.0,10,Hero,0.8961666613817215,1.0
2864,4.1000000000000005,-5.8999999999999995,9,Hero,0.6900002641810311,1.0
2865,4.2,-5.8,8,Hero,0.7588521232828498,1.0
2866,4.2,-5.8,8,Hero,0.7780219465494156,1.0
2867,3.8000000000000007,-6.199999999999999,12,Hero,0.7580679133534431,1.0
2868,4.1000000000000005,-5.8999999999999995,9,Hero,0.9297345578670502,1.0
2869,3.9000000000000004,-6.1,11,Hero,0.9076587503606622,1.0
2870,4.5,-5.5,5,Hero,0.9603694677352905,1.0
2871,4.5,-5.5,5,Hero,0.9599455833435059,1.0
2872,3.6000000000000005,-6.3999999999999995,14,Hero,0.7842240977832782,1.0
2873,4.300000000000001,-5.699999999999999,7,Hero,0.74121912249497,1.0
2874,4.300000000000001,-5.699999999999999,7,Hero,0.896511150257928,1.0
2875,4.9,-5.1,1,Hero,0.8312490582466125,1.0
2876,4.4,-5.6,6,Hero,0.7372135867675146,1.0
2877,4.2,-5.8,8,Hero,0.8512832522392273,1.0
2878,3.6000000000000005,-6.3999999999999995,14,Hero,0.7351886544908796,1.0
2879,3.4000000000000004,-6.6,16,Hero,0.7079680962488055,1.0
2880,3.9000000000000004,-6.1,11,Hero,0.6794836019927805,1.0
2881,4.5,-5.5,5,Hero,0.9823672652244568,1.0
2882,3.6000000000000005,-6.3999999999999995,14,Hero,0.6784596900854792,1.0
2883,4.6000000000000005,-5.3999999999999995,4,Hero,0.9691875725984573,1.0
2884,3.8000000000000007,-6.199999999999999,12,Hero,0.7850366464505593,1.0
2885,4.6000000000000005,-5.3999999999999995,4,Hero,0.7681824117898941,1.0
2886,4.1000000000000005,-5.8999999999999995,9,Hero,0.8170679316649007,1.0
2887,3.5,-6.5,15,Hero,0.7351021220286688,1.0
2888,3.5,-6.5,15,Hero,0.8855614980061849,1.0
2889,3.9000000000000004,-6.1,11,Hero,0.7535856650634245,1.0
2890,4.9,-5.1,1,Hero,0.7554155588150024,1.0
2891,4.0,-6.0,10,Hero,0.7967470556497573,1.0
2892,3.9000000000000004,-6.1,11,Hero,0.7533057792620226,1.0
2893,3.7,-6.3,13,Hero,0.7537726759910583,1.0
2894,4.2,-5.8,8,Hero,0.7344654854387045,1.0
2895,3.8000000000000007,-6.199999999999999,12,Hero,0.9400155246257782,1.0
2896,3.5,-6.5,15,Hero,0.6720181681215763,1.0
2897,3.6000000000000005,-6.3999999999999995,14,Hero,0.7578163530145373,1.0
2898,4.6000000000000005,-5.3999999999999995,4,Hero,0.9738829433917999,1.0
2899,4.6000000000000005,-5.3999999999999995,4,Hero,0.9442441016435623,1.0
2900,3.9000000000000004,-6.1,11,Hero,0.754021471196955,1.0
2901,3.7,-6.3,13,Hero,0.8683668489639575,1.0
2902,3.6000000000000005,-6.3999999999999995,14,Hero,0.9323556785072599,1.0
2903,4.1000000000000005,-5.8999999999999995,9,Hero,0.9953476389249166,1.0
2904,4.0,-6.0,10,Hero,0.9352508127689362,1.0
2905,4.1000000000000005,-5.8999999999999995,9,Hero,0.8783337208959792,1.0
2906,4.6000000000000005,-5.3999999999999995,4,Hero,0.7606239318847656,1.0
2907,3.8000000000000007,-6.199999999999999,12,Hero,0.8968086838722229,1.0
2908,4.6000000000000005,-5.3999999999999995,4,Hero,0.5645786225795746,1.0
2909,4.0,-6.0,10,Hero,0.6854028880596161,1.0
2910,4.4,-5.6,6,Hero,0.7197538018226624,1.0
2911,3.2,-6.8,18,Hero,0.7585741347736783,1.0
2912,3.9000000000000004,-6.1,11,Hero,0.7383353087035093,1.0
2913,4.300000000000001,-5.699999999999999,7,Hero,0.8567266591957637,1.0
2914,3.9000000000000004,-6.1,11,Hero,0.9209591475400057,1.0
2915,4.800000000000001,-5.199999999999999,2,Hero,0.9552643597126007,1.0
2916,4.0,-6.0,10,Hero,0.9110129952430726,1.0
2917,4.6000000000000005,-5.3999999999999995,4,Hero,0.4591740742325783,1.0
2918,4.5,-5.5,5,Hero,0.7881985127925872,1.0
2919,4.5,-5.5,5,Hero,0.7553395390510559,1.0
2920,4.300000000000001,-5.699999999999999,7,Hero,0.9316710489136832,1.0
2921,3.6000000000000005,-6.3999999999999995,14,Hero,0.7450648333345141,1.0
2922,4.1000000000000005,-5.8999999999999995,9,Hero,0.980274048116472,1.0
2923,4.300000000000001,-5.699999999999999,7,Hero,0.9066279189927238,1.0
2924,3.9000000000000004,-6.1,11,Hero,0.8947004973888397,1.0
2925,4.0,-6.0,10,Hero,0.8923986554145813,1.0
2926,4.0,-6.0,10,Hero,0.7601713299751282,1.0
2927,3.9000000000000004,-6.1,11,Hero,0.8114636594598944,1.0
2928,3.5,-6.5,15,Hero,0.7311884621779124,1.0
2929,4.4,-5.6,6,Hero,0.7604095737139384,1.0
2930,4.1000000000000005,-5.8999999999999995,9,Hero,0.943207151359982,1.0
2931,3.8000000000000007,-6.199999999999999,12,Hero,0.7368050773317615,1.0
2932,4.0,-6.0,10,Hero,0.8730658426880836,1.0
2933,4.1000000000000005,-5.8999999999999995,9,Hero,0.9959566394488016,1.0
2934,4.300000000000001,-5.699999999999999,7,Hero,0.7396129412310464,1.0
2935,3.6000000000000005,-6.3999999999999995,14,Hero,0.850751209471907,1.0
2936,4.9,-5.1,1,Hero,0.6631968021392822,1.0
2937,4.1000000000000005,-5.8999999999999995,9,Hero,0.6837609675195482,1.0
2938,4.5,-5.5,5,Hero,0.9151235580444336,1.0
2939,4.4,-5.6,6,Hero,0.6562668631474177,1.0
2940,4.2,-5.8,8,Hero,0.9195143654942513,1.0
2941,4.0,-6.0,10,Hero,0.89107426404953,1.0
2942,4.4,-5.6,6,Hero,0.9940731624762217,1.0
2943,-5.1,4.9,1,Villain,0.8626019358634949,1.0
2944,4.9,-5.1,1,Hero,0.6942774653434753,1.0
2945,3.6000000000000005,-6.3999999999999995,14,Hero,0.7357138852987971,1.0
2946,4.800000000000001,-5.199999999999999,2,Hero,0.9991497099399567,1.0
2947,4.9,-5.1,1,Hero,0.9380576014518738,1.0
2948,4.6000000000000005,-5.3999999999999995,4,Hero,0.5397643633186817,1.0
2949,3.9000000000000004,-6.1,11,Hero,0.8370642526583238,1.0
2950,4.2,-5.8,8,Hero,0.6365468739531934,1.0
2951,4.2,-5.8,8,Hero,0.608498577028513,1.0
2952,3.5,-6.5,15,Hero,0.8340397660620511,1.0
2953,3.6000000000000005,-6.3999999999999995,14,Hero,0.7607034721544811,1.0
2954,4.300000000000001,-5.699999999999999,7,Hero,0.9973885842732021,1.0
2955,3.9000000000000004,-6.1,11,Hero,0.754329960454594,1.0
2956,3.4000000000000004,-6.6,16,Hero,0.6829971028491855,1.0
2957,3.5,-6.5,15,Hero,0.8115653753280639,1.0
2958,4.5,-5.5,5,Hero,0.5429654717445374,1.0
2959,4.300000000000001,-5.699999999999999,7,Hero,0.6577715235097068,1.0
2960,3.5,-6.5,15,Hero,0.6934267024199168,1.0
2961,4.0,-6.0,10,Hero,0.8631786227226257,1.0
2962,3.6000000000000005,-6.3999999999999995,14,Hero,0.7191973722406796,1.0
2963,4.300000000000001,-5.699999999999999,7,Hero,0.6980846769043377,1.0
2964,3.5,-6.5,15,Hero,0.917297613620758,1.0
2965,3.6000000000000005,-6.3999999999999995,14,Hero,0.634911797940731,1.0
2966,3.8000000000000007,-6.199999999999999,12,Hero,0.7250083740800619,1.0
2967,4.6000000000000005,-5.3999999999999995,4,Hero,0.6913649141788483,1.0
2968,3.9000000000000004,-6.1,11,Hero,0.6902272538705305,1.0
2969,4.300000000000001,-5.699999999999999,7,Hero,0.718129460300718,1.0
2970,4.6000000000000005,-5.3999999999999995,4,Hero,0.6990179941058159,1.0
2971,4.2,-5.8,8,Hero,0.7108275443315506,1.0
2972,4.300000000000001,-5.699999999999999,7,Hero,0.7473534154040473,1.0
2973,4.4,-5.6,6,Hero,0.9000804225603739,1.0
2974,3.7,-6.3,13,Hero,0.8604828921648172,1.0
2975,3.5,-6.5,15,Hero,0.690460189183553,1.0
2976,4.2,-5.8,8,Hero,0.6373702334240079,1.0
2977,3.5,-6.5,15,Hero,0.8426502525806427,1.0
2978,3.8000000000000007,-6.199999999999999,12,Hero,0.809382346769174,1.0
2979,4.7,-5.3,3,Hero,0.9603455861409506,1.0
2980,4.800000000000001,-5.199999999999999,2,Hero,0.9503434300422668,1.0
2981,4.4,-5.6,6,Hero,0.8166938722133636,1.0
2982,3.7,-6.3,13,Hero,0.7997730425917186,1.0
2983,3.9000000000000004,-6.1,11,Hero,0.696077552031387,1.0
2984,4.2,-5.8,8,Hero,0.7412274852395058,1.0
2985,4.0,-6.0,10,Hero,0.8987951502203941,1.0
2986,4.6000000000000005,-5.3999999999999995,4,Hero,0.7527802661061287,1.0
2987,4.0,-6.0,10,Hero,0.8856571912765503,1.0
2988,4.300000000000001,-5.699999999999999,7,Hero,0.5443562567234039,1.0
2989,3.8000000000000007,-6.199999999999999,12,Hero,0.932811920841535,1.0
2990,3.9000000000000004,-6.1,11,Hero,0.9492105679078535,1.0
2991,3.7,-6.3,13,Hero,0.6708524605402579,1.0
2992,4.1000000000000005,-5.8999999999999995,9,Hero,0.7101643027530776,1.0
2993,4.1000000000000005,-5.8999999999999995,9,Hero,0.8191565424203873,1.0
2994,3.8000000000000007,-6.199999999999999,12,Hero,0.670413613319397,1.0
2995,4.1000000000000005,-5.8999999999999995,9,Hero,0.9079167180591159,1.0
2996,3.7,-6.3,13,Hero,0.6752198132184836,1.0
2997,4.2,-5.8,8,Hero,0.8441941370256245,1.0
2998,4.6000000000000005,-5.3999999999999995,4,Hero,0.6695217117667198,1.0
2999,-5.5,4.5,5,Villain,0.94834064245224,1.0
3000,4.300000000000001,-5.699999999999999,7,Hero,0.8757488897868565,1.0
